# MagicaVoxel @ Ephtracy

# group
o 

# material
mtllib Core-1.mtl
usemtl palette

# normals
vn -1 0 0
vn 1 0 0
vn 0 0 1
vn 0 0 -1
vn 0 -1 0
vn 0 1 0

# texcoords
vt 0.966797 0.5
vt 0.970703 0.5
vt 0.974609 0.5
vt 0.978516 0.5
vt 0.982422 0.5
vt 0.986328 0.5

# verts
v -5.5 0 0.5
v -5.5 0 -0.5
v -5.5 0.2 0.5
v -5.5 0.2 0.4
v -5.5 0.2 -0.4
v -5.5 0.2 -0.5
v -5.5 0.3 0.4
v -5.5 0.3 -0.4
v -5.4 0.2 0.5
v -5.4 0.2 0.4
v -5.4 0.2 -0.4
v -5.4 0.2 -0.5
v -5.4 0.3 0.4
v -5.4 0.3 -0.4
v -5.4 0.5 0.5
v -5.4 0.5 0.4
v -5.4 0.5 -0.4
v -5.4 0.5 -0.5
v -5.4 0.6 0.4
v -5.4 0.6 -0.4
v -5.3 0.6 0.4
v -5.3 0.6 -0.4
v -5.3 0.8 0.4
v -5.3 0.8 0.3
v -5.3 0.8 -0.3
v -5.3 0.8 -0.4
v -5.3 0.9 0.3
v -5.3 0.9 -0.3
v -5.2 0.5 0.5
v -5.2 0.5 0.4
v -5.2 0.5 -0.4
v -5.2 0.5 -0.5
v -5.2 0.7 0.5
v -5.2 0.7 0.4
v -5.2 0.7 -0.4
v -5.2 0.7 -0.5
v -5.2 0.8 0.4
v -5.2 0.8 0.3
v -5.2 0.8 -0.3
v -5.2 0.8 -0.4
v -5.2 0.9 0.3
v -5.2 0.9 -0.3
v -5.2 1 0.4
v -5.2 1 0.3
v -5.2 1 -0.3
v -5.2 1 -0.4
v -5.2 1.1 0.3
v -5.2 1.1 -0.3
v -5.1 0.7 0.5
v -5.1 0.7 0.4
v -5.1 0.7 -0.4
v -5.1 0.7 -0.5
v -5.1 0.9 0.5
v -5.1 0.9 0.4
v -5.1 0.9 -0.4
v -5.1 0.9 -0.5
v -5.1 1 0.4
v -5.1 1 0.3
v -5.1 1 -0.3
v -5.1 1 -0.4
v -5.1 1.1 0.3
v -5.1 1.1 -0.3
v -5.1 1.2 0.4
v -5.1 1.2 0.3
v -5.1 1.2 -0.3
v -5.1 1.2 -0.4
v -5.1 1.3 0.3
v -5.1 1.3 0.2
v -5.1 1.3 -0.2
v -5.1 1.3 -0.3
v -5.1 1.4 0.2
v -5.1 1.4 -0.2
v -5 0 0.8
v -5 0 0.5
v -5 0 -0.5
v -5 0 -0.8
v -5 0.2 0.8
v -5 0.2 0.5
v -5 0.2 -0.5
v -5 0.2 -0.8
v -5 0.9 0.8
v -5 0.9 0.5
v -5 0.9 0.4
v -5 0.9 -0.4
v -5 0.9 -0.5
v -5 0.9 -0.8
v -5 1.1 0.8
v -5 1.1 0.4
v -5 1.1 -0.4
v -5 1.1 -0.8
v -5 1.2 0.4
v -5 1.2 0.3
v -5 1.2 -0.3
v -5 1.2 -0.4
v -5 1.3 0.4
v -5 1.3 0.3
v -5 1.3 0.2
v -5 1.3 -0.2
v -5 1.3 -0.3
v -5 1.3 -0.4
v -5 1.4 0.2
v -5 1.4 -0.2
v -5 1.6 0.3
v -5 1.6 0.2
v -5 1.6 -0.2
v -5 1.6 -0.3
v -5 1.7 0.2
v -5 1.7 -0.2
v -4.9 0 1.3
v -4.9 0 0.8
v -4.9 0 -0.8
v -4.9 0 -1.3
v -4.9 0.2 1.3
v -4.9 0.2 0.8
v -4.9 0.2 0.7
v -4.9 0.2 0.4
v -4.9 0.2 -0.4
v -4.9 0.2 -0.7
v -4.9 0.2 -0.8
v -4.9 0.2 -1.3
v -4.9 0.4 0.7
v -4.9 0.4 0.4
v -4.9 0.4 -0.4
v -4.9 0.4 -0.7
v -4.9 0.7 0.7
v -4.9 0.7 0.4
v -4.9 0.7 -0.4
v -4.9 0.7 -0.7
v -4.9 0.9 1.3
v -4.9 0.9 0.8
v -4.9 0.9 0.7
v -4.9 0.9 0.4
v -4.9 0.9 -0.4
v -4.9 0.9 -0.7
v -4.9 0.9 -0.8
v -4.9 0.9 -1.3
v -4.9 1.1 1.3
v -4.9 1.1 0.8
v -4.9 1.1 -0.8
v -4.9 1.1 -1.3
v -4.9 1.3 0.4
v -4.9 1.3 0.3
v -4.9 1.3 -0.3
v -4.9 1.3 -0.4
v -4.9 1.6 0.4
v -4.9 1.6 0.3
v -4.9 1.6 0.2
v -4.9 1.6 -0.2
v -4.9 1.6 -0.3
v -4.9 1.6 -0.4
v -4.9 1.7 0.2
v -4.9 1.7 -0.2
v -4.9 1.9 0.3
v -4.9 1.9 0.2
v -4.9 1.9 -0.2
v -4.9 1.9 -0.3
v -4.9 2 0.2
v -4.9 2 -0.2
v -4.8 0 1.6
v -4.8 0 1.3
v -4.8 0 -1.3
v -4.8 0 -1.6
v -4.8 0.2 1.6
v -4.8 0.2 1.3
v -4.8 0.2 1.2
v -4.8 0.2 0.7
v -4.8 0.2 -0.7
v -4.8 0.2 -1.2
v -4.8 0.2 -1.3
v -4.8 0.2 -1.6
v -4.8 0.4 1.2
v -4.8 0.4 0.7
v -4.8 0.4 -0.7
v -4.8 0.4 -1.2
v -4.8 0.7 1.2
v -4.8 0.7 0.7
v -4.8 0.7 -0.7
v -4.8 0.7 -1.2
v -4.8 0.9 1.6
v -4.8 0.9 1.3
v -4.8 0.9 1.2
v -4.8 0.9 0.7
v -4.8 0.9 -0.7
v -4.8 0.9 -1.2
v -4.8 0.9 -1.3
v -4.8 0.9 -1.6
v -4.8 1.1 1.6
v -4.8 1.1 1.3
v -4.8 1.1 -1.3
v -4.8 1.1 -1.6
v -4.8 1.6 0.4
v -4.8 1.6 0.3
v -4.8 1.6 -0.3
v -4.8 1.6 -0.4
v -4.8 1.8 0.4
v -4.8 1.8 0.3
v -4.8 1.8 -0.3
v -4.8 1.8 -0.4
v -4.8 1.9 0.3
v -4.8 1.9 0.2
v -4.8 1.9 -0.2
v -4.8 1.9 -0.3
v -4.8 2 0.2
v -4.8 2 -0.2
v -4.8 2.2 0.3
v -4.8 2.2 0.2
v -4.8 2.2 -0.2
v -4.8 2.2 -0.3
v -4.8 2.3 0.2
v -4.8 2.3 -0.2
v -4.7 0 1.9
v -4.7 0 1.6
v -4.7 0 -1.6
v -4.7 0 -1.9
v -4.7 0.2 1.9
v -4.7 0.2 1.6
v -4.7 0.2 1.2
v -4.7 0.2 -1.2
v -4.7 0.2 -1.6
v -4.7 0.2 -1.9
v -4.7 0.4 1.6
v -4.7 0.4 1.2
v -4.7 0.4 -1.2
v -4.7 0.4 -1.6
v -4.7 0.7 1.6
v -4.7 0.7 1.2
v -4.7 0.7 -1.2
v -4.7 0.7 -1.6
v -4.7 0.9 1.9
v -4.7 0.9 1.6
v -4.7 0.9 1.2
v -4.7 0.9 -1.2
v -4.7 0.9 -1.6
v -4.7 0.9 -1.9
v -4.7 1.1 1.9
v -4.7 1.1 1.6
v -4.7 1.1 -1.6
v -4.7 1.1 -1.9
v -4.7 1.8 0.4
v -4.7 1.8 0.3
v -4.7 1.8 -0.3
v -4.7 1.8 -0.4
v -4.7 1.9 0.4
v -4.7 1.9 0.3
v -4.7 1.9 -0.3
v -4.7 1.9 -0.4
v -4.7 2.2 0.3
v -4.7 2.2 0.2
v -4.7 2.2 -0.2
v -4.7 2.2 -0.3
v -4.7 2.3 0.3
v -4.7 2.3 0.2
v -4.7 2.3 -0.2
v -4.7 2.3 -0.3
v -4.6 0 2.1
v -4.6 0 1.9
v -4.6 0 -1.9
v -4.6 0 -2.1
v -4.6 0.2 2.1
v -4.6 0.2 1.9
v -4.6 0.2 1.6
v -4.6 0.2 -1.6
v -4.6 0.2 -1.9
v -4.6 0.2 -2.1
v -4.6 0.4 1.9
v -4.6 0.4 1.6
v -4.6 0.4 -1.6
v -4.6 0.4 -1.9
v -4.6 0.7 1.9
v -4.6 0.7 1.6
v -4.6 0.7 -1.6
v -4.6 0.7 -1.9
v -4.6 0.9 2.1
v -4.6 0.9 1.9
v -4.6 0.9 1.6
v -4.6 0.9 -1.6
v -4.6 0.9 -1.9
v -4.6 0.9 -2.1
v -4.6 1.1 2.1
v -4.6 1.1 1.9
v -4.6 1.1 -1.9
v -4.6 1.1 -2.1
v -4.5 0 2.3
v -4.5 0 2.1
v -4.5 0 -2.1
v -4.5 0 -2.3
v -4.5 0.2 2.3
v -4.5 0.2 2.1
v -4.5 0.2 1.9
v -4.5 0.2 -1.9
v -4.5 0.2 -2.1
v -4.5 0.2 -2.3
v -4.5 0.4 2.1
v -4.5 0.4 1.9
v -4.5 0.4 -1.9
v -4.5 0.4 -2.1
v -4.5 0.7 2.1
v -4.5 0.7 1.9
v -4.5 0.7 -1.9
v -4.5 0.7 -2.1
v -4.5 0.9 2.3
v -4.5 0.9 2.1
v -4.5 0.9 1.9
v -4.5 0.9 -1.9
v -4.5 0.9 -2.1
v -4.5 0.9 -2.3
v -4.5 1.1 2.3
v -4.5 1.1 2.1
v -4.5 1.1 -2.1
v -4.5 1.1 -2.3
v -4.4 0 2.5
v -4.4 0 2.3
v -4.4 0 -2.3
v -4.4 0 -2.5
v -4.4 0.2 2.5
v -4.4 0.2 2.3
v -4.4 0.2 2.1
v -4.4 0.2 -2.1
v -4.4 0.2 -2.3
v -4.4 0.2 -2.5
v -4.4 0.4 2.3
v -4.4 0.4 2.1
v -4.4 0.4 -2.1
v -4.4 0.4 -2.3
v -4.4 0.7 2.3
v -4.4 0.7 2.1
v -4.4 0.7 -2.1
v -4.4 0.7 -2.3
v -4.4 0.9 2.5
v -4.4 0.9 2.3
v -4.4 0.9 2.1
v -4.4 0.9 -2.1
v -4.4 0.9 -2.3
v -4.4 0.9 -2.5
v -4.4 1.1 2.5
v -4.4 1.1 2.3
v -4.4 1.1 -2.3
v -4.4 1.1 -2.5
v -4.3 0 2.7
v -4.3 0 2.5
v -4.3 0 -2.5
v -4.3 0 -2.7
v -4.3 0.2 2.7
v -4.3 0.2 2.5
v -4.3 0.2 2.3
v -4.3 0.2 -2.3
v -4.3 0.2 -2.5
v -4.3 0.2 -2.7
v -4.3 0.4 2.5
v -4.3 0.4 2.3
v -4.3 0.4 -2.3
v -4.3 0.4 -2.5
v -4.3 0.7 2.5
v -4.3 0.7 2.3
v -4.3 0.7 -2.3
v -4.3 0.7 -2.5
v -4.3 0.9 2.7
v -4.3 0.9 2.5
v -4.3 0.9 2.3
v -4.3 0.9 -2.3
v -4.3 0.9 -2.5
v -4.3 0.9 -2.7
v -4.3 1.1 2.7
v -4.3 1.1 2.5
v -4.3 1.1 -2.5
v -4.3 1.1 -2.7
v -4.2 0 3.6
v -4.2 0 3.4
v -4.2 0 2.8
v -4.2 0 2.7
v -4.2 0 -2.7
v -4.2 0 -2.8
v -4.2 0 -3.4
v -4.2 0 -3.6
v -4.2 0.1 3.6
v -4.2 0.1 3.5
v -4.2 0.1 -3.5
v -4.2 0.1 -3.6
v -4.2 0.2 2.8
v -4.2 0.2 2.7
v -4.2 0.2 2.6
v -4.2 0.2 2.5
v -4.2 0.2 -2.5
v -4.2 0.2 -2.6
v -4.2 0.2 -2.7
v -4.2 0.2 -2.8
v -4.2 0.4 3.5
v -4.2 0.4 3.4
v -4.2 0.4 2.6
v -4.2 0.4 2.5
v -4.2 0.4 -2.5
v -4.2 0.4 -2.6
v -4.2 0.4 -3.4
v -4.2 0.4 -3.5
v -4.2 0.7 2.6
v -4.2 0.7 2.5
v -4.2 0.7 -2.5
v -4.2 0.7 -2.6
v -4.2 0.9 2.8
v -4.2 0.9 2.7
v -4.2 0.9 2.6
v -4.2 0.9 2.5
v -4.2 0.9 -2.5
v -4.2 0.9 -2.6
v -4.2 0.9 -2.7
v -4.2 0.9 -2.8
v -4.2 1.1 2.8
v -4.2 1.1 2.7
v -4.2 1.1 -2.7
v -4.2 1.1 -2.8
v -4.1 0 3.7
v -4.1 0 3.6
v -4.1 0 3.4
v -4.1 0 3.3
v -4.1 0 3
v -4.1 0 2.8
v -4.1 0 -2.8
v -4.1 0 -3
v -4.1 0 -3.3
v -4.1 0 -3.4
v -4.1 0 -3.6
v -4.1 0 -3.7
v -4.1 0.1 3.6
v -4.1 0.1 3.5
v -4.1 0.1 -3.5
v -4.1 0.1 -3.6
v -4.1 0.2 3.7
v -4.1 0.2 3.6
v -4.1 0.2 3
v -4.1 0.2 2.8
v -4.1 0.2 2.6
v -4.1 0.2 -2.6
v -4.1 0.2 -2.8
v -4.1 0.2 -3
v -4.1 0.2 -3.6
v -4.1 0.2 -3.7
v -4.1 0.4 3.6
v -4.1 0.4 3.5
v -4.1 0.4 3.4
v -4.1 0.4 3.3
v -4.1 0.4 2.8
v -4.1 0.4 2.6
v -4.1 0.4 -2.6
v -4.1 0.4 -2.8
v -4.1 0.4 -3.3
v -4.1 0.4 -3.4
v -4.1 0.4 -3.5
v -4.1 0.4 -3.6
v -4.1 0.7 2.8
v -4.1 0.7 2.6
v -4.1 0.7 -2.6
v -4.1 0.7 -2.8
v -4.1 0.9 3
v -4.1 0.9 2.8
v -4.1 0.9 2.6
v -4.1 0.9 -2.6
v -4.1 0.9 -2.8
v -4.1 0.9 -3
v -4.1 1.1 3
v -4.1 1.1 2.8
v -4.1 1.1 -2.8
v -4.1 1.1 -3
v -4 0 3.8
v -4 0 3.7
v -4 0 3.3
v -4 0 3.2
v -4 0 3.1
v -4 0 3
v -4 0 -3
v -4 0 -3.1
v -4 0 -3.2
v -4 0 -3.3
v -4 0 -3.7
v -4 0 -3.8
v -4 0.2 3.8
v -4 0.2 3.7
v -4 0.2 3.6
v -4 0.2 3.1
v -4 0.2 3
v -4 0.2 2.9
v -4 0.2 2.8
v -4 0.2 -2.8
v -4 0.2 -2.9
v -4 0.2 -3
v -4 0.2 -3.1
v -4 0.2 -3.6
v -4 0.2 -3.7
v -4 0.2 -3.8
v -4 0.4 3.7
v -4 0.4 3.6
v -4 0.4 3.5
v -4 0.4 3.3
v -4 0.4 2.9
v -4 0.4 2.8
v -4 0.4 -2.8
v -4 0.4 -2.9
v -4 0.4 -3.3
v -4 0.4 -3.5
v -4 0.4 -3.6
v -4 0.4 -3.7
v -4 0.5 3.4
v -4 0.5 3.3
v -4 0.5 -3.3
v -4 0.5 -3.4
v -4 0.6 3.5
v -4 0.6 3.4
v -4 0.6 -3.4
v -4 0.6 -3.5
v -4 0.7 3.3
v -4 0.7 3.2
v -4 0.7 2.9
v -4 0.7 2.8
v -4 0.7 -2.8
v -4 0.7 -2.9
v -4 0.7 -3.2
v -4 0.7 -3.3
v -4 0.9 3.1
v -4 0.9 3
v -4 0.9 2.9
v -4 0.9 2.8
v -4 0.9 -2.8
v -4 0.9 -2.9
v -4 0.9 -3
v -4 0.9 -3.1
v -4 1.1 3.1
v -4 1.1 3
v -4 1.1 -3
v -4 1.1 -3.1
v -3.9 0 3.9
v -3.9 0 3.8
v -3.9 0 3.2
v -3.9 0 3.1
v -3.9 0 -3.1
v -3.9 0 -3.2
v -3.9 0 -3.8
v -3.9 0 -3.9
v -3.9 0.2 3.9
v -3.9 0.2 3.8
v -3.9 0.2 3.7
v -3.9 0.2 3.2
v -3.9 0.2 3.1
v -3.9 0.2 2.9
v -3.9 0.2 -2.9
v -3.9 0.2 -3.1
v -3.9 0.2 -3.2
v -3.9 0.2 -3.7
v -3.9 0.2 -3.8
v -3.9 0.2 -3.9
v -3.9 0.4 3.8
v -3.9 0.4 3.7
v -3.9 0.4 3.6
v -3.9 0.4 3.5
v -3.9 0.4 3.1
v -3.9 0.4 2.9
v -3.9 0.4 -2.9
v -3.9 0.4 -3.1
v -3.9 0.4 -3.5
v -3.9 0.4 -3.6
v -3.9 0.4 -3.7
v -3.9 0.4 -3.8
v -3.9 0.5 3.4
v -3.9 0.5 3.3
v -3.9 0.5 -3.3
v -3.9 0.5 -3.4
v -3.9 0.6 3.5
v -3.9 0.6 3.4
v -3.9 0.6 -3.4
v -3.9 0.6 -3.5
v -3.9 0.7 3.6
v -3.9 0.7 3.5
v -3.9 0.7 3.3
v -3.9 0.7 3.1
v -3.9 0.7 2.9
v -3.9 0.7 -2.9
v -3.9 0.7 -3.1
v -3.9 0.7 -3.3
v -3.9 0.7 -3.5
v -3.9 0.7 -3.6
v -3.9 0.8 3.5
v -3.9 0.8 3.4
v -3.9 0.8 -3.4
v -3.9 0.8 -3.5
v -3.9 0.9 3.4
v -3.9 0.9 3.3
v -3.9 0.9 3.2
v -3.9 0.9 3.1
v -3.9 0.9 2.9
v -3.9 0.9 -2.9
v -3.9 0.9 -3.1
v -3.9 0.9 -3.2
v -3.9 0.9 -3.3
v -3.9 0.9 -3.4
v -3.9 1.1 3.2
v -3.9 1.1 3.1
v -3.9 1.1 -3.1
v -3.9 1.1 -3.2
v -3.8 0 4
v -3.8 0 3.9
v -3.8 0 -3.9
v -3.8 0 -4
v -3.8 0.2 4
v -3.8 0.2 3.9
v -3.8 0.2 3.8
v -3.8 0.2 3.2
v -3.8 0.2 3.1
v -3.8 0.2 -3.1
v -3.8 0.2 -3.2
v -3.8 0.2 -3.8
v -3.8 0.2 -3.9
v -3.8 0.2 -4
v -3.8 0.4 3.9
v -3.8 0.4 3.8
v -3.8 0.4 3.7
v -3.8 0.4 3.6
v -3.8 0.4 3.2
v -3.8 0.4 3.1
v -3.8 0.4 -3.1
v -3.8 0.4 -3.2
v -3.8 0.4 -3.6
v -3.8 0.4 -3.7
v -3.8 0.4 -3.8
v -3.8 0.4 -3.9
v -3.8 0.7 3.7
v -3.8 0.7 3.6
v -3.8 0.7 3.5
v -3.8 0.7 3.3
v -3.8 0.7 3.2
v -3.8 0.7 3.1
v -3.8 0.7 -3.1
v -3.8 0.7 -3.2
v -3.8 0.7 -3.3
v -3.8 0.7 -3.5
v -3.8 0.7 -3.6
v -3.8 0.7 -3.7
v -3.8 0.8 3.6
v -3.8 0.8 3.5
v -3.8 0.8 3.4
v -3.8 0.8 -3.4
v -3.8 0.8 -3.5
v -3.8 0.8 -3.6
v -3.8 0.9 3.4
v -3.8 0.9 3.3
v -3.8 0.9 3.2
v -3.8 0.9 3.1
v -3.8 0.9 -3.1
v -3.8 0.9 -3.2
v -3.8 0.9 -3.3
v -3.8 0.9 -3.4
v -3.8 1 3.5
v -3.8 1 3.3
v -3.8 1 3.2
v -3.8 1 -3.2
v -3.8 1 -3.3
v -3.8 1 -3.5
v -3.8 1.1 3.3
v -3.8 1.1 3.2
v -3.8 1.1 -3.2
v -3.8 1.1 -3.3
v -3.7 0 4.1
v -3.7 0 4
v -3.7 0 -4
v -3.7 0 -4.1
v -3.7 0.2 4.1
v -3.7 0.2 4
v -3.7 0.2 3.9
v -3.7 0.2 -3.9
v -3.7 0.2 -4
v -3.7 0.2 -4.1
v -3.7 0.4 4
v -3.7 0.4 3.9
v -3.7 0.4 3.8
v -3.7 0.4 3.7
v -3.7 0.4 -3.7
v -3.7 0.4 -3.8
v -3.7 0.4 -3.9
v -3.7 0.4 -4
v -3.7 0.7 3.8
v -3.7 0.7 3.7
v -3.7 0.7 3.6
v -3.7 0.7 -3.6
v -3.7 0.7 -3.7
v -3.7 0.7 -3.8
v -3.7 0.8 3.7
v -3.7 0.8 3.6
v -3.7 0.8 3.5
v -3.7 0.8 -3.5
v -3.7 0.8 -3.6
v -3.7 0.8 -3.7
v -3.7 1 3.6
v -3.7 1 3.5
v -3.7 1 3.4
v -3.7 1 3.3
v -3.7 1 -3.3
v -3.7 1 -3.4
v -3.7 1 -3.5
v -3.7 1 -3.6
v -3.7 1.1 3.3
v -3.7 1.1 3.1
v -3.7 1.1 -3.1
v -3.7 1.1 -3.3
v -3.7 1.2 3.4
v -3.7 1.2 3.3
v -3.7 1.2 3.2
v -3.7 1.2 3.1
v -3.7 1.2 -3.1
v -3.7 1.2 -3.2
v -3.7 1.2 -3.3
v -3.7 1.2 -3.4
v -3.7 1.4 3.3
v -3.7 1.4 3.2
v -3.7 1.4 -3.2
v -3.7 1.4 -3.3
v -3.6 0 4.2
v -3.6 0 4.1
v -3.6 0 -4.1
v -3.6 0 -4.2
v -3.6 0.1 4.2
v -3.6 0.1 4.1
v -3.6 0.1 -4.1
v -3.6 0.1 -4.2
v -3.6 0.2 4.1
v -3.6 0.2 4
v -3.6 0.2 -4
v -3.6 0.2 -4.1
v -3.6 0.4 4.1
v -3.6 0.4 4
v -3.6 0.4 3.9
v -3.6 0.4 3.8
v -3.6 0.4 -3.8
v -3.6 0.4 -3.9
v -3.6 0.4 -4
v -3.6 0.4 -4.1
v -3.6 0.7 3.9
v -3.6 0.7 3.8
v -3.6 0.7 3.7
v -3.6 0.7 -3.7
v -3.6 0.7 -3.8
v -3.6 0.7 -3.9
v -3.6 0.8 3.8
v -3.6 0.8 3.7
v -3.6 0.8 3.6
v -3.6 0.8 -3.6
v -3.6 0.8 -3.7
v -3.6 0.8 -3.8
v -3.6 1 3.7
v -3.6 1 3.6
v -3.6 1 3.5
v -3.6 1 3.4
v -3.6 1 -3.4
v -3.6 1 -3.5
v -3.6 1 -3.6
v -3.6 1 -3.7
v -3.6 1.1 3.1
v -3.6 1.1 3
v -3.6 1.1 -3
v -3.6 1.1 -3.1
v -3.6 1.2 3.4
v -3.6 1.2 3.3
v -3.6 1.2 3.2
v -3.6 1.2 3.1
v -3.6 1.2 -3.1
v -3.6 1.2 -3.2
v -3.6 1.2 -3.3
v -3.6 1.2 -3.4
v -3.6 1.3 3.5
v -3.6 1.3 3.4
v -3.6 1.3 -3.4
v -3.6 1.3 -3.5
v -3.6 1.4 3.3
v -3.6 1.4 3.2
v -3.6 1.4 3.1
v -3.6 1.4 3
v -3.6 1.4 -3
v -3.6 1.4 -3.1
v -3.6 1.4 -3.2
v -3.6 1.4 -3.3
v -3.6 1.5 3.4
v -3.6 1.5 3.3
v -3.6 1.5 -3.3
v -3.6 1.5 -3.4
v -3.6 1.6 3.2
v -3.6 1.6 3.1
v -3.6 1.6 -3.1
v -3.6 1.6 -3.2
v -3.5 0.1 4.2
v -3.5 0.1 4.1
v -3.5 0.1 -4.1
v -3.5 0.1 -4.2
v -3.5 0.4 4.2
v -3.5 0.4 4.1
v -3.5 0.4 4
v -3.5 0.4 3.9
v -3.5 0.4 -3.9
v -3.5 0.4 -4
v -3.5 0.4 -4.1
v -3.5 0.4 -4.2
v -3.5 0.6 4
v -3.5 0.6 3.9
v -3.5 0.6 -3.9
v -3.5 0.6 -4
v -3.5 0.7 3.9
v -3.5 0.7 3.8
v -3.5 0.7 -3.8
v -3.5 0.7 -3.9
v -3.5 0.8 3.9
v -3.5 0.8 3.8
v -3.5 0.8 3.7
v -3.5 0.8 -3.7
v -3.5 0.8 -3.8
v -3.5 0.8 -3.9
v -3.5 1 3.8
v -3.5 1 3.7
v -3.5 1 3.6
v -3.5 1 3.5
v -3.5 1 -3.5
v -3.5 1 -3.6
v -3.5 1 -3.7
v -3.5 1 -3.8
v -3.5 1.1 3
v -3.5 1.1 2.9
v -3.5 1.1 -2.9
v -3.5 1.1 -3
v -3.5 1.3 3.6
v -3.5 1.3 3.5
v -3.5 1.3 3.4
v -3.5 1.3 -3.4
v -3.5 1.3 -3.5
v -3.5 1.3 -3.6
v -3.5 1.4 3.3
v -3.5 1.4 3.2
v -3.5 1.4 3.1
v -3.5 1.4 3
v -3.5 1.4 2.9
v -3.5 1.4 -2.9
v -3.5 1.4 -3
v -3.5 1.4 -3.1
v -3.5 1.4 -3.2
v -3.5 1.4 -3.3
v -3.5 1.5 3.5
v -3.5 1.5 3.4
v -3.5 1.5 3.3
v -3.5 1.5 -3.3
v -3.5 1.5 -3.4
v -3.5 1.5 -3.5
v -3.5 1.6 3.2
v -3.5 1.6 3.1
v -3.5 1.6 -3.1
v -3.5 1.6 -3.2
v -3.5 1.7 3.3
v -3.5 1.7 3
v -3.5 1.7 -3
v -3.5 1.7 -3.3
v -3.4 0.8 3.9
v -3.4 0.8 3.8
v -3.4 0.8 -3.8
v -3.4 0.8 -3.9
v -3.4 0.9 3.9
v -3.4 0.9 3.8
v -3.4 0.9 -3.8
v -3.4 0.9 -3.9
v -3.4 1 3.7
v -3.4 1 3.6
v -3.4 1 -3.6
v -3.4 1 -3.7
v -3.4 1.2 3.7
v -3.4 1.2 3.6
v -3.4 1.2 -3.6
v -3.4 1.2 -3.7
v -3.4 1.3 3.6
v -3.4 1.3 3.5
v -3.4 1.3 -3.5
v -3.4 1.3 -3.6
v -3.4 1.5 3.6
v -3.4 1.5 3.5
v -3.4 1.5 3.4
v -3.4 1.5 3.3
v -3.4 1.5 -3.3
v -3.4 1.5 -3.4
v -3.4 1.5 -3.5
v -3.4 1.5 -3.6
v -3.4 1.7 3.4
v -3.4 1.7 3.3
v -3.4 1.7 -3.3
v -3.4 1.7 -3.4
v -3.3 0.5 4
v -3.3 0.5 3.9
v -3.3 0.5 -3.9
v -3.3 0.5 -4
v -3.3 0.7 4
v -3.3 0.7 3.9
v -3.3 0.7 -3.9
v -3.3 0.7 -4
v -3.3 1 3.8
v -3.3 1 3.7
v -3.3 1 -3.7
v -3.3 1 -3.8
v -3.3 1.1 3.8
v -3.3 1.1 3.7
v -3.3 1.1 -3.7
v -3.3 1.1 -3.8
v -3.3 1.2 3.7
v -3.3 1.2 3.6
v -3.3 1.2 -3.6
v -3.3 1.2 -3.7
v -3.3 1.4 3.7
v -3.3 1.4 3.6
v -3.3 1.4 -3.6
v -3.3 1.4 -3.7
v -3.3 1.5 3.5
v -3.3 1.5 3.4
v -3.3 1.5 -3.4
v -3.3 1.5 -3.5
v -3.3 1.7 3.5
v -3.3 1.7 3.4
v -3.3 1.7 -3.4
v -3.3 1.7 -3.5
v -3.2 0.9 3.9
v -3.2 0.9 3.8
v -3.2 0.9 -3.8
v -3.2 0.9 -3.9
v -3.2 1 3.8
v -3.2 1 -3.8
v -3.2 1.1 3.9
v -3.2 1.1 3.8
v -3.2 1.1 -3.8
v -3.2 1.1 -3.9
v -3.2 1.4 3.6
v -3.2 1.4 3.5
v -3.2 1.4 -3.5
v -3.2 1.4 -3.6
v -3.2 1.6 3.6
v -3.2 1.6 3.5
v -3.2 1.6 -3.5
v -3.2 1.6 -3.6
v -3.1 0 4
v -3.1 0 3.9
v -3.1 0 -3.9
v -3.1 0 -4
v -3.1 0.2 4
v -3.1 0.2 3.9
v -3.1 0.2 3.8
v -3.1 0.2 -3.8
v -3.1 0.2 -3.9
v -3.1 0.2 -4
v -3.1 0.4 3.9
v -3.1 0.4 3.8
v -3.1 0.4 -3.8
v -3.1 0.4 -3.9
v -3.1 0.7 3.9
v -3.1 0.7 3.8
v -3.1 0.7 -3.8
v -3.1 0.7 -3.9
v -3.1 0.9 4
v -3.1 0.9 3.9
v -3.1 0.9 3.8
v -3.1 0.9 -3.8
v -3.1 0.9 -3.9
v -3.1 0.9 -4
v -3.1 1.1 4
v -3.1 1.1 3.9
v -3.1 1.1 -3.9
v -3.1 1.1 -4
v -3 0 4.1
v -3 0 4
v -3 0 -4
v -3 0 -4.1
v -3 0.2 4.1
v -3 0.2 4
v -3 0.2 -4
v -3 0.2 -4.1
v -3 0.9 4.1
v -3 0.9 4
v -3 0.9 -4
v -3 0.9 -4.1
v -3 1.1 4.1
v -3 1.1 4
v -3 1.1 -4
v -3 1.1 -4.1
v -2.9 0.2 4
v -2.9 0.2 3.9
v -2.9 0.2 -3.9
v -2.9 0.2 -4
v -2.9 0.4 4
v -2.9 0.4 3.9
v -2.9 0.4 -3.9
v -2.9 0.4 -4
v -2.9 0.7 4
v -2.9 0.7 3.9
v -2.9 0.7 -3.9
v -2.9 0.7 -4
v -2.9 0.9 4
v -2.9 0.9 3.9
v -2.9 0.9 -3.9
v -2.9 0.9 -4
v -2.8 0 4.2
v -2.8 0 4.1
v -2.8 0 -4.1
v -2.8 0 -4.2
v -2.8 0.2 4.2
v -2.8 0.2 4.1
v -2.8 0.2 4
v -2.8 0.2 -4
v -2.8 0.2 -4.1
v -2.8 0.2 -4.2
v -2.8 0.4 4.1
v -2.8 0.4 4
v -2.8 0.4 -4
v -2.8 0.4 -4.1
v -2.8 0.7 4.1
v -2.8 0.7 4
v -2.8 0.7 -4
v -2.8 0.7 -4.1
v -2.8 0.9 4.2
v -2.8 0.9 4.1
v -2.8 0.9 4
v -2.8 0.9 -4
v -2.8 0.9 -4.1
v -2.8 0.9 -4.2
v -2.8 1.1 4.2
v -2.8 1.1 4.1
v -2.8 1.1 -4.1
v -2.8 1.1 -4.2
v -2.7 0 4.3
v -2.7 0 4.2
v -2.7 0 -4.2
v -2.7 0 -4.3
v -2.7 0.2 4.3
v -2.7 0.2 4.2
v -2.7 0.2 -4.2
v -2.7 0.2 -4.3
v -2.7 0.9 4.3
v -2.7 0.9 4.2
v -2.7 0.9 -4.2
v -2.7 0.9 -4.3
v -2.7 1.1 4.3
v -2.7 1.1 4.2
v -2.7 1.1 -4.2
v -2.7 1.1 -4.3
v -2.6 0.2 4.2
v -2.6 0.2 4.1
v -2.6 0.2 -4.1
v -2.6 0.2 -4.2
v -2.6 0.4 4.2
v -2.6 0.4 4.1
v -2.6 0.4 -4.1
v -2.6 0.4 -4.2
v -2.6 0.7 4.2
v -2.6 0.7 4.1
v -2.6 0.7 -4.1
v -2.6 0.7 -4.2
v -2.6 0.9 4.2
v -2.6 0.9 4.1
v -2.6 0.9 -4.1
v -2.6 0.9 -4.2
v -2.5 0 4.4
v -2.5 0 4.3
v -2.5 0 -4.3
v -2.5 0 -4.4
v -2.5 0.2 4.4
v -2.5 0.2 4.3
v -2.5 0.2 4.2
v -2.5 0.2 -4.2
v -2.5 0.2 -4.3
v -2.5 0.2 -4.4
v -2.5 0.4 4.3
v -2.5 0.4 4.2
v -2.5 0.4 -4.2
v -2.5 0.4 -4.3
v -2.5 0.7 4.3
v -2.5 0.7 4.2
v -2.5 0.7 -4.2
v -2.5 0.7 -4.3
v -2.5 0.9 4.4
v -2.5 0.9 4.3
v -2.5 0.9 4.2
v -2.5 0.9 -4.2
v -2.5 0.9 -4.3
v -2.5 0.9 -4.4
v -2.5 1.1 4.4
v -2.5 1.1 4.3
v -2.5 1.1 -4.3
v -2.5 1.1 -4.4
v -2.3 0 4.5
v -2.3 0 4.4
v -2.3 0 -4.4
v -2.3 0 -4.5
v -2.3 0.2 4.5
v -2.3 0.2 4.4
v -2.3 0.2 4.3
v -2.3 0.2 -4.3
v -2.3 0.2 -4.4
v -2.3 0.2 -4.5
v -2.3 0.4 4.4
v -2.3 0.4 4.3
v -2.3 0.4 -4.3
v -2.3 0.4 -4.4
v -2.3 0.7 4.4
v -2.3 0.7 4.3
v -2.3 0.7 -4.3
v -2.3 0.7 -4.4
v -2.3 0.9 4.5
v -2.3 0.9 4.4
v -2.3 0.9 4.3
v -2.3 0.9 -4.3
v -2.3 0.9 -4.4
v -2.3 0.9 -4.5
v -2.3 1.1 4.5
v -2.3 1.1 4.4
v -2.3 1.1 -4.4
v -2.3 1.1 -4.5
v -2.1 0 4.6
v -2.1 0 4.5
v -2.1 0 -4.5
v -2.1 0 -4.6
v -2.1 0.2 4.6
v -2.1 0.2 4.5
v -2.1 0.2 4.4
v -2.1 0.2 -4.4
v -2.1 0.2 -4.5
v -2.1 0.2 -4.6
v -2.1 0.4 4.5
v -2.1 0.4 4.4
v -2.1 0.4 -4.4
v -2.1 0.4 -4.5
v -2.1 0.7 4.5
v -2.1 0.7 4.4
v -2.1 0.7 -4.4
v -2.1 0.7 -4.5
v -2.1 0.9 4.6
v -2.1 0.9 4.5
v -2.1 0.9 4.4
v -2.1 0.9 -4.4
v -2.1 0.9 -4.5
v -2.1 0.9 -4.6
v -2.1 1.1 4.6
v -2.1 1.1 4.5
v -2.1 1.1 -4.5
v -2.1 1.1 -4.6
v -1.9 0 4.7
v -1.9 0 4.6
v -1.9 0 -4.6
v -1.9 0 -4.7
v -1.9 0.2 4.7
v -1.9 0.2 4.6
v -1.9 0.2 4.5
v -1.9 0.2 -4.5
v -1.9 0.2 -4.6
v -1.9 0.2 -4.7
v -1.9 0.4 4.6
v -1.9 0.4 4.5
v -1.9 0.4 -4.5
v -1.9 0.4 -4.6
v -1.9 0.7 4.6
v -1.9 0.7 4.5
v -1.9 0.7 -4.5
v -1.9 0.7 -4.6
v -1.9 0.9 4.7
v -1.9 0.9 4.6
v -1.9 0.9 4.5
v -1.9 0.9 -4.5
v -1.9 0.9 -4.6
v -1.9 0.9 -4.7
v -1.9 1.1 4.7
v -1.9 1.1 4.6
v -1.9 1.1 -4.6
v -1.9 1.1 -4.7
v -1.6 0 4.8
v -1.6 0 4.7
v -1.6 0 -4.7
v -1.6 0 -4.8
v -1.6 0.2 4.8
v -1.6 0.2 4.7
v -1.6 0.2 4.6
v -1.6 0.2 -4.6
v -1.6 0.2 -4.7
v -1.6 0.2 -4.8
v -1.6 0.4 4.7
v -1.6 0.4 4.6
v -1.6 0.4 -4.6
v -1.6 0.4 -4.7
v -1.6 0.7 4.7
v -1.6 0.7 4.6
v -1.6 0.7 -4.6
v -1.6 0.7 -4.7
v -1.6 0.9 4.8
v -1.6 0.9 4.7
v -1.6 0.9 4.6
v -1.6 0.9 -4.6
v -1.6 0.9 -4.7
v -1.6 0.9 -4.8
v -1.6 1.1 4.8
v -1.6 1.1 4.7
v -1.6 1.1 -4.7
v -1.6 1.1 -4.8
v -1.3 0 4.9
v -1.3 0 4.8
v -1.3 0 -4.8
v -1.3 0 -4.9
v -1.3 0.2 4.9
v -1.3 0.2 4.8
v -1.3 0.2 -4.8
v -1.3 0.2 -4.9
v -1.3 0.9 4.9
v -1.3 0.9 4.8
v -1.3 0.9 -4.8
v -1.3 0.9 -4.9
v -1.3 1.1 4.9
v -1.3 1.1 4.8
v -1.3 1.1 -4.8
v -1.3 1.1 -4.9
v -1.2 0.2 4.8
v -1.2 0.2 4.7
v -1.2 0.2 -4.7
v -1.2 0.2 -4.8
v -1.2 0.4 4.8
v -1.2 0.4 4.7
v -1.2 0.4 -4.7
v -1.2 0.4 -4.8
v -1.2 0.7 4.8
v -1.2 0.7 4.7
v -1.2 0.7 -4.7
v -1.2 0.7 -4.8
v -1.2 0.9 4.8
v -1.2 0.9 4.7
v -1.2 0.9 -4.7
v -1.2 0.9 -4.8
v -0.8 0 5
v -0.8 0 4.9
v -0.8 0 -4.9
v -0.8 0 -5
v -0.8 0.2 5
v -0.8 0.2 4.9
v -0.8 0.2 -4.9
v -0.8 0.2 -5
v -0.8 0.9 5
v -0.8 0.9 4.9
v -0.8 0.9 -4.9
v -0.8 0.9 -5
v -0.8 1.1 5
v -0.8 1.1 4.9
v -0.8 1.1 -4.9
v -0.8 1.1 -5
v -0.7 0.2 4.9
v -0.7 0.2 4.8
v -0.7 0.2 -4.8
v -0.7 0.2 -4.9
v -0.7 0.4 4.9
v -0.7 0.4 4.8
v -0.7 0.4 -4.8
v -0.7 0.4 -4.9
v -0.7 0.7 4.9
v -0.7 0.7 4.8
v -0.7 0.7 -4.8
v -0.7 0.7 -4.9
v -0.7 0.9 4.9
v -0.7 0.9 4.8
v -0.7 0.9 -4.8
v -0.7 0.9 -4.9
v -0.5 0 5.5
v -0.5 0 5
v -0.5 0 -5
v -0.5 0 -5.5
v -0.5 0.2 5.5
v -0.5 0.2 5.4
v -0.5 0.2 5
v -0.5 0.2 -5
v -0.5 0.2 -5.4
v -0.5 0.2 -5.5
v -0.5 0.5 5.4
v -0.5 0.5 5.2
v -0.5 0.5 -5.2
v -0.5 0.5 -5.4
v -0.5 0.7 5.2
v -0.5 0.7 5.1
v -0.5 0.7 -5.1
v -0.5 0.7 -5.2
v -0.5 0.9 5.1
v -0.5 0.9 5
v -0.5 0.9 -5
v -0.5 0.9 -5.1
v -0.4 0.2 5.5
v -0.4 0.2 5.4
v -0.4 0.2 5
v -0.4 0.2 4.9
v -0.4 0.2 -4.9
v -0.4 0.2 -5
v -0.4 0.2 -5.4
v -0.4 0.2 -5.5
v -0.4 0.3 5.5
v -0.4 0.3 5.4
v -0.4 0.3 -5.4
v -0.4 0.3 -5.5
v -0.4 0.4 4.9
v -0.4 0.4 -4.9
v -0.4 0.5 5.4
v -0.4 0.5 5.2
v -0.4 0.5 -5.2
v -0.4 0.5 -5.4
v -0.4 0.6 5.4
v -0.4 0.6 5.3
v -0.4 0.6 -5.3
v -0.4 0.6 -5.4
v -0.4 0.7 5.2
v -0.4 0.7 5.1
v -0.4 0.7 4.9
v -0.4 0.7 -4.9
v -0.4 0.7 -5.1
v -0.4 0.7 -5.2
v -0.4 0.8 5.3
v -0.4 0.8 5.2
v -0.4 0.8 -5.2
v -0.4 0.8 -5.3
v -0.4 0.9 5.1
v -0.4 0.9 5
v -0.4 0.9 4.9
v -0.4 0.9 -4.9
v -0.4 0.9 -5
v -0.4 0.9 -5.1
v -0.4 1 5.2
v -0.4 1 5.1
v -0.4 1 -5.1
v -0.4 1 -5.2
v -0.4 1.1 5
v -0.4 1.1 4.5
v -0.4 1.1 -4.5
v -0.4 1.1 -5
v -0.4 1.2 5.1
v -0.4 1.2 5
v -0.4 1.2 -5
v -0.4 1.2 -5.1
v -0.4 1.3 5
v -0.4 1.3 4.9
v -0.4 1.3 -4.9
v -0.4 1.3 -5
v -0.4 1.6 4.9
v -0.4 1.6 4.8
v -0.4 1.6 -4.8
v -0.4 1.6 -4.9
v -0.4 1.8 4.8
v -0.4 1.8 4.7
v -0.4 1.8 -4.7
v -0.4 1.8 -4.8
v -0.4 1.9 4.7
v -0.4 1.9 4.5
v -0.4 1.9 -4.5
v -0.4 1.9 -4.7
v -0.3 0.8 5.3
v -0.3 0.8 5.2
v -0.3 0.8 -5.2
v -0.3 0.8 -5.3
v -0.3 0.9 5.3
v -0.3 0.9 5.2
v -0.3 0.9 -5.2
v -0.3 0.9 -5.3
v -0.3 1 5.2
v -0.3 1 5.1
v -0.3 1 -5.1
v -0.3 1 -5.2
v -0.3 1.1 5.2
v -0.3 1.1 5.1
v -0.3 1.1 -5.1
v -0.3 1.1 -5.2
v -0.3 1.2 5.1
v -0.3 1.2 5
v -0.3 1.2 -5
v -0.3 1.2 -5.1
v -0.3 1.3 5.1
v -0.3 1.3 5
v -0.3 1.3 4.9
v -0.3 1.3 -4.9
v -0.3 1.3 -5
v -0.3 1.3 -5.1
v -0.3 1.6 5
v -0.3 1.6 4.9
v -0.3 1.6 4.8
v -0.3 1.6 -4.8
v -0.3 1.6 -4.9
v -0.3 1.6 -5
v -0.3 1.8 4.8
v -0.3 1.8 4.7
v -0.3 1.8 -4.7
v -0.3 1.8 -4.8
v -0.3 1.9 4.9
v -0.3 1.9 4.8
v -0.3 1.9 4.7
v -0.3 1.9 4.5
v -0.3 1.9 -4.5
v -0.3 1.9 -4.7
v -0.3 1.9 -4.8
v -0.3 1.9 -4.9
v -0.3 2.2 4.8
v -0.3 2.2 4.7
v -0.3 2.2 -4.7
v -0.3 2.2 -4.8
v -0.3 2.3 4.7
v -0.3 2.3 4.5
v -0.3 2.3 -4.5
v -0.3 2.3 -4.7
v -0.2 1.3 5.1
v -0.2 1.3 5
v -0.2 1.3 -5
v -0.2 1.3 -5.1
v -0.2 1.4 5.1
v -0.2 1.4 5
v -0.2 1.4 -5
v -0.2 1.4 -5.1
v -0.2 1.6 5
v -0.2 1.6 4.9
v -0.2 1.6 -4.9
v -0.2 1.6 -5
v -0.2 1.7 5
v -0.2 1.7 4.9
v -0.2 1.7 -4.9
v -0.2 1.7 -5
v -0.2 1.9 4.9
v -0.2 1.9 4.8
v -0.2 1.9 -4.8
v -0.2 1.9 -4.9
v -0.2 2 4.9
v -0.2 2 4.8
v -0.2 2 -4.8
v -0.2 2 -4.9
v -0.2 2.2 4.8
v -0.2 2.2 4.7
v -0.2 2.2 -4.7
v -0.2 2.2 -4.8
v -0.2 2.3 4.8
v -0.2 2.3 4.7
v -0.2 2.3 -4.7
v -0.2 2.3 -4.8
v 0.7 0.2 4.5
v 0.7 0.2 4.4
v 0.7 0.2 -4.4
v 0.7 0.2 -4.5
v 0.7 0.4 4.5
v 0.7 0.4 4.4
v 0.7 0.4 -4.4
v 0.7 0.4 -4.5
v 0.7 0.7 4.5
v 0.7 0.7 4.4
v 0.7 0.7 -4.4
v 0.7 0.7 -4.5
v 0.7 0.9 4.5
v 0.7 0.9 4.4
v 0.7 0.9 -4.4
v 0.7 0.9 -4.5
v 0.7 1.1 4.5
v 0.7 1.1 4.4
v 0.7 1.1 -4.4
v 0.7 1.1 -4.5
v 1.2 0.2 4.4
v 1.2 0.2 4.3
v 1.2 0.2 -4.3
v 1.2 0.2 -4.4
v 1.2 0.4 4.4
v 1.2 0.4 4.3
v 1.2 0.4 -4.3
v 1.2 0.4 -4.4
v 1.2 0.7 4.4
v 1.2 0.7 4.3
v 1.2 0.7 -4.3
v 1.2 0.7 -4.4
v 1.2 0.9 4.4
v 1.2 0.9 4.3
v 1.2 0.9 -4.3
v 1.2 0.9 -4.4
v 1.2 1.1 4.4
v 1.2 1.1 4.3
v 1.2 1.1 -4.3
v 1.2 1.1 -4.4
v 1.5 0.2 4.3
v 1.5 0.2 4.2
v 1.5 0.2 -4.2
v 1.5 0.2 -4.3
v 1.5 0.4 4.3
v 1.5 0.4 4.2
v 1.5 0.4 -4.2
v 1.5 0.4 -4.3
v 1.5 0.7 4.3
v 1.5 0.7 4.2
v 1.5 0.7 -4.2
v 1.5 0.7 -4.3
v 1.5 0.9 4.3
v 1.5 0.9 4.2
v 1.5 0.9 -4.2
v 1.5 0.9 -4.3
v 1.5 1.1 4.3
v 1.5 1.1 4.2
v 1.5 1.1 -4.2
v 1.5 1.1 -4.3
v 1.8 0.2 4.2
v 1.8 0.2 4.1
v 1.8 0.2 -4.1
v 1.8 0.2 -4.2
v 1.8 0.4 4.2
v 1.8 0.4 4.1
v 1.8 0.4 -4.1
v 1.8 0.4 -4.2
v 1.8 0.7 4.2
v 1.8 0.7 4.1
v 1.8 0.7 -4.1
v 1.8 0.7 -4.2
v 1.8 0.9 4.2
v 1.8 0.9 4.1
v 1.8 0.9 -4.1
v 1.8 0.9 -4.2
v 1.8 1.1 4.2
v 1.8 1.1 4.1
v 1.8 1.1 -4.1
v 1.8 1.1 -4.2
v 2 0.2 4.1
v 2 0.2 4
v 2 0.2 -4
v 2 0.2 -4.1
v 2 0.4 4.1
v 2 0.4 4
v 2 0.4 -4
v 2 0.4 -4.1
v 2 0.7 4.1
v 2 0.7 4
v 2 0.7 -4
v 2 0.7 -4.1
v 2 0.9 4.1
v 2 0.9 4
v 2 0.9 -4
v 2 0.9 -4.1
v 2 1.1 4.1
v 2 1.1 4
v 2 1.1 -4
v 2 1.1 -4.1
v 2.2 0.2 4
v 2.2 0.2 3.9
v 2.2 0.2 -3.9
v 2.2 0.2 -4
v 2.2 0.4 4
v 2.2 0.4 3.9
v 2.2 0.4 -3.9
v 2.2 0.4 -4
v 2.2 0.7 4
v 2.2 0.7 3.9
v 2.2 0.7 -3.9
v 2.2 0.7 -4
v 2.2 0.9 4
v 2.2 0.9 3.9
v 2.2 0.9 -3.9
v 2.2 0.9 -4
v 2.2 1.1 4
v 2.2 1.1 3.9
v 2.2 1.1 -3.9
v 2.2 1.1 -4
v 2.4 0.2 3.9
v 2.4 0.2 3.8
v 2.4 0.2 -3.8
v 2.4 0.2 -3.9
v 2.4 0.4 3.9
v 2.4 0.4 3.8
v 2.4 0.4 -3.8
v 2.4 0.4 -3.9
v 2.4 0.7 3.9
v 2.4 0.7 3.8
v 2.4 0.7 -3.8
v 2.4 0.7 -3.9
v 2.4 0.9 3.9
v 2.4 0.9 3.8
v 2.4 0.9 -3.8
v 2.4 0.9 -3.9
v 2.4 1.1 3.9
v 2.4 1.1 3.8
v 2.4 1.1 -3.8
v 2.4 1.1 -3.9
v 2.5 0.2 3.8
v 2.5 0.2 3.7
v 2.5 0.2 -3.7
v 2.5 0.2 -3.8
v 2.5 0.4 3.8
v 2.5 0.4 3.7
v 2.5 0.4 -3.7
v 2.5 0.4 -3.8
v 2.5 0.7 3.8
v 2.5 0.7 3.7
v 2.5 0.7 -3.7
v 2.5 0.7 -3.8
v 2.5 0.9 3.8
v 2.5 0.9 3.7
v 2.5 0.9 -3.7
v 2.5 0.9 -3.8
v 2.5 1.1 3.8
v 2.5 1.1 3.7
v 2.5 1.1 -3.7
v 2.5 1.1 -3.8
v 2.7 0.2 3.7
v 2.7 0.2 3.6
v 2.7 0.2 -3.6
v 2.7 0.2 -3.7
v 2.7 0.4 3.7
v 2.7 0.4 3.6
v 2.7 0.4 -3.6
v 2.7 0.4 -3.7
v 2.7 0.7 3.7
v 2.7 0.7 3.6
v 2.7 0.7 -3.6
v 2.7 0.7 -3.7
v 2.7 0.9 3.7
v 2.7 0.9 3.6
v 2.7 0.9 -3.6
v 2.7 0.9 -3.7
v 2.7 1.1 3.7
v 2.7 1.1 3.6
v 2.7 1.1 -3.6
v 2.7 1.1 -3.7
v 2.8 0.2 3.6
v 2.8 0.2 3.5
v 2.8 0.2 -3.5
v 2.8 0.2 -3.6
v 2.8 0.4 3.6
v 2.8 0.4 3.5
v 2.8 0.4 -3.5
v 2.8 0.4 -3.6
v 2.8 0.7 3.6
v 2.8 0.7 3.5
v 2.8 0.7 -3.5
v 2.8 0.7 -3.6
v 2.8 0.9 3.6
v 2.8 0.9 3.5
v 2.8 0.9 -3.5
v 2.8 0.9 -3.6
v 2.8 1.1 3.6
v 2.8 1.1 3.5
v 2.8 1.1 -3.5
v 2.8 1.1 -3.6
v 2.9 0.2 3.5
v 2.9 0.2 3.4
v 2.9 0.2 -3.4
v 2.9 0.2 -3.5
v 2.9 0.4 3.5
v 2.9 0.4 -3.5
v 2.9 0.7 3.5
v 2.9 0.7 -3.5
v 2.9 0.9 3.5
v 2.9 0.9 -3.5
v 2.9 1.1 3.5
v 2.9 1.1 -3.5
v 2.9 1.4 3.5
v 2.9 1.4 3.4
v 2.9 1.4 -3.4
v 2.9 1.4 -3.5
v 3 0.2 3.4
v 3 0.2 3.3
v 3 0.2 -3.3
v 3 0.2 -3.4
v 3 1.1 3.6
v 3 1.1 3.5
v 3 1.1 -3.5
v 3 1.1 -3.6
v 3 1.3 3.4
v 3 1.3 3.3
v 3 1.3 -3.3
v 3 1.3 -3.4
v 3 1.4 3.6
v 3 1.4 3.5
v 3 1.4 3.4
v 3 1.4 -3.4
v 3 1.4 -3.5
v 3 1.4 -3.6
v 3 1.7 3.5
v 3 1.7 3.3
v 3 1.7 -3.3
v 3 1.7 -3.5
v 3.1 0.2 3.3
v 3.1 0.2 3.2
v 3.1 0.2 -3.2
v 3.1 0.2 -3.3
v 3.1 1.1 3.7
v 3.1 1.1 3.6
v 3.1 1.1 -3.6
v 3.1 1.1 -3.7
v 3.1 1.2 3.7
v 3.1 1.2 3.6
v 3.1 1.2 -3.6
v 3.1 1.2 -3.7
v 3.1 1.3 3.3
v 3.1 1.3 -3.3
v 3.1 1.4 3.6
v 3.1 1.4 3.5
v 3.1 1.4 -3.5
v 3.1 1.4 -3.6
v 3.1 1.6 3.6
v 3.1 1.6 3.5
v 3.1 1.6 3.3
v 3.1 1.6 3.2
v 3.1 1.6 -3.2
v 3.1 1.6 -3.3
v 3.1 1.6 -3.5
v 3.1 1.6 -3.6
v 3.1 1.7 3.3
v 3.1 1.7 3.2
v 3.1 1.7 -3.2
v 3.1 1.7 -3.3
v 3.2 0 4
v 3.2 0 3.9
v 3.2 0 -3.9
v 3.2 0 -4
v 3.2 0.2 3.9
v 3.2 0.2 3.8
v 3.2 0.2 3.2
v 3.2 0.2 3.1
v 3.2 0.2 -3.1
v 3.2 0.2 -3.2
v 3.2 0.2 -3.8
v 3.2 0.2 -3.9
v 3.2 0.4 3.8
v 3.2 0.4 -3.8
v 3.2 0.7 4
v 3.2 0.7 3.8
v 3.2 0.7 -3.8
v 3.2 0.7 -4
v 3.2 1.2 3.7
v 3.2 1.2 3.6
v 3.2 1.2 -3.6
v 3.2 1.2 -3.7
v 3.2 1.4 3.7
v 3.2 1.4 3.6
v 3.2 1.4 -3.6
v 3.2 1.4 -3.7
v 3.2 1.6 3.2
v 3.2 1.6 3.1
v 3.2 1.6 -3.1
v 3.2 1.6 -3.2
v 3.2 1.7 3.2
v 3.2 1.7 3.1
v 3.2 1.7 -3.1
v 3.2 1.7 -3.2
v 3.3 0 4.1
v 3.3 0 4
v 3.3 0 -4
v 3.3 0 -4.1
v 3.3 0.2 3.1
v 3.3 0.2 3
v 3.3 0.2 -3
v 3.3 0.2 -3.1
v 3.3 0.4 4.1
v 3.3 0.4 4
v 3.3 0.4 -4
v 3.3 0.4 -4.1
v 3.3 0.7 3.9
v 3.3 0.7 3.8
v 3.3 0.7 -3.8
v 3.3 0.7 -3.9
v 3.3 0.9 3.9
v 3.3 0.9 3.8
v 3.3 0.9 -3.8
v 3.3 0.9 -3.9
v 3.3 1.3 3.1
v 3.3 1.3 3
v 3.3 1.3 -3
v 3.3 1.3 -3.1
v 3.3 1.4 3.6
v 3.3 1.4 3.5
v 3.3 1.4 -3.5
v 3.3 1.4 -3.6
v 3.3 1.5 3.6
v 3.3 1.5 3.5
v 3.3 1.5 -3.5
v 3.3 1.5 -3.6
v 3.3 1.6 3.1
v 3.3 1.6 -3.1
v 3.3 1.7 3.1
v 3.3 1.7 3
v 3.3 1.7 -3
v 3.3 1.7 -3.1
v 3.4 0 4.2
v 3.4 0 4.1
v 3.4 0 -4.1
v 3.4 0 -4.2
v 3.4 0.2 3
v 3.4 0.2 2.9
v 3.4 0.2 -2.9
v 3.4 0.2 -3
v 3.4 0.4 4.2
v 3.4 0.4 4.1
v 3.4 0.4 -4.1
v 3.4 0.4 -4.2
v 3.4 0.5 4
v 3.4 0.5 3.9
v 3.4 0.5 -3.9
v 3.4 0.5 -4
v 3.4 0.6 4
v 3.4 0.6 3.9
v 3.4 0.6 -3.9
v 3.4 0.6 -4
v 3.4 1.3 3
v 3.4 1.3 -3
v 3.4 1.4 3
v 3.4 1.4 2.9
v 3.4 1.4 -2.9
v 3.4 1.4 -3
v 3.5 0.2 2.9
v 3.5 0.2 2.8
v 3.5 0.2 -2.8
v 3.5 0.2 -2.9
v 3.5 0.4 2.9
v 3.5 0.4 2.8
v 3.5 0.4 -2.8
v 3.5 0.4 -2.9
v 3.5 0.7 2.9
v 3.5 0.7 2.8
v 3.5 0.7 -2.8
v 3.5 0.7 -2.9
v 3.5 0.9 2.9
v 3.5 0.9 2.8
v 3.5 0.9 -2.8
v 3.5 0.9 -2.9
v 3.5 1.1 2.9
v 3.5 1.1 2.8
v 3.5 1.1 -2.8
v 3.5 1.1 -2.9
v 3.6 0.2 2.8
v 3.6 0.2 2.7
v 3.6 0.2 -2.7
v 3.6 0.2 -2.8
v 3.6 0.4 2.8
v 3.6 0.4 2.7
v 3.6 0.4 -2.7
v 3.6 0.4 -2.8
v 3.6 0.7 2.8
v 3.6 0.7 2.7
v 3.6 0.7 -2.7
v 3.6 0.7 -2.8
v 3.6 0.9 2.8
v 3.6 0.9 2.7
v 3.6 0.9 -2.7
v 3.6 0.9 -2.8
v 3.6 1.1 2.8
v 3.6 1.1 2.7
v 3.6 1.1 -2.7
v 3.6 1.1 -2.8
v 3.7 0.2 2.7
v 3.7 0.2 2.5
v 3.7 0.2 -2.5
v 3.7 0.2 -2.7
v 3.7 0.4 2.7
v 3.7 0.4 2.5
v 3.7 0.4 -2.5
v 3.7 0.4 -2.7
v 3.7 0.7 2.7
v 3.7 0.7 2.5
v 3.7 0.7 -2.5
v 3.7 0.7 -2.7
v 3.7 0.9 2.7
v 3.7 0.9 2.5
v 3.7 0.9 -2.5
v 3.7 0.9 -2.7
v 3.7 1.1 2.7
v 3.7 1.1 2.5
v 3.7 1.1 -2.5
v 3.7 1.1 -2.7
v 3.8 0.2 2.5
v 3.8 0.2 2.4
v 3.8 0.2 -2.4
v 3.8 0.2 -2.5
v 3.8 0.4 2.5
v 3.8 0.4 2.4
v 3.8 0.4 -2.4
v 3.8 0.4 -2.5
v 3.8 0.7 2.5
v 3.8 0.7 2.4
v 3.8 0.7 -2.4
v 3.8 0.7 -2.5
v 3.8 0.9 2.5
v 3.8 0.9 2.4
v 3.8 0.9 -2.4
v 3.8 0.9 -2.5
v 3.8 1.1 2.5
v 3.8 1.1 2.4
v 3.8 1.1 -2.4
v 3.8 1.1 -2.5
v 3.9 0.2 2.4
v 3.9 0.2 2.2
v 3.9 0.2 -2.2
v 3.9 0.2 -2.4
v 3.9 0.4 2.4
v 3.9 0.4 2.2
v 3.9 0.4 -2.2
v 3.9 0.4 -2.4
v 3.9 0.7 2.4
v 3.9 0.7 2.2
v 3.9 0.7 -2.2
v 3.9 0.7 -2.4
v 3.9 0.9 2.4
v 3.9 0.9 2.2
v 3.9 0.9 -2.2
v 3.9 0.9 -2.4
v 3.9 1.1 2.4
v 3.9 1.1 2.2
v 3.9 1.1 -2.2
v 3.9 1.1 -2.4
v 4 0.2 2.2
v 4 0.2 2
v 4 0.2 -2
v 4 0.2 -2.2
v 4 0.4 2.2
v 4 0.4 2
v 4 0.4 -2
v 4 0.4 -2.2
v 4 0.7 2.2
v 4 0.7 2
v 4 0.7 -2
v 4 0.7 -2.2
v 4 0.9 2.2
v 4 0.9 2
v 4 0.9 -2
v 4 0.9 -2.2
v 4 1.1 2.2
v 4 1.1 2
v 4 1.1 -2
v 4 1.1 -2.2
v 4.1 0.2 2
v 4.1 0.2 1.8
v 4.1 0.2 -1.8
v 4.1 0.2 -2
v 4.1 0.4 2
v 4.1 0.4 1.8
v 4.1 0.4 -1.8
v 4.1 0.4 -2
v 4.1 0.7 2
v 4.1 0.7 1.8
v 4.1 0.7 -1.8
v 4.1 0.7 -2
v 4.1 0.9 2
v 4.1 0.9 1.8
v 4.1 0.9 -1.8
v 4.1 0.9 -2
v 4.1 1.1 2
v 4.1 1.1 1.8
v 4.1 1.1 -1.8
v 4.1 1.1 -2
v 4.2 0.2 1.8
v 4.2 0.2 1.5
v 4.2 0.2 -1.5
v 4.2 0.2 -1.8
v 4.2 0.4 1.8
v 4.2 0.4 1.5
v 4.2 0.4 -1.5
v 4.2 0.4 -1.8
v 4.2 0.7 1.8
v 4.2 0.7 1.5
v 4.2 0.7 -1.5
v 4.2 0.7 -1.8
v 4.2 0.9 1.8
v 4.2 0.9 1.5
v 4.2 0.9 -1.5
v 4.2 0.9 -1.8
v 4.2 1.1 1.8
v 4.2 1.1 1.5
v 4.2 1.1 -1.5
v 4.2 1.1 -1.8
v 4.3 0.2 1.5
v 4.3 0.2 1.2
v 4.3 0.2 -1.2
v 4.3 0.2 -1.5
v 4.3 0.4 1.5
v 4.3 0.4 1.2
v 4.3 0.4 -1.2
v 4.3 0.4 -1.5
v 4.3 0.7 1.5
v 4.3 0.7 1.2
v 4.3 0.7 -1.2
v 4.3 0.7 -1.5
v 4.3 0.9 1.5
v 4.3 0.9 1.2
v 4.3 0.9 -1.2
v 4.3 0.9 -1.5
v 4.3 1.1 1.5
v 4.3 1.1 1.2
v 4.3 1.1 -1.2
v 4.3 1.1 -1.5
v 4.4 0.2 1.2
v 4.4 0.2 0.7
v 4.4 0.2 -0.7
v 4.4 0.2 -1.2
v 4.4 0.4 1.2
v 4.4 0.4 0.7
v 4.4 0.4 -0.7
v 4.4 0.4 -1.2
v 4.4 0.7 1.2
v 4.4 0.7 0.7
v 4.4 0.7 -0.7
v 4.4 0.7 -1.2
v 4.4 0.9 1.2
v 4.4 0.9 0.7
v 4.4 0.9 -0.7
v 4.4 0.9 -1.2
v 4.4 1.1 1.2
v 4.4 1.1 0.7
v 4.4 1.1 -0.7
v 4.4 1.1 -1.2
v 4.5 0.2 0.7
v 4.5 0.2 0.4
v 4.5 0.2 0.3
v 4.5 0.2 -0.3
v 4.5 0.2 -0.4
v 4.5 0.2 -0.7
v 4.5 0.4 0.7
v 4.5 0.4 0.4
v 4.5 0.4 -0.4
v 4.5 0.4 -0.7
v 4.5 0.7 0.7
v 4.5 0.7 0.4
v 4.5 0.7 -0.4
v 4.5 0.7 -0.7
v 4.5 0.9 0.7
v 4.5 0.9 0.4
v 4.5 0.9 -0.4
v 4.5 0.9 -0.7
v 4.5 1.1 0.7
v 4.5 1.1 0.4
v 4.5 1.1 -0.4
v 4.5 1.1 -0.7
v 4.5 1.8 0.3
v 4.5 1.8 0.2
v 4.5 1.8 -0.2
v 4.5 1.8 -0.3
v 4.5 1.9 0.4
v 4.5 1.9 0.3
v 4.5 1.9 -0.3
v 4.5 1.9 -0.4
v 4.5 2.2 0.2
v 4.5 2.2 -0.2
v 4.5 2.3 0.3
v 4.5 2.3 -0.3
v 5 0.2 0.5
v 5 0.2 0.4
v 5 0.2 -0.4
v 5 0.2 -0.5
v 5 0.9 0.5
v 5 0.9 0.4
v 5 0.9 -0.4
v 5 0.9 -0.5
v -5 0.2 0.5
v -5 0.2 0.4
v -5 0.2 -0.4
v -5 0.2 -0.5
v -5 0.9 0.5
v -5 0.9 0.4
v -5 0.9 -0.4
v -5 0.9 -0.5
v -4.5 0.2 0.7
v -4.5 0.2 0.4
v -4.5 0.2 0.3
v -4.5 0.2 -0.3
v -4.5 0.2 -0.4
v -4.5 0.2 -0.7
v -4.5 0.4 0.7
v -4.5 0.4 0.4
v -4.5 0.4 -0.4
v -4.5 0.4 -0.7
v -4.5 0.7 0.7
v -4.5 0.7 0.4
v -4.5 0.7 -0.4
v -4.5 0.7 -0.7
v -4.5 0.9 0.7
v -4.5 0.9 0.4
v -4.5 0.9 -0.4
v -4.5 0.9 -0.7
v -4.5 1.1 0.7
v -4.5 1.1 0.4
v -4.5 1.1 -0.4
v -4.5 1.1 -0.7
v -4.5 1.8 0.3
v -4.5 1.8 0.2
v -4.5 1.8 -0.2
v -4.5 1.8 -0.3
v -4.5 1.9 0.4
v -4.5 1.9 0.3
v -4.5 1.9 -0.3
v -4.5 1.9 -0.4
v -4.5 2.2 0.2
v -4.5 2.2 -0.2
v -4.5 2.3 0.3
v -4.5 2.3 -0.3
v -4.4 0.2 1.2
v -4.4 0.2 0.7
v -4.4 0.2 -0.7
v -4.4 0.2 -1.2
v -4.4 0.4 1.2
v -4.4 0.4 0.7
v -4.4 0.4 -0.7
v -4.4 0.4 -1.2
v -4.4 0.7 1.2
v -4.4 0.7 0.7
v -4.4 0.7 -0.7
v -4.4 0.7 -1.2
v -4.4 0.9 1.2
v -4.4 0.9 0.7
v -4.4 0.9 -0.7
v -4.4 0.9 -1.2
v -4.4 1.1 1.2
v -4.4 1.1 0.7
v -4.4 1.1 -0.7
v -4.4 1.1 -1.2
v -4.3 0.2 1.5
v -4.3 0.2 1.2
v -4.3 0.2 -1.2
v -4.3 0.2 -1.5
v -4.3 0.4 1.5
v -4.3 0.4 1.2
v -4.3 0.4 -1.2
v -4.3 0.4 -1.5
v -4.3 0.7 1.5
v -4.3 0.7 1.2
v -4.3 0.7 -1.2
v -4.3 0.7 -1.5
v -4.3 0.9 1.5
v -4.3 0.9 1.2
v -4.3 0.9 -1.2
v -4.3 0.9 -1.5
v -4.3 1.1 1.5
v -4.3 1.1 1.2
v -4.3 1.1 -1.2
v -4.3 1.1 -1.5
v -4.2 0.2 1.8
v -4.2 0.2 1.5
v -4.2 0.2 -1.5
v -4.2 0.2 -1.8
v -4.2 0.4 1.8
v -4.2 0.4 1.5
v -4.2 0.4 -1.5
v -4.2 0.4 -1.8
v -4.2 0.7 1.8
v -4.2 0.7 1.5
v -4.2 0.7 -1.5
v -4.2 0.7 -1.8
v -4.2 0.9 1.8
v -4.2 0.9 1.5
v -4.2 0.9 -1.5
v -4.2 0.9 -1.8
v -4.2 1.1 1.8
v -4.2 1.1 1.5
v -4.2 1.1 -1.5
v -4.2 1.1 -1.8
v -4.1 0.2 2
v -4.1 0.2 1.8
v -4.1 0.2 -1.8
v -4.1 0.2 -2
v -4.1 0.4 2
v -4.1 0.4 1.8
v -4.1 0.4 -1.8
v -4.1 0.4 -2
v -4.1 0.7 2
v -4.1 0.7 1.8
v -4.1 0.7 -1.8
v -4.1 0.7 -2
v -4.1 0.9 2
v -4.1 0.9 1.8
v -4.1 0.9 -1.8
v -4.1 0.9 -2
v -4.1 1.1 2
v -4.1 1.1 1.8
v -4.1 1.1 -1.8
v -4.1 1.1 -2
v -4 0.2 2.2
v -4 0.2 2
v -4 0.2 -2
v -4 0.2 -2.2
v -4 0.4 2.2
v -4 0.4 2
v -4 0.4 -2
v -4 0.4 -2.2
v -4 0.7 2.2
v -4 0.7 2
v -4 0.7 -2
v -4 0.7 -2.2
v -4 0.9 2.2
v -4 0.9 2
v -4 0.9 -2
v -4 0.9 -2.2
v -4 1.1 2.2
v -4 1.1 2
v -4 1.1 -2
v -4 1.1 -2.2
v -3.9 0.2 2.4
v -3.9 0.2 2.2
v -3.9 0.2 -2.2
v -3.9 0.2 -2.4
v -3.9 0.4 2.4
v -3.9 0.4 2.2
v -3.9 0.4 -2.2
v -3.9 0.4 -2.4
v -3.9 0.7 2.4
v -3.9 0.7 2.2
v -3.9 0.7 -2.2
v -3.9 0.7 -2.4
v -3.9 0.9 2.4
v -3.9 0.9 2.2
v -3.9 0.9 -2.2
v -3.9 0.9 -2.4
v -3.9 1.1 2.4
v -3.9 1.1 2.2
v -3.9 1.1 -2.2
v -3.9 1.1 -2.4
v -3.8 0.2 2.5
v -3.8 0.2 2.4
v -3.8 0.2 -2.4
v -3.8 0.2 -2.5
v -3.8 0.4 2.5
v -3.8 0.4 2.4
v -3.8 0.4 -2.4
v -3.8 0.4 -2.5
v -3.8 0.7 2.5
v -3.8 0.7 2.4
v -3.8 0.7 -2.4
v -3.8 0.7 -2.5
v -3.8 0.9 2.5
v -3.8 0.9 2.4
v -3.8 0.9 -2.4
v -3.8 0.9 -2.5
v -3.8 1.1 2.5
v -3.8 1.1 2.4
v -3.8 1.1 -2.4
v -3.8 1.1 -2.5
v -3.7 0.2 2.7
v -3.7 0.2 2.5
v -3.7 0.2 -2.5
v -3.7 0.2 -2.7
v -3.7 0.4 2.7
v -3.7 0.4 2.5
v -3.7 0.4 -2.5
v -3.7 0.4 -2.7
v -3.7 0.7 2.7
v -3.7 0.7 2.5
v -3.7 0.7 -2.5
v -3.7 0.7 -2.7
v -3.7 0.9 2.7
v -3.7 0.9 2.5
v -3.7 0.9 -2.5
v -3.7 0.9 -2.7
v -3.7 1.1 2.7
v -3.7 1.1 2.5
v -3.7 1.1 -2.5
v -3.7 1.1 -2.7
v -3.6 0.2 2.8
v -3.6 0.2 2.7
v -3.6 0.2 -2.7
v -3.6 0.2 -2.8
v -3.6 0.4 2.8
v -3.6 0.4 2.7
v -3.6 0.4 -2.7
v -3.6 0.4 -2.8
v -3.6 0.7 2.8
v -3.6 0.7 2.7
v -3.6 0.7 -2.7
v -3.6 0.7 -2.8
v -3.6 0.9 2.8
v -3.6 0.9 2.7
v -3.6 0.9 -2.7
v -3.6 0.9 -2.8
v -3.6 1.1 2.8
v -3.6 1.1 2.7
v -3.6 1.1 -2.7
v -3.6 1.1 -2.8
v -3.5 0.2 2.9
v -3.5 0.2 2.8
v -3.5 0.2 -2.8
v -3.5 0.2 -2.9
v -3.5 0.4 2.9
v -3.5 0.4 2.8
v -3.5 0.4 -2.8
v -3.5 0.4 -2.9
v -3.5 0.7 2.9
v -3.5 0.7 2.8
v -3.5 0.7 -2.8
v -3.5 0.7 -2.9
v -3.5 0.9 2.9
v -3.5 0.9 2.8
v -3.5 0.9 -2.8
v -3.5 0.9 -2.9
v -3.5 1.1 2.9
v -3.5 1.1 2.8
v -3.5 1.1 -2.8
v -3.5 1.1 -2.9
v -3.4 0 4.2
v -3.4 0 4.1
v -3.4 0 -4.1
v -3.4 0 -4.2
v -3.4 0.2 3
v -3.4 0.2 2.9
v -3.4 0.2 -2.9
v -3.4 0.2 -3
v -3.4 0.4 4.2
v -3.4 0.4 4.1
v -3.4 0.4 -4.1
v -3.4 0.4 -4.2
v -3.4 0.5 4
v -3.4 0.5 3.9
v -3.4 0.5 -3.9
v -3.4 0.5 -4
v -3.4 0.6 4
v -3.4 0.6 3.9
v -3.4 0.6 -3.9
v -3.4 0.6 -4
v -3.4 1.3 3
v -3.4 1.3 -3
v -3.4 1.4 3
v -3.4 1.4 2.9
v -3.4 1.4 -2.9
v -3.4 1.4 -3
v -3.3 0 4.1
v -3.3 0 4
v -3.3 0 -4
v -3.3 0 -4.1
v -3.3 0.2 3.1
v -3.3 0.2 3
v -3.3 0.2 -3
v -3.3 0.2 -3.1
v -3.3 0.4 4.1
v -3.3 0.4 4
v -3.3 0.4 -4
v -3.3 0.4 -4.1
v -3.3 0.7 3.9
v -3.3 0.7 3.8
v -3.3 0.7 -3.8
v -3.3 0.7 -3.9
v -3.3 0.9 3.9
v -3.3 0.9 3.8
v -3.3 0.9 -3.8
v -3.3 0.9 -3.9
v -3.3 1.3 3.1
v -3.3 1.3 3
v -3.3 1.3 -3
v -3.3 1.3 -3.1
v -3.3 1.4 3.6
v -3.3 1.4 3.5
v -3.3 1.4 -3.5
v -3.3 1.4 -3.6
v -3.3 1.5 3.6
v -3.3 1.5 3.5
v -3.3 1.5 -3.5
v -3.3 1.5 -3.6
v -3.3 1.6 3.1
v -3.3 1.6 -3.1
v -3.3 1.7 3.1
v -3.3 1.7 3
v -3.3 1.7 -3
v -3.3 1.7 -3.1
v -3.2 0 4
v -3.2 0 3.9
v -3.2 0 -3.9
v -3.2 0 -4
v -3.2 0.2 3.9
v -3.2 0.2 3.8
v -3.2 0.2 3.2
v -3.2 0.2 3.1
v -3.2 0.2 -3.1
v -3.2 0.2 -3.2
v -3.2 0.2 -3.8
v -3.2 0.2 -3.9
v -3.2 0.4 3.8
v -3.2 0.4 -3.8
v -3.2 0.7 4
v -3.2 0.7 3.8
v -3.2 0.7 -3.8
v -3.2 0.7 -4
v -3.2 1.2 3.7
v -3.2 1.2 3.6
v -3.2 1.2 -3.6
v -3.2 1.2 -3.7
v -3.2 1.4 3.7
v -3.2 1.4 3.6
v -3.2 1.4 -3.6
v -3.2 1.4 -3.7
v -3.2 1.6 3.2
v -3.2 1.6 3.1
v -3.2 1.6 -3.1
v -3.2 1.6 -3.2
v -3.2 1.7 3.2
v -3.2 1.7 3.1
v -3.2 1.7 -3.1
v -3.2 1.7 -3.2
v -3.1 0.2 3.3
v -3.1 0.2 3.2
v -3.1 0.2 -3.2
v -3.1 0.2 -3.3
v -3.1 1.1 3.7
v -3.1 1.1 3.6
v -3.1 1.1 -3.6
v -3.1 1.1 -3.7
v -3.1 1.2 3.7
v -3.1 1.2 3.6
v -3.1 1.2 -3.6
v -3.1 1.2 -3.7
v -3.1 1.3 3.3
v -3.1 1.3 -3.3
v -3.1 1.4 3.6
v -3.1 1.4 3.5
v -3.1 1.4 -3.5
v -3.1 1.4 -3.6
v -3.1 1.6 3.6
v -3.1 1.6 3.5
v -3.1 1.6 3.3
v -3.1 1.6 3.2
v -3.1 1.6 -3.2
v -3.1 1.6 -3.3
v -3.1 1.6 -3.5
v -3.1 1.6 -3.6
v -3.1 1.7 3.3
v -3.1 1.7 3.2
v -3.1 1.7 -3.2
v -3.1 1.7 -3.3
v -3 0.2 3.4
v -3 0.2 3.3
v -3 0.2 -3.3
v -3 0.2 -3.4
v -3 1.1 3.6
v -3 1.1 3.5
v -3 1.1 -3.5
v -3 1.1 -3.6
v -3 1.3 3.4
v -3 1.3 3.3
v -3 1.3 -3.3
v -3 1.3 -3.4
v -3 1.4 3.6
v -3 1.4 3.5
v -3 1.4 3.4
v -3 1.4 -3.4
v -3 1.4 -3.5
v -3 1.4 -3.6
v -3 1.7 3.5
v -3 1.7 3.3
v -3 1.7 -3.3
v -3 1.7 -3.5
v -2.9 0.2 3.5
v -2.9 0.2 3.4
v -2.9 0.2 -3.4
v -2.9 0.2 -3.5
v -2.9 0.4 3.5
v -2.9 0.4 -3.5
v -2.9 0.7 3.5
v -2.9 0.7 -3.5
v -2.9 0.9 3.5
v -2.9 0.9 -3.5
v -2.9 1.1 3.5
v -2.9 1.1 -3.5
v -2.9 1.4 3.5
v -2.9 1.4 3.4
v -2.9 1.4 -3.4
v -2.9 1.4 -3.5
v -2.8 0.2 3.6
v -2.8 0.2 3.5
v -2.8 0.2 -3.5
v -2.8 0.2 -3.6
v -2.8 0.4 3.6
v -2.8 0.4 3.5
v -2.8 0.4 -3.5
v -2.8 0.4 -3.6
v -2.8 0.7 3.6
v -2.8 0.7 3.5
v -2.8 0.7 -3.5
v -2.8 0.7 -3.6
v -2.8 0.9 3.6
v -2.8 0.9 3.5
v -2.8 0.9 -3.5
v -2.8 0.9 -3.6
v -2.8 1.1 3.6
v -2.8 1.1 3.5
v -2.8 1.1 -3.5
v -2.8 1.1 -3.6
v -2.7 0.2 3.7
v -2.7 0.2 3.6
v -2.7 0.2 -3.6
v -2.7 0.2 -3.7
v -2.7 0.4 3.7
v -2.7 0.4 3.6
v -2.7 0.4 -3.6
v -2.7 0.4 -3.7
v -2.7 0.7 3.7
v -2.7 0.7 3.6
v -2.7 0.7 -3.6
v -2.7 0.7 -3.7
v -2.7 0.9 3.7
v -2.7 0.9 3.6
v -2.7 0.9 -3.6
v -2.7 0.9 -3.7
v -2.7 1.1 3.7
v -2.7 1.1 3.6
v -2.7 1.1 -3.6
v -2.7 1.1 -3.7
v -2.5 0.2 3.8
v -2.5 0.2 3.7
v -2.5 0.2 -3.7
v -2.5 0.2 -3.8
v -2.5 0.4 3.8
v -2.5 0.4 3.7
v -2.5 0.4 -3.7
v -2.5 0.4 -3.8
v -2.5 0.7 3.8
v -2.5 0.7 3.7
v -2.5 0.7 -3.7
v -2.5 0.7 -3.8
v -2.5 0.9 3.8
v -2.5 0.9 3.7
v -2.5 0.9 -3.7
v -2.5 0.9 -3.8
v -2.5 1.1 3.8
v -2.5 1.1 3.7
v -2.5 1.1 -3.7
v -2.5 1.1 -3.8
v -2.4 0.2 3.9
v -2.4 0.2 3.8
v -2.4 0.2 -3.8
v -2.4 0.2 -3.9
v -2.4 0.4 3.9
v -2.4 0.4 3.8
v -2.4 0.4 -3.8
v -2.4 0.4 -3.9
v -2.4 0.7 3.9
v -2.4 0.7 3.8
v -2.4 0.7 -3.8
v -2.4 0.7 -3.9
v -2.4 0.9 3.9
v -2.4 0.9 3.8
v -2.4 0.9 -3.8
v -2.4 0.9 -3.9
v -2.4 1.1 3.9
v -2.4 1.1 3.8
v -2.4 1.1 -3.8
v -2.4 1.1 -3.9
v -2.2 0.2 4
v -2.2 0.2 3.9
v -2.2 0.2 -3.9
v -2.2 0.2 -4
v -2.2 0.4 4
v -2.2 0.4 3.9
v -2.2 0.4 -3.9
v -2.2 0.4 -4
v -2.2 0.7 4
v -2.2 0.7 3.9
v -2.2 0.7 -3.9
v -2.2 0.7 -4
v -2.2 0.9 4
v -2.2 0.9 3.9
v -2.2 0.9 -3.9
v -2.2 0.9 -4
v -2.2 1.1 4
v -2.2 1.1 3.9
v -2.2 1.1 -3.9
v -2.2 1.1 -4
v -2 0.2 4.1
v -2 0.2 4
v -2 0.2 -4
v -2 0.2 -4.1
v -2 0.4 4.1
v -2 0.4 4
v -2 0.4 -4
v -2 0.4 -4.1
v -2 0.7 4.1
v -2 0.7 4
v -2 0.7 -4
v -2 0.7 -4.1
v -2 0.9 4.1
v -2 0.9 4
v -2 0.9 -4
v -2 0.9 -4.1
v -2 1.1 4.1
v -2 1.1 4
v -2 1.1 -4
v -2 1.1 -4.1
v -1.8 0.2 4.2
v -1.8 0.2 4.1
v -1.8 0.2 -4.1
v -1.8 0.2 -4.2
v -1.8 0.4 4.2
v -1.8 0.4 4.1
v -1.8 0.4 -4.1
v -1.8 0.4 -4.2
v -1.8 0.7 4.2
v -1.8 0.7 4.1
v -1.8 0.7 -4.1
v -1.8 0.7 -4.2
v -1.8 0.9 4.2
v -1.8 0.9 4.1
v -1.8 0.9 -4.1
v -1.8 0.9 -4.2
v -1.8 1.1 4.2
v -1.8 1.1 4.1
v -1.8 1.1 -4.1
v -1.8 1.1 -4.2
v -1.5 0.2 4.3
v -1.5 0.2 4.2
v -1.5 0.2 -4.2
v -1.5 0.2 -4.3
v -1.5 0.4 4.3
v -1.5 0.4 4.2
v -1.5 0.4 -4.2
v -1.5 0.4 -4.3
v -1.5 0.7 4.3
v -1.5 0.7 4.2
v -1.5 0.7 -4.2
v -1.5 0.7 -4.3
v -1.5 0.9 4.3
v -1.5 0.9 4.2
v -1.5 0.9 -4.2
v -1.5 0.9 -4.3
v -1.5 1.1 4.3
v -1.5 1.1 4.2
v -1.5 1.1 -4.2
v -1.5 1.1 -4.3
v -1.2 0.2 4.4
v -1.2 0.2 4.3
v -1.2 0.2 -4.3
v -1.2 0.2 -4.4
v -1.2 0.4 4.4
v -1.2 0.4 4.3
v -1.2 0.4 -4.3
v -1.2 0.4 -4.4
v -1.2 0.7 4.4
v -1.2 0.7 4.3
v -1.2 0.7 -4.3
v -1.2 0.7 -4.4
v -1.2 0.9 4.4
v -1.2 0.9 4.3
v -1.2 0.9 -4.3
v -1.2 0.9 -4.4
v -1.2 1.1 4.4
v -1.2 1.1 4.3
v -1.2 1.1 -4.3
v -1.2 1.1 -4.4
v -0.7 0.2 4.5
v -0.7 0.2 4.4
v -0.7 0.2 -4.4
v -0.7 0.2 -4.5
v -0.7 0.4 4.5
v -0.7 0.4 4.4
v -0.7 0.4 -4.4
v -0.7 0.4 -4.5
v -0.7 0.7 4.5
v -0.7 0.7 4.4
v -0.7 0.7 -4.4
v -0.7 0.7 -4.5
v -0.7 0.9 4.5
v -0.7 0.9 4.4
v -0.7 0.9 -4.4
v -0.7 0.9 -4.5
v -0.7 1.1 4.5
v -0.7 1.1 4.4
v -0.7 1.1 -4.4
v -0.7 1.1 -4.5
v 0.2 1.3 5.1
v 0.2 1.3 5
v 0.2 1.3 -5
v 0.2 1.3 -5.1
v 0.2 1.4 5.1
v 0.2 1.4 5
v 0.2 1.4 -5
v 0.2 1.4 -5.1
v 0.2 1.6 5
v 0.2 1.6 4.9
v 0.2 1.6 -4.9
v 0.2 1.6 -5
v 0.2 1.7 5
v 0.2 1.7 4.9
v 0.2 1.7 -4.9
v 0.2 1.7 -5
v 0.2 1.9 4.9
v 0.2 1.9 4.8
v 0.2 1.9 -4.8
v 0.2 1.9 -4.9
v 0.2 2 4.9
v 0.2 2 4.8
v 0.2 2 -4.8
v 0.2 2 -4.9
v 0.2 2.2 4.8
v 0.2 2.2 4.7
v 0.2 2.2 -4.7
v 0.2 2.2 -4.8
v 0.2 2.3 4.8
v 0.2 2.3 4.7
v 0.2 2.3 -4.7
v 0.2 2.3 -4.8
v 0.3 0.8 5.3
v 0.3 0.8 5.2
v 0.3 0.8 -5.2
v 0.3 0.8 -5.3
v 0.3 0.9 5.3
v 0.3 0.9 5.2
v 0.3 0.9 -5.2
v 0.3 0.9 -5.3
v 0.3 1 5.2
v 0.3 1 5.1
v 0.3 1 -5.1
v 0.3 1 -5.2
v 0.3 1.1 5.2
v 0.3 1.1 5.1
v 0.3 1.1 -5.1
v 0.3 1.1 -5.2
v 0.3 1.2 5.1
v 0.3 1.2 5
v 0.3 1.2 -5
v 0.3 1.2 -5.1
v 0.3 1.3 5.1
v 0.3 1.3 5
v 0.3 1.3 4.9
v 0.3 1.3 -4.9
v 0.3 1.3 -5
v 0.3 1.3 -5.1
v 0.3 1.6 5
v 0.3 1.6 4.9
v 0.3 1.6 4.8
v 0.3 1.6 -4.8
v 0.3 1.6 -4.9
v 0.3 1.6 -5
v 0.3 1.8 4.8
v 0.3 1.8 4.7
v 0.3 1.8 -4.7
v 0.3 1.8 -4.8
v 0.3 1.9 4.9
v 0.3 1.9 4.8
v 0.3 1.9 4.7
v 0.3 1.9 4.5
v 0.3 1.9 -4.5
v 0.3 1.9 -4.7
v 0.3 1.9 -4.8
v 0.3 1.9 -4.9
v 0.3 2.2 4.8
v 0.3 2.2 4.7
v 0.3 2.2 -4.7
v 0.3 2.2 -4.8
v 0.3 2.3 4.7
v 0.3 2.3 4.5
v 0.3 2.3 -4.5
v 0.3 2.3 -4.7
v 0.4 0.2 5.5
v 0.4 0.2 5.4
v 0.4 0.2 5
v 0.4 0.2 4.9
v 0.4 0.2 -4.9
v 0.4 0.2 -5
v 0.4 0.2 -5.4
v 0.4 0.2 -5.5
v 0.4 0.3 5.5
v 0.4 0.3 5.4
v 0.4 0.3 -5.4
v 0.4 0.3 -5.5
v 0.4 0.4 4.9
v 0.4 0.4 -4.9
v 0.4 0.5 5.4
v 0.4 0.5 5.2
v 0.4 0.5 -5.2
v 0.4 0.5 -5.4
v 0.4 0.6 5.4
v 0.4 0.6 5.3
v 0.4 0.6 -5.3
v 0.4 0.6 -5.4
v 0.4 0.7 5.2
v 0.4 0.7 5.1
v 0.4 0.7 4.9
v 0.4 0.7 -4.9
v 0.4 0.7 -5.1
v 0.4 0.7 -5.2
v 0.4 0.8 5.3
v 0.4 0.8 5.2
v 0.4 0.8 -5.2
v 0.4 0.8 -5.3
v 0.4 0.9 5.1
v 0.4 0.9 5
v 0.4 0.9 4.9
v 0.4 0.9 -4.9
v 0.4 0.9 -5
v 0.4 0.9 -5.1
v 0.4 1 5.2
v 0.4 1 5.1
v 0.4 1 -5.1
v 0.4 1 -5.2
v 0.4 1.1 5
v 0.4 1.1 4.5
v 0.4 1.1 -4.5
v 0.4 1.1 -5
v 0.4 1.2 5.1
v 0.4 1.2 5
v 0.4 1.2 -5
v 0.4 1.2 -5.1
v 0.4 1.3 5
v 0.4 1.3 4.9
v 0.4 1.3 -4.9
v 0.4 1.3 -5
v 0.4 1.6 4.9
v 0.4 1.6 4.8
v 0.4 1.6 -4.8
v 0.4 1.6 -4.9
v 0.4 1.8 4.8
v 0.4 1.8 4.7
v 0.4 1.8 -4.7
v 0.4 1.8 -4.8
v 0.4 1.9 4.7
v 0.4 1.9 4.5
v 0.4 1.9 -4.5
v 0.4 1.9 -4.7
v 0.5 0 5.5
v 0.5 0 5
v 0.5 0 -5
v 0.5 0 -5.5
v 0.5 0.2 5.5
v 0.5 0.2 5.4
v 0.5 0.2 5
v 0.5 0.2 -5
v 0.5 0.2 -5.4
v 0.5 0.2 -5.5
v 0.5 0.5 5.4
v 0.5 0.5 5.2
v 0.5 0.5 -5.2
v 0.5 0.5 -5.4
v 0.5 0.7 5.2
v 0.5 0.7 5.1
v 0.5 0.7 -5.1
v 0.5 0.7 -5.2
v 0.5 0.9 5.1
v 0.5 0.9 5
v 0.5 0.9 -5
v 0.5 0.9 -5.1
v 0.7 0.2 4.9
v 0.7 0.2 4.8
v 0.7 0.2 -4.8
v 0.7 0.2 -4.9
v 0.7 0.4 4.9
v 0.7 0.4 4.8
v 0.7 0.4 -4.8
v 0.7 0.4 -4.9
v 0.7 0.7 4.9
v 0.7 0.7 4.8
v 0.7 0.7 -4.8
v 0.7 0.7 -4.9
v 0.7 0.9 4.9
v 0.7 0.9 4.8
v 0.7 0.9 -4.8
v 0.7 0.9 -4.9
v 0.8 0 5
v 0.8 0 4.9
v 0.8 0 -4.9
v 0.8 0 -5
v 0.8 0.2 5
v 0.8 0.2 4.9
v 0.8 0.2 -4.9
v 0.8 0.2 -5
v 0.8 0.9 5
v 0.8 0.9 4.9
v 0.8 0.9 -4.9
v 0.8 0.9 -5
v 0.8 1.1 5
v 0.8 1.1 4.9
v 0.8 1.1 -4.9
v 0.8 1.1 -5
v 1.2 0.2 4.8
v 1.2 0.2 4.7
v 1.2 0.2 -4.7
v 1.2 0.2 -4.8
v 1.2 0.4 4.8
v 1.2 0.4 4.7
v 1.2 0.4 -4.7
v 1.2 0.4 -4.8
v 1.2 0.7 4.8
v 1.2 0.7 4.7
v 1.2 0.7 -4.7
v 1.2 0.7 -4.8
v 1.2 0.9 4.8
v 1.2 0.9 4.7
v 1.2 0.9 -4.7
v 1.2 0.9 -4.8
v 1.3 0 4.9
v 1.3 0 4.8
v 1.3 0 -4.8
v 1.3 0 -4.9
v 1.3 0.2 4.9
v 1.3 0.2 4.8
v 1.3 0.2 -4.8
v 1.3 0.2 -4.9
v 1.3 0.9 4.9
v 1.3 0.9 4.8
v 1.3 0.9 -4.8
v 1.3 0.9 -4.9
v 1.3 1.1 4.9
v 1.3 1.1 4.8
v 1.3 1.1 -4.8
v 1.3 1.1 -4.9
v 1.6 0 4.8
v 1.6 0 4.7
v 1.6 0 -4.7
v 1.6 0 -4.8
v 1.6 0.2 4.8
v 1.6 0.2 4.7
v 1.6 0.2 4.6
v 1.6 0.2 -4.6
v 1.6 0.2 -4.7
v 1.6 0.2 -4.8
v 1.6 0.4 4.7
v 1.6 0.4 4.6
v 1.6 0.4 -4.6
v 1.6 0.4 -4.7
v 1.6 0.7 4.7
v 1.6 0.7 4.6
v 1.6 0.7 -4.6
v 1.6 0.7 -4.7
v 1.6 0.9 4.8
v 1.6 0.9 4.7
v 1.6 0.9 4.6
v 1.6 0.9 -4.6
v 1.6 0.9 -4.7
v 1.6 0.9 -4.8
v 1.6 1.1 4.8
v 1.6 1.1 4.7
v 1.6 1.1 -4.7
v 1.6 1.1 -4.8
v 1.9 0 4.7
v 1.9 0 4.6
v 1.9 0 -4.6
v 1.9 0 -4.7
v 1.9 0.2 4.7
v 1.9 0.2 4.6
v 1.9 0.2 4.5
v 1.9 0.2 -4.5
v 1.9 0.2 -4.6
v 1.9 0.2 -4.7
v 1.9 0.4 4.6
v 1.9 0.4 4.5
v 1.9 0.4 -4.5
v 1.9 0.4 -4.6
v 1.9 0.7 4.6
v 1.9 0.7 4.5
v 1.9 0.7 -4.5
v 1.9 0.7 -4.6
v 1.9 0.9 4.7
v 1.9 0.9 4.6
v 1.9 0.9 4.5
v 1.9 0.9 -4.5
v 1.9 0.9 -4.6
v 1.9 0.9 -4.7
v 1.9 1.1 4.7
v 1.9 1.1 4.6
v 1.9 1.1 -4.6
v 1.9 1.1 -4.7
v 2.1 0 4.6
v 2.1 0 4.5
v 2.1 0 -4.5
v 2.1 0 -4.6
v 2.1 0.2 4.6
v 2.1 0.2 4.5
v 2.1 0.2 4.4
v 2.1 0.2 -4.4
v 2.1 0.2 -4.5
v 2.1 0.2 -4.6
v 2.1 0.4 4.5
v 2.1 0.4 4.4
v 2.1 0.4 -4.4
v 2.1 0.4 -4.5
v 2.1 0.7 4.5
v 2.1 0.7 4.4
v 2.1 0.7 -4.4
v 2.1 0.7 -4.5
v 2.1 0.9 4.6
v 2.1 0.9 4.5
v 2.1 0.9 4.4
v 2.1 0.9 -4.4
v 2.1 0.9 -4.5
v 2.1 0.9 -4.6
v 2.1 1.1 4.6
v 2.1 1.1 4.5
v 2.1 1.1 -4.5
v 2.1 1.1 -4.6
v 2.3 0 4.5
v 2.3 0 4.4
v 2.3 0 -4.4
v 2.3 0 -4.5
v 2.3 0.2 4.5
v 2.3 0.2 4.4
v 2.3 0.2 4.3
v 2.3 0.2 -4.3
v 2.3 0.2 -4.4
v 2.3 0.2 -4.5
v 2.3 0.4 4.4
v 2.3 0.4 4.3
v 2.3 0.4 -4.3
v 2.3 0.4 -4.4
v 2.3 0.7 4.4
v 2.3 0.7 4.3
v 2.3 0.7 -4.3
v 2.3 0.7 -4.4
v 2.3 0.9 4.5
v 2.3 0.9 4.4
v 2.3 0.9 4.3
v 2.3 0.9 -4.3
v 2.3 0.9 -4.4
v 2.3 0.9 -4.5
v 2.3 1.1 4.5
v 2.3 1.1 4.4
v 2.3 1.1 -4.4
v 2.3 1.1 -4.5
v 2.5 0 4.4
v 2.5 0 4.3
v 2.5 0 -4.3
v 2.5 0 -4.4
v 2.5 0.2 4.4
v 2.5 0.2 4.3
v 2.5 0.2 4.2
v 2.5 0.2 -4.2
v 2.5 0.2 -4.3
v 2.5 0.2 -4.4
v 2.5 0.4 4.3
v 2.5 0.4 4.2
v 2.5 0.4 -4.2
v 2.5 0.4 -4.3
v 2.5 0.7 4.3
v 2.5 0.7 4.2
v 2.5 0.7 -4.2
v 2.5 0.7 -4.3
v 2.5 0.9 4.4
v 2.5 0.9 4.3
v 2.5 0.9 4.2
v 2.5 0.9 -4.2
v 2.5 0.9 -4.3
v 2.5 0.9 -4.4
v 2.5 1.1 4.4
v 2.5 1.1 4.3
v 2.5 1.1 -4.3
v 2.5 1.1 -4.4
v 2.6 0.2 4.2
v 2.6 0.2 4.1
v 2.6 0.2 -4.1
v 2.6 0.2 -4.2
v 2.6 0.4 4.2
v 2.6 0.4 4.1
v 2.6 0.4 -4.1
v 2.6 0.4 -4.2
v 2.6 0.7 4.2
v 2.6 0.7 4.1
v 2.6 0.7 -4.1
v 2.6 0.7 -4.2
v 2.6 0.9 4.2
v 2.6 0.9 4.1
v 2.6 0.9 -4.1
v 2.6 0.9 -4.2
v 2.7 0 4.3
v 2.7 0 4.2
v 2.7 0 -4.2
v 2.7 0 -4.3
v 2.7 0.2 4.3
v 2.7 0.2 4.2
v 2.7 0.2 -4.2
v 2.7 0.2 -4.3
v 2.7 0.9 4.3
v 2.7 0.9 4.2
v 2.7 0.9 -4.2
v 2.7 0.9 -4.3
v 2.7 1.1 4.3
v 2.7 1.1 4.2
v 2.7 1.1 -4.2
v 2.7 1.1 -4.3
v 2.8 0 4.2
v 2.8 0 4.1
v 2.8 0 -4.1
v 2.8 0 -4.2
v 2.8 0.2 4.2
v 2.8 0.2 4.1
v 2.8 0.2 4
v 2.8 0.2 -4
v 2.8 0.2 -4.1
v 2.8 0.2 -4.2
v 2.8 0.4 4.1
v 2.8 0.4 4
v 2.8 0.4 -4
v 2.8 0.4 -4.1
v 2.8 0.7 4.1
v 2.8 0.7 4
v 2.8 0.7 -4
v 2.8 0.7 -4.1
v 2.8 0.9 4.2
v 2.8 0.9 4.1
v 2.8 0.9 4
v 2.8 0.9 -4
v 2.8 0.9 -4.1
v 2.8 0.9 -4.2
v 2.8 1.1 4.2
v 2.8 1.1 4.1
v 2.8 1.1 -4.1
v 2.8 1.1 -4.2
v 2.9 0.2 4
v 2.9 0.2 3.9
v 2.9 0.2 -3.9
v 2.9 0.2 -4
v 2.9 0.4 4
v 2.9 0.4 3.9
v 2.9 0.4 -3.9
v 2.9 0.4 -4
v 2.9 0.7 4
v 2.9 0.7 3.9
v 2.9 0.7 -3.9
v 2.9 0.7 -4
v 2.9 0.9 4
v 2.9 0.9 3.9
v 2.9 0.9 -3.9
v 2.9 0.9 -4
v 3 0 4.1
v 3 0 4
v 3 0 -4
v 3 0 -4.1
v 3 0.2 4.1
v 3 0.2 4
v 3 0.2 -4
v 3 0.2 -4.1
v 3 0.9 4.1
v 3 0.9 4
v 3 0.9 -4
v 3 0.9 -4.1
v 3 1.1 4.1
v 3 1.1 4
v 3 1.1 -4
v 3 1.1 -4.1
v 3.1 0 4
v 3.1 0 3.9
v 3.1 0 -3.9
v 3.1 0 -4
v 3.1 0.2 4
v 3.1 0.2 3.9
v 3.1 0.2 3.8
v 3.1 0.2 -3.8
v 3.1 0.2 -3.9
v 3.1 0.2 -4
v 3.1 0.4 3.9
v 3.1 0.4 3.8
v 3.1 0.4 -3.8
v 3.1 0.4 -3.9
v 3.1 0.7 3.9
v 3.1 0.7 3.8
v 3.1 0.7 -3.8
v 3.1 0.7 -3.9
v 3.1 0.9 4
v 3.1 0.9 3.9
v 3.1 0.9 3.8
v 3.1 0.9 -3.8
v 3.1 0.9 -3.9
v 3.1 0.9 -4
v 3.1 1.1 4
v 3.1 1.1 3.9
v 3.1 1.1 -3.9
v 3.1 1.1 -4
v 3.2 0.9 3.9
v 3.2 0.9 3.8
v 3.2 0.9 -3.8
v 3.2 0.9 -3.9
v 3.2 1 3.8
v 3.2 1 -3.8
v 3.2 1.1 3.9
v 3.2 1.1 3.8
v 3.2 1.1 -3.8
v 3.2 1.1 -3.9
v 3.2 1.4 3.6
v 3.2 1.4 3.5
v 3.2 1.4 -3.5
v 3.2 1.4 -3.6
v 3.2 1.6 3.6
v 3.2 1.6 3.5
v 3.2 1.6 -3.5
v 3.2 1.6 -3.6
v 3.3 0.5 4
v 3.3 0.5 3.9
v 3.3 0.5 -3.9
v 3.3 0.5 -4
v 3.3 0.7 4
v 3.3 0.7 3.9
v 3.3 0.7 -3.9
v 3.3 0.7 -4
v 3.3 1 3.8
v 3.3 1 3.7
v 3.3 1 -3.7
v 3.3 1 -3.8
v 3.3 1.1 3.8
v 3.3 1.1 3.7
v 3.3 1.1 -3.7
v 3.3 1.1 -3.8
v 3.3 1.2 3.7
v 3.3 1.2 3.6
v 3.3 1.2 -3.6
v 3.3 1.2 -3.7
v 3.3 1.4 3.7
v 3.3 1.4 3.6
v 3.3 1.4 -3.6
v 3.3 1.4 -3.7
v 3.3 1.5 3.5
v 3.3 1.5 3.4
v 3.3 1.5 -3.4
v 3.3 1.5 -3.5
v 3.3 1.7 3.5
v 3.3 1.7 3.4
v 3.3 1.7 -3.4
v 3.3 1.7 -3.5
v 3.4 0.8 3.9
v 3.4 0.8 3.8
v 3.4 0.8 -3.8
v 3.4 0.8 -3.9
v 3.4 0.9 3.9
v 3.4 0.9 3.8
v 3.4 0.9 -3.8
v 3.4 0.9 -3.9
v 3.4 1 3.7
v 3.4 1 3.6
v 3.4 1 -3.6
v 3.4 1 -3.7
v 3.4 1.2 3.7
v 3.4 1.2 3.6
v 3.4 1.2 -3.6
v 3.4 1.2 -3.7
v 3.4 1.3 3.6
v 3.4 1.3 3.5
v 3.4 1.3 -3.5
v 3.4 1.3 -3.6
v 3.4 1.5 3.6
v 3.4 1.5 3.5
v 3.4 1.5 3.4
v 3.4 1.5 3.3
v 3.4 1.5 -3.3
v 3.4 1.5 -3.4
v 3.4 1.5 -3.5
v 3.4 1.5 -3.6
v 3.4 1.7 3.4
v 3.4 1.7 3.3
v 3.4 1.7 -3.3
v 3.4 1.7 -3.4
v 3.5 0.1 4.2
v 3.5 0.1 4.1
v 3.5 0.1 -4.1
v 3.5 0.1 -4.2
v 3.5 0.4 4.2
v 3.5 0.4 4.1
v 3.5 0.4 4
v 3.5 0.4 3.9
v 3.5 0.4 -3.9
v 3.5 0.4 -4
v 3.5 0.4 -4.1
v 3.5 0.4 -4.2
v 3.5 0.6 4
v 3.5 0.6 3.9
v 3.5 0.6 -3.9
v 3.5 0.6 -4
v 3.5 0.7 3.9
v 3.5 0.7 3.8
v 3.5 0.7 -3.8
v 3.5 0.7 -3.9
v 3.5 0.8 3.9
v 3.5 0.8 3.8
v 3.5 0.8 3.7
v 3.5 0.8 -3.7
v 3.5 0.8 -3.8
v 3.5 0.8 -3.9
v 3.5 1 3.8
v 3.5 1 3.7
v 3.5 1 3.6
v 3.5 1 3.5
v 3.5 1 -3.5
v 3.5 1 -3.6
v 3.5 1 -3.7
v 3.5 1 -3.8
v 3.5 1.1 3
v 3.5 1.1 2.9
v 3.5 1.1 -2.9
v 3.5 1.1 -3
v 3.5 1.3 3.6
v 3.5 1.3 3.5
v 3.5 1.3 3.4
v 3.5 1.3 -3.4
v 3.5 1.3 -3.5
v 3.5 1.3 -3.6
v 3.5 1.4 3.3
v 3.5 1.4 3.2
v 3.5 1.4 3.1
v 3.5 1.4 3
v 3.5 1.4 2.9
v 3.5 1.4 -2.9
v 3.5 1.4 -3
v 3.5 1.4 -3.1
v 3.5 1.4 -3.2
v 3.5 1.4 -3.3
v 3.5 1.5 3.5
v 3.5 1.5 3.4
v 3.5 1.5 3.3
v 3.5 1.5 -3.3
v 3.5 1.5 -3.4
v 3.5 1.5 -3.5
v 3.5 1.6 3.2
v 3.5 1.6 3.1
v 3.5 1.6 -3.1
v 3.5 1.6 -3.2
v 3.5 1.7 3.3
v 3.5 1.7 3
v 3.5 1.7 -3
v 3.5 1.7 -3.3
v 3.6 0 4.2
v 3.6 0 4.1
v 3.6 0 -4.1
v 3.6 0 -4.2
v 3.6 0.1 4.2
v 3.6 0.1 4.1
v 3.6 0.1 -4.1
v 3.6 0.1 -4.2
v 3.6 0.2 4.1
v 3.6 0.2 4
v 3.6 0.2 -4
v 3.6 0.2 -4.1
v 3.6 0.4 4.1
v 3.6 0.4 4
v 3.6 0.4 3.9
v 3.6 0.4 3.8
v 3.6 0.4 -3.8
v 3.6 0.4 -3.9
v 3.6 0.4 -4
v 3.6 0.4 -4.1
v 3.6 0.7 3.9
v 3.6 0.7 3.8
v 3.6 0.7 3.7
v 3.6 0.7 -3.7
v 3.6 0.7 -3.8
v 3.6 0.7 -3.9
v 3.6 0.8 3.8
v 3.6 0.8 3.7
v 3.6 0.8 3.6
v 3.6 0.8 -3.6
v 3.6 0.8 -3.7
v 3.6 0.8 -3.8
v 3.6 1 3.7
v 3.6 1 3.6
v 3.6 1 3.5
v 3.6 1 3.4
v 3.6 1 -3.4
v 3.6 1 -3.5
v 3.6 1 -3.6
v 3.6 1 -3.7
v 3.6 1.1 3.1
v 3.6 1.1 3
v 3.6 1.1 -3
v 3.6 1.1 -3.1
v 3.6 1.2 3.4
v 3.6 1.2 3.3
v 3.6 1.2 3.2
v 3.6 1.2 3.1
v 3.6 1.2 -3.1
v 3.6 1.2 -3.2
v 3.6 1.2 -3.3
v 3.6 1.2 -3.4
v 3.6 1.3 3.5
v 3.6 1.3 3.4
v 3.6 1.3 -3.4
v 3.6 1.3 -3.5
v 3.6 1.4 3.3
v 3.6 1.4 3.2
v 3.6 1.4 3.1
v 3.6 1.4 3
v 3.6 1.4 -3
v 3.6 1.4 -3.1
v 3.6 1.4 -3.2
v 3.6 1.4 -3.3
v 3.6 1.5 3.4
v 3.6 1.5 3.3
v 3.6 1.5 -3.3
v 3.6 1.5 -3.4
v 3.6 1.6 3.2
v 3.6 1.6 3.1
v 3.6 1.6 -3.1
v 3.6 1.6 -3.2
v 3.7 0 4.1
v 3.7 0 4
v 3.7 0 -4
v 3.7 0 -4.1
v 3.7 0.2 4.1
v 3.7 0.2 4
v 3.7 0.2 3.9
v 3.7 0.2 -3.9
v 3.7 0.2 -4
v 3.7 0.2 -4.1
v 3.7 0.4 4
v 3.7 0.4 3.9
v 3.7 0.4 3.8
v 3.7 0.4 3.7
v 3.7 0.4 -3.7
v 3.7 0.4 -3.8
v 3.7 0.4 -3.9
v 3.7 0.4 -4
v 3.7 0.7 3.8
v 3.7 0.7 3.7
v 3.7 0.7 3.6
v 3.7 0.7 -3.6
v 3.7 0.7 -3.7
v 3.7 0.7 -3.8
v 3.7 0.8 3.7
v 3.7 0.8 3.6
v 3.7 0.8 3.5
v 3.7 0.8 -3.5
v 3.7 0.8 -3.6
v 3.7 0.8 -3.7
v 3.7 1 3.6
v 3.7 1 3.5
v 3.7 1 3.4
v 3.7 1 3.3
v 3.7 1 -3.3
v 3.7 1 -3.4
v 3.7 1 -3.5
v 3.7 1 -3.6
v 3.7 1.1 3.3
v 3.7 1.1 3.1
v 3.7 1.1 -3.1
v 3.7 1.1 -3.3
v 3.7 1.2 3.4
v 3.7 1.2 3.3
v 3.7 1.2 3.2
v 3.7 1.2 3.1
v 3.7 1.2 -3.1
v 3.7 1.2 -3.2
v 3.7 1.2 -3.3
v 3.7 1.2 -3.4
v 3.7 1.4 3.3
v 3.7 1.4 3.2
v 3.7 1.4 -3.2
v 3.7 1.4 -3.3
v 3.8 0 4
v 3.8 0 3.9
v 3.8 0 -3.9
v 3.8 0 -4
v 3.8 0.2 4
v 3.8 0.2 3.9
v 3.8 0.2 3.8
v 3.8 0.2 3.2
v 3.8 0.2 3.1
v 3.8 0.2 -3.1
v 3.8 0.2 -3.2
v 3.8 0.2 -3.8
v 3.8 0.2 -3.9
v 3.8 0.2 -4
v 3.8 0.4 3.9
v 3.8 0.4 3.8
v 3.8 0.4 3.7
v 3.8 0.4 3.6
v 3.8 0.4 3.2
v 3.8 0.4 3.1
v 3.8 0.4 -3.1
v 3.8 0.4 -3.2
v 3.8 0.4 -3.6
v 3.8 0.4 -3.7
v 3.8 0.4 -3.8
v 3.8 0.4 -3.9
v 3.8 0.7 3.7
v 3.8 0.7 3.6
v 3.8 0.7 3.5
v 3.8 0.7 3.3
v 3.8 0.7 3.2
v 3.8 0.7 3.1
v 3.8 0.7 -3.1
v 3.8 0.7 -3.2
v 3.8 0.7 -3.3
v 3.8 0.7 -3.5
v 3.8 0.7 -3.6
v 3.8 0.7 -3.7
v 3.8 0.8 3.6
v 3.8 0.8 3.5
v 3.8 0.8 3.4
v 3.8 0.8 -3.4
v 3.8 0.8 -3.5
v 3.8 0.8 -3.6
v 3.8 0.9 3.4
v 3.8 0.9 3.3
v 3.8 0.9 3.2
v 3.8 0.9 3.1
v 3.8 0.9 -3.1
v 3.8 0.9 -3.2
v 3.8 0.9 -3.3
v 3.8 0.9 -3.4
v 3.8 1 3.5
v 3.8 1 3.3
v 3.8 1 3.2
v 3.8 1 -3.2
v 3.8 1 -3.3
v 3.8 1 -3.5
v 3.8 1.1 3.3
v 3.8 1.1 3.2
v 3.8 1.1 -3.2
v 3.8 1.1 -3.3
v 3.9 0 3.9
v 3.9 0 3.8
v 3.9 0 3.2
v 3.9 0 3.1
v 3.9 0 -3.1
v 3.9 0 -3.2
v 3.9 0 -3.8
v 3.9 0 -3.9
v 3.9 0.2 3.9
v 3.9 0.2 3.8
v 3.9 0.2 3.7
v 3.9 0.2 3.2
v 3.9 0.2 3.1
v 3.9 0.2 2.9
v 3.9 0.2 -2.9
v 3.9 0.2 -3.1
v 3.9 0.2 -3.2
v 3.9 0.2 -3.7
v 3.9 0.2 -3.8
v 3.9 0.2 -3.9
v 3.9 0.4 3.8
v 3.9 0.4 3.7
v 3.9 0.4 3.6
v 3.9 0.4 3.5
v 3.9 0.4 3.1
v 3.9 0.4 2.9
v 3.9 0.4 -2.9
v 3.9 0.4 -3.1
v 3.9 0.4 -3.5
v 3.9 0.4 -3.6
v 3.9 0.4 -3.7
v 3.9 0.4 -3.8
v 3.9 0.5 3.4
v 3.9 0.5 3.3
v 3.9 0.5 -3.3
v 3.9 0.5 -3.4
v 3.9 0.6 3.5
v 3.9 0.6 3.4
v 3.9 0.6 -3.4
v 3.9 0.6 -3.5
v 3.9 0.7 3.6
v 3.9 0.7 3.5
v 3.9 0.7 3.3
v 3.9 0.7 3.1
v 3.9 0.7 2.9
v 3.9 0.7 -2.9
v 3.9 0.7 -3.1
v 3.9 0.7 -3.3
v 3.9 0.7 -3.5
v 3.9 0.7 -3.6
v 3.9 0.8 3.5
v 3.9 0.8 3.4
v 3.9 0.8 -3.4
v 3.9 0.8 -3.5
v 3.9 0.9 3.4
v 3.9 0.9 3.3
v 3.9 0.9 3.2
v 3.9 0.9 3.1
v 3.9 0.9 2.9
v 3.9 0.9 -2.9
v 3.9 0.9 -3.1
v 3.9 0.9 -3.2
v 3.9 0.9 -3.3
v 3.9 0.9 -3.4
v 3.9 1.1 3.2
v 3.9 1.1 3.1
v 3.9 1.1 -3.1
v 3.9 1.1 -3.2
v 4 0 3.8
v 4 0 3.7
v 4 0 3.3
v 4 0 3.2
v 4 0 3.1
v 4 0 3
v 4 0 -3
v 4 0 -3.1
v 4 0 -3.2
v 4 0 -3.3
v 4 0 -3.7
v 4 0 -3.8
v 4 0.2 3.8
v 4 0.2 3.7
v 4 0.2 3.6
v 4 0.2 3.1
v 4 0.2 3
v 4 0.2 2.9
v 4 0.2 2.8
v 4 0.2 -2.8
v 4 0.2 -2.9
v 4 0.2 -3
v 4 0.2 -3.1
v 4 0.2 -3.6
v 4 0.2 -3.7
v 4 0.2 -3.8
v 4 0.4 3.7
v 4 0.4 3.6
v 4 0.4 3.5
v 4 0.4 3.3
v 4 0.4 2.9
v 4 0.4 2.8
v 4 0.4 -2.8
v 4 0.4 -2.9
v 4 0.4 -3.3
v 4 0.4 -3.5
v 4 0.4 -3.6
v 4 0.4 -3.7
v 4 0.5 3.4
v 4 0.5 3.3
v 4 0.5 -3.3
v 4 0.5 -3.4
v 4 0.6 3.5
v 4 0.6 3.4
v 4 0.6 -3.4
v 4 0.6 -3.5
v 4 0.7 3.3
v 4 0.7 3.2
v 4 0.7 2.9
v 4 0.7 2.8
v 4 0.7 -2.8
v 4 0.7 -2.9
v 4 0.7 -3.2
v 4 0.7 -3.3
v 4 0.9 3.1
v 4 0.9 3
v 4 0.9 2.9
v 4 0.9 2.8
v 4 0.9 -2.8
v 4 0.9 -2.9
v 4 0.9 -3
v 4 0.9 -3.1
v 4 1.1 3.1
v 4 1.1 3
v 4 1.1 -3
v 4 1.1 -3.1
v 4.1 0 3.7
v 4.1 0 3.6
v 4.1 0 3.4
v 4.1 0 3.3
v 4.1 0 3
v 4.1 0 2.8
v 4.1 0 -2.8
v 4.1 0 -3
v 4.1 0 -3.3
v 4.1 0 -3.4
v 4.1 0 -3.6
v 4.1 0 -3.7
v 4.1 0.1 3.6
v 4.1 0.1 3.5
v 4.1 0.1 -3.5
v 4.1 0.1 -3.6
v 4.1 0.2 3.7
v 4.1 0.2 3.6
v 4.1 0.2 3
v 4.1 0.2 2.8
v 4.1 0.2 2.6
v 4.1 0.2 -2.6
v 4.1 0.2 -2.8
v 4.1 0.2 -3
v 4.1 0.2 -3.6
v 4.1 0.2 -3.7
v 4.1 0.4 3.6
v 4.1 0.4 3.5
v 4.1 0.4 3.4
v 4.1 0.4 3.3
v 4.1 0.4 2.8
v 4.1 0.4 2.6
v 4.1 0.4 -2.6
v 4.1 0.4 -2.8
v 4.1 0.4 -3.3
v 4.1 0.4 -3.4
v 4.1 0.4 -3.5
v 4.1 0.4 -3.6
v 4.1 0.7 2.8
v 4.1 0.7 2.6
v 4.1 0.7 -2.6
v 4.1 0.7 -2.8
v 4.1 0.9 3
v 4.1 0.9 2.8
v 4.1 0.9 2.6
v 4.1 0.9 -2.6
v 4.1 0.9 -2.8
v 4.1 0.9 -3
v 4.1 1.1 3
v 4.1 1.1 2.8
v 4.1 1.1 -2.8
v 4.1 1.1 -3
v 4.2 0 3.6
v 4.2 0 3.4
v 4.2 0 2.8
v 4.2 0 2.7
v 4.2 0 -2.7
v 4.2 0 -2.8
v 4.2 0 -3.4
v 4.2 0 -3.6
v 4.2 0.1 3.6
v 4.2 0.1 3.5
v 4.2 0.1 -3.5
v 4.2 0.1 -3.6
v 4.2 0.2 2.8
v 4.2 0.2 2.7
v 4.2 0.2 2.6
v 4.2 0.2 2.5
v 4.2 0.2 -2.5
v 4.2 0.2 -2.6
v 4.2 0.2 -2.7
v 4.2 0.2 -2.8
v 4.2 0.4 3.5
v 4.2 0.4 3.4
v 4.2 0.4 2.6
v 4.2 0.4 2.5
v 4.2 0.4 -2.5
v 4.2 0.4 -2.6
v 4.2 0.4 -3.4
v 4.2 0.4 -3.5
v 4.2 0.7 2.6
v 4.2 0.7 2.5
v 4.2 0.7 -2.5
v 4.2 0.7 -2.6
v 4.2 0.9 2.8
v 4.2 0.9 2.7
v 4.2 0.9 2.6
v 4.2 0.9 2.5
v 4.2 0.9 -2.5
v 4.2 0.9 -2.6
v 4.2 0.9 -2.7
v 4.2 0.9 -2.8
v 4.2 1.1 2.8
v 4.2 1.1 2.7
v 4.2 1.1 -2.7
v 4.2 1.1 -2.8
v 4.3 0 2.7
v 4.3 0 2.5
v 4.3 0 -2.5
v 4.3 0 -2.7
v 4.3 0.2 2.7
v 4.3 0.2 2.5
v 4.3 0.2 2.3
v 4.3 0.2 -2.3
v 4.3 0.2 -2.5
v 4.3 0.2 -2.7
v 4.3 0.4 2.5
v 4.3 0.4 2.3
v 4.3 0.4 -2.3
v 4.3 0.4 -2.5
v 4.3 0.7 2.5
v 4.3 0.7 2.3
v 4.3 0.7 -2.3
v 4.3 0.7 -2.5
v 4.3 0.9 2.7
v 4.3 0.9 2.5
v 4.3 0.9 2.3
v 4.3 0.9 -2.3
v 4.3 0.9 -2.5
v 4.3 0.9 -2.7
v 4.3 1.1 2.7
v 4.3 1.1 2.5
v 4.3 1.1 -2.5
v 4.3 1.1 -2.7
v 4.4 0 2.5
v 4.4 0 2.3
v 4.4 0 -2.3
v 4.4 0 -2.5
v 4.4 0.2 2.5
v 4.4 0.2 2.3
v 4.4 0.2 2.1
v 4.4 0.2 -2.1
v 4.4 0.2 -2.3
v 4.4 0.2 -2.5
v 4.4 0.4 2.3
v 4.4 0.4 2.1
v 4.4 0.4 -2.1
v 4.4 0.4 -2.3
v 4.4 0.7 2.3
v 4.4 0.7 2.1
v 4.4 0.7 -2.1
v 4.4 0.7 -2.3
v 4.4 0.9 2.5
v 4.4 0.9 2.3
v 4.4 0.9 2.1
v 4.4 0.9 -2.1
v 4.4 0.9 -2.3
v 4.4 0.9 -2.5
v 4.4 1.1 2.5
v 4.4 1.1 2.3
v 4.4 1.1 -2.3
v 4.4 1.1 -2.5
v 4.5 0 2.3
v 4.5 0 2.1
v 4.5 0 -2.1
v 4.5 0 -2.3
v 4.5 0.2 2.3
v 4.5 0.2 2.1
v 4.5 0.2 1.9
v 4.5 0.2 -1.9
v 4.5 0.2 -2.1
v 4.5 0.2 -2.3
v 4.5 0.4 2.1
v 4.5 0.4 1.9
v 4.5 0.4 -1.9
v 4.5 0.4 -2.1
v 4.5 0.7 2.1
v 4.5 0.7 1.9
v 4.5 0.7 -1.9
v 4.5 0.7 -2.1
v 4.5 0.9 2.3
v 4.5 0.9 2.1
v 4.5 0.9 1.9
v 4.5 0.9 -1.9
v 4.5 0.9 -2.1
v 4.5 0.9 -2.3
v 4.5 1.1 2.3
v 4.5 1.1 2.1
v 4.5 1.1 -2.1
v 4.5 1.1 -2.3
v 4.6 0 2.1
v 4.6 0 1.9
v 4.6 0 -1.9
v 4.6 0 -2.1
v 4.6 0.2 2.1
v 4.6 0.2 1.9
v 4.6 0.2 1.6
v 4.6 0.2 -1.6
v 4.6 0.2 -1.9
v 4.6 0.2 -2.1
v 4.6 0.4 1.9
v 4.6 0.4 1.6
v 4.6 0.4 -1.6
v 4.6 0.4 -1.9
v 4.6 0.7 1.9
v 4.6 0.7 1.6
v 4.6 0.7 -1.6
v 4.6 0.7 -1.9
v 4.6 0.9 2.1
v 4.6 0.9 1.9
v 4.6 0.9 1.6
v 4.6 0.9 -1.6
v 4.6 0.9 -1.9
v 4.6 0.9 -2.1
v 4.6 1.1 2.1
v 4.6 1.1 1.9
v 4.6 1.1 -1.9
v 4.6 1.1 -2.1
v 4.7 0 1.9
v 4.7 0 1.6
v 4.7 0 -1.6
v 4.7 0 -1.9
v 4.7 0.2 1.9
v 4.7 0.2 1.6
v 4.7 0.2 1.2
v 4.7 0.2 -1.2
v 4.7 0.2 -1.6
v 4.7 0.2 -1.9
v 4.7 0.4 1.6
v 4.7 0.4 1.2
v 4.7 0.4 -1.2
v 4.7 0.4 -1.6
v 4.7 0.7 1.6
v 4.7 0.7 1.2
v 4.7 0.7 -1.2
v 4.7 0.7 -1.6
v 4.7 0.9 1.9
v 4.7 0.9 1.6
v 4.7 0.9 1.2
v 4.7 0.9 -1.2
v 4.7 0.9 -1.6
v 4.7 0.9 -1.9
v 4.7 1.1 1.9
v 4.7 1.1 1.6
v 4.7 1.1 -1.6
v 4.7 1.1 -1.9
v 4.7 1.8 0.4
v 4.7 1.8 0.3
v 4.7 1.8 -0.3
v 4.7 1.8 -0.4
v 4.7 1.9 0.4
v 4.7 1.9 0.3
v 4.7 1.9 -0.3
v 4.7 1.9 -0.4
v 4.7 2.2 0.3
v 4.7 2.2 0.2
v 4.7 2.2 -0.2
v 4.7 2.2 -0.3
v 4.7 2.3 0.3
v 4.7 2.3 0.2
v 4.7 2.3 -0.2
v 4.7 2.3 -0.3
v 4.8 0 1.6
v 4.8 0 1.3
v 4.8 0 -1.3
v 4.8 0 -1.6
v 4.8 0.2 1.6
v 4.8 0.2 1.3
v 4.8 0.2 1.2
v 4.8 0.2 0.7
v 4.8 0.2 -0.7
v 4.8 0.2 -1.2
v 4.8 0.2 -1.3
v 4.8 0.2 -1.6
v 4.8 0.4 1.2
v 4.8 0.4 0.7
v 4.8 0.4 -0.7
v 4.8 0.4 -1.2
v 4.8 0.7 1.2
v 4.8 0.7 0.7
v 4.8 0.7 -0.7
v 4.8 0.7 -1.2
v 4.8 0.9 1.6
v 4.8 0.9 1.3
v 4.8 0.9 1.2
v 4.8 0.9 0.7
v 4.8 0.9 -0.7
v 4.8 0.9 -1.2
v 4.8 0.9 -1.3
v 4.8 0.9 -1.6
v 4.8 1.1 1.6
v 4.8 1.1 1.3
v 4.8 1.1 -1.3
v 4.8 1.1 -1.6
v 4.8 1.6 0.4
v 4.8 1.6 0.3
v 4.8 1.6 -0.3
v 4.8 1.6 -0.4
v 4.8 1.8 0.4
v 4.8 1.8 0.3
v 4.8 1.8 -0.3
v 4.8 1.8 -0.4
v 4.8 1.9 0.3
v 4.8 1.9 0.2
v 4.8 1.9 -0.2
v 4.8 1.9 -0.3
v 4.8 2 0.2
v 4.8 2 -0.2
v 4.8 2.2 0.3
v 4.8 2.2 0.2
v 4.8 2.2 -0.2
v 4.8 2.2 -0.3
v 4.8 2.3 0.2
v 4.8 2.3 -0.2
v 4.9 0 1.3
v 4.9 0 0.8
v 4.9 0 -0.8
v 4.9 0 -1.3
v 4.9 0.2 1.3
v 4.9 0.2 0.8
v 4.9 0.2 0.7
v 4.9 0.2 0.4
v 4.9 0.2 -0.4
v 4.9 0.2 -0.7
v 4.9 0.2 -0.8
v 4.9 0.2 -1.3
v 4.9 0.4 0.7
v 4.9 0.4 0.4
v 4.9 0.4 -0.4
v 4.9 0.4 -0.7
v 4.9 0.7 0.7
v 4.9 0.7 0.4
v 4.9 0.7 -0.4
v 4.9 0.7 -0.7
v 4.9 0.9 1.3
v 4.9 0.9 0.8
v 4.9 0.9 0.7
v 4.9 0.9 0.4
v 4.9 0.9 -0.4
v 4.9 0.9 -0.7
v 4.9 0.9 -0.8
v 4.9 0.9 -1.3
v 4.9 1.1 1.3
v 4.9 1.1 0.8
v 4.9 1.1 -0.8
v 4.9 1.1 -1.3
v 4.9 1.3 0.4
v 4.9 1.3 0.3
v 4.9 1.3 -0.3
v 4.9 1.3 -0.4
v 4.9 1.6 0.4
v 4.9 1.6 0.3
v 4.9 1.6 0.2
v 4.9 1.6 -0.2
v 4.9 1.6 -0.3
v 4.9 1.6 -0.4
v 4.9 1.7 0.2
v 4.9 1.7 -0.2
v 4.9 1.9 0.3
v 4.9 1.9 0.2
v 4.9 1.9 -0.2
v 4.9 1.9 -0.3
v 4.9 2 0.2
v 4.9 2 -0.2
v 5 0 0.8
v 5 0 0.5
v 5 0 -0.5
v 5 0 -0.8
v 5 0.2 0.8
v 5 0.2 0.5
v 5 0.2 -0.5
v 5 0.2 -0.8
v 5 0.9 0.8
v 5 0.9 0.5
v 5 0.9 0.4
v 5 0.9 -0.4
v 5 0.9 -0.5
v 5 0.9 -0.8
v 5 1.1 0.8
v 5 1.1 0.4
v 5 1.1 -0.4
v 5 1.1 -0.8
v 5 1.2 0.4
v 5 1.2 0.3
v 5 1.2 -0.3
v 5 1.2 -0.4
v 5 1.3 0.4
v 5 1.3 0.3
v 5 1.3 0.2
v 5 1.3 -0.2
v 5 1.3 -0.3
v 5 1.3 -0.4
v 5 1.4 0.2
v 5 1.4 -0.2
v 5 1.6 0.3
v 5 1.6 0.2
v 5 1.6 -0.2
v 5 1.6 -0.3
v 5 1.7 0.2
v 5 1.7 -0.2
v 5.1 0.7 0.5
v 5.1 0.7 0.4
v 5.1 0.7 -0.4
v 5.1 0.7 -0.5
v 5.1 0.9 0.5
v 5.1 0.9 0.4
v 5.1 0.9 -0.4
v 5.1 0.9 -0.5
v 5.1 1 0.4
v 5.1 1 0.3
v 5.1 1 -0.3
v 5.1 1 -0.4
v 5.1 1.1 0.3
v 5.1 1.1 -0.3
v 5.1 1.2 0.4
v 5.1 1.2 0.3
v 5.1 1.2 -0.3
v 5.1 1.2 -0.4
v 5.1 1.3 0.3
v 5.1 1.3 0.2
v 5.1 1.3 -0.2
v 5.1 1.3 -0.3
v 5.1 1.4 0.2
v 5.1 1.4 -0.2
v 5.2 0.5 0.5
v 5.2 0.5 0.4
v 5.2 0.5 -0.4
v 5.2 0.5 -0.5
v 5.2 0.7 0.5
v 5.2 0.7 0.4
v 5.2 0.7 -0.4
v 5.2 0.7 -0.5
v 5.2 0.8 0.4
v 5.2 0.8 0.3
v 5.2 0.8 -0.3
v 5.2 0.8 -0.4
v 5.2 0.9 0.3
v 5.2 0.9 -0.3
v 5.2 1 0.4
v 5.2 1 0.3
v 5.2 1 -0.3
v 5.2 1 -0.4
v 5.2 1.1 0.3
v 5.2 1.1 -0.3
v 5.3 0.6 0.4
v 5.3 0.6 -0.4
v 5.3 0.8 0.4
v 5.3 0.8 0.3
v 5.3 0.8 -0.3
v 5.3 0.8 -0.4
v 5.3 0.9 0.3
v 5.3 0.9 -0.3
v 5.4 0.2 0.5
v 5.4 0.2 0.4
v 5.4 0.2 -0.4
v 5.4 0.2 -0.5
v 5.4 0.3 0.4
v 5.4 0.3 -0.4
v 5.4 0.5 0.5
v 5.4 0.5 0.4
v 5.4 0.5 -0.4
v 5.4 0.5 -0.5
v 5.4 0.6 0.4
v 5.4 0.6 -0.4
v 5.5 0 0.5
v 5.5 0 -0.5
v 5.5 0.2 0.5
v 5.5 0.2 0.4
v 5.5 0.2 -0.4
v 5.5 0.2 -0.5
v 5.5 0.3 0.4
v 5.5 0.3 -0.4
v -0.5 0 5.5
v -0.5 0.2 5.5
v -0.4 0.2 5.5
v -0.4 0.3 5.5
v 0.4 0.2 5.5
v 0.4 0.3 5.5
v 0.5 0 5.5
v 0.5 0.2 5.5
v -0.5 0.2 5.4
v -0.5 0.5 5.4
v -0.4 0.2 5.4
v -0.4 0.3 5.4
v -0.4 0.5 5.4
v -0.4 0.6 5.4
v 0.4 0.2 5.4
v 0.4 0.3 5.4
v 0.4 0.5 5.4
v 0.4 0.6 5.4
v 0.5 0.2 5.4
v 0.5 0.5 5.4
v -0.4 0.6 5.3
v -0.4 0.8 5.3
v -0.3 0.8 5.3
v -0.3 0.9 5.3
v 0.3 0.8 5.3
v 0.3 0.9 5.3
v 0.4 0.6 5.3
v 0.4 0.8 5.3
v -0.5 0.5 5.2
v -0.5 0.7 5.2
v -0.4 0.5 5.2
v -0.4 0.7 5.2
v -0.4 0.8 5.2
v -0.4 1 5.2
v -0.3 0.8 5.2
v -0.3 0.9 5.2
v -0.3 1 5.2
v -0.3 1.1 5.2
v 0.3 0.8 5.2
v 0.3 0.9 5.2
v 0.3 1 5.2
v 0.3 1.1 5.2
v 0.4 0.5 5.2
v 0.4 0.7 5.2
v 0.4 0.8 5.2
v 0.4 1 5.2
v 0.5 0.5 5.2
v 0.5 0.7 5.2
v -0.5 0.7 5.1
v -0.5 0.9 5.1
v -0.4 0.7 5.1
v -0.4 0.9 5.1
v -0.4 1 5.1
v -0.4 1.2 5.1
v -0.3 1 5.1
v -0.3 1.1 5.1
v -0.3 1.2 5.1
v -0.3 1.3 5.1
v -0.2 1.3 5.1
v -0.2 1.4 5.1
v 0.2 1.3 5.1
v 0.2 1.4 5.1
v 0.3 1 5.1
v 0.3 1.1 5.1
v 0.3 1.2 5.1
v 0.3 1.3 5.1
v 0.4 0.7 5.1
v 0.4 0.9 5.1
v 0.4 1 5.1
v 0.4 1.2 5.1
v 0.5 0.7 5.1
v 0.5 0.9 5.1
v -0.8 0 5
v -0.8 0.2 5
v -0.8 0.9 5
v -0.8 1.1 5
v -0.5 0 5
v -0.5 0.2 5
v -0.5 0.9 5
v -0.4 0.9 5
v -0.4 1.1 5
v -0.4 1.2 5
v -0.4 1.3 5
v -0.3 1.2 5
v -0.3 1.3 5
v -0.3 1.6 5
v -0.2 1.3 5
v -0.2 1.4 5
v -0.2 1.6 5
v -0.2 1.7 5
v 0.2 1.3 5
v 0.2 1.4 5
v 0.2 1.6 5
v 0.2 1.7 5
v 0.3 1.2 5
v 0.3 1.3 5
v 0.3 1.6 5
v 0.4 0.9 5
v 0.4 1.1 5
v 0.4 1.2 5
v 0.4 1.3 5
v 0.5 0 5
v 0.5 0.2 5
v 0.5 0.9 5
v 0.8 0 5
v 0.8 0.2 5
v 0.8 0.9 5
v 0.8 1.1 5
v -1.3 0 4.9
v -1.3 0.2 4.9
v -1.3 0.9 4.9
v -1.3 1.1 4.9
v -0.8 0 4.9
v -0.8 0.2 4.9
v -0.8 0.9 4.9
v -0.8 1.1 4.9
v -0.7 0.2 4.9
v -0.7 0.4 4.9
v -0.7 0.7 4.9
v -0.7 0.9 4.9
v -0.4 0.2 4.9
v -0.4 0.4 4.9
v -0.4 0.7 4.9
v -0.4 0.9 4.9
v -0.4 1.3 4.9
v -0.4 1.6 4.9
v -0.3 1.3 4.9
v -0.3 1.6 4.9
v -0.3 1.9 4.9
v -0.2 1.6 4.9
v -0.2 1.7 4.9
v -0.2 1.9 4.9
v -0.2 2 4.9
v 0.2 1.6 4.9
v 0.2 1.7 4.9
v 0.2 1.9 4.9
v 0.2 2 4.9
v 0.3 1.3 4.9
v 0.3 1.6 4.9
v 0.3 1.9 4.9
v 0.4 0.2 4.9
v 0.4 0.4 4.9
v 0.4 0.7 4.9
v 0.4 0.9 4.9
v 0.4 1.3 4.9
v 0.4 1.6 4.9
v 0.7 0.2 4.9
v 0.7 0.4 4.9
v 0.7 0.7 4.9
v 0.7 0.9 4.9
v 0.8 0 4.9
v 0.8 0.2 4.9
v 0.8 0.9 4.9
v 0.8 1.1 4.9
v 1.3 0 4.9
v 1.3 0.2 4.9
v 1.3 0.9 4.9
v 1.3 1.1 4.9
v -1.6 0 4.8
v -1.6 0.2 4.8
v -1.6 0.9 4.8
v -1.6 1.1 4.8
v -1.3 0 4.8
v -1.3 0.2 4.8
v -1.3 0.9 4.8
v -1.3 1.1 4.8
v -1.2 0.2 4.8
v -1.2 0.4 4.8
v -1.2 0.7 4.8
v -1.2 0.9 4.8
v -0.7 0.2 4.8
v -0.7 0.4 4.8
v -0.7 0.7 4.8
v -0.7 0.9 4.8
v -0.4 1.6 4.8
v -0.4 1.8 4.8
v -0.3 1.6 4.8
v -0.3 1.8 4.8
v -0.3 1.9 4.8
v -0.3 2.2 4.8
v -0.2 1.9 4.8
v -0.2 2 4.8
v -0.2 2.2 4.8
v -0.2 2.3 4.8
v 0.2 1.9 4.8
v 0.2 2 4.8
v 0.2 2.2 4.8
v 0.2 2.3 4.8
v 0.3 1.6 4.8
v 0.3 1.8 4.8
v 0.3 1.9 4.8
v 0.3 2.2 4.8
v 0.4 1.6 4.8
v 0.4 1.8 4.8
v 0.7 0.2 4.8
v 0.7 0.4 4.8
v 0.7 0.7 4.8
v 0.7 0.9 4.8
v 1.2 0.2 4.8
v 1.2 0.4 4.8
v 1.2 0.7 4.8
v 1.2 0.9 4.8
v 1.3 0 4.8
v 1.3 0.2 4.8
v 1.3 0.9 4.8
v 1.3 1.1 4.8
v 1.6 0 4.8
v 1.6 0.2 4.8
v 1.6 0.9 4.8
v 1.6 1.1 4.8
v -1.9 0 4.7
v -1.9 0.2 4.7
v -1.9 0.9 4.7
v -1.9 1.1 4.7
v -1.6 0 4.7
v -1.6 0.2 4.7
v -1.6 0.4 4.7
v -1.6 0.7 4.7
v -1.6 0.9 4.7
v -1.6 1.1 4.7
v -1.2 0.2 4.7
v -1.2 0.4 4.7
v -1.2 0.7 4.7
v -1.2 0.9 4.7
v -0.4 1.8 4.7
v -0.4 1.9 4.7
v -0.3 1.8 4.7
v -0.3 1.9 4.7
v -0.3 2.2 4.7
v -0.3 2.3 4.7
v -0.2 2.2 4.7
v -0.2 2.3 4.7
v 0.2 2.2 4.7
v 0.2 2.3 4.7
v 0.3 1.8 4.7
v 0.3 1.9 4.7
v 0.3 2.2 4.7
v 0.3 2.3 4.7
v 0.4 1.8 4.7
v 0.4 1.9 4.7
v 1.2 0.2 4.7
v 1.2 0.4 4.7
v 1.2 0.7 4.7
v 1.2 0.9 4.7
v 1.6 0 4.7
v 1.6 0.2 4.7
v 1.6 0.4 4.7
v 1.6 0.7 4.7
v 1.6 0.9 4.7
v 1.6 1.1 4.7
v 1.9 0 4.7
v 1.9 0.2 4.7
v 1.9 0.9 4.7
v 1.9 1.1 4.7
v -2.1 0 4.6
v -2.1 0.2 4.6
v -2.1 0.9 4.6
v -2.1 1.1 4.6
v -1.9 0 4.6
v -1.9 0.2 4.6
v -1.9 0.4 4.6
v -1.9 0.7 4.6
v -1.9 0.9 4.6
v -1.9 1.1 4.6
v -1.6 0.2 4.6
v -1.6 0.4 4.6
v -1.6 0.7 4.6
v -1.6 0.9 4.6
v 1.6 0.2 4.6
v 1.6 0.4 4.6
v 1.6 0.7 4.6
v 1.6 0.9 4.6
v 1.9 0 4.6
v 1.9 0.2 4.6
v 1.9 0.4 4.6
v 1.9 0.7 4.6
v 1.9 0.9 4.6
v 1.9 1.1 4.6
v 2.1 0 4.6
v 2.1 0.2 4.6
v 2.1 0.9 4.6
v 2.1 1.1 4.6
v -2.3 0 4.5
v -2.3 0.2 4.5
v -2.3 0.9 4.5
v -2.3 1.1 4.5
v -2.1 0 4.5
v -2.1 0.2 4.5
v -2.1 0.4 4.5
v -2.1 0.7 4.5
v -2.1 0.9 4.5
v -2.1 1.1 4.5
v -1.9 0.2 4.5
v -1.9 0.4 4.5
v -1.9 0.7 4.5
v -1.9 0.9 4.5
v 1.9 0.2 4.5
v 1.9 0.4 4.5
v 1.9 0.7 4.5
v 1.9 0.9 4.5
v 2.1 0 4.5
v 2.1 0.2 4.5
v 2.1 0.4 4.5
v 2.1 0.7 4.5
v 2.1 0.9 4.5
v 2.1 1.1 4.5
v 2.3 0 4.5
v 2.3 0.2 4.5
v 2.3 0.9 4.5
v 2.3 1.1 4.5
v -2.5 0 4.4
v -2.5 0.2 4.4
v -2.5 0.9 4.4
v -2.5 1.1 4.4
v -2.3 0 4.4
v -2.3 0.2 4.4
v -2.3 0.4 4.4
v -2.3 0.7 4.4
v -2.3 0.9 4.4
v -2.3 1.1 4.4
v -2.1 0.2 4.4
v -2.1 0.4 4.4
v -2.1 0.7 4.4
v -2.1 0.9 4.4
v 2.1 0.2 4.4
v 2.1 0.4 4.4
v 2.1 0.7 4.4
v 2.1 0.9 4.4
v 2.3 0 4.4
v 2.3 0.2 4.4
v 2.3 0.4 4.4
v 2.3 0.7 4.4
v 2.3 0.9 4.4
v 2.3 1.1 4.4
v 2.5 0 4.4
v 2.5 0.2 4.4
v 2.5 0.9 4.4
v 2.5 1.1 4.4
v -2.7 0 4.3
v -2.7 0.2 4.3
v -2.7 0.9 4.3
v -2.7 1.1 4.3
v -2.5 0 4.3
v -2.5 0.2 4.3
v -2.5 0.4 4.3
v -2.5 0.7 4.3
v -2.5 0.9 4.3
v -2.5 1.1 4.3
v -2.3 0.2 4.3
v -2.3 0.4 4.3
v -2.3 0.7 4.3
v -2.3 0.9 4.3
v 2.3 0.2 4.3
v 2.3 0.4 4.3
v 2.3 0.7 4.3
v 2.3 0.9 4.3
v 2.5 0 4.3
v 2.5 0.2 4.3
v 2.5 0.4 4.3
v 2.5 0.7 4.3
v 2.5 0.9 4.3
v 2.5 1.1 4.3
v 2.7 0 4.3
v 2.7 0.2 4.3
v 2.7 0.9 4.3
v 2.7 1.1 4.3
v -3.6 0 4.2
v -3.6 0.1 4.2
v -3.5 0.1 4.2
v -3.5 0.4 4.2
v -3.4 0 4.2
v -3.4 0.4 4.2
v -2.8 0 4.2
v -2.8 0.2 4.2
v -2.8 0.9 4.2
v -2.8 1.1 4.2
v -2.7 0 4.2
v -2.7 0.2 4.2
v -2.7 0.9 4.2
v -2.7 1.1 4.2
v -2.6 0.2 4.2
v -2.6 0.4 4.2
v -2.6 0.7 4.2
v -2.6 0.9 4.2
v -2.5 0.2 4.2
v -2.5 0.4 4.2
v -2.5 0.7 4.2
v -2.5 0.9 4.2
v 2.5 0.2 4.2
v 2.5 0.4 4.2
v 2.5 0.7 4.2
v 2.5 0.9 4.2
v 2.6 0.2 4.2
v 2.6 0.4 4.2
v 2.6 0.7 4.2
v 2.6 0.9 4.2
v 2.7 0 4.2
v 2.7 0.2 4.2
v 2.7 0.9 4.2
v 2.7 1.1 4.2
v 2.8 0 4.2
v 2.8 0.2 4.2
v 2.8 0.9 4.2
v 2.8 1.1 4.2
v 3.4 0 4.2
v 3.4 0.4 4.2
v 3.5 0.1 4.2
v 3.5 0.4 4.2
v 3.6 0 4.2
v 3.6 0.1 4.2
v -3.7 0 4.1
v -3.7 0.2 4.1
v -3.6 0 4.1
v -3.6 0.1 4.1
v -3.6 0.2 4.1
v -3.6 0.4 4.1
v -3.5 0.1 4.1
v -3.5 0.4 4.1
v -3.4 0 4.1
v -3.4 0.4 4.1
v -3.3 0 4.1
v -3.3 0.4 4.1
v -3 0 4.1
v -3 0.2 4.1
v -3 0.9 4.1
v -3 1.1 4.1
v -2.8 0 4.1
v -2.8 0.2 4.1
v -2.8 0.4 4.1
v -2.8 0.7 4.1
v -2.8 0.9 4.1
v -2.8 1.1 4.1
v -2.6 0.2 4.1
v -2.6 0.4 4.1
v -2.6 0.7 4.1
v -2.6 0.9 4.1
v 2.6 0.2 4.1
v 2.6 0.4 4.1
v 2.6 0.7 4.1
v 2.6 0.9 4.1
v 2.8 0 4.1
v 2.8 0.2 4.1
v 2.8 0.4 4.1
v 2.8 0.7 4.1
v 2.8 0.9 4.1
v 2.8 1.1 4.1
v 3 0 4.1
v 3 0.2 4.1
v 3 0.9 4.1
v 3 1.1 4.1
v 3.3 0 4.1
v 3.3 0.4 4.1
v 3.4 0 4.1
v 3.4 0.4 4.1
v 3.5 0.1 4.1
v 3.5 0.4 4.1
v 3.6 0 4.1
v 3.6 0.1 4.1
v 3.6 0.2 4.1
v 3.6 0.4 4.1
v 3.7 0 4.1
v 3.7 0.2 4.1
v -3.8 0 4
v -3.8 0.2 4
v -3.7 0 4
v -3.7 0.2 4
v -3.7 0.4 4
v -3.6 0.2 4
v -3.6 0.4 4
v -3.5 0.4 4
v -3.5 0.6 4
v -3.4 0.5 4
v -3.4 0.6 4
v -3.3 0 4
v -3.3 0.4 4
v -3.3 0.5 4
v -3.3 0.7 4
v -3.2 0 4
v -3.2 0.7 4
v -3.1 0 4
v -3.1 0.2 4
v -3.1 0.9 4
v -3.1 1.1 4
v -3 0 4
v -3 0.2 4
v -3 0.9 4
v -3 1.1 4
v -2.9 0.2 4
v -2.9 0.4 4
v -2.9 0.7 4
v -2.9 0.9 4
v -2.8 0.2 4
v -2.8 0.4 4
v -2.8 0.7 4
v -2.8 0.9 4
v 2.8 0.2 4
v 2.8 0.4 4
v 2.8 0.7 4
v 2.8 0.9 4
v 2.9 0.2 4
v 2.9 0.4 4
v 2.9 0.7 4
v 2.9 0.9 4
v 3 0 4
v 3 0.2 4
v 3 0.9 4
v 3 1.1 4
v 3.1 0 4
v 3.1 0.2 4
v 3.1 0.9 4
v 3.1 1.1 4
v 3.2 0 4
v 3.2 0.7 4
v 3.3 0 4
v 3.3 0.4 4
v 3.3 0.5 4
v 3.3 0.7 4
v 3.4 0.5 4
v 3.4 0.6 4
v 3.5 0.4 4
v 3.5 0.6 4
v 3.6 0.2 4
v 3.6 0.4 4
v 3.7 0 4
v 3.7 0.2 4
v 3.7 0.4 4
v 3.8 0 4
v 3.8 0.2 4
v -3.9 0 3.9
v -3.9 0.2 3.9
v -3.8 0 3.9
v -3.8 0.2 3.9
v -3.8 0.4 3.9
v -3.7 0.2 3.9
v -3.7 0.4 3.9
v -3.6 0.4 3.9
v -3.6 0.7 3.9
v -3.5 0.4 3.9
v -3.5 0.6 3.9
v -3.5 0.7 3.9
v -3.5 0.8 3.9
v -3.4 0.5 3.9
v -3.4 0.6 3.9
v -3.4 0.8 3.9
v -3.4 0.9 3.9
v -3.3 0.5 3.9
v -3.3 0.7 3.9
v -3.3 0.9 3.9
v -3.2 0 3.9
v -3.2 0.2 3.9
v -3.2 0.9 3.9
v -3.2 1.1 3.9
v -3.1 0 3.9
v -3.1 0.2 3.9
v -3.1 0.4 3.9
v -3.1 0.7 3.9
v -3.1 0.9 3.9
v -3.1 1.1 3.9
v -2.9 0.2 3.9
v -2.9 0.4 3.9
v -2.9 0.7 3.9
v -2.9 0.9 3.9
v 2.9 0.2 3.9
v 2.9 0.4 3.9
v 2.9 0.7 3.9
v 2.9 0.9 3.9
v 3.1 0 3.9
v 3.1 0.2 3.9
v 3.1 0.4 3.9
v 3.1 0.7 3.9
v 3.1 0.9 3.9
v 3.1 1.1 3.9
v 3.2 0 3.9
v 3.2 0.2 3.9
v 3.2 0.9 3.9
v 3.2 1.1 3.9
v 3.3 0.5 3.9
v 3.3 0.7 3.9
v 3.3 0.9 3.9
v 3.4 0.5 3.9
v 3.4 0.6 3.9
v 3.4 0.8 3.9
v 3.4 0.9 3.9
v 3.5 0.4 3.9
v 3.5 0.6 3.9
v 3.5 0.7 3.9
v 3.5 0.8 3.9
v 3.6 0.4 3.9
v 3.6 0.7 3.9
v 3.7 0.2 3.9
v 3.7 0.4 3.9
v 3.8 0 3.9
v 3.8 0.2 3.9
v 3.8 0.4 3.9
v 3.9 0 3.9
v 3.9 0.2 3.9
v -4 0 3.8
v -4 0.2 3.8
v -3.9 0 3.8
v -3.9 0.2 3.8
v -3.9 0.4 3.8
v -3.8 0.2 3.8
v -3.8 0.4 3.8
v -3.7 0.4 3.8
v -3.7 0.7 3.8
v -3.6 0.4 3.8
v -3.6 0.7 3.8
v -3.6 0.8 3.8
v -3.5 0.7 3.8
v -3.5 0.8 3.8
v -3.5 1 3.8
v -3.4 0.8 3.8
v -3.4 0.9 3.8
v -3.3 0.7 3.8
v -3.3 0.9 3.8
v -3.3 1 3.8
v -3.3 1.1 3.8
v -3.2 0.2 3.8
v -3.2 0.4 3.8
v -3.2 0.7 3.8
v -3.2 0.9 3.8
v -3.2 1 3.8
v -3.2 1.1 3.8
v -3.1 0.2 3.8
v -3.1 0.4 3.8
v -3.1 0.7 3.8
v -3.1 0.9 3.8
v 3.1 0.2 3.8
v 3.1 0.4 3.8
v 3.1 0.7 3.8
v 3.1 0.9 3.8
v 3.2 0.2 3.8
v 3.2 0.4 3.8
v 3.2 0.7 3.8
v 3.2 0.9 3.8
v 3.2 1 3.8
v 3.2 1.1 3.8
v 3.3 0.7 3.8
v 3.3 0.9 3.8
v 3.3 1 3.8
v 3.3 1.1 3.8
v 3.4 0.8 3.8
v 3.4 0.9 3.8
v 3.5 0.7 3.8
v 3.5 0.8 3.8
v 3.5 1 3.8
v 3.6 0.4 3.8
v 3.6 0.7 3.8
v 3.6 0.8 3.8
v 3.7 0.4 3.8
v 3.7 0.7 3.8
v 3.8 0.2 3.8
v 3.8 0.4 3.8
v 3.9 0 3.8
v 3.9 0.2 3.8
v 3.9 0.4 3.8
v 4 0 3.8
v 4 0.2 3.8
v -4.1 0 3.7
v -4.1 0.2 3.7
v -4 0 3.7
v -4 0.2 3.7
v -4 0.4 3.7
v -3.9 0.2 3.7
v -3.9 0.4 3.7
v -3.8 0.4 3.7
v -3.8 0.7 3.7
v -3.7 0.4 3.7
v -3.7 0.7 3.7
v -3.7 0.8 3.7
v -3.6 0.7 3.7
v -3.6 0.8 3.7
v -3.6 1 3.7
v -3.5 0.8 3.7
v -3.5 1 3.7
v -3.4 1 3.7
v -3.4 1.2 3.7
v -3.3 1 3.7
v -3.3 1.1 3.7
v -3.3 1.2 3.7
v -3.3 1.4 3.7
v -3.2 1.2 3.7
v -3.2 1.4 3.7
v -3.1 1.1 3.7
v -3.1 1.2 3.7
v 3.1 1.1 3.7
v 3.1 1.2 3.7
v 3.2 1.2 3.7
v 3.2 1.4 3.7
v 3.3 1 3.7
v 3.3 1.1 3.7
v 3.3 1.2 3.7
v 3.3 1.4 3.7
v 3.4 1 3.7
v 3.4 1.2 3.7
v 3.5 0.8 3.7
v 3.5 1 3.7
v 3.6 0.7 3.7
v 3.6 0.8 3.7
v 3.6 1 3.7
v 3.7 0.4 3.7
v 3.7 0.7 3.7
v 3.7 0.8 3.7
v 3.8 0.4 3.7
v 3.8 0.7 3.7
v 3.9 0.2 3.7
v 3.9 0.4 3.7
v 4 0 3.7
v 4 0.2 3.7
v 4 0.4 3.7
v 4.1 0 3.7
v 4.1 0.2 3.7
v -4.2 0 3.6
v -4.2 0.1 3.6
v -4.1 0 3.6
v -4.1 0.1 3.6
v -4.1 0.2 3.6
v -4.1 0.4 3.6
v -4 0.2 3.6
v -4 0.4 3.6
v -3.9 0.4 3.6
v -3.9 0.7 3.6
v -3.8 0.4 3.6
v -3.8 0.7 3.6
v -3.8 0.8 3.6
v -3.7 0.7 3.6
v -3.7 0.8 3.6
v -3.7 1 3.6
v -3.6 0.8 3.6
v -3.6 1 3.6
v -3.5 1 3.6
v -3.5 1.3 3.6
v -3.4 1 3.6
v -3.4 1.2 3.6
v -3.4 1.3 3.6
v -3.4 1.5 3.6
v -3.3 1.2 3.6
v -3.3 1.4 3.6
v -3.3 1.5 3.6
v -3.2 1.2 3.6
v -3.2 1.4 3.6
v -3.2 1.6 3.6
v -3.1 1.1 3.6
v -3.1 1.2 3.6
v -3.1 1.4 3.6
v -3.1 1.6 3.6
v -3 1.1 3.6
v -3 1.4 3.6
v 3 1.1 3.6
v 3 1.4 3.6
v 3.1 1.1 3.6
v 3.1 1.2 3.6
v 3.1 1.4 3.6
v 3.1 1.6 3.6
v 3.2 1.2 3.6
v 3.2 1.4 3.6
v 3.2 1.6 3.6
v 3.3 1.2 3.6
v 3.3 1.4 3.6
v 3.3 1.5 3.6
v 3.4 1 3.6
v 3.4 1.2 3.6
v 3.4 1.3 3.6
v 3.4 1.5 3.6
v 3.5 1 3.6
v 3.5 1.3 3.6
v 3.6 0.8 3.6
v 3.6 1 3.6
v 3.7 0.7 3.6
v 3.7 0.8 3.6
v 3.7 1 3.6
v 3.8 0.4 3.6
v 3.8 0.7 3.6
v 3.8 0.8 3.6
v 3.9 0.4 3.6
v 3.9 0.7 3.6
v 4 0.2 3.6
v 4 0.4 3.6
v 4.1 0 3.6
v 4.1 0.1 3.6
v 4.1 0.2 3.6
v 4.1 0.4 3.6
v 4.2 0 3.6
v 4.2 0.1 3.6
v -4.2 0.1 3.5
v -4.2 0.4 3.5
v -4.1 0.1 3.5
v -4.1 0.4 3.5
v -4 0.4 3.5
v -4 0.6 3.5
v -3.9 0.4 3.5
v -3.9 0.6 3.5
v -3.9 0.7 3.5
v -3.9 0.8 3.5
v -3.8 0.7 3.5
v -3.8 0.8 3.5
v -3.8 1 3.5
v -3.7 0.8 3.5
v -3.7 1 3.5
v -3.6 1 3.5
v -3.6 1.3 3.5
v -3.5 1 3.5
v -3.5 1.3 3.5
v -3.5 1.5 3.5
v -3.4 1.3 3.5
v -3.4 1.5 3.5
v -3.3 1.4 3.5
v -3.3 1.5 3.5
v -3.3 1.7 3.5
v -3.2 1.4 3.5
v -3.2 1.6 3.5
v -3.1 1.4 3.5
v -3.1 1.6 3.5
v -3 1.1 3.5
v -3 1.4 3.5
v -3 1.7 3.5
v -2.9 1.1 3.5
v -2.9 1.4 3.5
v 2.9 1.1 3.5
v 2.9 1.4 3.5
v 3 1.1 3.5
v 3 1.4 3.5
v 3 1.7 3.5
v 3.1 1.4 3.5
v 3.1 1.6 3.5
v 3.2 1.4 3.5
v 3.2 1.6 3.5
v 3.3 1.4 3.5
v 3.3 1.5 3.5
v 3.3 1.7 3.5
v 3.4 1.3 3.5
v 3.4 1.5 3.5
v 3.5 1 3.5
v 3.5 1.3 3.5
v 3.5 1.5 3.5
v 3.6 1 3.5
v 3.6 1.3 3.5
v 3.7 0.8 3.5
v 3.7 1 3.5
v 3.8 0.7 3.5
v 3.8 0.8 3.5
v 3.8 1 3.5
v 3.9 0.4 3.5
v 3.9 0.6 3.5
v 3.9 0.7 3.5
v 3.9 0.8 3.5
v 4 0.4 3.5
v 4 0.6 3.5
v 4.1 0.1 3.5
v 4.1 0.4 3.5
v 4.2 0.1 3.5
v 4.2 0.4 3.5
v -3.9 0.8 3.4
v -3.9 0.9 3.4
v -3.8 0.8 3.4
v -3.8 0.9 3.4
v -3.7 1 3.4
v -3.7 1.2 3.4
v -3.6 1 3.4
v -3.6 1.2 3.4
v -3.6 1.3 3.4
v -3.6 1.5 3.4
v -3.5 1.3 3.4
v -3.5 1.5 3.4
v -3.4 1.5 3.4
v -3.4 1.7 3.4
v -3.3 1.5 3.4
v -3.3 1.7 3.4
v 3.3 1.5 3.4
v 3.3 1.7 3.4
v 3.4 1.5 3.4
v 3.4 1.7 3.4
v 3.5 1.3 3.4
v 3.5 1.5 3.4
v 3.6 1 3.4
v 3.6 1.2 3.4
v 3.6 1.3 3.4
v 3.6 1.5 3.4
v 3.7 1 3.4
v 3.7 1.2 3.4
v 3.8 0.8 3.4
v 3.8 0.9 3.4
v 3.9 0.8 3.4
v 3.9 0.9 3.4
v -4 0.5 3.3
v -4 0.7 3.3
v -3.9 0.5 3.3
v -3.9 0.7 3.3
v -3.8 1 3.3
v -3.8 1.1 3.3
v -3.7 1 3.3
v -3.7 1.1 3.3
v -3.7 1.2 3.3
v -3.7 1.4 3.3
v -3.6 1.2 3.3
v -3.6 1.4 3.3
v -3.5 1.5 3.3
v -3.5 1.7 3.3
v -3.4 1.5 3.3
v -3.4 1.7 3.3
v 3.4 1.5 3.3
v 3.4 1.7 3.3
v 3.5 1.5 3.3
v 3.5 1.7 3.3
v 3.6 1.2 3.3
v 3.6 1.4 3.3
v 3.7 1 3.3
v 3.7 1.1 3.3
v 3.7 1.2 3.3
v 3.7 1.4 3.3
v 3.8 1 3.3
v 3.8 1.1 3.3
v 3.9 0.5 3.3
v 3.9 0.7 3.3
v 4 0.5 3.3
v 4 0.7 3.3
v -3.9 0.9 3.2
v -3.9 1.1 3.2
v -3.8 0.9 3.2
v -3.8 1 3.2
v -3.8 1.1 3.2
v -3.6 1.4 3.2
v -3.6 1.6 3.2
v -3.5 1.4 3.2
v -3.5 1.6 3.2
v 3.5 1.4 3.2
v 3.5 1.6 3.2
v 3.6 1.4 3.2
v 3.6 1.6 3.2
v 3.8 0.9 3.2
v 3.8 1 3.2
v 3.8 1.1 3.2
v 3.9 0.9 3.2
v 3.9 1.1 3.2
v -4 0 3.1
v -4 0.2 3.1
v -4 0.9 3.1
v -4 1.1 3.1
v -3.9 0 3.1
v -3.9 0.2 3.1
v -3.9 0.4 3.1
v -3.9 0.7 3.1
v -3.9 0.9 3.1
v -3.9 1.1 3.1
v -3.8 0.2 3.1
v -3.8 0.4 3.1
v -3.8 0.7 3.1
v -3.8 0.9 3.1
v 3.8 0.2 3.1
v 3.8 0.4 3.1
v 3.8 0.7 3.1
v 3.8 0.9 3.1
v 3.9 0 3.1
v 3.9 0.2 3.1
v 3.9 0.4 3.1
v 3.9 0.7 3.1
v 3.9 0.9 3.1
v 3.9 1.1 3.1
v 4 0 3.1
v 4 0.2 3.1
v 4 0.9 3.1
v 4 1.1 3.1
v -4.1 0 3
v -4.1 0.2 3
v -4.1 0.9 3
v -4.1 1.1 3
v -4 0 3
v -4 0.2 3
v -4 0.9 3
v -4 1.1 3
v 4 0 3
v 4 0.2 3
v 4 0.9 3
v 4 1.1 3
v 4.1 0 3
v 4.1 0.2 3
v 4.1 0.9 3
v 4.1 1.1 3
v -4 0.2 2.9
v -4 0.4 2.9
v -4 0.7 2.9
v -4 0.9 2.9
v -3.9 0.2 2.9
v -3.9 0.4 2.9
v -3.9 0.7 2.9
v -3.9 0.9 2.9
v 3.9 0.2 2.9
v 3.9 0.4 2.9
v 3.9 0.7 2.9
v 3.9 0.9 2.9
v 4 0.2 2.9
v 4 0.4 2.9
v 4 0.7 2.9
v 4 0.9 2.9
v -4.2 0 2.8
v -4.2 0.2 2.8
v -4.2 0.9 2.8
v -4.2 1.1 2.8
v -4.1 0 2.8
v -4.1 0.2 2.8
v -4.1 0.4 2.8
v -4.1 0.7 2.8
v -4.1 0.9 2.8
v -4.1 1.1 2.8
v -4 0.2 2.8
v -4 0.4 2.8
v -4 0.7 2.8
v -4 0.9 2.8
v 4 0.2 2.8
v 4 0.4 2.8
v 4 0.7 2.8
v 4 0.9 2.8
v 4.1 0 2.8
v 4.1 0.2 2.8
v 4.1 0.4 2.8
v 4.1 0.7 2.8
v 4.1 0.9 2.8
v 4.1 1.1 2.8
v 4.2 0 2.8
v 4.2 0.2 2.8
v 4.2 0.9 2.8
v 4.2 1.1 2.8
v -4.3 0 2.7
v -4.3 0.2 2.7
v -4.3 0.9 2.7
v -4.3 1.1 2.7
v -4.2 0 2.7
v -4.2 0.2 2.7
v -4.2 0.9 2.7
v -4.2 1.1 2.7
v 4.2 0 2.7
v 4.2 0.2 2.7
v 4.2 0.9 2.7
v 4.2 1.1 2.7
v 4.3 0 2.7
v 4.3 0.2 2.7
v 4.3 0.9 2.7
v 4.3 1.1 2.7
v -4.2 0.2 2.6
v -4.2 0.4 2.6
v -4.2 0.7 2.6
v -4.2 0.9 2.6
v -4.1 0.2 2.6
v -4.1 0.4 2.6
v -4.1 0.7 2.6
v -4.1 0.9 2.6
v 4.1 0.2 2.6
v 4.1 0.4 2.6
v 4.1 0.7 2.6
v 4.1 0.9 2.6
v 4.2 0.2 2.6
v 4.2 0.4 2.6
v 4.2 0.7 2.6
v 4.2 0.9 2.6
v -4.4 0 2.5
v -4.4 0.2 2.5
v -4.4 0.9 2.5
v -4.4 1.1 2.5
v -4.3 0 2.5
v -4.3 0.2 2.5
v -4.3 0.4 2.5
v -4.3 0.7 2.5
v -4.3 0.9 2.5
v -4.3 1.1 2.5
v -4.2 0.2 2.5
v -4.2 0.4 2.5
v -4.2 0.7 2.5
v -4.2 0.9 2.5
v 4.2 0.2 2.5
v 4.2 0.4 2.5
v 4.2 0.7 2.5
v 4.2 0.9 2.5
v 4.3 0 2.5
v 4.3 0.2 2.5
v 4.3 0.4 2.5
v 4.3 0.7 2.5
v 4.3 0.9 2.5
v 4.3 1.1 2.5
v 4.4 0 2.5
v 4.4 0.2 2.5
v 4.4 0.9 2.5
v 4.4 1.1 2.5
v -4.5 0 2.3
v -4.5 0.2 2.3
v -4.5 0.9 2.3
v -4.5 1.1 2.3
v -4.4 0 2.3
v -4.4 0.2 2.3
v -4.4 0.4 2.3
v -4.4 0.7 2.3
v -4.4 0.9 2.3
v -4.4 1.1 2.3
v -4.3 0.2 2.3
v -4.3 0.4 2.3
v -4.3 0.7 2.3
v -4.3 0.9 2.3
v 4.3 0.2 2.3
v 4.3 0.4 2.3
v 4.3 0.7 2.3
v 4.3 0.9 2.3
v 4.4 0 2.3
v 4.4 0.2 2.3
v 4.4 0.4 2.3
v 4.4 0.7 2.3
v 4.4 0.9 2.3
v 4.4 1.1 2.3
v 4.5 0 2.3
v 4.5 0.2 2.3
v 4.5 0.9 2.3
v 4.5 1.1 2.3
v -4.6 0 2.1
v -4.6 0.2 2.1
v -4.6 0.9 2.1
v -4.6 1.1 2.1
v -4.5 0 2.1
v -4.5 0.2 2.1
v -4.5 0.4 2.1
v -4.5 0.7 2.1
v -4.5 0.9 2.1
v -4.5 1.1 2.1
v -4.4 0.2 2.1
v -4.4 0.4 2.1
v -4.4 0.7 2.1
v -4.4 0.9 2.1
v 4.4 0.2 2.1
v 4.4 0.4 2.1
v 4.4 0.7 2.1
v 4.4 0.9 2.1
v 4.5 0 2.1
v 4.5 0.2 2.1
v 4.5 0.4 2.1
v 4.5 0.7 2.1
v 4.5 0.9 2.1
v 4.5 1.1 2.1
v 4.6 0 2.1
v 4.6 0.2 2.1
v 4.6 0.9 2.1
v 4.6 1.1 2.1
v -4.7 0 1.9
v -4.7 0.2 1.9
v -4.7 0.9 1.9
v -4.7 1.1 1.9
v -4.6 0 1.9
v -4.6 0.2 1.9
v -4.6 0.4 1.9
v -4.6 0.7 1.9
v -4.6 0.9 1.9
v -4.6 1.1 1.9
v -4.5 0.2 1.9
v -4.5 0.4 1.9
v -4.5 0.7 1.9
v -4.5 0.9 1.9
v 4.5 0.2 1.9
v 4.5 0.4 1.9
v 4.5 0.7 1.9
v 4.5 0.9 1.9
v 4.6 0 1.9
v 4.6 0.2 1.9
v 4.6 0.4 1.9
v 4.6 0.7 1.9
v 4.6 0.9 1.9
v 4.6 1.1 1.9
v 4.7 0 1.9
v 4.7 0.2 1.9
v 4.7 0.9 1.9
v 4.7 1.1 1.9
v -4.8 0 1.6
v -4.8 0.2 1.6
v -4.8 0.9 1.6
v -4.8 1.1 1.6
v -4.7 0 1.6
v -4.7 0.2 1.6
v -4.7 0.4 1.6
v -4.7 0.7 1.6
v -4.7 0.9 1.6
v -4.7 1.1 1.6
v -4.6 0.2 1.6
v -4.6 0.4 1.6
v -4.6 0.7 1.6
v -4.6 0.9 1.6
v 4.6 0.2 1.6
v 4.6 0.4 1.6
v 4.6 0.7 1.6
v 4.6 0.9 1.6
v 4.7 0 1.6
v 4.7 0.2 1.6
v 4.7 0.4 1.6
v 4.7 0.7 1.6
v 4.7 0.9 1.6
v 4.7 1.1 1.6
v 4.8 0 1.6
v 4.8 0.2 1.6
v 4.8 0.9 1.6
v 4.8 1.1 1.6
v -4.9 0 1.3
v -4.9 0.2 1.3
v -4.9 0.9 1.3
v -4.9 1.1 1.3
v -4.8 0 1.3
v -4.8 0.2 1.3
v -4.8 0.9 1.3
v -4.8 1.1 1.3
v 4.8 0 1.3
v 4.8 0.2 1.3
v 4.8 0.9 1.3
v 4.8 1.1 1.3
v 4.9 0 1.3
v 4.9 0.2 1.3
v 4.9 0.9 1.3
v 4.9 1.1 1.3
v -4.8 0.2 1.2
v -4.8 0.4 1.2
v -4.8 0.7 1.2
v -4.8 0.9 1.2
v -4.7 0.2 1.2
v -4.7 0.4 1.2
v -4.7 0.7 1.2
v -4.7 0.9 1.2
v 4.7 0.2 1.2
v 4.7 0.4 1.2
v 4.7 0.7 1.2
v 4.7 0.9 1.2
v 4.8 0.2 1.2
v 4.8 0.4 1.2
v 4.8 0.7 1.2
v 4.8 0.9 1.2
v -5 0 0.8
v -5 0.2 0.8
v -5 0.9 0.8
v -5 1.1 0.8
v -4.9 0 0.8
v -4.9 0.2 0.8
v -4.9 0.9 0.8
v -4.9 1.1 0.8
v 4.9 0 0.8
v 4.9 0.2 0.8
v 4.9 0.9 0.8
v 4.9 1.1 0.8
v 5 0 0.8
v 5 0.2 0.8
v 5 0.9 0.8
v 5 1.1 0.8
v -4.9 0.2 0.7
v -4.9 0.4 0.7
v -4.9 0.7 0.7
v -4.9 0.9 0.7
v -4.8 0.2 0.7
v -4.8 0.4 0.7
v -4.8 0.7 0.7
v -4.8 0.9 0.7
v 4.8 0.2 0.7
v 4.8 0.4 0.7
v 4.8 0.7 0.7
v 4.8 0.9 0.7
v 4.9 0.2 0.7
v 4.9 0.4 0.7
v 4.9 0.7 0.7
v 4.9 0.9 0.7
v -5.5 0 0.5
v -5.5 0.2 0.5
v -5.4 0.2 0.5
v -5.4 0.5 0.5
v -5.2 0.5 0.5
v -5.2 0.7 0.5
v -5.1 0.7 0.5
v -5.1 0.9 0.5
v -5 0 0.5
v -5 0.2 0.5
v -5 0.9 0.5
v 5 0 0.5
v 5 0.2 0.5
v 5 0.9 0.5
v 5.1 0.7 0.5
v 5.1 0.9 0.5
v 5.2 0.5 0.5
v 5.2 0.7 0.5
v 5.4 0.2 0.5
v 5.4 0.5 0.5
v 5.5 0 0.5
v 5.5 0.2 0.5
v -5.5 0.2 0.4
v -5.5 0.3 0.4
v -5.4 0.2 0.4
v -5.4 0.3 0.4
v -5.4 0.5 0.4
v -5.4 0.6 0.4
v -5.3 0.6 0.4
v -5.3 0.8 0.4
v -5.2 0.5 0.4
v -5.2 0.7 0.4
v -5.2 0.8 0.4
v -5.2 1 0.4
v -5.1 0.7 0.4
v -5.1 0.9 0.4
v -5.1 1 0.4
v -5.1 1.2 0.4
v -5 0.2 0.4
v -5 0.9 0.4
v -5 1.1 0.4
v -5 1.2 0.4
v -5 1.3 0.4
v -4.9 0.2 0.4
v -4.9 0.4 0.4
v -4.9 0.7 0.4
v -4.9 0.9 0.4
v -4.9 1.3 0.4
v -4.9 1.6 0.4
v -4.8 1.6 0.4
v -4.8 1.8 0.4
v -4.7 1.8 0.4
v -4.7 1.9 0.4
v -4.5 1.1 0.4
v -4.5 1.9 0.4
v 4.5 1.1 0.4
v 4.5 1.9 0.4
v 4.7 1.8 0.4
v 4.7 1.9 0.4
v 4.8 1.6 0.4
v 4.8 1.8 0.4
v 4.9 0.2 0.4
v 4.9 0.4 0.4
v 4.9 0.7 0.4
v 4.9 0.9 0.4
v 4.9 1.3 0.4
v 4.9 1.6 0.4
v 5 0.2 0.4
v 5 0.9 0.4
v 5 1.1 0.4
v 5 1.2 0.4
v 5 1.3 0.4
v 5.1 0.7 0.4
v 5.1 0.9 0.4
v 5.1 1 0.4
v 5.1 1.2 0.4
v 5.2 0.5 0.4
v 5.2 0.7 0.4
v 5.2 0.8 0.4
v 5.2 1 0.4
v 5.3 0.6 0.4
v 5.3 0.8 0.4
v 5.4 0.2 0.4
v 5.4 0.3 0.4
v 5.4 0.5 0.4
v 5.4 0.6 0.4
v 5.5 0.2 0.4
v 5.5 0.3 0.4
v -5.3 0.8 0.3
v -5.3 0.9 0.3
v -5.2 0.8 0.3
v -5.2 0.9 0.3
v -5.2 1 0.3
v -5.2 1.1 0.3
v -5.1 1 0.3
v -5.1 1.1 0.3
v -5.1 1.2 0.3
v -5.1 1.3 0.3
v -5 1.2 0.3
v -5 1.3 0.3
v -5 1.6 0.3
v -4.9 1.3 0.3
v -4.9 1.6 0.3
v -4.9 1.9 0.3
v -4.8 1.6 0.3
v -4.8 1.8 0.3
v -4.8 1.9 0.3
v -4.8 2.2 0.3
v -4.7 1.8 0.3
v -4.7 1.9 0.3
v -4.7 2.2 0.3
v -4.7 2.3 0.3
v -4.5 1.9 0.3
v -4.5 2.3 0.3
v 4.5 1.9 0.3
v 4.5 2.3 0.3
v 4.7 1.8 0.3
v 4.7 1.9 0.3
v 4.7 2.2 0.3
v 4.7 2.3 0.3
v 4.8 1.6 0.3
v 4.8 1.8 0.3
v 4.8 1.9 0.3
v 4.8 2.2 0.3
v 4.9 1.3 0.3
v 4.9 1.6 0.3
v 4.9 1.9 0.3
v 5 1.2 0.3
v 5 1.3 0.3
v 5 1.6 0.3
v 5.1 1 0.3
v 5.1 1.1 0.3
v 5.1 1.2 0.3
v 5.1 1.3 0.3
v 5.2 0.8 0.3
v 5.2 0.9 0.3
v 5.2 1 0.3
v 5.2 1.1 0.3
v 5.3 0.8 0.3
v 5.3 0.9 0.3
v -5.1 1.3 0.2
v -5.1 1.4 0.2
v -5 1.3 0.2
v -5 1.4 0.2
v -5 1.6 0.2
v -5 1.7 0.2
v -4.9 1.6 0.2
v -4.9 1.7 0.2
v -4.9 1.9 0.2
v -4.9 2 0.2
v -4.8 1.9 0.2
v -4.8 2 0.2
v -4.8 2.2 0.2
v -4.8 2.3 0.2
v -4.7 2.2 0.2
v -4.7 2.3 0.2
v 4.7 2.2 0.2
v 4.7 2.3 0.2
v 4.8 1.9 0.2
v 4.8 2 0.2
v 4.8 2.2 0.2
v 4.8 2.3 0.2
v 4.9 1.6 0.2
v 4.9 1.7 0.2
v 4.9 1.9 0.2
v 4.9 2 0.2
v 5 1.3 0.2
v 5 1.4 0.2
v 5 1.6 0.2
v 5 1.7 0.2
v 5.1 1.3 0.2
v 5.1 1.4 0.2
v -4.5 0.2 -0.7
v -4.5 0.4 -0.7
v -4.5 0.7 -0.7
v -4.5 0.9 -0.7
v -4.5 1.1 -0.7
v -4.4 0.2 -0.7
v -4.4 0.4 -0.7
v -4.4 0.7 -0.7
v -4.4 0.9 -0.7
v -4.4 1.1 -0.7
v 4.4 0.2 -0.7
v 4.4 0.4 -0.7
v 4.4 0.7 -0.7
v 4.4 0.9 -0.7
v 4.4 1.1 -0.7
v 4.5 0.2 -0.7
v 4.5 0.4 -0.7
v 4.5 0.7 -0.7
v 4.5 0.9 -0.7
v 4.5 1.1 -0.7
v -4.4 0.2 -1.2
v -4.4 0.4 -1.2
v -4.4 0.7 -1.2
v -4.4 0.9 -1.2
v -4.4 1.1 -1.2
v -4.3 0.2 -1.2
v -4.3 0.4 -1.2
v -4.3 0.7 -1.2
v -4.3 0.9 -1.2
v -4.3 1.1 -1.2
v 4.3 0.2 -1.2
v 4.3 0.4 -1.2
v 4.3 0.7 -1.2
v 4.3 0.9 -1.2
v 4.3 1.1 -1.2
v 4.4 0.2 -1.2
v 4.4 0.4 -1.2
v 4.4 0.7 -1.2
v 4.4 0.9 -1.2
v 4.4 1.1 -1.2
v -4.3 0.2 -1.5
v -4.3 0.4 -1.5
v -4.3 0.7 -1.5
v -4.3 0.9 -1.5
v -4.3 1.1 -1.5
v -4.2 0.2 -1.5
v -4.2 0.4 -1.5
v -4.2 0.7 -1.5
v -4.2 0.9 -1.5
v -4.2 1.1 -1.5
v 4.2 0.2 -1.5
v 4.2 0.4 -1.5
v 4.2 0.7 -1.5
v 4.2 0.9 -1.5
v 4.2 1.1 -1.5
v 4.3 0.2 -1.5
v 4.3 0.4 -1.5
v 4.3 0.7 -1.5
v 4.3 0.9 -1.5
v 4.3 1.1 -1.5
v -4.2 0.2 -1.8
v -4.2 0.4 -1.8
v -4.2 0.7 -1.8
v -4.2 0.9 -1.8
v -4.2 1.1 -1.8
v -4.1 0.2 -1.8
v -4.1 0.4 -1.8
v -4.1 0.7 -1.8
v -4.1 0.9 -1.8
v -4.1 1.1 -1.8
v 4.1 0.2 -1.8
v 4.1 0.4 -1.8
v 4.1 0.7 -1.8
v 4.1 0.9 -1.8
v 4.1 1.1 -1.8
v 4.2 0.2 -1.8
v 4.2 0.4 -1.8
v 4.2 0.7 -1.8
v 4.2 0.9 -1.8
v 4.2 1.1 -1.8
v -4.1 0.2 -2
v -4.1 0.4 -2
v -4.1 0.7 -2
v -4.1 0.9 -2
v -4.1 1.1 -2
v -4 0.2 -2
v -4 0.4 -2
v -4 0.7 -2
v -4 0.9 -2
v -4 1.1 -2
v 4 0.2 -2
v 4 0.4 -2
v 4 0.7 -2
v 4 0.9 -2
v 4 1.1 -2
v 4.1 0.2 -2
v 4.1 0.4 -2
v 4.1 0.7 -2
v 4.1 0.9 -2
v 4.1 1.1 -2
v -4 0.2 -2.2
v -4 0.4 -2.2
v -4 0.7 -2.2
v -4 0.9 -2.2
v -4 1.1 -2.2
v -3.9 0.2 -2.2
v -3.9 0.4 -2.2
v -3.9 0.7 -2.2
v -3.9 0.9 -2.2
v -3.9 1.1 -2.2
v 3.9 0.2 -2.2
v 3.9 0.4 -2.2
v 3.9 0.7 -2.2
v 3.9 0.9 -2.2
v 3.9 1.1 -2.2
v 4 0.2 -2.2
v 4 0.4 -2.2
v 4 0.7 -2.2
v 4 0.9 -2.2
v 4 1.1 -2.2
v -3.9 0.2 -2.4
v -3.9 0.4 -2.4
v -3.9 0.7 -2.4
v -3.9 0.9 -2.4
v -3.9 1.1 -2.4
v -3.8 0.2 -2.4
v -3.8 0.4 -2.4
v -3.8 0.7 -2.4
v -3.8 0.9 -2.4
v -3.8 1.1 -2.4
v 3.8 0.2 -2.4
v 3.8 0.4 -2.4
v 3.8 0.7 -2.4
v 3.8 0.9 -2.4
v 3.8 1.1 -2.4
v 3.9 0.2 -2.4
v 3.9 0.4 -2.4
v 3.9 0.7 -2.4
v 3.9 0.9 -2.4
v 3.9 1.1 -2.4
v -3.8 0.2 -2.5
v -3.8 0.4 -2.5
v -3.8 0.7 -2.5
v -3.8 0.9 -2.5
v -3.8 1.1 -2.5
v -3.7 0.2 -2.5
v -3.7 0.4 -2.5
v -3.7 0.7 -2.5
v -3.7 0.9 -2.5
v -3.7 1.1 -2.5
v 3.7 0.2 -2.5
v 3.7 0.4 -2.5
v 3.7 0.7 -2.5
v 3.7 0.9 -2.5
v 3.7 1.1 -2.5
v 3.8 0.2 -2.5
v 3.8 0.4 -2.5
v 3.8 0.7 -2.5
v 3.8 0.9 -2.5
v 3.8 1.1 -2.5
v -3.7 0.2 -2.7
v -3.7 0.4 -2.7
v -3.7 0.7 -2.7
v -3.7 0.9 -2.7
v -3.7 1.1 -2.7
v -3.6 0.2 -2.7
v -3.6 0.4 -2.7
v -3.6 0.7 -2.7
v -3.6 0.9 -2.7
v -3.6 1.1 -2.7
v 3.6 0.2 -2.7
v 3.6 0.4 -2.7
v 3.6 0.7 -2.7
v 3.6 0.9 -2.7
v 3.6 1.1 -2.7
v 3.7 0.2 -2.7
v 3.7 0.4 -2.7
v 3.7 0.7 -2.7
v 3.7 0.9 -2.7
v 3.7 1.1 -2.7
v -3.6 0.2 -2.8
v -3.6 0.4 -2.8
v -3.6 0.7 -2.8
v -3.6 0.9 -2.8
v -3.6 1.1 -2.8
v -3.5 0.2 -2.8
v -3.5 0.4 -2.8
v -3.5 0.7 -2.8
v -3.5 0.9 -2.8
v -3.5 1.1 -2.8
v 3.5 0.2 -2.8
v 3.5 0.4 -2.8
v 3.5 0.7 -2.8
v 3.5 0.9 -2.8
v 3.5 1.1 -2.8
v 3.6 0.2 -2.8
v 3.6 0.4 -2.8
v 3.6 0.7 -2.8
v 3.6 0.9 -2.8
v 3.6 1.1 -2.8
v -3.5 0.2 -2.9
v -3.5 0.4 -2.9
v -3.5 0.7 -2.9
v -3.5 0.9 -2.9
v -3.5 1.1 -2.9
v -3.5 1.4 -2.9
v -3.4 0.2 -2.9
v -3.4 1.4 -2.9
v 3.4 0.2 -2.9
v 3.4 1.4 -2.9
v 3.5 0.2 -2.9
v 3.5 0.4 -2.9
v 3.5 0.7 -2.9
v 3.5 0.9 -2.9
v 3.5 1.1 -2.9
v 3.5 1.4 -2.9
v -3.6 1.1 -3
v -3.6 1.4 -3
v -3.5 1.1 -3
v -3.5 1.4 -3
v -3.5 1.7 -3
v -3.4 0.2 -3
v -3.4 1.3 -3
v -3.4 1.4 -3
v -3.3 0.2 -3
v -3.3 1.3 -3
v -3.3 1.7 -3
v 3.3 0.2 -3
v 3.3 1.3 -3
v 3.3 1.7 -3
v 3.4 0.2 -3
v 3.4 1.3 -3
v 3.4 1.4 -3
v 3.5 1.1 -3
v 3.5 1.4 -3
v 3.5 1.7 -3
v 3.6 1.1 -3
v 3.6 1.4 -3
v -3.7 1.1 -3.1
v -3.7 1.2 -3.1
v -3.6 1.1 -3.1
v -3.6 1.2 -3.1
v -3.6 1.4 -3.1
v -3.6 1.6 -3.1
v -3.5 1.4 -3.1
v -3.5 1.6 -3.1
v -3.3 0.2 -3.1
v -3.3 1.3 -3.1
v -3.3 1.6 -3.1
v -3.3 1.7 -3.1
v -3.2 0.2 -3.1
v -3.2 1.6 -3.1
v -3.2 1.7 -3.1
v 3.2 0.2 -3.1
v 3.2 1.6 -3.1
v 3.2 1.7 -3.1
v 3.3 0.2 -3.1
v 3.3 1.3 -3.1
v 3.3 1.6 -3.1
v 3.3 1.7 -3.1
v 3.5 1.4 -3.1
v 3.5 1.6 -3.1
v 3.6 1.1 -3.1
v 3.6 1.2 -3.1
v 3.6 1.4 -3.1
v 3.6 1.6 -3.1
v 3.7 1.1 -3.1
v 3.7 1.2 -3.1
v -4 0 -3.2
v -4 0.7 -3.2
v -3.9 0 -3.2
v -3.9 0.2 -3.2
v -3.8 0.2 -3.2
v -3.8 0.4 -3.2
v -3.8 0.7 -3.2
v -3.7 1.2 -3.2
v -3.7 1.4 -3.2
v -3.6 1.2 -3.2
v -3.6 1.4 -3.2
v -3.2 0.2 -3.2
v -3.2 1.6 -3.2
v -3.2 1.7 -3.2
v -3.1 0.2 -3.2
v -3.1 1.6 -3.2
v -3.1 1.7 -3.2
v 3.1 0.2 -3.2
v 3.1 1.6 -3.2
v 3.1 1.7 -3.2
v 3.2 0.2 -3.2
v 3.2 1.6 -3.2
v 3.2 1.7 -3.2
v 3.6 1.2 -3.2
v 3.6 1.4 -3.2
v 3.7 1.2 -3.2
v 3.7 1.4 -3.2
v 3.8 0.2 -3.2
v 3.8 0.4 -3.2
v 3.8 0.7 -3.2
v 3.9 0 -3.2
v 3.9 0.2 -3.2
v 4 0 -3.2
v 4 0.7 -3.2
v -4.1 0 -3.3
v -4.1 0.4 -3.3
v -4 0 -3.3
v -4 0.4 -3.3
v -3.9 0.7 -3.3
v -3.9 0.9 -3.3
v -3.8 0.7 -3.3
v -3.8 0.9 -3.3
v -3.6 1.4 -3.3
v -3.6 1.5 -3.3
v -3.5 1.4 -3.3
v -3.5 1.5 -3.3
v -3.1 0.2 -3.3
v -3.1 1.3 -3.3
v -3.1 1.6 -3.3
v -3.1 1.7 -3.3
v -3 0.2 -3.3
v -3 1.3 -3.3
v -3 1.7 -3.3
v 3 0.2 -3.3
v 3 1.3 -3.3
v 3 1.7 -3.3
v 3.1 0.2 -3.3
v 3.1 1.3 -3.3
v 3.1 1.6 -3.3
v 3.1 1.7 -3.3
v 3.5 1.4 -3.3
v 3.5 1.5 -3.3
v 3.6 1.4 -3.3
v 3.6 1.5 -3.3
v 3.8 0.7 -3.3
v 3.8 0.9 -3.3
v 3.9 0.7 -3.3
v 3.9 0.9 -3.3
v 4 0 -3.3
v 4 0.4 -3.3
v 4.1 0 -3.3
v 4.1 0.4 -3.3
v -4.2 0 -3.4
v -4.2 0.4 -3.4
v -4.1 0 -3.4
v -4.1 0.4 -3.4
v -4 0.5 -3.4
v -4 0.6 -3.4
v -3.9 0.5 -3.4
v -3.9 0.6 -3.4
v -3 0.2 -3.4
v -3 1.3 -3.4
v -3 1.4 -3.4
v -2.9 0.2 -3.4
v -2.9 1.4 -3.4
v 2.9 0.2 -3.4
v 2.9 1.4 -3.4
v 3 0.2 -3.4
v 3 1.3 -3.4
v 3 1.4 -3.4
v 3.9 0.5 -3.4
v 3.9 0.6 -3.4
v 4 0.5 -3.4
v 4 0.6 -3.4
v 4.1 0 -3.4
v 4.1 0.4 -3.4
v 4.2 0 -3.4
v 4.2 0.4 -3.4
v -2.9 0.2 -3.5
v -2.9 0.4 -3.5
v -2.9 0.7 -3.5
v -2.9 0.9 -3.5
v -2.9 1.1 -3.5
v -2.8 0.2 -3.5
v -2.8 0.4 -3.5
v -2.8 0.7 -3.5
v -2.8 0.9 -3.5
v -2.8 1.1 -3.5
v 2.8 0.2 -3.5
v 2.8 0.4 -3.5
v 2.8 0.7 -3.5
v 2.8 0.9 -3.5
v 2.8 1.1 -3.5
v 2.9 0.2 -3.5
v 2.9 0.4 -3.5
v 2.9 0.7 -3.5
v 2.9 0.9 -3.5
v 2.9 1.1 -3.5
v -2.8 0.2 -3.6
v -2.8 0.4 -3.6
v -2.8 0.7 -3.6
v -2.8 0.9 -3.6
v -2.8 1.1 -3.6
v -2.7 0.2 -3.6
v -2.7 0.4 -3.6
v -2.7 0.7 -3.6
v -2.7 0.9 -3.6
v -2.7 1.1 -3.6
v 2.7 0.2 -3.6
v 2.7 0.4 -3.6
v 2.7 0.7 -3.6
v 2.7 0.9 -3.6
v 2.7 1.1 -3.6
v 2.8 0.2 -3.6
v 2.8 0.4 -3.6
v 2.8 0.7 -3.6
v 2.8 0.9 -3.6
v 2.8 1.1 -3.6
v -2.7 0.2 -3.7
v -2.7 0.4 -3.7
v -2.7 0.7 -3.7
v -2.7 0.9 -3.7
v -2.7 1.1 -3.7
v -2.5 0.2 -3.7
v -2.5 0.4 -3.7
v -2.5 0.7 -3.7
v -2.5 0.9 -3.7
v -2.5 1.1 -3.7
v 2.5 0.2 -3.7
v 2.5 0.4 -3.7
v 2.5 0.7 -3.7
v 2.5 0.9 -3.7
v 2.5 1.1 -3.7
v 2.7 0.2 -3.7
v 2.7 0.4 -3.7
v 2.7 0.7 -3.7
v 2.7 0.9 -3.7
v 2.7 1.1 -3.7
v -2.5 0.2 -3.8
v -2.5 0.4 -3.8
v -2.5 0.7 -3.8
v -2.5 0.9 -3.8
v -2.5 1.1 -3.8
v -2.4 0.2 -3.8
v -2.4 0.4 -3.8
v -2.4 0.7 -3.8
v -2.4 0.9 -3.8
v -2.4 1.1 -3.8
v 2.4 0.2 -3.8
v 2.4 0.4 -3.8
v 2.4 0.7 -3.8
v 2.4 0.9 -3.8
v 2.4 1.1 -3.8
v 2.5 0.2 -3.8
v 2.5 0.4 -3.8
v 2.5 0.7 -3.8
v 2.5 0.9 -3.8
v 2.5 1.1 -3.8
v -2.4 0.2 -3.9
v -2.4 0.4 -3.9
v -2.4 0.7 -3.9
v -2.4 0.9 -3.9
v -2.4 1.1 -3.9
v -2.2 0.2 -3.9
v -2.2 0.4 -3.9
v -2.2 0.7 -3.9
v -2.2 0.9 -3.9
v -2.2 1.1 -3.9
v 2.2 0.2 -3.9
v 2.2 0.4 -3.9
v 2.2 0.7 -3.9
v 2.2 0.9 -3.9
v 2.2 1.1 -3.9
v 2.4 0.2 -3.9
v 2.4 0.4 -3.9
v 2.4 0.7 -3.9
v 2.4 0.9 -3.9
v 2.4 1.1 -3.9
v -2.2 0.2 -4
v -2.2 0.4 -4
v -2.2 0.7 -4
v -2.2 0.9 -4
v -2.2 1.1 -4
v -2 0.2 -4
v -2 0.4 -4
v -2 0.7 -4
v -2 0.9 -4
v -2 1.1 -4
v 2 0.2 -4
v 2 0.4 -4
v 2 0.7 -4
v 2 0.9 -4
v 2 1.1 -4
v 2.2 0.2 -4
v 2.2 0.4 -4
v 2.2 0.7 -4
v 2.2 0.9 -4
v 2.2 1.1 -4
v -2 0.2 -4.1
v -2 0.4 -4.1
v -2 0.7 -4.1
v -2 0.9 -4.1
v -2 1.1 -4.1
v -1.8 0.2 -4.1
v -1.8 0.4 -4.1
v -1.8 0.7 -4.1
v -1.8 0.9 -4.1
v -1.8 1.1 -4.1
v 1.8 0.2 -4.1
v 1.8 0.4 -4.1
v 1.8 0.7 -4.1
v 1.8 0.9 -4.1
v 1.8 1.1 -4.1
v 2 0.2 -4.1
v 2 0.4 -4.1
v 2 0.7 -4.1
v 2 0.9 -4.1
v 2 1.1 -4.1
v -1.8 0.2 -4.2
v -1.8 0.4 -4.2
v -1.8 0.7 -4.2
v -1.8 0.9 -4.2
v -1.8 1.1 -4.2
v -1.5 0.2 -4.2
v -1.5 0.4 -4.2
v -1.5 0.7 -4.2
v -1.5 0.9 -4.2
v -1.5 1.1 -4.2
v 1.5 0.2 -4.2
v 1.5 0.4 -4.2
v 1.5 0.7 -4.2
v 1.5 0.9 -4.2
v 1.5 1.1 -4.2
v 1.8 0.2 -4.2
v 1.8 0.4 -4.2
v 1.8 0.7 -4.2
v 1.8 0.9 -4.2
v 1.8 1.1 -4.2
v -1.5 0.2 -4.3
v -1.5 0.4 -4.3
v -1.5 0.7 -4.3
v -1.5 0.9 -4.3
v -1.5 1.1 -4.3
v -1.2 0.2 -4.3
v -1.2 0.4 -4.3
v -1.2 0.7 -4.3
v -1.2 0.9 -4.3
v -1.2 1.1 -4.3
v 1.2 0.2 -4.3
v 1.2 0.4 -4.3
v 1.2 0.7 -4.3
v 1.2 0.9 -4.3
v 1.2 1.1 -4.3
v 1.5 0.2 -4.3
v 1.5 0.4 -4.3
v 1.5 0.7 -4.3
v 1.5 0.9 -4.3
v 1.5 1.1 -4.3
v -1.2 0.2 -4.4
v -1.2 0.4 -4.4
v -1.2 0.7 -4.4
v -1.2 0.9 -4.4
v -1.2 1.1 -4.4
v -0.7 0.2 -4.4
v -0.7 0.4 -4.4
v -0.7 0.7 -4.4
v -0.7 0.9 -4.4
v -0.7 1.1 -4.4
v 0.7 0.2 -4.4
v 0.7 0.4 -4.4
v 0.7 0.7 -4.4
v 0.7 0.9 -4.4
v 0.7 1.1 -4.4
v 1.2 0.2 -4.4
v 1.2 0.4 -4.4
v 1.2 0.7 -4.4
v 1.2 0.9 -4.4
v 1.2 1.1 -4.4
v -0.7 0.2 -4.5
v -0.7 0.4 -4.5
v -0.7 0.7 -4.5
v -0.7 0.9 -4.5
v -0.7 1.1 -4.5
v -0.4 0.2 -4.5
v -0.4 0.4 -4.5
v -0.4 0.7 -4.5
v -0.4 0.9 -4.5
v -0.4 1.1 -4.5
v -0.4 1.9 -4.5
v -0.3 0.2 -4.5
v -0.3 1.8 -4.5
v -0.3 1.9 -4.5
v -0.3 2.3 -4.5
v -0.2 1.8 -4.5
v -0.2 2.2 -4.5
v 0.2 1.8 -4.5
v 0.2 2.2 -4.5
v 0.3 0.2 -4.5
v 0.3 1.8 -4.5
v 0.3 1.9 -4.5
v 0.3 2.3 -4.5
v 0.4 0.2 -4.5
v 0.4 0.4 -4.5
v 0.4 0.7 -4.5
v 0.4 0.9 -4.5
v 0.4 1.1 -4.5
v 0.4 1.9 -4.5
v 0.7 0.2 -4.5
v 0.7 0.4 -4.5
v 0.7 0.7 -4.5
v 0.7 0.9 -4.5
v 0.7 1.1 -4.5
v -0.5 0.2 -5
v -0.5 0.9 -5
v -0.4 0.2 -5
v -0.4 0.9 -5
v 0.4 0.2 -5
v 0.4 0.9 -5
v 0.5 0.2 -5
v 0.5 0.9 -5
v -0.5 0.2 5
v -0.5 0.9 5
v -0.4 0.2 5
v -0.4 0.9 5
v 0.4 0.2 5
v 0.4 0.9 5
v 0.5 0.2 5
v 0.5 0.9 5
v -0.7 0.2 4.5
v -0.7 0.4 4.5
v -0.7 0.7 4.5
v -0.7 0.9 4.5
v -0.7 1.1 4.5
v -0.4 0.2 4.5
v -0.4 0.4 4.5
v -0.4 0.7 4.5
v -0.4 0.9 4.5
v -0.4 1.1 4.5
v -0.4 1.9 4.5
v -0.3 0.2 4.5
v -0.3 1.8 4.5
v -0.3 1.9 4.5
v -0.3 2.3 4.5
v -0.2 1.8 4.5
v -0.2 2.2 4.5
v 0.2 1.8 4.5
v 0.2 2.2 4.5
v 0.3 0.2 4.5
v 0.3 1.8 4.5
v 0.3 1.9 4.5
v 0.3 2.3 4.5
v 0.4 0.2 4.5
v 0.4 0.4 4.5
v 0.4 0.7 4.5
v 0.4 0.9 4.5
v 0.4 1.1 4.5
v 0.4 1.9 4.5
v 0.7 0.2 4.5
v 0.7 0.4 4.5
v 0.7 0.7 4.5
v 0.7 0.9 4.5
v 0.7 1.1 4.5
v -1.2 0.2 4.4
v -1.2 0.4 4.4
v -1.2 0.7 4.4
v -1.2 0.9 4.4
v -1.2 1.1 4.4
v -0.7 0.2 4.4
v -0.7 0.4 4.4
v -0.7 0.7 4.4
v -0.7 0.9 4.4
v -0.7 1.1 4.4
v 0.7 0.2 4.4
v 0.7 0.4 4.4
v 0.7 0.7 4.4
v 0.7 0.9 4.4
v 0.7 1.1 4.4
v 1.2 0.2 4.4
v 1.2 0.4 4.4
v 1.2 0.7 4.4
v 1.2 0.9 4.4
v 1.2 1.1 4.4
v -1.5 0.2 4.3
v -1.5 0.4 4.3
v -1.5 0.7 4.3
v -1.5 0.9 4.3
v -1.5 1.1 4.3
v -1.2 0.2 4.3
v -1.2 0.4 4.3
v -1.2 0.7 4.3
v -1.2 0.9 4.3
v -1.2 1.1 4.3
v 1.2 0.2 4.3
v 1.2 0.4 4.3
v 1.2 0.7 4.3
v 1.2 0.9 4.3
v 1.2 1.1 4.3
v 1.5 0.2 4.3
v 1.5 0.4 4.3
v 1.5 0.7 4.3
v 1.5 0.9 4.3
v 1.5 1.1 4.3
v -1.8 0.2 4.2
v -1.8 0.4 4.2
v -1.8 0.7 4.2
v -1.8 0.9 4.2
v -1.8 1.1 4.2
v -1.5 0.2 4.2
v -1.5 0.4 4.2
v -1.5 0.7 4.2
v -1.5 0.9 4.2
v -1.5 1.1 4.2
v 1.5 0.2 4.2
v 1.5 0.4 4.2
v 1.5 0.7 4.2
v 1.5 0.9 4.2
v 1.5 1.1 4.2
v 1.8 0.2 4.2
v 1.8 0.4 4.2
v 1.8 0.7 4.2
v 1.8 0.9 4.2
v 1.8 1.1 4.2
v -2 0.2 4.1
v -2 0.4 4.1
v -2 0.7 4.1
v -2 0.9 4.1
v -2 1.1 4.1
v -1.8 0.2 4.1
v -1.8 0.4 4.1
v -1.8 0.7 4.1
v -1.8 0.9 4.1
v -1.8 1.1 4.1
v 1.8 0.2 4.1
v 1.8 0.4 4.1
v 1.8 0.7 4.1
v 1.8 0.9 4.1
v 1.8 1.1 4.1
v 2 0.2 4.1
v 2 0.4 4.1
v 2 0.7 4.1
v 2 0.9 4.1
v 2 1.1 4.1
v -2.2 0.2 4
v -2.2 0.4 4
v -2.2 0.7 4
v -2.2 0.9 4
v -2.2 1.1 4
v -2 0.2 4
v -2 0.4 4
v -2 0.7 4
v -2 0.9 4
v -2 1.1 4
v 2 0.2 4
v 2 0.4 4
v 2 0.7 4
v 2 0.9 4
v 2 1.1 4
v 2.2 0.2 4
v 2.2 0.4 4
v 2.2 0.7 4
v 2.2 0.9 4
v 2.2 1.1 4
v -2.4 0.2 3.9
v -2.4 0.4 3.9
v -2.4 0.7 3.9
v -2.4 0.9 3.9
v -2.4 1.1 3.9
v -2.2 0.2 3.9
v -2.2 0.4 3.9
v -2.2 0.7 3.9
v -2.2 0.9 3.9
v -2.2 1.1 3.9
v 2.2 0.2 3.9
v 2.2 0.4 3.9
v 2.2 0.7 3.9
v 2.2 0.9 3.9
v 2.2 1.1 3.9
v 2.4 0.2 3.9
v 2.4 0.4 3.9
v 2.4 0.7 3.9
v 2.4 0.9 3.9
v 2.4 1.1 3.9
v -2.5 0.2 3.8
v -2.5 0.4 3.8
v -2.5 0.7 3.8
v -2.5 0.9 3.8
v -2.5 1.1 3.8
v -2.4 0.2 3.8
v -2.4 0.4 3.8
v -2.4 0.7 3.8
v -2.4 0.9 3.8
v -2.4 1.1 3.8
v 2.4 0.2 3.8
v 2.4 0.4 3.8
v 2.4 0.7 3.8
v 2.4 0.9 3.8
v 2.4 1.1 3.8
v 2.5 0.2 3.8
v 2.5 0.4 3.8
v 2.5 0.7 3.8
v 2.5 0.9 3.8
v 2.5 1.1 3.8
v -2.7 0.2 3.7
v -2.7 0.4 3.7
v -2.7 0.7 3.7
v -2.7 0.9 3.7
v -2.7 1.1 3.7
v -2.5 0.2 3.7
v -2.5 0.4 3.7
v -2.5 0.7 3.7
v -2.5 0.9 3.7
v -2.5 1.1 3.7
v 2.5 0.2 3.7
v 2.5 0.4 3.7
v 2.5 0.7 3.7
v 2.5 0.9 3.7
v 2.5 1.1 3.7
v 2.7 0.2 3.7
v 2.7 0.4 3.7
v 2.7 0.7 3.7
v 2.7 0.9 3.7
v 2.7 1.1 3.7
v -2.8 0.2 3.6
v -2.8 0.4 3.6
v -2.8 0.7 3.6
v -2.8 0.9 3.6
v -2.8 1.1 3.6
v -2.7 0.2 3.6
v -2.7 0.4 3.6
v -2.7 0.7 3.6
v -2.7 0.9 3.6
v -2.7 1.1 3.6
v 2.7 0.2 3.6
v 2.7 0.4 3.6
v 2.7 0.7 3.6
v 2.7 0.9 3.6
v 2.7 1.1 3.6
v 2.8 0.2 3.6
v 2.8 0.4 3.6
v 2.8 0.7 3.6
v 2.8 0.9 3.6
v 2.8 1.1 3.6
v -2.9 0.2 3.5
v -2.9 0.4 3.5
v -2.9 0.7 3.5
v -2.9 0.9 3.5
v -2.9 1.1 3.5
v -2.8 0.2 3.5
v -2.8 0.4 3.5
v -2.8 0.7 3.5
v -2.8 0.9 3.5
v -2.8 1.1 3.5
v 2.8 0.2 3.5
v 2.8 0.4 3.5
v 2.8 0.7 3.5
v 2.8 0.9 3.5
v 2.8 1.1 3.5
v 2.9 0.2 3.5
v 2.9 0.4 3.5
v 2.9 0.7 3.5
v 2.9 0.9 3.5
v 2.9 1.1 3.5
v -4.2 0 3.4
v -4.2 0.4 3.4
v -4.1 0 3.4
v -4.1 0.4 3.4
v -4 0.5 3.4
v -4 0.6 3.4
v -3.9 0.5 3.4
v -3.9 0.6 3.4
v -3 0.2 3.4
v -3 1.3 3.4
v -3 1.4 3.4
v -2.9 0.2 3.4
v -2.9 1.4 3.4
v 2.9 0.2 3.4
v 2.9 1.4 3.4
v 3 0.2 3.4
v 3 1.3 3.4
v 3 1.4 3.4
v 3.9 0.5 3.4
v 3.9 0.6 3.4
v 4 0.5 3.4
v 4 0.6 3.4
v 4.1 0 3.4
v 4.1 0.4 3.4
v 4.2 0 3.4
v 4.2 0.4 3.4
v -4.1 0 3.3
v -4.1 0.4 3.3
v -4 0 3.3
v -4 0.4 3.3
v -3.9 0.7 3.3
v -3.9 0.9 3.3
v -3.8 0.7 3.3
v -3.8 0.9 3.3
v -3.6 1.4 3.3
v -3.6 1.5 3.3
v -3.5 1.4 3.3
v -3.5 1.5 3.3
v -3.1 0.2 3.3
v -3.1 1.3 3.3
v -3.1 1.6 3.3
v -3.1 1.7 3.3
v -3 0.2 3.3
v -3 1.3 3.3
v -3 1.7 3.3
v 3 0.2 3.3
v 3 1.3 3.3
v 3 1.7 3.3
v 3.1 0.2 3.3
v 3.1 1.3 3.3
v 3.1 1.6 3.3
v 3.1 1.7 3.3
v 3.5 1.4 3.3
v 3.5 1.5 3.3
v 3.6 1.4 3.3
v 3.6 1.5 3.3
v 3.8 0.7 3.3
v 3.8 0.9 3.3
v 3.9 0.7 3.3
v 3.9 0.9 3.3
v 4 0 3.3
v 4 0.4 3.3
v 4.1 0 3.3
v 4.1 0.4 3.3
v -4 0 3.2
v -4 0.7 3.2
v -3.9 0 3.2
v -3.9 0.2 3.2
v -3.8 0.2 3.2
v -3.8 0.4 3.2
v -3.8 0.7 3.2
v -3.7 1.2 3.2
v -3.7 1.4 3.2
v -3.6 1.2 3.2
v -3.6 1.4 3.2
v -3.2 0.2 3.2
v -3.2 1.6 3.2
v -3.2 1.7 3.2
v -3.1 0.2 3.2
v -3.1 1.6 3.2
v -3.1 1.7 3.2
v 3.1 0.2 3.2
v 3.1 1.6 3.2
v 3.1 1.7 3.2
v 3.2 0.2 3.2
v 3.2 1.6 3.2
v 3.2 1.7 3.2
v 3.6 1.2 3.2
v 3.6 1.4 3.2
v 3.7 1.2 3.2
v 3.7 1.4 3.2
v 3.8 0.2 3.2
v 3.8 0.4 3.2
v 3.8 0.7 3.2
v 3.9 0 3.2
v 3.9 0.2 3.2
v 4 0 3.2
v 4 0.7 3.2
v -3.7 1.1 3.1
v -3.7 1.2 3.1
v -3.6 1.1 3.1
v -3.6 1.2 3.1
v -3.6 1.4 3.1
v -3.6 1.6 3.1
v -3.5 1.4 3.1
v -3.5 1.6 3.1
v -3.3 0.2 3.1
v -3.3 1.3 3.1
v -3.3 1.6 3.1
v -3.3 1.7 3.1
v -3.2 0.2 3.1
v -3.2 1.6 3.1
v -3.2 1.7 3.1
v 3.2 0.2 3.1
v 3.2 1.6 3.1
v 3.2 1.7 3.1
v 3.3 0.2 3.1
v 3.3 1.3 3.1
v 3.3 1.6 3.1
v 3.3 1.7 3.1
v 3.5 1.4 3.1
v 3.5 1.6 3.1
v 3.6 1.1 3.1
v 3.6 1.2 3.1
v 3.6 1.4 3.1
v 3.6 1.6 3.1
v 3.7 1.1 3.1
v 3.7 1.2 3.1
v -3.6 1.1 3
v -3.6 1.4 3
v -3.5 1.1 3
v -3.5 1.4 3
v -3.5 1.7 3
v -3.4 0.2 3
v -3.4 1.3 3
v -3.4 1.4 3
v -3.3 0.2 3
v -3.3 1.3 3
v -3.3 1.7 3
v 3.3 0.2 3
v 3.3 1.3 3
v 3.3 1.7 3
v 3.4 0.2 3
v 3.4 1.3 3
v 3.4 1.4 3
v 3.5 1.1 3
v 3.5 1.4 3
v 3.5 1.7 3
v 3.6 1.1 3
v 3.6 1.4 3
v -3.5 0.2 2.9
v -3.5 0.4 2.9
v -3.5 0.7 2.9
v -3.5 0.9 2.9
v -3.5 1.1 2.9
v -3.5 1.4 2.9
v -3.4 0.2 2.9
v -3.4 1.4 2.9
v 3.4 0.2 2.9
v 3.4 1.4 2.9
v 3.5 0.2 2.9
v 3.5 0.4 2.9
v 3.5 0.7 2.9
v 3.5 0.9 2.9
v 3.5 1.1 2.9
v 3.5 1.4 2.9
v -3.6 0.2 2.8
v -3.6 0.4 2.8
v -3.6 0.7 2.8
v -3.6 0.9 2.8
v -3.6 1.1 2.8
v -3.5 0.2 2.8
v -3.5 0.4 2.8
v -3.5 0.7 2.8
v -3.5 0.9 2.8
v -3.5 1.1 2.8
v 3.5 0.2 2.8
v 3.5 0.4 2.8
v 3.5 0.7 2.8
v 3.5 0.9 2.8
v 3.5 1.1 2.8
v 3.6 0.2 2.8
v 3.6 0.4 2.8
v 3.6 0.7 2.8
v 3.6 0.9 2.8
v 3.6 1.1 2.8
v -3.7 0.2 2.7
v -3.7 0.4 2.7
v -3.7 0.7 2.7
v -3.7 0.9 2.7
v -3.7 1.1 2.7
v -3.6 0.2 2.7
v -3.6 0.4 2.7
v -3.6 0.7 2.7
v -3.6 0.9 2.7
v -3.6 1.1 2.7
v 3.6 0.2 2.7
v 3.6 0.4 2.7
v 3.6 0.7 2.7
v 3.6 0.9 2.7
v 3.6 1.1 2.7
v 3.7 0.2 2.7
v 3.7 0.4 2.7
v 3.7 0.7 2.7
v 3.7 0.9 2.7
v 3.7 1.1 2.7
v -3.8 0.2 2.5
v -3.8 0.4 2.5
v -3.8 0.7 2.5
v -3.8 0.9 2.5
v -3.8 1.1 2.5
v -3.7 0.2 2.5
v -3.7 0.4 2.5
v -3.7 0.7 2.5
v -3.7 0.9 2.5
v -3.7 1.1 2.5
v 3.7 0.2 2.5
v 3.7 0.4 2.5
v 3.7 0.7 2.5
v 3.7 0.9 2.5
v 3.7 1.1 2.5
v 3.8 0.2 2.5
v 3.8 0.4 2.5
v 3.8 0.7 2.5
v 3.8 0.9 2.5
v 3.8 1.1 2.5
v -3.9 0.2 2.4
v -3.9 0.4 2.4
v -3.9 0.7 2.4
v -3.9 0.9 2.4
v -3.9 1.1 2.4
v -3.8 0.2 2.4
v -3.8 0.4 2.4
v -3.8 0.7 2.4
v -3.8 0.9 2.4
v -3.8 1.1 2.4
v 3.8 0.2 2.4
v 3.8 0.4 2.4
v 3.8 0.7 2.4
v 3.8 0.9 2.4
v 3.8 1.1 2.4
v 3.9 0.2 2.4
v 3.9 0.4 2.4
v 3.9 0.7 2.4
v 3.9 0.9 2.4
v 3.9 1.1 2.4
v -4 0.2 2.2
v -4 0.4 2.2
v -4 0.7 2.2
v -4 0.9 2.2
v -4 1.1 2.2
v -3.9 0.2 2.2
v -3.9 0.4 2.2
v -3.9 0.7 2.2
v -3.9 0.9 2.2
v -3.9 1.1 2.2
v 3.9 0.2 2.2
v 3.9 0.4 2.2
v 3.9 0.7 2.2
v 3.9 0.9 2.2
v 3.9 1.1 2.2
v 4 0.2 2.2
v 4 0.4 2.2
v 4 0.7 2.2
v 4 0.9 2.2
v 4 1.1 2.2
v -4.1 0.2 2
v -4.1 0.4 2
v -4.1 0.7 2
v -4.1 0.9 2
v -4.1 1.1 2
v -4 0.2 2
v -4 0.4 2
v -4 0.7 2
v -4 0.9 2
v -4 1.1 2
v 4 0.2 2
v 4 0.4 2
v 4 0.7 2
v 4 0.9 2
v 4 1.1 2
v 4.1 0.2 2
v 4.1 0.4 2
v 4.1 0.7 2
v 4.1 0.9 2
v 4.1 1.1 2
v -4.2 0.2 1.8
v -4.2 0.4 1.8
v -4.2 0.7 1.8
v -4.2 0.9 1.8
v -4.2 1.1 1.8
v -4.1 0.2 1.8
v -4.1 0.4 1.8
v -4.1 0.7 1.8
v -4.1 0.9 1.8
v -4.1 1.1 1.8
v 4.1 0.2 1.8
v 4.1 0.4 1.8
v 4.1 0.7 1.8
v 4.1 0.9 1.8
v 4.1 1.1 1.8
v 4.2 0.2 1.8
v 4.2 0.4 1.8
v 4.2 0.7 1.8
v 4.2 0.9 1.8
v 4.2 1.1 1.8
v -4.3 0.2 1.5
v -4.3 0.4 1.5
v -4.3 0.7 1.5
v -4.3 0.9 1.5
v -4.3 1.1 1.5
v -4.2 0.2 1.5
v -4.2 0.4 1.5
v -4.2 0.7 1.5
v -4.2 0.9 1.5
v -4.2 1.1 1.5
v 4.2 0.2 1.5
v 4.2 0.4 1.5
v 4.2 0.7 1.5
v 4.2 0.9 1.5
v 4.2 1.1 1.5
v 4.3 0.2 1.5
v 4.3 0.4 1.5
v 4.3 0.7 1.5
v 4.3 0.9 1.5
v 4.3 1.1 1.5
v -4.4 0.2 1.2
v -4.4 0.4 1.2
v -4.4 0.7 1.2
v -4.4 0.9 1.2
v -4.4 1.1 1.2
v -4.3 0.2 1.2
v -4.3 0.4 1.2
v -4.3 0.7 1.2
v -4.3 0.9 1.2
v -4.3 1.1 1.2
v 4.3 0.2 1.2
v 4.3 0.4 1.2
v 4.3 0.7 1.2
v 4.3 0.9 1.2
v 4.3 1.1 1.2
v 4.4 0.2 1.2
v 4.4 0.4 1.2
v 4.4 0.7 1.2
v 4.4 0.9 1.2
v 4.4 1.1 1.2
v -4.5 0.2 0.7
v -4.5 0.4 0.7
v -4.5 0.7 0.7
v -4.5 0.9 0.7
v -4.5 1.1 0.7
v -4.4 0.2 0.7
v -4.4 0.4 0.7
v -4.4 0.7 0.7
v -4.4 0.9 0.7
v -4.4 1.1 0.7
v 4.4 0.2 0.7
v 4.4 0.4 0.7
v 4.4 0.7 0.7
v 4.4 0.9 0.7
v 4.4 1.1 0.7
v 4.5 0.2 0.7
v 4.5 0.4 0.7
v 4.5 0.7 0.7
v 4.5 0.9 0.7
v 4.5 1.1 0.7
v -5.1 1.3 -0.2
v -5.1 1.4 -0.2
v -5 1.3 -0.2
v -5 1.4 -0.2
v -5 1.6 -0.2
v -5 1.7 -0.2
v -4.9 1.6 -0.2
v -4.9 1.7 -0.2
v -4.9 1.9 -0.2
v -4.9 2 -0.2
v -4.8 1.9 -0.2
v -4.8 2 -0.2
v -4.8 2.2 -0.2
v -4.8 2.3 -0.2
v -4.7 2.2 -0.2
v -4.7 2.3 -0.2
v 4.7 2.2 -0.2
v 4.7 2.3 -0.2
v 4.8 1.9 -0.2
v 4.8 2 -0.2
v 4.8 2.2 -0.2
v 4.8 2.3 -0.2
v 4.9 1.6 -0.2
v 4.9 1.7 -0.2
v 4.9 1.9 -0.2
v 4.9 2 -0.2
v 5 1.3 -0.2
v 5 1.4 -0.2
v 5 1.6 -0.2
v 5 1.7 -0.2
v 5.1 1.3 -0.2
v 5.1 1.4 -0.2
v -5.3 0.8 -0.3
v -5.3 0.9 -0.3
v -5.2 0.8 -0.3
v -5.2 0.9 -0.3
v -5.2 1 -0.3
v -5.2 1.1 -0.3
v -5.1 1 -0.3
v -5.1 1.1 -0.3
v -5.1 1.2 -0.3
v -5.1 1.3 -0.3
v -5 1.2 -0.3
v -5 1.3 -0.3
v -5 1.6 -0.3
v -4.9 1.3 -0.3
v -4.9 1.6 -0.3
v -4.9 1.9 -0.3
v -4.8 1.6 -0.3
v -4.8 1.8 -0.3
v -4.8 1.9 -0.3
v -4.8 2.2 -0.3
v -4.7 1.8 -0.3
v -4.7 1.9 -0.3
v -4.7 2.2 -0.3
v -4.7 2.3 -0.3
v -4.5 1.9 -0.3
v -4.5 2.3 -0.3
v 4.5 1.9 -0.3
v 4.5 2.3 -0.3
v 4.7 1.8 -0.3
v 4.7 1.9 -0.3
v 4.7 2.2 -0.3
v 4.7 2.3 -0.3
v 4.8 1.6 -0.3
v 4.8 1.8 -0.3
v 4.8 1.9 -0.3
v 4.8 2.2 -0.3
v 4.9 1.3 -0.3
v 4.9 1.6 -0.3
v 4.9 1.9 -0.3
v 5 1.2 -0.3
v 5 1.3 -0.3
v 5 1.6 -0.3
v 5.1 1 -0.3
v 5.1 1.1 -0.3
v 5.1 1.2 -0.3
v 5.1 1.3 -0.3
v 5.2 0.8 -0.3
v 5.2 0.9 -0.3
v 5.2 1 -0.3
v 5.2 1.1 -0.3
v 5.3 0.8 -0.3
v 5.3 0.9 -0.3
v -5.5 0.2 -0.4
v -5.5 0.3 -0.4
v -5.4 0.2 -0.4
v -5.4 0.3 -0.4
v -5.4 0.5 -0.4
v -5.4 0.6 -0.4
v -5.3 0.6 -0.4
v -5.3 0.8 -0.4
v -5.2 0.5 -0.4
v -5.2 0.7 -0.4
v -5.2 0.8 -0.4
v -5.2 1 -0.4
v -5.1 0.7 -0.4
v -5.1 0.9 -0.4
v -5.1 1 -0.4
v -5.1 1.2 -0.4
v -5 0.2 -0.4
v -5 0.9 -0.4
v -5 1.1 -0.4
v -5 1.2 -0.4
v -5 1.3 -0.4
v -4.9 0.2 -0.4
v -4.9 0.4 -0.4
v -4.9 0.7 -0.4
v -4.9 0.9 -0.4
v -4.9 1.3 -0.4
v -4.9 1.6 -0.4
v -4.8 1.6 -0.4
v -4.8 1.8 -0.4
v -4.7 1.8 -0.4
v -4.7 1.9 -0.4
v -4.5 1.1 -0.4
v -4.5 1.9 -0.4
v 4.5 1.1 -0.4
v 4.5 1.9 -0.4
v 4.7 1.8 -0.4
v 4.7 1.9 -0.4
v 4.8 1.6 -0.4
v 4.8 1.8 -0.4
v 4.9 0.2 -0.4
v 4.9 0.4 -0.4
v 4.9 0.7 -0.4
v 4.9 0.9 -0.4
v 4.9 1.3 -0.4
v 4.9 1.6 -0.4
v 5 0.2 -0.4
v 5 0.9 -0.4
v 5 1.1 -0.4
v 5 1.2 -0.4
v 5 1.3 -0.4
v 5.1 0.7 -0.4
v 5.1 0.9 -0.4
v 5.1 1 -0.4
v 5.1 1.2 -0.4
v 5.2 0.5 -0.4
v 5.2 0.7 -0.4
v 5.2 0.8 -0.4
v 5.2 1 -0.4
v 5.3 0.6 -0.4
v 5.3 0.8 -0.4
v 5.4 0.2 -0.4
v 5.4 0.3 -0.4
v 5.4 0.5 -0.4
v 5.4 0.6 -0.4
v 5.5 0.2 -0.4
v 5.5 0.3 -0.4
v -5.5 0 -0.5
v -5.5 0.2 -0.5
v -5.4 0.2 -0.5
v -5.4 0.5 -0.5
v -5.2 0.5 -0.5
v -5.2 0.7 -0.5
v -5.1 0.7 -0.5
v -5.1 0.9 -0.5
v -5 0 -0.5
v -5 0.2 -0.5
v -5 0.9 -0.5
v 5 0 -0.5
v 5 0.2 -0.5
v 5 0.9 -0.5
v 5.1 0.7 -0.5
v 5.1 0.9 -0.5
v 5.2 0.5 -0.5
v 5.2 0.7 -0.5
v 5.4 0.2 -0.5
v 5.4 0.5 -0.5
v 5.5 0 -0.5
v 5.5 0.2 -0.5
v -4.9 0.2 -0.7
v -4.9 0.4 -0.7
v -4.9 0.7 -0.7
v -4.9 0.9 -0.7
v -4.8 0.2 -0.7
v -4.8 0.4 -0.7
v -4.8 0.7 -0.7
v -4.8 0.9 -0.7
v 4.8 0.2 -0.7
v 4.8 0.4 -0.7
v 4.8 0.7 -0.7
v 4.8 0.9 -0.7
v 4.9 0.2 -0.7
v 4.9 0.4 -0.7
v 4.9 0.7 -0.7
v 4.9 0.9 -0.7
v -5 0 -0.8
v -5 0.2 -0.8
v -5 0.9 -0.8
v -5 1.1 -0.8
v -4.9 0 -0.8
v -4.9 0.2 -0.8
v -4.9 0.9 -0.8
v -4.9 1.1 -0.8
v 4.9 0 -0.8
v 4.9 0.2 -0.8
v 4.9 0.9 -0.8
v 4.9 1.1 -0.8
v 5 0 -0.8
v 5 0.2 -0.8
v 5 0.9 -0.8
v 5 1.1 -0.8
v -4.8 0.2 -1.2
v -4.8 0.4 -1.2
v -4.8 0.7 -1.2
v -4.8 0.9 -1.2
v -4.7 0.2 -1.2
v -4.7 0.4 -1.2
v -4.7 0.7 -1.2
v -4.7 0.9 -1.2
v 4.7 0.2 -1.2
v 4.7 0.4 -1.2
v 4.7 0.7 -1.2
v 4.7 0.9 -1.2
v 4.8 0.2 -1.2
v 4.8 0.4 -1.2
v 4.8 0.7 -1.2
v 4.8 0.9 -1.2
v -4.9 0 -1.3
v -4.9 0.2 -1.3
v -4.9 0.9 -1.3
v -4.9 1.1 -1.3
v -4.8 0 -1.3
v -4.8 0.2 -1.3
v -4.8 0.9 -1.3
v -4.8 1.1 -1.3
v 4.8 0 -1.3
v 4.8 0.2 -1.3
v 4.8 0.9 -1.3
v 4.8 1.1 -1.3
v 4.9 0 -1.3
v 4.9 0.2 -1.3
v 4.9 0.9 -1.3
v 4.9 1.1 -1.3
v -4.8 0 -1.6
v -4.8 0.2 -1.6
v -4.8 0.9 -1.6
v -4.8 1.1 -1.6
v -4.7 0 -1.6
v -4.7 0.2 -1.6
v -4.7 0.4 -1.6
v -4.7 0.7 -1.6
v -4.7 0.9 -1.6
v -4.7 1.1 -1.6
v -4.6 0.2 -1.6
v -4.6 0.4 -1.6
v -4.6 0.7 -1.6
v -4.6 0.9 -1.6
v 4.6 0.2 -1.6
v 4.6 0.4 -1.6
v 4.6 0.7 -1.6
v 4.6 0.9 -1.6
v 4.7 0 -1.6
v 4.7 0.2 -1.6
v 4.7 0.4 -1.6
v 4.7 0.7 -1.6
v 4.7 0.9 -1.6
v 4.7 1.1 -1.6
v 4.8 0 -1.6
v 4.8 0.2 -1.6
v 4.8 0.9 -1.6
v 4.8 1.1 -1.6
v -4.7 0 -1.9
v -4.7 0.2 -1.9
v -4.7 0.9 -1.9
v -4.7 1.1 -1.9
v -4.6 0 -1.9
v -4.6 0.2 -1.9
v -4.6 0.4 -1.9
v -4.6 0.7 -1.9
v -4.6 0.9 -1.9
v -4.6 1.1 -1.9
v -4.5 0.2 -1.9
v -4.5 0.4 -1.9
v -4.5 0.7 -1.9
v -4.5 0.9 -1.9
v 4.5 0.2 -1.9
v 4.5 0.4 -1.9
v 4.5 0.7 -1.9
v 4.5 0.9 -1.9
v 4.6 0 -1.9
v 4.6 0.2 -1.9
v 4.6 0.4 -1.9
v 4.6 0.7 -1.9
v 4.6 0.9 -1.9
v 4.6 1.1 -1.9
v 4.7 0 -1.9
v 4.7 0.2 -1.9
v 4.7 0.9 -1.9
v 4.7 1.1 -1.9
v -4.6 0 -2.1
v -4.6 0.2 -2.1
v -4.6 0.9 -2.1
v -4.6 1.1 -2.1
v -4.5 0 -2.1
v -4.5 0.2 -2.1
v -4.5 0.4 -2.1
v -4.5 0.7 -2.1
v -4.5 0.9 -2.1
v -4.5 1.1 -2.1
v -4.4 0.2 -2.1
v -4.4 0.4 -2.1
v -4.4 0.7 -2.1
v -4.4 0.9 -2.1
v 4.4 0.2 -2.1
v 4.4 0.4 -2.1
v 4.4 0.7 -2.1
v 4.4 0.9 -2.1
v 4.5 0 -2.1
v 4.5 0.2 -2.1
v 4.5 0.4 -2.1
v 4.5 0.7 -2.1
v 4.5 0.9 -2.1
v 4.5 1.1 -2.1
v 4.6 0 -2.1
v 4.6 0.2 -2.1
v 4.6 0.9 -2.1
v 4.6 1.1 -2.1
v -4.5 0 -2.3
v -4.5 0.2 -2.3
v -4.5 0.9 -2.3
v -4.5 1.1 -2.3
v -4.4 0 -2.3
v -4.4 0.2 -2.3
v -4.4 0.4 -2.3
v -4.4 0.7 -2.3
v -4.4 0.9 -2.3
v -4.4 1.1 -2.3
v -4.3 0.2 -2.3
v -4.3 0.4 -2.3
v -4.3 0.7 -2.3
v -4.3 0.9 -2.3
v 4.3 0.2 -2.3
v 4.3 0.4 -2.3
v 4.3 0.7 -2.3
v 4.3 0.9 -2.3
v 4.4 0 -2.3
v 4.4 0.2 -2.3
v 4.4 0.4 -2.3
v 4.4 0.7 -2.3
v 4.4 0.9 -2.3
v 4.4 1.1 -2.3
v 4.5 0 -2.3
v 4.5 0.2 -2.3
v 4.5 0.9 -2.3
v 4.5 1.1 -2.3
v -4.4 0 -2.5
v -4.4 0.2 -2.5
v -4.4 0.9 -2.5
v -4.4 1.1 -2.5
v -4.3 0 -2.5
v -4.3 0.2 -2.5
v -4.3 0.4 -2.5
v -4.3 0.7 -2.5
v -4.3 0.9 -2.5
v -4.3 1.1 -2.5
v -4.2 0.2 -2.5
v -4.2 0.4 -2.5
v -4.2 0.7 -2.5
v -4.2 0.9 -2.5
v 4.2 0.2 -2.5
v 4.2 0.4 -2.5
v 4.2 0.7 -2.5
v 4.2 0.9 -2.5
v 4.3 0 -2.5
v 4.3 0.2 -2.5
v 4.3 0.4 -2.5
v 4.3 0.7 -2.5
v 4.3 0.9 -2.5
v 4.3 1.1 -2.5
v 4.4 0 -2.5
v 4.4 0.2 -2.5
v 4.4 0.9 -2.5
v 4.4 1.1 -2.5
v -4.2 0.2 -2.6
v -4.2 0.4 -2.6
v -4.2 0.7 -2.6
v -4.2 0.9 -2.6
v -4.1 0.2 -2.6
v -4.1 0.4 -2.6
v -4.1 0.7 -2.6
v -4.1 0.9 -2.6
v 4.1 0.2 -2.6
v 4.1 0.4 -2.6
v 4.1 0.7 -2.6
v 4.1 0.9 -2.6
v 4.2 0.2 -2.6
v 4.2 0.4 -2.6
v 4.2 0.7 -2.6
v 4.2 0.9 -2.6
v -4.3 0 -2.7
v -4.3 0.2 -2.7
v -4.3 0.9 -2.7
v -4.3 1.1 -2.7
v -4.2 0 -2.7
v -4.2 0.2 -2.7
v -4.2 0.9 -2.7
v -4.2 1.1 -2.7
v 4.2 0 -2.7
v 4.2 0.2 -2.7
v 4.2 0.9 -2.7
v 4.2 1.1 -2.7
v 4.3 0 -2.7
v 4.3 0.2 -2.7
v 4.3 0.9 -2.7
v 4.3 1.1 -2.7
v -4.2 0 -2.8
v -4.2 0.2 -2.8
v -4.2 0.9 -2.8
v -4.2 1.1 -2.8
v -4.1 0 -2.8
v -4.1 0.2 -2.8
v -4.1 0.4 -2.8
v -4.1 0.7 -2.8
v -4.1 0.9 -2.8
v -4.1 1.1 -2.8
v -4 0.2 -2.8
v -4 0.4 -2.8
v -4 0.7 -2.8
v -4 0.9 -2.8
v 4 0.2 -2.8
v 4 0.4 -2.8
v 4 0.7 -2.8
v 4 0.9 -2.8
v 4.1 0 -2.8
v 4.1 0.2 -2.8
v 4.1 0.4 -2.8
v 4.1 0.7 -2.8
v 4.1 0.9 -2.8
v 4.1 1.1 -2.8
v 4.2 0 -2.8
v 4.2 0.2 -2.8
v 4.2 0.9 -2.8
v 4.2 1.1 -2.8
v -4 0.2 -2.9
v -4 0.4 -2.9
v -4 0.7 -2.9
v -4 0.9 -2.9
v -3.9 0.2 -2.9
v -3.9 0.4 -2.9
v -3.9 0.7 -2.9
v -3.9 0.9 -2.9
v 3.9 0.2 -2.9
v 3.9 0.4 -2.9
v 3.9 0.7 -2.9
v 3.9 0.9 -2.9
v 4 0.2 -2.9
v 4 0.4 -2.9
v 4 0.7 -2.9
v 4 0.9 -2.9
v -4.1 0 -3
v -4.1 0.2 -3
v -4.1 0.9 -3
v -4.1 1.1 -3
v -4 0 -3
v -4 0.2 -3
v -4 0.9 -3
v -4 1.1 -3
v 4 0 -3
v 4 0.2 -3
v 4 0.9 -3
v 4 1.1 -3
v 4.1 0 -3
v 4.1 0.2 -3
v 4.1 0.9 -3
v 4.1 1.1 -3
v -4 0 -3.1
v -4 0.2 -3.1
v -4 0.9 -3.1
v -4 1.1 -3.1
v -3.9 0 -3.1
v -3.9 0.2 -3.1
v -3.9 0.4 -3.1
v -3.9 0.7 -3.1
v -3.9 0.9 -3.1
v -3.9 1.1 -3.1
v -3.8 0.2 -3.1
v -3.8 0.4 -3.1
v -3.8 0.7 -3.1
v -3.8 0.9 -3.1
v 3.8 0.2 -3.1
v 3.8 0.4 -3.1
v 3.8 0.7 -3.1
v 3.8 0.9 -3.1
v 3.9 0 -3.1
v 3.9 0.2 -3.1
v 3.9 0.4 -3.1
v 3.9 0.7 -3.1
v 3.9 0.9 -3.1
v 3.9 1.1 -3.1
v 4 0 -3.1
v 4 0.2 -3.1
v 4 0.9 -3.1
v 4 1.1 -3.1
v -3.9 0.9 -3.2
v -3.9 1.1 -3.2
v -3.8 0.9 -3.2
v -3.8 1 -3.2
v -3.8 1.1 -3.2
v -3.6 1.4 -3.2
v -3.6 1.6 -3.2
v -3.5 1.4 -3.2
v -3.5 1.6 -3.2
v 3.5 1.4 -3.2
v 3.5 1.6 -3.2
v 3.6 1.4 -3.2
v 3.6 1.6 -3.2
v 3.8 0.9 -3.2
v 3.8 1 -3.2
v 3.8 1.1 -3.2
v 3.9 0.9 -3.2
v 3.9 1.1 -3.2
v -4 0.5 -3.3
v -4 0.7 -3.3
v -3.9 0.5 -3.3
v -3.9 0.7 -3.3
v -3.8 1 -3.3
v -3.8 1.1 -3.3
v -3.7 1 -3.3
v -3.7 1.1 -3.3
v -3.7 1.2 -3.3
v -3.7 1.4 -3.3
v -3.6 1.2 -3.3
v -3.6 1.4 -3.3
v -3.5 1.5 -3.3
v -3.5 1.7 -3.3
v -3.4 1.5 -3.3
v -3.4 1.7 -3.3
v 3.4 1.5 -3.3
v 3.4 1.7 -3.3
v 3.5 1.5 -3.3
v 3.5 1.7 -3.3
v 3.6 1.2 -3.3
v 3.6 1.4 -3.3
v 3.7 1 -3.3
v 3.7 1.1 -3.3
v 3.7 1.2 -3.3
v 3.7 1.4 -3.3
v 3.8 1 -3.3
v 3.8 1.1 -3.3
v 3.9 0.5 -3.3
v 3.9 0.7 -3.3
v 4 0.5 -3.3
v 4 0.7 -3.3
v -3.9 0.8 -3.4
v -3.9 0.9 -3.4
v -3.8 0.8 -3.4
v -3.8 0.9 -3.4
v -3.7 1 -3.4
v -3.7 1.2 -3.4
v -3.6 1 -3.4
v -3.6 1.2 -3.4
v -3.6 1.3 -3.4
v -3.6 1.5 -3.4
v -3.5 1.3 -3.4
v -3.5 1.5 -3.4
v -3.4 1.5 -3.4
v -3.4 1.7 -3.4
v -3.3 1.5 -3.4
v -3.3 1.7 -3.4
v 3.3 1.5 -3.4
v 3.3 1.7 -3.4
v 3.4 1.5 -3.4
v 3.4 1.7 -3.4
v 3.5 1.3 -3.4
v 3.5 1.5 -3.4
v 3.6 1 -3.4
v 3.6 1.2 -3.4
v 3.6 1.3 -3.4
v 3.6 1.5 -3.4
v 3.7 1 -3.4
v 3.7 1.2 -3.4
v 3.8 0.8 -3.4
v 3.8 0.9 -3.4
v 3.9 0.8 -3.4
v 3.9 0.9 -3.4
v -4.2 0.1 -3.5
v -4.2 0.4 -3.5
v -4.1 0.1 -3.5
v -4.1 0.4 -3.5
v -4 0.4 -3.5
v -4 0.6 -3.5
v -3.9 0.4 -3.5
v -3.9 0.6 -3.5
v -3.9 0.7 -3.5
v -3.9 0.8 -3.5
v -3.8 0.7 -3.5
v -3.8 0.8 -3.5
v -3.8 1 -3.5
v -3.7 0.8 -3.5
v -3.7 1 -3.5
v -3.6 1 -3.5
v -3.6 1.3 -3.5
v -3.5 1 -3.5
v -3.5 1.3 -3.5
v -3.5 1.5 -3.5
v -3.4 1.3 -3.5
v -3.4 1.5 -3.5
v -3.3 1.4 -3.5
v -3.3 1.5 -3.5
v -3.3 1.7 -3.5
v -3.2 1.4 -3.5
v -3.2 1.6 -3.5
v -3.1 1.4 -3.5
v -3.1 1.6 -3.5
v -3 1.1 -3.5
v -3 1.4 -3.5
v -3 1.7 -3.5
v -2.9 1.1 -3.5
v -2.9 1.4 -3.5
v 2.9 1.1 -3.5
v 2.9 1.4 -3.5
v 3 1.1 -3.5
v 3 1.4 -3.5
v 3 1.7 -3.5
v 3.1 1.4 -3.5
v 3.1 1.6 -3.5
v 3.2 1.4 -3.5
v 3.2 1.6 -3.5
v 3.3 1.4 -3.5
v 3.3 1.5 -3.5
v 3.3 1.7 -3.5
v 3.4 1.3 -3.5
v 3.4 1.5 -3.5
v 3.5 1 -3.5
v 3.5 1.3 -3.5
v 3.5 1.5 -3.5
v 3.6 1 -3.5
v 3.6 1.3 -3.5
v 3.7 0.8 -3.5
v 3.7 1 -3.5
v 3.8 0.7 -3.5
v 3.8 0.8 -3.5
v 3.8 1 -3.5
v 3.9 0.4 -3.5
v 3.9 0.6 -3.5
v 3.9 0.7 -3.5
v 3.9 0.8 -3.5
v 4 0.4 -3.5
v 4 0.6 -3.5
v 4.1 0.1 -3.5
v 4.1 0.4 -3.5
v 4.2 0.1 -3.5
v 4.2 0.4 -3.5
v -4.2 0 -3.6
v -4.2 0.1 -3.6
v -4.1 0 -3.6
v -4.1 0.1 -3.6
v -4.1 0.2 -3.6
v -4.1 0.4 -3.6
v -4 0.2 -3.6
v -4 0.4 -3.6
v -3.9 0.4 -3.6
v -3.9 0.7 -3.6
v -3.8 0.4 -3.6
v -3.8 0.7 -3.6
v -3.8 0.8 -3.6
v -3.7 0.7 -3.6
v -3.7 0.8 -3.6
v -3.7 1 -3.6
v -3.6 0.8 -3.6
v -3.6 1 -3.6
v -3.5 1 -3.6
v -3.5 1.3 -3.6
v -3.4 1 -3.6
v -3.4 1.2 -3.6
v -3.4 1.3 -3.6
v -3.4 1.5 -3.6
v -3.3 1.2 -3.6
v -3.3 1.4 -3.6
v -3.3 1.5 -3.6
v -3.2 1.2 -3.6
v -3.2 1.4 -3.6
v -3.2 1.6 -3.6
v -3.1 1.1 -3.6
v -3.1 1.2 -3.6
v -3.1 1.4 -3.6
v -3.1 1.6 -3.6
v -3 1.1 -3.6
v -3 1.4 -3.6
v 3 1.1 -3.6
v 3 1.4 -3.6
v 3.1 1.1 -3.6
v 3.1 1.2 -3.6
v 3.1 1.4 -3.6
v 3.1 1.6 -3.6
v 3.2 1.2 -3.6
v 3.2 1.4 -3.6
v 3.2 1.6 -3.6
v 3.3 1.2 -3.6
v 3.3 1.4 -3.6
v 3.3 1.5 -3.6
v 3.4 1 -3.6
v 3.4 1.2 -3.6
v 3.4 1.3 -3.6
v 3.4 1.5 -3.6
v 3.5 1 -3.6
v 3.5 1.3 -3.6
v 3.6 0.8 -3.6
v 3.6 1 -3.6
v 3.7 0.7 -3.6
v 3.7 0.8 -3.6
v 3.7 1 -3.6
v 3.8 0.4 -3.6
v 3.8 0.7 -3.6
v 3.8 0.8 -3.6
v 3.9 0.4 -3.6
v 3.9 0.7 -3.6
v 4 0.2 -3.6
v 4 0.4 -3.6
v 4.1 0 -3.6
v 4.1 0.1 -3.6
v 4.1 0.2 -3.6
v 4.1 0.4 -3.6
v 4.2 0 -3.6
v 4.2 0.1 -3.6
v -4.1 0 -3.7
v -4.1 0.2 -3.7
v -4 0 -3.7
v -4 0.2 -3.7
v -4 0.4 -3.7
v -3.9 0.2 -3.7
v -3.9 0.4 -3.7
v -3.8 0.4 -3.7
v -3.8 0.7 -3.7
v -3.7 0.4 -3.7
v -3.7 0.7 -3.7
v -3.7 0.8 -3.7
v -3.6 0.7 -3.7
v -3.6 0.8 -3.7
v -3.6 1 -3.7
v -3.5 0.8 -3.7
v -3.5 1 -3.7
v -3.4 1 -3.7
v -3.4 1.2 -3.7
v -3.3 1 -3.7
v -3.3 1.1 -3.7
v -3.3 1.2 -3.7
v -3.3 1.4 -3.7
v -3.2 1.2 -3.7
v -3.2 1.4 -3.7
v -3.1 1.1 -3.7
v -3.1 1.2 -3.7
v 3.1 1.1 -3.7
v 3.1 1.2 -3.7
v 3.2 1.2 -3.7
v 3.2 1.4 -3.7
v 3.3 1 -3.7
v 3.3 1.1 -3.7
v 3.3 1.2 -3.7
v 3.3 1.4 -3.7
v 3.4 1 -3.7
v 3.4 1.2 -3.7
v 3.5 0.8 -3.7
v 3.5 1 -3.7
v 3.6 0.7 -3.7
v 3.6 0.8 -3.7
v 3.6 1 -3.7
v 3.7 0.4 -3.7
v 3.7 0.7 -3.7
v 3.7 0.8 -3.7
v 3.8 0.4 -3.7
v 3.8 0.7 -3.7
v 3.9 0.2 -3.7
v 3.9 0.4 -3.7
v 4 0 -3.7
v 4 0.2 -3.7
v 4 0.4 -3.7
v 4.1 0 -3.7
v 4.1 0.2 -3.7
v -4 0 -3.8
v -4 0.2 -3.8
v -3.9 0 -3.8
v -3.9 0.2 -3.8
v -3.9 0.4 -3.8
v -3.8 0.2 -3.8
v -3.8 0.4 -3.8
v -3.7 0.4 -3.8
v -3.7 0.7 -3.8
v -3.6 0.4 -3.8
v -3.6 0.7 -3.8
v -3.6 0.8 -3.8
v -3.5 0.7 -3.8
v -3.5 0.8 -3.8
v -3.5 1 -3.8
v -3.4 0.8 -3.8
v -3.4 0.9 -3.8
v -3.3 0.7 -3.8
v -3.3 0.9 -3.8
v -3.3 1 -3.8
v -3.3 1.1 -3.8
v -3.2 0.2 -3.8
v -3.2 0.4 -3.8
v -3.2 0.7 -3.8
v -3.2 0.9 -3.8
v -3.2 1 -3.8
v -3.2 1.1 -3.8
v -3.1 0.2 -3.8
v -3.1 0.4 -3.8
v -3.1 0.7 -3.8
v -3.1 0.9 -3.8
v 3.1 0.2 -3.8
v 3.1 0.4 -3.8
v 3.1 0.7 -3.8
v 3.1 0.9 -3.8
v 3.2 0.2 -3.8
v 3.2 0.4 -3.8
v 3.2 0.7 -3.8
v 3.2 0.9 -3.8
v 3.2 1 -3.8
v 3.2 1.1 -3.8
v 3.3 0.7 -3.8
v 3.3 0.9 -3.8
v 3.3 1 -3.8
v 3.3 1.1 -3.8
v 3.4 0.8 -3.8
v 3.4 0.9 -3.8
v 3.5 0.7 -3.8
v 3.5 0.8 -3.8
v 3.5 1 -3.8
v 3.6 0.4 -3.8
v 3.6 0.7 -3.8
v 3.6 0.8 -3.8
v 3.7 0.4 -3.8
v 3.7 0.7 -3.8
v 3.8 0.2 -3.8
v 3.8 0.4 -3.8
v 3.9 0 -3.8
v 3.9 0.2 -3.8
v 3.9 0.4 -3.8
v 4 0 -3.8
v 4 0.2 -3.8
v -3.9 0 -3.9
v -3.9 0.2 -3.9
v -3.8 0 -3.9
v -3.8 0.2 -3.9
v -3.8 0.4 -3.9
v -3.7 0.2 -3.9
v -3.7 0.4 -3.9
v -3.6 0.4 -3.9
v -3.6 0.7 -3.9
v -3.5 0.4 -3.9
v -3.5 0.6 -3.9
v -3.5 0.7 -3.9
v -3.5 0.8 -3.9
v -3.4 0.5 -3.9
v -3.4 0.6 -3.9
v -3.4 0.8 -3.9
v -3.4 0.9 -3.9
v -3.3 0.5 -3.9
v -3.3 0.7 -3.9
v -3.3 0.9 -3.9
v -3.2 0 -3.9
v -3.2 0.2 -3.9
v -3.2 0.9 -3.9
v -3.2 1.1 -3.9
v -3.1 0 -3.9
v -3.1 0.2 -3.9
v -3.1 0.4 -3.9
v -3.1 0.7 -3.9
v -3.1 0.9 -3.9
v -3.1 1.1 -3.9
v -2.9 0.2 -3.9
v -2.9 0.4 -3.9
v -2.9 0.7 -3.9
v -2.9 0.9 -3.9
v 2.9 0.2 -3.9
v 2.9 0.4 -3.9
v 2.9 0.7 -3.9
v 2.9 0.9 -3.9
v 3.1 0 -3.9
v 3.1 0.2 -3.9
v 3.1 0.4 -3.9
v 3.1 0.7 -3.9
v 3.1 0.9 -3.9
v 3.1 1.1 -3.9
v 3.2 0 -3.9
v 3.2 0.2 -3.9
v 3.2 0.9 -3.9
v 3.2 1.1 -3.9
v 3.3 0.5 -3.9
v 3.3 0.7 -3.9
v 3.3 0.9 -3.9
v 3.4 0.5 -3.9
v 3.4 0.6 -3.9
v 3.4 0.8 -3.9
v 3.4 0.9 -3.9
v 3.5 0.4 -3.9
v 3.5 0.6 -3.9
v 3.5 0.7 -3.9
v 3.5 0.8 -3.9
v 3.6 0.4 -3.9
v 3.6 0.7 -3.9
v 3.7 0.2 -3.9
v 3.7 0.4 -3.9
v 3.8 0 -3.9
v 3.8 0.2 -3.9
v 3.8 0.4 -3.9
v 3.9 0 -3.9
v 3.9 0.2 -3.9
v -3.8 0 -4
v -3.8 0.2 -4
v -3.7 0 -4
v -3.7 0.2 -4
v -3.7 0.4 -4
v -3.6 0.2 -4
v -3.6 0.4 -4
v -3.5 0.4 -4
v -3.5 0.6 -4
v -3.4 0.5 -4
v -3.4 0.6 -4
v -3.3 0 -4
v -3.3 0.4 -4
v -3.3 0.5 -4
v -3.3 0.7 -4
v -3.2 0 -4
v -3.2 0.7 -4
v -3.1 0 -4
v -3.1 0.2 -4
v -3.1 0.9 -4
v -3.1 1.1 -4
v -3 0 -4
v -3 0.2 -4
v -3 0.9 -4
v -3 1.1 -4
v -2.9 0.2 -4
v -2.9 0.4 -4
v -2.9 0.7 -4
v -2.9 0.9 -4
v -2.8 0.2 -4
v -2.8 0.4 -4
v -2.8 0.7 -4
v -2.8 0.9 -4
v 2.8 0.2 -4
v 2.8 0.4 -4
v 2.8 0.7 -4
v 2.8 0.9 -4
v 2.9 0.2 -4
v 2.9 0.4 -4
v 2.9 0.7 -4
v 2.9 0.9 -4
v 3 0 -4
v 3 0.2 -4
v 3 0.9 -4
v 3 1.1 -4
v 3.1 0 -4
v 3.1 0.2 -4
v 3.1 0.9 -4
v 3.1 1.1 -4
v 3.2 0 -4
v 3.2 0.7 -4
v 3.3 0 -4
v 3.3 0.4 -4
v 3.3 0.5 -4
v 3.3 0.7 -4
v 3.4 0.5 -4
v 3.4 0.6 -4
v 3.5 0.4 -4
v 3.5 0.6 -4
v 3.6 0.2 -4
v 3.6 0.4 -4
v 3.7 0 -4
v 3.7 0.2 -4
v 3.7 0.4 -4
v 3.8 0 -4
v 3.8 0.2 -4
v -3.7 0 -4.1
v -3.7 0.2 -4.1
v -3.6 0 -4.1
v -3.6 0.1 -4.1
v -3.6 0.2 -4.1
v -3.6 0.4 -4.1
v -3.5 0.1 -4.1
v -3.5 0.4 -4.1
v -3.4 0 -4.1
v -3.4 0.4 -4.1
v -3.3 0 -4.1
v -3.3 0.4 -4.1
v -3 0 -4.1
v -3 0.2 -4.1
v -3 0.9 -4.1
v -3 1.1 -4.1
v -2.8 0 -4.1
v -2.8 0.2 -4.1
v -2.8 0.4 -4.1
v -2.8 0.7 -4.1
v -2.8 0.9 -4.1
v -2.8 1.1 -4.1
v -2.6 0.2 -4.1
v -2.6 0.4 -4.1
v -2.6 0.7 -4.1
v -2.6 0.9 -4.1
v 2.6 0.2 -4.1
v 2.6 0.4 -4.1
v 2.6 0.7 -4.1
v 2.6 0.9 -4.1
v 2.8 0 -4.1
v 2.8 0.2 -4.1
v 2.8 0.4 -4.1
v 2.8 0.7 -4.1
v 2.8 0.9 -4.1
v 2.8 1.1 -4.1
v 3 0 -4.1
v 3 0.2 -4.1
v 3 0.9 -4.1
v 3 1.1 -4.1
v 3.3 0 -4.1
v 3.3 0.4 -4.1
v 3.4 0 -4.1
v 3.4 0.4 -4.1
v 3.5 0.1 -4.1
v 3.5 0.4 -4.1
v 3.6 0 -4.1
v 3.6 0.1 -4.1
v 3.6 0.2 -4.1
v 3.6 0.4 -4.1
v 3.7 0 -4.1
v 3.7 0.2 -4.1
v -3.6 0 -4.2
v -3.6 0.1 -4.2
v -3.5 0.1 -4.2
v -3.5 0.4 -4.2
v -3.4 0 -4.2
v -3.4 0.4 -4.2
v -2.8 0 -4.2
v -2.8 0.2 -4.2
v -2.8 0.9 -4.2
v -2.8 1.1 -4.2
v -2.7 0 -4.2
v -2.7 0.2 -4.2
v -2.7 0.9 -4.2
v -2.7 1.1 -4.2
v -2.6 0.2 -4.2
v -2.6 0.4 -4.2
v -2.6 0.7 -4.2
v -2.6 0.9 -4.2
v -2.5 0.2 -4.2
v -2.5 0.4 -4.2
v -2.5 0.7 -4.2
v -2.5 0.9 -4.2
v 2.5 0.2 -4.2
v 2.5 0.4 -4.2
v 2.5 0.7 -4.2
v 2.5 0.9 -4.2
v 2.6 0.2 -4.2
v 2.6 0.4 -4.2
v 2.6 0.7 -4.2
v 2.6 0.9 -4.2
v 2.7 0 -4.2
v 2.7 0.2 -4.2
v 2.7 0.9 -4.2
v 2.7 1.1 -4.2
v 2.8 0 -4.2
v 2.8 0.2 -4.2
v 2.8 0.9 -4.2
v 2.8 1.1 -4.2
v 3.4 0 -4.2
v 3.4 0.4 -4.2
v 3.5 0.1 -4.2
v 3.5 0.4 -4.2
v 3.6 0 -4.2
v 3.6 0.1 -4.2
v -2.7 0 -4.3
v -2.7 0.2 -4.3
v -2.7 0.9 -4.3
v -2.7 1.1 -4.3
v -2.5 0 -4.3
v -2.5 0.2 -4.3
v -2.5 0.4 -4.3
v -2.5 0.7 -4.3
v -2.5 0.9 -4.3
v -2.5 1.1 -4.3
v -2.3 0.2 -4.3
v -2.3 0.4 -4.3
v -2.3 0.7 -4.3
v -2.3 0.9 -4.3
v 2.3 0.2 -4.3
v 2.3 0.4 -4.3
v 2.3 0.7 -4.3
v 2.3 0.9 -4.3
v 2.5 0 -4.3
v 2.5 0.2 -4.3
v 2.5 0.4 -4.3
v 2.5 0.7 -4.3
v 2.5 0.9 -4.3
v 2.5 1.1 -4.3
v 2.7 0 -4.3
v 2.7 0.2 -4.3
v 2.7 0.9 -4.3
v 2.7 1.1 -4.3
v -2.5 0 -4.4
v -2.5 0.2 -4.4
v -2.5 0.9 -4.4
v -2.5 1.1 -4.4
v -2.3 0 -4.4
v -2.3 0.2 -4.4
v -2.3 0.4 -4.4
v -2.3 0.7 -4.4
v -2.3 0.9 -4.4
v -2.3 1.1 -4.4
v -2.1 0.2 -4.4
v -2.1 0.4 -4.4
v -2.1 0.7 -4.4
v -2.1 0.9 -4.4
v 2.1 0.2 -4.4
v 2.1 0.4 -4.4
v 2.1 0.7 -4.4
v 2.1 0.9 -4.4
v 2.3 0 -4.4
v 2.3 0.2 -4.4
v 2.3 0.4 -4.4
v 2.3 0.7 -4.4
v 2.3 0.9 -4.4
v 2.3 1.1 -4.4
v 2.5 0 -4.4
v 2.5 0.2 -4.4
v 2.5 0.9 -4.4
v 2.5 1.1 -4.4
v -2.3 0 -4.5
v -2.3 0.2 -4.5
v -2.3 0.9 -4.5
v -2.3 1.1 -4.5
v -2.1 0 -4.5
v -2.1 0.2 -4.5
v -2.1 0.4 -4.5
v -2.1 0.7 -4.5
v -2.1 0.9 -4.5
v -2.1 1.1 -4.5
v -1.9 0.2 -4.5
v -1.9 0.4 -4.5
v -1.9 0.7 -4.5
v -1.9 0.9 -4.5
v 1.9 0.2 -4.5
v 1.9 0.4 -4.5
v 1.9 0.7 -4.5
v 1.9 0.9 -4.5
v 2.1 0 -4.5
v 2.1 0.2 -4.5
v 2.1 0.4 -4.5
v 2.1 0.7 -4.5
v 2.1 0.9 -4.5
v 2.1 1.1 -4.5
v 2.3 0 -4.5
v 2.3 0.2 -4.5
v 2.3 0.9 -4.5
v 2.3 1.1 -4.5
v -2.1 0 -4.6
v -2.1 0.2 -4.6
v -2.1 0.9 -4.6
v -2.1 1.1 -4.6
v -1.9 0 -4.6
v -1.9 0.2 -4.6
v -1.9 0.4 -4.6
v -1.9 0.7 -4.6
v -1.9 0.9 -4.6
v -1.9 1.1 -4.6
v -1.6 0.2 -4.6
v -1.6 0.4 -4.6
v -1.6 0.7 -4.6
v -1.6 0.9 -4.6
v 1.6 0.2 -4.6
v 1.6 0.4 -4.6
v 1.6 0.7 -4.6
v 1.6 0.9 -4.6
v 1.9 0 -4.6
v 1.9 0.2 -4.6
v 1.9 0.4 -4.6
v 1.9 0.7 -4.6
v 1.9 0.9 -4.6
v 1.9 1.1 -4.6
v 2.1 0 -4.6
v 2.1 0.2 -4.6
v 2.1 0.9 -4.6
v 2.1 1.1 -4.6
v -1.9 0 -4.7
v -1.9 0.2 -4.7
v -1.9 0.9 -4.7
v -1.9 1.1 -4.7
v -1.6 0 -4.7
v -1.6 0.2 -4.7
v -1.6 0.4 -4.7
v -1.6 0.7 -4.7
v -1.6 0.9 -4.7
v -1.6 1.1 -4.7
v -1.2 0.2 -4.7
v -1.2 0.4 -4.7
v -1.2 0.7 -4.7
v -1.2 0.9 -4.7
v -0.4 1.8 -4.7
v -0.4 1.9 -4.7
v -0.3 1.8 -4.7
v -0.3 1.9 -4.7
v -0.3 2.2 -4.7
v -0.3 2.3 -4.7
v -0.2 2.2 -4.7
v -0.2 2.3 -4.7
v 0.2 2.2 -4.7
v 0.2 2.3 -4.7
v 0.3 1.8 -4.7
v 0.3 1.9 -4.7
v 0.3 2.2 -4.7
v 0.3 2.3 -4.7
v 0.4 1.8 -4.7
v 0.4 1.9 -4.7
v 1.2 0.2 -4.7
v 1.2 0.4 -4.7
v 1.2 0.7 -4.7
v 1.2 0.9 -4.7
v 1.6 0 -4.7
v 1.6 0.2 -4.7
v 1.6 0.4 -4.7
v 1.6 0.7 -4.7
v 1.6 0.9 -4.7
v 1.6 1.1 -4.7
v 1.9 0 -4.7
v 1.9 0.2 -4.7
v 1.9 0.9 -4.7
v 1.9 1.1 -4.7
v -1.6 0 -4.8
v -1.6 0.2 -4.8
v -1.6 0.9 -4.8
v -1.6 1.1 -4.8
v -1.3 0 -4.8
v -1.3 0.2 -4.8
v -1.3 0.9 -4.8
v -1.3 1.1 -4.8
v -1.2 0.2 -4.8
v -1.2 0.4 -4.8
v -1.2 0.7 -4.8
v -1.2 0.9 -4.8
v -0.7 0.2 -4.8
v -0.7 0.4 -4.8
v -0.7 0.7 -4.8
v -0.7 0.9 -4.8
v -0.4 1.6 -4.8
v -0.4 1.8 -4.8
v -0.3 1.6 -4.8
v -0.3 1.8 -4.8
v -0.3 1.9 -4.8
v -0.3 2.2 -4.8
v -0.2 1.9 -4.8
v -0.2 2 -4.8
v -0.2 2.2 -4.8
v -0.2 2.3 -4.8
v 0.2 1.9 -4.8
v 0.2 2 -4.8
v 0.2 2.2 -4.8
v 0.2 2.3 -4.8
v 0.3 1.6 -4.8
v 0.3 1.8 -4.8
v 0.3 1.9 -4.8
v 0.3 2.2 -4.8
v 0.4 1.6 -4.8
v 0.4 1.8 -4.8
v 0.7 0.2 -4.8
v 0.7 0.4 -4.8
v 0.7 0.7 -4.8
v 0.7 0.9 -4.8
v 1.2 0.2 -4.8
v 1.2 0.4 -4.8
v 1.2 0.7 -4.8
v 1.2 0.9 -4.8
v 1.3 0 -4.8
v 1.3 0.2 -4.8
v 1.3 0.9 -4.8
v 1.3 1.1 -4.8
v 1.6 0 -4.8
v 1.6 0.2 -4.8
v 1.6 0.9 -4.8
v 1.6 1.1 -4.8
v -1.3 0 -4.9
v -1.3 0.2 -4.9
v -1.3 0.9 -4.9
v -1.3 1.1 -4.9
v -0.8 0 -4.9
v -0.8 0.2 -4.9
v -0.8 0.9 -4.9
v -0.8 1.1 -4.9
v -0.7 0.2 -4.9
v -0.7 0.4 -4.9
v -0.7 0.7 -4.9
v -0.7 0.9 -4.9
v -0.4 0.2 -4.9
v -0.4 0.4 -4.9
v -0.4 0.7 -4.9
v -0.4 0.9 -4.9
v -0.4 1.3 -4.9
v -0.4 1.6 -4.9
v -0.3 1.3 -4.9
v -0.3 1.6 -4.9
v -0.3 1.9 -4.9
v -0.2 1.6 -4.9
v -0.2 1.7 -4.9
v -0.2 1.9 -4.9
v -0.2 2 -4.9
v 0.2 1.6 -4.9
v 0.2 1.7 -4.9
v 0.2 1.9 -4.9
v 0.2 2 -4.9
v 0.3 1.3 -4.9
v 0.3 1.6 -4.9
v 0.3 1.9 -4.9
v 0.4 0.2 -4.9
v 0.4 0.4 -4.9
v 0.4 0.7 -4.9
v 0.4 0.9 -4.9
v 0.4 1.3 -4.9
v 0.4 1.6 -4.9
v 0.7 0.2 -4.9
v 0.7 0.4 -4.9
v 0.7 0.7 -4.9
v 0.7 0.9 -4.9
v 0.8 0 -4.9
v 0.8 0.2 -4.9
v 0.8 0.9 -4.9
v 0.8 1.1 -4.9
v 1.3 0 -4.9
v 1.3 0.2 -4.9
v 1.3 0.9 -4.9
v 1.3 1.1 -4.9
v -0.8 0 -5
v -0.8 0.2 -5
v -0.8 0.9 -5
v -0.8 1.1 -5
v -0.5 0 -5
v -0.5 0.2 -5
v -0.5 0.9 -5
v -0.4 0.9 -5
v -0.4 1.1 -5
v -0.4 1.2 -5
v -0.4 1.3 -5
v -0.3 1.2 -5
v -0.3 1.3 -5
v -0.3 1.6 -5
v -0.2 1.3 -5
v -0.2 1.4 -5
v -0.2 1.6 -5
v -0.2 1.7 -5
v 0.2 1.3 -5
v 0.2 1.4 -5
v 0.2 1.6 -5
v 0.2 1.7 -5
v 0.3 1.2 -5
v 0.3 1.3 -5
v 0.3 1.6 -5
v 0.4 0.9 -5
v 0.4 1.1 -5
v 0.4 1.2 -5
v 0.4 1.3 -5
v 0.5 0 -5
v 0.5 0.2 -5
v 0.5 0.9 -5
v 0.8 0 -5
v 0.8 0.2 -5
v 0.8 0.9 -5
v 0.8 1.1 -5
v -0.5 0.7 -5.1
v -0.5 0.9 -5.1
v -0.4 0.7 -5.1
v -0.4 0.9 -5.1
v -0.4 1 -5.1
v -0.4 1.2 -5.1
v -0.3 1 -5.1
v -0.3 1.1 -5.1
v -0.3 1.2 -5.1
v -0.3 1.3 -5.1
v -0.2 1.3 -5.1
v -0.2 1.4 -5.1
v 0.2 1.3 -5.1
v 0.2 1.4 -5.1
v 0.3 1 -5.1
v 0.3 1.1 -5.1
v 0.3 1.2 -5.1
v 0.3 1.3 -5.1
v 0.4 0.7 -5.1
v 0.4 0.9 -5.1
v 0.4 1 -5.1
v 0.4 1.2 -5.1
v 0.5 0.7 -5.1
v 0.5 0.9 -5.1
v -0.5 0.5 -5.2
v -0.5 0.7 -5.2
v -0.4 0.5 -5.2
v -0.4 0.7 -5.2
v -0.4 0.8 -5.2
v -0.4 1 -5.2
v -0.3 0.8 -5.2
v -0.3 0.9 -5.2
v -0.3 1 -5.2
v -0.3 1.1 -5.2
v 0.3 0.8 -5.2
v 0.3 0.9 -5.2
v 0.3 1 -5.2
v 0.3 1.1 -5.2
v 0.4 0.5 -5.2
v 0.4 0.7 -5.2
v 0.4 0.8 -5.2
v 0.4 1 -5.2
v 0.5 0.5 -5.2
v 0.5 0.7 -5.2
v -0.4 0.6 -5.3
v -0.4 0.8 -5.3
v -0.3 0.8 -5.3
v -0.3 0.9 -5.3
v 0.3 0.8 -5.3
v 0.3 0.9 -5.3
v 0.4 0.6 -5.3
v 0.4 0.8 -5.3
v -0.5 0.2 -5.4
v -0.5 0.5 -5.4
v -0.4 0.2 -5.4
v -0.4 0.3 -5.4
v -0.4 0.5 -5.4
v -0.4 0.6 -5.4
v 0.4 0.2 -5.4
v 0.4 0.3 -5.4
v 0.4 0.5 -5.4
v 0.4 0.6 -5.4
v 0.5 0.2 -5.4
v 0.5 0.5 -5.4
v -0.5 0 -5.5
v -0.5 0.2 -5.5
v -0.4 0.2 -5.5
v -0.4 0.3 -5.5
v 0.4 0.2 -5.5
v 0.4 0.3 -5.5
v 0.5 0 -5.5
v 0.5 0.2 -5.5
v -0.5 0 5.5
v 0.5 0 5.5
v -0.8 0 5
v -0.5 0 5
v -0.4 0 5
v 0.4 0 5
v 0.5 0 5
v 0.8 0 5
v -1.3 0 4.9
v -0.8 0 4.9
v 0.8 0 4.9
v 1.3 0 4.9
v -1.6 0 4.8
v -1.3 0 4.8
v 1.3 0 4.8
v 1.6 0 4.8
v -1.9 0 4.7
v -1.6 0 4.7
v 1.6 0 4.7
v 1.9 0 4.7
v -2.1 0 4.6
v -1.9 0 4.6
v 1.9 0 4.6
v 2.1 0 4.6
v -2.3 0 4.5
v -2.1 0 4.5
v -0.7 0 4.5
v -0.4 0 4.5
v 0.4 0 4.5
v 0.7 0 4.5
v 2.1 0 4.5
v 2.3 0 4.5
v -2.5 0 4.4
v -2.3 0 4.4
v -1.2 0 4.4
v -0.7 0 4.4
v 0.7 0 4.4
v 1.2 0 4.4
v 2.3 0 4.4
v 2.5 0 4.4
v -2.7 0 4.3
v -2.5 0 4.3
v -1.5 0 4.3
v -1.2 0 4.3
v 1.2 0 4.3
v 1.5 0 4.3
v 2.5 0 4.3
v 2.7 0 4.3
v -3.6 0 4.2
v -3.4 0 4.2
v -2.8 0 4.2
v -2.7 0 4.2
v -1.8 0 4.2
v -1.5 0 4.2
v 1.5 0 4.2
v 1.8 0 4.2
v 2.7 0 4.2
v 2.8 0 4.2
v 3.4 0 4.2
v 3.6 0 4.2
v -3.7 0 4.1
v -3.6 0 4.1
v -3.4 0 4.1
v -3.3 0 4.1
v -3 0 4.1
v -2.8 0 4.1
v -2 0 4.1
v -1.8 0 4.1
v 1.8 0 4.1
v 2 0 4.1
v 2.8 0 4.1
v 3 0 4.1
v 3.3 0 4.1
v 3.4 0 4.1
v 3.6 0 4.1
v 3.7 0 4.1
v -3.8 0 4
v -3.7 0 4
v -3.3 0 4
v -3.2 0 4
v -3.1 0 4
v -3 0 4
v -2.2 0 4
v -2 0 4
v 2 0 4
v 2.2 0 4
v 3 0 4
v 3.1 0 4
v 3.2 0 4
v 3.3 0 4
v 3.7 0 4
v 3.8 0 4
v -3.9 0 3.9
v -3.8 0 3.9
v -3.2 0 3.9
v -3.1 0 3.9
v -2.4 0 3.9
v -2.2 0 3.9
v 2.2 0 3.9
v 2.4 0 3.9
v 3.1 0 3.9
v 3.2 0 3.9
v 3.8 0 3.9
v 3.9 0 3.9
v -4 0 3.8
v -3.9 0 3.8
v -2.5 0 3.8
v -2.4 0 3.8
v 2.4 0 3.8
v 2.5 0 3.8
v 3.9 0 3.8
v 4 0 3.8
v -4.1 0 3.7
v -4 0 3.7
v -3.2 0 3.7
v -3.1 0 3.7
v -2.7 0 3.7
v -2.5 0 3.7
v 2.5 0 3.7
v 2.7 0 3.7
v 3.1 0 3.7
v 3.2 0 3.7
v 4 0 3.7
v 4.1 0 3.7
v -4.2 0 3.6
v -4.1 0 3.6
v -3.1 0 3.6
v -3 0 3.6
v -2.8 0 3.6
v -2.7 0 3.6
v 2.7 0 3.6
v 2.8 0 3.6
v 3 0 3.6
v 3.1 0 3.6
v 4.1 0 3.6
v 4.2 0 3.6
v -3 0 3.5
v -2.9 0 3.5
v -2.8 0 3.5
v 2.8 0 3.5
v 2.9 0 3.5
v 3 0 3.5
v -4.2 0 3.4
v -4.1 0 3.4
v -3 0 3.4
v -2.9 0 3.4
v 2.9 0 3.4
v 3 0 3.4
v 4.1 0 3.4
v 4.2 0 3.4
v -4.1 0 3.3
v -4 0 3.3
v -3.1 0 3.3
v -3 0 3.3
v 3 0 3.3
v 3.1 0 3.3
v 4 0 3.3
v 4.1 0 3.3
v -4 0 3.2
v -3.9 0 3.2
v -3.7 0 3.2
v -3.2 0 3.2
v -3.1 0 3.2
v 3.1 0 3.2
v 3.2 0 3.2
v 3.7 0 3.2
v 3.9 0 3.2
v 4 0 3.2
v -4 0 3.1
v -3.9 0 3.1
v -3.7 0 3.1
v -3.6 0 3.1
v -3.3 0 3.1
v -3.2 0 3.1
v 3.2 0 3.1
v 3.3 0 3.1
v 3.6 0 3.1
v 3.7 0 3.1
v 3.9 0 3.1
v 4 0 3.1
v -4.1 0 3
v -4 0 3
v -3.6 0 3
v -3.5 0 3
v -3.4 0 3
v -3.3 0 3
v 3.3 0 3
v 3.4 0 3
v 3.5 0 3
v 3.6 0 3
v 4 0 3
v 4.1 0 3
v -3.5 0 2.9
v -3.4 0 2.9
v 3.4 0 2.9
v 3.5 0 2.9
v -4.2 0 2.8
v -4.1 0 2.8
v -3.6 0 2.8
v -3.5 0 2.8
v 3.5 0 2.8
v 3.6 0 2.8
v 4.1 0 2.8
v 4.2 0 2.8
v -4.3 0 2.7
v -4.2 0 2.7
v -3.7 0 2.7
v -3.6 0 2.7
v 3.6 0 2.7
v 3.7 0 2.7
v 4.2 0 2.7
v 4.3 0 2.7
v -4.4 0 2.5
v -4.3 0 2.5
v -3.8 0 2.5
v -3.7 0 2.5
v 3.7 0 2.5
v 3.8 0 2.5
v 4.3 0 2.5
v 4.4 0 2.5
v -3.9 0 2.4
v -3.8 0 2.4
v 3.8 0 2.4
v 3.9 0 2.4
v -4.5 0 2.3
v -4.4 0 2.3
v 4.4 0 2.3
v 4.5 0 2.3
v -4 0 2.2
v -3.9 0 2.2
v 3.9 0 2.2
v 4 0 2.2
v -4.6 0 2.1
v -4.5 0 2.1
v 4.5 0 2.1
v 4.6 0 2.1
v -4.1 0 2
v -4 0 2
v 4 0 2
v 4.1 0 2
v -4.7 0 1.9
v -4.6 0 1.9
v 4.6 0 1.9
v 4.7 0 1.9
v -4.2 0 1.8
v -4.1 0 1.8
v 4.1 0 1.8
v 4.2 0 1.8
v -4.8 0 1.6
v -4.7 0 1.6
v 4.7 0 1.6
v 4.8 0 1.6
v -4.3 0 1.5
v -4.2 0 1.5
v 4.2 0 1.5
v 4.3 0 1.5
v -4.9 0 1.3
v -4.8 0 1.3
v 4.8 0 1.3
v 4.9 0 1.3
v -4.4 0 1.2
v -4.3 0 1.2
v 4.3 0 1.2
v 4.4 0 1.2
v -5 0 0.8
v -4.9 0 0.8
v 4.9 0 0.8
v 5 0 0.8
v -4.5 0 0.7
v -4.4 0 0.7
v 4.4 0 0.7
v 4.5 0 0.7
v -5.5 0 0.5
v -5 0 0.5
v 5 0 0.5
v 5.5 0 0.5
v -5 0 0.4
v -4.5 0 0.4
v 4.5 0 0.4
v 5 0 0.4
v -5 0 -0.4
v -4.5 0 -0.4
v 4.5 0 -0.4
v 5 0 -0.4
v -5.5 0 -0.5
v -5 0 -0.5
v 5 0 -0.5
v 5.5 0 -0.5
v -4.5 0 -0.7
v -4.4 0 -0.7
v 4.4 0 -0.7
v 4.5 0 -0.7
v -5 0 -0.8
v -4.9 0 -0.8
v 4.9 0 -0.8
v 5 0 -0.8
v -4.4 0 -1.2
v -4.3 0 -1.2
v 4.3 0 -1.2
v 4.4 0 -1.2
v -4.9 0 -1.3
v -4.8 0 -1.3
v 4.8 0 -1.3
v 4.9 0 -1.3
v -4.3 0 -1.5
v -4.2 0 -1.5
v 4.2 0 -1.5
v 4.3 0 -1.5
v -4.8 0 -1.6
v -4.7 0 -1.6
v 4.7 0 -1.6
v 4.8 0 -1.6
v -4.2 0 -1.8
v -4.1 0 -1.8
v 4.1 0 -1.8
v 4.2 0 -1.8
v -4.7 0 -1.9
v -4.6 0 -1.9
v 4.6 0 -1.9
v 4.7 0 -1.9
v -4.1 0 -2
v -4 0 -2
v 4 0 -2
v 4.1 0 -2
v -4.6 0 -2.1
v -4.5 0 -2.1
v 4.5 0 -2.1
v 4.6 0 -2.1
v -4 0 -2.2
v -3.9 0 -2.2
v 3.9 0 -2.2
v 4 0 -2.2
v -4.5 0 -2.3
v -4.4 0 -2.3
v 4.4 0 -2.3
v 4.5 0 -2.3
v -3.9 0 -2.4
v -3.8 0 -2.4
v 3.8 0 -2.4
v 3.9 0 -2.4
v -4.4 0 -2.5
v -4.3 0 -2.5
v -3.8 0 -2.5
v -3.7 0 -2.5
v 3.7 0 -2.5
v 3.8 0 -2.5
v 4.3 0 -2.5
v 4.4 0 -2.5
v -4.3 0 -2.7
v -4.2 0 -2.7
v -3.7 0 -2.7
v -3.6 0 -2.7
v 3.6 0 -2.7
v 3.7 0 -2.7
v 4.2 0 -2.7
v 4.3 0 -2.7
v -4.2 0 -2.8
v -4.1 0 -2.8
v -3.6 0 -2.8
v -3.5 0 -2.8
v 3.5 0 -2.8
v 3.6 0 -2.8
v 4.1 0 -2.8
v 4.2 0 -2.8
v -3.5 0 -2.9
v -3.4 0 -2.9
v 3.4 0 -2.9
v 3.5 0 -2.9
v -4.1 0 -3
v -4 0 -3
v -3.6 0 -3
v -3.5 0 -3
v -3.4 0 -3
v -3.3 0 -3
v 3.3 0 -3
v 3.4 0 -3
v 3.5 0 -3
v 3.6 0 -3
v 4 0 -3
v 4.1 0 -3
v -4 0 -3.1
v -3.9 0 -3.1
v -3.7 0 -3.1
v -3.6 0 -3.1
v -3.3 0 -3.1
v -3.2 0 -3.1
v 3.2 0 -3.1
v 3.3 0 -3.1
v 3.6 0 -3.1
v 3.7 0 -3.1
v 3.9 0 -3.1
v 4 0 -3.1
v -4 0 -3.2
v -3.9 0 -3.2
v -3.7 0 -3.2
v -3.2 0 -3.2
v -3.1 0 -3.2
v 3.1 0 -3.2
v 3.2 0 -3.2
v 3.7 0 -3.2
v 3.9 0 -3.2
v 4 0 -3.2
v -4.1 0 -3.3
v -4 0 -3.3
v -3.1 0 -3.3
v -3 0 -3.3
v 3 0 -3.3
v 3.1 0 -3.3
v 4 0 -3.3
v 4.1 0 -3.3
v -4.2 0 -3.4
v -4.1 0 -3.4
v -3 0 -3.4
v -2.9 0 -3.4
v 2.9 0 -3.4
v 3 0 -3.4
v 4.1 0 -3.4
v 4.2 0 -3.4
v -3 0 -3.5
v -2.9 0 -3.5
v -2.8 0 -3.5
v 2.8 0 -3.5
v 2.9 0 -3.5
v 3 0 -3.5
v -4.2 0 -3.6
v -4.1 0 -3.6
v -3.1 0 -3.6
v -3 0 -3.6
v -2.8 0 -3.6
v -2.7 0 -3.6
v 2.7 0 -3.6
v 2.8 0 -3.6
v 3 0 -3.6
v 3.1 0 -3.6
v 4.1 0 -3.6
v 4.2 0 -3.6
v -4.1 0 -3.7
v -4 0 -3.7
v -3.2 0 -3.7
v -3.1 0 -3.7
v -2.7 0 -3.7
v -2.5 0 -3.7
v 2.5 0 -3.7
v 2.7 0 -3.7
v 3.1 0 -3.7
v 3.2 0 -3.7
v 4 0 -3.7
v 4.1 0 -3.7
v -4 0 -3.8
v -3.9 0 -3.8
v -2.5 0 -3.8
v -2.4 0 -3.8
v 2.4 0 -3.8
v 2.5 0 -3.8
v 3.9 0 -3.8
v 4 0 -3.8
v -3.9 0 -3.9
v -3.8 0 -3.9
v -3.2 0 -3.9
v -3.1 0 -3.9
v -2.4 0 -3.9
v -2.2 0 -3.9
v 2.2 0 -3.9
v 2.4 0 -3.9
v 3.1 0 -3.9
v 3.2 0 -3.9
v 3.8 0 -3.9
v 3.9 0 -3.9
v -3.8 0 -4
v -3.7 0 -4
v -3.3 0 -4
v -3.2 0 -4
v -3.1 0 -4
v -3 0 -4
v -2.2 0 -4
v -2 0 -4
v 2 0 -4
v 2.2 0 -4
v 3 0 -4
v 3.1 0 -4
v 3.2 0 -4
v 3.3 0 -4
v 3.7 0 -4
v 3.8 0 -4
v -3.7 0 -4.1
v -3.6 0 -4.1
v -3.4 0 -4.1
v -3.3 0 -4.1
v -3 0 -4.1
v -2.8 0 -4.1
v -2 0 -4.1
v -1.8 0 -4.1
v 1.8 0 -4.1
v 2 0 -4.1
v 2.8 0 -4.1
v 3 0 -4.1
v 3.3 0 -4.1
v 3.4 0 -4.1
v 3.6 0 -4.1
v 3.7 0 -4.1
v -3.6 0 -4.2
v -3.4 0 -4.2
v -2.8 0 -4.2
v -2.7 0 -4.2
v -1.8 0 -4.2
v -1.5 0 -4.2
v 1.5 0 -4.2
v 1.8 0 -4.2
v 2.7 0 -4.2
v 2.8 0 -4.2
v 3.4 0 -4.2
v 3.6 0 -4.2
v -2.7 0 -4.3
v -2.5 0 -4.3
v -1.5 0 -4.3
v -1.2 0 -4.3
v 1.2 0 -4.3
v 1.5 0 -4.3
v 2.5 0 -4.3
v 2.7 0 -4.3
v -2.5 0 -4.4
v -2.3 0 -4.4
v -1.2 0 -4.4
v -0.7 0 -4.4
v 0.7 0 -4.4
v 1.2 0 -4.4
v 2.3 0 -4.4
v 2.5 0 -4.4
v -2.3 0 -4.5
v -2.1 0 -4.5
v -0.7 0 -4.5
v -0.4 0 -4.5
v 0.4 0 -4.5
v 0.7 0 -4.5
v 2.1 0 -4.5
v 2.3 0 -4.5
v -2.1 0 -4.6
v -1.9 0 -4.6
v 1.9 0 -4.6
v 2.1 0 -4.6
v -1.9 0 -4.7
v -1.6 0 -4.7
v 1.6 0 -4.7
v 1.9 0 -4.7
v -1.6 0 -4.8
v -1.3 0 -4.8
v 1.3 0 -4.8
v 1.6 0 -4.8
v -1.3 0 -4.9
v -0.8 0 -4.9
v 0.8 0 -4.9
v 1.3 0 -4.9
v -0.8 0 -5
v -0.5 0 -5
v -0.4 0 -5
v 0.4 0 -5
v 0.5 0 -5
v 0.8 0 -5
v -0.5 0 -5.5
v 0.5 0 -5.5
v -0.8 0.9 5
v -0.5 0.9 5
v -0.4 0.9 5
v 0.4 0.9 5
v 0.5 0.9 5
v 0.8 0.9 5
v -1.3 0.9 4.9
v -0.8 0.9 4.9
v -0.7 0.9 4.9
v -0.4 0.9 4.9
v 0.4 0.9 4.9
v 0.7 0.9 4.9
v 0.8 0.9 4.9
v 1.3 0.9 4.9
v -1.6 0.9 4.8
v -1.3 0.9 4.8
v -1.2 0.9 4.8
v -0.7 0.9 4.8
v 0.7 0.9 4.8
v 1.2 0.9 4.8
v 1.3 0.9 4.8
v 1.6 0.9 4.8
v -1.9 0.9 4.7
v -1.6 0.9 4.7
v -1.2 0.9 4.7
v 1.2 0.9 4.7
v 1.6 0.9 4.7
v 1.9 0.9 4.7
v -2.1 0.9 4.6
v -1.9 0.9 4.6
v -1.6 0.9 4.6
v 1.6 0.9 4.6
v 1.9 0.9 4.6
v 2.1 0.9 4.6
v -2.3 0.9 4.5
v -2.1 0.9 4.5
v -1.9 0.9 4.5
v 1.9 0.9 4.5
v 2.1 0.9 4.5
v 2.3 0.9 4.5
v -2.5 0.9 4.4
v -2.3 0.9 4.4
v -2.1 0.9 4.4
v 2.1 0.9 4.4
v 2.3 0.9 4.4
v 2.5 0.9 4.4
v -2.7 0.9 4.3
v -2.5 0.9 4.3
v -2.3 0.9 4.3
v 2.3 0.9 4.3
v 2.5 0.9 4.3
v 2.7 0.9 4.3
v -2.8 0.9 4.2
v -2.7 0.9 4.2
v -2.6 0.9 4.2
v -2.5 0.9 4.2
v 2.5 0.9 4.2
v 2.6 0.9 4.2
v 2.7 0.9 4.2
v 2.8 0.9 4.2
v -3 0.9 4.1
v -2.8 0.9 4.1
v -2.6 0.9 4.1
v 2.6 0.9 4.1
v 2.8 0.9 4.1
v 3 0.9 4.1
v -3.1 0.9 4
v -3 0.9 4
v -2.9 0.9 4
v -2.8 0.9 4
v 2.8 0.9 4
v 2.9 0.9 4
v 3 0.9 4
v 3.1 0.9 4
v -3.2 0.9 3.9
v -3.1 0.9 3.9
v -2.9 0.9 3.9
v 2.9 0.9 3.9
v 3.1 0.9 3.9
v 3.2 0.9 3.9
v -3.2 0.9 3.8
v -3.1 0.9 3.8
v 3.1 0.9 3.8
v 3.2 0.9 3.8
v -3.9 0.9 3.2
v -3.8 0.9 3.2
v 3.8 0.9 3.2
v 3.9 0.9 3.2
v -4 0.9 3.1
v -3.9 0.9 3.1
v -3.8 0.9 3.1
v 3.8 0.9 3.1
v 3.9 0.9 3.1
v 4 0.9 3.1
v -4.1 0.9 3
v -4 0.9 3
v 4 0.9 3
v 4.1 0.9 3
v -4 0.9 2.9
v -3.9 0.9 2.9
v 3.9 0.9 2.9
v 4 0.9 2.9
v -4.2 0.9 2.8
v -4.1 0.9 2.8
v -4 0.9 2.8
v 4 0.9 2.8
v 4.1 0.9 2.8
v 4.2 0.9 2.8
v -4.3 0.9 2.7
v -4.2 0.9 2.7
v 4.2 0.9 2.7
v 4.3 0.9 2.7
v -4.2 0.9 2.6
v -4.1 0.9 2.6
v 4.1 0.9 2.6
v 4.2 0.9 2.6
v -4.4 0.9 2.5
v -4.3 0.9 2.5
v -4.2 0.9 2.5
v 4.2 0.9 2.5
v 4.3 0.9 2.5
v 4.4 0.9 2.5
v -4.5 0.9 2.3
v -4.4 0.9 2.3
v -4.3 0.9 2.3
v 4.3 0.9 2.3
v 4.4 0.9 2.3
v 4.5 0.9 2.3
v -4.6 0.9 2.1
v -4.5 0.9 2.1
v -4.4 0.9 2.1
v 4.4 0.9 2.1
v 4.5 0.9 2.1
v 4.6 0.9 2.1
v -4.7 0.9 1.9
v -4.6 0.9 1.9
v -4.5 0.9 1.9
v 4.5 0.9 1.9
v 4.6 0.9 1.9
v 4.7 0.9 1.9
v -4.8 0.9 1.6
v -4.7 0.9 1.6
v -4.6 0.9 1.6
v 4.6 0.9 1.6
v 4.7 0.9 1.6
v 4.8 0.9 1.6
v -4.9 0.9 1.3
v -4.8 0.9 1.3
v 4.8 0.9 1.3
v 4.9 0.9 1.3
v -4.8 0.9 1.2
v -4.7 0.9 1.2
v 4.7 0.9 1.2
v 4.8 0.9 1.2
v -5 0.9 0.8
v -4.9 0.9 0.8
v 4.9 0.9 0.8
v 5 0.9 0.8
v -4.9 0.9 0.7
v -4.8 0.9 0.7
v 4.8 0.9 0.7
v 4.9 0.9 0.7
v -5 0.9 0.5
v 5 0.9 0.5
v -5 0.9 0.4
v -4.9 0.9 0.4
v 4.9 0.9 0.4
v 5 0.9 0.4
v -5 0.9 -0.4
v -4.9 0.9 -0.4
v 4.9 0.9 -0.4
v 5 0.9 -0.4
v -5 0.9 -0.5
v 5 0.9 -0.5
v -4.9 0.9 -0.7
v -4.8 0.9 -0.7
v 4.8 0.9 -0.7
v 4.9 0.9 -0.7
v -5 0.9 -0.8
v -4.9 0.9 -0.8
v 4.9 0.9 -0.8
v 5 0.9 -0.8
v -4.8 0.9 -1.2
v -4.7 0.9 -1.2
v 4.7 0.9 -1.2
v 4.8 0.9 -1.2
v -4.9 0.9 -1.3
v -4.8 0.9 -1.3
v 4.8 0.9 -1.3
v 4.9 0.9 -1.3
v -4.8 0.9 -1.6
v -4.7 0.9 -1.6
v -4.6 0.9 -1.6
v 4.6 0.9 -1.6
v 4.7 0.9 -1.6
v 4.8 0.9 -1.6
v -4.7 0.9 -1.9
v -4.6 0.9 -1.9
v -4.5 0.9 -1.9
v 4.5 0.9 -1.9
v 4.6 0.9 -1.9
v 4.7 0.9 -1.9
v -4.6 0.9 -2.1
v -4.5 0.9 -2.1
v -4.4 0.9 -2.1
v 4.4 0.9 -2.1
v 4.5 0.9 -2.1
v 4.6 0.9 -2.1
v -4.5 0.9 -2.3
v -4.4 0.9 -2.3
v -4.3 0.9 -2.3
v 4.3 0.9 -2.3
v 4.4 0.9 -2.3
v 4.5 0.9 -2.3
v -4.4 0.9 -2.5
v -4.3 0.9 -2.5
v -4.2 0.9 -2.5
v 4.2 0.9 -2.5
v 4.3 0.9 -2.5
v 4.4 0.9 -2.5
v -4.2 0.9 -2.6
v -4.1 0.9 -2.6
v 4.1 0.9 -2.6
v 4.2 0.9 -2.6
v -4.3 0.9 -2.7
v -4.2 0.9 -2.7
v 4.2 0.9 -2.7
v 4.3 0.9 -2.7
v -4.2 0.9 -2.8
v -4.1 0.9 -2.8
v -4 0.9 -2.8
v 4 0.9 -2.8
v 4.1 0.9 -2.8
v 4.2 0.9 -2.8
v -4 0.9 -2.9
v -3.9 0.9 -2.9
v 3.9 0.9 -2.9
v 4 0.9 -2.9
v -4.1 0.9 -3
v -4 0.9 -3
v 4 0.9 -3
v 4.1 0.9 -3
v -4 0.9 -3.1
v -3.9 0.9 -3.1
v -3.8 0.9 -3.1
v 3.8 0.9 -3.1
v 3.9 0.9 -3.1
v 4 0.9 -3.1
v -3.9 0.9 -3.2
v -3.8 0.9 -3.2
v 3.8 0.9 -3.2
v 3.9 0.9 -3.2
v -3.2 0.9 -3.8
v -3.1 0.9 -3.8
v 3.1 0.9 -3.8
v 3.2 0.9 -3.8
v -3.2 0.9 -3.9
v -3.1 0.9 -3.9
v -2.9 0.9 -3.9
v 2.9 0.9 -3.9
v 3.1 0.9 -3.9
v 3.2 0.9 -3.9
v -3.1 0.9 -4
v -3 0.9 -4
v -2.9 0.9 -4
v -2.8 0.9 -4
v 2.8 0.9 -4
v 2.9 0.9 -4
v 3 0.9 -4
v 3.1 0.9 -4
v -3 0.9 -4.1
v -2.8 0.9 -4.1
v -2.6 0.9 -4.1
v 2.6 0.9 -4.1
v 2.8 0.9 -4.1
v 3 0.9 -4.1
v -2.8 0.9 -4.2
v -2.7 0.9 -4.2
v -2.6 0.9 -4.2
v -2.5 0.9 -4.2
v 2.5 0.9 -4.2
v 2.6 0.9 -4.2
v 2.7 0.9 -4.2
v 2.8 0.9 -4.2
v -2.7 0.9 -4.3
v -2.5 0.9 -4.3
v -2.3 0.9 -4.3
v 2.3 0.9 -4.3
v 2.5 0.9 -4.3
v 2.7 0.9 -4.3
v -2.5 0.9 -4.4
v -2.3 0.9 -4.4
v -2.1 0.9 -4.4
v 2.1 0.9 -4.4
v 2.3 0.9 -4.4
v 2.5 0.9 -4.4
v -2.3 0.9 -4.5
v -2.1 0.9 -4.5
v -1.9 0.9 -4.5
v 1.9 0.9 -4.5
v 2.1 0.9 -4.5
v 2.3 0.9 -4.5
v -2.1 0.9 -4.6
v -1.9 0.9 -4.6
v -1.6 0.9 -4.6
v 1.6 0.9 -4.6
v 1.9 0.9 -4.6
v 2.1 0.9 -4.6
v -1.9 0.9 -4.7
v -1.6 0.9 -4.7
v -1.2 0.9 -4.7
v 1.2 0.9 -4.7
v 1.6 0.9 -4.7
v 1.9 0.9 -4.7
v -1.6 0.9 -4.8
v -1.3 0.9 -4.8
v -1.2 0.9 -4.8
v -0.7 0.9 -4.8
v 0.7 0.9 -4.8
v 1.2 0.9 -4.8
v 1.3 0.9 -4.8
v 1.6 0.9 -4.8
v -1.3 0.9 -4.9
v -0.8 0.9 -4.9
v -0.7 0.9 -4.9
v -0.4 0.9 -4.9
v 0.4 0.9 -4.9
v 0.7 0.9 -4.9
v 0.8 0.9 -4.9
v 1.3 0.9 -4.9
v -0.8 0.9 -5
v -0.5 0.9 -5
v -0.4 0.9 -5
v 0.4 0.9 -5
v 0.5 0.9 -5
v 0.8 0.9 -5
v -3.6 0.1 4.2
v -3.5 0.1 4.2
v 3.5 0.1 4.2
v 3.6 0.1 4.2
v -3.6 0.1 4.1
v -3.5 0.1 4.1
v 3.5 0.1 4.1
v 3.6 0.1 4.1
v -4.2 0.1 3.6
v -4.1 0.1 3.6
v 4.1 0.1 3.6
v 4.2 0.1 3.6
v -4.2 0.1 3.5
v -4.1 0.1 3.5
v 4.1 0.1 3.5
v 4.2 0.1 3.5
v -4.2 0.1 -3.5
v -4.1 0.1 -3.5
v 4.1 0.1 -3.5
v 4.2 0.1 -3.5
v -4.2 0.1 -3.6
v -4.1 0.1 -3.6
v 4.1 0.1 -3.6
v 4.2 0.1 -3.6
v -3.6 0.1 -4.1
v -3.5 0.1 -4.1
v 3.5 0.1 -4.1
v 3.6 0.1 -4.1
v -3.6 0.1 -4.2
v -3.5 0.1 -4.2
v 3.5 0.1 -4.2
v 3.6 0.1 -4.2
v -0.5 0.2 5.5
v -0.4 0.2 5.5
v 0.4 0.2 5.5
v 0.5 0.2 5.5
v -0.5 0.2 5.4
v -0.4 0.2 5.4
v 0.4 0.2 5.4
v 0.5 0.2 5.4
v -0.8 0.2 5
v -0.5 0.2 5
v -0.4 0.2 5
v 0.4 0.2 5
v 0.5 0.2 5
v 0.8 0.2 5
v -1.3 0.2 4.9
v -0.8 0.2 4.9
v -0.7 0.2 4.9
v -0.4 0.2 4.9
v 0.4 0.2 4.9
v 0.7 0.2 4.9
v 0.8 0.2 4.9
v 1.3 0.2 4.9
v -1.6 0.2 4.8
v -1.3 0.2 4.8
v -1.2 0.2 4.8
v -0.7 0.2 4.8
v 0.7 0.2 4.8
v 1.2 0.2 4.8
v 1.3 0.2 4.8
v 1.6 0.2 4.8
v -1.9 0.2 4.7
v -1.6 0.2 4.7
v -1.2 0.2 4.7
v 1.2 0.2 4.7
v 1.6 0.2 4.7
v 1.9 0.2 4.7
v -2.1 0.2 4.6
v -1.9 0.2 4.6
v -1.6 0.2 4.6
v 1.6 0.2 4.6
v 1.9 0.2 4.6
v 2.1 0.2 4.6
v -2.3 0.2 4.5
v -2.1 0.2 4.5
v -1.9 0.2 4.5
v -0.7 0.2 4.5
v -0.4 0.2 4.5
v -0.3 0.2 4.5
v 0.3 0.2 4.5
v 0.4 0.2 4.5
v 0.7 0.2 4.5
v 1.9 0.2 4.5
v 2.1 0.2 4.5
v 2.3 0.2 4.5
v -2.5 0.2 4.4
v -2.3 0.2 4.4
v -2.1 0.2 4.4
v -1.2 0.2 4.4
v -0.7 0.2 4.4
v 0.7 0.2 4.4
v 1.2 0.2 4.4
v 2.1 0.2 4.4
v 2.3 0.2 4.4
v 2.5 0.2 4.4
v -2.7 0.2 4.3
v -2.5 0.2 4.3
v -2.3 0.2 4.3
v -1.5 0.2 4.3
v -1.2 0.2 4.3
v 1.2 0.2 4.3
v 1.5 0.2 4.3
v 2.3 0.2 4.3
v 2.5 0.2 4.3
v 2.7 0.2 4.3
v -2.8 0.2 4.2
v -2.7 0.2 4.2
v -2.6 0.2 4.2
v -2.5 0.2 4.2
v -1.8 0.2 4.2
v -1.5 0.2 4.2
v 1.5 0.2 4.2
v 1.8 0.2 4.2
v 2.5 0.2 4.2
v 2.6 0.2 4.2
v 2.7 0.2 4.2
v 2.8 0.2 4.2
v -3.7 0.2 4.1
v -3.6 0.2 4.1
v -3 0.2 4.1
v -2.8 0.2 4.1
v -2.6 0.2 4.1
v -2 0.2 4.1
v -1.8 0.2 4.1
v 1.8 0.2 4.1
v 2 0.2 4.1
v 2.6 0.2 4.1
v 2.8 0.2 4.1
v 3 0.2 4.1
v 3.6 0.2 4.1
v 3.7 0.2 4.1
v -3.8 0.2 4
v -3.7 0.2 4
v -3.6 0.2 4
v -3.1 0.2 4
v -3 0.2 4
v -2.9 0.2 4
v -2.8 0.2 4
v -2.2 0.2 4
v -2 0.2 4
v 2 0.2 4
v 2.2 0.2 4
v 2.8 0.2 4
v 2.9 0.2 4
v 3 0.2 4
v 3.1 0.2 4
v 3.6 0.2 4
v 3.7 0.2 4
v 3.8 0.2 4
v -3.9 0.2 3.9
v -3.8 0.2 3.9
v -3.7 0.2 3.9
v -3.2 0.2 3.9
v -3.1 0.2 3.9
v -2.9 0.2 3.9
v -2.4 0.2 3.9
v -2.2 0.2 3.9
v 2.2 0.2 3.9
v 2.4 0.2 3.9
v 2.9 0.2 3.9
v 3.1 0.2 3.9
v 3.2 0.2 3.9
v 3.7 0.2 3.9
v 3.8 0.2 3.9
v 3.9 0.2 3.9
v -4 0.2 3.8
v -3.9 0.2 3.8
v -3.8 0.2 3.8
v -3.2 0.2 3.8
v -3.1 0.2 3.8
v -2.5 0.2 3.8
v -2.4 0.2 3.8
v 2.4 0.2 3.8
v 2.5 0.2 3.8
v 3.1 0.2 3.8
v 3.2 0.2 3.8
v 3.8 0.2 3.8
v 3.9 0.2 3.8
v 4 0.2 3.8
v -4.1 0.2 3.7
v -4 0.2 3.7
v -3.9 0.2 3.7
v -2.7 0.2 3.7
v -2.5 0.2 3.7
v 2.5 0.2 3.7
v 2.7 0.2 3.7
v 3.9 0.2 3.7
v 4 0.2 3.7
v 4.1 0.2 3.7
v -4.1 0.2 3.6
v -4 0.2 3.6
v -2.8 0.2 3.6
v -2.7 0.2 3.6
v 2.7 0.2 3.6
v 2.8 0.2 3.6
v 4 0.2 3.6
v 4.1 0.2 3.6
v -2.9 0.2 3.5
v -2.8 0.2 3.5
v 2.8 0.2 3.5
v 2.9 0.2 3.5
v -3 0.2 3.4
v -2.9 0.2 3.4
v 2.9 0.2 3.4
v 3 0.2 3.4
v -3.1 0.2 3.3
v -3 0.2 3.3
v 3 0.2 3.3
v 3.1 0.2 3.3
v -3.9 0.2 3.2
v -3.8 0.2 3.2
v -3.2 0.2 3.2
v -3.1 0.2 3.2
v 3.1 0.2 3.2
v 3.2 0.2 3.2
v 3.8 0.2 3.2
v 3.9 0.2 3.2
v -4 0.2 3.1
v -3.9 0.2 3.1
v -3.8 0.2 3.1
v -3.3 0.2 3.1
v -3.2 0.2 3.1
v 3.2 0.2 3.1
v 3.3 0.2 3.1
v 3.8 0.2 3.1
v 3.9 0.2 3.1
v 4 0.2 3.1
v -4.1 0.2 3
v -4 0.2 3
v -3.4 0.2 3
v -3.3 0.2 3
v 3.3 0.2 3
v 3.4 0.2 3
v 4 0.2 3
v 4.1 0.2 3
v -4 0.2 2.9
v -3.9 0.2 2.9
v -3.5 0.2 2.9
v -3.4 0.2 2.9
v 3.4 0.2 2.9
v 3.5 0.2 2.9
v 3.9 0.2 2.9
v 4 0.2 2.9
v -4.2 0.2 2.8
v -4.1 0.2 2.8
v -4 0.2 2.8
v -3.6 0.2 2.8
v -3.5 0.2 2.8
v 3.5 0.2 2.8
v 3.6 0.2 2.8
v 4 0.2 2.8
v 4.1 0.2 2.8
v 4.2 0.2 2.8
v -4.3 0.2 2.7
v -4.2 0.2 2.7
v -3.7 0.2 2.7
v -3.6 0.2 2.7
v 3.6 0.2 2.7
v 3.7 0.2 2.7
v 4.2 0.2 2.7
v 4.3 0.2 2.7
v -4.2 0.2 2.6
v -4.1 0.2 2.6
v 4.1 0.2 2.6
v 4.2 0.2 2.6
v -4.4 0.2 2.5
v -4.3 0.2 2.5
v -4.2 0.2 2.5
v -3.8 0.2 2.5
v -3.7 0.2 2.5
v 3.7 0.2 2.5
v 3.8 0.2 2.5
v 4.2 0.2 2.5
v 4.3 0.2 2.5
v 4.4 0.2 2.5
v -3.9 0.2 2.4
v -3.8 0.2 2.4
v 3.8 0.2 2.4
v 3.9 0.2 2.4
v -4.5 0.2 2.3
v -4.4 0.2 2.3
v -4.3 0.2 2.3
v 4.3 0.2 2.3
v 4.4 0.2 2.3
v 4.5 0.2 2.3
v -4 0.2 2.2
v -3.9 0.2 2.2
v 3.9 0.2 2.2
v 4 0.2 2.2
v -4.6 0.2 2.1
v -4.5 0.2 2.1
v -4.4 0.2 2.1
v 4.4 0.2 2.1
v 4.5 0.2 2.1
v 4.6 0.2 2.1
v -4.1 0.2 2
v -4 0.2 2
v 4 0.2 2
v 4.1 0.2 2
v -4.7 0.2 1.9
v -4.6 0.2 1.9
v -4.5 0.2 1.9
v 4.5 0.2 1.9
v 4.6 0.2 1.9
v 4.7 0.2 1.9
v -4.2 0.2 1.8
v -4.1 0.2 1.8
v 4.1 0.2 1.8
v 4.2 0.2 1.8
v -4.8 0.2 1.6
v -4.7 0.2 1.6
v -4.6 0.2 1.6
v 4.6 0.2 1.6
v 4.7 0.2 1.6
v 4.8 0.2 1.6
v -4.3 0.2 1.5
v -4.2 0.2 1.5
v 4.2 0.2 1.5
v 4.3 0.2 1.5
v -4.9 0.2 1.3
v -4.8 0.2 1.3
v 4.8 0.2 1.3
v 4.9 0.2 1.3
v -4.8 0.2 1.2
v -4.7 0.2 1.2
v -4.4 0.2 1.2
v -4.3 0.2 1.2
v 4.3 0.2 1.2
v 4.4 0.2 1.2
v 4.7 0.2 1.2
v 4.8 0.2 1.2
v -5 0.2 0.8
v -4.9 0.2 0.8
v 4.9 0.2 0.8
v 5 0.2 0.8
v -4.9 0.2 0.7
v -4.8 0.2 0.7
v -4.5 0.2 0.7
v -4.4 0.2 0.7
v 4.4 0.2 0.7
v 4.5 0.2 0.7
v 4.8 0.2 0.7
v 4.9 0.2 0.7
v -5.5 0.2 0.5
v -5.4 0.2 0.5
v -5 0.2 0.5
v 5 0.2 0.5
v 5.4 0.2 0.5
v 5.5 0.2 0.5
v -5.5 0.2 0.4
v -5.4 0.2 0.4
v -5 0.2 0.4
v -4.9 0.2 0.4
v -4.5 0.2 0.4
v 4.5 0.2 0.4
v 4.9 0.2 0.4
v 5 0.2 0.4
v 5.4 0.2 0.4
v 5.5 0.2 0.4
v -4.5 0.2 0.3
v 4.5 0.2 0.3
v -4.5 0.2 -0.3
v 4.5 0.2 -0.3
v -5.5 0.2 -0.4
v -5.4 0.2 -0.4
v -5 0.2 -0.4
v -4.9 0.2 -0.4
v -4.5 0.2 -0.4
v 4.5 0.2 -0.4
v 4.9 0.2 -0.4
v 5 0.2 -0.4
v 5.4 0.2 -0.4
v 5.5 0.2 -0.4
v -5.5 0.2 -0.5
v -5.4 0.2 -0.5
v -5 0.2 -0.5
v 5 0.2 -0.5
v 5.4 0.2 -0.5
v 5.5 0.2 -0.5
v -4.9 0.2 -0.7
v -4.8 0.2 -0.7
v -4.5 0.2 -0.7
v -4.4 0.2 -0.7
v 4.4 0.2 -0.7
v 4.5 0.2 -0.7
v 4.8 0.2 -0.7
v 4.9 0.2 -0.7
v -5 0.2 -0.8
v -4.9 0.2 -0.8
v 4.9 0.2 -0.8
v 5 0.2 -0.8
v -4.8 0.2 -1.2
v -4.7 0.2 -1.2
v -4.4 0.2 -1.2
v -4.3 0.2 -1.2
v 4.3 0.2 -1.2
v 4.4 0.2 -1.2
v 4.7 0.2 -1.2
v 4.8 0.2 -1.2
v -4.9 0.2 -1.3
v -4.8 0.2 -1.3
v 4.8 0.2 -1.3
v 4.9 0.2 -1.3
v -4.3 0.2 -1.5
v -4.2 0.2 -1.5
v 4.2 0.2 -1.5
v 4.3 0.2 -1.5
v -4.8 0.2 -1.6
v -4.7 0.2 -1.6
v -4.6 0.2 -1.6
v 4.6 0.2 -1.6
v 4.7 0.2 -1.6
v 4.8 0.2 -1.6
v -4.2 0.2 -1.8
v -4.1 0.2 -1.8
v 4.1 0.2 -1.8
v 4.2 0.2 -1.8
v -4.7 0.2 -1.9
v -4.6 0.2 -1.9
v -4.5 0.2 -1.9
v 4.5 0.2 -1.9
v 4.6 0.2 -1.9
v 4.7 0.2 -1.9
v -4.1 0.2 -2
v -4 0.2 -2
v 4 0.2 -2
v 4.1 0.2 -2
v -4.6 0.2 -2.1
v -4.5 0.2 -2.1
v -4.4 0.2 -2.1
v 4.4 0.2 -2.1
v 4.5 0.2 -2.1
v 4.6 0.2 -2.1
v -4 0.2 -2.2
v -3.9 0.2 -2.2
v 3.9 0.2 -2.2
v 4 0.2 -2.2
v -4.5 0.2 -2.3
v -4.4 0.2 -2.3
v -4.3 0.2 -2.3
v 4.3 0.2 -2.3
v 4.4 0.2 -2.3
v 4.5 0.2 -2.3
v -3.9 0.2 -2.4
v -3.8 0.2 -2.4
v 3.8 0.2 -2.4
v 3.9 0.2 -2.4
v -4.4 0.2 -2.5
v -4.3 0.2 -2.5
v -4.2 0.2 -2.5
v -3.8 0.2 -2.5
v -3.7 0.2 -2.5
v 3.7 0.2 -2.5
v 3.8 0.2 -2.5
v 4.2 0.2 -2.5
v 4.3 0.2 -2.5
v 4.4 0.2 -2.5
v -4.2 0.2 -2.6
v -4.1 0.2 -2.6
v 4.1 0.2 -2.6
v 4.2 0.2 -2.6
v -4.3 0.2 -2.7
v -4.2 0.2 -2.7
v -3.7 0.2 -2.7
v -3.6 0.2 -2.7
v 3.6 0.2 -2.7
v 3.7 0.2 -2.7
v 4.2 0.2 -2.7
v 4.3 0.2 -2.7
v -4.2 0.2 -2.8
v -4.1 0.2 -2.8
v -4 0.2 -2.8
v -3.6 0.2 -2.8
v -3.5 0.2 -2.8
v 3.5 0.2 -2.8
v 3.6 0.2 -2.8
v 4 0.2 -2.8
v 4.1 0.2 -2.8
v 4.2 0.2 -2.8
v -4 0.2 -2.9
v -3.9 0.2 -2.9
v -3.5 0.2 -2.9
v -3.4 0.2 -2.9
v 3.4 0.2 -2.9
v 3.5 0.2 -2.9
v 3.9 0.2 -2.9
v 4 0.2 -2.9
v -4.1 0.2 -3
v -4 0.2 -3
v -3.4 0.2 -3
v -3.3 0.2 -3
v 3.3 0.2 -3
v 3.4 0.2 -3
v 4 0.2 -3
v 4.1 0.2 -3
v -4 0.2 -3.1
v -3.9 0.2 -3.1
v -3.8 0.2 -3.1
v -3.3 0.2 -3.1
v -3.2 0.2 -3.1
v 3.2 0.2 -3.1
v 3.3 0.2 -3.1
v 3.8 0.2 -3.1
v 3.9 0.2 -3.1
v 4 0.2 -3.1
v -3.9 0.2 -3.2
v -3.8 0.2 -3.2
v -3.2 0.2 -3.2
v -3.1 0.2 -3.2
v 3.1 0.2 -3.2
v 3.2 0.2 -3.2
v 3.8 0.2 -3.2
v 3.9 0.2 -3.2
v -3.1 0.2 -3.3
v -3 0.2 -3.3
v 3 0.2 -3.3
v 3.1 0.2 -3.3
v -3 0.2 -3.4
v -2.9 0.2 -3.4
v 2.9 0.2 -3.4
v 3 0.2 -3.4
v -2.9 0.2 -3.5
v -2.8 0.2 -3.5
v 2.8 0.2 -3.5
v 2.9 0.2 -3.5
v -4.1 0.2 -3.6
v -4 0.2 -3.6
v -2.8 0.2 -3.6
v -2.7 0.2 -3.6
v 2.7 0.2 -3.6
v 2.8 0.2 -3.6
v 4 0.2 -3.6
v 4.1 0.2 -3.6
v -4.1 0.2 -3.7
v -4 0.2 -3.7
v -3.9 0.2 -3.7
v -2.7 0.2 -3.7
v -2.5 0.2 -3.7
v 2.5 0.2 -3.7
v 2.7 0.2 -3.7
v 3.9 0.2 -3.7
v 4 0.2 -3.7
v 4.1 0.2 -3.7
v -4 0.2 -3.8
v -3.9 0.2 -3.8
v -3.8 0.2 -3.8
v -3.2 0.2 -3.8
v -3.1 0.2 -3.8
v -2.5 0.2 -3.8
v -2.4 0.2 -3.8
v 2.4 0.2 -3.8
v 2.5 0.2 -3.8
v 3.1 0.2 -3.8
v 3.2 0.2 -3.8
v 3.8 0.2 -3.8
v 3.9 0.2 -3.8
v 4 0.2 -3.8
v -3.9 0.2 -3.9
v -3.8 0.2 -3.9
v -3.7 0.2 -3.9
v -3.2 0.2 -3.9
v -3.1 0.2 -3.9
v -2.9 0.2 -3.9
v -2.4 0.2 -3.9
v -2.2 0.2 -3.9
v 2.2 0.2 -3.9
v 2.4 0.2 -3.9
v 2.9 0.2 -3.9
v 3.1 0.2 -3.9
v 3.2 0.2 -3.9
v 3.7 0.2 -3.9
v 3.8 0.2 -3.9
v 3.9 0.2 -3.9
v -3.8 0.2 -4
v -3.7 0.2 -4
v -3.6 0.2 -4
v -3.1 0.2 -4
v -3 0.2 -4
v -2.9 0.2 -4
v -2.8 0.2 -4
v -2.2 0.2 -4
v -2 0.2 -4
v 2 0.2 -4
v 2.2 0.2 -4
v 2.8 0.2 -4
v 2.9 0.2 -4
v 3 0.2 -4
v 3.1 0.2 -4
v 3.6 0.2 -4
v 3.7 0.2 -4
v 3.8 0.2 -4
v -3.7 0.2 -4.1
v -3.6 0.2 -4.1
v -3 0.2 -4.1
v -2.8 0.2 -4.1
v -2.6 0.2 -4.1
v -2 0.2 -4.1
v -1.8 0.2 -4.1
v 1.8 0.2 -4.1
v 2 0.2 -4.1
v 2.6 0.2 -4.1
v 2.8 0.2 -4.1
v 3 0.2 -4.1
v 3.6 0.2 -4.1
v 3.7 0.2 -4.1
v -2.8 0.2 -4.2
v -2.7 0.2 -4.2
v -2.6 0.2 -4.2
v -2.5 0.2 -4.2
v -1.8 0.2 -4.2
v -1.5 0.2 -4.2
v 1.5 0.2 -4.2
v 1.8 0.2 -4.2
v 2.5 0.2 -4.2
v 2.6 0.2 -4.2
v 2.7 0.2 -4.2
v 2.8 0.2 -4.2
v -2.7 0.2 -4.3
v -2.5 0.2 -4.3
v -2.3 0.2 -4.3
v -1.5 0.2 -4.3
v -1.2 0.2 -4.3
v 1.2 0.2 -4.3
v 1.5 0.2 -4.3
v 2.3 0.2 -4.3
v 2.5 0.2 -4.3
v 2.7 0.2 -4.3
v -2.5 0.2 -4.4
v -2.3 0.2 -4.4
v -2.1 0.2 -4.4
v -1.2 0.2 -4.4
v -0.7 0.2 -4.4
v 0.7 0.2 -4.4
v 1.2 0.2 -4.4
v 2.1 0.2 -4.4
v 2.3 0.2 -4.4
v 2.5 0.2 -4.4
v -2.3 0.2 -4.5
v -2.1 0.2 -4.5
v -1.9 0.2 -4.5
v -0.7 0.2 -4.5
v -0.4 0.2 -4.5
v -0.3 0.2 -4.5
v 0.3 0.2 -4.5
v 0.4 0.2 -4.5
v 0.7 0.2 -4.5
v 1.9 0.2 -4.5
v 2.1 0.2 -4.5
v 2.3 0.2 -4.5
v -2.1 0.2 -4.6
v -1.9 0.2 -4.6
v -1.6 0.2 -4.6
v 1.6 0.2 -4.6
v 1.9 0.2 -4.6
v 2.1 0.2 -4.6
v -1.9 0.2 -4.7
v -1.6 0.2 -4.7
v -1.2 0.2 -4.7
v 1.2 0.2 -4.7
v 1.6 0.2 -4.7
v 1.9 0.2 -4.7
v -1.6 0.2 -4.8
v -1.3 0.2 -4.8
v -1.2 0.2 -4.8
v -0.7 0.2 -4.8
v 0.7 0.2 -4.8
v 1.2 0.2 -4.8
v 1.3 0.2 -4.8
v 1.6 0.2 -4.8
v -1.3 0.2 -4.9
v -0.8 0.2 -4.9
v -0.7 0.2 -4.9
v -0.4 0.2 -4.9
v 0.4 0.2 -4.9
v 0.7 0.2 -4.9
v 0.8 0.2 -4.9
v 1.3 0.2 -4.9
v -0.8 0.2 -5
v -0.5 0.2 -5
v -0.4 0.2 -5
v 0.4 0.2 -5
v 0.5 0.2 -5
v 0.8 0.2 -5
v -0.5 0.2 -5.4
v -0.4 0.2 -5.4
v 0.4 0.2 -5.4
v 0.5 0.2 -5.4
v -0.5 0.2 -5.5
v -0.4 0.2 -5.5
v 0.4 0.2 -5.5
v 0.5 0.2 -5.5
v -0.4 0.3 5.5
v 0.4 0.3 5.5
v -0.4 0.3 5.4
v 0.4 0.3 5.4
v -5.5 0.3 0.4
v -5.4 0.3 0.4
v 5.4 0.3 0.4
v 5.5 0.3 0.4
v -5.5 0.3 -0.4
v -5.4 0.3 -0.4
v 5.4 0.3 -0.4
v 5.5 0.3 -0.4
v -0.4 0.3 -5.4
v 0.4 0.3 -5.4
v -0.4 0.3 -5.5
v 0.4 0.3 -5.5
v -3.5 0.4 4.2
v -3.4 0.4 4.2
v 3.4 0.4 4.2
v 3.5 0.4 4.2
v -3.6 0.4 4.1
v -3.5 0.4 4.1
v -3.4 0.4 4.1
v -3.3 0.4 4.1
v 3.3 0.4 4.1
v 3.4 0.4 4.1
v 3.5 0.4 4.1
v 3.6 0.4 4.1
v -3.7 0.4 4
v -3.6 0.4 4
v -3.5 0.4 4
v -3.3 0.4 4
v 3.3 0.4 4
v 3.5 0.4 4
v 3.6 0.4 4
v 3.7 0.4 4
v -3.8 0.4 3.9
v -3.7 0.4 3.9
v -3.6 0.4 3.9
v -3.5 0.4 3.9
v 3.5 0.4 3.9
v 3.6 0.4 3.9
v 3.7 0.4 3.9
v 3.8 0.4 3.9
v -3.9 0.4 3.8
v -3.8 0.4 3.8
v -3.7 0.4 3.8
v -3.6 0.4 3.8
v 3.6 0.4 3.8
v 3.7 0.4 3.8
v 3.8 0.4 3.8
v 3.9 0.4 3.8
v -4 0.4 3.7
v -3.9 0.4 3.7
v -3.8 0.4 3.7
v -3.7 0.4 3.7
v 3.7 0.4 3.7
v 3.8 0.4 3.7
v 3.9 0.4 3.7
v 4 0.4 3.7
v -4.1 0.4 3.6
v -4 0.4 3.6
v -3.9 0.4 3.6
v -3.8 0.4 3.6
v 3.8 0.4 3.6
v 3.9 0.4 3.6
v 4 0.4 3.6
v 4.1 0.4 3.6
v -4.2 0.4 3.5
v -4.1 0.4 3.5
v -4 0.4 3.5
v -3.9 0.4 3.5
v 3.9 0.4 3.5
v 4 0.4 3.5
v 4.1 0.4 3.5
v 4.2 0.4 3.5
v -4.2 0.4 3.4
v -4.1 0.4 3.4
v 4.1 0.4 3.4
v 4.2 0.4 3.4
v -4.1 0.4 3.3
v -4 0.4 3.3
v 4 0.4 3.3
v 4.1 0.4 3.3
v -4.1 0.4 -3.3
v -4 0.4 -3.3
v 4 0.4 -3.3
v 4.1 0.4 -3.3
v -4.2 0.4 -3.4
v -4.1 0.4 -3.4
v 4.1 0.4 -3.4
v 4.2 0.4 -3.4
v -4.2 0.4 -3.5
v -4.1 0.4 -3.5
v -4 0.4 -3.5
v -3.9 0.4 -3.5
v 3.9 0.4 -3.5
v 4 0.4 -3.5
v 4.1 0.4 -3.5
v 4.2 0.4 -3.5
v -4.1 0.4 -3.6
v -4 0.4 -3.6
v -3.9 0.4 -3.6
v -3.8 0.4 -3.6
v 3.8 0.4 -3.6
v 3.9 0.4 -3.6
v 4 0.4 -3.6
v 4.1 0.4 -3.6
v -4 0.4 -3.7
v -3.9 0.4 -3.7
v -3.8 0.4 -3.7
v -3.7 0.4 -3.7
v 3.7 0.4 -3.7
v 3.8 0.4 -3.7
v 3.9 0.4 -3.7
v 4 0.4 -3.7
v -3.9 0.4 -3.8
v -3.8 0.4 -3.8
v -3.7 0.4 -3.8
v -3.6 0.4 -3.8
v 3.6 0.4 -3.8
v 3.7 0.4 -3.8
v 3.8 0.4 -3.8
v 3.9 0.4 -3.8
v -3.8 0.4 -3.9
v -3.7 0.4 -3.9
v -3.6 0.4 -3.9
v -3.5 0.4 -3.9
v 3.5 0.4 -3.9
v 3.6 0.4 -3.9
v 3.7 0.4 -3.9
v 3.8 0.4 -3.9
v -3.7 0.4 -4
v -3.6 0.4 -4
v -3.5 0.4 -4
v -3.3 0.4 -4
v 3.3 0.4 -4
v 3.5 0.4 -4
v 3.6 0.4 -4
v 3.7 0.4 -4
v -3.6 0.4 -4.1
v -3.5 0.4 -4.1
v -3.4 0.4 -4.1
v -3.3 0.4 -4.1
v 3.3 0.4 -4.1
v 3.4 0.4 -4.1
v 3.5 0.4 -4.1
v 3.6 0.4 -4.1
v -3.5 0.4 -4.2
v -3.4 0.4 -4.2
v 3.4 0.4 -4.2
v 3.5 0.4 -4.2
v -0.5 0.5 5.4
v -0.4 0.5 5.4
v 0.4 0.5 5.4
v 0.5 0.5 5.4
v -0.5 0.5 5.2
v -0.4 0.5 5.2
v 0.4 0.5 5.2
v 0.5 0.5 5.2
v -3.4 0.5 4
v -3.3 0.5 4
v 3.3 0.5 4
v 3.4 0.5 4
v -3.4 0.5 3.9
v -3.3 0.5 3.9
v 3.3 0.5 3.9
v 3.4 0.5 3.9
v -4 0.5 3.4
v -3.9 0.5 3.4
v 3.9 0.5 3.4
v 4 0.5 3.4
v -4 0.5 3.3
v -3.9 0.5 3.3
v 3.9 0.5 3.3
v 4 0.5 3.3
v -5.4 0.5 0.5
v -5.2 0.5 0.5
v 5.2 0.5 0.5
v 5.4 0.5 0.5
v -5.4 0.5 0.4
v -5.2 0.5 0.4
v 5.2 0.5 0.4
v 5.4 0.5 0.4
v -5.4 0.5 -0.4
v -5.2 0.5 -0.4
v 5.2 0.5 -0.4
v 5.4 0.5 -0.4
v -5.4 0.5 -0.5
v -5.2 0.5 -0.5
v 5.2 0.5 -0.5
v 5.4 0.5 -0.5
v -4 0.5 -3.3
v -3.9 0.5 -3.3
v 3.9 0.5 -3.3
v 4 0.5 -3.3
v -4 0.5 -3.4
v -3.9 0.5 -3.4
v 3.9 0.5 -3.4
v 4 0.5 -3.4
v -3.4 0.5 -3.9
v -3.3 0.5 -3.9
v 3.3 0.5 -3.9
v 3.4 0.5 -3.9
v -3.4 0.5 -4
v -3.3 0.5 -4
v 3.3 0.5 -4
v 3.4 0.5 -4
v -0.5 0.5 -5.2
v -0.4 0.5 -5.2
v 0.4 0.5 -5.2
v 0.5 0.5 -5.2
v -0.5 0.5 -5.4
v -0.4 0.5 -5.4
v 0.4 0.5 -5.4
v 0.5 0.5 -5.4
v -0.4 0.6 5.4
v 0.4 0.6 5.4
v -0.4 0.6 5.3
v 0.4 0.6 5.3
v -3.5 0.6 4
v -3.4 0.6 4
v 3.4 0.6 4
v 3.5 0.6 4
v -3.5 0.6 3.9
v -3.4 0.6 3.9
v 3.4 0.6 3.9
v 3.5 0.6 3.9
v -4 0.6 3.5
v -3.9 0.6 3.5
v 3.9 0.6 3.5
v 4 0.6 3.5
v -4 0.6 3.4
v -3.9 0.6 3.4
v 3.9 0.6 3.4
v 4 0.6 3.4
v -5.4 0.6 0.4
v -5.3 0.6 0.4
v 5.3 0.6 0.4
v 5.4 0.6 0.4
v -5.4 0.6 -0.4
v -5.3 0.6 -0.4
v 5.3 0.6 -0.4
v 5.4 0.6 -0.4
v -4 0.6 -3.4
v -3.9 0.6 -3.4
v 3.9 0.6 -3.4
v 4 0.6 -3.4
v -4 0.6 -3.5
v -3.9 0.6 -3.5
v 3.9 0.6 -3.5
v 4 0.6 -3.5
v -3.5 0.6 -3.9
v -3.4 0.6 -3.9
v 3.4 0.6 -3.9
v 3.5 0.6 -3.9
v -3.5 0.6 -4
v -3.4 0.6 -4
v 3.4 0.6 -4
v 3.5 0.6 -4
v -0.4 0.6 -5.3
v 0.4 0.6 -5.3
v -0.4 0.6 -5.4
v 0.4 0.6 -5.4
v -0.5 0.7 5.2
v -0.4 0.7 5.2
v 0.4 0.7 5.2
v 0.5 0.7 5.2
v -0.5 0.7 5.1
v -0.4 0.7 5.1
v 0.4 0.7 5.1
v 0.5 0.7 5.1
v -3.3 0.7 4
v -3.2 0.7 4
v 3.2 0.7 4
v 3.3 0.7 4
v -3.6 0.7 3.9
v -3.5 0.7 3.9
v -3.3 0.7 3.9
v 3.3 0.7 3.9
v 3.5 0.7 3.9
v 3.6 0.7 3.9
v -3.7 0.7 3.8
v -3.6 0.7 3.8
v -3.5 0.7 3.8
v -3.3 0.7 3.8
v -3.2 0.7 3.8
v 3.2 0.7 3.8
v 3.3 0.7 3.8
v 3.5 0.7 3.8
v 3.6 0.7 3.8
v 3.7 0.7 3.8
v -3.8 0.7 3.7
v -3.7 0.7 3.7
v -3.6 0.7 3.7
v 3.6 0.7 3.7
v 3.7 0.7 3.7
v 3.8 0.7 3.7
v -3.9 0.7 3.6
v -3.8 0.7 3.6
v -3.7 0.7 3.6
v 3.7 0.7 3.6
v 3.8 0.7 3.6
v 3.9 0.7 3.6
v -3.9 0.7 3.5
v -3.8 0.7 3.5
v 3.8 0.7 3.5
v 3.9 0.7 3.5
v -4 0.7 3.3
v -3.9 0.7 3.3
v -3.8 0.7 3.3
v 3.8 0.7 3.3
v 3.9 0.7 3.3
v 4 0.7 3.3
v -4 0.7 3.2
v -3.8 0.7 3.2
v 3.8 0.7 3.2
v 4 0.7 3.2
v -5.2 0.7 0.5
v -5.1 0.7 0.5
v 5.1 0.7 0.5
v 5.2 0.7 0.5
v -5.2 0.7 0.4
v -5.1 0.7 0.4
v 5.1 0.7 0.4
v 5.2 0.7 0.4
v -5.2 0.7 -0.4
v -5.1 0.7 -0.4
v 5.1 0.7 -0.4
v 5.2 0.7 -0.4
v -5.2 0.7 -0.5
v -5.1 0.7 -0.5
v 5.1 0.7 -0.5
v 5.2 0.7 -0.5
v -4 0.7 -3.2
v -3.8 0.7 -3.2
v 3.8 0.7 -3.2
v 4 0.7 -3.2
v -4 0.7 -3.3
v -3.9 0.7 -3.3
v -3.8 0.7 -3.3
v 3.8 0.7 -3.3
v 3.9 0.7 -3.3
v 4 0.7 -3.3
v -3.9 0.7 -3.5
v -3.8 0.7 -3.5
v 3.8 0.7 -3.5
v 3.9 0.7 -3.5
v -3.9 0.7 -3.6
v -3.8 0.7 -3.6
v -3.7 0.7 -3.6
v 3.7 0.7 -3.6
v 3.8 0.7 -3.6
v 3.9 0.7 -3.6
v -3.8 0.7 -3.7
v -3.7 0.7 -3.7
v -3.6 0.7 -3.7
v 3.6 0.7 -3.7
v 3.7 0.7 -3.7
v 3.8 0.7 -3.7
v -3.7 0.7 -3.8
v -3.6 0.7 -3.8
v -3.5 0.7 -3.8
v -3.3 0.7 -3.8
v -3.2 0.7 -3.8
v 3.2 0.7 -3.8
v 3.3 0.7 -3.8
v 3.5 0.7 -3.8
v 3.6 0.7 -3.8
v 3.7 0.7 -3.8
v -3.6 0.7 -3.9
v -3.5 0.7 -3.9
v -3.3 0.7 -3.9
v 3.3 0.7 -3.9
v 3.5 0.7 -3.9
v 3.6 0.7 -3.9
v -3.3 0.7 -4
v -3.2 0.7 -4
v 3.2 0.7 -4
v 3.3 0.7 -4
v -0.5 0.7 -5.1
v -0.4 0.7 -5.1
v 0.4 0.7 -5.1
v 0.5 0.7 -5.1
v -0.5 0.7 -5.2
v -0.4 0.7 -5.2
v 0.4 0.7 -5.2
v 0.5 0.7 -5.2
v -0.4 0.8 5.3
v -0.3 0.8 5.3
v 0.3 0.8 5.3
v 0.4 0.8 5.3
v -0.4 0.8 5.2
v -0.3 0.8 5.2
v 0.3 0.8 5.2
v 0.4 0.8 5.2
v -3.5 0.8 3.9
v -3.4 0.8 3.9
v 3.4 0.8 3.9
v 3.5 0.8 3.9
v -3.6 0.8 3.8
v -3.5 0.8 3.8
v -3.4 0.8 3.8
v 3.4 0.8 3.8
v 3.5 0.8 3.8
v 3.6 0.8 3.8
v -3.7 0.8 3.7
v -3.6 0.8 3.7
v -3.5 0.8 3.7
v 3.5 0.8 3.7
v 3.6 0.8 3.7
v 3.7 0.8 3.7
v -3.8 0.8 3.6
v -3.7 0.8 3.6
v -3.6 0.8 3.6
v 3.6 0.8 3.6
v 3.7 0.8 3.6
v 3.8 0.8 3.6
v -3.9 0.8 3.5
v -3.8 0.8 3.5
v -3.7 0.8 3.5
v 3.7 0.8 3.5
v 3.8 0.8 3.5
v 3.9 0.8 3.5
v -3.9 0.8 3.4
v -3.8 0.8 3.4
v 3.8 0.8 3.4
v 3.9 0.8 3.4
v -5.3 0.8 0.4
v -5.2 0.8 0.4
v 5.2 0.8 0.4
v 5.3 0.8 0.4
v -5.3 0.8 0.3
v -5.2 0.8 0.3
v 5.2 0.8 0.3
v 5.3 0.8 0.3
v -5.3 0.8 -0.3
v -5.2 0.8 -0.3
v 5.2 0.8 -0.3
v 5.3 0.8 -0.3
v -5.3 0.8 -0.4
v -5.2 0.8 -0.4
v 5.2 0.8 -0.4
v 5.3 0.8 -0.4
v -3.9 0.8 -3.4
v -3.8 0.8 -3.4
v 3.8 0.8 -3.4
v 3.9 0.8 -3.4
v -3.9 0.8 -3.5
v -3.8 0.8 -3.5
v -3.7 0.8 -3.5
v 3.7 0.8 -3.5
v 3.8 0.8 -3.5
v 3.9 0.8 -3.5
v -3.8 0.8 -3.6
v -3.7 0.8 -3.6
v -3.6 0.8 -3.6
v 3.6 0.8 -3.6
v 3.7 0.8 -3.6
v 3.8 0.8 -3.6
v -3.7 0.8 -3.7
v -3.6 0.8 -3.7
v -3.5 0.8 -3.7
v 3.5 0.8 -3.7
v 3.6 0.8 -3.7
v 3.7 0.8 -3.7
v -3.6 0.8 -3.8
v -3.5 0.8 -3.8
v -3.4 0.8 -3.8
v 3.4 0.8 -3.8
v 3.5 0.8 -3.8
v 3.6 0.8 -3.8
v -3.5 0.8 -3.9
v -3.4 0.8 -3.9
v 3.4 0.8 -3.9
v 3.5 0.8 -3.9
v -0.4 0.8 -5.2
v -0.3 0.8 -5.2
v 0.3 0.8 -5.2
v 0.4 0.8 -5.2
v -0.4 0.8 -5.3
v -0.3 0.8 -5.3
v 0.3 0.8 -5.3
v 0.4 0.8 -5.3
v -0.3 0.9 5.3
v 0.3 0.9 5.3
v -0.3 0.9 5.2
v 0.3 0.9 5.2
v -0.5 0.9 5.1
v -0.4 0.9 5.1
v 0.4 0.9 5.1
v 0.5 0.9 5.1
v -0.5 0.9 5
v -0.4 0.9 5
v 0.4 0.9 5
v 0.5 0.9 5
v -3.4 0.9 3.9
v -3.3 0.9 3.9
v 3.3 0.9 3.9
v 3.4 0.9 3.9
v -3.4 0.9 3.8
v -3.3 0.9 3.8
v 3.3 0.9 3.8
v 3.4 0.9 3.8
v -3.9 0.9 3.4
v -3.8 0.9 3.4
v 3.8 0.9 3.4
v 3.9 0.9 3.4
v -3.9 0.9 3.3
v -3.8 0.9 3.3
v 3.8 0.9 3.3
v 3.9 0.9 3.3
v -5.1 0.9 0.5
v -5 0.9 0.5
v 5 0.9 0.5
v 5.1 0.9 0.5
v -5.1 0.9 0.4
v -5 0.9 0.4
v 5 0.9 0.4
v 5.1 0.9 0.4
v -5.3 0.9 0.3
v -5.2 0.9 0.3
v 5.2 0.9 0.3
v 5.3 0.9 0.3
v -5.3 0.9 -0.3
v -5.2 0.9 -0.3
v 5.2 0.9 -0.3
v 5.3 0.9 -0.3
v -5.1 0.9 -0.4
v -5 0.9 -0.4
v 5 0.9 -0.4
v 5.1 0.9 -0.4
v -5.1 0.9 -0.5
v -5 0.9 -0.5
v 5 0.9 -0.5
v 5.1 0.9 -0.5
v -3.9 0.9 -3.3
v -3.8 0.9 -3.3
v 3.8 0.9 -3.3
v 3.9 0.9 -3.3
v -3.9 0.9 -3.4
v -3.8 0.9 -3.4
v 3.8 0.9 -3.4
v 3.9 0.9 -3.4
v -3.4 0.9 -3.8
v -3.3 0.9 -3.8
v 3.3 0.9 -3.8
v 3.4 0.9 -3.8
v -3.4 0.9 -3.9
v -3.3 0.9 -3.9
v 3.3 0.9 -3.9
v 3.4 0.9 -3.9
v -0.5 0.9 -5
v -0.4 0.9 -5
v 0.4 0.9 -5
v 0.5 0.9 -5
v -0.5 0.9 -5.1
v -0.4 0.9 -5.1
v 0.4 0.9 -5.1
v 0.5 0.9 -5.1
v -0.3 0.9 -5.2
v 0.3 0.9 -5.2
v -0.3 0.9 -5.3
v 0.3 0.9 -5.3
v -0.4 1 5.2
v -0.3 1 5.2
v 0.3 1 5.2
v 0.4 1 5.2
v -0.4 1 5.1
v -0.3 1 5.1
v 0.3 1 5.1
v 0.4 1 5.1
v -3.5 1 3.8
v -3.3 1 3.8
v 3.3 1 3.8
v 3.5 1 3.8
v -3.6 1 3.7
v -3.5 1 3.7
v -3.4 1 3.7
v -3.3 1 3.7
v 3.3 1 3.7
v 3.4 1 3.7
v 3.5 1 3.7
v 3.6 1 3.7
v -3.7 1 3.6
v -3.6 1 3.6
v -3.5 1 3.6
v -3.4 1 3.6
v 3.4 1 3.6
v 3.5 1 3.6
v 3.6 1 3.6
v 3.7 1 3.6
v -3.8 1 3.5
v -3.7 1 3.5
v -3.6 1 3.5
v -3.5 1 3.5
v 3.5 1 3.5
v 3.6 1 3.5
v 3.7 1 3.5
v 3.8 1 3.5
v -3.7 1 3.4
v -3.6 1 3.4
v 3.6 1 3.4
v 3.7 1 3.4
v -3.8 1 3.3
v -3.7 1 3.3
v 3.7 1 3.3
v 3.8 1 3.3
v -5.2 1 0.4
v -5.1 1 0.4
v 5.1 1 0.4
v 5.2 1 0.4
v -5.2 1 0.3
v -5.1 1 0.3
v 5.1 1 0.3
v 5.2 1 0.3
v -5.2 1 -0.3
v -5.1 1 -0.3
v 5.1 1 -0.3
v 5.2 1 -0.3
v -5.2 1 -0.4
v -5.1 1 -0.4
v 5.1 1 -0.4
v 5.2 1 -0.4
v -3.8 1 -3.3
v -3.7 1 -3.3
v 3.7 1 -3.3
v 3.8 1 -3.3
v -3.7 1 -3.4
v -3.6 1 -3.4
v 3.6 1 -3.4
v 3.7 1 -3.4
v -3.8 1 -3.5
v -3.7 1 -3.5
v -3.6 1 -3.5
v -3.5 1 -3.5
v 3.5 1 -3.5
v 3.6 1 -3.5
v 3.7 1 -3.5
v 3.8 1 -3.5
v -3.7 1 -3.6
v -3.6 1 -3.6
v -3.5 1 -3.6
v -3.4 1 -3.6
v 3.4 1 -3.6
v 3.5 1 -3.6
v 3.6 1 -3.6
v 3.7 1 -3.6
v -3.6 1 -3.7
v -3.5 1 -3.7
v -3.4 1 -3.7
v -3.3 1 -3.7
v 3.3 1 -3.7
v 3.4 1 -3.7
v 3.5 1 -3.7
v 3.6 1 -3.7
v -3.5 1 -3.8
v -3.3 1 -3.8
v 3.3 1 -3.8
v 3.5 1 -3.8
v -0.4 1 -5.1
v -0.3 1 -5.1
v 0.3 1 -5.1
v 0.4 1 -5.1
v -0.4 1 -5.2
v -0.3 1 -5.2
v 0.3 1 -5.2
v 0.4 1 -5.2
v -0.3 1.1 5.2
v 0.3 1.1 5.2
v -0.3 1.1 5.1
v 0.3 1.1 5.1
v -0.8 1.1 5
v -0.4 1.1 5
v 0.4 1.1 5
v 0.8 1.1 5
v -1.3 1.1 4.9
v -0.8 1.1 4.9
v 0.8 1.1 4.9
v 1.3 1.1 4.9
v -1.6 1.1 4.8
v -1.3 1.1 4.8
v 1.3 1.1 4.8
v 1.6 1.1 4.8
v -1.9 1.1 4.7
v -1.6 1.1 4.7
v 1.6 1.1 4.7
v 1.9 1.1 4.7
v -2.1 1.1 4.6
v -1.9 1.1 4.6
v 1.9 1.1 4.6
v 2.1 1.1 4.6
v -2.3 1.1 4.5
v -2.1 1.1 4.5
v -0.7 1.1 4.5
v -0.4 1.1 4.5
v 0.4 1.1 4.5
v 0.7 1.1 4.5
v 2.1 1.1 4.5
v 2.3 1.1 4.5
v -2.5 1.1 4.4
v -2.3 1.1 4.4
v -1.2 1.1 4.4
v -0.7 1.1 4.4
v 0.7 1.1 4.4
v 1.2 1.1 4.4
v 2.3 1.1 4.4
v 2.5 1.1 4.4
v -2.7 1.1 4.3
v -2.5 1.1 4.3
v -1.5 1.1 4.3
v -1.2 1.1 4.3
v 1.2 1.1 4.3
v 1.5 1.1 4.3
v 2.5 1.1 4.3
v 2.7 1.1 4.3
v -2.8 1.1 4.2
v -2.7 1.1 4.2
v -1.8 1.1 4.2
v -1.5 1.1 4.2
v 1.5 1.1 4.2
v 1.8 1.1 4.2
v 2.7 1.1 4.2
v 2.8 1.1 4.2
v -3 1.1 4.1
v -2.8 1.1 4.1
v -2 1.1 4.1
v -1.8 1.1 4.1
v 1.8 1.1 4.1
v 2 1.1 4.1
v 2.8 1.1 4.1
v 3 1.1 4.1
v -3.1 1.1 4
v -3 1.1 4
v -2.2 1.1 4
v -2 1.1 4
v 2 1.1 4
v 2.2 1.1 4
v 3 1.1 4
v 3.1 1.1 4
v -3.2 1.1 3.9
v -3.1 1.1 3.9
v -2.4 1.1 3.9
v -2.2 1.1 3.9
v 2.2 1.1 3.9
v 2.4 1.1 3.9
v 3.1 1.1 3.9
v 3.2 1.1 3.9
v -3.3 1.1 3.8
v -3.2 1.1 3.8
v -2.5 1.1 3.8
v -2.4 1.1 3.8
v 2.4 1.1 3.8
v 2.5 1.1 3.8
v 3.2 1.1 3.8
v 3.3 1.1 3.8
v -3.3 1.1 3.7
v -3.1 1.1 3.7
v -2.7 1.1 3.7
v -2.5 1.1 3.7
v 2.5 1.1 3.7
v 2.7 1.1 3.7
v 3.1 1.1 3.7
v 3.3 1.1 3.7
v -3.1 1.1 3.6
v -3 1.1 3.6
v -2.8 1.1 3.6
v -2.7 1.1 3.6
v 2.7 1.1 3.6
v 2.8 1.1 3.6
v 3 1.1 3.6
v 3.1 1.1 3.6
v -3 1.1 3.5
v -2.9 1.1 3.5
v -2.8 1.1 3.5
v 2.8 1.1 3.5
v 2.9 1.1 3.5
v 3 1.1 3.5
v -3.8 1.1 3.3
v -3.7 1.1 3.3
v 3.7 1.1 3.3
v 3.8 1.1 3.3
v -3.9 1.1 3.2
v -3.8 1.1 3.2
v 3.8 1.1 3.2
v 3.9 1.1 3.2
v -4 1.1 3.1
v -3.9 1.1 3.1
v -3.7 1.1 3.1
v -3.6 1.1 3.1
v 3.6 1.1 3.1
v 3.7 1.1 3.1
v 3.9 1.1 3.1
v 4 1.1 3.1
v -4.1 1.1 3
v -4 1.1 3
v -3.6 1.1 3
v -3.5 1.1 3
v 3.5 1.1 3
v 3.6 1.1 3
v 4 1.1 3
v 4.1 1.1 3
v -3.5 1.1 2.9
v 3.5 1.1 2.9
v -4.2 1.1 2.8
v -4.1 1.1 2.8
v -3.6 1.1 2.8
v -3.5 1.1 2.8
v 3.5 1.1 2.8
v 3.6 1.1 2.8
v 4.1 1.1 2.8
v 4.2 1.1 2.8
v -4.3 1.1 2.7
v -4.2 1.1 2.7
v -3.7 1.1 2.7
v -3.6 1.1 2.7
v 3.6 1.1 2.7
v 3.7 1.1 2.7
v 4.2 1.1 2.7
v 4.3 1.1 2.7
v -4.4 1.1 2.5
v -4.3 1.1 2.5
v -3.8 1.1 2.5
v -3.7 1.1 2.5
v 3.7 1.1 2.5
v 3.8 1.1 2.5
v 4.3 1.1 2.5
v 4.4 1.1 2.5
v -3.9 1.1 2.4
v -3.8 1.1 2.4
v 3.8 1.1 2.4
v 3.9 1.1 2.4
v -4.5 1.1 2.3
v -4.4 1.1 2.3
v 4.4 1.1 2.3
v 4.5 1.1 2.3
v -4 1.1 2.2
v -3.9 1.1 2.2
v 3.9 1.1 2.2
v 4 1.1 2.2
v -4.6 1.1 2.1
v -4.5 1.1 2.1
v 4.5 1.1 2.1
v 4.6 1.1 2.1
v -4.1 1.1 2
v -4 1.1 2
v 4 1.1 2
v 4.1 1.1 2
v -4.7 1.1 1.9
v -4.6 1.1 1.9
v 4.6 1.1 1.9
v 4.7 1.1 1.9
v -4.2 1.1 1.8
v -4.1 1.1 1.8
v 4.1 1.1 1.8
v 4.2 1.1 1.8
v -4.8 1.1 1.6
v -4.7 1.1 1.6
v 4.7 1.1 1.6
v 4.8 1.1 1.6
v -4.3 1.1 1.5
v -4.2 1.1 1.5
v 4.2 1.1 1.5
v 4.3 1.1 1.5
v -4.9 1.1 1.3
v -4.8 1.1 1.3
v 4.8 1.1 1.3
v 4.9 1.1 1.3
v -4.4 1.1 1.2
v -4.3 1.1 1.2
v 4.3 1.1 1.2
v 4.4 1.1 1.2
v -5 1.1 0.8
v -4.9 1.1 0.8
v 4.9 1.1 0.8
v 5 1.1 0.8
v -4.5 1.1 0.7
v -4.4 1.1 0.7
v 4.4 1.1 0.7
v 4.5 1.1 0.7
v -5 1.1 0.4
v -4.5 1.1 0.4
v 4.5 1.1 0.4
v 5 1.1 0.4
v -5.2 1.1 0.3
v -5.1 1.1 0.3
v 5.1 1.1 0.3
v 5.2 1.1 0.3
v -5.2 1.1 -0.3
v -5.1 1.1 -0.3
v 5.1 1.1 -0.3
v 5.2 1.1 -0.3
v -5 1.1 -0.4
v -4.5 1.1 -0.4
v 4.5 1.1 -0.4
v 5 1.1 -0.4
v -4.5 1.1 -0.7
v -4.4 1.1 -0.7
v 4.4 1.1 -0.7
v 4.5 1.1 -0.7
v -5 1.1 -0.8
v -4.9 1.1 -0.8
v 4.9 1.1 -0.8
v 5 1.1 -0.8
v -4.4 1.1 -1.2
v -4.3 1.1 -1.2
v 4.3 1.1 -1.2
v 4.4 1.1 -1.2
v -4.9 1.1 -1.3
v -4.8 1.1 -1.3
v 4.8 1.1 -1.3
v 4.9 1.1 -1.3
v -4.3 1.1 -1.5
v -4.2 1.1 -1.5
v 4.2 1.1 -1.5
v 4.3 1.1 -1.5
v -4.8 1.1 -1.6
v -4.7 1.1 -1.6
v 4.7 1.1 -1.6
v 4.8 1.1 -1.6
v -4.2 1.1 -1.8
v -4.1 1.1 -1.8
v 4.1 1.1 -1.8
v 4.2 1.1 -1.8
v -4.7 1.1 -1.9
v -4.6 1.1 -1.9
v 4.6 1.1 -1.9
v 4.7 1.1 -1.9
v -4.1 1.1 -2
v -4 1.1 -2
v 4 1.1 -2
v 4.1 1.1 -2
v -4.6 1.1 -2.1
v -4.5 1.1 -2.1
v 4.5 1.1 -2.1
v 4.6 1.1 -2.1
v -4 1.1 -2.2
v -3.9 1.1 -2.2
v 3.9 1.1 -2.2
v 4 1.1 -2.2
v -4.5 1.1 -2.3
v -4.4 1.1 -2.3
v 4.4 1.1 -2.3
v 4.5 1.1 -2.3
v -3.9 1.1 -2.4
v -3.8 1.1 -2.4
v 3.8 1.1 -2.4
v 3.9 1.1 -2.4
v -4.4 1.1 -2.5
v -4.3 1.1 -2.5
v -3.8 1.1 -2.5
v -3.7 1.1 -2.5
v 3.7 1.1 -2.5
v 3.8 1.1 -2.5
v 4.3 1.1 -2.5
v 4.4 1.1 -2.5
v -4.3 1.1 -2.7
v -4.2 1.1 -2.7
v -3.7 1.1 -2.7
v -3.6 1.1 -2.7
v 3.6 1.1 -2.7
v 3.7 1.1 -2.7
v 4.2 1.1 -2.7
v 4.3 1.1 -2.7
v -4.2 1.1 -2.8
v -4.1 1.1 -2.8
v -3.6 1.1 -2.8
v -3.5 1.1 -2.8
v 3.5 1.1 -2.8
v 3.6 1.1 -2.8
v 4.1 1.1 -2.8
v 4.2 1.1 -2.8
v -3.5 1.1 -2.9
v 3.5 1.1 -2.9
v -4.1 1.1 -3
v -4 1.1 -3
v -3.6 1.1 -3
v -3.5 1.1 -3
v 3.5 1.1 -3
v 3.6 1.1 -3
v 4 1.1 -3
v 4.1 1.1 -3
v -4 1.1 -3.1
v -3.9 1.1 -3.1
v -3.7 1.1 -3.1
v -3.6 1.1 -3.1
v 3.6 1.1 -3.1
v 3.7 1.1 -3.1
v 3.9 1.1 -3.1
v 4 1.1 -3.1
v -3.9 1.1 -3.2
v -3.8 1.1 -3.2
v 3.8 1.1 -3.2
v 3.9 1.1 -3.2
v -3.8 1.1 -3.3
v -3.7 1.1 -3.3
v 3.7 1.1 -3.3
v 3.8 1.1 -3.3
v -3 1.1 -3.5
v -2.9 1.1 -3.5
v -2.8 1.1 -3.5
v 2.8 1.1 -3.5
v 2.9 1.1 -3.5
v 3 1.1 -3.5
v -3.1 1.1 -3.6
v -3 1.1 -3.6
v -2.8 1.1 -3.6
v -2.7 1.1 -3.6
v 2.7 1.1 -3.6
v 2.8 1.1 -3.6
v 3 1.1 -3.6
v 3.1 1.1 -3.6
v -3.3 1.1 -3.7
v -3.1 1.1 -3.7
v -2.7 1.1 -3.7
v -2.5 1.1 -3.7
v 2.5 1.1 -3.7
v 2.7 1.1 -3.7
v 3.1 1.1 -3.7
v 3.3 1.1 -3.7
v -3.3 1.1 -3.8
v -3.2 1.1 -3.8
v -2.5 1.1 -3.8
v -2.4 1.1 -3.8
v 2.4 1.1 -3.8
v 2.5 1.1 -3.8
v 3.2 1.1 -3.8
v 3.3 1.1 -3.8
v -3.2 1.1 -3.9
v -3.1 1.1 -3.9
v -2.4 1.1 -3.9
v -2.2 1.1 -3.9
v 2.2 1.1 -3.9
v 2.4 1.1 -3.9
v 3.1 1.1 -3.9
v 3.2 1.1 -3.9
v -3.1 1.1 -4
v -3 1.1 -4
v -2.2 1.1 -4
v -2 1.1 -4
v 2 1.1 -4
v 2.2 1.1 -4
v 3 1.1 -4
v 3.1 1.1 -4
v -3 1.1 -4.1
v -2.8 1.1 -4.1
v -2 1.1 -4.1
v -1.8 1.1 -4.1
v 1.8 1.1 -4.1
v 2 1.1 -4.1
v 2.8 1.1 -4.1
v 3 1.1 -4.1
v -2.8 1.1 -4.2
v -2.7 1.1 -4.2
v -1.8 1.1 -4.2
v -1.5 1.1 -4.2
v 1.5 1.1 -4.2
v 1.8 1.1 -4.2
v 2.7 1.1 -4.2
v 2.8 1.1 -4.2
v -2.7 1.1 -4.3
v -2.5 1.1 -4.3
v -1.5 1.1 -4.3
v -1.2 1.1 -4.3
v 1.2 1.1 -4.3
v 1.5 1.1 -4.3
v 2.5 1.1 -4.3
v 2.7 1.1 -4.3
v -2.5 1.1 -4.4
v -2.3 1.1 -4.4
v -1.2 1.1 -4.4
v -0.7 1.1 -4.4
v 0.7 1.1 -4.4
v 1.2 1.1 -4.4
v 2.3 1.1 -4.4
v 2.5 1.1 -4.4
v -2.3 1.1 -4.5
v -2.1 1.1 -4.5
v -0.7 1.1 -4.5
v -0.4 1.1 -4.5
v 0.4 1.1 -4.5
v 0.7 1.1 -4.5
v 2.1 1.1 -4.5
v 2.3 1.1 -4.5
v -2.1 1.1 -4.6
v -1.9 1.1 -4.6
v 1.9 1.1 -4.6
v 2.1 1.1 -4.6
v -1.9 1.1 -4.7
v -1.6 1.1 -4.7
v 1.6 1.1 -4.7
v 1.9 1.1 -4.7
v -1.6 1.1 -4.8
v -1.3 1.1 -4.8
v 1.3 1.1 -4.8
v 1.6 1.1 -4.8
v -1.3 1.1 -4.9
v -0.8 1.1 -4.9
v 0.8 1.1 -4.9
v 1.3 1.1 -4.9
v -0.8 1.1 -5
v -0.4 1.1 -5
v 0.4 1.1 -5
v 0.8 1.1 -5
v -0.3 1.1 -5.1
v 0.3 1.1 -5.1
v -0.3 1.1 -5.2
v 0.3 1.1 -5.2
v -0.4 1.2 5.1
v -0.3 1.2 5.1
v 0.3 1.2 5.1
v 0.4 1.2 5.1
v -0.4 1.2 5
v -0.3 1.2 5
v 0.3 1.2 5
v 0.4 1.2 5
v -3.4 1.2 3.7
v -3.3 1.2 3.7
v -3.2 1.2 3.7
v -3.1 1.2 3.7
v 3.1 1.2 3.7
v 3.2 1.2 3.7
v 3.3 1.2 3.7
v 3.4 1.2 3.7
v -3.4 1.2 3.6
v -3.3 1.2 3.6
v -3.2 1.2 3.6
v -3.1 1.2 3.6
v 3.1 1.2 3.6
v 3.2 1.2 3.6
v 3.3 1.2 3.6
v 3.4 1.2 3.6
v -3.7 1.2 3.4
v -3.6 1.2 3.4
v 3.6 1.2 3.4
v 3.7 1.2 3.4
v -3.7 1.2 3.3
v -3.6 1.2 3.3
v 3.6 1.2 3.3
v 3.7 1.2 3.3
v -3.7 1.2 3.2
v -3.6 1.2 3.2
v 3.6 1.2 3.2
v 3.7 1.2 3.2
v -3.7 1.2 3.1
v -3.6 1.2 3.1
v 3.6 1.2 3.1
v 3.7 1.2 3.1
v -5.1 1.2 0.4
v -5 1.2 0.4
v 5 1.2 0.4
v 5.1 1.2 0.4
v -5.1 1.2 0.3
v -5 1.2 0.3
v 5 1.2 0.3
v 5.1 1.2 0.3
v -5.1 1.2 -0.3
v -5 1.2 -0.3
v 5 1.2 -0.3
v 5.1 1.2 -0.3
v -5.1 1.2 -0.4
v -5 1.2 -0.4
v 5 1.2 -0.4
v 5.1 1.2 -0.4
v -3.7 1.2 -3.1
v -3.6 1.2 -3.1
v 3.6 1.2 -3.1
v 3.7 1.2 -3.1
v -3.7 1.2 -3.2
v -3.6 1.2 -3.2
v 3.6 1.2 -3.2
v 3.7 1.2 -3.2
v -3.7 1.2 -3.3
v -3.6 1.2 -3.3
v 3.6 1.2 -3.3
v 3.7 1.2 -3.3
v -3.7 1.2 -3.4
v -3.6 1.2 -3.4
v 3.6 1.2 -3.4
v 3.7 1.2 -3.4
v -3.4 1.2 -3.6
v -3.3 1.2 -3.6
v -3.2 1.2 -3.6
v -3.1 1.2 -3.6
v 3.1 1.2 -3.6
v 3.2 1.2 -3.6
v 3.3 1.2 -3.6
v 3.4 1.2 -3.6
v -3.4 1.2 -3.7
v -3.3 1.2 -3.7
v -3.2 1.2 -3.7
v -3.1 1.2 -3.7
v 3.1 1.2 -3.7
v 3.2 1.2 -3.7
v 3.3 1.2 -3.7
v 3.4 1.2 -3.7
v -0.4 1.2 -5
v -0.3 1.2 -5
v 0.3 1.2 -5
v 0.4 1.2 -5
v -0.4 1.2 -5.1
v -0.3 1.2 -5.1
v 0.3 1.2 -5.1
v 0.4 1.2 -5.1
v -0.3 1.3 5.1
v -0.2 1.3 5.1
v 0.2 1.3 5.1
v 0.3 1.3 5.1
v -0.4 1.3 5
v -0.3 1.3 5
v -0.2 1.3 5
v 0.2 1.3 5
v 0.3 1.3 5
v 0.4 1.3 5
v -0.4 1.3 4.9
v -0.3 1.3 4.9
v 0.3 1.3 4.9
v 0.4 1.3 4.9
v -3.5 1.3 3.6
v -3.4 1.3 3.6
v 3.4 1.3 3.6
v 3.5 1.3 3.6
v -3.6 1.3 3.5
v -3.5 1.3 3.5
v -3.4 1.3 3.5
v 3.4 1.3 3.5
v 3.5 1.3 3.5
v 3.6 1.3 3.5
v -3.6 1.3 3.4
v -3.5 1.3 3.4
v 3.5 1.3 3.4
v 3.6 1.3 3.4
v -5 1.3 0.4
v -4.9 1.3 0.4
v 4.9 1.3 0.4
v 5 1.3 0.4
v -5.1 1.3 0.3
v -5 1.3 0.3
v -4.9 1.3 0.3
v 4.9 1.3 0.3
v 5 1.3 0.3
v 5.1 1.3 0.3
v -5.1 1.3 0.2
v -5 1.3 0.2
v 5 1.3 0.2
v 5.1 1.3 0.2
v -5.1 1.3 -0.2
v -5 1.3 -0.2
v 5 1.3 -0.2
v 5.1 1.3 -0.2
v -5.1 1.3 -0.3
v -5 1.3 -0.3
v -4.9 1.3 -0.3
v 4.9 1.3 -0.3
v 5 1.3 -0.3
v 5.1 1.3 -0.3
v -5 1.3 -0.4
v -4.9 1.3 -0.4
v 4.9 1.3 -0.4
v 5 1.3 -0.4
v -3.6 1.3 -3.4
v -3.5 1.3 -3.4
v 3.5 1.3 -3.4
v 3.6 1.3 -3.4
v -3.6 1.3 -3.5
v -3.5 1.3 -3.5
v -3.4 1.3 -3.5
v 3.4 1.3 -3.5
v 3.5 1.3 -3.5
v 3.6 1.3 -3.5
v -3.5 1.3 -3.6
v -3.4 1.3 -3.6
v 3.4 1.3 -3.6
v 3.5 1.3 -3.6
v -0.4 1.3 -4.9
v -0.3 1.3 -4.9
v 0.3 1.3 -4.9
v 0.4 1.3 -4.9
v -0.4 1.3 -5
v -0.3 1.3 -5
v -0.2 1.3 -5
v 0.2 1.3 -5
v 0.3 1.3 -5
v 0.4 1.3 -5
v -0.3 1.3 -5.1
v -0.2 1.3 -5.1
v 0.2 1.3 -5.1
v 0.3 1.3 -5.1
v -0.2 1.4 5.1
v 0.2 1.4 5.1
v -0.2 1.4 5
v 0.2 1.4 5
v -3.3 1.4 3.7
v -3.2 1.4 3.7
v 3.2 1.4 3.7
v 3.3 1.4 3.7
v -3.3 1.4 3.6
v -3.2 1.4 3.6
v -3.1 1.4 3.6
v -3 1.4 3.6
v 3 1.4 3.6
v 3.1 1.4 3.6
v 3.2 1.4 3.6
v 3.3 1.4 3.6
v -3.3 1.4 3.5
v -3.2 1.4 3.5
v -3.1 1.4 3.5
v -3 1.4 3.5
v -2.9 1.4 3.5
v 2.9 1.4 3.5
v 3 1.4 3.5
v 3.1 1.4 3.5
v 3.2 1.4 3.5
v 3.3 1.4 3.5
v -3 1.4 3.4
v -2.9 1.4 3.4
v 2.9 1.4 3.4
v 3 1.4 3.4
v -3.7 1.4 3.3
v -3.6 1.4 3.3
v -3.5 1.4 3.3
v 3.5 1.4 3.3
v 3.6 1.4 3.3
v 3.7 1.4 3.3
v -3.7 1.4 3.2
v -3.6 1.4 3.2
v -3.5 1.4 3.2
v 3.5 1.4 3.2
v 3.6 1.4 3.2
v 3.7 1.4 3.2
v -3.6 1.4 3.1
v -3.5 1.4 3.1
v 3.5 1.4 3.1
v 3.6 1.4 3.1
v -3.6 1.4 3
v -3.5 1.4 3
v -3.4 1.4 3
v 3.4 1.4 3
v 3.5 1.4 3
v 3.6 1.4 3
v -3.5 1.4 2.9
v -3.4 1.4 2.9
v 3.4 1.4 2.9
v 3.5 1.4 2.9
v -5.1 1.4 0.2
v -5 1.4 0.2
v 5 1.4 0.2
v 5.1 1.4 0.2
v -5.1 1.4 -0.2
v -5 1.4 -0.2
v 5 1.4 -0.2
v 5.1 1.4 -0.2
v -3.5 1.4 -2.9
v -3.4 1.4 -2.9
v 3.4 1.4 -2.9
v 3.5 1.4 -2.9
v -3.6 1.4 -3
v -3.5 1.4 -3
v -3.4 1.4 -3
v 3.4 1.4 -3
v 3.5 1.4 -3
v 3.6 1.4 -3
v -3.6 1.4 -3.1
v -3.5 1.4 -3.1
v 3.5 1.4 -3.1
v 3.6 1.4 -3.1
v -3.7 1.4 -3.2
v -3.6 1.4 -3.2
v -3.5 1.4 -3.2
v 3.5 1.4 -3.2
v 3.6 1.4 -3.2
v 3.7 1.4 -3.2
v -3.7 1.4 -3.3
v -3.6 1.4 -3.3
v -3.5 1.4 -3.3
v 3.5 1.4 -3.3
v 3.6 1.4 -3.3
v 3.7 1.4 -3.3
v -3 1.4 -3.4
v -2.9 1.4 -3.4
v 2.9 1.4 -3.4
v 3 1.4 -3.4
v -3.3 1.4 -3.5
v -3.2 1.4 -3.5
v -3.1 1.4 -3.5
v -3 1.4 -3.5
v -2.9 1.4 -3.5
v 2.9 1.4 -3.5
v 3 1.4 -3.5
v 3.1 1.4 -3.5
v 3.2 1.4 -3.5
v 3.3 1.4 -3.5
v -3.3 1.4 -3.6
v -3.2 1.4 -3.6
v -3.1 1.4 -3.6
v -3 1.4 -3.6
v 3 1.4 -3.6
v 3.1 1.4 -3.6
v 3.2 1.4 -3.6
v 3.3 1.4 -3.6
v -3.3 1.4 -3.7
v -3.2 1.4 -3.7
v 3.2 1.4 -3.7
v 3.3 1.4 -3.7
v -0.2 1.4 -5
v 0.2 1.4 -5
v -0.2 1.4 -5.1
v 0.2 1.4 -5.1
v -3.4 1.5 3.6
v -3.3 1.5 3.6
v 3.3 1.5 3.6
v 3.4 1.5 3.6
v -3.5 1.5 3.5
v -3.4 1.5 3.5
v -3.3 1.5 3.5
v 3.3 1.5 3.5
v 3.4 1.5 3.5
v 3.5 1.5 3.5
v -3.6 1.5 3.4
v -3.5 1.5 3.4
v -3.4 1.5 3.4
v -3.3 1.5 3.4
v 3.3 1.5 3.4
v 3.4 1.5 3.4
v 3.5 1.5 3.4
v 3.6 1.5 3.4
v -3.6 1.5 3.3
v -3.5 1.5 3.3
v -3.4 1.5 3.3
v 3.4 1.5 3.3
v 3.5 1.5 3.3
v 3.6 1.5 3.3
v -3.6 1.5 -3.3
v -3.5 1.5 -3.3
v -3.4 1.5 -3.3
v 3.4 1.5 -3.3
v 3.5 1.5 -3.3
v 3.6 1.5 -3.3
v -3.6 1.5 -3.4
v -3.5 1.5 -3.4
v -3.4 1.5 -3.4
v -3.3 1.5 -3.4
v 3.3 1.5 -3.4
v 3.4 1.5 -3.4
v 3.5 1.5 -3.4
v 3.6 1.5 -3.4
v -3.5 1.5 -3.5
v -3.4 1.5 -3.5
v -3.3 1.5 -3.5
v 3.3 1.5 -3.5
v 3.4 1.5 -3.5
v 3.5 1.5 -3.5
v -3.4 1.5 -3.6
v -3.3 1.5 -3.6
v 3.3 1.5 -3.6
v 3.4 1.5 -3.6
v -0.3 1.6 5
v -0.2 1.6 5
v 0.2 1.6 5
v 0.3 1.6 5
v -0.4 1.6 4.9
v -0.3 1.6 4.9
v -0.2 1.6 4.9
v 0.2 1.6 4.9
v 0.3 1.6 4.9
v 0.4 1.6 4.9
v -0.4 1.6 4.8
v -0.3 1.6 4.8
v 0.3 1.6 4.8
v 0.4 1.6 4.8
v -3.2 1.6 3.6
v -3.1 1.6 3.6
v 3.1 1.6 3.6
v 3.2 1.6 3.6
v -3.2 1.6 3.5
v -3.1 1.6 3.5
v 3.1 1.6 3.5
v 3.2 1.6 3.5
v -3.6 1.6 3.2
v -3.5 1.6 3.2
v 3.5 1.6 3.2
v 3.6 1.6 3.2
v -3.6 1.6 3.1
v -3.5 1.6 3.1
v 3.5 1.6 3.1
v 3.6 1.6 3.1
v -4.9 1.6 0.4
v -4.8 1.6 0.4
v 4.8 1.6 0.4
v 4.9 1.6 0.4
v -5 1.6 0.3
v -4.9 1.6 0.3
v -4.8 1.6 0.3
v 4.8 1.6 0.3
v 4.9 1.6 0.3
v 5 1.6 0.3
v -5 1.6 0.2
v -4.9 1.6 0.2
v 4.9 1.6 0.2
v 5 1.6 0.2
v -5 1.6 -0.2
v -4.9 1.6 -0.2
v 4.9 1.6 -0.2
v 5 1.6 -0.2
v -5 1.6 -0.3
v -4.9 1.6 -0.3
v -4.8 1.6 -0.3
v 4.8 1.6 -0.3
v 4.9 1.6 -0.3
v 5 1.6 -0.3
v -4.9 1.6 -0.4
v -4.8 1.6 -0.4
v 4.8 1.6 -0.4
v 4.9 1.6 -0.4
v -3.6 1.6 -3.1
v -3.5 1.6 -3.1
v 3.5 1.6 -3.1
v 3.6 1.6 -3.1
v -3.6 1.6 -3.2
v -3.5 1.6 -3.2
v 3.5 1.6 -3.2
v 3.6 1.6 -3.2
v -3.2 1.6 -3.5
v -3.1 1.6 -3.5
v 3.1 1.6 -3.5
v 3.2 1.6 -3.5
v -3.2 1.6 -3.6
v -3.1 1.6 -3.6
v 3.1 1.6 -3.6
v 3.2 1.6 -3.6
v -0.4 1.6 -4.8
v -0.3 1.6 -4.8
v 0.3 1.6 -4.8
v 0.4 1.6 -4.8
v -0.4 1.6 -4.9
v -0.3 1.6 -4.9
v -0.2 1.6 -4.9
v 0.2 1.6 -4.9
v 0.3 1.6 -4.9
v 0.4 1.6 -4.9
v -0.3 1.6 -5
v -0.2 1.6 -5
v 0.2 1.6 -5
v 0.3 1.6 -5
v -0.2 1.7 5
v 0.2 1.7 5
v -0.2 1.7 4.9
v 0.2 1.7 4.9
v -3.3 1.7 3.5
v -3 1.7 3.5
v 3 1.7 3.5
v 3.3 1.7 3.5
v -3.4 1.7 3.4
v -3.3 1.7 3.4
v 3.3 1.7 3.4
v 3.4 1.7 3.4
v -3.5 1.7 3.3
v -3.4 1.7 3.3
v -3.1 1.7 3.3
v -3 1.7 3.3
v 3 1.7 3.3
v 3.1 1.7 3.3
v 3.4 1.7 3.3
v 3.5 1.7 3.3
v -3.2 1.7 3.2
v -3.1 1.7 3.2
v 3.1 1.7 3.2
v 3.2 1.7 3.2
v -3.3 1.7 3.1
v -3.2 1.7 3.1
v 3.2 1.7 3.1
v 3.3 1.7 3.1
v -3.5 1.7 3
v -3.3 1.7 3
v 3.3 1.7 3
v 3.5 1.7 3
v -5 1.7 0.2
v -4.9 1.7 0.2
v 4.9 1.7 0.2
v 5 1.7 0.2
v -5 1.7 -0.2
v -4.9 1.7 -0.2
v 4.9 1.7 -0.2
v 5 1.7 -0.2
v -3.5 1.7 -3
v -3.3 1.7 -3
v 3.3 1.7 -3
v 3.5 1.7 -3
v -3.3 1.7 -3.1
v -3.2 1.7 -3.1
v 3.2 1.7 -3.1
v 3.3 1.7 -3.1
v -3.2 1.7 -3.2
v -3.1 1.7 -3.2
v 3.1 1.7 -3.2
v 3.2 1.7 -3.2
v -3.5 1.7 -3.3
v -3.4 1.7 -3.3
v -3.1 1.7 -3.3
v -3 1.7 -3.3
v 3 1.7 -3.3
v 3.1 1.7 -3.3
v 3.4 1.7 -3.3
v 3.5 1.7 -3.3
v -3.4 1.7 -3.4
v -3.3 1.7 -3.4
v 3.3 1.7 -3.4
v 3.4 1.7 -3.4
v -3.3 1.7 -3.5
v -3 1.7 -3.5
v 3 1.7 -3.5
v 3.3 1.7 -3.5
v -0.2 1.7 -4.9
v 0.2 1.7 -4.9
v -0.2 1.7 -5
v 0.2 1.7 -5
v -0.4 1.8 4.8
v -0.3 1.8 4.8
v 0.3 1.8 4.8
v 0.4 1.8 4.8
v -0.4 1.8 4.7
v -0.3 1.8 4.7
v 0.3 1.8 4.7
v 0.4 1.8 4.7
v -4.8 1.8 0.4
v -4.7 1.8 0.4
v 4.7 1.8 0.4
v 4.8 1.8 0.4
v -4.8 1.8 0.3
v -4.7 1.8 0.3
v 4.7 1.8 0.3
v 4.8 1.8 0.3
v -4.8 1.8 -0.3
v -4.7 1.8 -0.3
v 4.7 1.8 -0.3
v 4.8 1.8 -0.3
v -4.8 1.8 -0.4
v -4.7 1.8 -0.4
v 4.7 1.8 -0.4
v 4.8 1.8 -0.4
v -0.4 1.8 -4.7
v -0.3 1.8 -4.7
v 0.3 1.8 -4.7
v 0.4 1.8 -4.7
v -0.4 1.8 -4.8
v -0.3 1.8 -4.8
v 0.3 1.8 -4.8
v 0.4 1.8 -4.8
v -0.3 1.9 4.9
v -0.2 1.9 4.9
v 0.2 1.9 4.9
v 0.3 1.9 4.9
v -0.3 1.9 4.8
v -0.2 1.9 4.8
v 0.2 1.9 4.8
v 0.3 1.9 4.8
v -0.4 1.9 4.7
v -0.3 1.9 4.7
v 0.3 1.9 4.7
v 0.4 1.9 4.7
v -0.4 1.9 4.5
v -0.3 1.9 4.5
v 0.3 1.9 4.5
v 0.4 1.9 4.5
v -4.7 1.9 0.4
v -4.5 1.9 0.4
v 4.5 1.9 0.4
v 4.7 1.9 0.4
v -4.9 1.9 0.3
v -4.8 1.9 0.3
v -4.7 1.9 0.3
v -4.5 1.9 0.3
v 4.5 1.9 0.3
v 4.7 1.9 0.3
v 4.8 1.9 0.3
v 4.9 1.9 0.3
v -4.9 1.9 0.2
v -4.8 1.9 0.2
v 4.8 1.9 0.2
v 4.9 1.9 0.2
v -4.9 1.9 -0.2
v -4.8 1.9 -0.2
v 4.8 1.9 -0.2
v 4.9 1.9 -0.2
v -4.9 1.9 -0.3
v -4.8 1.9 -0.3
v -4.7 1.9 -0.3
v -4.5 1.9 -0.3
v 4.5 1.9 -0.3
v 4.7 1.9 -0.3
v 4.8 1.9 -0.3
v 4.9 1.9 -0.3
v -4.7 1.9 -0.4
v -4.5 1.9 -0.4
v 4.5 1.9 -0.4
v 4.7 1.9 -0.4
v -0.4 1.9 -4.5
v -0.3 1.9 -4.5
v 0.3 1.9 -4.5
v 0.4 1.9 -4.5
v -0.4 1.9 -4.7
v -0.3 1.9 -4.7
v 0.3 1.9 -4.7
v 0.4 1.9 -4.7
v -0.3 1.9 -4.8
v -0.2 1.9 -4.8
v 0.2 1.9 -4.8
v 0.3 1.9 -4.8
v -0.3 1.9 -4.9
v -0.2 1.9 -4.9
v 0.2 1.9 -4.9
v 0.3 1.9 -4.9
v -0.2 2 4.9
v 0.2 2 4.9
v -0.2 2 4.8
v 0.2 2 4.8
v -4.9 2 0.2
v -4.8 2 0.2
v 4.8 2 0.2
v 4.9 2 0.2
v -4.9 2 -0.2
v -4.8 2 -0.2
v 4.8 2 -0.2
v 4.9 2 -0.2
v -0.2 2 -4.8
v 0.2 2 -4.8
v -0.2 2 -4.9
v 0.2 2 -4.9
v -0.3 2.2 4.8
v -0.2 2.2 4.8
v 0.2 2.2 4.8
v 0.3 2.2 4.8
v -0.3 2.2 4.7
v -0.2 2.2 4.7
v 0.2 2.2 4.7
v 0.3 2.2 4.7
v -4.8 2.2 0.3
v -4.7 2.2 0.3
v 4.7 2.2 0.3
v 4.8 2.2 0.3
v -4.8 2.2 0.2
v -4.7 2.2 0.2
v 4.7 2.2 0.2
v 4.8 2.2 0.2
v -4.8 2.2 -0.2
v -4.7 2.2 -0.2
v 4.7 2.2 -0.2
v 4.8 2.2 -0.2
v -4.8 2.2 -0.3
v -4.7 2.2 -0.3
v 4.7 2.2 -0.3
v 4.8 2.2 -0.3
v -0.3 2.2 -4.7
v -0.2 2.2 -4.7
v 0.2 2.2 -4.7
v 0.3 2.2 -4.7
v -0.3 2.2 -4.8
v -0.2 2.2 -4.8
v 0.2 2.2 -4.8
v 0.3 2.2 -4.8
v -0.2 2.3 4.8
v 0.2 2.3 4.8
v -0.3 2.3 4.7
v -0.2 2.3 4.7
v 0.2 2.3 4.7
v 0.3 2.3 4.7
v -0.3 2.3 4.5
v 0.3 2.3 4.5
v -4.7 2.3 0.3
v -4.5 2.3 0.3
v 4.5 2.3 0.3
v 4.7 2.3 0.3
v -4.8 2.3 0.2
v -4.7 2.3 0.2
v 4.7 2.3 0.2
v 4.8 2.3 0.2
v -4.8 2.3 -0.2
v -4.7 2.3 -0.2
v 4.7 2.3 -0.2
v 4.8 2.3 -0.2
v -4.7 2.3 -0.3
v -4.5 2.3 -0.3
v 4.5 2.3 -0.3
v 4.7 2.3 -0.3
v -0.3 2.3 -4.5
v 0.3 2.3 -4.5
v -0.3 2.3 -4.7
v -0.2 2.3 -4.7
v 0.2 2.3 -4.7
v 0.3 2.3 -4.7
v -0.2 2.3 -4.8
v 0.2 2.3 -4.8

# faces
f 3/6/1 2/6/1 1/6/1
f 4/6/1 2/6/1 3/6/1
f 5/6/1 2/6/1 4/6/1
f 6/6/1 2/6/1 5/6/1
f 7/6/1 5/6/1 4/6/1
f 8/6/1 5/6/1 7/6/1
f 13/6/1 10/6/1 9/6/1
f 14/6/1 12/6/1 11/6/1
f 15/6/1 13/6/1 9/6/1
f 15/6/1 14/6/1 13/6/1
f 16/6/1 14/6/1 15/6/1
f 17/6/1 12/6/1 14/6/1
f 17/6/1 14/6/1 16/6/1
f 18/6/1 12/6/1 17/6/1
f 19/6/1 17/6/1 16/6/1
f 20/6/1 17/6/1 19/6/1
f 23/6/1 22/6/1 21/6/1
f 24/6/1 22/6/1 23/6/1
f 25/6/1 22/6/1 24/6/1
f 26/6/1 22/6/1 25/6/1
f 27/6/1 25/6/1 24/6/1
f 28/6/1 25/6/1 27/6/1
f 33/6/1 30/6/1 29/6/1
f 34/6/1 30/6/1 33/6/1
f 35/6/1 32/6/1 31/6/1
f 36/6/1 32/6/1 35/6/1
f 41/6/1 38/6/1 37/6/1
f 42/6/1 40/6/1 39/6/1
f 43/6/1 41/6/1 37/6/1
f 43/6/1 42/6/1 41/6/1
f 44/6/1 42/6/1 43/6/1
f 45/6/1 40/6/1 42/6/1
f 45/6/1 42/6/1 44/6/1
f 46/6/1 40/6/1 45/6/1
f 47/6/1 45/6/1 44/6/1
f 48/6/1 45/6/1 47/6/1
f 53/6/1 50/6/1 49/6/1
f 54/6/1 50/6/1 53/6/1
f 55/6/1 52/6/1 51/6/1
f 56/6/1 52/6/1 55/6/1
f 61/6/1 58/6/1 57/6/1
f 62/6/1 60/6/1 59/6/1
f 63/6/1 61/6/1 57/6/1
f 63/6/1 62/6/1 61/6/1
f 64/6/1 62/6/1 63/6/1
f 65/6/1 60/6/1 62/6/1
f 65/6/1 62/6/1 64/6/1
f 66/6/1 60/6/1 65/6/1
f 67/6/1 65/6/1 64/6/1
f 68/6/1 65/6/1 67/6/1
f 69/6/1 65/6/1 68/6/1
f 70/6/1 65/6/1 69/6/1
f 71/6/1 69/6/1 68/6/1
f 72/6/1 69/6/1 71/6/1
f 77/2/1 74/2/1 73/2/1
f 78/2/1 74/2/1 77/2/1
f 79/2/1 76/2/1 75/2/1
f 80/2/1 76/2/1 79/2/1
f 87/2/1 82/2/1 81/2/1
f 87/2/1 83/2/1 82/2/1
f 88/2/1 83/2/1 87/2/1
f 89/2/1 86/2/1 85/2/1
f 89/2/1 85/2/1 84/2/1
f 90/2/1 86/2/1 89/2/1
f 95/6/1 92/6/1 91/6/1
f 96/6/1 92/6/1 95/6/1
f 99/6/1 94/6/1 93/6/1
f 100/6/1 94/6/1 99/6/1
f 101/6/1 97/6/1 96/6/1
f 102/6/1 99/6/1 98/6/1
f 103/6/1 101/6/1 96/6/1
f 103/6/1 102/6/1 101/6/1
f 104/6/1 102/6/1 103/6/1
f 105/6/1 99/6/1 102/6/1
f 105/6/1 102/6/1 104/6/1
f 106/6/1 99/6/1 105/6/1
f 107/6/1 105/6/1 104/6/1
f 108/6/1 105/6/1 107/6/1
f 113/2/1 110/2/1 109/2/1
f 114/2/1 110/2/1 113/2/1
f 119/2/1 112/2/1 111/2/1
f 120/2/1 112/2/1 119/2/1
f 121/3/1 116/3/1 115/3/1
f 122/3/1 116/3/1 121/3/1
f 123/3/1 118/3/1 117/3/1
f 124/3/1 118/3/1 123/3/1
f 125/4/1 122/4/1 121/4/1
f 126/4/1 122/4/1 125/4/1
f 127/4/1 124/4/1 123/4/1
f 128/4/1 124/4/1 127/4/1
f 131/3/1 126/3/1 125/3/1
f 132/3/1 126/3/1 131/3/1
f 133/3/1 128/3/1 127/3/1
f 134/3/1 128/3/1 133/3/1
f 137/2/1 130/2/1 129/2/1
f 138/2/1 130/2/1 137/2/1
f 139/2/1 136/2/1 135/2/1
f 140/2/1 136/2/1 139/2/1
f 145/6/1 142/6/1 141/6/1
f 146/6/1 142/6/1 145/6/1
f 149/6/1 144/6/1 143/6/1
f 150/6/1 144/6/1 149/6/1
f 151/6/1 147/6/1 146/6/1
f 152/6/1 149/6/1 148/6/1
f 153/6/1 151/6/1 146/6/1
f 153/6/1 152/6/1 151/6/1
f 154/6/1 152/6/1 153/6/1
f 155/6/1 149/6/1 152/6/1
f 155/6/1 152/6/1 154/6/1
f 156/6/1 149/6/1 155/6/1
f 157/6/1 155/6/1 154/6/1
f 158/6/1 155/6/1 157/6/1
f 163/2/1 160/2/1 159/2/1
f 164/2/1 160/2/1 163/2/1
f 169/2/1 162/2/1 161/2/1
f 170/2/1 162/2/1 169/2/1
f 171/3/1 166/3/1 165/3/1
f 172/3/1 166/3/1 171/3/1
f 173/3/1 168/3/1 167/3/1
f 174/3/1 168/3/1 173/3/1
f 175/4/1 172/4/1 171/4/1
f 176/4/1 172/4/1 175/4/1
f 177/4/1 174/4/1 173/4/1
f 178/4/1 174/4/1 177/4/1
f 181/3/1 176/3/1 175/3/1
f 182/3/1 176/3/1 181/3/1
f 183/3/1 178/3/1 177/3/1
f 184/3/1 178/3/1 183/3/1
f 187/2/1 180/2/1 179/2/1
f 188/2/1 180/2/1 187/2/1
f 189/2/1 186/2/1 185/2/1
f 190/2/1 186/2/1 189/2/1
f 195/6/1 192/6/1 191/6/1
f 196/6/1 192/6/1 195/6/1
f 197/6/1 194/6/1 193/6/1
f 198/6/1 194/6/1 197/6/1
f 203/6/1 200/6/1 199/6/1
f 204/6/1 202/6/1 201/6/1
f 205/6/1 203/6/1 199/6/1
f 205/6/1 204/6/1 203/6/1
f 206/6/1 204/6/1 205/6/1
f 207/6/1 202/6/1 204/6/1
f 207/6/1 204/6/1 206/6/1
f 208/6/1 202/6/1 207/6/1
f 209/6/1 207/6/1 206/6/1
f 210/6/1 207/6/1 209/6/1
f 215/2/1 212/2/1 211/2/1
f 216/2/1 212/2/1 215/2/1
f 219/2/1 214/2/1 213/2/1
f 220/2/1 214/2/1 219/2/1
f 221/3/1 217/3/1 216/3/1
f 222/3/1 217/3/1 221/3/1
f 223/3/1 219/3/1 218/3/1
f 224/3/1 219/3/1 223/3/1
f 225/4/1 222/4/1 221/4/1
f 226/4/1 222/4/1 225/4/1
f 227/4/1 224/4/1 223/4/1
f 228/4/1 224/4/1 227/4/1
f 230/3/1 226/3/1 225/3/1
f 231/3/1 226/3/1 230/3/1
f 232/3/1 228/3/1 227/3/1
f 233/3/1 228/3/1 232/3/1
f 235/2/1 230/2/1 229/2/1
f 236/2/1 230/2/1 235/2/1
f 237/2/1 234/2/1 233/2/1
f 238/2/1 234/2/1 237/2/1
f 243/6/1 240/6/1 239/6/1
f 244/6/1 240/6/1 243/6/1
f 245/6/1 242/6/1 241/6/1
f 246/6/1 242/6/1 245/6/1
f 251/6/1 248/6/1 247/6/1
f 252/6/1 248/6/1 251/6/1
f 253/6/1 250/6/1 249/6/1
f 254/6/1 250/6/1 253/6/1
f 259/2/1 256/2/1 255/2/1
f 260/2/1 256/2/1 259/2/1
f 263/2/1 258/2/1 257/2/1
f 264/2/1 258/2/1 263/2/1
f 265/3/1 261/3/1 260/3/1
f 266/3/1 261/3/1 265/3/1
f 267/3/1 263/3/1 262/3/1
f 268/3/1 263/3/1 267/3/1
f 269/4/1 266/4/1 265/4/1
f 270/4/1 266/4/1 269/4/1
f 271/4/1 268/4/1 267/4/1
f 272/4/1 268/4/1 271/4/1
f 274/3/1 270/3/1 269/3/1
f 275/3/1 270/3/1 274/3/1
f 276/3/1 272/3/1 271/3/1
f 277/3/1 272/3/1 276/3/1
f 279/2/1 274/2/1 273/2/1
f 280/2/1 274/2/1 279/2/1
f 281/2/1 278/2/1 277/2/1
f 282/2/1 278/2/1 281/2/1
f 287/2/1 284/2/1 283/2/1
f 288/2/1 284/2/1 287/2/1
f 291/2/1 286/2/1 285/2/1
f 292/2/1 286/2/1 291/2/1
f 293/3/1 289/3/1 288/3/1
f 294/3/1 289/3/1 293/3/1
f 295/3/1 291/3/1 290/3/1
f 296/3/1 291/3/1 295/3/1
f 297/4/1 294/4/1 293/4/1
f 298/4/1 294/4/1 297/4/1
f 299/4/1 296/4/1 295/4/1
f 300/4/1 296/4/1 299/4/1
f 302/3/1 298/3/1 297/3/1
f 303/3/1 298/3/1 302/3/1
f 304/3/1 300/3/1 299/3/1
f 305/3/1 300/3/1 304/3/1
f 307/2/1 302/2/1 301/2/1
f 308/2/1 302/2/1 307/2/1
f 309/2/1 306/2/1 305/2/1
f 310/2/1 306/2/1 309/2/1
f 315/2/1 312/2/1 311/2/1
f 316/2/1 312/2/1 315/2/1
f 319/2/1 314/2/1 313/2/1
f 320/2/1 314/2/1 319/2/1
f 321/3/1 317/3/1 316/3/1
f 322/3/1 317/3/1 321/3/1
f 323/3/1 319/3/1 318/3/1
f 324/3/1 319/3/1 323/3/1
f 325/4/1 322/4/1 321/4/1
f 326/4/1 322/4/1 325/4/1
f 327/4/1 324/4/1 323/4/1
f 328/4/1 324/4/1 327/4/1
f 330/3/1 326/3/1 325/3/1
f 331/3/1 326/3/1 330/3/1
f 332/3/1 328/3/1 327/3/1
f 333/3/1 328/3/1 332/3/1
f 335/2/1 330/2/1 329/2/1
f 336/2/1 330/2/1 335/2/1
f 337/2/1 334/2/1 333/2/1
f 338/2/1 334/2/1 337/2/1
f 343/2/1 340/2/1 339/2/1
f 344/2/1 340/2/1 343/2/1
f 347/2/1 342/2/1 341/2/1
f 348/2/1 342/2/1 347/2/1
f 349/3/1 345/3/1 344/3/1
f 350/3/1 345/3/1 349/3/1
f 351/3/1 347/3/1 346/3/1
f 352/3/1 347/3/1 351/3/1
f 353/4/1 350/4/1 349/4/1
f 354/4/1 350/4/1 353/4/1
f 355/4/1 352/4/1 351/4/1
f 356/4/1 352/4/1 355/4/1
f 358/3/1 354/3/1 353/3/1
f 359/3/1 354/3/1 358/3/1
f 360/3/1 356/3/1 355/3/1
f 361/3/1 356/3/1 360/3/1
f 363/2/1 358/2/1 357/2/1
f 364/2/1 358/2/1 363/2/1
f 365/2/1 362/2/1 361/2/1
f 366/2/1 362/2/1 365/2/1
f 375/6/1 368/6/1 367/6/1
f 376/6/1 368/6/1 375/6/1
f 377/6/1 374/6/1 373/6/1
f 378/6/1 374/6/1 377/6/1
f 379/2/1 370/2/1 369/2/1
f 380/2/1 370/2/1 379/2/1
f 385/2/1 372/2/1 371/2/1
f 386/2/1 372/2/1 385/2/1
f 387/6/1 368/6/1 376/6/1
f 388/6/1 368/6/1 387/6/1
f 389/3/1 382/3/1 381/3/1
f 390/3/1 382/3/1 389/3/1
f 391/3/1 384/3/1 383/3/1
f 392/3/1 384/3/1 391/3/1
f 393/6/1 377/6/1 373/6/1
f 394/6/1 377/6/1 393/6/1
f 395/4/1 390/4/1 389/4/1
f 396/4/1 390/4/1 395/4/1
f 397/4/1 392/4/1 391/4/1
f 398/4/1 392/4/1 397/4/1
f 401/3/1 396/3/1 395/3/1
f 402/3/1 396/3/1 401/3/1
f 403/3/1 398/3/1 397/3/1
f 404/3/1 398/3/1 403/3/1
f 407/2/1 400/2/1 399/2/1
f 408/2/1 400/2/1 407/2/1
f 409/2/1 406/2/1 405/2/1
f 410/2/1 406/2/1 409/2/1
f 423/6/1 412/6/1 411/6/1
f 426/6/1 422/6/1 421/6/1
f 427/6/1 424/6/1 423/6/1
f 427/6/1 423/6/1 411/6/1
f 428/6/1 424/6/1 427/6/1
f 429/2/1 416/2/1 415/2/1
f 430/2/1 416/2/1 429/2/1
f 433/2/1 418/2/1 417/2/1
f 434/2/1 418/2/1 433/2/1
f 435/6/1 426/6/1 425/6/1
f 435/6/1 422/6/1 426/6/1
f 436/6/1 422/6/1 435/6/1
f 437/6/1 424/6/1 428/6/1
f 438/6/1 424/6/1 437/6/1
f 439/6/1 414/6/1 413/6/1
f 440/6/1 414/6/1 439/6/1
f 441/3/1 431/3/1 430/3/1
f 442/3/1 431/3/1 441/3/1
f 443/3/1 433/3/1 432/3/1
f 444/3/1 433/3/1 443/3/1
f 445/6/1 420/6/1 419/6/1
f 446/6/1 420/6/1 445/6/1
f 447/6/1 435/6/1 425/6/1
f 448/6/1 435/6/1 447/6/1
f 449/4/1 442/4/1 441/4/1
f 450/4/1 442/4/1 449/4/1
f 451/4/1 444/4/1 443/4/1
f 452/4/1 444/4/1 451/4/1
f 454/3/1 450/3/1 449/3/1
f 455/3/1 450/3/1 454/3/1
f 456/3/1 452/3/1 451/3/1
f 457/3/1 452/3/1 456/3/1
f 459/2/1 454/2/1 453/2/1
f 460/2/1 454/2/1 459/2/1
f 461/2/1 458/2/1 457/2/1
f 462/2/1 458/2/1 461/2/1
f 475/6/1 464/6/1 463/6/1
f 476/6/1 464/6/1 475/6/1
f 478/2/1 468/2/1 467/2/1
f 479/2/1 468/2/1 478/2/1
f 484/2/1 470/2/1 469/2/1
f 485/2/1 470/2/1 484/2/1
f 487/6/1 474/6/1 473/6/1
f 488/6/1 474/6/1 487/6/1
f 489/6/1 477/6/1 476/6/1
f 490/6/1 477/6/1 489/6/1
f 492/6/1 466/6/1 465/6/1
f 493/3/1 481/3/1 480/3/1
f 494/3/1 481/3/1 493/3/1
f 495/3/1 483/3/1 482/3/1
f 496/3/1 483/3/1 495/3/1
f 497/6/1 472/6/1 471/6/1
f 499/6/1 487/6/1 486/6/1
f 500/6/1 487/6/1 499/6/1
f 501/6/1 492/6/1 491/6/1
f 502/6/1 466/6/1 492/6/1
f 502/6/1 492/6/1 501/6/1
f 503/6/1 498/6/1 497/6/1
f 503/6/1 497/6/1 471/6/1
f 504/6/1 498/6/1 503/6/1
f 505/6/1 501/6/1 491/6/1
f 506/6/1 501/6/1 505/6/1
f 507/6/1 498/6/1 504/6/1
f 508/6/1 498/6/1 507/6/1
f 509/6/1 466/6/1 502/6/1
f 510/6/1 466/6/1 509/6/1
f 511/4/1 494/4/1 493/4/1
f 512/4/1 494/4/1 511/4/1
f 513/4/1 496/4/1 495/4/1
f 514/4/1 496/4/1 513/4/1
f 515/6/1 503/6/1 471/6/1
f 516/6/1 503/6/1 515/6/1
f 519/3/1 512/3/1 511/3/1
f 520/3/1 512/3/1 519/3/1
f 521/3/1 514/3/1 513/3/1
f 522/3/1 514/3/1 521/3/1
f 525/2/1 518/2/1 517/2/1
f 526/2/1 518/2/1 525/2/1
f 527/2/1 524/2/1 523/2/1
f 528/2/1 524/2/1 527/2/1
f 537/6/1 530/6/1 529/6/1
f 538/6/1 530/6/1 537/6/1
f 540/2/1 532/2/1 531/2/1
f 541/2/1 532/2/1 540/2/1
f 544/2/1 534/2/1 533/2/1
f 545/2/1 534/2/1 544/2/1
f 547/6/1 536/6/1 535/6/1
f 548/6/1 536/6/1 547/6/1
f 549/6/1 539/6/1 538/6/1
f 550/6/1 539/6/1 549/6/1
f 553/3/1 542/3/1 541/3/1
f 554/3/1 542/3/1 553/3/1
f 555/3/1 544/3/1 543/3/1
f 556/3/1 544/3/1 555/3/1
f 559/6/1 547/6/1 546/6/1
f 560/6/1 547/6/1 559/6/1
f 565/6/1 552/6/1 551/6/1
f 566/6/1 562/6/1 561/6/1
f 567/6/1 564/6/1 563/6/1
f 568/6/1 558/6/1 557/6/1
f 569/6/1 566/6/1 565/6/1
f 569/6/1 565/6/1 551/6/1
f 570/6/1 566/6/1 569/6/1
f 571/6/1 562/6/1 566/6/1
f 571/6/1 566/6/1 570/6/1
f 572/4/1 554/4/1 553/4/1
f 573/4/1 554/4/1 572/4/1
f 574/4/1 556/4/1 555/4/1
f 575/4/1 556/4/1 574/4/1
f 576/6/1 567/6/1 563/6/1
f 576/6/1 568/6/1 567/6/1
f 577/6/1 558/6/1 568/6/1
f 577/6/1 568/6/1 576/6/1
f 578/6/1 558/6/1 577/6/1
f 579/6/1 571/6/1 570/6/1
f 580/6/1 571/6/1 579/6/1
f 581/6/1 577/6/1 576/6/1
f 582/6/1 577/6/1 581/6/1
f 583/6/1 571/6/1 580/6/1
f 584/6/1 571/6/1 583/6/1
f 586/3/1 573/3/1 572/3/1
f 587/3/1 573/3/1 586/3/1
f 588/3/1 575/3/1 574/3/1
f 589/3/1 575/3/1 588/3/1
f 591/6/1 581/6/1 576/6/1
f 592/6/1 581/6/1 591/6/1
f 593/2/1 586/2/1 585/2/1
f 594/2/1 586/2/1 593/2/1
f 595/2/1 590/2/1 589/2/1
f 596/2/1 590/2/1 595/2/1
f 601/6/1 598/6/1 597/6/1
f 602/6/1 598/6/1 601/6/1
f 609/6/1 600/6/1 599/6/1
f 610/6/1 600/6/1 609/6/1
f 611/6/1 603/6/1 602/6/1
f 612/6/1 603/6/1 611/6/1
f 615/3/1 605/3/1 604/3/1
f 616/3/1 605/3/1 615/3/1
f 617/3/1 607/3/1 606/3/1
f 618/3/1 607/3/1 617/3/1
f 621/6/1 609/6/1 608/6/1
f 622/6/1 609/6/1 621/6/1
f 623/6/1 614/6/1 613/6/1
f 624/6/1 614/6/1 623/6/1
f 627/4/1 616/4/1 615/4/1
f 628/4/1 616/4/1 627/4/1
f 629/4/1 618/4/1 617/4/1
f 630/4/1 618/4/1 629/4/1
f 633/6/1 620/6/1 619/6/1
f 634/6/1 620/6/1 633/6/1
f 635/6/1 625/6/1 624/6/1
f 636/6/1 625/6/1 635/6/1
f 639/6/1 633/6/1 632/6/1
f 640/6/1 633/6/1 639/6/1
f 641/6/1 637/6/1 636/6/1
f 642/6/1 627/6/1 626/6/1
f 643/3/1 628/3/1 627/3/1
f 643/6/1 627/6/1 642/6/1
f 644/3/1 628/3/1 643/3/1
f 645/3/1 630/3/1 629/3/1
f 646/6/1 631/6/1 630/6/1
f 646/3/1 630/3/1 645/3/1
f 647/6/1 631/6/1 646/6/1
f 648/6/1 639/6/1 638/6/1
f 649/6/1 642/6/1 641/6/1
f 649/6/1 641/6/1 636/6/1
f 649/6/1 643/6/1 642/6/1
f 650/6/1 643/6/1 649/6/1
f 651/6/1 643/6/1 650/6/1
f 652/6/1 648/6/1 647/6/1
f 652/6/1 647/6/1 646/6/1
f 653/6/1 648/6/1 652/6/1
f 654/6/1 639/6/1 648/6/1
f 654/6/1 648/6/1 653/6/1
f 655/2/1 651/2/1 650/2/1
f 656/2/1 651/2/1 655/2/1
f 657/2/1 653/2/1 652/2/1
f 658/2/1 653/2/1 657/2/1
f 663/6/1 660/6/1 659/6/1
f 664/6/1 660/6/1 663/6/1
f 667/6/1 662/6/1 661/6/1
f 668/6/1 662/6/1 667/6/1
f 669/6/1 665/6/1 664/6/1
f 670/6/1 665/6/1 669/6/1
f 675/6/1 667/6/1 666/6/1
f 676/6/1 667/6/1 675/6/1
f 677/6/1 672/6/1 671/6/1
f 678/6/1 672/6/1 677/6/1
f 681/6/1 674/6/1 673/6/1
f 682/6/1 674/6/1 681/6/1
f 683/6/1 679/6/1 678/6/1
f 684/6/1 679/6/1 683/6/1
f 687/6/1 681/6/1 680/6/1
f 688/6/1 681/6/1 687/6/1
f 689/6/1 685/6/1 684/6/1
f 690/6/1 685/6/1 689/6/1
f 695/6/1 687/6/1 686/6/1
f 696/6/1 687/6/1 695/6/1
f 697/6/1 692/6/1 691/6/1
f 700/6/1 694/6/1 693/6/1
f 701/6/1 698/6/1 697/6/1
f 701/6/1 697/6/1 691/6/1
f 702/6/1 698/6/1 701/6/1
f 703/6/1 698/6/1 702/6/1
f 704/6/1 698/6/1 703/6/1
f 705/6/1 700/6/1 699/6/1
f 706/6/1 700/6/1 705/6/1
f 707/6/1 694/6/1 700/6/1
f 707/6/1 700/6/1 706/6/1
f 708/6/1 694/6/1 707/6/1
f 709/6/1 703/6/1 702/6/1
f 710/6/1 703/6/1 709/6/1
f 711/6/1 707/6/1 706/6/1
f 712/6/1 707/6/1 711/6/1
f 717/6/1 714/6/1 713/6/1
f 718/6/1 714/6/1 717/6/1
f 719/6/1 716/6/1 715/6/1
f 720/6/1 716/6/1 719/6/1
f 725/6/1 722/6/1 721/6/1
f 726/6/1 722/6/1 725/6/1
f 731/6/1 724/6/1 723/6/1
f 732/6/1 724/6/1 731/6/1
f 733/6/1 728/6/1 727/6/1
f 734/6/1 728/6/1 733/6/1
f 737/6/1 730/6/1 729/6/1
f 738/6/1 730/6/1 737/6/1
f 739/6/1 735/6/1 734/6/1
f 740/6/1 735/6/1 739/6/1
f 743/6/1 737/6/1 736/6/1
f 744/6/1 737/6/1 743/6/1
f 745/6/1 741/6/1 740/6/1
f 746/6/1 741/6/1 745/6/1
f 751/6/1 743/6/1 742/6/1
f 752/6/1 743/6/1 751/6/1
f 757/6/1 748/6/1 747/6/1
f 760/6/1 754/6/1 753/6/1
f 761/6/1 756/6/1 755/6/1
f 764/6/1 750/6/1 749/6/1
f 765/6/1 758/6/1 757/6/1
f 765/6/1 757/6/1 747/6/1
f 766/6/1 758/6/1 765/6/1
f 767/6/1 764/6/1 763/6/1
f 767/6/1 750/6/1 764/6/1
f 768/6/1 750/6/1 767/6/1
f 769/6/1 758/6/1 766/6/1
f 770/6/1 760/6/1 759/6/1
f 771/6/1 754/6/1 760/6/1
f 771/6/1 760/6/1 770/6/1
f 772/6/1 754/6/1 771/6/1
f 773/6/1 762/6/1 761/6/1
f 773/6/1 761/6/1 755/6/1
f 774/6/1 762/6/1 773/6/1
f 775/6/1 762/6/1 774/6/1
f 776/6/1 767/6/1 763/6/1
f 777/6/1 769/6/1 766/6/1
f 778/6/1 769/6/1 777/6/1
f 779/6/1 767/6/1 776/6/1
f 780/6/1 767/6/1 779/6/1
f 781/6/1 771/6/1 770/6/1
f 782/6/1 771/6/1 781/6/1
f 783/6/1 775/6/1 774/6/1
f 784/6/1 775/6/1 783/6/1
f 789/6/1 786/6/1 785/6/1
f 790/6/1 786/6/1 789/6/1
f 795/6/1 788/6/1 787/6/1
f 796/6/1 788/6/1 795/6/1
f 797/6/1 792/6/1 791/6/1
f 798/6/1 792/6/1 797/6/1
f 799/6/1 794/6/1 793/6/1
f 800/6/1 794/6/1 799/6/1
f 805/6/1 802/6/1 801/6/1
f 806/6/1 802/6/1 805/6/1
f 809/6/1 804/6/1 803/6/1
f 810/6/1 804/6/1 809/6/1
f 811/6/1 807/6/1 806/6/1
f 812/6/1 807/6/1 811/6/1
f 817/6/1 809/6/1 808/6/1
f 818/6/1 809/6/1 817/6/1
f 823/6/1 814/6/1 813/6/1
f 824/6/1 814/6/1 823/6/1
f 827/6/1 816/6/1 815/6/1
f 828/6/1 816/6/1 827/6/1
f 832/6/1 820/6/1 819/6/1
f 833/6/1 820/6/1 832/6/1
f 834/6/1 822/6/1 821/6/1
f 835/6/1 822/6/1 834/6/1
f 839/6/1 825/6/1 824/6/1
f 840/6/1 825/6/1 839/6/1
f 841/6/1 830/6/1 829/6/1
f 842/6/1 838/6/1 837/6/1
f 843/6/1 827/6/1 826/6/1
f 844/6/1 827/6/1 843/6/1
f 845/6/1 830/6/1 841/6/1
f 846/6/1 832/6/1 831/6/1
f 847/6/1 836/6/1 835/6/1
f 848/6/1 842/6/1 837/6/1
f 849/6/1 846/6/1 845/6/1
f 849/6/1 845/6/1 841/6/1
f 850/6/1 832/6/1 846/6/1
f 850/6/1 846/6/1 849/6/1
f 851/6/1 848/6/1 847/6/1
f 851/6/1 847/6/1 835/6/1
f 852/6/1 842/6/1 848/6/1
f 852/6/1 848/6/1 851/6/1
f 857/6/1 854/6/1 853/6/1
f 858/6/1 854/6/1 857/6/1
f 859/6/1 856/6/1 855/6/1
f 860/6/1 856/6/1 859/6/1
f 865/6/1 862/6/1 861/6/1
f 866/6/1 862/6/1 865/6/1
f 867/6/1 864/6/1 863/6/1
f 868/6/1 864/6/1 867/6/1
f 873/6/1 870/6/1 869/6/1
f 874/6/1 870/6/1 873/6/1
f 879/6/1 872/6/1 871/6/1
f 880/6/1 872/6/1 879/6/1
f 881/6/1 876/6/1 875/6/1
f 882/6/1 876/6/1 881/6/1
f 883/6/1 878/6/1 877/6/1
f 884/6/1 878/6/1 883/6/1
f 889/6/1 886/6/1 885/6/1
f 890/6/1 886/6/1 889/6/1
f 891/6/1 888/6/1 887/6/1
f 892/6/1 888/6/1 891/6/1
f 897/2/1 894/2/1 893/2/1
f 898/2/1 894/2/1 897/2/1
f 899/2/1 896/2/1 895/2/1
f 900/2/1 896/2/1 899/2/1
f 905/6/1 902/6/1 901/6/1
f 906/6/1 902/6/1 905/6/1
f 907/6/1 904/6/1 903/6/1
f 908/6/1 904/6/1 907/6/1
f 913/6/1 910/6/1 909/6/1
f 914/6/1 910/6/1 913/6/1
f 915/6/1 912/6/1 911/6/1
f 916/6/1 912/6/1 915/6/1
f 921/2/1 918/2/1 917/2/1
f 922/2/1 920/2/1 919/2/1
f 923/2/1 921/2/1 917/2/1
f 924/2/1 921/2/1 923/2/1
f 925/2/1 920/2/1 922/2/1
f 926/2/1 920/2/1 925/2/1
f 931/6/1 928/6/1 927/6/1
f 932/6/1 928/6/1 931/6/1
f 933/6/1 930/6/1 929/6/1
f 934/6/1 930/6/1 933/6/1
f 939/2/1 936/2/1 935/2/1
f 940/2/1 936/2/1 939/2/1
f 943/2/1 938/2/1 937/2/1
f 944/2/1 938/2/1 943/2/1
f 945/3/1 941/3/1 940/3/1
f 946/3/1 941/3/1 945/3/1
f 947/3/1 943/3/1 942/3/1
f 948/3/1 943/3/1 947/3/1
f 949/4/1 946/4/1 945/4/1
f 950/4/1 946/4/1 949/4/1
f 951/4/1 948/4/1 947/4/1
f 952/4/1 948/4/1 951/4/1
f 954/3/1 950/3/1 949/3/1
f 955/3/1 950/3/1 954/3/1
f 956/3/1 952/3/1 951/3/1
f 957/3/1 952/3/1 956/3/1
f 959/2/1 954/2/1 953/2/1
f 960/2/1 954/2/1 959/2/1
f 961/2/1 958/2/1 957/2/1
f 962/2/1 958/2/1 961/2/1
f 967/2/1 964/2/1 963/2/1
f 968/2/1 964/2/1 967/2/1
f 969/2/1 966/2/1 965/2/1
f 970/2/1 966/2/1 969/2/1
f 975/2/1 972/2/1 971/2/1
f 976/2/1 972/2/1 975/2/1
f 977/2/1 974/2/1 973/2/1
f 978/2/1 974/2/1 977/2/1
f 983/3/1 980/3/1 979/3/1
f 984/3/1 980/3/1 983/3/1
f 985/3/1 982/3/1 981/3/1
f 986/3/1 982/3/1 985/3/1
f 987/4/1 984/4/1 983/4/1
f 988/4/1 984/4/1 987/4/1
f 989/4/1 986/4/1 985/4/1
f 990/4/1 986/4/1 989/4/1
f 991/3/1 988/3/1 987/3/1
f 992/3/1 988/3/1 991/3/1
f 993/3/1 990/3/1 989/3/1
f 994/3/1 990/3/1 993/3/1
f 999/2/1 996/2/1 995/2/1
f 1000/2/1 996/2/1 999/2/1
f 1003/2/1 998/2/1 997/2/1
f 1004/2/1 998/2/1 1003/2/1
f 1005/3/1 1001/3/1 1000/3/1
f 1006/3/1 1001/3/1 1005/3/1
f 1007/3/1 1003/3/1 1002/3/1
f 1008/3/1 1003/3/1 1007/3/1
f 1009/4/1 1006/4/1 1005/4/1
f 1010/4/1 1006/4/1 1009/4/1
f 1011/4/1 1008/4/1 1007/4/1
f 1012/4/1 1008/4/1 1011/4/1
f 1014/3/1 1010/3/1 1009/3/1
f 1015/3/1 1010/3/1 1014/3/1
f 1016/3/1 1012/3/1 1011/3/1
f 1017/3/1 1012/3/1 1016/3/1
f 1019/2/1 1014/2/1 1013/2/1
f 1020/2/1 1014/2/1 1019/2/1
f 1021/2/1 1018/2/1 1017/2/1
f 1022/2/1 1018/2/1 1021/2/1
f 1027/2/1 1024/2/1 1023/2/1
f 1028/2/1 1024/2/1 1027/2/1
f 1029/2/1 1026/2/1 1025/2/1
f 1030/2/1 1026/2/1 1029/2/1
f 1035/2/1 1032/2/1 1031/2/1
f 1036/2/1 1032/2/1 1035/2/1
f 1037/2/1 1034/2/1 1033/2/1
f 1038/2/1 1034/2/1 1037/2/1
f 1043/3/1 1040/3/1 1039/3/1
f 1044/3/1 1040/3/1 1043/3/1
f 1045/3/1 1042/3/1 1041/3/1
f 1046/3/1 1042/3/1 1045/3/1
f 1047/4/1 1044/4/1 1043/4/1
f 1048/4/1 1044/4/1 1047/4/1
f 1049/4/1 1046/4/1 1045/4/1
f 1050/4/1 1046/4/1 1049/4/1
f 1051/3/1 1048/3/1 1047/3/1
f 1052/3/1 1048/3/1 1051/3/1
f 1053/3/1 1050/3/1 1049/3/1
f 1054/3/1 1050/3/1 1053/3/1
f 1059/2/1 1056/2/1 1055/2/1
f 1060/2/1 1056/2/1 1059/2/1
f 1063/2/1 1058/2/1 1057/2/1
f 1064/2/1 1058/2/1 1063/2/1
f 1065/3/1 1061/3/1 1060/3/1
f 1066/3/1 1061/3/1 1065/3/1
f 1067/3/1 1063/3/1 1062/3/1
f 1068/3/1 1063/3/1 1067/3/1
f 1069/4/1 1066/4/1 1065/4/1
f 1070/4/1 1066/4/1 1069/4/1
f 1071/4/1 1068/4/1 1067/4/1
f 1072/4/1 1068/4/1 1071/4/1
f 1074/3/1 1070/3/1 1069/3/1
f 1075/3/1 1070/3/1 1074/3/1
f 1076/3/1 1072/3/1 1071/3/1
f 1077/3/1 1072/3/1 1076/3/1
f 1079/2/1 1074/2/1 1073/2/1
f 1080/2/1 1074/2/1 1079/2/1
f 1081/2/1 1078/2/1 1077/2/1
f 1082/2/1 1078/2/1 1081/2/1
f 1087/2/1 1084/2/1 1083/2/1
f 1088/2/1 1084/2/1 1087/2/1
f 1091/2/1 1086/2/1 1085/2/1
f 1092/2/1 1086/2/1 1091/2/1
f 1093/3/1 1089/3/1 1088/3/1
f 1094/3/1 1089/3/1 1093/3/1
f 1095/3/1 1091/3/1 1090/3/1
f 1096/3/1 1091/3/1 1095/3/1
f 1097/4/1 1094/4/1 1093/4/1
f 1098/4/1 1094/4/1 1097/4/1
f 1099/4/1 1096/4/1 1095/4/1
f 1100/4/1 1096/4/1 1099/4/1
f 1102/3/1 1098/3/1 1097/3/1
f 1103/3/1 1098/3/1 1102/3/1
f 1104/3/1 1100/3/1 1099/3/1
f 1105/3/1 1100/3/1 1104/3/1
f 1107/2/1 1102/2/1 1101/2/1
f 1108/2/1 1102/2/1 1107/2/1
f 1109/2/1 1106/2/1 1105/2/1
f 1110/2/1 1106/2/1 1109/2/1
f 1115/2/1 1112/2/1 1111/2/1
f 1116/2/1 1112/2/1 1115/2/1
f 1119/2/1 1114/2/1 1113/2/1
f 1120/2/1 1114/2/1 1119/2/1
f 1121/3/1 1117/3/1 1116/3/1
f 1122/3/1 1117/3/1 1121/3/1
f 1123/3/1 1119/3/1 1118/3/1
f 1124/3/1 1119/3/1 1123/3/1
f 1125/4/1 1122/4/1 1121/4/1
f 1126/4/1 1122/4/1 1125/4/1
f 1127/4/1 1124/4/1 1123/4/1
f 1128/4/1 1124/4/1 1127/4/1
f 1130/3/1 1126/3/1 1125/3/1
f 1131/3/1 1126/3/1 1130/3/1
f 1132/3/1 1128/3/1 1127/3/1
f 1133/3/1 1128/3/1 1132/3/1
f 1135/2/1 1130/2/1 1129/2/1
f 1136/2/1 1130/2/1 1135/2/1
f 1137/2/1 1134/2/1 1133/2/1
f 1138/2/1 1134/2/1 1137/2/1
f 1143/2/1 1140/2/1 1139/2/1
f 1144/2/1 1140/2/1 1143/2/1
f 1147/2/1 1142/2/1 1141/2/1
f 1148/2/1 1142/2/1 1147/2/1
f 1149/3/1 1145/3/1 1144/3/1
f 1150/3/1 1145/3/1 1149/3/1
f 1151/3/1 1147/3/1 1146/3/1
f 1152/3/1 1147/3/1 1151/3/1
f 1153/4/1 1150/4/1 1149/4/1
f 1154/4/1 1150/4/1 1153/4/1
f 1155/4/1 1152/4/1 1151/4/1
f 1156/4/1 1152/4/1 1155/4/1
f 1158/3/1 1154/3/1 1153/3/1
f 1159/3/1 1154/3/1 1158/3/1
f 1160/3/1 1156/3/1 1155/3/1
f 1161/3/1 1156/3/1 1160/3/1
f 1163/2/1 1158/2/1 1157/2/1
f 1164/2/1 1158/2/1 1163/2/1
f 1165/2/1 1162/2/1 1161/2/1
f 1166/2/1 1162/2/1 1165/2/1
f 1171/2/1 1168/2/1 1167/2/1
f 1172/2/1 1168/2/1 1171/2/1
f 1175/2/1 1170/2/1 1169/2/1
f 1176/2/1 1170/2/1 1175/2/1
f 1177/3/1 1173/3/1 1172/3/1
f 1178/3/1 1173/3/1 1177/3/1
f 1179/3/1 1175/3/1 1174/3/1
f 1180/3/1 1175/3/1 1179/3/1
f 1181/4/1 1178/4/1 1177/4/1
f 1182/4/1 1178/4/1 1181/4/1
f 1183/4/1 1180/4/1 1179/4/1
f 1184/4/1 1180/4/1 1183/4/1
f 1186/3/1 1182/3/1 1181/3/1
f 1187/3/1 1182/3/1 1186/3/1
f 1188/3/1 1184/3/1 1183/3/1
f 1189/3/1 1184/3/1 1188/3/1
f 1191/2/1 1186/2/1 1185/2/1
f 1192/2/1 1186/2/1 1191/2/1
f 1193/2/1 1190/2/1 1189/2/1
f 1194/2/1 1190/2/1 1193/2/1
f 1199/2/1 1196/2/1 1195/2/1
f 1200/2/1 1196/2/1 1199/2/1
f 1201/2/1 1198/2/1 1197/2/1
f 1202/2/1 1198/2/1 1201/2/1
f 1207/2/1 1204/2/1 1203/2/1
f 1208/2/1 1204/2/1 1207/2/1
f 1209/2/1 1206/2/1 1205/2/1
f 1210/2/1 1206/2/1 1209/2/1
f 1215/3/1 1212/3/1 1211/3/1
f 1216/3/1 1212/3/1 1215/3/1
f 1217/3/1 1214/3/1 1213/3/1
f 1218/3/1 1214/3/1 1217/3/1
f 1219/4/1 1216/4/1 1215/4/1
f 1220/4/1 1216/4/1 1219/4/1
f 1221/4/1 1218/4/1 1217/4/1
f 1222/4/1 1218/4/1 1221/4/1
f 1223/3/1 1220/3/1 1219/3/1
f 1224/3/1 1220/3/1 1223/3/1
f 1225/3/1 1222/3/1 1221/3/1
f 1226/3/1 1222/3/1 1225/3/1
f 1231/2/1 1228/2/1 1227/2/1
f 1232/2/1 1228/2/1 1231/2/1
f 1233/2/1 1230/2/1 1229/2/1
f 1234/2/1 1230/2/1 1233/2/1
f 1239/2/1 1236/2/1 1235/2/1
f 1240/2/1 1236/2/1 1239/2/1
f 1241/2/1 1238/2/1 1237/2/1
f 1242/2/1 1238/2/1 1241/2/1
f 1247/3/1 1244/3/1 1243/3/1
f 1248/3/1 1244/3/1 1247/3/1
f 1249/3/1 1246/3/1 1245/3/1
f 1250/3/1 1246/3/1 1249/3/1
f 1251/4/1 1248/4/1 1247/4/1
f 1252/4/1 1248/4/1 1251/4/1
f 1253/4/1 1250/4/1 1249/4/1
f 1254/4/1 1250/4/1 1253/4/1
f 1255/3/1 1252/3/1 1251/3/1
f 1256/3/1 1252/3/1 1255/3/1
f 1257/3/1 1254/3/1 1253/3/1
f 1258/3/1 1254/3/1 1257/3/1
f 1263/6/1 1260/6/1 1259/6/1
f 1264/6/1 1260/6/1 1263/6/1
f 1265/6/1 1260/6/1 1264/6/1
f 1266/6/1 1262/6/1 1261/6/1
f 1267/6/1 1262/6/1 1266/6/1
f 1268/6/1 1262/6/1 1267/6/1
f 1269/6/1 1265/6/1 1264/6/1
f 1270/6/1 1265/6/1 1269/6/1
f 1271/6/1 1267/6/1 1266/6/1
f 1272/6/1 1267/6/1 1271/6/1
f 1273/6/1 1265/6/1 1270/6/1
f 1274/6/1 1265/6/1 1273/6/1
f 1275/6/1 1271/6/1 1266/6/1
f 1276/6/1 1271/6/1 1275/6/1
f 1277/6/1 1265/6/1 1274/6/1
f 1278/6/1 1265/6/1 1277/6/1
f 1279/6/1 1275/6/1 1266/6/1
f 1280/6/1 1275/6/1 1279/6/1
f 1289/6/1 1282/6/1 1281/6/1
f 1290/6/1 1282/6/1 1289/6/1
f 1291/6/1 1288/6/1 1287/6/1
f 1292/6/1 1288/6/1 1291/6/1
f 1293/6/1 1284/6/1 1283/6/1
f 1294/6/1 1286/6/1 1285/6/1
f 1299/6/1 1296/6/1 1295/6/1
f 1300/6/1 1296/6/1 1299/6/1
f 1301/6/1 1298/6/1 1297/6/1
f 1302/6/1 1298/6/1 1301/6/1
f 1303/6/1 1296/6/1 1300/6/1
f 1305/6/1 1293/6/1 1283/6/1
f 1306/6/1 1286/6/1 1294/6/1
f 1308/6/1 1301/6/1 1297/6/1
f 1309/6/1 1304/6/1 1303/6/1
f 1309/6/1 1303/6/1 1300/6/1
f 1310/6/1 1304/6/1 1309/6/1
f 1311/6/1 1308/6/1 1307/6/1
f 1311/6/1 1301/6/1 1308/6/1
f 1312/6/1 1301/6/1 1311/6/1
f 1313/6/1 1304/6/1 1310/6/1
f 1314/6/1 1305/6/1 1283/6/1
f 1315/6/1 1305/6/1 1314/6/1
f 1316/6/1 1286/6/1 1306/6/1
f 1317/6/1 1286/6/1 1316/6/1
f 1318/6/1 1311/6/1 1307/6/1
f 1319/6/1 1313/6/1 1310/6/1
f 1319/6/1 1314/6/1 1313/6/1
f 1320/6/1 1314/6/1 1319/6/1
f 1321/6/1 1318/6/1 1317/6/1
f 1321/6/1 1311/6/1 1318/6/1
f 1322/6/1 1311/6/1 1321/6/1
f 1323/6/1 1314/6/1 1320/6/1
f 1326/6/1 1321/6/1 1317/6/1
f 1327/6/1 1324/6/1 1323/6/1
f 1327/6/1 1323/6/1 1320/6/1
f 1328/6/1 1324/6/1 1327/6/1
f 1329/6/1 1326/6/1 1325/6/1
f 1329/6/1 1321/6/1 1326/6/1
f 1330/6/1 1321/6/1 1329/6/1
f 1331/6/1 1324/6/1 1328/6/1
f 1332/6/1 1324/6/1 1331/6/1
f 1333/6/1 1329/6/1 1325/6/1
f 1334/6/1 1329/6/1 1333/6/1
f 1335/6/1 1324/6/1 1332/6/1
f 1336/6/1 1324/6/1 1335/6/1
f 1337/6/1 1333/6/1 1325/6/1
f 1338/6/1 1333/6/1 1337/6/1
f 1339/6/1 1324/6/1 1336/6/1
f 1340/6/1 1324/6/1 1339/6/1
f 1341/6/1 1337/6/1 1325/6/1
f 1342/6/1 1337/6/1 1341/6/1
f 1343/6/1 1324/6/1 1340/6/1
f 1344/6/1 1324/6/1 1343/6/1
f 1345/6/1 1341/6/1 1325/6/1
f 1346/6/1 1341/6/1 1345/6/1
f 1351/6/1 1348/6/1 1347/6/1
f 1352/6/1 1348/6/1 1351/6/1
f 1353/6/1 1350/6/1 1349/6/1
f 1354/6/1 1350/6/1 1353/6/1
f 1359/6/1 1356/6/1 1355/6/1
f 1360/6/1 1356/6/1 1359/6/1
f 1361/6/1 1358/6/1 1357/6/1
f 1362/6/1 1358/6/1 1361/6/1
f 1367/6/1 1364/6/1 1363/6/1
f 1368/6/1 1364/6/1 1367/6/1
f 1371/6/1 1366/6/1 1365/6/1
f 1372/6/1 1366/6/1 1371/6/1
f 1373/6/1 1369/6/1 1368/6/1
f 1374/6/1 1369/6/1 1373/6/1
f 1377/6/1 1371/6/1 1370/6/1
f 1378/6/1 1371/6/1 1377/6/1
f 1379/6/1 1375/6/1 1374/6/1
f 1382/6/1 1377/6/1 1376/6/1
f 1383/6/1 1380/6/1 1379/6/1
f 1383/6/1 1379/6/1 1374/6/1
f 1384/6/1 1380/6/1 1383/6/1
f 1385/6/1 1380/6/1 1384/6/1
f 1388/6/1 1382/6/1 1381/6/1
f 1389/6/1 1377/6/1 1382/6/1
f 1389/6/1 1382/6/1 1388/6/1
f 1390/6/1 1377/6/1 1389/6/1
f 1391/6/1 1386/6/1 1385/6/1
f 1391/6/1 1385/6/1 1384/6/1
f 1392/6/1 1386/6/1 1391/6/1
f 1393/6/1 1388/6/1 1387/6/1
f 1393/6/1 1389/6/1 1388/6/1
f 1394/6/1 1389/6/1 1393/6/1
f 1395/6/1 1386/6/1 1392/6/1
f 1396/6/1 1386/6/1 1395/6/1
f 1397/6/1 1393/6/1 1387/6/1
f 1398/6/1 1393/6/1 1397/6/1
f 1403/6/1 1400/6/1 1399/6/1
f 1404/6/1 1400/6/1 1403/6/1
f 1405/6/1 1402/6/1 1401/6/1
f 1406/6/1 1402/6/1 1405/6/1
f 1411/6/1 1408/6/1 1407/6/1
f 1412/6/1 1408/6/1 1411/6/1
f 1413/6/1 1410/6/1 1409/6/1
f 1414/6/1 1410/6/1 1413/6/1
f 1419/6/1 1416/6/1 1415/6/1
f 1420/6/1 1416/6/1 1419/6/1
f 1421/6/1 1418/6/1 1417/6/1
f 1422/6/1 1418/6/1 1421/6/1
f 1427/6/1 1424/6/1 1423/6/1
f 1428/6/1 1424/6/1 1427/6/1
f 1429/6/1 1426/6/1 1425/6/1
f 1430/6/1 1426/6/1 1429/6/1
f 1435/3/1 1432/3/1 1431/3/1
f 1436/3/1 1432/3/1 1435/3/1
f 1437/3/1 1434/3/1 1433/3/1
f 1438/3/1 1434/3/1 1437/3/1
f 1439/4/1 1436/4/1 1435/4/1
f 1440/4/1 1436/4/1 1439/4/1
f 1441/4/1 1438/4/1 1437/4/1
f 1442/4/1 1438/4/1 1441/4/1
f 1443/3/1 1440/3/1 1439/3/1
f 1444/3/1 1440/3/1 1443/3/1
f 1445/3/1 1442/3/1 1441/3/1
f 1446/3/1 1442/3/1 1445/3/1
f 1447/2/1 1444/2/1 1443/2/1
f 1448/2/1 1444/2/1 1447/2/1
f 1449/2/1 1446/2/1 1445/2/1
f 1450/2/1 1446/2/1 1449/2/1
f 1455/3/1 1452/3/1 1451/3/1
f 1456/3/1 1452/3/1 1455/3/1
f 1457/3/1 1454/3/1 1453/3/1
f 1458/3/1 1454/3/1 1457/3/1
f 1459/4/1 1456/4/1 1455/4/1
f 1460/4/1 1456/4/1 1459/4/1
f 1461/4/1 1458/4/1 1457/4/1
f 1462/4/1 1458/4/1 1461/4/1
f 1463/3/1 1460/3/1 1459/3/1
f 1464/3/1 1460/3/1 1463/3/1
f 1465/3/1 1462/3/1 1461/3/1
f 1466/3/1 1462/3/1 1465/3/1
f 1467/2/1 1464/2/1 1463/2/1
f 1468/2/1 1464/2/1 1467/2/1
f 1469/2/1 1466/2/1 1465/2/1
f 1470/2/1 1466/2/1 1469/2/1
f 1475/3/1 1472/3/1 1471/3/1
f 1476/3/1 1472/3/1 1475/3/1
f 1477/3/1 1474/3/1 1473/3/1
f 1478/3/1 1474/3/1 1477/3/1
f 1479/4/1 1476/4/1 1475/4/1
f 1480/4/1 1476/4/1 1479/4/1
f 1481/4/1 1478/4/1 1477/4/1
f 1482/4/1 1478/4/1 1481/4/1
f 1483/3/1 1480/3/1 1479/3/1
f 1484/3/1 1480/3/1 1483/3/1
f 1485/3/1 1482/3/1 1481/3/1
f 1486/3/1 1482/3/1 1485/3/1
f 1487/2/1 1484/2/1 1483/2/1
f 1488/2/1 1484/2/1 1487/2/1
f 1489/2/1 1486/2/1 1485/2/1
f 1490/2/1 1486/2/1 1489/2/1
f 1495/3/1 1492/3/1 1491/3/1
f 1496/3/1 1492/3/1 1495/3/1
f 1497/3/1 1494/3/1 1493/3/1
f 1498/3/1 1494/3/1 1497/3/1
f 1499/4/1 1496/4/1 1495/4/1
f 1500/4/1 1496/4/1 1499/4/1
f 1501/4/1 1498/4/1 1497/4/1
f 1502/4/1 1498/4/1 1501/4/1
f 1503/3/1 1500/3/1 1499/3/1
f 1504/3/1 1500/3/1 1503/3/1
f 1505/3/1 1502/3/1 1501/3/1
f 1506/3/1 1502/3/1 1505/3/1
f 1507/2/1 1504/2/1 1503/2/1
f 1508/2/1 1504/2/1 1507/2/1
f 1509/2/1 1506/2/1 1505/2/1
f 1510/2/1 1506/2/1 1509/2/1
f 1515/3/1 1512/3/1 1511/3/1
f 1516/3/1 1512/3/1 1515/3/1
f 1517/3/1 1514/3/1 1513/3/1
f 1518/3/1 1514/3/1 1517/3/1
f 1519/4/1 1516/4/1 1515/4/1
f 1520/4/1 1516/4/1 1519/4/1
f 1521/4/1 1518/4/1 1517/4/1
f 1522/4/1 1518/4/1 1521/4/1
f 1523/3/1 1520/3/1 1519/3/1
f 1524/3/1 1520/3/1 1523/3/1
f 1525/3/1 1522/3/1 1521/3/1
f 1526/3/1 1522/3/1 1525/3/1
f 1527/2/1 1524/2/1 1523/2/1
f 1528/2/1 1524/2/1 1527/2/1
f 1529/2/1 1526/2/1 1525/2/1
f 1530/2/1 1526/2/1 1529/2/1
f 1535/3/1 1532/3/1 1531/3/1
f 1536/3/1 1532/3/1 1535/3/1
f 1537/3/1 1534/3/1 1533/3/1
f 1538/3/1 1534/3/1 1537/3/1
f 1539/4/1 1536/4/1 1535/4/1
f 1540/4/1 1536/4/1 1539/4/1
f 1541/4/1 1538/4/1 1537/4/1
f 1542/4/1 1538/4/1 1541/4/1
f 1543/3/1 1540/3/1 1539/3/1
f 1544/3/1 1540/3/1 1543/3/1
f 1545/3/1 1542/3/1 1541/3/1
f 1546/3/1 1542/3/1 1545/3/1
f 1547/2/1 1544/2/1 1543/2/1
f 1548/2/1 1544/2/1 1547/2/1
f 1549/2/1 1546/2/1 1545/2/1
f 1550/2/1 1546/2/1 1549/2/1
f 1555/3/1 1552/3/1 1551/3/1
f 1556/3/1 1552/3/1 1555/3/1
f 1557/3/1 1554/3/1 1553/3/1
f 1558/3/1 1554/3/1 1557/3/1
f 1559/4/1 1556/4/1 1555/4/1
f 1560/4/1 1556/4/1 1559/4/1
f 1561/4/1 1558/4/1 1557/4/1
f 1562/4/1 1558/4/1 1561/4/1
f 1563/3/1 1560/3/1 1559/3/1
f 1564/3/1 1560/3/1 1563/3/1
f 1565/3/1 1562/3/1 1561/3/1
f 1566/3/1 1562/3/1 1565/3/1
f 1567/2/1 1564/2/1 1563/2/1
f 1568/2/1 1564/2/1 1567/2/1
f 1569/2/1 1566/2/1 1565/2/1
f 1570/2/1 1566/2/1 1569/2/1
f 1575/3/1 1572/3/1 1571/3/1
f 1576/3/1 1572/3/1 1575/3/1
f 1577/3/1 1574/3/1 1573/3/1
f 1578/3/1 1574/3/1 1577/3/1
f 1579/4/1 1576/4/1 1575/4/1
f 1580/4/1 1576/4/1 1579/4/1
f 1581/4/1 1578/4/1 1577/4/1
f 1582/4/1 1578/4/1 1581/4/1
f 1583/3/1 1580/3/1 1579/3/1
f 1584/3/1 1580/3/1 1583/3/1
f 1585/3/1 1582/3/1 1581/3/1
f 1586/3/1 1582/3/1 1585/3/1
f 1587/2/1 1584/2/1 1583/2/1
f 1588/2/1 1584/2/1 1587/2/1
f 1589/2/1 1586/2/1 1585/2/1
f 1590/2/1 1586/2/1 1589/2/1
f 1595/3/1 1592/3/1 1591/3/1
f 1596/3/1 1592/3/1 1595/3/1
f 1597/3/1 1594/3/1 1593/3/1
f 1598/3/1 1594/3/1 1597/3/1
f 1599/4/1 1596/4/1 1595/4/1
f 1600/4/1 1596/4/1 1599/4/1
f 1601/4/1 1598/4/1 1597/4/1
f 1602/4/1 1598/4/1 1601/4/1
f 1603/3/1 1600/3/1 1599/3/1
f 1604/3/1 1600/3/1 1603/3/1
f 1605/3/1 1602/3/1 1601/3/1
f 1606/3/1 1602/3/1 1605/3/1
f 1607/2/1 1604/2/1 1603/2/1
f 1608/2/1 1604/2/1 1607/2/1
f 1609/2/1 1606/2/1 1605/2/1
f 1610/2/1 1606/2/1 1609/2/1
f 1615/3/1 1612/3/1 1611/3/1
f 1616/3/1 1612/3/1 1615/3/1
f 1617/3/1 1614/3/1 1613/3/1
f 1618/3/1 1614/3/1 1617/3/1
f 1619/4/1 1616/4/1 1615/4/1
f 1620/4/1 1616/4/1 1619/4/1
f 1621/4/1 1618/4/1 1617/4/1
f 1622/4/1 1618/4/1 1621/4/1
f 1623/3/1 1620/3/1 1619/3/1
f 1624/3/1 1620/3/1 1623/3/1
f 1625/3/1 1622/3/1 1621/3/1
f 1626/3/1 1622/3/1 1625/3/1
f 1627/2/1 1624/2/1 1623/2/1
f 1628/2/1 1624/2/1 1627/2/1
f 1629/2/1 1626/2/1 1625/2/1
f 1630/2/1 1626/2/1 1629/2/1
f 1635/6/1 1632/6/1 1631/6/1
f 1636/6/1 1634/6/1 1633/6/1
f 1637/6/1 1632/6/1 1635/6/1
f 1638/6/1 1636/6/1 1633/6/1
f 1639/6/1 1632/6/1 1637/6/1
f 1640/6/1 1638/6/1 1633/6/1
f 1641/6/1 1632/6/1 1639/6/1
f 1642/6/1 1640/6/1 1633/6/1
f 1643/6/1 1632/6/1 1641/6/1
f 1644/6/1 1632/6/1 1643/6/1
f 1645/6/1 1642/6/1 1633/6/1
f 1646/6/1 1642/6/1 1645/6/1
f 1655/5/1 1648/5/1 1647/5/1
f 1656/5/1 1648/5/1 1655/5/1
f 1657/5/1 1650/5/1 1649/5/1
f 1658/5/1 1650/5/1 1657/5/1
f 1659/6/1 1652/6/1 1651/6/1
f 1660/6/1 1652/6/1 1659/6/1
f 1661/6/1 1656/6/1 1655/6/1
f 1662/6/1 1658/6/1 1657/6/1
f 1663/6/1 1654/6/1 1653/6/1
f 1664/6/1 1654/6/1 1663/6/1
f 1665/6/1 1661/6/1 1660/6/1
f 1666/6/1 1656/6/1 1661/6/1
f 1666/6/1 1661/6/1 1665/6/1
f 1667/6/1 1662/6/1 1657/6/1
f 1667/6/1 1663/6/1 1662/6/1
f 1668/6/1 1663/6/1 1667/6/1
f 1677/6/1 1674/6/1 1673/6/1
f 1678/6/1 1674/6/1 1677/6/1
f 1679/6/1 1676/6/1 1675/6/1
f 1680/6/1 1676/6/1 1679/6/1
f 1681/5/1 1670/5/1 1669/5/1
f 1682/5/1 1672/5/1 1671/5/1
f 1687/6/1 1684/6/1 1683/6/1
f 1688/6/1 1684/6/1 1687/6/1
f 1689/5/1 1670/5/1 1681/5/1
f 1690/5/1 1670/5/1 1689/5/1
f 1691/5/1 1682/5/1 1671/5/1
f 1692/5/1 1682/5/1 1691/5/1
f 1693/6/1 1686/6/1 1685/6/1
f 1694/6/1 1686/6/1 1693/6/1
f 1695/6/1 1690/6/1 1689/6/1
f 1696/6/1 1690/6/1 1695/6/1
f 1697/6/1 1692/6/1 1691/6/1
f 1698/6/1 1692/6/1 1697/6/1
f 1703/6/1 1700/6/1 1699/6/1
f 1710/6/1 1702/6/1 1701/6/1
f 1711/6/1 1704/6/1 1703/6/1
f 1712/6/1 1710/6/1 1709/6/1
f 1713/6/1 1703/6/1 1699/6/1
f 1713/6/1 1711/6/1 1703/6/1
f 1714/6/1 1711/6/1 1713/6/1
f 1715/6/1 1710/6/1 1712/6/1
f 1716/6/1 1702/6/1 1710/6/1
f 1716/6/1 1710/6/1 1715/6/1
f 1721/6/1 1718/6/1 1717/6/1
f 1722/6/1 1718/6/1 1721/6/1
f 1723/6/1 1720/6/1 1719/6/1
f 1724/6/1 1720/6/1 1723/6/1
f 1725/5/1 1706/5/1 1705/5/1
f 1726/5/1 1706/5/1 1725/5/1
f 1727/5/1 1708/5/1 1707/5/1
f 1728/5/1 1708/5/1 1727/5/1
f 1729/6/1 1726/6/1 1725/6/1
f 1730/6/1 1726/6/1 1729/6/1
f 1731/6/1 1728/6/1 1727/6/1
f 1732/6/1 1728/6/1 1731/6/1
f 1741/6/1 1734/6/1 1733/6/1
f 1742/6/1 1734/6/1 1741/6/1
f 1743/6/1 1736/6/1 1735/6/1
f 1744/6/1 1736/6/1 1743/6/1
f 1749/6/1 1746/6/1 1745/6/1
f 1750/6/1 1746/6/1 1749/6/1
f 1751/6/1 1748/6/1 1747/6/1
f 1752/6/1 1748/6/1 1751/6/1
f 1753/5/1 1738/5/1 1737/5/1
f 1754/5/1 1738/5/1 1753/5/1
f 1755/5/1 1740/5/1 1739/5/1
f 1756/5/1 1740/5/1 1755/5/1
f 1761/6/1 1758/6/1 1757/6/1
f 1762/6/1 1758/6/1 1761/6/1
f 1763/6/1 1760/6/1 1759/6/1
f 1764/6/1 1760/6/1 1763/6/1
f 1765/6/1 1754/6/1 1753/6/1
f 1766/6/1 1756/6/1 1755/6/1
f 1767/6/1 1754/6/1 1765/6/1
f 1768/6/1 1754/6/1 1767/6/1
f 1769/6/1 1766/6/1 1755/6/1
f 1770/6/1 1766/6/1 1769/6/1
f 1779/6/1 1772/6/1 1771/6/1
f 1780/6/1 1772/6/1 1779/6/1
f 1781/6/1 1774/6/1 1773/6/1
f 1782/6/1 1774/6/1 1781/6/1
f 1787/6/1 1784/6/1 1783/6/1
f 1788/6/1 1784/6/1 1787/6/1
f 1789/6/1 1786/6/1 1785/6/1
f 1790/6/1 1786/6/1 1789/6/1
f 1791/6/1 1776/6/1 1775/6/1
f 1792/6/1 1778/6/1 1777/6/1
f 1793/6/1 1776/6/1 1791/6/1
f 1794/6/1 1776/6/1 1793/6/1
f 1795/6/1 1792/6/1 1777/6/1
f 1796/6/1 1792/6/1 1795/6/1
f 1801/3/1 1798/3/1 1797/3/1
f 1802/3/1 1798/3/1 1801/3/1
f 1803/3/1 1800/3/1 1799/3/1
f 1804/3/1 1800/3/1 1803/3/1
f 1805/4/1 1802/4/1 1801/4/1
f 1806/4/1 1802/4/1 1805/4/1
f 1807/4/1 1804/4/1 1803/4/1
f 1808/4/1 1804/4/1 1807/4/1
f 1809/3/1 1806/3/1 1805/3/1
f 1810/3/1 1806/3/1 1809/3/1
f 1811/3/1 1808/3/1 1807/3/1
f 1812/3/1 1808/3/1 1811/3/1
f 1813/2/1 1810/2/1 1809/2/1
f 1814/2/1 1810/2/1 1813/2/1
f 1815/2/1 1812/2/1 1811/2/1
f 1816/2/1 1812/2/1 1815/2/1
f 1821/3/1 1818/3/1 1817/3/1
f 1822/3/1 1818/3/1 1821/3/1
f 1823/3/1 1820/3/1 1819/3/1
f 1824/3/1 1820/3/1 1823/3/1
f 1825/4/1 1822/4/1 1821/4/1
f 1826/4/1 1822/4/1 1825/4/1
f 1827/4/1 1824/4/1 1823/4/1
f 1828/4/1 1824/4/1 1827/4/1
f 1829/3/1 1826/3/1 1825/3/1
f 1830/3/1 1826/3/1 1829/3/1
f 1831/3/1 1828/3/1 1827/3/1
f 1832/3/1 1828/3/1 1831/3/1
f 1833/2/1 1830/2/1 1829/2/1
f 1834/2/1 1830/2/1 1833/2/1
f 1835/2/1 1832/2/1 1831/2/1
f 1836/2/1 1832/2/1 1835/2/1
f 1841/3/1 1838/3/1 1837/3/1
f 1842/3/1 1838/3/1 1841/3/1
f 1843/3/1 1840/3/1 1839/3/1
f 1844/3/1 1840/3/1 1843/3/1
f 1845/4/1 1842/4/1 1841/4/1
f 1846/4/1 1842/4/1 1845/4/1
f 1847/4/1 1844/4/1 1843/4/1
f 1848/4/1 1844/4/1 1847/4/1
f 1849/3/1 1846/3/1 1845/3/1
f 1850/3/1 1846/3/1 1849/3/1
f 1851/3/1 1848/3/1 1847/3/1
f 1852/3/1 1848/3/1 1851/3/1
f 1853/2/1 1850/2/1 1849/2/1
f 1854/2/1 1850/2/1 1853/2/1
f 1855/2/1 1852/2/1 1851/2/1
f 1856/2/1 1852/2/1 1855/2/1
f 1861/3/1 1858/3/1 1857/3/1
f 1862/3/1 1858/3/1 1861/3/1
f 1863/3/1 1860/3/1 1859/3/1
f 1864/3/1 1860/3/1 1863/3/1
f 1865/4/1 1862/4/1 1861/4/1
f 1866/4/1 1862/4/1 1865/4/1
f 1867/4/1 1864/4/1 1863/4/1
f 1868/4/1 1864/4/1 1867/4/1
f 1869/3/1 1866/3/1 1865/3/1
f 1870/3/1 1866/3/1 1869/3/1
f 1871/3/1 1868/3/1 1867/3/1
f 1872/3/1 1868/3/1 1871/3/1
f 1873/2/1 1870/2/1 1869/2/1
f 1874/2/1 1870/2/1 1873/2/1
f 1875/2/1 1872/2/1 1871/2/1
f 1876/2/1 1872/2/1 1875/2/1
f 1881/3/1 1878/3/1 1877/3/1
f 1882/3/1 1878/3/1 1881/3/1
f 1883/3/1 1880/3/1 1879/3/1
f 1884/3/1 1880/3/1 1883/3/1
f 1885/4/1 1882/4/1 1881/4/1
f 1886/4/1 1882/4/1 1885/4/1
f 1887/4/1 1884/4/1 1883/4/1
f 1888/4/1 1884/4/1 1887/4/1
f 1889/3/1 1886/3/1 1885/3/1
f 1890/3/1 1886/3/1 1889/3/1
f 1891/3/1 1888/3/1 1887/3/1
f 1892/3/1 1888/3/1 1891/3/1
f 1893/2/1 1890/2/1 1889/2/1
f 1894/2/1 1890/2/1 1893/2/1
f 1895/2/1 1892/2/1 1891/2/1
f 1896/2/1 1892/2/1 1895/2/1
f 1901/3/1 1898/3/1 1897/3/1
f 1902/3/1 1898/3/1 1901/3/1
f 1903/3/1 1900/3/1 1899/3/1
f 1904/3/1 1900/3/1 1903/3/1
f 1905/4/1 1902/4/1 1901/4/1
f 1906/4/1 1902/4/1 1905/4/1
f 1907/4/1 1904/4/1 1903/4/1
f 1908/4/1 1904/4/1 1907/4/1
f 1909/3/1 1906/3/1 1905/3/1
f 1910/3/1 1906/3/1 1909/3/1
f 1911/3/1 1908/3/1 1907/3/1
f 1912/3/1 1908/3/1 1911/3/1
f 1913/2/1 1910/2/1 1909/2/1
f 1914/2/1 1910/2/1 1913/2/1
f 1915/2/1 1912/2/1 1911/2/1
f 1916/2/1 1912/2/1 1915/2/1
f 1921/3/1 1918/3/1 1917/3/1
f 1922/3/1 1918/3/1 1921/3/1
f 1923/3/1 1920/3/1 1919/3/1
f 1924/3/1 1920/3/1 1923/3/1
f 1925/4/1 1922/4/1 1921/4/1
f 1926/4/1 1922/4/1 1925/4/1
f 1927/4/1 1924/4/1 1923/4/1
f 1928/4/1 1924/4/1 1927/4/1
f 1929/3/1 1926/3/1 1925/3/1
f 1930/3/1 1926/3/1 1929/3/1
f 1931/3/1 1928/3/1 1927/3/1
f 1932/3/1 1928/3/1 1931/3/1
f 1933/2/1 1930/2/1 1929/2/1
f 1934/2/1 1930/2/1 1933/2/1
f 1935/2/1 1932/2/1 1931/2/1
f 1936/2/1 1932/2/1 1935/2/1
f 1941/3/1 1938/3/1 1937/3/1
f 1942/3/1 1938/3/1 1941/3/1
f 1943/3/1 1940/3/1 1939/3/1
f 1944/3/1 1940/3/1 1943/3/1
f 1945/4/1 1942/4/1 1941/4/1
f 1946/4/1 1942/4/1 1945/4/1
f 1947/4/1 1944/4/1 1943/4/1
f 1948/4/1 1944/4/1 1947/4/1
f 1949/3/1 1946/3/1 1945/3/1
f 1950/3/1 1946/3/1 1949/3/1
f 1951/3/1 1948/3/1 1947/3/1
f 1952/3/1 1948/3/1 1951/3/1
f 1953/2/1 1950/2/1 1949/2/1
f 1954/2/1 1950/2/1 1953/2/1
f 1955/2/1 1952/2/1 1951/2/1
f 1956/2/1 1952/2/1 1955/2/1
f 1961/3/1 1958/3/1 1957/3/1
f 1962/3/1 1958/3/1 1961/3/1
f 1963/3/1 1960/3/1 1959/3/1
f 1964/3/1 1960/3/1 1963/3/1
f 1965/4/1 1962/4/1 1961/4/1
f 1966/4/1 1962/4/1 1965/4/1
f 1967/4/1 1964/4/1 1963/4/1
f 1968/4/1 1964/4/1 1967/4/1
f 1969/3/1 1966/3/1 1965/3/1
f 1970/3/1 1966/3/1 1969/3/1
f 1971/3/1 1968/3/1 1967/3/1
f 1972/3/1 1968/3/1 1971/3/1
f 1973/2/1 1970/2/1 1969/2/1
f 1974/2/1 1970/2/1 1973/2/1
f 1975/2/1 1972/2/1 1971/2/1
f 1976/2/1 1972/2/1 1975/2/1
f 1981/3/1 1978/3/1 1977/3/1
f 1982/3/1 1978/3/1 1981/3/1
f 1983/3/1 1980/3/1 1979/3/1
f 1984/3/1 1980/3/1 1983/3/1
f 1985/4/1 1982/4/1 1981/4/1
f 1986/4/1 1982/4/1 1985/4/1
f 1987/4/1 1984/4/1 1983/4/1
f 1988/4/1 1984/4/1 1987/4/1
f 1989/3/1 1986/3/1 1985/3/1
f 1990/3/1 1986/3/1 1989/3/1
f 1991/3/1 1988/3/1 1987/3/1
f 1992/3/1 1988/3/1 1991/3/1
f 1993/2/1 1990/2/1 1989/2/1
f 1994/2/1 1990/2/1 1993/2/1
f 1995/2/1 1992/2/1 1991/2/1
f 1996/2/1 1992/2/1 1995/2/1
f 2003/3/1 1998/3/1 1997/3/1
f 2004/6/1 1999/6/1 1998/6/1
f 2004/3/1 1998/3/1 2003/3/1
f 2005/3/1 2002/3/1 2001/3/1
f 2005/6/1 2001/6/1 2000/6/1
f 2006/3/1 2002/3/1 2005/3/1
f 2007/4/1 2004/4/1 2003/4/1
f 2008/6/1 1999/6/1 2004/6/1
f 2008/4/1 2004/4/1 2007/4/1
f 2009/6/1 2005/6/1 2000/6/1
f 2009/4/1 2006/4/1 2005/4/1
f 2010/4/1 2006/4/1 2009/4/1
f 2011/3/1 2008/3/1 2007/3/1
f 2012/6/1 1999/6/1 2008/6/1
f 2012/3/1 2008/3/1 2011/3/1
f 2013/6/1 2009/6/1 2000/6/1
f 2013/3/1 2010/3/1 2009/3/1
f 2014/3/1 2010/3/1 2013/3/1
f 2015/2/1 2012/2/1 2011/2/1
f 2016/6/1 1999/6/1 2012/6/1
f 2016/2/1 2012/2/1 2015/2/1
f 2017/6/1 2013/6/1 2000/6/1
f 2017/2/1 2014/2/1 2013/2/1
f 2018/2/1 2014/2/1 2017/2/1
f 2019/5/1 2000/5/1 1999/5/1
f 2019/6/1 1999/6/1 2016/6/1
f 2020/5/1 2000/5/1 2019/5/1
f 2021/5/1 2000/5/1 2020/5/1
f 2022/6/1 2017/6/1 2000/6/1
f 2022/5/1 2000/5/1 2021/5/1
f 2023/6/1 2019/6/1 2016/6/1
f 2023/6/1 2020/6/1 2019/6/1
f 2024/6/1 2020/6/1 2023/6/1
f 2025/6/1 2017/6/1 2022/6/1
f 2025/6/1 2022/6/1 2021/6/1
f 2026/6/1 2017/6/1 2025/6/1
f 2027/5/1 2021/5/1 2020/5/1
f 2027/6/1 2020/6/1 2024/6/1
f 2028/6/1 2025/6/1 2021/6/1
f 2028/5/1 2021/5/1 2027/5/1
f 2029/6/1 2027/6/1 2024/6/1
f 2029/6/1 2028/6/1 2027/6/1
f 2030/6/1 2025/6/1 2028/6/1
f 2030/6/1 2028/6/1 2029/6/1
f 2035/6/1 2032/6/1 2031/6/1
f 2036/6/1 2032/6/1 2035/6/1
f 2037/6/1 2034/6/1 2033/6/1
f 2038/6/1 2034/6/1 2037/6/1
f 2039/6/2 2040/6/2 2043/6/2
f 2043/6/2 2040/6/2 2044/6/2
f 2041/6/2 2042/6/2 2045/6/2
f 2045/6/2 2042/6/2 2046/6/2
f 2047/3/2 2048/3/2 2053/3/2
f 2048/6/2 2049/6/2 2054/6/2
f 2053/3/2 2048/3/2 2054/3/2
f 2051/3/2 2052/3/2 2055/3/2
f 2050/6/2 2051/6/2 2055/6/2
f 2055/3/2 2052/3/2 2056/3/2
f 2053/4/2 2054/4/2 2057/4/2
f 2054/6/2 2049/6/2 2058/6/2
f 2057/4/2 2054/4/2 2058/4/2
f 2050/6/2 2055/6/2 2059/6/2
f 2055/4/2 2056/4/2 2059/4/2
f 2059/4/2 2056/4/2 2060/4/2
f 2057/3/2 2058/3/2 2061/3/2
f 2058/6/2 2049/6/2 2062/6/2
f 2061/3/2 2058/3/2 2062/3/2
f 2050/6/2 2059/6/2 2063/6/2
f 2059/3/2 2060/3/2 2063/3/2
f 2063/3/2 2060/3/2 2064/3/2
f 2061/2/2 2062/2/2 2065/2/2
f 2062/6/2 2049/6/2 2066/6/2
f 2065/2/2 2062/2/2 2066/2/2
f 2050/6/2 2063/6/2 2067/6/2
f 2063/2/2 2064/2/2 2067/2/2
f 2067/2/2 2064/2/2 2068/2/2
f 2049/5/2 2050/5/2 2069/5/2
f 2066/6/2 2049/6/2 2069/6/2
f 2069/5/2 2050/5/2 2070/5/2
f 2070/5/2 2050/5/2 2071/5/2
f 2050/6/2 2067/6/2 2072/6/2
f 2071/5/2 2050/5/2 2072/5/2
f 2066/6/2 2069/6/2 2073/6/2
f 2069/6/2 2070/6/2 2073/6/2
f 2073/6/2 2070/6/2 2074/6/2
f 2072/6/2 2067/6/2 2075/6/2
f 2071/6/2 2072/6/2 2075/6/2
f 2075/6/2 2067/6/2 2076/6/2
f 2070/5/2 2071/5/2 2077/5/2
f 2074/6/2 2070/6/2 2077/6/2
f 2071/6/2 2075/6/2 2078/6/2
f 2077/5/2 2071/5/2 2078/5/2
f 2074/6/2 2077/6/2 2079/6/2
f 2077/6/2 2078/6/2 2079/6/2
f 2078/6/2 2075/6/2 2080/6/2
f 2079/6/2 2078/6/2 2080/6/2
f 2081/3/2 2082/3/2 2085/3/2
f 2085/3/2 2082/3/2 2086/3/2
f 2083/3/2 2084/3/2 2087/3/2
f 2087/3/2 2084/3/2 2088/3/2
f 2085/4/2 2086/4/2 2089/4/2
f 2089/4/2 2086/4/2 2090/4/2
f 2087/4/2 2088/4/2 2091/4/2
f 2091/4/2 2088/4/2 2092/4/2
f 2089/3/2 2090/3/2 2093/3/2
f 2093/3/2 2090/3/2 2094/3/2
f 2091/3/2 2092/3/2 2095/3/2
f 2095/3/2 2092/3/2 2096/3/2
f 2093/2/2 2094/2/2 2097/2/2
f 2097/2/2 2094/2/2 2098/2/2
f 2095/2/2 2096/2/2 2099/2/2
f 2099/2/2 2096/2/2 2100/2/2
f 2101/3/2 2102/3/2 2105/3/2
f 2105/3/2 2102/3/2 2106/3/2
f 2103/3/2 2104/3/2 2107/3/2
f 2107/3/2 2104/3/2 2108/3/2
f 2105/4/2 2106/4/2 2109/4/2
f 2109/4/2 2106/4/2 2110/4/2
f 2107/4/2 2108/4/2 2111/4/2
f 2111/4/2 2108/4/2 2112/4/2
f 2109/3/2 2110/3/2 2113/3/2
f 2113/3/2 2110/3/2 2114/3/2
f 2111/3/2 2112/3/2 2115/3/2
f 2115/3/2 2112/3/2 2116/3/2
f 2113/2/2 2114/2/2 2117/2/2
f 2117/2/2 2114/2/2 2118/2/2
f 2115/2/2 2116/2/2 2119/2/2
f 2119/2/2 2116/2/2 2120/2/2
f 2121/3/2 2122/3/2 2125/3/2
f 2125/3/2 2122/3/2 2126/3/2
f 2123/3/2 2124/3/2 2127/3/2
f 2127/3/2 2124/3/2 2128/3/2
f 2125/4/2 2126/4/2 2129/4/2
f 2129/4/2 2126/4/2 2130/4/2
f 2127/4/2 2128/4/2 2131/4/2
f 2131/4/2 2128/4/2 2132/4/2
f 2129/3/2 2130/3/2 2133/3/2
f 2133/3/2 2130/3/2 2134/3/2
f 2131/3/2 2132/3/2 2135/3/2
f 2135/3/2 2132/3/2 2136/3/2
f 2133/2/2 2134/2/2 2137/2/2
f 2137/2/2 2134/2/2 2138/2/2
f 2135/2/2 2136/2/2 2139/2/2
f 2139/2/2 2136/2/2 2140/2/2
f 2141/3/2 2142/3/2 2145/3/2
f 2145/3/2 2142/3/2 2146/3/2
f 2143/3/2 2144/3/2 2147/3/2
f 2147/3/2 2144/3/2 2148/3/2
f 2145/4/2 2146/4/2 2149/4/2
f 2149/4/2 2146/4/2 2150/4/2
f 2147/4/2 2148/4/2 2151/4/2
f 2151/4/2 2148/4/2 2152/4/2
f 2149/3/2 2150/3/2 2153/3/2
f 2153/3/2 2150/3/2 2154/3/2
f 2151/3/2 2152/3/2 2155/3/2
f 2155/3/2 2152/3/2 2156/3/2
f 2153/2/2 2154/2/2 2157/2/2
f 2157/2/2 2154/2/2 2158/2/2
f 2155/2/2 2156/2/2 2159/2/2
f 2159/2/2 2156/2/2 2160/2/2
f 2161/3/2 2162/3/2 2165/3/2
f 2165/3/2 2162/3/2 2166/3/2
f 2163/3/2 2164/3/2 2167/3/2
f 2167/3/2 2164/3/2 2168/3/2
f 2165/4/2 2166/4/2 2169/4/2
f 2169/4/2 2166/4/2 2170/4/2
f 2167/4/2 2168/4/2 2171/4/2
f 2171/4/2 2168/4/2 2172/4/2
f 2169/3/2 2170/3/2 2173/3/2
f 2173/3/2 2170/3/2 2174/3/2
f 2171/3/2 2172/3/2 2175/3/2
f 2175/3/2 2172/3/2 2176/3/2
f 2173/2/2 2174/2/2 2177/2/2
f 2177/2/2 2174/2/2 2178/2/2
f 2175/2/2 2176/2/2 2179/2/2
f 2179/2/2 2176/2/2 2180/2/2
f 2181/3/2 2182/3/2 2185/3/2
f 2185/3/2 2182/3/2 2186/3/2
f 2183/3/2 2184/3/2 2187/3/2
f 2187/3/2 2184/3/2 2188/3/2
f 2185/4/2 2186/4/2 2189/4/2
f 2189/4/2 2186/4/2 2190/4/2
f 2187/4/2 2188/4/2 2191/4/2
f 2191/4/2 2188/4/2 2192/4/2
f 2189/3/2 2190/3/2 2193/3/2
f 2193/3/2 2190/3/2 2194/3/2
f 2191/3/2 2192/3/2 2195/3/2
f 2195/3/2 2192/3/2 2196/3/2
f 2193/2/2 2194/2/2 2197/2/2
f 2197/2/2 2194/2/2 2198/2/2
f 2195/2/2 2196/2/2 2199/2/2
f 2199/2/2 2196/2/2 2200/2/2
f 2201/3/2 2202/3/2 2205/3/2
f 2205/3/2 2202/3/2 2206/3/2
f 2203/3/2 2204/3/2 2207/3/2
f 2207/3/2 2204/3/2 2208/3/2
f 2205/4/2 2206/4/2 2209/4/2
f 2209/4/2 2206/4/2 2210/4/2
f 2207/4/2 2208/4/2 2211/4/2
f 2211/4/2 2208/4/2 2212/4/2
f 2209/3/2 2210/3/2 2213/3/2
f 2213/3/2 2210/3/2 2214/3/2
f 2211/3/2 2212/3/2 2215/3/2
f 2215/3/2 2212/3/2 2216/3/2
f 2213/2/2 2214/2/2 2217/2/2
f 2217/2/2 2214/2/2 2218/2/2
f 2215/2/2 2216/2/2 2219/2/2
f 2219/2/2 2216/2/2 2220/2/2
f 2221/3/2 2222/3/2 2225/3/2
f 2225/3/2 2222/3/2 2226/3/2
f 2223/3/2 2224/3/2 2227/3/2
f 2227/3/2 2224/3/2 2228/3/2
f 2225/4/2 2226/4/2 2229/4/2
f 2229/4/2 2226/4/2 2230/4/2
f 2227/4/2 2228/4/2 2231/4/2
f 2231/4/2 2228/4/2 2232/4/2
f 2229/3/2 2230/3/2 2233/3/2
f 2233/3/2 2230/3/2 2234/3/2
f 2231/3/2 2232/3/2 2235/3/2
f 2235/3/2 2232/3/2 2236/3/2
f 2233/2/2 2234/2/2 2237/2/2
f 2237/2/2 2234/2/2 2238/2/2
f 2235/2/2 2236/2/2 2239/2/2
f 2239/2/2 2236/2/2 2240/2/2
f 2241/3/2 2242/3/2 2245/3/2
f 2245/3/2 2242/3/2 2246/3/2
f 2243/3/2 2244/3/2 2247/3/2
f 2247/3/2 2244/3/2 2248/3/2
f 2245/4/2 2246/4/2 2249/4/2
f 2249/4/2 2246/4/2 2250/4/2
f 2247/4/2 2248/4/2 2251/4/2
f 2251/4/2 2248/4/2 2252/4/2
f 2249/3/2 2250/3/2 2253/3/2
f 2253/3/2 2250/3/2 2254/3/2
f 2251/3/2 2252/3/2 2255/3/2
f 2255/3/2 2252/3/2 2256/3/2
f 2253/2/2 2254/2/2 2257/2/2
f 2257/2/2 2254/2/2 2258/2/2
f 2255/2/2 2256/2/2 2259/2/2
f 2259/2/2 2256/2/2 2260/2/2
f 2261/3/2 2262/3/2 2265/3/2
f 2265/3/2 2262/3/2 2266/3/2
f 2263/3/2 2264/3/2 2267/3/2
f 2267/3/2 2264/3/2 2268/3/2
f 2265/4/2 2266/4/2 2269/4/2
f 2269/4/2 2266/4/2 2270/4/2
f 2267/4/2 2268/4/2 2271/4/2
f 2271/4/2 2268/4/2 2272/4/2
f 2269/3/2 2270/3/2 2273/3/2
f 2273/3/2 2270/3/2 2274/3/2
f 2271/3/2 2272/3/2 2275/3/2
f 2275/3/2 2272/3/2 2276/3/2
f 2273/2/2 2274/2/2 2277/2/2
f 2277/2/2 2274/2/2 2278/2/2
f 2275/2/2 2276/2/2 2279/2/2
f 2279/2/2 2276/2/2 2280/2/2
f 2281/6/2 2282/6/2 2289/6/2
f 2289/6/2 2282/6/2 2290/6/2
f 2283/6/2 2284/6/2 2291/6/2
f 2291/6/2 2284/6/2 2292/6/2
f 2293/6/2 2294/6/2 2297/6/2
f 2297/6/2 2294/6/2 2298/6/2
f 2295/6/2 2296/6/2 2299/6/2
f 2299/6/2 2296/6/2 2300/6/2
f 2285/6/2 2286/6/2 2301/6/2
f 2287/6/2 2288/6/2 2302/6/2
f 2301/6/2 2286/6/2 2303/6/2
f 2303/6/2 2286/6/2 2304/6/2
f 2287/6/2 2302/6/2 2305/6/2
f 2305/6/2 2302/6/2 2306/6/2
f 2307/6/2 2308/6/2 2315/6/2
f 2315/6/2 2308/6/2 2316/6/2
f 2309/6/2 2310/6/2 2317/6/2
f 2317/6/2 2310/6/2 2318/6/2
f 2319/6/2 2320/6/2 2323/6/2
f 2323/6/2 2320/6/2 2324/6/2
f 2321/6/2 2322/6/2 2325/6/2
f 2325/6/2 2322/6/2 2326/6/2
f 2311/5/2 2312/5/2 2327/5/2
f 2327/5/2 2312/5/2 2328/5/2
f 2313/5/2 2314/5/2 2329/5/2
f 2329/5/2 2314/5/2 2330/5/2
f 2331/6/2 2332/6/2 2335/6/2
f 2335/6/2 2332/6/2 2336/6/2
f 2333/6/2 2334/6/2 2337/6/2
f 2337/6/2 2334/6/2 2338/6/2
f 2327/6/2 2328/6/2 2339/6/2
f 2329/6/2 2330/6/2 2340/6/2
f 2339/6/2 2328/6/2 2341/6/2
f 2341/6/2 2328/6/2 2342/6/2
f 2329/6/2 2340/6/2 2343/6/2
f 2343/6/2 2340/6/2 2344/6/2
f 2345/6/2 2346/6/2 2349/6/2
f 2347/6/2 2348/6/2 2356/6/2
f 2349/6/2 2350/6/2 2357/6/2
f 2355/6/2 2356/6/2 2358/6/2
f 2345/6/2 2349/6/2 2359/6/2
f 2349/6/2 2357/6/2 2359/6/2
f 2359/6/2 2357/6/2 2360/6/2
f 2358/6/2 2356/6/2 2361/6/2
f 2356/6/2 2348/6/2 2362/6/2
f 2361/6/2 2356/6/2 2362/6/2
f 2363/6/2 2364/6/2 2367/6/2
f 2367/6/2 2364/6/2 2368/6/2
f 2365/6/2 2366/6/2 2369/6/2
f 2369/6/2 2366/6/2 2370/6/2
f 2351/5/2 2352/5/2 2371/5/2
f 2371/5/2 2352/5/2 2372/5/2
f 2353/5/2 2354/5/2 2373/5/2
f 2373/5/2 2354/5/2 2374/5/2
f 2371/6/2 2372/6/2 2375/6/2
f 2375/6/2 2372/6/2 2376/6/2
f 2373/6/2 2374/6/2 2377/6/2
f 2377/6/2 2374/6/2 2378/6/2
f 2383/6/2 2384/6/2 2387/6/2
f 2387/6/2 2384/6/2 2388/6/2
f 2385/6/2 2386/6/2 2389/6/2
f 2389/6/2 2386/6/2 2390/6/2
f 2379/5/2 2380/5/2 2391/5/2
f 2381/5/2 2382/5/2 2392/5/2
f 2393/6/2 2394/6/2 2397/6/2
f 2397/6/2 2394/6/2 2398/6/2
f 2391/5/2 2380/5/2 2399/5/2
f 2399/5/2 2380/5/2 2400/5/2
f 2381/5/2 2392/5/2 2401/5/2
f 2401/5/2 2392/5/2 2402/5/2
f 2395/6/2 2396/6/2 2403/6/2
f 2403/6/2 2396/6/2 2404/6/2
f 2399/6/2 2400/6/2 2405/6/2
f 2405/6/2 2400/6/2 2406/6/2
f 2401/6/2 2402/6/2 2407/6/2
f 2407/6/2 2402/6/2 2408/6/2
f 2409/5/2 2410/5/2 2417/5/2
f 2417/5/2 2410/5/2 2418/5/2
f 2411/5/2 2412/5/2 2419/5/2
f 2419/5/2 2412/5/2 2420/5/2
f 2413/6/2 2414/6/2 2421/6/2
f 2421/6/2 2414/6/2 2422/6/2
f 2417/6/2 2418/6/2 2423/6/2
f 2419/6/2 2420/6/2 2424/6/2
f 2415/6/2 2416/6/2 2425/6/2
f 2425/6/2 2416/6/2 2426/6/2
f 2422/6/2 2423/6/2 2427/6/2
f 2423/6/2 2418/6/2 2428/6/2
f 2427/6/2 2423/6/2 2428/6/2
f 2419/6/2 2424/6/2 2429/6/2
f 2424/6/2 2425/6/2 2429/6/2
f 2429/6/2 2425/6/2 2430/6/2
f 2431/6/2 2432/6/2 2435/6/2
f 2433/6/2 2434/6/2 2436/6/2
f 2435/6/2 2432/6/2 2437/6/2
f 2433/6/2 2436/6/2 2438/6/2
f 2437/6/2 2432/6/2 2439/6/2
f 2433/6/2 2438/6/2 2440/6/2
f 2439/6/2 2432/6/2 2441/6/2
f 2433/6/2 2440/6/2 2442/6/2
f 2441/6/2 2432/6/2 2443/6/2
f 2443/6/2 2432/6/2 2444/6/2
f 2433/6/2 2442/6/2 2445/6/2
f 2445/6/2 2442/6/2 2446/6/2
f 2447/3/2 2448/3/2 2451/3/2
f 2451/3/2 2448/3/2 2452/3/2
f 2449/3/2 2450/3/2 2453/3/2
f 2453/3/2 2450/3/2 2454/3/2
f 2451/4/2 2452/4/2 2455/4/2
f 2455/4/2 2452/4/2 2456/4/2
f 2453/4/2 2454/4/2 2457/4/2
f 2457/4/2 2454/4/2 2458/4/2
f 2455/3/2 2456/3/2 2459/3/2
f 2459/3/2 2456/3/2 2460/3/2
f 2457/3/2 2458/3/2 2461/3/2
f 2461/3/2 2458/3/2 2462/3/2
f 2459/2/2 2460/2/2 2463/2/2
f 2463/2/2 2460/2/2 2464/2/2
f 2461/2/2 2462/2/2 2465/2/2
f 2465/2/2 2462/2/2 2466/2/2
f 2467/3/2 2468/3/2 2471/3/2
f 2471/3/2 2468/3/2 2472/3/2
f 2469/3/2 2470/3/2 2473/3/2
f 2473/3/2 2470/3/2 2474/3/2
f 2471/4/2 2472/4/2 2475/4/2
f 2475/4/2 2472/4/2 2476/4/2
f 2473/4/2 2474/4/2 2477/4/2
f 2477/4/2 2474/4/2 2478/4/2
f 2475/3/2 2476/3/2 2479/3/2
f 2479/3/2 2476/3/2 2480/3/2
f 2477/3/2 2478/3/2 2481/3/2
f 2481/3/2 2478/3/2 2482/3/2
f 2479/2/2 2480/2/2 2483/2/2
f 2483/2/2 2480/2/2 2484/2/2
f 2481/2/2 2482/2/2 2485/2/2
f 2485/2/2 2482/2/2 2486/2/2
f 2487/3/2 2488/3/2 2491/3/2
f 2491/3/2 2488/3/2 2492/3/2
f 2489/3/2 2490/3/2 2493/3/2
f 2493/3/2 2490/3/2 2494/3/2
f 2491/4/2 2492/4/2 2495/4/2
f 2495/4/2 2492/4/2 2496/4/2
f 2493/4/2 2494/4/2 2497/4/2
f 2497/4/2 2494/4/2 2498/4/2
f 2495/3/2 2496/3/2 2499/3/2
f 2499/3/2 2496/3/2 2500/3/2
f 2497/3/2 2498/3/2 2501/3/2
f 2501/3/2 2498/3/2 2502/3/2
f 2499/2/2 2500/2/2 2503/2/2
f 2503/2/2 2500/2/2 2504/2/2
f 2501/2/2 2502/2/2 2505/2/2
f 2505/2/2 2502/2/2 2506/2/2
f 2507/3/2 2508/3/2 2511/3/2
f 2511/3/2 2508/3/2 2512/3/2
f 2509/3/2 2510/3/2 2513/3/2
f 2513/3/2 2510/3/2 2514/3/2
f 2511/4/2 2512/4/2 2515/4/2
f 2515/4/2 2512/4/2 2516/4/2
f 2513/4/2 2514/4/2 2517/4/2
f 2517/4/2 2514/4/2 2518/4/2
f 2515/3/2 2516/3/2 2519/3/2
f 2519/3/2 2516/3/2 2520/3/2
f 2517/3/2 2518/3/2 2521/3/2
f 2521/3/2 2518/3/2 2522/3/2
f 2519/2/2 2520/2/2 2523/2/2
f 2523/2/2 2520/2/2 2524/2/2
f 2521/2/2 2522/2/2 2525/2/2
f 2525/2/2 2522/2/2 2526/2/2
f 2527/3/2 2528/3/2 2531/3/2
f 2531/3/2 2528/3/2 2532/3/2
f 2529/3/2 2530/3/2 2533/3/2
f 2533/3/2 2530/3/2 2534/3/2
f 2531/4/2 2532/4/2 2535/4/2
f 2535/4/2 2532/4/2 2536/4/2
f 2533/4/2 2534/4/2 2537/4/2
f 2537/4/2 2534/4/2 2538/4/2
f 2535/3/2 2536/3/2 2539/3/2
f 2539/3/2 2536/3/2 2540/3/2
f 2537/3/2 2538/3/2 2541/3/2
f 2541/3/2 2538/3/2 2542/3/2
f 2539/2/2 2540/2/2 2543/2/2
f 2543/2/2 2540/2/2 2544/2/2
f 2541/2/2 2542/2/2 2545/2/2
f 2545/2/2 2542/2/2 2546/2/2
f 2547/3/2 2548/3/2 2551/3/2
f 2551/3/2 2548/3/2 2552/3/2
f 2549/3/2 2550/3/2 2553/3/2
f 2553/3/2 2550/3/2 2554/3/2
f 2551/4/2 2552/4/2 2555/4/2
f 2555/4/2 2552/4/2 2556/4/2
f 2553/4/2 2554/4/2 2557/4/2
f 2557/4/2 2554/4/2 2558/4/2
f 2555/3/2 2556/3/2 2559/3/2
f 2559/3/2 2556/3/2 2560/3/2
f 2557/3/2 2558/3/2 2561/3/2
f 2561/3/2 2558/3/2 2562/3/2
f 2559/2/2 2560/2/2 2563/2/2
f 2563/2/2 2560/2/2 2564/2/2
f 2561/2/2 2562/2/2 2565/2/2
f 2565/2/2 2562/2/2 2566/2/2
f 2567/3/2 2568/3/2 2571/3/2
f 2571/3/2 2568/3/2 2572/3/2
f 2569/3/2 2570/3/2 2573/3/2
f 2573/3/2 2570/3/2 2574/3/2
f 2571/4/2 2572/4/2 2575/4/2
f 2575/4/2 2572/4/2 2576/4/2
f 2573/4/2 2574/4/2 2577/4/2
f 2577/4/2 2574/4/2 2578/4/2
f 2575/3/2 2576/3/2 2579/3/2
f 2579/3/2 2576/3/2 2580/3/2
f 2577/3/2 2578/3/2 2581/3/2
f 2581/3/2 2578/3/2 2582/3/2
f 2579/2/2 2580/2/2 2583/2/2
f 2583/2/2 2580/2/2 2584/2/2
f 2581/2/2 2582/2/2 2585/2/2
f 2585/2/2 2582/2/2 2586/2/2
f 2587/3/2 2588/3/2 2591/3/2
f 2591/3/2 2588/3/2 2592/3/2
f 2589/3/2 2590/3/2 2593/3/2
f 2593/3/2 2590/3/2 2594/3/2
f 2591/4/2 2592/4/2 2595/4/2
f 2595/4/2 2592/4/2 2596/4/2
f 2593/4/2 2594/4/2 2597/4/2
f 2597/4/2 2594/4/2 2598/4/2
f 2595/3/2 2596/3/2 2599/3/2
f 2599/3/2 2596/3/2 2600/3/2
f 2597/3/2 2598/3/2 2601/3/2
f 2601/3/2 2598/3/2 2602/3/2
f 2599/2/2 2600/2/2 2603/2/2
f 2603/2/2 2600/2/2 2604/2/2
f 2601/2/2 2602/2/2 2605/2/2
f 2605/2/2 2602/2/2 2606/2/2
f 2607/3/2 2608/3/2 2611/3/2
f 2611/3/2 2608/3/2 2612/3/2
f 2609/3/2 2610/3/2 2613/3/2
f 2613/3/2 2610/3/2 2614/3/2
f 2611/4/2 2612/4/2 2615/4/2
f 2615/4/2 2612/4/2 2616/4/2
f 2613/4/2 2614/4/2 2617/4/2
f 2617/4/2 2614/4/2 2618/4/2
f 2615/3/2 2616/3/2 2619/3/2
f 2619/3/2 2616/3/2 2620/3/2
f 2617/3/2 2618/3/2 2621/3/2
f 2621/3/2 2618/3/2 2622/3/2
f 2619/2/2 2620/2/2 2623/2/2
f 2623/2/2 2620/2/2 2624/2/2
f 2621/2/2 2622/2/2 2625/2/2
f 2625/2/2 2622/2/2 2626/2/2
f 2627/3/2 2628/3/2 2631/3/2
f 2631/3/2 2628/3/2 2632/3/2
f 2629/3/2 2630/3/2 2633/3/2
f 2633/3/2 2630/3/2 2634/3/2
f 2631/4/2 2632/4/2 2635/4/2
f 2635/4/2 2632/4/2 2636/4/2
f 2633/4/2 2634/4/2 2637/4/2
f 2637/4/2 2634/4/2 2638/4/2
f 2635/3/2 2636/3/2 2639/3/2
f 2639/3/2 2636/3/2 2640/3/2
f 2637/3/2 2638/3/2 2641/3/2
f 2641/3/2 2638/3/2 2642/3/2
f 2639/2/2 2640/2/2 2643/2/2
f 2643/2/2 2640/2/2 2644/2/2
f 2641/2/2 2642/2/2 2645/2/2
f 2645/2/2 2642/2/2 2646/2/2
f 2647/6/2 2648/6/2 2651/6/2
f 2651/6/2 2648/6/2 2652/6/2
f 2649/6/2 2650/6/2 2653/6/2
f 2653/6/2 2650/6/2 2654/6/2
f 2655/6/2 2656/6/2 2659/6/2
f 2659/6/2 2656/6/2 2660/6/2
f 2657/6/2 2658/6/2 2661/6/2
f 2661/6/2 2658/6/2 2662/6/2
f 2663/6/2 2664/6/2 2667/6/2
f 2667/6/2 2664/6/2 2668/6/2
f 2665/6/2 2666/6/2 2669/6/2
f 2669/6/2 2666/6/2 2670/6/2
f 2671/6/2 2672/6/2 2675/6/2
f 2675/6/2 2672/6/2 2676/6/2
f 2673/6/2 2674/6/2 2677/6/2
f 2677/6/2 2674/6/2 2678/6/2
f 2679/6/2 2680/6/2 2683/6/2
f 2683/6/2 2680/6/2 2684/6/2
f 2681/6/2 2682/6/2 2685/6/2
f 2685/6/2 2682/6/2 2686/6/2
f 2687/6/2 2688/6/2 2691/6/2
f 2691/6/2 2688/6/2 2692/6/2
f 2689/6/2 2690/6/2 2693/6/2
f 2693/6/2 2690/6/2 2694/6/2
f 2695/6/2 2696/6/2 2699/6/2
f 2699/6/2 2696/6/2 2700/6/2
f 2697/6/2 2698/6/2 2703/6/2
f 2703/6/2 2698/6/2 2704/6/2
f 2700/6/2 2701/6/2 2705/6/2
f 2705/6/2 2701/6/2 2706/6/2
f 2702/6/2 2703/6/2 2709/6/2
f 2709/6/2 2703/6/2 2710/6/2
f 2706/6/2 2707/6/2 2711/6/2
f 2708/6/2 2709/6/2 2714/6/2
f 2711/6/2 2712/6/2 2715/6/2
f 2706/6/2 2711/6/2 2715/6/2
f 2715/6/2 2712/6/2 2716/6/2
f 2716/6/2 2712/6/2 2717/6/2
f 2713/6/2 2714/6/2 2720/6/2
f 2714/6/2 2709/6/2 2721/6/2
f 2720/6/2 2714/6/2 2721/6/2
f 2721/6/2 2709/6/2 2722/6/2
f 2717/6/2 2718/6/2 2723/6/2
f 2716/6/2 2717/6/2 2723/6/2
f 2723/6/2 2718/6/2 2724/6/2
f 2719/6/2 2720/6/2 2725/6/2
f 2720/6/2 2721/6/2 2725/6/2
f 2725/6/2 2721/6/2 2726/6/2
f 2724/6/2 2718/6/2 2727/6/2
f 2727/6/2 2718/6/2 2728/6/2
f 2719/6/2 2725/6/2 2729/6/2
f 2729/6/2 2725/6/2 2730/6/2
f 2731/6/2 2732/6/2 2739/6/2
f 2739/6/2 2732/6/2 2740/6/2
f 2737/6/2 2738/6/2 2741/6/2
f 2741/6/2 2738/6/2 2742/6/2
f 2733/6/2 2734/6/2 2743/6/2
f 2735/6/2 2736/6/2 2744/6/2
f 2745/6/2 2746/6/2 2749/6/2
f 2749/6/2 2746/6/2 2750/6/2
f 2747/6/2 2748/6/2 2751/6/2
f 2751/6/2 2748/6/2 2752/6/2
f 2750/6/2 2746/6/2 2753/6/2
f 2733/6/2 2743/6/2 2755/6/2
f 2744/6/2 2736/6/2 2756/6/2
f 2747/6/2 2751/6/2 2758/6/2
f 2753/6/2 2754/6/2 2759/6/2
f 2750/6/2 2753/6/2 2759/6/2
f 2759/6/2 2754/6/2 2760/6/2
f 2757/6/2 2758/6/2 2761/6/2
f 2758/6/2 2751/6/2 2761/6/2
f 2761/6/2 2751/6/2 2762/6/2
f 2760/6/2 2754/6/2 2763/6/2
f 2733/6/2 2755/6/2 2764/6/2
f 2764/6/2 2755/6/2 2765/6/2
f 2756/6/2 2736/6/2 2766/6/2
f 2766/6/2 2736/6/2 2767/6/2
f 2757/6/2 2761/6/2 2768/6/2
f 2760/6/2 2763/6/2 2769/6/2
f 2763/6/2 2764/6/2 2769/6/2
f 2769/6/2 2764/6/2 2770/6/2
f 2767/6/2 2768/6/2 2771/6/2
f 2768/6/2 2761/6/2 2771/6/2
f 2771/6/2 2761/6/2 2772/6/2
f 2770/6/2 2764/6/2 2773/6/2
f 2767/6/2 2771/6/2 2776/6/2
f 2773/6/2 2774/6/2 2777/6/2
f 2770/6/2 2773/6/2 2777/6/2
f 2777/6/2 2774/6/2 2778/6/2
f 2775/6/2 2776/6/2 2779/6/2
f 2776/6/2 2771/6/2 2779/6/2
f 2779/6/2 2771/6/2 2780/6/2
f 2778/6/2 2774/6/2 2781/6/2
f 2781/6/2 2774/6/2 2782/6/2
f 2775/6/2 2779/6/2 2783/6/2
f 2783/6/2 2779/6/2 2784/6/2
f 2782/6/2 2774/6/2 2785/6/2
f 2785/6/2 2774/6/2 2786/6/2
f 2775/6/2 2783/6/2 2787/6/2
f 2787/6/2 2783/6/2 2788/6/2
f 2786/6/2 2774/6/2 2789/6/2
f 2789/6/2 2774/6/2 2790/6/2
f 2775/6/2 2787/6/2 2791/6/2
f 2791/6/2 2787/6/2 2792/6/2
f 2790/6/2 2774/6/2 2793/6/2
f 2793/6/2 2774/6/2 2794/6/2
f 2775/6/2 2791/6/2 2795/6/2
f 2795/6/2 2791/6/2 2796/6/2
f 2797/6/2 2798/6/2 2801/6/2
f 2801/6/2 2798/6/2 2802/6/2
f 2802/6/2 2798/6/2 2803/6/2
f 2799/6/2 2800/6/2 2804/6/2
f 2804/6/2 2800/6/2 2805/6/2
f 2805/6/2 2800/6/2 2806/6/2
f 2802/6/2 2803/6/2 2807/6/2
f 2807/6/2 2803/6/2 2808/6/2
f 2804/6/2 2805/6/2 2809/6/2
f 2809/6/2 2805/6/2 2810/6/2
f 2808/6/2 2803/6/2 2811/6/2
f 2811/6/2 2803/6/2 2812/6/2
f 2804/6/2 2809/6/2 2813/6/2
f 2813/6/2 2809/6/2 2814/6/2
f 2812/6/2 2803/6/2 2815/6/2
f 2815/6/2 2803/6/2 2816/6/2
f 2804/6/2 2813/6/2 2817/6/2
f 2817/6/2 2813/6/2 2818/6/2
f 2819/3/2 2820/3/2 2823/3/2
f 2823/3/2 2820/3/2 2824/3/2
f 2821/3/2 2822/3/2 2825/3/2
f 2825/3/2 2822/3/2 2826/3/2
f 2823/4/2 2824/4/2 2827/4/2
f 2827/4/2 2824/4/2 2828/4/2
f 2825/4/2 2826/4/2 2829/4/2
f 2829/4/2 2826/4/2 2830/4/2
f 2827/3/2 2828/3/2 2831/3/2
f 2831/3/2 2828/3/2 2832/3/2
f 2829/3/2 2830/3/2 2833/3/2
f 2833/3/2 2830/3/2 2834/3/2
f 2835/2/2 2836/2/2 2839/2/2
f 2839/2/2 2836/2/2 2840/2/2
f 2837/2/2 2838/2/2 2841/2/2
f 2841/2/2 2838/2/2 2842/2/2
f 2843/2/2 2844/2/2 2847/2/2
f 2847/2/2 2844/2/2 2848/2/2
f 2845/2/2 2846/2/2 2849/2/2
f 2849/2/2 2846/2/2 2850/2/2
f 2851/3/2 2852/3/2 2855/3/2
f 2855/3/2 2852/3/2 2856/3/2
f 2853/3/2 2854/3/2 2857/3/2
f 2857/3/2 2854/3/2 2858/3/2
f 2855/4/2 2856/4/2 2859/4/2
f 2859/4/2 2856/4/2 2860/4/2
f 2857/4/2 2858/4/2 2861/4/2
f 2861/4/2 2858/4/2 2862/4/2
f 2859/3/2 2860/3/2 2863/3/2
f 2863/3/2 2860/3/2 2864/3/2
f 2861/3/2 2862/3/2 2865/3/2
f 2865/3/2 2862/3/2 2866/3/2
f 2867/2/2 2868/2/2 2871/2/2
f 2871/2/2 2868/2/2 2872/2/2
f 2869/2/2 2870/2/2 2873/2/2
f 2873/2/2 2870/2/2 2874/2/2
f 2875/2/2 2876/2/2 2879/2/2
f 2879/2/2 2876/2/2 2880/2/2
f 2877/2/2 2878/2/2 2881/2/2
f 2881/2/2 2878/2/2 2882/2/2
f 2883/2/2 2884/2/2 2887/2/2
f 2887/2/2 2884/2/2 2888/2/2
f 2885/2/2 2886/2/2 2891/2/2
f 2891/2/2 2886/2/2 2892/2/2
f 2888/3/2 2889/3/2 2893/3/2
f 2893/3/2 2889/3/2 2894/3/2
f 2890/3/2 2891/3/2 2895/3/2
f 2895/3/2 2891/3/2 2896/3/2
f 2893/4/2 2894/4/2 2897/4/2
f 2897/4/2 2894/4/2 2898/4/2
f 2895/4/2 2896/4/2 2899/4/2
f 2899/4/2 2896/4/2 2900/4/2
f 2897/3/2 2898/3/2 2902/3/2
f 2902/3/2 2898/3/2 2903/3/2
f 2899/3/2 2900/3/2 2904/3/2
f 2904/3/2 2900/3/2 2905/3/2
f 2901/2/2 2902/2/2 2907/2/2
f 2907/2/2 2902/2/2 2908/2/2
f 2905/2/2 2906/2/2 2909/2/2
f 2909/2/2 2906/2/2 2910/2/2
f 2911/2/2 2912/2/2 2915/2/2
f 2915/2/2 2912/2/2 2916/2/2
f 2913/2/2 2914/2/2 2919/2/2
f 2919/2/2 2914/2/2 2920/2/2
f 2916/3/2 2917/3/2 2921/3/2
f 2921/3/2 2917/3/2 2922/3/2
f 2918/3/2 2919/3/2 2923/3/2
f 2923/3/2 2919/3/2 2924/3/2
f 2921/4/2 2922/4/2 2925/4/2
f 2925/4/2 2922/4/2 2926/4/2
f 2923/4/2 2924/4/2 2927/4/2
f 2927/4/2 2924/4/2 2928/4/2
f 2925/3/2 2926/3/2 2930/3/2
f 2930/3/2 2926/3/2 2931/3/2
f 2927/3/2 2928/3/2 2932/3/2
f 2932/3/2 2928/3/2 2933/3/2
f 2929/2/2 2930/2/2 2935/2/2
f 2935/2/2 2930/2/2 2936/2/2
f 2933/2/2 2934/2/2 2937/2/2
f 2937/2/2 2934/2/2 2938/2/2
f 2939/2/2 2940/2/2 2943/2/2
f 2943/2/2 2940/2/2 2944/2/2
f 2941/2/2 2942/2/2 2947/2/2
f 2947/2/2 2942/2/2 2948/2/2
f 2944/3/2 2945/3/2 2949/3/2
f 2949/3/2 2945/3/2 2950/3/2
f 2946/3/2 2947/3/2 2951/3/2
f 2951/3/2 2947/3/2 2952/3/2
f 2949/4/2 2950/4/2 2953/4/2
f 2953/4/2 2950/4/2 2954/4/2
f 2951/4/2 2952/4/2 2955/4/2
f 2955/4/2 2952/4/2 2956/4/2
f 2953/3/2 2954/3/2 2958/3/2
f 2958/3/2 2954/3/2 2959/3/2
f 2955/3/2 2956/3/2 2960/3/2
f 2960/3/2 2956/3/2 2961/3/2
f 2957/2/2 2958/2/2 2963/2/2
f 2963/2/2 2958/2/2 2964/2/2
f 2961/2/2 2962/2/2 2965/2/2
f 2965/2/2 2962/2/2 2966/2/2
f 2967/2/2 2968/2/2 2971/2/2
f 2971/2/2 2968/2/2 2972/2/2
f 2969/2/2 2970/2/2 2975/2/2
f 2975/2/2 2970/2/2 2976/2/2
f 2972/3/2 2973/3/2 2977/3/2
f 2977/3/2 2973/3/2 2978/3/2
f 2974/3/2 2975/3/2 2979/3/2
f 2979/3/2 2975/3/2 2980/3/2
f 2977/4/2 2978/4/2 2981/4/2
f 2981/4/2 2978/4/2 2982/4/2
f 2979/4/2 2980/4/2 2983/4/2
f 2983/4/2 2980/4/2 2984/4/2
f 2981/3/2 2982/3/2 2986/3/2
f 2986/3/2 2982/3/2 2987/3/2
f 2983/3/2 2984/3/2 2988/3/2
f 2988/3/2 2984/3/2 2989/3/2
f 2985/2/2 2986/2/2 2991/2/2
f 2991/2/2 2986/2/2 2992/2/2
f 2989/2/2 2990/2/2 2993/2/2
f 2993/2/2 2990/2/2 2994/2/2
f 2995/2/2 2996/2/2 2999/2/2
f 2999/2/2 2996/2/2 3000/2/2
f 2997/2/2 2998/2/2 3003/2/2
f 3003/2/2 2998/2/2 3004/2/2
f 3000/3/2 3001/3/2 3005/3/2
f 3005/3/2 3001/3/2 3006/3/2
f 3002/3/2 3003/3/2 3007/3/2
f 3007/3/2 3003/3/2 3008/3/2
f 3005/4/2 3006/4/2 3009/4/2
f 3009/4/2 3006/4/2 3010/4/2
f 3007/4/2 3008/4/2 3011/4/2
f 3011/4/2 3008/4/2 3012/4/2
f 3009/3/2 3010/3/2 3014/3/2
f 3014/3/2 3010/3/2 3015/3/2
f 3011/3/2 3012/3/2 3016/3/2
f 3016/3/2 3012/3/2 3017/3/2
f 3013/2/2 3014/2/2 3019/2/2
f 3019/2/2 3014/2/2 3020/2/2
f 3017/2/2 3018/2/2 3021/2/2
f 3021/2/2 3018/2/2 3022/2/2
f 3023/3/2 3024/3/2 3027/3/2
f 3027/3/2 3024/3/2 3028/3/2
f 3025/3/2 3026/3/2 3029/3/2
f 3029/3/2 3026/3/2 3030/3/2
f 3027/4/2 3028/4/2 3031/4/2
f 3031/4/2 3028/4/2 3032/4/2
f 3029/4/2 3030/4/2 3033/4/2
f 3033/4/2 3030/4/2 3034/4/2
f 3031/3/2 3032/3/2 3035/3/2
f 3035/3/2 3032/3/2 3036/3/2
f 3033/3/2 3034/3/2 3037/3/2
f 3037/3/2 3034/3/2 3038/3/2
f 3039/2/2 3040/2/2 3043/2/2
f 3043/2/2 3040/2/2 3044/2/2
f 3041/2/2 3042/2/2 3045/2/2
f 3045/2/2 3042/2/2 3046/2/2
f 3047/2/2 3048/2/2 3051/2/2
f 3051/2/2 3048/2/2 3052/2/2
f 3049/2/2 3050/2/2 3053/2/2
f 3053/2/2 3050/2/2 3054/2/2
f 3055/2/2 3056/2/2 3059/2/2
f 3059/2/2 3056/2/2 3060/2/2
f 3057/2/2 3058/2/2 3063/2/2
f 3063/2/2 3058/2/2 3064/2/2
f 3060/3/2 3061/3/2 3065/3/2
f 3065/3/2 3061/3/2 3066/3/2
f 3062/3/2 3063/3/2 3067/3/2
f 3067/3/2 3063/3/2 3068/3/2
f 3065/4/2 3066/4/2 3069/4/2
f 3069/4/2 3066/4/2 3070/4/2
f 3067/4/2 3068/4/2 3071/4/2
f 3071/4/2 3068/4/2 3072/4/2
f 3069/3/2 3070/3/2 3074/3/2
f 3074/3/2 3070/3/2 3075/3/2
f 3071/3/2 3072/3/2 3076/3/2
f 3076/3/2 3072/3/2 3077/3/2
f 3073/2/2 3074/2/2 3079/2/2
f 3079/2/2 3074/2/2 3080/2/2
f 3077/2/2 3078/2/2 3081/2/2
f 3081/2/2 3078/2/2 3082/2/2
f 3083/3/2 3084/3/2 3087/3/2
f 3087/3/2 3084/3/2 3088/3/2
f 3085/3/2 3086/3/2 3089/3/2
f 3089/3/2 3086/3/2 3090/3/2
f 3087/4/2 3088/4/2 3091/4/2
f 3091/4/2 3088/4/2 3092/4/2
f 3089/4/2 3090/4/2 3093/4/2
f 3093/4/2 3090/4/2 3094/4/2
f 3091/3/2 3092/3/2 3095/3/2
f 3095/3/2 3092/3/2 3096/3/2
f 3093/3/2 3094/3/2 3097/3/2
f 3097/3/2 3094/3/2 3098/3/2
f 3099/2/2 3100/2/2 3103/2/2
f 3103/2/2 3100/2/2 3104/2/2
f 3101/2/2 3102/2/2 3105/2/2
f 3105/2/2 3102/2/2 3106/2/2
f 3107/2/2 3108/2/2 3111/2/2
f 3111/2/2 3108/2/2 3112/2/2
f 3109/2/2 3110/2/2 3113/2/2
f 3113/2/2 3110/2/2 3114/2/2
f 3115/2/2 3116/2/2 3119/2/2
f 3119/2/2 3116/2/2 3120/2/2
f 3117/2/2 3118/2/2 3123/2/2
f 3123/2/2 3118/2/2 3124/2/2
f 3120/3/2 3121/3/2 3125/3/2
f 3125/3/2 3121/3/2 3126/3/2
f 3122/3/2 3123/3/2 3127/3/2
f 3127/3/2 3123/3/2 3128/3/2
f 3125/4/2 3126/4/2 3129/4/2
f 3129/4/2 3126/4/2 3130/4/2
f 3127/4/2 3128/4/2 3131/4/2
f 3131/4/2 3128/4/2 3132/4/2
f 3129/3/2 3130/3/2 3134/3/2
f 3134/3/2 3130/3/2 3135/3/2
f 3131/3/2 3132/3/2 3136/3/2
f 3136/3/2 3132/3/2 3137/3/2
f 3133/2/2 3134/2/2 3139/2/2
f 3139/2/2 3134/2/2 3140/2/2
f 3137/2/2 3138/2/2 3141/2/2
f 3141/2/2 3138/2/2 3142/2/2
f 3143/2/2 3144/2/2 3147/2/2
f 3145/2/2 3146/2/2 3148/2/2
f 3143/2/2 3147/2/2 3149/2/2
f 3149/2/2 3147/2/2 3150/2/2
f 3148/2/2 3146/2/2 3151/2/2
f 3151/2/2 3146/2/2 3152/2/2
f 3153/6/2 3154/6/2 3157/6/2
f 3157/6/2 3154/6/2 3158/6/2
f 3155/6/2 3156/6/2 3159/6/2
f 3159/6/2 3156/6/2 3160/6/2
f 3161/6/2 3162/6/2 3165/6/2
f 3165/6/2 3162/6/2 3166/6/2
f 3163/6/2 3164/6/2 3167/6/2
f 3167/6/2 3164/6/2 3168/6/2
f 3169/2/2 3170/2/2 3173/2/2
f 3173/2/2 3170/2/2 3174/2/2
f 3171/2/2 3172/2/2 3175/2/2
f 3175/2/2 3172/2/2 3176/2/2
f 3177/6/2 3178/6/2 3181/6/2
f 3181/6/2 3178/6/2 3182/6/2
f 3179/6/2 3180/6/2 3183/6/2
f 3183/6/2 3180/6/2 3184/6/2
f 3185/6/2 3186/6/2 3189/6/2
f 3189/6/2 3186/6/2 3190/6/2
f 3187/6/2 3188/6/2 3191/6/2
f 3191/6/2 3188/6/2 3192/6/2
f 3193/6/2 3194/6/2 3197/6/2
f 3197/6/2 3194/6/2 3198/6/2
f 3195/6/2 3196/6/2 3199/6/2
f 3199/6/2 3196/6/2 3200/6/2
f 3201/6/2 3202/6/2 3205/6/2
f 3205/6/2 3202/6/2 3206/6/2
f 3203/6/2 3204/6/2 3207/6/2
f 3207/6/2 3204/6/2 3208/6/2
f 3209/6/2 3210/6/2 3213/6/2
f 3213/6/2 3210/6/2 3214/6/2
f 3211/6/2 3212/6/2 3219/6/2
f 3219/6/2 3212/6/2 3220/6/2
f 3215/6/2 3216/6/2 3221/6/2
f 3221/6/2 3216/6/2 3222/6/2
f 3217/6/2 3218/6/2 3223/6/2
f 3223/6/2 3218/6/2 3224/6/2
f 3225/6/2 3226/6/2 3229/6/2
f 3229/6/2 3226/6/2 3230/6/2
f 3227/6/2 3228/6/2 3235/6/2
f 3235/6/2 3228/6/2 3236/6/2
f 3231/6/2 3232/6/2 3237/6/2
f 3237/6/2 3232/6/2 3238/6/2
f 3233/6/2 3234/6/2 3239/6/2
f 3239/6/2 3234/6/2 3240/6/2
f 3241/6/2 3242/6/2 3245/6/2
f 3245/6/2 3242/6/2 3246/6/2
f 3243/6/2 3244/6/2 3249/6/2
f 3249/6/2 3244/6/2 3250/6/2
f 3246/6/2 3247/6/2 3251/6/2
f 3251/6/2 3247/6/2 3252/6/2
f 3248/6/2 3249/6/2 3257/6/2
f 3257/6/2 3249/6/2 3258/6/2
f 3253/6/2 3254/6/2 3263/6/2
f 3263/6/2 3254/6/2 3264/6/2
f 3255/6/2 3256/6/2 3267/6/2
f 3267/6/2 3256/6/2 3268/6/2
f 3259/6/2 3260/6/2 3272/6/2
f 3272/6/2 3260/6/2 3273/6/2
f 3261/6/2 3262/6/2 3274/6/2
f 3274/6/2 3262/6/2 3275/6/2
f 3264/6/2 3265/6/2 3279/6/2
f 3279/6/2 3265/6/2 3280/6/2
f 3269/6/2 3270/6/2 3281/6/2
f 3277/6/2 3278/6/2 3282/6/2
f 3266/6/2 3267/6/2 3283/6/2
f 3283/6/2 3267/6/2 3284/6/2
f 3281/6/2 3270/6/2 3285/6/2
f 3271/6/2 3272/6/2 3286/6/2
f 3275/6/2 3276/6/2 3287/6/2
f 3277/6/2 3282/6/2 3288/6/2
f 3285/6/2 3286/6/2 3289/6/2
f 3281/6/2 3285/6/2 3289/6/2
f 3286/6/2 3272/6/2 3290/6/2
f 3289/6/2 3286/6/2 3290/6/2
f 3287/6/2 3288/6/2 3291/6/2
f 3275/6/2 3287/6/2 3291/6/2
f 3288/6/2 3282/6/2 3292/6/2
f 3291/6/2 3288/6/2 3292/6/2
f 3293/6/2 3294/6/2 3297/6/2
f 3297/6/2 3294/6/2 3298/6/2
f 3295/6/2 3296/6/2 3299/6/2
f 3299/6/2 3296/6/2 3300/6/2
f 3301/6/2 3302/6/2 3305/6/2
f 3305/6/2 3302/6/2 3306/6/2
f 3303/6/2 3304/6/2 3311/6/2
f 3311/6/2 3304/6/2 3312/6/2
f 3307/6/2 3308/6/2 3313/6/2
f 3313/6/2 3308/6/2 3314/6/2
f 3309/6/2 3310/6/2 3317/6/2
f 3317/6/2 3310/6/2 3318/6/2
f 3314/6/2 3315/6/2 3319/6/2
f 3319/6/2 3315/6/2 3320/6/2
f 3316/6/2 3317/6/2 3323/6/2
f 3323/6/2 3317/6/2 3324/6/2
f 3320/6/2 3321/6/2 3325/6/2
f 3325/6/2 3321/6/2 3326/6/2
f 3322/6/2 3323/6/2 3331/6/2
f 3331/6/2 3323/6/2 3332/6/2
f 3327/6/2 3328/6/2 3337/6/2
f 3333/6/2 3334/6/2 3340/6/2
f 3335/6/2 3336/6/2 3341/6/2
f 3329/6/2 3330/6/2 3344/6/2
f 3337/6/2 3338/6/2 3345/6/2
f 3327/6/2 3337/6/2 3345/6/2
f 3345/6/2 3338/6/2 3346/6/2
f 3343/6/2 3344/6/2 3347/6/2
f 3344/6/2 3330/6/2 3347/6/2
f 3347/6/2 3330/6/2 3348/6/2
f 3346/6/2 3338/6/2 3349/6/2
f 3339/6/2 3340/6/2 3350/6/2
f 3340/6/2 3334/6/2 3351/6/2
f 3350/6/2 3340/6/2 3351/6/2
f 3351/6/2 3334/6/2 3352/6/2
f 3341/6/2 3342/6/2 3353/6/2
f 3335/6/2 3341/6/2 3353/6/2
f 3353/6/2 3342/6/2 3354/6/2
f 3354/6/2 3342/6/2 3355/6/2
f 3343/6/2 3347/6/2 3356/6/2
f 3346/6/2 3349/6/2 3357/6/2
f 3357/6/2 3349/6/2 3358/6/2
f 3356/6/2 3347/6/2 3359/6/2
f 3359/6/2 3347/6/2 3360/6/2
f 3350/6/2 3351/6/2 3361/6/2
f 3361/6/2 3351/6/2 3362/6/2
f 3354/6/2 3355/6/2 3363/6/2
f 3363/6/2 3355/6/2 3364/6/2
f 3365/6/2 3366/6/2 3369/6/2
f 3369/6/2 3366/6/2 3370/6/2
f 3367/6/2 3368/6/2 3373/6/2
f 3373/6/2 3368/6/2 3374/6/2
f 3370/6/2 3371/6/2 3375/6/2
f 3375/6/2 3371/6/2 3376/6/2
f 3372/6/2 3373/6/2 3381/6/2
f 3381/6/2 3373/6/2 3382/6/2
f 3377/6/2 3378/6/2 3383/6/2
f 3383/6/2 3378/6/2 3384/6/2
f 3379/6/2 3380/6/2 3387/6/2
f 3387/6/2 3380/6/2 3388/6/2
f 3384/6/2 3385/6/2 3389/6/2
f 3389/6/2 3385/6/2 3390/6/2
f 3386/6/2 3387/6/2 3393/6/2
f 3393/6/2 3387/6/2 3394/6/2
f 3390/6/2 3391/6/2 3395/6/2
f 3395/6/2 3391/6/2 3396/6/2
f 3392/6/2 3393/6/2 3401/6/2
f 3401/6/2 3393/6/2 3402/6/2
f 3397/6/2 3398/6/2 3403/6/2
f 3399/6/2 3400/6/2 3406/6/2
f 3403/6/2 3404/6/2 3407/6/2
f 3397/6/2 3403/6/2 3407/6/2
f 3407/6/2 3404/6/2 3408/6/2
f 3408/6/2 3404/6/2 3409/6/2
f 3409/6/2 3404/6/2 3410/6/2
f 3405/6/2 3406/6/2 3411/6/2
f 3411/6/2 3406/6/2 3412/6/2
f 3406/6/2 3400/6/2 3413/6/2
f 3412/6/2 3406/6/2 3413/6/2
f 3413/6/2 3400/6/2 3414/6/2
f 3408/6/2 3409/6/2 3415/6/2
f 3415/6/2 3409/6/2 3416/6/2
f 3412/6/2 3413/6/2 3417/6/2
f 3417/6/2 3413/6/2 3418/6/2
f 3419/6/2 3420/6/2 3423/6/2
f 3423/6/2 3420/6/2 3424/6/2
f 3421/6/2 3422/6/2 3431/6/2
f 3431/6/2 3422/6/2 3432/6/2
f 3424/6/2 3425/6/2 3433/6/2
f 3433/6/2 3425/6/2 3434/6/2
f 3426/3/2 3427/3/2 3437/3/2
f 3437/3/2 3427/3/2 3438/3/2
f 3428/3/2 3429/3/2 3439/3/2
f 3439/3/2 3429/3/2 3440/3/2
f 3430/6/2 3431/6/2 3443/6/2
f 3443/6/2 3431/6/2 3444/6/2
f 3435/6/2 3436/6/2 3445/6/2
f 3445/6/2 3436/6/2 3446/6/2
f 3437/4/2 3438/4/2 3449/4/2
f 3449/4/2 3438/4/2 3450/4/2
f 3439/4/2 3440/4/2 3451/4/2
f 3451/4/2 3440/4/2 3452/4/2
f 3441/6/2 3442/6/2 3455/6/2
f 3455/6/2 3442/6/2 3456/6/2
f 3446/6/2 3447/6/2 3457/6/2
f 3457/6/2 3447/6/2 3458/6/2
f 3454/6/2 3455/6/2 3461/6/2
f 3461/6/2 3455/6/2 3462/6/2
f 3458/6/2 3459/6/2 3463/6/2
f 3448/6/2 3449/6/2 3464/6/2
f 3449/3/2 3450/3/2 3465/3/2
f 3464/6/2 3449/6/2 3465/6/2
f 3465/3/2 3450/3/2 3466/3/2
f 3451/3/2 3452/3/2 3467/3/2
f 3452/6/2 3453/6/2 3468/6/2
f 3467/3/2 3452/3/2 3468/3/2
f 3468/6/2 3453/6/2 3469/6/2
f 3460/6/2 3461/6/2 3470/6/2
f 3463/6/2 3464/6/2 3471/6/2
f 3458/6/2 3463/6/2 3471/6/2
f 3464/6/2 3465/6/2 3471/6/2
f 3471/6/2 3465/6/2 3472/6/2
f 3472/6/2 3465/6/2 3473/6/2
f 3469/6/2 3470/6/2 3474/6/2
f 3468/6/2 3469/6/2 3474/6/2
f 3474/6/2 3470/6/2 3475/6/2
f 3470/6/2 3461/6/2 3476/6/2
f 3475/6/2 3470/6/2 3476/6/2
f 3472/2/2 3473/2/2 3477/2/2
f 3477/2/2 3473/2/2 3478/2/2
f 3474/2/2 3475/2/2 3479/2/2
f 3479/2/2 3475/2/2 3480/2/2
f 3481/6/2 3482/6/2 3489/6/2
f 3489/6/2 3482/6/2 3490/6/2
f 3483/2/2 3484/2/2 3492/2/2
f 3492/2/2 3484/2/2 3493/2/2
f 3485/2/2 3486/2/2 3496/2/2
f 3496/2/2 3486/2/2 3497/2/2
f 3487/6/2 3488/6/2 3499/6/2
f 3499/6/2 3488/6/2 3500/6/2
f 3490/6/2 3491/6/2 3501/6/2
f 3501/6/2 3491/6/2 3502/6/2
f 3493/3/2 3494/3/2 3505/3/2
f 3505/3/2 3494/3/2 3506/3/2
f 3495/3/2 3496/3/2 3507/3/2
f 3507/3/2 3496/3/2 3508/3/2
f 3498/6/2 3499/6/2 3511/6/2
f 3511/6/2 3499/6/2 3512/6/2
f 3503/6/2 3504/6/2 3517/6/2
f 3513/6/2 3514/6/2 3518/6/2
f 3515/6/2 3516/6/2 3519/6/2
f 3509/6/2 3510/6/2 3520/6/2
f 3517/6/2 3518/6/2 3521/6/2
f 3503/6/2 3517/6/2 3521/6/2
f 3521/6/2 3518/6/2 3522/6/2
f 3518/6/2 3514/6/2 3523/6/2
f 3522/6/2 3518/6/2 3523/6/2
f 3505/4/2 3506/4/2 3524/4/2
f 3524/4/2 3506/4/2 3525/4/2
f 3507/4/2 3508/4/2 3526/4/2
f 3526/4/2 3508/4/2 3527/4/2
f 3515/6/2 3519/6/2 3528/6/2
f 3519/6/2 3520/6/2 3528/6/2
f 3520/6/2 3510/6/2 3529/6/2
f 3528/6/2 3520/6/2 3529/6/2
f 3529/6/2 3510/6/2 3530/6/2
f 3522/6/2 3523/6/2 3531/6/2
f 3531/6/2 3523/6/2 3532/6/2
f 3528/6/2 3529/6/2 3533/6/2
f 3533/6/2 3529/6/2 3534/6/2
f 3532/6/2 3523/6/2 3535/6/2
f 3535/6/2 3523/6/2 3536/6/2
f 3524/3/2 3525/3/2 3538/3/2
f 3538/3/2 3525/3/2 3539/3/2
f 3526/3/2 3527/3/2 3540/3/2
f 3540/3/2 3527/3/2 3541/3/2
f 3528/6/2 3533/6/2 3543/6/2
f 3543/6/2 3533/6/2 3544/6/2
f 3537/2/2 3538/2/2 3545/2/2
f 3545/2/2 3538/2/2 3546/2/2
f 3541/2/2 3542/2/2 3547/2/2
f 3547/2/2 3542/2/2 3548/2/2
f 3549/6/2 3550/6/2 3561/6/2
f 3561/6/2 3550/6/2 3562/6/2
f 3553/2/2 3554/2/2 3564/2/2
f 3564/2/2 3554/2/2 3565/2/2
f 3555/2/2 3556/2/2 3570/2/2
f 3570/2/2 3556/2/2 3571/2/2
f 3559/6/2 3560/6/2 3573/6/2
f 3573/6/2 3560/6/2 3574/6/2
f 3562/6/2 3563/6/2 3575/6/2
f 3575/6/2 3563/6/2 3576/6/2
f 3551/6/2 3552/6/2 3578/6/2
f 3566/3/2 3567/3/2 3579/3/2
f 3579/3/2 3567/3/2 3580/3/2
f 3568/3/2 3569/3/2 3581/3/2
f 3581/3/2 3569/3/2 3582/3/2
f 3557/6/2 3558/6/2 3583/6/2
f 3572/6/2 3573/6/2 3585/6/2
f 3585/6/2 3573/6/2 3586/6/2
f 3577/6/2 3578/6/2 3587/6/2
f 3578/6/2 3552/6/2 3588/6/2
f 3587/6/2 3578/6/2 3588/6/2
f 3583/6/2 3584/6/2 3589/6/2
f 3557/6/2 3583/6/2 3589/6/2
f 3589/6/2 3584/6/2 3590/6/2
f 3577/6/2 3587/6/2 3591/6/2
f 3591/6/2 3587/6/2 3592/6/2
f 3590/6/2 3584/6/2 3593/6/2
f 3593/6/2 3584/6/2 3594/6/2
f 3588/6/2 3552/6/2 3595/6/2
f 3595/6/2 3552/6/2 3596/6/2
f 3579/4/2 3580/4/2 3597/4/2
f 3597/4/2 3580/4/2 3598/4/2
f 3581/4/2 3582/4/2 3599/4/2
f 3599/4/2 3582/4/2 3600/4/2
f 3557/6/2 3589/6/2 3601/6/2
f 3601/6/2 3589/6/2 3602/6/2
f 3597/3/2 3598/3/2 3605/3/2
f 3605/3/2 3598/3/2 3606/3/2
f 3599/3/2 3600/3/2 3607/3/2
f 3607/3/2 3600/3/2 3608/3/2
f 3603/2/2 3604/2/2 3611/2/2
f 3611/2/2 3604/2/2 3612/2/2
f 3609/2/2 3610/2/2 3613/2/2
f 3613/2/2 3610/2/2 3614/2/2
f 3615/6/2 3616/6/2 3627/6/2
f 3625/6/2 3626/6/2 3630/6/2
f 3627/6/2 3628/6/2 3631/6/2
f 3615/6/2 3627/6/2 3631/6/2
f 3631/6/2 3628/6/2 3632/6/2
f 3619/2/2 3620/2/2 3633/2/2
f 3633/2/2 3620/2/2 3634/2/2
f 3621/2/2 3622/2/2 3637/2/2
f 3637/2/2 3622/2/2 3638/2/2
f 3629/6/2 3630/6/2 3639/6/2
f 3630/6/2 3626/6/2 3639/6/2
f 3639/6/2 3626/6/2 3640/6/2
f 3632/6/2 3628/6/2 3641/6/2
f 3641/6/2 3628/6/2 3642/6/2
f 3617/6/2 3618/6/2 3643/6/2
f 3643/6/2 3618/6/2 3644/6/2
f 3634/3/2 3635/3/2 3645/3/2
f 3645/3/2 3635/3/2 3646/3/2
f 3636/3/2 3637/3/2 3647/3/2
f 3647/3/2 3637/3/2 3648/3/2
f 3623/6/2 3624/6/2 3649/6/2
f 3649/6/2 3624/6/2 3650/6/2
f 3629/6/2 3639/6/2 3651/6/2
f 3651/6/2 3639/6/2 3652/6/2
f 3645/4/2 3646/4/2 3653/4/2
f 3653/4/2 3646/4/2 3654/4/2
f 3647/4/2 3648/4/2 3655/4/2
f 3655/4/2 3648/4/2 3656/4/2
f 3653/3/2 3654/3/2 3658/3/2
f 3658/3/2 3654/3/2 3659/3/2
f 3655/3/2 3656/3/2 3660/3/2
f 3660/3/2 3656/3/2 3661/3/2
f 3657/2/2 3658/2/2 3663/2/2
f 3663/2/2 3658/2/2 3664/2/2
f 3661/2/2 3662/2/2 3665/2/2
f 3665/2/2 3662/2/2 3666/2/2
f 3667/6/2 3668/6/2 3675/6/2
f 3675/6/2 3668/6/2 3676/6/2
f 3673/6/2 3674/6/2 3677/6/2
f 3677/6/2 3674/6/2 3678/6/2
f 3669/2/2 3670/2/2 3679/2/2
f 3679/2/2 3670/2/2 3680/2/2
f 3671/2/2 3672/2/2 3685/2/2
f 3685/2/2 3672/2/2 3686/2/2
f 3676/6/2 3668/6/2 3687/6/2
f 3687/6/2 3668/6/2 3688/6/2
f 3681/3/2 3682/3/2 3689/3/2
f 3689/3/2 3682/3/2 3690/3/2
f 3683/3/2 3684/3/2 3691/3/2
f 3691/3/2 3684/3/2 3692/3/2
f 3673/6/2 3677/6/2 3693/6/2
f 3693/6/2 3677/6/2 3694/6/2
f 3689/4/2 3690/4/2 3695/4/2
f 3695/4/2 3690/4/2 3696/4/2
f 3691/4/2 3692/4/2 3697/4/2
f 3697/4/2 3692/4/2 3698/4/2
f 3695/3/2 3696/3/2 3701/3/2
f 3701/3/2 3696/3/2 3702/3/2
f 3697/3/2 3698/3/2 3703/3/2
f 3703/3/2 3698/3/2 3704/3/2
f 3699/2/2 3700/2/2 3707/2/2
f 3707/2/2 3700/2/2 3708/2/2
f 3705/2/2 3706/2/2 3709/2/2
f 3709/2/2 3706/2/2 3710/2/2
f 3711/2/2 3712/2/2 3715/2/2
f 3715/2/2 3712/2/2 3716/2/2
f 3713/2/2 3714/2/2 3719/2/2
f 3719/2/2 3714/2/2 3720/2/2
f 3716/3/2 3717/3/2 3721/3/2
f 3721/3/2 3717/3/2 3722/3/2
f 3718/3/2 3719/3/2 3723/3/2
f 3723/3/2 3719/3/2 3724/3/2
f 3721/4/2 3722/4/2 3725/4/2
f 3725/4/2 3722/4/2 3726/4/2
f 3723/4/2 3724/4/2 3727/4/2
f 3727/4/2 3724/4/2 3728/4/2
f 3725/3/2 3726/3/2 3730/3/2
f 3730/3/2 3726/3/2 3731/3/2
f 3727/3/2 3728/3/2 3732/3/2
f 3732/3/2 3728/3/2 3733/3/2
f 3729/2/2 3730/2/2 3735/2/2
f 3735/2/2 3730/2/2 3736/2/2
f 3733/2/2 3734/2/2 3737/2/2
f 3737/2/2 3734/2/2 3738/2/2
f 3739/2/2 3740/2/2 3743/2/2
f 3743/2/2 3740/2/2 3744/2/2
f 3741/2/2 3742/2/2 3747/2/2
f 3747/2/2 3742/2/2 3748/2/2
f 3744/3/2 3745/3/2 3749/3/2
f 3749/3/2 3745/3/2 3750/3/2
f 3746/3/2 3747/3/2 3751/3/2
f 3751/3/2 3747/3/2 3752/3/2
f 3749/4/2 3750/4/2 3753/4/2
f 3753/4/2 3750/4/2 3754/4/2
f 3751/4/2 3752/4/2 3755/4/2
f 3755/4/2 3752/4/2 3756/4/2
f 3753/3/2 3754/3/2 3758/3/2
f 3758/3/2 3754/3/2 3759/3/2
f 3755/3/2 3756/3/2 3760/3/2
f 3760/3/2 3756/3/2 3761/3/2
f 3757/2/2 3758/2/2 3763/2/2
f 3763/2/2 3758/2/2 3764/2/2
f 3761/2/2 3762/2/2 3765/2/2
f 3765/2/2 3762/2/2 3766/2/2
f 3767/2/2 3768/2/2 3771/2/2
f 3771/2/2 3768/2/2 3772/2/2
f 3769/2/2 3770/2/2 3775/2/2
f 3775/2/2 3770/2/2 3776/2/2
f 3772/3/2 3773/3/2 3777/3/2
f 3777/3/2 3773/3/2 3778/3/2
f 3774/3/2 3775/3/2 3779/3/2
f 3779/3/2 3775/3/2 3780/3/2
f 3777/4/2 3778/4/2 3781/4/2
f 3781/4/2 3778/4/2 3782/4/2
f 3779/4/2 3780/4/2 3783/4/2
f 3783/4/2 3780/4/2 3784/4/2
f 3781/3/2 3782/3/2 3786/3/2
f 3786/3/2 3782/3/2 3787/3/2
f 3783/3/2 3784/3/2 3788/3/2
f 3788/3/2 3784/3/2 3789/3/2
f 3785/2/2 3786/2/2 3791/2/2
f 3791/2/2 3786/2/2 3792/2/2
f 3789/2/2 3790/2/2 3793/2/2
f 3793/2/2 3790/2/2 3794/2/2
f 3795/2/2 3796/2/2 3799/2/2
f 3799/2/2 3796/2/2 3800/2/2
f 3797/2/2 3798/2/2 3803/2/2
f 3803/2/2 3798/2/2 3804/2/2
f 3800/3/2 3801/3/2 3805/3/2
f 3805/3/2 3801/3/2 3806/3/2
f 3802/3/2 3803/3/2 3807/3/2
f 3807/3/2 3803/3/2 3808/3/2
f 3805/4/2 3806/4/2 3809/4/2
f 3809/4/2 3806/4/2 3810/4/2
f 3807/4/2 3808/4/2 3811/4/2
f 3811/4/2 3808/4/2 3812/4/2
f 3809/3/2 3810/3/2 3814/3/2
f 3814/3/2 3810/3/2 3815/3/2
f 3811/3/2 3812/3/2 3816/3/2
f 3816/3/2 3812/3/2 3817/3/2
f 3813/2/2 3814/2/2 3819/2/2
f 3819/2/2 3814/2/2 3820/2/2
f 3817/2/2 3818/2/2 3821/2/2
f 3821/2/2 3818/2/2 3822/2/2
f 3823/2/2 3824/2/2 3827/2/2
f 3827/2/2 3824/2/2 3828/2/2
f 3825/2/2 3826/2/2 3831/2/2
f 3831/2/2 3826/2/2 3832/2/2
f 3828/3/2 3829/3/2 3833/3/2
f 3833/3/2 3829/3/2 3834/3/2
f 3830/3/2 3831/3/2 3835/3/2
f 3835/3/2 3831/3/2 3836/3/2
f 3833/4/2 3834/4/2 3837/4/2
f 3837/4/2 3834/4/2 3838/4/2
f 3835/4/2 3836/4/2 3839/4/2
f 3839/4/2 3836/4/2 3840/4/2
f 3837/3/2 3838/3/2 3842/3/2
f 3842/3/2 3838/3/2 3843/3/2
f 3839/3/2 3840/3/2 3844/3/2
f 3844/3/2 3840/3/2 3845/3/2
f 3841/2/2 3842/2/2 3847/2/2
f 3847/2/2 3842/2/2 3848/2/2
f 3845/2/2 3846/2/2 3849/2/2
f 3849/2/2 3846/2/2 3850/2/2
f 3851/6/2 3852/6/2 3855/6/2
f 3855/6/2 3852/6/2 3856/6/2
f 3853/6/2 3854/6/2 3857/6/2
f 3857/6/2 3854/6/2 3858/6/2
f 3859/6/2 3860/6/2 3863/6/2
f 3863/6/2 3860/6/2 3864/6/2
f 3861/6/2 3862/6/2 3865/6/2
f 3865/6/2 3862/6/2 3866/6/2
f 3867/2/2 3868/2/2 3871/2/2
f 3871/2/2 3868/2/2 3872/2/2
f 3869/2/2 3870/2/2 3877/2/2
f 3877/2/2 3870/2/2 3878/2/2
f 3873/3/2 3874/3/2 3879/3/2
f 3879/3/2 3874/3/2 3880/3/2
f 3875/3/2 3876/3/2 3881/3/2
f 3881/3/2 3876/3/2 3882/3/2
f 3879/4/2 3880/4/2 3883/4/2
f 3883/4/2 3880/4/2 3884/4/2
f 3881/4/2 3882/4/2 3885/4/2
f 3885/4/2 3882/4/2 3886/4/2
f 3883/3/2 3884/3/2 3889/3/2
f 3889/3/2 3884/3/2 3890/3/2
f 3885/3/2 3886/3/2 3891/3/2
f 3891/3/2 3886/3/2 3892/3/2
f 3887/2/2 3888/2/2 3895/2/2
f 3895/2/2 3888/2/2 3896/2/2
f 3893/2/2 3894/2/2 3897/2/2
f 3897/2/2 3894/2/2 3898/2/2
f 3899/6/2 3900/6/2 3903/6/2
f 3903/6/2 3900/6/2 3904/6/2
f 3901/6/2 3902/6/2 3905/6/2
f 3905/6/2 3902/6/2 3906/6/2
f 3907/6/2 3908/6/2 3911/6/2
f 3909/6/2 3910/6/2 3912/6/2
f 3907/6/2 3911/6/2 3913/6/2
f 3911/6/2 3912/6/2 3913/6/2
f 3913/6/2 3912/6/2 3914/6/2
f 3912/6/2 3910/6/2 3915/6/2
f 3914/6/2 3912/6/2 3915/6/2
f 3915/6/2 3910/6/2 3916/6/2
f 3914/6/2 3915/6/2 3917/6/2
f 3917/6/2 3915/6/2 3918/6/2
f 3919/2/2 3920/2/2 3923/2/2
f 3923/2/2 3920/2/2 3924/2/2
f 3921/2/2 3922/2/2 3929/2/2
f 3929/2/2 3922/2/2 3930/2/2
f 3925/3/2 3926/3/2 3931/3/2
f 3931/3/2 3926/3/2 3932/3/2
f 3927/3/2 3928/3/2 3933/3/2
f 3933/3/2 3928/3/2 3934/3/2
f 3931/4/2 3932/4/2 3935/4/2
f 3935/4/2 3932/4/2 3936/4/2
f 3933/4/2 3934/4/2 3937/4/2
f 3937/4/2 3934/4/2 3938/4/2
f 3935/3/2 3936/3/2 3941/3/2
f 3941/3/2 3936/3/2 3942/3/2
f 3937/3/2 3938/3/2 3943/3/2
f 3943/3/2 3938/3/2 3944/3/2
f 3939/2/2 3940/2/2 3947/2/2
f 3947/2/2 3940/2/2 3948/2/2
f 3945/2/2 3946/2/2 3949/2/2
f 3949/2/2 3946/2/2 3950/2/2
f 3951/6/2 3952/6/2 3955/6/2
f 3955/6/2 3952/6/2 3956/6/2
f 3953/6/2 3954/6/2 3959/6/2
f 3959/6/2 3954/6/2 3960/6/2
f 3956/6/2 3957/6/2 3961/6/2
f 3958/6/2 3959/6/2 3962/6/2
f 3956/6/2 3961/6/2 3963/6/2
f 3961/6/2 3962/6/2 3963/6/2
f 3963/6/2 3962/6/2 3964/6/2
f 3962/6/2 3959/6/2 3965/6/2
f 3964/6/2 3962/6/2 3965/6/2
f 3965/6/2 3959/6/2 3966/6/2
f 3964/6/2 3965/6/2 3967/6/2
f 3967/6/2 3965/6/2 3968/6/2
f 3969/2/2 3970/2/2 3973/2/2
f 3973/2/2 3970/2/2 3974/2/2
f 3971/2/2 3972/2/2 3975/2/2
f 3975/2/2 3972/2/2 3976/2/2
f 3977/2/2 3978/2/2 3983/2/2
f 3978/2/2 3979/2/2 3983/2/2
f 3983/2/2 3979/2/2 3984/2/2
f 3981/2/2 3982/2/2 3985/2/2
f 3980/2/2 3981/2/2 3985/2/2
f 3985/2/2 3982/2/2 3986/2/2
f 3987/6/2 3988/6/2 3991/6/2
f 3991/6/2 3988/6/2 3992/6/2
f 3989/6/2 3990/6/2 3995/6/2
f 3995/6/2 3990/6/2 3996/6/2
f 3992/6/2 3993/6/2 3997/6/2
f 3994/6/2 3995/6/2 3998/6/2
f 3992/6/2 3997/6/2 3999/6/2
f 3997/6/2 3998/6/2 3999/6/2
f 3999/6/2 3998/6/2 4000/6/2
f 3998/6/2 3995/6/2 4001/6/2
f 4000/6/2 3998/6/2 4001/6/2
f 4001/6/2 3995/6/2 4002/6/2
f 4000/6/2 4001/6/2 4003/6/2
f 4003/6/2 4001/6/2 4004/6/2
f 4005/6/2 4006/6/2 4009/6/2
f 4009/6/2 4006/6/2 4010/6/2
f 4007/6/2 4008/6/2 4011/6/2
f 4011/6/2 4008/6/2 4012/6/2
f 4013/6/2 4014/6/2 4017/6/2
f 4015/6/2 4016/6/2 4018/6/2
f 4013/6/2 4017/6/2 4019/6/2
f 4017/6/2 4018/6/2 4019/6/2
f 4019/6/2 4018/6/2 4020/6/2
f 4018/6/2 4016/6/2 4021/6/2
f 4020/6/2 4018/6/2 4021/6/2
f 4021/6/2 4016/6/2 4022/6/2
f 4020/6/2 4021/6/2 4023/6/2
f 4023/6/2 4021/6/2 4024/6/2
f 4024/6/2 4021/6/2 4025/6/2
f 4025/6/2 4021/6/2 4026/6/2
f 4024/6/2 4025/6/2 4027/6/2
f 4027/6/2 4025/6/2 4028/6/2
f 4029/6/2 4030/6/2 4033/6/2
f 4033/6/2 4030/6/2 4034/6/2
f 4031/6/2 4032/6/2 4035/6/2
f 4035/6/2 4032/6/2 4036/6/2
f 4037/6/2 4038/6/2 4041/6/2
f 4039/6/2 4040/6/2 4042/6/2
f 4037/6/2 4041/6/2 4043/6/2
f 4041/6/2 4042/6/2 4043/6/2
f 4043/6/2 4042/6/2 4044/6/2
f 4042/6/2 4040/6/2 4045/6/2
f 4044/6/2 4042/6/2 4045/6/2
f 4045/6/2 4040/6/2 4046/6/2
f 4044/6/2 4045/6/2 4047/6/2
f 4047/6/2 4045/6/2 4048/6/2
f 4049/6/2 4050/6/2 4051/6/2
f 4051/6/2 4050/6/2 4052/6/2
f 4052/6/2 4050/6/2 4053/6/2
f 4053/6/2 4050/6/2 4054/6/2
f 4052/6/2 4053/6/2 4055/6/2
f 4055/6/2 4053/6/2 4056/6/2
f 4057/6/2 4058/6/2 4061/6/2
f 4059/6/2 4060/6/2 4062/6/2
f 4057/6/2 4061/6/2 4063/6/2
f 4061/6/2 4062/6/2 4063/6/2
f 4063/6/2 4062/6/2 4064/6/2
f 4062/6/2 4060/6/2 4065/6/2
f 4064/6/2 4062/6/2 4065/6/2
f 4065/6/2 4060/6/2 4066/6/2
f 4064/6/2 4065/6/2 4067/6/2
f 4067/6/2 4065/6/2 4068/6/2
f 4069/6/2 4070/6/2 4071/6/2
f 4071/6/2 4070/6/2 4072/6/2
f 4072/6/2 4070/6/2 4073/6/2
f 4073/6/2 4070/6/2 4074/6/2
f 4072/6/2 4073/6/2 4075/6/2
f 4075/6/2 4073/6/2 4076/6/2
f 4079/6/3 4078/6/3 4077/6/3
f 4081/6/3 4079/6/3 4077/6/3
f 4081/6/3 4080/6/3 4079/6/3
f 4082/6/3 4080/6/3 4081/6/3
f 4083/6/3 4081/6/3 4077/6/3
f 4084/6/3 4081/6/3 4083/6/3
f 4087/6/3 4086/6/3 4085/6/3
f 4088/6/3 4086/6/3 4087/6/3
f 4089/6/3 4086/6/3 4088/6/3
f 4092/6/3 4090/6/3 4089/6/3
f 4092/6/3 4089/6/3 4088/6/3
f 4093/6/3 4090/6/3 4092/6/3
f 4094/6/3 4090/6/3 4093/6/3
f 4095/6/3 4092/6/3 4091/6/3
f 4095/6/3 4093/6/3 4092/6/3
f 4096/6/3 4093/6/3 4095/6/3
f 4099/6/3 4098/6/3 4097/6/3
f 4101/6/3 4099/6/3 4097/6/3
f 4101/6/3 4100/6/3 4099/6/3
f 4102/6/3 4100/6/3 4101/6/3
f 4103/6/3 4101/6/3 4097/6/3
f 4104/6/3 4101/6/3 4103/6/3
f 4107/6/3 4106/6/3 4105/6/3
f 4108/6/3 4106/6/3 4107/6/3
f 4111/6/3 4110/6/3 4109/6/3
f 4112/6/3 4110/6/3 4111/6/3
f 4113/6/3 4110/6/3 4112/6/3
f 4116/6/3 4114/6/3 4113/6/3
f 4116/6/3 4113/6/3 4112/6/3
f 4117/6/3 4114/6/3 4116/6/3
f 4118/6/3 4114/6/3 4117/6/3
f 4121/6/3 4116/6/3 4115/6/3
f 4121/6/3 4117/6/3 4116/6/3
f 4122/6/3 4117/6/3 4121/6/3
f 4123/6/3 4120/6/3 4119/6/3
f 4124/6/3 4120/6/3 4123/6/3
f 4127/6/3 4126/6/3 4125/6/3
f 4128/6/3 4126/6/3 4127/6/3
f 4131/6/3 4130/6/3 4129/6/3
f 4132/6/3 4130/6/3 4131/6/3
f 4133/6/3 4130/6/3 4132/6/3
f 4135/6/3 4134/6/3 4133/6/3
f 4135/6/3 4133/6/3 4132/6/3
f 4137/6/3 4135/6/3 4132/6/3
f 4137/6/3 4136/6/3 4135/6/3
f 4138/6/3 4136/6/3 4137/6/3
f 4140/6/3 4137/6/3 4132/6/3
f 4141/6/3 4137/6/3 4140/6/3
f 4142/6/3 4137/6/3 4141/6/3
f 4145/6/3 4140/6/3 4139/6/3
f 4145/6/3 4141/6/3 4140/6/3
f 4146/6/3 4141/6/3 4145/6/3
f 4147/6/3 4144/6/3 4143/6/3
f 4148/6/3 4144/6/3 4147/6/3
f 4153/2/3 4150/2/3 4149/2/3
f 4154/2/3 4150/2/3 4153/2/3
f 4155/2/3 4152/2/3 4151/2/3
f 4156/2/3 4152/2/3 4155/2/3
f 4157/2/3 4152/2/3 4156/2/3
f 4160/6/3 4159/6/3 4158/6/3
f 4161/6/3 4159/6/3 4160/6/3
f 4163/6/3 4162/6/3 4161/6/3
f 4164/6/3 4162/6/3 4163/6/3
f 4165/6/3 4162/6/3 4164/6/3
f 4168/6/3 4166/6/3 4165/6/3
f 4168/6/3 4165/6/3 4164/6/3
f 4169/6/3 4166/6/3 4168/6/3
f 4170/6/3 4166/6/3 4169/6/3
f 4172/6/3 4168/6/3 4167/6/3
f 4172/6/3 4169/6/3 4168/6/3
f 4173/6/3 4169/6/3 4172/6/3
f 4176/6/3 4172/6/3 4171/6/3
f 4177/6/3 4172/6/3 4176/6/3
f 4180/2/3 4175/2/3 4174/2/3
f 4181/2/3 4179/2/3 4178/2/3
f 4182/2/3 4179/2/3 4181/2/3
f 4183/2/3 4175/2/3 4180/2/3
f 4184/2/3 4175/2/3 4183/2/3
f 4189/2/3 4186/2/3 4185/2/3
f 4190/2/3 4186/2/3 4189/2/3
f 4191/2/3 4188/2/3 4187/2/3
f 4192/2/3 4188/2/3 4191/2/3
f 4197/3/3 4194/3/3 4193/3/3
f 4198/4/3 4195/4/3 4194/4/3
f 4198/3/3 4194/3/3 4197/3/3
f 4199/3/3 4196/3/3 4195/3/3
f 4199/4/3 4195/4/3 4198/4/3
f 4200/3/3 4196/3/3 4199/3/3
f 4203/6/3 4202/6/3 4201/6/3
f 4204/6/3 4202/6/3 4203/6/3
f 4206/6/3 4205/6/3 4204/6/3
f 4207/6/3 4205/6/3 4206/6/3
f 4208/6/3 4205/6/3 4207/6/3
f 4211/6/3 4209/6/3 4208/6/3
f 4211/6/3 4208/6/3 4207/6/3
f 4212/6/3 4209/6/3 4211/6/3
f 4213/6/3 4209/6/3 4212/6/3
f 4215/6/3 4211/6/3 4210/6/3
f 4215/6/3 4212/6/3 4211/6/3
f 4216/6/3 4212/6/3 4215/6/3
f 4221/6/3 4215/6/3 4214/6/3
f 4222/6/3 4215/6/3 4221/6/3
f 4223/3/3 4218/3/3 4217/3/3
f 4224/4/3 4219/4/3 4218/4/3
f 4224/3/3 4218/3/3 4223/3/3
f 4225/3/3 4220/3/3 4219/3/3
f 4225/4/3 4219/4/3 4224/4/3
f 4226/3/3 4220/3/3 4225/3/3
f 4231/2/3 4228/2/3 4227/2/3
f 4232/2/3 4228/2/3 4231/2/3
f 4233/2/3 4230/2/3 4229/2/3
f 4234/2/3 4230/2/3 4233/2/3
f 4239/2/3 4236/2/3 4235/2/3
f 4240/2/3 4236/2/3 4239/2/3
f 4241/2/3 4238/2/3 4237/2/3
f 4242/2/3 4238/2/3 4241/2/3
f 4247/3/3 4244/3/3 4243/3/3
f 4248/4/3 4245/4/3 4244/4/3
f 4248/3/3 4244/3/3 4247/3/3
f 4249/3/3 4246/3/3 4245/3/3
f 4249/4/3 4245/4/3 4248/4/3
f 4250/3/3 4246/3/3 4249/3/3
f 4253/6/3 4252/6/3 4251/6/3
f 4254/6/3 4252/6/3 4253/6/3
f 4257/6/3 4256/6/3 4255/6/3
f 4258/6/3 4256/6/3 4257/6/3
f 4259/6/3 4256/6/3 4258/6/3
f 4262/6/3 4260/6/3 4259/6/3
f 4262/6/3 4259/6/3 4258/6/3
f 4263/6/3 4260/6/3 4262/6/3
f 4264/6/3 4260/6/3 4263/6/3
f 4267/6/3 4262/6/3 4261/6/3
f 4267/6/3 4263/6/3 4262/6/3
f 4268/6/3 4263/6/3 4267/6/3
f 4269/6/3 4266/6/3 4265/6/3
f 4270/6/3 4266/6/3 4269/6/3
f 4275/3/3 4272/3/3 4271/3/3
f 4276/4/3 4273/4/3 4272/4/3
f 4276/3/3 4272/3/3 4275/3/3
f 4277/3/3 4274/3/3 4273/3/3
f 4277/4/3 4273/4/3 4276/4/3
f 4278/3/3 4274/3/3 4277/3/3
f 4283/2/3 4280/2/3 4279/2/3
f 4284/2/3 4280/2/3 4283/2/3
f 4285/2/3 4282/2/3 4281/2/3
f 4286/2/3 4282/2/3 4285/2/3
f 4291/2/3 4288/2/3 4287/2/3
f 4292/2/3 4288/2/3 4291/2/3
f 4295/2/3 4290/2/3 4289/2/3
f 4296/2/3 4290/2/3 4295/2/3
f 4297/3/3 4293/3/3 4292/3/3
f 4298/4/3 4294/4/3 4293/4/3
f 4298/3/3 4293/3/3 4297/3/3
f 4299/3/3 4295/3/3 4294/3/3
f 4299/4/3 4294/4/3 4298/4/3
f 4300/3/3 4295/3/3 4299/3/3
f 4303/6/3 4302/6/3 4301/6/3
f 4304/6/3 4302/6/3 4303/6/3
f 4307/6/3 4306/6/3 4305/6/3
f 4308/6/3 4306/6/3 4307/6/3
f 4313/6/3 4310/6/3 4309/6/3
f 4314/6/3 4310/6/3 4313/6/3
f 4315/6/3 4312/6/3 4311/6/3
f 4316/6/3 4312/6/3 4315/6/3
f 4322/3/3 4318/3/3 4317/3/3
f 4323/4/3 4319/4/3 4318/4/3
f 4323/3/3 4318/3/3 4322/3/3
f 4324/3/3 4320/3/3 4319/3/3
f 4324/4/3 4319/4/3 4323/4/3
f 4325/3/3 4320/3/3 4324/3/3
f 4327/2/3 4322/2/3 4321/2/3
f 4328/2/3 4322/2/3 4327/2/3
f 4329/2/3 4326/2/3 4325/2/3
f 4330/2/3 4326/2/3 4329/2/3
f 4335/2/3 4332/2/3 4331/2/3
f 4336/2/3 4332/2/3 4335/2/3
f 4339/2/3 4334/2/3 4333/2/3
f 4340/2/3 4334/2/3 4339/2/3
f 4341/3/3 4337/3/3 4336/3/3
f 4342/4/3 4338/4/3 4337/4/3
f 4342/3/3 4337/3/3 4341/3/3
f 4343/3/3 4339/3/3 4338/3/3
f 4343/4/3 4338/4/3 4342/4/3
f 4344/3/3 4339/3/3 4343/3/3
f 4350/3/3 4346/3/3 4345/3/3
f 4351/4/3 4347/4/3 4346/4/3
f 4351/3/3 4346/3/3 4350/3/3
f 4352/3/3 4348/3/3 4347/3/3
f 4352/4/3 4347/4/3 4351/4/3
f 4353/3/3 4348/3/3 4352/3/3
f 4355/2/3 4350/2/3 4349/2/3
f 4356/2/3 4350/2/3 4355/2/3
f 4357/2/3 4354/2/3 4353/2/3
f 4358/2/3 4354/2/3 4357/2/3
f 4363/2/3 4360/2/3 4359/2/3
f 4364/2/3 4360/2/3 4363/2/3
f 4367/2/3 4362/2/3 4361/2/3
f 4368/2/3 4362/2/3 4367/2/3
f 4369/3/3 4365/3/3 4364/3/3
f 4370/4/3 4366/4/3 4365/4/3
f 4370/3/3 4365/3/3 4369/3/3
f 4371/3/3 4367/3/3 4366/3/3
f 4371/4/3 4366/4/3 4370/4/3
f 4372/3/3 4367/3/3 4371/3/3
f 4378/3/3 4374/3/3 4373/3/3
f 4379/4/3 4375/4/3 4374/4/3
f 4379/3/3 4374/3/3 4378/3/3
f 4380/3/3 4376/3/3 4375/3/3
f 4380/4/3 4375/4/3 4379/4/3
f 4381/3/3 4376/3/3 4380/3/3
f 4383/2/3 4378/2/3 4377/2/3
f 4384/2/3 4378/2/3 4383/2/3
f 4385/2/3 4382/2/3 4381/2/3
f 4386/2/3 4382/2/3 4385/2/3
f 4391/2/3 4388/2/3 4387/2/3
f 4392/2/3 4388/2/3 4391/2/3
f 4395/2/3 4390/2/3 4389/2/3
f 4396/2/3 4390/2/3 4395/2/3
f 4397/3/3 4393/3/3 4392/3/3
f 4398/4/3 4394/4/3 4393/4/3
f 4398/3/3 4393/3/3 4397/3/3
f 4399/3/3 4395/3/3 4394/3/3
f 4399/4/3 4394/4/3 4398/4/3
f 4400/3/3 4395/3/3 4399/3/3
f 4406/3/3 4402/3/3 4401/3/3
f 4407/4/3 4403/4/3 4402/4/3
f 4407/3/3 4402/3/3 4406/3/3
f 4408/3/3 4404/3/3 4403/3/3
f 4408/4/3 4403/4/3 4407/4/3
f 4409/3/3 4404/3/3 4408/3/3
f 4411/2/3 4406/2/3 4405/2/3
f 4412/2/3 4406/2/3 4411/2/3
f 4413/2/3 4410/2/3 4409/2/3
f 4414/2/3 4410/2/3 4413/2/3
f 4419/2/3 4416/2/3 4415/2/3
f 4420/2/3 4416/2/3 4419/2/3
f 4423/2/3 4418/2/3 4417/2/3
f 4424/2/3 4418/2/3 4423/2/3
f 4425/3/3 4421/3/3 4420/3/3
f 4426/4/3 4422/4/3 4421/4/3
f 4426/3/3 4421/3/3 4425/3/3
f 4427/3/3 4423/3/3 4422/3/3
f 4427/4/3 4422/4/3 4426/4/3
f 4428/3/3 4423/3/3 4427/3/3
f 4434/3/3 4430/3/3 4429/3/3
f 4435/4/3 4431/4/3 4430/4/3
f 4435/3/3 4430/3/3 4434/3/3
f 4436/3/3 4432/3/3 4431/3/3
f 4436/4/3 4431/4/3 4435/4/3
f 4437/3/3 4432/3/3 4436/3/3
f 4439/2/3 4434/2/3 4433/2/3
f 4440/2/3 4434/2/3 4439/2/3
f 4441/2/3 4438/2/3 4437/2/3
f 4442/2/3 4438/2/3 4441/2/3
f 4445/6/3 4444/6/3 4443/6/3
f 4447/6/3 4445/6/3 4443/6/3
f 4447/6/3 4446/6/3 4445/6/3
f 4448/6/3 4446/6/3 4447/6/3
f 4453/2/3 4450/2/3 4449/2/3
f 4454/2/3 4450/2/3 4453/2/3
f 4455/2/3 4452/2/3 4451/2/3
f 4456/2/3 4452/2/3 4455/2/3
f 4461/3/3 4458/3/3 4457/3/3
f 4462/4/3 4459/4/3 4458/4/3
f 4462/3/3 4458/3/3 4461/3/3
f 4463/3/3 4460/3/3 4459/3/3
f 4463/4/3 4459/4/3 4462/4/3
f 4464/3/3 4460/3/3 4463/3/3
f 4469/3/3 4466/3/3 4465/3/3
f 4470/4/3 4467/4/3 4466/4/3
f 4470/3/3 4466/3/3 4469/3/3
f 4471/3/3 4468/3/3 4467/3/3
f 4471/4/3 4467/4/3 4470/4/3
f 4472/3/3 4468/3/3 4471/3/3
f 4477/2/3 4474/2/3 4473/2/3
f 4478/2/3 4474/2/3 4477/2/3
f 4479/2/3 4476/2/3 4475/2/3
f 4480/2/3 4476/2/3 4479/2/3
f 4483/6/3 4482/6/3 4481/6/3
f 4484/6/3 4482/6/3 4483/6/3
f 4485/6/3 4483/6/3 4481/6/3
f 4486/6/3 4483/6/3 4485/6/3
f 4489/6/3 4488/6/3 4487/6/3
f 4490/6/3 4488/6/3 4489/6/3
f 4491/6/3 4488/6/3 4490/6/3
f 4493/6/3 4492/6/3 4491/6/3
f 4493/6/3 4491/6/3 4490/6/3
f 4494/6/3 4492/6/3 4493/6/3
f 4497/6/3 4496/6/3 4495/6/3
f 4498/6/3 4496/6/3 4497/6/3
f 4503/2/3 4500/2/3 4499/2/3
f 4504/2/3 4500/2/3 4503/2/3
f 4507/2/3 4502/2/3 4501/2/3
f 4508/2/3 4502/2/3 4507/2/3
f 4509/3/3 4505/3/3 4504/3/3
f 4510/4/3 4506/4/3 4505/4/3
f 4510/3/3 4505/3/3 4509/3/3
f 4511/3/3 4507/3/3 4506/3/3
f 4511/4/3 4506/4/3 4510/4/3
f 4512/3/3 4507/3/3 4511/3/3
f 4518/3/3 4514/3/3 4513/3/3
f 4519/4/3 4515/4/3 4514/4/3
f 4519/3/3 4514/3/3 4518/3/3
f 4520/3/3 4516/3/3 4515/3/3
f 4520/4/3 4515/4/3 4519/4/3
f 4521/3/3 4516/3/3 4520/3/3
f 4523/2/3 4518/2/3 4517/2/3
f 4524/2/3 4518/2/3 4523/2/3
f 4525/2/3 4522/2/3 4521/2/3
f 4526/2/3 4522/2/3 4525/2/3
f 4529/6/3 4528/6/3 4527/6/3
f 4530/6/3 4528/6/3 4529/6/3
f 4534/6/3 4532/6/3 4531/6/3
f 4535/6/3 4532/6/3 4534/6/3
f 4536/6/3 4532/6/3 4535/6/3
f 4537/6/3 4534/6/3 4533/6/3
f 4537/6/3 4535/6/3 4534/6/3
f 4538/6/3 4535/6/3 4537/6/3
f 4541/6/3 4540/6/3 4539/6/3
f 4542/6/3 4540/6/3 4541/6/3
f 4544/6/3 4543/6/3 4542/6/3
f 4545/6/3 4543/6/3 4544/6/3
f 4548/6/3 4547/6/3 4546/6/3
f 4549/6/3 4547/6/3 4548/6/3
f 4551/6/3 4548/6/3 4546/6/3
f 4552/6/3 4548/6/3 4551/6/3
f 4554/6/3 4552/6/3 4551/6/3
f 4554/6/3 4553/6/3 4552/6/3
f 4554/6/3 4551/6/3 4550/6/3
f 4555/6/3 4553/6/3 4554/6/3
f 4560/2/3 4557/2/3 4556/2/3
f 4561/2/3 4557/2/3 4560/2/3
f 4562/2/3 4559/2/3 4558/2/3
f 4563/2/3 4559/2/3 4562/2/3
f 4568/3/3 4565/3/3 4564/3/3
f 4569/4/3 4566/4/3 4565/4/3
f 4569/3/3 4565/3/3 4568/3/3
f 4570/3/3 4567/3/3 4566/3/3
f 4570/4/3 4566/4/3 4569/4/3
f 4571/3/3 4567/3/3 4570/3/3
f 4576/3/3 4573/3/3 4572/3/3
f 4577/4/3 4574/4/3 4573/4/3
f 4577/3/3 4573/3/3 4576/3/3
f 4578/3/3 4575/3/3 4574/3/3
f 4578/4/3 4574/4/3 4577/4/3
f 4579/3/3 4575/3/3 4578/3/3
f 4584/2/3 4581/2/3 4580/2/3
f 4585/2/3 4581/2/3 4584/2/3
f 4586/2/3 4583/2/3 4582/2/3
f 4587/2/3 4583/2/3 4586/2/3
f 4590/6/3 4589/6/3 4588/6/3
f 4591/6/3 4589/6/3 4590/6/3
f 4592/6/3 4589/6/3 4591/6/3
f 4593/6/3 4589/6/3 4592/6/3
f 4594/6/3 4592/6/3 4591/6/3
f 4596/6/3 4594/6/3 4591/6/3
f 4596/6/3 4595/6/3 4594/6/3
f 4597/6/3 4595/6/3 4596/6/3
f 4601/6/3 4599/6/3 4598/6/3
f 4602/6/3 4599/6/3 4601/6/3
f 4603/6/3 4601/6/3 4600/6/3
f 4604/6/3 4601/6/3 4603/6/3
f 4607/6/3 4606/6/3 4605/6/3
f 4608/6/3 4606/6/3 4607/6/3
f 4610/6/3 4609/6/3 4608/6/3
f 4611/6/3 4609/6/3 4610/6/3
f 4614/6/3 4613/6/3 4612/6/3
f 4615/6/3 4613/6/3 4614/6/3
f 4616/6/3 4613/6/3 4615/6/3
f 4619/6/3 4617/6/3 4616/6/3
f 4619/6/3 4616/6/3 4615/6/3
f 4620/6/3 4617/6/3 4619/6/3
f 4622/6/3 4619/6/3 4618/6/3
f 4622/6/3 4621/6/3 4620/6/3
f 4622/6/3 4620/6/3 4619/6/3
f 4623/6/3 4621/6/3 4622/6/3
f 4624/6/3 4621/6/3 4623/6/3
f 4629/2/3 4626/2/3 4625/2/3
f 4630/2/3 4626/2/3 4629/2/3
f 4633/2/3 4628/2/3 4627/2/3
f 4634/2/3 4628/2/3 4633/2/3
f 4635/3/3 4631/3/3 4630/3/3
f 4636/4/3 4632/4/3 4631/4/3
f 4636/3/3 4631/3/3 4635/3/3
f 4637/3/3 4633/3/3 4632/3/3
f 4637/4/3 4632/4/3 4636/4/3
f 4638/3/3 4633/3/3 4637/3/3
f 4644/3/3 4640/3/3 4639/3/3
f 4645/4/3 4641/4/3 4640/4/3
f 4645/3/3 4640/3/3 4644/3/3
f 4646/3/3 4642/3/3 4641/3/3
f 4646/4/3 4641/4/3 4645/4/3
f 4647/3/3 4642/3/3 4646/3/3
f 4649/2/3 4644/2/3 4643/2/3
f 4650/2/3 4644/2/3 4649/2/3
f 4651/2/3 4648/2/3 4647/2/3
f 4652/2/3 4648/2/3 4651/2/3
f 4656/6/3 4654/6/3 4653/6/3
f 4656/6/3 4655/6/3 4654/6/3
f 4657/6/3 4655/6/3 4656/6/3
f 4658/6/3 4655/6/3 4657/6/3
f 4659/6/3 4655/6/3 4658/6/3
f 4661/6/3 4658/6/3 4657/6/3
f 4662/6/3 4658/6/3 4661/6/3
f 4663/6/3 4658/6/3 4662/6/3
f 4664/6/3 4661/6/3 4660/6/3
f 4664/6/3 4662/6/3 4661/6/3
f 4665/6/3 4662/6/3 4664/6/3
f 4669/6/3 4667/6/3 4666/6/3
f 4670/6/3 4667/6/3 4669/6/3
f 4671/6/3 4669/6/3 4668/6/3
f 4672/6/3 4669/6/3 4671/6/3
f 4675/6/3 4674/6/3 4673/6/3
f 4676/6/3 4674/6/3 4675/6/3
f 4678/6/3 4677/6/3 4676/6/3
f 4679/6/3 4677/6/3 4678/6/3
f 4682/6/3 4681/6/3 4680/6/3
f 4683/6/3 4681/6/3 4682/6/3
f 4685/6/3 4684/6/3 4683/6/3
f 4686/6/3 4684/6/3 4685/6/3
f 4688/6/3 4687/6/3 4686/6/3
f 4689/6/3 4687/6/3 4688/6/3
f 4691/6/3 4687/6/3 4689/6/3
f 4692/6/3 4687/6/3 4691/6/3
f 4696/6/3 4691/6/3 4690/6/3
f 4696/6/3 4692/6/3 4691/6/3
f 4697/6/3 4692/6/3 4696/6/3
f 4698/2/3 4693/2/3 4692/2/3
f 4698/6/3 4692/6/3 4697/6/3
f 4699/2/3 4693/2/3 4698/2/3
f 4700/3/3 4695/3/3 4694/3/3
f 4701/4/3 4696/4/3 4695/4/3
f 4701/3/3 4695/3/3 4700/3/3
f 4702/3/3 4697/3/3 4696/3/3
f 4702/4/3 4696/4/3 4701/4/3
f 4703/3/3 4697/3/3 4702/3/3
f 4708/3/3 4705/3/3 4704/3/3
f 4709/4/3 4706/4/3 4705/4/3
f 4709/3/3 4705/3/3 4708/3/3
f 4710/3/3 4707/3/3 4706/3/3
f 4710/4/3 4706/4/3 4709/4/3
f 4711/3/3 4707/3/3 4710/3/3
f 4714/6/3 4711/6/3 4710/6/3
f 4714/6/3 4712/6/3 4711/6/3
f 4715/6/3 4712/6/3 4714/6/3
f 4716/2/3 4713/2/3 4712/2/3
f 4716/6/3 4712/6/3 4715/6/3
f 4717/2/3 4713/2/3 4716/2/3
f 4719/6/3 4716/6/3 4715/6/3
f 4721/6/3 4719/6/3 4718/6/3
f 4722/6/3 4716/6/3 4719/6/3
f 4722/6/3 4719/6/3 4721/6/3
f 4724/6/3 4721/6/3 4720/6/3
f 4725/6/3 4721/6/3 4724/6/3
f 4726/6/3 4724/6/3 4723/6/3
f 4727/6/3 4724/6/3 4726/6/3
f 4731/6/3 4729/6/3 4728/6/3
f 4732/6/3 4729/6/3 4731/6/3
f 4733/6/3 4731/6/3 4730/6/3
f 4734/6/3 4731/6/3 4733/6/3
f 4737/6/3 4736/6/3 4735/6/3
f 4738/6/3 4736/6/3 4737/6/3
f 4740/6/3 4739/6/3 4738/6/3
f 4741/6/3 4739/6/3 4740/6/3
f 4744/6/3 4743/6/3 4742/6/3
f 4745/6/3 4743/6/3 4744/6/3
f 4747/6/3 4746/6/3 4745/6/3
f 4748/6/3 4746/6/3 4747/6/3
f 4750/6/3 4749/6/3 4748/6/3
f 4751/6/3 4749/6/3 4750/6/3
f 4754/6/3 4753/6/3 4752/6/3
f 4755/6/3 4753/6/3 4754/6/3
f 4756/6/3 4753/6/3 4755/6/3
f 4758/6/3 4757/6/3 4756/6/3
f 4758/6/3 4756/6/3 4755/6/3
f 4759/6/3 4757/6/3 4758/6/3
f 4760/6/3 4758/6/3 4755/6/3
f 4761/6/3 4758/6/3 4760/6/3
f 4764/6/3 4763/6/3 4762/6/3
f 4767/6/3 4764/6/3 4762/6/3
f 4767/6/3 4765/6/3 4764/6/3
f 4768/6/3 4765/6/3 4767/6/3
f 4769/6/3 4765/6/3 4768/6/3
f 4770/6/3 4767/6/3 4766/6/3
f 4770/6/3 4768/6/3 4767/6/3
f 4771/6/3 4768/6/3 4770/6/3
f 4775/6/3 4773/6/3 4772/6/3
f 4776/6/3 4773/6/3 4775/6/3
f 4778/6/3 4775/6/3 4774/6/3
f 4779/6/3 4775/6/3 4778/6/3
f 4780/6/3 4778/6/3 4777/6/3
f 4781/6/3 4778/6/3 4780/6/3
f 4785/6/3 4783/6/3 4782/6/3
f 4786/6/3 4783/6/3 4785/6/3
f 4787/6/3 4785/6/3 4784/6/3
f 4788/6/3 4785/6/3 4787/6/3
f 4791/6/3 4790/6/3 4789/6/3
f 4792/6/3 4790/6/3 4791/6/3
f 4795/6/3 4794/6/3 4793/6/3
f 4796/6/3 4794/6/3 4795/6/3
f 4799/6/3 4798/6/3 4797/6/3
f 4800/6/3 4798/6/3 4799/6/3
f 4802/6/3 4801/6/3 4800/6/3
f 4803/6/3 4801/6/3 4802/6/3
f 4805/6/3 4804/6/3 4803/6/3
f 4806/6/3 4804/6/3 4805/6/3
f 4809/6/3 4808/6/3 4807/6/3
f 4810/6/3 4808/6/3 4809/6/3
f 4811/6/3 4808/6/3 4810/6/3
f 4813/6/3 4812/6/3 4811/6/3
f 4813/6/3 4811/6/3 4810/6/3
f 4814/6/3 4812/6/3 4813/6/3
f 4815/6/3 4812/6/3 4814/6/3
f 4820/6/3 4817/6/3 4816/6/3
f 4820/6/3 4818/6/3 4817/6/3
f 4821/6/3 4818/6/3 4820/6/3
f 4822/6/3 4818/6/3 4821/6/3
f 4823/6/3 4820/6/3 4819/6/3
f 4823/6/3 4821/6/3 4820/6/3
f 4824/6/3 4821/6/3 4823/6/3
f 4827/6/3 4826/6/3 4825/6/3
f 4828/6/3 4826/6/3 4827/6/3
f 4829/6/3 4826/6/3 4828/6/3
f 4831/6/3 4829/6/3 4828/6/3
f 4831/6/3 4830/6/3 4829/6/3
f 4832/6/3 4830/6/3 4831/6/3
f 4833/6/3 4830/6/3 4832/6/3
f 4838/6/3 4835/6/3 4834/6/3
f 4838/6/3 4836/6/3 4835/6/3
f 4839/6/3 4836/6/3 4838/6/3
f 4840/6/3 4836/6/3 4839/6/3
f 4841/6/3 4838/6/3 4837/6/3
f 4841/6/3 4839/6/3 4838/6/3
f 4842/6/3 4839/6/3 4841/6/3
f 4846/6/3 4844/6/3 4843/6/3
f 4847/6/3 4844/6/3 4846/6/3
f 4849/6/3 4846/6/3 4845/6/3
f 4850/6/3 4846/6/3 4849/6/3
f 4851/6/3 4849/6/3 4848/6/3
f 4852/6/3 4849/6/3 4851/6/3
f 4857/6/3 4854/6/3 4853/6/3
f 4858/6/3 4854/6/3 4857/6/3
f 4859/6/3 4856/6/3 4855/6/3
f 4860/6/3 4856/6/3 4859/6/3
f 4863/6/3 4862/6/3 4861/6/3
f 4864/6/3 4862/6/3 4863/6/3
f 4867/6/3 4866/6/3 4865/6/3
f 4868/6/3 4866/6/3 4867/6/3
f 4871/6/3 4870/6/3 4869/6/3
f 4872/6/3 4870/6/3 4871/6/3
f 4874/6/3 4873/6/3 4872/6/3
f 4875/6/3 4873/6/3 4874/6/3
f 4878/6/3 4877/6/3 4876/6/3
f 4879/6/3 4877/6/3 4878/6/3
f 4881/6/3 4880/6/3 4879/6/3
f 4882/6/3 4880/6/3 4881/6/3
f 4886/6/3 4884/6/3 4883/6/3
f 4886/6/3 4885/6/3 4884/6/3
f 4887/6/3 4885/6/3 4886/6/3
f 4889/6/3 4885/6/3 4887/6/3
f 4891/6/3 4889/6/3 4888/6/3
f 4892/6/3 4885/6/3 4889/6/3
f 4892/6/3 4889/6/3 4891/6/3
f 4893/6/3 4891/6/3 4890/6/3
f 4894/6/3 4891/6/3 4893/6/3
f 4897/6/3 4896/6/3 4895/6/3
f 4898/6/3 4896/6/3 4897/6/3
f 4900/6/3 4899/6/3 4898/6/3
f 4901/6/3 4899/6/3 4900/6/3
f 4903/6/3 4899/6/3 4901/6/3
f 4904/6/3 4903/6/3 4902/6/3
f 4905/6/3 4903/6/3 4904/6/3
f 4906/6/3 4899/6/3 4903/6/3
f 4906/6/3 4903/6/3 4905/6/3
f 4910/6/3 4908/6/3 4907/6/3
f 4911/6/3 4908/6/3 4910/6/3
f 4912/6/3 4910/6/3 4909/6/3
f 4913/6/3 4910/6/3 4912/6/3
f 4917/6/3 4915/6/3 4914/6/3
f 4918/6/3 4915/6/3 4917/6/3
f 4921/6/3 4917/6/3 4916/6/3
f 4922/6/3 4917/6/3 4921/6/3
f 4923/6/3 4920/6/3 4919/6/3
f 4924/6/3 4920/6/3 4923/6/3
f 4927/6/3 4926/6/3 4925/6/3
f 4928/6/3 4926/6/3 4927/6/3
f 4931/6/3 4930/6/3 4929/6/3
f 4932/6/3 4930/6/3 4931/6/3
f 4935/6/3 4934/6/3 4933/6/3
f 4936/6/3 4934/6/3 4935/6/3
f 4939/6/3 4938/6/3 4937/6/3
f 4940/6/3 4938/6/3 4939/6/3
f 4943/6/3 4942/6/3 4941/6/3
f 4944/6/3 4942/6/3 4943/6/3
f 4947/6/3 4946/6/3 4945/6/3
f 4948/6/3 4946/6/3 4947/6/3
f 4953/6/3 4950/6/3 4949/6/3
f 4954/6/3 4950/6/3 4953/6/3
f 4955/6/3 4952/6/3 4951/6/3
f 4956/6/3 4952/6/3 4955/6/3
f 4959/6/3 4958/6/3 4957/6/3
f 4960/6/3 4958/6/3 4959/6/3
f 4963/6/3 4962/6/3 4961/6/3
f 4964/6/3 4962/6/3 4963/6/3
f 4967/2/3 4966/2/3 4965/2/3
f 4968/2/3 4966/2/3 4967/2/3
f 4971/6/3 4970/6/3 4969/6/3
f 4972/6/3 4970/6/3 4971/6/3
f 4975/6/3 4974/6/3 4973/6/3
f 4976/6/3 4974/6/3 4975/6/3
f 4979/6/3 4978/6/3 4977/6/3
f 4980/6/3 4978/6/3 4979/6/3
f 4985/6/3 4982/6/3 4981/6/3
f 4986/6/3 4982/6/3 4985/6/3
f 4987/2/3 4984/2/3 4983/2/3
f 4988/2/3 4984/2/3 4987/2/3
f 4991/6/3 4990/6/3 4989/6/3
f 4992/6/3 4990/6/3 4991/6/3
f 4995/2/3 4994/2/3 4993/2/3
f 4996/2/3 4994/2/3 4995/2/3
f 4997/2/3 4994/2/3 4996/2/3
f 5000/6/3 4999/6/3 4998/6/3
f 5001/6/3 4999/6/3 5000/6/3
f 5004/6/3 5003/6/3 5002/6/3
f 5005/6/3 5003/6/3 5004/6/3
f 5009/2/3 5007/2/3 5006/2/3
f 5009/2/3 5008/2/3 5007/2/3
f 5010/2/3 5008/2/3 5009/2/3
f 5015/2/3 5012/2/3 5011/2/3
f 5016/2/3 5012/2/3 5015/2/3
f 5019/2/3 5014/2/3 5013/2/3
f 5020/2/3 5014/2/3 5019/2/3
f 5021/3/3 5017/3/3 5016/3/3
f 5022/4/3 5018/4/3 5017/4/3
f 5022/3/3 5017/3/3 5021/3/3
f 5023/3/3 5019/3/3 5018/3/3
f 5023/4/3 5018/4/3 5022/4/3
f 5024/3/3 5019/3/3 5023/3/3
f 5030/3/3 5026/3/3 5025/3/3
f 5031/4/3 5027/4/3 5026/4/3
f 5031/3/3 5026/3/3 5030/3/3
f 5032/3/3 5028/3/3 5027/3/3
f 5032/4/3 5027/4/3 5031/4/3
f 5033/3/3 5028/3/3 5032/3/3
f 5035/2/3 5030/2/3 5029/2/3
f 5036/2/3 5030/2/3 5035/2/3
f 5037/2/3 5034/2/3 5033/2/3
f 5038/2/3 5034/2/3 5037/2/3
f 5043/2/3 5040/2/3 5039/2/3
f 5044/2/3 5040/2/3 5043/2/3
f 5045/2/3 5042/2/3 5041/2/3
f 5046/2/3 5042/2/3 5045/2/3
f 5051/2/3 5048/2/3 5047/2/3
f 5052/2/3 5048/2/3 5051/2/3
f 5053/2/3 5050/2/3 5049/2/3
f 5054/2/3 5050/2/3 5053/2/3
f 5059/3/3 5056/3/3 5055/3/3
f 5060/4/3 5057/4/3 5056/4/3
f 5060/3/3 5056/3/3 5059/3/3
f 5061/3/3 5058/3/3 5057/3/3
f 5061/4/3 5057/4/3 5060/4/3
f 5062/3/3 5058/3/3 5061/3/3
f 5067/3/3 5064/3/3 5063/3/3
f 5068/4/3 5065/4/3 5064/4/3
f 5068/3/3 5064/3/3 5067/3/3
f 5069/3/3 5066/3/3 5065/3/3
f 5069/4/3 5065/4/3 5068/4/3
f 5070/3/3 5066/3/3 5069/3/3
f 5075/2/3 5072/2/3 5071/2/3
f 5076/2/3 5072/2/3 5075/2/3
f 5079/2/3 5074/2/3 5073/2/3
f 5080/2/3 5074/2/3 5079/2/3
f 5081/3/3 5077/3/3 5076/3/3
f 5082/4/3 5078/4/3 5077/4/3
f 5082/3/3 5077/3/3 5081/3/3
f 5083/3/3 5079/3/3 5078/3/3
f 5083/4/3 5078/4/3 5082/4/3
f 5084/3/3 5079/3/3 5083/3/3
f 5090/3/3 5086/3/3 5085/3/3
f 5091/4/3 5087/4/3 5086/4/3
f 5091/3/3 5086/3/3 5090/3/3
f 5092/3/3 5088/3/3 5087/3/3
f 5092/4/3 5087/4/3 5091/4/3
f 5093/3/3 5088/3/3 5092/3/3
f 5095/2/3 5090/2/3 5089/2/3
f 5096/2/3 5090/2/3 5095/2/3
f 5097/2/3 5094/2/3 5093/2/3
f 5098/2/3 5094/2/3 5097/2/3
f 5103/2/3 5100/2/3 5099/2/3
f 5104/2/3 5100/2/3 5103/2/3
f 5105/2/3 5102/2/3 5101/2/3
f 5106/2/3 5102/2/3 5105/2/3
f 5111/2/3 5108/2/3 5107/2/3
f 5112/2/3 5108/2/3 5111/2/3
f 5113/2/3 5110/2/3 5109/2/3
f 5114/2/3 5110/2/3 5113/2/3
f 5119/3/3 5116/3/3 5115/3/3
f 5120/4/3 5117/4/3 5116/4/3
f 5120/3/3 5116/3/3 5119/3/3
f 5121/3/3 5118/3/3 5117/3/3
f 5121/4/3 5117/4/3 5120/4/3
f 5122/3/3 5118/3/3 5121/3/3
f 5127/3/3 5124/3/3 5123/3/3
f 5128/4/3 5125/4/3 5124/4/3
f 5128/3/3 5124/3/3 5127/3/3
f 5129/3/3 5126/3/3 5125/3/3
f 5129/4/3 5125/4/3 5128/4/3
f 5130/3/3 5126/3/3 5129/3/3
f 5135/2/3 5132/2/3 5131/2/3
f 5136/2/3 5132/2/3 5135/2/3
f 5139/2/3 5134/2/3 5133/2/3
f 5140/2/3 5134/2/3 5139/2/3
f 5141/3/3 5137/3/3 5136/3/3
f 5142/4/3 5138/4/3 5137/4/3
f 5142/3/3 5137/3/3 5141/3/3
f 5143/3/3 5139/3/3 5138/3/3
f 5143/4/3 5138/4/3 5142/4/3
f 5144/3/3 5139/3/3 5143/3/3
f 5150/3/3 5146/3/3 5145/3/3
f 5151/4/3 5147/4/3 5146/4/3
f 5151/3/3 5146/3/3 5150/3/3
f 5152/3/3 5148/3/3 5147/3/3
f 5152/4/3 5147/4/3 5151/4/3
f 5153/3/3 5148/3/3 5152/3/3
f 5155/2/3 5150/2/3 5149/2/3
f 5156/2/3 5150/2/3 5155/2/3
f 5157/2/3 5154/2/3 5153/2/3
f 5158/2/3 5154/2/3 5157/2/3
f 5163/2/3 5160/2/3 5159/2/3
f 5164/2/3 5160/2/3 5163/2/3
f 5167/2/3 5162/2/3 5161/2/3
f 5168/2/3 5162/2/3 5167/2/3
f 5169/3/3 5165/3/3 5164/3/3
f 5170/4/3 5166/4/3 5165/4/3
f 5170/3/3 5165/3/3 5169/3/3
f 5171/3/3 5167/3/3 5166/3/3
f 5171/4/3 5166/4/3 5170/4/3
f 5172/3/3 5167/3/3 5171/3/3
f 5178/3/3 5174/3/3 5173/3/3
f 5179/4/3 5175/4/3 5174/4/3
f 5179/3/3 5174/3/3 5178/3/3
f 5180/3/3 5176/3/3 5175/3/3
f 5180/4/3 5175/4/3 5179/4/3
f 5181/3/3 5176/3/3 5180/3/3
f 5183/2/3 5178/2/3 5177/2/3
f 5184/2/3 5178/2/3 5183/2/3
f 5185/2/3 5182/2/3 5181/2/3
f 5186/2/3 5182/2/3 5185/2/3
f 5191/2/3 5188/2/3 5187/2/3
f 5192/2/3 5188/2/3 5191/2/3
f 5195/2/3 5190/2/3 5189/2/3
f 5196/2/3 5190/2/3 5195/2/3
f 5197/3/3 5193/3/3 5192/3/3
f 5198/4/3 5194/4/3 5193/4/3
f 5198/3/3 5193/3/3 5197/3/3
f 5199/3/3 5195/3/3 5194/3/3
f 5199/4/3 5194/4/3 5198/4/3
f 5200/3/3 5195/3/3 5199/3/3
f 5206/3/3 5202/3/3 5201/3/3
f 5207/4/3 5203/4/3 5202/4/3
f 5207/3/3 5202/3/3 5206/3/3
f 5208/3/3 5204/3/3 5203/3/3
f 5208/4/3 5203/4/3 5207/4/3
f 5209/3/3 5204/3/3 5208/3/3
f 5211/2/3 5206/2/3 5205/2/3
f 5212/2/3 5206/2/3 5211/2/3
f 5213/2/3 5210/2/3 5209/2/3
f 5214/2/3 5210/2/3 5213/2/3
f 5219/2/3 5216/2/3 5215/2/3
f 5220/2/3 5216/2/3 5219/2/3
f 5223/2/3 5218/2/3 5217/2/3
f 5224/2/3 5218/2/3 5223/2/3
f 5225/3/3 5221/3/3 5220/3/3
f 5226/4/3 5222/4/3 5221/4/3
f 5226/3/3 5221/3/3 5225/3/3
f 5227/3/3 5223/3/3 5222/3/3
f 5227/4/3 5222/4/3 5226/4/3
f 5228/3/3 5223/3/3 5227/3/3
f 5234/3/3 5230/3/3 5229/3/3
f 5235/4/3 5231/4/3 5230/4/3
f 5235/3/3 5230/3/3 5234/3/3
f 5236/3/3 5232/3/3 5231/3/3
f 5236/4/3 5231/4/3 5235/4/3
f 5237/3/3 5232/3/3 5236/3/3
f 5239/2/3 5234/2/3 5233/2/3
f 5240/2/3 5234/2/3 5239/2/3
f 5241/2/3 5238/2/3 5237/2/3
f 5242/2/3 5238/2/3 5241/2/3
f 5247/2/3 5244/2/3 5243/2/3
f 5248/2/3 5244/2/3 5247/2/3
f 5251/2/3 5246/2/3 5245/2/3
f 5252/2/3 5246/2/3 5251/2/3
f 5253/3/3 5249/3/3 5248/3/3
f 5254/4/3 5250/4/3 5249/4/3
f 5254/3/3 5249/3/3 5253/3/3
f 5255/3/3 5251/3/3 5250/3/3
f 5255/4/3 5250/4/3 5254/4/3
f 5256/3/3 5251/3/3 5255/3/3
f 5262/3/3 5258/3/3 5257/3/3
f 5263/4/3 5259/4/3 5258/4/3
f 5263/3/3 5258/3/3 5262/3/3
f 5264/3/3 5260/3/3 5259/3/3
f 5264/4/3 5259/4/3 5263/4/3
f 5265/3/3 5260/3/3 5264/3/3
f 5267/2/3 5262/2/3 5261/2/3
f 5268/2/3 5262/2/3 5267/2/3
f 5269/2/3 5266/2/3 5265/2/3
f 5270/2/3 5266/2/3 5269/2/3
f 5275/2/3 5272/2/3 5271/2/3
f 5276/2/3 5272/2/3 5275/2/3
f 5277/2/3 5274/2/3 5273/2/3
f 5278/2/3 5274/2/3 5277/2/3
f 5283/2/3 5280/2/3 5279/2/3
f 5284/2/3 5280/2/3 5283/2/3
f 5285/2/3 5282/2/3 5281/2/3
f 5286/2/3 5282/2/3 5285/2/3
f 5291/3/3 5288/3/3 5287/3/3
f 5292/4/3 5289/4/3 5288/4/3
f 5292/3/3 5288/3/3 5291/3/3
f 5293/3/3 5290/3/3 5289/3/3
f 5293/4/3 5289/4/3 5292/4/3
f 5294/3/3 5290/3/3 5293/3/3
f 5299/3/3 5296/3/3 5295/3/3
f 5300/4/3 5297/4/3 5296/4/3
f 5300/3/3 5296/3/3 5299/3/3
f 5301/3/3 5298/3/3 5297/3/3
f 5301/4/3 5297/4/3 5300/4/3
f 5302/3/3 5298/3/3 5301/3/3
f 5307/2/3 5304/2/3 5303/2/3
f 5308/2/3 5304/2/3 5307/2/3
f 5309/2/3 5306/2/3 5305/2/3
f 5310/2/3 5306/2/3 5309/2/3
f 5315/2/3 5312/2/3 5311/2/3
f 5316/2/3 5312/2/3 5315/2/3
f 5317/2/3 5314/2/3 5313/2/3
f 5318/2/3 5314/2/3 5317/2/3
f 5323/3/3 5320/3/3 5319/3/3
f 5324/4/3 5321/4/3 5320/4/3
f 5324/3/3 5320/3/3 5323/3/3
f 5325/3/3 5322/3/3 5321/3/3
f 5325/4/3 5321/4/3 5324/4/3
f 5326/3/3 5322/3/3 5325/3/3
f 5331/3/3 5328/3/3 5327/3/3
f 5332/4/3 5329/4/3 5328/4/3
f 5332/3/3 5328/3/3 5331/3/3
f 5333/3/3 5330/3/3 5329/3/3
f 5333/4/3 5329/4/3 5332/4/3
f 5334/3/3 5330/3/3 5333/3/3
f 5337/6/3 5336/6/3 5335/6/3
f 5339/6/3 5338/6/3 5337/6/3
f 5341/6/3 5340/6/3 5339/6/3
f 5343/6/3 5337/6/3 5335/6/3
f 5343/6/3 5342/6/3 5341/6/3
f 5343/6/3 5341/6/3 5339/6/3
f 5343/6/3 5339/6/3 5337/6/3
f 5344/6/3 5342/6/3 5343/6/3
f 5345/6/3 5342/6/3 5344/6/3
f 5349/6/3 5347/6/3 5346/6/3
f 5349/6/3 5348/6/3 5347/6/3
f 5350/6/3 5348/6/3 5349/6/3
f 5351/6/3 5349/6/3 5346/6/3
f 5352/6/3 5349/6/3 5351/6/3
f 5353/6/3 5351/6/3 5346/6/3
f 5354/6/3 5351/6/3 5353/6/3
f 5355/6/3 5353/6/3 5346/6/3
f 5356/6/3 5353/6/3 5355/6/3
f 5359/6/3 5358/6/3 5357/6/3
f 5360/6/3 5358/6/3 5359/6/3
f 5363/6/3 5362/6/3 5361/6/3
f 5365/6/3 5363/6/3 5361/6/3
f 5365/6/3 5364/6/3 5363/6/3
f 5366/6/3 5364/6/3 5365/6/3
f 5367/6/3 5364/6/3 5366/6/3
f 5369/6/3 5368/6/3 5367/6/3
f 5369/6/3 5367/6/3 5366/6/3
f 5370/6/3 5368/6/3 5369/6/3
f 5371/6/3 5368/6/3 5370/6/3
f 5374/6/3 5372/6/3 5371/6/3
f 5374/6/3 5371/6/3 5370/6/3
f 5375/6/3 5372/6/3 5374/6/3
f 5376/6/3 5372/6/3 5375/6/3
f 5378/6/3 5374/6/3 5373/6/3
f 5379/6/3 5374/6/3 5378/6/3
f 5380/6/3 5374/6/3 5379/6/3
f 5381/6/3 5374/6/3 5380/6/3
f 5382/6/3 5377/6/3 5376/6/3
f 5382/6/3 5376/6/3 5375/6/3
f 5384/6/3 5383/6/3 5382/6/3
f 5386/6/3 5385/6/3 5384/6/3
f 5388/6/3 5382/6/3 5375/6/3
f 5388/6/3 5387/6/3 5386/6/3
f 5388/6/3 5386/6/3 5384/6/3
f 5388/6/3 5384/6/3 5382/6/3
f 5389/6/3 5387/6/3 5388/6/3
f 5392/6/3 5391/6/3 5390/6/3
f 5393/6/3 5391/6/3 5392/6/3
f 5394/6/3 5392/6/3 5390/6/3
f 5395/6/3 5392/6/3 5394/6/3
f 5400/6/3 5394/6/3 5390/6/3
f 5401/6/3 5394/6/3 5400/6/3
f 5402/6/3 5399/6/3 5398/6/3
f 5402/6/3 5397/6/3 5396/6/3
f 5402/6/3 5398/6/3 5397/6/3
f 5403/6/3 5399/6/3 5402/6/3
f 5404/6/3 5400/6/3 5390/6/3
f 5405/6/3 5400/6/3 5404/6/3
f 5406/6/3 5400/6/3 5405/6/3
f 5408/6/3 5404/6/3 5403/6/3
f 5408/6/3 5405/6/3 5404/6/3
f 5409/6/3 5405/6/3 5408/6/3
f 5410/6/3 5405/6/3 5409/6/3
f 5412/6/3 5408/6/3 5407/6/3
f 5412/6/3 5409/6/3 5408/6/3
f 5413/6/3 5409/6/3 5412/6/3
f 5414/6/3 5409/6/3 5413/6/3
f 5415/6/3 5412/6/3 5411/6/3
f 5415/6/3 5413/6/3 5412/6/3
f 5416/6/3 5413/6/3 5415/6/3
f 5419/6/3 5415/6/3 5411/6/3
f 5420/6/3 5415/6/3 5419/6/3
f 5421/6/3 5418/6/3 5417/6/3
f 5422/6/3 5418/6/3 5421/6/3
f 5425/6/3 5424/6/3 5423/6/3
f 5426/6/3 5424/6/3 5425/6/3
f 5429/6/3 5428/6/3 5427/6/3
f 5430/6/3 5428/6/3 5429/6/3
f 5433/6/3 5432/6/3 5431/6/3
f 5434/6/3 5432/6/3 5433/6/3
f 5436/6/3 5435/6/3 5434/6/3
f 5437/6/3 5435/6/3 5436/6/3
f 5439/6/3 5438/6/3 5437/6/3
f 5440/6/3 5438/6/3 5439/6/3
f 5441/6/3 5438/6/3 5440/6/3
f 5443/6/3 5442/6/3 5441/6/3
f 5443/6/3 5441/6/3 5440/6/3
f 5444/6/3 5442/6/3 5443/6/3
f 5445/6/3 5442/6/3 5444/6/3
f 5447/6/3 5446/6/3 5445/6/3
f 5447/6/3 5445/6/3 5444/6/3
f 5448/6/3 5446/6/3 5447/6/3
f 5452/6/3 5450/6/3 5449/6/3
f 5453/6/3 5450/6/3 5452/6/3
f 5454/6/3 5450/6/3 5453/6/3
f 5456/6/3 5452/6/3 5451/6/3
f 5456/6/3 5453/6/3 5452/6/3
f 5457/6/3 5453/6/3 5456/6/3
f 5458/6/3 5453/6/3 5457/6/3
f 5460/6/3 5456/6/3 5455/6/3
f 5460/6/3 5457/6/3 5456/6/3
f 5461/6/3 5457/6/3 5460/6/3
f 5463/6/3 5460/6/3 5459/6/3
f 5464/6/3 5460/6/3 5463/6/3
f 5467/6/3 5463/6/3 5462/6/3
f 5468/6/3 5463/6/3 5467/6/3
f 5471/6/3 5466/6/3 5465/6/3
f 5472/6/3 5466/6/3 5471/6/3
f 5473/6/3 5470/6/3 5469/6/3
f 5474/6/3 5470/6/3 5473/6/3
f 5477/6/3 5476/6/3 5475/6/3
f 5478/6/3 5476/6/3 5477/6/3
f 5481/6/3 5480/6/3 5479/6/3
f 5482/6/3 5480/6/3 5481/6/3
f 5485/6/3 5484/6/3 5483/6/3
f 5486/6/3 5484/6/3 5485/6/3
f 5489/6/3 5488/6/3 5487/6/3
f 5490/6/3 5488/6/3 5489/6/3
f 5495/6/3 5492/6/3 5491/6/3
f 5496/6/3 5492/6/3 5495/6/3
f 5499/6/3 5494/6/3 5493/6/3
f 5500/6/3 5494/6/3 5499/6/3
f 5503/6/3 5498/6/3 5497/6/3
f 5504/6/3 5498/6/3 5503/6/3
f 5505/6/3 5502/6/3 5501/6/3
f 5506/6/3 5502/6/3 5505/6/3
f 5512/3/3 5508/3/3 5507/3/3
f 5513/4/3 5509/4/3 5508/4/3
f 5513/3/3 5508/3/3 5512/3/3
f 5514/3/3 5510/3/3 5509/3/3
f 5514/4/3 5509/4/3 5513/4/3
f 5515/2/3 5511/2/3 5510/2/3
f 5515/3/3 5510/3/3 5514/3/3
f 5516/2/3 5511/2/3 5515/2/3
f 5522/3/3 5518/3/3 5517/3/3
f 5523/4/3 5519/4/3 5518/4/3
f 5523/3/3 5518/3/3 5522/3/3
f 5524/3/3 5520/3/3 5519/3/3
f 5524/4/3 5519/4/3 5523/4/3
f 5525/2/3 5521/2/3 5520/2/3
f 5525/3/3 5520/3/3 5524/3/3
f 5526/2/3 5521/2/3 5525/2/3
f 5532/3/3 5528/3/3 5527/3/3
f 5533/4/3 5529/4/3 5528/4/3
f 5533/3/3 5528/3/3 5532/3/3
f 5534/3/3 5530/3/3 5529/3/3
f 5534/4/3 5529/4/3 5533/4/3
f 5535/2/3 5531/2/3 5530/2/3
f 5535/3/3 5530/3/3 5534/3/3
f 5536/2/3 5531/2/3 5535/2/3
f 5542/3/3 5538/3/3 5537/3/3
f 5543/4/3 5539/4/3 5538/4/3
f 5543/3/3 5538/3/3 5542/3/3
f 5544/3/3 5540/3/3 5539/3/3
f 5544/4/3 5539/4/3 5543/4/3
f 5545/2/3 5541/2/3 5540/2/3
f 5545/3/3 5540/3/3 5544/3/3
f 5546/2/3 5541/2/3 5545/2/3
f 5552/3/3 5548/3/3 5547/3/3
f 5553/4/3 5549/4/3 5548/4/3
f 5553/3/3 5548/3/3 5552/3/3
f 5554/3/3 5550/3/3 5549/3/3
f 5554/4/3 5549/4/3 5553/4/3
f 5555/2/3 5551/2/3 5550/2/3
f 5555/3/3 5550/3/3 5554/3/3
f 5556/2/3 5551/2/3 5555/2/3
f 5562/3/3 5558/3/3 5557/3/3
f 5563/4/3 5559/4/3 5558/4/3
f 5563/3/3 5558/3/3 5562/3/3
f 5564/3/3 5560/3/3 5559/3/3
f 5564/4/3 5559/4/3 5563/4/3
f 5565/2/3 5561/2/3 5560/2/3
f 5565/3/3 5560/3/3 5564/3/3
f 5566/2/3 5561/2/3 5565/2/3
f 5572/3/3 5568/3/3 5567/3/3
f 5573/4/3 5569/4/3 5568/4/3
f 5573/3/3 5568/3/3 5572/3/3
f 5574/3/3 5570/3/3 5569/3/3
f 5574/4/3 5569/4/3 5573/4/3
f 5575/2/3 5571/2/3 5570/2/3
f 5575/3/3 5570/3/3 5574/3/3
f 5576/2/3 5571/2/3 5575/2/3
f 5582/3/3 5578/3/3 5577/3/3
f 5583/4/3 5579/4/3 5578/4/3
f 5583/3/3 5578/3/3 5582/3/3
f 5584/3/3 5580/3/3 5579/3/3
f 5584/4/3 5579/4/3 5583/4/3
f 5585/2/3 5581/2/3 5580/2/3
f 5585/3/3 5580/3/3 5584/3/3
f 5586/2/3 5581/2/3 5585/2/3
f 5592/3/3 5588/3/3 5587/3/3
f 5593/4/3 5589/4/3 5588/4/3
f 5593/3/3 5588/3/3 5592/3/3
f 5594/3/3 5590/3/3 5589/3/3
f 5594/4/3 5589/4/3 5593/4/3
f 5595/2/3 5591/2/3 5590/2/3
f 5595/3/3 5590/3/3 5594/3/3
f 5596/2/3 5591/2/3 5595/2/3
f 5602/3/3 5598/3/3 5597/3/3
f 5603/4/3 5599/4/3 5598/4/3
f 5603/3/3 5598/3/3 5602/3/3
f 5604/3/3 5600/3/3 5599/3/3
f 5604/4/3 5599/4/3 5603/4/3
f 5605/2/3 5601/2/3 5600/2/3
f 5605/3/3 5600/3/3 5604/3/3
f 5606/2/3 5601/2/3 5605/2/3
f 5612/3/3 5608/3/3 5607/3/3
f 5613/4/3 5609/4/3 5608/4/3
f 5613/3/3 5608/3/3 5612/3/3
f 5614/3/3 5610/3/3 5609/3/3
f 5614/4/3 5609/4/3 5613/4/3
f 5615/2/3 5611/2/3 5610/2/3
f 5615/3/3 5610/3/3 5614/3/3
f 5616/2/3 5611/2/3 5615/2/3
f 5622/3/3 5618/3/3 5617/3/3
f 5623/4/3 5619/4/3 5618/4/3
f 5623/3/3 5618/3/3 5622/3/3
f 5624/3/3 5620/3/3 5619/3/3
f 5624/4/3 5619/4/3 5623/4/3
f 5625/2/3 5621/2/3 5620/2/3
f 5625/3/3 5620/3/3 5624/3/3
f 5626/2/3 5621/2/3 5625/2/3
f 5632/3/3 5628/3/3 5627/3/3
f 5633/4/3 5629/4/3 5628/4/3
f 5633/3/3 5628/3/3 5632/3/3
f 5634/3/3 5630/3/3 5629/3/3
f 5634/4/3 5629/4/3 5633/4/3
f 5635/2/3 5631/2/3 5630/2/3
f 5635/3/3 5630/3/3 5634/3/3
f 5636/2/3 5631/2/3 5635/2/3
f 5642/3/3 5638/3/3 5637/3/3
f 5643/4/3 5639/4/3 5638/4/3
f 5643/3/3 5638/3/3 5642/3/3
f 5644/3/3 5640/3/3 5639/3/3
f 5644/4/3 5639/4/3 5643/4/3
f 5645/2/3 5641/2/3 5640/2/3
f 5645/3/3 5640/3/3 5644/3/3
f 5646/2/3 5641/2/3 5645/2/3
f 5652/3/3 5648/3/3 5647/3/3
f 5653/4/3 5649/4/3 5648/4/3
f 5653/3/3 5648/3/3 5652/3/3
f 5654/3/3 5650/3/3 5649/3/3
f 5654/4/3 5649/4/3 5653/4/3
f 5655/2/3 5651/2/3 5650/2/3
f 5655/3/3 5650/3/3 5654/3/3
f 5656/2/3 5651/2/3 5655/2/3
f 5662/3/3 5658/3/3 5657/3/3
f 5663/4/3 5659/4/3 5658/4/3
f 5663/3/3 5658/3/3 5662/3/3
f 5664/3/3 5660/3/3 5659/3/3
f 5664/4/3 5659/4/3 5663/4/3
f 5665/2/3 5661/2/3 5660/2/3
f 5665/3/3 5660/3/3 5664/3/3
f 5666/2/3 5661/2/3 5665/2/3
f 5672/3/3 5668/3/3 5667/3/3
f 5673/4/3 5669/4/3 5668/4/3
f 5673/3/3 5668/3/3 5672/3/3
f 5674/3/3 5670/3/3 5669/3/3
f 5674/4/3 5669/4/3 5673/4/3
f 5675/2/3 5671/2/3 5670/2/3
f 5675/3/3 5670/3/3 5674/3/3
f 5676/2/3 5671/2/3 5675/2/3
f 5682/3/3 5678/3/3 5677/3/3
f 5683/4/3 5679/4/3 5678/4/3
f 5683/3/3 5678/3/3 5682/3/3
f 5684/3/3 5680/3/3 5679/3/3
f 5684/4/3 5679/4/3 5683/4/3
f 5685/2/3 5681/2/3 5680/2/3
f 5685/3/3 5680/3/3 5684/3/3
f 5686/2/3 5681/2/3 5685/2/3
f 5692/3/3 5688/3/3 5687/3/3
f 5693/4/3 5689/4/3 5688/4/3
f 5693/3/3 5688/3/3 5692/3/3
f 5694/3/3 5690/3/3 5689/3/3
f 5694/4/3 5689/4/3 5693/4/3
f 5695/2/3 5691/2/3 5690/2/3
f 5695/3/3 5690/3/3 5694/3/3
f 5696/2/3 5691/2/3 5695/2/3
f 5702/3/3 5698/3/3 5697/3/3
f 5703/4/3 5699/4/3 5698/4/3
f 5703/3/3 5698/3/3 5702/3/3
f 5704/3/3 5700/3/3 5699/3/3
f 5704/4/3 5699/4/3 5703/4/3
f 5705/2/3 5701/2/3 5700/2/3
f 5705/3/3 5700/3/3 5704/3/3
f 5706/2/3 5701/2/3 5705/2/3
f 5713/6/3 5708/6/3 5707/6/3
f 5713/6/3 5712/6/3 5711/6/3
f 5713/6/3 5711/6/3 5710/6/3
f 5713/6/3 5710/6/3 5709/6/3
f 5713/6/3 5709/6/3 5708/6/3
f 5714/6/3 5712/6/3 5713/6/3
f 5717/6/3 5716/6/3 5715/6/3
f 5718/6/3 5716/6/3 5717/6/3
f 5719/6/3 5716/6/3 5718/6/3
f 5720/6/3 5716/6/3 5719/6/3
f 5721/6/3 5716/6/3 5720/6/3
f 5722/6/3 5716/6/3 5721/6/3
f 5725/6/3 5724/6/3 5723/6/3
f 5726/6/3 5724/6/3 5725/6/3
f 5730/6/3 5727/6/3 5726/6/3
f 5731/5/3 5729/5/3 5728/5/3
f 5732/6/3 5730/6/3 5729/6/3
f 5732/5/3 5729/5/3 5731/5/3
f 5733/6/3 5727/6/3 5730/6/3
f 5733/6/3 5730/6/3 5732/6/3
f 5737/5/3 5735/5/3 5734/5/3
f 5738/6/3 5736/6/3 5735/6/3
f 5738/5/3 5735/5/3 5737/5/3
f 5739/6/3 5736/6/3 5738/6/3
f 5741/6/3 5736/6/3 5739/6/3
f 5742/6/3 5736/6/3 5741/6/3
f 5743/6/3 5741/6/3 5740/6/3
f 5744/6/3 5741/6/3 5743/6/3
f 5747/6/3 5746/6/3 5745/6/3
f 5748/6/3 5746/6/3 5747/6/3
f 5751/6/3 5750/6/3 5749/6/3
f 5752/6/3 5750/6/3 5751/6/3
f 5757/5/3 5755/5/3 5754/5/3
f 5757/5/3 5754/5/3 5753/5/3
f 5758/6/3 5756/6/3 5755/6/3
f 5758/5/3 5755/5/3 5757/5/3
f 5759/6/3 5756/6/3 5758/6/3
f 5763/5/3 5761/5/3 5760/5/3
f 5764/5/3 5761/5/3 5763/5/3
f 5765/6/3 5762/6/3 5761/6/3
f 5765/5/3 5761/5/3 5764/5/3
f 5766/6/3 5762/6/3 5765/6/3
f 5771/6/3 5768/6/3 5767/6/3
f 5772/6/3 5768/6/3 5771/6/3
f 5773/6/3 5770/6/3 5769/6/3
f 5774/6/3 5770/6/3 5773/6/3
f 5777/6/3 5776/6/3 5775/6/3
f 5778/6/3 5776/6/3 5777/6/3
f 5779/6/3 5776/6/3 5778/6/3
f 5780/6/3 5776/6/3 5779/6/3
f 5781/6/3 5776/6/3 5780/6/3
f 5784/6/3 5783/6/3 5782/6/3
f 5785/6/3 5783/6/3 5784/6/3
f 5789/5/3 5787/5/3 5786/5/3
f 5790/6/3 5788/6/3 5787/6/3
f 5790/5/3 5787/5/3 5789/5/3
f 5791/6/3 5788/6/3 5790/6/3
f 5795/5/3 5793/5/3 5792/5/3
f 5796/6/3 5794/6/3 5793/6/3
f 5796/5/3 5793/5/3 5795/5/3
f 5797/6/3 5794/6/3 5796/6/3
f 5800/6/3 5799/6/3 5798/6/3
f 5801/6/3 5799/6/3 5800/6/3
f 5806/6/3 5803/6/3 5802/6/3
f 5806/6/3 5804/6/3 5803/6/3
f 5807/6/3 5806/6/3 5805/6/3
f 5808/6/3 5804/6/3 5806/6/3
f 5808/6/3 5806/6/3 5807/6/3
f 5811/6/3 5810/6/3 5809/6/3
f 5812/6/3 5810/6/3 5811/6/3
f 5815/6/3 5814/6/3 5813/6/3
f 5816/6/3 5814/6/3 5815/6/3
f 5819/6/3 5818/6/3 5817/6/3
f 5820/6/3 5818/6/3 5819/6/3
f 5825/5/3 5822/5/3 5821/5/3
f 5826/6/3 5824/6/3 5823/6/3
f 5826/5/3 5822/5/3 5825/5/3
f 5826/6/3 5823/6/3 5822/6/3
f 5827/6/3 5824/6/3 5826/6/3
f 5831/5/3 5829/5/3 5828/5/3
f 5832/6/3 5830/6/3 5829/6/3
f 5832/5/3 5829/5/3 5831/5/3
f 5833/6/3 5830/6/3 5832/6/3
f 5834/6/3 5830/6/3 5833/6/3
f 5837/6/3 5836/6/3 5835/6/3
f 5838/6/3 5836/6/3 5837/6/3
f 5841/6/3 5840/6/3 5839/6/3
f 5842/6/3 5840/6/3 5841/6/3
f 5845/6/3 5844/6/3 5843/6/3
f 5846/6/3 5844/6/3 5845/6/3
f 5849/6/3 5848/6/3 5847/6/3
f 5850/6/3 5848/6/3 5849/6/3
f 5853/6/3 5852/6/3 5851/6/3
f 5854/6/3 5852/6/3 5853/6/3
f 5858/6/3 5856/6/3 5855/6/3
f 5858/6/3 5857/6/3 5856/6/3
f 5859/6/3 5857/6/3 5858/6/3
f 5862/6/3 5861/6/3 5860/6/3
f 5863/6/3 5861/6/3 5862/6/3
f 5864/6/3 5861/6/3 5863/6/3
f 5867/6/3 5866/6/3 5865/6/3
f 5868/6/3 5866/6/3 5867/6/3
f 5871/6/3 5870/6/3 5869/6/3
f 5872/6/3 5870/6/3 5871/6/3
f 5878/3/3 5874/3/3 5873/3/3
f 5879/4/3 5875/4/3 5874/4/3
f 5879/3/3 5874/3/3 5878/3/3
f 5880/3/3 5876/3/3 5875/3/3
f 5880/4/3 5875/4/3 5879/4/3
f 5881/2/3 5877/2/3 5876/2/3
f 5881/3/3 5876/3/3 5880/3/3
f 5882/2/3 5877/2/3 5881/2/3
f 5888/3/3 5884/3/3 5883/3/3
f 5889/4/3 5885/4/3 5884/4/3
f 5889/3/3 5884/3/3 5888/3/3
f 5890/3/3 5886/3/3 5885/3/3
f 5890/4/3 5885/4/3 5889/4/3
f 5891/2/3 5887/2/3 5886/2/3
f 5891/3/3 5886/3/3 5890/3/3
f 5892/2/3 5887/2/3 5891/2/3
f 5898/3/3 5894/3/3 5893/3/3
f 5899/4/3 5895/4/3 5894/4/3
f 5899/3/3 5894/3/3 5898/3/3
f 5900/3/3 5896/3/3 5895/3/3
f 5900/4/3 5895/4/3 5899/4/3
f 5901/2/3 5897/2/3 5896/2/3
f 5901/3/3 5896/3/3 5900/3/3
f 5902/2/3 5897/2/3 5901/2/3
f 5908/3/3 5904/3/3 5903/3/3
f 5909/4/3 5905/4/3 5904/4/3
f 5909/3/3 5904/3/3 5908/3/3
f 5910/3/3 5906/3/3 5905/3/3
f 5910/4/3 5905/4/3 5909/4/3
f 5911/2/3 5907/2/3 5906/2/3
f 5911/3/3 5906/3/3 5910/3/3
f 5912/2/3 5907/2/3 5911/2/3
f 5918/3/3 5914/3/3 5913/3/3
f 5919/4/3 5915/4/3 5914/4/3
f 5919/3/3 5914/3/3 5918/3/3
f 5920/3/3 5916/3/3 5915/3/3
f 5920/4/3 5915/4/3 5919/4/3
f 5921/2/3 5917/2/3 5916/2/3
f 5921/3/3 5916/3/3 5920/3/3
f 5922/2/3 5917/2/3 5921/2/3
f 5928/3/3 5924/3/3 5923/3/3
f 5929/4/3 5925/4/3 5924/4/3
f 5929/3/3 5924/3/3 5928/3/3
f 5930/3/3 5926/3/3 5925/3/3
f 5930/4/3 5925/4/3 5929/4/3
f 5931/2/3 5927/2/3 5926/2/3
f 5931/3/3 5926/3/3 5930/3/3
f 5932/2/3 5927/2/3 5931/2/3
f 5938/3/3 5934/3/3 5933/3/3
f 5939/4/3 5935/4/3 5934/4/3
f 5939/3/3 5934/3/3 5938/3/3
f 5940/3/3 5936/3/3 5935/3/3
f 5940/4/3 5935/4/3 5939/4/3
f 5941/2/3 5937/2/3 5936/2/3
f 5941/3/3 5936/3/3 5940/3/3
f 5942/2/3 5937/2/3 5941/2/3
f 5948/3/3 5944/3/3 5943/3/3
f 5949/4/3 5945/4/3 5944/4/3
f 5949/3/3 5944/3/3 5948/3/3
f 5950/3/3 5946/3/3 5945/3/3
f 5950/4/3 5945/4/3 5949/4/3
f 5951/2/3 5947/2/3 5946/2/3
f 5951/3/3 5946/3/3 5950/3/3
f 5952/2/3 5947/2/3 5951/2/3
f 5958/3/3 5954/3/3 5953/3/3
f 5959/4/3 5955/4/3 5954/4/3
f 5959/3/3 5954/3/3 5958/3/3
f 5960/3/3 5956/3/3 5955/3/3
f 5960/4/3 5955/4/3 5959/4/3
f 5961/2/3 5957/2/3 5956/2/3
f 5961/3/3 5956/3/3 5960/3/3
f 5962/2/3 5957/2/3 5961/2/3
f 5968/3/3 5964/3/3 5963/3/3
f 5969/4/3 5965/4/3 5964/4/3
f 5969/3/3 5964/3/3 5968/3/3
f 5970/3/3 5966/3/3 5965/3/3
f 5970/4/3 5965/4/3 5969/4/3
f 5971/2/3 5967/2/3 5966/2/3
f 5971/3/3 5966/3/3 5970/3/3
f 5972/2/3 5967/2/3 5971/2/3
f 5978/3/3 5974/3/3 5973/3/3
f 5979/4/3 5975/4/3 5974/4/3
f 5979/3/3 5974/3/3 5978/3/3
f 5980/3/3 5976/3/3 5975/3/3
f 5980/4/3 5975/4/3 5979/4/3
f 5981/2/3 5977/2/3 5976/2/3
f 5981/3/3 5976/3/3 5980/3/3
f 5982/2/3 5977/2/3 5981/2/3
f 5988/3/3 5984/3/3 5983/3/3
f 5989/4/3 5985/4/3 5984/4/3
f 5989/3/3 5984/3/3 5988/3/3
f 5990/3/3 5986/3/3 5985/3/3
f 5990/4/3 5985/4/3 5989/4/3
f 5991/2/3 5987/2/3 5986/2/3
f 5991/3/3 5986/3/3 5990/3/3
f 5992/2/3 5987/2/3 5991/2/3
f 5998/3/3 5994/3/3 5993/3/3
f 5999/4/3 5995/4/3 5994/4/3
f 5999/3/3 5994/3/3 5998/3/3
f 6000/3/3 5996/3/3 5995/3/3
f 6000/4/3 5995/4/3 5999/4/3
f 6001/2/3 5997/2/3 5996/2/3
f 6001/3/3 5996/3/3 6000/3/3
f 6002/2/3 5997/2/3 6001/2/3
f 6008/3/3 6004/3/3 6003/3/3
f 6009/4/3 6005/4/3 6004/4/3
f 6009/3/3 6004/3/3 6008/3/3
f 6010/3/3 6006/3/3 6005/3/3
f 6010/4/3 6005/4/3 6009/4/3
f 6011/2/3 6007/2/3 6006/2/3
f 6011/3/3 6006/3/3 6010/3/3
f 6012/2/3 6007/2/3 6011/2/3
f 6018/3/3 6014/3/3 6013/3/3
f 6019/4/3 6015/4/3 6014/4/3
f 6019/3/3 6014/3/3 6018/3/3
f 6020/3/3 6016/3/3 6015/3/3
f 6020/4/3 6015/4/3 6019/4/3
f 6021/2/3 6017/2/3 6016/2/3
f 6021/3/3 6016/3/3 6020/3/3
f 6022/2/3 6017/2/3 6021/2/3
f 6028/3/3 6024/3/3 6023/3/3
f 6029/4/3 6025/4/3 6024/4/3
f 6029/3/3 6024/3/3 6028/3/3
f 6030/3/3 6026/3/3 6025/3/3
f 6030/4/3 6025/4/3 6029/4/3
f 6031/2/3 6027/2/3 6026/2/3
f 6031/3/3 6026/3/3 6030/3/3
f 6032/2/3 6027/2/3 6031/2/3
f 6038/3/3 6034/3/3 6033/3/3
f 6039/4/3 6035/4/3 6034/4/3
f 6039/3/3 6034/3/3 6038/3/3
f 6040/3/3 6036/3/3 6035/3/3
f 6040/4/3 6035/4/3 6039/4/3
f 6041/2/3 6037/2/3 6036/2/3
f 6041/3/3 6036/3/3 6040/3/3
f 6042/2/3 6037/2/3 6041/2/3
f 6048/3/3 6044/3/3 6043/3/3
f 6049/4/3 6045/4/3 6044/4/3
f 6049/3/3 6044/3/3 6048/3/3
f 6050/3/3 6046/3/3 6045/3/3
f 6050/4/3 6045/4/3 6049/4/3
f 6051/2/3 6047/2/3 6046/2/3
f 6051/3/3 6046/3/3 6050/3/3
f 6052/2/3 6047/2/3 6051/2/3
f 6058/3/3 6054/3/3 6053/3/3
f 6059/4/3 6055/4/3 6054/4/3
f 6059/3/3 6054/3/3 6058/3/3
f 6060/3/3 6056/3/3 6055/3/3
f 6060/4/3 6055/4/3 6059/4/3
f 6061/2/3 6057/2/3 6056/2/3
f 6061/3/3 6056/3/3 6060/3/3
f 6062/2/3 6057/2/3 6061/2/3
f 6068/3/3 6064/3/3 6063/3/3
f 6069/4/3 6065/4/3 6064/4/3
f 6069/3/3 6064/3/3 6068/3/3
f 6070/3/3 6066/3/3 6065/3/3
f 6070/4/3 6065/4/3 6069/4/3
f 6071/2/3 6067/2/3 6066/2/3
f 6071/3/3 6066/3/3 6070/3/3
f 6072/2/3 6067/2/3 6071/2/3
f 6078/3/3 6074/3/3 6073/3/3
f 6079/4/3 6075/4/3 6074/4/3
f 6079/3/3 6074/3/3 6078/3/3
f 6080/3/3 6076/3/3 6075/3/3
f 6080/4/3 6075/4/3 6079/4/3
f 6081/2/3 6077/2/3 6076/2/3
f 6081/3/3 6076/3/3 6080/3/3
f 6082/2/3 6077/2/3 6081/2/3
f 6084/6/3 6080/6/3 6079/6/3
f 6084/6/3 6083/6/3 6082/6/3
f 6084/6/3 6082/6/3 6081/6/3
f 6084/6/3 6081/6/3 6080/6/3
f 6084/6/3 6079/6/3 6078/6/3
f 6085/6/3 6083/6/3 6084/6/3
f 6086/6/3 6083/6/3 6085/6/3
f 6088/5/3 6085/5/3 6084/5/3
f 6088/6/3 6087/6/3 6086/6/3
f 6088/6/3 6086/6/3 6085/6/3
f 6089/6/3 6087/6/3 6088/6/3
f 6090/5/3 6088/5/3 6084/5/3
f 6090/5/3 6089/5/3 6088/5/3
f 6091/6/3 6087/6/3 6089/6/3
f 6091/5/3 6089/5/3 6090/5/3
f 6092/5/3 6090/5/3 6084/5/3
f 6093/6/3 6091/6/3 6090/6/3
f 6093/5/3 6090/5/3 6092/5/3
f 6094/6/3 6091/6/3 6093/6/3
f 6095/6/3 6087/6/3 6091/6/3
f 6095/6/3 6091/6/3 6094/6/3
f 6096/6/3 6094/6/3 6093/6/3
f 6096/6/3 6093/6/3 6092/6/3
f 6097/6/3 6094/6/3 6096/6/3
f 6098/6/3 6094/6/3 6097/6/3
f 6099/6/3 6094/6/3 6098/6/3
f 6100/6/3 6094/6/3 6099/6/3
f 6101/6/3 6094/6/3 6100/6/3
f 6102/3/3 6097/3/3 6096/3/3
f 6103/4/3 6098/4/3 6097/4/3
f 6103/3/3 6097/3/3 6102/3/3
f 6104/3/3 6099/3/3 6098/3/3
f 6104/4/3 6098/4/3 6103/4/3
f 6105/2/3 6100/2/3 6099/2/3
f 6105/3/3 6099/3/3 6104/3/3
f 6106/2/3 6100/2/3 6105/2/3
f 6109/6/3 6108/6/3 6107/6/3
f 6110/6/3 6108/6/3 6109/6/3
f 6113/6/3 6112/6/3 6111/6/3
f 6114/6/3 6112/6/3 6113/6/3
f 6115/6/4 6116/6/4 6117/6/4
f 6117/6/4 6116/6/4 6118/6/4
f 6119/6/4 6120/6/4 6121/6/4
f 6121/6/4 6120/6/4 6122/6/4
f 6123/3/4 6124/3/4 6128/3/4
f 6124/4/4 6125/4/4 6129/4/4
f 6128/3/4 6124/3/4 6129/3/4
f 6125/3/4 6126/3/4 6130/3/4
f 6129/4/4 6125/4/4 6130/4/4
f 6126/2/4 6127/2/4 6131/2/4
f 6130/3/4 6126/3/4 6131/3/4
f 6131/2/4 6127/2/4 6132/2/4
f 6129/6/4 6130/6/4 6134/6/4
f 6132/6/4 6133/6/4 6134/6/4
f 6131/6/4 6132/6/4 6134/6/4
f 6130/6/4 6131/6/4 6134/6/4
f 6128/6/4 6129/6/4 6134/6/4
f 6134/6/4 6133/6/4 6135/6/4
f 6135/6/4 6133/6/4 6136/6/4
f 6134/5/4 6135/5/4 6138/5/4
f 6136/6/4 6137/6/4 6138/6/4
f 6135/6/4 6136/6/4 6138/6/4
f 6138/6/4 6137/6/4 6139/6/4
f 6134/5/4 6138/5/4 6140/5/4
f 6138/5/4 6139/5/4 6140/5/4
f 6139/6/4 6137/6/4 6141/6/4
f 6140/5/4 6139/5/4 6141/5/4
f 6134/5/4 6140/5/4 6142/5/4
f 6140/6/4 6141/6/4 6143/6/4
f 6142/5/4 6140/5/4 6143/5/4
f 6143/6/4 6141/6/4 6144/6/4
f 6141/6/4 6137/6/4 6145/6/4
f 6144/6/4 6141/6/4 6145/6/4
f 6143/6/4 6144/6/4 6146/6/4
f 6142/6/4 6143/6/4 6146/6/4
f 6146/6/4 6144/6/4 6147/6/4
f 6147/6/4 6144/6/4 6148/6/4
f 6148/6/4 6144/6/4 6149/6/4
f 6149/6/4 6144/6/4 6150/6/4
f 6150/6/4 6144/6/4 6151/6/4
f 6146/3/4 6147/3/4 6152/3/4
f 6147/4/4 6148/4/4 6153/4/4
f 6152/3/4 6147/3/4 6153/3/4
f 6148/3/4 6149/3/4 6154/3/4
f 6153/4/4 6148/4/4 6154/4/4
f 6149/2/4 6150/2/4 6155/2/4
f 6154/3/4 6149/3/4 6155/3/4
f 6155/2/4 6150/2/4 6156/2/4
f 6157/3/4 6158/3/4 6162/3/4
f 6158/4/4 6159/4/4 6163/4/4
f 6162/3/4 6158/3/4 6163/3/4
f 6159/3/4 6160/3/4 6164/3/4
f 6163/4/4 6159/4/4 6164/4/4
f 6160/2/4 6161/2/4 6165/2/4
f 6164/3/4 6160/3/4 6165/3/4
f 6165/2/4 6161/2/4 6166/2/4
f 6167/3/4 6168/3/4 6172/3/4
f 6168/4/4 6169/4/4 6173/4/4
f 6172/3/4 6168/3/4 6173/3/4
f 6169/3/4 6170/3/4 6174/3/4
f 6173/4/4 6169/4/4 6174/4/4
f 6170/2/4 6171/2/4 6175/2/4
f 6174/3/4 6170/3/4 6175/3/4
f 6175/2/4 6171/2/4 6176/2/4
f 6177/3/4 6178/3/4 6182/3/4
f 6178/4/4 6179/4/4 6183/4/4
f 6182/3/4 6178/3/4 6183/3/4
f 6179/3/4 6180/3/4 6184/3/4
f 6183/4/4 6179/4/4 6184/4/4
f 6180/2/4 6181/2/4 6185/2/4
f 6184/3/4 6180/3/4 6185/3/4
f 6185/2/4 6181/2/4 6186/2/4
f 6187/3/4 6188/3/4 6192/3/4
f 6188/4/4 6189/4/4 6193/4/4
f 6192/3/4 6188/3/4 6193/3/4
f 6189/3/4 6190/3/4 6194/3/4
f 6193/4/4 6189/4/4 6194/4/4
f 6190/2/4 6191/2/4 6195/2/4
f 6194/3/4 6190/3/4 6195/3/4
f 6195/2/4 6191/2/4 6196/2/4
f 6197/3/4 6198/3/4 6202/3/4
f 6198/4/4 6199/4/4 6203/4/4
f 6202/3/4 6198/3/4 6203/3/4
f 6199/3/4 6200/3/4 6204/3/4
f 6203/4/4 6199/4/4 6204/4/4
f 6200/2/4 6201/2/4 6205/2/4
f 6204/3/4 6200/3/4 6205/3/4
f 6205/2/4 6201/2/4 6206/2/4
f 6207/3/4 6208/3/4 6212/3/4
f 6208/4/4 6209/4/4 6213/4/4
f 6212/3/4 6208/3/4 6213/3/4
f 6209/3/4 6210/3/4 6214/3/4
f 6213/4/4 6209/4/4 6214/4/4
f 6210/2/4 6211/2/4 6215/2/4
f 6214/3/4 6210/3/4 6215/3/4
f 6215/2/4 6211/2/4 6216/2/4
f 6217/3/4 6218/3/4 6222/3/4
f 6218/4/4 6219/4/4 6223/4/4
f 6222/3/4 6218/3/4 6223/3/4
f 6219/3/4 6220/3/4 6224/3/4
f 6223/4/4 6219/4/4 6224/4/4
f 6220/2/4 6221/2/4 6225/2/4
f 6224/3/4 6220/3/4 6225/3/4
f 6225/2/4 6221/2/4 6226/2/4
f 6227/3/4 6228/3/4 6232/3/4
f 6228/4/4 6229/4/4 6233/4/4
f 6232/3/4 6228/3/4 6233/3/4
f 6229/3/4 6230/3/4 6234/3/4
f 6233/4/4 6229/4/4 6234/4/4
f 6230/2/4 6231/2/4 6235/2/4
f 6234/3/4 6230/3/4 6235/3/4
f 6235/2/4 6231/2/4 6236/2/4
f 6237/3/4 6238/3/4 6242/3/4
f 6238/4/4 6239/4/4 6243/4/4
f 6242/3/4 6238/3/4 6243/3/4
f 6239/3/4 6240/3/4 6244/3/4
f 6243/4/4 6239/4/4 6244/4/4
f 6240/2/4 6241/2/4 6245/2/4
f 6244/3/4 6240/3/4 6245/3/4
f 6245/2/4 6241/2/4 6246/2/4
f 6247/3/4 6248/3/4 6252/3/4
f 6248/4/4 6249/4/4 6253/4/4
f 6252/3/4 6248/3/4 6253/3/4
f 6249/3/4 6250/3/4 6254/3/4
f 6253/4/4 6249/4/4 6254/4/4
f 6250/2/4 6251/2/4 6255/2/4
f 6254/3/4 6250/3/4 6255/3/4
f 6255/2/4 6251/2/4 6256/2/4
f 6257/3/4 6258/3/4 6262/3/4
f 6258/4/4 6259/4/4 6263/4/4
f 6262/3/4 6258/3/4 6263/3/4
f 6259/3/4 6260/3/4 6264/3/4
f 6263/4/4 6259/4/4 6264/4/4
f 6260/2/4 6261/2/4 6265/2/4
f 6264/3/4 6260/3/4 6265/3/4
f 6265/2/4 6261/2/4 6266/2/4
f 6267/3/4 6268/3/4 6272/3/4
f 6268/4/4 6269/4/4 6273/4/4
f 6272/3/4 6268/3/4 6273/3/4
f 6269/3/4 6270/3/4 6274/3/4
f 6273/4/4 6269/4/4 6274/4/4
f 6270/2/4 6271/2/4 6275/2/4
f 6274/3/4 6270/3/4 6275/3/4
f 6275/2/4 6271/2/4 6276/2/4
f 6277/3/4 6278/3/4 6282/3/4
f 6278/4/4 6279/4/4 6283/4/4
f 6282/3/4 6278/3/4 6283/3/4
f 6279/3/4 6280/3/4 6284/3/4
f 6283/4/4 6279/4/4 6284/4/4
f 6280/2/4 6281/2/4 6285/2/4
f 6284/3/4 6280/3/4 6285/3/4
f 6285/2/4 6281/2/4 6286/2/4
f 6287/3/4 6288/3/4 6292/3/4
f 6288/4/4 6289/4/4 6293/4/4
f 6292/3/4 6288/3/4 6293/3/4
f 6289/3/4 6290/3/4 6294/3/4
f 6293/4/4 6289/4/4 6294/4/4
f 6290/2/4 6291/2/4 6295/2/4
f 6294/3/4 6290/3/4 6295/3/4
f 6295/2/4 6291/2/4 6296/2/4
f 6297/3/4 6298/3/4 6302/3/4
f 6298/4/4 6299/4/4 6303/4/4
f 6302/3/4 6298/3/4 6303/3/4
f 6299/3/4 6300/3/4 6304/3/4
f 6303/4/4 6299/4/4 6304/4/4
f 6300/2/4 6301/2/4 6305/2/4
f 6304/3/4 6300/3/4 6305/3/4
f 6305/2/4 6301/2/4 6306/2/4
f 6307/3/4 6308/3/4 6312/3/4
f 6308/4/4 6309/4/4 6313/4/4
f 6312/3/4 6308/3/4 6313/3/4
f 6309/3/4 6310/3/4 6314/3/4
f 6313/4/4 6309/4/4 6314/4/4
f 6310/2/4 6311/2/4 6315/2/4
f 6314/3/4 6310/3/4 6315/3/4
f 6315/2/4 6311/2/4 6316/2/4
f 6317/3/4 6318/3/4 6322/3/4
f 6318/4/4 6319/4/4 6323/4/4
f 6322/3/4 6318/3/4 6323/3/4
f 6319/3/4 6320/3/4 6324/3/4
f 6323/4/4 6319/4/4 6324/4/4
f 6320/2/4 6321/2/4 6325/2/4
f 6324/3/4 6320/3/4 6325/3/4
f 6325/2/4 6321/2/4 6326/2/4
f 6327/3/4 6328/3/4 6332/3/4
f 6328/4/4 6329/4/4 6333/4/4
f 6332/3/4 6328/3/4 6333/3/4
f 6329/3/4 6330/3/4 6334/3/4
f 6333/4/4 6329/4/4 6334/4/4
f 6330/2/4 6331/2/4 6335/2/4
f 6334/3/4 6330/3/4 6335/3/4
f 6335/2/4 6331/2/4 6336/2/4
f 6337/3/4 6338/3/4 6342/3/4
f 6338/4/4 6339/4/4 6343/4/4
f 6342/3/4 6338/3/4 6343/3/4
f 6339/3/4 6340/3/4 6344/3/4
f 6343/4/4 6339/4/4 6344/4/4
f 6340/2/4 6341/2/4 6345/2/4
f 6344/3/4 6340/3/4 6345/3/4
f 6345/2/4 6341/2/4 6346/2/4
f 6347/3/4 6348/3/4 6352/3/4
f 6348/4/4 6349/4/4 6353/4/4
f 6352/3/4 6348/3/4 6353/3/4
f 6349/3/4 6350/3/4 6354/3/4
f 6353/4/4 6349/4/4 6354/4/4
f 6350/2/4 6351/2/4 6355/2/4
f 6354/3/4 6350/3/4 6355/3/4
f 6355/2/4 6351/2/4 6356/2/4
f 6357/6/4 6358/6/4 6359/6/4
f 6359/6/4 6358/6/4 6360/6/4
f 6361/6/4 6362/6/4 6363/6/4
f 6363/6/4 6362/6/4 6364/6/4
f 6365/6/4 6366/6/4 6368/6/4
f 6366/6/4 6367/6/4 6368/6/4
f 6368/6/4 6367/6/4 6369/6/4
f 6370/6/4 6371/6/4 6372/6/4
f 6372/6/4 6371/6/4 6373/6/4
f 6373/6/4 6371/6/4 6374/6/4
f 6375/6/4 6376/6/4 6377/6/4
f 6377/6/4 6376/6/4 6378/6/4
f 6379/6/4 6380/6/4 6381/6/4
f 6381/6/4 6380/6/4 6382/6/4
f 6383/6/4 6384/6/4 6385/6/4
f 6385/6/4 6384/6/4 6386/6/4
f 6387/6/4 6388/6/4 6389/6/4
f 6389/6/4 6388/6/4 6390/6/4
f 6391/6/4 6392/6/4 6393/6/4
f 6393/6/4 6392/6/4 6394/6/4
f 6395/5/4 6396/5/4 6399/5/4
f 6397/6/4 6398/6/4 6400/6/4
f 6399/5/4 6396/5/4 6400/5/4
f 6396/6/4 6397/6/4 6400/6/4
f 6400/6/4 6398/6/4 6401/6/4
f 6402/5/4 6403/5/4 6405/5/4
f 6403/6/4 6404/6/4 6406/6/4
f 6405/5/4 6403/5/4 6406/5/4
f 6406/6/4 6404/6/4 6407/6/4
f 6407/6/4 6404/6/4 6408/6/4
f 6409/6/4 6410/6/4 6411/6/4
f 6411/6/4 6410/6/4 6412/6/4
f 6413/6/4 6414/6/4 6415/6/4
f 6415/6/4 6414/6/4 6416/6/4
f 6417/6/4 6418/6/4 6419/6/4
f 6419/6/4 6418/6/4 6420/6/4
f 6421/6/4 6422/6/4 6423/6/4
f 6423/6/4 6422/6/4 6424/6/4
f 6424/6/4 6422/6/4 6425/6/4
f 6425/6/4 6422/6/4 6426/6/4
f 6426/6/4 6422/6/4 6427/6/4
f 6428/6/4 6429/6/4 6430/6/4
f 6430/6/4 6429/6/4 6431/6/4
f 6432/5/4 6433/5/4 6435/5/4
f 6433/6/4 6434/6/4 6436/6/4
f 6435/5/4 6433/5/4 6436/5/4
f 6436/6/4 6434/6/4 6437/6/4
f 6438/5/4 6439/5/4 6441/5/4
f 6439/6/4 6440/6/4 6442/6/4
f 6441/5/4 6439/5/4 6442/5/4
f 6442/6/4 6440/6/4 6443/6/4
f 6444/6/4 6445/6/4 6446/6/4
f 6446/6/4 6445/6/4 6447/6/4
f 6448/6/4 6449/6/4 6452/6/4
f 6449/6/4 6450/6/4 6452/6/4
f 6451/6/4 6452/6/4 6453/6/4
f 6452/6/4 6450/6/4 6454/6/4
f 6453/6/4 6452/6/4 6454/6/4
f 6455/6/4 6456/6/4 6457/6/4
f 6457/6/4 6456/6/4 6458/6/4
f 6459/6/4 6460/6/4 6461/6/4
f 6461/6/4 6460/6/4 6462/6/4
f 6464/5/4 6465/5/4 6467/5/4
f 6463/5/4 6464/5/4 6467/5/4
f 6465/6/4 6466/6/4 6468/6/4
f 6467/5/4 6465/5/4 6468/5/4
f 6468/6/4 6466/6/4 6469/6/4
f 6470/5/4 6471/5/4 6473/5/4
f 6473/5/4 6471/5/4 6474/5/4
f 6471/6/4 6472/6/4 6475/6/4
f 6474/5/4 6471/5/4 6475/5/4
f 6475/6/4 6472/6/4 6476/6/4
f 6477/6/4 6478/6/4 6481/6/4
f 6481/6/4 6478/6/4 6482/6/4
f 6479/6/4 6480/6/4 6483/6/4
f 6483/6/4 6480/6/4 6484/6/4
f 6485/6/4 6486/6/4 6487/6/4
f 6487/6/4 6486/6/4 6488/6/4
f 6488/6/4 6489/6/4 6492/6/4
f 6490/5/4 6491/5/4 6493/5/4
f 6491/6/4 6492/6/4 6494/6/4
f 6493/5/4 6491/5/4 6494/5/4
f 6492/6/4 6489/6/4 6495/6/4
f 6494/6/4 6492/6/4 6495/6/4
f 6496/5/4 6497/5/4 6499/5/4
f 6497/6/4 6498/6/4 6500/6/4
f 6499/5/4 6497/5/4 6500/5/4
f 6500/6/4 6498/6/4 6501/6/4
f 6501/6/4 6498/6/4 6503/6/4
f 6503/6/4 6498/6/4 6504/6/4
f 6502/6/4 6503/6/4 6505/6/4
f 6505/6/4 6503/6/4 6506/6/4
f 6507/6/4 6508/6/4 6513/6/4
f 6511/6/4 6512/6/4 6513/6/4
f 6510/6/4 6511/6/4 6513/6/4
f 6509/6/4 6510/6/4 6513/6/4
f 6508/6/4 6509/6/4 6513/6/4
f 6513/6/4 6512/6/4 6514/6/4
f 6515/6/4 6516/6/4 6517/6/4
f 6517/6/4 6516/6/4 6518/6/4
f 6518/6/4 6516/6/4 6519/6/4
f 6519/6/4 6516/6/4 6520/6/4
f 6520/6/4 6516/6/4 6521/6/4
f 6521/6/4 6516/6/4 6522/6/4
f 6523/3/4 6524/3/4 6528/3/4
f 6524/4/4 6525/4/4 6529/4/4
f 6528/3/4 6524/3/4 6529/3/4
f 6525/3/4 6526/3/4 6530/3/4
f 6529/4/4 6525/4/4 6530/4/4
f 6526/2/4 6527/2/4 6531/2/4
f 6530/3/4 6526/3/4 6531/3/4
f 6531/2/4 6527/2/4 6532/2/4
f 6533/3/4 6534/3/4 6538/3/4
f 6534/4/4 6535/4/4 6539/4/4
f 6538/3/4 6534/3/4 6539/3/4
f 6535/3/4 6536/3/4 6540/3/4
f 6539/4/4 6535/4/4 6540/4/4
f 6536/2/4 6537/2/4 6541/2/4
f 6540/3/4 6536/3/4 6541/3/4
f 6541/2/4 6537/2/4 6542/2/4
f 6543/3/4 6544/3/4 6548/3/4
f 6544/4/4 6545/4/4 6549/4/4
f 6548/3/4 6544/3/4 6549/3/4
f 6545/3/4 6546/3/4 6550/3/4
f 6549/4/4 6545/4/4 6550/4/4
f 6546/2/4 6547/2/4 6551/2/4
f 6550/3/4 6546/3/4 6551/3/4
f 6551/2/4 6547/2/4 6552/2/4
f 6553/3/4 6554/3/4 6558/3/4
f 6554/4/4 6555/4/4 6559/4/4
f 6558/3/4 6554/3/4 6559/3/4
f 6555/3/4 6556/3/4 6560/3/4
f 6559/4/4 6555/4/4 6560/4/4
f 6556/2/4 6557/2/4 6561/2/4
f 6560/3/4 6556/3/4 6561/3/4
f 6561/2/4 6557/2/4 6562/2/4
f 6563/3/4 6564/3/4 6568/3/4
f 6564/4/4 6565/4/4 6569/4/4
f 6568/3/4 6564/3/4 6569/3/4
f 6565/3/4 6566/3/4 6570/3/4
f 6569/4/4 6565/4/4 6570/4/4
f 6566/2/4 6567/2/4 6571/2/4
f 6570/3/4 6566/3/4 6571/3/4
f 6571/2/4 6567/2/4 6572/2/4
f 6573/3/4 6574/3/4 6578/3/4
f 6574/4/4 6575/4/4 6579/4/4
f 6578/3/4 6574/3/4 6579/3/4
f 6575/3/4 6576/3/4 6580/3/4
f 6579/4/4 6575/4/4 6580/4/4
f 6576/2/4 6577/2/4 6581/2/4
f 6580/3/4 6576/3/4 6581/3/4
f 6581/2/4 6577/2/4 6582/2/4
f 6583/3/4 6584/3/4 6588/3/4
f 6584/4/4 6585/4/4 6589/4/4
f 6588/3/4 6584/3/4 6589/3/4
f 6585/3/4 6586/3/4 6590/3/4
f 6589/4/4 6585/4/4 6590/4/4
f 6586/2/4 6587/2/4 6591/2/4
f 6590/3/4 6586/3/4 6591/3/4
f 6591/2/4 6587/2/4 6592/2/4
f 6593/3/4 6594/3/4 6598/3/4
f 6594/4/4 6595/4/4 6599/4/4
f 6598/3/4 6594/3/4 6599/3/4
f 6595/3/4 6596/3/4 6600/3/4
f 6599/4/4 6595/4/4 6600/4/4
f 6596/2/4 6597/2/4 6601/2/4
f 6600/3/4 6596/3/4 6601/3/4
f 6601/2/4 6597/2/4 6602/2/4
f 6603/3/4 6604/3/4 6608/3/4
f 6604/4/4 6605/4/4 6609/4/4
f 6608/3/4 6604/3/4 6609/3/4
f 6605/3/4 6606/3/4 6610/3/4
f 6609/4/4 6605/4/4 6610/4/4
f 6606/2/4 6607/2/4 6611/2/4
f 6610/3/4 6606/3/4 6611/3/4
f 6611/2/4 6607/2/4 6612/2/4
f 6613/3/4 6614/3/4 6618/3/4
f 6614/4/4 6615/4/4 6619/4/4
f 6618/3/4 6614/3/4 6619/3/4
f 6615/3/4 6616/3/4 6620/3/4
f 6619/4/4 6615/4/4 6620/4/4
f 6616/2/4 6617/2/4 6621/2/4
f 6620/3/4 6616/3/4 6621/3/4
f 6621/2/4 6617/2/4 6622/2/4
f 6623/3/4 6624/3/4 6628/3/4
f 6624/4/4 6625/4/4 6629/4/4
f 6628/3/4 6624/3/4 6629/3/4
f 6625/3/4 6626/3/4 6630/3/4
f 6629/4/4 6625/4/4 6630/4/4
f 6626/2/4 6627/2/4 6631/2/4
f 6630/3/4 6626/3/4 6631/3/4
f 6631/2/4 6627/2/4 6632/2/4
f 6633/3/4 6634/3/4 6638/3/4
f 6634/4/4 6635/4/4 6639/4/4
f 6638/3/4 6634/3/4 6639/3/4
f 6635/3/4 6636/3/4 6640/3/4
f 6639/4/4 6635/4/4 6640/4/4
f 6636/2/4 6637/2/4 6641/2/4
f 6640/3/4 6636/3/4 6641/3/4
f 6641/2/4 6637/2/4 6642/2/4
f 6643/3/4 6644/3/4 6648/3/4
f 6644/4/4 6645/4/4 6649/4/4
f 6648/3/4 6644/3/4 6649/3/4
f 6645/3/4 6646/3/4 6650/3/4
f 6649/4/4 6645/4/4 6650/4/4
f 6646/2/4 6647/2/4 6651/2/4
f 6650/3/4 6646/3/4 6651/3/4
f 6651/2/4 6647/2/4 6652/2/4
f 6653/3/4 6654/3/4 6658/3/4
f 6654/4/4 6655/4/4 6659/4/4
f 6658/3/4 6654/3/4 6659/3/4
f 6655/3/4 6656/3/4 6660/3/4
f 6659/4/4 6655/4/4 6660/4/4
f 6656/2/4 6657/2/4 6661/2/4
f 6660/3/4 6656/3/4 6661/3/4
f 6661/2/4 6657/2/4 6662/2/4
f 6663/3/4 6664/3/4 6668/3/4
f 6664/4/4 6665/4/4 6669/4/4
f 6668/3/4 6664/3/4 6669/3/4
f 6665/3/4 6666/3/4 6670/3/4
f 6669/4/4 6665/4/4 6670/4/4
f 6666/2/4 6667/2/4 6671/2/4
f 6670/3/4 6666/3/4 6671/3/4
f 6671/2/4 6667/2/4 6672/2/4
f 6673/3/4 6674/3/4 6678/3/4
f 6674/4/4 6675/4/4 6679/4/4
f 6678/3/4 6674/3/4 6679/3/4
f 6675/3/4 6676/3/4 6680/3/4
f 6679/4/4 6675/4/4 6680/4/4
f 6676/2/4 6677/2/4 6681/2/4
f 6680/3/4 6676/3/4 6681/3/4
f 6681/2/4 6677/2/4 6682/2/4
f 6683/3/4 6684/3/4 6688/3/4
f 6684/4/4 6685/4/4 6689/4/4
f 6688/3/4 6684/3/4 6689/3/4
f 6685/3/4 6686/3/4 6690/3/4
f 6689/4/4 6685/4/4 6690/4/4
f 6686/2/4 6687/2/4 6691/2/4
f 6690/3/4 6686/3/4 6691/3/4
f 6691/2/4 6687/2/4 6692/2/4
f 6693/3/4 6694/3/4 6698/3/4
f 6694/4/4 6695/4/4 6699/4/4
f 6698/3/4 6694/3/4 6699/3/4
f 6695/3/4 6696/3/4 6700/3/4
f 6699/4/4 6695/4/4 6700/4/4
f 6696/2/4 6697/2/4 6701/2/4
f 6700/3/4 6696/3/4 6701/3/4
f 6701/2/4 6697/2/4 6702/2/4
f 6703/3/4 6704/3/4 6708/3/4
f 6704/4/4 6705/4/4 6709/4/4
f 6708/3/4 6704/3/4 6709/3/4
f 6705/3/4 6706/3/4 6710/3/4
f 6709/4/4 6705/4/4 6710/4/4
f 6706/2/4 6707/2/4 6711/2/4
f 6710/3/4 6706/3/4 6711/3/4
f 6711/2/4 6707/2/4 6712/2/4
f 6713/3/4 6714/3/4 6718/3/4
f 6714/4/4 6715/4/4 6719/4/4
f 6718/3/4 6714/3/4 6719/3/4
f 6715/3/4 6716/3/4 6720/3/4
f 6719/4/4 6715/4/4 6720/4/4
f 6716/2/4 6717/2/4 6721/2/4
f 6720/3/4 6716/3/4 6721/3/4
f 6721/2/4 6717/2/4 6722/2/4
f 6723/6/4 6724/6/4 6725/6/4
f 6725/6/4 6724/6/4 6726/6/4
f 6727/6/4 6728/6/4 6729/6/4
f 6729/6/4 6728/6/4 6730/6/4
f 6731/6/4 6732/6/4 6733/6/4
f 6733/6/4 6732/6/4 6734/6/4
f 6735/6/4 6736/6/4 6737/6/4
f 6737/6/4 6736/6/4 6738/6/4
f 6739/6/4 6740/6/4 6743/6/4
f 6743/6/4 6740/6/4 6744/6/4
f 6741/6/4 6742/6/4 6747/6/4
f 6747/6/4 6742/6/4 6748/6/4
f 6745/6/4 6746/6/4 6751/6/4
f 6751/6/4 6746/6/4 6752/6/4
f 6749/6/4 6750/6/4 6753/6/4
f 6753/6/4 6750/6/4 6754/6/4
f 6755/6/4 6756/6/4 6757/6/4
f 6757/6/4 6756/6/4 6758/6/4
f 6759/6/4 6760/6/4 6761/6/4
f 6761/6/4 6760/6/4 6762/6/4
f 6763/6/4 6764/6/4 6765/6/4
f 6765/6/4 6764/6/4 6766/6/4
f 6766/6/4 6767/6/4 6768/6/4
f 6768/6/4 6767/6/4 6769/6/4
f 6769/6/4 6770/6/4 6771/6/4
f 6771/6/4 6770/6/4 6772/6/4
f 6772/6/4 6770/6/4 6773/6/4
f 6773/6/4 6774/6/4 6775/6/4
f 6772/6/4 6773/6/4 6775/6/4
f 6775/6/4 6774/6/4 6776/6/4
f 6776/6/4 6774/6/4 6777/6/4
f 6777/6/4 6778/6/4 6779/6/4
f 6776/6/4 6777/6/4 6779/6/4
f 6779/6/4 6778/6/4 6780/6/4
f 6781/6/4 6782/6/4 6784/6/4
f 6784/6/4 6782/6/4 6785/6/4
f 6785/6/4 6782/6/4 6786/6/4
f 6783/6/4 6784/6/4 6788/6/4
f 6784/6/4 6785/6/4 6788/6/4
f 6788/6/4 6785/6/4 6789/6/4
f 6789/6/4 6785/6/4 6790/6/4
f 6787/6/4 6788/6/4 6792/6/4
f 6788/6/4 6789/6/4 6792/6/4
f 6792/6/4 6789/6/4 6793/6/4
f 6791/6/4 6792/6/4 6795/6/4
f 6795/6/4 6792/6/4 6796/6/4
f 6794/6/4 6795/6/4 6799/6/4
f 6799/6/4 6795/6/4 6800/6/4
f 6797/6/4 6798/6/4 6803/6/4
f 6803/6/4 6798/6/4 6804/6/4
f 6801/6/4 6802/6/4 6805/6/4
f 6805/6/4 6802/6/4 6806/6/4
f 6807/6/4 6808/6/4 6809/6/4
f 6809/6/4 6808/6/4 6810/6/4
f 6811/6/4 6812/6/4 6813/6/4
f 6811/6/4 6813/6/4 6815/6/4
f 6813/6/4 6814/6/4 6815/6/4
f 6815/6/4 6814/6/4 6816/6/4
f 6816/6/4 6814/6/4 6817/6/4
f 6817/6/4 6818/6/4 6819/6/4
f 6816/6/4 6817/6/4 6819/6/4
f 6819/6/4 6818/6/4 6820/6/4
f 6820/6/4 6818/6/4 6821/6/4
f 6821/6/4 6822/6/4 6824/6/4
f 6820/6/4 6821/6/4 6824/6/4
f 6824/6/4 6822/6/4 6825/6/4
f 6825/6/4 6822/6/4 6826/6/4
f 6823/6/4 6824/6/4 6828/6/4
f 6828/6/4 6824/6/4 6829/6/4
f 6829/6/4 6824/6/4 6830/6/4
f 6830/6/4 6824/6/4 6831/6/4
f 6826/6/4 6827/6/4 6832/6/4
f 6825/6/4 6826/6/4 6832/6/4
f 6832/6/4 6833/6/4 6834/6/4
f 6834/6/4 6835/6/4 6836/6/4
f 6825/6/4 6832/6/4 6838/6/4
f 6836/6/4 6837/6/4 6838/6/4
f 6834/6/4 6836/6/4 6838/6/4
f 6832/6/4 6834/6/4 6838/6/4
f 6838/6/4 6837/6/4 6839/6/4
f 6840/6/4 6841/6/4 6842/6/4
f 6842/6/4 6841/6/4 6843/6/4
f 6840/6/4 6842/6/4 6844/6/4
f 6844/6/4 6842/6/4 6845/6/4
f 6840/6/4 6844/6/4 6850/6/4
f 6850/6/4 6844/6/4 6851/6/4
f 6848/6/4 6849/6/4 6852/6/4
f 6846/6/4 6847/6/4 6852/6/4
f 6847/6/4 6848/6/4 6852/6/4
f 6852/6/4 6849/6/4 6853/6/4
f 6840/6/4 6850/6/4 6854/6/4
f 6854/6/4 6850/6/4 6855/6/4
f 6855/6/4 6850/6/4 6856/6/4
f 6853/6/4 6854/6/4 6858/6/4
f 6854/6/4 6855/6/4 6858/6/4
f 6858/6/4 6855/6/4 6859/6/4
f 6859/6/4 6855/6/4 6860/6/4
f 6857/6/4 6858/6/4 6862/6/4
f 6858/6/4 6859/6/4 6862/6/4
f 6862/6/4 6859/6/4 6863/6/4
f 6863/6/4 6859/6/4 6864/6/4
f 6861/6/4 6862/6/4 6865/6/4
f 6862/6/4 6863/6/4 6865/6/4
f 6865/6/4 6863/6/4 6866/6/4
f 6861/6/4 6865/6/4 6869/6/4
f 6869/6/4 6865/6/4 6870/6/4
f 6867/6/4 6868/6/4 6871/6/4
f 6871/6/4 6868/6/4 6872/6/4
f 6873/6/4 6874/6/4 6875/6/4
f 6875/6/4 6876/6/4 6877/6/4
f 6877/6/4 6878/6/4 6879/6/4
f 6873/6/4 6875/6/4 6881/6/4
f 6879/6/4 6880/6/4 6881/6/4
f 6877/6/4 6879/6/4 6881/6/4
f 6875/6/4 6877/6/4 6881/6/4
f 6881/6/4 6880/6/4 6882/6/4
f 6882/6/4 6880/6/4 6883/6/4
f 6884/6/4 6885/6/4 6887/6/4
f 6885/6/4 6886/6/4 6887/6/4
f 6887/6/4 6886/6/4 6888/6/4
f 6884/6/4 6887/6/4 6889/6/4
f 6889/6/4 6887/6/4 6890/6/4
f 6884/6/4 6889/6/4 6891/6/4
f 6891/6/4 6889/6/4 6892/6/4
f 6884/6/4 6891/6/4 6893/6/4
f 6893/6/4 6891/6/4 6894/6/4
f 6895/3/4 6896/3/4 6899/3/4
f 6896/4/4 6897/4/4 6900/4/4
f 6899/3/4 6896/3/4 6900/3/4
f 6897/3/4 6898/3/4 6901/3/4
f 6900/4/4 6897/4/4 6901/4/4
f 6901/3/4 6898/3/4 6902/3/4
f 6903/3/4 6904/3/4 6907/3/4
f 6904/4/4 6905/4/4 6908/4/4
f 6907/3/4 6904/3/4 6908/3/4
f 6905/3/4 6906/3/4 6909/3/4
f 6908/4/4 6905/4/4 6909/4/4
f 6909/3/4 6906/3/4 6910/3/4
f 6911/2/4 6912/2/4 6915/2/4
f 6915/2/4 6912/2/4 6916/2/4
f 6913/2/4 6914/2/4 6917/2/4
f 6917/2/4 6914/2/4 6918/2/4
f 6919/2/4 6920/2/4 6923/2/4
f 6923/2/4 6920/2/4 6924/2/4
f 6921/2/4 6922/2/4 6925/2/4
f 6925/2/4 6922/2/4 6926/2/4
f 6927/3/4 6928/3/4 6931/3/4
f 6928/4/4 6929/4/4 6932/4/4
f 6931/3/4 6928/3/4 6932/3/4
f 6929/3/4 6930/3/4 6933/3/4
f 6932/4/4 6929/4/4 6933/4/4
f 6933/3/4 6930/3/4 6934/3/4
f 6935/3/4 6936/3/4 6939/3/4
f 6936/4/4 6937/4/4 6940/4/4
f 6939/3/4 6936/3/4 6940/3/4
f 6937/3/4 6938/3/4 6941/3/4
f 6940/4/4 6937/4/4 6941/4/4
f 6941/3/4 6938/3/4 6942/3/4
f 6943/2/4 6944/2/4 6947/2/4
f 6947/2/4 6944/2/4 6948/2/4
f 6945/2/4 6946/2/4 6949/2/4
f 6949/2/4 6946/2/4 6950/2/4
f 6951/2/4 6952/2/4 6955/2/4
f 6955/2/4 6952/2/4 6956/2/4
f 6953/2/4 6954/2/4 6957/2/4
f 6957/2/4 6954/2/4 6958/2/4
f 6959/2/4 6960/2/4 6963/2/4
f 6963/2/4 6960/2/4 6964/2/4
f 6961/2/4 6962/2/4 6967/2/4
f 6967/2/4 6962/2/4 6968/2/4
f 6964/3/4 6965/3/4 6969/3/4
f 6965/4/4 6966/4/4 6970/4/4
f 6969/3/4 6965/3/4 6970/3/4
f 6966/3/4 6967/3/4 6971/3/4
f 6970/4/4 6966/4/4 6971/4/4
f 6971/3/4 6967/3/4 6972/3/4
f 6973/3/4 6974/3/4 6978/3/4
f 6974/4/4 6975/4/4 6979/4/4
f 6978/3/4 6974/3/4 6979/3/4
f 6975/3/4 6976/3/4 6980/3/4
f 6979/4/4 6975/4/4 6980/4/4
f 6980/3/4 6976/3/4 6981/3/4
f 6977/2/4 6978/2/4 6983/2/4
f 6983/2/4 6978/2/4 6984/2/4
f 6981/2/4 6982/2/4 6985/2/4
f 6985/2/4 6982/2/4 6986/2/4
f 6987/2/4 6988/2/4 6991/2/4
f 6991/2/4 6988/2/4 6992/2/4
f 6989/2/4 6990/2/4 6995/2/4
f 6995/2/4 6990/2/4 6996/2/4
f 6992/3/4 6993/3/4 6997/3/4
f 6993/4/4 6994/4/4 6998/4/4
f 6997/3/4 6993/3/4 6998/3/4
f 6994/3/4 6995/3/4 6999/3/4
f 6998/4/4 6994/4/4 6999/4/4
f 6999/3/4 6995/3/4 7000/3/4
f 7001/3/4 7002/3/4 7006/3/4
f 7002/4/4 7003/4/4 7007/4/4
f 7006/3/4 7002/3/4 7007/3/4
f 7003/3/4 7004/3/4 7008/3/4
f 7007/4/4 7003/4/4 7008/4/4
f 7008/3/4 7004/3/4 7009/3/4
f 7005/2/4 7006/2/4 7011/2/4
f 7011/2/4 7006/2/4 7012/2/4
f 7009/2/4 7010/2/4 7013/2/4
f 7013/2/4 7010/2/4 7014/2/4
f 7015/2/4 7016/2/4 7019/2/4
f 7019/2/4 7016/2/4 7020/2/4
f 7017/2/4 7018/2/4 7023/2/4
f 7023/2/4 7018/2/4 7024/2/4
f 7020/3/4 7021/3/4 7025/3/4
f 7021/4/4 7022/4/4 7026/4/4
f 7025/3/4 7021/3/4 7026/3/4
f 7022/3/4 7023/3/4 7027/3/4
f 7026/4/4 7022/4/4 7027/4/4
f 7027/3/4 7023/3/4 7028/3/4
f 7029/3/4 7030/3/4 7034/3/4
f 7030/4/4 7031/4/4 7035/4/4
f 7034/3/4 7030/3/4 7035/3/4
f 7031/3/4 7032/3/4 7036/3/4
f 7035/4/4 7031/4/4 7036/4/4
f 7036/3/4 7032/3/4 7037/3/4
f 7033/2/4 7034/2/4 7039/2/4
f 7039/2/4 7034/2/4 7040/2/4
f 7037/2/4 7038/2/4 7041/2/4
f 7041/2/4 7038/2/4 7042/2/4
f 7043/2/4 7044/2/4 7047/2/4
f 7047/2/4 7044/2/4 7048/2/4
f 7045/2/4 7046/2/4 7051/2/4
f 7051/2/4 7046/2/4 7052/2/4
f 7048/3/4 7049/3/4 7053/3/4
f 7049/4/4 7050/4/4 7054/4/4
f 7053/3/4 7049/3/4 7054/3/4
f 7050/3/4 7051/3/4 7055/3/4
f 7054/4/4 7050/4/4 7055/4/4
f 7055/3/4 7051/3/4 7056/3/4
f 7057/3/4 7058/3/4 7062/3/4
f 7058/4/4 7059/4/4 7063/4/4
f 7062/3/4 7058/3/4 7063/3/4
f 7059/3/4 7060/3/4 7064/3/4
f 7063/4/4 7059/4/4 7064/4/4
f 7064/3/4 7060/3/4 7065/3/4
f 7061/2/4 7062/2/4 7067/2/4
f 7067/2/4 7062/2/4 7068/2/4
f 7065/2/4 7066/2/4 7069/2/4
f 7069/2/4 7066/2/4 7070/2/4
f 7071/2/4 7072/2/4 7075/2/4
f 7075/2/4 7072/2/4 7076/2/4
f 7073/2/4 7074/2/4 7079/2/4
f 7079/2/4 7074/2/4 7080/2/4
f 7076/3/4 7077/3/4 7081/3/4
f 7077/4/4 7078/4/4 7082/4/4
f 7081/3/4 7077/3/4 7082/3/4
f 7078/3/4 7079/3/4 7083/3/4
f 7082/4/4 7078/4/4 7083/4/4
f 7083/3/4 7079/3/4 7084/3/4
f 7085/3/4 7086/3/4 7090/3/4
f 7086/4/4 7087/4/4 7091/4/4
f 7090/3/4 7086/3/4 7091/3/4
f 7087/3/4 7088/3/4 7092/3/4
f 7091/4/4 7087/4/4 7092/4/4
f 7092/3/4 7088/3/4 7093/3/4
f 7089/2/4 7090/2/4 7095/2/4
f 7095/2/4 7090/2/4 7096/2/4
f 7093/2/4 7094/2/4 7097/2/4
f 7097/2/4 7094/2/4 7098/2/4
f 7099/3/4 7100/3/4 7103/3/4
f 7100/4/4 7101/4/4 7104/4/4
f 7103/3/4 7100/3/4 7104/3/4
f 7101/3/4 7102/3/4 7105/3/4
f 7104/4/4 7101/4/4 7105/4/4
f 7105/3/4 7102/3/4 7106/3/4
f 7107/3/4 7108/3/4 7111/3/4
f 7108/4/4 7109/4/4 7112/4/4
f 7111/3/4 7108/3/4 7112/3/4
f 7109/3/4 7110/3/4 7113/3/4
f 7112/4/4 7109/4/4 7113/4/4
f 7113/3/4 7110/3/4 7114/3/4
f 7115/2/4 7116/2/4 7119/2/4
f 7119/2/4 7116/2/4 7120/2/4
f 7117/2/4 7118/2/4 7121/2/4
f 7121/2/4 7118/2/4 7122/2/4
f 7123/2/4 7124/2/4 7127/2/4
f 7127/2/4 7124/2/4 7128/2/4
f 7125/2/4 7126/2/4 7129/2/4
f 7129/2/4 7126/2/4 7130/2/4
f 7131/2/4 7132/2/4 7135/2/4
f 7135/2/4 7132/2/4 7136/2/4
f 7133/2/4 7134/2/4 7139/2/4
f 7139/2/4 7134/2/4 7140/2/4
f 7136/3/4 7137/3/4 7141/3/4
f 7137/4/4 7138/4/4 7142/4/4
f 7141/3/4 7137/3/4 7142/3/4
f 7138/3/4 7139/3/4 7143/3/4
f 7142/4/4 7138/4/4 7143/4/4
f 7143/3/4 7139/3/4 7144/3/4
f 7145/3/4 7146/3/4 7150/3/4
f 7146/4/4 7147/4/4 7151/4/4
f 7150/3/4 7146/3/4 7151/3/4
f 7147/3/4 7148/3/4 7152/3/4
f 7151/4/4 7147/4/4 7152/4/4
f 7152/3/4 7148/3/4 7153/3/4
f 7149/2/4 7150/2/4 7155/2/4
f 7155/2/4 7150/2/4 7156/2/4
f 7153/2/4 7154/2/4 7157/2/4
f 7157/2/4 7154/2/4 7158/2/4
f 7159/3/4 7160/3/4 7163/3/4
f 7160/4/4 7161/4/4 7164/4/4
f 7163/3/4 7160/3/4 7164/3/4
f 7161/3/4 7162/3/4 7165/3/4
f 7164/4/4 7161/4/4 7165/4/4
f 7165/3/4 7162/3/4 7166/3/4
f 7167/3/4 7168/3/4 7171/3/4
f 7168/4/4 7169/4/4 7172/4/4
f 7171/3/4 7168/3/4 7172/3/4
f 7169/3/4 7170/3/4 7173/3/4
f 7172/4/4 7169/4/4 7173/4/4
f 7173/3/4 7170/3/4 7174/3/4
f 7175/2/4 7176/2/4 7179/2/4
f 7179/2/4 7176/2/4 7180/2/4
f 7177/2/4 7178/2/4 7181/2/4
f 7181/2/4 7178/2/4 7182/2/4
f 7183/2/4 7184/2/4 7187/2/4
f 7187/2/4 7184/2/4 7188/2/4
f 7185/2/4 7186/2/4 7189/2/4
f 7189/2/4 7186/2/4 7190/2/4
f 7191/2/4 7192/2/4 7195/2/4
f 7195/2/4 7192/2/4 7196/2/4
f 7193/2/4 7194/2/4 7199/2/4
f 7199/2/4 7194/2/4 7200/2/4
f 7196/3/4 7197/3/4 7201/3/4
f 7197/4/4 7198/4/4 7202/4/4
f 7201/3/4 7197/3/4 7202/3/4
f 7198/3/4 7199/3/4 7203/3/4
f 7202/4/4 7198/4/4 7203/4/4
f 7203/3/4 7199/3/4 7204/3/4
f 7205/3/4 7206/3/4 7210/3/4
f 7206/4/4 7207/4/4 7211/4/4
f 7210/3/4 7206/3/4 7211/3/4
f 7207/3/4 7208/3/4 7212/3/4
f 7211/4/4 7207/4/4 7212/4/4
f 7212/3/4 7208/3/4 7213/3/4
f 7209/2/4 7210/2/4 7215/2/4
f 7215/2/4 7210/2/4 7216/2/4
f 7213/2/4 7214/2/4 7217/2/4
f 7217/2/4 7214/2/4 7218/2/4
f 7219/2/4 7220/2/4 7221/2/4
f 7221/2/4 7220/2/4 7222/2/4
f 7222/2/4 7220/2/4 7223/2/4
f 7224/6/4 7225/6/4 7226/6/4
f 7226/6/4 7225/6/4 7227/6/4
f 7228/6/4 7229/6/4 7230/6/4
f 7230/6/4 7229/6/4 7231/6/4
f 7232/2/4 7233/2/4 7235/2/4
f 7233/2/4 7234/2/4 7235/2/4
f 7235/2/4 7234/2/4 7236/2/4
f 7237/6/4 7238/6/4 7239/6/4
f 7239/6/4 7238/6/4 7240/6/4
f 7241/2/4 7242/2/4 7243/2/4
f 7243/2/4 7242/2/4 7244/2/4
f 7245/6/4 7246/6/4 7247/6/4
f 7247/6/4 7246/6/4 7248/6/4
f 7249/6/4 7250/6/4 7251/6/4
f 7251/6/4 7250/6/4 7252/6/4
f 7253/6/4 7254/6/4 7255/6/4
f 7255/6/4 7254/6/4 7256/6/4
f 7257/6/4 7258/6/4 7261/6/4
f 7261/6/4 7258/6/4 7262/6/4
f 7259/2/4 7260/2/4 7263/2/4
f 7263/2/4 7260/2/4 7264/2/4
f 7265/6/4 7266/6/4 7267/6/4
f 7267/6/4 7266/6/4 7268/6/4
f 7269/6/4 7270/6/4 7271/6/4
f 7271/6/4 7270/6/4 7272/6/4
f 7273/6/4 7274/6/4 7275/6/4
f 7275/6/4 7274/6/4 7276/6/4
f 7277/6/4 7278/6/4 7279/6/4
f 7279/6/4 7278/6/4 7280/6/4
f 7281/6/4 7282/6/4 7283/6/4
f 7283/6/4 7282/6/4 7284/6/4
f 7285/6/4 7286/6/4 7287/6/4
f 7287/6/4 7286/6/4 7288/6/4
f 7289/6/4 7290/6/4 7293/6/4
f 7293/6/4 7290/6/4 7294/6/4
f 7291/6/4 7292/6/4 7295/6/4
f 7295/6/4 7292/6/4 7296/6/4
f 7297/6/4 7298/6/4 7299/6/4
f 7299/6/4 7298/6/4 7300/6/4
f 7301/6/4 7302/6/4 7303/6/4
f 7303/6/4 7302/6/4 7304/6/4
f 7305/6/4 7306/6/4 7307/6/4
f 7307/6/4 7306/6/4 7308/6/4
f 7309/6/4 7310/6/4 7311/6/4
f 7311/6/4 7310/6/4 7312/6/4
f 7312/6/4 7313/6/4 7314/6/4
f 7314/6/4 7313/6/4 7315/6/4
f 7316/6/4 7317/6/4 7318/6/4
f 7318/6/4 7317/6/4 7319/6/4
f 7319/6/4 7320/6/4 7321/6/4
f 7321/6/4 7320/6/4 7322/6/4
f 7323/6/4 7324/6/4 7326/6/4
f 7324/6/4 7325/6/4 7326/6/4
f 7326/6/4 7325/6/4 7327/6/4
f 7327/6/4 7325/6/4 7329/6/4
f 7328/6/4 7329/6/4 7331/6/4
f 7329/6/4 7325/6/4 7332/6/4
f 7331/6/4 7329/6/4 7332/6/4
f 7330/6/4 7331/6/4 7333/6/4
f 7333/6/4 7331/6/4 7334/6/4
f 7335/6/4 7336/6/4 7337/6/4
f 7337/6/4 7336/6/4 7338/6/4
f 7338/6/4 7339/6/4 7340/6/4
f 7340/6/4 7339/6/4 7341/6/4
f 7341/6/4 7339/6/4 7343/6/4
f 7342/6/4 7343/6/4 7344/6/4
f 7344/6/4 7343/6/4 7345/6/4
f 7343/6/4 7339/6/4 7346/6/4
f 7345/6/4 7343/6/4 7346/6/4
f 7347/6/4 7348/6/4 7350/6/4
f 7350/6/4 7348/6/4 7351/6/4
f 7349/6/4 7350/6/4 7352/6/4
f 7352/6/4 7350/6/4 7353/6/4
f 7354/6/4 7355/6/4 7357/6/4
f 7357/6/4 7355/6/4 7358/6/4
f 7356/6/4 7357/6/4 7361/6/4
f 7361/6/4 7357/6/4 7362/6/4
f 7359/6/4 7360/6/4 7363/6/4
f 7363/6/4 7360/6/4 7364/6/4
f 7365/6/4 7366/6/4 7367/6/4
f 7367/6/4 7366/6/4 7368/6/4
f 7369/6/4 7370/6/4 7371/6/4
f 7371/6/4 7370/6/4 7372/6/4
f 7373/6/4 7374/6/4 7375/6/4
f 7375/6/4 7374/6/4 7376/6/4
f 7377/6/4 7378/6/4 7379/6/4
f 7379/6/4 7378/6/4 7380/6/4
f 7380/6/4 7381/6/4 7382/6/4
f 7382/6/4 7381/6/4 7383/6/4
f 7383/6/4 7384/6/4 7385/6/4
f 7385/6/4 7384/6/4 7386/6/4
f 7387/6/4 7388/6/4 7389/6/4
f 7389/6/4 7388/6/4 7390/6/4
f 7390/6/4 7388/6/4 7391/6/4
f 7391/6/4 7392/6/4 7393/6/4
f 7390/6/4 7391/6/4 7393/6/4
f 7393/6/4 7392/6/4 7394/6/4
f 7394/6/4 7392/6/4 7395/6/4
f 7396/6/4 7397/6/4 7400/6/4
f 7397/6/4 7398/6/4 7400/6/4
f 7400/6/4 7398/6/4 7401/6/4
f 7401/6/4 7398/6/4 7402/6/4
f 7399/6/4 7400/6/4 7403/6/4
f 7400/6/4 7401/6/4 7403/6/4
f 7403/6/4 7401/6/4 7404/6/4
f 7405/6/4 7406/6/4 7407/6/4
f 7407/6/4 7406/6/4 7408/6/4
f 7408/6/4 7406/6/4 7409/6/4
f 7408/6/4 7409/6/4 7411/6/4
f 7409/6/4 7410/6/4 7411/6/4
f 7411/6/4 7410/6/4 7412/6/4
f 7412/6/4 7410/6/4 7413/6/4
f 7414/6/4 7415/6/4 7418/6/4
f 7415/6/4 7416/6/4 7418/6/4
f 7418/6/4 7416/6/4 7419/6/4
f 7419/6/4 7416/6/4 7420/6/4
f 7417/6/4 7418/6/4 7421/6/4
f 7418/6/4 7419/6/4 7421/6/4
f 7421/6/4 7419/6/4 7422/6/4
f 7423/6/4 7424/6/4 7426/6/4
f 7426/6/4 7424/6/4 7427/6/4
f 7425/6/4 7426/6/4 7429/6/4
f 7429/6/4 7426/6/4 7430/6/4
f 7428/6/4 7429/6/4 7431/6/4
f 7431/6/4 7429/6/4 7432/6/4
f 7433/6/4 7434/6/4 7437/6/4
f 7437/6/4 7434/6/4 7438/6/4
f 7435/6/4 7436/6/4 7439/6/4
f 7439/6/4 7436/6/4 7440/6/4
f 7441/6/4 7442/6/4 7443/6/4
f 7443/6/4 7442/6/4 7444/6/4
f 7444/6/4 7445/6/4 7446/6/4
f 7446/6/4 7445/6/4 7447/6/4
f 7448/6/4 7449/6/4 7450/6/4
f 7450/6/4 7449/6/4 7451/6/4
f 7451/6/4 7452/6/4 7453/6/4
f 7453/6/4 7452/6/4 7454/6/4
f 7454/6/4 7455/6/4 7456/6/4
f 7456/6/4 7455/6/4 7457/6/4
f 7458/6/4 7459/6/4 7460/6/4
f 7460/6/4 7459/6/4 7461/6/4
f 7461/6/4 7459/6/4 7462/6/4
f 7462/6/4 7463/6/4 7464/6/4
f 7461/6/4 7462/6/4 7464/6/4
f 7464/6/4 7463/6/4 7465/6/4
f 7461/6/4 7464/6/4 7466/6/4
f 7466/6/4 7464/6/4 7467/6/4
f 7468/6/4 7469/6/4 7470/6/4
f 7468/6/4 7470/6/4 7473/6/4
f 7470/6/4 7471/6/4 7473/6/4
f 7473/6/4 7471/6/4 7474/6/4
f 7474/6/4 7471/6/4 7475/6/4
f 7472/6/4 7473/6/4 7476/6/4
f 7473/6/4 7474/6/4 7476/6/4
f 7476/6/4 7474/6/4 7477/6/4
f 7478/6/4 7479/6/4 7481/6/4
f 7481/6/4 7479/6/4 7482/6/4
f 7480/6/4 7481/6/4 7484/6/4
f 7484/6/4 7481/6/4 7485/6/4
f 7483/6/4 7484/6/4 7486/6/4
f 7486/6/4 7484/6/4 7487/6/4
f 7488/6/4 7489/6/4 7491/6/4
f 7491/6/4 7489/6/4 7492/6/4
f 7490/6/4 7491/6/4 7493/6/4
f 7493/6/4 7491/6/4 7494/6/4
f 7495/6/4 7496/6/4 7497/6/4
f 7497/6/4 7496/6/4 7498/6/4
f 7498/6/4 7499/6/4 7500/6/4
f 7500/6/4 7499/6/4 7501/6/4
f 7502/6/4 7503/6/4 7504/6/4
f 7504/6/4 7503/6/4 7505/6/4
f 7505/6/4 7506/6/4 7507/6/4
f 7507/6/4 7506/6/4 7508/6/4
f 7508/6/4 7509/6/4 7510/6/4
f 7510/6/4 7509/6/4 7511/6/4
f 7511/6/4 7509/6/4 7513/6/4
f 7513/6/4 7509/6/4 7514/6/4
f 7512/6/4 7513/6/4 7518/6/4
f 7513/6/4 7514/6/4 7518/6/4
f 7518/6/4 7514/6/4 7519/6/4
f 7514/2/4 7515/2/4 7520/2/4
f 7519/6/4 7514/6/4 7520/6/4
f 7520/2/4 7515/2/4 7521/2/4
f 7516/3/4 7517/3/4 7522/3/4
f 7517/4/4 7518/4/4 7523/4/4
f 7522/3/4 7517/3/4 7523/3/4
f 7518/3/4 7519/3/4 7524/3/4
f 7523/4/4 7518/4/4 7524/4/4
f 7524/3/4 7519/3/4 7525/3/4
f 7526/3/4 7527/3/4 7530/3/4
f 7527/4/4 7528/4/4 7531/4/4
f 7530/3/4 7527/3/4 7531/3/4
f 7528/3/4 7529/3/4 7532/3/4
f 7531/4/4 7528/4/4 7532/4/4
f 7532/3/4 7529/3/4 7533/3/4
f 7532/6/4 7533/6/4 7536/6/4
f 7533/6/4 7534/6/4 7536/6/4
f 7536/6/4 7534/6/4 7537/6/4
f 7534/2/4 7535/2/4 7538/2/4
f 7537/6/4 7534/6/4 7538/6/4
f 7538/2/4 7535/2/4 7539/2/4
f 7537/6/4 7538/6/4 7541/6/4
f 7540/6/4 7541/6/4 7543/6/4
f 7541/6/4 7538/6/4 7544/6/4
f 7543/6/4 7541/6/4 7544/6/4
f 7542/6/4 7543/6/4 7546/6/4
f 7546/6/4 7543/6/4 7547/6/4
f 7545/6/4 7546/6/4 7548/6/4
f 7548/6/4 7546/6/4 7549/6/4
f 7550/6/4 7551/6/4 7553/6/4
f 7553/6/4 7551/6/4 7554/6/4
f 7552/6/4 7553/6/4 7555/6/4
f 7555/6/4 7553/6/4 7556/6/4
f 7557/6/4 7558/6/4 7559/6/4
f 7559/6/4 7558/6/4 7560/6/4
f 7560/6/4 7561/6/4 7562/6/4
f 7562/6/4 7561/6/4 7563/6/4
f 7564/6/4 7565/6/4 7566/6/4
f 7566/6/4 7565/6/4 7567/6/4
f 7567/6/4 7565/6/4 7568/6/4
f 7568/6/4 7569/6/4 7571/6/4
f 7567/6/4 7568/6/4 7571/6/4
f 7571/6/4 7569/6/4 7572/6/4
f 7570/6/4 7571/6/4 7574/6/4
f 7572/6/4 7573/6/4 7574/6/4
f 7571/6/4 7572/6/4 7574/6/4
f 7574/6/4 7573/6/4 7575/6/4
f 7575/6/4 7573/6/4 7576/6/4
f 7577/2/4 7578/2/4 7581/2/4
f 7581/2/4 7578/2/4 7582/2/4
f 7579/2/4 7580/2/4 7585/2/4
f 7585/2/4 7580/2/4 7586/2/4
f 7582/3/4 7583/3/4 7587/3/4
f 7583/4/4 7584/4/4 7588/4/4
f 7587/3/4 7583/3/4 7588/3/4
f 7584/3/4 7585/3/4 7589/3/4
f 7588/4/4 7584/4/4 7589/4/4
f 7589/3/4 7585/3/4 7590/3/4
f 7591/3/4 7592/3/4 7596/3/4
f 7592/4/4 7593/4/4 7597/4/4
f 7596/3/4 7592/3/4 7597/3/4
f 7593/3/4 7594/3/4 7598/3/4
f 7597/4/4 7593/4/4 7598/4/4
f 7598/3/4 7594/3/4 7599/3/4
f 7595/2/4 7596/2/4 7601/2/4
f 7601/2/4 7596/2/4 7602/2/4
f 7599/2/4 7600/2/4 7603/2/4
f 7603/2/4 7600/2/4 7604/2/4
f 7605/6/4 7606/6/4 7608/6/4
f 7606/6/4 7607/6/4 7608/6/4
f 7608/6/4 7607/6/4 7609/6/4
f 7609/6/4 7607/6/4 7610/6/4
f 7610/6/4 7607/6/4 7611/6/4
f 7609/6/4 7610/6/4 7613/6/4
f 7613/6/4 7610/6/4 7614/6/4
f 7614/6/4 7610/6/4 7615/6/4
f 7612/6/4 7613/6/4 7616/6/4
f 7613/6/4 7614/6/4 7616/6/4
f 7616/6/4 7614/6/4 7617/6/4
f 7618/6/4 7619/6/4 7621/6/4
f 7621/6/4 7619/6/4 7622/6/4
f 7620/6/4 7621/6/4 7623/6/4
f 7623/6/4 7621/6/4 7624/6/4
f 7625/6/4 7626/6/4 7627/6/4
f 7627/6/4 7626/6/4 7628/6/4
f 7628/6/4 7629/6/4 7630/6/4
f 7630/6/4 7629/6/4 7631/6/4
f 7632/6/4 7633/6/4 7634/6/4
f 7634/6/4 7633/6/4 7635/6/4
f 7632/6/4 7634/6/4 7637/6/4
f 7637/6/4 7634/6/4 7638/6/4
f 7637/6/4 7638/6/4 7640/6/4
f 7638/6/4 7639/6/4 7640/6/4
f 7636/6/4 7637/6/4 7640/6/4
f 7640/6/4 7639/6/4 7641/6/4
f 7642/2/4 7643/2/4 7646/2/4
f 7646/2/4 7643/2/4 7647/2/4
f 7644/2/4 7645/2/4 7648/2/4
f 7648/2/4 7645/2/4 7649/2/4
f 7650/3/4 7651/3/4 7654/3/4
f 7651/4/4 7652/4/4 7655/4/4
f 7654/3/4 7651/3/4 7655/3/4
f 7652/3/4 7653/3/4 7656/3/4
f 7655/4/4 7652/4/4 7656/4/4
f 7656/3/4 7653/3/4 7657/3/4
f 7658/3/4 7659/3/4 7662/3/4
f 7659/4/4 7660/4/4 7663/4/4
f 7662/3/4 7659/3/4 7663/3/4
f 7660/3/4 7661/3/4 7664/3/4
f 7663/4/4 7660/4/4 7664/4/4
f 7664/3/4 7661/3/4 7665/3/4
f 7666/2/4 7667/2/4 7670/2/4
f 7670/2/4 7667/2/4 7671/2/4
f 7668/2/4 7669/2/4 7672/2/4
f 7672/2/4 7669/2/4 7673/2/4
f 7674/6/4 7675/6/4 7676/6/4
f 7676/6/4 7675/6/4 7677/6/4
f 7677/6/4 7675/6/4 7678/6/4
f 7678/6/4 7675/6/4 7679/6/4
f 7677/6/4 7678/6/4 7680/6/4
f 7677/6/4 7680/6/4 7682/6/4
f 7680/6/4 7681/6/4 7682/6/4
f 7682/6/4 7681/6/4 7683/6/4
f 7684/6/4 7685/6/4 7687/6/4
f 7687/6/4 7685/6/4 7688/6/4
f 7686/6/4 7687/6/4 7689/6/4
f 7689/6/4 7687/6/4 7690/6/4
f 7691/6/4 7692/6/4 7693/6/4
f 7693/6/4 7692/6/4 7694/6/4
f 7694/6/4 7692/6/4 7695/6/4
f 7695/6/4 7696/6/4 7697/6/4
f 7694/6/4 7695/6/4 7697/6/4
f 7697/6/4 7696/6/4 7698/6/4
f 7699/6/4 7700/6/4 7701/6/4
f 7701/6/4 7700/6/4 7702/6/4
f 7703/2/4 7704/2/4 7707/2/4
f 7707/2/4 7704/2/4 7708/2/4
f 7705/2/4 7706/2/4 7711/2/4
f 7711/2/4 7706/2/4 7712/2/4
f 7708/3/4 7709/3/4 7713/3/4
f 7709/4/4 7710/4/4 7714/4/4
f 7713/3/4 7709/3/4 7714/3/4
f 7710/3/4 7711/3/4 7715/3/4
f 7714/4/4 7710/4/4 7715/4/4
f 7715/3/4 7711/3/4 7716/3/4
f 7717/3/4 7718/3/4 7722/3/4
f 7718/4/4 7719/4/4 7723/4/4
f 7722/3/4 7718/3/4 7723/3/4
f 7719/3/4 7720/3/4 7724/3/4
f 7723/4/4 7719/4/4 7724/4/4
f 7724/3/4 7720/3/4 7725/3/4
f 7721/2/4 7722/2/4 7727/2/4
f 7727/2/4 7722/2/4 7728/2/4
f 7725/2/4 7726/2/4 7729/2/4
f 7729/2/4 7726/2/4 7730/2/4
f 7731/6/4 7732/6/4 7733/6/4
f 7733/6/4 7732/6/4 7734/6/4
f 7735/6/4 7736/6/4 7738/6/4
f 7738/6/4 7736/6/4 7739/6/4
f 7739/6/4 7736/6/4 7740/6/4
f 7737/6/4 7738/6/4 7741/6/4
f 7738/6/4 7739/6/4 7741/6/4
f 7741/6/4 7739/6/4 7742/6/4
f 7743/6/4 7744/6/4 7745/6/4
f 7743/6/4 7745/6/4 7747/6/4
f 7745/6/4 7746/6/4 7747/6/4
f 7747/6/4 7746/6/4 7748/6/4
f 7749/2/4 7750/2/4 7753/2/4
f 7753/2/4 7750/2/4 7754/2/4
f 7751/2/4 7752/2/4 7755/2/4
f 7755/2/4 7752/2/4 7756/2/4
f 7757/3/4 7758/3/4 7761/3/4
f 7758/4/4 7759/4/4 7762/4/4
f 7761/3/4 7758/3/4 7762/3/4
f 7759/3/4 7760/3/4 7763/3/4
f 7762/4/4 7759/4/4 7763/4/4
f 7763/3/4 7760/3/4 7764/3/4
f 7765/3/4 7766/3/4 7769/3/4
f 7766/4/4 7767/4/4 7770/4/4
f 7769/3/4 7766/3/4 7770/3/4
f 7767/3/4 7768/3/4 7771/3/4
f 7770/4/4 7767/4/4 7771/4/4
f 7771/3/4 7768/3/4 7772/3/4
f 7773/2/4 7774/2/4 7777/2/4
f 7777/2/4 7774/2/4 7778/2/4
f 7775/2/4 7776/2/4 7779/2/4
f 7779/2/4 7776/2/4 7780/2/4
f 7781/6/4 7782/6/4 7783/6/4
f 7783/6/4 7782/6/4 7784/6/4
f 7781/6/4 7783/6/4 7785/6/4
f 7785/6/4 7783/6/4 7786/6/4
f 7787/2/4 7788/2/4 7791/2/4
f 7791/2/4 7788/2/4 7792/2/4
f 7789/2/4 7790/2/4 7795/2/4
f 7795/2/4 7790/2/4 7796/2/4
f 7792/3/4 7793/3/4 7797/3/4
f 7793/4/4 7794/4/4 7798/4/4
f 7797/3/4 7793/3/4 7798/3/4
f 7794/3/4 7795/3/4 7799/3/4
f 7798/4/4 7794/4/4 7799/4/4
f 7799/3/4 7795/3/4 7800/3/4
f 7801/3/4 7802/3/4 7806/3/4
f 7802/4/4 7803/4/4 7807/4/4
f 7806/3/4 7802/3/4 7807/3/4
f 7803/3/4 7804/3/4 7808/3/4
f 7807/4/4 7803/4/4 7808/4/4
f 7808/3/4 7804/3/4 7809/3/4
f 7805/2/4 7806/2/4 7811/2/4
f 7811/2/4 7806/2/4 7812/2/4
f 7809/2/4 7810/2/4 7813/2/4
f 7813/2/4 7810/2/4 7814/2/4
f 7815/2/4 7816/2/4 7819/2/4
f 7819/2/4 7816/2/4 7820/2/4
f 7817/2/4 7818/2/4 7823/2/4
f 7823/2/4 7818/2/4 7824/2/4
f 7820/3/4 7821/3/4 7825/3/4
f 7821/4/4 7822/4/4 7826/4/4
f 7825/3/4 7821/3/4 7826/3/4
f 7822/3/4 7823/3/4 7827/3/4
f 7826/4/4 7822/4/4 7827/4/4
f 7827/3/4 7823/3/4 7828/3/4
f 7829/3/4 7830/3/4 7834/3/4
f 7830/4/4 7831/4/4 7835/4/4
f 7834/3/4 7830/3/4 7835/3/4
f 7831/3/4 7832/3/4 7836/3/4
f 7835/4/4 7831/4/4 7836/4/4
f 7836/3/4 7832/3/4 7837/3/4
f 7833/2/4 7834/2/4 7839/2/4
f 7839/2/4 7834/2/4 7840/2/4
f 7837/2/4 7838/2/4 7841/2/4
f 7841/2/4 7838/2/4 7842/2/4
f 7843/2/4 7844/2/4 7847/2/4
f 7847/2/4 7844/2/4 7848/2/4
f 7845/2/4 7846/2/4 7851/2/4
f 7851/2/4 7846/2/4 7852/2/4
f 7848/3/4 7849/3/4 7853/3/4
f 7849/4/4 7850/4/4 7854/4/4
f 7853/3/4 7849/3/4 7854/3/4
f 7850/3/4 7851/3/4 7855/3/4
f 7854/4/4 7850/4/4 7855/4/4
f 7855/3/4 7851/3/4 7856/3/4
f 7857/3/4 7858/3/4 7862/3/4
f 7858/4/4 7859/4/4 7863/4/4
f 7862/3/4 7858/3/4 7863/3/4
f 7859/3/4 7860/3/4 7864/3/4
f 7863/4/4 7859/4/4 7864/4/4
f 7864/3/4 7860/3/4 7865/3/4
f 7861/2/4 7862/2/4 7867/2/4
f 7867/2/4 7862/2/4 7868/2/4
f 7865/2/4 7866/2/4 7869/2/4
f 7869/2/4 7866/2/4 7870/2/4
f 7871/2/4 7872/2/4 7875/2/4
f 7875/2/4 7872/2/4 7876/2/4
f 7873/2/4 7874/2/4 7879/2/4
f 7879/2/4 7874/2/4 7880/2/4
f 7876/3/4 7877/3/4 7881/3/4
f 7877/4/4 7878/4/4 7882/4/4
f 7881/3/4 7877/3/4 7882/3/4
f 7878/3/4 7879/3/4 7883/3/4
f 7882/4/4 7878/4/4 7883/4/4
f 7883/3/4 7879/3/4 7884/3/4
f 7885/3/4 7886/3/4 7890/3/4
f 7886/4/4 7887/4/4 7891/4/4
f 7890/3/4 7886/3/4 7891/3/4
f 7887/3/4 7888/3/4 7892/3/4
f 7891/4/4 7887/4/4 7892/4/4
f 7892/3/4 7888/3/4 7893/3/4
f 7889/2/4 7890/2/4 7895/2/4
f 7895/2/4 7890/2/4 7896/2/4
f 7893/2/4 7894/2/4 7897/2/4
f 7897/2/4 7894/2/4 7898/2/4
f 7899/2/4 7900/2/4 7903/2/4
f 7903/2/4 7900/2/4 7904/2/4
f 7901/2/4 7902/2/4 7907/2/4
f 7907/2/4 7902/2/4 7908/2/4
f 7904/3/4 7905/3/4 7909/3/4
f 7905/4/4 7906/4/4 7910/4/4
f 7909/3/4 7905/3/4 7910/3/4
f 7906/3/4 7907/3/4 7911/3/4
f 7910/4/4 7906/4/4 7911/4/4
f 7911/3/4 7907/3/4 7912/3/4
f 7913/6/4 7914/6/4 7915/6/4
f 7915/6/4 7914/6/4 7916/6/4
f 7917/6/4 7918/6/4 7919/6/4
f 7919/6/4 7918/6/4 7920/6/4
f 7921/6/4 7922/6/4 7925/6/4
f 7925/6/4 7922/6/4 7926/6/4
f 7923/6/4 7924/6/4 7927/6/4
f 7927/6/4 7924/6/4 7928/6/4
f 7929/3/4 7930/3/4 7934/3/4
f 7930/4/4 7931/4/4 7935/4/4
f 7934/3/4 7930/3/4 7935/3/4
f 7931/3/4 7932/3/4 7936/3/4
f 7935/4/4 7931/4/4 7936/4/4
f 7936/3/4 7932/3/4 7937/3/4
f 7933/2/4 7934/2/4 7939/2/4
f 7939/2/4 7934/2/4 7940/2/4
f 7937/2/4 7938/2/4 7941/2/4
f 7941/2/4 7938/2/4 7942/2/4
f 7943/2/4 7944/2/4 7947/2/4
f 7947/2/4 7944/2/4 7948/2/4
f 7945/2/4 7946/2/4 7949/2/4
f 7949/2/4 7946/2/4 7950/2/4
f 7951/3/4 7952/3/4 7955/3/4
f 7952/4/4 7953/4/4 7956/4/4
f 7955/3/4 7952/3/4 7956/3/4
f 7953/3/4 7954/3/4 7957/3/4
f 7956/4/4 7953/4/4 7957/4/4
f 7957/3/4 7954/3/4 7958/3/4
f 7959/6/4 7960/6/4 7961/6/4
f 7961/6/4 7960/6/4 7962/6/4
f 7963/6/4 7964/6/4 7965/6/4
f 7965/6/4 7964/6/4 7966/6/4
f 7966/6/4 7964/6/4 7967/6/4
f 7967/6/4 7968/6/4 7970/6/4
f 7966/6/4 7967/6/4 7970/6/4
f 7970/6/4 7968/6/4 7971/6/4
f 7971/6/4 7968/6/4 7972/6/4
f 7969/6/4 7970/6/4 7975/6/4
f 7970/6/4 7971/6/4 7975/6/4
f 7975/6/4 7971/6/4 7976/6/4
f 7973/6/4 7974/6/4 7977/6/4
f 7977/6/4 7974/6/4 7978/6/4
f 7979/3/4 7980/3/4 7983/3/4
f 7980/4/4 7981/4/4 7984/4/4
f 7983/3/4 7980/3/4 7984/3/4
f 7981/3/4 7982/3/4 7985/3/4
f 7984/4/4 7981/4/4 7985/4/4
f 7985/3/4 7982/3/4 7986/3/4
f 7987/2/4 7988/2/4 7991/2/4
f 7991/2/4 7988/2/4 7992/2/4
f 7989/2/4 7990/2/4 7993/2/4
f 7993/2/4 7990/2/4 7994/2/4
f 7995/2/4 7996/2/4 7999/2/4
f 7999/2/4 7996/2/4 8000/2/4
f 7997/2/4 7998/2/4 8001/2/4
f 8001/2/4 7998/2/4 8002/2/4
f 8003/3/4 8004/3/4 8007/3/4
f 8004/4/4 8005/4/4 8008/4/4
f 8007/3/4 8004/3/4 8008/3/4
f 8005/3/4 8006/3/4 8009/3/4
f 8008/4/4 8005/4/4 8009/4/4
f 8009/3/4 8006/3/4 8010/3/4
f 8011/6/4 8012/6/4 8013/6/4
f 8013/6/4 8012/6/4 8014/6/4
f 8014/6/4 8015/6/4 8016/6/4
f 8016/6/4 8015/6/4 8017/6/4
f 8017/6/4 8015/6/4 8018/6/4
f 8018/6/4 8019/6/4 8021/6/4
f 8017/6/4 8018/6/4 8021/6/4
f 8021/6/4 8019/6/4 8022/6/4
f 8022/6/4 8019/6/4 8023/6/4
f 8020/6/4 8021/6/4 8025/6/4
f 8021/6/4 8022/6/4 8025/6/4
f 8025/6/4 8022/6/4 8026/6/4
f 8024/6/4 8025/6/4 8031/6/4
f 8031/6/4 8025/6/4 8032/6/4
f 8027/3/4 8028/3/4 8033/3/4
f 8028/4/4 8029/4/4 8034/4/4
f 8033/3/4 8028/3/4 8034/3/4
f 8029/3/4 8030/3/4 8035/3/4
f 8034/4/4 8029/4/4 8035/4/4
f 8035/3/4 8030/3/4 8036/3/4
f 8037/2/4 8038/2/4 8041/2/4
f 8041/2/4 8038/2/4 8042/2/4
f 8039/2/4 8040/2/4 8043/2/4
f 8043/2/4 8040/2/4 8044/2/4
f 8045/2/4 8046/2/4 8049/2/4
f 8049/2/4 8046/2/4 8050/2/4
f 8047/2/4 8048/2/4 8051/2/4
f 8051/2/4 8048/2/4 8052/2/4
f 8052/2/4 8048/2/4 8053/2/4
f 8054/6/4 8055/6/4 8056/6/4
f 8056/6/4 8055/6/4 8057/6/4
f 8057/6/4 8058/6/4 8059/6/4
f 8059/6/4 8058/6/4 8060/6/4
f 8060/6/4 8058/6/4 8061/6/4
f 8061/6/4 8062/6/4 8064/6/4
f 8060/6/4 8061/6/4 8064/6/4
f 8064/6/4 8062/6/4 8065/6/4
f 8065/6/4 8062/6/4 8066/6/4
f 8063/6/4 8064/6/4 8068/6/4
f 8064/6/4 8065/6/4 8068/6/4
f 8068/6/4 8065/6/4 8069/6/4
f 8067/6/4 8068/6/4 8072/6/4
f 8072/6/4 8068/6/4 8073/6/4
f 8070/2/4 8071/2/4 8076/2/4
f 8074/2/4 8075/2/4 8077/2/4
f 8077/2/4 8075/2/4 8078/2/4
f 8076/2/4 8071/2/4 8079/2/4
f 8079/2/4 8071/2/4 8080/2/4
f 8081/6/4 8082/6/4 8083/6/4
f 8083/6/4 8082/6/4 8084/6/4
f 8085/6/4 8086/6/4 8087/6/4
f 8087/6/4 8086/6/4 8088/6/4
f 8088/6/4 8086/6/4 8089/6/4
f 8089/6/4 8090/6/4 8091/6/4
f 8088/6/4 8089/6/4 8091/6/4
f 8088/6/4 8091/6/4 8093/6/4
f 8091/6/4 8092/6/4 8093/6/4
f 8093/6/4 8092/6/4 8094/6/4
f 8088/6/4 8093/6/4 8096/6/4
f 8096/6/4 8093/6/4 8097/6/4
f 8097/6/4 8093/6/4 8098/6/4
f 8095/6/4 8096/6/4 8101/6/4
f 8096/6/4 8097/6/4 8101/6/4
f 8101/6/4 8097/6/4 8102/6/4
f 8099/6/4 8100/6/4 8103/6/4
f 8103/6/4 8100/6/4 8104/6/4
f 8105/6/4 8106/6/4 8107/6/4
f 8107/6/4 8106/6/4 8108/6/4
f 8109/6/4 8110/6/4 8111/6/4
f 8111/6/4 8110/6/4 8112/6/4
f 8112/6/4 8110/6/4 8113/6/4
f 8113/6/4 8114/6/4 8116/6/4
f 8112/6/4 8113/6/4 8116/6/4
f 8116/6/4 8114/6/4 8117/6/4
f 8117/6/4 8114/6/4 8118/6/4
f 8115/6/4 8116/6/4 8121/6/4
f 8116/6/4 8117/6/4 8121/6/4
f 8121/6/4 8117/6/4 8122/6/4
f 8119/6/4 8120/6/4 8123/6/4
f 8123/6/4 8120/6/4 8124/6/4
f 8125/6/4 8126/6/4 8127/6/4
f 8125/6/4 8127/6/4 8129/6/4
f 8127/6/4 8128/6/4 8129/6/4
f 8129/6/4 8128/6/4 8130/6/4
f 8125/6/4 8129/6/4 8131/6/4
f 8131/6/4 8129/6/4 8132/6/4
f 8133/6/4 8134/6/4 8135/6/4
f 8135/6/4 8134/6/4 8136/6/4
f 8136/6/4 8134/6/4 8137/6/4
f 8137/6/4 8138/6/4 8140/6/4
f 8136/6/4 8137/6/4 8140/6/4
f 8140/6/4 8138/6/4 8141/6/4
f 8141/6/4 8138/6/4 8142/6/4
f 8139/6/4 8140/6/4 8143/6/4
f 8140/6/4 8141/6/4 8143/6/4
f 8143/6/4 8141/6/4 8144/6/4
f 8145/6/4 8146/6/4 8147/6/4
f 8145/6/4 8147/6/4 8149/6/4
f 8147/6/4 8148/6/4 8149/6/4
f 8149/6/4 8148/6/4 8150/6/4
f 8145/6/4 8149/6/4 8151/6/4
f 8151/6/4 8149/6/4 8152/6/4
f 8156/6/5 8154/6/5 8153/6/5
f 8157/6/5 8154/6/5 8156/6/5
f 8158/6/5 8154/6/5 8157/6/5
f 8159/6/5 8154/6/5 8158/6/5
f 8162/2/5 8156/2/5 8155/2/5
f 8162/2/5 8157/2/5 8156/2/5
f 8163/2/5 8160/2/5 8159/2/5
f 8163/2/5 8159/2/5 8158/2/5
f 8166/2/5 8162/2/5 8161/2/5
f 8167/2/5 8164/2/5 8163/2/5
f 8170/2/5 8166/2/5 8165/2/5
f 8171/2/5 8168/2/5 8167/2/5
f 8174/2/5 8170/2/5 8169/2/5
f 8175/2/5 8172/2/5 8171/2/5
f 8178/2/5 8174/2/5 8173/2/5
f 8179/2/5 8157/2/5 8162/2/5
f 8179/2/5 8162/2/5 8166/2/5
f 8179/2/5 8174/2/5 8178/2/5
f 8179/2/5 8166/2/5 8170/2/5
f 8179/2/5 8170/2/5 8174/2/5
f 8180/6/5 8158/6/5 8157/6/5
f 8180/2/5 8157/2/5 8179/2/5
f 8181/2/5 8176/2/5 8175/2/5
f 8181/6/5 8158/6/5 8180/6/5
f 8181/2/5 8163/2/5 8158/2/5
f 8181/2/5 8167/2/5 8163/2/5
f 8181/2/5 8171/2/5 8167/2/5
f 8181/2/5 8175/2/5 8171/2/5
f 8182/2/5 8176/2/5 8181/2/5
f 8183/2/5 8176/2/5 8182/2/5
f 8186/2/5 8178/2/5 8177/2/5
f 8186/2/5 8179/2/5 8178/2/5
f 8187/2/5 8179/2/5 8186/2/5
f 8188/1/5 8180/1/5 8179/1/5
f 8188/2/5 8179/2/5 8187/2/5
f 8188/1/5 8181/1/5 8180/1/5
f 8188/1/5 8182/1/5 8181/1/5
f 8189/2/5 8184/2/5 8183/2/5
f 8189/1/5 8182/1/5 8188/1/5
f 8189/2/5 8183/2/5 8182/2/5
f 8190/2/5 8184/2/5 8189/2/5
f 8191/2/5 8184/2/5 8190/2/5
f 8194/2/5 8187/2/5 8186/2/5
f 8194/2/5 8186/2/5 8185/2/5
f 8195/2/5 8187/2/5 8194/2/5
f 8196/1/5 8188/1/5 8187/1/5
f 8196/2/5 8187/2/5 8195/2/5
f 8196/1/5 8189/1/5 8188/1/5
f 8196/1/5 8190/1/5 8189/1/5
f 8197/2/5 8192/2/5 8191/2/5
f 8197/1/5 8190/1/5 8196/1/5
f 8197/2/5 8191/2/5 8190/2/5
f 8198/2/5 8192/2/5 8197/2/5
f 8199/2/5 8192/2/5 8198/2/5
f 8204/2/5 8195/2/5 8194/2/5
f 8204/2/5 8194/2/5 8193/2/5
f 8205/2/5 8195/2/5 8204/2/5
f 8206/1/5 8196/1/5 8195/1/5
f 8206/2/5 8195/2/5 8205/2/5
f 8206/1/5 8197/1/5 8196/1/5
f 8206/1/5 8198/1/5 8197/1/5
f 8207/2/5 8200/2/5 8199/2/5
f 8207/1/5 8198/1/5 8206/1/5
f 8207/2/5 8199/2/5 8198/2/5
f 8208/2/5 8200/2/5 8207/2/5
f 8209/2/5 8200/2/5 8208/2/5
f 8214/6/5 8202/6/5 8201/6/5
f 8215/6/5 8202/6/5 8214/6/5
f 8218/2/5 8205/2/5 8204/2/5
f 8218/2/5 8204/2/5 8203/2/5
f 8219/2/5 8205/2/5 8218/2/5
f 8220/1/5 8206/1/5 8205/1/5
f 8220/2/5 8205/2/5 8219/2/5
f 8220/1/5 8207/1/5 8206/1/5
f 8220/1/5 8208/1/5 8207/1/5
f 8221/2/5 8209/2/5 8208/2/5
f 8221/1/5 8208/1/5 8220/1/5
f 8221/2/5 8210/2/5 8209/2/5
f 8222/2/5 8210/2/5 8221/2/5
f 8223/2/5 8210/2/5 8222/2/5
f 8226/6/5 8212/6/5 8211/6/5
f 8227/6/5 8212/6/5 8226/6/5
f 8230/6/5 8216/6/5 8215/6/5
f 8230/6/5 8215/6/5 8214/6/5
f 8230/6/5 8214/6/5 8213/6/5
f 8231/6/5 8216/6/5 8230/6/5
f 8234/2/5 8219/2/5 8218/2/5
f 8234/2/5 8218/2/5 8217/2/5
f 8235/2/5 8219/2/5 8234/2/5
f 8236/1/5 8220/1/5 8219/1/5
f 8236/2/5 8219/2/5 8235/2/5
f 8236/1/5 8221/1/5 8220/1/5
f 8236/1/5 8222/1/5 8221/1/5
f 8237/2/5 8224/2/5 8223/2/5
f 8237/1/5 8222/1/5 8236/1/5
f 8237/2/5 8223/2/5 8222/2/5
f 8238/2/5 8224/2/5 8237/2/5
f 8239/2/5 8224/2/5 8238/2/5
f 8242/6/5 8228/6/5 8227/6/5
f 8242/6/5 8227/6/5 8226/6/5
f 8242/6/5 8226/6/5 8225/6/5
f 8243/6/5 8228/6/5 8242/6/5
f 8246/6/5 8232/6/5 8231/6/5
f 8246/6/5 8231/6/5 8230/6/5
f 8246/6/5 8230/6/5 8229/6/5
f 8247/6/5 8232/6/5 8246/6/5
f 8248/2/5 8235/2/5 8234/2/5
f 8248/2/5 8234/2/5 8233/2/5
f 8249/2/5 8235/2/5 8248/2/5
f 8250/1/5 8236/1/5 8235/1/5
f 8250/2/5 8235/2/5 8249/2/5
f 8250/1/5 8238/1/5 8237/1/5
f 8250/1/5 8237/1/5 8236/1/5
f 8251/2/5 8240/2/5 8239/2/5
f 8251/1/5 8238/1/5 8250/1/5
f 8251/2/5 8239/2/5 8238/2/5
f 8252/2/5 8240/2/5 8251/2/5
f 8253/2/5 8240/2/5 8252/2/5
f 8254/6/5 8244/6/5 8243/6/5
f 8254/6/5 8243/6/5 8242/6/5
f 8254/6/5 8242/6/5 8241/6/5
f 8255/6/5 8244/6/5 8254/6/5
f 8258/6/5 8247/6/5 8246/6/5
f 8258/6/5 8246/6/5 8245/6/5
f 8259/2/5 8249/2/5 8248/2/5
f 8259/2/5 8248/2/5 8247/2/5
f 8260/1/5 8250/1/5 8249/1/5
f 8260/2/5 8249/2/5 8259/2/5
f 8260/1/5 8252/1/5 8251/1/5
f 8260/1/5 8251/1/5 8250/1/5
f 8261/2/5 8253/2/5 8252/2/5
f 8261/1/5 8252/1/5 8260/1/5
f 8261/2/5 8254/2/5 8253/2/5
f 8262/2/5 8254/2/5 8261/2/5
f 8263/6/5 8256/6/5 8255/6/5
f 8263/6/5 8255/6/5 8254/6/5
f 8266/6/5 8258/6/5 8257/6/5
f 8267/2/5 8259/2/5 8247/2/5
f 8267/6/5 8247/6/5 8258/6/5
f 8267/6/5 8258/6/5 8266/6/5
f 8268/2/5 8259/2/5 8267/2/5
f 8269/2/5 8259/2/5 8268/2/5
f 8270/1/5 8260/1/5 8259/1/5
f 8270/2/5 8259/2/5 8269/2/5
f 8270/1/5 8262/1/5 8261/1/5
f 8270/1/5 8261/1/5 8260/1/5
f 8271/2/5 8254/2/5 8262/2/5
f 8271/1/5 8262/1/5 8270/1/5
f 8272/2/5 8254/2/5 8271/2/5
f 8273/2/5 8254/2/5 8272/2/5
f 8274/6/5 8264/6/5 8263/6/5
f 8274/2/5 8254/2/5 8273/2/5
f 8274/6/5 8263/6/5 8254/6/5
f 8275/6/5 8264/6/5 8274/6/5
f 8278/6/5 8266/6/5 8265/6/5
f 8278/6/5 8268/6/5 8267/6/5
f 8278/6/5 8267/6/5 8266/6/5
f 8279/2/5 8269/2/5 8268/2/5
f 8279/6/5 8268/6/5 8278/6/5
f 8280/2/5 8269/2/5 8279/2/5
f 8281/2/5 8269/2/5 8280/2/5
f 8282/1/5 8270/1/5 8269/1/5
f 8282/2/5 8269/2/5 8281/2/5
f 8282/1/5 8272/1/5 8271/1/5
f 8282/1/5 8271/1/5 8270/1/5
f 8283/2/5 8273/2/5 8272/2/5
f 8283/1/5 8272/1/5 8282/1/5
f 8284/2/5 8273/2/5 8283/2/5
f 8285/2/5 8273/2/5 8284/2/5
f 8286/6/5 8276/6/5 8275/6/5
f 8286/2/5 8273/2/5 8285/2/5
f 8286/6/5 8275/6/5 8274/6/5
f 8286/6/5 8274/6/5 8273/6/5
f 8287/6/5 8276/6/5 8286/6/5
f 8289/6/5 8278/6/5 8277/6/5
f 8289/2/5 8281/2/5 8280/2/5
f 8289/6/5 8280/6/5 8279/6/5
f 8289/6/5 8279/6/5 8278/6/5
f 8290/2/5 8281/2/5 8289/2/5
f 8291/1/5 8282/1/5 8281/1/5
f 8291/2/5 8281/2/5 8290/2/5
f 8291/1/5 8284/1/5 8283/1/5
f 8291/1/5 8283/1/5 8282/1/5
f 8292/2/5 8285/2/5 8284/2/5
f 8292/1/5 8284/1/5 8291/1/5
f 8293/2/5 8285/2/5 8292/2/5
f 8294/6/5 8288/6/5 8287/6/5
f 8294/2/5 8285/2/5 8293/2/5
f 8294/6/5 8287/6/5 8286/6/5
f 8294/6/5 8286/6/5 8285/6/5
f 8295/6/5 8290/6/5 8289/6/5
f 8295/6/5 8289/6/5 8277/6/5
f 8296/6/5 8290/6/5 8295/6/5
f 8297/6/5 8290/6/5 8296/6/5
f 8298/1/5 8291/1/5 8290/1/5
f 8298/6/5 8290/6/5 8297/6/5
f 8298/1/5 8293/1/5 8292/1/5
f 8298/1/5 8292/1/5 8291/1/5
f 8299/6/5 8294/6/5 8293/6/5
f 8299/1/5 8293/1/5 8298/1/5
f 8300/6/5 8288/6/5 8294/6/5
f 8300/6/5 8294/6/5 8299/6/5
f 8301/6/5 8288/6/5 8300/6/5
f 8302/6/5 8288/6/5 8301/6/5
f 8303/6/5 8297/6/5 8296/6/5
f 8304/6/5 8297/6/5 8303/6/5
f 8305/6/5 8297/6/5 8304/6/5
f 8306/1/5 8299/1/5 8298/1/5
f 8306/6/5 8297/6/5 8305/6/5
f 8306/1/5 8298/1/5 8297/1/5
f 8306/1/5 8300/1/5 8299/1/5
f 8307/6/5 8301/6/5 8300/6/5
f 8307/1/5 8300/1/5 8306/1/5
f 8308/6/5 8301/6/5 8307/6/5
f 8309/6/5 8301/6/5 8308/6/5
f 8310/6/5 8301/6/5 8309/6/5
f 8311/6/5 8305/6/5 8304/6/5
f 8312/6/5 8305/6/5 8311/6/5
f 8313/6/5 8305/6/5 8312/6/5
f 8314/6/5 8305/6/5 8313/6/5
f 8315/1/5 8306/1/5 8305/1/5
f 8315/6/5 8305/6/5 8314/6/5
f 8315/1/5 8307/1/5 8306/1/5
f 8315/1/5 8308/1/5 8307/1/5
f 8316/6/5 8309/6/5 8308/6/5
f 8316/1/5 8308/1/5 8315/1/5
f 8317/6/5 8309/6/5 8316/6/5
f 8318/6/5 8309/6/5 8317/6/5
f 8319/6/5 8309/6/5 8318/6/5
f 8320/6/5 8309/6/5 8319/6/5
f 8322/2/5 8313/2/5 8312/2/5
f 8323/6/5 8314/6/5 8313/6/5
f 8323/2/5 8313/2/5 8322/2/5
f 8324/6/5 8314/6/5 8323/6/5
f 8325/6/5 8314/6/5 8324/6/5
f 8326/1/5 8315/1/5 8314/1/5
f 8326/6/5 8314/6/5 8325/6/5
f 8326/1/5 8316/1/5 8315/1/5
f 8326/1/5 8317/1/5 8316/1/5
f 8327/6/5 8318/6/5 8317/6/5
f 8327/1/5 8317/1/5 8326/1/5
f 8328/6/5 8318/6/5 8327/6/5
f 8329/6/5 8318/6/5 8328/6/5
f 8330/2/5 8319/2/5 8318/2/5
f 8330/6/5 8318/6/5 8329/6/5
f 8331/2/5 8319/2/5 8330/2/5
f 8334/2/5 8322/2/5 8321/2/5
f 8334/2/5 8324/2/5 8323/2/5
f 8334/2/5 8323/2/5 8322/2/5
f 8335/6/5 8325/6/5 8324/6/5
f 8335/2/5 8324/2/5 8334/2/5
f 8336/6/5 8325/6/5 8335/6/5
f 8337/6/5 8325/6/5 8336/6/5
f 8338/1/5 8326/1/5 8325/1/5
f 8338/6/5 8325/6/5 8337/6/5
f 8338/1/5 8327/1/5 8326/1/5
f 8338/1/5 8328/1/5 8327/1/5
f 8339/6/5 8329/6/5 8328/6/5
f 8339/1/5 8328/1/5 8338/1/5
f 8340/6/5 8329/6/5 8339/6/5
f 8341/6/5 8329/6/5 8340/6/5
f 8342/2/5 8332/2/5 8331/2/5
f 8342/6/5 8329/6/5 8341/6/5
f 8342/2/5 8331/2/5 8330/2/5
f 8342/2/5 8330/2/5 8329/2/5
f 8343/2/5 8332/2/5 8342/2/5
f 8345/2/5 8334/2/5 8333/2/5
f 8345/6/5 8337/6/5 8336/6/5
f 8345/2/5 8336/2/5 8335/2/5
f 8345/2/5 8335/2/5 8334/2/5
f 8346/1/5 8338/1/5 8337/1/5
f 8346/6/5 8337/6/5 8345/6/5
f 8346/1/5 8340/1/5 8339/1/5
f 8346/1/5 8339/1/5 8338/1/5
f 8347/6/5 8341/6/5 8340/6/5
f 8347/1/5 8340/1/5 8346/1/5
f 8348/2/5 8344/2/5 8343/2/5
f 8348/6/5 8341/6/5 8347/6/5
f 8348/2/5 8343/2/5 8342/2/5
f 8348/2/5 8342/2/5 8341/2/5
f 8350/2/5 8345/2/5 8333/2/5
f 8351/2/5 8345/2/5 8350/2/5
f 8352/1/5 8346/1/5 8345/1/5
f 8352/2/5 8345/2/5 8351/2/5
f 8352/1/5 8347/1/5 8346/1/5
f 8352/1/5 8348/1/5 8347/1/5
f 8353/2/5 8344/2/5 8348/2/5
f 8353/1/5 8348/1/5 8352/1/5
f 8354/2/5 8344/2/5 8353/2/5
f 8355/2/5 8344/2/5 8354/2/5
f 8358/2/5 8351/2/5 8350/2/5
f 8358/2/5 8350/2/5 8349/2/5
f 8359/2/5 8351/2/5 8358/2/5
f 8360/1/5 8354/1/5 8353/1/5
f 8360/2/5 8351/2/5 8359/2/5
f 8360/1/5 8352/1/5 8351/1/5
f 8360/1/5 8353/1/5 8352/1/5
f 8361/2/5 8355/2/5 8354/2/5
f 8361/1/5 8354/1/5 8360/1/5
f 8361/2/5 8356/2/5 8355/2/5
f 8362/2/5 8356/2/5 8361/2/5
f 8363/2/5 8356/2/5 8362/2/5
f 8366/2/5 8359/2/5 8358/2/5
f 8366/2/5 8358/2/5 8357/2/5
f 8367/2/5 8359/2/5 8366/2/5
f 8368/1/5 8360/1/5 8359/1/5
f 8368/2/5 8359/2/5 8367/2/5
f 8368/1/5 8362/1/5 8361/1/5
f 8368/1/5 8361/1/5 8360/1/5
f 8369/2/5 8363/2/5 8362/2/5
f 8369/1/5 8362/1/5 8368/1/5
f 8369/2/5 8364/2/5 8363/2/5
f 8370/2/5 8364/2/5 8369/2/5
f 8371/2/5 8364/2/5 8370/2/5
f 8373/2/5 8367/2/5 8366/2/5
f 8373/2/5 8366/2/5 8365/2/5
f 8374/1/5 8368/1/5 8367/1/5
f 8374/2/5 8367/2/5 8373/2/5
f 8374/1/5 8369/1/5 8368/1/5
f 8374/1/5 8370/1/5 8369/1/5
f 8375/2/5 8372/2/5 8371/2/5
f 8375/1/5 8370/1/5 8374/1/5
f 8375/2/5 8371/2/5 8370/2/5
f 8376/2/5 8372/2/5 8375/2/5
f 8378/2/5 8373/2/5 8365/2/5
f 8379/2/5 8372/2/5 8376/2/5
f 8381/2/5 8378/2/5 8377/2/5
f 8381/2/5 8373/2/5 8378/2/5
f 8382/1/5 8374/1/5 8373/1/5
f 8382/2/5 8373/2/5 8381/2/5
f 8382/1/5 8375/1/5 8374/1/5
f 8382/1/5 8376/1/5 8375/1/5
f 8383/2/5 8380/2/5 8379/2/5
f 8383/1/5 8376/1/5 8382/1/5
f 8383/2/5 8379/2/5 8376/2/5
f 8384/2/5 8380/2/5 8383/2/5
f 8386/2/5 8381/2/5 8377/2/5
f 8387/2/5 8380/2/5 8384/2/5
f 8389/2/5 8386/2/5 8385/2/5
f 8389/2/5 8381/2/5 8386/2/5
f 8390/1/5 8382/1/5 8381/1/5
f 8390/2/5 8381/2/5 8389/2/5
f 8390/1/5 8383/1/5 8382/1/5
f 8390/1/5 8384/1/5 8383/1/5
f 8391/2/5 8388/2/5 8387/2/5
f 8391/1/5 8384/1/5 8390/1/5
f 8391/2/5 8387/2/5 8384/2/5
f 8392/2/5 8388/2/5 8391/2/5
f 8394/2/5 8389/2/5 8385/2/5
f 8395/2/5 8388/2/5 8392/2/5
f 8397/2/5 8394/2/5 8393/2/5
f 8397/2/5 8389/2/5 8394/2/5
f 8398/1/5 8390/1/5 8389/1/5
f 8398/2/5 8389/2/5 8397/2/5
f 8398/1/5 8391/1/5 8390/1/5
f 8398/1/5 8392/1/5 8391/1/5
f 8399/2/5 8396/2/5 8395/2/5
f 8399/1/5 8392/1/5 8398/1/5
f 8399/2/5 8395/2/5 8392/2/5
f 8400/2/5 8396/2/5 8399/2/5
f 8402/2/5 8397/2/5 8393/2/5
f 8403/2/5 8396/2/5 8400/2/5
f 8405/2/5 8402/2/5 8401/2/5
f 8405/2/5 8397/2/5 8402/2/5
f 8406/1/5 8398/1/5 8397/1/5
f 8406/2/5 8397/2/5 8405/2/5
f 8406/1/5 8399/1/5 8398/1/5
f 8406/1/5 8400/1/5 8399/1/5
f 8407/2/5 8404/2/5 8403/2/5
f 8407/1/5 8400/1/5 8406/1/5
f 8407/2/5 8403/2/5 8400/2/5
f 8408/2/5 8404/2/5 8407/2/5
f 8410/2/5 8405/2/5 8401/2/5
f 8411/2/5 8404/2/5 8408/2/5
f 8413/2/5 8410/2/5 8409/2/5
f 8413/2/5 8405/2/5 8410/2/5
f 8414/1/5 8406/1/5 8405/1/5
f 8414/2/5 8405/2/5 8413/2/5
f 8414/1/5 8407/1/5 8406/1/5
f 8414/1/5 8408/1/5 8407/1/5
f 8415/2/5 8412/2/5 8411/2/5
f 8415/1/5 8408/1/5 8414/1/5
f 8415/2/5 8411/2/5 8408/2/5
f 8416/2/5 8412/2/5 8415/2/5
f 8418/2/5 8413/2/5 8409/2/5
f 8419/2/5 8412/2/5 8416/2/5
f 8421/2/5 8418/2/5 8417/2/5
f 8421/2/5 8413/2/5 8418/2/5
f 8422/1/5 8414/1/5 8413/1/5
f 8422/2/5 8413/2/5 8421/2/5
f 8422/1/5 8415/1/5 8414/1/5
f 8422/1/5 8416/1/5 8415/1/5
f 8423/2/5 8420/2/5 8419/2/5
f 8423/1/5 8416/1/5 8422/1/5
f 8423/2/5 8419/2/5 8416/2/5
f 8424/2/5 8420/2/5 8423/2/5
f 8426/2/5 8421/2/5 8417/2/5
f 8427/2/5 8420/2/5 8424/2/5
f 8429/6/5 8426/6/5 8425/6/5
f 8429/2/5 8421/2/5 8426/2/5
f 8430/1/5 8422/1/5 8421/1/5
f 8430/2/5 8421/2/5 8429/2/5
f 8430/1/5 8423/1/5 8422/1/5
f 8430/1/5 8424/1/5 8423/1/5
f 8431/2/5 8427/2/5 8424/2/5
f 8431/1/5 8424/1/5 8430/1/5
f 8432/6/5 8428/6/5 8427/6/5
f 8432/2/5 8427/2/5 8431/2/5
f 8433/6/5 8429/6/5 8425/6/5
f 8433/6/5 8430/6/5 8429/6/5
f 8434/1/5 8431/1/5 8430/1/5
f 8434/6/5 8430/6/5 8433/6/5
f 8435/6/5 8432/6/5 8431/6/5
f 8435/1/5 8431/1/5 8434/1/5
f 8436/6/5 8428/6/5 8432/6/5
f 8436/6/5 8432/6/5 8435/6/5
f 8437/6/5 8433/6/5 8425/6/5
f 8438/2/5 8434/2/5 8433/2/5
f 8438/6/5 8433/6/5 8437/6/5
f 8439/6/5 8428/6/5 8436/6/5
f 8439/2/5 8436/2/5 8435/2/5
f 8440/6/5 8428/6/5 8439/6/5
f 8441/2/5 8434/2/5 8438/2/5
f 8441/1/5 8435/1/5 8434/1/5
f 8442/1/5 8435/1/5 8441/1/5
f 8443/1/5 8435/1/5 8442/1/5
f 8444/2/5 8439/2/5 8435/2/5
f 8444/1/5 8435/1/5 8443/1/5
f 8445/2/5 8441/2/5 8438/2/5
f 8445/2/5 8442/2/5 8441/2/5
f 8446/2/5 8442/2/5 8445/2/5
f 8447/2/5 8439/2/5 8444/2/5
f 8447/2/5 8444/2/5 8443/2/5
f 8448/2/5 8439/2/5 8447/2/5
f 8449/1/5 8443/1/5 8442/1/5
f 8449/2/5 8442/2/5 8446/2/5
f 8450/1/5 8443/1/5 8449/1/5
f 8451/1/5 8443/1/5 8450/1/5
f 8452/2/5 8447/2/5 8443/2/5
f 8452/1/5 8443/1/5 8451/1/5
f 8453/2/5 8449/2/5 8446/2/5
f 8453/2/5 8450/2/5 8449/2/5
f 8454/2/5 8450/2/5 8453/2/5
f 8455/2/5 8447/2/5 8452/2/5
f 8455/2/5 8452/2/5 8451/2/5
f 8456/2/5 8447/2/5 8455/2/5
f 8457/1/5 8451/1/5 8450/1/5
f 8457/2/5 8450/2/5 8454/2/5
f 8458/1/5 8451/1/5 8457/1/5
f 8459/1/5 8451/1/5 8458/1/5
f 8460/2/5 8455/2/5 8451/2/5
f 8460/1/5 8451/1/5 8459/1/5
f 8461/2/5 8457/2/5 8454/2/5
f 8461/2/5 8458/2/5 8457/2/5
f 8462/2/5 8458/2/5 8461/2/5
f 8463/2/5 8455/2/5 8460/2/5
f 8463/2/5 8460/2/5 8459/2/5
f 8464/2/5 8455/2/5 8463/2/5
f 8465/1/5 8459/1/5 8458/1/5
f 8465/2/5 8458/2/5 8462/2/5
f 8466/1/5 8459/1/5 8465/1/5
f 8467/1/5 8459/1/5 8466/1/5
f 8468/2/5 8463/2/5 8459/2/5
f 8468/1/5 8459/1/5 8467/1/5
f 8469/2/5 8465/2/5 8462/2/5
f 8469/2/5 8466/2/5 8465/2/5
f 8470/2/5 8466/2/5 8469/2/5
f 8471/2/5 8463/2/5 8468/2/5
f 8471/2/5 8468/2/5 8467/2/5
f 8472/2/5 8463/2/5 8471/2/5
f 8473/1/5 8467/1/5 8466/1/5
f 8473/2/5 8466/2/5 8470/2/5
f 8474/1/5 8467/1/5 8473/1/5
f 8475/1/5 8467/1/5 8474/1/5
f 8476/2/5 8471/2/5 8467/2/5
f 8476/1/5 8467/1/5 8475/1/5
f 8477/2/5 8473/2/5 8470/2/5
f 8477/2/5 8474/2/5 8473/2/5
f 8478/2/5 8474/2/5 8477/2/5
f 8479/2/5 8471/2/5 8476/2/5
f 8479/2/5 8476/2/5 8475/2/5
f 8480/2/5 8471/2/5 8479/2/5
f 8481/1/5 8475/1/5 8474/1/5
f 8481/2/5 8474/2/5 8478/2/5
f 8482/1/5 8475/1/5 8481/1/5
f 8483/1/5 8475/1/5 8482/1/5
f 8484/2/5 8479/2/5 8475/2/5
f 8484/1/5 8475/1/5 8483/1/5
f 8485/2/5 8481/2/5 8478/2/5
f 8485/2/5 8482/2/5 8481/2/5
f 8486/2/5 8482/2/5 8485/2/5
f 8487/2/5 8479/2/5 8484/2/5
f 8487/2/5 8484/2/5 8483/2/5
f 8488/2/5 8479/2/5 8487/2/5
f 8489/1/5 8483/1/5 8482/1/5
f 8489/2/5 8482/2/5 8486/2/5
f 8490/1/5 8483/1/5 8489/1/5
f 8491/1/5 8483/1/5 8490/1/5
f 8492/2/5 8487/2/5 8483/2/5
f 8492/1/5 8483/1/5 8491/1/5
f 8493/2/5 8489/2/5 8486/2/5
f 8493/2/5 8490/2/5 8489/2/5
f 8494/2/5 8490/2/5 8493/2/5
f 8495/1/5 8491/1/5 8490/1/5
f 8495/2/5 8490/2/5 8494/2/5
f 8496/1/5 8491/1/5 8495/1/5
f 8497/1/5 8491/1/5 8496/1/5
f 8498/2/5 8492/2/5 8491/2/5
f 8498/1/5 8491/1/5 8497/1/5
f 8499/2/5 8487/2/5 8492/2/5
f 8499/2/5 8492/2/5 8498/2/5
f 8500/2/5 8487/2/5 8499/2/5
f 8501/2/5 8495/2/5 8494/2/5
f 8501/2/5 8496/2/5 8495/2/5
f 8502/2/5 8496/2/5 8501/2/5
f 8503/1/5 8497/1/5 8496/1/5
f 8503/2/5 8496/2/5 8502/2/5
f 8504/1/5 8497/1/5 8503/1/5
f 8505/1/5 8497/1/5 8504/1/5
f 8506/2/5 8498/2/5 8497/2/5
f 8506/1/5 8497/1/5 8505/1/5
f 8506/2/5 8499/2/5 8498/2/5
f 8507/2/5 8499/2/5 8506/2/5
f 8508/2/5 8499/2/5 8507/2/5
f 8509/2/5 8504/2/5 8503/2/5
f 8509/2/5 8503/2/5 8502/2/5
f 8510/2/5 8504/2/5 8509/2/5
f 8511/1/5 8505/1/5 8504/1/5
f 8511/2/5 8504/2/5 8510/2/5
f 8512/1/5 8505/1/5 8511/1/5
f 8513/1/5 8505/1/5 8512/1/5
f 8514/2/5 8507/2/5 8506/2/5
f 8514/1/5 8505/1/5 8513/1/5
f 8514/2/5 8506/2/5 8505/2/5
f 8515/2/5 8507/2/5 8514/2/5
f 8516/2/5 8507/2/5 8515/2/5
f 8517/1/5 8513/1/5 8512/1/5
f 8517/2/5 8512/2/5 8511/2/5
f 8517/2/5 8511/2/5 8510/2/5
f 8518/1/5 8513/1/5 8517/1/5
f 8519/1/5 8513/1/5 8518/1/5
f 8520/2/5 8515/2/5 8514/2/5
f 8520/1/5 8513/1/5 8519/1/5
f 8520/2/5 8514/2/5 8513/2/5
f 8521/2/5 8517/2/5 8510/2/5
f 8522/2/5 8517/2/5 8521/2/5
f 8523/2/5 8517/2/5 8522/2/5
f 8524/6/5 8518/6/5 8517/6/5
f 8524/2/5 8517/2/5 8523/2/5
f 8525/1/5 8519/1/5 8518/1/5
f 8525/6/5 8518/6/5 8524/6/5
f 8526/1/5 8519/1/5 8525/1/5
f 8527/1/5 8519/1/5 8526/1/5
f 8528/6/5 8520/6/5 8519/6/5
f 8528/1/5 8519/1/5 8527/1/5
f 8529/2/5 8515/2/5 8520/2/5
f 8529/6/5 8520/6/5 8528/6/5
f 8530/2/5 8515/2/5 8529/2/5
f 8531/2/5 8515/2/5 8530/2/5
f 8532/2/5 8515/2/5 8531/2/5
f 8533/2/5 8523/2/5 8522/2/5
f 8534/2/5 8523/2/5 8533/2/5
f 8535/2/5 8523/2/5 8534/2/5
f 8536/6/5 8524/6/5 8523/6/5
f 8536/2/5 8523/2/5 8535/2/5
f 8536/6/5 8525/6/5 8524/6/5
f 8536/6/5 8526/6/5 8525/6/5
f 8537/1/5 8527/1/5 8526/1/5
f 8537/6/5 8526/6/5 8536/6/5
f 8538/1/5 8527/1/5 8537/1/5
f 8539/1/5 8527/1/5 8538/1/5
f 8540/6/5 8528/6/5 8527/6/5
f 8540/1/5 8527/1/5 8539/1/5
f 8540/6/5 8529/6/5 8528/6/5
f 8540/6/5 8530/6/5 8529/6/5
f 8541/2/5 8531/2/5 8530/2/5
f 8541/6/5 8530/6/5 8540/6/5
f 8542/2/5 8531/2/5 8541/2/5
f 8543/2/5 8531/2/5 8542/2/5
f 8544/2/5 8531/2/5 8543/2/5
f 8546/2/5 8535/2/5 8534/2/5
f 8547/6/5 8536/6/5 8535/6/5
f 8547/6/5 8538/6/5 8537/6/5
f 8547/2/5 8535/2/5 8546/2/5
f 8547/6/5 8537/6/5 8536/6/5
f 8548/1/5 8539/1/5 8538/1/5
f 8548/6/5 8538/6/5 8547/6/5
f 8549/1/5 8539/1/5 8548/1/5
f 8550/1/5 8539/1/5 8549/1/5
f 8551/6/5 8540/6/5 8539/6/5
f 8551/1/5 8539/1/5 8550/1/5
f 8551/6/5 8542/6/5 8541/6/5
f 8551/6/5 8541/6/5 8540/6/5
f 8552/2/5 8543/2/5 8542/2/5
f 8552/6/5 8542/6/5 8551/6/5
f 8553/2/5 8543/2/5 8552/2/5
f 8556/6/5 8547/6/5 8546/6/5
f 8556/6/5 8546/6/5 8545/6/5
f 8556/6/5 8549/6/5 8548/6/5
f 8556/6/5 8548/6/5 8547/6/5
f 8557/1/5 8550/1/5 8549/1/5
f 8557/6/5 8549/6/5 8556/6/5
f 8558/1/5 8550/1/5 8557/1/5
f 8559/1/5 8550/1/5 8558/1/5
f 8560/6/5 8551/6/5 8550/6/5
f 8560/1/5 8550/1/5 8559/1/5
f 8560/6/5 8554/6/5 8553/6/5
f 8560/6/5 8553/6/5 8552/6/5
f 8560/6/5 8552/6/5 8551/6/5
f 8561/6/5 8554/6/5 8560/6/5
f 8564/6/5 8558/6/5 8557/6/5
f 8564/6/5 8557/6/5 8556/6/5
f 8564/6/5 8556/6/5 8555/6/5
f 8565/1/5 8559/1/5 8558/1/5
f 8565/6/5 8558/6/5 8564/6/5
f 8566/1/5 8559/1/5 8565/1/5
f 8567/1/5 8559/1/5 8566/1/5
f 8568/6/5 8562/6/5 8561/6/5
f 8568/1/5 8559/1/5 8567/1/5
f 8568/6/5 8560/6/5 8559/6/5
f 8568/6/5 8561/6/5 8560/6/5
f 8569/6/5 8562/6/5 8568/6/5
f 8571/6/5 8564/6/5 8563/6/5
f 8571/6/5 8566/6/5 8565/6/5
f 8571/6/5 8565/6/5 8564/6/5
f 8572/1/5 8567/1/5 8566/1/5
f 8572/6/5 8566/6/5 8571/6/5
f 8573/1/5 8567/1/5 8572/1/5
f 8574/1/5 8567/1/5 8573/1/5
f 8575/6/5 8570/6/5 8569/6/5
f 8575/1/5 8567/1/5 8574/1/5
f 8575/6/5 8569/6/5 8568/6/5
f 8575/6/5 8568/6/5 8567/6/5
f 8576/6/5 8570/6/5 8575/6/5
f 8577/6/5 8571/6/5 8563/6/5
f 8578/6/5 8571/6/5 8577/6/5
f 8579/6/5 8571/6/5 8578/6/5
f 8580/2/5 8573/2/5 8572/2/5
f 8580/6/5 8571/6/5 8579/6/5
f 8580/2/5 8572/2/5 8571/2/5
f 8581/1/5 8574/1/5 8573/1/5
f 8581/2/5 8573/2/5 8580/2/5
f 8582/1/5 8574/1/5 8581/1/5
f 8583/1/5 8574/1/5 8582/1/5
f 8584/2/5 8575/2/5 8574/2/5
f 8584/1/5 8574/1/5 8583/1/5
f 8584/2/5 8576/2/5 8575/2/5
f 8585/6/5 8570/6/5 8576/6/5
f 8585/2/5 8576/2/5 8584/2/5
f 8586/6/5 8570/6/5 8585/6/5
f 8587/6/5 8570/6/5 8586/6/5
f 8588/6/5 8570/6/5 8587/6/5
f 8589/6/5 8579/6/5 8578/6/5
f 8590/6/5 8579/6/5 8589/6/5
f 8591/6/5 8579/6/5 8590/6/5
f 8592/2/5 8580/2/5 8579/2/5
f 8592/6/5 8579/6/5 8591/6/5
f 8592/2/5 8582/2/5 8581/2/5
f 8592/2/5 8581/2/5 8580/2/5
f 8593/1/5 8583/1/5 8582/1/5
f 8593/2/5 8582/2/5 8592/2/5
f 8594/1/5 8583/1/5 8593/1/5
f 8595/1/5 8583/1/5 8594/1/5
f 8596/2/5 8584/2/5 8583/2/5
f 8596/1/5 8583/1/5 8595/1/5
f 8596/2/5 8585/2/5 8584/2/5
f 8596/2/5 8586/2/5 8585/2/5
f 8597/6/5 8587/6/5 8586/6/5
f 8597/2/5 8586/2/5 8596/2/5
f 8598/6/5 8587/6/5 8597/6/5
f 8599/6/5 8587/6/5 8598/6/5
f 8600/6/5 8587/6/5 8599/6/5
f 8601/6/5 8591/6/5 8590/6/5
f 8602/6/5 8591/6/5 8601/6/5
f 8603/1/5 8595/1/5 8594/1/5
f 8603/2/5 8592/2/5 8591/2/5
f 8603/2/5 8594/2/5 8593/2/5
f 8603/2/5 8593/2/5 8592/2/5
f 8604/1/5 8595/1/5 8603/1/5
f 8605/1/5 8595/1/5 8604/1/5
f 8606/2/5 8596/2/5 8595/2/5
f 8606/1/5 8595/1/5 8605/1/5
f 8606/2/5 8598/2/5 8597/2/5
f 8606/2/5 8597/2/5 8596/2/5
f 8607/6/5 8599/6/5 8598/6/5
f 8608/6/5 8599/6/5 8607/6/5
f 8609/6/5 8591/6/5 8602/6/5
f 8610/6/5 8591/6/5 8609/6/5
f 8611/2/5 8604/2/5 8603/2/5
f 8611/6/5 8591/6/5 8610/6/5
f 8611/2/5 8603/2/5 8591/2/5
f 8612/2/5 8604/2/5 8611/2/5
f 8613/1/5 8605/1/5 8604/1/5
f 8613/2/5 8604/2/5 8612/2/5
f 8614/1/5 8605/1/5 8613/1/5
f 8615/1/5 8605/1/5 8614/1/5
f 8616/2/5 8606/2/5 8605/2/5
f 8616/1/5 8605/1/5 8615/1/5
f 8617/2/5 8598/2/5 8606/2/5
f 8617/2/5 8606/2/5 8616/2/5
f 8618/6/5 8607/6/5 8598/6/5
f 8618/2/5 8598/2/5 8617/2/5
f 8619/6/5 8607/6/5 8618/6/5
f 8620/6/5 8607/6/5 8619/6/5
f 8621/6/5 8611/6/5 8610/6/5
f 8622/6/5 8611/6/5 8621/6/5
f 8623/6/5 8611/6/5 8622/6/5
f 8624/6/5 8611/6/5 8623/6/5
f 8625/2/5 8614/2/5 8613/2/5
f 8625/2/5 8613/2/5 8612/2/5
f 8626/2/5 8614/2/5 8625/2/5
f 8627/1/5 8615/1/5 8614/1/5
f 8627/2/5 8614/2/5 8626/2/5
f 8628/1/5 8615/1/5 8627/1/5
f 8629/1/5 8615/1/5 8628/1/5
f 8630/2/5 8617/2/5 8616/2/5
f 8630/1/5 8615/1/5 8629/1/5
f 8630/2/5 8616/2/5 8615/2/5
f 8631/2/5 8617/2/5 8630/2/5
f 8632/2/5 8617/2/5 8631/2/5
f 8633/6/5 8619/6/5 8618/6/5
f 8634/6/5 8619/6/5 8633/6/5
f 8635/6/5 8619/6/5 8634/6/5
f 8636/6/5 8619/6/5 8635/6/5
f 8637/6/5 8623/6/5 8622/6/5
f 8638/6/5 8623/6/5 8637/6/5
f 8639/6/5 8623/6/5 8638/6/5
f 8640/6/5 8623/6/5 8639/6/5
f 8641/2/5 8628/2/5 8627/2/5
f 8641/2/5 8627/2/5 8626/2/5
f 8642/2/5 8628/2/5 8641/2/5
f 8643/1/5 8629/1/5 8628/1/5
f 8643/2/5 8628/2/5 8642/2/5
f 8644/1/5 8629/1/5 8643/1/5
f 8645/1/5 8629/1/5 8644/1/5
f 8646/2/5 8631/2/5 8630/2/5
f 8646/1/5 8629/1/5 8645/1/5
f 8646/2/5 8630/2/5 8629/2/5
f 8647/2/5 8631/2/5 8646/2/5
f 8648/2/5 8631/2/5 8647/2/5
f 8649/6/5 8635/6/5 8634/6/5
f 8650/6/5 8635/6/5 8649/6/5
f 8651/6/5 8635/6/5 8650/6/5
f 8652/6/5 8635/6/5 8651/6/5
f 8653/6/5 8639/6/5 8638/6/5
f 8654/6/5 8639/6/5 8653/6/5
f 8655/2/5 8644/2/5 8643/2/5
f 8655/2/5 8643/2/5 8642/2/5
f 8656/2/5 8644/2/5 8655/2/5
f 8657/1/5 8645/1/5 8644/1/5
f 8657/2/5 8644/2/5 8656/2/5
f 8658/1/5 8645/1/5 8657/1/5
f 8659/1/5 8645/1/5 8658/1/5
f 8660/2/5 8647/2/5 8646/2/5
f 8660/1/5 8645/1/5 8659/1/5
f 8660/2/5 8646/2/5 8645/2/5
f 8661/2/5 8647/2/5 8660/2/5
f 8662/2/5 8647/2/5 8661/2/5
f 8663/6/5 8651/6/5 8650/6/5
f 8664/6/5 8651/6/5 8663/6/5
f 8665/2/5 8658/2/5 8657/2/5
f 8665/2/5 8657/2/5 8656/2/5
f 8666/2/5 8658/2/5 8665/2/5
f 8667/1/5 8659/1/5 8658/1/5
f 8667/2/5 8658/2/5 8666/2/5
f 8668/1/5 8659/1/5 8667/1/5
f 8669/1/5 8659/1/5 8668/1/5
f 8670/2/5 8661/2/5 8660/2/5
f 8670/1/5 8659/1/5 8669/1/5
f 8670/2/5 8660/2/5 8659/2/5
f 8671/2/5 8661/2/5 8670/2/5
f 8672/2/5 8661/2/5 8671/2/5
f 8673/2/5 8668/2/5 8667/2/5
f 8673/2/5 8667/2/5 8666/2/5
f 8674/2/5 8668/2/5 8673/2/5
f 8675/1/5 8669/1/5 8668/1/5
f 8675/2/5 8668/2/5 8674/2/5
f 8676/1/5 8669/1/5 8675/1/5
f 8677/1/5 8669/1/5 8676/1/5
f 8678/2/5 8671/2/5 8670/2/5
f 8678/1/5 8669/1/5 8677/1/5
f 8678/2/5 8670/2/5 8669/2/5
f 8679/2/5 8671/2/5 8678/2/5
f 8680/2/5 8671/2/5 8679/2/5
f 8681/2/5 8676/2/5 8675/2/5
f 8681/2/5 8675/2/5 8674/2/5
f 8682/2/5 8676/2/5 8681/2/5
f 8683/1/5 8677/1/5 8676/1/5
f 8683/2/5 8676/2/5 8682/2/5
f 8684/1/5 8677/1/5 8683/1/5
f 8685/1/5 8677/1/5 8684/1/5
f 8686/2/5 8679/2/5 8678/2/5
f 8686/1/5 8677/1/5 8685/1/5
f 8686/2/5 8678/2/5 8677/2/5
f 8687/2/5 8679/2/5 8686/2/5
f 8688/2/5 8679/2/5 8687/2/5
f 8689/2/5 8684/2/5 8683/2/5
f 8689/2/5 8683/2/5 8682/2/5
f 8690/2/5 8684/2/5 8689/2/5
f 8691/2/5 8687/2/5 8686/2/5
f 8691/2/5 8686/2/5 8685/2/5
f 8692/2/5 8687/2/5 8691/2/5
f 8693/2/5 8684/2/5 8690/2/5
f 8694/2/5 8684/2/5 8693/2/5
f 8695/2/5 8691/2/5 8685/2/5
f 8696/2/5 8691/2/5 8695/2/5
f 8697/2/5 8684/2/5 8694/2/5
f 8698/2/5 8684/2/5 8697/2/5
f 8699/2/5 8695/2/5 8685/2/5
f 8700/2/5 8695/2/5 8699/2/5
f 8701/2/5 8684/2/5 8698/2/5
f 8702/2/5 8684/2/5 8701/2/5
f 8703/2/5 8699/2/5 8685/2/5
f 8704/2/5 8699/2/5 8703/2/5
f 8705/2/5 8684/2/5 8702/2/5
f 8706/2/5 8684/2/5 8705/2/5
f 8707/6/5 8685/6/5 8684/6/5
f 8707/2/5 8684/2/5 8706/2/5
f 8708/2/5 8703/2/5 8685/2/5
f 8708/6/5 8685/6/5 8707/6/5
f 8709/2/5 8703/2/5 8708/2/5
f 8710/2/5 8703/2/5 8709/2/5
f 8711/6/5 8707/6/5 8706/6/5
f 8711/6/5 8709/6/5 8708/6/5
f 8711/6/5 8708/6/5 8707/6/5
f 8712/6/5 8709/6/5 8711/6/5
f 8720/2/5 8714/2/5 8713/2/5
f 8720/2/5 8715/2/5 8714/2/5
f 8721/2/5 8715/2/5 8720/2/5
f 8722/2/5 8715/2/5 8721/2/5
f 8723/2/5 8718/2/5 8717/2/5
f 8723/2/5 8717/2/5 8716/2/5
f 8724/2/5 8718/2/5 8723/2/5
f 8725/2/5 8718/2/5 8724/2/5
f 8728/2/5 8721/2/5 8720/2/5
f 8728/2/5 8720/2/5 8719/2/5
f 8729/2/5 8721/2/5 8728/2/5
f 8730/2/5 8721/2/5 8729/2/5
f 8731/2/5 8726/2/5 8725/2/5
f 8731/2/5 8725/2/5 8724/2/5
f 8732/2/5 8726/2/5 8731/2/5
f 8733/2/5 8726/2/5 8732/2/5
f 8736/2/5 8729/2/5 8728/2/5
f 8736/2/5 8728/2/5 8727/2/5
f 8737/2/5 8729/2/5 8736/2/5
f 8738/2/5 8734/2/5 8733/2/5
f 8738/2/5 8733/2/5 8732/2/5
f 8739/2/5 8734/2/5 8738/2/5
f 8742/2/5 8736/2/5 8735/2/5
f 8743/2/5 8736/2/5 8742/2/5
f 8744/2/5 8740/2/5 8739/2/5
f 8745/2/5 8740/2/5 8744/2/5
f 8748/2/5 8742/2/5 8741/2/5
f 8749/2/5 8742/2/5 8748/2/5
f 8750/2/5 8746/2/5 8745/2/5
f 8751/2/5 8746/2/5 8750/2/5
f 8754/2/5 8748/2/5 8747/2/5
f 8755/2/5 8748/2/5 8754/2/5
f 8756/2/5 8752/2/5 8751/2/5
f 8757/2/5 8752/2/5 8756/2/5
f 8760/2/5 8754/2/5 8753/2/5
f 8761/2/5 8754/2/5 8760/2/5
f 8762/2/5 8758/2/5 8757/2/5
f 8763/2/5 8758/2/5 8762/2/5
f 8766/2/5 8760/2/5 8759/2/5
f 8767/2/5 8760/2/5 8766/2/5
f 8768/2/5 8760/2/5 8767/2/5
f 8769/2/5 8764/2/5 8763/2/5
f 8770/2/5 8764/2/5 8769/2/5
f 8771/2/5 8764/2/5 8770/2/5
f 8774/2/5 8766/2/5 8765/2/5
f 8774/2/5 8767/2/5 8766/2/5
f 8775/2/5 8767/2/5 8774/2/5
f 8776/2/5 8772/2/5 8771/2/5
f 8776/2/5 8771/2/5 8770/2/5
f 8777/2/5 8772/2/5 8776/2/5
f 8780/2/5 8774/2/5 8773/2/5
f 8781/2/5 8774/2/5 8780/2/5
f 8782/2/5 8774/2/5 8781/2/5
f 8783/2/5 8778/2/5 8777/2/5
f 8784/2/5 8778/2/5 8783/2/5
f 8785/2/5 8778/2/5 8784/2/5
f 8788/2/5 8780/2/5 8779/2/5
f 8788/2/5 8781/2/5 8780/2/5
f 8789/2/5 8781/2/5 8788/2/5
f 8790/2/5 8786/2/5 8785/2/5
f 8790/2/5 8785/2/5 8784/2/5
f 8791/2/5 8786/2/5 8790/2/5
f 8793/2/5 8788/2/5 8787/2/5
f 8794/2/5 8788/2/5 8793/2/5
f 8795/2/5 8792/2/5 8791/2/5
f 8796/2/5 8792/2/5 8795/2/5
f 8802/2/5 8798/2/5 8797/2/5
f 8803/2/5 8798/2/5 8802/2/5
f 8804/2/5 8800/2/5 8799/2/5
f 8805/2/5 8800/2/5 8804/2/5
f 8808/2/5 8802/2/5 8801/2/5
f 8809/2/5 8806/2/5 8805/2/5
f 8811/2/5 8808/2/5 8807/2/5
f 8811/2/5 8802/2/5 8808/2/5
f 8812/2/5 8802/2/5 8811/2/5
f 8813/2/5 8810/2/5 8809/2/5
f 8813/2/5 8809/2/5 8805/2/5
f 8814/2/5 8810/2/5 8813/2/5
f 8816/2/5 8811/2/5 8807/2/5
f 8817/2/5 8811/2/5 8816/2/5
f 8818/2/5 8810/2/5 8814/2/5
f 8819/2/5 8810/2/5 8818/2/5
f 8822/2/5 8816/2/5 8815/2/5
f 8823/2/5 8820/2/5 8819/2/5
f 8825/2/5 8822/2/5 8821/2/5
f 8825/2/5 8816/2/5 8822/2/5
f 8826/2/5 8816/2/5 8825/2/5
f 8827/2/5 8824/2/5 8823/2/5
f 8827/2/5 8823/2/5 8819/2/5
f 8828/2/5 8824/2/5 8827/2/5
f 8830/2/5 8825/2/5 8821/2/5
f 8831/2/5 8825/2/5 8830/2/5
f 8832/2/5 8824/2/5 8828/2/5
f 8833/2/5 8824/2/5 8832/2/5
f 8836/2/5 8830/2/5 8829/2/5
f 8837/2/5 8830/2/5 8836/2/5
f 8838/2/5 8834/2/5 8833/2/5
f 8839/2/5 8834/2/5 8838/2/5
f 8842/2/5 8836/2/5 8835/2/5
f 8843/2/5 8836/2/5 8842/2/5
f 8844/2/5 8840/2/5 8839/2/5
f 8845/2/5 8840/2/5 8844/2/5
f 8848/2/5 8842/2/5 8841/2/5
f 8849/2/5 8842/2/5 8848/2/5
f 8850/2/5 8846/2/5 8845/2/5
f 8851/2/5 8846/2/5 8850/2/5
f 8854/2/5 8848/2/5 8847/2/5
f 8855/2/5 8848/2/5 8854/2/5
f 8856/2/5 8852/2/5 8851/2/5
f 8857/2/5 8852/2/5 8856/2/5
f 8860/2/5 8854/2/5 8853/2/5
f 8861/2/5 8858/2/5 8857/2/5
f 8863/2/5 8860/2/5 8859/2/5
f 8863/2/5 8854/2/5 8860/2/5
f 8864/2/5 8854/2/5 8863/2/5
f 8865/2/5 8862/2/5 8861/2/5
f 8865/2/5 8861/2/5 8857/2/5
f 8866/2/5 8862/2/5 8865/2/5
f 8868/2/5 8863/2/5 8859/2/5
f 8869/2/5 8862/2/5 8866/2/5
f 8871/2/5 8868/2/5 8867/2/5
f 8871/2/5 8863/2/5 8868/2/5
f 8872/2/5 8863/2/5 8871/2/5
f 8873/2/5 8870/2/5 8869/2/5
f 8873/2/5 8869/2/5 8866/2/5
f 8874/2/5 8870/2/5 8873/2/5
f 8875/2/5 8871/2/5 8867/2/5
f 8876/2/5 8870/2/5 8874/2/5
f 8877/2/5 8871/2/5 8875/2/5
f 8878/2/5 8871/2/5 8877/2/5
f 8879/2/5 8876/2/5 8874/2/5
f 8880/2/5 8876/2/5 8879/2/5
f 8885/2/5 8882/2/5 8881/2/5
f 8886/2/5 8884/2/5 8883/2/5
f 8887/2/5 8882/2/5 8885/2/5
f 8890/2/5 8886/2/5 8883/2/5
f 8891/2/5 8888/2/5 8887/2/5
f 8891/2/5 8887/2/5 8885/2/5
f 8892/2/5 8888/2/5 8891/2/5
f 8893/2/5 8890/2/5 8889/2/5
f 8893/2/5 8886/2/5 8890/2/5
f 8894/2/5 8886/2/5 8893/2/5
f 8895/2/5 8888/2/5 8892/2/5
f 8898/2/5 8893/2/5 8889/2/5
f 8899/2/5 8896/2/5 8895/2/5
f 8899/2/5 8895/2/5 8892/2/5
f 8900/2/5 8896/2/5 8899/2/5
f 8901/2/5 8898/2/5 8897/2/5
f 8901/2/5 8893/2/5 8898/2/5
f 8902/2/5 8893/2/5 8901/2/5
f 8903/2/5 8896/2/5 8900/2/5
f 8904/2/5 8896/2/5 8903/2/5
f 8907/2/5 8901/2/5 8897/2/5
f 8908/2/5 8901/2/5 8907/2/5
f 8909/2/5 8905/2/5 8904/2/5
f 8910/2/5 8905/2/5 8909/2/5
f 8913/2/5 8907/2/5 8906/2/5
f 8914/2/5 8907/2/5 8913/2/5
f 8915/2/5 8911/2/5 8910/2/5
f 8916/2/5 8911/2/5 8915/2/5
f 8919/2/5 8913/2/5 8912/2/5
f 8920/2/5 8913/2/5 8919/2/5
f 8921/2/5 8917/2/5 8916/2/5
f 8922/2/5 8917/2/5 8921/2/5
f 8925/2/5 8919/2/5 8918/2/5
f 8926/2/5 8919/2/5 8925/2/5
f 8927/2/5 8923/2/5 8922/2/5
f 8928/2/5 8923/2/5 8927/2/5
f 8931/2/5 8925/2/5 8924/2/5
f 8932/2/5 8925/2/5 8931/2/5
f 8933/2/5 8929/2/5 8928/2/5
f 8936/2/5 8931/2/5 8930/2/5
f 8937/2/5 8934/2/5 8933/2/5
f 8937/2/5 8933/2/5 8928/2/5
f 8938/2/5 8934/2/5 8937/2/5
f 8939/2/5 8936/2/5 8935/2/5
f 8939/2/5 8931/2/5 8936/2/5
f 8940/2/5 8931/2/5 8939/2/5
f 8941/2/5 8934/2/5 8938/2/5
f 8942/2/5 8934/2/5 8941/2/5
f 8945/2/5 8939/2/5 8935/2/5
f 8946/2/5 8939/2/5 8945/2/5
f 8947/2/5 8943/2/5 8942/2/5
f 8950/2/5 8945/2/5 8944/2/5
f 8951/2/5 8948/2/5 8947/2/5
f 8951/2/5 8947/2/5 8942/2/5
f 8952/2/5 8948/2/5 8951/2/5
f 8953/2/5 8950/2/5 8949/2/5
f 8953/2/5 8945/2/5 8950/2/5
f 8954/2/5 8945/2/5 8953/2/5
f 8955/2/5 8948/2/5 8952/2/5
f 8956/2/5 8948/2/5 8955/2/5
f 8959/2/5 8953/2/5 8949/2/5
f 8960/2/5 8953/2/5 8959/2/5
f 8961/2/5 8957/2/5 8956/2/5
f 8962/2/5 8957/2/5 8961/2/5
f 8963/2/5 8959/2/5 8958/2/5
f 8964/2/5 8959/2/5 8963/2/5
f 8969/2/5 8966/2/5 8965/2/5
f 8970/2/5 8966/2/5 8969/2/5
f 8973/2/5 8968/2/5 8967/2/5
f 8974/2/5 8968/2/5 8973/2/5
f 8975/2/5 8971/2/5 8970/2/5
f 8976/2/5 8971/2/5 8975/2/5
f 8977/2/5 8971/2/5 8976/2/5
f 8980/2/5 8973/2/5 8972/2/5
f 8981/2/5 8973/2/5 8980/2/5
f 8982/2/5 8973/2/5 8981/2/5
f 8983/2/5 8978/2/5 8977/2/5
f 8983/2/5 8977/2/5 8976/2/5
f 8984/2/5 8978/2/5 8983/2/5
f 8987/2/5 8981/2/5 8980/2/5
f 8987/2/5 8980/2/5 8979/2/5
f 8988/2/5 8981/2/5 8987/2/5
f 8989/2/5 8985/2/5 8984/2/5
f 8990/2/5 8985/2/5 8989/2/5
f 8991/2/5 8985/2/5 8990/2/5
f 8994/2/5 8987/2/5 8986/2/5
f 8995/2/5 8987/2/5 8994/2/5
f 8996/2/5 8987/2/5 8995/2/5
f 8997/2/5 8992/2/5 8991/2/5
f 8997/2/5 8991/2/5 8990/2/5
f 8998/2/5 8992/2/5 8997/2/5
f 9001/2/5 8995/2/5 8994/2/5
f 9001/2/5 8994/2/5 8993/2/5
f 9002/2/5 8995/2/5 9001/2/5
f 9003/2/5 8999/2/5 8998/2/5
f 9004/2/5 8999/2/5 9003/2/5
f 9007/2/5 9001/2/5 9000/2/5
f 9008/2/5 9001/2/5 9007/2/5
f 9009/2/5 9005/2/5 9004/2/5
f 9010/2/5 9005/2/5 9009/2/5
f 9013/2/5 9007/2/5 9006/2/5
f 9014/2/5 9007/2/5 9013/2/5
f 9015/2/5 9011/2/5 9010/2/5
f 9016/2/5 9011/2/5 9015/2/5
f 9019/2/5 9013/2/5 9012/2/5
f 9020/2/5 9013/2/5 9019/2/5
f 9021/2/5 9017/2/5 9016/2/5
f 9022/2/5 9017/2/5 9021/2/5
f 9025/2/5 9019/2/5 9018/2/5
f 9026/2/5 9019/2/5 9025/2/5
f 9027/2/5 9023/2/5 9022/2/5
f 9028/2/5 9023/2/5 9027/2/5
f 9029/2/5 9023/2/5 9028/2/5
f 9032/2/5 9025/2/5 9024/2/5
f 9033/2/5 9025/2/5 9032/2/5
f 9034/2/5 9025/2/5 9033/2/5
f 9035/2/5 9030/2/5 9029/2/5
f 9035/2/5 9029/2/5 9028/2/5
f 9036/2/5 9030/2/5 9035/2/5
f 9037/2/5 9030/2/5 9036/2/5
f 9040/2/5 9033/2/5 9032/2/5
f 9040/2/5 9032/2/5 9031/2/5
f 9041/2/5 9033/2/5 9040/2/5
f 9042/2/5 9033/2/5 9041/2/5
f 9043/2/5 9038/2/5 9037/2/5
f 9043/2/5 9037/2/5 9036/2/5
f 9044/2/5 9038/2/5 9043/2/5
f 9045/2/5 9038/2/5 9044/2/5
f 9046/2/5 9041/2/5 9040/2/5
f 9046/2/5 9040/2/5 9039/2/5
f 9047/2/5 9041/2/5 9046/2/5
f 9048/2/5 9041/2/5 9047/2/5
f 9049/6/6 9050/6/6 9053/6/6
f 9053/6/6 9050/6/6 9054/6/6
f 9051/6/6 9052/6/6 9055/6/6
f 9055/6/6 9052/6/6 9056/6/6
f 9057/6/6 9058/6/6 9061/6/6
f 9061/6/6 9058/6/6 9062/6/6
f 9059/6/6 9060/6/6 9063/6/6
f 9063/6/6 9060/6/6 9064/6/6
f 9065/6/6 9066/6/6 9069/6/6
f 9069/6/6 9066/6/6 9070/6/6
f 9067/6/6 9068/6/6 9071/6/6
f 9071/6/6 9068/6/6 9072/6/6
f 9073/6/6 9074/6/6 9077/6/6
f 9077/6/6 9074/6/6 9078/6/6
f 9075/6/6 9076/6/6 9079/6/6
f 9079/6/6 9076/6/6 9080/6/6
f 9081/6/6 9082/6/6 9085/6/6
f 9085/6/6 9082/6/6 9086/6/6
f 9083/6/6 9084/6/6 9087/6/6
f 9087/6/6 9084/6/6 9088/6/6
f 9089/2/6 9090/2/6 9096/2/6
f 9090/2/6 9091/2/6 9096/2/6
f 9096/2/6 9091/2/6 9097/2/6
f 9097/2/6 9091/2/6 9098/2/6
f 9092/2/6 9093/2/6 9099/2/6
f 9093/2/6 9094/2/6 9099/2/6
f 9099/2/6 9094/2/6 9100/2/6
f 9100/2/6 9094/2/6 9101/2/6
f 9096/2/6 9097/2/6 9104/2/6
f 9095/2/6 9096/2/6 9104/2/6
f 9104/2/6 9097/2/6 9105/2/6
f 9105/2/6 9097/2/6 9106/2/6
f 9101/2/6 9102/2/6 9107/2/6
f 9100/2/6 9101/2/6 9107/2/6
f 9107/2/6 9102/2/6 9108/2/6
f 9108/2/6 9102/2/6 9109/2/6
f 9104/2/6 9105/2/6 9112/2/6
f 9103/2/6 9104/2/6 9112/2/6
f 9112/2/6 9105/2/6 9113/2/6
f 9109/2/6 9110/2/6 9114/2/6
f 9108/2/6 9109/2/6 9114/2/6
f 9114/2/6 9110/2/6 9115/2/6
f 9111/2/6 9112/2/6 9118/2/6
f 9118/2/6 9112/2/6 9119/2/6
f 9115/2/6 9116/2/6 9120/2/6
f 9120/2/6 9116/2/6 9121/2/6
f 9117/2/6 9118/2/6 9124/2/6
f 9124/2/6 9118/2/6 9125/2/6
f 9121/2/6 9122/2/6 9132/2/6
f 9132/2/6 9122/2/6 9133/2/6
f 9123/2/6 9124/2/6 9136/2/6
f 9136/2/6 9124/2/6 9137/2/6
f 9130/1/6 9131/1/6 9139/1/6
f 9126/1/6 9127/1/6 9139/1/6
f 9127/1/6 9128/1/6 9139/1/6
f 9128/1/6 9129/1/6 9139/1/6
f 9129/1/6 9130/1/6 9139/1/6
f 9139/1/6 9131/1/6 9140/1/6
f 9133/2/6 9134/2/6 9142/2/6
f 9142/2/6 9134/2/6 9143/2/6
f 9135/2/6 9136/2/6 9146/2/6
f 9146/2/6 9136/2/6 9147/2/6
f 9140/1/6 9141/1/6 9149/1/6
f 9138/1/6 9139/1/6 9149/1/6
f 9139/1/6 9140/1/6 9149/1/6
f 9149/1/6 9141/1/6 9150/1/6
f 9143/2/6 9144/2/6 9152/2/6
f 9152/2/6 9144/2/6 9153/2/6
f 9145/2/6 9146/2/6 9156/2/6
f 9156/2/6 9146/2/6 9157/2/6
f 9157/2/6 9146/2/6 9158/2/6
f 9150/1/6 9151/1/6 9160/1/6
f 9148/1/6 9149/1/6 9160/1/6
f 9149/1/6 9150/1/6 9160/1/6
f 9160/1/6 9151/1/6 9161/1/6
f 9153/2/6 9154/2/6 9163/2/6
f 9163/2/6 9154/2/6 9164/2/6
f 9164/2/6 9154/2/6 9165/2/6
f 9156/2/6 9157/2/6 9170/2/6
f 9155/2/6 9156/2/6 9170/2/6
f 9170/2/6 9157/2/6 9171/2/6
f 9161/1/6 9162/1/6 9173/1/6
f 9159/1/6 9160/1/6 9173/1/6
f 9160/1/6 9161/1/6 9173/1/6
f 9173/1/6 9162/1/6 9174/1/6
f 9165/2/6 9166/2/6 9176/2/6
f 9164/2/6 9165/2/6 9176/2/6
f 9176/2/6 9166/2/6 9177/2/6
f 9167/6/6 9168/6/6 9182/6/6
f 9182/6/6 9168/6/6 9183/6/6
f 9169/2/6 9170/2/6 9185/2/6
f 9185/2/6 9170/2/6 9186/2/6
f 9186/2/6 9170/2/6 9187/2/6
f 9174/1/6 9175/1/6 9189/1/6
f 9173/1/6 9174/1/6 9189/1/6
f 9172/1/6 9173/1/6 9189/1/6
f 9189/1/6 9175/1/6 9190/1/6
f 9177/2/6 9178/2/6 9192/2/6
f 9192/2/6 9178/2/6 9193/2/6
f 9193/2/6 9178/2/6 9194/2/6
f 9179/6/6 9180/6/6 9196/6/6
f 9196/6/6 9180/6/6 9197/6/6
f 9181/6/6 9182/6/6 9200/6/6
f 9200/6/6 9182/6/6 9201/6/6
f 9185/2/6 9186/2/6 9203/2/6
f 9184/2/6 9185/2/6 9203/2/6
f 9203/2/6 9186/2/6 9204/2/6
f 9190/1/6 9191/1/6 9206/1/6
f 9188/1/6 9189/1/6 9206/1/6
f 9189/1/6 9190/1/6 9206/1/6
f 9206/1/6 9191/1/6 9207/1/6
f 9194/2/6 9195/2/6 9209/2/6
f 9193/2/6 9194/2/6 9209/2/6
f 9209/2/6 9195/2/6 9210/2/6
f 9197/6/6 9198/6/6 9212/6/6
f 9212/6/6 9198/6/6 9213/6/6
f 9199/6/6 9200/6/6 9216/6/6
f 9216/6/6 9200/6/6 9217/6/6
f 9202/2/6 9203/2/6 9218/2/6
f 9218/2/6 9203/2/6 9219/2/6
f 9207/1/6 9208/1/6 9221/1/6
f 9206/1/6 9207/1/6 9221/1/6
f 9205/1/6 9206/1/6 9221/1/6
f 9221/1/6 9208/1/6 9222/1/6
f 9210/2/6 9211/2/6 9224/2/6
f 9224/2/6 9211/2/6 9225/2/6
f 9213/6/6 9214/6/6 9226/6/6
f 9226/6/6 9214/6/6 9227/6/6
f 9215/6/6 9216/6/6 9230/6/6
f 9230/6/6 9216/6/6 9231/6/6
f 9222/1/6 9223/1/6 9233/1/6
f 9221/1/6 9222/1/6 9233/1/6
f 9220/1/6 9221/1/6 9233/1/6
f 9233/1/6 9223/1/6 9234/1/6
f 9227/6/6 9228/6/6 9236/6/6
f 9236/6/6 9228/6/6 9237/6/6
f 9229/6/6 9230/6/6 9239/6/6
f 9239/6/6 9230/6/6 9240/6/6
f 9234/1/6 9235/1/6 9242/1/6
f 9232/1/6 9233/1/6 9242/1/6
f 9233/1/6 9234/1/6 9242/1/6
f 9242/1/6 9235/1/6 9243/1/6
f 9237/6/6 9238/6/6 9245/6/6
f 9245/6/6 9238/6/6 9246/6/6
f 9243/1/6 9244/1/6 9248/1/6
f 9241/1/6 9242/1/6 9248/1/6
f 9242/1/6 9243/1/6 9248/1/6
f 9248/1/6 9244/1/6 9249/1/6
f 9247/1/6 9248/1/6 9252/1/6
f 9249/1/6 9250/1/6 9252/1/6
f 9248/1/6 9249/1/6 9252/1/6
f 9252/1/6 9250/1/6 9253/1/6
f 9251/1/6 9252/1/6 9256/1/6
f 9253/1/6 9254/1/6 9256/1/6
f 9252/1/6 9253/1/6 9256/1/6
f 9256/1/6 9254/1/6 9257/1/6
f 9255/1/6 9256/1/6 9262/1/6
f 9256/1/6 9257/1/6 9262/1/6
f 9257/1/6 9258/1/6 9262/1/6
f 9262/1/6 9258/1/6 9263/1/6
f 9259/2/6 9260/2/6 9268/2/6
f 9268/2/6 9260/2/6 9269/2/6
f 9261/1/6 9262/1/6 9271/1/6
f 9262/1/6 9263/1/6 9271/1/6
f 9263/1/6 9264/1/6 9271/1/6
f 9271/1/6 9264/1/6 9272/1/6
f 9265/2/6 9266/2/6 9274/2/6
f 9274/2/6 9266/2/6 9275/2/6
f 9267/2/6 9268/2/6 9278/2/6
f 9272/1/6 9273/1/6 9280/1/6
f 9270/1/6 9271/1/6 9280/1/6
f 9271/1/6 9272/1/6 9280/1/6
f 9280/1/6 9273/1/6 9281/1/6
f 9275/2/6 9276/2/6 9283/2/6
f 9277/2/6 9278/2/6 9285/2/6
f 9278/2/6 9268/2/6 9285/2/6
f 9285/2/6 9268/2/6 9286/2/6
f 9281/1/6 9282/1/6 9288/1/6
f 9279/1/6 9280/1/6 9288/1/6
f 9280/1/6 9281/1/6 9288/1/6
f 9288/1/6 9282/1/6 9289/1/6
f 9283/2/6 9284/2/6 9291/2/6
f 9275/2/6 9283/2/6 9291/2/6
f 9291/2/6 9284/2/6 9292/2/6
f 9277/2/6 9285/2/6 9294/2/6
f 9294/2/6 9285/2/6 9295/2/6
f 9289/1/6 9290/1/6 9297/1/6
f 9288/1/6 9289/1/6 9297/1/6
f 9287/1/6 9288/1/6 9297/1/6
f 9297/1/6 9290/1/6 9298/1/6
f 9292/2/6 9284/2/6 9300/2/6
f 9300/2/6 9284/2/6 9301/2/6
f 9293/2/6 9294/2/6 9304/2/6
f 9298/1/6 9299/1/6 9306/1/6
f 9297/1/6 9298/1/6 9306/1/6
f 9296/1/6 9297/1/6 9306/1/6
f 9306/1/6 9299/1/6 9307/1/6
f 9301/2/6 9302/2/6 9309/2/6
f 9303/2/6 9304/2/6 9311/2/6
f 9304/2/6 9294/2/6 9311/2/6
f 9311/2/6 9294/2/6 9312/2/6
f 9309/2/6 9310/2/6 9313/2/6
f 9301/2/6 9309/2/6 9313/2/6
f 9313/2/6 9310/2/6 9314/2/6
f 9303/2/6 9311/2/6 9316/2/6
f 9316/2/6 9311/2/6 9317/2/6
f 9307/1/6 9308/1/6 9319/1/6
f 9305/1/6 9306/1/6 9319/1/6
f 9306/1/6 9307/1/6 9319/1/6
f 9319/1/6 9308/1/6 9320/1/6
f 9314/2/6 9310/2/6 9322/2/6
f 9322/2/6 9310/2/6 9323/2/6
f 9320/1/6 9321/1/6 9326/1/6
f 9318/1/6 9319/1/6 9326/1/6
f 9319/1/6 9320/1/6 9326/1/6
f 9326/1/6 9321/1/6 9327/1/6
f 9315/2/6 9316/2/6 9330/2/6
f 9330/2/6 9316/2/6 9331/2/6
f 9323/2/6 9324/2/6 9332/2/6
f 9332/2/6 9324/2/6 9333/2/6
f 9327/1/6 9328/1/6 9336/1/6
f 9325/1/6 9326/1/6 9336/1/6
f 9326/1/6 9327/1/6 9336/1/6
f 9336/1/6 9328/1/6 9337/1/6
f 9329/2/6 9330/2/6 9340/2/6
f 9340/2/6 9330/2/6 9341/2/6
f 9333/2/6 9334/2/6 9342/2/6
f 9342/2/6 9334/2/6 9343/2/6
f 9337/1/6 9338/1/6 9346/1/6
f 9335/1/6 9336/1/6 9346/1/6
f 9336/1/6 9337/1/6 9346/1/6
f 9346/1/6 9338/1/6 9347/1/6
f 9339/2/6 9340/2/6 9350/2/6
f 9350/2/6 9340/2/6 9351/2/6
f 9343/2/6 9344/2/6 9352/2/6
f 9352/2/6 9344/2/6 9353/2/6
f 9347/1/6 9348/1/6 9356/1/6
f 9345/1/6 9346/1/6 9356/1/6
f 9346/1/6 9347/1/6 9356/1/6
f 9356/1/6 9348/1/6 9357/1/6
f 9349/2/6 9350/2/6 9360/2/6
f 9360/2/6 9350/2/6 9361/2/6
f 9353/2/6 9354/2/6 9362/2/6
f 9362/2/6 9354/2/6 9363/2/6
f 9357/1/6 9358/1/6 9366/1/6
f 9355/1/6 9356/1/6 9366/1/6
f 9356/1/6 9357/1/6 9366/1/6
f 9366/1/6 9358/1/6 9367/1/6
f 9359/2/6 9360/2/6 9370/2/6
f 9363/2/6 9364/2/6 9371/2/6
f 9369/2/6 9370/2/6 9373/2/6
f 9370/2/6 9360/2/6 9373/2/6
f 9373/2/6 9360/2/6 9374/2/6
f 9367/1/6 9368/1/6 9376/1/6
f 9365/1/6 9366/1/6 9376/1/6
f 9366/1/6 9367/1/6 9376/1/6
f 9376/1/6 9368/1/6 9377/1/6
f 9371/2/6 9372/2/6 9379/2/6
f 9363/2/6 9371/2/6 9379/2/6
f 9379/2/6 9372/2/6 9380/2/6
f 9369/2/6 9373/2/6 9382/2/6
f 9380/2/6 9372/2/6 9383/2/6
f 9381/2/6 9382/2/6 9385/2/6
f 9382/2/6 9373/2/6 9385/2/6
f 9385/2/6 9373/2/6 9386/2/6
f 9377/1/6 9378/1/6 9388/1/6
f 9376/1/6 9377/1/6 9388/1/6
f 9375/1/6 9376/1/6 9388/1/6
f 9388/1/6 9378/1/6 9389/1/6
f 9383/2/6 9384/2/6 9391/2/6
f 9380/2/6 9383/2/6 9391/2/6
f 9391/2/6 9384/2/6 9392/2/6
f 9381/2/6 9385/2/6 9395/2/6
f 9392/2/6 9384/2/6 9396/2/6
f 9393/6/6 9394/6/6 9399/6/6
f 9399/6/6 9394/6/6 9400/6/6
f 9395/2/6 9385/2/6 9401/2/6
f 9401/2/6 9385/2/6 9402/2/6
f 9389/1/6 9390/1/6 9403/1/6
f 9388/1/6 9389/1/6 9403/1/6
f 9387/1/6 9388/1/6 9403/1/6
f 9403/1/6 9390/1/6 9404/1/6
f 9392/2/6 9396/2/6 9405/2/6
f 9405/2/6 9396/2/6 9406/2/6
f 9397/6/6 9398/6/6 9407/6/6
f 9407/6/6 9398/6/6 9408/6/6
f 9403/1/6 9404/1/6 9409/1/6
f 9409/1/6 9404/1/6 9410/1/6
f 9409/1/6 9410/1/6 9411/1/6
f 9411/1/6 9410/1/6 9412/1/6
f 9411/1/6 9412/1/6 9417/1/6
f 9417/1/6 9412/1/6 9418/1/6
f 9413/6/6 9414/6/6 9423/6/6
f 9423/6/6 9414/6/6 9424/6/6
f 9415/2/6 9416/2/6 9425/2/6
f 9419/2/6 9420/2/6 9426/2/6
f 9421/6/6 9422/6/6 9427/6/6
f 9427/6/6 9422/6/6 9428/6/6
f 9425/2/6 9416/2/6 9429/2/6
f 9417/1/6 9418/1/6 9431/1/6
f 9431/1/6 9418/1/6 9432/1/6
f 9432/1/6 9418/1/6 9433/1/6
f 9433/1/6 9418/1/6 9434/1/6
f 9419/2/6 9426/2/6 9436/2/6
f 9429/2/6 9430/2/6 9437/2/6
f 9425/2/6 9429/2/6 9437/2/6
f 9437/2/6 9430/2/6 9438/2/6
f 9435/2/6 9436/2/6 9439/2/6
f 9436/2/6 9426/2/6 9439/2/6
f 9439/2/6 9426/2/6 9440/2/6
f 9438/2/6 9430/2/6 9441/2/6
f 9432/1/6 9433/1/6 9443/1/6
f 9443/1/6 9433/1/6 9444/1/6
f 9444/1/6 9433/1/6 9445/1/6
f 9445/1/6 9433/1/6 9446/1/6
f 9435/2/6 9439/2/6 9448/2/6
f 9441/2/6 9442/2/6 9449/2/6
f 9438/2/6 9441/2/6 9449/2/6
f 9449/2/6 9442/2/6 9450/2/6
f 9447/2/6 9448/2/6 9451/2/6
f 9448/2/6 9439/2/6 9451/2/6
f 9451/2/6 9439/2/6 9452/2/6
f 9444/1/6 9445/1/6 9453/1/6
f 9453/1/6 9445/1/6 9454/1/6
f 9454/1/6 9445/1/6 9455/1/6
f 9455/1/6 9445/1/6 9456/1/6
f 9450/2/6 9442/2/6 9457/2/6
f 9457/2/6 9442/2/6 9458/2/6
f 9447/2/6 9451/2/6 9461/2/6
f 9461/2/6 9451/2/6 9462/2/6
f 9454/1/6 9455/1/6 9463/1/6
f 9463/1/6 9455/1/6 9464/1/6
f 9464/1/6 9455/1/6 9465/1/6
f 9465/1/6 9455/1/6 9466/1/6
f 9458/2/6 9459/2/6 9467/2/6
f 9467/2/6 9459/2/6 9468/2/6
f 9460/2/6 9461/2/6 9471/2/6
f 9471/2/6 9461/2/6 9472/2/6
f 9464/1/6 9465/1/6 9473/1/6
f 9473/1/6 9465/1/6 9474/1/6
f 9474/1/6 9465/1/6 9475/1/6
f 9475/1/6 9465/1/6 9476/1/6
f 9468/2/6 9469/2/6 9477/2/6
f 9477/2/6 9469/2/6 9478/2/6
f 9470/2/6 9471/2/6 9481/2/6
f 9481/2/6 9471/2/6 9482/2/6
f 9474/1/6 9475/1/6 9483/1/6
f 9483/1/6 9475/1/6 9484/1/6
f 9484/1/6 9475/1/6 9485/1/6
f 9485/1/6 9475/1/6 9486/1/6
f 9478/2/6 9479/2/6 9487/2/6
f 9487/2/6 9479/2/6 9488/2/6
f 9480/2/6 9481/2/6 9491/2/6
f 9491/2/6 9481/2/6 9492/2/6
f 9484/1/6 9485/1/6 9493/1/6
f 9493/1/6 9485/1/6 9494/1/6
f 9494/1/6 9485/1/6 9495/1/6
f 9495/1/6 9485/1/6 9496/1/6
f 9488/2/6 9489/2/6 9497/2/6
f 9497/2/6 9489/2/6 9498/2/6
f 9494/1/6 9495/1/6 9500/1/6
f 9500/1/6 9495/1/6 9501/1/6
f 9501/1/6 9495/1/6 9502/1/6
f 9502/1/6 9495/1/6 9503/1/6
f 9490/2/6 9491/2/6 9505/2/6
f 9505/2/6 9491/2/6 9506/2/6
f 9498/2/6 9499/2/6 9507/2/6
f 9504/2/6 9505/2/6 9510/2/6
f 9507/2/6 9508/2/6 9511/2/6
f 9498/2/6 9507/2/6 9511/2/6
f 9511/2/6 9508/2/6 9512/2/6
f 9501/1/6 9502/1/6 9513/1/6
f 9513/1/6 9502/1/6 9514/1/6
f 9514/1/6 9502/1/6 9515/1/6
f 9515/1/6 9502/1/6 9516/1/6
f 9509/2/6 9510/2/6 9517/2/6
f 9510/2/6 9505/2/6 9517/2/6
f 9517/2/6 9505/2/6 9518/2/6
f 9512/2/6 9508/2/6 9519/2/6
f 9519/2/6 9508/2/6 9520/2/6
f 9514/1/6 9515/1/6 9522/1/6
f 9522/1/6 9515/1/6 9523/1/6
f 9523/1/6 9515/1/6 9524/1/6
f 9524/1/6 9515/1/6 9525/1/6
f 9509/2/6 9517/2/6 9527/2/6
f 9527/2/6 9517/2/6 9528/2/6
f 9520/2/6 9521/2/6 9529/2/6
f 9523/1/6 9524/1/6 9531/1/6
f 9531/1/6 9524/1/6 9532/1/6
f 9532/1/6 9524/1/6 9533/1/6
f 9533/1/6 9524/1/6 9534/1/6
f 9526/2/6 9527/2/6 9536/2/6
f 9529/2/6 9530/2/6 9537/2/6
f 9520/2/6 9529/2/6 9537/2/6
f 9537/2/6 9530/2/6 9538/2/6
f 9532/1/6 9533/1/6 9539/1/6
f 9539/1/6 9533/1/6 9540/1/6
f 9540/1/6 9533/1/6 9541/1/6
f 9541/1/6 9533/1/6 9542/1/6
f 9535/2/6 9536/2/6 9543/2/6
f 9536/2/6 9527/2/6 9543/2/6
f 9543/2/6 9527/2/6 9544/2/6
f 9538/2/6 9530/2/6 9545/2/6
f 9545/2/6 9530/2/6 9546/2/6
f 9540/1/6 9541/1/6 9548/1/6
f 9548/1/6 9541/1/6 9549/1/6
f 9549/1/6 9541/1/6 9550/1/6
f 9550/1/6 9541/1/6 9551/1/6
f 9535/2/6 9543/2/6 9553/2/6
f 9553/2/6 9543/2/6 9554/2/6
f 9546/2/6 9547/2/6 9555/2/6
f 9555/2/6 9547/2/6 9556/2/6
f 9549/1/6 9550/1/6 9557/1/6
f 9557/1/6 9550/1/6 9558/1/6
f 9558/1/6 9550/1/6 9559/1/6
f 9559/1/6 9550/1/6 9560/1/6
f 9552/2/6 9553/2/6 9561/2/6
f 9561/2/6 9553/2/6 9562/2/6
f 9558/1/6 9559/1/6 9563/1/6
f 9563/1/6 9559/1/6 9564/1/6
f 9564/1/6 9559/1/6 9565/1/6
f 9565/1/6 9559/1/6 9566/1/6
f 9564/1/6 9565/1/6 9567/1/6
f 9567/1/6 9565/1/6 9568/1/6
f 9568/1/6 9565/1/6 9569/1/6
f 9569/1/6 9565/1/6 9570/1/6
f 9568/1/6 9569/1/6 9571/1/6
f 9571/1/6 9569/1/6 9572/1/6
f 9572/1/6 9569/1/6 9573/1/6
f 9573/1/6 9569/1/6 9574/1/6
f 9572/1/6 9573/1/6 9577/1/6
f 9577/1/6 9573/1/6 9578/1/6
f 9578/1/6 9573/1/6 9579/1/6
f 9579/1/6 9573/1/6 9580/1/6
f 9575/6/6 9576/6/6 9583/6/6
f 9583/6/6 9576/6/6 9584/6/6
f 9578/1/6 9579/1/6 9586/1/6
f 9586/1/6 9579/1/6 9587/1/6
f 9587/1/6 9579/1/6 9588/1/6
f 9588/1/6 9579/1/6 9589/1/6
f 9581/6/6 9582/6/6 9591/6/6
f 9591/6/6 9582/6/6 9592/6/6
f 9584/6/6 9585/6/6 9593/6/6
f 9593/6/6 9585/6/6 9594/6/6
f 9587/1/6 9588/1/6 9598/1/6
f 9598/1/6 9588/1/6 9599/1/6
f 9599/1/6 9588/1/6 9600/1/6
f 9600/1/6 9588/1/6 9601/1/6
f 9590/6/6 9591/6/6 9605/6/6
f 9605/6/6 9591/6/6 9606/6/6
f 9594/6/6 9595/6/6 9607/6/6
f 9607/6/6 9595/6/6 9608/6/6
f 9596/2/6 9597/2/6 9610/2/6
f 9610/2/6 9597/2/6 9611/2/6
f 9599/1/6 9600/1/6 9613/1/6
f 9613/1/6 9600/1/6 9614/1/6
f 9614/1/6 9600/1/6 9615/1/6
f 9615/1/6 9600/1/6 9616/1/6
f 9602/2/6 9603/2/6 9618/2/6
f 9618/2/6 9603/2/6 9619/2/6
f 9604/6/6 9605/6/6 9621/6/6
f 9621/6/6 9605/6/6 9622/6/6
f 9608/6/6 9609/6/6 9623/6/6
f 9623/6/6 9609/6/6 9624/6/6
f 9611/2/6 9612/2/6 9626/2/6
f 9626/2/6 9612/2/6 9627/2/6
f 9627/2/6 9612/2/6 9628/2/6
f 9614/1/6 9615/1/6 9630/1/6
f 9630/1/6 9615/1/6 9631/1/6
f 9631/1/6 9615/1/6 9632/1/6
f 9632/1/6 9615/1/6 9633/1/6
f 9617/2/6 9618/2/6 9635/2/6
f 9635/2/6 9618/2/6 9636/2/6
f 9636/2/6 9618/2/6 9637/2/6
f 9620/6/6 9621/6/6 9639/6/6
f 9639/6/6 9621/6/6 9640/6/6
f 9624/6/6 9625/6/6 9641/6/6
f 9641/6/6 9625/6/6 9642/6/6
f 9628/2/6 9629/2/6 9643/2/6
f 9627/2/6 9628/2/6 9643/2/6
f 9643/2/6 9629/2/6 9644/2/6
f 9631/1/6 9632/1/6 9646/1/6
f 9646/1/6 9632/1/6 9647/1/6
f 9647/1/6 9632/1/6 9648/1/6
f 9648/1/6 9632/1/6 9649/1/6
f 9635/2/6 9636/2/6 9651/2/6
f 9634/2/6 9635/2/6 9651/2/6
f 9651/2/6 9636/2/6 9652/2/6
f 9638/6/6 9639/6/6 9653/6/6
f 9653/6/6 9639/6/6 9654/6/6
f 9644/2/6 9645/2/6 9655/2/6
f 9655/2/6 9645/2/6 9656/2/6
f 9656/2/6 9645/2/6 9657/2/6
f 9647/1/6 9648/1/6 9659/1/6
f 9659/1/6 9648/1/6 9660/1/6
f 9660/1/6 9648/1/6 9661/1/6
f 9661/1/6 9648/1/6 9662/1/6
f 9650/2/6 9651/2/6 9664/2/6
f 9664/2/6 9651/2/6 9665/2/6
f 9665/2/6 9651/2/6 9666/2/6
f 9657/2/6 9658/2/6 9667/2/6
f 9656/2/6 9657/2/6 9667/2/6
f 9667/2/6 9658/2/6 9668/2/6
f 9660/1/6 9661/1/6 9670/1/6
f 9670/1/6 9661/1/6 9671/1/6
f 9671/1/6 9661/1/6 9672/1/6
f 9672/1/6 9661/1/6 9673/1/6
f 9664/2/6 9665/2/6 9675/2/6
f 9663/2/6 9664/2/6 9675/2/6
f 9675/2/6 9665/2/6 9676/2/6
f 9668/2/6 9669/2/6 9677/2/6
f 9677/2/6 9669/2/6 9678/2/6
f 9671/1/6 9672/1/6 9680/1/6
f 9680/1/6 9672/1/6 9681/1/6
f 9681/1/6 9672/1/6 9682/1/6
f 9682/1/6 9672/1/6 9683/1/6
f 9674/2/6 9675/2/6 9685/2/6
f 9685/2/6 9675/2/6 9686/2/6
f 9678/2/6 9679/2/6 9687/2/6
f 9687/2/6 9679/2/6 9688/2/6
f 9681/1/6 9682/1/6 9690/1/6
f 9690/1/6 9682/1/6 9691/1/6
f 9691/1/6 9682/1/6 9692/1/6
f 9692/1/6 9682/1/6 9693/1/6
f 9693/1/6 9682/1/6 9694/1/6
f 9694/1/6 9682/1/6 9695/1/6
f 9684/2/6 9685/2/6 9697/2/6
f 9697/2/6 9685/2/6 9698/2/6
f 9688/2/6 9689/2/6 9699/2/6
f 9699/2/6 9689/2/6 9700/2/6
f 9696/2/6 9697/2/6 9703/2/6
f 9703/2/6 9697/2/6 9704/2/6
f 9700/2/6 9701/2/6 9705/2/6
f 9705/2/6 9701/2/6 9706/2/6
f 9702/2/6 9703/2/6 9709/2/6
f 9709/2/6 9703/2/6 9710/2/6
f 9706/2/6 9707/2/6 9711/2/6
f 9711/2/6 9707/2/6 9712/2/6
f 9712/2/6 9707/2/6 9713/2/6
f 9708/2/6 9709/2/6 9716/2/6
f 9716/2/6 9709/2/6 9717/2/6
f 9717/2/6 9709/2/6 9718/2/6
f 9713/2/6 9714/2/6 9719/2/6
f 9712/2/6 9713/2/6 9719/2/6
f 9719/2/6 9714/2/6 9720/2/6
f 9720/2/6 9714/2/6 9721/2/6
f 9716/2/6 9717/2/6 9724/2/6
f 9715/2/6 9716/2/6 9724/2/6
f 9724/2/6 9717/2/6 9725/2/6
f 9725/2/6 9717/2/6 9726/2/6
f 9721/2/6 9722/2/6 9727/2/6
f 9720/2/6 9721/2/6 9727/2/6
f 9727/2/6 9722/2/6 9728/2/6
f 9728/2/6 9722/2/6 9729/2/6
f 9724/2/6 9725/2/6 9730/2/6
f 9723/2/6 9724/2/6 9730/2/6
f 9730/2/6 9725/2/6 9731/2/6
f 9731/2/6 9725/2/6 9732/2/6
f 9733/6/6 9734/6/6 9737/6/6
f 9737/6/6 9734/6/6 9738/6/6
f 9735/6/6 9736/6/6 9739/6/6
f 9739/6/6 9736/6/6 9740/6/6
f 9741/6/6 9742/6/6 9743/6/6
f 9743/6/6 9742/6/6 9744/6/6
f 9745/6/6 9746/6/6 9749/6/6
f 9749/6/6 9746/6/6 9750/6/6
f 9747/6/6 9748/6/6 9751/6/6
f 9751/6/6 9748/6/6 9752/6/6
f 9753/6/6 9754/6/6 9755/6/6
f 9755/6/6 9754/6/6 9756/6/6
f 9757/6/6 9758/6/6 9762/6/6
f 9762/6/6 9758/6/6 9763/6/6
f 9759/6/6 9760/6/6 9766/6/6
f 9766/6/6 9760/6/6 9767/6/6
f 9763/6/6 9764/6/6 9770/6/6
f 9761/6/6 9762/6/6 9770/6/6
f 9762/6/6 9763/6/6 9770/6/6
f 9770/6/6 9764/6/6 9771/6/6
f 9771/6/6 9764/6/6 9772/6/6
f 9767/6/6 9768/6/6 9773/6/6
f 9766/6/6 9767/6/6 9773/6/6
f 9765/6/6 9766/6/6 9773/6/6
f 9773/6/6 9768/6/6 9774/6/6
f 9774/6/6 9768/6/6 9775/6/6
f 9770/6/6 9771/6/6 9778/6/6
f 9769/6/6 9770/6/6 9778/6/6
f 9778/6/6 9771/6/6 9779/6/6
f 9779/6/6 9771/6/6 9780/6/6
f 9775/6/6 9776/6/6 9781/6/6
f 9774/6/6 9775/6/6 9781/6/6
f 9781/6/6 9776/6/6 9782/6/6
f 9782/6/6 9776/6/6 9783/6/6
f 9778/6/6 9779/6/6 9786/6/6
f 9777/6/6 9778/6/6 9786/6/6
f 9786/6/6 9779/6/6 9787/6/6
f 9787/6/6 9779/6/6 9788/6/6
f 9783/6/6 9784/6/6 9789/6/6
f 9782/6/6 9783/6/6 9789/6/6
f 9789/6/6 9784/6/6 9790/6/6
f 9790/6/6 9784/6/6 9791/6/6
f 9786/6/6 9787/6/6 9794/6/6
f 9785/6/6 9786/6/6 9794/6/6
f 9794/6/6 9787/6/6 9795/6/6
f 9795/6/6 9787/6/6 9796/6/6
f 9791/6/6 9792/6/6 9797/6/6
f 9790/6/6 9791/6/6 9797/6/6
f 9797/6/6 9792/6/6 9798/6/6
f 9798/6/6 9792/6/6 9799/6/6
f 9794/6/6 9795/6/6 9802/6/6
f 9793/6/6 9794/6/6 9802/6/6
f 9802/6/6 9795/6/6 9803/6/6
f 9803/6/6 9795/6/6 9804/6/6
f 9799/6/6 9800/6/6 9805/6/6
f 9798/6/6 9799/6/6 9805/6/6
f 9805/6/6 9800/6/6 9806/6/6
f 9806/6/6 9800/6/6 9807/6/6
f 9802/6/6 9803/6/6 9810/6/6
f 9801/6/6 9802/6/6 9810/6/6
f 9810/6/6 9803/6/6 9811/6/6
f 9811/6/6 9803/6/6 9812/6/6
f 9807/6/6 9808/6/6 9813/6/6
f 9806/6/6 9807/6/6 9813/6/6
f 9813/6/6 9808/6/6 9814/6/6
f 9814/6/6 9808/6/6 9815/6/6
f 9810/6/6 9811/6/6 9817/6/6
f 9809/6/6 9810/6/6 9817/6/6
f 9817/6/6 9811/6/6 9818/6/6
f 9815/6/6 9816/6/6 9819/6/6
f 9814/6/6 9815/6/6 9819/6/6
f 9819/6/6 9816/6/6 9820/6/6
f 9818/6/6 9811/6/6 9821/6/6
f 9821/6/6 9811/6/6 9822/6/6
f 9814/6/6 9819/6/6 9823/6/6
f 9823/6/6 9819/6/6 9824/6/6
f 9825/6/6 9826/6/6 9830/6/6
f 9827/6/6 9828/6/6 9831/6/6
f 9829/6/6 9830/6/6 9833/6/6
f 9830/6/6 9826/6/6 9834/6/6
f 9833/6/6 9830/6/6 9834/6/6
f 9834/6/6 9826/6/6 9835/6/6
f 9827/6/6 9831/6/6 9838/6/6
f 9831/6/6 9832/6/6 9838/6/6
f 9838/6/6 9832/6/6 9839/6/6
f 9839/6/6 9832/6/6 9840/6/6
f 9835/6/6 9836/6/6 9841/6/6
f 9834/6/6 9835/6/6 9841/6/6
f 9841/6/6 9836/6/6 9842/6/6
f 9842/6/6 9836/6/6 9843/6/6
f 9838/6/6 9839/6/6 9846/6/6
f 9837/6/6 9838/6/6 9846/6/6
f 9846/6/6 9839/6/6 9847/6/6
f 9847/6/6 9839/6/6 9848/6/6
f 9843/6/6 9844/6/6 9849/6/6
f 9842/6/6 9843/6/6 9849/6/6
f 9849/6/6 9844/6/6 9850/6/6
f 9850/6/6 9844/6/6 9851/6/6
f 9846/6/6 9847/6/6 9854/6/6
f 9845/6/6 9846/6/6 9854/6/6
f 9854/6/6 9847/6/6 9855/6/6
f 9855/6/6 9847/6/6 9856/6/6
f 9851/6/6 9852/6/6 9857/6/6
f 9850/6/6 9851/6/6 9857/6/6
f 9857/6/6 9852/6/6 9858/6/6
f 9858/6/6 9852/6/6 9859/6/6
f 9854/6/6 9855/6/6 9862/6/6
f 9853/6/6 9854/6/6 9862/6/6
f 9862/6/6 9855/6/6 9863/6/6
f 9863/6/6 9855/6/6 9864/6/6
f 9859/6/6 9860/6/6 9865/6/6
f 9858/6/6 9859/6/6 9865/6/6
f 9865/6/6 9860/6/6 9866/6/6
f 9866/6/6 9860/6/6 9867/6/6
f 9862/6/6 9863/6/6 9870/6/6
f 9861/6/6 9862/6/6 9870/6/6
f 9870/6/6 9863/6/6 9871/6/6
f 9871/6/6 9863/6/6 9872/6/6
f 9867/6/6 9868/6/6 9873/6/6
f 9866/6/6 9867/6/6 9873/6/6
f 9873/6/6 9868/6/6 9874/6/6
f 9874/6/6 9868/6/6 9875/6/6
f 9870/6/6 9871/6/6 9878/6/6
f 9869/6/6 9870/6/6 9878/6/6
f 9878/6/6 9871/6/6 9879/6/6
f 9879/6/6 9871/6/6 9880/6/6
f 9875/6/6 9876/6/6 9881/6/6
f 9874/6/6 9875/6/6 9881/6/6
f 9881/6/6 9876/6/6 9882/6/6
f 9882/6/6 9876/6/6 9883/6/6
f 9883/6/6 9876/6/6 9884/6/6
f 9878/6/6 9879/6/6 9885/6/6
f 9877/6/6 9878/6/6 9885/6/6
f 9885/6/6 9879/6/6 9886/6/6
f 9886/6/6 9879/6/6 9887/6/6
f 9887/6/6 9879/6/6 9888/6/6
f 9882/6/6 9883/6/6 9889/6/6
f 9889/6/6 9883/6/6 9890/6/6
f 9886/6/6 9887/6/6 9891/6/6
f 9891/6/6 9887/6/6 9892/6/6
f 9893/6/6 9894/6/6 9897/6/6
f 9897/6/6 9894/6/6 9898/6/6
f 9895/6/6 9896/6/6 9899/6/6
f 9899/6/6 9896/6/6 9900/6/6
f 9901/6/6 9902/6/6 9905/6/6
f 9905/6/6 9902/6/6 9906/6/6
f 9903/6/6 9904/6/6 9907/6/6
f 9907/6/6 9904/6/6 9908/6/6
f 9909/6/6 9910/6/6 9913/6/6
f 9913/6/6 9910/6/6 9914/6/6
f 9911/6/6 9912/6/6 9915/6/6
f 9915/6/6 9912/6/6 9916/6/6
f 9917/6/6 9918/6/6 9921/6/6
f 9921/6/6 9918/6/6 9922/6/6
f 9919/6/6 9920/6/6 9923/6/6
f 9923/6/6 9920/6/6 9924/6/6
f 9925/6/6 9926/6/6 9929/6/6
f 9929/6/6 9926/6/6 9930/6/6
f 9927/6/6 9928/6/6 9931/6/6
f 9931/6/6 9928/6/6 9932/6/6
f 9933/6/6 9934/6/6 9937/6/6
f 9937/6/6 9934/6/6 9938/6/6
f 9935/6/6 9936/6/6 9939/6/6
f 9939/6/6 9936/6/6 9940/6/6
f 9941/6/6 9942/6/6 9945/6/6
f 9945/6/6 9942/6/6 9946/6/6
f 9943/6/6 9944/6/6 9947/6/6
f 9947/6/6 9944/6/6 9948/6/6
f 9949/6/6 9950/6/6 9953/6/6
f 9953/6/6 9950/6/6 9954/6/6
f 9951/6/6 9952/6/6 9955/6/6
f 9955/6/6 9952/6/6 9956/6/6
f 9957/6/6 9958/6/6 9959/6/6
f 9959/6/6 9958/6/6 9960/6/6
f 9961/6/6 9962/6/6 9965/6/6
f 9965/6/6 9962/6/6 9966/6/6
f 9963/6/6 9964/6/6 9967/6/6
f 9967/6/6 9964/6/6 9968/6/6
f 9969/6/6 9970/6/6 9973/6/6
f 9973/6/6 9970/6/6 9974/6/6
f 9971/6/6 9972/6/6 9975/6/6
f 9975/6/6 9972/6/6 9976/6/6
f 9977/6/6 9978/6/6 9981/6/6
f 9981/6/6 9978/6/6 9982/6/6
f 9979/6/6 9980/6/6 9983/6/6
f 9983/6/6 9980/6/6 9984/6/6
f 9985/6/6 9986/6/6 9989/6/6
f 9989/6/6 9986/6/6 9990/6/6
f 9987/6/6 9988/6/6 9991/6/6
f 9991/6/6 9988/6/6 9992/6/6
f 9993/6/6 9994/6/6 9997/6/6
f 9997/6/6 9994/6/6 9998/6/6
f 9995/6/6 9996/6/6 9999/6/6
f 9999/6/6 9996/6/6 10000/6/6
f 10001/6/6 10002/6/6 10003/6/6
f 10003/6/6 10002/6/6 10004/6/6
f 10005/6/6 10006/6/6 10009/6/6
f 10009/6/6 10006/6/6 10010/6/6
f 10007/6/6 10008/6/6 10011/6/6
f 10011/6/6 10008/6/6 10012/6/6
f 10013/6/6 10014/6/6 10019/6/6
f 10015/6/6 10016/6/6 10020/6/6
f 10017/6/6 10018/6/6 10024/6/6
f 10024/6/6 10018/6/6 10025/6/6
f 10019/6/6 10014/6/6 10026/6/6
f 10026/6/6 10014/6/6 10027/6/6
f 10015/6/6 10020/6/6 10028/6/6
f 10028/6/6 10020/6/6 10029/6/6
f 10021/6/6 10022/6/6 10030/6/6
f 10030/6/6 10022/6/6 10031/6/6
f 10023/6/6 10024/6/6 10034/6/6
f 10034/6/6 10024/6/6 10035/6/6
f 10031/6/6 10032/6/6 10036/6/6
f 10036/6/6 10032/6/6 10037/6/6
f 10033/6/6 10034/6/6 10040/6/6
f 10040/6/6 10034/6/6 10041/6/6
f 10037/6/6 10038/6/6 10042/6/6
f 10042/6/6 10038/6/6 10043/6/6
f 10039/6/6 10040/6/6 10045/6/6
f 10045/6/6 10040/6/6 10046/6/6
f 10043/6/6 10044/6/6 10047/6/6
f 10047/6/6 10044/6/6 10048/6/6
f 10049/6/6 10050/6/6 10055/6/6
f 10050/6/6 10051/6/6 10055/6/6
f 10055/6/6 10051/6/6 10056/6/6
f 10052/6/6 10053/6/6 10057/6/6
f 10053/6/6 10054/6/6 10057/6/6
f 10057/6/6 10054/6/6 10058/6/6
f 10059/6/6 10060/6/6 10063/6/6
f 10063/6/6 10060/6/6 10064/6/6
f 10061/6/6 10062/6/6 10065/6/6
f 10065/6/6 10062/6/6 10066/6/6
f 10067/6/6 10068/6/6 10071/6/6
f 10071/6/6 10068/6/6 10072/6/6
f 10069/6/6 10070/6/6 10073/6/6
f 10073/6/6 10070/6/6 10074/6/6
f 10075/6/6 10076/6/6 10079/6/6
f 10079/6/6 10076/6/6 10080/6/6
f 10080/6/6 10076/6/6 10081/6/6
f 10077/6/6 10078/6/6 10082/6/6
f 10082/6/6 10078/6/6 10083/6/6
f 10083/6/6 10078/6/6 10084/6/6
f 10085/6/6 10086/6/6 10089/6/6
f 10089/6/6 10086/6/6 10090/6/6
f 10087/6/6 10088/6/6 10093/6/6
f 10093/6/6 10088/6/6 10094/6/6
f 10090/6/6 10091/6/6 10095/6/6
f 10095/6/6 10091/6/6 10096/6/6
f 10092/6/6 10093/6/6 10099/6/6
f 10099/6/6 10093/6/6 10100/6/6
f 10096/6/6 10097/6/6 10101/6/6
f 10101/6/6 10097/6/6 10102/6/6
f 10098/6/6 10099/6/6 10109/6/6
f 10109/6/6 10099/6/6 10110/6/6
f 10102/6/6 10103/6/6 10111/6/6
f 10111/6/6 10103/6/6 10112/6/6
f 10104/6/6 10105/6/6 10113/6/6
f 10106/6/6 10107/6/6 10114/6/6
f 10108/6/6 10109/6/6 10115/6/6
f 10115/6/6 10109/6/6 10116/6/6
f 10113/6/6 10105/6/6 10117/6/6
f 10117/6/6 10105/6/6 10118/6/6
f 10106/6/6 10114/6/6 10119/6/6
f 10119/6/6 10114/6/6 10120/6/6
f 10121/6/6 10122/6/6 10125/6/6
f 10125/6/6 10122/6/6 10126/6/6
f 10123/6/6 10124/6/6 10127/6/6
f 10127/6/6 10124/6/6 10128/6/6
f 10129/6/6 10130/6/6 10133/6/6
f 10133/6/6 10130/6/6 10134/6/6
f 10131/6/6 10132/6/6 10135/6/6
f 10135/6/6 10132/6/6 10136/6/6
f 10137/6/6 10138/6/6 10142/6/6
f 10142/6/6 10138/6/6 10143/6/6
f 10139/6/6 10140/6/6 10144/6/6
f 10144/6/6 10140/6/6 10145/6/6
f 10141/6/6 10142/6/6 10148/6/6
f 10148/6/6 10142/6/6 10149/6/6
f 10145/6/6 10146/6/6 10150/6/6
f 10150/6/6 10146/6/6 10151/6/6
f 10147/6/6 10148/6/6 10154/6/6
f 10154/6/6 10148/6/6 10155/6/6
f 10151/6/6 10152/6/6 10156/6/6
f 10156/6/6 10152/6/6 10157/6/6
f 10153/6/6 10154/6/6 10160/6/6
f 10160/6/6 10154/6/6 10161/6/6
f 10157/6/6 10158/6/6 10162/6/6
f 10162/6/6 10158/6/6 10163/6/6
f 10159/6/6 10160/6/6 10165/6/6
f 10165/6/6 10160/6/6 10166/6/6
f 10163/6/6 10164/6/6 10167/6/6
f 10167/6/6 10164/6/6 10168/6/6
f 10169/6/6 10170/6/6 10173/6/6
f 10173/6/6 10170/6/6 10174/6/6
f 10171/6/6 10172/6/6 10175/6/6
f 10175/6/6 10172/6/6 10176/6/6
f 10177/6/6 10178/6/6 10181/6/6
f 10181/6/6 10178/6/6 10182/6/6
f 10179/6/6 10180/6/6 10183/6/6
f 10183/6/6 10180/6/6 10184/6/6
f 10185/6/6 10186/6/6 10189/6/6
f 10189/6/6 10186/6/6 10190/6/6
f 10187/6/6 10188/6/6 10193/6/6
f 10193/6/6 10188/6/6 10194/6/6
f 10190/6/6 10191/6/6 10195/6/6
f 10195/6/6 10191/6/6 10196/6/6
f 10192/6/6 10193/6/6 10199/6/6
f 10199/6/6 10193/6/6 10200/6/6
f 10196/6/6 10197/6/6 10201/6/6
f 10201/6/6 10197/6/6 10202/6/6
f 10198/6/6 10199/6/6 10205/6/6
f 10205/6/6 10199/6/6 10206/6/6
f 10202/6/6 10203/6/6 10207/6/6
f 10207/6/6 10203/6/6 10208/6/6
f 10204/6/6 10205/6/6 10211/6/6
f 10211/6/6 10205/6/6 10212/6/6
f 10208/6/6 10209/6/6 10213/6/6
f 10213/6/6 10209/6/6 10214/6/6
f 10210/6/6 10211/6/6 10215/6/6
f 10215/6/6 10211/6/6 10216/6/6
f 10217/6/6 10218/6/6 10221/6/6
f 10221/6/6 10218/6/6 10222/6/6
f 10219/6/6 10220/6/6 10223/6/6
f 10223/6/6 10220/6/6 10224/6/6
f 10225/6/6 10226/6/6 10227/6/6
f 10227/6/6 10226/6/6 10228/6/6
f 10229/6/6 10230/6/6 10233/6/6
f 10233/6/6 10230/6/6 10234/6/6
f 10231/6/6 10232/6/6 10235/6/6
f 10235/6/6 10232/6/6 10236/6/6
f 10237/6/6 10238/6/6 10241/6/6
f 10241/6/6 10238/6/6 10242/6/6
f 10239/6/6 10240/6/6 10243/6/6
f 10243/6/6 10240/6/6 10244/6/6
f 10245/6/6 10246/6/6 10249/6/6
f 10249/6/6 10246/6/6 10250/6/6
f 10247/6/6 10248/6/6 10251/6/6
f 10251/6/6 10248/6/6 10252/6/6
f 10253/6/6 10254/6/6 10257/6/6
f 10257/6/6 10254/6/6 10258/6/6
f 10255/6/6 10256/6/6 10259/6/6
f 10259/6/6 10256/6/6 10260/6/6
f 10261/6/6 10262/6/6 10265/6/6
f 10265/6/6 10262/6/6 10266/6/6
f 10263/6/6 10264/6/6 10267/6/6
f 10267/6/6 10264/6/6 10268/6/6
f 10269/6/6 10270/6/6 10273/6/6
f 10273/6/6 10270/6/6 10274/6/6
f 10271/6/6 10272/6/6 10275/6/6
f 10275/6/6 10272/6/6 10276/6/6
f 10277/6/6 10278/6/6 10281/6/6
f 10281/6/6 10278/6/6 10282/6/6
f 10279/6/6 10280/6/6 10283/6/6
f 10283/6/6 10280/6/6 10284/6/6
f 10285/6/6 10286/6/6 10289/6/6
f 10289/6/6 10286/6/6 10290/6/6
f 10287/6/6 10288/6/6 10291/6/6
f 10291/6/6 10288/6/6 10292/6/6
f 10293/6/6 10294/6/6 10297/6/6
f 10297/6/6 10294/6/6 10298/6/6
f 10295/6/6 10296/6/6 10299/6/6
f 10299/6/6 10296/6/6 10300/6/6
f 10301/6/6 10302/6/6 10303/6/6
f 10303/6/6 10302/6/6 10304/6/6
f 10305/6/6 10306/6/6 10309/6/6
f 10309/6/6 10306/6/6 10310/6/6
f 10307/6/6 10308/6/6 10311/6/6
f 10311/6/6 10308/6/6 10312/6/6
f 10313/6/6 10314/6/6 10318/6/6
f 10318/6/6 10314/6/6 10319/6/6
f 10319/6/6 10314/6/6 10320/6/6
f 10315/6/6 10316/6/6 10321/6/6
f 10321/6/6 10316/6/6 10322/6/6
f 10322/6/6 10316/6/6 10323/6/6
f 10317/6/6 10318/6/6 10326/6/6
f 10318/6/6 10319/6/6 10326/6/6
f 10326/6/6 10319/6/6 10327/6/6
f 10327/6/6 10319/6/6 10328/6/6
f 10323/6/6 10324/6/6 10329/6/6
f 10322/6/6 10323/6/6 10329/6/6
f 10329/6/6 10324/6/6 10330/6/6
f 10330/6/6 10324/6/6 10331/6/6
f 10326/6/6 10327/6/6 10334/6/6
f 10325/6/6 10326/6/6 10334/6/6
f 10334/6/6 10327/6/6 10335/6/6
f 10335/6/6 10327/6/6 10336/6/6
f 10331/6/6 10332/6/6 10337/6/6
f 10330/6/6 10331/6/6 10337/6/6
f 10337/6/6 10332/6/6 10338/6/6
f 10338/6/6 10332/6/6 10339/6/6
f 10334/6/6 10335/6/6 10341/6/6
f 10333/6/6 10334/6/6 10341/6/6
f 10341/6/6 10335/6/6 10342/6/6
f 10339/6/6 10340/6/6 10343/6/6
f 10338/6/6 10339/6/6 10343/6/6
f 10343/6/6 10340/6/6 10344/6/6
f 10333/6/6 10341/6/6 10345/6/6
f 10345/6/6 10341/6/6 10346/6/6
f 10344/6/6 10340/6/6 10347/6/6
f 10347/6/6 10340/6/6 10348/6/6
f 10349/6/6 10350/6/6 10353/6/6
f 10353/6/6 10350/6/6 10354/6/6
f 10351/6/6 10352/6/6 10355/6/6
f 10355/6/6 10352/6/6 10356/6/6
f 10357/6/6 10358/6/6 10361/6/6
f 10361/6/6 10358/6/6 10362/6/6
f 10359/6/6 10360/6/6 10363/6/6
f 10363/6/6 10360/6/6 10364/6/6
f 10365/6/6 10366/6/6 10369/6/6
f 10367/6/6 10368/6/6 10372/6/6
f 10369/6/6 10370/6/6 10373/6/6
f 10365/6/6 10369/6/6 10373/6/6
f 10373/6/6 10370/6/6 10374/6/6
f 10374/6/6 10370/6/6 10375/6/6
f 10371/6/6 10372/6/6 10378/6/6
f 10372/6/6 10368/6/6 10379/6/6
f 10378/6/6 10372/6/6 10379/6/6
f 10379/6/6 10368/6/6 10380/6/6
f 10375/6/6 10376/6/6 10381/6/6
f 10374/6/6 10375/6/6 10381/6/6
f 10381/6/6 10376/6/6 10382/6/6
f 10382/6/6 10376/6/6 10383/6/6
f 10377/6/6 10378/6/6 10386/6/6
f 10378/6/6 10379/6/6 10386/6/6
f 10386/6/6 10379/6/6 10387/6/6
f 10387/6/6 10379/6/6 10388/6/6
f 10383/6/6 10384/6/6 10389/6/6
f 10382/6/6 10383/6/6 10389/6/6
f 10389/6/6 10384/6/6 10390/6/6
f 10390/6/6 10384/6/6 10391/6/6
f 10386/6/6 10387/6/6 10394/6/6
f 10385/6/6 10386/6/6 10394/6/6
f 10394/6/6 10387/6/6 10395/6/6
f 10395/6/6 10387/6/6 10396/6/6
f 10391/6/6 10392/6/6 10397/6/6
f 10390/6/6 10391/6/6 10397/6/6
f 10397/6/6 10392/6/6 10398/6/6
f 10394/6/6 10395/6/6 10399/6/6
f 10393/6/6 10394/6/6 10399/6/6
f 10399/6/6 10395/6/6 10400/6/6
f 10401/6/6 10402/6/6 10405/6/6
f 10405/6/6 10402/6/6 10406/6/6
f 10403/6/6 10404/6/6 10407/6/6
f 10407/6/6 10404/6/6 10408/6/6
f 10409/6/6 10410/6/6 10411/6/6
f 10411/6/6 10410/6/6 10412/6/6
f 10413/2/6 10414/2/6 10418/2/6
f 10415/2/6 10416/2/6 10419/2/6
f 10417/2/6 10418/2/6 10422/2/6
f 10419/2/6 10420/2/6 10423/2/6
f 10421/2/6 10422/2/6 10426/2/6
f 10423/2/6 10424/2/6 10427/2/6
f 10425/2/6 10426/2/6 10430/2/6
f 10427/2/6 10428/2/6 10431/2/6
f 10429/2/6 10430/2/6 10434/2/6
f 10418/2/6 10414/2/6 10435/2/6
f 10422/2/6 10418/2/6 10435/2/6
f 10434/2/6 10430/2/6 10435/2/6
f 10426/2/6 10422/2/6 10435/2/6
f 10430/2/6 10426/2/6 10435/2/6
f 10435/2/6 10414/2/6 10436/2/6
f 10431/2/6 10432/2/6 10437/2/6
f 10415/2/6 10419/2/6 10437/2/6
f 10419/2/6 10423/2/6 10437/2/6
f 10427/2/6 10431/2/6 10437/2/6
f 10423/2/6 10427/2/6 10437/2/6
f 10437/2/6 10432/2/6 10438/2/6
f 10438/2/6 10432/2/6 10439/2/6
f 10433/2/6 10434/2/6 10442/2/6
f 10434/2/6 10435/2/6 10442/2/6
f 10442/2/6 10435/2/6 10443/2/6
f 10443/2/6 10435/2/6 10444/2/6
f 10439/2/6 10440/2/6 10445/2/6
f 10438/2/6 10439/2/6 10445/2/6
f 10445/2/6 10440/2/6 10446/2/6
f 10446/2/6 10440/2/6 10447/2/6
f 10442/2/6 10443/2/6 10450/2/6
f 10441/2/6 10442/2/6 10450/2/6
f 10450/2/6 10443/2/6 10451/2/6
f 10451/2/6 10443/2/6 10452/2/6
f 10447/2/6 10448/2/6 10453/2/6
f 10446/2/6 10447/2/6 10453/2/6
f 10453/2/6 10448/2/6 10454/2/6
f 10454/2/6 10448/2/6 10455/2/6
f 10450/2/6 10451/2/6 10458/2/6
f 10449/2/6 10450/2/6 10458/2/6
f 10458/2/6 10451/2/6 10459/2/6
f 10459/2/6 10451/2/6 10460/2/6
f 10455/2/6 10456/2/6 10461/2/6
f 10454/2/6 10455/2/6 10461/2/6
f 10461/2/6 10456/2/6 10462/2/6
f 10462/2/6 10456/2/6 10463/2/6
f 10458/2/6 10459/2/6 10466/2/6
f 10457/2/6 10458/2/6 10466/2/6
f 10466/2/6 10459/2/6 10467/2/6
f 10467/2/6 10459/2/6 10468/2/6
f 10463/2/6 10464/2/6 10469/2/6
f 10462/2/6 10463/2/6 10469/2/6
f 10469/2/6 10464/2/6 10470/2/6
f 10470/2/6 10464/2/6 10471/2/6
f 10466/2/6 10467/2/6 10474/2/6
f 10465/2/6 10466/2/6 10474/2/6
f 10474/2/6 10467/2/6 10475/2/6
f 10475/2/6 10467/2/6 10476/2/6
f 10471/2/6 10472/2/6 10477/2/6
f 10470/2/6 10471/2/6 10477/2/6
f 10477/2/6 10472/2/6 10478/2/6
f 10478/2/6 10472/2/6 10479/2/6
f 10474/2/6 10475/2/6 10482/2/6
f 10473/2/6 10474/2/6 10482/2/6
f 10482/2/6 10475/2/6 10483/2/6
f 10483/2/6 10475/2/6 10484/2/6
f 10479/2/6 10480/2/6 10485/2/6
f 10478/2/6 10479/2/6 10485/2/6
f 10485/2/6 10480/2/6 10486/2/6
f 10486/2/6 10480/2/6 10487/2/6
f 10482/2/6 10483/2/6 10490/2/6
f 10481/2/6 10482/2/6 10490/2/6
f 10490/2/6 10483/2/6 10491/2/6
f 10491/2/6 10483/2/6 10492/2/6
f 10487/2/6 10488/2/6 10493/2/6
f 10486/2/6 10487/2/6 10493/2/6
f 10493/2/6 10488/2/6 10494/2/6
f 10494/2/6 10488/2/6 10495/2/6
f 10490/2/6 10491/2/6 10497/2/6
f 10489/2/6 10490/2/6 10497/2/6
f 10497/2/6 10491/2/6 10498/2/6
f 10498/2/6 10491/2/6 10499/2/6
f 10499/2/6 10491/2/6 10500/2/6
f 10495/2/6 10496/2/6 10501/2/6
f 10494/2/6 10495/2/6 10501/2/6
f 10501/2/6 10496/2/6 10502/2/6
f 10502/2/6 10496/2/6 10503/2/6
f 10503/2/6 10496/2/6 10504/2/6
f 10498/2/6 10499/2/6 10505/2/6
f 10505/2/6 10499/2/6 10506/2/6
f 10506/2/6 10499/2/6 10507/2/6
f 10507/2/6 10499/2/6 10508/2/6
f 10502/2/6 10503/2/6 10509/2/6
f 10509/2/6 10503/2/6 10510/2/6
f 10510/2/6 10503/2/6 10511/2/6
f 10511/2/6 10503/2/6 10512/2/6
f 10506/2/6 10507/2/6 10513/2/6
f 10513/2/6 10507/2/6 10514/2/6
f 10514/2/6 10507/2/6 10515/2/6
f 10510/2/6 10511/2/6 10516/2/6
f 10516/2/6 10511/2/6 10517/2/6
f 10517/2/6 10511/2/6 10518/2/6
f 10519/2/6 10520/2/6 10524/2/6
f 10521/2/6 10522/2/6 10525/2/6
f 10523/2/6 10524/2/6 10528/2/6
f 10524/2/6 10520/2/6 10529/2/6
f 10528/2/6 10524/2/6 10529/2/6
f 10525/2/6 10526/2/6 10532/2/6
f 10521/2/6 10525/2/6 10532/2/6
f 10532/2/6 10526/2/6 10533/2/6
f 10529/2/6 10530/2/6 10536/2/6
f 10527/2/6 10528/2/6 10536/2/6
f 10528/2/6 10529/2/6 10536/2/6
f 10536/2/6 10530/2/6 10537/2/6
f 10533/2/6 10534/2/6 10540/2/6
f 10532/2/6 10533/2/6 10540/2/6
f 10531/2/6 10532/2/6 10540/2/6
f 10540/2/6 10534/2/6 10541/2/6
f 10537/2/6 10538/2/6 10543/2/6
f 10536/2/6 10537/2/6 10543/2/6
f 10535/2/6 10536/2/6 10543/2/6
f 10541/2/6 10542/2/6 10544/2/6
f 10540/2/6 10541/2/6 10544/2/6
f 10539/2/6 10540/2/6 10544/2/6
f 10535/2/6 10543/2/6 10546/2/6
f 10546/2/6 10543/2/6 10547/2/6
f 10547/2/6 10543/2/6 10548/2/6
f 10544/2/6 10542/2/6 10549/2/6
f 10549/2/6 10542/2/6 10550/2/6
f 10550/2/6 10542/2/6 10551/2/6
f 10545/2/6 10546/2/6 10554/2/6
f 10546/2/6 10547/2/6 10554/2/6
f 10554/2/6 10547/2/6 10555/2/6
f 10555/2/6 10547/2/6 10556/2/6
f 10551/2/6 10552/2/6 10557/2/6
f 10550/2/6 10551/2/6 10557/2/6
f 10557/2/6 10552/2/6 10558/2/6
f 10558/2/6 10552/2/6 10559/2/6
f 10554/2/6 10555/2/6 10562/2/6
f 10553/2/6 10554/2/6 10562/2/6
f 10562/2/6 10555/2/6 10563/2/6
f 10563/2/6 10555/2/6 10564/2/6
f 10559/2/6 10560/2/6 10565/2/6
f 10558/2/6 10559/2/6 10565/2/6
f 10565/2/6 10560/2/6 10566/2/6
f 10566/2/6 10560/2/6 10567/2/6
f 10562/2/6 10563/2/6 10569/2/6
f 10561/2/6 10562/2/6 10569/2/6
f 10569/2/6 10563/2/6 10570/2/6
f 10567/2/6 10568/2/6 10571/2/6
f 10566/2/6 10567/2/6 10571/2/6
f 10571/2/6 10568/2/6 10572/2/6
f 10561/2/6 10569/2/6 10574/2/6
f 10572/2/6 10568/2/6 10575/2/6
f 10573/2/6 10574/2/6 10577/2/6
f 10574/2/6 10569/2/6 10577/2/6
f 10577/2/6 10569/2/6 10578/2/6
f 10575/2/6 10576/2/6 10579/2/6
f 10572/2/6 10575/2/6 10579/2/6
f 10579/2/6 10576/2/6 10580/2/6
f 10573/2/6 10577/2/6 10582/2/6
f 10580/2/6 10576/2/6 10583/2/6
f 10581/2/6 10582/2/6 10585/2/6
f 10582/2/6 10577/2/6 10585/2/6
f 10585/2/6 10577/2/6 10586/2/6
f 10583/2/6 10584/2/6 10587/2/6
f 10580/2/6 10583/2/6 10587/2/6
f 10587/2/6 10584/2/6 10588/2/6
f 10581/2/6 10585/2/6 10590/2/6
f 10588/2/6 10584/2/6 10591/2/6
f 10589/2/6 10590/2/6 10593/2/6
f 10590/2/6 10585/2/6 10593/2/6
f 10593/2/6 10585/2/6 10594/2/6
f 10591/2/6 10592/2/6 10595/2/6
f 10588/2/6 10591/2/6 10595/2/6
f 10595/2/6 10592/2/6 10596/2/6
f 10589/2/6 10593/2/6 10598/2/6
f 10596/2/6 10592/2/6 10599/2/6
f 10597/2/6 10598/2/6 10601/2/6
f 10598/2/6 10593/2/6 10601/2/6
f 10601/2/6 10593/2/6 10602/2/6
f 10599/2/6 10600/2/6 10603/2/6
f 10596/2/6 10599/2/6 10603/2/6
f 10603/2/6 10600/2/6 10604/2/6
f 10597/2/6 10601/2/6 10606/2/6
f 10604/2/6 10600/2/6 10607/2/6
f 10605/2/6 10606/2/6 10609/2/6
f 10606/2/6 10601/2/6 10609/2/6
f 10609/2/6 10601/2/6 10610/2/6
f 10607/2/6 10608/2/6 10611/2/6
f 10604/2/6 10607/2/6 10611/2/6
f 10611/2/6 10608/2/6 10612/2/6
f 10605/2/6 10609/2/6 10614/2/6
f 10612/2/6 10608/2/6 10615/2/6
f 10613/2/6 10614/2/6 10617/2/6
f 10614/2/6 10609/2/6 10617/2/6
f 10617/2/6 10609/2/6 10618/2/6
f 10615/2/6 10616/2/6 10619/2/6
f 10612/2/6 10615/2/6 10619/2/6
f 10619/2/6 10616/2/6 10620/2/6
f 10613/2/6 10617/2/6 10621/2/6
f 10621/2/6 10617/2/6 10622/2/6
f 10620/2/6 10616/2/6 10623/2/6
f 10623/2/6 10616/2/6 10624/2/6
f 10625/6/6 10626/6/6 10629/6/6
f 10629/6/6 10626/6/6 10630/6/6
f 10627/6/6 10628/6/6 10631/6/6
f 10631/6/6 10628/6/6 10632/6/6
f 10633/2/6 10634/2/6 10637/2/6
f 10635/2/6 10636/2/6 10640/2/6
f 10637/2/6 10638/2/6 10641/2/6
f 10633/2/6 10637/2/6 10641/2/6
f 10641/2/6 10638/2/6 10642/2/6
f 10639/2/6 10640/2/6 10643/2/6
f 10640/2/6 10636/2/6 10643/2/6
f 10643/2/6 10636/2/6 10644/2/6
f 10642/2/6 10638/2/6 10645/2/6
f 10639/2/6 10643/2/6 10648/2/6
f 10645/2/6 10646/2/6 10649/2/6
f 10642/2/6 10645/2/6 10649/2/6
f 10649/2/6 10646/2/6 10650/2/6
f 10647/2/6 10648/2/6 10651/2/6
f 10648/2/6 10643/2/6 10651/2/6
f 10651/2/6 10643/2/6 10652/2/6
f 10650/2/6 10646/2/6 10653/2/6
f 10647/2/6 10651/2/6 10656/2/6
f 10653/2/6 10654/2/6 10657/2/6
f 10650/2/6 10653/2/6 10657/2/6
f 10657/2/6 10654/2/6 10658/2/6
f 10655/2/6 10656/2/6 10659/2/6
f 10656/2/6 10651/2/6 10659/2/6
f 10659/2/6 10651/2/6 10660/2/6
f 10658/2/6 10654/2/6 10661/2/6
f 10655/2/6 10659/2/6 10664/2/6
f 10661/2/6 10662/2/6 10665/2/6
f 10658/2/6 10661/2/6 10665/2/6
f 10665/2/6 10662/2/6 10666/2/6
f 10663/2/6 10664/2/6 10667/2/6
f 10664/2/6 10659/2/6 10667/2/6
f 10667/2/6 10659/2/6 10668/2/6
f 10666/2/6 10662/2/6 10669/2/6
f 10663/2/6 10667/2/6 10672/2/6
f 10669/2/6 10670/2/6 10673/2/6
f 10666/2/6 10669/2/6 10673/2/6
f 10673/2/6 10670/2/6 10674/2/6
f 10671/2/6 10672/2/6 10675/2/6
f 10672/2/6 10667/2/6 10675/2/6
f 10675/2/6 10667/2/6 10676/2/6
f 10674/2/6 10670/2/6 10677/2/6
f 10671/2/6 10675/2/6 10680/2/6
f 10677/2/6 10678/2/6 10681/2/6
f 10674/2/6 10677/2/6 10681/2/6
f 10681/2/6 10678/2/6 10682/2/6
f 10679/2/6 10680/2/6 10683/2/6
f 10680/2/6 10675/2/6 10683/2/6
f 10683/2/6 10675/2/6 10684/2/6
f 10682/2/6 10678/2/6 10685/2/6
f 10679/2/6 10683/2/6 10688/2/6
f 10685/2/6 10686/2/6 10689/2/6
f 10682/2/6 10685/2/6 10689/2/6
f 10689/2/6 10686/2/6 10690/2/6
f 10690/2/6 10686/2/6 10691/2/6
f 10687/2/6 10688/2/6 10694/2/6
f 10688/2/6 10683/2/6 10695/2/6
f 10694/2/6 10688/2/6 10695/2/6
f 10695/2/6 10683/2/6 10696/2/6
f 10691/2/6 10692/2/6 10697/2/6
f 10690/2/6 10691/2/6 10697/2/6
f 10697/2/6 10692/2/6 10698/2/6
f 10698/2/6 10692/2/6 10699/2/6
f 10693/2/6 10694/2/6 10702/2/6
f 10694/2/6 10695/2/6 10702/2/6
f 10702/2/6 10695/2/6 10703/2/6
f 10703/2/6 10695/2/6 10704/2/6
f 10699/2/6 10700/2/6 10705/2/6
f 10698/2/6 10699/2/6 10705/2/6
f 10705/2/6 10700/2/6 10706/2/6
f 10706/2/6 10700/2/6 10707/2/6
f 10702/2/6 10703/2/6 10710/2/6
f 10701/2/6 10702/2/6 10710/2/6
f 10710/2/6 10703/2/6 10711/2/6
f 10711/2/6 10703/2/6 10712/2/6
f 10707/2/6 10708/2/6 10713/2/6
f 10706/2/6 10707/2/6 10713/2/6
f 10710/2/6 10711/2/6 10714/2/6
f 10709/2/6 10710/2/6 10714/2/6
f 10706/2/6 10713/2/6 10715/2/6
f 10715/2/6 10713/2/6 10716/2/6
f 10716/2/6 10713/2/6 10717/2/6
f 10717/2/6 10713/2/6 10718/2/6
f 10714/2/6 10711/2/6 10719/2/6
f 10719/2/6 10711/2/6 10720/2/6
f 10720/2/6 10711/2/6 10721/2/6
f 10721/2/6 10711/2/6 10722/2/6
f 10716/2/6 10717/2/6 10723/2/6
f 10723/2/6 10717/2/6 10724/2/6
f 10724/2/6 10717/2/6 10725/2/6
f 10725/2/6 10717/2/6 10726/2/6
f 10720/2/6 10721/2/6 10727/2/6
f 10727/2/6 10721/2/6 10728/2/6
f 10728/2/6 10721/2/6 10729/2/6
f 10729/2/6 10721/2/6 10730/2/6
f 10724/2/6 10725/2/6 10731/2/6
f 10731/2/6 10725/2/6 10732/2/6
f 10728/2/6 10729/2/6 10733/2/6
f 10733/2/6 10729/2/6 10734/2/6
f 10732/2/6 10725/2/6 10735/2/6
f 10735/2/6 10725/2/6 10736/2/6
f 10728/2/6 10733/2/6 10737/2/6
f 10737/2/6 10733/2/6 10738/2/6
f 10739/2/6 10740/2/6 10746/2/6
f 10740/2/6 10741/2/6 10746/2/6
f 10746/2/6 10741/2/6 10747/2/6
f 10743/2/6 10744/2/6 10750/2/6
f 10742/2/6 10743/2/6 10750/2/6
f 10750/2/6 10744/2/6 10751/2/6
f 10747/2/6 10748/2/6 10754/2/6
f 10746/2/6 10747/2/6 10754/2/6
f 10745/2/6 10746/2/6 10754/2/6
f 10754/2/6 10748/2/6 10755/2/6
f 10751/2/6 10752/2/6 10758/2/6
f 10750/2/6 10751/2/6 10758/2/6
f 10749/2/6 10750/2/6 10758/2/6
f 10758/2/6 10752/2/6 10759/2/6
f 10755/2/6 10756/2/6 10761/2/6
f 10754/2/6 10755/2/6 10761/2/6
f 10753/2/6 10754/2/6 10761/2/6
f 10761/2/6 10756/2/6 10762/2/6
f 10762/2/6 10756/2/6 10763/2/6
f 10759/2/6 10760/2/6 10766/2/6
f 10758/2/6 10759/2/6 10766/2/6
f 10757/2/6 10758/2/6 10766/2/6
f 10766/2/6 10760/2/6 10767/2/6
f 10767/2/6 10760/2/6 10768/2/6
f 10763/2/6 10764/2/6 10769/2/6
f 10762/2/6 10763/2/6 10769/2/6
f 10769/2/6 10764/2/6 10770/2/6
f 10770/2/6 10764/2/6 10771/2/6
f 10766/2/6 10767/2/6 10774/2/6
f 10765/2/6 10766/2/6 10774/2/6
f 10774/2/6 10767/2/6 10775/2/6
f 10775/2/6 10767/2/6 10776/2/6
f 10771/2/6 10772/2/6 10777/2/6
f 10770/2/6 10771/2/6 10777/2/6
f 10777/2/6 10772/2/6 10778/2/6
f 10778/2/6 10772/2/6 10779/2/6
f 10774/2/6 10775/2/6 10782/2/6
f 10773/2/6 10774/2/6 10782/2/6
f 10782/2/6 10775/2/6 10783/2/6
f 10783/2/6 10775/2/6 10784/2/6
f 10779/2/6 10780/2/6 10785/2/6
f 10778/2/6 10779/2/6 10785/2/6
f 10785/2/6 10780/2/6 10786/2/6
f 10786/2/6 10780/2/6 10787/2/6
f 10782/2/6 10783/2/6 10790/2/6
f 10781/2/6 10782/2/6 10790/2/6
f 10790/2/6 10783/2/6 10791/2/6
f 10791/2/6 10783/2/6 10792/2/6
f 10787/2/6 10788/2/6 10793/2/6
f 10786/2/6 10787/2/6 10793/2/6
f 10793/2/6 10788/2/6 10794/2/6
f 10794/2/6 10788/2/6 10795/2/6
f 10790/2/6 10791/2/6 10798/2/6
f 10789/2/6 10790/2/6 10798/2/6
f 10798/2/6 10791/2/6 10799/2/6
f 10799/2/6 10791/2/6 10800/2/6
f 10795/2/6 10796/2/6 10801/2/6
f 10794/2/6 10795/2/6 10801/2/6
f 10801/2/6 10796/2/6 10802/2/6
f 10802/2/6 10796/2/6 10803/2/6
f 10798/2/6 10799/2/6 10806/2/6
f 10797/2/6 10798/2/6 10806/2/6
f 10806/2/6 10799/2/6 10807/2/6
f 10807/2/6 10799/2/6 10808/2/6
f 10803/2/6 10804/2/6 10809/2/6
f 10802/2/6 10803/2/6 10809/2/6
f 10809/2/6 10804/2/6 10810/2/6
f 10810/2/6 10804/2/6 10811/2/6
f 10806/2/6 10807/2/6 10814/2/6
f 10805/2/6 10806/2/6 10814/2/6
f 10814/2/6 10807/2/6 10815/2/6
f 10815/2/6 10807/2/6 10816/2/6
f 10811/2/6 10812/2/6 10817/2/6
f 10810/2/6 10811/2/6 10817/2/6
f 10817/2/6 10812/2/6 10818/2/6
f 10818/2/6 10812/2/6 10819/2/6
f 10814/2/6 10815/2/6 10822/2/6
f 10813/2/6 10814/2/6 10822/2/6
f 10822/2/6 10815/2/6 10823/2/6
f 10823/2/6 10815/2/6 10824/2/6
f 10819/2/6 10820/2/6 10825/2/6
f 10818/2/6 10819/2/6 10825/2/6
f 10825/2/6 10820/2/6 10826/2/6
f 10822/2/6 10823/2/6 10827/2/6
f 10821/2/6 10822/2/6 10827/2/6
f 10827/2/6 10823/2/6 10828/2/6
f 10826/2/6 10820/2/6 10829/2/6
f 10829/2/6 10820/2/6 10830/2/6
f 10821/2/6 10827/2/6 10831/2/6
f 10831/2/6 10827/2/6 10832/2/6
f 10830/2/6 10820/2/6 10833/2/6
f 10833/2/6 10820/2/6 10834/2/6
f 10821/2/6 10831/2/6 10835/2/6
f 10835/2/6 10831/2/6 10836/2/6
f 10834/2/6 10820/2/6 10837/2/6
f 10837/2/6 10820/2/6 10838/2/6
f 10821/2/6 10835/2/6 10839/2/6
f 10839/2/6 10835/2/6 10840/2/6
f 10838/2/6 10820/2/6 10841/2/6
f 10841/2/6 10820/2/6 10842/2/6
f 10821/2/6 10839/2/6 10843/2/6
f 10843/2/6 10839/2/6 10844/2/6
f 10845/6/6 10846/6/6 10847/6/6
f 10847/6/6 10846/6/6 10848/6/6
f 10849/6/6 10850/6/6 10853/6/6
f 10853/6/6 10850/6/6 10854/6/6
f 10851/6/6 10852/6/6 10855/6/6
f 10855/6/6 10852/6/6 10856/6/6
f 10857/6/6 10858/6/6 10865/6/6
f 10865/6/6 10858/6/6 10866/6/6
f 10859/6/6 10860/6/6 10867/6/6
f 10867/6/6 10860/6/6 10868/6/6
f 10861/6/6 10862/6/6 10869/6/6
f 10869/6/6 10862/6/6 10870/6/6
f 10863/6/6 10864/6/6 10871/6/6
f 10871/6/6 10864/6/6 10872/6/6
f 10873/6/6 10874/6/6 10877/6/6
f 10877/6/6 10874/6/6 10878/6/6
f 10875/6/6 10876/6/6 10879/6/6
f 10879/6/6 10876/6/6 10880/6/6
f 10881/6/6 10882/6/6 10885/6/6
f 10885/6/6 10882/6/6 10886/6/6
f 10883/6/6 10884/6/6 10887/6/6
f 10887/6/6 10884/6/6 10888/6/6
f 10889/6/6 10890/6/6 10893/6/6
f 10893/6/6 10890/6/6 10894/6/6
f 10891/6/6 10892/6/6 10895/6/6
f 10895/6/6 10892/6/6 10896/6/6
f 10897/6/6 10898/6/6 10901/6/6
f 10901/6/6 10898/6/6 10902/6/6
f 10899/6/6 10900/6/6 10903/6/6
f 10903/6/6 10900/6/6 10904/6/6
f 10905/6/6 10906/6/6 10909/6/6
f 10909/6/6 10906/6/6 10910/6/6
f 10907/6/6 10908/6/6 10911/6/6
f 10911/6/6 10908/6/6 10912/6/6
f 10913/6/6 10914/6/6 10917/6/6
f 10917/6/6 10914/6/6 10918/6/6
f 10915/6/6 10916/6/6 10919/6/6
f 10919/6/6 10916/6/6 10920/6/6
f 10921/6/6 10922/6/6 10929/6/6
f 10929/6/6 10922/6/6 10930/6/6
f 10923/6/6 10924/6/6 10931/6/6
f 10931/6/6 10924/6/6 10932/6/6
f 10925/6/6 10926/6/6 10933/6/6
f 10933/6/6 10926/6/6 10934/6/6
f 10927/6/6 10928/6/6 10935/6/6
f 10935/6/6 10928/6/6 10936/6/6
f 10937/6/6 10938/6/6 10941/6/6
f 10941/6/6 10938/6/6 10942/6/6
f 10939/6/6 10940/6/6 10943/6/6
f 10943/6/6 10940/6/6 10944/6/6
f 10945/6/6 10946/6/6 10950/6/6
f 10950/6/6 10946/6/6 10951/6/6
f 10947/6/6 10948/6/6 10952/6/6
f 10952/6/6 10948/6/6 10953/6/6
f 10949/6/6 10950/6/6 10955/6/6
f 10955/6/6 10950/6/6 10956/6/6
f 10953/6/6 10954/6/6 10957/6/6
f 10957/6/6 10954/6/6 10958/6/6
f 10959/6/6 10960/6/6 10964/6/6
f 10964/6/6 10960/6/6 10965/6/6
f 10961/6/6 10962/6/6 10966/6/6
f 10966/6/6 10962/6/6 10967/6/6
f 10963/6/6 10964/6/6 10969/6/6
f 10969/6/6 10964/6/6 10970/6/6
f 10967/6/6 10968/6/6 10971/6/6
f 10971/6/6 10968/6/6 10972/6/6
f 10973/6/6 10974/6/6 10978/6/6
f 10978/6/6 10974/6/6 10979/6/6
f 10975/6/6 10976/6/6 10980/6/6
f 10980/6/6 10976/6/6 10981/6/6
f 10977/6/6 10978/6/6 10983/6/6
f 10983/6/6 10978/6/6 10984/6/6
f 10981/6/6 10982/6/6 10985/6/6
f 10985/6/6 10982/6/6 10986/6/6
f 10987/6/6 10988/6/6 10991/6/6
f 10991/6/6 10988/6/6 10992/6/6
f 10989/6/6 10990/6/6 10995/6/6
f 10995/6/6 10990/6/6 10996/6/6
f 10992/6/6 10993/6/6 10997/6/6
f 10997/6/6 10993/6/6 10998/6/6
f 10994/6/6 10995/6/6 10999/6/6
f 10999/6/6 10995/6/6 11000/6/6
f 11001/6/6 11002/6/6 11005/6/6
f 11005/6/6 11002/6/6 11006/6/6
f 11003/6/6 11004/6/6 11009/6/6
f 11009/6/6 11004/6/6 11010/6/6
f 11006/6/6 11007/6/6 11011/6/6
f 11011/6/6 11007/6/6 11012/6/6
f 11008/6/6 11009/6/6 11013/6/6
f 11013/6/6 11009/6/6 11014/6/6
f 11015/6/6 11016/6/6 11019/6/6
f 11019/6/6 11016/6/6 11020/6/6
f 11017/6/6 11018/6/6 11023/6/6
f 11023/6/6 11018/6/6 11024/6/6
f 11020/6/6 11021/6/6 11025/6/6
f 11025/6/6 11021/6/6 11026/6/6
f 11022/6/6 11023/6/6 11027/6/6
f 11027/6/6 11023/6/6 11028/6/6
f 11029/6/6 11030/6/6 11031/6/6
f 11031/6/6 11030/6/6 11032/6/6
f 11033/6/6 11034/6/6 11037/6/6
f 11037/6/6 11034/6/6 11038/6/6
f 11035/6/6 11036/6/6 11043/6/6
f 11043/6/6 11036/6/6 11044/6/6
f 11037/6/6 11038/6/6 11045/6/6
f 11045/6/6 11038/6/6 11046/6/6
f 11039/6/6 11040/6/6 11047/6/6
f 11047/6/6 11040/6/6 11048/6/6
f 11041/6/6 11042/6/6 11051/6/6
f 11051/6/6 11042/6/6 11052/6/6
f 11043/6/6 11044/6/6 11053/6/6
f 11053/6/6 11044/6/6 11054/6/6
f 11048/6/6 11049/6/6 11055/6/6
f 11055/6/6 11049/6/6 11056/6/6
f 11050/6/6 11051/6/6 11057/6/6
f 11057/6/6 11051/6/6 11058/6/6
f 11060/6/6 11061/6/6 11065/6/6
f 11059/6/6 11060/6/6 11065/6/6
f 11065/6/6 11061/6/6 11066/6/6
f 11066/6/6 11061/6/6 11067/6/6
f 11063/6/6 11064/6/6 11068/6/6
f 11062/6/6 11063/6/6 11068/6/6
f 11068/6/6 11064/6/6 11069/6/6
f 11069/6/6 11064/6/6 11070/6/6
f 11071/6/6 11072/6/6 11075/6/6
f 11075/6/6 11072/6/6 11076/6/6
f 11073/6/6 11074/6/6 11079/6/6
f 11079/6/6 11074/6/6 11080/6/6
f 11076/6/6 11077/6/6 11081/6/6
f 11081/6/6 11077/6/6 11082/6/6
f 11078/6/6 11079/6/6 11083/6/6
f 11083/6/6 11079/6/6 11084/6/6
f 11085/6/6 11086/6/6 11089/6/6
f 11089/6/6 11086/6/6 11090/6/6
f 11087/6/6 11088/6/6 11091/6/6
f 11091/6/6 11088/6/6 11092/6/6
f 11093/6/6 11094/6/6 11098/6/6
f 11098/6/6 11094/6/6 11099/6/6
f 11095/6/6 11096/6/6 11100/6/6
f 11100/6/6 11096/6/6 11101/6/6
f 11097/6/6 11098/6/6 11103/6/6
f 11103/6/6 11098/6/6 11104/6/6
f 11101/6/6 11102/6/6 11105/6/6
f 11105/6/6 11102/6/6 11106/6/6
f 11107/6/6 11108/6/6 11113/6/6
f 11108/6/6 11109/6/6 11113/6/6
f 11113/6/6 11109/6/6 11114/6/6
f 11114/6/6 11109/6/6 11115/6/6
f 11110/6/6 11111/6/6 11116/6/6
f 11111/6/6 11112/6/6 11116/6/6
f 11116/6/6 11112/6/6 11117/6/6
f 11117/6/6 11112/6/6 11118/6/6
f 11119/6/6 11120/6/6 11126/6/6
f 11126/6/6 11120/6/6 11127/6/6
f 11121/6/6 11122/6/6 11128/6/6
f 11128/6/6 11122/6/6 11129/6/6
f 11123/6/6 11124/6/6 11133/6/6
f 11133/6/6 11124/6/6 11134/6/6
f 11125/6/6 11126/6/6 11135/6/6
f 11135/6/6 11126/6/6 11136/6/6
f 11129/6/6 11130/6/6 11137/6/6
f 11137/6/6 11130/6/6 11138/6/6
f 11131/6/6 11132/6/6 11139/6/6
f 11139/6/6 11132/6/6 11140/6/6
f 11133/6/6 11134/6/6 11141/6/6
f 11141/6/6 11134/6/6 11142/6/6
f 11139/6/6 11140/6/6 11143/6/6
f 11143/6/6 11140/6/6 11144/6/6
f 11145/6/6 11146/6/6 11147/6/6
f 11147/6/6 11146/6/6 11148/6/6
f 11149/6/6 11150/6/6 11154/6/6
f 11154/6/6 11150/6/6 11155/6/6
f 11151/6/6 11152/6/6 11156/6/6
f 11156/6/6 11152/6/6 11157/6/6
f 11154/6/6 11155/6/6 11160/6/6
f 11153/6/6 11154/6/6 11160/6/6
f 11160/6/6 11155/6/6 11161/6/6
f 11161/6/6 11155/6/6 11162/6/6
f 11157/6/6 11158/6/6 11163/6/6
f 11156/6/6 11157/6/6 11163/6/6
f 11163/6/6 11158/6/6 11164/6/6
f 11164/6/6 11158/6/6 11165/6/6
f 11160/6/6 11161/6/6 11167/6/6
f 11159/6/6 11160/6/6 11167/6/6
f 11167/6/6 11161/6/6 11168/6/6
f 11168/6/6 11161/6/6 11169/6/6
f 11165/6/6 11166/6/6 11170/6/6
f 11164/6/6 11165/6/6 11170/6/6
f 11170/6/6 11166/6/6 11171/6/6
f 11171/6/6 11166/6/6 11172/6/6
f 11173/6/6 11174/6/6 11179/6/6
f 11174/6/6 11175/6/6 11179/6/6
f 11179/6/6 11175/6/6 11180/6/6
f 11180/6/6 11175/6/6 11181/6/6
f 11177/6/6 11178/6/6 11184/6/6
f 11176/6/6 11177/6/6 11184/6/6
f 11184/6/6 11178/6/6 11185/6/6
f 11185/6/6 11178/6/6 11186/6/6
f 11181/6/6 11182/6/6 11187/6/6
f 11180/6/6 11181/6/6 11187/6/6
f 11187/6/6 11182/6/6 11188/6/6
f 11188/6/6 11182/6/6 11189/6/6
f 11184/6/6 11185/6/6 11190/6/6
f 11183/6/6 11184/6/6 11190/6/6
f 11190/6/6 11185/6/6 11191/6/6
f 11191/6/6 11185/6/6 11192/6/6
f 11188/6/6 11189/6/6 11193/6/6
f 11193/6/6 11189/6/6 11194/6/6
f 11190/6/6 11191/6/6 11195/6/6
f 11195/6/6 11191/6/6 11196/6/6
f 11197/6/6 11198/6/6 11202/6/6
f 11202/6/6 11198/6/6 11203/6/6
f 11199/6/6 11200/6/6 11204/6/6
f 11204/6/6 11200/6/6 11205/6/6
f 11201/6/6 11202/6/6 11207/6/6
f 11207/6/6 11202/6/6 11208/6/6
f 11205/6/6 11206/6/6 11209/6/6
f 11209/6/6 11206/6/6 11210/6/6
f 11211/6/6 11212/6/6 11215/6/6
f 11215/6/6 11212/6/6 11216/6/6
f 11213/6/6 11214/6/6 11217/6/6
f 11217/6/6 11214/6/6 11218/6/6
f 11219/6/6 11220/6/6 11223/6/6
f 11223/6/6 11220/6/6 11224/6/6
f 11221/6/6 11222/6/6 11225/6/6
f 11225/6/6 11222/6/6 11226/6/6
f 11227/6/6 11228/6/6 11232/6/6
f 11232/6/6 11228/6/6 11233/6/6
f 11229/6/6 11230/6/6 11234/6/6
f 11234/6/6 11230/6/6 11235/6/6
f 11231/6/6 11232/6/6 11237/6/6
f 11237/6/6 11232/6/6 11238/6/6
f 11235/6/6 11236/6/6 11239/6/6
f 11239/6/6 11236/6/6 11240/6/6
f 11241/6/6 11242/6/6 11245/6/6
f 11245/6/6 11242/6/6 11246/6/6
f 11243/6/6 11244/6/6 11249/6/6
f 11249/6/6 11244/6/6 11250/6/6
f 11246/6/6 11247/6/6 11251/6/6
f 11251/6/6 11247/6/6 11252/6/6
f 11248/6/6 11249/6/6 11253/6/6
f 11253/6/6 11249/6/6 11254/6/6
f 11255/6/6 11256/6/6 11259/6/6
f 11259/6/6 11256/6/6 11260/6/6
f 11257/6/6 11258/6/6 11261/6/6
f 11261/6/6 11258/6/6 11262/6/6
f 11263/6/6 11264/6/6 11267/6/6
f 11267/6/6 11264/6/6 11268/6/6
f 11265/6/6 11266/6/6 11269/6/6
f 11269/6/6 11266/6/6 11270/6/6
f 11271/6/6 11272/6/6 11275/6/6
f 11275/6/6 11272/6/6 11276/6/6
f 11273/6/6 11274/6/6 11279/6/6
f 11279/6/6 11274/6/6 11280/6/6
f 11276/6/6 11277/6/6 11281/6/6
f 11281/6/6 11277/6/6 11282/6/6
f 11278/6/6 11279/6/6 11283/6/6
f 11283/6/6 11279/6/6 11284/6/6
f 11285/6/6 11286/6/6 11287/6/6
f 11287/6/6 11286/6/6 11288/6/6
f 11289/6/6 11290/6/6 11294/6/6
f 11291/6/6 11292/6/6 11295/6/6
f 11293/6/6 11294/6/6 11298/6/6
f 11294/6/6 11290/6/6 11299/6/6
f 11298/6/6 11294/6/6 11299/6/6
f 11299/6/6 11290/6/6 11300/6/6
f 11295/6/6 11296/6/6 11301/6/6
f 11291/6/6 11295/6/6 11301/6/6
f 11301/6/6 11296/6/6 11302/6/6
f 11302/6/6 11296/6/6 11303/6/6
f 11297/6/6 11298/6/6 11305/6/6
f 11298/6/6 11299/6/6 11305/6/6
f 11305/6/6 11299/6/6 11306/6/6
f 11303/6/6 11304/6/6 11307/6/6
f 11302/6/6 11303/6/6 11307/6/6
f 11307/6/6 11304/6/6 11308/6/6
f 11297/6/6 11305/6/6 11309/6/6
f 11309/6/6 11305/6/6 11310/6/6
f 11308/6/6 11304/6/6 11311/6/6
f 11311/6/6 11304/6/6 11312/6/6
f 11297/6/6 11309/6/6 11313/6/6
f 11313/6/6 11309/6/6 11314/6/6
f 11312/6/6 11304/6/6 11315/6/6
f 11315/6/6 11304/6/6 11316/6/6
f 11317/6/6 11318/6/6 11321/6/6
f 11321/6/6 11318/6/6 11322/6/6
f 11319/6/6 11320/6/6 11323/6/6
f 11323/6/6 11320/6/6 11324/6/6
f 11325/6/6 11326/6/6 11329/6/6
f 11327/6/6 11328/6/6 11332/6/6
f 11329/6/6 11330/6/6 11333/6/6
f 11331/6/6 11332/6/6 11336/6/6
f 11333/6/6 11334/6/6 11337/6/6
f 11325/6/6 11329/6/6 11337/6/6
f 11329/6/6 11333/6/6 11337/6/6
f 11337/6/6 11334/6/6 11338/6/6
f 11338/6/6 11334/6/6 11339/6/6
f 11335/6/6 11336/6/6 11342/6/6
f 11336/6/6 11332/6/6 11343/6/6
f 11332/6/6 11328/6/6 11343/6/6
f 11342/6/6 11336/6/6 11343/6/6
f 11343/6/6 11328/6/6 11344/6/6
f 11339/6/6 11340/6/6 11345/6/6
f 11338/6/6 11339/6/6 11345/6/6
f 11345/6/6 11340/6/6 11346/6/6
f 11341/6/6 11342/6/6 11347/6/6
f 11342/6/6 11343/6/6 11347/6/6
f 11347/6/6 11343/6/6 11348/6/6
f 11346/6/6 11340/6/6 11349/6/6
f 11349/6/6 11340/6/6 11350/6/6
f 11341/6/6 11347/6/6 11351/6/6
f 11351/6/6 11347/6/6 11352/6/6
f 11353/6/6 11354/6/6 11355/6/6
f 11355/6/6 11354/6/6 11356/6/6
f 11357/6/6 11358/6/6 11361/6/6
f 11361/6/6 11358/6/6 11362/6/6
f 11359/6/6 11360/6/6 11363/6/6
f 11363/6/6 11360/6/6 11364/6/6
f 11365/6/6 11366/6/6 11369/6/6
f 11369/6/6 11366/6/6 11370/6/6
f 11367/6/6 11368/6/6 11371/6/6
f 11371/6/6 11368/6/6 11372/6/6
f 11373/6/6 11374/6/6 11377/6/6
f 11377/6/6 11374/6/6 11378/6/6
f 11375/6/6 11376/6/6 11379/6/6
f 11379/6/6 11376/6/6 11380/6/6
f 11381/6/6 11382/6/6 11385/6/6
f 11385/6/6 11382/6/6 11386/6/6
f 11383/6/6 11384/6/6 11387/6/6
f 11387/6/6 11384/6/6 11388/6/6
f 11389/6/6 11390/6/6 11393/6/6
f 11393/6/6 11390/6/6 11394/6/6
f 11391/6/6 11392/6/6 11395/6/6
f 11395/6/6 11392/6/6 11396/6/6
f 11397/6/6 11398/6/6 11401/6/6
f 11401/6/6 11398/6/6 11402/6/6
f 11399/6/6 11400/6/6 11403/6/6
f 11403/6/6 11400/6/6 11404/6/6
f 11405/6/6 11406/6/6 11411/6/6
f 11411/6/6 11406/6/6 11412/6/6
f 11407/6/6 11408/6/6 11413/6/6
f 11413/6/6 11408/6/6 11414/6/6
f 11409/6/6 11410/6/6 11417/6/6
f 11417/6/6 11410/6/6 11418/6/6
f 11415/6/6 11416/6/6 11419/6/6
f 11419/6/6 11416/6/6 11420/6/6
f 11421/6/6 11422/6/6 11425/6/6
f 11425/6/6 11422/6/6 11426/6/6
f 11423/6/6 11424/6/6 11431/6/6
f 11431/6/6 11424/6/6 11432/6/6
f 11427/6/6 11428/6/6 11433/6/6
f 11433/6/6 11428/6/6 11434/6/6
f 11429/6/6 11430/6/6 11435/6/6
f 11435/6/6 11430/6/6 11436/6/6
f 11437/6/6 11438/6/6 11441/6/6
f 11441/6/6 11438/6/6 11442/6/6
f 11439/6/6 11440/6/6 11443/6/6
f 11443/6/6 11440/6/6 11444/6/6
f 11445/6/6 11446/6/6 11449/6/6
f 11449/6/6 11446/6/6 11450/6/6
f 11447/6/6 11448/6/6 11451/6/6
f 11451/6/6 11448/6/6 11452/6/6
f 11453/6/6 11454/6/6 11455/6/6
f 11455/6/6 11454/6/6 11456/6/6
f 11457/6/6 11458/6/6 11461/6/6
f 11461/6/6 11458/6/6 11462/6/6
f 11459/6/6 11460/6/6 11463/6/6
f 11463/6/6 11460/6/6 11464/6/6
f 11465/6/6 11466/6/6 11467/6/6
f 11467/6/6 11466/6/6 11468/6/6
f 11469/6/6 11470/6/6 11473/6/6
f 11473/6/6 11470/6/6 11474/6/6
f 11471/6/6 11472/6/6 11475/6/6
f 11475/6/6 11472/6/6 11476/6/6
f 11477/6/6 11478/6/6 11481/6/6
f 11481/6/6 11478/6/6 11482/6/6
f 11479/6/6 11480/6/6 11483/6/6
f 11483/6/6 11480/6/6 11484/6/6
f 11485/6/6 11486/6/6 11489/6/6
f 11489/6/6 11486/6/6 11490/6/6
f 11487/6/6 11488/6/6 11491/6/6
f 11491/6/6 11488/6/6 11492/6/6
f 11493/6/6 11494/6/6 11497/6/6
f 11497/6/6 11494/6/6 11498/6/6
f 11495/6/6 11496/6/6 11499/6/6
f 11499/6/6 11496/6/6 11500/6/6
f 11501/6/6 11502/6/6 11504/6/6
f 11504/6/6 11502/6/6 11505/6/6
f 11503/6/6 11504/6/6 11507/6/6
f 11505/6/6 11506/6/6 11507/6/6
f 11504/6/6 11505/6/6 11507/6/6
f 11507/6/6 11506/6/6 11508/6/6
f 11509/6/6 11510/6/6 11514/6/6
f 11511/6/6 11512/6/6 11515/6/6
f 11513/6/6 11514/6/6 11517/6/6
f 11514/6/6 11510/6/6 11518/6/6
f 11517/6/6 11514/6/6 11518/6/6
f 11515/6/6 11516/6/6 11519/6/6
f 11511/6/6 11515/6/6 11519/6/6
f 11519/6/6 11516/6/6 11520/6/6
f 11518/6/6 11510/6/6 11521/6/6
f 11521/6/6 11510/6/6 11522/6/6
f 11511/6/6 11519/6/6 11523/6/6
f 11523/6/6 11519/6/6 11524/6/6
f 11525/6/6 11526/6/6 11527/6/6
f 11527/6/6 11526/6/6 11528/6/6
f 11528/6/6 11526/6/6 11529/6/6
f 11529/6/6 11526/6/6 11530/6/6
f 11528/6/6 11529/6/6 11531/6/6
f 11531/6/6 11529/6/6 11532/6/6
