# MagicaVoxel @ Ephtracy

# group
o 

# material
mtllib Tower-0.mtl
usemtl palette

# normals
vn -1 0 0
vn 1 0 0
vn 0 0 1
vn 0 0 -1
vn 0 -1 0
vn 0 1 0

# texcoords
vt 0.970703 0.5
vt 0.978516 0.5
vt 0.986328 0.5

# verts
v -1.1 1.3 0.4
v -1.1 1.3 -0.4
v -1.1 1.5 0.4
v -1.1 1.5 -0.4
v -1.1 1.8 0.4
v -1.1 1.8 -0.4
v -1.1 2 0.4
v -1.1 2 -0.4
v -1 1.3 0.6
v -1 1.3 0.4
v -1 1.3 -0.4
v -1 1.3 -0.6
v -1 1.5 0.6
v -1 1.5 0.4
v -1 1.5 -0.4
v -1 1.5 -0.6
v -1 1.8 0.6
v -1 1.8 0.4
v -1 1.8 -0.4
v -1 1.8 -0.6
v -1 2 0.6
v -1 2 0.4
v -1 2 -0.4
v -1 2 -0.6
v -0.9 1.3 0.7
v -0.9 1.3 0.6
v -0.9 1.3 -0.6
v -0.9 1.3 -0.7
v -0.9 1.5 0.7
v -0.9 1.5 0.6
v -0.9 1.5 -0.6
v -0.9 1.5 -0.7
v -0.9 1.8 0.7
v -0.9 1.8 0.6
v -0.9 1.8 -0.6
v -0.9 1.8 -0.7
v -0.9 2 0.7
v -0.9 2 0.6
v -0.9 2 -0.6
v -0.9 2 -0.7
v -0.8 1.3 0.8
v -0.8 1.3 0.7
v -0.8 1.3 -0.7
v -0.8 1.3 -0.8
v -0.8 1.5 0.8
v -0.8 1.5 0.7
v -0.8 1.5 0.3
v -0.8 1.5 -0.3
v -0.8 1.5 -0.7
v -0.8 1.5 -0.8
v -0.8 1.8 0.8
v -0.8 1.8 0.7
v -0.8 1.8 0.3
v -0.8 1.8 -0.3
v -0.8 1.8 -0.7
v -0.8 1.8 -0.8
v -0.8 2 0.8
v -0.8 2 0.7
v -0.8 2 0.6
v -0.8 2 0.5
v -0.8 2 -0.5
v -0.8 2 -0.6
v -0.8 2 -0.7
v -0.8 2 -0.8
v -0.8 2.2 0.2
v -0.8 2.2 0.1
v -0.8 2.3 0.2
v -0.8 2.3 0.1
v -0.8 2.3 -0.1
v -0.8 2.4 0.1
v -0.8 2.4 -0.1
v -0.8 2.4 -0.2
v -0.8 2.5 0.2
v -0.8 2.5 0.1
v -0.8 2.6 0.1
v -0.8 2.6 -0.1
v -0.8 2.6 -0.2
v -0.8 2.7 0.2
v -0.8 2.7 -0.1
v -0.8 2.9 -0.1
v -0.8 2.9 -0.2
v -0.8 3 0.1
v -0.8 3 0
v -0.8 3.1 0.1
v -0.8 3.1 0
v -0.8 3.1 -0.1
v -0.8 3.1 -0.2
v -0.8 3.2 0
v -0.8 3.2 -0.1
v -0.8 3.3 0.2
v -0.8 3.3 0
v -0.8 3.3 -0.1
v -0.8 3.3 -0.2
v -0.8 3.4 0.1
v -0.8 3.4 0
v -0.8 3.5 0.2
v -0.8 3.5 0.1
v -0.8 3.5 -0.1
v -0.8 3.5 -0.2
v -0.8 3.8 0.6
v -0.8 3.8 0.5
v -0.8 3.8 -0.5
v -0.8 3.8 -0.6
v -0.7 1.3 0.9
v -0.7 1.3 0.8
v -0.7 1.3 -0.8
v -0.7 1.3 -0.9
v -0.7 1.5 0.9
v -0.7 1.5 0.8
v -0.7 1.5 0.5
v -0.7 1.5 0.3
v -0.7 1.5 -0.3
v -0.7 1.5 -0.5
v -0.7 1.5 -0.8
v -0.7 1.5 -0.9
v -0.7 1.8 0.9
v -0.7 1.8 0.8
v -0.7 1.8 0.5
v -0.7 1.8 0.3
v -0.7 1.8 -0.3
v -0.7 1.8 -0.5
v -0.7 1.8 -0.8
v -0.7 1.8 -0.9
v -0.7 2 0.9
v -0.7 2 0.8
v -0.7 2 -0.8
v -0.7 2 -0.9
v -0.7 3.8 0.5
v -0.7 3.8 0.4
v -0.7 3.8 -0.4
v -0.7 3.8 -0.5
v -0.7 3.9 0.1
v -0.7 3.9 0
v -0.7 4 0.2
v -0.7 4 0.1
v -0.7 4 0
v -0.7 4.1 0
v -0.7 4.1 -0.1
v -0.7 4.2 0.1
v -0.7 4.2 0
v -0.7 4.2 -0.1
v -0.7 4.3 0.2
v -0.7 4.3 0
v -0.7 4.3 -0.2
v -0.7 4.4 0
v -0.7 4.4 -0.2
v -0.7 4.6 0.2
v -0.7 4.6 0.1
v -0.7 4.7 0
v -0.7 4.7 -0.2
v -0.7 4.8 0.2
v -0.7 4.8 0.1
v -0.7 4.8 0
v -0.7 4.8 -0.2
v -0.7 4.9 0
v -0.7 4.9 -0.1
v -0.7 5 0.2
v -0.7 5 0.1
v -0.7 5 0
v -0.7 5 -0.1
v -0.7 5.1 0.1
v -0.7 5.1 -0.2
v -0.7 5.2 0.2
v -0.7 5.2 -0.1
v -0.7 5.3 -0.1
v -0.7 5.3 -0.2
v -0.7 5.5 0.5
v -0.7 5.5 0.4
v -0.7 5.5 -0.4
v -0.7 5.5 -0.5
v -0.6 1.3 1
v -0.6 1.3 0.9
v -0.6 1.3 -0.9
v -0.6 1.3 -1
v -0.6 1.5 1
v -0.6 1.5 0.9
v -0.6 1.5 0.6
v -0.6 1.5 0.5
v -0.6 1.5 -0.5
v -0.6 1.5 -0.6
v -0.6 1.5 -0.9
v -0.6 1.5 -1
v -0.6 1.8 1
v -0.6 1.8 0.9
v -0.6 1.8 0.6
v -0.6 1.8 0.5
v -0.6 1.8 -0.5
v -0.6 1.8 -0.6
v -0.6 1.8 -0.9
v -0.6 1.8 -1
v -0.6 2 1
v -0.6 2 0.9
v -0.6 2 0.8
v -0.6 2 0.7
v -0.6 2 -0.7
v -0.6 2 -0.8
v -0.6 2 -0.9
v -0.6 2 -1
v -0.6 3.8 0.8
v -0.6 3.8 0.7
v -0.6 3.8 -0.7
v -0.6 3.8 -0.8
v -0.6 5.5 0.4
v -0.6 5.5 0.3
v -0.6 5.5 -0.3
v -0.6 5.5 -0.4
v -0.6 5.6 0.1
v -0.6 5.6 0
v -0.6 5.7 0.2
v -0.6 5.7 0.1
v -0.6 5.7 0
v -0.6 5.9 0.2
v -0.6 5.9 0.1
v -0.6 5.9 -0.1
v -0.6 6 0.2
v -0.6 6 0.1
v -0.6 6 -0.1
v -0.6 6 -0.2
v -0.6 6.1 0.2
v -0.6 6.1 0.1
v -0.6 6.1 -0.1
v -0.6 6.1 -0.2
v -0.6 6.5 0
v -0.6 6.5 -0.1
v -0.6 6.6 0.1
v -0.6 6.6 0
v -0.6 6.6 -0.1
v -0.6 6.7 0.2
v -0.6 6.7 0.1
v -0.6 6.7 0
v -0.6 6.8 -0.1
v -0.6 6.8 -0.2
v -0.6 6.9 0.2
v -0.6 6.9 0.1
v -0.6 6.9 -0.1
v -0.6 6.9 -0.2
v -0.6 7 0.1
v -0.6 7 -0.1
v -0.6 7.3 0.4
v -0.6 7.3 0.3
v -0.6 7.3 -0.3
v -0.6 7.3 -0.4
v -0.5 1.5 0.7
v -0.5 1.5 0.6
v -0.5 1.5 -0.6
v -0.5 1.5 -0.7
v -0.5 1.8 0.7
v -0.5 1.8 0.6
v -0.5 1.8 -0.6
v -0.5 1.8 -0.7
v -0.5 3.8 0.7
v -0.5 3.8 0.6
v -0.5 3.8 -0.6
v -0.5 3.8 -0.7
v -0.5 5.5 0.7
v -0.5 5.5 0.6
v -0.5 5.5 -0.6
v -0.5 5.5 -0.7
v -0.5 7.3 0.4
v -0.5 7.3 0.3
v -0.5 7.3 -0.3
v -0.5 7.3 -0.4
v -0.5 7.4 0.4
v -0.5 7.4 0.3
v -0.5 7.4 -0.3
v -0.5 7.4 -0.4
v -0.4 1.3 1.1
v -0.4 1.3 1
v -0.4 1.3 -1
v -0.4 1.3 -1.1
v -0.4 1.5 1.1
v -0.4 1.5 1
v -0.4 1.5 -1
v -0.4 1.5 -1.1
v -0.4 1.8 1.1
v -0.4 1.8 1
v -0.4 1.8 -1
v -0.4 1.8 -1.1
v -0.4 2 1.1
v -0.4 2 1
v -0.4 2 -1
v -0.4 2 -1.1
v -0.4 5.5 0.6
v -0.4 5.5 0.5
v -0.4 5.5 -0.5
v -0.4 5.5 -0.6
v -0.4 7.3 0.6
v -0.4 7.3 0.5
v -0.4 7.3 0.4
v -0.4 7.3 -0.4
v -0.4 7.3 -0.5
v -0.4 7.3 -0.6
v -0.4 7.4 0.5
v -0.4 7.4 0.4
v -0.4 7.4 0.3
v -0.4 7.4 -0.3
v -0.4 7.4 -0.4
v -0.4 7.4 -0.5
v -0.4 7.5 0.4
v -0.4 7.5 0.3
v -0.4 7.5 -0.3
v -0.4 7.5 -0.4
v -0.3 1.5 0.8
v -0.3 1.5 0.7
v -0.3 1.5 -0.7
v -0.3 1.5 -0.8
v -0.3 1.8 0.8
v -0.3 1.8 0.7
v -0.3 1.8 -0.7
v -0.3 1.8 -0.8
v -0.3 7.5 0.3
v -0.3 7.5 0.2
v -0.3 7.5 -0.2
v -0.3 7.5 -0.3
v -0.3 7.6 0.3
v -0.3 7.6 0.2
v -0.3 7.6 -0.2
v -0.3 7.6 -0.3
v -0.2 7.6 0.2
v -0.2 7.6 0.1
v -0.2 7.6 -0.1
v -0.2 7.6 -0.2
v -0.2 7.7 0.2
v -0.2 7.7 0.1
v -0.2 7.7 -0.1
v -0.2 7.7 -0.2
v -0.1 2.2 -0.7
v -0.1 2.2 -0.8
v -0.1 2.3 -0.7
v -0.1 2.3 -0.8
v -0.1 2.4 0.8
v -0.1 2.4 0.7
v -0.1 2.5 -0.7
v -0.1 2.5 -0.8
v -0.1 2.6 0.8
v -0.1 2.6 0.7
v -0.1 2.6 -0.7
v -0.1 2.6 -0.8
v -0.1 2.9 0.8
v -0.1 2.9 0.7
v -0.1 3.1 0.8
v -0.1 3.1 0.7
v -0.1 3.3 0.8
v -0.1 3.3 0.7
v -0.1 3.4 -0.7
v -0.1 3.4 -0.8
v -0.1 3.5 0.8
v -0.1 3.5 0.7
v -0.1 3.5 -0.7
v -0.1 3.5 -0.8
v -0.1 4 -0.6
v -0.1 4 -0.7
v -0.1 4.2 -0.6
v -0.1 4.2 -0.7
v -0.1 4.6 -0.6
v -0.1 4.6 -0.7
v -0.1 4.8 -0.6
v -0.1 4.8 -0.7
v -0.1 5 -0.6
v -0.1 5 -0.7
v -0.1 5.1 -0.6
v -0.1 5.1 -0.7
v -0.1 5.2 0.7
v -0.1 5.2 0.6
v -0.1 5.3 0.7
v -0.1 5.3 0.6
v -0.1 5.7 -0.5
v -0.1 5.7 -0.6
v -0.1 5.9 -0.5
v -0.1 5.9 -0.6
v -0.1 6 0.6
v -0.1 6 0.5
v -0.1 6 -0.5
v -0.1 6 -0.6
v -0.1 6.1 0.6
v -0.1 6.1 0.5
v -0.1 6.1 -0.5
v -0.1 6.1 -0.6
v -0.1 6.7 -0.5
v -0.1 6.7 -0.6
v -0.1 6.8 0.6
v -0.1 6.8 0.5
v -0.1 6.9 0.6
v -0.1 6.9 0.5
v -0.1 6.9 -0.5
v -0.1 6.9 -0.6
v -0.1 7.7 0.1
v -0.1 7.7 -0.1
v -0.1 7.8 0.1
v -0.1 7.8 -0.1
v 0 3 -0.7
v 0 3 -0.8
v 0 3.1 0.8
v 0 3.1 0.7
v 0 3.1 -0.7
v 0 3.1 -0.8
v 0 3.2 0.8
v 0 3.2 0.7
v 0 3.3 -0.7
v 0 3.3 -0.8
v 0 3.4 -0.7
v 0 3.4 -0.8
v 0 3.9 -0.6
v 0 3.9 -0.7
v 0 4 -0.6
v 0 4 -0.7
v 0 4.1 0.7
v 0 4.1 0.6
v 0 4.2 0.7
v 0 4.2 0.6
v 0 4.2 -0.6
v 0 4.2 -0.7
v 0 4.3 0.7
v 0 4.3 0.6
v 0 4.3 -0.6
v 0 4.3 -0.7
v 0 4.4 0.7
v 0 4.4 0.6
v 0 4.7 0.7
v 0 4.7 0.6
v 0 4.8 0.7
v 0 4.8 0.6
v 0 4.9 0.7
v 0 4.9 0.6
v 0 5 0.7
v 0 5 0.6
v 0 5.6 -0.5
v 0 5.6 -0.6
v 0 5.7 -0.5
v 0 5.7 -0.6
v 0 6.5 0.6
v 0 6.5 0.5
v 0 6.6 0.6
v 0 6.6 0.5
v 0 6.6 -0.5
v 0 6.6 -0.6
v 0 6.7 -0.5
v 0 6.7 -0.6
v 0.1 2.3 0.8
v 0.1 2.3 0.7
v 0.1 2.3 -0.7
v 0.1 2.3 -0.8
v 0.1 2.4 0.8
v 0.1 2.4 0.7
v 0.1 2.4 -0.7
v 0.1 2.4 -0.8
v 0.1 2.6 -0.7
v 0.1 2.6 -0.8
v 0.1 2.7 -0.7
v 0.1 2.7 -0.8
v 0.1 3 0.8
v 0.1 3 0.7
v 0.1 3.1 0.8
v 0.1 3.1 0.7
v 0.1 3.1 -0.7
v 0.1 3.1 -0.8
v 0.1 3.2 -0.7
v 0.1 3.2 -0.8
v 0.1 3.9 0.7
v 0.1 3.9 0.6
v 0.1 4 0.7
v 0.1 4 0.6
v 0.1 4.1 -0.6
v 0.1 4.1 -0.7
v 0.1 4.2 -0.6
v 0.1 4.2 -0.7
v 0.1 4.9 -0.6
v 0.1 4.9 -0.7
v 0.1 5 -0.6
v 0.1 5 -0.7
v 0.1 5.6 0.6
v 0.1 5.6 0.5
v 0.1 5.7 0.6
v 0.1 5.7 0.5
v 0.1 5.9 0.6
v 0.1 5.9 0.5
v 0.1 5.9 -0.5
v 0.1 5.9 -0.6
v 0.1 6 0.6
v 0.1 6 0.5
v 0.1 6 -0.5
v 0.1 6 -0.6
v 0.1 6.5 -0.5
v 0.1 6.5 -0.6
v 0.1 6.6 0.6
v 0.1 6.6 0.5
v 0.1 6.6 -0.5
v 0.1 6.6 -0.6
v 0.1 6.7 0.6
v 0.1 6.7 0.5
v 0.1 6.9 0.6
v 0.1 6.9 0.5
v 0.1 6.9 -0.5
v 0.1 6.9 -0.6
v 0.1 7 0.6
v 0.1 7 0.5
v 0.1 7 -0.5
v 0.1 7 -0.6
v 0.2 2.2 0.8
v 0.2 2.2 0.7
v 0.2 2.3 0.8
v 0.2 2.3 0.7
v 0.2 2.4 -0.7
v 0.2 2.4 -0.8
v 0.2 2.5 0.8
v 0.2 2.5 0.7
v 0.2 2.6 -0.7
v 0.2 2.6 -0.8
v 0.2 2.7 0.8
v 0.2 2.7 0.7
v 0.2 2.9 -0.7
v 0.2 2.9 -0.8
v 0.2 3.1 -0.7
v 0.2 3.1 -0.8
v 0.2 3.3 0.8
v 0.2 3.3 0.7
v 0.2 3.3 -0.7
v 0.2 3.3 -0.8
v 0.2 3.5 0.8
v 0.2 3.5 0.7
v 0.2 3.5 -0.7
v 0.2 3.5 -0.8
v 0.2 4 0.7
v 0.2 4 0.6
v 0.2 4.3 0.7
v 0.2 4.3 0.6
v 0.2 4.3 -0.6
v 0.2 4.3 -0.7
v 0.2 4.4 -0.6
v 0.2 4.4 -0.7
v 0.2 4.6 0.7
v 0.2 4.6 0.6
v 0.2 4.7 -0.6
v 0.2 4.7 -0.7
v 0.2 4.8 0.7
v 0.2 4.8 0.6
v 0.2 4.8 -0.6
v 0.2 4.8 -0.7
v 0.2 5 0.7
v 0.2 5 0.6
v 0.2 5.1 -0.6
v 0.2 5.1 -0.7
v 0.2 5.2 0.7
v 0.2 5.2 0.6
v 0.2 5.3 -0.6
v 0.2 5.3 -0.7
v 0.2 5.7 0.6
v 0.2 5.7 0.5
v 0.2 5.9 0.6
v 0.2 5.9 0.5
v 0.2 6 0.6
v 0.2 6 0.5
v 0.2 6 -0.5
v 0.2 6 -0.6
v 0.2 6.1 0.6
v 0.2 6.1 0.5
v 0.2 6.1 -0.5
v 0.2 6.1 -0.6
v 0.2 6.7 0.6
v 0.2 6.7 0.5
v 0.2 6.8 -0.5
v 0.2 6.8 -0.6
v 0.2 6.9 0.6
v 0.2 6.9 0.5
v 0.2 6.9 -0.5
v 0.2 6.9 -0.6
v 0.5 5.5 0.4
v 0.5 5.5 0.3
v 0.5 5.5 -0.3
v 0.5 5.5 -0.4
v 0.5 5.6 0
v 0.5 5.6 -0.1
v 0.5 5.7 0
v 0.5 5.7 -0.1
v 0.5 5.7 -0.2
v 0.5 5.9 0.1
v 0.5 5.9 -0.1
v 0.5 5.9 -0.2
v 0.5 6 0.2
v 0.5 6 0.1
v 0.5 6 -0.1
v 0.5 6 -0.2
v 0.5 6.1 0.2
v 0.5 6.1 0.1
v 0.5 6.1 -0.1
v 0.5 6.1 -0.2
v 0.5 6.5 0.1
v 0.5 6.5 0
v 0.5 6.6 0.1
v 0.5 6.6 0
v 0.5 6.6 -0.1
v 0.5 6.7 0
v 0.5 6.7 -0.1
v 0.5 6.7 -0.2
v 0.5 6.8 0.2
v 0.5 6.8 0.1
v 0.5 6.9 0.2
v 0.5 6.9 0.1
v 0.5 6.9 -0.1
v 0.5 6.9 -0.2
v 0.5 7 0.1
v 0.5 7 -0.1
v 0.5 7.3 0.4
v 0.5 7.3 0.3
v 0.5 7.3 -0.3
v 0.5 7.3 -0.4
v 0.6 3.8 0.5
v 0.6 3.8 0.4
v 0.6 3.8 -0.4
v 0.6 3.8 -0.5
v 0.6 3.9 0
v 0.6 3.9 -0.1
v 0.6 4 0
v 0.6 4 -0.1
v 0.6 4 -0.2
v 0.6 4.1 0.1
v 0.6 4.1 0
v 0.6 4.2 0.1
v 0.6 4.2 0
v 0.6 4.2 -0.1
v 0.6 4.3 0.2
v 0.6 4.3 0
v 0.6 4.3 -0.2
v 0.6 4.4 0.2
v 0.6 4.4 0
v 0.6 4.6 -0.1
v 0.6 4.6 -0.2
v 0.6 4.7 0.2
v 0.6 4.7 0
v 0.6 4.8 0.2
v 0.6 4.8 0
v 0.6 4.8 -0.1
v 0.6 4.8 -0.2
v 0.6 4.9 0.1
v 0.6 4.9 0
v 0.6 5 0.1
v 0.6 5 0
v 0.6 5 -0.1
v 0.6 5 -0.2
v 0.6 5.1 0.2
v 0.6 5.1 -0.1
v 0.6 5.2 0.1
v 0.6 5.2 -0.2
v 0.6 5.3 0.2
v 0.6 5.3 0.1
v 0.6 5.5 0.5
v 0.6 5.5 0.4
v 0.6 5.5 0.3
v 0.6 5.5 -0.3
v 0.6 5.5 -0.4
v 0.6 5.5 -0.5
v 0.7 2 0.6
v 0.7 2 0.5
v 0.7 2 -0.5
v 0.7 2 -0.6
v 0.7 2.2 -0.1
v 0.7 2.2 -0.2
v 0.7 2.3 0.1
v 0.7 2.3 -0.1
v 0.7 2.3 -0.2
v 0.7 2.4 0.2
v 0.7 2.4 0.1
v 0.7 2.4 -0.1
v 0.7 2.5 -0.1
v 0.7 2.5 -0.2
v 0.7 2.6 0.2
v 0.7 2.6 0.1
v 0.7 2.6 -0.1
v 0.7 2.7 0.1
v 0.7 2.7 -0.2
v 0.7 2.9 0.2
v 0.7 2.9 0.1
v 0.7 3 0
v 0.7 3 -0.1
v 0.7 3.1 0.2
v 0.7 3.1 0.1
v 0.7 3.1 0
v 0.7 3.1 -0.1
v 0.7 3.2 0.1
v 0.7 3.2 0
v 0.7 3.3 0.2
v 0.7 3.3 0.1
v 0.7 3.3 0
v 0.7 3.3 -0.2
v 0.7 3.4 0
v 0.7 3.4 -0.1
v 0.7 3.5 0.2
v 0.7 3.5 0.1
v 0.7 3.5 -0.1
v 0.7 3.5 -0.2
v 0.7 3.8 0.6
v 0.7 3.8 0.5
v 0.7 3.8 0.4
v 0.7 3.8 -0.4
v 0.7 3.8 -0.5
v 0.7 3.8 -0.6
v -0.7 2 0.6
v -0.7 2 0.5
v -0.7 2 -0.5
v -0.7 2 -0.6
v -0.7 2.2 0.2
v -0.7 2.2 0.1
v -0.7 2.3 0.2
v -0.7 2.3 0.1
v -0.7 2.3 -0.1
v -0.7 2.4 0.1
v -0.7 2.4 -0.1
v -0.7 2.4 -0.2
v -0.7 2.5 0.2
v -0.7 2.5 0.1
v -0.7 2.6 0.1
v -0.7 2.6 -0.1
v -0.7 2.6 -0.2
v -0.7 2.7 0.2
v -0.7 2.7 -0.1
v -0.7 2.9 -0.1
v -0.7 2.9 -0.2
v -0.7 3 0.1
v -0.7 3 0
v -0.7 3.1 0.1
v -0.7 3.1 0
v -0.7 3.1 -0.1
v -0.7 3.1 -0.2
v -0.7 3.2 0
v -0.7 3.2 -0.1
v -0.7 3.3 0.2
v -0.7 3.3 0
v -0.7 3.3 -0.1
v -0.7 3.3 -0.2
v -0.7 3.4 0.1
v -0.7 3.4 0
v -0.7 3.5 0.2
v -0.7 3.5 0.1
v -0.7 3.5 -0.1
v -0.7 3.5 -0.2
v -0.7 3.8 0.6
v -0.7 3.8 0.5
v -0.7 3.8 0.4
v -0.7 3.8 -0.4
v -0.7 3.8 -0.5
v -0.7 3.8 -0.6
v -0.6 3.8 0.5
v -0.6 3.8 0.4
v -0.6 3.8 -0.4
v -0.6 3.8 -0.5
v -0.6 3.9 0.1
v -0.6 3.9 0
v -0.6 4 0.2
v -0.6 4 0.1
v -0.6 4 0
v -0.6 4.1 0
v -0.6 4.1 -0.1
v -0.6 4.2 0.1
v -0.6 4.2 0
v -0.6 4.2 -0.1
v -0.6 4.3 0.2
v -0.6 4.3 0
v -0.6 4.3 -0.2
v -0.6 4.4 0
v -0.6 4.4 -0.2
v -0.6 4.6 0.2
v -0.6 4.6 0.1
v -0.6 4.7 0
v -0.6 4.7 -0.2
v -0.6 4.8 0.2
v -0.6 4.8 0.1
v -0.6 4.8 0
v -0.6 4.8 -0.2
v -0.6 4.9 0
v -0.6 4.9 -0.1
v -0.6 5 0.2
v -0.6 5 0.1
v -0.6 5 0
v -0.6 5 -0.1
v -0.6 5.1 0.1
v -0.6 5.1 -0.2
v -0.6 5.2 0.2
v -0.6 5.2 -0.1
v -0.6 5.3 -0.1
v -0.6 5.3 -0.2
v -0.6 5.5 0.5
v -0.6 5.5 0.4
v -0.6 5.5 0.3
v -0.6 5.5 -0.3
v -0.6 5.5 -0.4
v -0.6 5.5 -0.5
v -0.5 5.5 0.4
v -0.5 5.5 0.3
v -0.5 5.5 -0.3
v -0.5 5.5 -0.4
v -0.5 5.6 0.1
v -0.5 5.6 0
v -0.5 5.7 0.2
v -0.5 5.7 0.1
v -0.5 5.7 0
v -0.5 5.9 0.2
v -0.5 5.9 0.1
v -0.5 5.9 -0.1
v -0.5 6 0.2
v -0.5 6 0.1
v -0.5 6 -0.1
v -0.5 6 -0.2
v -0.5 6.1 0.2
v -0.5 6.1 0.1
v -0.5 6.1 -0.1
v -0.5 6.1 -0.2
v -0.5 6.5 0
v -0.5 6.5 -0.1
v -0.5 6.6 0.1
v -0.5 6.6 0
v -0.5 6.6 -0.1
v -0.5 6.7 0.2
v -0.5 6.7 0.1
v -0.5 6.7 0
v -0.5 6.8 -0.1
v -0.5 6.8 -0.2
v -0.5 6.9 0.2
v -0.5 6.9 0.1
v -0.5 6.9 -0.1
v -0.5 6.9 -0.2
v -0.5 7 0.1
v -0.5 7 -0.1
v -0.5 7.3 0.4
v -0.5 7.3 0.3
v -0.5 7.3 -0.3
v -0.5 7.3 -0.4
v -0.2 2.2 -0.7
v -0.2 2.2 -0.8
v -0.2 2.3 -0.7
v -0.2 2.3 -0.8
v -0.2 2.4 0.8
v -0.2 2.4 0.7
v -0.2 2.5 -0.7
v -0.2 2.5 -0.8
v -0.2 2.6 0.8
v -0.2 2.6 0.7
v -0.2 2.7 -0.7
v -0.2 2.7 -0.8
v -0.2 2.9 0.8
v -0.2 2.9 0.7
v -0.2 3.1 0.8
v -0.2 3.1 0.7
v -0.2 3.3 0.8
v -0.2 3.3 0.7
v -0.2 3.3 -0.7
v -0.2 3.3 -0.8
v -0.2 3.5 0.8
v -0.2 3.5 0.7
v -0.2 3.5 -0.7
v -0.2 3.5 -0.8
v -0.2 4 -0.6
v -0.2 4 -0.7
v -0.2 4.3 0.7
v -0.2 4.3 0.6
v -0.2 4.3 -0.6
v -0.2 4.3 -0.7
v -0.2 4.4 0.7
v -0.2 4.4 0.6
v -0.2 4.6 -0.6
v -0.2 4.6 -0.7
v -0.2 4.7 0.7
v -0.2 4.7 0.6
v -0.2 4.8 0.7
v -0.2 4.8 0.6
v -0.2 4.8 -0.6
v -0.2 4.8 -0.7
v -0.2 5 -0.6
v -0.2 5 -0.7
v -0.2 5.1 0.7
v -0.2 5.1 0.6
v -0.2 5.2 -0.6
v -0.2 5.2 -0.7
v -0.2 5.3 0.7
v -0.2 5.3 0.6
v -0.2 5.7 -0.5
v -0.2 5.7 -0.6
v -0.2 5.9 -0.5
v -0.2 5.9 -0.6
v -0.2 6 0.6
v -0.2 6 0.5
v -0.2 6 -0.5
v -0.2 6 -0.6
v -0.2 6.1 0.6
v -0.2 6.1 0.5
v -0.2 6.1 -0.5
v -0.2 6.1 -0.6
v -0.2 6.7 -0.5
v -0.2 6.7 -0.6
v -0.2 6.8 0.6
v -0.2 6.8 0.5
v -0.2 6.9 0.6
v -0.2 6.9 0.5
v -0.2 6.9 -0.5
v -0.2 6.9 -0.6
v -0.1 2.3 0.8
v -0.1 2.3 0.7
v -0.1 2.3 -0.7
v -0.1 2.3 -0.8
v -0.1 2.4 0.8
v -0.1 2.4 0.7
v -0.1 2.4 -0.7
v -0.1 2.4 -0.8
v -0.1 2.6 0.8
v -0.1 2.6 0.7
v -0.1 2.7 0.8
v -0.1 2.7 0.7
v -0.1 3 -0.7
v -0.1 3 -0.8
v -0.1 3.1 0.8
v -0.1 3.1 0.7
v -0.1 3.1 -0.7
v -0.1 3.1 -0.8
v -0.1 3.2 0.8
v -0.1 3.2 0.7
v -0.1 3.9 -0.6
v -0.1 3.9 -0.7
v -0.1 4 -0.6
v -0.1 4 -0.7
v -0.1 4.1 0.7
v -0.1 4.1 0.6
v -0.1 4.2 0.7
v -0.1 4.2 0.6
v -0.1 4.9 0.7
v -0.1 4.9 0.6
v -0.1 5 0.7
v -0.1 5 0.6
v -0.1 5.6 -0.5
v -0.1 5.6 -0.6
v -0.1 5.7 -0.5
v -0.1 5.7 -0.6
v -0.1 5.9 0.6
v -0.1 5.9 0.5
v -0.1 5.9 -0.5
v -0.1 5.9 -0.6
v -0.1 6 0.6
v -0.1 6 0.5
v -0.1 6 -0.5
v -0.1 6 -0.6
v -0.1 6.5 0.6
v -0.1 6.5 0.5
v -0.1 6.6 0.6
v -0.1 6.6 0.5
v -0.1 6.6 -0.5
v -0.1 6.6 -0.6
v -0.1 6.7 -0.5
v -0.1 6.7 -0.6
v -0.1 6.9 0.6
v -0.1 6.9 0.5
v -0.1 6.9 -0.5
v -0.1 6.9 -0.6
v -0.1 7 0.6
v -0.1 7 0.5
v -0.1 7 -0.5
v -0.1 7 -0.6
v 0 3 0.8
v 0 3 0.7
v 0 3.1 0.8
v 0 3.1 0.7
v 0 3.1 -0.7
v 0 3.1 -0.8
v 0 3.2 -0.7
v 0 3.2 -0.8
v 0 3.3 0.8
v 0 3.3 0.7
v 0 3.4 0.8
v 0 3.4 0.7
v 0 3.9 0.7
v 0 3.9 0.6
v 0 4 0.7
v 0 4 0.6
v 0 4.1 -0.6
v 0 4.1 -0.7
v 0 4.2 0.7
v 0 4.2 0.6
v 0 4.2 -0.6
v 0 4.2 -0.7
v 0 4.3 0.7
v 0 4.3 0.6
v 0 4.3 -0.6
v 0 4.3 -0.7
v 0 4.4 -0.6
v 0 4.4 -0.7
v 0 4.7 -0.6
v 0 4.7 -0.7
v 0 4.8 -0.6
v 0 4.8 -0.7
v 0 4.9 -0.6
v 0 4.9 -0.7
v 0 5 -0.6
v 0 5 -0.7
v 0 5.6 0.6
v 0 5.6 0.5
v 0 5.7 0.6
v 0 5.7 0.5
v 0 6.5 -0.5
v 0 6.5 -0.6
v 0 6.6 0.6
v 0 6.6 0.5
v 0 6.6 -0.5
v 0 6.6 -0.6
v 0 6.7 0.6
v 0 6.7 0.5
v 0.1 2.2 0.8
v 0.1 2.2 0.7
v 0.1 2.3 0.8
v 0.1 2.3 0.7
v 0.1 2.4 -0.7
v 0.1 2.4 -0.8
v 0.1 2.5 0.8
v 0.1 2.5 0.7
v 0.1 2.6 0.8
v 0.1 2.6 0.7
v 0.1 2.6 -0.7
v 0.1 2.6 -0.8
v 0.1 2.9 -0.7
v 0.1 2.9 -0.8
v 0.1 3.1 -0.7
v 0.1 3.1 -0.8
v 0.1 3.3 -0.7
v 0.1 3.3 -0.8
v 0.1 3.4 0.8
v 0.1 3.4 0.7
v 0.1 3.5 0.8
v 0.1 3.5 0.7
v 0.1 3.5 -0.7
v 0.1 3.5 -0.8
v 0.1 4 0.7
v 0.1 4 0.6
v 0.1 4.2 0.7
v 0.1 4.2 0.6
v 0.1 4.6 0.7
v 0.1 4.6 0.6
v 0.1 4.8 0.7
v 0.1 4.8 0.6
v 0.1 5 0.7
v 0.1 5 0.6
v 0.1 5.1 0.7
v 0.1 5.1 0.6
v 0.1 5.2 -0.6
v 0.1 5.2 -0.7
v 0.1 5.3 -0.6
v 0.1 5.3 -0.7
v 0.1 5.7 0.6
v 0.1 5.7 0.5
v 0.1 5.9 0.6
v 0.1 5.9 0.5
v 0.1 6 0.6
v 0.1 6 0.5
v 0.1 6 -0.5
v 0.1 6 -0.6
v 0.1 6.1 0.6
v 0.1 6.1 0.5
v 0.1 6.1 -0.5
v 0.1 6.1 -0.6
v 0.1 6.7 0.6
v 0.1 6.7 0.5
v 0.1 6.8 -0.5
v 0.1 6.8 -0.6
v 0.1 6.9 0.6
v 0.1 6.9 0.5
v 0.1 6.9 -0.5
v 0.1 6.9 -0.6
v 0.1 7.7 0.1
v 0.1 7.7 -0.1
v 0.1 7.8 0.1
v 0.1 7.8 -0.1
v 0.2 7.6 0.2
v 0.2 7.6 0.1
v 0.2 7.6 -0.1
v 0.2 7.6 -0.2
v 0.2 7.7 0.2
v 0.2 7.7 0.1
v 0.2 7.7 -0.1
v 0.2 7.7 -0.2
v 0.3 1.5 0.8
v 0.3 1.5 0.7
v 0.3 1.5 -0.7
v 0.3 1.5 -0.8
v 0.3 1.8 0.8
v 0.3 1.8 0.7
v 0.3 1.8 -0.7
v 0.3 1.8 -0.8
v 0.3 7.5 0.3
v 0.3 7.5 0.2
v 0.3 7.5 -0.2
v 0.3 7.5 -0.3
v 0.3 7.6 0.3
v 0.3 7.6 0.2
v 0.3 7.6 -0.2
v 0.3 7.6 -0.3
v 0.4 1.3 1.1
v 0.4 1.3 1
v 0.4 1.3 -1
v 0.4 1.3 -1.1
v 0.4 1.5 1.1
v 0.4 1.5 1
v 0.4 1.5 -1
v 0.4 1.5 -1.1
v 0.4 1.8 1.1
v 0.4 1.8 1
v 0.4 1.8 -1
v 0.4 1.8 -1.1
v 0.4 2 1.1
v 0.4 2 1
v 0.4 2 -1
v 0.4 2 -1.1
v 0.4 5.5 0.6
v 0.4 5.5 0.5
v 0.4 5.5 -0.5
v 0.4 5.5 -0.6
v 0.4 7.3 0.6
v 0.4 7.3 0.5
v 0.4 7.3 0.4
v 0.4 7.3 -0.4
v 0.4 7.3 -0.5
v 0.4 7.3 -0.6
v 0.4 7.4 0.5
v 0.4 7.4 0.4
v 0.4 7.4 0.3
v 0.4 7.4 -0.3
v 0.4 7.4 -0.4
v 0.4 7.4 -0.5
v 0.4 7.5 0.4
v 0.4 7.5 0.3
v 0.4 7.5 -0.3
v 0.4 7.5 -0.4
v 0.5 1.5 0.7
v 0.5 1.5 0.6
v 0.5 1.5 -0.6
v 0.5 1.5 -0.7
v 0.5 1.8 0.7
v 0.5 1.8 0.6
v 0.5 1.8 -0.6
v 0.5 1.8 -0.7
v 0.5 3.8 0.7
v 0.5 3.8 0.6
v 0.5 3.8 -0.6
v 0.5 3.8 -0.7
v 0.5 5.5 0.7
v 0.5 5.5 0.6
v 0.5 5.5 -0.6
v 0.5 5.5 -0.7
v 0.5 7.3 0.4
v 0.5 7.3 0.3
v 0.5 7.3 -0.3
v 0.5 7.3 -0.4
v 0.5 7.4 0.4
v 0.5 7.4 0.3
v 0.5 7.4 -0.3
v 0.5 7.4 -0.4
v 0.6 1.3 1
v 0.6 1.3 0.9
v 0.6 1.3 -0.9
v 0.6 1.3 -1
v 0.6 1.5 1
v 0.6 1.5 0.9
v 0.6 1.5 0.6
v 0.6 1.5 0.5
v 0.6 1.5 -0.5
v 0.6 1.5 -0.6
v 0.6 1.5 -0.9
v 0.6 1.5 -1
v 0.6 1.8 1
v 0.6 1.8 0.9
v 0.6 1.8 0.6
v 0.6 1.8 0.5
v 0.6 1.8 -0.5
v 0.6 1.8 -0.6
v 0.6 1.8 -0.9
v 0.6 1.8 -1
v 0.6 2 1
v 0.6 2 0.9
v 0.6 2 0.8
v 0.6 2 0.7
v 0.6 2 -0.7
v 0.6 2 -0.8
v 0.6 2 -0.9
v 0.6 2 -1
v 0.6 3.8 0.8
v 0.6 3.8 0.7
v 0.6 3.8 -0.7
v 0.6 3.8 -0.8
v 0.6 5.5 0.4
v 0.6 5.5 0.3
v 0.6 5.5 -0.3
v 0.6 5.5 -0.4
v 0.6 5.6 0
v 0.6 5.6 -0.1
v 0.6 5.7 0
v 0.6 5.7 -0.1
v 0.6 5.7 -0.2
v 0.6 5.9 0.1
v 0.6 5.9 -0.1
v 0.6 5.9 -0.2
v 0.6 6 0.2
v 0.6 6 0.1
v 0.6 6 -0.1
v 0.6 6 -0.2
v 0.6 6.1 0.2
v 0.6 6.1 0.1
v 0.6 6.1 -0.1
v 0.6 6.1 -0.2
v 0.6 6.5 0.1
v 0.6 6.5 0
v 0.6 6.6 0.1
v 0.6 6.6 0
v 0.6 6.6 -0.1
v 0.6 6.7 0
v 0.6 6.7 -0.1
v 0.6 6.7 -0.2
v 0.6 6.8 0.2
v 0.6 6.8 0.1
v 0.6 6.9 0.2
v 0.6 6.9 0.1
v 0.6 6.9 -0.1
v 0.6 6.9 -0.2
v 0.6 7 0.1
v 0.6 7 -0.1
v 0.6 7.3 0.4
v 0.6 7.3 0.3
v 0.6 7.3 -0.3
v 0.6 7.3 -0.4
v 0.7 1.3 0.9
v 0.7 1.3 0.8
v 0.7 1.3 -0.8
v 0.7 1.3 -0.9
v 0.7 1.5 0.9
v 0.7 1.5 0.8
v 0.7 1.5 0.5
v 0.7 1.5 0.3
v 0.7 1.5 -0.3
v 0.7 1.5 -0.5
v 0.7 1.5 -0.8
v 0.7 1.5 -0.9
v 0.7 1.8 0.9
v 0.7 1.8 0.8
v 0.7 1.8 0.5
v 0.7 1.8 0.3
v 0.7 1.8 -0.3
v 0.7 1.8 -0.5
v 0.7 1.8 -0.8
v 0.7 1.8 -0.9
v 0.7 2 0.9
v 0.7 2 0.8
v 0.7 2 -0.8
v 0.7 2 -0.9
v 0.7 3.8 0.5
v 0.7 3.8 0.4
v 0.7 3.8 -0.4
v 0.7 3.8 -0.5
v 0.7 3.9 0
v 0.7 3.9 -0.1
v 0.7 4 0
v 0.7 4 -0.1
v 0.7 4 -0.2
v 0.7 4.1 0.1
v 0.7 4.1 0
v 0.7 4.2 0.1
v 0.7 4.2 0
v 0.7 4.2 -0.1
v 0.7 4.3 0.2
v 0.7 4.3 0
v 0.7 4.3 -0.2
v 0.7 4.4 0.2
v 0.7 4.4 0
v 0.7 4.6 -0.1
v 0.7 4.6 -0.2
v 0.7 4.7 0.2
v 0.7 4.7 0
v 0.7 4.8 0.2
v 0.7 4.8 0
v 0.7 4.8 -0.1
v 0.7 4.8 -0.2
v 0.7 4.9 0.1
v 0.7 4.9 0
v 0.7 5 0.1
v 0.7 5 0
v 0.7 5 -0.1
v 0.7 5 -0.2
v 0.7 5.1 0.2
v 0.7 5.1 -0.1
v 0.7 5.2 0.1
v 0.7 5.2 -0.2
v 0.7 5.3 0.2
v 0.7 5.3 0.1
v 0.7 5.5 0.5
v 0.7 5.5 0.4
v 0.7 5.5 -0.4
v 0.7 5.5 -0.5
v 0.8 1.3 0.8
v 0.8 1.3 0.7
v 0.8 1.3 -0.7
v 0.8 1.3 -0.8
v 0.8 1.5 0.8
v 0.8 1.5 0.7
v 0.8 1.5 0.3
v 0.8 1.5 -0.3
v 0.8 1.5 -0.7
v 0.8 1.5 -0.8
v 0.8 1.8 0.8
v 0.8 1.8 0.7
v 0.8 1.8 0.3
v 0.8 1.8 -0.3
v 0.8 1.8 -0.7
v 0.8 1.8 -0.8
v 0.8 2 0.8
v 0.8 2 0.7
v 0.8 2 0.6
v 0.8 2 0.5
v 0.8 2 -0.5
v 0.8 2 -0.6
v 0.8 2 -0.7
v 0.8 2 -0.8
v 0.8 2.2 -0.1
v 0.8 2.2 -0.2
v 0.8 2.3 0.1
v 0.8 2.3 -0.1
v 0.8 2.3 -0.2
v 0.8 2.4 0.2
v 0.8 2.4 0.1
v 0.8 2.4 -0.1
v 0.8 2.5 -0.1
v 0.8 2.5 -0.2
v 0.8 2.6 0.2
v 0.8 2.6 0.1
v 0.8 2.6 -0.1
v 0.8 2.7 0.1
v 0.8 2.7 -0.2
v 0.8 2.9 0.2
v 0.8 2.9 0.1
v 0.8 3 0
v 0.8 3 -0.1
v 0.8 3.1 0.2
v 0.8 3.1 0.1
v 0.8 3.1 0
v 0.8 3.1 -0.1
v 0.8 3.2 0.1
v 0.8 3.2 0
v 0.8 3.3 0.2
v 0.8 3.3 0.1
v 0.8 3.3 0
v 0.8 3.3 -0.2
v 0.8 3.4 0
v 0.8 3.4 -0.1
v 0.8 3.5 0.2
v 0.8 3.5 0.1
v 0.8 3.5 -0.1
v 0.8 3.5 -0.2
v 0.8 3.8 0.6
v 0.8 3.8 0.5
v 0.8 3.8 -0.5
v 0.8 3.8 -0.6
v 0.9 1.3 0.7
v 0.9 1.3 0.6
v 0.9 1.3 -0.6
v 0.9 1.3 -0.7
v 0.9 1.5 0.7
v 0.9 1.5 0.6
v 0.9 1.5 -0.6
v 0.9 1.5 -0.7
v 0.9 1.8 0.7
v 0.9 1.8 0.6
v 0.9 1.8 -0.6
v 0.9 1.8 -0.7
v 0.9 2 0.7
v 0.9 2 0.6
v 0.9 2 -0.6
v 0.9 2 -0.7
v 1 1.3 0.6
v 1 1.3 0.4
v 1 1.3 -0.4
v 1 1.3 -0.6
v 1 1.5 0.6
v 1 1.5 0.4
v 1 1.5 -0.4
v 1 1.5 -0.6
v 1 1.8 0.6
v 1 1.8 0.4
v 1 1.8 -0.4
v 1 1.8 -0.6
v 1 2 0.6
v 1 2 0.4
v 1 2 -0.4
v 1 2 -0.6
v 1.1 1.3 0.4
v 1.1 1.3 -0.4
v 1.1 1.5 0.4
v 1.1 1.5 -0.4
v 1.1 1.8 0.4
v 1.1 1.8 -0.4
v 1.1 2 0.4
v 1.1 2 -0.4
v -0.4 1.3 1.1
v -0.4 1.5 1.1
v -0.4 1.8 1.1
v -0.4 2 1.1
v 0.4 1.3 1.1
v 0.4 1.5 1.1
v 0.4 1.8 1.1
v 0.4 2 1.1
v -0.6 1.3 1
v -0.6 1.5 1
v -0.6 1.8 1
v -0.6 2 1
v -0.4 1.3 1
v -0.4 1.5 1
v -0.4 1.8 1
v -0.4 2 1
v 0.4 1.3 1
v 0.4 1.5 1
v 0.4 1.8 1
v 0.4 2 1
v 0.6 1.3 1
v 0.6 1.5 1
v 0.6 1.8 1
v 0.6 2 1
v -0.7 1.3 0.9
v -0.7 1.5 0.9
v -0.7 1.8 0.9
v -0.7 2 0.9
v -0.6 1.3 0.9
v -0.6 1.5 0.9
v -0.6 1.8 0.9
v -0.6 2 0.9
v 0.6 1.3 0.9
v 0.6 1.5 0.9
v 0.6 1.8 0.9
v 0.6 2 0.9
v 0.7 1.3 0.9
v 0.7 1.5 0.9
v 0.7 1.8 0.9
v 0.7 2 0.9
v -0.8 1.3 0.8
v -0.8 1.5 0.8
v -0.8 1.8 0.8
v -0.8 2 0.8
v -0.7 1.3 0.8
v -0.7 1.5 0.8
v -0.7 1.8 0.8
v -0.7 2 0.8
v -0.6 2 0.8
v -0.6 3.8 0.8
v -0.5 2 0.8
v -0.5 3.8 0.8
v -0.3 1.5 0.8
v -0.3 1.8 0.8
v -0.2 2.4 0.8
v -0.2 2.6 0.8
v -0.2 2.9 0.8
v -0.2 3.1 0.8
v -0.2 3.3 0.8
v -0.2 3.5 0.8
v -0.1 2.3 0.8
v -0.1 2.4 0.8
v -0.1 2.6 0.8
v -0.1 2.7 0.8
v -0.1 2.9 0.8
v -0.1 3.1 0.8
v -0.1 3.2 0.8
v -0.1 3.3 0.8
v -0.1 3.5 0.8
v 0 3 0.8
v 0 3.1 0.8
v 0 3.2 0.8
v 0 3.3 0.8
v 0 3.4 0.8
v 0.1 2.2 0.8
v 0.1 2.3 0.8
v 0.1 2.4 0.8
v 0.1 2.5 0.8
v 0.1 2.6 0.8
v 0.1 3 0.8
v 0.1 3.1 0.8
v 0.1 3.4 0.8
v 0.1 3.5 0.8
v 0.2 2.2 0.8
v 0.2 2.3 0.8
v 0.2 2.5 0.8
v 0.2 2.7 0.8
v 0.2 3.3 0.8
v 0.2 3.5 0.8
v 0.3 1.5 0.8
v 0.3 1.8 0.8
v 0.5 2 0.8
v 0.5 3.8 0.8
v 0.6 2 0.8
v 0.6 3.8 0.8
v 0.7 1.3 0.8
v 0.7 1.5 0.8
v 0.7 1.8 0.8
v 0.7 2 0.8
v 0.8 1.3 0.8
v 0.8 1.5 0.8
v 0.8 1.8 0.8
v 0.8 2 0.8
v -0.9 1.3 0.7
v -0.9 1.5 0.7
v -0.9 1.8 0.7
v -0.9 2 0.7
v -0.8 1.3 0.7
v -0.8 1.5 0.7
v -0.8 1.8 0.7
v -0.8 2 0.7
v -0.5 1.5 0.7
v -0.5 1.8 0.7
v -0.5 3.8 0.7
v -0.5 5.5 0.7
v -0.4 3.8 0.7
v -0.4 5.5 0.7
v -0.3 1.5 0.7
v -0.3 1.8 0.7
v -0.2 4.3 0.7
v -0.2 4.4 0.7
v -0.2 4.7 0.7
v -0.2 4.8 0.7
v -0.2 5.1 0.7
v -0.2 5.3 0.7
v -0.1 4.1 0.7
v -0.1 4.2 0.7
v -0.1 4.9 0.7
v -0.1 5 0.7
v -0.1 5.2 0.7
v -0.1 5.3 0.7
v 0 3.9 0.7
v 0 4 0.7
v 0 4.1 0.7
v 0 4.2 0.7
v 0 4.3 0.7
v 0 4.4 0.7
v 0 4.7 0.7
v 0 4.8 0.7
v 0 4.9 0.7
v 0 5 0.7
v 0.1 3.9 0.7
v 0.1 4 0.7
v 0.1 4.2 0.7
v 0.1 4.6 0.7
v 0.1 4.8 0.7
v 0.1 5 0.7
v 0.1 5.1 0.7
v 0.2 4 0.7
v 0.2 4.3 0.7
v 0.2 4.6 0.7
v 0.2 4.8 0.7
v 0.2 5 0.7
v 0.2 5.2 0.7
v 0.3 1.5 0.7
v 0.3 1.8 0.7
v 0.4 3.8 0.7
v 0.4 5.5 0.7
v 0.5 1.5 0.7
v 0.5 1.8 0.7
v 0.5 3.8 0.7
v 0.5 5.5 0.7
v 0.8 1.3 0.7
v 0.8 1.5 0.7
v 0.8 1.8 0.7
v 0.8 2 0.7
v 0.9 1.3 0.7
v 0.9 1.5 0.7
v 0.9 1.8 0.7
v 0.9 2 0.7
v -1 1.3 0.6
v -1 1.5 0.6
v -1 1.8 0.6
v -1 2 0.6
v -0.9 1.3 0.6
v -0.9 1.5 0.6
v -0.9 1.8 0.6
v -0.9 2 0.6
v -0.8 2 0.6
v -0.8 3.8 0.6
v -0.7 2 0.6
v -0.7 3.8 0.6
v -0.6 1.5 0.6
v -0.6 1.8 0.6
v -0.5 1.5 0.6
v -0.5 1.8 0.6
v -0.4 5.5 0.6
v -0.4 7.3 0.6
v -0.3 5.5 0.6
v -0.3 7.3 0.6
v -0.2 6 0.6
v -0.2 6.1 0.6
v -0.2 6.8 0.6
v -0.2 6.9 0.6
v -0.1 5.9 0.6
v -0.1 6 0.6
v -0.1 6.1 0.6
v -0.1 6.5 0.6
v -0.1 6.6 0.6
v -0.1 6.8 0.6
v -0.1 6.9 0.6
v -0.1 7 0.6
v 0 5.6 0.6
v 0 5.7 0.6
v 0 6.5 0.6
v 0 6.6 0.6
v 0 6.7 0.6
v 0.1 5.6 0.6
v 0.1 5.7 0.6
v 0.1 5.9 0.6
v 0.1 6 0.6
v 0.1 6.1 0.6
v 0.1 6.6 0.6
v 0.1 6.7 0.6
v 0.1 6.9 0.6
v 0.1 7 0.6
v 0.2 5.7 0.6
v 0.2 5.9 0.6
v 0.2 6 0.6
v 0.2 6.1 0.6
v 0.2 6.7 0.6
v 0.2 6.9 0.6
v 0.3 5.5 0.6
v 0.3 7.3 0.6
v 0.4 5.5 0.6
v 0.4 7.3 0.6
v 0.5 1.5 0.6
v 0.5 1.8 0.6
v 0.6 1.5 0.6
v 0.6 1.8 0.6
v 0.7 2 0.6
v 0.7 3.8 0.6
v 0.8 2 0.6
v 0.8 3.8 0.6
v 0.9 1.3 0.6
v 0.9 1.5 0.6
v 0.9 1.8 0.6
v 0.9 2 0.6
v 1 1.3 0.6
v 1 1.5 0.6
v 1 1.8 0.6
v 1 2 0.6
v -0.7 1.5 0.5
v -0.7 1.8 0.5
v -0.7 3.8 0.5
v -0.7 5.5 0.5
v -0.6 1.5 0.5
v -0.6 1.8 0.5
v -0.6 3.8 0.5
v -0.6 5.5 0.5
v -0.4 7.3 0.5
v -0.4 7.4 0.5
v -0.3 7.3 0.5
v -0.3 7.4 0.5
v 0.3 7.3 0.5
v 0.3 7.4 0.5
v 0.4 7.3 0.5
v 0.4 7.4 0.5
v 0.6 1.5 0.5
v 0.6 1.8 0.5
v 0.6 3.8 0.5
v 0.6 5.5 0.5
v 0.7 1.5 0.5
v 0.7 1.8 0.5
v 0.7 3.8 0.5
v 0.7 5.5 0.5
v -1.1 1.3 0.4
v -1.1 1.5 0.4
v -1.1 1.8 0.4
v -1.1 2 0.4
v -1 1.3 0.4
v -1 1.5 0.4
v -1 1.8 0.4
v -1 2 0.4
v -0.6 5.5 0.4
v -0.6 7.3 0.4
v -0.5 5.5 0.4
v -0.5 7.3 0.4
v -0.5 7.4 0.4
v -0.4 7.3 0.4
v -0.4 7.4 0.4
v -0.4 7.5 0.4
v -0.3 7.4 0.4
v -0.3 7.5 0.4
v 0.3 7.4 0.4
v 0.3 7.5 0.4
v 0.4 7.3 0.4
v 0.4 7.4 0.4
v 0.4 7.5 0.4
v 0.5 5.5 0.4
v 0.5 7.3 0.4
v 0.5 7.4 0.4
v 0.6 5.5 0.4
v 0.6 7.3 0.4
v 1 1.3 0.4
v 1 1.5 0.4
v 1 1.8 0.4
v 1 2 0.4
v 1.1 1.3 0.4
v 1.1 1.5 0.4
v 1.1 1.8 0.4
v 1.1 2 0.4
v -0.8 1.5 0.3
v -0.8 1.8 0.3
v -0.7 1.5 0.3
v -0.7 1.8 0.3
v -0.3 7.5 0.3
v -0.3 7.6 0.3
v -0.2 7.5 0.3
v -0.2 7.6 0.3
v 0.2 7.5 0.3
v 0.2 7.6 0.3
v 0.3 7.5 0.3
v 0.3 7.6 0.3
v 0.7 1.5 0.3
v 0.7 1.8 0.3
v 0.8 1.5 0.3
v 0.8 1.8 0.3
v -0.2 7.6 0.2
v -0.2 7.7 0.2
v -0.1 7.6 0.2
v -0.1 7.7 0.2
v 0.1 7.6 0.2
v 0.1 7.7 0.2
v 0.2 7.6 0.2
v 0.2 7.7 0.2
v -0.8 2.2 0.1
v -0.8 2.3 0.1
v -0.8 2.5 0.1
v -0.8 2.6 0.1
v -0.8 3.4 0.1
v -0.8 3.5 0.1
v -0.7 2.2 0.1
v -0.7 2.3 0.1
v -0.7 2.5 0.1
v -0.7 2.6 0.1
v -0.7 3.4 0.1
v -0.7 3.5 0.1
v -0.7 4 0.1
v -0.7 4.2 0.1
v -0.7 4.6 0.1
v -0.7 4.8 0.1
v -0.7 5 0.1
v -0.7 5.1 0.1
v -0.6 4 0.1
v -0.6 4.2 0.1
v -0.6 4.6 0.1
v -0.6 4.8 0.1
v -0.6 5 0.1
v -0.6 5.1 0.1
v -0.6 5.7 0.1
v -0.6 5.9 0.1
v -0.6 6 0.1
v -0.6 6.1 0.1
v -0.6 6.7 0.1
v -0.6 6.9 0.1
v -0.5 5.7 0.1
v -0.5 5.9 0.1
v -0.5 6 0.1
v -0.5 6.1 0.1
v -0.5 6.7 0.1
v -0.5 6.9 0.1
v -0.1 7.7 0.1
v -0.1 7.8 0.1
v 0.1 7.7 0.1
v 0.1 7.8 0.1
v 0.5 6 0.1
v 0.5 6.1 0.1
v 0.5 6.8 0.1
v 0.5 6.9 0.1
v 0.6 5.2 0.1
v 0.6 5.3 0.1
v 0.6 6 0.1
v 0.6 6.1 0.1
v 0.6 6.8 0.1
v 0.6 6.9 0.1
v 0.7 2.4 0.1
v 0.7 2.6 0.1
v 0.7 2.9 0.1
v 0.7 3.1 0.1
v 0.7 3.3 0.1
v 0.7 3.5 0.1
v 0.7 5.2 0.1
v 0.7 5.3 0.1
v 0.8 2.4 0.1
v 0.8 2.6 0.1
v 0.8 2.9 0.1
v 0.8 3.1 0.1
v 0.8 3.3 0.1
v 0.8 3.5 0.1
v -0.8 3 0
v -0.8 3.1 0
v -0.8 3.3 0
v -0.8 3.4 0
v -0.7 3 0
v -0.7 3.1 0
v -0.7 3.3 0
v -0.7 3.4 0
v -0.7 3.9 0
v -0.7 4 0
v -0.7 4.2 0
v -0.7 4.3 0
v -0.6 3.9 0
v -0.6 4 0
v -0.6 4.2 0
v -0.6 4.3 0
v -0.6 5.6 0
v -0.6 5.7 0
v -0.6 6.6 0
v -0.6 6.7 0
v -0.5 5.6 0
v -0.5 5.7 0
v -0.5 6.6 0
v -0.5 6.7 0
v 0.5 6.5 0
v 0.5 6.6 0
v 0.6 4.1 0
v 0.6 4.2 0
v 0.6 4.3 0
v 0.6 4.4 0
v 0.6 4.7 0
v 0.6 4.8 0
v 0.6 4.9 0
v 0.6 5 0
v 0.6 6.5 0
v 0.6 6.6 0
v 0.7 3.1 0
v 0.7 3.2 0
v 0.7 4.1 0
v 0.7 4.2 0
v 0.7 4.3 0
v 0.7 4.4 0
v 0.7 4.7 0
v 0.7 4.8 0
v 0.7 4.9 0
v 0.7 5 0
v 0.8 3.1 0
v 0.8 3.2 0
v -0.8 2.3 -0.1
v -0.8 2.4 -0.1
v -0.8 2.6 -0.1
v -0.8 2.7 -0.1
v -0.8 3.1 -0.1
v -0.8 3.2 -0.1
v -0.7 2.3 -0.1
v -0.7 2.4 -0.1
v -0.7 2.6 -0.1
v -0.7 2.7 -0.1
v -0.7 3.1 -0.1
v -0.7 3.2 -0.1
v -0.7 4.1 -0.1
v -0.7 4.2 -0.1
v -0.7 4.9 -0.1
v -0.7 5 -0.1
v -0.6 4.1 -0.1
v -0.6 4.2 -0.1
v -0.6 4.9 -0.1
v -0.6 5 -0.1
v -0.6 5.9 -0.1
v -0.6 6 -0.1
v -0.6 6.5 -0.1
v -0.6 6.6 -0.1
v -0.6 6.9 -0.1
v -0.6 7 -0.1
v -0.5 5.9 -0.1
v -0.5 6 -0.1
v -0.5 6.5 -0.1
v -0.5 6.6 -0.1
v -0.5 6.9 -0.1
v -0.5 7 -0.1
v 0.5 5.6 -0.1
v 0.5 5.7 -0.1
v 0.5 5.9 -0.1
v 0.5 6 -0.1
v 0.5 6.6 -0.1
v 0.5 6.7 -0.1
v 0.5 6.9 -0.1
v 0.5 7 -0.1
v 0.6 3.9 -0.1
v 0.6 4 -0.1
v 0.6 5.6 -0.1
v 0.6 5.7 -0.1
v 0.6 5.9 -0.1
v 0.6 6 -0.1
v 0.6 6.6 -0.1
v 0.6 6.7 -0.1
v 0.6 6.9 -0.1
v 0.6 7 -0.1
v 0.7 2.3 -0.1
v 0.7 2.4 -0.1
v 0.7 3 -0.1
v 0.7 3.1 -0.1
v 0.7 3.9 -0.1
v 0.7 4 -0.1
v 0.8 2.3 -0.1
v 0.8 2.4 -0.1
v 0.8 3 -0.1
v 0.8 3.1 -0.1
v -0.8 2.4 -0.2
v -0.8 2.6 -0.2
v -0.8 2.9 -0.2
v -0.8 3.1 -0.2
v -0.8 3.3 -0.2
v -0.8 3.5 -0.2
v -0.7 2.4 -0.2
v -0.7 2.6 -0.2
v -0.7 2.9 -0.2
v -0.7 3.1 -0.2
v -0.7 3.3 -0.2
v -0.7 3.5 -0.2
v -0.7 4.3 -0.2
v -0.7 4.4 -0.2
v -0.7 4.7 -0.2
v -0.7 4.8 -0.2
v -0.7 5.1 -0.2
v -0.7 5.3 -0.2
v -0.6 4.3 -0.2
v -0.6 4.4 -0.2
v -0.6 4.7 -0.2
v -0.6 4.8 -0.2
v -0.6 5.1 -0.2
v -0.6 5.3 -0.2
v -0.6 6 -0.2
v -0.6 6.1 -0.2
v -0.6 6.8 -0.2
v -0.6 6.9 -0.2
v -0.5 6 -0.2
v -0.5 6.1 -0.2
v -0.5 6.8 -0.2
v -0.5 6.9 -0.2
v 0.5 5.7 -0.2
v 0.5 5.9 -0.2
v 0.5 6 -0.2
v 0.5 6.1 -0.2
v 0.5 6.7 -0.2
v 0.5 6.9 -0.2
v 0.6 4 -0.2
v 0.6 4.3 -0.2
v 0.6 4.6 -0.2
v 0.6 4.8 -0.2
v 0.6 5 -0.2
v 0.6 5.2 -0.2
v 0.6 5.7 -0.2
v 0.6 5.9 -0.2
v 0.6 6 -0.2
v 0.6 6.1 -0.2
v 0.6 6.7 -0.2
v 0.6 6.9 -0.2
v 0.7 2.2 -0.2
v 0.7 2.3 -0.2
v 0.7 2.5 -0.2
v 0.7 2.7 -0.2
v 0.7 3.3 -0.2
v 0.7 3.5 -0.2
v 0.7 4 -0.2
v 0.7 4.3 -0.2
v 0.7 4.6 -0.2
v 0.7 4.8 -0.2
v 0.7 5 -0.2
v 0.7 5.2 -0.2
v 0.8 2.2 -0.2
v 0.8 2.3 -0.2
v 0.8 2.5 -0.2
v 0.8 2.7 -0.2
v 0.8 3.3 -0.2
v 0.8 3.5 -0.2
v -0.4 5.5 -0.5
v -0.4 7.3 -0.5
v -0.3 5.5 -0.5
v -0.3 7.3 -0.5
v -0.2 5.7 -0.5
v -0.2 5.9 -0.5
v -0.2 6 -0.5
v -0.2 6.1 -0.5
v -0.2 6.7 -0.5
v -0.2 6.9 -0.5
v -0.1 5.6 -0.5
v -0.1 5.7 -0.5
v -0.1 5.9 -0.5
v -0.1 6 -0.5
v -0.1 6.1 -0.5
v -0.1 6.6 -0.5
v -0.1 6.7 -0.5
v -0.1 6.9 -0.5
v -0.1 7 -0.5
v 0 5.6 -0.5
v 0 5.7 -0.5
v 0 6.5 -0.5
v 0 6.6 -0.5
v 0 6.7 -0.5
v 0.1 5.9 -0.5
v 0.1 6 -0.5
v 0.1 6.1 -0.5
v 0.1 6.5 -0.5
v 0.1 6.6 -0.5
v 0.1 6.8 -0.5
v 0.1 6.9 -0.5
v 0.1 7 -0.5
v 0.2 6 -0.5
v 0.2 6.1 -0.5
v 0.2 6.8 -0.5
v 0.2 6.9 -0.5
v 0.3 5.5 -0.5
v 0.3 7.3 -0.5
v 0.4 5.5 -0.5
v 0.4 7.3 -0.5
v -0.5 3.8 -0.6
v -0.5 5.5 -0.6
v -0.4 3.8 -0.6
v -0.4 5.5 -0.6
v -0.3 5.5 -0.6
v -0.2 4 -0.6
v -0.2 4.3 -0.6
v -0.2 4.6 -0.6
v -0.2 4.8 -0.6
v -0.2 5 -0.6
v -0.2 5.2 -0.6
v -0.1 3.9 -0.6
v -0.1 4 -0.6
v -0.1 4.2 -0.6
v -0.1 4.6 -0.6
v -0.1 4.8 -0.6
v -0.1 5 -0.6
v -0.1 5.1 -0.6
v 0 3.9 -0.6
v 0 4 -0.6
v 0 4.1 -0.6
v 0 4.2 -0.6
v 0 4.3 -0.6
v 0 4.4 -0.6
v 0 4.7 -0.6
v 0 4.8 -0.6
v 0 4.9 -0.6
v 0 5 -0.6
v 0.1 4.1 -0.6
v 0.1 4.2 -0.6
v 0.1 4.9 -0.6
v 0.1 5 -0.6
v 0.1 5.2 -0.6
v 0.1 5.3 -0.6
v 0.2 4.3 -0.6
v 0.2 4.4 -0.6
v 0.2 4.7 -0.6
v 0.2 4.8 -0.6
v 0.2 5.1 -0.6
v 0.2 5.3 -0.6
v 0.3 5.5 -0.6
v 0.4 3.8 -0.6
v 0.4 5.5 -0.6
v 0.5 3.8 -0.6
v 0.5 5.5 -0.6
v -0.6 2 -0.7
v -0.6 3.8 -0.7
v -0.5 2 -0.7
v -0.5 3.8 -0.7
v -0.4 3.8 -0.7
v -0.2 2.2 -0.7
v -0.2 2.3 -0.7
v -0.2 2.5 -0.7
v -0.2 2.7 -0.7
v -0.2 3.3 -0.7
v -0.2 3.5 -0.7
v -0.1 2.2 -0.7
v -0.1 2.3 -0.7
v -0.1 2.4 -0.7
v -0.1 2.5 -0.7
v -0.1 2.6 -0.7
v -0.1 3 -0.7
v -0.1 3.1 -0.7
v -0.1 3.4 -0.7
v -0.1 3.5 -0.7
v 0 3 -0.7
v 0 3.1 -0.7
v 0 3.2 -0.7
v 0 3.3 -0.7
v 0 3.4 -0.7
v 0.1 2.3 -0.7
v 0.1 2.4 -0.7
v 0.1 2.6 -0.7
v 0.1 2.7 -0.7
v 0.1 2.9 -0.7
v 0.1 3.1 -0.7
v 0.1 3.2 -0.7
v 0.1 3.3 -0.7
v 0.1 3.5 -0.7
v 0.2 2.4 -0.7
v 0.2 2.6 -0.7
v 0.2 2.9 -0.7
v 0.2 3.1 -0.7
v 0.2 3.3 -0.7
v 0.2 3.5 -0.7
v 0.4 3.8 -0.7
v 0.5 2 -0.7
v 0.5 3.8 -0.7
v 0.6 2 -0.7
v 0.6 3.8 -0.7
v -0.6 2 0.7
v -0.6 3.8 0.7
v -0.5 2 0.7
v -0.5 3.8 0.7
v -0.4 3.8 0.7
v -0.2 2.4 0.7
v -0.2 2.6 0.7
v -0.2 2.9 0.7
v -0.2 3.1 0.7
v -0.2 3.3 0.7
v -0.2 3.5 0.7
v -0.1 2.3 0.7
v -0.1 2.4 0.7
v -0.1 2.6 0.7
v -0.1 2.7 0.7
v -0.1 2.9 0.7
v -0.1 3.1 0.7
v -0.1 3.2 0.7
v -0.1 3.3 0.7
v -0.1 3.5 0.7
v 0 3 0.7
v 0 3.1 0.7
v 0 3.2 0.7
v 0 3.3 0.7
v 0 3.4 0.7
v 0.1 2.2 0.7
v 0.1 2.3 0.7
v 0.1 2.4 0.7
v 0.1 2.5 0.7
v 0.1 2.6 0.7
v 0.1 3 0.7
v 0.1 3.1 0.7
v 0.1 3.4 0.7
v 0.1 3.5 0.7
v 0.2 2.2 0.7
v 0.2 2.3 0.7
v 0.2 2.5 0.7
v 0.2 2.7 0.7
v 0.2 3.3 0.7
v 0.2 3.5 0.7
v 0.4 3.8 0.7
v 0.5 2 0.7
v 0.5 3.8 0.7
v 0.6 2 0.7
v 0.6 3.8 0.7
v -0.5 3.8 0.6
v -0.5 5.5 0.6
v -0.4 3.8 0.6
v -0.4 5.5 0.6
v -0.3 5.5 0.6
v -0.2 4.3 0.6
v -0.2 4.4 0.6
v -0.2 4.7 0.6
v -0.2 4.8 0.6
v -0.2 5.1 0.6
v -0.2 5.3 0.6
v -0.1 4.1 0.6
v -0.1 4.2 0.6
v -0.1 4.9 0.6
v -0.1 5 0.6
v -0.1 5.2 0.6
v -0.1 5.3 0.6
v 0 3.9 0.6
v 0 4 0.6
v 0 4.1 0.6
v 0 4.2 0.6
v 0 4.3 0.6
v 0 4.4 0.6
v 0 4.7 0.6
v 0 4.8 0.6
v 0 4.9 0.6
v 0 5 0.6
v 0.1 3.9 0.6
v 0.1 4 0.6
v 0.1 4.2 0.6
v 0.1 4.6 0.6
v 0.1 4.8 0.6
v 0.1 5 0.6
v 0.1 5.1 0.6
v 0.2 4 0.6
v 0.2 4.3 0.6
v 0.2 4.6 0.6
v 0.2 4.8 0.6
v 0.2 5 0.6
v 0.2 5.2 0.6
v 0.3 5.5 0.6
v 0.4 3.8 0.6
v 0.4 5.5 0.6
v 0.5 3.8 0.6
v 0.5 5.5 0.6
v -0.4 5.5 0.5
v -0.4 7.3 0.5
v -0.3 5.5 0.5
v -0.3 7.3 0.5
v -0.2 6 0.5
v -0.2 6.1 0.5
v -0.2 6.8 0.5
v -0.2 6.9 0.5
v -0.1 5.9 0.5
v -0.1 6 0.5
v -0.1 6.1 0.5
v -0.1 6.5 0.5
v -0.1 6.6 0.5
v -0.1 6.8 0.5
v -0.1 6.9 0.5
v -0.1 7 0.5
v 0 5.6 0.5
v 0 5.7 0.5
v 0 6.5 0.5
v 0 6.6 0.5
v 0 6.7 0.5
v 0.1 5.6 0.5
v 0.1 5.7 0.5
v 0.1 5.9 0.5
v 0.1 6 0.5
v 0.1 6.1 0.5
v 0.1 6.6 0.5
v 0.1 6.7 0.5
v 0.1 6.9 0.5
v 0.1 7 0.5
v 0.2 5.7 0.5
v 0.2 5.9 0.5
v 0.2 6 0.5
v 0.2 6.1 0.5
v 0.2 6.7 0.5
v 0.2 6.9 0.5
v 0.3 5.5 0.5
v 0.3 7.3 0.5
v 0.4 5.5 0.5
v 0.4 7.3 0.5
v -0.8 2.2 0.2
v -0.8 2.3 0.2
v -0.8 2.5 0.2
v -0.8 2.7 0.2
v -0.8 3.3 0.2
v -0.8 3.5 0.2
v -0.7 2.2 0.2
v -0.7 2.3 0.2
v -0.7 2.5 0.2
v -0.7 2.7 0.2
v -0.7 3.3 0.2
v -0.7 3.5 0.2
v -0.7 4 0.2
v -0.7 4.3 0.2
v -0.7 4.6 0.2
v -0.7 4.8 0.2
v -0.7 5 0.2
v -0.7 5.2 0.2
v -0.6 4 0.2
v -0.6 4.3 0.2
v -0.6 4.6 0.2
v -0.6 4.8 0.2
v -0.6 5 0.2
v -0.6 5.2 0.2
v -0.6 5.7 0.2
v -0.6 5.9 0.2
v -0.6 6 0.2
v -0.6 6.1 0.2
v -0.6 6.7 0.2
v -0.6 6.9 0.2
v -0.5 5.7 0.2
v -0.5 5.9 0.2
v -0.5 6 0.2
v -0.5 6.1 0.2
v -0.5 6.7 0.2
v -0.5 6.9 0.2
v 0.5 6 0.2
v 0.5 6.1 0.2
v 0.5 6.8 0.2
v 0.5 6.9 0.2
v 0.6 4.3 0.2
v 0.6 4.4 0.2
v 0.6 4.7 0.2
v 0.6 4.8 0.2
v 0.6 5.1 0.2
v 0.6 5.3 0.2
v 0.6 6 0.2
v 0.6 6.1 0.2
v 0.6 6.8 0.2
v 0.6 6.9 0.2
v 0.7 2.4 0.2
v 0.7 2.6 0.2
v 0.7 2.9 0.2
v 0.7 3.1 0.2
v 0.7 3.3 0.2
v 0.7 3.5 0.2
v 0.7 4.3 0.2
v 0.7 4.4 0.2
v 0.7 4.7 0.2
v 0.7 4.8 0.2
v 0.7 5.1 0.2
v 0.7 5.3 0.2
v 0.8 2.4 0.2
v 0.8 2.6 0.2
v 0.8 2.9 0.2
v 0.8 3.1 0.2
v 0.8 3.3 0.2
v 0.8 3.5 0.2
v -0.8 2.3 0.1
v -0.8 2.4 0.1
v -0.8 3 0.1
v -0.8 3.1 0.1
v -0.7 2.3 0.1
v -0.7 2.4 0.1
v -0.7 3 0.1
v -0.7 3.1 0.1
v -0.7 3.9 0.1
v -0.7 4 0.1
v -0.6 3.9 0.1
v -0.6 4 0.1
v -0.6 5.6 0.1
v -0.6 5.7 0.1
v -0.6 5.9 0.1
v -0.6 6 0.1
v -0.6 6.6 0.1
v -0.6 6.7 0.1
v -0.6 6.9 0.1
v -0.6 7 0.1
v -0.5 5.6 0.1
v -0.5 5.7 0.1
v -0.5 5.9 0.1
v -0.5 6 0.1
v -0.5 6.6 0.1
v -0.5 6.7 0.1
v -0.5 6.9 0.1
v -0.5 7 0.1
v 0.5 5.9 0.1
v 0.5 6 0.1
v 0.5 6.5 0.1
v 0.5 6.6 0.1
v 0.5 6.9 0.1
v 0.5 7 0.1
v 0.6 4.1 0.1
v 0.6 4.2 0.1
v 0.6 4.9 0.1
v 0.6 5 0.1
v 0.6 5.9 0.1
v 0.6 6 0.1
v 0.6 6.5 0.1
v 0.6 6.6 0.1
v 0.6 6.9 0.1
v 0.6 7 0.1
v 0.7 2.3 0.1
v 0.7 2.4 0.1
v 0.7 2.6 0.1
v 0.7 2.7 0.1
v 0.7 3.1 0.1
v 0.7 3.2 0.1
v 0.7 4.1 0.1
v 0.7 4.2 0.1
v 0.7 4.9 0.1
v 0.7 5 0.1
v 0.8 2.3 0.1
v 0.8 2.4 0.1
v 0.8 2.6 0.1
v 0.8 2.7 0.1
v 0.8 3.1 0.1
v 0.8 3.2 0.1
v -0.8 3.1 0
v -0.8 3.2 0
v -0.7 3.1 0
v -0.7 3.2 0
v -0.7 4.1 0
v -0.7 4.2 0
v -0.7 4.3 0
v -0.7 4.4 0
v -0.7 4.7 0
v -0.7 4.8 0
v -0.7 4.9 0
v -0.7 5 0
v -0.6 4.1 0
v -0.6 4.2 0
v -0.6 4.3 0
v -0.6 4.4 0
v -0.6 4.7 0
v -0.6 4.8 0
v -0.6 4.9 0
v -0.6 5 0
v -0.6 6.5 0
v -0.6 6.6 0
v -0.5 6.5 0
v -0.5 6.6 0
v 0.5 5.6 0
v 0.5 5.7 0
v 0.5 6.6 0
v 0.5 6.7 0
v 0.6 3.9 0
v 0.6 4 0
v 0.6 4.2 0
v 0.6 4.3 0
v 0.6 5.6 0
v 0.6 5.7 0
v 0.6 6.6 0
v 0.6 6.7 0
v 0.7 3 0
v 0.7 3.1 0
v 0.7 3.3 0
v 0.7 3.4 0
v 0.7 3.9 0
v 0.7 4 0
v 0.7 4.2 0
v 0.7 4.3 0
v 0.8 3 0
v 0.8 3.1 0
v 0.8 3.3 0
v 0.8 3.4 0
v -0.8 2.4 -0.1
v -0.8 2.6 -0.1
v -0.8 2.9 -0.1
v -0.8 3.1 -0.1
v -0.8 3.3 -0.1
v -0.8 3.5 -0.1
v -0.7 2.4 -0.1
v -0.7 2.6 -0.1
v -0.7 2.9 -0.1
v -0.7 3.1 -0.1
v -0.7 3.3 -0.1
v -0.7 3.5 -0.1
v -0.7 5.2 -0.1
v -0.7 5.3 -0.1
v -0.6 5.2 -0.1
v -0.6 5.3 -0.1
v -0.6 6 -0.1
v -0.6 6.1 -0.1
v -0.6 6.8 -0.1
v -0.6 6.9 -0.1
v -0.5 6 -0.1
v -0.5 6.1 -0.1
v -0.5 6.8 -0.1
v -0.5 6.9 -0.1
v -0.1 7.7 -0.1
v -0.1 7.8 -0.1
v 0.1 7.7 -0.1
v 0.1 7.8 -0.1
v 0.5 5.7 -0.1
v 0.5 5.9 -0.1
v 0.5 6 -0.1
v 0.5 6.1 -0.1
v 0.5 6.7 -0.1
v 0.5 6.9 -0.1
v 0.6 4 -0.1
v 0.6 4.2 -0.1
v 0.6 4.6 -0.1
v 0.6 4.8 -0.1
v 0.6 5 -0.1
v 0.6 5.1 -0.1
v 0.6 5.7 -0.1
v 0.6 5.9 -0.1
v 0.6 6 -0.1
v 0.6 6.1 -0.1
v 0.6 6.7 -0.1
v 0.6 6.9 -0.1
v 0.7 2.2 -0.1
v 0.7 2.3 -0.1
v 0.7 2.5 -0.1
v 0.7 2.6 -0.1
v 0.7 3.4 -0.1
v 0.7 3.5 -0.1
v 0.7 4 -0.1
v 0.7 4.2 -0.1
v 0.7 4.6 -0.1
v 0.7 4.8 -0.1
v 0.7 5 -0.1
v 0.7 5.1 -0.1
v 0.8 2.2 -0.1
v 0.8 2.3 -0.1
v 0.8 2.5 -0.1
v 0.8 2.6 -0.1
v 0.8 3.4 -0.1
v 0.8 3.5 -0.1
v -0.2 7.6 -0.2
v -0.2 7.7 -0.2
v -0.1 7.6 -0.2
v -0.1 7.7 -0.2
v 0.1 7.6 -0.2
v 0.1 7.7 -0.2
v 0.2 7.6 -0.2
v 0.2 7.7 -0.2
v -0.8 1.5 -0.3
v -0.8 1.8 -0.3
v -0.7 1.5 -0.3
v -0.7 1.8 -0.3
v -0.3 7.5 -0.3
v -0.3 7.6 -0.3
v -0.2 7.5 -0.3
v -0.2 7.6 -0.3
v 0.2 7.5 -0.3
v 0.2 7.6 -0.3
v 0.3 7.5 -0.3
v 0.3 7.6 -0.3
v 0.7 1.5 -0.3
v 0.7 1.8 -0.3
v 0.8 1.5 -0.3
v 0.8 1.8 -0.3
v -1.1 1.3 -0.4
v -1.1 1.5 -0.4
v -1.1 1.8 -0.4
v -1.1 2 -0.4
v -1 1.3 -0.4
v -1 1.5 -0.4
v -1 1.8 -0.4
v -1 2 -0.4
v -0.6 5.5 -0.4
v -0.6 7.3 -0.4
v -0.5 5.5 -0.4
v -0.5 7.3 -0.4
v -0.5 7.4 -0.4
v -0.4 7.3 -0.4
v -0.4 7.4 -0.4
v -0.4 7.5 -0.4
v -0.3 7.4 -0.4
v -0.3 7.5 -0.4
v 0.3 7.4 -0.4
v 0.3 7.5 -0.4
v 0.4 7.3 -0.4
v 0.4 7.4 -0.4
v 0.4 7.5 -0.4
v 0.5 5.5 -0.4
v 0.5 7.3 -0.4
v 0.5 7.4 -0.4
v 0.6 5.5 -0.4
v 0.6 7.3 -0.4
v 1 1.3 -0.4
v 1 1.5 -0.4
v 1 1.8 -0.4
v 1 2 -0.4
v 1.1 1.3 -0.4
v 1.1 1.5 -0.4
v 1.1 1.8 -0.4
v 1.1 2 -0.4
v -0.7 1.5 -0.5
v -0.7 1.8 -0.5
v -0.7 3.8 -0.5
v -0.7 5.5 -0.5
v -0.6 1.5 -0.5
v -0.6 1.8 -0.5
v -0.6 3.8 -0.5
v -0.6 5.5 -0.5
v -0.4 7.3 -0.5
v -0.4 7.4 -0.5
v -0.3 7.3 -0.5
v -0.3 7.4 -0.5
v 0.3 7.3 -0.5
v 0.3 7.4 -0.5
v 0.4 7.3 -0.5
v 0.4 7.4 -0.5
v 0.6 1.5 -0.5
v 0.6 1.8 -0.5
v 0.6 3.8 -0.5
v 0.6 5.5 -0.5
v 0.7 1.5 -0.5
v 0.7 1.8 -0.5
v 0.7 3.8 -0.5
v 0.7 5.5 -0.5
v -1 1.3 -0.6
v -1 1.5 -0.6
v -1 1.8 -0.6
v -1 2 -0.6
v -0.9 1.3 -0.6
v -0.9 1.5 -0.6
v -0.9 1.8 -0.6
v -0.9 2 -0.6
v -0.8 2 -0.6
v -0.8 3.8 -0.6
v -0.7 2 -0.6
v -0.7 3.8 -0.6
v -0.6 1.5 -0.6
v -0.6 1.8 -0.6
v -0.5 1.5 -0.6
v -0.5 1.8 -0.6
v -0.4 5.5 -0.6
v -0.4 7.3 -0.6
v -0.3 5.5 -0.6
v -0.3 7.3 -0.6
v -0.2 5.7 -0.6
v -0.2 5.9 -0.6
v -0.2 6 -0.6
v -0.2 6.1 -0.6
v -0.2 6.7 -0.6
v -0.2 6.9 -0.6
v -0.1 5.6 -0.6
v -0.1 5.7 -0.6
v -0.1 5.9 -0.6
v -0.1 6 -0.6
v -0.1 6.1 -0.6
v -0.1 6.6 -0.6
v -0.1 6.7 -0.6
v -0.1 6.9 -0.6
v -0.1 7 -0.6
v 0 5.6 -0.6
v 0 5.7 -0.6
v 0 6.5 -0.6
v 0 6.6 -0.6
v 0 6.7 -0.6
v 0.1 5.9 -0.6
v 0.1 6 -0.6
v 0.1 6.1 -0.6
v 0.1 6.5 -0.6
v 0.1 6.6 -0.6
v 0.1 6.8 -0.6
v 0.1 6.9 -0.6
v 0.1 7 -0.6
v 0.2 6 -0.6
v 0.2 6.1 -0.6
v 0.2 6.8 -0.6
v 0.2 6.9 -0.6
v 0.3 5.5 -0.6
v 0.3 7.3 -0.6
v 0.4 5.5 -0.6
v 0.4 7.3 -0.6
v 0.5 1.5 -0.6
v 0.5 1.8 -0.6
v 0.6 1.5 -0.6
v 0.6 1.8 -0.6
v 0.7 2 -0.6
v 0.7 3.8 -0.6
v 0.8 2 -0.6
v 0.8 3.8 -0.6
v 0.9 1.3 -0.6
v 0.9 1.5 -0.6
v 0.9 1.8 -0.6
v 0.9 2 -0.6
v 1 1.3 -0.6
v 1 1.5 -0.6
v 1 1.8 -0.6
v 1 2 -0.6
v -0.9 1.3 -0.7
v -0.9 1.5 -0.7
v -0.9 1.8 -0.7
v -0.9 2 -0.7
v -0.8 1.3 -0.7
v -0.8 1.5 -0.7
v -0.8 1.8 -0.7
v -0.8 2 -0.7
v -0.5 1.5 -0.7
v -0.5 1.8 -0.7
v -0.5 3.8 -0.7
v -0.5 5.5 -0.7
v -0.4 3.8 -0.7
v -0.4 5.5 -0.7
v -0.3 1.5 -0.7
v -0.3 1.8 -0.7
v -0.2 4 -0.7
v -0.2 4.3 -0.7
v -0.2 4.6 -0.7
v -0.2 4.8 -0.7
v -0.2 5 -0.7
v -0.2 5.2 -0.7
v -0.1 3.9 -0.7
v -0.1 4 -0.7
v -0.1 4.2 -0.7
v -0.1 4.6 -0.7
v -0.1 4.8 -0.7
v -0.1 5 -0.7
v -0.1 5.1 -0.7
v 0 3.9 -0.7
v 0 4 -0.7
v 0 4.1 -0.7
v 0 4.2 -0.7
v 0 4.3 -0.7
v 0 4.4 -0.7
v 0 4.7 -0.7
v 0 4.8 -0.7
v 0 4.9 -0.7
v 0 5 -0.7
v 0.1 4.1 -0.7
v 0.1 4.2 -0.7
v 0.1 4.9 -0.7
v 0.1 5 -0.7
v 0.1 5.2 -0.7
v 0.1 5.3 -0.7
v 0.2 4.3 -0.7
v 0.2 4.4 -0.7
v 0.2 4.7 -0.7
v 0.2 4.8 -0.7
v 0.2 5.1 -0.7
v 0.2 5.3 -0.7
v 0.3 1.5 -0.7
v 0.3 1.8 -0.7
v 0.4 3.8 -0.7
v 0.4 5.5 -0.7
v 0.5 1.5 -0.7
v 0.5 1.8 -0.7
v 0.5 3.8 -0.7
v 0.5 5.5 -0.7
v 0.8 1.3 -0.7
v 0.8 1.5 -0.7
v 0.8 1.8 -0.7
v 0.8 2 -0.7
v 0.9 1.3 -0.7
v 0.9 1.5 -0.7
v 0.9 1.8 -0.7
v 0.9 2 -0.7
v -0.8 1.3 -0.8
v -0.8 1.5 -0.8
v -0.8 1.8 -0.8
v -0.8 2 -0.8
v -0.7 1.3 -0.8
v -0.7 1.5 -0.8
v -0.7 1.8 -0.8
v -0.7 2 -0.8
v -0.6 2 -0.8
v -0.6 3.8 -0.8
v -0.5 2 -0.8
v -0.5 3.8 -0.8
v -0.3 1.5 -0.8
v -0.3 1.8 -0.8
v -0.2 2.2 -0.8
v -0.2 2.3 -0.8
v -0.2 2.5 -0.8
v -0.2 2.7 -0.8
v -0.2 3.3 -0.8
v -0.2 3.5 -0.8
v -0.1 2.2 -0.8
v -0.1 2.3 -0.8
v -0.1 2.4 -0.8
v -0.1 2.5 -0.8
v -0.1 2.6 -0.8
v -0.1 3 -0.8
v -0.1 3.1 -0.8
v -0.1 3.4 -0.8
v -0.1 3.5 -0.8
v 0 3 -0.8
v 0 3.1 -0.8
v 0 3.2 -0.8
v 0 3.3 -0.8
v 0 3.4 -0.8
v 0.1 2.3 -0.8
v 0.1 2.4 -0.8
v 0.1 2.6 -0.8
v 0.1 2.7 -0.8
v 0.1 2.9 -0.8
v 0.1 3.1 -0.8
v 0.1 3.2 -0.8
v 0.1 3.3 -0.8
v 0.1 3.5 -0.8
v 0.2 2.4 -0.8
v 0.2 2.6 -0.8
v 0.2 2.9 -0.8
v 0.2 3.1 -0.8
v 0.2 3.3 -0.8
v 0.2 3.5 -0.8
v 0.3 1.5 -0.8
v 0.3 1.8 -0.8
v 0.5 2 -0.8
v 0.5 3.8 -0.8
v 0.6 2 -0.8
v 0.6 3.8 -0.8
v 0.7 1.3 -0.8
v 0.7 1.5 -0.8
v 0.7 1.8 -0.8
v 0.7 2 -0.8
v 0.8 1.3 -0.8
v 0.8 1.5 -0.8
v 0.8 1.8 -0.8
v 0.8 2 -0.8
v -0.7 1.3 -0.9
v -0.7 1.5 -0.9
v -0.7 1.8 -0.9
v -0.7 2 -0.9
v -0.6 1.3 -0.9
v -0.6 1.5 -0.9
v -0.6 1.8 -0.9
v -0.6 2 -0.9
v 0.6 1.3 -0.9
v 0.6 1.5 -0.9
v 0.6 1.8 -0.9
v 0.6 2 -0.9
v 0.7 1.3 -0.9
v 0.7 1.5 -0.9
v 0.7 1.8 -0.9
v 0.7 2 -0.9
v -0.6 1.3 -1
v -0.6 1.5 -1
v -0.6 1.8 -1
v -0.6 2 -1
v -0.4 1.3 -1
v -0.4 1.5 -1
v -0.4 1.8 -1
v -0.4 2 -1
v 0.4 1.3 -1
v 0.4 1.5 -1
v 0.4 1.8 -1
v 0.4 2 -1
v 0.6 1.3 -1
v 0.6 1.5 -1
v 0.6 1.8 -1
v 0.6 2 -1
v -0.4 1.3 -1.1
v -0.4 1.5 -1.1
v -0.4 1.8 -1.1
v -0.4 2 -1.1
v 0.4 1.3 -1.1
v 0.4 1.5 -1.1
v 0.4 1.8 -1.1
v 0.4 2 -1.1
v -0.4 1.3 1.1
v 0.4 1.3 1.1
v -0.6 1.3 1
v -0.4 1.3 1
v 0.4 1.3 1
v 0.6 1.3 1
v -0.7 1.3 0.9
v -0.6 1.3 0.9
v 0.6 1.3 0.9
v 0.7 1.3 0.9
v -0.8 1.3 0.8
v -0.7 1.3 0.8
v 0.7 1.3 0.8
v 0.8 1.3 0.8
v -0.9 1.3 0.7
v -0.8 1.3 0.7
v 0.8 1.3 0.7
v 0.9 1.3 0.7
v -1 1.3 0.6
v -0.9 1.3 0.6
v 0.9 1.3 0.6
v 1 1.3 0.6
v -1.1 1.3 0.4
v -1 1.3 0.4
v 1 1.3 0.4
v 1.1 1.3 0.4
v -1.1 1.3 -0.4
v -1 1.3 -0.4
v 1 1.3 -0.4
v 1.1 1.3 -0.4
v -1 1.3 -0.6
v -0.9 1.3 -0.6
v 0.9 1.3 -0.6
v 1 1.3 -0.6
v -0.9 1.3 -0.7
v -0.8 1.3 -0.7
v 0.8 1.3 -0.7
v 0.9 1.3 -0.7
v -0.8 1.3 -0.8
v -0.7 1.3 -0.8
v 0.7 1.3 -0.8
v 0.8 1.3 -0.8
v -0.7 1.3 -0.9
v -0.6 1.3 -0.9
v 0.6 1.3 -0.9
v 0.7 1.3 -0.9
v -0.6 1.3 -1
v -0.4 1.3 -1
v 0.4 1.3 -1
v 0.6 1.3 -1
v -0.4 1.3 -1.1
v 0.4 1.3 -1.1
v -0.4 1.8 1.1
v 0.4 1.8 1.1
v -0.6 1.8 1
v -0.4 1.8 1
v 0.4 1.8 1
v 0.6 1.8 1
v -0.7 1.8 0.9
v -0.6 1.8 0.9
v 0.6 1.8 0.9
v 0.7 1.8 0.9
v -0.8 1.8 0.8
v -0.7 1.8 0.8
v -0.3 1.8 0.8
v 0.3 1.8 0.8
v 0.7 1.8 0.8
v 0.8 1.8 0.8
v -0.9 1.8 0.7
v -0.8 1.8 0.7
v -0.5 1.8 0.7
v -0.3 1.8 0.7
v 0.3 1.8 0.7
v 0.5 1.8 0.7
v 0.8 1.8 0.7
v 0.9 1.8 0.7
v -1 1.8 0.6
v -0.9 1.8 0.6
v -0.6 1.8 0.6
v -0.5 1.8 0.6
v 0.5 1.8 0.6
v 0.6 1.8 0.6
v 0.9 1.8 0.6
v 1 1.8 0.6
v -0.7 1.8 0.5
v -0.6 1.8 0.5
v 0.6 1.8 0.5
v 0.7 1.8 0.5
v -1.1 1.8 0.4
v -1 1.8 0.4
v 1 1.8 0.4
v 1.1 1.8 0.4
v -0.8 1.8 0.3
v -0.7 1.8 0.3
v 0.7 1.8 0.3
v 0.8 1.8 0.3
v -0.8 1.8 -0.3
v -0.7 1.8 -0.3
v 0.7 1.8 -0.3
v 0.8 1.8 -0.3
v -1.1 1.8 -0.4
v -1 1.8 -0.4
v 1 1.8 -0.4
v 1.1 1.8 -0.4
v -0.7 1.8 -0.5
v -0.6 1.8 -0.5
v 0.6 1.8 -0.5
v 0.7 1.8 -0.5
v -1 1.8 -0.6
v -0.9 1.8 -0.6
v -0.6 1.8 -0.6
v -0.5 1.8 -0.6
v 0.5 1.8 -0.6
v 0.6 1.8 -0.6
v 0.9 1.8 -0.6
v 1 1.8 -0.6
v -0.9 1.8 -0.7
v -0.8 1.8 -0.7
v -0.5 1.8 -0.7
v -0.3 1.8 -0.7
v 0.3 1.8 -0.7
v 0.5 1.8 -0.7
v 0.8 1.8 -0.7
v 0.9 1.8 -0.7
v -0.8 1.8 -0.8
v -0.7 1.8 -0.8
v -0.3 1.8 -0.8
v 0.3 1.8 -0.8
v 0.7 1.8 -0.8
v 0.8 1.8 -0.8
v -0.7 1.8 -0.9
v -0.6 1.8 -0.9
v 0.6 1.8 -0.9
v 0.7 1.8 -0.9
v -0.6 1.8 -1
v -0.4 1.8 -1
v 0.4 1.8 -1
v 0.6 1.8 -1
v -0.4 1.8 -1.1
v 0.4 1.8 -1.1
v 0.1 2.3 0.8
v 0.2 2.3 0.8
v 0.1 2.3 0.7
v 0.2 2.3 0.7
v -0.8 2.3 0.2
v -0.7 2.3 0.2
v -0.8 2.3 0.1
v -0.7 2.3 0.1
v 0.7 2.3 -0.1
v 0.8 2.3 -0.1
v 0.7 2.3 -0.2
v 0.8 2.3 -0.2
v -0.2 2.3 -0.7
v -0.1 2.3 -0.7
v -0.2 2.3 -0.8
v -0.1 2.3 -0.8
v -0.1 2.4 0.8
v 0.1 2.4 0.8
v -0.1 2.4 0.7
v 0.1 2.4 0.7
v -0.8 2.4 0.1
v -0.7 2.4 0.1
v 0.7 2.4 0.1
v 0.8 2.4 0.1
v -0.8 2.4 -0.1
v -0.7 2.4 -0.1
v 0.7 2.4 -0.1
v 0.8 2.4 -0.1
v -0.1 2.4 -0.7
v 0.1 2.4 -0.7
v -0.1 2.4 -0.8
v 0.1 2.4 -0.8
v -0.2 2.6 0.8
v -0.1 2.6 0.8
v -0.2 2.6 0.7
v -0.1 2.6 0.7
v 0.7 2.6 0.2
v 0.8 2.6 0.2
v 0.7 2.6 0.1
v 0.8 2.6 0.1
v -0.8 2.6 -0.1
v -0.7 2.6 -0.1
v -0.8 2.6 -0.2
v -0.7 2.6 -0.2
v 0.1 2.6 -0.7
v 0.2 2.6 -0.7
v 0.1 2.6 -0.8
v 0.2 2.6 -0.8
v -0.1 2.7 0.8
v 0.2 2.7 0.8
v -0.1 2.7 0.7
v 0.2 2.7 0.7
v -0.8 2.7 0.2
v -0.7 2.7 0.2
v 0.7 2.7 0.1
v 0.8 2.7 0.1
v -0.8 2.7 -0.1
v -0.7 2.7 -0.1
v 0.7 2.7 -0.2
v 0.8 2.7 -0.2
v -0.2 2.7 -0.7
v 0.1 2.7 -0.7
v -0.2 2.7 -0.8
v 0.1 2.7 -0.8
v -0.2 3.1 0.8
v -0.1 3.1 0.8
v 0 3.1 0.8
v 0.1 3.1 0.8
v -0.2 3.1 0.7
v -0.1 3.1 0.7
v 0 3.1 0.7
v 0.1 3.1 0.7
v 0.7 3.1 0.2
v 0.8 3.1 0.2
v -0.8 3.1 0.1
v -0.7 3.1 0.1
v 0.7 3.1 0.1
v 0.8 3.1 0.1
v -0.8 3.1 0
v -0.7 3.1 0
v 0.7 3.1 0
v 0.8 3.1 0
v -0.8 3.1 -0.1
v -0.7 3.1 -0.1
v 0.7 3.1 -0.1
v 0.8 3.1 -0.1
v -0.8 3.1 -0.2
v -0.7 3.1 -0.2
v -0.1 3.1 -0.7
v 0 3.1 -0.7
v 0.1 3.1 -0.7
v 0.2 3.1 -0.7
v -0.1 3.1 -0.8
v 0 3.1 -0.8
v 0.1 3.1 -0.8
v 0.2 3.1 -0.8
v -0.1 3.2 0.8
v 0 3.2 0.8
v -0.1 3.2 0.7
v 0 3.2 0.7
v 0.7 3.2 0.1
v 0.8 3.2 0.1
v -0.8 3.2 0
v -0.7 3.2 0
v 0.7 3.2 0
v 0.8 3.2 0
v -0.8 3.2 -0.1
v -0.7 3.2 -0.1
v 0 3.2 -0.7
v 0.1 3.2 -0.7
v 0 3.2 -0.8
v 0.1 3.2 -0.8
v 0 3.4 0.8
v 0.1 3.4 0.8
v 0 3.4 0.7
v 0.1 3.4 0.7
v -0.8 3.4 0.1
v -0.7 3.4 0.1
v -0.8 3.4 0
v -0.7 3.4 0
v 0.7 3.4 0
v 0.8 3.4 0
v 0.7 3.4 -0.1
v 0.8 3.4 -0.1
v -0.1 3.4 -0.7
v 0 3.4 -0.7
v -0.1 3.4 -0.8
v 0 3.4 -0.8
v -0.2 3.5 0.8
v -0.1 3.5 0.8
v 0.1 3.5 0.8
v 0.2 3.5 0.8
v -0.2 3.5 0.7
v -0.1 3.5 0.7
v 0.1 3.5 0.7
v 0.2 3.5 0.7
v -0.8 3.5 0.2
v -0.7 3.5 0.2
v 0.7 3.5 0.2
v 0.8 3.5 0.2
v -0.8 3.5 0.1
v -0.7 3.5 0.1
v 0.7 3.5 0.1
v 0.8 3.5 0.1
v -0.8 3.5 -0.1
v -0.7 3.5 -0.1
v 0.7 3.5 -0.1
v 0.8 3.5 -0.1
v -0.8 3.5 -0.2
v -0.7 3.5 -0.2
v 0.7 3.5 -0.2
v 0.8 3.5 -0.2
v -0.2 3.5 -0.7
v -0.1 3.5 -0.7
v 0.1 3.5 -0.7
v 0.2 3.5 -0.7
v -0.2 3.5 -0.8
v -0.1 3.5 -0.8
v 0.1 3.5 -0.8
v 0.2 3.5 -0.8
v -0.5 3.8 0.7
v -0.4 3.8 0.7
v 0.4 3.8 0.7
v 0.5 3.8 0.7
v -0.5 3.8 0.6
v -0.4 3.8 0.6
v 0.4 3.8 0.6
v 0.5 3.8 0.6
v -0.7 3.8 0.5
v -0.6 3.8 0.5
v 0.6 3.8 0.5
v 0.7 3.8 0.5
v -0.7 3.8 0.4
v -0.6 3.8 0.4
v 0.6 3.8 0.4
v 0.7 3.8 0.4
v -0.7 3.8 -0.4
v -0.6 3.8 -0.4
v 0.6 3.8 -0.4
v 0.7 3.8 -0.4
v -0.7 3.8 -0.5
v -0.6 3.8 -0.5
v 0.6 3.8 -0.5
v 0.7 3.8 -0.5
v -0.5 3.8 -0.6
v -0.4 3.8 -0.6
v 0.4 3.8 -0.6
v 0.5 3.8 -0.6
v -0.5 3.8 -0.7
v -0.4 3.8 -0.7
v 0.4 3.8 -0.7
v 0.5 3.8 -0.7
v 0 4 0.7
v 0.1 4 0.7
v 0 4 0.6
v 0.1 4 0.6
v -0.7 4 0.1
v -0.6 4 0.1
v -0.7 4 0
v -0.6 4 0
v 0.6 4 0
v 0.7 4 0
v 0.6 4 -0.1
v 0.7 4 -0.1
v -0.1 4 -0.6
v 0 4 -0.6
v -0.1 4 -0.7
v 0 4 -0.7
v -0.1 4.2 0.7
v 0 4.2 0.7
v -0.1 4.2 0.6
v 0 4.2 0.6
v 0.6 4.2 0.1
v 0.7 4.2 0.1
v -0.7 4.2 0
v -0.6 4.2 0
v 0.6 4.2 0
v 0.7 4.2 0
v -0.7 4.2 -0.1
v -0.6 4.2 -0.1
v 0 4.2 -0.6
v 0.1 4.2 -0.6
v 0 4.2 -0.7
v 0.1 4.2 -0.7
v 0 4.3 0.7
v 0.2 4.3 0.7
v 0 4.3 0.6
v 0.2 4.3 0.6
v -0.7 4.3 0.2
v -0.6 4.3 0.2
v -0.7 4.3 0
v -0.6 4.3 0
v 0.6 4.3 0
v 0.7 4.3 0
v 0.6 4.3 -0.2
v 0.7 4.3 -0.2
v -0.2 4.3 -0.6
v 0 4.3 -0.6
v -0.2 4.3 -0.7
v 0 4.3 -0.7
v -0.2 4.4 0.7
v 0 4.4 0.7
v -0.2 4.4 0.6
v 0 4.4 0.6
v 0.6 4.4 0.2
v 0.7 4.4 0.2
v -0.7 4.4 0
v -0.6 4.4 0
v 0.6 4.4 0
v 0.7 4.4 0
v -0.7 4.4 -0.2
v -0.6 4.4 -0.2
v 0 4.4 -0.6
v 0.2 4.4 -0.6
v 0 4.4 -0.7
v 0.2 4.4 -0.7
v -0.2 4.8 0.7
v 0 4.8 0.7
v 0.1 4.8 0.7
v 0.2 4.8 0.7
v -0.2 4.8 0.6
v 0 4.8 0.6
v 0.1 4.8 0.6
v 0.2 4.8 0.6
v -0.7 4.8 0.2
v -0.6 4.8 0.2
v 0.6 4.8 0.2
v 0.7 4.8 0.2
v -0.7 4.8 0.1
v -0.6 4.8 0.1
v -0.7 4.8 0
v -0.6 4.8 0
v 0.6 4.8 0
v 0.7 4.8 0
v 0.6 4.8 -0.1
v 0.7 4.8 -0.1
v -0.7 4.8 -0.2
v -0.6 4.8 -0.2
v 0.6 4.8 -0.2
v 0.7 4.8 -0.2
v -0.2 4.8 -0.6
v -0.1 4.8 -0.6
v 0 4.8 -0.6
v 0.2 4.8 -0.6
v -0.2 4.8 -0.7
v -0.1 4.8 -0.7
v 0 4.8 -0.7
v 0.2 4.8 -0.7
v -0.1 5 0.7
v 0 5 0.7
v -0.1 5 0.6
v 0 5 0.6
v 0.6 5 0.1
v 0.7 5 0.1
v -0.7 5 0
v -0.6 5 0
v 0.6 5 0
v 0.7 5 0
v -0.7 5 -0.1
v -0.6 5 -0.1
v 0 5 -0.6
v 0.1 5 -0.6
v 0 5 -0.7
v 0.1 5 -0.7
v -0.1 5.2 0.7
v 0.2 5.2 0.7
v -0.1 5.2 0.6
v 0.2 5.2 0.6
v -0.7 5.2 0.2
v -0.6 5.2 0.2
v 0.6 5.2 0.1
v 0.7 5.2 0.1
v -0.7 5.2 -0.1
v -0.6 5.2 -0.1
v 0.6 5.2 -0.2
v 0.7 5.2 -0.2
v -0.2 5.2 -0.6
v 0.1 5.2 -0.6
v -0.2 5.2 -0.7
v 0.1 5.2 -0.7
v -0.2 5.3 0.7
v -0.1 5.3 0.7
v -0.2 5.3 0.6
v -0.1 5.3 0.6
v 0.6 5.3 0.2
v 0.7 5.3 0.2
v 0.6 5.3 0.1
v 0.7 5.3 0.1
v -0.7 5.3 -0.1
v -0.6 5.3 -0.1
v -0.7 5.3 -0.2
v -0.6 5.3 -0.2
v 0.1 5.3 -0.6
v 0.2 5.3 -0.6
v 0.1 5.3 -0.7
v 0.2 5.3 -0.7
v -0.4 5.5 0.6
v -0.3 5.5 0.6
v 0.3 5.5 0.6
v 0.4 5.5 0.6
v -0.4 5.5 0.5
v -0.3 5.5 0.5
v 0.3 5.5 0.5
v 0.4 5.5 0.5
v -0.6 5.5 0.4
v -0.5 5.5 0.4
v 0.5 5.5 0.4
v 0.6 5.5 0.4
v -0.6 5.5 0.3
v -0.5 5.5 0.3
v 0.5 5.5 0.3
v 0.6 5.5 0.3
v -0.6 5.5 -0.3
v -0.5 5.5 -0.3
v 0.5 5.5 -0.3
v 0.6 5.5 -0.3
v -0.6 5.5 -0.4
v -0.5 5.5 -0.4
v 0.5 5.5 -0.4
v 0.6 5.5 -0.4
v -0.4 5.5 -0.5
v -0.3 5.5 -0.5
v 0.3 5.5 -0.5
v 0.4 5.5 -0.5
v -0.4 5.5 -0.6
v -0.3 5.5 -0.6
v 0.3 5.5 -0.6
v 0.4 5.5 -0.6
v 0 5.7 0.6
v 0.1 5.7 0.6
v 0 5.7 0.5
v 0.1 5.7 0.5
v -0.6 5.7 0.1
v -0.5 5.7 0.1
v -0.6 5.7 0
v -0.5 5.7 0
v 0.5 5.7 0
v 0.6 5.7 0
v 0.5 5.7 -0.1
v 0.6 5.7 -0.1
v -0.1 5.7 -0.5
v 0 5.7 -0.5
v -0.1 5.7 -0.6
v 0 5.7 -0.6
v 0.1 5.9 0.6
v 0.2 5.9 0.6
v 0.1 5.9 0.5
v 0.2 5.9 0.5
v -0.6 5.9 0.2
v -0.5 5.9 0.2
v -0.6 5.9 0.1
v -0.5 5.9 0.1
v 0.5 5.9 -0.1
v 0.6 5.9 -0.1
v 0.5 5.9 -0.2
v 0.6 5.9 -0.2
v -0.2 5.9 -0.5
v -0.1 5.9 -0.5
v -0.2 5.9 -0.6
v -0.1 5.9 -0.6
v -0.1 6 0.6
v 0.1 6 0.6
v -0.1 6 0.5
v 0.1 6 0.5
v -0.6 6 0.1
v -0.5 6 0.1
v 0.5 6 0.1
v 0.6 6 0.1
v -0.6 6 -0.1
v -0.5 6 -0.1
v 0.5 6 -0.1
v 0.6 6 -0.1
v -0.1 6 -0.5
v 0.1 6 -0.5
v -0.1 6 -0.6
v 0.1 6 -0.6
v -0.2 6.1 0.6
v -0.1 6.1 0.6
v 0.1 6.1 0.6
v 0.2 6.1 0.6
v -0.2 6.1 0.5
v -0.1 6.1 0.5
v 0.1 6.1 0.5
v 0.2 6.1 0.5
v -0.6 6.1 0.2
v -0.5 6.1 0.2
v 0.5 6.1 0.2
v 0.6 6.1 0.2
v -0.6 6.1 0.1
v -0.5 6.1 0.1
v 0.5 6.1 0.1
v 0.6 6.1 0.1
v -0.6 6.1 -0.1
v -0.5 6.1 -0.1
v 0.5 6.1 -0.1
v 0.6 6.1 -0.1
v -0.6 6.1 -0.2
v -0.5 6.1 -0.2
v 0.5 6.1 -0.2
v 0.6 6.1 -0.2
v -0.2 6.1 -0.5
v -0.1 6.1 -0.5
v 0.1 6.1 -0.5
v 0.2 6.1 -0.5
v -0.2 6.1 -0.6
v -0.1 6.1 -0.6
v 0.1 6.1 -0.6
v 0.2 6.1 -0.6
v -0.1 6.6 0.6
v 0 6.6 0.6
v -0.1 6.6 0.5
v 0 6.6 0.5
v 0.5 6.6 0.1
v 0.6 6.6 0.1
v -0.6 6.6 0
v -0.5 6.6 0
v 0.5 6.6 0
v 0.6 6.6 0
v -0.6 6.6 -0.1
v -0.5 6.6 -0.1
v 0 6.6 -0.5
v 0.1 6.6 -0.5
v 0 6.6 -0.6
v 0.1 6.6 -0.6
v 0 6.7 0.6
v 0.1 6.7 0.6
v 0 6.7 0.5
v 0.1 6.7 0.5
v -0.6 6.7 0.1
v -0.5 6.7 0.1
v -0.6 6.7 0
v -0.5 6.7 0
v 0.5 6.7 0
v 0.6 6.7 0
v 0.5 6.7 -0.1
v 0.6 6.7 -0.1
v -0.1 6.7 -0.5
v 0 6.7 -0.5
v -0.1 6.7 -0.6
v 0 6.7 -0.6
v -0.2 6.9 0.6
v -0.1 6.9 0.6
v 0.1 6.9 0.6
v 0.2 6.9 0.6
v -0.2 6.9 0.5
v -0.1 6.9 0.5
v 0.1 6.9 0.5
v 0.2 6.9 0.5
v -0.6 6.9 0.2
v -0.5 6.9 0.2
v 0.5 6.9 0.2
v 0.6 6.9 0.2
v -0.6 6.9 0.1
v -0.5 6.9 0.1
v 0.5 6.9 0.1
v 0.6 6.9 0.1
v -0.6 6.9 -0.1
v -0.5 6.9 -0.1
v 0.5 6.9 -0.1
v 0.6 6.9 -0.1
v -0.6 6.9 -0.2
v -0.5 6.9 -0.2
v 0.5 6.9 -0.2
v 0.6 6.9 -0.2
v -0.2 6.9 -0.5
v -0.1 6.9 -0.5
v 0.1 6.9 -0.5
v 0.2 6.9 -0.5
v -0.2 6.9 -0.6
v -0.1 6.9 -0.6
v 0.1 6.9 -0.6
v 0.2 6.9 -0.6
v -0.1 7 0.6
v 0.1 7 0.6
v -0.1 7 0.5
v 0.1 7 0.5
v -0.6 7 0.1
v -0.5 7 0.1
v 0.5 7 0.1
v 0.6 7 0.1
v -0.6 7 -0.1
v -0.5 7 -0.1
v 0.5 7 -0.1
v 0.6 7 -0.1
v -0.1 7 -0.5
v 0.1 7 -0.5
v -0.1 7 -0.6
v 0.1 7 -0.6
v -0.4 7.3 0.5
v -0.3 7.3 0.5
v 0.3 7.3 0.5
v 0.4 7.3 0.5
v -0.5 7.3 0.4
v -0.4 7.3 0.4
v -0.3 7.3 0.4
v 0.3 7.3 0.4
v 0.4 7.3 0.4
v 0.5 7.3 0.4
v -0.5 7.3 0.3
v -0.4 7.3 0.3
v 0.4 7.3 0.3
v 0.5 7.3 0.3
v -0.5 7.3 -0.3
v -0.4 7.3 -0.3
v 0.4 7.3 -0.3
v 0.5 7.3 -0.3
v -0.5 7.3 -0.4
v -0.4 7.3 -0.4
v -0.3 7.3 -0.4
v 0.3 7.3 -0.4
v 0.4 7.3 -0.4
v 0.5 7.3 -0.4
v -0.4 7.3 -0.5
v -0.3 7.3 -0.5
v 0.3 7.3 -0.5
v 0.4 7.3 -0.5
v -0.4 1.5 1.1
v 0.4 1.5 1.1
v -0.6 1.5 1
v -0.4 1.5 1
v 0.4 1.5 1
v 0.6 1.5 1
v -0.7 1.5 0.9
v -0.6 1.5 0.9
v 0.6 1.5 0.9
v 0.7 1.5 0.9
v -0.8 1.5 0.8
v -0.7 1.5 0.8
v -0.3 1.5 0.8
v 0.3 1.5 0.8
v 0.7 1.5 0.8
v 0.8 1.5 0.8
v -0.9 1.5 0.7
v -0.8 1.5 0.7
v -0.5 1.5 0.7
v -0.3 1.5 0.7
v 0.3 1.5 0.7
v 0.5 1.5 0.7
v 0.8 1.5 0.7
v 0.9 1.5 0.7
v -1 1.5 0.6
v -0.9 1.5 0.6
v -0.6 1.5 0.6
v -0.5 1.5 0.6
v 0.5 1.5 0.6
v 0.6 1.5 0.6
v 0.9 1.5 0.6
v 1 1.5 0.6
v -0.7 1.5 0.5
v -0.6 1.5 0.5
v 0.6 1.5 0.5
v 0.7 1.5 0.5
v -1.1 1.5 0.4
v -1 1.5 0.4
v 1 1.5 0.4
v 1.1 1.5 0.4
v -0.8 1.5 0.3
v -0.7 1.5 0.3
v 0.7 1.5 0.3
v 0.8 1.5 0.3
v -0.8 1.5 -0.3
v -0.7 1.5 -0.3
v 0.7 1.5 -0.3
v 0.8 1.5 -0.3
v -1.1 1.5 -0.4
v -1 1.5 -0.4
v 1 1.5 -0.4
v 1.1 1.5 -0.4
v -0.7 1.5 -0.5
v -0.6 1.5 -0.5
v 0.6 1.5 -0.5
v 0.7 1.5 -0.5
v -1 1.5 -0.6
v -0.9 1.5 -0.6
v -0.6 1.5 -0.6
v -0.5 1.5 -0.6
v 0.5 1.5 -0.6
v 0.6 1.5 -0.6
v 0.9 1.5 -0.6
v 1 1.5 -0.6
v -0.9 1.5 -0.7
v -0.8 1.5 -0.7
v -0.5 1.5 -0.7
v -0.3 1.5 -0.7
v 0.3 1.5 -0.7
v 0.5 1.5 -0.7
v 0.8 1.5 -0.7
v 0.9 1.5 -0.7
v -0.8 1.5 -0.8
v -0.7 1.5 -0.8
v -0.3 1.5 -0.8
v 0.3 1.5 -0.8
v 0.7 1.5 -0.8
v 0.8 1.5 -0.8
v -0.7 1.5 -0.9
v -0.6 1.5 -0.9
v 0.6 1.5 -0.9
v 0.7 1.5 -0.9
v -0.6 1.5 -1
v -0.4 1.5 -1
v 0.4 1.5 -1
v 0.6 1.5 -1
v -0.4 1.5 -1.1
v 0.4 1.5 -1.1
v -0.4 2 1.1
v 0.4 2 1.1
v -0.6 2 1
v -0.4 2 1
v 0.4 2 1
v 0.6 2 1
v -0.7 2 0.9
v -0.6 2 0.9
v 0.6 2 0.9
v 0.7 2 0.9
v -0.8 2 0.8
v -0.7 2 0.8
v -0.6 2 0.8
v -0.5 2 0.8
v 0.5 2 0.8
v 0.6 2 0.8
v 0.7 2 0.8
v 0.8 2 0.8
v -0.9 2 0.7
v -0.8 2 0.7
v -0.6 2 0.7
v -0.5 2 0.7
v 0.5 2 0.7
v 0.6 2 0.7
v 0.8 2 0.7
v 0.9 2 0.7
v -1 2 0.6
v -0.9 2 0.6
v -0.8 2 0.6
v -0.7 2 0.6
v 0.7 2 0.6
v 0.8 2 0.6
v 0.9 2 0.6
v 1 2 0.6
v -0.8 2 0.5
v -0.7 2 0.5
v 0.7 2 0.5
v 0.8 2 0.5
v -1.1 2 0.4
v -1 2 0.4
v 1 2 0.4
v 1.1 2 0.4
v -1.1 2 -0.4
v -1 2 -0.4
v 1 2 -0.4
v 1.1 2 -0.4
v -0.8 2 -0.5
v -0.7 2 -0.5
v 0.7 2 -0.5
v 0.8 2 -0.5
v -1 2 -0.6
v -0.9 2 -0.6
v -0.8 2 -0.6
v -0.7 2 -0.6
v 0.7 2 -0.6
v 0.8 2 -0.6
v 0.9 2 -0.6
v 1 2 -0.6
v -0.9 2 -0.7
v -0.8 2 -0.7
v -0.6 2 -0.7
v -0.5 2 -0.7
v 0.5 2 -0.7
v 0.6 2 -0.7
v 0.8 2 -0.7
v 0.9 2 -0.7
v -0.8 2 -0.8
v -0.7 2 -0.8
v -0.6 2 -0.8
v -0.5 2 -0.8
v 0.5 2 -0.8
v 0.6 2 -0.8
v 0.7 2 -0.8
v 0.8 2 -0.8
v -0.7 2 -0.9
v -0.6 2 -0.9
v 0.6 2 -0.9
v 0.7 2 -0.9
v -0.6 2 -1
v -0.4 2 -1
v 0.4 2 -1
v 0.6 2 -1
v -0.4 2 -1.1
v 0.4 2 -1.1
v 0.1 2.2 0.8
v 0.2 2.2 0.8
v 0.1 2.2 0.7
v 0.2 2.2 0.7
v -0.8 2.2 0.2
v -0.7 2.2 0.2
v -0.8 2.2 0.1
v -0.7 2.2 0.1
v 0.7 2.2 -0.1
v 0.8 2.2 -0.1
v 0.7 2.2 -0.2
v 0.8 2.2 -0.2
v -0.2 2.2 -0.7
v -0.1 2.2 -0.7
v -0.2 2.2 -0.8
v -0.1 2.2 -0.8
v -0.1 2.3 0.8
v 0.1 2.3 0.8
v -0.1 2.3 0.7
v 0.1 2.3 0.7
v -0.8 2.3 0.1
v -0.7 2.3 0.1
v 0.7 2.3 0.1
v 0.8 2.3 0.1
v -0.8 2.3 -0.1
v -0.7 2.3 -0.1
v 0.7 2.3 -0.1
v 0.8 2.3 -0.1
v -0.1 2.3 -0.7
v 0.1 2.3 -0.7
v -0.1 2.3 -0.8
v 0.1 2.3 -0.8
v -0.2 2.4 0.8
v -0.1 2.4 0.8
v -0.2 2.4 0.7
v -0.1 2.4 0.7
v 0.7 2.4 0.2
v 0.8 2.4 0.2
v 0.7 2.4 0.1
v 0.8 2.4 0.1
v -0.8 2.4 -0.1
v -0.7 2.4 -0.1
v -0.8 2.4 -0.2
v -0.7 2.4 -0.2
v 0.1 2.4 -0.7
v 0.2 2.4 -0.7
v 0.1 2.4 -0.8
v 0.2 2.4 -0.8
v 0.1 2.5 0.8
v 0.2 2.5 0.8
v 0.1 2.5 0.7
v 0.2 2.5 0.7
v -0.8 2.5 0.2
v -0.7 2.5 0.2
v -0.8 2.5 0.1
v -0.7 2.5 0.1
v 0.7 2.5 -0.1
v 0.8 2.5 -0.1
v 0.7 2.5 -0.2
v 0.8 2.5 -0.2
v -0.2 2.5 -0.7
v -0.1 2.5 -0.7
v -0.2 2.5 -0.8
v -0.1 2.5 -0.8
v -0.1 2.6 0.8
v 0.1 2.6 0.8
v -0.1 2.6 0.7
v 0.1 2.6 0.7
v -0.8 2.6 0.1
v -0.7 2.6 0.1
v 0.7 2.6 0.1
v 0.8 2.6 0.1
v -0.8 2.6 -0.1
v -0.7 2.6 -0.1
v 0.7 2.6 -0.1
v 0.8 2.6 -0.1
v -0.1 2.6 -0.7
v 0.1 2.6 -0.7
v -0.1 2.6 -0.8
v 0.1 2.6 -0.8
v -0.2 2.9 0.8
v -0.1 2.9 0.8
v -0.2 2.9 0.7
v -0.1 2.9 0.7
v 0.7 2.9 0.2
v 0.8 2.9 0.2
v 0.7 2.9 0.1
v 0.8 2.9 0.1
v -0.8 2.9 -0.1
v -0.7 2.9 -0.1
v -0.8 2.9 -0.2
v -0.7 2.9 -0.2
v 0.1 2.9 -0.7
v 0.2 2.9 -0.7
v 0.1 2.9 -0.8
v 0.2 2.9 -0.8
v 0 3 0.8
v 0.1 3 0.8
v 0 3 0.7
v 0.1 3 0.7
v -0.8 3 0.1
v -0.7 3 0.1
v -0.8 3 0
v -0.7 3 0
v 0.7 3 0
v 0.8 3 0
v 0.7 3 -0.1
v 0.8 3 -0.1
v -0.1 3 -0.7
v 0 3 -0.7
v -0.1 3 -0.8
v 0 3 -0.8
v -0.1 3.1 0.8
v 0 3.1 0.8
v -0.1 3.1 0.7
v 0 3.1 0.7
v 0.7 3.1 0.1
v 0.8 3.1 0.1
v -0.8 3.1 0
v -0.7 3.1 0
v 0.7 3.1 0
v 0.8 3.1 0
v -0.8 3.1 -0.1
v -0.7 3.1 -0.1
v 0 3.1 -0.7
v 0.1 3.1 -0.7
v 0 3.1 -0.8
v 0.1 3.1 -0.8
v -0.2 3.3 0.8
v -0.1 3.3 0.8
v 0 3.3 0.8
v 0.2 3.3 0.8
v -0.2 3.3 0.7
v -0.1 3.3 0.7
v 0 3.3 0.7
v 0.2 3.3 0.7
v -0.8 3.3 0.2
v -0.7 3.3 0.2
v 0.7 3.3 0.2
v 0.8 3.3 0.2
v 0.7 3.3 0.1
v 0.8 3.3 0.1
v -0.8 3.3 0
v -0.7 3.3 0
v 0.7 3.3 0
v 0.8 3.3 0
v -0.8 3.3 -0.1
v -0.7 3.3 -0.1
v -0.8 3.3 -0.2
v -0.7 3.3 -0.2
v 0.7 3.3 -0.2
v 0.8 3.3 -0.2
v -0.2 3.3 -0.7
v 0 3.3 -0.7
v 0.1 3.3 -0.7
v 0.2 3.3 -0.7
v -0.2 3.3 -0.8
v 0 3.3 -0.8
v 0.1 3.3 -0.8
v 0.2 3.3 -0.8
v -0.6 3.8 0.8
v -0.5 3.8 0.8
v 0.5 3.8 0.8
v 0.6 3.8 0.8
v -0.6 3.8 0.7
v -0.5 3.8 0.7
v -0.4 3.8 0.7
v 0.4 3.8 0.7
v 0.5 3.8 0.7
v 0.6 3.8 0.7
v -0.8 3.8 0.6
v -0.7 3.8 0.6
v 0.7 3.8 0.6
v 0.8 3.8 0.6
v -0.8 3.8 0.5
v -0.7 3.8 0.5
v 0.7 3.8 0.5
v 0.8 3.8 0.5
v -0.7 3.8 0.4
v 0.7 3.8 0.4
v -0.7 3.8 -0.4
v 0.7 3.8 -0.4
v -0.8 3.8 -0.5
v -0.7 3.8 -0.5
v 0.7 3.8 -0.5
v 0.8 3.8 -0.5
v -0.8 3.8 -0.6
v -0.7 3.8 -0.6
v 0.7 3.8 -0.6
v 0.8 3.8 -0.6
v -0.6 3.8 -0.7
v -0.5 3.8 -0.7
v -0.4 3.8 -0.7
v 0.4 3.8 -0.7
v 0.5 3.8 -0.7
v 0.6 3.8 -0.7
v -0.6 3.8 -0.8
v -0.5 3.8 -0.8
v 0.5 3.8 -0.8
v 0.6 3.8 -0.8
v 0 3.9 0.7
v 0.1 3.9 0.7
v 0 3.9 0.6
v 0.1 3.9 0.6
v -0.7 3.9 0.1
v -0.6 3.9 0.1
v -0.7 3.9 0
v -0.6 3.9 0
v 0.6 3.9 0
v 0.7 3.9 0
v 0.6 3.9 -0.1
v 0.7 3.9 -0.1
v -0.1 3.9 -0.6
v 0 3.9 -0.6
v -0.1 3.9 -0.7
v 0 3.9 -0.7
v 0.1 4 0.7
v 0.2 4 0.7
v 0.1 4 0.6
v 0.2 4 0.6
v -0.7 4 0.2
v -0.6 4 0.2
v -0.7 4 0.1
v -0.6 4 0.1
v 0.6 4 -0.1
v 0.7 4 -0.1
v 0.6 4 -0.2
v 0.7 4 -0.2
v -0.2 4 -0.6
v -0.1 4 -0.6
v -0.2 4 -0.7
v -0.1 4 -0.7
v -0.1 4.1 0.7
v 0 4.1 0.7
v -0.1 4.1 0.6
v 0 4.1 0.6
v 0.6 4.1 0.1
v 0.7 4.1 0.1
v -0.7 4.1 0
v -0.6 4.1 0
v 0.6 4.1 0
v 0.7 4.1 0
v -0.7 4.1 -0.1
v -0.6 4.1 -0.1
v 0 4.1 -0.6
v 0.1 4.1 -0.6
v 0 4.1 -0.7
v 0.1 4.1 -0.7
v 0 4.2 0.7
v 0.1 4.2 0.7
v 0 4.2 0.6
v 0.1 4.2 0.6
v -0.7 4.2 0.1
v -0.6 4.2 0.1
v -0.7 4.2 0
v -0.6 4.2 0
v 0.6 4.2 0
v 0.7 4.2 0
v 0.6 4.2 -0.1
v 0.7 4.2 -0.1
v -0.1 4.2 -0.6
v 0 4.2 -0.6
v -0.1 4.2 -0.7
v 0 4.2 -0.7
v -0.2 4.3 0.7
v 0 4.3 0.7
v -0.2 4.3 0.6
v 0 4.3 0.6
v 0.6 4.3 0.2
v 0.7 4.3 0.2
v -0.7 4.3 0
v -0.6 4.3 0
v 0.6 4.3 0
v 0.7 4.3 0
v -0.7 4.3 -0.2
v -0.6 4.3 -0.2
v 0 4.3 -0.6
v 0.2 4.3 -0.6
v 0 4.3 -0.7
v 0.2 4.3 -0.7
v 0.1 4.6 0.7
v 0.2 4.6 0.7
v 0.1 4.6 0.6
v 0.2 4.6 0.6
v -0.7 4.6 0.2
v -0.6 4.6 0.2
v -0.7 4.6 0.1
v -0.6 4.6 0.1
v 0.6 4.6 -0.1
v 0.7 4.6 -0.1
v 0.6 4.6 -0.2
v 0.7 4.6 -0.2
v -0.2 4.6 -0.6
v -0.1 4.6 -0.6
v -0.2 4.6 -0.7
v -0.1 4.6 -0.7
v -0.2 4.7 0.7
v 0 4.7 0.7
v -0.2 4.7 0.6
v 0 4.7 0.6
v 0.6 4.7 0.2
v 0.7 4.7 0.2
v -0.7 4.7 0
v -0.6 4.7 0
v 0.6 4.7 0
v 0.7 4.7 0
v -0.7 4.7 -0.2
v -0.6 4.7 -0.2
v 0 4.7 -0.6
v 0.2 4.7 -0.6
v 0 4.7 -0.7
v 0.2 4.7 -0.7
v -0.1 4.9 0.7
v 0 4.9 0.7
v -0.1 4.9 0.6
v 0 4.9 0.6
v 0.6 4.9 0.1
v 0.7 4.9 0.1
v -0.7 4.9 0
v -0.6 4.9 0
v 0.6 4.9 0
v 0.7 4.9 0
v -0.7 4.9 -0.1
v -0.6 4.9 -0.1
v 0 4.9 -0.6
v 0.1 4.9 -0.6
v 0 4.9 -0.7
v 0.1 4.9 -0.7
v 0.1 5 0.7
v 0.2 5 0.7
v 0.1 5 0.6
v 0.2 5 0.6
v -0.7 5 0.2
v -0.6 5 0.2
v -0.7 5 0.1
v -0.6 5 0.1
v 0.6 5 -0.1
v 0.7 5 -0.1
v 0.6 5 -0.2
v 0.7 5 -0.2
v -0.2 5 -0.6
v -0.1 5 -0.6
v -0.2 5 -0.7
v -0.1 5 -0.7
v -0.2 5.1 0.7
v 0.1 5.1 0.7
v -0.2 5.1 0.6
v 0.1 5.1 0.6
v 0.6 5.1 0.2
v 0.7 5.1 0.2
v -0.7 5.1 0.1
v -0.6 5.1 0.1
v 0.6 5.1 -0.1
v 0.7 5.1 -0.1
v -0.7 5.1 -0.2
v -0.6 5.1 -0.2
v -0.1 5.1 -0.6
v 0.2 5.1 -0.6
v -0.1 5.1 -0.7
v 0.2 5.1 -0.7
v -0.5 5.5 0.7
v -0.4 5.5 0.7
v 0.4 5.5 0.7
v 0.5 5.5 0.7
v -0.5 5.5 0.6
v -0.4 5.5 0.6
v -0.3 5.5 0.6
v 0.3 5.5 0.6
v 0.4 5.5 0.6
v 0.5 5.5 0.6
v -0.7 5.5 0.5
v -0.6 5.5 0.5
v 0.6 5.5 0.5
v 0.7 5.5 0.5
v -0.7 5.5 0.4
v -0.6 5.5 0.4
v 0.6 5.5 0.4
v 0.7 5.5 0.4
v -0.6 5.5 0.3
v 0.6 5.5 0.3
v -0.6 5.5 -0.3
v 0.6 5.5 -0.3
v -0.7 5.5 -0.4
v -0.6 5.5 -0.4
v 0.6 5.5 -0.4
v 0.7 5.5 -0.4
v -0.7 5.5 -0.5
v -0.6 5.5 -0.5
v 0.6 5.5 -0.5
v 0.7 5.5 -0.5
v -0.5 5.5 -0.6
v -0.4 5.5 -0.6
v -0.3 5.5 -0.6
v 0.3 5.5 -0.6
v 0.4 5.5 -0.6
v 0.5 5.5 -0.6
v -0.5 5.5 -0.7
v -0.4 5.5 -0.7
v 0.4 5.5 -0.7
v 0.5 5.5 -0.7
v 0 5.6 0.6
v 0.1 5.6 0.6
v 0 5.6 0.5
v 0.1 5.6 0.5
v -0.6 5.6 0.1
v -0.5 5.6 0.1
v -0.6 5.6 0
v -0.5 5.6 0
v 0.5 5.6 0
v 0.6 5.6 0
v 0.5 5.6 -0.1
v 0.6 5.6 -0.1
v -0.1 5.6 -0.5
v 0 5.6 -0.5
v -0.1 5.6 -0.6
v 0 5.6 -0.6
v 0.1 5.7 0.6
v 0.2 5.7 0.6
v 0.1 5.7 0.5
v 0.2 5.7 0.5
v -0.6 5.7 0.2
v -0.5 5.7 0.2
v -0.6 5.7 0.1
v -0.5 5.7 0.1
v 0.5 5.7 -0.1
v 0.6 5.7 -0.1
v 0.5 5.7 -0.2
v 0.6 5.7 -0.2
v -0.2 5.7 -0.5
v -0.1 5.7 -0.5
v -0.2 5.7 -0.6
v -0.1 5.7 -0.6
v -0.1 5.9 0.6
v 0.1 5.9 0.6
v -0.1 5.9 0.5
v 0.1 5.9 0.5
v -0.6 5.9 0.1
v -0.5 5.9 0.1
v 0.5 5.9 0.1
v 0.6 5.9 0.1
v -0.6 5.9 -0.1
v -0.5 5.9 -0.1
v 0.5 5.9 -0.1
v 0.6 5.9 -0.1
v -0.1 5.9 -0.5
v 0.1 5.9 -0.5
v -0.1 5.9 -0.6
v 0.1 5.9 -0.6
v -0.2 6 0.6
v -0.1 6 0.6
v 0.1 6 0.6
v 0.2 6 0.6
v -0.2 6 0.5
v -0.1 6 0.5
v 0.1 6 0.5
v 0.2 6 0.5
v -0.6 6 0.2
v -0.5 6 0.2
v 0.5 6 0.2
v 0.6 6 0.2
v -0.6 6 0.1
v -0.5 6 0.1
v 0.5 6 0.1
v 0.6 6 0.1
v -0.6 6 -0.1
v -0.5 6 -0.1
v 0.5 6 -0.1
v 0.6 6 -0.1
v -0.6 6 -0.2
v -0.5 6 -0.2
v 0.5 6 -0.2
v 0.6 6 -0.2
v -0.2 6 -0.5
v -0.1 6 -0.5
v 0.1 6 -0.5
v 0.2 6 -0.5
v -0.2 6 -0.6
v -0.1 6 -0.6
v 0.1 6 -0.6
v 0.2 6 -0.6
v -0.1 6.5 0.6
v 0 6.5 0.6
v -0.1 6.5 0.5
v 0 6.5 0.5
v 0.5 6.5 0.1
v 0.6 6.5 0.1
v -0.6 6.5 0
v -0.5 6.5 0
v 0.5 6.5 0
v 0.6 6.5 0
v -0.6 6.5 -0.1
v -0.5 6.5 -0.1
v 0 6.5 -0.5
v 0.1 6.5 -0.5
v 0 6.5 -0.6
v 0.1 6.5 -0.6
v 0 6.6 0.6
v 0.1 6.6 0.6
v 0 6.6 0.5
v 0.1 6.6 0.5
v -0.6 6.6 0.1
v -0.5 6.6 0.1
v -0.6 6.6 0
v -0.5 6.6 0
v 0.5 6.6 0
v 0.6 6.6 0
v 0.5 6.6 -0.1
v 0.6 6.6 -0.1
v -0.1 6.6 -0.5
v 0 6.6 -0.5
v -0.1 6.6 -0.6
v 0 6.6 -0.6
v 0.1 6.7 0.6
v 0.2 6.7 0.6
v 0.1 6.7 0.5
v 0.2 6.7 0.5
v -0.6 6.7 0.2
v -0.5 6.7 0.2
v -0.6 6.7 0.1
v -0.5 6.7 0.1
v 0.5 6.7 -0.1
v 0.6 6.7 -0.1
v 0.5 6.7 -0.2
v 0.6 6.7 -0.2
v -0.2 6.7 -0.5
v -0.1 6.7 -0.5
v -0.2 6.7 -0.6
v -0.1 6.7 -0.6
v -0.2 6.8 0.6
v -0.1 6.8 0.6
v -0.2 6.8 0.5
v -0.1 6.8 0.5
v 0.5 6.8 0.2
v 0.6 6.8 0.2
v 0.5 6.8 0.1
v 0.6 6.8 0.1
v -0.6 6.8 -0.1
v -0.5 6.8 -0.1
v -0.6 6.8 -0.2
v -0.5 6.8 -0.2
v 0.1 6.8 -0.5
v 0.2 6.8 -0.5
v 0.1 6.8 -0.6
v 0.2 6.8 -0.6
v -0.1 6.9 0.6
v 0.1 6.9 0.6
v -0.1 6.9 0.5
v 0.1 6.9 0.5
v -0.6 6.9 0.1
v -0.5 6.9 0.1
v 0.5 6.9 0.1
v 0.6 6.9 0.1
v -0.6 6.9 -0.1
v -0.5 6.9 -0.1
v 0.5 6.9 -0.1
v 0.6 6.9 -0.1
v -0.1 6.9 -0.5
v 0.1 6.9 -0.5
v -0.1 6.9 -0.6
v 0.1 6.9 -0.6
v -0.4 7.3 0.6
v -0.3 7.3 0.6
v 0.3 7.3 0.6
v 0.4 7.3 0.6
v -0.4 7.3 0.5
v -0.3 7.3 0.5
v 0.3 7.3 0.5
v 0.4 7.3 0.5
v -0.6 7.3 0.4
v -0.5 7.3 0.4
v 0.5 7.3 0.4
v 0.6 7.3 0.4
v -0.6 7.3 0.3
v -0.5 7.3 0.3
v 0.5 7.3 0.3
v 0.6 7.3 0.3
v -0.6 7.3 -0.3
v -0.5 7.3 -0.3
v 0.5 7.3 -0.3
v 0.6 7.3 -0.3
v -0.6 7.3 -0.4
v -0.5 7.3 -0.4
v 0.5 7.3 -0.4
v 0.6 7.3 -0.4
v -0.4 7.3 -0.5
v -0.3 7.3 -0.5
v 0.3 7.3 -0.5
v 0.4 7.3 -0.5
v -0.4 7.3 -0.6
v -0.3 7.3 -0.6
v 0.3 7.3 -0.6
v 0.4 7.3 -0.6
v -0.4 7.4 0.5
v -0.3 7.4 0.5
v 0.3 7.4 0.5
v 0.4 7.4 0.5
v -0.5 7.4 0.4
v -0.4 7.4 0.4
v -0.3 7.4 0.4
v 0.3 7.4 0.4
v 0.4 7.4 0.4
v 0.5 7.4 0.4
v -0.5 7.4 0.3
v -0.4 7.4 0.3
v 0.4 7.4 0.3
v 0.5 7.4 0.3
v -0.5 7.4 -0.3
v -0.4 7.4 -0.3
v 0.4 7.4 -0.3
v 0.5 7.4 -0.3
v -0.5 7.4 -0.4
v -0.4 7.4 -0.4
v -0.3 7.4 -0.4
v 0.3 7.4 -0.4
v 0.4 7.4 -0.4
v 0.5 7.4 -0.4
v -0.4 7.4 -0.5
v -0.3 7.4 -0.5
v 0.3 7.4 -0.5
v 0.4 7.4 -0.5
v -0.4 7.5 0.4
v -0.3 7.5 0.4
v 0.3 7.5 0.4
v 0.4 7.5 0.4
v -0.4 7.5 0.3
v -0.3 7.5 0.3
v -0.2 7.5 0.3
v 0.2 7.5 0.3
v 0.3 7.5 0.3
v 0.4 7.5 0.3
v -0.3 7.5 0.2
v 0.3 7.5 0.2
v -0.3 7.5 -0.2
v 0.3 7.5 -0.2
v -0.4 7.5 -0.3
v -0.3 7.5 -0.3
v -0.2 7.5 -0.3
v 0.2 7.5 -0.3
v 0.3 7.5 -0.3
v 0.4 7.5 -0.3
v -0.4 7.5 -0.4
v -0.3 7.5 -0.4
v 0.3 7.5 -0.4
v 0.4 7.5 -0.4
v -0.3 7.6 0.3
v -0.2 7.6 0.3
v 0.2 7.6 0.3
v 0.3 7.6 0.3
v -0.3 7.6 0.2
v -0.2 7.6 0.2
v -0.1 7.6 0.2
v 0.1 7.6 0.2
v 0.2 7.6 0.2
v 0.3 7.6 0.2
v -0.2 7.6 0.1
v 0.2 7.6 0.1
v -0.2 7.6 -0.1
v 0.2 7.6 -0.1
v -0.3 7.6 -0.2
v -0.2 7.6 -0.2
v -0.1 7.6 -0.2
v 0.1 7.6 -0.2
v 0.2 7.6 -0.2
v 0.3 7.6 -0.2
v -0.3 7.6 -0.3
v -0.2 7.6 -0.3
v 0.2 7.6 -0.3
v 0.3 7.6 -0.3
v -0.2 7.7 0.2
v -0.1 7.7 0.2
v 0.1 7.7 0.2
v 0.2 7.7 0.2
v -0.2 7.7 0.1
v -0.1 7.7 0.1
v 0.1 7.7 0.1
v 0.2 7.7 0.1
v -0.2 7.7 -0.1
v -0.1 7.7 -0.1
v 0.1 7.7 -0.1
v 0.2 7.7 -0.1
v -0.2 7.7 -0.2
v -0.1 7.7 -0.2
v 0.1 7.7 -0.2
v 0.2 7.7 -0.2
v -0.1 7.8 0.1
v 0.1 7.8 0.1
v -0.1 7.8 -0.1
v 0.1 7.8 -0.1

# faces
f 3/1/1 2/1/1 1/1/1
f 4/1/1 2/1/1 3/1/1
f 7/1/1 6/1/1 5/1/1
f 8/1/1 6/1/1 7/1/1
f 13/1/1 10/1/1 9/1/1
f 14/1/1 10/1/1 13/1/1
f 15/1/1 12/1/1 11/1/1
f 16/1/1 12/1/1 15/1/1
f 21/1/1 18/1/1 17/1/1
f 22/1/1 18/1/1 21/1/1
f 23/1/1 20/1/1 19/1/1
f 24/1/1 20/1/1 23/1/1
f 29/1/1 26/1/1 25/1/1
f 30/1/1 26/1/1 29/1/1
f 31/1/1 28/1/1 27/1/1
f 32/1/1 28/1/1 31/1/1
f 37/1/1 34/1/1 33/1/1
f 38/1/1 34/1/1 37/1/1
f 39/1/1 36/1/1 35/1/1
f 40/1/1 36/1/1 39/1/1
f 45/1/1 42/1/1 41/1/1
f 46/1/1 42/1/1 45/1/1
f 49/1/1 44/1/1 43/1/1
f 50/1/1 44/1/1 49/1/1
f 53/3/1 48/3/1 47/3/1
f 54/3/1 48/3/1 53/3/1
f 57/1/1 52/1/1 51/1/1
f 58/1/1 52/1/1 57/1/1
f 63/1/1 56/1/1 55/1/1
f 64/1/1 56/1/1 63/1/1
f 65/3/1 61/3/1 60/3/1
f 66/3/1 61/3/1 65/3/1
f 67/3/1 65/3/1 60/3/1
f 68/3/1 61/3/1 66/3/1
f 69/3/1 61/3/1 68/3/1
f 70/3/1 68/3/1 67/3/1
f 71/3/1 61/3/1 69/3/1
f 72/3/1 61/3/1 71/3/1
f 73/3/1 67/3/1 60/3/1
f 73/3/1 70/3/1 67/3/1
f 73/3/1 71/3/1 70/3/1
f 74/3/1 71/3/1 73/3/1
f 75/3/1 71/3/1 74/3/1
f 76/3/1 71/3/1 75/3/1
f 77/3/1 61/3/1 72/3/1
f 78/3/1 73/3/1 60/3/1
f 79/3/1 77/3/1 76/3/1
f 80/3/1 77/3/1 79/3/1
f 80/3/1 79/3/1 78/3/1
f 81/3/1 61/3/1 77/3/1
f 81/3/1 77/3/1 80/3/1
f 82/3/1 80/3/1 78/3/1
f 83/3/1 80/3/1 82/3/1
f 84/3/1 82/3/1 78/3/1
f 85/3/1 80/3/1 83/3/1
f 86/3/1 80/3/1 85/3/1
f 87/3/1 61/3/1 81/3/1
f 88/3/1 85/3/1 84/3/1
f 89/3/1 87/3/1 86/3/1
f 90/3/1 78/3/1 60/3/1
f 90/3/1 89/3/1 88/3/1
f 90/3/1 88/3/1 84/3/1
f 90/3/1 84/3/1 78/3/1
f 91/3/1 89/3/1 90/3/1
f 92/3/1 87/3/1 89/3/1
f 92/3/1 89/3/1 91/3/1
f 93/3/1 61/3/1 87/3/1
f 93/3/1 87/3/1 92/3/1
f 95/3/1 92/3/1 91/3/1
f 96/3/1 90/3/1 60/3/1
f 97/3/1 95/3/1 94/3/1
f 98/3/1 92/3/1 95/3/1
f 98/3/1 95/3/1 97/3/1
f 99/3/1 61/3/1 93/3/1
f 100/2/1 60/2/1 59/2/1
f 101/3/1 99/3/1 98/3/1
f 101/2/1 60/2/1 100/2/1
f 101/3/1 98/3/1 97/3/1
f 101/3/1 96/3/1 60/3/1
f 101/3/1 97/3/1 96/3/1
f 102/2/1 62/2/1 61/2/1
f 102/3/1 99/3/1 101/3/1
f 102/3/1 61/3/1 99/3/1
f 103/2/1 62/2/1 102/2/1
f 108/1/1 105/1/1 104/1/1
f 109/1/1 105/1/1 108/1/1
f 114/1/1 107/1/1 106/1/1
f 115/1/1 107/1/1 114/1/1
f 118/3/1 111/3/1 110/3/1
f 119/3/1 111/3/1 118/3/1
f 120/3/1 113/3/1 112/3/1
f 121/3/1 113/3/1 120/3/1
f 124/1/1 117/1/1 116/1/1
f 125/1/1 117/1/1 124/1/1
f 126/1/1 123/1/1 122/1/1
f 127/1/1 123/1/1 126/1/1
f 132/3/1 130/3/1 129/3/1
f 133/3/1 130/3/1 132/3/1
f 134/3/1 132/3/1 129/3/1
f 135/3/1 132/3/1 134/3/1
f 136/3/1 130/3/1 133/3/1
f 137/3/1 136/3/1 135/3/1
f 137/3/1 130/3/1 136/3/1
f 138/3/1 130/3/1 137/3/1
f 139/3/1 137/3/1 135/3/1
f 140/3/1 137/3/1 139/3/1
f 141/3/1 130/3/1 138/3/1
f 142/3/1 134/3/1 129/3/1
f 143/3/1 141/3/1 140/3/1
f 144/3/1 130/3/1 141/3/1
f 144/3/1 141/3/1 143/3/1
f 145/3/1 143/3/1 142/3/1
f 146/3/1 130/3/1 144/3/1
f 147/3/1 142/3/1 129/3/1
f 147/3/1 146/3/1 145/3/1
f 147/3/1 145/3/1 142/3/1
f 148/3/1 146/3/1 147/3/1
f 149/3/1 146/3/1 148/3/1
f 150/3/1 130/3/1 146/3/1
f 150/3/1 146/3/1 149/3/1
f 151/3/1 147/3/1 129/3/1
f 152/3/1 149/3/1 148/3/1
f 153/3/1 149/3/1 152/3/1
f 154/3/1 130/3/1 150/3/1
f 155/3/1 153/3/1 152/3/1
f 155/3/1 154/3/1 153/3/1
f 155/3/1 152/3/1 151/3/1
f 156/3/1 154/3/1 155/3/1
f 157/3/1 151/3/1 129/3/1
f 157/3/1 155/3/1 151/3/1
f 158/3/1 155/3/1 157/3/1
f 159/3/1 155/3/1 158/3/1
f 160/3/1 154/3/1 156/3/1
f 161/3/1 159/3/1 158/3/1
f 161/3/1 160/3/1 159/3/1
f 162/3/1 154/3/1 160/3/1
f 162/3/1 160/3/1 161/3/1
f 162/3/1 130/3/1 154/3/1
f 163/3/1 157/3/1 129/3/1
f 165/3/1 164/3/1 163/3/1
f 166/3/1 130/3/1 162/3/1
f 167/2/1 129/2/1 128/2/1
f 168/3/1 166/3/1 165/3/1
f 168/2/1 129/2/1 167/2/1
f 168/3/1 165/3/1 163/3/1
f 168/3/1 163/3/1 129/3/1
f 169/2/1 131/2/1 130/2/1
f 169/3/1 166/3/1 168/3/1
f 169/3/1 130/3/1 166/3/1
f 170/2/1 131/2/1 169/2/1
f 175/1/1 172/1/1 171/1/1
f 176/1/1 172/1/1 175/1/1
f 181/1/1 174/1/1 173/1/1
f 182/1/1 174/1/1 181/1/1
f 185/3/1 178/3/1 177/3/1
f 186/3/1 178/3/1 185/3/1
f 187/3/1 180/3/1 179/3/1
f 188/3/1 180/3/1 187/3/1
f 191/1/1 184/1/1 183/1/1
f 192/1/1 184/1/1 191/1/1
f 197/1/1 190/1/1 189/1/1
f 198/1/1 190/1/1 197/1/1
f 199/2/1 194/2/1 193/2/1
f 200/2/1 194/2/1 199/2/1
f 201/2/1 196/2/1 195/2/1
f 202/2/1 196/2/1 201/2/1
f 207/3/1 205/3/1 204/3/1
f 208/3/1 205/3/1 207/3/1
f 209/3/1 207/3/1 204/3/1
f 210/3/1 207/3/1 209/3/1
f 211/3/1 205/3/1 208/3/1
f 212/3/1 209/3/1 204/3/1
f 213/3/1 211/3/1 210/3/1
f 214/3/1 205/3/1 211/3/1
f 214/3/1 211/3/1 213/3/1
f 215/3/1 212/3/1 204/3/1
f 215/3/1 213/3/1 212/3/1
f 216/3/1 213/3/1 215/3/1
f 217/3/1 205/3/1 214/3/1
f 218/3/1 205/3/1 217/3/1
f 219/3/1 215/3/1 204/3/1
f 220/3/1 217/3/1 216/3/1
f 221/3/1 217/3/1 220/3/1
f 222/3/1 205/3/1 218/3/1
f 223/3/1 221/3/1 220/3/1
f 223/3/1 222/3/1 221/3/1
f 223/3/1 220/3/1 219/3/1
f 224/3/1 222/3/1 223/3/1
f 225/3/1 223/3/1 219/3/1
f 226/3/1 223/3/1 225/3/1
f 227/3/1 222/3/1 224/3/1
f 228/3/1 219/3/1 204/3/1
f 228/3/1 225/3/1 219/3/1
f 229/3/1 225/3/1 228/3/1
f 230/3/1 227/3/1 226/3/1
f 231/3/1 230/3/1 229/3/1
f 231/3/1 227/3/1 230/3/1
f 231/3/1 222/3/1 227/3/1
f 232/3/1 205/3/1 222/3/1
f 232/3/1 222/3/1 231/3/1
f 233/3/1 228/3/1 204/3/1
f 234/3/1 231/3/1 229/3/1
f 235/3/1 231/3/1 234/3/1
f 236/3/1 205/3/1 232/3/1
f 237/3/1 234/3/1 233/3/1
f 238/3/1 236/3/1 235/3/1
f 239/2/1 204/2/1 203/2/1
f 240/3/1 238/3/1 237/3/1
f 240/2/1 204/2/1 239/2/1
f 240/3/1 233/3/1 204/3/1
f 240/3/1 237/3/1 233/3/1
f 241/2/1 206/2/1 205/2/1
f 241/3/1 238/3/1 240/3/1
f 241/3/1 236/3/1 238/3/1
f 241/3/1 205/3/1 236/3/1
f 242/2/1 206/2/1 241/2/1
f 247/3/1 244/3/1 243/3/1
f 248/3/1 244/3/1 247/3/1
f 249/3/1 246/3/1 245/3/1
f 250/3/1 246/3/1 249/3/1
f 255/2/1 252/2/1 251/2/1
f 256/2/1 252/2/1 255/2/1
f 257/2/1 254/2/1 253/2/1
f 258/2/1 254/2/1 257/2/1
f 263/2/1 260/2/1 259/2/1
f 264/3/1 261/3/1 260/3/1
f 264/2/1 260/2/1 263/2/1
f 265/2/1 262/2/1 261/2/1
f 265/3/1 261/3/1 264/3/1
f 266/2/1 262/2/1 265/2/1
f 271/1/1 268/1/1 267/1/1
f 272/1/1 268/1/1 271/1/1
f 273/1/1 270/1/1 269/1/1
f 274/1/1 270/1/1 273/1/1
f 279/1/1 276/1/1 275/1/1
f 280/1/1 276/1/1 279/1/1
f 281/1/1 278/1/1 277/1/1
f 282/1/1 278/1/1 281/1/1
f 287/2/1 284/2/1 283/2/1
f 288/2/1 284/2/1 287/2/1
f 291/2/1 286/2/1 285/2/1
f 292/2/1 286/2/1 291/2/1
f 293/2/1 289/2/1 288/2/1
f 294/2/1 289/2/1 293/2/1
f 297/2/1 291/2/1 290/2/1
f 298/2/1 291/2/1 297/2/1
f 299/2/1 295/2/1 294/2/1
f 300/3/1 296/3/1 295/3/1
f 300/2/1 295/2/1 299/2/1
f 301/2/1 297/2/1 296/2/1
f 301/3/1 296/3/1 300/3/1
f 302/2/1 297/2/1 301/2/1
f 307/3/1 304/3/1 303/3/1
f 308/3/1 304/3/1 307/3/1
f 309/3/1 306/3/1 305/3/1
f 310/3/1 306/3/1 309/3/1
f 315/2/1 312/2/1 311/2/1
f 316/3/1 313/3/1 312/3/1
f 316/2/1 312/2/1 315/2/1
f 317/2/1 314/2/1 313/2/1
f 317/3/1 313/3/1 316/3/1
f 318/2/1 314/2/1 317/2/1
f 323/2/1 320/2/1 319/2/1
f 324/3/1 321/3/1 320/3/1
f 324/2/1 320/2/1 323/2/1
f 325/2/1 322/2/1 321/2/1
f 325/3/1 321/3/1 324/3/1
f 326/2/1 322/2/1 325/2/1
f 329/3/1 328/3/1 327/3/1
f 330/3/1 328/3/1 329/3/1
f 335/3/1 332/3/1 331/3/1
f 336/3/1 332/3/1 335/3/1
f 337/3/1 334/3/1 333/3/1
f 338/3/1 334/3/1 337/3/1
f 341/3/1 340/3/1 339/3/1
f 342/3/1 340/3/1 341/3/1
f 347/3/1 344/3/1 343/3/1
f 348/3/1 344/3/1 347/3/1
f 349/3/1 346/3/1 345/3/1
f 350/3/1 346/3/1 349/3/1
f 353/3/1 352/3/1 351/3/1
f 354/3/1 352/3/1 353/3/1
f 357/3/1 356/3/1 355/3/1
f 358/3/1 356/3/1 357/3/1
f 361/3/1 360/3/1 359/3/1
f 362/3/1 360/3/1 361/3/1
f 365/3/1 364/3/1 363/3/1
f 366/3/1 364/3/1 365/3/1
f 369/3/1 368/3/1 367/3/1
f 370/3/1 368/3/1 369/3/1
f 375/3/1 372/3/1 371/3/1
f 376/3/1 372/3/1 375/3/1
f 377/3/1 374/3/1 373/3/1
f 378/3/1 374/3/1 377/3/1
f 383/3/1 382/3/1 381/3/1
f 384/3/1 382/3/1 383/3/1
f 385/3/1 380/3/1 379/3/1
f 386/3/1 380/3/1 385/3/1
f 389/2/1 388/2/1 387/2/1
f 390/2/1 388/2/1 389/2/1
f 395/3/1 392/3/1 391/3/1
f 396/3/1 392/3/1 395/3/1
f 397/3/1 394/3/1 393/3/1
f 398/3/1 394/3/1 397/3/1
f 401/3/1 400/3/1 399/3/1
f 402/3/1 400/3/1 401/3/1
f 405/3/1 404/3/1 403/3/1
f 406/3/1 404/3/1 405/3/1
f 409/3/1 408/3/1 407/3/1
f 410/3/1 408/3/1 409/3/1
f 415/3/1 412/3/1 411/3/1
f 416/3/1 412/3/1 415/3/1
f 417/3/1 414/3/1 413/3/1
f 418/3/1 414/3/1 417/3/1
f 421/3/1 420/3/1 419/3/1
f 422/3/1 420/3/1 421/3/1
f 425/3/1 424/3/1 423/3/1
f 426/3/1 424/3/1 425/3/1
f 429/3/1 428/3/1 427/3/1
f 430/3/1 428/3/1 429/3/1
f 433/3/1 432/3/1 431/3/1
f 434/3/1 432/3/1 433/3/1
f 437/3/1 436/3/1 435/3/1
f 438/3/1 436/3/1 437/3/1
f 443/3/1 440/3/1 439/3/1
f 444/3/1 440/3/1 443/3/1
f 445/3/1 442/3/1 441/3/1
f 446/3/1 442/3/1 445/3/1
f 449/3/1 448/3/1 447/3/1
f 450/3/1 448/3/1 449/3/1
f 453/3/1 452/3/1 451/3/1
f 454/3/1 452/3/1 453/3/1
f 457/3/1 456/3/1 455/3/1
f 458/3/1 456/3/1 457/3/1
f 461/3/1 460/3/1 459/3/1
f 462/3/1 460/3/1 461/3/1
f 465/3/1 464/3/1 463/3/1
f 466/3/1 464/3/1 465/3/1
f 469/3/1 468/3/1 467/3/1
f 470/3/1 468/3/1 469/3/1
f 473/3/1 472/3/1 471/3/1
f 474/3/1 472/3/1 473/3/1
f 479/3/1 476/3/1 475/3/1
f 480/3/1 476/3/1 479/3/1
f 481/3/1 478/3/1 477/3/1
f 482/3/1 478/3/1 481/3/1
f 487/3/1 484/3/1 483/3/1
f 488/3/1 484/3/1 487/3/1
f 489/3/1 486/3/1 485/3/1
f 490/3/1 486/3/1 489/3/1
f 495/3/1 492/3/1 491/3/1
f 496/3/1 492/3/1 495/3/1
f 497/3/1 494/3/1 493/3/1
f 498/3/1 494/3/1 497/3/1
f 501/3/1 500/3/1 499/3/1
f 502/3/1 500/3/1 501/3/1
f 507/3/1 504/3/1 503/3/1
f 508/3/1 504/3/1 507/3/1
f 509/3/1 506/3/1 505/3/1
f 510/3/1 506/3/1 509/3/1
f 513/3/1 512/3/1 511/3/1
f 514/3/1 512/3/1 513/3/1
f 519/3/1 516/3/1 515/3/1
f 520/3/1 516/3/1 519/3/1
f 521/3/1 518/3/1 517/3/1
f 522/3/1 518/3/1 521/3/1
f 525/3/1 524/3/1 523/3/1
f 526/3/1 524/3/1 525/3/1
f 529/3/1 528/3/1 527/3/1
f 530/3/1 528/3/1 529/3/1
f 535/3/1 532/3/1 531/3/1
f 536/3/1 532/3/1 535/3/1
f 537/3/1 534/3/1 533/3/1
f 538/3/1 534/3/1 537/3/1
f 543/3/1 540/3/1 539/3/1
f 544/3/1 540/3/1 543/3/1
f 545/3/1 542/3/1 541/3/1
f 546/3/1 542/3/1 545/3/1
f 549/3/1 548/3/1 547/3/1
f 550/3/1 548/3/1 549/3/1
f 555/3/1 552/3/1 551/3/1
f 556/3/1 552/3/1 555/3/1
f 557/3/1 554/3/1 553/3/1
f 558/3/1 554/3/1 557/3/1
f 563/3/1 560/3/1 559/3/1
f 564/3/1 560/3/1 563/3/1
f 565/3/1 562/3/1 561/3/1
f 566/3/1 562/3/1 565/3/1
f 571/3/1 569/3/1 568/3/1
f 572/3/1 569/3/1 571/3/1
f 573/3/1 571/3/1 568/3/1
f 574/3/1 569/3/1 572/3/1
f 575/3/1 569/3/1 574/3/1
f 576/3/1 573/3/1 568/3/1
f 576/3/1 574/3/1 573/3/1
f 577/3/1 574/3/1 576/3/1
f 578/3/1 569/3/1 575/3/1
f 579/3/1 576/3/1 568/3/1
f 580/3/1 576/3/1 579/3/1
f 581/3/1 578/3/1 577/3/1
f 582/3/1 569/3/1 578/3/1
f 582/3/1 578/3/1 581/3/1
f 583/3/1 579/3/1 568/3/1
f 584/3/1 581/3/1 580/3/1
f 585/3/1 581/3/1 584/3/1
f 586/3/1 569/3/1 582/3/1
f 587/3/1 585/3/1 584/3/1
f 587/3/1 586/3/1 585/3/1
f 587/3/1 584/3/1 583/3/1
f 588/3/1 586/3/1 587/3/1
f 589/3/1 587/3/1 583/3/1
f 590/3/1 586/3/1 588/3/1
f 591/3/1 586/3/1 590/3/1
f 592/3/1 590/3/1 589/3/1
f 593/3/1 586/3/1 591/3/1
f 594/3/1 569/3/1 586/3/1
f 594/3/1 586/3/1 593/3/1
f 595/3/1 593/3/1 592/3/1
f 595/3/1 583/3/1 568/3/1
f 595/3/1 589/3/1 583/3/1
f 595/3/1 592/3/1 589/3/1
f 596/3/1 593/3/1 595/3/1
f 597/3/1 595/3/1 568/3/1
f 598/3/1 593/3/1 596/3/1
f 599/3/1 593/3/1 598/3/1
f 600/3/1 569/3/1 594/3/1
f 601/3/1 598/3/1 597/3/1
f 602/3/1 600/3/1 599/3/1
f 603/2/1 568/2/1 567/2/1
f 604/3/1 602/3/1 601/3/1
f 604/2/1 568/2/1 603/2/1
f 604/3/1 601/3/1 597/3/1
f 604/3/1 597/3/1 568/3/1
f 605/2/1 570/2/1 569/2/1
f 605/3/1 602/3/1 604/3/1
f 605/3/1 600/3/1 602/3/1
f 605/3/1 569/3/1 600/3/1
f 606/2/1 570/2/1 605/2/1
f 611/3/1 609/3/1 608/3/1
f 612/3/1 609/3/1 611/3/1
f 613/3/1 611/3/1 608/3/1
f 614/3/1 609/3/1 612/3/1
f 615/3/1 609/3/1 614/3/1
f 616/3/1 613/3/1 608/3/1
f 616/3/1 614/3/1 613/3/1
f 617/3/1 614/3/1 616/3/1
f 618/3/1 616/3/1 608/3/1
f 619/3/1 614/3/1 617/3/1
f 620/3/1 614/3/1 619/3/1
f 621/3/1 618/3/1 608/3/1
f 621/3/1 619/3/1 618/3/1
f 622/3/1 619/3/1 621/3/1
f 623/3/1 609/3/1 615/3/1
f 624/3/1 621/3/1 608/3/1
f 625/3/1 623/3/1 622/3/1
f 626/3/1 623/3/1 625/3/1
f 626/3/1 625/3/1 624/3/1
f 627/3/1 609/3/1 623/3/1
f 627/3/1 623/3/1 626/3/1
f 628/3/1 624/3/1 608/3/1
f 628/3/1 626/3/1 624/3/1
f 629/3/1 626/3/1 628/3/1
f 630/3/1 628/3/1 608/3/1
f 631/3/1 626/3/1 629/3/1
f 632/3/1 626/3/1 631/3/1
f 633/3/1 609/3/1 627/3/1
f 634/3/1 632/3/1 631/3/1
f 634/3/1 633/3/1 632/3/1
f 634/3/1 631/3/1 630/3/1
f 635/3/1 633/3/1 634/3/1
f 636/3/1 634/3/1 630/3/1
f 637/3/1 633/3/1 635/3/1
f 638/3/1 633/3/1 637/3/1
f 639/3/1 609/3/1 633/3/1
f 639/3/1 633/3/1 638/3/1
f 640/3/1 638/3/1 637/3/1
f 640/3/1 630/3/1 608/3/1
f 640/3/1 637/3/1 636/3/1
f 640/3/1 636/3/1 630/3/1
f 641/3/1 638/3/1 640/3/1
f 643/3/1 609/3/1 639/3/1
f 644/3/1 640/3/1 608/3/1
f 645/3/1 643/3/1 642/3/1
f 646/2/1 608/2/1 607/2/1
f 647/3/1 645/3/1 644/3/1
f 647/2/1 608/2/1 646/2/1
f 647/3/1 644/3/1 608/3/1
f 648/3/1 645/3/1 647/3/1
f 649/3/1 643/3/1 645/3/1
f 649/3/1 645/3/1 648/3/1
f 649/3/1 609/3/1 643/3/1
f 650/2/1 610/2/1 609/2/1
f 650/3/1 609/3/1 649/3/1
f 651/2/1 610/2/1 650/2/1
f 656/3/1 654/3/1 653/3/1
f 657/3/1 654/3/1 656/3/1
f 658/3/1 656/3/1 653/3/1
f 659/3/1 656/3/1 658/3/1
f 660/3/1 654/3/1 657/3/1
f 661/3/1 658/3/1 653/3/1
f 662/3/1 658/3/1 661/3/1
f 663/3/1 660/3/1 659/3/1
f 664/3/1 663/3/1 662/3/1
f 664/3/1 660/3/1 663/3/1
f 665/3/1 654/3/1 660/3/1
f 665/3/1 660/3/1 664/3/1
f 666/3/1 661/3/1 653/3/1
f 667/3/1 664/3/1 662/3/1
f 668/3/1 664/3/1 667/3/1
f 669/3/1 667/3/1 666/3/1
f 670/3/1 654/3/1 665/3/1
f 671/3/1 666/3/1 653/3/1
f 671/3/1 670/3/1 669/3/1
f 671/3/1 669/3/1 666/3/1
f 672/3/1 670/3/1 671/3/1
f 673/3/1 670/3/1 672/3/1
f 674/3/1 670/3/1 673/3/1
f 675/3/1 671/3/1 653/3/1
f 676/3/1 673/3/1 672/3/1
f 677/3/1 673/3/1 676/3/1
f 678/3/1 670/3/1 674/3/1
f 679/3/1 676/3/1 675/3/1
f 680/3/1 678/3/1 677/3/1
f 681/3/1 679/3/1 675/3/1
f 681/3/1 680/3/1 679/3/1
f 681/3/1 675/3/1 653/3/1
f 682/3/1 680/3/1 681/3/1
f 683/3/1 678/3/1 680/3/1
f 683/3/1 680/3/1 682/3/1
f 684/3/1 654/3/1 670/3/1
f 684/3/1 678/3/1 683/3/1
f 684/3/1 670/3/1 678/3/1
f 685/3/1 683/3/1 682/3/1
f 687/3/1 681/3/1 653/3/1
f 688/3/1 686/3/1 685/3/1
f 688/3/1 685/3/1 682/3/1
f 689/3/1 686/3/1 688/3/1
f 690/3/1 654/3/1 684/3/1
f 691/2/1 653/2/1 652/2/1
f 692/3/1 690/3/1 689/3/1
f 692/2/1 653/2/1 691/2/1
f 692/3/1 689/3/1 688/3/1
f 692/3/1 687/3/1 653/3/1
f 692/3/1 688/3/1 687/3/1
f 693/3/1 690/3/1 692/3/1
f 694/3/1 654/3/1 690/3/1
f 694/3/1 690/3/1 693/3/1
f 695/2/1 655/2/1 654/2/1
f 695/3/1 654/3/1 694/3/1
f 696/2/1 655/2/1 695/2/1
f 698/3/2 699/3/2 701/3/2
f 701/3/2 699/3/2 702/3/2
f 698/3/2 701/3/2 703/3/2
f 702/3/2 699/3/2 704/3/2
f 704/3/2 699/3/2 705/3/2
f 703/3/2 704/3/2 706/3/2
f 705/3/2 699/3/2 707/3/2
f 707/3/2 699/3/2 708/3/2
f 698/3/2 703/3/2 709/3/2
f 703/3/2 706/3/2 709/3/2
f 706/3/2 707/3/2 709/3/2
f 709/3/2 707/3/2 710/3/2
f 710/3/2 707/3/2 711/3/2
f 711/3/2 707/3/2 712/3/2
f 708/3/2 699/3/2 713/3/2
f 698/3/2 709/3/2 714/3/2
f 712/3/2 713/3/2 715/3/2
f 715/3/2 713/3/2 716/3/2
f 714/3/2 715/3/2 716/3/2
f 713/3/2 699/3/2 717/3/2
f 716/3/2 713/3/2 717/3/2
f 714/3/2 716/3/2 718/3/2
f 718/3/2 716/3/2 719/3/2
f 714/3/2 718/3/2 720/3/2
f 719/3/2 716/3/2 721/3/2
f 721/3/2 716/3/2 722/3/2
f 717/3/2 699/3/2 723/3/2
f 720/3/2 721/3/2 724/3/2
f 722/3/2 723/3/2 725/3/2
f 698/3/2 714/3/2 726/3/2
f 724/3/2 725/3/2 726/3/2
f 720/3/2 724/3/2 726/3/2
f 714/3/2 720/3/2 726/3/2
f 726/3/2 725/3/2 727/3/2
f 725/3/2 723/3/2 728/3/2
f 727/3/2 725/3/2 728/3/2
f 723/3/2 699/3/2 729/3/2
f 728/3/2 723/3/2 729/3/2
f 727/3/2 728/3/2 731/3/2
f 698/3/2 726/3/2 732/3/2
f 730/3/2 731/3/2 733/3/2
f 731/3/2 728/3/2 734/3/2
f 733/3/2 731/3/2 734/3/2
f 729/3/2 699/3/2 735/3/2
f 697/2/2 698/2/2 736/2/2
f 734/3/2 735/3/2 737/3/2
f 736/2/2 698/2/2 737/2/2
f 733/3/2 734/3/2 737/3/2
f 698/3/2 732/3/2 737/3/2
f 732/3/2 733/3/2 737/3/2
f 737/3/2 735/3/2 738/3/2
f 735/3/2 699/3/2 739/3/2
f 738/3/2 735/3/2 739/3/2
f 699/2/2 700/2/2 740/2/2
f 739/3/2 699/3/2 740/3/2
f 740/2/2 700/2/2 741/2/2
f 743/3/2 744/3/2 746/3/2
f 746/3/2 744/3/2 747/3/2
f 743/3/2 746/3/2 748/3/2
f 748/3/2 746/3/2 749/3/2
f 747/3/2 744/3/2 750/3/2
f 749/3/2 750/3/2 751/3/2
f 750/3/2 744/3/2 751/3/2
f 751/3/2 744/3/2 752/3/2
f 749/3/2 751/3/2 753/3/2
f 753/3/2 751/3/2 754/3/2
f 752/3/2 744/3/2 755/3/2
f 743/3/2 748/3/2 756/3/2
f 754/3/2 755/3/2 757/3/2
f 755/3/2 744/3/2 758/3/2
f 757/3/2 755/3/2 758/3/2
f 756/3/2 757/3/2 759/3/2
f 758/3/2 744/3/2 760/3/2
f 743/3/2 756/3/2 761/3/2
f 759/3/2 760/3/2 761/3/2
f 756/3/2 759/3/2 761/3/2
f 761/3/2 760/3/2 762/3/2
f 762/3/2 760/3/2 763/3/2
f 760/3/2 744/3/2 764/3/2
f 763/3/2 760/3/2 764/3/2
f 743/3/2 761/3/2 765/3/2
f 762/3/2 763/3/2 766/3/2
f 766/3/2 763/3/2 767/3/2
f 764/3/2 744/3/2 768/3/2
f 766/3/2 767/3/2 769/3/2
f 767/3/2 768/3/2 769/3/2
f 765/3/2 766/3/2 769/3/2
f 769/3/2 768/3/2 770/3/2
f 743/3/2 765/3/2 771/3/2
f 765/3/2 769/3/2 771/3/2
f 771/3/2 769/3/2 772/3/2
f 772/3/2 769/3/2 773/3/2
f 770/3/2 768/3/2 774/3/2
f 772/3/2 773/3/2 775/3/2
f 773/3/2 774/3/2 775/3/2
f 774/3/2 768/3/2 776/3/2
f 775/3/2 774/3/2 776/3/2
f 768/3/2 744/3/2 776/3/2
f 743/3/2 771/3/2 777/3/2
f 777/3/2 778/3/2 779/3/2
f 776/3/2 744/3/2 780/3/2
f 742/2/2 743/2/2 781/2/2
f 779/3/2 780/3/2 782/3/2
f 781/2/2 743/2/2 782/2/2
f 777/3/2 779/3/2 782/3/2
f 743/3/2 777/3/2 782/3/2
f 782/3/2 780/3/2 783/3/2
f 780/3/2 744/3/2 784/3/2
f 783/3/2 780/3/2 784/3/2
f 744/2/2 745/2/2 785/2/2
f 784/3/2 744/3/2 785/3/2
f 785/2/2 745/2/2 786/2/2
f 788/3/2 789/3/2 791/3/2
f 791/3/2 789/3/2 792/3/2
f 788/3/2 791/3/2 793/3/2
f 793/3/2 791/3/2 794/3/2
f 792/3/2 789/3/2 795/3/2
f 788/3/2 793/3/2 796/3/2
f 794/3/2 795/3/2 797/3/2
f 795/3/2 789/3/2 798/3/2
f 797/3/2 795/3/2 798/3/2
f 788/3/2 796/3/2 799/3/2
f 796/3/2 797/3/2 799/3/2
f 799/3/2 797/3/2 800/3/2
f 798/3/2 789/3/2 801/3/2
f 801/3/2 789/3/2 802/3/2
f 788/3/2 799/3/2 803/3/2
f 800/3/2 801/3/2 804/3/2
f 804/3/2 801/3/2 805/3/2
f 802/3/2 789/3/2 806/3/2
f 804/3/2 805/3/2 807/3/2
f 805/3/2 806/3/2 807/3/2
f 803/3/2 804/3/2 807/3/2
f 807/3/2 806/3/2 808/3/2
f 803/3/2 807/3/2 809/3/2
f 809/3/2 807/3/2 810/3/2
f 808/3/2 806/3/2 811/3/2
f 788/3/2 803/3/2 812/3/2
f 803/3/2 809/3/2 812/3/2
f 812/3/2 809/3/2 813/3/2
f 810/3/2 811/3/2 814/3/2
f 813/3/2 814/3/2 815/3/2
f 814/3/2 811/3/2 815/3/2
f 811/3/2 806/3/2 815/3/2
f 806/3/2 789/3/2 816/3/2
f 815/3/2 806/3/2 816/3/2
f 788/3/2 812/3/2 817/3/2
f 813/3/2 815/3/2 818/3/2
f 818/3/2 815/3/2 819/3/2
f 816/3/2 789/3/2 820/3/2
f 817/3/2 818/3/2 821/3/2
f 819/3/2 820/3/2 822/3/2
f 787/2/2 788/2/2 823/2/2
f 821/3/2 822/3/2 824/3/2
f 823/2/2 788/2/2 824/2/2
f 788/3/2 817/3/2 824/3/2
f 817/3/2 821/3/2 824/3/2
f 789/2/2 790/2/2 825/2/2
f 824/3/2 822/3/2 825/3/2
f 822/3/2 820/3/2 825/3/2
f 820/3/2 789/3/2 825/3/2
f 825/2/2 790/2/2 826/2/2
f 827/3/2 828/3/2 829/3/2
f 829/3/2 828/3/2 830/3/2
f 831/3/2 832/3/2 835/3/2
f 835/3/2 832/3/2 836/3/2
f 833/3/2 834/3/2 837/3/2
f 837/3/2 834/3/2 838/3/2
f 839/3/2 840/3/2 841/3/2
f 841/3/2 840/3/2 842/3/2
f 843/3/2 844/3/2 847/3/2
f 847/3/2 844/3/2 848/3/2
f 845/3/2 846/3/2 849/3/2
f 849/3/2 846/3/2 850/3/2
f 851/3/2 852/3/2 855/3/2
f 855/3/2 852/3/2 856/3/2
f 853/3/2 854/3/2 857/3/2
f 857/3/2 854/3/2 858/3/2
f 861/3/2 862/3/2 863/3/2
f 863/3/2 862/3/2 864/3/2
f 859/3/2 860/3/2 865/3/2
f 865/3/2 860/3/2 866/3/2
f 867/3/2 868/3/2 871/3/2
f 871/3/2 868/3/2 872/3/2
f 869/3/2 870/3/2 873/3/2
f 873/3/2 870/3/2 874/3/2
f 875/3/2 876/3/2 877/3/2
f 877/3/2 876/3/2 878/3/2
f 879/3/2 880/3/2 883/3/2
f 883/3/2 880/3/2 884/3/2
f 881/3/2 882/3/2 885/3/2
f 885/3/2 882/3/2 886/3/2
f 889/3/2 890/3/2 891/3/2
f 891/3/2 890/3/2 892/3/2
f 887/3/2 888/3/2 893/3/2
f 893/3/2 888/3/2 894/3/2
f 895/3/2 896/3/2 899/3/2
f 899/3/2 896/3/2 900/3/2
f 897/3/2 898/3/2 901/3/2
f 901/3/2 898/3/2 902/3/2
f 903/3/2 904/3/2 905/3/2
f 905/3/2 904/3/2 906/3/2
f 907/3/2 908/3/2 911/3/2
f 911/3/2 908/3/2 912/3/2
f 909/3/2 910/3/2 913/3/2
f 913/3/2 910/3/2 914/3/2
f 915/3/2 916/3/2 917/3/2
f 917/3/2 916/3/2 918/3/2
f 919/3/2 920/3/2 921/3/2
f 921/3/2 920/3/2 922/3/2
f 923/3/2 924/3/2 925/3/2
f 925/3/2 924/3/2 926/3/2
f 927/3/2 928/3/2 929/3/2
f 929/3/2 928/3/2 930/3/2
f 931/3/2 932/3/2 935/3/2
f 935/3/2 932/3/2 936/3/2
f 933/3/2 934/3/2 937/3/2
f 937/3/2 934/3/2 938/3/2
f 939/3/2 940/3/2 941/3/2
f 941/3/2 940/3/2 942/3/2
f 943/3/2 944/3/2 945/3/2
f 945/3/2 944/3/2 946/3/2
f 947/3/2 948/3/2 951/3/2
f 951/3/2 948/3/2 952/3/2
f 949/3/2 950/3/2 953/3/2
f 953/3/2 950/3/2 954/3/2
f 955/3/2 956/3/2 957/3/2
f 957/3/2 956/3/2 958/3/2
f 959/3/2 960/3/2 961/3/2
f 961/3/2 960/3/2 962/3/2
f 963/3/2 964/3/2 965/3/2
f 965/3/2 964/3/2 966/3/2
f 967/3/2 968/3/2 969/3/2
f 969/3/2 968/3/2 970/3/2
f 971/3/2 972/3/2 975/3/2
f 975/3/2 972/3/2 976/3/2
f 973/3/2 974/3/2 977/3/2
f 977/3/2 974/3/2 978/3/2
f 979/3/2 980/3/2 981/3/2
f 981/3/2 980/3/2 982/3/2
f 983/3/2 984/3/2 985/3/2
f 985/3/2 984/3/2 986/3/2
f 987/3/2 988/3/2 989/3/2
f 989/3/2 988/3/2 990/3/2
f 991/3/2 992/3/2 993/3/2
f 993/3/2 992/3/2 994/3/2
f 995/3/2 996/3/2 999/3/2
f 999/3/2 996/3/2 1000/3/2
f 997/3/2 998/3/2 1001/3/2
f 1001/3/2 998/3/2 1002/3/2
f 1003/3/2 1004/3/2 1005/3/2
f 1005/3/2 1004/3/2 1006/3/2
f 1009/3/2 1010/3/2 1011/3/2
f 1011/3/2 1010/3/2 1012/3/2
f 1007/3/2 1008/3/2 1013/3/2
f 1013/3/2 1008/3/2 1014/3/2
f 1015/3/2 1016/3/2 1017/3/2
f 1017/3/2 1016/3/2 1018/3/2
f 1021/3/2 1022/3/2 1023/3/2
f 1023/3/2 1022/3/2 1024/3/2
f 1019/3/2 1020/3/2 1025/3/2
f 1025/3/2 1020/3/2 1026/3/2
f 1027/3/2 1028/3/2 1029/3/2
f 1029/3/2 1028/3/2 1030/3/2
f 1031/3/2 1032/3/2 1033/3/2
f 1033/3/2 1032/3/2 1034/3/2
f 1035/3/2 1036/3/2 1037/3/2
f 1037/3/2 1036/3/2 1038/3/2
f 1039/3/2 1040/3/2 1041/3/2
f 1041/3/2 1040/3/2 1042/3/2
f 1043/3/2 1044/3/2 1045/3/2
f 1045/3/2 1044/3/2 1046/3/2
f 1047/3/2 1048/3/2 1051/3/2
f 1051/3/2 1048/3/2 1052/3/2
f 1049/3/2 1050/3/2 1053/3/2
f 1053/3/2 1050/3/2 1054/3/2
f 1055/3/2 1056/3/2 1059/3/2
f 1059/3/2 1056/3/2 1060/3/2
f 1057/3/2 1058/3/2 1061/3/2
f 1061/3/2 1058/3/2 1062/3/2
f 1063/2/2 1064/2/2 1065/2/2
f 1065/2/2 1064/2/2 1066/2/2
f 1067/2/2 1068/2/2 1071/2/2
f 1068/3/2 1069/3/2 1072/3/2
f 1071/2/2 1068/2/2 1072/2/2
f 1069/2/2 1070/2/2 1073/2/2
f 1072/3/2 1069/3/2 1073/3/2
f 1073/2/2 1070/2/2 1074/2/2
f 1075/3/2 1076/3/2 1079/3/2
f 1079/3/2 1076/3/2 1080/3/2
f 1077/3/2 1078/3/2 1081/3/2
f 1081/3/2 1078/3/2 1082/3/2
f 1083/2/2 1084/2/2 1087/2/2
f 1084/3/2 1085/3/2 1088/3/2
f 1087/2/2 1084/2/2 1088/2/2
f 1085/2/2 1086/2/2 1089/2/2
f 1088/3/2 1085/3/2 1089/3/2
f 1089/2/2 1086/2/2 1090/2/2
f 1091/1/2 1092/1/2 1095/1/2
f 1095/1/2 1092/1/2 1096/1/2
f 1093/1/2 1094/1/2 1097/1/2
f 1097/1/2 1094/1/2 1098/1/2
f 1099/1/2 1100/1/2 1103/1/2
f 1103/1/2 1100/1/2 1104/1/2
f 1101/1/2 1102/1/2 1105/1/2
f 1105/1/2 1102/1/2 1106/1/2
f 1107/2/2 1108/2/2 1111/2/2
f 1111/2/2 1108/2/2 1112/2/2
f 1109/2/2 1110/2/2 1115/2/2
f 1115/2/2 1110/2/2 1116/2/2
f 1112/2/2 1113/2/2 1117/2/2
f 1117/2/2 1113/2/2 1118/2/2
f 1114/2/2 1115/2/2 1121/2/2
f 1121/2/2 1115/2/2 1122/2/2
f 1118/2/2 1119/2/2 1123/2/2
f 1119/3/2 1120/3/2 1124/3/2
f 1123/2/2 1119/2/2 1124/2/2
f 1120/2/2 1121/2/2 1125/2/2
f 1124/3/2 1120/3/2 1125/3/2
f 1125/2/2 1121/2/2 1126/2/2
f 1127/3/2 1128/3/2 1131/3/2
f 1131/3/2 1128/3/2 1132/3/2
f 1129/3/2 1130/3/2 1133/3/2
f 1133/3/2 1130/3/2 1134/3/2
f 1135/2/2 1136/2/2 1139/2/2
f 1139/2/2 1136/2/2 1140/2/2
f 1137/2/2 1138/2/2 1141/2/2
f 1141/2/2 1138/2/2 1142/2/2
f 1143/2/2 1144/2/2 1147/2/2
f 1144/3/2 1145/3/2 1148/3/2
f 1147/2/2 1144/2/2 1148/2/2
f 1145/2/2 1146/2/2 1149/2/2
f 1148/3/2 1145/3/2 1149/3/2
f 1149/2/2 1146/2/2 1150/2/2
f 1151/1/2 1152/1/2 1155/1/2
f 1155/1/2 1152/1/2 1156/1/2
f 1153/1/2 1154/1/2 1161/1/2
f 1161/1/2 1154/1/2 1162/1/2
f 1157/3/2 1158/3/2 1165/3/2
f 1165/3/2 1158/3/2 1166/3/2
f 1159/3/2 1160/3/2 1167/3/2
f 1167/3/2 1160/3/2 1168/3/2
f 1163/1/2 1164/1/2 1171/1/2
f 1171/1/2 1164/1/2 1172/1/2
f 1169/1/2 1170/1/2 1177/1/2
f 1177/1/2 1170/1/2 1178/1/2
f 1173/2/2 1174/2/2 1179/2/2
f 1179/2/2 1174/2/2 1180/2/2
f 1175/2/2 1176/2/2 1181/2/2
f 1181/2/2 1176/2/2 1182/2/2
f 1184/3/2 1185/3/2 1187/3/2
f 1187/3/2 1185/3/2 1188/3/2
f 1184/3/2 1187/3/2 1189/3/2
f 1188/3/2 1185/3/2 1190/3/2
f 1190/3/2 1185/3/2 1191/3/2
f 1184/3/2 1189/3/2 1192/3/2
f 1189/3/2 1190/3/2 1192/3/2
f 1192/3/2 1190/3/2 1193/3/2
f 1191/3/2 1185/3/2 1194/3/2
f 1184/3/2 1192/3/2 1195/3/2
f 1195/3/2 1192/3/2 1196/3/2
f 1193/3/2 1194/3/2 1197/3/2
f 1194/3/2 1185/3/2 1198/3/2
f 1197/3/2 1194/3/2 1198/3/2
f 1184/3/2 1195/3/2 1199/3/2
f 1196/3/2 1197/3/2 1200/3/2
f 1200/3/2 1197/3/2 1201/3/2
f 1198/3/2 1185/3/2 1202/3/2
f 1200/3/2 1201/3/2 1203/3/2
f 1201/3/2 1202/3/2 1203/3/2
f 1199/3/2 1200/3/2 1203/3/2
f 1203/3/2 1202/3/2 1204/3/2
f 1199/3/2 1203/3/2 1205/3/2
f 1204/3/2 1202/3/2 1206/3/2
f 1206/3/2 1202/3/2 1207/3/2
f 1205/3/2 1206/3/2 1208/3/2
f 1207/3/2 1202/3/2 1209/3/2
f 1202/3/2 1185/3/2 1210/3/2
f 1209/3/2 1202/3/2 1210/3/2
f 1208/3/2 1209/3/2 1211/3/2
f 1184/3/2 1199/3/2 1211/3/2
f 1199/3/2 1205/3/2 1211/3/2
f 1205/3/2 1208/3/2 1211/3/2
f 1211/3/2 1209/3/2 1212/3/2
f 1184/3/2 1211/3/2 1213/3/2
f 1212/3/2 1209/3/2 1214/3/2
f 1214/3/2 1209/3/2 1215/3/2
f 1210/3/2 1185/3/2 1216/3/2
f 1213/3/2 1214/3/2 1217/3/2
f 1215/3/2 1216/3/2 1218/3/2
f 1183/2/2 1184/2/2 1219/2/2
f 1217/3/2 1218/3/2 1220/3/2
f 1219/2/2 1184/2/2 1220/2/2
f 1213/3/2 1217/3/2 1220/3/2
f 1184/3/2 1213/3/2 1220/3/2
f 1185/2/2 1186/2/2 1221/2/2
f 1220/3/2 1218/3/2 1221/3/2
f 1218/3/2 1216/3/2 1221/3/2
f 1216/3/2 1185/3/2 1221/3/2
f 1221/2/2 1186/2/2 1222/2/2
f 1223/1/2 1224/1/2 1227/1/2
f 1227/1/2 1224/1/2 1228/1/2
f 1225/1/2 1226/1/2 1233/1/2
f 1233/1/2 1226/1/2 1234/1/2
f 1229/3/2 1230/3/2 1237/3/2
f 1237/3/2 1230/3/2 1238/3/2
f 1231/3/2 1232/3/2 1239/3/2
f 1239/3/2 1232/3/2 1240/3/2
f 1235/1/2 1236/1/2 1243/1/2
f 1243/1/2 1236/1/2 1244/1/2
f 1241/1/2 1242/1/2 1245/1/2
f 1245/1/2 1242/1/2 1246/1/2
f 1248/3/2 1249/3/2 1251/3/2
f 1251/3/2 1249/3/2 1252/3/2
f 1248/3/2 1251/3/2 1253/3/2
f 1252/3/2 1249/3/2 1254/3/2
f 1254/3/2 1249/3/2 1255/3/2
f 1248/3/2 1253/3/2 1256/3/2
f 1253/3/2 1254/3/2 1256/3/2
f 1256/3/2 1254/3/2 1257/3/2
f 1248/3/2 1256/3/2 1258/3/2
f 1257/3/2 1254/3/2 1259/3/2
f 1259/3/2 1254/3/2 1260/3/2
f 1248/3/2 1258/3/2 1261/3/2
f 1258/3/2 1259/3/2 1261/3/2
f 1261/3/2 1259/3/2 1262/3/2
f 1255/3/2 1249/3/2 1263/3/2
f 1248/3/2 1261/3/2 1264/3/2
f 1262/3/2 1263/3/2 1265/3/2
f 1265/3/2 1263/3/2 1266/3/2
f 1264/3/2 1265/3/2 1266/3/2
f 1263/3/2 1249/3/2 1267/3/2
f 1266/3/2 1263/3/2 1267/3/2
f 1248/3/2 1264/3/2 1268/3/2
f 1264/3/2 1266/3/2 1268/3/2
f 1268/3/2 1266/3/2 1269/3/2
f 1248/3/2 1268/3/2 1270/3/2
f 1269/3/2 1266/3/2 1271/3/2
f 1271/3/2 1266/3/2 1272/3/2
f 1267/3/2 1249/3/2 1273/3/2
f 1271/3/2 1272/3/2 1274/3/2
f 1272/3/2 1273/3/2 1274/3/2
f 1270/3/2 1271/3/2 1274/3/2
f 1274/3/2 1273/3/2 1275/3/2
f 1270/3/2 1274/3/2 1276/3/2
f 1275/3/2 1273/3/2 1277/3/2
f 1277/3/2 1273/3/2 1278/3/2
f 1273/3/2 1249/3/2 1279/3/2
f 1278/3/2 1273/3/2 1279/3/2
f 1277/3/2 1278/3/2 1280/3/2
f 1248/3/2 1270/3/2 1280/3/2
f 1276/3/2 1277/3/2 1280/3/2
f 1270/3/2 1276/3/2 1280/3/2
f 1280/3/2 1278/3/2 1281/3/2
f 1279/3/2 1249/3/2 1283/3/2
f 1248/3/2 1280/3/2 1284/3/2
f 1282/3/2 1283/3/2 1285/3/2
f 1247/2/2 1248/2/2 1286/2/2
f 1284/3/2 1285/3/2 1287/3/2
f 1286/2/2 1248/2/2 1287/2/2
f 1248/3/2 1284/3/2 1287/3/2
f 1249/2/2 1250/2/2 1288/2/2
f 1287/3/2 1285/3/2 1288/3/2
f 1285/3/2 1283/3/2 1288/3/2
f 1283/3/2 1249/3/2 1288/3/2
f 1288/2/2 1250/2/2 1289/2/2
f 1290/1/2 1291/1/2 1294/1/2
f 1294/1/2 1291/1/2 1295/1/2
f 1292/1/2 1293/1/2 1298/1/2
f 1298/1/2 1293/1/2 1299/1/2
f 1296/3/2 1297/3/2 1302/3/2
f 1302/3/2 1297/3/2 1303/3/2
f 1300/1/2 1301/1/2 1306/1/2
f 1306/1/2 1301/1/2 1307/1/2
f 1304/1/2 1305/1/2 1312/1/2
f 1312/1/2 1305/1/2 1313/1/2
f 1309/3/2 1310/3/2 1314/3/2
f 1314/3/2 1310/3/2 1315/3/2
f 1309/3/2 1314/3/2 1316/3/2
f 1316/3/2 1314/3/2 1317/3/2
f 1315/3/2 1310/3/2 1318/3/2
f 1309/3/2 1316/3/2 1319/3/2
f 1319/3/2 1316/3/2 1320/3/2
f 1317/3/2 1318/3/2 1321/3/2
f 1320/3/2 1321/3/2 1322/3/2
f 1321/3/2 1318/3/2 1322/3/2
f 1318/3/2 1310/3/2 1323/3/2
f 1322/3/2 1318/3/2 1323/3/2
f 1309/3/2 1319/3/2 1324/3/2
f 1320/3/2 1322/3/2 1325/3/2
f 1325/3/2 1322/3/2 1326/3/2
f 1324/3/2 1325/3/2 1327/3/2
f 1323/3/2 1310/3/2 1328/3/2
f 1309/3/2 1324/3/2 1329/3/2
f 1327/3/2 1328/3/2 1329/3/2
f 1324/3/2 1327/3/2 1329/3/2
f 1329/3/2 1328/3/2 1330/3/2
f 1330/3/2 1328/3/2 1331/3/2
f 1331/3/2 1328/3/2 1332/3/2
f 1309/3/2 1329/3/2 1333/3/2
f 1330/3/2 1331/3/2 1334/3/2
f 1334/3/2 1331/3/2 1335/3/2
f 1332/3/2 1328/3/2 1336/3/2
f 1333/3/2 1334/3/2 1337/3/2
f 1335/3/2 1336/3/2 1338/3/2
f 1333/3/2 1337/3/2 1339/3/2
f 1337/3/2 1338/3/2 1339/3/2
f 1309/3/2 1333/3/2 1339/3/2
f 1339/3/2 1338/3/2 1340/3/2
f 1338/3/2 1336/3/2 1341/3/2
f 1340/3/2 1338/3/2 1341/3/2
f 1328/3/2 1310/3/2 1342/3/2
f 1341/3/2 1336/3/2 1342/3/2
f 1336/3/2 1328/3/2 1342/3/2
f 1340/3/2 1341/3/2 1343/3/2
f 1309/3/2 1339/3/2 1345/3/2
f 1343/3/2 1344/3/2 1346/3/2
f 1340/3/2 1343/3/2 1346/3/2
f 1346/3/2 1344/3/2 1347/3/2
f 1342/3/2 1310/3/2 1348/3/2
f 1308/2/2 1309/2/2 1349/2/2
f 1347/3/2 1348/3/2 1350/3/2
f 1349/2/2 1309/2/2 1350/2/2
f 1346/3/2 1347/3/2 1350/3/2
f 1309/3/2 1345/3/2 1350/3/2
f 1345/3/2 1346/3/2 1350/3/2
f 1310/2/2 1311/2/2 1351/2/2
f 1350/3/2 1348/3/2 1351/3/2
f 1348/3/2 1310/3/2 1351/3/2
f 1351/2/2 1311/2/2 1352/2/2
f 1353/1/2 1354/1/2 1357/1/2
f 1357/1/2 1354/1/2 1358/1/2
f 1355/1/2 1356/1/2 1359/1/2
f 1359/1/2 1356/1/2 1360/1/2
f 1361/1/2 1362/1/2 1365/1/2
f 1365/1/2 1362/1/2 1366/1/2
f 1363/1/2 1364/1/2 1367/1/2
f 1367/1/2 1364/1/2 1368/1/2
f 1369/1/2 1370/1/2 1373/1/2
f 1373/1/2 1370/1/2 1374/1/2
f 1371/1/2 1372/1/2 1375/1/2
f 1375/1/2 1372/1/2 1376/1/2
f 1377/1/2 1378/1/2 1381/1/2
f 1381/1/2 1378/1/2 1382/1/2
f 1379/1/2 1380/1/2 1383/1/2
f 1383/1/2 1380/1/2 1384/1/2
f 1385/1/2 1386/1/2 1387/1/2
f 1387/1/2 1386/1/2 1388/1/2
f 1389/1/2 1390/1/2 1391/1/2
f 1391/1/2 1390/1/2 1392/1/2
f 1397/1/3 1394/1/3 1393/1/3
f 1398/1/3 1394/1/3 1397/1/3
f 1399/1/3 1396/1/3 1395/1/3
f 1400/1/3 1396/1/3 1399/1/3
f 1405/1/3 1402/1/3 1401/1/3
f 1406/1/3 1402/1/3 1405/1/3
f 1407/1/3 1404/1/3 1403/1/3
f 1408/1/3 1404/1/3 1407/1/3
f 1413/1/3 1410/1/3 1409/1/3
f 1414/1/3 1410/1/3 1413/1/3
f 1415/1/3 1412/1/3 1411/1/3
f 1416/1/3 1412/1/3 1415/1/3
f 1421/1/3 1418/1/3 1417/1/3
f 1422/1/3 1418/1/3 1421/1/3
f 1423/1/3 1420/1/3 1419/1/3
f 1424/1/3 1420/1/3 1423/1/3
f 1429/1/3 1426/1/3 1425/1/3
f 1430/1/3 1426/1/3 1429/1/3
f 1431/1/3 1428/1/3 1427/1/3
f 1432/1/3 1428/1/3 1431/1/3
f 1437/1/3 1434/1/3 1433/1/3
f 1438/1/3 1434/1/3 1437/1/3
f 1439/1/3 1436/1/3 1435/1/3
f 1440/1/3 1436/1/3 1439/1/3
f 1443/2/3 1442/2/3 1441/2/3
f 1444/2/3 1442/2/3 1443/2/3
f 1447/3/3 1444/3/3 1443/3/3
f 1448/3/3 1444/3/3 1447/3/3
f 1449/3/3 1444/3/3 1448/3/3
f 1450/3/3 1444/3/3 1449/3/3
f 1451/3/3 1444/3/3 1450/3/3
f 1452/3/3 1444/3/3 1451/3/3
f 1453/3/3 1447/3/3 1443/3/3
f 1454/3/3 1447/3/3 1453/3/3
f 1455/3/3 1449/3/3 1448/3/3
f 1456/3/3 1449/3/3 1455/3/3
f 1457/3/3 1449/3/3 1456/3/3
f 1458/3/3 1451/3/3 1450/3/3
f 1459/3/3 1451/3/3 1458/3/3
f 1460/3/3 1451/3/3 1459/3/3
f 1461/3/3 1444/3/3 1452/3/3
f 1462/3/3 1457/3/3 1456/3/3
f 1462/3/3 1458/3/3 1457/3/3
f 1463/3/3 1458/3/3 1462/3/3
f 1464/3/3 1460/3/3 1459/3/3
f 1464/3/3 1461/3/3 1460/3/3
f 1465/3/3 1461/3/3 1464/3/3
f 1466/3/3 1461/3/3 1465/3/3
f 1467/3/3 1453/3/3 1443/3/3
f 1468/3/3 1453/3/3 1467/3/3
f 1469/3/3 1455/3/3 1454/3/3
f 1470/3/3 1455/3/3 1469/3/3
f 1471/3/3 1455/3/3 1470/3/3
f 1472/3/3 1462/3/3 1456/3/3
f 1473/3/3 1465/3/3 1464/3/3
f 1473/3/3 1464/3/3 1463/3/3
f 1474/3/3 1461/3/3 1466/3/3
f 1475/3/3 1444/3/3 1461/3/3
f 1475/3/3 1461/3/3 1474/3/3
f 1476/3/3 1467/3/3 1443/3/3
f 1477/3/3 1470/3/3 1469/3/3
f 1477/3/3 1469/3/3 1468/3/3
f 1478/3/3 1470/3/3 1477/3/3
f 1479/3/3 1473/3/3 1472/3/3
f 1479/3/3 1472/3/3 1456/3/3
f 1480/3/3 1465/3/3 1473/3/3
f 1480/3/3 1473/3/3 1479/3/3
f 1481/3/3 1444/3/3 1475/3/3
f 1482/3/3 1446/3/3 1445/3/3
f 1483/3/3 1446/3/3 1482/3/3
f 1484/3/3 1481/3/3 1480/3/3
f 1484/3/3 1478/3/3 1477/3/3
f 1484/3/3 1480/3/3 1479/3/3
f 1484/3/3 1477/3/3 1476/3/3
f 1484/3/3 1479/3/3 1478/3/3
f 1484/3/3 1476/3/3 1443/3/3
f 1485/3/3 1444/3/3 1481/3/3
f 1485/3/3 1481/3/3 1484/3/3
f 1486/2/3 1485/2/3 1484/2/3
f 1487/2/3 1485/2/3 1486/2/3
f 1492/1/3 1489/1/3 1488/1/3
f 1493/1/3 1489/1/3 1492/1/3
f 1494/1/3 1491/1/3 1490/1/3
f 1495/1/3 1491/1/3 1494/1/3
f 1500/1/3 1497/1/3 1496/1/3
f 1501/1/3 1497/1/3 1500/1/3
f 1502/1/3 1499/1/3 1498/1/3
f 1503/1/3 1499/1/3 1502/1/3
f 1508/2/3 1507/2/3 1506/2/3
f 1509/2/3 1507/2/3 1508/2/3
f 1510/3/3 1505/3/3 1504/3/3
f 1511/3/3 1505/3/3 1510/3/3
f 1512/3/3 1509/3/3 1508/3/3
f 1513/3/3 1509/3/3 1512/3/3
f 1514/3/3 1509/3/3 1513/3/3
f 1515/3/3 1509/3/3 1514/3/3
f 1516/3/3 1509/3/3 1515/3/3
f 1517/3/3 1509/3/3 1516/3/3
f 1518/3/3 1512/3/3 1508/3/3
f 1519/3/3 1512/3/3 1518/3/3
f 1520/3/3 1516/3/3 1515/3/3
f 1521/3/3 1516/3/3 1520/3/3
f 1523/3/3 1509/3/3 1517/3/3
f 1524/3/3 1518/3/3 1508/3/3
f 1525/3/3 1518/3/3 1524/3/3
f 1526/3/3 1518/3/3 1525/3/3
f 1527/3/3 1512/3/3 1519/3/3
f 1528/3/3 1512/3/3 1527/3/3
f 1529/3/3 1514/3/3 1513/3/3
f 1530/3/3 1514/3/3 1529/3/3
f 1531/3/3 1520/3/3 1515/3/3
f 1532/3/3 1520/3/3 1531/3/3
f 1533/3/3 1516/3/3 1521/3/3
f 1534/3/3 1524/3/3 1508/3/3
f 1535/3/3 1526/3/3 1525/3/3
f 1535/3/3 1527/3/3 1526/3/3
f 1536/3/3 1527/3/3 1535/3/3
f 1537/3/3 1532/3/3 1531/3/3
f 1537/3/3 1533/3/3 1532/3/3
f 1537/3/3 1530/3/3 1529/3/3
f 1537/3/3 1531/3/3 1530/3/3
f 1537/3/3 1529/3/3 1528/3/3
f 1538/3/3 1533/3/3 1537/3/3
f 1539/3/3 1516/3/3 1533/3/3
f 1539/3/3 1533/3/3 1538/3/3
f 1540/3/3 1516/3/3 1539/3/3
f 1541/3/3 1535/3/3 1534/3/3
f 1542/3/3 1537/3/3 1528/3/3
f 1543/3/3 1537/3/3 1542/3/3
f 1544/3/3 1539/3/3 1538/3/3
f 1545/3/3 1539/3/3 1544/3/3
f 1546/3/3 1523/3/3 1522/3/3
f 1549/3/3 1545/3/3 1544/3/3
f 1549/3/3 1534/3/3 1508/3/3
f 1549/3/3 1546/3/3 1545/3/3
f 1549/3/3 1543/3/3 1542/3/3
f 1549/3/3 1544/3/3 1543/3/3
f 1549/3/3 1541/3/3 1534/3/3
f 1549/3/3 1542/3/3 1541/3/3
f 1550/3/3 1523/3/3 1546/3/3
f 1550/3/3 1546/3/3 1549/3/3
f 1550/3/3 1509/3/3 1523/3/3
f 1551/3/3 1548/3/3 1547/3/3
f 1552/3/3 1548/3/3 1551/3/3
f 1553/2/3 1550/2/3 1549/2/3
f 1554/2/3 1550/2/3 1553/2/3
f 1559/1/3 1556/1/3 1555/1/3
f 1560/1/3 1556/1/3 1559/1/3
f 1561/1/3 1558/1/3 1557/1/3
f 1562/1/3 1558/1/3 1561/1/3
f 1567/1/3 1564/1/3 1563/1/3
f 1568/1/3 1564/1/3 1567/1/3
f 1569/1/3 1566/1/3 1565/1/3
f 1570/1/3 1566/1/3 1569/1/3
f 1573/2/3 1572/2/3 1571/2/3
f 1574/2/3 1572/2/3 1573/2/3
f 1577/3/3 1576/3/3 1575/3/3
f 1578/3/3 1576/3/3 1577/3/3
f 1581/2/3 1580/2/3 1579/2/3
f 1582/2/3 1580/2/3 1581/2/3
f 1583/3/3 1582/3/3 1581/3/3
f 1584/3/3 1582/3/3 1583/3/3
f 1585/3/3 1582/3/3 1584/3/3
f 1586/3/3 1582/3/3 1585/3/3
f 1587/3/3 1583/3/3 1581/3/3
f 1588/3/3 1583/3/3 1587/3/3
f 1589/3/3 1585/3/3 1584/3/3
f 1590/3/3 1585/3/3 1589/3/3
f 1591/3/3 1585/3/3 1590/3/3
f 1592/3/3 1585/3/3 1591/3/3
f 1593/3/3 1582/3/3 1586/3/3
f 1594/3/3 1582/3/3 1593/3/3
f 1595/3/3 1587/3/3 1581/3/3
f 1596/3/3 1587/3/3 1595/3/3
f 1597/3/3 1589/3/3 1588/3/3
f 1597/3/3 1590/3/3 1589/3/3
f 1598/3/3 1592/3/3 1591/3/3
f 1598/3/3 1593/3/3 1592/3/3
f 1599/3/3 1593/3/3 1598/3/3
f 1600/3/3 1595/3/3 1581/3/3
f 1601/3/3 1587/3/3 1596/3/3
f 1602/3/3 1587/3/3 1601/3/3
f 1603/3/3 1597/3/3 1588/3/3
f 1603/3/3 1598/3/3 1597/3/3
f 1604/3/3 1598/3/3 1603/3/3
f 1605/3/3 1598/3/3 1604/3/3
f 1606/3/3 1593/3/3 1599/3/3
f 1607/3/3 1593/3/3 1606/3/3
f 1608/3/3 1582/3/3 1594/3/3
f 1609/3/3 1601/3/3 1600/3/3
f 1610/3/3 1603/3/3 1602/3/3
f 1611/3/3 1603/3/3 1610/3/3
f 1612/3/3 1605/3/3 1604/3/3
f 1612/3/3 1606/3/3 1605/3/3
f 1613/3/3 1606/3/3 1612/3/3
f 1614/3/3 1608/3/3 1607/3/3
f 1615/3/3 1613/3/3 1612/3/3
f 1615/3/3 1614/3/3 1613/3/3
f 1615/3/3 1611/3/3 1610/3/3
f 1615/3/3 1600/3/3 1581/3/3
f 1615/3/3 1612/3/3 1611/3/3
f 1615/3/3 1609/3/3 1600/3/3
f 1615/3/3 1610/3/3 1609/3/3
f 1616/3/3 1608/3/3 1614/3/3
f 1616/3/3 1614/3/3 1615/3/3
f 1616/3/3 1582/3/3 1608/3/3
f 1617/2/3 1616/2/3 1615/2/3
f 1618/2/3 1616/2/3 1617/2/3
f 1621/3/3 1620/3/3 1619/3/3
f 1622/3/3 1620/3/3 1621/3/3
f 1625/2/3 1624/2/3 1623/2/3
f 1626/2/3 1624/2/3 1625/2/3
f 1631/1/3 1628/1/3 1627/1/3
f 1632/1/3 1628/1/3 1631/1/3
f 1633/1/3 1630/1/3 1629/1/3
f 1634/1/3 1630/1/3 1633/1/3
f 1639/3/3 1636/3/3 1635/3/3
f 1640/3/3 1636/3/3 1639/3/3
f 1641/2/3 1638/2/3 1637/2/3
f 1642/2/3 1638/2/3 1641/2/3
f 1645/2/3 1644/2/3 1643/2/3
f 1646/2/3 1644/2/3 1645/2/3
f 1647/3/3 1646/3/3 1645/3/3
f 1648/3/3 1646/3/3 1647/3/3
f 1649/2/3 1648/2/3 1647/2/3
f 1650/2/3 1648/2/3 1649/2/3
f 1655/3/3 1652/3/3 1651/3/3
f 1656/3/3 1652/3/3 1655/3/3
f 1657/2/3 1654/2/3 1653/2/3
f 1658/2/3 1654/2/3 1657/2/3
f 1663/1/3 1660/1/3 1659/1/3
f 1664/1/3 1660/1/3 1663/1/3
f 1665/1/3 1662/1/3 1661/1/3
f 1666/1/3 1662/1/3 1665/1/3
f 1669/2/3 1668/2/3 1667/2/3
f 1670/2/3 1668/2/3 1669/2/3
f 1672/2/3 1671/2/3 1670/2/3
f 1673/2/3 1671/2/3 1672/2/3
f 1675/2/3 1674/2/3 1673/2/3
f 1676/2/3 1674/2/3 1675/2/3
f 1677/3/3 1676/3/3 1675/3/3
f 1678/3/3 1676/3/3 1677/3/3
f 1680/2/3 1678/2/3 1677/2/3
f 1681/2/3 1678/2/3 1680/2/3
f 1683/2/3 1680/2/3 1679/2/3
f 1684/2/3 1680/2/3 1683/2/3
f 1685/2/3 1683/2/3 1682/2/3
f 1686/2/3 1683/2/3 1685/2/3
f 1691/1/3 1688/1/3 1687/1/3
f 1692/1/3 1688/1/3 1691/1/3
f 1693/1/3 1690/1/3 1689/1/3
f 1694/1/3 1690/1/3 1693/1/3
f 1697/3/3 1696/3/3 1695/3/3
f 1698/3/3 1696/3/3 1697/3/3
f 1701/2/3 1700/2/3 1699/2/3
f 1702/2/3 1700/2/3 1701/2/3
f 1703/3/3 1702/3/3 1701/3/3
f 1704/3/3 1702/3/3 1703/3/3
f 1705/2/3 1704/2/3 1703/2/3
f 1706/2/3 1704/2/3 1705/2/3
f 1709/3/3 1708/3/3 1707/3/3
f 1710/3/3 1708/3/3 1709/3/3
f 1713/2/3 1712/2/3 1711/2/3
f 1714/2/3 1712/2/3 1713/2/3
f 1715/3/3 1714/3/3 1713/3/3
f 1716/3/3 1714/3/3 1715/3/3
f 1717/2/3 1716/2/3 1715/2/3
f 1718/2/3 1716/2/3 1717/2/3
f 1725/3/3 1720/3/3 1719/3/3
f 1726/3/3 1720/3/3 1725/3/3
f 1727/3/3 1722/3/3 1721/3/3
f 1728/3/3 1722/3/3 1727/3/3
f 1729/3/3 1724/3/3 1723/3/3
f 1730/3/3 1724/3/3 1729/3/3
f 1737/3/3 1732/3/3 1731/3/3
f 1738/3/3 1732/3/3 1737/3/3
f 1739/3/3 1734/3/3 1733/3/3
f 1740/3/3 1734/3/3 1739/3/3
f 1741/3/3 1736/3/3 1735/3/3
f 1742/3/3 1736/3/3 1741/3/3
f 1749/3/3 1744/3/3 1743/3/3
f 1750/3/3 1744/3/3 1749/3/3
f 1751/3/3 1746/3/3 1745/3/3
f 1752/3/3 1746/3/3 1751/3/3
f 1753/3/3 1748/3/3 1747/3/3
f 1754/3/3 1748/3/3 1753/3/3
f 1757/2/3 1756/2/3 1755/2/3
f 1758/2/3 1756/2/3 1757/2/3
f 1765/3/3 1760/3/3 1759/3/3
f 1766/3/3 1760/3/3 1765/3/3
f 1767/3/3 1762/3/3 1761/3/3
f 1768/3/3 1762/3/3 1767/3/3
f 1775/3/3 1764/3/3 1763/3/3
f 1776/3/3 1764/3/3 1775/3/3
f 1777/3/3 1770/3/3 1769/3/3
f 1778/3/3 1770/3/3 1777/3/3
f 1779/3/3 1772/3/3 1771/3/3
f 1780/3/3 1772/3/3 1779/3/3
f 1781/3/3 1774/3/3 1773/3/3
f 1782/3/3 1774/3/3 1781/3/3
f 1787/3/3 1784/3/3 1783/3/3
f 1788/3/3 1784/3/3 1787/3/3
f 1789/3/3 1786/3/3 1785/3/3
f 1790/3/3 1786/3/3 1789/3/3
f 1795/3/3 1792/3/3 1791/3/3
f 1796/3/3 1792/3/3 1795/3/3
f 1797/3/3 1794/3/3 1793/3/3
f 1798/3/3 1794/3/3 1797/3/3
f 1803/3/3 1800/3/3 1799/3/3
f 1804/3/3 1800/3/3 1803/3/3
f 1805/3/3 1802/3/3 1801/3/3
f 1806/3/3 1802/3/3 1805/3/3
f 1817/3/3 1808/3/3 1807/3/3
f 1818/3/3 1808/3/3 1817/3/3
f 1821/3/3 1810/3/3 1809/3/3
f 1822/3/3 1810/3/3 1821/3/3
f 1823/3/3 1812/3/3 1811/3/3
f 1824/3/3 1812/3/3 1823/3/3
f 1825/3/3 1814/3/3 1813/3/3
f 1826/3/3 1814/3/3 1825/3/3
f 1827/3/3 1816/3/3 1815/3/3
f 1828/3/3 1816/3/3 1827/3/3
f 1829/3/3 1820/3/3 1819/3/3
f 1830/3/3 1820/3/3 1829/3/3
f 1837/3/3 1832/3/3 1831/3/3
f 1838/3/3 1832/3/3 1837/3/3
f 1839/3/3 1834/3/3 1833/3/3
f 1840/3/3 1834/3/3 1839/3/3
f 1841/3/3 1836/3/3 1835/3/3
f 1842/3/3 1836/3/3 1841/3/3
f 1847/3/3 1844/3/3 1843/3/3
f 1848/3/3 1844/3/3 1847/3/3
f 1849/3/3 1846/3/3 1845/3/3
f 1850/3/3 1846/3/3 1849/3/3
f 1857/3/3 1852/3/3 1851/3/3
f 1858/3/3 1852/3/3 1857/3/3
f 1859/3/3 1854/3/3 1853/3/3
f 1860/3/3 1854/3/3 1859/3/3
f 1861/3/3 1856/3/3 1855/3/3
f 1862/3/3 1856/3/3 1861/3/3
f 1873/3/3 1864/3/3 1863/3/3
f 1874/3/3 1864/3/3 1873/3/3
f 1875/3/3 1866/3/3 1865/3/3
f 1876/3/3 1866/3/3 1875/3/3
f 1877/3/3 1868/3/3 1867/3/3
f 1878/3/3 1868/3/3 1877/3/3
f 1879/3/3 1870/3/3 1869/3/3
f 1880/3/3 1870/3/3 1879/3/3
f 1885/3/3 1872/3/3 1871/3/3
f 1886/3/3 1872/3/3 1885/3/3
f 1887/3/3 1882/3/3 1881/3/3
f 1888/3/3 1882/3/3 1887/3/3
f 1889/3/3 1884/3/3 1883/3/3
f 1890/3/3 1884/3/3 1889/3/3
f 1897/3/3 1892/3/3 1891/3/3
f 1898/3/3 1892/3/3 1897/3/3
f 1899/3/3 1894/3/3 1893/3/3
f 1900/3/3 1894/3/3 1899/3/3
f 1901/3/3 1896/3/3 1895/3/3
f 1902/3/3 1896/3/3 1901/3/3
f 1909/3/3 1904/3/3 1903/3/3
f 1910/3/3 1904/3/3 1909/3/3
f 1911/3/3 1906/3/3 1905/3/3
f 1912/3/3 1906/3/3 1911/3/3
f 1913/3/3 1908/3/3 1907/3/3
f 1914/3/3 1908/3/3 1913/3/3
f 1919/3/3 1916/3/3 1915/3/3
f 1920/3/3 1916/3/3 1919/3/3
f 1921/3/3 1918/3/3 1917/3/3
f 1922/3/3 1918/3/3 1921/3/3
f 1935/3/3 1924/3/3 1923/3/3
f 1936/3/3 1924/3/3 1935/3/3
f 1937/3/3 1926/3/3 1925/3/3
f 1938/3/3 1926/3/3 1937/3/3
f 1939/3/3 1928/3/3 1927/3/3
f 1940/3/3 1928/3/3 1939/3/3
f 1947/3/3 1930/3/3 1929/3/3
f 1948/3/3 1930/3/3 1947/3/3
f 1949/3/3 1932/3/3 1931/3/3
f 1950/3/3 1932/3/3 1949/3/3
f 1951/3/3 1934/3/3 1933/3/3
f 1952/3/3 1934/3/3 1951/3/3
f 1953/3/3 1942/3/3 1941/3/3
f 1954/3/3 1942/3/3 1953/3/3
f 1955/3/3 1944/3/3 1943/3/3
f 1956/3/3 1944/3/3 1955/3/3
f 1957/3/3 1946/3/3 1945/3/3
f 1958/3/3 1946/3/3 1957/3/3
f 1961/2/3 1960/2/3 1959/2/3
f 1962/2/3 1960/2/3 1961/2/3
f 1963/3/3 1962/3/3 1961/3/3
f 1964/3/3 1962/3/3 1963/3/3
f 1965/3/3 1962/3/3 1964/3/3
f 1966/3/3 1962/3/3 1965/3/3
f 1967/3/3 1962/3/3 1966/3/3
f 1968/3/3 1962/3/3 1967/3/3
f 1969/3/3 1963/3/3 1961/3/3
f 1970/3/3 1963/3/3 1969/3/3
f 1971/3/3 1965/3/3 1964/3/3
f 1972/3/3 1965/3/3 1971/3/3
f 1973/3/3 1967/3/3 1966/3/3
f 1974/3/3 1967/3/3 1973/3/3
f 1975/3/3 1967/3/3 1974/3/3
f 1976/3/3 1962/3/3 1968/3/3
f 1977/3/3 1962/3/3 1976/3/3
f 1978/3/3 1969/3/3 1961/3/3
f 1979/3/3 1971/3/3 1970/3/3
f 1980/3/3 1974/3/3 1973/3/3
f 1980/3/3 1973/3/3 1972/3/3
f 1981/3/3 1974/3/3 1980/3/3
f 1982/3/3 1976/3/3 1975/3/3
f 1983/3/3 1979/3/3 1978/3/3
f 1983/3/3 1971/3/3 1979/3/3
f 1984/3/3 1980/3/3 1972/3/3
f 1985/3/3 1980/3/3 1984/3/3
f 1986/3/3 1980/3/3 1985/3/3
f 1987/3/3 1982/3/3 1981/3/3
f 1988/3/3 1976/3/3 1982/3/3
f 1988/3/3 1982/3/3 1987/3/3
f 1989/3/3 1976/3/3 1988/3/3
f 1990/3/3 1962/3/3 1977/3/3
f 1991/3/3 1984/3/3 1983/3/3
f 1992/3/3 1986/3/3 1985/3/3
f 1992/3/3 1987/3/3 1986/3/3
f 1992/3/3 1988/3/3 1987/3/3
f 1993/3/3 1988/3/3 1992/3/3
f 1994/3/3 1990/3/3 1989/3/3
f 1995/3/3 1993/3/3 1992/3/3
f 1995/3/3 1994/3/3 1993/3/3
f 1995/3/3 1991/3/3 1983/3/3
f 1995/3/3 1978/3/3 1961/3/3
f 1995/3/3 1992/3/3 1991/3/3
f 1995/3/3 1983/3/3 1978/3/3
f 1996/3/3 1990/3/3 1994/3/3
f 1996/3/3 1994/3/3 1995/3/3
f 1996/3/3 1962/3/3 1990/3/3
f 1997/2/3 1996/2/3 1995/2/3
f 1998/2/3 1996/2/3 1997/2/3
f 2001/2/3 2000/2/3 1999/2/3
f 2002/2/3 2000/2/3 2001/2/3
f 2003/3/3 2002/3/3 2001/3/3
f 2004/3/3 2003/3/3 2001/3/3
f 2005/3/3 2003/3/3 2004/3/3
f 2006/3/3 2003/3/3 2005/3/3
f 2007/3/3 2003/3/3 2006/3/3
f 2008/3/3 2003/3/3 2007/3/3
f 2009/3/3 2003/3/3 2008/3/3
f 2010/3/3 2004/3/3 2001/3/3
f 2011/3/3 2004/3/3 2010/3/3
f 2013/3/3 2006/3/3 2005/3/3
f 2014/3/3 2008/3/3 2007/3/3
f 2015/3/3 2008/3/3 2014/3/3
f 2017/3/3 2010/3/3 2001/3/3
f 2018/3/3 2012/3/3 2011/3/3
f 2019/3/3 2012/3/3 2018/3/3
f 2020/3/3 2012/3/3 2019/3/3
f 2021/3/3 2013/3/3 2005/3/3
f 2021/3/3 2016/3/3 2015/3/3
f 2021/3/3 2015/3/3 2014/3/3
f 2021/3/3 2014/3/3 2013/3/3
f 2022/3/3 2016/3/3 2021/3/3
f 2023/3/3 2016/3/3 2022/3/3
f 2024/3/3 2016/3/3 2023/3/3
f 2025/3/3 2016/3/3 2024/3/3
f 2026/3/3 2016/3/3 2025/3/3
f 2027/3/3 2019/3/3 2018/3/3
f 2027/3/3 2018/3/3 2017/3/3
f 2028/3/3 2021/3/3 2020/3/3
f 2029/3/3 2025/3/3 2024/3/3
f 2030/3/3 2016/3/3 2026/3/3
f 2031/3/3 2003/3/3 2009/3/3
f 2032/3/3 2003/3/3 2031/3/3
f 2033/3/3 2028/3/3 2027/3/3
f 2033/3/3 2021/3/3 2028/3/3
f 2034/3/3 2023/3/3 2022/3/3
f 2035/3/3 2023/3/3 2034/3/3
f 2036/3/3 2030/3/3 2029/3/3
f 2036/3/3 2029/3/3 2024/3/3
f 2037/3/3 2016/3/3 2030/3/3
f 2037/3/3 2030/3/3 2036/3/3
f 2038/3/3 2003/3/3 2032/3/3
f 2039/3/3 2035/3/3 2034/3/3
f 2039/3/3 2038/3/3 2037/3/3
f 2039/3/3 2003/3/3 2038/3/3
f 2039/3/3 2034/3/3 2033/3/3
f 2039/3/3 2037/3/3 2036/3/3
f 2039/3/3 2036/3/3 2035/3/3
f 2040/3/3 2017/3/3 2001/3/3
f 2040/3/3 2033/3/3 2027/3/3
f 2040/3/3 2039/3/3 2033/3/3
f 2040/3/3 2027/3/3 2017/3/3
f 2041/3/3 2039/3/3 2040/3/3
f 2042/2/3 2041/2/3 2040/2/3
f 2043/2/3 2041/2/3 2042/2/3
f 2046/2/3 2045/2/3 2044/2/3
f 2047/2/3 2045/2/3 2046/2/3
f 2048/3/3 2047/3/3 2046/3/3
f 2049/3/3 2048/3/3 2046/3/3
f 2050/3/3 2048/3/3 2049/3/3
f 2051/3/3 2048/3/3 2050/3/3
f 2052/3/3 2048/3/3 2051/3/3
f 2053/3/3 2048/3/3 2052/3/3
f 2054/3/3 2048/3/3 2053/3/3
f 2055/3/3 2049/3/3 2046/3/3
f 2056/3/3 2051/3/3 2050/3/3
f 2057/3/3 2051/3/3 2056/3/3
f 2058/3/3 2051/3/3 2057/3/3
f 2060/3/3 2053/3/3 2052/3/3
f 2061/3/3 2053/3/3 2060/3/3
f 2063/3/3 2048/3/3 2054/3/3
f 2064/3/3 2060/3/3 2052/3/3
f 2065/3/3 2053/3/3 2061/3/3
f 2066/3/3 2053/3/3 2065/3/3
f 2067/3/3 2053/3/3 2066/3/3
f 2068/3/3 2063/3/3 2062/3/3
f 2069/3/3 2056/3/3 2055/3/3
f 2070/3/3 2059/3/3 2058/3/3
f 2070/3/3 2058/3/3 2057/3/3
f 2071/3/3 2059/3/3 2070/3/3
f 2072/3/3 2064/3/3 2052/3/3
f 2072/3/3 2065/3/3 2064/3/3
f 2073/3/3 2065/3/3 2072/3/3
f 2074/3/3 2065/3/3 2073/3/3
f 2075/3/3 2068/3/3 2067/3/3
f 2075/3/3 2067/3/3 2066/3/3
f 2076/3/3 2068/3/3 2075/3/3
f 2077/3/3 2048/3/3 2063/3/3
f 2077/3/3 2068/3/3 2076/3/3
f 2077/3/3 2063/3/3 2068/3/3
f 2078/3/3 2070/3/3 2069/3/3
f 2079/3/3 2073/3/3 2072/3/3
f 2079/3/3 2072/3/3 2071/3/3
f 2080/3/3 2073/3/3 2079/3/3
f 2081/3/3 2076/3/3 2075/3/3
f 2081/3/3 2075/3/3 2074/3/3
f 2082/3/3 2076/3/3 2081/3/3
f 2083/3/3 2048/3/3 2077/3/3
f 2084/3/3 2082/3/3 2081/3/3
f 2084/3/3 2083/3/3 2082/3/3
f 2084/3/3 2048/3/3 2083/3/3
f 2084/3/3 2080/3/3 2079/3/3
f 2084/3/3 2081/3/3 2080/3/3
f 2084/3/3 2079/3/3 2078/3/3
f 2085/3/3 2069/3/3 2055/3/3
f 2085/3/3 2055/3/3 2046/3/3
f 2085/3/3 2084/3/3 2078/3/3
f 2085/3/3 2078/3/3 2069/3/3
f 2086/3/3 2084/3/3 2085/3/3
f 2087/2/3 2086/2/3 2085/2/3
f 2088/2/3 2086/2/3 2087/2/3
f 2089/2/4 2090/2/4 2091/2/4
f 2091/2/4 2090/2/4 2092/2/4
f 2091/3/4 2092/3/4 2093/3/4
f 2091/3/4 2093/3/4 2094/3/4
f 2094/3/4 2093/3/4 2095/3/4
f 2095/3/4 2093/3/4 2096/3/4
f 2096/3/4 2093/3/4 2097/3/4
f 2097/3/4 2093/3/4 2098/3/4
f 2098/3/4 2093/3/4 2099/3/4
f 2091/3/4 2094/3/4 2100/3/4
f 2100/3/4 2094/3/4 2101/3/4
f 2095/3/4 2096/3/4 2102/3/4
f 2102/3/4 2096/3/4 2103/3/4
f 2103/3/4 2096/3/4 2104/3/4
f 2097/3/4 2098/3/4 2105/3/4
f 2105/3/4 2098/3/4 2106/3/4
f 2106/3/4 2098/3/4 2107/3/4
f 2099/3/4 2093/3/4 2108/3/4
f 2103/3/4 2104/3/4 2109/3/4
f 2104/3/4 2105/3/4 2109/3/4
f 2109/3/4 2105/3/4 2110/3/4
f 2106/3/4 2107/3/4 2111/3/4
f 2107/3/4 2108/3/4 2111/3/4
f 2111/3/4 2108/3/4 2112/3/4
f 2112/3/4 2108/3/4 2113/3/4
f 2091/3/4 2100/3/4 2114/3/4
f 2114/3/4 2100/3/4 2115/3/4
f 2101/3/4 2102/3/4 2116/3/4
f 2116/3/4 2102/3/4 2117/3/4
f 2117/3/4 2102/3/4 2118/3/4
f 2103/3/4 2109/3/4 2119/3/4
f 2111/3/4 2112/3/4 2120/3/4
f 2110/3/4 2111/3/4 2120/3/4
f 2113/3/4 2108/3/4 2121/3/4
f 2108/3/4 2093/3/4 2122/3/4
f 2121/3/4 2108/3/4 2122/3/4
f 2091/3/4 2114/3/4 2123/3/4
f 2116/3/4 2117/3/4 2124/3/4
f 2115/3/4 2116/3/4 2124/3/4
f 2124/3/4 2117/3/4 2125/3/4
f 2119/3/4 2120/3/4 2126/3/4
f 2103/3/4 2119/3/4 2126/3/4
f 2120/3/4 2112/3/4 2127/3/4
f 2126/3/4 2120/3/4 2127/3/4
f 2122/3/4 2093/3/4 2128/3/4
f 2124/3/4 2125/3/4 2129/3/4
f 2127/3/4 2128/3/4 2129/3/4
f 2128/3/4 2093/3/4 2129/3/4
f 2126/3/4 2127/3/4 2129/3/4
f 2123/3/4 2124/3/4 2129/3/4
f 2125/3/4 2126/3/4 2129/3/4
f 2091/3/4 2123/3/4 2130/3/4
f 2123/3/4 2129/3/4 2130/3/4
f 2130/3/4 2129/3/4 2131/3/4
f 2130/2/4 2131/2/4 2132/2/4
f 2132/2/4 2131/2/4 2133/2/4
f 2134/2/4 2135/2/4 2136/2/4
f 2136/2/4 2135/2/4 2137/2/4
f 2136/3/4 2137/3/4 2138/3/4
f 2136/3/4 2138/3/4 2139/3/4
f 2139/3/4 2138/3/4 2140/3/4
f 2140/3/4 2138/3/4 2141/3/4
f 2141/3/4 2138/3/4 2142/3/4
f 2142/3/4 2138/3/4 2143/3/4
f 2143/3/4 2138/3/4 2144/3/4
f 2136/3/4 2139/3/4 2145/3/4
f 2145/3/4 2139/3/4 2146/3/4
f 2142/3/4 2143/3/4 2147/3/4
f 2147/3/4 2143/3/4 2148/3/4
f 2144/3/4 2138/3/4 2150/3/4
f 2136/3/4 2145/3/4 2151/3/4
f 2151/3/4 2145/3/4 2152/3/4
f 2152/3/4 2145/3/4 2153/3/4
f 2146/3/4 2139/3/4 2154/3/4
f 2154/3/4 2139/3/4 2155/3/4
f 2140/3/4 2141/3/4 2156/3/4
f 2156/3/4 2141/3/4 2157/3/4
f 2142/3/4 2147/3/4 2158/3/4
f 2158/3/4 2147/3/4 2159/3/4
f 2148/3/4 2143/3/4 2160/3/4
f 2136/3/4 2151/3/4 2161/3/4
f 2152/3/4 2153/3/4 2162/3/4
f 2153/3/4 2154/3/4 2162/3/4
f 2162/3/4 2154/3/4 2163/3/4
f 2158/3/4 2159/3/4 2164/3/4
f 2159/3/4 2160/3/4 2164/3/4
f 2156/3/4 2157/3/4 2164/3/4
f 2157/3/4 2158/3/4 2164/3/4
f 2155/3/4 2156/3/4 2164/3/4
f 2164/3/4 2160/3/4 2165/3/4
f 2160/3/4 2143/3/4 2166/3/4
f 2165/3/4 2160/3/4 2166/3/4
f 2166/3/4 2143/3/4 2167/3/4
f 2161/3/4 2162/3/4 2168/3/4
f 2155/3/4 2164/3/4 2169/3/4
f 2169/3/4 2164/3/4 2170/3/4
f 2165/3/4 2166/3/4 2171/3/4
f 2171/3/4 2166/3/4 2172/3/4
f 2149/3/4 2150/3/4 2173/3/4
f 2171/3/4 2172/3/4 2174/3/4
f 2172/3/4 2173/3/4 2174/3/4
f 2173/3/4 2150/3/4 2174/3/4
f 2169/3/4 2170/3/4 2174/3/4
f 2170/3/4 2171/3/4 2174/3/4
f 2168/3/4 2169/3/4 2174/3/4
f 2150/3/4 2138/3/4 2174/3/4
f 2136/3/4 2161/3/4 2175/3/4
f 2161/3/4 2168/3/4 2175/3/4
f 2168/3/4 2174/3/4 2175/3/4
f 2175/3/4 2174/3/4 2176/3/4
f 2175/2/4 2176/2/4 2177/2/4
f 2177/2/4 2176/2/4 2178/2/4
f 2179/2/4 2180/2/4 2181/2/4
f 2181/2/4 2180/2/4 2182/2/4
f 2181/3/4 2182/3/4 2183/3/4
f 2183/3/4 2182/3/4 2184/3/4
f 2184/3/4 2182/3/4 2185/3/4
f 2185/3/4 2182/3/4 2186/3/4
f 2181/3/4 2183/3/4 2187/3/4
f 2187/3/4 2183/3/4 2188/3/4
f 2184/3/4 2185/3/4 2189/3/4
f 2189/3/4 2185/3/4 2190/3/4
f 2190/3/4 2185/3/4 2191/3/4
f 2191/3/4 2185/3/4 2192/3/4
f 2186/3/4 2182/3/4 2193/3/4
f 2193/3/4 2182/3/4 2194/3/4
f 2181/3/4 2187/3/4 2195/3/4
f 2195/3/4 2187/3/4 2196/3/4
f 2188/3/4 2189/3/4 2197/3/4
f 2189/3/4 2190/3/4 2197/3/4
f 2191/3/4 2192/3/4 2198/3/4
f 2192/3/4 2193/3/4 2198/3/4
f 2198/3/4 2193/3/4 2199/3/4
f 2181/3/4 2195/3/4 2200/3/4
f 2196/3/4 2187/3/4 2201/3/4
f 2201/3/4 2187/3/4 2202/3/4
f 2188/3/4 2197/3/4 2203/3/4
f 2197/3/4 2198/3/4 2203/3/4
f 2203/3/4 2198/3/4 2204/3/4
f 2204/3/4 2198/3/4 2205/3/4
f 2199/3/4 2193/3/4 2206/3/4
f 2206/3/4 2193/3/4 2207/3/4
f 2194/3/4 2182/3/4 2208/3/4
f 2200/3/4 2201/3/4 2209/3/4
f 2202/3/4 2203/3/4 2210/3/4
f 2210/3/4 2203/3/4 2211/3/4
f 2204/3/4 2205/3/4 2212/3/4
f 2205/3/4 2206/3/4 2212/3/4
f 2212/3/4 2206/3/4 2213/3/4
f 2207/3/4 2208/3/4 2214/3/4
f 2212/3/4 2213/3/4 2215/3/4
f 2213/3/4 2214/3/4 2215/3/4
f 2210/3/4 2211/3/4 2215/3/4
f 2181/3/4 2200/3/4 2215/3/4
f 2211/3/4 2212/3/4 2215/3/4
f 2200/3/4 2209/3/4 2215/3/4
f 2209/3/4 2210/3/4 2215/3/4
f 2214/3/4 2208/3/4 2216/3/4
f 2215/3/4 2214/3/4 2216/3/4
f 2208/3/4 2182/3/4 2216/3/4
f 2215/2/4 2216/2/4 2217/2/4
f 2217/2/4 2216/2/4 2218/2/4
f 2219/3/4 2220/3/4 2225/3/4
f 2225/3/4 2220/3/4 2226/3/4
f 2221/3/4 2222/3/4 2227/3/4
f 2227/3/4 2222/3/4 2228/3/4
f 2223/3/4 2224/3/4 2229/3/4
f 2229/3/4 2224/3/4 2230/3/4
f 2231/3/4 2232/3/4 2237/3/4
f 2237/3/4 2232/3/4 2238/3/4
f 2233/3/4 2234/3/4 2239/3/4
f 2239/3/4 2234/3/4 2240/3/4
f 2235/3/4 2236/3/4 2241/3/4
f 2241/3/4 2236/3/4 2242/3/4
f 2243/3/4 2244/3/4 2249/3/4
f 2249/3/4 2244/3/4 2250/3/4
f 2245/3/4 2246/3/4 2251/3/4
f 2251/3/4 2246/3/4 2252/3/4
f 2247/3/4 2248/3/4 2253/3/4
f 2253/3/4 2248/3/4 2254/3/4
f 2255/3/4 2256/3/4 2265/3/4
f 2265/3/4 2256/3/4 2266/3/4
f 2257/3/4 2258/3/4 2267/3/4
f 2267/3/4 2258/3/4 2268/3/4
f 2259/3/4 2260/3/4 2275/3/4
f 2275/3/4 2260/3/4 2276/3/4
f 2261/3/4 2262/3/4 2277/3/4
f 2277/3/4 2262/3/4 2278/3/4
f 2263/3/4 2264/3/4 2279/3/4
f 2279/3/4 2264/3/4 2280/3/4
f 2269/3/4 2270/3/4 2281/3/4
f 2281/3/4 2270/3/4 2282/3/4
f 2271/3/4 2272/3/4 2283/3/4
f 2283/3/4 2272/3/4 2284/3/4
f 2273/3/4 2274/3/4 2285/3/4
f 2285/3/4 2274/3/4 2286/3/4
f 2287/3/4 2288/3/4 2291/3/4
f 2291/3/4 2288/3/4 2292/3/4
f 2289/3/4 2290/3/4 2293/3/4
f 2293/3/4 2290/3/4 2294/3/4
f 2295/3/4 2296/3/4 2297/3/4
f 2297/3/4 2296/3/4 2298/3/4
f 2299/3/4 2300/3/4 2307/3/4
f 2307/3/4 2300/3/4 2308/3/4
f 2301/3/4 2302/3/4 2309/3/4
f 2309/3/4 2302/3/4 2310/3/4
f 2303/3/4 2304/3/4 2311/3/4
f 2311/3/4 2304/3/4 2312/3/4
f 2305/3/4 2306/3/4 2313/3/4
f 2313/3/4 2306/3/4 2314/3/4
f 2315/3/4 2316/3/4 2325/3/4
f 2325/3/4 2316/3/4 2326/3/4
f 2317/3/4 2318/3/4 2327/3/4
f 2327/3/4 2318/3/4 2328/3/4
f 2319/3/4 2320/3/4 2329/3/4
f 2329/3/4 2320/3/4 2330/3/4
f 2321/3/4 2322/3/4 2337/3/4
f 2337/3/4 2322/3/4 2338/3/4
f 2323/3/4 2324/3/4 2339/3/4
f 2339/3/4 2324/3/4 2340/3/4
f 2331/3/4 2332/3/4 2341/3/4
f 2341/3/4 2332/3/4 2342/3/4
f 2333/3/4 2334/3/4 2343/3/4
f 2343/3/4 2334/3/4 2344/3/4
f 2335/3/4 2336/3/4 2345/3/4
f 2345/3/4 2336/3/4 2346/3/4
f 2347/3/4 2348/3/4 2349/3/4
f 2349/3/4 2348/3/4 2350/3/4
f 2351/3/4 2352/3/4 2359/3/4
f 2359/3/4 2352/3/4 2360/3/4
f 2353/3/4 2354/3/4 2361/3/4
f 2361/3/4 2354/3/4 2362/3/4
f 2355/3/4 2356/3/4 2363/3/4
f 2363/3/4 2356/3/4 2364/3/4
f 2357/3/4 2358/3/4 2365/3/4
f 2365/3/4 2358/3/4 2366/3/4
f 2367/3/4 2368/3/4 2369/3/4
f 2369/3/4 2368/3/4 2370/3/4
f 2371/3/4 2372/3/4 2379/3/4
f 2379/3/4 2372/3/4 2380/3/4
f 2373/3/4 2374/3/4 2381/3/4
f 2381/3/4 2374/3/4 2382/3/4
f 2375/3/4 2376/3/4 2387/3/4
f 2387/3/4 2376/3/4 2388/3/4
f 2377/3/4 2378/3/4 2389/3/4
f 2389/3/4 2378/3/4 2390/3/4
f 2383/3/4 2384/3/4 2391/3/4
f 2391/3/4 2384/3/4 2392/3/4
f 2385/3/4 2386/3/4 2393/3/4
f 2393/3/4 2386/3/4 2394/3/4
f 2395/3/4 2396/3/4 2401/3/4
f 2401/3/4 2396/3/4 2402/3/4
f 2397/3/4 2398/3/4 2403/3/4
f 2403/3/4 2398/3/4 2404/3/4
f 2399/3/4 2400/3/4 2405/3/4
f 2405/3/4 2400/3/4 2406/3/4
f 2407/3/4 2408/3/4 2409/3/4
f 2409/3/4 2408/3/4 2410/3/4
f 2411/3/4 2412/3/4 2415/3/4
f 2415/3/4 2412/3/4 2416/3/4
f 2413/3/4 2414/3/4 2417/3/4
f 2417/3/4 2414/3/4 2418/3/4
f 2419/2/4 2420/2/4 2421/2/4
f 2421/2/4 2420/2/4 2422/2/4
f 2423/3/4 2424/3/4 2435/3/4
f 2435/3/4 2424/3/4 2436/3/4
f 2425/3/4 2426/3/4 2437/3/4
f 2437/3/4 2426/3/4 2438/3/4
f 2427/3/4 2428/3/4 2439/3/4
f 2439/3/4 2428/3/4 2440/3/4
f 2429/3/4 2430/3/4 2447/3/4
f 2447/3/4 2430/3/4 2448/3/4
f 2431/3/4 2432/3/4 2449/3/4
f 2449/3/4 2432/3/4 2450/3/4
f 2433/3/4 2434/3/4 2451/3/4
f 2451/3/4 2434/3/4 2452/3/4
f 2441/3/4 2442/3/4 2453/3/4
f 2453/3/4 2442/3/4 2454/3/4
f 2443/3/4 2444/3/4 2455/3/4
f 2455/3/4 2444/3/4 2456/3/4
f 2445/3/4 2446/3/4 2457/3/4
f 2457/3/4 2446/3/4 2458/3/4
f 2459/2/4 2460/2/4 2461/2/4
f 2461/2/4 2460/2/4 2462/2/4
f 2461/3/4 2462/3/4 2463/3/4
f 2463/3/4 2462/3/4 2464/3/4
f 2463/2/4 2464/2/4 2465/2/4
f 2465/2/4 2464/2/4 2466/2/4
f 2467/3/4 2468/3/4 2469/3/4
f 2469/3/4 2468/3/4 2470/3/4
f 2471/2/4 2472/2/4 2473/2/4
f 2473/2/4 2472/2/4 2474/2/4
f 2473/3/4 2474/3/4 2475/3/4
f 2475/3/4 2474/3/4 2476/3/4
f 2475/2/4 2476/2/4 2477/2/4
f 2477/2/4 2476/2/4 2478/2/4
f 2479/3/4 2480/3/4 2481/3/4
f 2481/3/4 2480/3/4 2482/3/4
f 2483/1/4 2484/1/4 2487/1/4
f 2487/1/4 2484/1/4 2488/1/4
f 2485/1/4 2486/1/4 2489/1/4
f 2489/1/4 2486/1/4 2490/1/4
f 2491/2/4 2492/2/4 2493/2/4
f 2493/2/4 2492/2/4 2494/2/4
f 2494/2/4 2495/2/4 2496/2/4
f 2496/2/4 2495/2/4 2497/2/4
f 2497/2/4 2498/2/4 2499/2/4
f 2499/2/4 2498/2/4 2500/2/4
f 2499/3/4 2500/3/4 2501/3/4
f 2501/3/4 2500/3/4 2502/3/4
f 2501/2/4 2502/2/4 2504/2/4
f 2504/2/4 2502/2/4 2505/2/4
f 2503/2/4 2504/2/4 2507/2/4
f 2507/2/4 2504/2/4 2508/2/4
f 2506/2/4 2507/2/4 2509/2/4
f 2509/2/4 2507/2/4 2510/2/4
f 2511/1/4 2512/1/4 2515/1/4
f 2515/1/4 2512/1/4 2516/1/4
f 2513/1/4 2514/1/4 2517/1/4
f 2517/1/4 2514/1/4 2518/1/4
f 2519/3/4 2520/3/4 2523/3/4
f 2523/3/4 2520/3/4 2524/3/4
f 2521/2/4 2522/2/4 2525/2/4
f 2525/2/4 2522/2/4 2526/2/4
f 2527/2/4 2528/2/4 2529/2/4
f 2529/2/4 2528/2/4 2530/2/4
f 2529/3/4 2530/3/4 2531/3/4
f 2531/3/4 2530/3/4 2532/3/4
f 2531/2/4 2532/2/4 2533/2/4
f 2533/2/4 2532/2/4 2534/2/4
f 2535/3/4 2536/3/4 2539/3/4
f 2539/3/4 2536/3/4 2540/3/4
f 2537/2/4 2538/2/4 2541/2/4
f 2541/2/4 2538/2/4 2542/2/4
f 2543/1/4 2544/1/4 2547/1/4
f 2547/1/4 2544/1/4 2548/1/4
f 2545/1/4 2546/1/4 2549/1/4
f 2549/1/4 2546/1/4 2550/1/4
f 2551/2/4 2552/2/4 2553/2/4
f 2553/2/4 2552/2/4 2554/2/4
f 2555/3/4 2556/3/4 2557/3/4
f 2557/3/4 2556/3/4 2558/3/4
f 2559/2/4 2560/2/4 2561/2/4
f 2561/2/4 2560/2/4 2562/2/4
f 2561/3/4 2562/3/4 2563/3/4
f 2563/3/4 2562/3/4 2564/3/4
f 2564/3/4 2562/3/4 2565/3/4
f 2565/3/4 2562/3/4 2566/3/4
f 2566/3/4 2562/3/4 2567/3/4
f 2567/3/4 2562/3/4 2568/3/4
f 2561/3/4 2563/3/4 2569/3/4
f 2569/3/4 2563/3/4 2570/3/4
f 2564/3/4 2565/3/4 2571/3/4
f 2571/3/4 2565/3/4 2572/3/4
f 2566/3/4 2567/3/4 2573/3/4
f 2573/3/4 2567/3/4 2574/3/4
f 2574/3/4 2567/3/4 2575/3/4
f 2568/3/4 2562/3/4 2576/3/4
f 2576/3/4 2562/3/4 2577/3/4
f 2561/3/4 2569/3/4 2578/3/4
f 2570/3/4 2571/3/4 2579/3/4
f 2573/3/4 2574/3/4 2580/3/4
f 2572/3/4 2573/3/4 2580/3/4
f 2580/3/4 2574/3/4 2581/3/4
f 2575/3/4 2576/3/4 2582/3/4
f 2578/3/4 2579/3/4 2583/3/4
f 2579/3/4 2571/3/4 2583/3/4
f 2572/3/4 2580/3/4 2584/3/4
f 2584/3/4 2580/3/4 2585/3/4
f 2585/3/4 2580/3/4 2586/3/4
f 2581/3/4 2582/3/4 2587/3/4
f 2582/3/4 2576/3/4 2588/3/4
f 2587/3/4 2582/3/4 2588/3/4
f 2588/3/4 2576/3/4 2589/3/4
f 2577/3/4 2562/3/4 2590/3/4
f 2583/3/4 2584/3/4 2591/3/4
f 2585/3/4 2586/3/4 2592/3/4
f 2586/3/4 2587/3/4 2592/3/4
f 2587/3/4 2588/3/4 2592/3/4
f 2592/3/4 2588/3/4 2593/3/4
f 2589/3/4 2590/3/4 2594/3/4
f 2592/3/4 2593/3/4 2595/3/4
f 2593/3/4 2594/3/4 2595/3/4
f 2583/3/4 2591/3/4 2595/3/4
f 2561/3/4 2578/3/4 2595/3/4
f 2591/3/4 2592/3/4 2595/3/4
f 2578/3/4 2583/3/4 2595/3/4
f 2594/3/4 2590/3/4 2596/3/4
f 2595/3/4 2594/3/4 2596/3/4
f 2590/3/4 2562/3/4 2596/3/4
f 2595/2/4 2596/2/4 2597/2/4
f 2597/2/4 2596/2/4 2598/2/4
f 2599/3/4 2600/3/4 2601/3/4
f 2601/3/4 2600/3/4 2602/3/4
f 2603/2/4 2604/2/4 2605/2/4
f 2605/2/4 2604/2/4 2606/2/4
f 2607/1/4 2608/1/4 2611/1/4
f 2611/1/4 2608/1/4 2612/1/4
f 2609/1/4 2610/1/4 2613/1/4
f 2613/1/4 2610/1/4 2614/1/4
f 2615/1/4 2616/1/4 2619/1/4
f 2619/1/4 2616/1/4 2620/1/4
f 2617/1/4 2618/1/4 2621/1/4
f 2621/1/4 2618/1/4 2622/1/4
f 2625/2/4 2626/2/4 2627/2/4
f 2627/2/4 2626/2/4 2628/2/4
f 2623/3/4 2624/3/4 2629/3/4
f 2629/3/4 2624/3/4 2630/3/4
f 2627/3/4 2628/3/4 2631/3/4
f 2631/3/4 2628/3/4 2632/3/4
f 2632/3/4 2628/3/4 2633/3/4
f 2633/3/4 2628/3/4 2634/3/4
f 2634/3/4 2628/3/4 2635/3/4
f 2635/3/4 2628/3/4 2636/3/4
f 2627/3/4 2631/3/4 2637/3/4
f 2637/3/4 2631/3/4 2638/3/4
f 2632/3/4 2633/3/4 2640/3/4
f 2634/3/4 2635/3/4 2641/3/4
f 2641/3/4 2635/3/4 2642/3/4
f 2627/3/4 2637/3/4 2644/3/4
f 2638/3/4 2639/3/4 2645/3/4
f 2645/3/4 2639/3/4 2646/3/4
f 2646/3/4 2639/3/4 2647/3/4
f 2632/3/4 2640/3/4 2648/3/4
f 2642/3/4 2643/3/4 2648/3/4
f 2641/3/4 2642/3/4 2648/3/4
f 2640/3/4 2641/3/4 2648/3/4
f 2648/3/4 2643/3/4 2649/3/4
f 2649/3/4 2643/3/4 2650/3/4
f 2650/3/4 2643/3/4 2651/3/4
f 2651/3/4 2643/3/4 2652/3/4
f 2652/3/4 2643/3/4 2653/3/4
f 2645/3/4 2646/3/4 2654/3/4
f 2644/3/4 2645/3/4 2654/3/4
f 2647/3/4 2648/3/4 2655/3/4
f 2651/3/4 2652/3/4 2656/3/4
f 2653/3/4 2643/3/4 2657/3/4
f 2636/3/4 2628/3/4 2658/3/4
f 2658/3/4 2628/3/4 2659/3/4
f 2654/3/4 2655/3/4 2660/3/4
f 2655/3/4 2648/3/4 2660/3/4
f 2649/3/4 2650/3/4 2661/3/4
f 2661/3/4 2650/3/4 2662/3/4
f 2656/3/4 2657/3/4 2663/3/4
f 2651/3/4 2656/3/4 2663/3/4
f 2657/3/4 2643/3/4 2664/3/4
f 2663/3/4 2657/3/4 2664/3/4
f 2659/3/4 2628/3/4 2665/3/4
f 2661/3/4 2662/3/4 2668/3/4
f 2660/3/4 2661/3/4 2668/3/4
f 2664/3/4 2665/3/4 2668/3/4
f 2627/3/4 2644/3/4 2668/3/4
f 2663/3/4 2664/3/4 2668/3/4
f 2654/3/4 2660/3/4 2668/3/4
f 2644/3/4 2654/3/4 2668/3/4
f 2662/3/4 2663/3/4 2668/3/4
f 2665/3/4 2628/3/4 2669/3/4
f 2668/3/4 2665/3/4 2669/3/4
f 2666/3/4 2667/3/4 2670/3/4
f 2670/3/4 2667/3/4 2671/3/4
f 2668/2/4 2669/2/4 2672/2/4
f 2672/2/4 2669/2/4 2673/2/4
f 2674/1/4 2675/1/4 2678/1/4
f 2678/1/4 2675/1/4 2679/1/4
f 2676/1/4 2677/1/4 2680/1/4
f 2680/1/4 2677/1/4 2681/1/4
f 2682/1/4 2683/1/4 2686/1/4
f 2686/1/4 2683/1/4 2687/1/4
f 2684/1/4 2685/1/4 2688/1/4
f 2688/1/4 2685/1/4 2689/1/4
f 2690/2/4 2691/2/4 2692/2/4
f 2692/2/4 2691/2/4 2693/2/4
f 2692/3/4 2693/3/4 2696/3/4
f 2696/3/4 2693/3/4 2697/3/4
f 2697/3/4 2693/3/4 2698/3/4
f 2698/3/4 2693/3/4 2699/3/4
f 2699/3/4 2693/3/4 2700/3/4
f 2700/3/4 2693/3/4 2701/3/4
f 2692/3/4 2696/3/4 2702/3/4
f 2697/3/4 2698/3/4 2703/3/4
f 2703/3/4 2698/3/4 2704/3/4
f 2704/3/4 2698/3/4 2705/3/4
f 2699/3/4 2700/3/4 2707/3/4
f 2707/3/4 2700/3/4 2708/3/4
f 2701/3/4 2693/3/4 2710/3/4
f 2699/3/4 2707/3/4 2711/3/4
f 2708/3/4 2700/3/4 2712/3/4
f 2712/3/4 2700/3/4 2713/3/4
f 2713/3/4 2700/3/4 2714/3/4
f 2709/3/4 2710/3/4 2715/3/4
f 2702/3/4 2703/3/4 2716/3/4
f 2705/3/4 2706/3/4 2717/3/4
f 2704/3/4 2705/3/4 2717/3/4
f 2717/3/4 2706/3/4 2718/3/4
f 2699/3/4 2711/3/4 2719/3/4
f 2711/3/4 2712/3/4 2719/3/4
f 2719/3/4 2712/3/4 2720/3/4
f 2720/3/4 2712/3/4 2721/3/4
f 2714/3/4 2715/3/4 2722/3/4
f 2713/3/4 2714/3/4 2722/3/4
f 2722/3/4 2715/3/4 2723/3/4
f 2710/3/4 2693/3/4 2724/3/4
f 2723/3/4 2715/3/4 2724/3/4
f 2715/3/4 2710/3/4 2724/3/4
f 2716/3/4 2717/3/4 2725/3/4
f 2719/3/4 2720/3/4 2726/3/4
f 2718/3/4 2719/3/4 2726/3/4
f 2726/3/4 2720/3/4 2727/3/4
f 2722/3/4 2723/3/4 2728/3/4
f 2721/3/4 2722/3/4 2728/3/4
f 2728/3/4 2723/3/4 2729/3/4
f 2724/3/4 2693/3/4 2730/3/4
f 2694/3/4 2695/3/4 2731/3/4
f 2731/3/4 2695/3/4 2732/3/4
f 2729/3/4 2730/3/4 2733/3/4
f 2728/3/4 2729/3/4 2733/3/4
f 2702/3/4 2716/3/4 2733/3/4
f 2692/3/4 2702/3/4 2733/3/4
f 2727/3/4 2728/3/4 2733/3/4
f 2716/3/4 2725/3/4 2733/3/4
f 2726/3/4 2727/3/4 2733/3/4
f 2725/3/4 2726/3/4 2733/3/4
f 2730/3/4 2693/3/4 2734/3/4
f 2733/3/4 2730/3/4 2734/3/4
f 2733/2/4 2734/2/4 2735/2/4
f 2735/2/4 2734/2/4 2736/2/4
f 2737/1/4 2738/1/4 2741/1/4
f 2741/1/4 2738/1/4 2742/1/4
f 2739/1/4 2740/1/4 2743/1/4
f 2743/1/4 2740/1/4 2744/1/4
f 2745/1/4 2746/1/4 2749/1/4
f 2749/1/4 2746/1/4 2750/1/4
f 2747/1/4 2748/1/4 2751/1/4
f 2751/1/4 2748/1/4 2752/1/4
f 2753/1/4 2754/1/4 2757/1/4
f 2757/1/4 2754/1/4 2758/1/4
f 2755/1/4 2756/1/4 2759/1/4
f 2759/1/4 2756/1/4 2760/1/4
f 2761/1/4 2762/1/4 2765/1/4
f 2765/1/4 2762/1/4 2766/1/4
f 2763/1/4 2764/1/4 2767/1/4
f 2767/1/4 2764/1/4 2768/1/4
f 2769/1/4 2770/1/4 2773/1/4
f 2773/1/4 2770/1/4 2774/1/4
f 2771/1/4 2772/1/4 2775/1/4
f 2775/1/4 2772/1/4 2776/1/4
f 2777/1/4 2778/1/4 2781/1/4
f 2781/1/4 2778/1/4 2782/1/4
f 2779/1/4 2780/1/4 2783/1/4
f 2783/1/4 2780/1/4 2784/1/4
f 2788/1/5 2786/1/5 2785/1/5
f 2789/1/5 2786/1/5 2788/1/5
f 2792/1/5 2788/1/5 2787/1/5
f 2792/1/5 2790/1/5 2789/1/5
f 2792/1/5 2789/1/5 2788/1/5
f 2793/1/5 2790/1/5 2792/1/5
f 2796/1/5 2792/1/5 2791/1/5
f 2796/1/5 2794/1/5 2793/1/5
f 2796/1/5 2793/1/5 2792/1/5
f 2797/1/5 2794/1/5 2796/1/5
f 2800/1/5 2796/1/5 2795/1/5
f 2800/1/5 2798/1/5 2797/1/5
f 2800/1/5 2797/1/5 2796/1/5
f 2801/1/5 2798/1/5 2800/1/5
f 2804/1/5 2800/1/5 2799/1/5
f 2804/1/5 2802/1/5 2801/1/5
f 2804/1/5 2801/1/5 2800/1/5
f 2805/1/5 2802/1/5 2804/1/5
f 2808/1/5 2804/1/5 2803/1/5
f 2808/1/5 2806/1/5 2805/1/5
f 2808/1/5 2805/1/5 2804/1/5
f 2809/1/5 2806/1/5 2808/1/5
f 2811/1/5 2808/1/5 2807/1/5
f 2811/1/5 2810/1/5 2809/1/5
f 2811/1/5 2809/1/5 2808/1/5
f 2812/1/5 2810/1/5 2811/1/5
f 2813/1/5 2810/1/5 2812/1/5
f 2814/1/5 2810/1/5 2813/1/5
f 2815/1/5 2813/1/5 2812/1/5
f 2816/1/5 2813/1/5 2815/1/5
f 2817/1/5 2813/1/5 2816/1/5
f 2818/1/5 2813/1/5 2817/1/5
f 2819/1/5 2817/1/5 2816/1/5
f 2820/1/5 2817/1/5 2819/1/5
f 2821/1/5 2817/1/5 2820/1/5
f 2822/1/5 2817/1/5 2821/1/5
f 2823/1/5 2821/1/5 2820/1/5
f 2824/1/5 2821/1/5 2823/1/5
f 2825/1/5 2821/1/5 2824/1/5
f 2826/1/5 2821/1/5 2825/1/5
f 2827/1/5 2825/1/5 2824/1/5
f 2828/1/5 2825/1/5 2827/1/5
f 2829/1/5 2825/1/5 2828/1/5
f 2830/1/5 2825/1/5 2829/1/5
f 2831/1/5 2829/1/5 2828/1/5
f 2832/1/5 2829/1/5 2831/1/5
f 2833/1/5 2829/1/5 2832/1/5
f 2834/1/5 2829/1/5 2833/1/5
f 2835/1/5 2833/1/5 2832/1/5
f 2836/1/5 2833/1/5 2835/1/5
f 2840/1/5 2838/1/5 2837/1/5
f 2841/1/5 2838/1/5 2840/1/5
f 2844/1/5 2840/1/5 2839/1/5
f 2844/1/5 2842/1/5 2841/1/5
f 2844/1/5 2841/1/5 2840/1/5
f 2845/1/5 2842/1/5 2844/1/5
f 2848/1/5 2844/1/5 2843/1/5
f 2848/1/5 2846/1/5 2845/1/5
f 2848/1/5 2845/1/5 2844/1/5
f 2849/1/5 2846/1/5 2848/1/5
f 2850/1/5 2846/1/5 2849/1/5
f 2851/1/5 2846/1/5 2850/1/5
f 2854/1/5 2848/1/5 2847/1/5
f 2854/1/5 2849/1/5 2848/1/5
f 2855/1/5 2849/1/5 2854/1/5
f 2856/1/5 2849/1/5 2855/1/5
f 2857/1/5 2851/1/5 2850/1/5
f 2857/1/5 2852/1/5 2851/1/5
f 2858/1/5 2852/1/5 2857/1/5
f 2859/1/5 2852/1/5 2858/1/5
f 2862/1/5 2855/1/5 2854/1/5
f 2862/1/5 2854/1/5 2853/1/5
f 2863/1/5 2855/1/5 2862/1/5
f 2864/1/5 2855/1/5 2863/1/5
f 2865/1/5 2860/1/5 2859/1/5
f 2865/1/5 2859/1/5 2858/1/5
f 2866/1/5 2860/1/5 2865/1/5
f 2867/1/5 2860/1/5 2866/1/5
f 2869/1/5 2863/1/5 2862/1/5
f 2869/1/5 2862/1/5 2861/1/5
f 2870/1/5 2863/1/5 2869/1/5
f 2871/1/5 2868/1/5 2867/1/5
f 2871/1/5 2867/1/5 2866/1/5
f 2872/1/5 2868/1/5 2871/1/5
f 2874/1/5 2869/1/5 2861/1/5
f 2875/1/5 2868/1/5 2872/1/5
f 2877/1/5 2874/1/5 2873/1/5
f 2877/1/5 2869/1/5 2874/1/5
f 2878/1/5 2869/1/5 2877/1/5
f 2879/1/5 2876/1/5 2875/1/5
f 2879/1/5 2875/1/5 2872/1/5
f 2880/1/5 2876/1/5 2879/1/5
f 2881/1/5 2877/1/5 2873/1/5
f 2884/1/5 2876/1/5 2880/1/5
f 2885/1/5 2882/1/5 2881/1/5
f 2885/1/5 2881/1/5 2873/1/5
f 2886/1/5 2882/1/5 2885/1/5
f 2887/1/5 2884/1/5 2883/1/5
f 2887/1/5 2876/1/5 2884/1/5
f 2888/1/5 2876/1/5 2887/1/5
f 2889/1/5 2882/1/5 2886/1/5
f 2892/1/5 2887/1/5 2883/1/5
f 2893/1/5 2890/1/5 2889/1/5
f 2893/1/5 2889/1/5 2886/1/5
f 2894/1/5 2890/1/5 2893/1/5
f 2895/1/5 2890/1/5 2894/1/5
f 2898/1/5 2892/1/5 2891/1/5
f 2899/1/5 2887/1/5 2892/1/5
f 2899/1/5 2892/1/5 2898/1/5
f 2900/1/5 2887/1/5 2899/1/5
f 2901/1/5 2896/1/5 2895/1/5
f 2901/1/5 2895/1/5 2894/1/5
f 2902/1/5 2896/1/5 2901/1/5
f 2903/1/5 2896/1/5 2902/1/5
f 2906/1/5 2898/1/5 2897/1/5
f 2906/1/5 2899/1/5 2898/1/5
f 2907/1/5 2899/1/5 2906/1/5
f 2908/1/5 2899/1/5 2907/1/5
f 2909/1/5 2904/1/5 2903/1/5
f 2909/1/5 2903/1/5 2902/1/5
f 2910/1/5 2904/1/5 2909/1/5
f 2911/1/5 2904/1/5 2910/1/5
f 2912/1/5 2907/1/5 2906/1/5
f 2912/1/5 2906/1/5 2905/1/5
f 2913/1/5 2907/1/5 2912/1/5
f 2914/1/5 2907/1/5 2913/1/5
f 2915/1/5 2911/1/5 2910/1/5
f 2915/1/5 2913/1/5 2912/1/5
f 2915/1/5 2912/1/5 2911/1/5
f 2916/1/5 2913/1/5 2915/1/5
f 2917/1/5 2913/1/5 2916/1/5
f 2918/1/5 2913/1/5 2917/1/5
f 2919/1/5 2917/1/5 2916/1/5
f 2920/1/5 2917/1/5 2919/1/5
f 2921/1/5 2917/1/5 2920/1/5
f 2922/1/5 2917/1/5 2921/1/5
f 2923/1/5 2921/1/5 2920/1/5
f 2924/1/5 2921/1/5 2923/1/5
f 2927/3/5 2926/3/5 2925/3/5
f 2928/3/5 2926/3/5 2927/3/5
f 2931/3/5 2930/3/5 2929/3/5
f 2932/3/5 2930/3/5 2931/3/5
f 2935/3/5 2934/3/5 2933/3/5
f 2936/3/5 2934/3/5 2935/3/5
f 2939/3/5 2938/3/5 2937/3/5
f 2940/3/5 2938/3/5 2939/3/5
f 2943/3/5 2942/3/5 2941/3/5
f 2944/3/5 2942/3/5 2943/3/5
f 2949/3/5 2946/3/5 2945/3/5
f 2950/3/5 2946/3/5 2949/3/5
f 2951/3/5 2948/3/5 2947/3/5
f 2952/3/5 2948/3/5 2951/3/5
f 2955/3/5 2954/3/5 2953/3/5
f 2956/3/5 2954/3/5 2955/3/5
f 2959/3/5 2958/3/5 2957/3/5
f 2960/3/5 2958/3/5 2959/3/5
f 2963/3/5 2962/3/5 2961/3/5
f 2964/3/5 2962/3/5 2963/3/5
f 2967/3/5 2966/3/5 2965/3/5
f 2968/3/5 2966/3/5 2967/3/5
f 2971/3/5 2970/3/5 2969/3/5
f 2972/3/5 2970/3/5 2971/3/5
f 2975/3/5 2974/3/5 2973/3/5
f 2976/3/5 2974/3/5 2975/3/5
f 2981/3/5 2978/3/5 2977/3/5
f 2982/3/5 2978/3/5 2981/3/5
f 2983/3/5 2980/3/5 2979/3/5
f 2984/3/5 2980/3/5 2983/3/5
f 2987/3/5 2986/3/5 2985/3/5
f 2988/3/5 2986/3/5 2987/3/5
f 2993/3/5 2990/3/5 2989/3/5
f 2994/3/5 2990/3/5 2993/3/5
f 2995/3/5 2992/3/5 2991/3/5
f 2996/3/5 2992/3/5 2995/3/5
f 3001/3/5 2998/3/5 2997/3/5
f 3002/3/5 2998/3/5 3001/3/5
f 3003/3/5 3000/3/5 2999/3/5
f 3004/3/5 3000/3/5 3003/3/5
f 3009/3/5 3006/3/5 3005/3/5
f 3010/3/5 3006/3/5 3009/3/5
f 3011/3/5 3008/3/5 3007/3/5
f 3012/3/5 3008/3/5 3011/3/5
f 3017/3/5 3014/3/5 3013/3/5
f 3018/3/5 3014/3/5 3017/3/5
f 3019/3/5 3016/3/5 3015/3/5
f 3020/3/5 3016/3/5 3019/3/5
f 3023/3/5 3022/3/5 3021/3/5
f 3024/3/5 3022/3/5 3023/3/5
f 3029/3/5 3026/3/5 3025/3/5
f 3030/3/5 3026/3/5 3029/3/5
f 3031/3/5 3028/3/5 3027/3/5
f 3032/3/5 3028/3/5 3031/3/5
f 3035/3/5 3034/3/5 3033/3/5
f 3036/3/5 3034/3/5 3035/3/5
f 3039/3/5 3038/3/5 3037/3/5
f 3040/3/5 3038/3/5 3039/3/5
f 3043/3/5 3042/3/5 3041/3/5
f 3044/3/5 3042/3/5 3043/3/5
f 3047/3/5 3046/3/5 3045/3/5
f 3048/3/5 3046/3/5 3047/3/5
f 3051/3/5 3050/3/5 3049/3/5
f 3052/3/5 3050/3/5 3051/3/5
f 3057/3/5 3054/3/5 3053/3/5
f 3058/3/5 3054/3/5 3057/3/5
f 3059/3/5 3056/3/5 3055/3/5
f 3060/3/5 3056/3/5 3059/3/5
f 3065/3/5 3062/3/5 3061/3/5
f 3066/3/5 3062/3/5 3065/3/5
f 3067/3/5 3064/3/5 3063/3/5
f 3068/3/5 3064/3/5 3067/3/5
f 3073/3/5 3070/3/5 3069/3/5
f 3074/3/5 3070/3/5 3073/3/5
f 3075/3/5 3072/3/5 3071/3/5
f 3076/3/5 3072/3/5 3075/3/5
f 3081/3/5 3078/3/5 3077/3/5
f 3082/3/5 3078/3/5 3081/3/5
f 3083/3/5 3080/3/5 3079/3/5
f 3084/3/5 3080/3/5 3083/3/5
f 3089/2/5 3086/2/5 3085/2/5
f 3090/3/5 3087/3/5 3086/3/5
f 3090/2/5 3086/2/5 3089/2/5
f 3091/2/5 3088/2/5 3087/2/5
f 3091/3/5 3087/3/5 3090/3/5
f 3092/2/5 3088/2/5 3091/2/5
f 3097/2/5 3094/2/5 3093/2/5
f 3098/2/5 3094/2/5 3097/2/5
f 3099/2/5 3096/2/5 3095/2/5
f 3100/2/5 3096/2/5 3099/2/5
f 3101/3/5 3098/3/5 3097/3/5
f 3102/3/5 3098/3/5 3101/3/5
f 3103/3/5 3100/3/5 3099/3/5
f 3104/3/5 3100/3/5 3103/3/5
f 3105/2/5 3102/2/5 3101/2/5
f 3106/2/5 3102/2/5 3105/2/5
f 3107/2/5 3104/2/5 3103/2/5
f 3108/2/5 3104/2/5 3107/2/5
f 3113/2/5 3110/2/5 3109/2/5
f 3114/3/5 3111/3/5 3110/3/5
f 3114/2/5 3110/2/5 3113/2/5
f 3115/2/5 3112/2/5 3111/2/5
f 3115/3/5 3111/3/5 3114/3/5
f 3116/2/5 3112/2/5 3115/2/5
f 3119/3/5 3118/3/5 3117/3/5
f 3120/3/5 3118/3/5 3119/3/5
f 3123/3/5 3122/3/5 3121/3/5
f 3124/3/5 3122/3/5 3123/3/5
f 3127/3/5 3126/3/5 3125/3/5
f 3128/3/5 3126/3/5 3127/3/5
f 3131/3/5 3130/3/5 3129/3/5
f 3132/3/5 3130/3/5 3131/3/5
f 3135/3/5 3134/3/5 3133/3/5
f 3136/3/5 3134/3/5 3135/3/5
f 3141/3/5 3138/3/5 3137/3/5
f 3142/3/5 3138/3/5 3141/3/5
f 3143/3/5 3140/3/5 3139/3/5
f 3144/3/5 3140/3/5 3143/3/5
f 3147/3/5 3146/3/5 3145/3/5
f 3148/3/5 3146/3/5 3147/3/5
f 3151/3/5 3150/3/5 3149/3/5
f 3152/3/5 3150/3/5 3151/3/5
f 3155/3/5 3154/3/5 3153/3/5
f 3156/3/5 3154/3/5 3155/3/5
f 3159/3/5 3158/3/5 3157/3/5
f 3160/3/5 3158/3/5 3159/3/5
f 3163/3/5 3162/3/5 3161/3/5
f 3164/3/5 3162/3/5 3163/3/5
f 3167/3/5 3166/3/5 3165/3/5
f 3168/3/5 3166/3/5 3167/3/5
f 3173/3/5 3170/3/5 3169/3/5
f 3174/3/5 3170/3/5 3173/3/5
f 3175/3/5 3172/3/5 3171/3/5
f 3176/3/5 3172/3/5 3175/3/5
f 3179/3/5 3178/3/5 3177/3/5
f 3180/3/5 3178/3/5 3179/3/5
f 3185/3/5 3182/3/5 3181/3/5
f 3186/3/5 3182/3/5 3185/3/5
f 3187/3/5 3184/3/5 3183/3/5
f 3188/3/5 3184/3/5 3187/3/5
f 3193/3/5 3190/3/5 3189/3/5
f 3194/3/5 3190/3/5 3193/3/5
f 3197/3/5 3192/3/5 3191/3/5
f 3198/3/5 3192/3/5 3197/3/5
f 3201/3/5 3196/3/5 3195/3/5
f 3202/3/5 3196/3/5 3201/3/5
f 3203/3/5 3200/3/5 3199/3/5
f 3204/3/5 3200/3/5 3203/3/5
f 3209/3/5 3206/3/5 3205/3/5
f 3210/3/5 3206/3/5 3209/3/5
f 3211/3/5 3208/3/5 3207/3/5
f 3212/3/5 3208/3/5 3211/3/5
f 3215/3/5 3214/3/5 3213/3/5
f 3216/3/5 3214/3/5 3215/3/5
f 3221/3/5 3218/3/5 3217/3/5
f 3222/3/5 3218/3/5 3221/3/5
f 3223/3/5 3220/3/5 3219/3/5
f 3224/3/5 3220/3/5 3223/3/5
f 3227/3/5 3226/3/5 3225/3/5
f 3228/3/5 3226/3/5 3227/3/5
f 3231/3/5 3230/3/5 3229/3/5
f 3232/3/5 3230/3/5 3231/3/5
f 3237/3/5 3234/3/5 3233/3/5
f 3238/3/5 3234/3/5 3237/3/5
f 3239/3/5 3236/3/5 3235/3/5
f 3240/3/5 3236/3/5 3239/3/5
f 3243/3/5 3242/3/5 3241/3/5
f 3244/3/5 3242/3/5 3243/3/5
f 3247/3/5 3246/3/5 3245/3/5
f 3248/3/5 3246/3/5 3247/3/5
f 3251/3/5 3250/3/5 3249/3/5
f 3252/3/5 3250/3/5 3251/3/5
f 3255/3/5 3254/3/5 3253/3/5
f 3256/3/5 3254/3/5 3255/3/5
f 3259/3/5 3258/3/5 3257/3/5
f 3260/3/5 3258/3/5 3259/3/5
f 3265/2/5 3262/2/5 3261/2/5
f 3266/3/5 3263/3/5 3262/3/5
f 3266/2/5 3262/2/5 3265/2/5
f 3267/2/5 3264/2/5 3263/2/5
f 3267/3/5 3263/3/5 3266/3/5
f 3268/2/5 3264/2/5 3267/2/5
f 3273/2/5 3270/2/5 3269/2/5
f 3274/2/5 3270/2/5 3273/2/5
f 3275/2/5 3272/2/5 3271/2/5
f 3276/2/5 3272/2/5 3275/2/5
f 3277/3/5 3274/3/5 3273/3/5
f 3278/3/5 3274/3/5 3277/3/5
f 3279/3/5 3276/3/5 3275/3/5
f 3280/3/5 3276/3/5 3279/3/5
f 3281/2/5 3278/2/5 3277/2/5
f 3282/2/5 3278/2/5 3281/2/5
f 3283/2/5 3280/2/5 3279/2/5
f 3284/2/5 3280/2/5 3283/2/5
f 3289/2/5 3286/2/5 3285/2/5
f 3290/3/5 3287/3/5 3286/3/5
f 3290/2/5 3286/2/5 3289/2/5
f 3291/2/5 3288/2/5 3287/2/5
f 3291/3/5 3287/3/5 3290/3/5
f 3292/2/5 3288/2/5 3291/2/5
f 3295/3/5 3294/3/5 3293/3/5
f 3296/3/5 3294/3/5 3295/3/5
f 3299/3/5 3298/3/5 3297/3/5
f 3300/3/5 3298/3/5 3299/3/5
f 3303/3/5 3302/3/5 3301/3/5
f 3304/3/5 3302/3/5 3303/3/5
f 3307/3/5 3306/3/5 3305/3/5
f 3308/3/5 3306/3/5 3307/3/5
f 3311/3/5 3310/3/5 3309/3/5
f 3312/3/5 3310/3/5 3311/3/5
f 3315/3/5 3314/3/5 3313/3/5
f 3316/3/5 3314/3/5 3315/3/5
f 3319/3/5 3318/3/5 3317/3/5
f 3320/3/5 3318/3/5 3319/3/5
f 3323/3/5 3322/3/5 3321/3/5
f 3324/3/5 3322/3/5 3323/3/5
f 3327/3/5 3326/3/5 3325/3/5
f 3328/3/5 3326/3/5 3327/3/5
f 3333/3/5 3330/3/5 3329/3/5
f 3334/3/5 3330/3/5 3333/3/5
f 3335/3/5 3332/3/5 3331/3/5
f 3336/3/5 3332/3/5 3335/3/5
f 3339/3/5 3338/3/5 3337/3/5
f 3340/3/5 3338/3/5 3339/3/5
f 3345/3/5 3342/3/5 3341/3/5
f 3346/3/5 3342/3/5 3345/3/5
f 3347/3/5 3344/3/5 3343/3/5
f 3348/3/5 3344/3/5 3347/3/5
f 3353/3/5 3350/3/5 3349/3/5
f 3354/3/5 3350/3/5 3353/3/5
f 3355/3/5 3352/3/5 3351/3/5
f 3356/3/5 3352/3/5 3355/3/5
f 3361/3/5 3358/3/5 3357/3/5
f 3362/3/5 3358/3/5 3361/3/5
f 3363/3/5 3360/3/5 3359/3/5
f 3364/3/5 3360/3/5 3363/3/5
f 3369/3/5 3366/3/5 3365/3/5
f 3370/3/5 3366/3/5 3369/3/5
f 3371/3/5 3368/3/5 3367/3/5
f 3372/3/5 3368/3/5 3371/3/5
f 3375/3/5 3374/3/5 3373/3/5
f 3376/3/5 3374/3/5 3375/3/5
f 3381/3/5 3378/3/5 3377/3/5
f 3382/3/5 3378/3/5 3381/3/5
f 3383/3/5 3380/3/5 3379/3/5
f 3384/3/5 3380/3/5 3383/3/5
f 3387/3/5 3386/3/5 3385/3/5
f 3388/3/5 3386/3/5 3387/3/5
f 3391/3/5 3390/3/5 3389/3/5
f 3392/3/5 3390/3/5 3391/3/5
f 3395/3/5 3394/3/5 3393/3/5
f 3396/3/5 3394/3/5 3395/3/5
f 3399/3/5 3398/3/5 3397/3/5
f 3400/3/5 3398/3/5 3399/3/5
f 3403/3/5 3402/3/5 3401/3/5
f 3404/3/5 3402/3/5 3403/3/5
f 3409/3/5 3406/3/5 3405/3/5
f 3410/3/5 3406/3/5 3409/3/5
f 3411/3/5 3408/3/5 3407/3/5
f 3412/3/5 3408/3/5 3411/3/5
f 3417/3/5 3414/3/5 3413/3/5
f 3418/3/5 3414/3/5 3417/3/5
f 3419/3/5 3416/3/5 3415/3/5
f 3420/3/5 3416/3/5 3419/3/5
f 3425/3/5 3422/3/5 3421/3/5
f 3426/3/5 3422/3/5 3425/3/5
f 3427/3/5 3424/3/5 3423/3/5
f 3428/3/5 3424/3/5 3427/3/5
f 3433/3/5 3430/3/5 3429/3/5
f 3434/3/5 3430/3/5 3433/3/5
f 3435/3/5 3432/3/5 3431/3/5
f 3436/3/5 3432/3/5 3435/3/5
f 3439/3/5 3438/3/5 3437/3/5
f 3440/3/5 3438/3/5 3439/3/5
f 3445/3/5 3442/3/5 3441/3/5
f 3446/3/5 3442/3/5 3445/3/5
f 3447/3/5 3444/3/5 3443/3/5
f 3448/3/5 3444/3/5 3447/3/5
f 3451/3/5 3450/3/5 3449/3/5
f 3452/3/5 3450/3/5 3451/3/5
f 3458/2/5 3454/2/5 3453/2/5
f 3459/3/5 3455/3/5 3454/3/5
f 3459/2/5 3454/2/5 3458/2/5
f 3460/2/5 3456/2/5 3455/2/5
f 3460/3/5 3455/3/5 3459/3/5
f 3461/2/5 3456/2/5 3460/2/5
f 3463/2/5 3458/2/5 3457/2/5
f 3464/3/5 3459/3/5 3458/3/5
f 3464/2/5 3458/2/5 3463/2/5
f 3464/3/5 3460/3/5 3459/3/5
f 3464/3/5 3461/3/5 3460/3/5
f 3465/2/5 3462/2/5 3461/2/5
f 3465/3/5 3461/3/5 3464/3/5
f 3466/2/5 3462/2/5 3465/2/5
f 3467/3/5 3464/3/5 3463/3/5
f 3467/3/5 3465/3/5 3464/3/5
f 3467/3/5 3466/3/5 3465/3/5
f 3468/3/5 3466/3/5 3467/3/5
f 3469/3/5 3466/3/5 3468/3/5
f 3470/3/5 3466/3/5 3469/3/5
f 3471/2/5 3468/2/5 3467/2/5
f 3472/3/5 3469/3/5 3468/3/5
f 3472/2/5 3468/2/5 3471/2/5
f 3473/3/5 3469/3/5 3472/3/5
f 3474/3/5 3469/3/5 3473/3/5
f 3475/2/5 3470/2/5 3469/2/5
f 3475/3/5 3469/3/5 3474/3/5
f 3476/2/5 3470/2/5 3475/2/5
f 3477/2/5 3473/2/5 3472/2/5
f 3478/3/5 3474/3/5 3473/3/5
f 3478/2/5 3473/2/5 3477/2/5
f 3479/2/5 3475/2/5 3474/2/5
f 3479/3/5 3474/3/5 3478/3/5
f 3480/2/5 3475/2/5 3479/2/5
f 3481/1/6 3482/1/6 3484/1/6
f 3484/1/6 3482/1/6 3485/1/6
f 3483/1/6 3484/1/6 3488/1/6
f 3485/1/6 3486/1/6 3488/1/6
f 3484/1/6 3485/1/6 3488/1/6
f 3488/1/6 3486/1/6 3489/1/6
f 3487/1/6 3488/1/6 3492/1/6
f 3489/1/6 3490/1/6 3492/1/6
f 3488/1/6 3489/1/6 3492/1/6
f 3492/1/6 3490/1/6 3493/1/6
f 3493/1/6 3490/1/6 3494/1/6
f 3494/1/6 3490/1/6 3495/1/6
f 3491/1/6 3492/1/6 3498/1/6
f 3492/1/6 3493/1/6 3498/1/6
f 3498/1/6 3493/1/6 3499/1/6
f 3499/1/6 3493/1/6 3500/1/6
f 3494/1/6 3495/1/6 3501/1/6
f 3495/1/6 3496/1/6 3501/1/6
f 3501/1/6 3496/1/6 3502/1/6
f 3502/1/6 3496/1/6 3503/1/6
f 3498/1/6 3499/1/6 3506/1/6
f 3497/1/6 3498/1/6 3506/1/6
f 3506/1/6 3499/1/6 3507/1/6
f 3507/1/6 3499/1/6 3508/1/6
f 3503/1/6 3504/1/6 3509/1/6
f 3502/1/6 3503/1/6 3509/1/6
f 3509/1/6 3504/1/6 3510/1/6
f 3510/1/6 3504/1/6 3511/1/6
f 3506/1/6 3507/1/6 3513/1/6
f 3505/1/6 3506/1/6 3513/1/6
f 3513/1/6 3507/1/6 3514/1/6
f 3511/1/6 3512/1/6 3515/1/6
f 3510/1/6 3511/1/6 3515/1/6
f 3515/1/6 3512/1/6 3516/1/6
f 3505/1/6 3513/1/6 3518/1/6
f 3516/1/6 3512/1/6 3519/1/6
f 3517/1/6 3518/1/6 3521/1/6
f 3518/1/6 3513/1/6 3521/1/6
f 3521/1/6 3513/1/6 3522/1/6
f 3519/1/6 3520/1/6 3523/1/6
f 3516/1/6 3519/1/6 3523/1/6
f 3523/1/6 3520/1/6 3524/1/6
f 3517/1/6 3521/1/6 3525/1/6
f 3524/1/6 3520/1/6 3528/1/6
f 3525/1/6 3526/1/6 3529/1/6
f 3517/1/6 3525/1/6 3529/1/6
f 3529/1/6 3526/1/6 3530/1/6
f 3527/1/6 3528/1/6 3531/1/6
f 3528/1/6 3520/1/6 3531/1/6
f 3531/1/6 3520/1/6 3532/1/6
f 3530/1/6 3526/1/6 3533/1/6
f 3527/1/6 3531/1/6 3536/1/6
f 3533/1/6 3534/1/6 3537/1/6
f 3530/1/6 3533/1/6 3537/1/6
f 3537/1/6 3534/1/6 3538/1/6
f 3538/1/6 3534/1/6 3539/1/6
f 3535/1/6 3536/1/6 3542/1/6
f 3536/1/6 3531/1/6 3543/1/6
f 3542/1/6 3536/1/6 3543/1/6
f 3543/1/6 3531/1/6 3544/1/6
f 3539/1/6 3540/1/6 3545/1/6
f 3538/1/6 3539/1/6 3545/1/6
f 3545/1/6 3540/1/6 3546/1/6
f 3546/1/6 3540/1/6 3547/1/6
f 3541/1/6 3542/1/6 3550/1/6
f 3542/1/6 3543/1/6 3550/1/6
f 3550/1/6 3543/1/6 3551/1/6
f 3551/1/6 3543/1/6 3552/1/6
f 3547/1/6 3548/1/6 3553/1/6
f 3546/1/6 3547/1/6 3553/1/6
f 3553/1/6 3548/1/6 3554/1/6
f 3554/1/6 3548/1/6 3555/1/6
f 3550/1/6 3551/1/6 3556/1/6
f 3549/1/6 3550/1/6 3556/1/6
f 3556/1/6 3551/1/6 3557/1/6
f 3557/1/6 3551/1/6 3558/1/6
f 3554/1/6 3555/1/6 3559/1/6
f 3556/1/6 3557/1/6 3559/1/6
f 3555/1/6 3556/1/6 3559/1/6
f 3559/1/6 3557/1/6 3560/1/6
f 3560/1/6 3557/1/6 3561/1/6
f 3561/1/6 3557/1/6 3562/1/6
f 3560/1/6 3561/1/6 3563/1/6
f 3563/1/6 3561/1/6 3564/1/6
f 3564/1/6 3561/1/6 3565/1/6
f 3565/1/6 3561/1/6 3566/1/6
f 3564/1/6 3565/1/6 3567/1/6
f 3567/1/6 3565/1/6 3568/1/6
f 3569/1/6 3570/1/6 3572/1/6
f 3572/1/6 3570/1/6 3573/1/6
f 3571/1/6 3572/1/6 3576/1/6
f 3573/1/6 3574/1/6 3576/1/6
f 3572/1/6 3573/1/6 3576/1/6
f 3576/1/6 3574/1/6 3577/1/6
f 3575/1/6 3576/1/6 3580/1/6
f 3577/1/6 3578/1/6 3580/1/6
f 3576/1/6 3577/1/6 3580/1/6
f 3580/1/6 3578/1/6 3581/1/6
f 3581/1/6 3578/1/6 3582/1/6
f 3582/1/6 3578/1/6 3583/1/6
f 3583/1/6 3578/1/6 3584/1/6
f 3584/1/6 3578/1/6 3585/1/6
f 3579/1/6 3580/1/6 3588/1/6
f 3580/1/6 3581/1/6 3588/1/6
f 3588/1/6 3581/1/6 3589/1/6
f 3584/1/6 3585/1/6 3592/1/6
f 3585/1/6 3586/1/6 3592/1/6
f 3592/1/6 3586/1/6 3593/1/6
f 3590/1/6 3591/1/6 3596/1/6
f 3593/1/6 3594/1/6 3596/1/6
f 3592/1/6 3593/1/6 3596/1/6
f 3591/1/6 3592/1/6 3596/1/6
f 3589/1/6 3590/1/6 3596/1/6
f 3588/1/6 3589/1/6 3596/1/6
f 3587/1/6 3588/1/6 3596/1/6
f 3596/1/6 3594/1/6 3597/1/6
f 3597/1/6 3594/1/6 3598/1/6
f 3598/1/6 3594/1/6 3599/1/6
f 3599/1/6 3594/1/6 3600/1/6
f 3600/1/6 3594/1/6 3601/1/6
f 3595/1/6 3596/1/6 3603/1/6
f 3596/1/6 3597/1/6 3603/1/6
f 3598/1/6 3599/1/6 3604/1/6
f 3604/1/6 3599/1/6 3605/1/6
f 3601/1/6 3602/1/6 3606/1/6
f 3600/1/6 3601/1/6 3606/1/6
f 3595/1/6 3603/1/6 3608/1/6
f 3606/1/6 3602/1/6 3609/1/6
f 3607/1/6 3608/1/6 3611/1/6
f 3608/1/6 3603/1/6 3612/1/6
f 3611/1/6 3608/1/6 3612/1/6
f 3609/1/6 3610/1/6 3613/1/6
f 3606/1/6 3609/1/6 3613/1/6
f 3613/1/6 3610/1/6 3614/1/6
f 3612/1/6 3603/1/6 3615/1/6
f 3604/1/6 3605/1/6 3616/1/6
f 3616/1/6 3605/1/6 3617/1/6
f 3606/1/6 3613/1/6 3618/1/6
f 3612/1/6 3615/1/6 3619/1/6
f 3619/1/6 3615/1/6 3620/1/6
f 3620/1/6 3615/1/6 3621/1/6
f 3616/1/6 3617/1/6 3622/1/6
f 3622/1/6 3617/1/6 3623/1/6
f 3618/1/6 3613/1/6 3624/1/6
f 3624/1/6 3613/1/6 3625/1/6
f 3625/1/6 3613/1/6 3626/1/6
f 3622/1/6 3623/1/6 3627/1/6
f 3620/1/6 3621/1/6 3627/1/6
f 3624/1/6 3625/1/6 3627/1/6
f 3623/1/6 3624/1/6 3627/1/6
f 3621/1/6 3622/1/6 3627/1/6
f 3627/1/6 3625/1/6 3628/1/6
f 3628/1/6 3625/1/6 3629/1/6
f 3629/1/6 3625/1/6 3630/1/6
f 3630/1/6 3625/1/6 3631/1/6
f 3631/1/6 3625/1/6 3632/1/6
f 3632/1/6 3625/1/6 3633/1/6
f 3633/1/6 3625/1/6 3634/1/6
f 3628/1/6 3629/1/6 3635/1/6
f 3635/1/6 3629/1/6 3636/1/6
f 3636/1/6 3629/1/6 3637/1/6
f 3632/1/6 3633/1/6 3640/1/6
f 3640/1/6 3633/1/6 3641/1/6
f 3641/1/6 3633/1/6 3642/1/6
f 3638/1/6 3639/1/6 3643/1/6
f 3640/1/6 3641/1/6 3643/1/6
f 3639/1/6 3640/1/6 3643/1/6
f 3636/1/6 3637/1/6 3643/1/6
f 3637/1/6 3638/1/6 3643/1/6
f 3643/1/6 3641/1/6 3644/1/6
f 3644/1/6 3641/1/6 3645/1/6
f 3645/1/6 3641/1/6 3646/1/6
f 3644/1/6 3645/1/6 3647/1/6
f 3647/1/6 3645/1/6 3648/1/6
f 3648/1/6 3645/1/6 3649/1/6
f 3649/1/6 3645/1/6 3650/1/6
f 3648/1/6 3649/1/6 3651/1/6
f 3651/1/6 3649/1/6 3652/1/6
f 3653/3/6 3654/3/6 3655/3/6
f 3655/3/6 3654/3/6 3656/3/6
f 3657/3/6 3658/3/6 3659/3/6
f 3659/3/6 3658/3/6 3660/3/6
f 3661/3/6 3662/3/6 3663/3/6
f 3663/3/6 3662/3/6 3664/3/6
f 3665/3/6 3666/3/6 3667/3/6
f 3667/3/6 3666/3/6 3668/3/6
f 3669/3/6 3670/3/6 3671/3/6
f 3671/3/6 3670/3/6 3672/3/6
f 3673/3/6 3674/3/6 3677/3/6
f 3677/3/6 3674/3/6 3678/3/6
f 3675/3/6 3676/3/6 3679/3/6
f 3679/3/6 3676/3/6 3680/3/6
f 3681/3/6 3682/3/6 3683/3/6
f 3683/3/6 3682/3/6 3684/3/6
f 3685/3/6 3686/3/6 3687/3/6
f 3687/3/6 3686/3/6 3688/3/6
f 3689/3/6 3690/3/6 3691/3/6
f 3691/3/6 3690/3/6 3692/3/6
f 3693/3/6 3694/3/6 3695/3/6
f 3695/3/6 3694/3/6 3696/3/6
f 3697/3/6 3698/3/6 3699/3/6
f 3699/3/6 3698/3/6 3700/3/6
f 3701/3/6 3702/3/6 3703/3/6
f 3703/3/6 3702/3/6 3704/3/6
f 3705/3/6 3706/3/6 3707/3/6
f 3707/3/6 3706/3/6 3708/3/6
f 3709/3/6 3710/3/6 3711/3/6
f 3711/3/6 3710/3/6 3712/3/6
f 3713/3/6 3714/3/6 3715/3/6
f 3715/3/6 3714/3/6 3716/3/6
f 3717/3/6 3718/3/6 3719/3/6
f 3719/3/6 3718/3/6 3720/3/6
f 3721/3/6 3722/3/6 3725/3/6
f 3725/3/6 3722/3/6 3726/3/6
f 3723/3/6 3724/3/6 3727/3/6
f 3727/3/6 3724/3/6 3728/3/6
f 3729/3/6 3730/3/6 3731/3/6
f 3731/3/6 3730/3/6 3732/3/6
f 3733/3/6 3734/3/6 3735/3/6
f 3735/3/6 3734/3/6 3736/3/6
f 3737/3/6 3738/3/6 3739/3/6
f 3739/3/6 3738/3/6 3740/3/6
f 3741/3/6 3742/3/6 3743/3/6
f 3743/3/6 3742/3/6 3744/3/6
f 3745/3/6 3746/3/6 3747/3/6
f 3747/3/6 3746/3/6 3748/3/6
f 3749/3/6 3750/3/6 3751/3/6
f 3751/3/6 3750/3/6 3752/3/6
f 3753/3/6 3754/3/6 3755/3/6
f 3755/3/6 3754/3/6 3756/3/6
f 3757/3/6 3758/3/6 3759/3/6
f 3759/3/6 3758/3/6 3760/3/6
f 3761/3/6 3762/3/6 3763/3/6
f 3763/3/6 3762/3/6 3764/3/6
f 3765/3/6 3766/3/6 3767/3/6
f 3767/3/6 3766/3/6 3768/3/6
f 3769/3/6 3770/3/6 3773/3/6
f 3773/3/6 3770/3/6 3774/3/6
f 3771/3/6 3772/3/6 3775/3/6
f 3775/3/6 3772/3/6 3776/3/6
f 3777/3/6 3778/3/6 3779/3/6
f 3779/3/6 3778/3/6 3780/3/6
f 3781/3/6 3782/3/6 3785/3/6
f 3785/3/6 3782/3/6 3786/3/6
f 3783/3/6 3784/3/6 3787/3/6
f 3787/3/6 3784/3/6 3788/3/6
f 3791/3/6 3792/3/6 3793/3/6
f 3793/3/6 3792/3/6 3794/3/6
f 3789/3/6 3790/3/6 3795/3/6
f 3795/3/6 3790/3/6 3796/3/6
f 3799/3/6 3800/3/6 3801/3/6
f 3801/3/6 3800/3/6 3802/3/6
f 3797/3/6 3798/3/6 3803/3/6
f 3803/3/6 3798/3/6 3804/3/6
f 3805/3/6 3806/3/6 3809/3/6
f 3809/3/6 3806/3/6 3810/3/6
f 3807/3/6 3808/3/6 3811/3/6
f 3811/3/6 3808/3/6 3812/3/6
f 3813/2/6 3814/2/6 3817/2/6
f 3814/3/6 3815/3/6 3818/3/6
f 3817/2/6 3814/2/6 3818/2/6
f 3818/3/6 3815/3/6 3819/3/6
f 3819/3/6 3815/3/6 3820/3/6
f 3815/2/6 3816/2/6 3821/2/6
f 3820/3/6 3815/3/6 3821/3/6
f 3821/2/6 3816/2/6 3822/2/6
f 3823/2/6 3824/2/6 3827/2/6
f 3827/2/6 3824/2/6 3828/2/6
f 3825/2/6 3826/2/6 3829/2/6
f 3829/2/6 3826/2/6 3830/2/6
f 3827/3/6 3828/3/6 3831/3/6
f 3829/3/6 3830/3/6 3832/3/6
f 3827/3/6 3831/3/6 3833/3/6
f 3832/3/6 3830/3/6 3834/3/6
f 3827/3/6 3833/3/6 3835/3/6
f 3835/3/6 3833/3/6 3836/3/6
f 3834/3/6 3830/3/6 3837/3/6
f 3837/3/6 3830/3/6 3838/3/6
f 3835/2/6 3836/2/6 3839/2/6
f 3839/2/6 3836/2/6 3840/2/6
f 3837/2/6 3838/2/6 3841/2/6
f 3841/2/6 3838/2/6 3842/2/6
f 3843/2/6 3844/2/6 3849/2/6
f 3844/3/6 3845/3/6 3850/3/6
f 3849/2/6 3844/2/6 3850/2/6
f 3845/3/6 3846/3/6 3850/3/6
f 3846/3/6 3847/3/6 3850/3/6
f 3847/2/6 3848/2/6 3851/2/6
f 3850/3/6 3847/3/6 3851/3/6
f 3851/2/6 3848/2/6 3852/2/6
f 3853/3/6 3854/3/6 3855/3/6
f 3855/3/6 3854/3/6 3856/3/6
f 3857/3/6 3858/3/6 3859/3/6
f 3859/3/6 3858/3/6 3860/3/6
f 3861/3/6 3862/3/6 3863/3/6
f 3863/3/6 3862/3/6 3864/3/6
f 3865/3/6 3866/3/6 3867/3/6
f 3867/3/6 3866/3/6 3868/3/6
f 3869/3/6 3870/3/6 3871/3/6
f 3871/3/6 3870/3/6 3872/3/6
f 3873/3/6 3874/3/6 3875/3/6
f 3875/3/6 3874/3/6 3876/3/6
f 3877/3/6 3878/3/6 3879/3/6
f 3879/3/6 3878/3/6 3880/3/6
f 3881/3/6 3882/3/6 3883/3/6
f 3883/3/6 3882/3/6 3884/3/6
f 3885/3/6 3886/3/6 3887/3/6
f 3887/3/6 3886/3/6 3888/3/6
f 3889/3/6 3890/3/6 3893/3/6
f 3893/3/6 3890/3/6 3894/3/6
f 3891/3/6 3892/3/6 3895/3/6
f 3895/3/6 3892/3/6 3896/3/6
f 3897/3/6 3898/3/6 3899/3/6
f 3899/3/6 3898/3/6 3900/3/6
f 3901/3/6 3902/3/6 3903/3/6
f 3903/3/6 3902/3/6 3904/3/6
f 3905/3/6 3906/3/6 3907/3/6
f 3907/3/6 3906/3/6 3908/3/6
f 3909/3/6 3910/3/6 3911/3/6
f 3911/3/6 3910/3/6 3912/3/6
f 3913/3/6 3914/3/6 3915/3/6
f 3915/3/6 3914/3/6 3916/3/6
f 3917/3/6 3918/3/6 3919/3/6
f 3919/3/6 3918/3/6 3920/3/6
f 3921/3/6 3922/3/6 3925/3/6
f 3925/3/6 3922/3/6 3926/3/6
f 3923/3/6 3924/3/6 3927/3/6
f 3927/3/6 3924/3/6 3928/3/6
f 3929/3/6 3930/3/6 3931/3/6
f 3931/3/6 3930/3/6 3932/3/6
f 3933/3/6 3934/3/6 3935/3/6
f 3935/3/6 3934/3/6 3936/3/6
f 3937/3/6 3938/3/6 3939/3/6
f 3939/3/6 3938/3/6 3940/3/6
f 3941/3/6 3942/3/6 3943/3/6
f 3943/3/6 3942/3/6 3944/3/6
f 3945/3/6 3946/3/6 3947/3/6
f 3947/3/6 3946/3/6 3948/3/6
f 3949/3/6 3950/3/6 3951/3/6
f 3951/3/6 3950/3/6 3952/3/6
f 3953/3/6 3954/3/6 3957/3/6
f 3957/3/6 3954/3/6 3958/3/6
f 3955/3/6 3956/3/6 3959/3/6
f 3959/3/6 3956/3/6 3960/3/6
f 3961/3/6 3962/3/6 3963/3/6
f 3963/3/6 3962/3/6 3964/3/6
f 3965/3/6 3966/3/6 3967/3/6
f 3967/3/6 3966/3/6 3968/3/6
f 3969/3/6 3970/3/6 3973/3/6
f 3973/3/6 3970/3/6 3974/3/6
f 3971/3/6 3972/3/6 3975/3/6
f 3975/3/6 3972/3/6 3976/3/6
f 3977/3/6 3978/3/6 3979/3/6
f 3979/3/6 3978/3/6 3980/3/6
f 3981/3/6 3982/3/6 3983/3/6
f 3983/3/6 3982/3/6 3984/3/6
f 3985/3/6 3986/3/6 3987/3/6
f 3987/3/6 3986/3/6 3988/3/6
f 3989/3/6 3990/3/6 3991/3/6
f 3991/3/6 3990/3/6 3992/3/6
f 3993/3/6 3994/3/6 3995/3/6
f 3995/3/6 3994/3/6 3996/3/6
f 3997/3/6 3998/3/6 3999/3/6
f 3999/3/6 3998/3/6 4000/3/6
f 4001/3/6 4002/3/6 4005/3/6
f 4005/3/6 4002/3/6 4006/3/6
f 4003/3/6 4004/3/6 4007/3/6
f 4007/3/6 4004/3/6 4008/3/6
f 4009/3/6 4010/3/6 4011/3/6
f 4011/3/6 4010/3/6 4012/3/6
f 4013/2/6 4014/2/6 4017/2/6
f 4014/3/6 4015/3/6 4018/3/6
f 4017/2/6 4014/2/6 4018/2/6
f 4018/3/6 4015/3/6 4019/3/6
f 4019/3/6 4015/3/6 4020/3/6
f 4015/2/6 4016/2/6 4021/2/6
f 4020/3/6 4015/3/6 4021/3/6
f 4021/2/6 4016/2/6 4022/2/6
f 4023/2/6 4024/2/6 4027/2/6
f 4027/2/6 4024/2/6 4028/2/6
f 4025/2/6 4026/2/6 4029/2/6
f 4029/2/6 4026/2/6 4030/2/6
f 4027/3/6 4028/3/6 4031/3/6
f 4029/3/6 4030/3/6 4032/3/6
f 4027/3/6 4031/3/6 4033/3/6
f 4032/3/6 4030/3/6 4034/3/6
f 4027/3/6 4033/3/6 4035/3/6
f 4035/3/6 4033/3/6 4036/3/6
f 4034/3/6 4030/3/6 4037/3/6
f 4037/3/6 4030/3/6 4038/3/6
f 4035/2/6 4036/2/6 4039/2/6
f 4039/2/6 4036/2/6 4040/2/6
f 4037/2/6 4038/2/6 4041/2/6
f 4041/2/6 4038/2/6 4042/2/6
f 4043/2/6 4044/2/6 4049/2/6
f 4044/3/6 4045/3/6 4050/3/6
f 4049/2/6 4044/2/6 4050/2/6
f 4045/3/6 4046/3/6 4050/3/6
f 4046/3/6 4047/3/6 4050/3/6
f 4047/2/6 4048/2/6 4051/2/6
f 4050/3/6 4047/3/6 4051/3/6
f 4051/2/6 4048/2/6 4052/2/6
f 4053/3/6 4054/3/6 4055/3/6
f 4055/3/6 4054/3/6 4056/3/6
f 4057/3/6 4058/3/6 4059/3/6
f 4059/3/6 4058/3/6 4060/3/6
f 4061/3/6 4062/3/6 4063/3/6
f 4063/3/6 4062/3/6 4064/3/6
f 4065/3/6 4066/3/6 4067/3/6
f 4067/3/6 4066/3/6 4068/3/6
f 4069/3/6 4070/3/6 4071/3/6
f 4071/3/6 4070/3/6 4072/3/6
f 4073/3/6 4074/3/6 4075/3/6
f 4075/3/6 4074/3/6 4076/3/6
f 4077/3/6 4078/3/6 4079/3/6
f 4079/3/6 4078/3/6 4080/3/6
f 4081/3/6 4082/3/6 4083/3/6
f 4083/3/6 4082/3/6 4084/3/6
f 4085/3/6 4086/3/6 4087/3/6
f 4087/3/6 4086/3/6 4088/3/6
f 4089/3/6 4090/3/6 4093/3/6
f 4093/3/6 4090/3/6 4094/3/6
f 4091/3/6 4092/3/6 4095/3/6
f 4095/3/6 4092/3/6 4096/3/6
f 4097/3/6 4098/3/6 4099/3/6
f 4099/3/6 4098/3/6 4100/3/6
f 4101/3/6 4102/3/6 4105/3/6
f 4105/3/6 4102/3/6 4106/3/6
f 4103/3/6 4104/3/6 4107/3/6
f 4107/3/6 4104/3/6 4108/3/6
f 4109/3/6 4110/3/6 4113/3/6
f 4113/3/6 4110/3/6 4114/3/6
f 4111/3/6 4112/3/6 4115/3/6
f 4115/3/6 4112/3/6 4116/3/6
f 4117/3/6 4118/3/6 4121/3/6
f 4121/3/6 4118/3/6 4122/3/6
f 4119/3/6 4120/3/6 4123/3/6
f 4123/3/6 4120/3/6 4124/3/6
f 4125/3/6 4126/3/6 4129/3/6
f 4129/3/6 4126/3/6 4130/3/6
f 4127/3/6 4128/3/6 4131/3/6
f 4131/3/6 4128/3/6 4132/3/6
f 4133/3/6 4134/3/6 4135/3/6
f 4135/3/6 4134/3/6 4136/3/6
f 4137/3/6 4138/3/6 4141/3/6
f 4141/3/6 4138/3/6 4142/3/6
f 4139/3/6 4140/3/6 4143/3/6
f 4143/3/6 4140/3/6 4144/3/6
f 4145/3/6 4146/3/6 4147/3/6
f 4147/3/6 4146/3/6 4148/3/6
f 4149/3/6 4150/3/6 4151/3/6
f 4151/3/6 4150/3/6 4152/3/6
f 4153/3/6 4154/3/6 4155/3/6
f 4155/3/6 4154/3/6 4156/3/6
f 4157/3/6 4158/3/6 4159/3/6
f 4159/3/6 4158/3/6 4160/3/6
f 4161/3/6 4162/3/6 4163/3/6
f 4163/3/6 4162/3/6 4164/3/6
f 4165/3/6 4166/3/6 4167/3/6
f 4167/3/6 4166/3/6 4168/3/6
f 4169/3/6 4170/3/6 4171/3/6
f 4171/3/6 4170/3/6 4172/3/6
f 4173/3/6 4174/3/6 4175/3/6
f 4175/3/6 4174/3/6 4176/3/6
f 4177/3/6 4178/3/6 4179/3/6
f 4179/3/6 4178/3/6 4180/3/6
f 4181/3/6 4182/3/6 4183/3/6
f 4183/3/6 4182/3/6 4184/3/6
f 4185/3/6 4186/3/6 4187/3/6
f 4187/3/6 4186/3/6 4188/3/6
f 4189/3/6 4190/3/6 4191/3/6
f 4191/3/6 4190/3/6 4192/3/6
f 4193/3/6 4194/3/6 4195/3/6
f 4195/3/6 4194/3/6 4196/3/6
f 4197/3/6 4198/3/6 4199/3/6
f 4199/3/6 4198/3/6 4200/3/6
f 4201/3/6 4202/3/6 4205/3/6
f 4205/3/6 4202/3/6 4206/3/6
f 4203/3/6 4204/3/6 4207/3/6
f 4207/3/6 4204/3/6 4208/3/6
f 4209/3/6 4210/3/6 4211/3/6
f 4211/3/6 4210/3/6 4212/3/6
f 4213/2/6 4214/2/6 4217/2/6
f 4214/3/6 4215/3/6 4218/3/6
f 4217/2/6 4214/2/6 4218/2/6
f 4215/2/6 4216/2/6 4219/2/6
f 4218/3/6 4215/3/6 4219/3/6
f 4219/2/6 4216/2/6 4220/2/6
f 4221/2/6 4222/2/6 4225/2/6
f 4225/2/6 4222/2/6 4226/2/6
f 4223/2/6 4224/2/6 4227/2/6
f 4227/2/6 4224/2/6 4228/2/6
f 4225/3/6 4226/3/6 4229/3/6
f 4229/3/6 4226/3/6 4230/3/6
f 4227/3/6 4228/3/6 4231/3/6
f 4231/3/6 4228/3/6 4232/3/6
f 4229/2/6 4230/2/6 4233/2/6
f 4233/2/6 4230/2/6 4234/2/6
f 4231/2/6 4232/2/6 4235/2/6
f 4235/2/6 4232/2/6 4236/2/6
f 4237/2/6 4238/2/6 4241/2/6
f 4238/3/6 4239/3/6 4242/3/6
f 4241/2/6 4238/2/6 4242/2/6
f 4239/2/6 4240/2/6 4243/2/6
f 4242/3/6 4239/3/6 4243/3/6
f 4243/2/6 4240/2/6 4244/2/6
f 4245/2/6 4246/2/6 4250/2/6
f 4246/3/6 4247/3/6 4251/3/6
f 4250/2/6 4246/2/6 4251/2/6
f 4247/2/6 4248/2/6 4252/2/6
f 4251/3/6 4247/3/6 4252/3/6
f 4252/2/6 4248/2/6 4253/2/6
f 4249/2/6 4250/2/6 4255/2/6
f 4255/2/6 4250/2/6 4256/2/6
f 4253/2/6 4254/2/6 4257/2/6
f 4257/2/6 4254/2/6 4258/2/6
f 4255/3/6 4256/3/6 4259/3/6
f 4259/3/6 4256/3/6 4260/3/6
f 4257/3/6 4258/3/6 4261/3/6
f 4261/3/6 4258/3/6 4262/3/6
f 4259/2/6 4260/2/6 4263/2/6
f 4263/2/6 4260/2/6 4264/2/6
f 4261/2/6 4262/2/6 4267/2/6
f 4267/2/6 4262/2/6 4268/2/6
f 4264/2/6 4265/2/6 4269/2/6
f 4265/3/6 4266/3/6 4270/3/6
f 4269/2/6 4265/2/6 4270/2/6
f 4266/2/6 4267/2/6 4271/2/6
f 4270/3/6 4266/3/6 4271/3/6
f 4271/2/6 4267/2/6 4272/2/6
f 4273/2/6 4274/2/6 4277/2/6
f 4274/3/6 4275/3/6 4278/3/6
f 4277/2/6 4274/2/6 4278/2/6
f 4278/3/6 4275/3/6 4279/3/6
f 4279/3/6 4275/3/6 4280/3/6
f 4275/2/6 4276/2/6 4281/2/6
f 4280/3/6 4275/3/6 4281/3/6
f 4281/2/6 4276/2/6 4282/2/6
f 4277/3/6 4278/3/6 4283/3/6
f 4281/3/6 4282/3/6 4284/3/6
f 4277/3/6 4283/3/6 4285/3/6
f 4284/3/6 4282/3/6 4286/3/6
f 4277/3/6 4285/3/6 4287/3/6
f 4287/3/6 4285/3/6 4288/3/6
f 4286/3/6 4282/3/6 4291/3/6
f 4291/3/6 4282/3/6 4292/3/6
f 4287/2/6 4288/2/6 4293/2/6
f 4289/3/6 4290/3/6 4294/3/6
f 4293/2/6 4288/2/6 4294/2/6
f 4288/3/6 4289/3/6 4294/3/6
f 4290/3/6 4291/3/6 4294/3/6
f 4291/2/6 4292/2/6 4295/2/6
f 4294/3/6 4291/3/6 4295/3/6
f 4295/2/6 4292/2/6 4296/2/6
f 4297/2/6 4298/2/6 4301/2/6
f 4298/3/6 4299/3/6 4302/3/6
f 4301/2/6 4298/2/6 4302/2/6
f 4302/3/6 4299/3/6 4303/3/6
f 4303/3/6 4299/3/6 4304/3/6
f 4299/2/6 4300/2/6 4305/2/6
f 4304/3/6 4299/3/6 4305/3/6
f 4305/2/6 4300/2/6 4306/2/6
f 4301/3/6 4302/3/6 4307/3/6
f 4305/3/6 4306/3/6 4308/3/6
f 4301/3/6 4307/3/6 4309/3/6
f 4308/3/6 4306/3/6 4310/3/6
f 4301/3/6 4309/3/6 4311/3/6
f 4311/3/6 4309/3/6 4312/3/6
f 4310/3/6 4306/3/6 4315/3/6
f 4315/3/6 4306/3/6 4316/3/6
f 4311/2/6 4312/2/6 4317/2/6
f 4313/3/6 4314/3/6 4318/3/6
f 4317/2/6 4312/2/6 4318/2/6
f 4312/3/6 4313/3/6 4318/3/6
f 4314/3/6 4315/3/6 4318/3/6
f 4315/2/6 4316/2/6 4319/2/6
f 4318/3/6 4315/3/6 4319/3/6
f 4319/2/6 4316/2/6 4320/2/6
f 4321/2/6 4322/2/6 4325/2/6
f 4322/3/6 4323/3/6 4326/3/6
f 4325/2/6 4322/2/6 4326/2/6
f 4323/2/6 4324/2/6 4327/2/6
f 4326/3/6 4323/3/6 4327/3/6
f 4327/2/6 4324/2/6 4328/2/6
f 4325/3/6 4326/3/6 4329/3/6
f 4329/3/6 4326/3/6 4330/3/6
f 4327/3/6 4328/3/6 4331/3/6
f 4331/3/6 4328/3/6 4332/3/6
f 4329/2/6 4330/2/6 4333/2/6
f 4330/3/6 4331/3/6 4334/3/6
f 4333/2/6 4330/2/6 4334/2/6
f 4331/2/6 4332/2/6 4335/2/6
f 4334/3/6 4331/3/6 4335/3/6
f 4335/2/6 4332/2/6 4336/2/6
f 4337/2/6 4338/2/6 4339/2/6
f 4339/2/6 4338/2/6 4340/2/6
