# MagicaVoxel @ Ephtracy

# group
o 

# material
mtllib Tower-0.mtl
usemtl palette

# normals
vn -1 0 0
vn 1 0 0
vn 0 0 1
vn 0 0 -1
vn 0 -1 0
vn 0 1 0

# texcoords
vt 0.966797 0.5
vt 0.974609 0.5
vt 0.978516 0.5
vt 0.986328 0.5

# verts
v -1.1 2.7 -0.6
v -1.1 2.7 -0.7
v -1.1 3 0.5
v -1.1 3 0.4
v -1.1 3.1 0.5
v -1.1 3.1 0.4
v -1.1 3.1 0.3
v -1.1 3.1 -0.5
v -1.1 3.1 -0.6
v -1.1 3.1 -0.7
v -1.1 3.2 0.4
v -1.1 3.2 0.3
v -1.1 3.2 -0.5
v -1.1 3.2 -0.6
v -1.1 3.3 0.3
v -1.1 3.3 -0.5
v -1 2.4 0.4
v -1 2.4 -0.5
v -1 2.5 0.5
v -1 2.5 0.4
v -1 2.5 -0.5
v -1 2.5 -0.6
v -1 2.6 -0.6
v -1 2.6 -0.7
v -1 2.7 -0.6
v -1 2.7 -0.7
v -1 2.9 0.6
v -1 2.9 0.5
v -1 3 0.6
v -1 3 0.5
v -1 3 0.4
v -1 3.1 0.6
v -1 3.1 0.5
v -1 3.1 0.4
v -1 3.1 0.3
v -1 3.1 -0.5
v -1 3.1 -0.6
v -1 3.1 -0.7
v -1 3.2 0.5
v -1 3.2 0.4
v -1 3.2 0.3
v -1 3.2 -0.5
v -1 3.2 -0.6
v -1 3.2 -0.7
v -1 3.3 0.4
v -1 3.3 0.3
v -1 3.3 0.1
v -1 3.3 -0.3
v -1 3.3 -0.5
v -1 3.3 -0.6
v -1 3.4 0.1
v -1 3.4 -0.3
v -0.9 2.2 0.4
v -0.9 2.2 -0.4
v -0.9 2.3 0.5
v -0.9 2.3 0.4
v -0.9 2.3 -0.4
v -0.9 2.3 -0.5
v -0.9 2.4 0.4
v -0.9 2.4 -0.5
v -0.9 2.4 -0.6
v -0.9 2.5 0.5
v -0.9 2.5 0.4
v -0.9 2.5 -0.5
v -0.9 2.5 -0.6
v -0.9 2.5 -0.7
v -0.9 2.5 -0.8
v -0.9 2.6 -0.6
v -0.9 2.6 -0.7
v -0.9 2.6 -0.8
v -0.9 2.7 -0.7
v -0.9 2.8 0.6
v -0.9 2.8 0.5
v -0.9 2.9 0.6
v -0.9 2.9 0.5
v -0.9 2.9 -0.7
v -0.9 2.9 -0.8
v -0.8 2.9 -0.7
v -0.8 2.9 -0.8
v -0.8 3 -0.4
v -0.8 3 -0.7
v -0.8 3 -0.8
v -0.8 3.2 0.3
v -0.8 3.2 -0.4
v -0.8 3.2 -0.6
v -0.8 3.2 -0.7
v -0.8 3.3 0.3
v -0.8 3.3 0.2
v -0.8 3.3 -0.4
v -0.8 3.3 -0.6
v -0.8 3.4 0.2
v -0.8 3.4 -0.4
v -0.7 2 0.4
v -0.7 2 -0.0999999
v -0.7 2.1 0.5
v -0.7 2.1 0.4
v -0.7 2.1 -0.0999999
v -0.7 2.1 -0.2
v -0.7 2.2 0.4
v -0.7 2.2 -0.2
v -0.7 2.2 -0.4
v -0.7 2.2 -0.5
v -0.7 2.3 0.5
v -0.7 2.3 0.4
v -0.7 2.3 -0.4
v -0.7 2.3 -0.5
v -0.7 2.3 -0.6
v -0.7 2.4 -0.5
v -0.7 2.4 -0.6
v -0.7 2.4 -0.7
v -0.7 2.5 -0.6
v -0.7 2.5 -0.7
v -0.7 2.7 0.7
v -0.7 2.7 0.6
v -0.7 2.8 0.7
v -0.7 2.8 0.6
v -0.7 2.8 -0.7
v -0.7 2.8 -0.8
v -0.7 2.9 0.7
v -0.7 2.9 0.6
v -0.7 2.9 -0.7
v -0.7 2.9 -0.8
v -0.7 3 0.7
v -0.7 3 0.6
v -0.7 3 -0.7
v -0.7 3 -0.8
v -0.7 3.1 0.7
v -0.7 3.1 0.6
v -0.7 3.1 0.5
v -0.7 3.1 0.4
v -0.7 3.1 0.3
v -0.7 3.1 -0.7
v -0.7 3.1 -0.8
v -0.7 3.2 0.6
v -0.7 3.2 0.5
v -0.7 3.2 0.4
v -0.7 3.2 0.3
v -0.7 3.3 0.5
v -0.7 3.3 0.4
v -0.7 3.3 0.3
v -0.7 3.3 0.2
v -0.7 3.4 0.4
v -0.7 3.4 0.2
v -0.7 3.4 -0.4
v -0.7 3.5 0.2
v -0.7 3.5 -0.2
v -0.7 3.5 -0.4
v -0.7 3.5 -0.5
v -0.7 3.6 -0.2
v -0.7 3.6 -0.3
v -0.7 3.6 -0.5
v -0.7 3.6 -0.6
v -0.7 3.8 -0.3
v -0.7 3.8 -0.4
v -0.7 4 -0.4
v -0.7 4 -0.5
v -0.7 4.1 -0.5
v -0.7 4.1 -0.6
v -0.6 1.8 0.4
v -0.6 1.8 0.2
v -0.6 1.9 0.5
v -0.6 1.9 0.4
v -0.6 1.9 0.2
v -0.6 1.9 -0.0999999
v -0.6 2 0.4
v -0.6 2 -0.0999999
v -0.6 2 -0.2
v -0.6 2.1 0.5
v -0.6 2.1 0.4
v -0.6 2.1 -0.0999999
v -0.6 2.1 -0.2
v -0.6 2.1 -0.3
v -0.6 2.2 -0.2
v -0.6 2.2 -0.3
v -0.6 2.4 0.7
v -0.6 2.4 0.6
v -0.6 2.4 -0.7
v -0.6 2.4 -0.8
v -0.6 2.5 -0.7
v -0.6 2.5 -0.8
v -0.6 2.7 0.7
v -0.6 2.7 0.6
v -0.6 3 0.6
v -0.6 3 0.5
v -0.6 3.1 0.6
v -0.6 3.1 0.5
v -0.6 3.1 -0.7
v -0.6 3.1 -0.8
v -0.6 3.2 -0.7
v -0.6 3.3 -0.4
v -0.6 3.3 -0.5
v -0.6 3.3 -0.6
v -0.6 3.3 -0.7
v -0.6 3.3 -0.8
v -0.6 3.4 -0.4
v -0.6 3.4 -0.5
v -0.6 3.4 -0.7
v -0.6 3.5 1.19209e-07
v -0.6 3.5 -0.2
v -0.6 3.5 -0.4
v -0.6 3.5 -0.5
v -0.6 3.6 1.19209e-07
v -0.6 3.6 -0.2
v -0.6 3.6 -0.3
v -0.6 3.6 -0.5
v -0.6 3.6 -0.6
v -0.6 3.8 -0.2
v -0.6 3.8 -0.3
v -0.6 3.8 -0.4
v -0.6 4 -0.2
v -0.6 4 -0.3
v -0.6 4 -0.4
v -0.6 4 -0.5
v -0.6 4.1 -0.0999999
v -0.6 4.1 -0.2
v -0.6 4.1 -0.5
v -0.6 4.1 -0.6
v -0.6 4.2 1.19209e-07
v -0.6 4.2 -0.0999999
v -0.6 4.2 -0.2
v -0.6 4.2 -0.5
v -0.6 4.2 -0.6
v -0.6 4.2 -0.7
v -0.6 4.6 1.19209e-07
v -0.6 4.6 -0.0999999
v -0.6 4.6 -0.2
v -0.6 4.6 -0.5
v -0.6 4.6 -0.6
v -0.6 4.6 -0.7
v -0.6 4.9 -0.0999999
v -0.6 4.9 -0.2
v -0.6 4.9 -0.3
v -0.6 4.9 -0.4
v -0.6 4.9 -0.5
v -0.6 4.9 -0.6
v -0.6 5.2 -0.2
v -0.6 5.2 -0.3
v -0.6 5.2 -0.4
v -0.6 5.2 -0.5
v -0.6 5.3 -0.3
v -0.6 5.3 -0.4
v -0.5 1.7 0.5
v -0.5 1.7 0.3
v -0.5 1.8 0.4
v -0.5 1.8 0.3
v -0.5 1.8 0.2
v -0.5 1.8 0.1
v -0.5 1.9 0.7
v -0.5 1.9 0.6
v -0.5 1.9 0.5
v -0.5 1.9 0.4
v -0.5 1.9 0.2
v -0.5 1.9 0.1
v -0.5 2.4 0.7
v -0.5 2.4 0.6
v -0.5 2.7 -0.7
v -0.5 2.7 -0.8
v -0.5 2.8 -0.7
v -0.5 2.8 -0.8
v -0.5 2.8 -0.9
v -0.5 2.9 0.6
v -0.5 2.9 0.5
v -0.5 3 0.6
v -0.5 3 0.5
v -0.5 3.1 -0.8
v -0.5 3.1 -0.9
v -0.5 3.2 -0.6
v -0.5 3.2 -0.7
v -0.5 3.3 -0.6
v -0.5 3.3 -0.7
v -0.5 3.3 -0.8
v -0.5 3.4 -0.7
v -0.5 3.6 1.19209e-07
v -0.5 3.6 -0.2
v -0.5 3.7 0.1
v -0.5 3.7 1.19209e-07
v -0.5 3.8 -0.2
v -0.5 3.8 -0.3
v -0.5 3.9 -0.8
v -0.5 3.9 -0.9
v -0.5 4 0.1
v -0.5 4 1.19209e-07
v -0.5 4 -0.2
v -0.5 4 -0.3
v -0.5 4.1 -0.0999999
v -0.5 4.1 -0.2
v -0.5 4.1 -0.3
v -0.5 4.1 -0.4
v -0.5 4.1 -0.5
v -0.5 4.1 -0.7
v -0.5 4.1 -0.8
v -0.5 4.2 1.19209e-07
v -0.5 4.2 -0.0999999
v -0.5 4.2 -0.2
v -0.5 4.2 -0.3
v -0.5 4.2 -0.4
v -0.5 4.2 -0.5
v -0.5 4.2 -0.6
v -0.5 4.6 -0.0999999
v -0.5 4.6 -0.2
v -0.5 4.6 -0.3
v -0.5 4.6 -0.4
v -0.5 4.6 -0.5
v -0.5 4.6 -0.6
v -0.5 4.9 -0.2
v -0.5 4.9 -0.3
v -0.5 4.9 -0.4
v -0.5 4.9 -0.5
v -0.5 5.2 -0.3
v -0.5 5.2 -0.4
v -0.4 1.6 0.7
v -0.4 1.6 0.6
v -0.4 1.6 0.5
v -0.4 1.6 0.4
v -0.4 1.7 0.5
v -0.4 1.7 0.4
v -0.4 1.7 0.3
v -0.4 1.7 0.2
v -0.4 1.8 0.3
v -0.4 1.8 0.2
v -0.4 1.9 0.7
v -0.4 1.9 0.6
v -0.4 2.8 0.6
v -0.4 2.8 0.5
v -0.4 2.8 -0.9
v -0.4 2.8 -1
v -0.4 2.9 0.6
v -0.4 2.9 0.5
v -0.4 2.9 -0.9
v -0.4 2.9 -1
v -0.4 3.1 -0.9
v -0.4 3.5 1.19209e-07
v -0.4 3.5 -0.4
v -0.4 3.6 0.2
v -0.4 3.6 1.19209e-07
v -0.4 3.6 -0.4
v -0.4 3.6 -0.5
v -0.4 3.7 0.3
v -0.4 3.7 0.2
v -0.4 3.7 0.1
v -0.4 3.7 1.19209e-07
v -0.4 3.7 -0.4
v -0.4 3.7 -0.5
v -0.4 3.8 0.6
v -0.4 3.8 0.4
v -0.4 3.8 -0.9
v -0.4 3.8 -1
v -0.4 3.9 0.3
v -0.4 3.9 0.1
v -0.4 3.9 -0.8
v -0.4 3.9 -0.9
v -0.4 4 0.6
v -0.4 4 0.4
v -0.4 4.1 0.1
v -0.4 4.1 1.19209e-07
v -0.4 4.1 -0.7
v -0.4 4.1 -0.8
v -0.4 4.1 -0.9
v -0.4 4.2 0.1
v -0.4 4.2 1.19209e-07
v -0.4 4.2 -0.0999999
v -0.4 4.3 1.19209e-07
v -0.4 4.3 -0.0999999
v -0.4 4.3 -0.6
v -0.4 4.3 -0.7
v -0.4 4.3 -0.8
v -0.4 4.4 -0.6
v -0.4 4.4 -0.7
v -0.3 1.5 0.7
v -0.3 1.5 0.6
v -0.3 1.6 0.7
v -0.3 1.6 0.6
v -0.3 2.7 0.7
v -0.3 2.7 0.6
v -0.3 2.8 0.7
v -0.3 2.8 0.6
v -0.3 2.8 -1
v -0.3 2.8 -1.1
v -0.3 2.9 -1
v -0.3 2.9 -1.1
v -0.3 3.4 0.2
v -0.3 3.4 0.1
v -0.3 3.4 -0.3
v -0.3 3.4 -0.4
v -0.3 3.5 0.6
v -0.3 3.5 0.4
v -0.3 3.5 0.3
v -0.3 3.5 0.2
v -0.3 3.5 1.19209e-07
v -0.3 3.5 -0.4
v -0.3 3.5 -0.5
v -0.3 3.6 0.8
v -0.3 3.6 0.6
v -0.3 3.6 0.2
v -0.3 3.6 1.19209e-07
v -0.3 3.6 -0.4
v -0.3 3.6 -0.5
v -0.3 3.6 -0.6
v -0.3 3.7 0.9
v -0.3 3.7 0.8
v -0.3 3.7 0.3
v -0.3 3.7 0.2
v -0.3 3.7 -0.5
v -0.3 3.7 -0.6
v -0.3 3.8 1
v -0.3 3.8 0.9
v -0.3 3.8 0.6
v -0.3 3.8 0.4
v -0.3 3.8 -0.9
v -0.3 3.8 -1
v -0.3 3.8 -1.1
v -0.3 4 1
v -0.3 4 0.6
v -0.3 4 -0.9
v -0.3 4 -1
v -0.3 4.1 0.2
v -0.3 4.1 0.1
v -0.3 4.1 -0.8
v -0.3 4.1 -0.9
v -0.3 4.2 0.2
v -0.3 4.2 0.1
v -0.3 4.2 1.19209e-07
v -0.3 4.3 0.1
v -0.3 4.3 1.19209e-07
v -0.3 4.3 -0.2
v -0.3 4.3 -0.7
v -0.3 4.3 -0.8
v -0.3 4.3 -0.9
v -0.3 4.4 1.19209e-07
v -0.3 4.4 -0.2
v -0.3 4.4 -0.5
v -0.3 4.4 -0.6
v -0.3 4.4 -0.7
v -0.3 4.4 -0.8
v -0.3 4.5 -0.5
v -0.3 4.5 -0.6
v -0.3 4.5 -0.7
v -0.2 2.5 0.7
v -0.2 2.5 0.6
v -0.2 2.7 0.7
v -0.2 2.7 0.6
v -0.2 3.4 0.6
v -0.2 3.4 0.2
v -0.2 3.4 -0.4
v -0.2 3.4 -0.5
v -0.2 3.5 1
v -0.2 3.5 0.6
v -0.2 3.5 0.4
v -0.2 3.5 0.3
v -0.2 3.5 0.2
v -0.2 3.5 -0.4
v -0.2 3.5 -0.5
v -0.2 3.5 -0.6
v -0.2 3.6 1.2
v -0.2 3.6 1
v -0.2 3.6 0.8
v -0.2 3.6 0.6
v -0.2 3.6 -0.5
v -0.2 3.6 -0.6
v -0.2 3.6 -0.7
v -0.2 3.6 -0.9
v -0.2 3.7 0.9
v -0.2 3.7 0.8
v -0.2 3.7 -0.6
v -0.2 3.7 -0.7
v -0.2 3.7 -0.9
v -0.2 3.8 1.3
v -0.2 3.8 1.2
v -0.2 3.8 1
v -0.2 3.8 0.9
v -0.2 3.8 -1
v -0.2 3.8 -1.1
v -0.2 3.9 0.4
v -0.2 3.9 0.3
v -0.2 4 1.3
v -0.2 4 1
v -0.2 4 0.7
v -0.2 4 0.4
v -0.2 4 0.3
v -0.2 4 -0.9
v -0.2 4 -1
v -0.2 4.1 0.7
v -0.2 4.1 0.6
v -0.2 4.1 0.3
v -0.2 4.1 0.2
v -0.2 4.1 -1
v -0.2 4.1 -1.1
v -0.2 4.2 0.6
v -0.2 4.2 0.3
v -0.2 4.2 0.2
v -0.2 4.2 0.1
v -0.2 4.3 0.3
v -0.2 4.3 0.1
v -0.2 4.3 1.19209e-07
v -0.2 4.3 -0.8
v -0.2 4.3 -0.9
v -0.2 4.3 -1
v -0.2 4.4 0.1
v -0.2 4.4 1.19209e-07
v -0.2 4.4 -0.0999999
v -0.2 4.4 -0.2
v -0.2 4.4 -0.7
v -0.2 4.4 -0.8
v -0.2 4.4 -0.9
v -0.2 4.5 -0.0999999
v -0.2 4.5 -0.2
v -0.2 4.5 -0.7
v -0.2 4.5 -0.8
v -0.1 3.7 1.3
v -0.1 3.7 1.2
v -0.1 3.8 1.3
v -0.1 3.8 1.2
v 0.1 1.5 0.7
v 0.1 1.5 0.6
v 0.1 1.6 0.7
v 0.1 1.6 0.6
v 0.1 2 0.7
v 0.1 2 0.6
v 0.1 2.5 0.7
v 0.1 2.5 0.6
v 0.1 2.8 0.7
v 0.1 2.8 0.6
v 0.1 2.8 0.5
v 0.1 3.1 0.6
v 0.1 3.1 0.5
v 0.1 3.1 0.4
v 0.1 3.2 0.5
v 0.1 3.2 0.4
v 0.1 3.2 0.3
v 0.1 3.3 0.4
v 0.1 3.3 0.3
v 0.1 4.3 1.19209e-07
v 0.1 4.3 -0.0999999
v 0.1 4.4 1.19209e-07
v 0.1 4.4 -0.0999999
v 0.1 4.4 -0.3
v 0.1 4.5 -0.0999999
v 0.1 4.5 -0.3
v 0.2 2 0.7
v 0.2 2 0.6
v 0.2 2.5 0.7
v 0.2 2.5 0.6
v 0.3 2.5 0.7
v 0.3 2.5 0.6
v 0.3 2.7 0.7
v 0.3 2.7 0.6
v 0.3 2.8 -0.9
v 0.3 2.8 -1
v 0.3 2.9 -0.9
v 0.3 2.9 -1
v 0.3 4.5 -0.2
v 0.3 4.5 -0.5
v 0.3 4.6 -0.2
v 0.3 4.6 -0.3
v 0.3 4.6 -0.4
v 0.3 4.6 -0.5
v 0.3 4.9 -0.3
v 0.3 4.9 -0.4
v 0.4 2.7 0.7
v 0.4 2.7 0.6
v 0.4 2.8 0.7
v 0.4 2.8 0.6
v 0.4 2.8 -0.8
v 0.4 2.8 -0.9
v 0.4 2.9 -0.9
v 0.4 3.1 -0.8
v 0.4 3.1 -0.9
v 0.4 3.2 -0.7
v 0.4 3.2 -0.8
v 0.4 3.3 -0.5
v 0.4 3.3 -0.7
v 0.4 3.4 -0.5
v 0.4 3.6 -0.5
v 0.4 3.7 -0.5
v 0.4 3.7 -0.6
v 0.4 3.7 -0.9
v 0.4 4.3 -0.0999999
v 0.4 4.3 -0.2
v 0.4 4.4 -0.5
v 0.4 4.4 -0.6
v 0.4 4.6 -0.0999999
v 0.4 4.6 -0.2
v 0.4 4.6 -0.3
v 0.4 4.6 -0.4
v 0.4 4.6 -0.5
v 0.4 4.6 -0.6
v 0.4 4.9 -0.2
v 0.4 4.9 -0.3
v 0.4 4.9 -0.4
v 0.4 4.9 -0.5
v 0.4 5.2 -0.3
v 0.4 5.2 -0.4
v 0.5 2.6 -0.7
v 0.5 2.6 -0.8
v 0.5 2.7 -0.7
v 0.5 2.7 -0.8
v 0.5 2.8 0.6
v 0.5 2.8 0.5
v 0.5 2.9 0.7
v 0.5 2.9 0.6
v 0.5 2.9 0.5
v 0.5 3 0.7
v 0.5 3 0.6
v 0.5 3.1 0.7
v 0.5 3.1 0.6
v 0.5 3.1 0.5
v 0.5 3.2 0.6
v 0.5 3.2 0.5
v 0.5 3.2 0.4
v 0.5 3.3 0.5
v 0.5 3.3 0.4
v 0.5 3.3 0.2
v 0.5 3.4 0.4
v 0.5 3.4 0.2
v 0.5 3.4 -0.5
v 0.5 3.5 0.2
v 0.5 3.5 1.19209e-07
v 0.5 3.6 1.19209e-07
v 0.5 3.6 -0.4
v 0.5 3.7 -0.4
v 0.5 3.7 -0.5
v 0.5 4.2 1.19209e-07
v 0.5 4.2 -0.0999999
v 0.5 4.3 -0.6
v 0.5 4.3 -0.7
v 0.5 4.6 1.19209e-07
v 0.5 4.6 -0.0999999
v 0.5 4.6 -0.2
v 0.5 4.6 -0.5
v 0.5 4.6 -0.6
v 0.5 4.6 -0.7
v 0.5 4.9 -0.0999999
v 0.5 4.9 -0.2
v 0.5 4.9 -0.3
v 0.5 4.9 -0.4
v 0.5 4.9 -0.5
v 0.5 4.9 -0.6
v 0.5 5.2 -0.2
v 0.5 5.2 -0.3
v 0.5 5.2 -0.4
v 0.5 5.2 -0.5
v 0.5 5.3 -0.3
v 0.5 5.3 -0.4
v 0.6 2.9 0.6
v 0.6 2.9 0.5
v 0.6 3 0.6
v 0.6 3 0.5
v 0.7 2.7 -0.7
v 0.7 2.7 -0.8
v 0.7 2.8 -0.7
v 0.7 2.8 -0.8
v 0.7 3 0.6
v 0.7 3 0.5
v 0.7 3.1 0.6
v 0.7 3.1 0.5
v 0.8 2.8 -0.7
v 0.8 2.8 -0.8
v 0.8 2.9 -0.7
v 0.8 2.9 -0.8
v 0.8 3.1 0.5
v 0.8 3.1 0.4
v 0.8 3.2 0.5
v 0.8 3.2 0.4
v 0.9 3 -0.4
v 0.9 3 -0.6
v 0.9 3 -0.7
v 0.9 3.1 0.4
v 0.9 3.1 0.3
v 0.9 3.2 0.4
v 0.9 3.2 0.3
v 0.9 3.2 0.1
v 0.9 3.2 -0.3
v 0.9 3.2 -0.4
v 0.9 3.2 -0.6
v 0.9 3.2 -0.7
v 0.9 3.3 0.4
v 0.9 3.3 0.1
v 0.9 3.3 -0.3
v 0.9 3.3 -0.6
v 0.9 3.4 0.1
v 0.9 3.4 -0.3
v -0.9 3 -0.4
v -0.9 3 -0.6
v -0.9 3 -0.7
v -0.9 3.1 0.4
v -0.9 3.1 0.3
v -0.9 3.2 0.4
v -0.9 3.2 0.3
v -0.9 3.2 0.1
v -0.9 3.2 -0.3
v -0.9 3.2 -0.4
v -0.9 3.2 -0.6
v -0.9 3.2 -0.7
v -0.9 3.3 0.4
v -0.9 3.3 0.1
v -0.9 3.3 -0.3
v -0.9 3.3 -0.6
v -0.9 3.4 0.1
v -0.9 3.4 -0.3
v -0.8 2.8 -0.7
v -0.8 2.8 -0.8
v -0.8 2.9 -0.7
v -0.8 2.9 -0.8
v -0.8 3.1 0.5
v -0.8 3.1 0.4
v -0.8 3.2 0.5
v -0.8 3.2 0.4
v -0.7 2.7 -0.7
v -0.7 2.7 -0.8
v -0.7 2.8 -0.7
v -0.7 2.8 -0.8
v -0.7 3 0.6
v -0.7 3 0.5
v -0.7 3.1 0.6
v -0.7 3.1 0.5
v -0.6 2.9 0.6
v -0.6 2.9 0.5
v -0.6 3 0.6
v -0.6 3 0.5
v -0.5 2.6 -0.7
v -0.5 2.6 -0.8
v -0.5 2.7 -0.7
v -0.5 2.7 -0.8
v -0.5 2.8 0.6
v -0.5 2.8 0.5
v -0.5 2.9 0.7
v -0.5 2.9 0.6
v -0.5 2.9 0.5
v -0.5 3 0.7
v -0.5 3 0.6
v -0.5 3.1 0.7
v -0.5 3.1 0.6
v -0.5 3.1 0.5
v -0.5 3.2 0.6
v -0.5 3.2 0.5
v -0.5 3.2 0.4
v -0.5 3.3 0.5
v -0.5 3.3 0.4
v -0.5 3.3 0.2
v -0.5 3.4 0.4
v -0.5 3.4 0.2
v -0.5 3.4 -0.5
v -0.5 3.5 0.2
v -0.5 3.5 1.19209e-07
v -0.5 3.6 1.19209e-07
v -0.5 3.6 -0.4
v -0.5 3.7 -0.4
v -0.5 3.7 -0.5
v -0.5 4.2 1.19209e-07
v -0.5 4.2 -0.0999999
v -0.5 4.3 -0.6
v -0.5 4.3 -0.7
v -0.5 4.6 1.19209e-07
v -0.5 4.6 -0.0999999
v -0.5 4.6 -0.2
v -0.5 4.6 -0.5
v -0.5 4.6 -0.6
v -0.5 4.6 -0.7
v -0.5 4.9 -0.0999999
v -0.5 4.9 -0.2
v -0.5 4.9 -0.3
v -0.5 4.9 -0.4
v -0.5 4.9 -0.5
v -0.5 4.9 -0.6
v -0.5 5.2 -0.2
v -0.5 5.2 -0.3
v -0.5 5.2 -0.4
v -0.5 5.2 -0.5
v -0.5 5.3 -0.3
v -0.5 5.3 -0.4
v -0.4 2.7 0.7
v -0.4 2.7 0.6
v -0.4 2.8 0.7
v -0.4 2.8 0.6
v -0.4 2.8 -0.8
v -0.4 2.8 -0.9
v -0.4 2.9 -0.9
v -0.4 3.1 -0.8
v -0.4 3.1 -0.9
v -0.4 3.2 -0.7
v -0.4 3.2 -0.8
v -0.4 3.3 -0.5
v -0.4 3.3 -0.7
v -0.4 3.4 -0.5
v -0.4 3.6 -0.5
v -0.4 3.7 -0.5
v -0.4 3.7 -0.6
v -0.4 3.7 -0.9
v -0.4 4.3 -0.0999999
v -0.4 4.3 -0.2
v -0.4 4.4 -0.5
v -0.4 4.4 -0.6
v -0.4 4.6 -0.0999999
v -0.4 4.6 -0.2
v -0.4 4.6 -0.3
v -0.4 4.6 -0.4
v -0.4 4.6 -0.5
v -0.4 4.6 -0.6
v -0.4 4.9 -0.2
v -0.4 4.9 -0.3
v -0.4 4.9 -0.4
v -0.4 4.9 -0.5
v -0.4 5.2 -0.3
v -0.4 5.2 -0.4
v -0.3 2.5 0.7
v -0.3 2.5 0.6
v -0.3 2.7 0.7
v -0.3 2.7 0.6
v -0.3 2.8 -0.9
v -0.3 2.8 -1
v -0.3 2.9 -0.9
v -0.3 2.9 -1
v -0.3 4.5 -0.2
v -0.3 4.5 -0.5
v -0.3 4.6 -0.2
v -0.3 4.6 -0.3
v -0.3 4.6 -0.4
v -0.3 4.6 -0.5
v -0.3 4.9 -0.3
v -0.3 4.9 -0.4
v -0.2 2 0.7
v -0.2 2 0.6
v -0.2 2.5 0.7
v -0.2 2.5 0.6
v -0.1 1.5 0.7
v -0.1 1.5 0.6
v -0.1 1.6 0.7
v -0.1 1.6 0.6
v -0.1 2 0.7
v -0.1 2 0.6
v -0.1 2.5 0.7
v -0.1 2.5 0.6
v -0.1 2.8 0.7
v -0.1 2.8 0.6
v -0.1 2.8 0.5
v -0.1 3.1 0.6
v -0.1 3.1 0.5
v -0.1 3.1 0.4
v -0.1 3.2 0.5
v -0.1 3.2 0.4
v -0.1 3.2 0.3
v -0.1 3.3 0.4
v -0.1 3.3 0.3
v -0.1 4.3 1.19209e-07
v -0.1 4.3 -0.0999999
v -0.1 4.4 1.19209e-07
v -0.1 4.4 -0.0999999
v -0.1 4.4 -0.3
v -0.1 4.5 -0.0999999
v -0.1 4.5 -0.3
v 0.1 3.7 1.3
v 0.1 3.7 1.2
v 0.1 3.8 1.3
v 0.1 3.8 1.2
v 0.2 2.5 0.7
v 0.2 2.5 0.6
v 0.2 2.7 0.7
v 0.2 2.7 0.6
v 0.2 3.4 0.6
v 0.2 3.4 0.2
v 0.2 3.4 -0.4
v 0.2 3.4 -0.5
v 0.2 3.5 1
v 0.2 3.5 0.6
v 0.2 3.5 0.4
v 0.2 3.5 0.3
v 0.2 3.5 0.2
v 0.2 3.5 -0.4
v 0.2 3.5 -0.5
v 0.2 3.5 -0.6
v 0.2 3.6 1.2
v 0.2 3.6 1
v 0.2 3.6 0.8
v 0.2 3.6 0.6
v 0.2 3.6 -0.5
v 0.2 3.6 -0.6
v 0.2 3.6 -0.7
v 0.2 3.6 -0.9
v 0.2 3.7 0.9
v 0.2 3.7 0.8
v 0.2 3.7 -0.6
v 0.2 3.7 -0.7
v 0.2 3.7 -0.9
v 0.2 3.8 1.3
v 0.2 3.8 1.2
v 0.2 3.8 1
v 0.2 3.8 0.9
v 0.2 3.8 -1
v 0.2 3.8 -1.1
v 0.2 3.9 0.4
v 0.2 3.9 0.3
v 0.2 4 1.3
v 0.2 4 1
v 0.2 4 0.7
v 0.2 4 0.4
v 0.2 4 0.3
v 0.2 4 -0.9
v 0.2 4 -1
v 0.2 4.1 0.7
v 0.2 4.1 0.6
v 0.2 4.1 0.3
v 0.2 4.1 0.2
v 0.2 4.1 -1
v 0.2 4.1 -1.1
v 0.2 4.2 0.6
v 0.2 4.2 0.3
v 0.2 4.2 0.2
v 0.2 4.2 0.1
v 0.2 4.3 0.3
v 0.2 4.3 0.1
v 0.2 4.3 1.19209e-07
v 0.2 4.3 -0.8
v 0.2 4.3 -0.9
v 0.2 4.3 -1
v 0.2 4.4 0.1
v 0.2 4.4 1.19209e-07
v 0.2 4.4 -0.0999999
v 0.2 4.4 -0.2
v 0.2 4.4 -0.7
v 0.2 4.4 -0.8
v 0.2 4.4 -0.9
v 0.2 4.5 -0.0999999
v 0.2 4.5 -0.2
v 0.2 4.5 -0.7
v 0.2 4.5 -0.8
v 0.3 1.5 0.7
v 0.3 1.5 0.6
v 0.3 1.6 0.7
v 0.3 1.6 0.6
v 0.3 2.7 0.7
v 0.3 2.7 0.6
v 0.3 2.8 0.7
v 0.3 2.8 0.6
v 0.3 2.8 -1
v 0.3 2.8 -1.1
v 0.3 2.9 -1
v 0.3 2.9 -1.1
v 0.3 3.4 0.2
v 0.3 3.4 0.1
v 0.3 3.4 -0.3
v 0.3 3.4 -0.4
v 0.3 3.5 0.6
v 0.3 3.5 0.4
v 0.3 3.5 0.3
v 0.3 3.5 0.2
v 0.3 3.5 1.19209e-07
v 0.3 3.5 -0.4
v 0.3 3.5 -0.5
v 0.3 3.6 0.8
v 0.3 3.6 0.6
v 0.3 3.6 0.2
v 0.3 3.6 1.19209e-07
v 0.3 3.6 -0.4
v 0.3 3.6 -0.5
v 0.3 3.6 -0.6
v 0.3 3.7 0.9
v 0.3 3.7 0.8
v 0.3 3.7 0.3
v 0.3 3.7 0.2
v 0.3 3.7 -0.5
v 0.3 3.7 -0.6
v 0.3 3.8 1
v 0.3 3.8 0.9
v 0.3 3.8 0.6
v 0.3 3.8 0.4
v 0.3 3.8 -0.9
v 0.3 3.8 -1
v 0.3 3.8 -1.1
v 0.3 4 1
v 0.3 4 0.6
v 0.3 4 -0.9
v 0.3 4 -1
v 0.3 4.1 0.2
v 0.3 4.1 0.1
v 0.3 4.1 -0.8
v 0.3 4.1 -0.9
v 0.3 4.2 0.2
v 0.3 4.2 0.1
v 0.3 4.2 1.19209e-07
v 0.3 4.3 0.1
v 0.3 4.3 1.19209e-07
v 0.3 4.3 -0.2
v 0.3 4.3 -0.7
v 0.3 4.3 -0.8
v 0.3 4.3 -0.9
v 0.3 4.4 1.19209e-07
v 0.3 4.4 -0.2
v 0.3 4.4 -0.5
v 0.3 4.4 -0.6
v 0.3 4.4 -0.7
v 0.3 4.4 -0.8
v 0.3 4.5 -0.5
v 0.3 4.5 -0.6
v 0.3 4.5 -0.7
v 0.4 1.6 0.7
v 0.4 1.6 0.6
v 0.4 1.6 0.5
v 0.4 1.6 0.4
v 0.4 1.7 0.5
v 0.4 1.7 0.4
v 0.4 1.7 0.3
v 0.4 1.7 0.2
v 0.4 1.8 0.3
v 0.4 1.8 0.2
v 0.4 1.9 0.7
v 0.4 1.9 0.6
v 0.4 2.8 0.6
v 0.4 2.8 0.5
v 0.4 2.8 -0.9
v 0.4 2.8 -1
v 0.4 2.9 0.6
v 0.4 2.9 0.5
v 0.4 2.9 -0.9
v 0.4 2.9 -1
v 0.4 3.1 -0.9
v 0.4 3.5 1.19209e-07
v 0.4 3.5 -0.4
v 0.4 3.6 0.2
v 0.4 3.6 1.19209e-07
v 0.4 3.6 -0.4
v 0.4 3.6 -0.5
v 0.4 3.7 0.3
v 0.4 3.7 0.2
v 0.4 3.7 0.1
v 0.4 3.7 1.19209e-07
v 0.4 3.7 -0.4
v 0.4 3.7 -0.5
v 0.4 3.8 0.6
v 0.4 3.8 0.4
v 0.4 3.8 -0.9
v 0.4 3.8 -1
v 0.4 3.9 0.3
v 0.4 3.9 0.1
v 0.4 3.9 -0.8
v 0.4 3.9 -0.9
v 0.4 4 0.6
v 0.4 4 0.4
v 0.4 4.1 0.1
v 0.4 4.1 1.19209e-07
v 0.4 4.1 -0.7
v 0.4 4.1 -0.8
v 0.4 4.1 -0.9
v 0.4 4.2 0.1
v 0.4 4.2 1.19209e-07
v 0.4 4.2 -0.0999999
v 0.4 4.3 1.19209e-07
v 0.4 4.3 -0.0999999
v 0.4 4.3 -0.6
v 0.4 4.3 -0.7
v 0.4 4.3 -0.8
v 0.4 4.4 -0.6
v 0.4 4.4 -0.7
v 0.5 1.7 0.5
v 0.5 1.7 0.3
v 0.5 1.8 0.4
v 0.5 1.8 0.3
v 0.5 1.8 0.2
v 0.5 1.8 0.1
v 0.5 1.9 0.7
v 0.5 1.9 0.6
v 0.5 1.9 0.5
v 0.5 1.9 0.4
v 0.5 1.9 0.2
v 0.5 1.9 0.1
v 0.5 2.4 0.7
v 0.5 2.4 0.6
v 0.5 2.7 -0.7
v 0.5 2.7 -0.8
v 0.5 2.8 -0.7
v 0.5 2.8 -0.8
v 0.5 2.8 -0.9
v 0.5 2.9 0.6
v 0.5 2.9 0.5
v 0.5 3 0.6
v 0.5 3 0.5
v 0.5 3.1 -0.8
v 0.5 3.1 -0.9
v 0.5 3.2 -0.6
v 0.5 3.2 -0.7
v 0.5 3.3 -0.6
v 0.5 3.3 -0.7
v 0.5 3.3 -0.8
v 0.5 3.4 -0.7
v 0.5 3.6 1.19209e-07
v 0.5 3.6 -0.2
v 0.5 3.7 0.1
v 0.5 3.7 1.19209e-07
v 0.5 3.8 -0.2
v 0.5 3.8 -0.3
v 0.5 3.9 -0.8
v 0.5 3.9 -0.9
v 0.5 4 0.1
v 0.5 4 1.19209e-07
v 0.5 4 -0.2
v 0.5 4 -0.3
v 0.5 4.1 -0.0999999
v 0.5 4.1 -0.2
v 0.5 4.1 -0.3
v 0.5 4.1 -0.4
v 0.5 4.1 -0.5
v 0.5 4.1 -0.7
v 0.5 4.1 -0.8
v 0.5 4.2 1.19209e-07
v 0.5 4.2 -0.0999999
v 0.5 4.2 -0.2
v 0.5 4.2 -0.3
v 0.5 4.2 -0.4
v 0.5 4.2 -0.5
v 0.5 4.2 -0.6
v 0.5 4.6 -0.0999999
v 0.5 4.6 -0.2
v 0.5 4.6 -0.3
v 0.5 4.6 -0.4
v 0.5 4.6 -0.5
v 0.5 4.6 -0.6
v 0.5 4.9 -0.2
v 0.5 4.9 -0.3
v 0.5 4.9 -0.4
v 0.5 4.9 -0.5
v 0.5 5.2 -0.3
v 0.5 5.2 -0.4
v 0.6 1.8 0.4
v 0.6 1.8 0.2
v 0.6 1.9 0.5
v 0.6 1.9 0.4
v 0.6 1.9 0.2
v 0.6 1.9 -0.0999999
v 0.6 2 0.4
v 0.6 2 -0.0999999
v 0.6 2 -0.2
v 0.6 2.1 0.5
v 0.6 2.1 0.4
v 0.6 2.1 -0.0999999
v 0.6 2.1 -0.2
v 0.6 2.1 -0.3
v 0.6 2.2 -0.2
v 0.6 2.2 -0.3
v 0.6 2.4 0.7
v 0.6 2.4 0.6
v 0.6 2.4 -0.7
v 0.6 2.4 -0.8
v 0.6 2.5 -0.7
v 0.6 2.5 -0.8
v 0.6 2.7 0.7
v 0.6 2.7 0.6
v 0.6 3 0.6
v 0.6 3 0.5
v 0.6 3.1 0.6
v 0.6 3.1 0.5
v 0.6 3.1 -0.7
v 0.6 3.1 -0.8
v 0.6 3.2 -0.7
v 0.6 3.3 -0.4
v 0.6 3.3 -0.5
v 0.6 3.3 -0.6
v 0.6 3.3 -0.7
v 0.6 3.3 -0.8
v 0.6 3.4 -0.4
v 0.6 3.4 -0.5
v 0.6 3.4 -0.7
v 0.6 3.5 1.19209e-07
v 0.6 3.5 -0.2
v 0.6 3.5 -0.4
v 0.6 3.5 -0.5
v 0.6 3.6 1.19209e-07
v 0.6 3.6 -0.2
v 0.6 3.6 -0.3
v 0.6 3.6 -0.5
v 0.6 3.6 -0.6
v 0.6 3.8 -0.2
v 0.6 3.8 -0.3
v 0.6 3.8 -0.4
v 0.6 4 -0.2
v 0.6 4 -0.3
v 0.6 4 -0.4
v 0.6 4 -0.5
v 0.6 4.1 -0.0999999
v 0.6 4.1 -0.2
v 0.6 4.1 -0.5
v 0.6 4.1 -0.6
v 0.6 4.2 1.19209e-07
v 0.6 4.2 -0.0999999
v 0.6 4.2 -0.2
v 0.6 4.2 -0.5
v 0.6 4.2 -0.6
v 0.6 4.2 -0.7
v 0.6 4.6 1.19209e-07
v 0.6 4.6 -0.0999999
v 0.6 4.6 -0.2
v 0.6 4.6 -0.5
v 0.6 4.6 -0.6
v 0.6 4.6 -0.7
v 0.6 4.9 -0.0999999
v 0.6 4.9 -0.2
v 0.6 4.9 -0.3
v 0.6 4.9 -0.4
v 0.6 4.9 -0.5
v 0.6 4.9 -0.6
v 0.6 5.2 -0.2
v 0.6 5.2 -0.3
v 0.6 5.2 -0.4
v 0.6 5.2 -0.5
v 0.6 5.3 -0.3
v 0.6 5.3 -0.4
v 0.7 2 0.4
v 0.7 2 -0.0999999
v 0.7 2.1 0.5
v 0.7 2.1 0.4
v 0.7 2.1 -0.0999999
v 0.7 2.1 -0.2
v 0.7 2.2 0.4
v 0.7 2.2 -0.2
v 0.7 2.2 -0.4
v 0.7 2.2 -0.5
v 0.7 2.3 0.5
v 0.7 2.3 0.4
v 0.7 2.3 -0.4
v 0.7 2.3 -0.5
v 0.7 2.3 -0.6
v 0.7 2.4 -0.5
v 0.7 2.4 -0.6
v 0.7 2.4 -0.7
v 0.7 2.5 -0.6
v 0.7 2.5 -0.7
v 0.7 2.7 0.7
v 0.7 2.7 0.6
v 0.7 2.8 0.7
v 0.7 2.8 0.6
v 0.7 2.8 -0.7
v 0.7 2.8 -0.8
v 0.7 2.9 0.7
v 0.7 2.9 0.6
v 0.7 2.9 -0.7
v 0.7 2.9 -0.8
v 0.7 3 0.7
v 0.7 3 0.6
v 0.7 3 -0.7
v 0.7 3 -0.8
v 0.7 3.1 0.7
v 0.7 3.1 0.6
v 0.7 3.1 0.5
v 0.7 3.1 0.4
v 0.7 3.1 0.3
v 0.7 3.1 -0.7
v 0.7 3.1 -0.8
v 0.7 3.2 0.6
v 0.7 3.2 0.5
v 0.7 3.2 0.4
v 0.7 3.2 0.3
v 0.7 3.3 0.5
v 0.7 3.3 0.4
v 0.7 3.3 0.3
v 0.7 3.3 0.2
v 0.7 3.4 0.4
v 0.7 3.4 0.2
v 0.7 3.4 -0.4
v 0.7 3.5 0.2
v 0.7 3.5 -0.2
v 0.7 3.5 -0.4
v 0.7 3.5 -0.5
v 0.7 3.6 -0.2
v 0.7 3.6 -0.3
v 0.7 3.6 -0.5
v 0.7 3.6 -0.6
v 0.7 3.8 -0.3
v 0.7 3.8 -0.4
v 0.7 4 -0.4
v 0.7 4 -0.5
v 0.7 4.1 -0.5
v 0.7 4.1 -0.6
v 0.8 2.9 -0.7
v 0.8 2.9 -0.8
v 0.8 3 -0.4
v 0.8 3 -0.7
v 0.8 3 -0.8
v 0.8 3.2 0.3
v 0.8 3.2 -0.4
v 0.8 3.2 -0.6
v 0.8 3.2 -0.7
v 0.8 3.3 0.3
v 0.8 3.3 0.2
v 0.8 3.3 -0.4
v 0.8 3.3 -0.6
v 0.8 3.4 0.2
v 0.8 3.4 -0.4
v 0.9 2.2 0.4
v 0.9 2.2 -0.4
v 0.9 2.3 0.5
v 0.9 2.3 0.4
v 0.9 2.3 -0.4
v 0.9 2.3 -0.5
v 0.9 2.4 0.4
v 0.9 2.4 -0.5
v 0.9 2.4 -0.6
v 0.9 2.5 0.5
v 0.9 2.5 0.4
v 0.9 2.5 -0.5
v 0.9 2.5 -0.6
v 0.9 2.5 -0.7
v 0.9 2.5 -0.8
v 0.9 2.6 -0.6
v 0.9 2.6 -0.7
v 0.9 2.6 -0.8
v 0.9 2.7 -0.7
v 0.9 2.8 0.6
v 0.9 2.8 0.5
v 0.9 2.9 0.6
v 0.9 2.9 0.5
v 0.9 2.9 -0.7
v 0.9 2.9 -0.8
v 1 2.4 0.4
v 1 2.4 -0.5
v 1 2.5 0.5
v 1 2.5 0.4
v 1 2.5 -0.5
v 1 2.5 -0.6
v 1 2.6 -0.6
v 1 2.6 -0.7
v 1 2.7 -0.6
v 1 2.7 -0.7
v 1 2.9 0.6
v 1 2.9 0.5
v 1 3 0.6
v 1 3 0.5
v 1 3 0.4
v 1 3.1 0.6
v 1 3.1 0.5
v 1 3.1 0.4
v 1 3.1 0.3
v 1 3.1 -0.5
v 1 3.1 -0.6
v 1 3.1 -0.7
v 1 3.2 0.5
v 1 3.2 0.4
v 1 3.2 0.3
v 1 3.2 -0.5
v 1 3.2 -0.6
v 1 3.2 -0.7
v 1 3.3 0.4
v 1 3.3 0.3
v 1 3.3 0.1
v 1 3.3 -0.3
v 1 3.3 -0.5
v 1 3.3 -0.6
v 1 3.4 0.1
v 1 3.4 -0.3
v 1.1 2.7 -0.6
v 1.1 2.7 -0.7
v 1.1 3 0.5
v 1.1 3 0.4
v 1.1 3.1 0.5
v 1.1 3.1 0.4
v 1.1 3.1 0.3
v 1.1 3.1 -0.5
v 1.1 3.1 -0.6
v 1.1 3.1 -0.7
v 1.1 3.2 0.4
v 1.1 3.2 0.3
v 1.1 3.2 -0.5
v 1.1 3.2 -0.6
v 1.1 3.3 0.3
v 1.1 3.3 -0.5
v -0.2 3.8 1.3
v -0.2 4 1.3
v -0.1 3.7 1.3
v -0.1 3.8 1.3
v 0.1 3.7 1.3
v 0.1 3.8 1.3
v 0.2 3.8 1.3
v 0.2 4 1.3
v -0.2 3.6 1.2
v -0.2 3.8 1.2
v -0.1 3.7 1.2
v -0.1 3.8 1.2
v 0.1 3.7 1.2
v 0.1 3.8 1.2
v 0.2 3.6 1.2
v 0.2 3.8 1.2
v -0.3 3.8 1
v -0.3 4 1
v -0.2 3.5 1
v -0.2 3.6 1
v -0.2 3.8 1
v -0.2 4 1
v 0.2 3.5 1
v 0.2 3.6 1
v 0.2 3.8 1
v 0.2 4 1
v 0.3 3.8 1
v 0.3 4 1
v -0.3 3.7 0.9
v -0.3 3.8 0.9
v -0.2 3.7 0.9
v -0.2 3.8 0.9
v 0.2 3.7 0.9
v 0.2 3.8 0.9
v 0.3 3.7 0.9
v 0.3 3.8 0.9
v -0.3 3.6 0.8
v -0.3 3.7 0.8
v -0.2 3.6 0.8
v -0.2 3.7 0.8
v 0.2 3.6 0.8
v 0.2 3.7 0.8
v 0.3 3.6 0.8
v 0.3 3.7 0.8
v -0.7 2.7 0.7
v -0.7 2.8 0.7
v -0.7 2.9 0.7
v -0.7 3 0.7
v -0.7 3.1 0.7
v -0.6 2.4 0.7
v -0.6 2.7 0.7
v -0.6 2.8 0.7
v -0.5 1.9 0.7
v -0.5 2.4 0.7
v -0.5 2.7 0.7
v -0.5 2.9 0.7
v -0.5 3 0.7
v -0.5 3.1 0.7
v -0.4 1.6 0.7
v -0.4 1.9 0.7
v -0.4 2.4 0.7
v -0.4 2.7 0.7
v -0.4 2.8 0.7
v -0.3 1.5 0.7
v -0.3 1.6 0.7
v -0.3 1.7 0.7
v -0.3 1.9 0.7
v -0.3 2.5 0.7
v -0.3 2.7 0.7
v -0.3 2.8 0.7
v -0.2 1.6 0.7
v -0.2 1.7 0.7
v -0.2 2 0.7
v -0.2 2.5 0.7
v -0.2 2.7 0.7
v -0.2 4 0.7
v -0.2 4.1 0.7
v -0.1 1.5 0.7
v -0.1 1.6 0.7
v -0.1 2 0.7
v -0.1 2.5 0.7
v -0.1 2.8 0.7
v 0.1 1.5 0.7
v 0.1 1.6 0.7
v 0.1 2 0.7
v 0.1 2.5 0.7
v 0.1 2.8 0.7
v 0.2 1.6 0.7
v 0.2 1.7 0.7
v 0.2 2 0.7
v 0.2 2.5 0.7
v 0.2 2.7 0.7
v 0.2 4 0.7
v 0.2 4.1 0.7
v 0.3 1.5 0.7
v 0.3 1.6 0.7
v 0.3 1.7 0.7
v 0.3 1.9 0.7
v 0.3 2.5 0.7
v 0.3 2.7 0.7
v 0.3 2.8 0.7
v 0.4 1.6 0.7
v 0.4 1.9 0.7
v 0.4 2.4 0.7
v 0.4 2.7 0.7
v 0.4 2.8 0.7
v 0.5 1.9 0.7
v 0.5 2.4 0.7
v 0.5 2.7 0.7
v 0.5 2.9 0.7
v 0.5 3 0.7
v 0.5 3.1 0.7
v 0.6 2.4 0.7
v 0.6 2.7 0.7
v 0.6 2.8 0.7
v 0.7 2.7 0.7
v 0.7 2.8 0.7
v 0.7 2.9 0.7
v 0.7 3 0.7
v 0.7 3.1 0.7
v -1 2.9 0.6
v -1 3 0.6
v -1 3.1 0.6
v -0.9 2.8 0.6
v -0.9 2.9 0.6
v -0.9 3 0.6
v -0.7 2.8 0.6
v -0.7 2.9 0.6
v -0.7 3 0.6
v -0.7 3.1 0.6
v -0.7 3.2 0.6
v -0.6 2.8 0.6
v -0.5 2.8 0.6
v -0.5 2.9 0.6
v -0.5 3 0.6
v -0.5 3.1 0.6
v -0.5 3.2 0.6
v -0.4 2.8 0.6
v -0.4 2.9 0.6
v -0.4 3.8 0.6
v -0.4 4 0.6
v -0.3 2.8 0.6
v -0.3 3.5 0.6
v -0.3 3.6 0.6
v -0.3 3.8 0.6
v -0.3 4 0.6
v -0.2 3.4 0.6
v -0.2 3.5 0.6
v -0.2 3.6 0.6
v -0.2 4.1 0.6
v -0.2 4.2 0.6
v -0.1 2.8 0.6
v -0.1 3.1 0.6
v -0.1 4.1 0.6
v -0.1 4.2 0.6
v 0.1 2.8 0.6
v 0.1 3.1 0.6
v 0.1 4.1 0.6
v 0.1 4.2 0.6
v 0.2 3.4 0.6
v 0.2 3.5 0.6
v 0.2 3.6 0.6
v 0.2 4.1 0.6
v 0.2 4.2 0.6
v 0.3 2.8 0.6
v 0.3 3.5 0.6
v 0.3 3.6 0.6
v 0.3 3.8 0.6
v 0.3 4 0.6
v 0.4 2.8 0.6
v 0.4 2.9 0.6
v 0.4 3.8 0.6
v 0.4 4 0.6
v 0.5 2.8 0.6
v 0.5 2.9 0.6
v 0.5 3 0.6
v 0.5 3.1 0.6
v 0.5 3.2 0.6
v 0.6 2.8 0.6
v 0.7 2.8 0.6
v 0.7 2.9 0.6
v 0.7 3 0.6
v 0.7 3.1 0.6
v 0.7 3.2 0.6
v 0.9 2.8 0.6
v 0.9 2.9 0.6
v 0.9 3 0.6
v 1 2.9 0.6
v 1 3 0.6
v 1 3.1 0.6
v -1.1 3 0.5
v -1.1 3.1 0.5
v -1 2.5 0.5
v -1 2.9 0.5
v -1 3 0.5
v -1 3.1 0.5
v -1 3.2 0.5
v -0.9 2.3 0.5
v -0.9 2.5 0.5
v -0.9 2.8 0.5
v -0.9 2.9 0.5
v -0.8 3.1 0.5
v -0.8 3.2 0.5
v -0.7 2.1 0.5
v -0.7 2.3 0.5
v -0.7 2.8 0.5
v -0.7 3 0.5
v -0.7 3.1 0.5
v -0.7 3.2 0.5
v -0.7 3.3 0.5
v -0.6 1.9 0.5
v -0.6 2.1 0.5
v -0.6 2.9 0.5
v -0.6 3 0.5
v -0.6 3.1 0.5
v -0.5 1.7 0.5
v -0.5 1.9 0.5
v -0.5 2.8 0.5
v -0.5 2.9 0.5
v -0.5 3 0.5
v -0.5 3.1 0.5
v -0.5 3.2 0.5
v -0.5 3.3 0.5
v -0.4 1.6 0.5
v -0.4 1.7 0.5
v -0.4 2.8 0.5
v -0.4 2.9 0.5
v -0.1 2.8 0.5
v -0.1 3.1 0.5
v -0.1 3.2 0.5
v 0.1 2.8 0.5
v 0.1 3.1 0.5
v 0.1 3.2 0.5
v 0.4 1.6 0.5
v 0.4 1.7 0.5
v 0.4 2.8 0.5
v 0.4 2.9 0.5
v 0.5 1.7 0.5
v 0.5 1.9 0.5
v 0.5 2.8 0.5
v 0.5 2.9 0.5
v 0.5 3 0.5
v 0.5 3.1 0.5
v 0.5 3.2 0.5
v 0.5 3.3 0.5
v 0.6 1.9 0.5
v 0.6 2.1 0.5
v 0.6 2.9 0.5
v 0.6 3 0.5
v 0.6 3.1 0.5
v 0.7 2.1 0.5
v 0.7 2.3 0.5
v 0.7 2.8 0.5
v 0.7 3 0.5
v 0.7 3.1 0.5
v 0.7 3.2 0.5
v 0.7 3.3 0.5
v 0.8 3.1 0.5
v 0.8 3.2 0.5
v 0.9 2.3 0.5
v 0.9 2.5 0.5
v 0.9 2.8 0.5
v 0.9 2.9 0.5
v 1 2.5 0.5
v 1 2.9 0.5
v 1 3 0.5
v 1 3.1 0.5
v 1 3.2 0.5
v 1.1 3 0.5
v 1.1 3.1 0.5
v -1.1 3.1 0.4
v -1.1 3.2 0.4
v -1 2.4 0.4
v -1 2.5 0.4
v -1 3.1 0.4
v -1 3.2 0.4
v -1 3.3 0.4
v -0.9 2.2 0.4
v -0.9 2.3 0.4
v -0.9 2.4 0.4
v -0.9 2.5 0.4
v -0.9 3.2 0.4
v -0.9 3.3 0.4
v -0.7 2 0.4
v -0.7 2.1 0.4
v -0.7 2.2 0.4
v -0.7 2.3 0.4
v -0.7 3.3 0.4
v -0.7 3.4 0.4
v -0.6 1.8 0.4
v -0.6 1.9 0.4
v -0.6 2 0.4
v -0.6 2.1 0.4
v -0.5 1.8 0.4
v -0.5 1.9 0.4
v -0.5 3.2 0.4
v -0.5 3.3 0.4
v -0.5 3.4 0.4
v -0.1 3.1 0.4
v -0.1 3.2 0.4
v -0.1 3.3 0.4
v 0.1 3.1 0.4
v 0.1 3.2 0.4
v 0.1 3.3 0.4
v 0.5 1.8 0.4
v 0.5 1.9 0.4
v 0.5 3.2 0.4
v 0.5 3.3 0.4
v 0.5 3.4 0.4
v 0.6 1.8 0.4
v 0.6 1.9 0.4
v 0.6 2 0.4
v 0.6 2.1 0.4
v 0.7 2 0.4
v 0.7 2.1 0.4
v 0.7 2.2 0.4
v 0.7 2.3 0.4
v 0.7 3.3 0.4
v 0.7 3.4 0.4
v 0.9 2.2 0.4
v 0.9 2.3 0.4
v 0.9 2.4 0.4
v 0.9 2.5 0.4
v 0.9 3.2 0.4
v 0.9 3.3 0.4
v 1 2.4 0.4
v 1 2.5 0.4
v 1 3.1 0.4
v 1 3.2 0.4
v 1 3.3 0.4
v 1.1 3.1 0.4
v 1.1 3.2 0.4
v -1.1 3.2 0.3
v -1.1 3.3 0.3
v -1 3.2 0.3
v -1 3.3 0.3
v -0.9 3.1 0.3
v -0.9 3.2 0.3
v -0.8 3.2 0.3
v -0.8 3.3 0.3
v -0.7 3.1 0.3
v -0.7 3.2 0.3
v -0.7 3.3 0.3
v -0.4 3.7 0.3
v -0.4 3.9 0.3
v -0.3 3.5 0.3
v -0.3 3.7 0.3
v -0.2 3.5 0.3
v -0.2 3.9 0.3
v -0.2 4.2 0.3
v -0.2 4.3 0.3
v -0.1 3.2 0.3
v -0.1 3.3 0.3
v -0.1 4.2 0.3
v 0.1 3.2 0.3
v 0.1 3.3 0.3
v 0.1 4.2 0.3
v 0.2 3.5 0.3
v 0.2 3.9 0.3
v 0.2 4.2 0.3
v 0.2 4.3 0.3
v 0.3 3.5 0.3
v 0.3 3.7 0.3
v 0.4 3.7 0.3
v 0.4 3.9 0.3
v 0.7 3.1 0.3
v 0.7 3.2 0.3
v 0.7 3.3 0.3
v 0.8 3.2 0.3
v 0.8 3.3 0.3
v 0.9 3.1 0.3
v 0.9 3.2 0.3
v 1 3.2 0.3
v 1 3.3 0.3
v 1.1 3.2 0.3
v 1.1 3.3 0.3
v -0.8 3.3 0.2
v -0.8 3.4 0.2
v -0.7 3.3 0.2
v -0.7 3.4 0.2
v -0.7 3.5 0.2
v -0.5 3.3 0.2
v -0.5 3.4 0.2
v -0.5 3.5 0.2
v -0.4 3.6 0.2
v -0.4 3.7 0.2
v -0.3 3.4 0.2
v -0.3 3.5 0.2
v -0.3 3.6 0.2
v -0.3 3.7 0.2
v -0.3 4.1 0.2
v -0.3 4.2 0.2
v -0.2 3.3 0.2
v -0.2 3.4 0.2
v -0.2 3.5 0.2
v -0.2 4.1 0.2
v -0.2 4.2 0.2
v -0.1 3.3 0.2
v 0.1 3.3 0.2
v 0.2 3.3 0.2
v 0.2 3.4 0.2
v 0.2 3.5 0.2
v 0.2 4.1 0.2
v 0.2 4.2 0.2
v 0.3 3.4 0.2
v 0.3 3.5 0.2
v 0.3 3.6 0.2
v 0.3 3.7 0.2
v 0.3 4.1 0.2
v 0.3 4.2 0.2
v 0.4 3.6 0.2
v 0.4 3.7 0.2
v 0.5 3.3 0.2
v 0.5 3.4 0.2
v 0.5 3.5 0.2
v 0.7 3.3 0.2
v 0.7 3.4 0.2
v 0.7 3.5 0.2
v 0.8 3.3 0.2
v 0.8 3.4 0.2
v -1 3.3 0.1
v -1 3.4 0.1
v -0.9 3.3 0.1
v -0.9 3.4 0.1
v -0.5 3.7 0.1
v -0.5 4 0.1
v -0.4 3.7 0.1
v -0.4 3.9 0.1
v -0.4 4.1 0.1
v -0.4 4.2 0.1
v -0.3 4.1 0.1
v -0.3 4.2 0.1
v -0.3 4.3 0.1
v -0.2 4.2 0.1
v -0.2 4.3 0.1
v -0.2 4.4 0.1
v 0.2 4.2 0.1
v 0.2 4.3 0.1
v 0.2 4.4 0.1
v 0.3 4.1 0.1
v 0.3 4.2 0.1
v 0.3 4.3 0.1
v 0.4 3.7 0.1
v 0.4 3.9 0.1
v 0.4 4.1 0.1
v 0.4 4.2 0.1
v 0.5 3.7 0.1
v 0.5 4 0.1
v 0.9 3.3 0.1
v 0.9 3.4 0.1
v 1 3.3 0.1
v 1 3.4 0.1
v -0.6 3.5 1.19209e-07
v -0.6 3.6 1.19209e-07
v -0.6 4.2 1.19209e-07
v -0.6 4.6 1.19209e-07
v -0.5 3.5 1.19209e-07
v -0.5 3.6 1.19209e-07
v -0.5 3.7 1.19209e-07
v -0.5 4 1.19209e-07
v -0.5 4.2 1.19209e-07
v -0.5 4.6 1.19209e-07
v -0.4 3.5 1.19209e-07
v -0.4 3.6 1.19209e-07
v -0.4 3.7 1.19209e-07
v -0.4 4.1 1.19209e-07
v -0.4 4.2 1.19209e-07
v -0.4 4.3 1.19209e-07
v -0.3 3.5 1.19209e-07
v -0.3 3.6 1.19209e-07
v -0.3 4.2 1.19209e-07
v -0.3 4.3 1.19209e-07
v -0.3 4.4 1.19209e-07
v -0.2 4.3 1.19209e-07
v -0.2 4.4 1.19209e-07
v -0.1 4.1 1.19209e-07
v 0.1 4.1 1.19209e-07
v 0.2 4.3 1.19209e-07
v 0.2 4.4 1.19209e-07
v 0.3 3.5 1.19209e-07
v 0.3 3.6 1.19209e-07
v 0.3 4.2 1.19209e-07
v 0.3 4.3 1.19209e-07
v 0.3 4.4 1.19209e-07
v 0.4 3.5 1.19209e-07
v 0.4 3.6 1.19209e-07
v 0.4 3.7 1.19209e-07
v 0.4 4.1 1.19209e-07
v 0.4 4.2 1.19209e-07
v 0.4 4.3 1.19209e-07
v 0.5 3.5 1.19209e-07
v 0.5 3.6 1.19209e-07
v 0.5 3.7 1.19209e-07
v 0.5 4 1.19209e-07
v 0.5 4.2 1.19209e-07
v 0.5 4.6 1.19209e-07
v 0.6 3.5 1.19209e-07
v 0.6 3.6 1.19209e-07
v 0.6 4.2 1.19209e-07
v 0.6 4.6 1.19209e-07
v -0.6 4.1 -0.0999999
v -0.6 4.2 -0.0999999
v -0.6 4.6 -0.0999999
v -0.6 4.9 -0.0999999
v -0.5 4.1 -0.0999999
v -0.5 4.2 -0.0999999
v -0.5 4.6 -0.0999999
v -0.5 4.9 -0.0999999
v -0.4 4.2 -0.0999999
v -0.4 4.3 -0.0999999
v -0.4 4.6 -0.0999999
v -0.2 4.4 -0.0999999
v -0.2 4.5 -0.0999999
v -0.1 4.3 -0.0999999
v -0.1 4.4 -0.0999999
v -0.1 4.5 -0.0999999
v 0.1 4.3 -0.0999999
v 0.1 4.4 -0.0999999
v 0.1 4.5 -0.0999999
v 0.2 4.4 -0.0999999
v 0.2 4.5 -0.0999999
v 0.4 4.2 -0.0999999
v 0.4 4.3 -0.0999999
v 0.4 4.6 -0.0999999
v 0.5 4.1 -0.0999999
v 0.5 4.2 -0.0999999
v 0.5 4.6 -0.0999999
v 0.5 4.9 -0.0999999
v 0.6 4.1 -0.0999999
v 0.6 4.2 -0.0999999
v 0.6 4.6 -0.0999999
v 0.6 4.9 -0.0999999
v -0.7 3.5 -0.2
v -0.7 3.6 -0.2
v -0.6 3.5 -0.2
v -0.6 3.6 -0.2
v -0.6 3.8 -0.2
v -0.6 4 -0.2
v -0.6 4.1 -0.2
v -0.6 4.9 -0.2
v -0.6 5.2 -0.2
v -0.5 3.6 -0.2
v -0.5 3.8 -0.2
v -0.5 4 -0.2
v -0.5 4.1 -0.2
v -0.5 4.6 -0.2
v -0.5 4.9 -0.2
v -0.5 5.2 -0.2
v -0.4 4.3 -0.2
v -0.4 4.6 -0.2
v -0.4 4.9 -0.2
v -0.3 4.3 -0.2
v -0.3 4.4 -0.2
v -0.3 4.5 -0.2
v -0.3 4.6 -0.2
v -0.2 4.4 -0.2
v -0.2 4.5 -0.2
v 0.2 4.4 -0.2
v 0.2 4.5 -0.2
v 0.3 4.3 -0.2
v 0.3 4.4 -0.2
v 0.3 4.5 -0.2
v 0.3 4.6 -0.2
v 0.4 4.3 -0.2
v 0.4 4.6 -0.2
v 0.4 4.9 -0.2
v 0.5 3.6 -0.2
v 0.5 3.8 -0.2
v 0.5 4 -0.2
v 0.5 4.1 -0.2
v 0.5 4.6 -0.2
v 0.5 4.9 -0.2
v 0.5 5.2 -0.2
v 0.6 3.5 -0.2
v 0.6 3.6 -0.2
v 0.6 3.8 -0.2
v 0.6 4 -0.2
v 0.6 4.1 -0.2
v 0.6 4.9 -0.2
v 0.6 5.2 -0.2
v 0.7 3.5 -0.2
v 0.7 3.6 -0.2
v -0.7 3.6 -0.3
v -0.7 3.8 -0.3
v -0.6 3.6 -0.3
v -0.6 3.8 -0.3
v -0.6 4 -0.3
v -0.6 5.2 -0.3
v -0.6 5.3 -0.3
v -0.5 3.8 -0.3
v -0.5 4 -0.3
v -0.5 4.9 -0.3
v -0.5 5.2 -0.3
v -0.5 5.3 -0.3
v -0.4 4.6 -0.3
v -0.4 4.9 -0.3
v -0.4 5.2 -0.3
v -0.3 4.6 -0.3
v -0.3 4.9 -0.3
v -0.1 4.4 -0.3
v -0.1 4.5 -0.3
v 0.1 4.4 -0.3
v 0.1 4.5 -0.3
v 0.3 4.6 -0.3
v 0.3 4.9 -0.3
v 0.4 4.6 -0.3
v 0.4 4.9 -0.3
v 0.4 5.2 -0.3
v 0.5 3.8 -0.3
v 0.5 4 -0.3
v 0.5 4.9 -0.3
v 0.5 5.2 -0.3
v 0.5 5.3 -0.3
v 0.6 3.6 -0.3
v 0.6 3.8 -0.3
v 0.6 4 -0.3
v 0.6 5.2 -0.3
v 0.6 5.3 -0.3
v 0.7 3.6 -0.3
v 0.7 3.8 -0.3
v -0.7 3.8 -0.4
v -0.7 4 -0.4
v -0.6 3.8 -0.4
v -0.6 4 -0.4
v -0.6 4.9 -0.4
v -0.6 5.2 -0.4
v -0.5 4.9 -0.4
v -0.5 5.2 -0.4
v 0.5 4.9 -0.4
v 0.5 5.2 -0.4
v 0.6 3.8 -0.4
v 0.6 4 -0.4
v 0.6 4.9 -0.4
v 0.6 5.2 -0.4
v 0.7 3.8 -0.4
v 0.7 4 -0.4
v -1.1 3.1 -0.5
v -1.1 3.2 -0.5
v -1 3.1 -0.5
v -1 3.2 -0.5
v -0.7 4 -0.5
v -0.7 4.1 -0.5
v -0.6 4 -0.5
v -0.6 4.1 -0.5
v -0.6 4.2 -0.5
v -0.6 4.6 -0.5
v -0.6 4.9 -0.5
v -0.5 3.4 -0.5
v -0.5 3.7 -0.5
v -0.5 4.1 -0.5
v -0.5 4.2 -0.5
v -0.5 4.6 -0.5
v -0.5 4.9 -0.5
v -0.4 3.4 -0.5
v -0.4 3.6 -0.5
v -0.4 3.7 -0.5
v 0.4 3.4 -0.5
v 0.4 3.6 -0.5
v 0.4 3.7 -0.5
v 0.5 3.4 -0.5
v 0.5 3.7 -0.5
v 0.5 4.1 -0.5
v 0.5 4.2 -0.5
v 0.5 4.6 -0.5
v 0.5 4.9 -0.5
v 0.6 4 -0.5
v 0.6 4.1 -0.5
v 0.6 4.2 -0.5
v 0.6 4.6 -0.5
v 0.6 4.9 -0.5
v 0.7 4 -0.5
v 0.7 4.1 -0.5
v 1 3.1 -0.5
v 1 3.2 -0.5
v 1.1 3.1 -0.5
v 1.1 3.2 -0.5
v -1.1 2.7 -0.6
v -1.1 3.1 -0.6
v -1 2.7 -0.6
v -1 3.1 -0.6
v -0.6 4.2 -0.6
v -0.6 4.6 -0.6
v -0.5 4.2 -0.6
v -0.5 4.6 -0.6
v 0.5 4.2 -0.6
v 0.5 4.6 -0.6
v 0.6 4.2 -0.6
v 0.6 4.6 -0.6
v 1 2.7 -0.6
v 1 3.1 -0.6
v 1.1 2.7 -0.6
v 1.1 3.1 -0.6
v -0.6 3.2 -0.7
v -0.6 3.3 -0.7
v -0.5 3.2 -0.7
v -0.5 3.3 -0.7
v 0.5 3.2 -0.7
v 0.5 3.3 -0.7
v 0.6 3.2 -0.7
v 0.6 3.3 -0.7
v -0.4 2.8 -0.9
v -0.4 2.9 -0.9
v -0.4 3.1 -0.9
v -0.4 3.7 -0.9
v -0.3 2.8 -0.9
v -0.3 2.9 -0.9
v -0.2 3.6 -0.9
v -0.2 3.7 -0.9
v 0.2 3.6 -0.9
v 0.2 3.7 -0.9
v 0.3 2.8 -0.9
v 0.3 2.9 -0.9
v 0.4 2.8 -0.9
v 0.4 2.9 -0.9
v 0.4 3.1 -0.9
v 0.4 3.7 -0.9
v -0.3 2.8 -1
v -0.3 2.9 -1
v 0.3 2.8 -1
v 0.3 2.9 -1
v -0.7 2.7 0.6
v -0.7 2.8 0.6
v -0.7 3 0.6
v -0.7 3.1 0.6
v -0.6 2.4 0.6
v -0.6 2.7 0.6
v -0.6 2.8 0.6
v -0.6 2.9 0.6
v -0.6 3 0.6
v -0.6 3.1 0.6
v -0.5 1.9 0.6
v -0.5 2.4 0.6
v -0.5 2.7 0.6
v -0.5 2.8 0.6
v -0.5 2.9 0.6
v -0.5 3 0.6
v -0.4 1.6 0.6
v -0.4 1.9 0.6
v -0.4 2.4 0.6
v -0.4 2.7 0.6
v -0.4 2.8 0.6
v -0.3 1.5 0.6
v -0.3 1.6 0.6
v -0.3 1.7 0.6
v -0.3 1.9 0.6
v -0.3 2.5 0.6
v -0.3 2.7 0.6
v -0.3 2.8 0.6
v -0.2 1.6 0.6
v -0.2 1.7 0.6
v -0.2 2 0.6
v -0.2 2.5 0.6
v -0.2 2.7 0.6
v -0.1 1.5 0.6
v -0.1 1.6 0.6
v -0.1 2 0.6
v -0.1 2.5 0.6
v -0.1 2.8 0.6
v 0.1 1.5 0.6
v 0.1 1.6 0.6
v 0.1 2 0.6
v 0.1 2.5 0.6
v 0.1 2.8 0.6
v 0.2 1.6 0.6
v 0.2 1.7 0.6
v 0.2 2 0.6
v 0.2 2.5 0.6
v 0.2 2.7 0.6
v 0.3 1.5 0.6
v 0.3 1.6 0.6
v 0.3 1.7 0.6
v 0.3 1.9 0.6
v 0.3 2.5 0.6
v 0.3 2.7 0.6
v 0.3 2.8 0.6
v 0.4 1.6 0.6
v 0.4 1.9 0.6
v 0.4 2.4 0.6
v 0.4 2.7 0.6
v 0.4 2.8 0.6
v 0.5 1.9 0.6
v 0.5 2.4 0.6
v 0.5 2.7 0.6
v 0.5 2.8 0.6
v 0.5 2.9 0.6
v 0.5 3 0.6
v 0.6 2.4 0.6
v 0.6 2.7 0.6
v 0.6 2.8 0.6
v 0.6 2.9 0.6
v 0.6 3 0.6
v 0.6 3.1 0.6
v 0.7 2.7 0.6
v 0.7 2.8 0.6
v 0.7 3 0.6
v 0.7 3.1 0.6
v -1.1 3 0.4
v -1.1 3.1 0.4
v -1 3 0.4
v -1 3.1 0.4
v -0.9 3.1 0.4
v -0.9 3.2 0.4
v -0.8 3.1 0.4
v -0.8 3.2 0.4
v -0.4 1.6 0.4
v -0.4 1.7 0.4
v -0.4 3.8 0.4
v -0.4 4 0.4
v -0.3 3.5 0.4
v -0.3 3.8 0.4
v -0.2 3.5 0.4
v -0.2 3.9 0.4
v -0.2 4 0.4
v 0.2 3.5 0.4
v 0.2 3.9 0.4
v 0.2 4 0.4
v 0.3 3.5 0.4
v 0.3 3.8 0.4
v 0.4 1.6 0.4
v 0.4 1.7 0.4
v 0.4 3.8 0.4
v 0.4 4 0.4
v 0.8 3.1 0.4
v 0.8 3.2 0.4
v 0.9 3.1 0.4
v 0.9 3.2 0.4
v 1 3 0.4
v 1 3.1 0.4
v 1.1 3 0.4
v 1.1 3.1 0.4
v -1.1 3.1 0.3
v -1.1 3.2 0.3
v -1 3.1 0.3
v -1 3.2 0.3
v -0.5 1.7 0.3
v -0.5 1.8 0.3
v -0.4 1.7 0.3
v -0.4 1.8 0.3
v -0.2 4 0.3
v -0.2 4.1 0.3
v -0.1 4.1 0.3
v 0.1 4.1 0.3
v 0.2 4 0.3
v 0.2 4.1 0.3
v 0.4 1.7 0.3
v 0.4 1.8 0.3
v 0.5 1.7 0.3
v 0.5 1.8 0.3
v 1 3.1 0.3
v 1 3.2 0.3
v 1.1 3.1 0.3
v 1.1 3.2 0.3
v -0.6 1.8 0.2
v -0.6 1.9 0.2
v -0.5 1.8 0.2
v -0.5 1.9 0.2
v -0.4 1.7 0.2
v -0.4 1.8 0.2
v 0.4 1.7 0.2
v 0.4 1.8 0.2
v 0.5 1.8 0.2
v 0.5 1.9 0.2
v 0.6 1.8 0.2
v 0.6 1.9 0.2
v -0.5 1.8 0.1
v -0.5 1.9 0.1
v 0.5 1.8 0.1
v 0.5 1.9 0.1
v -0.1 4.3 1.19209e-07
v -0.1 4.4 1.19209e-07
v 0.1 4.3 1.19209e-07
v 0.1 4.4 1.19209e-07
v -0.7 2 -0.0999999
v -0.7 2.1 -0.0999999
v -0.6 1.9 -0.0999999
v -0.6 2 -0.0999999
v -0.6 2.1 -0.0999999
v -0.6 4.2 -0.0999999
v -0.6 4.6 -0.0999999
v -0.5 4.2 -0.0999999
v -0.5 4.6 -0.0999999
v 0.5 4.2 -0.0999999
v 0.5 4.6 -0.0999999
v 0.6 1.9 -0.0999999
v 0.6 2 -0.0999999
v 0.6 2.1 -0.0999999
v 0.6 4.2 -0.0999999
v 0.6 4.6 -0.0999999
v 0.7 2 -0.0999999
v 0.7 2.1 -0.0999999
v -0.7 2.1 -0.2
v -0.7 2.2 -0.2
v -0.6 2 -0.2
v -0.6 2.1 -0.2
v -0.6 2.2 -0.2
v -0.6 4.1 -0.2
v -0.6 4.2 -0.2
v -0.6 4.6 -0.2
v -0.6 4.9 -0.2
v -0.5 4.1 -0.2
v -0.5 4.2 -0.2
v -0.5 4.6 -0.2
v -0.5 4.9 -0.2
v 0.5 4.1 -0.2
v 0.5 4.2 -0.2
v 0.5 4.6 -0.2
v 0.5 4.9 -0.2
v 0.6 2 -0.2
v 0.6 2.1 -0.2
v 0.6 2.2 -0.2
v 0.6 4.1 -0.2
v 0.6 4.2 -0.2
v 0.6 4.6 -0.2
v 0.6 4.9 -0.2
v 0.7 2.1 -0.2
v 0.7 2.2 -0.2
v -1 3.3 -0.3
v -1 3.4 -0.3
v -0.9 3.3 -0.3
v -0.9 3.4 -0.3
v -0.6 2.1 -0.3
v -0.6 2.2 -0.3
v -0.6 4.9 -0.3
v -0.6 5.2 -0.3
v -0.5 4.9 -0.3
v -0.5 5.2 -0.3
v 0.5 4.9 -0.3
v 0.5 5.2 -0.3
v 0.6 2.1 -0.3
v 0.6 2.2 -0.3
v 0.6 4.9 -0.3
v 0.6 5.2 -0.3
v 0.9 3.3 -0.3
v 0.9 3.4 -0.3
v 1 3.3 -0.3
v 1 3.4 -0.3
v -0.9 2.2 -0.4
v -0.9 2.3 -0.4
v -0.9 3 -0.4
v -0.9 3.2 -0.4
v -0.8 3 -0.4
v -0.8 3.2 -0.4
v -0.8 3.3 -0.4
v -0.8 3.4 -0.4
v -0.7 2.2 -0.4
v -0.7 2.3 -0.4
v -0.7 3.4 -0.4
v -0.7 3.5 -0.4
v -0.6 3.3 -0.4
v -0.6 3.4 -0.4
v -0.6 3.5 -0.4
v -0.6 5.2 -0.4
v -0.6 5.3 -0.4
v -0.5 3.6 -0.4
v -0.5 3.7 -0.4
v -0.5 4.9 -0.4
v -0.5 5.2 -0.4
v -0.5 5.3 -0.4
v -0.4 3.5 -0.4
v -0.4 3.6 -0.4
v -0.4 3.7 -0.4
v -0.4 4.6 -0.4
v -0.4 4.9 -0.4
v -0.4 5.2 -0.4
v -0.3 3.4 -0.4
v -0.3 3.5 -0.4
v -0.3 3.6 -0.4
v -0.3 4.6 -0.4
v -0.3 4.9 -0.4
v -0.2 3.4 -0.4
v -0.2 3.5 -0.4
v 0.2 3.4 -0.4
v 0.2 3.5 -0.4
v 0.3 3.4 -0.4
v 0.3 3.5 -0.4
v 0.3 3.6 -0.4
v 0.3 4.6 -0.4
v 0.3 4.9 -0.4
v 0.4 3.5 -0.4
v 0.4 3.6 -0.4
v 0.4 3.7 -0.4
v 0.4 4.6 -0.4
v 0.4 4.9 -0.4
v 0.4 5.2 -0.4
v 0.5 3.6 -0.4
v 0.5 3.7 -0.4
v 0.5 4.9 -0.4
v 0.5 5.2 -0.4
v 0.5 5.3 -0.4
v 0.6 3.3 -0.4
v 0.6 3.4 -0.4
v 0.6 3.5 -0.4
v 0.6 5.2 -0.4
v 0.6 5.3 -0.4
v 0.7 2.2 -0.4
v 0.7 2.3 -0.4
v 0.7 3.4 -0.4
v 0.7 3.5 -0.4
v 0.8 3 -0.4
v 0.8 3.2 -0.4
v 0.8 3.3 -0.4
v 0.8 3.4 -0.4
v 0.9 2.2 -0.4
v 0.9 2.3 -0.4
v 0.9 3 -0.4
v 0.9 3.2 -0.4
v -1.1 3.2 -0.5
v -1.1 3.3 -0.5
v -1 2.4 -0.5
v -1 2.5 -0.5
v -1 3.2 -0.5
v -1 3.3 -0.5
v -0.9 2.3 -0.5
v -0.9 2.4 -0.5
v -0.9 2.5 -0.5
v -0.7 2.2 -0.5
v -0.7 2.3 -0.5
v -0.7 2.4 -0.5
v -0.7 3.5 -0.5
v -0.7 3.6 -0.5
v -0.6 3.5 -0.5
v -0.6 3.6 -0.5
v -0.6 4.9 -0.5
v -0.6 5.2 -0.5
v -0.5 4.6 -0.5
v -0.5 4.9 -0.5
v -0.5 5.2 -0.5
v -0.4 3.3 -0.5
v -0.4 3.4 -0.5
v -0.4 3.6 -0.5
v -0.4 3.7 -0.5
v -0.4 4.4 -0.5
v -0.4 4.6 -0.5
v -0.4 4.9 -0.5
v -0.3 3.5 -0.5
v -0.3 3.6 -0.5
v -0.3 3.7 -0.5
v -0.3 4.4 -0.5
v -0.3 4.5 -0.5
v -0.3 4.6 -0.5
v -0.2 3.4 -0.5
v -0.2 3.5 -0.5
v -0.2 3.6 -0.5
v 0.2 3.4 -0.5
v 0.2 3.5 -0.5
v 0.2 3.6 -0.5
v 0.3 3.5 -0.5
v 0.3 3.6 -0.5
v 0.3 3.7 -0.5
v 0.3 4.4 -0.5
v 0.3 4.5 -0.5
v 0.3 4.6 -0.5
v 0.4 3.3 -0.5
v 0.4 3.4 -0.5
v 0.4 3.6 -0.5
v 0.4 3.7 -0.5
v 0.4 4.4 -0.5
v 0.4 4.6 -0.5
v 0.4 4.9 -0.5
v 0.5 4.6 -0.5
v 0.5 4.9 -0.5
v 0.5 5.2 -0.5
v 0.6 3.5 -0.5
v 0.6 3.6 -0.5
v 0.6 4.9 -0.5
v 0.6 5.2 -0.5
v 0.7 2.2 -0.5
v 0.7 2.3 -0.5
v 0.7 2.4 -0.5
v 0.7 3.5 -0.5
v 0.7 3.6 -0.5
v 0.9 2.3 -0.5
v 0.9 2.4 -0.5
v 0.9 2.5 -0.5
v 1 2.4 -0.5
v 1 2.5 -0.5
v 1 3.2 -0.5
v 1 3.3 -0.5
v 1.1 3.2 -0.5
v 1.1 3.3 -0.5
v -1.1 3.1 -0.6
v -1.1 3.2 -0.6
v -1 2.5 -0.6
v -1 2.6 -0.6
v -1 3.1 -0.6
v -1 3.2 -0.6
v -1 3.3 -0.6
v -0.9 2.4 -0.6
v -0.9 2.5 -0.6
v -0.9 2.6 -0.6
v -0.9 3.2 -0.6
v -0.9 3.3 -0.6
v -0.8 3.2 -0.6
v -0.8 3.3 -0.6
v -0.7 2.3 -0.6
v -0.7 2.4 -0.6
v -0.7 2.5 -0.6
v -0.7 3.6 -0.6
v -0.7 4.1 -0.6
v -0.6 3.3 -0.6
v -0.6 3.6 -0.6
v -0.6 4.1 -0.6
v -0.6 4.6 -0.6
v -0.6 4.9 -0.6
v -0.5 3.2 -0.6
v -0.5 3.3 -0.6
v -0.5 4.3 -0.6
v -0.5 4.6 -0.6
v -0.5 4.9 -0.6
v -0.4 4.3 -0.6
v -0.4 4.4 -0.6
v -0.4 4.6 -0.6
v -0.3 3.6 -0.6
v -0.3 3.7 -0.6
v -0.2 3.5 -0.6
v -0.2 3.6 -0.6
v -0.2 3.7 -0.6
v 0.2 3.5 -0.6
v 0.2 3.6 -0.6
v 0.2 3.7 -0.6
v 0.3 3.6 -0.6
v 0.3 3.7 -0.6
v 0.4 4.3 -0.6
v 0.4 4.4 -0.6
v 0.4 4.6 -0.6
v 0.5 3.2 -0.6
v 0.5 3.3 -0.6
v 0.5 4.3 -0.6
v 0.5 4.6 -0.6
v 0.5 4.9 -0.6
v 0.6 3.3 -0.6
v 0.6 3.6 -0.6
v 0.6 4.1 -0.6
v 0.6 4.6 -0.6
v 0.6 4.9 -0.6
v 0.7 2.3 -0.6
v 0.7 2.4 -0.6
v 0.7 2.5 -0.6
v 0.7 3.6 -0.6
v 0.7 4.1 -0.6
v 0.8 3.2 -0.6
v 0.8 3.3 -0.6
v 0.9 2.4 -0.6
v 0.9 2.5 -0.6
v 0.9 2.6 -0.6
v 0.9 3.2 -0.6
v 0.9 3.3 -0.6
v 1 2.5 -0.6
v 1 2.6 -0.6
v 1 3.1 -0.6
v 1 3.2 -0.6
v 1 3.3 -0.6
v 1.1 3.1 -0.6
v 1.1 3.2 -0.6
v -1.1 2.7 -0.7
v -1.1 3.1 -0.7
v -1 2.6 -0.7
v -1 2.7 -0.7
v -1 3.1 -0.7
v -1 3.2 -0.7
v -0.9 2.6 -0.7
v -0.9 2.7 -0.7
v -0.9 2.9 -0.7
v -0.9 3 -0.7
v -0.9 3.2 -0.7
v -0.8 2.8 -0.7
v -0.8 2.9 -0.7
v -0.8 3 -0.7
v -0.8 3.2 -0.7
v -0.7 2.4 -0.7
v -0.7 2.5 -0.7
v -0.7 2.7 -0.7
v -0.7 2.8 -0.7
v -0.7 2.9 -0.7
v -0.7 3 -0.7
v -0.7 3.1 -0.7
v -0.6 2.4 -0.7
v -0.6 2.5 -0.7
v -0.6 3.1 -0.7
v -0.6 3.2 -0.7
v -0.6 3.3 -0.7
v -0.6 3.4 -0.7
v -0.6 4.2 -0.7
v -0.6 4.6 -0.7
v -0.5 2.6 -0.7
v -0.5 2.7 -0.7
v -0.5 2.8 -0.7
v -0.5 3.3 -0.7
v -0.5 3.4 -0.7
v -0.5 4.1 -0.7
v -0.5 4.2 -0.7
v -0.5 4.3 -0.7
v -0.5 4.6 -0.7
v -0.4 3.2 -0.7
v -0.4 3.3 -0.7
v -0.4 4.1 -0.7
v -0.4 4.3 -0.7
v -0.4 4.4 -0.7
v -0.3 4.3 -0.7
v -0.3 4.4 -0.7
v -0.3 4.5 -0.7
v -0.2 4.4 -0.7
v -0.2 4.5 -0.7
v 0.2 4.4 -0.7
v 0.2 4.5 -0.7
v 0.3 4.3 -0.7
v 0.3 4.4 -0.7
v 0.3 4.5 -0.7
v 0.4 3.2 -0.7
v 0.4 3.3 -0.7
v 0.4 4.1 -0.7
v 0.4 4.3 -0.7
v 0.4 4.4 -0.7
v 0.5 2.6 -0.7
v 0.5 2.7 -0.7
v 0.5 2.8 -0.7
v 0.5 3.3 -0.7
v 0.5 3.4 -0.7
v 0.5 4.1 -0.7
v 0.5 4.2 -0.7
v 0.5 4.3 -0.7
v 0.5 4.6 -0.7
v 0.6 2.4 -0.7
v 0.6 2.5 -0.7
v 0.6 3.1 -0.7
v 0.6 3.2 -0.7
v 0.6 3.3 -0.7
v 0.6 3.4 -0.7
v 0.6 4.2 -0.7
v 0.6 4.6 -0.7
v 0.7 2.4 -0.7
v 0.7 2.5 -0.7
v 0.7 2.7 -0.7
v 0.7 2.8 -0.7
v 0.7 2.9 -0.7
v 0.7 3 -0.7
v 0.7 3.1 -0.7
v 0.8 2.8 -0.7
v 0.8 2.9 -0.7
v 0.8 3 -0.7
v 0.8 3.2 -0.7
v 0.9 2.6 -0.7
v 0.9 2.7 -0.7
v 0.9 2.9 -0.7
v 0.9 3 -0.7
v 0.9 3.2 -0.7
v 1 2.6 -0.7
v 1 2.7 -0.7
v 1 3.1 -0.7
v 1 3.2 -0.7
v 1.1 2.7 -0.7
v 1.1 3.1 -0.7
v -0.9 2.5 -0.8
v -0.9 2.6 -0.8
v -0.9 2.9 -0.8
v -0.8 2.8 -0.8
v -0.8 2.9 -0.8
v -0.8 3 -0.8
v -0.7 2.7 -0.8
v -0.7 2.8 -0.8
v -0.7 2.9 -0.8
v -0.7 3 -0.8
v -0.7 3.1 -0.8
v -0.6 2.4 -0.8
v -0.6 2.5 -0.8
v -0.6 2.6 -0.8
v -0.6 3.1 -0.8
v -0.6 3.3 -0.8
v -0.5 2.6 -0.8
v -0.5 2.7 -0.8
v -0.5 2.8 -0.8
v -0.5 3.1 -0.8
v -0.5 3.3 -0.8
v -0.5 3.9 -0.8
v -0.5 4.1 -0.8
v -0.4 2.8 -0.8
v -0.4 3.1 -0.8
v -0.4 3.2 -0.8
v -0.4 3.9 -0.8
v -0.4 4.1 -0.8
v -0.4 4.3 -0.8
v -0.3 4.1 -0.8
v -0.3 4.3 -0.8
v -0.3 4.4 -0.8
v -0.2 4.3 -0.8
v -0.2 4.4 -0.8
v -0.2 4.5 -0.8
v 0.2 4.3 -0.8
v 0.2 4.4 -0.8
v 0.2 4.5 -0.8
v 0.3 4.1 -0.8
v 0.3 4.3 -0.8
v 0.3 4.4 -0.8
v 0.4 2.8 -0.8
v 0.4 3.1 -0.8
v 0.4 3.2 -0.8
v 0.4 3.9 -0.8
v 0.4 4.1 -0.8
v 0.4 4.3 -0.8
v 0.5 2.6 -0.8
v 0.5 2.7 -0.8
v 0.5 2.8 -0.8
v 0.5 3.1 -0.8
v 0.5 3.3 -0.8
v 0.5 3.9 -0.8
v 0.5 4.1 -0.8
v 0.6 2.4 -0.8
v 0.6 2.5 -0.8
v 0.6 2.6 -0.8
v 0.6 3.1 -0.8
v 0.6 3.3 -0.8
v 0.7 2.7 -0.8
v 0.7 2.8 -0.8
v 0.7 2.9 -0.8
v 0.7 3 -0.8
v 0.7 3.1 -0.8
v 0.8 2.8 -0.8
v 0.8 2.9 -0.8
v 0.8 3 -0.8
v 0.9 2.5 -0.8
v 0.9 2.6 -0.8
v 0.9 2.9 -0.8
v -0.5 2.8 -0.9
v -0.5 3.1 -0.9
v -0.5 3.9 -0.9
v -0.4 2.8 -0.9
v -0.4 2.9 -0.9
v -0.4 3.1 -0.9
v -0.4 3.8 -0.9
v -0.4 3.9 -0.9
v -0.4 4.1 -0.9
v -0.3 3.8 -0.9
v -0.3 4 -0.9
v -0.3 4.1 -0.9
v -0.3 4.3 -0.9
v -0.2 4 -0.9
v -0.2 4.3 -0.9
v -0.2 4.4 -0.9
v 0.2 4 -0.9
v 0.2 4.3 -0.9
v 0.2 4.4 -0.9
v 0.3 3.8 -0.9
v 0.3 4 -0.9
v 0.3 4.1 -0.9
v 0.3 4.3 -0.9
v 0.4 2.8 -0.9
v 0.4 2.9 -0.9
v 0.4 3.1 -0.9
v 0.4 3.8 -0.9
v 0.4 3.9 -0.9
v 0.4 4.1 -0.9
v 0.5 2.8 -0.9
v 0.5 3.1 -0.9
v 0.5 3.9 -0.9
v -0.4 2.8 -1
v -0.4 2.9 -1
v -0.4 3.8 -1
v -0.3 2.8 -1
v -0.3 2.9 -1
v -0.3 3.8 -1
v -0.3 4 -1
v -0.2 3.8 -1
v -0.2 4 -1
v -0.2 4.1 -1
v -0.2 4.3 -1
v 0.2 3.8 -1
v 0.2 4 -1
v 0.2 4.1 -1
v 0.2 4.3 -1
v 0.3 2.8 -1
v 0.3 2.9 -1
v 0.3 3.8 -1
v 0.3 4 -1
v 0.4 2.8 -1
v 0.4 2.9 -1
v 0.4 3.8 -1
v -0.3 2.8 -1.1
v -0.3 2.9 -1.1
v -0.3 3.8 -1.1
v -0.2 3.8 -1.1
v -0.2 4.1 -1.1
v 0.2 3.8 -1.1
v 0.2 4.1 -1.1
v 0.3 2.8 -1.1
v 0.3 2.9 -1.1
v 0.3 3.8 -1.1
v -0.3 1.5 0.7
v -0.1 1.5 0.7
v 0.1 1.5 0.7
v 0.3 1.5 0.7
v -0.3 1.5 0.6
v -0.1 1.5 0.6
v 0.1 1.5 0.6
v 0.3 1.5 0.6
v -0.4 1.6 0.7
v -0.3 1.6 0.7
v 0.3 1.6 0.7
v 0.4 1.6 0.7
v -0.4 1.6 0.6
v -0.3 1.6 0.6
v 0.3 1.6 0.6
v 0.4 1.6 0.6
v -0.4 1.6 0.5
v 0.4 1.6 0.5
v -0.4 1.6 0.4
v 0.4 1.6 0.4
v -0.5 1.7 0.5
v -0.4 1.7 0.5
v 0.4 1.7 0.5
v 0.5 1.7 0.5
v -0.4 1.7 0.4
v 0.4 1.7 0.4
v -0.5 1.7 0.3
v -0.4 1.7 0.3
v 0.4 1.7 0.3
v 0.5 1.7 0.3
v -0.4 1.7 0.2
v 0.4 1.7 0.2
v -0.6 1.8 0.4
v -0.5 1.8 0.4
v 0.5 1.8 0.4
v 0.6 1.8 0.4
v -0.5 1.8 0.3
v -0.4 1.8 0.3
v 0.4 1.8 0.3
v 0.5 1.8 0.3
v -0.6 1.8 0.2
v -0.5 1.8 0.2
v -0.4 1.8 0.2
v 0.4 1.8 0.2
v 0.5 1.8 0.2
v 0.6 1.8 0.2
v -0.5 1.8 0.1
v 0.5 1.8 0.1
v -0.5 1.9 0.7
v -0.4 1.9 0.7
v 0.4 1.9 0.7
v 0.5 1.9 0.7
v -0.5 1.9 0.6
v -0.4 1.9 0.6
v 0.4 1.9 0.6
v 0.5 1.9 0.6
v -0.6 1.9 0.5
v -0.5 1.9 0.5
v 0.5 1.9 0.5
v 0.6 1.9 0.5
v -0.6 1.9 0.4
v -0.5 1.9 0.4
v 0.5 1.9 0.4
v 0.6 1.9 0.4
v -0.6 1.9 0.2
v -0.5 1.9 0.2
v 0.5 1.9 0.2
v 0.6 1.9 0.2
v -0.5 1.9 0.1
v 0.5 1.9 0.1
v -0.6 1.9 -0.0999999
v 0.6 1.9 -0.0999999
v -0.7 2 0.4
v -0.6 2 0.4
v 0.6 2 0.4
v 0.7 2 0.4
v -0.7 2 -0.0999999
v -0.6 2 -0.0999999
v 0.6 2 -0.0999999
v 0.7 2 -0.0999999
v -0.6 2 -0.2
v 0.6 2 -0.2
v -0.7 2.1 0.5
v -0.6 2.1 0.5
v 0.6 2.1 0.5
v 0.7 2.1 0.5
v -0.7 2.1 0.4
v -0.6 2.1 0.4
v 0.6 2.1 0.4
v 0.7 2.1 0.4
v -0.7 2.1 -0.0999999
v -0.6 2.1 -0.0999999
v 0.6 2.1 -0.0999999
v 0.7 2.1 -0.0999999
v -0.7 2.1 -0.2
v -0.6 2.1 -0.2
v 0.6 2.1 -0.2
v 0.7 2.1 -0.2
v -0.6 2.1 -0.3
v 0.6 2.1 -0.3
v -0.9 2.2 0.4
v -0.7 2.2 0.4
v 0.7 2.2 0.4
v 0.9 2.2 0.4
v -0.7 2.2 -0.2
v -0.6 2.2 -0.2
v 0.6 2.2 -0.2
v 0.7 2.2 -0.2
v -0.6 2.2 -0.3
v 0.6 2.2 -0.3
v -0.9 2.2 -0.4
v -0.7 2.2 -0.4
v 0.7 2.2 -0.4
v 0.9 2.2 -0.4
v -0.7 2.2 -0.5
v 0.7 2.2 -0.5
v -0.9 2.3 0.5
v -0.7 2.3 0.5
v 0.7 2.3 0.5
v 0.9 2.3 0.5
v -0.9 2.3 0.4
v -0.7 2.3 0.4
v 0.7 2.3 0.4
v 0.9 2.3 0.4
v -0.9 2.3 -0.4
v -0.7 2.3 -0.4
v 0.7 2.3 -0.4
v 0.9 2.3 -0.4
v -0.9 2.3 -0.5
v -0.7 2.3 -0.5
v 0.7 2.3 -0.5
v 0.9 2.3 -0.5
v -0.7 2.3 -0.6
v 0.7 2.3 -0.6
v -0.6 2.4 0.7
v -0.5 2.4 0.7
v 0.5 2.4 0.7
v 0.6 2.4 0.7
v -0.6 2.4 0.6
v -0.5 2.4 0.6
v 0.5 2.4 0.6
v 0.6 2.4 0.6
v -1 2.4 0.4
v -0.9 2.4 0.4
v 0.9 2.4 0.4
v 1 2.4 0.4
v -1 2.4 -0.5
v -0.9 2.4 -0.5
v -0.7 2.4 -0.5
v 0.7 2.4 -0.5
v 0.9 2.4 -0.5
v 1 2.4 -0.5
v -0.9 2.4 -0.6
v -0.7 2.4 -0.6
v 0.7 2.4 -0.6
v 0.9 2.4 -0.6
v -0.7 2.4 -0.7
v -0.6 2.4 -0.7
v 0.6 2.4 -0.7
v 0.7 2.4 -0.7
v -0.6 2.4 -0.8
v 0.6 2.4 -0.8
v -0.2 2.5 0.7
v -0.1 2.5 0.7
v 0.1 2.5 0.7
v 0.2 2.5 0.7
v -0.2 2.5 0.6
v -0.1 2.5 0.6
v 0.1 2.5 0.6
v 0.2 2.5 0.6
v -1 2.5 0.5
v -0.9 2.5 0.5
v 0.9 2.5 0.5
v 1 2.5 0.5
v -1 2.5 0.4
v -0.9 2.5 0.4
v 0.9 2.5 0.4
v 1 2.5 0.4
v -1 2.5 -0.5
v -0.9 2.5 -0.5
v 0.9 2.5 -0.5
v 1 2.5 -0.5
v -1 2.5 -0.6
v -0.9 2.5 -0.6
v -0.7 2.5 -0.6
v 0.7 2.5 -0.6
v 0.9 2.5 -0.6
v 1 2.5 -0.6
v -0.9 2.5 -0.7
v -0.7 2.5 -0.7
v -0.6 2.5 -0.7
v 0.6 2.5 -0.7
v 0.7 2.5 -0.7
v 0.9 2.5 -0.7
v -0.9 2.5 -0.8
v -0.6 2.5 -0.8
v 0.6 2.5 -0.8
v 0.9 2.5 -0.8
v -1 2.6 -0.6
v -0.9 2.6 -0.6
v 0.9 2.6 -0.6
v 1 2.6 -0.6
v -1 2.6 -0.7
v -0.9 2.6 -0.7
v 0.9 2.6 -0.7
v 1 2.6 -0.7
v -0.7 2.7 0.7
v -0.6 2.7 0.7
v -0.3 2.7 0.7
v -0.2 2.7 0.7
v 0.2 2.7 0.7
v 0.3 2.7 0.7
v 0.6 2.7 0.7
v 0.7 2.7 0.7
v -0.7 2.7 0.6
v -0.6 2.7 0.6
v -0.3 2.7 0.6
v -0.2 2.7 0.6
v 0.2 2.7 0.6
v 0.3 2.7 0.6
v 0.6 2.7 0.6
v 0.7 2.7 0.6
v -1.1 2.7 -0.6
v -1 2.7 -0.6
v 1 2.7 -0.6
v 1.1 2.7 -0.6
v -1.1 2.7 -0.7
v -1 2.7 -0.7
v -0.5 2.7 -0.7
v 0.5 2.7 -0.7
v 1 2.7 -0.7
v 1.1 2.7 -0.7
v -0.5 2.7 -0.8
v 0.5 2.7 -0.8
v -0.9 2.8 0.6
v -0.7 2.8 0.6
v -0.6 2.8 0.6
v -0.5 2.8 0.6
v -0.4 2.8 0.6
v -0.3 2.8 0.6
v -0.1 2.8 0.6
v 0.1 2.8 0.6
v 0.3 2.8 0.6
v 0.4 2.8 0.6
v 0.5 2.8 0.6
v 0.6 2.8 0.6
v 0.7 2.8 0.6
v 0.9 2.8 0.6
v -0.9 2.8 0.5
v -0.7 2.8 0.5
v -0.5 2.8 0.5
v -0.4 2.8 0.5
v -0.1 2.8 0.5
v 0.1 2.8 0.5
v 0.4 2.8 0.5
v 0.5 2.8 0.5
v 0.7 2.8 0.5
v 0.9 2.8 0.5
v -0.7 2.8 -0.7
v -0.5 2.8 -0.7
v 0.5 2.8 -0.7
v 0.7 2.8 -0.7
v -0.7 2.8 -0.8
v -0.5 2.8 -0.8
v -0.4 2.8 -0.8
v 0.4 2.8 -0.8
v 0.5 2.8 -0.8
v 0.7 2.8 -0.8
v -0.5 2.8 -0.9
v -0.4 2.8 -0.9
v -0.3 2.8 -0.9
v 0.3 2.8 -0.9
v 0.4 2.8 -0.9
v 0.5 2.8 -0.9
v -0.4 2.8 -1
v -0.3 2.8 -1
v 0.3 2.8 -1
v 0.4 2.8 -1
v -0.3 2.8 -1.1
v 0.3 2.8 -1.1
v -0.7 2.9 0.7
v -0.5 2.9 0.7
v 0.5 2.9 0.7
v 0.7 2.9 0.7
v -1 2.9 0.6
v -0.9 2.9 0.6
v -0.7 2.9 0.6
v -0.5 2.9 0.6
v -0.4 2.9 0.6
v 0.4 2.9 0.6
v 0.5 2.9 0.6
v 0.7 2.9 0.6
v 0.9 2.9 0.6
v 1 2.9 0.6
v -1 2.9 0.5
v -0.9 2.9 0.5
v -0.5 2.9 0.5
v -0.4 2.9 0.5
v 0.4 2.9 0.5
v 0.5 2.9 0.5
v 0.9 2.9 0.5
v 1 2.9 0.5
v -0.8 2.9 -0.7
v -0.7 2.9 -0.7
v 0.7 2.9 -0.7
v 0.8 2.9 -0.7
v -0.8 2.9 -0.8
v -0.7 2.9 -0.8
v 0.7 2.9 -0.8
v 0.8 2.9 -0.8
v -0.3 2.9 -0.9
v 0.3 2.9 -0.9
v -0.3 2.9 -1
v 0.3 2.9 -1
v -0.6 3 0.6
v -0.5 3 0.6
v 0.5 3 0.6
v 0.6 3 0.6
v -1.1 3 0.5
v -1 3 0.5
v -0.6 3 0.5
v -0.5 3 0.5
v 0.5 3 0.5
v 0.6 3 0.5
v 1 3 0.5
v 1.1 3 0.5
v -1.1 3 0.4
v -1 3 0.4
v 1 3 0.4
v 1.1 3 0.4
v -0.7 3.1 0.6
v -0.6 3.1 0.6
v 0.6 3.1 0.6
v 0.7 3.1 0.6
v -0.7 3.1 0.5
v -0.6 3.1 0.5
v 0.6 3.1 0.5
v 0.7 3.1 0.5
v -1.1 3.1 0.4
v -1 3.1 0.4
v 1 3.1 0.4
v 1.1 3.1 0.4
v -1.1 3.1 0.3
v -1 3.1 0.3
v 1 3.1 0.3
v 1.1 3.1 0.3
v -1.1 3.1 -0.5
v -1 3.1 -0.5
v 1 3.1 -0.5
v 1.1 3.1 -0.5
v -1.1 3.1 -0.6
v -1 3.1 -0.6
v 1 3.1 -0.6
v 1.1 3.1 -0.6
v -1.1 3.2 0.3
v -1 3.2 0.3
v 1 3.2 0.3
v 1.1 3.2 0.3
v -1.1 3.2 -0.5
v -1 3.2 -0.5
v 1 3.2 -0.5
v 1.1 3.2 -0.5
v -0.6 3.3 -0.6
v -0.5 3.3 -0.6
v 0.5 3.3 -0.6
v 0.6 3.3 -0.6
v -0.6 3.3 -0.7
v -0.5 3.3 -0.7
v 0.5 3.3 -0.7
v 0.6 3.3 -0.7
v -0.2 3.4 0.6
v 0.2 3.4 0.6
v -0.2 3.4 0.2
v 0.2 3.4 0.2
v -0.2 3.5 1
v 0.2 3.5 1
v -0.3 3.5 0.6
v -0.2 3.5 0.6
v 0.2 3.5 0.6
v 0.3 3.5 0.6
v -0.3 3.5 0.4
v -0.2 3.5 0.4
v 0.2 3.5 0.4
v 0.3 3.5 0.4
v -0.3 3.5 0.3
v -0.2 3.5 0.3
v 0.2 3.5 0.3
v 0.3 3.5 0.3
v -0.3 3.5 0.2
v -0.2 3.5 0.2
v 0.2 3.5 0.2
v 0.3 3.5 0.2
v -0.4 3.5 1.19209e-07
v -0.3 3.5 1.19209e-07
v 0.3 3.5 1.19209e-07
v 0.4 3.5 1.19209e-07
v -0.7 3.5 -0.4
v -0.6 3.5 -0.4
v -0.4 3.5 -0.4
v -0.3 3.5 -0.4
v -0.2 3.5 -0.4
v 0.2 3.5 -0.4
v 0.3 3.5 -0.4
v 0.4 3.5 -0.4
v 0.6 3.5 -0.4
v 0.7 3.5 -0.4
v -0.7 3.5 -0.5
v -0.6 3.5 -0.5
v -0.3 3.5 -0.5
v -0.2 3.5 -0.5
v 0.2 3.5 -0.5
v 0.3 3.5 -0.5
v 0.6 3.5 -0.5
v 0.7 3.5 -0.5
v -0.2 3.5 -0.6
v 0.2 3.5 -0.6
v -0.2 3.6 1.2
v 0.2 3.6 1.2
v -0.2 3.6 1
v 0.2 3.6 1
v -0.3 3.6 0.8
v -0.2 3.6 0.8
v 0.2 3.6 0.8
v 0.3 3.6 0.8
v -0.3 3.6 0.6
v -0.2 3.6 0.6
v 0.2 3.6 0.6
v 0.3 3.6 0.6
v -0.4 3.6 0.2
v -0.3 3.6 0.2
v 0.3 3.6 0.2
v 0.4 3.6 0.2
v -0.5 3.6 1.19209e-07
v -0.4 3.6 1.19209e-07
v -0.3 3.6 1.19209e-07
v 0.3 3.6 1.19209e-07
v 0.4 3.6 1.19209e-07
v 0.5 3.6 1.19209e-07
v -0.5 3.6 -0.4
v -0.4 3.6 -0.4
v -0.3 3.6 -0.4
v 0.3 3.6 -0.4
v 0.4 3.6 -0.4
v 0.5 3.6 -0.4
v -0.7 3.6 -0.5
v -0.6 3.6 -0.5
v -0.4 3.6 -0.5
v -0.3 3.6 -0.5
v -0.2 3.6 -0.5
v 0.2 3.6 -0.5
v 0.3 3.6 -0.5
v 0.4 3.6 -0.5
v 0.6 3.6 -0.5
v 0.7 3.6 -0.5
v -0.7 3.6 -0.6
v -0.6 3.6 -0.6
v -0.3 3.6 -0.6
v -0.2 3.6 -0.6
v 0.2 3.6 -0.6
v 0.3 3.6 -0.6
v 0.6 3.6 -0.6
v 0.7 3.6 -0.6
v -0.2 3.6 -0.7
v 0.2 3.6 -0.7
v -0.2 3.6 -0.9
v 0.2 3.6 -0.9
v -0.1 3.7 1.3
v 0.1 3.7 1.3
v -0.1 3.7 1.2
v 0.1 3.7 1.2
v -0.3 3.7 0.9
v -0.2 3.7 0.9
v 0.2 3.7 0.9
v 0.3 3.7 0.9
v -0.3 3.7 0.8
v -0.2 3.7 0.8
v 0.2 3.7 0.8
v 0.3 3.7 0.8
v -0.4 3.7 0.3
v -0.3 3.7 0.3
v 0.3 3.7 0.3
v 0.4 3.7 0.3
v -0.4 3.7 0.2
v -0.3 3.7 0.2
v 0.3 3.7 0.2
v 0.4 3.7 0.2
v -0.5 3.7 0.1
v -0.4 3.7 0.1
v 0.4 3.7 0.1
v 0.5 3.7 0.1
v -0.5 3.7 1.19209e-07
v -0.4 3.7 1.19209e-07
v 0.4 3.7 1.19209e-07
v 0.5 3.7 1.19209e-07
v -0.5 3.7 -0.4
v -0.4 3.7 -0.4
v 0.4 3.7 -0.4
v 0.5 3.7 -0.4
v -0.5 3.7 -0.5
v -0.4 3.7 -0.5
v -0.3 3.7 -0.5
v 0.3 3.7 -0.5
v 0.4 3.7 -0.5
v 0.5 3.7 -0.5
v -0.4 3.7 -0.6
v -0.3 3.7 -0.6
v -0.2 3.7 -0.6
v 0.2 3.7 -0.6
v 0.3 3.7 -0.6
v 0.4 3.7 -0.6
v -0.3 3.7 -0.7
v -0.2 3.7 -0.7
v 0.2 3.7 -0.7
v 0.3 3.7 -0.7
v -0.4 3.7 -0.9
v -0.2 3.7 -0.9
v 0.2 3.7 -0.9
v 0.4 3.7 -0.9
v -0.2 3.8 1.3
v -0.1 3.8 1.3
v 0.1 3.8 1.3
v 0.2 3.8 1.3
v -0.2 3.8 1.2
v -0.1 3.8 1.2
v 0.1 3.8 1.2
v 0.2 3.8 1.2
v -0.3 3.8 1
v -0.2 3.8 1
v 0.2 3.8 1
v 0.3 3.8 1
v -0.3 3.8 0.9
v -0.2 3.8 0.9
v 0.2 3.8 0.9
v 0.3 3.8 0.9
v -0.4 3.8 0.6
v -0.3 3.8 0.6
v 0.3 3.8 0.6
v 0.4 3.8 0.6
v -0.4 3.8 0.4
v -0.3 3.8 0.4
v 0.3 3.8 0.4
v 0.4 3.8 0.4
v -0.2 4 0.4
v 0.2 4 0.4
v -0.2 4 0.3
v 0.2 4 0.3
v -0.6 4 -0.2
v -0.5 4 -0.2
v 0.5 4 -0.2
v 0.6 4 -0.2
v -0.6 4 -0.3
v -0.5 4 -0.3
v 0.5 4 -0.3
v 0.6 4 -0.3
v -0.2 4.1 0.3
v -0.1 4.1 0.3
v 0.1 4.1 0.3
v 0.2 4.1 0.3
v -0.3 4.1 0.2
v -0.2 4.1 0.2
v 0.2 4.1 0.2
v 0.3 4.1 0.2
v -0.4 4.1 0.1
v -0.3 4.1 0.1
v 0.3 4.1 0.1
v 0.4 4.1 0.1
v -0.4 4.1 1.19209e-07
v -0.1 4.1 1.19209e-07
v 0.1 4.1 1.19209e-07
v 0.4 4.1 1.19209e-07
v -0.6 4.1 -0.0999999
v -0.5 4.1 -0.0999999
v 0.5 4.1 -0.0999999
v 0.6 4.1 -0.0999999
v -0.6 4.1 -0.2
v -0.5 4.1 -0.2
v 0.5 4.1 -0.2
v 0.6 4.1 -0.2
v -0.6 4.2 1.19209e-07
v -0.5 4.2 1.19209e-07
v 0.5 4.2 1.19209e-07
v 0.6 4.2 1.19209e-07
v -0.6 4.2 -0.0999999
v -0.5 4.2 -0.0999999
v 0.5 4.2 -0.0999999
v 0.6 4.2 -0.0999999
v -0.6 4.6 -0.0999999
v -0.5 4.6 -0.0999999
v 0.5 4.6 -0.0999999
v 0.6 4.6 -0.0999999
v -0.6 4.6 -0.2
v -0.5 4.6 -0.2
v 0.5 4.6 -0.2
v 0.6 4.6 -0.2
v -0.6 4.6 -0.5
v -0.5 4.6 -0.5
v 0.5 4.6 -0.5
v 0.6 4.6 -0.5
v -0.6 4.6 -0.6
v -0.5 4.6 -0.6
v 0.5 4.6 -0.6
v 0.6 4.6 -0.6
v -0.6 4.9 -0.2
v -0.5 4.9 -0.2
v 0.5 4.9 -0.2
v 0.6 4.9 -0.2
v -0.6 4.9 -0.3
v -0.5 4.9 -0.3
v 0.5 4.9 -0.3
v 0.6 4.9 -0.3
v -0.6 4.9 -0.4
v -0.5 4.9 -0.4
v 0.5 4.9 -0.4
v 0.6 4.9 -0.4
v -0.6 4.9 -0.5
v -0.5 4.9 -0.5
v 0.5 4.9 -0.5
v 0.6 4.9 -0.5
v -0.6 5.2 -0.3
v -0.5 5.2 -0.3
v 0.5 5.2 -0.3
v 0.6 5.2 -0.3
v -0.6 5.2 -0.4
v -0.5 5.2 -0.4
v 0.5 5.2 -0.4
v 0.6 5.2 -0.4
v -0.2 2 0.7
v -0.1 2 0.7
v 0.1 2 0.7
v 0.2 2 0.7
v -0.2 2 0.6
v -0.1 2 0.6
v 0.1 2 0.6
v 0.2 2 0.6
v -0.3 2.5 0.7
v -0.2 2.5 0.7
v 0.2 2.5 0.7
v 0.3 2.5 0.7
v -0.3 2.5 0.6
v -0.2 2.5 0.6
v 0.2 2.5 0.6
v 0.3 2.5 0.6
v -0.5 2.6 -0.7
v 0.5 2.6 -0.7
v -0.5 2.6 -0.8
v 0.5 2.6 -0.8
v -0.4 2.7 0.7
v -0.3 2.7 0.7
v 0.3 2.7 0.7
v 0.4 2.7 0.7
v -0.4 2.7 0.6
v -0.3 2.7 0.6
v 0.3 2.7 0.6
v 0.4 2.7 0.6
v -0.7 2.7 -0.7
v -0.5 2.7 -0.7
v 0.5 2.7 -0.7
v 0.7 2.7 -0.7
v -0.7 2.7 -0.8
v -0.5 2.7 -0.8
v 0.5 2.7 -0.8
v 0.7 2.7 -0.8
v -0.7 2.8 0.7
v -0.6 2.8 0.7
v -0.4 2.8 0.7
v -0.3 2.8 0.7
v -0.1 2.8 0.7
v 0.1 2.8 0.7
v 0.3 2.8 0.7
v 0.4 2.8 0.7
v 0.6 2.8 0.7
v 0.7 2.8 0.7
v -0.7 2.8 0.6
v -0.6 2.8 0.6
v -0.5 2.8 0.6
v -0.4 2.8 0.6
v -0.3 2.8 0.6
v -0.1 2.8 0.6
v 0.1 2.8 0.6
v 0.3 2.8 0.6
v 0.4 2.8 0.6
v 0.5 2.8 0.6
v 0.6 2.8 0.6
v 0.7 2.8 0.6
v -0.8 2.8 -0.7
v -0.7 2.8 -0.7
v 0.7 2.8 -0.7
v 0.8 2.8 -0.7
v -0.8 2.8 -0.8
v -0.7 2.8 -0.8
v 0.7 2.8 -0.8
v 0.8 2.8 -0.8
v -0.6 2.9 0.6
v -0.5 2.9 0.6
v 0.5 2.9 0.6
v 0.6 2.9 0.6
v -0.6 2.9 0.5
v -0.5 2.9 0.5
v 0.5 2.9 0.5
v 0.6 2.9 0.5
v -0.9 2.9 -0.7
v -0.8 2.9 -0.7
v 0.8 2.9 -0.7
v 0.9 2.9 -0.7
v -0.9 2.9 -0.8
v -0.8 2.9 -0.8
v 0.8 2.9 -0.8
v 0.9 2.9 -0.8
v -0.7 3 0.6
v -0.6 3 0.6
v 0.6 3 0.6
v 0.7 3 0.6
v -0.7 3 0.5
v -0.6 3 0.5
v 0.6 3 0.5
v 0.7 3 0.5
v -0.9 3 -0.4
v -0.8 3 -0.4
v 0.8 3 -0.4
v 0.9 3 -0.4
v -0.9 3 -0.6
v 0.9 3 -0.6
v -0.9 3 -0.7
v -0.8 3 -0.7
v -0.7 3 -0.7
v 0.7 3 -0.7
v 0.8 3 -0.7
v 0.9 3 -0.7
v -0.8 3 -0.8
v -0.7 3 -0.8
v 0.7 3 -0.8
v 0.8 3 -0.8
v -0.7 3.1 0.7
v -0.5 3.1 0.7
v 0.5 3.1 0.7
v 0.7 3.1 0.7
v -1 3.1 0.6
v -0.7 3.1 0.6
v -0.5 3.1 0.6
v -0.1 3.1 0.6
v 0.1 3.1 0.6
v 0.5 3.1 0.6
v 0.7 3.1 0.6
v 1 3.1 0.6
v -1.1 3.1 0.5
v -1 3.1 0.5
v -0.8 3.1 0.5
v -0.7 3.1 0.5
v -0.5 3.1 0.5
v -0.1 3.1 0.5
v 0.1 3.1 0.5
v 0.5 3.1 0.5
v 0.7 3.1 0.5
v 0.8 3.1 0.5
v 1 3.1 0.5
v 1.1 3.1 0.5
v -1.1 3.1 0.4
v -1 3.1 0.4
v -0.9 3.1 0.4
v -0.8 3.1 0.4
v -0.7 3.1 0.4
v -0.1 3.1 0.4
v 0.1 3.1 0.4
v 0.7 3.1 0.4
v 0.8 3.1 0.4
v 0.9 3.1 0.4
v 1 3.1 0.4
v 1.1 3.1 0.4
v -0.9 3.1 0.3
v -0.7 3.1 0.3
v 0.7 3.1 0.3
v 0.9 3.1 0.3
v -1.1 3.1 -0.6
v -1 3.1 -0.6
v 1 3.1 -0.6
v 1.1 3.1 -0.6
v -1.1 3.1 -0.7
v -1 3.1 -0.7
v -0.7 3.1 -0.7
v -0.6 3.1 -0.7
v 0.6 3.1 -0.7
v 0.7 3.1 -0.7
v 1 3.1 -0.7
v 1.1 3.1 -0.7
v -0.7 3.1 -0.8
v -0.6 3.1 -0.8
v 0.6 3.1 -0.8
v 0.7 3.1 -0.8
v -0.7 3.2 0.6
v -0.5 3.2 0.6
v 0.5 3.2 0.6
v 0.7 3.2 0.6
v -1 3.2 0.5
v -0.8 3.2 0.5
v -0.7 3.2 0.5
v -0.5 3.2 0.5
v -0.1 3.2 0.5
v 0.1 3.2 0.5
v 0.5 3.2 0.5
v 0.7 3.2 0.5
v 0.8 3.2 0.5
v 1 3.2 0.5
v -1.1 3.2 0.4
v -1 3.2 0.4
v -0.9 3.2 0.4
v -0.8 3.2 0.4
v -0.5 3.2 0.4
v -0.1 3.2 0.4
v 0.1 3.2 0.4
v 0.5 3.2 0.4
v 0.8 3.2 0.4
v 0.9 3.2 0.4
v 1 3.2 0.4
v 1.1 3.2 0.4
v -1.1 3.2 0.3
v -1 3.2 0.3
v -0.9 3.2 0.3
v -0.8 3.2 0.3
v -0.1 3.2 0.3
v 0.1 3.2 0.3
v 0.8 3.2 0.3
v 0.9 3.2 0.3
v 1 3.2 0.3
v 1.1 3.2 0.3
v -0.9 3.2 0.1
v 0.9 3.2 0.1
v -0.9 3.2 -0.3
v 0.9 3.2 -0.3
v -0.9 3.2 -0.4
v -0.8 3.2 -0.4
v 0.8 3.2 -0.4
v 0.9 3.2 -0.4
v -1.1 3.2 -0.5
v -1 3.2 -0.5
v 1 3.2 -0.5
v 1.1 3.2 -0.5
v -1.1 3.2 -0.6
v -1 3.2 -0.6
v -0.9 3.2 -0.6
v -0.8 3.2 -0.6
v -0.5 3.2 -0.6
v 0.5 3.2 -0.6
v 0.8 3.2 -0.6
v 0.9 3.2 -0.6
v 1 3.2 -0.6
v 1.1 3.2 -0.6
v -1 3.2 -0.7
v -0.9 3.2 -0.7
v -0.8 3.2 -0.7
v -0.6 3.2 -0.7
v -0.5 3.2 -0.7
v -0.4 3.2 -0.7
v 0.4 3.2 -0.7
v 0.5 3.2 -0.7
v 0.6 3.2 -0.7
v 0.8 3.2 -0.7
v 0.9 3.2 -0.7
v 1 3.2 -0.7
v -0.4 3.2 -0.8
v 0.4 3.2 -0.8
v -0.7 3.3 0.5
v -0.5 3.3 0.5
v 0.5 3.3 0.5
v 0.7 3.3 0.5
v -1 3.3 0.4
v -0.9 3.3 0.4
v -0.7 3.3 0.4
v -0.5 3.3 0.4
v -0.1 3.3 0.4
v 0.1 3.3 0.4
v 0.5 3.3 0.4
v 0.7 3.3 0.4
v 0.9 3.3 0.4
v 1 3.3 0.4
v -1.1 3.3 0.3
v -1 3.3 0.3
v -0.8 3.3 0.3
v -0.7 3.3 0.3
v -0.1 3.3 0.3
v 0.1 3.3 0.3
v 0.7 3.3 0.3
v 0.8 3.3 0.3
v 1 3.3 0.3
v 1.1 3.3 0.3
v -0.8 3.3 0.2
v -0.7 3.3 0.2
v -0.5 3.3 0.2
v -0.2 3.3 0.2
v -0.1 3.3 0.2
v 0.1 3.3 0.2
v 0.2 3.3 0.2
v 0.5 3.3 0.2
v 0.7 3.3 0.2
v 0.8 3.3 0.2
v -1 3.3 0.1
v -0.9 3.3 0.1
v 0.9 3.3 0.1
v 1 3.3 0.1
v -1 3.3 -0.3
v -0.9 3.3 -0.3
v 0.9 3.3 -0.3
v 1 3.3 -0.3
v -0.8 3.3 -0.4
v -0.6 3.3 -0.4
v 0.6 3.3 -0.4
v 0.8 3.3 -0.4
v -1.1 3.3 -0.5
v -1 3.3 -0.5
v -0.6 3.3 -0.5
v -0.4 3.3 -0.5
v 0.4 3.3 -0.5
v 0.6 3.3 -0.5
v 1 3.3 -0.5
v 1.1 3.3 -0.5
v -1 3.3 -0.6
v -0.9 3.3 -0.6
v -0.8 3.3 -0.6
v -0.6 3.3 -0.6
v 0.6 3.3 -0.6
v 0.8 3.3 -0.6
v 0.9 3.3 -0.6
v 1 3.3 -0.6
v -0.6 3.3 -0.7
v -0.5 3.3 -0.7
v -0.4 3.3 -0.7
v 0.4 3.3 -0.7
v 0.5 3.3 -0.7
v 0.6 3.3 -0.7
v -0.6 3.3 -0.8
v -0.5 3.3 -0.8
v 0.5 3.3 -0.8
v 0.6 3.3 -0.8
v -0.7 3.4 0.4
v -0.5 3.4 0.4
v 0.5 3.4 0.4
v 0.7 3.4 0.4
v -0.8 3.4 0.2
v -0.7 3.4 0.2
v -0.5 3.4 0.2
v -0.3 3.4 0.2
v 0.3 3.4 0.2
v 0.5 3.4 0.2
v 0.7 3.4 0.2
v 0.8 3.4 0.2
v -1 3.4 0.1
v -0.9 3.4 0.1
v -0.4 3.4 0.1
v -0.3 3.4 0.1
v 0.3 3.4 0.1
v 0.4 3.4 0.1
v 0.9 3.4 0.1
v 1 3.4 0.1
v -1 3.4 -0.3
v -0.9 3.4 -0.3
v -0.4 3.4 -0.3
v -0.3 3.4 -0.3
v 0.3 3.4 -0.3
v 0.4 3.4 -0.3
v 0.9 3.4 -0.3
v 1 3.4 -0.3
v -0.8 3.4 -0.4
v -0.7 3.4 -0.4
v -0.3 3.4 -0.4
v -0.2 3.4 -0.4
v 0.2 3.4 -0.4
v 0.3 3.4 -0.4
v 0.7 3.4 -0.4
v 0.8 3.4 -0.4
v -0.5 3.4 -0.5
v -0.4 3.4 -0.5
v -0.2 3.4 -0.5
v 0.2 3.4 -0.5
v 0.4 3.4 -0.5
v 0.5 3.4 -0.5
v -0.7 3.5 0.2
v -0.5 3.5 0.2
v 0.5 3.5 0.2
v 0.7 3.5 0.2
v -0.6 3.5 1.19209e-07
v -0.5 3.5 1.19209e-07
v 0.5 3.5 1.19209e-07
v 0.6 3.5 1.19209e-07
v -0.7 3.5 -0.2
v -0.6 3.5 -0.2
v 0.6 3.5 -0.2
v 0.7 3.5 -0.2
v -0.6 3.6 1.19209e-07
v -0.5 3.6 1.19209e-07
v 0.5 3.6 1.19209e-07
v 0.6 3.6 1.19209e-07
v -0.7 3.6 -0.2
v -0.6 3.6 -0.2
v -0.5 3.6 -0.2
v 0.5 3.6 -0.2
v 0.6 3.6 -0.2
v 0.7 3.6 -0.2
v -0.7 3.6 -0.3
v -0.6 3.6 -0.3
v 0.6 3.6 -0.3
v 0.7 3.6 -0.3
v -0.6 3.8 -0.2
v -0.5 3.8 -0.2
v 0.5 3.8 -0.2
v 0.6 3.8 -0.2
v -0.7 3.8 -0.3
v -0.6 3.8 -0.3
v -0.5 3.8 -0.3
v 0.5 3.8 -0.3
v 0.6 3.8 -0.3
v 0.7 3.8 -0.3
v -0.7 3.8 -0.4
v -0.6 3.8 -0.4
v 0.6 3.8 -0.4
v 0.7 3.8 -0.4
v -0.4 3.8 -0.9
v -0.3 3.8 -0.9
v 0.3 3.8 -0.9
v 0.4 3.8 -0.9
v -0.4 3.8 -1
v -0.3 3.8 -1
v -0.2 3.8 -1
v 0.2 3.8 -1
v 0.3 3.8 -1
v 0.4 3.8 -1
v -0.3 3.8 -1.1
v -0.2 3.8 -1.1
v 0.2 3.8 -1.1
v 0.3 3.8 -1.1
v -0.2 3.9 0.4
v 0.2 3.9 0.4
v -0.4 3.9 0.3
v -0.2 3.9 0.3
v 0.2 3.9 0.3
v 0.4 3.9 0.3
v -0.4 3.9 0.1
v 0.4 3.9 0.1
v -0.5 3.9 -0.8
v -0.4 3.9 -0.8
v 0.4 3.9 -0.8
v 0.5 3.9 -0.8
v -0.5 3.9 -0.9
v -0.4 3.9 -0.9
v 0.4 3.9 -0.9
v 0.5 3.9 -0.9
v -0.2 4 1.3
v 0.2 4 1.3
v -0.3 4 1
v -0.2 4 1
v 0.2 4 1
v 0.3 4 1
v -0.2 4 0.7
v 0.2 4 0.7
v -0.4 4 0.6
v -0.3 4 0.6
v 0.3 4 0.6
v 0.4 4 0.6
v -0.4 4 0.4
v -0.2 4 0.4
v 0.2 4 0.4
v 0.4 4 0.4
v -0.5 4 0.1
v 0.5 4 0.1
v -0.5 4 1.19209e-07
v 0.5 4 1.19209e-07
v -0.7 4 -0.4
v -0.6 4 -0.4
v 0.6 4 -0.4
v 0.7 4 -0.4
v -0.7 4 -0.5
v -0.6 4 -0.5
v 0.6 4 -0.5
v 0.7 4 -0.5
v -0.3 4 -0.9
v -0.2 4 -0.9
v 0.2 4 -0.9
v 0.3 4 -0.9
v -0.3 4 -1
v -0.2 4 -1
v 0.2 4 -1
v 0.3 4 -1
v -0.2 4.1 0.7
v 0.2 4.1 0.7
v -0.2 4.1 0.6
v -0.1 4.1 0.6
v 0.1 4.1 0.6
v 0.2 4.1 0.6
v -0.6 4.1 -0.2
v -0.5 4.1 -0.2
v 0.5 4.1 -0.2
v 0.6 4.1 -0.2
v -0.5 4.1 -0.3
v 0.5 4.1 -0.3
v -0.5 4.1 -0.4
v 0.5 4.1 -0.4
v -0.7 4.1 -0.5
v -0.6 4.1 -0.5
v -0.5 4.1 -0.5
v 0.5 4.1 -0.5
v 0.6 4.1 -0.5
v 0.7 4.1 -0.5
v -0.7 4.1 -0.6
v -0.6 4.1 -0.6
v 0.6 4.1 -0.6
v 0.7 4.1 -0.6
v -0.5 4.1 -0.7
v -0.4 4.1 -0.7
v 0.4 4.1 -0.7
v 0.5 4.1 -0.7
v -0.5 4.1 -0.8
v -0.4 4.1 -0.8
v -0.3 4.1 -0.8
v 0.3 4.1 -0.8
v 0.4 4.1 -0.8
v 0.5 4.1 -0.8
v -0.4 4.1 -0.9
v -0.3 4.1 -0.9
v 0.3 4.1 -0.9
v 0.4 4.1 -0.9
v -0.2 4.1 -1
v 0.2 4.1 -1
v -0.2 4.1 -1.1
v 0.2 4.1 -1.1
v -0.2 4.2 0.6
v -0.1 4.2 0.6
v 0.1 4.2 0.6
v 0.2 4.2 0.6
v -0.2 4.2 0.3
v -0.1 4.2 0.3
v 0.1 4.2 0.3
v 0.2 4.2 0.3
v -0.3 4.2 0.2
v -0.2 4.2 0.2
v 0.2 4.2 0.2
v 0.3 4.2 0.2
v -0.4 4.2 0.1
v -0.3 4.2 0.1
v -0.2 4.2 0.1
v 0.2 4.2 0.1
v 0.3 4.2 0.1
v 0.4 4.2 0.1
v -0.5 4.2 1.19209e-07
v -0.4 4.2 1.19209e-07
v -0.3 4.2 1.19209e-07
v 0.3 4.2 1.19209e-07
v 0.4 4.2 1.19209e-07
v 0.5 4.2 1.19209e-07
v -0.6 4.2 -0.0999999
v -0.5 4.2 -0.0999999
v -0.4 4.2 -0.0999999
v 0.4 4.2 -0.0999999
v 0.5 4.2 -0.0999999
v 0.6 4.2 -0.0999999
v -0.6 4.2 -0.2
v -0.5 4.2 -0.2
v 0.5 4.2 -0.2
v 0.6 4.2 -0.2
v -0.6 4.2 -0.5
v -0.5 4.2 -0.5
v 0.5 4.2 -0.5
v 0.6 4.2 -0.5
v -0.6 4.2 -0.6
v -0.5 4.2 -0.6
v 0.5 4.2 -0.6
v 0.6 4.2 -0.6
v -0.2 4.3 0.3
v 0.2 4.3 0.3
v -0.3 4.3 0.1
v -0.2 4.3 0.1
v 0.2 4.3 0.1
v 0.3 4.3 0.1
v -0.4 4.3 1.19209e-07
v -0.3 4.3 1.19209e-07
v -0.2 4.3 1.19209e-07
v -0.1 4.3 1.19209e-07
v 0.1 4.3 1.19209e-07
v 0.2 4.3 1.19209e-07
v 0.3 4.3 1.19209e-07
v 0.4 4.3 1.19209e-07
v -0.4 4.3 -0.0999999
v -0.1 4.3 -0.0999999
v 0.1 4.3 -0.0999999
v 0.4 4.3 -0.0999999
v -0.4 4.3 -0.2
v -0.3 4.3 -0.2
v 0.3 4.3 -0.2
v 0.4 4.3 -0.2
v -0.5 4.3 -0.6
v -0.4 4.3 -0.6
v 0.4 4.3 -0.6
v 0.5 4.3 -0.6
v -0.5 4.3 -0.7
v -0.4 4.3 -0.7
v -0.3 4.3 -0.7
v 0.3 4.3 -0.7
v 0.4 4.3 -0.7
v 0.5 4.3 -0.7
v -0.4 4.3 -0.8
v -0.3 4.3 -0.8
v -0.2 4.3 -0.8
v 0.2 4.3 -0.8
v 0.3 4.3 -0.8
v 0.4 4.3 -0.8
v -0.3 4.3 -0.9
v -0.2 4.3 -0.9
v 0.2 4.3 -0.9
v 0.3 4.3 -0.9
v -0.2 4.3 -1
v 0.2 4.3 -1
v -0.2 4.4 0.1
v 0.2 4.4 0.1
v -0.3 4.4 1.19209e-07
v -0.2 4.4 1.19209e-07
v -0.1 4.4 1.19209e-07
v 0.1 4.4 1.19209e-07
v 0.2 4.4 1.19209e-07
v 0.3 4.4 1.19209e-07
v -0.2 4.4 -0.0999999
v -0.1 4.4 -0.0999999
v 0.1 4.4 -0.0999999
v 0.2 4.4 -0.0999999
v -0.3 4.4 -0.2
v -0.2 4.4 -0.2
v 0.2 4.4 -0.2
v 0.3 4.4 -0.2
v -0.1 4.4 -0.3
v 0.1 4.4 -0.3
v -0.4 4.4 -0.5
v -0.3 4.4 -0.5
v 0.3 4.4 -0.5
v 0.4 4.4 -0.5
v -0.4 4.4 -0.6
v -0.3 4.4 -0.6
v 0.3 4.4 -0.6
v 0.4 4.4 -0.6
v -0.4 4.4 -0.7
v -0.3 4.4 -0.7
v -0.2 4.4 -0.7
v 0.2 4.4 -0.7
v 0.3 4.4 -0.7
v 0.4 4.4 -0.7
v -0.3 4.4 -0.8
v -0.2 4.4 -0.8
v 0.2 4.4 -0.8
v 0.3 4.4 -0.8
v -0.2 4.4 -0.9
v 0.2 4.4 -0.9
v -0.2 4.5 -0.0999999
v -0.1 4.5 -0.0999999
v 0.1 4.5 -0.0999999
v 0.2 4.5 -0.0999999
v -0.3 4.5 -0.2
v -0.2 4.5 -0.2
v 0.2 4.5 -0.2
v 0.3 4.5 -0.2
v -0.1 4.5 -0.3
v 0.1 4.5 -0.3
v -0.2 4.5 -0.4
v 0.2 4.5 -0.4
v -0.3 4.5 -0.5
v 0.3 4.5 -0.5
v -0.3 4.5 -0.6
v -0.2 4.5 -0.6
v 0.2 4.5 -0.6
v 0.3 4.5 -0.6
v -0.3 4.5 -0.7
v -0.2 4.5 -0.7
v 0.2 4.5 -0.7
v 0.3 4.5 -0.7
v -0.2 4.5 -0.8
v 0.2 4.5 -0.8
v -0.6 4.6 1.19209e-07
v -0.5 4.6 1.19209e-07
v 0.5 4.6 1.19209e-07
v 0.6 4.6 1.19209e-07
v -0.6 4.6 -0.0999999
v -0.5 4.6 -0.0999999
v -0.4 4.6 -0.0999999
v 0.4 4.6 -0.0999999
v 0.5 4.6 -0.0999999
v 0.6 4.6 -0.0999999
v -0.5 4.6 -0.2
v -0.4 4.6 -0.2
v -0.3 4.6 -0.2
v 0.3 4.6 -0.2
v 0.4 4.6 -0.2
v 0.5 4.6 -0.2
v -0.4 4.6 -0.3
v -0.3 4.6 -0.3
v 0.3 4.6 -0.3
v 0.4 4.6 -0.3
v -0.4 4.6 -0.4
v -0.3 4.6 -0.4
v 0.3 4.6 -0.4
v 0.4 4.6 -0.4
v -0.5 4.6 -0.5
v -0.4 4.6 -0.5
v -0.3 4.6 -0.5
v 0.3 4.6 -0.5
v 0.4 4.6 -0.5
v 0.5 4.6 -0.5
v -0.6 4.6 -0.6
v -0.5 4.6 -0.6
v -0.4 4.6 -0.6
v 0.4 4.6 -0.6
v 0.5 4.6 -0.6
v 0.6 4.6 -0.6
v -0.6 4.6 -0.7
v -0.5 4.6 -0.7
v 0.5 4.6 -0.7
v 0.6 4.6 -0.7
v -0.6 4.9 -0.0999999
v -0.5 4.9 -0.0999999
v 0.5 4.9 -0.0999999
v 0.6 4.9 -0.0999999
v -0.6 4.9 -0.2
v -0.5 4.9 -0.2
v -0.4 4.9 -0.2
v 0.4 4.9 -0.2
v 0.5 4.9 -0.2
v 0.6 4.9 -0.2
v -0.5 4.9 -0.3
v -0.4 4.9 -0.3
v -0.3 4.9 -0.3
v 0.3 4.9 -0.3
v 0.4 4.9 -0.3
v 0.5 4.9 -0.3
v -0.5 4.9 -0.4
v -0.4 4.9 -0.4
v -0.3 4.9 -0.4
v 0.3 4.9 -0.4
v 0.4 4.9 -0.4
v 0.5 4.9 -0.4
v -0.6 4.9 -0.5
v -0.5 4.9 -0.5
v -0.4 4.9 -0.5
v 0.4 4.9 -0.5
v 0.5 4.9 -0.5
v 0.6 4.9 -0.5
v -0.6 4.9 -0.6
v -0.5 4.9 -0.6
v 0.5 4.9 -0.6
v 0.6 4.9 -0.6
v -0.6 5.2 -0.2
v -0.5 5.2 -0.2
v 0.5 5.2 -0.2
v 0.6 5.2 -0.2
v -0.6 5.2 -0.3
v -0.5 5.2 -0.3
v -0.4 5.2 -0.3
v 0.4 5.2 -0.3
v 0.5 5.2 -0.3
v 0.6 5.2 -0.3
v -0.6 5.2 -0.4
v -0.5 5.2 -0.4
v -0.4 5.2 -0.4
v 0.4 5.2 -0.4
v 0.5 5.2 -0.4
v 0.6 5.2 -0.4
v -0.6 5.2 -0.5
v -0.5 5.2 -0.5
v 0.5 5.2 -0.5
v 0.6 5.2 -0.5
v -0.6 5.3 -0.3
v -0.5 5.3 -0.3
v 0.5 5.3 -0.3
v 0.6 5.3 -0.3
v -0.6 5.3 -0.4
v -0.5 5.3 -0.4
v 0.5 5.3 -0.4
v 0.6 5.3 -0.4

# faces
f 5/3/1 4/3/1 3/3/1
f 6/3/1 4/3/1 5/3/1
f 9/3/1 2/3/1 1/3/1
f 10/3/1 2/3/1 9/3/1
f 11/3/1 7/3/1 6/3/1
f 12/3/1 7/3/1 11/3/1
f 13/3/1 9/3/1 8/3/1
f 14/3/1 9/3/1 13/3/1
f 15/3/1 13/3/1 12/3/1
f 16/3/1 13/3/1 15/3/1
f 20/1/1 18/1/1 17/1/1
f 21/1/1 18/1/1 20/1/1
f 23/1/1 20/1/1 19/1/1
f 23/1/1 22/1/1 21/1/1
f 23/1/1 21/1/1 20/1/1
f 25/1/1 23/1/1 19/1/1
f 25/3/1 24/3/1 23/3/1
f 26/3/1 24/3/1 25/3/1
f 28/1/1 25/1/1 19/1/1
f 29/3/1 28/3/1 27/3/1
f 30/1/1 25/1/1 28/1/1
f 30/3/1 28/3/1 29/3/1
f 31/1/1 25/1/1 30/1/1
f 32/4/1 30/4/1 29/4/1
f 33/4/1 30/4/1 32/4/1
f 34/1/1 25/1/1 31/1/1
f 35/1/1 25/1/1 34/1/1
f 36/1/1 25/1/1 35/1/1
f 37/1/1 25/1/1 36/1/1
f 39/4/1 34/4/1 33/4/1
f 40/4/1 34/4/1 39/4/1
f 41/1/1 36/1/1 35/1/1
f 42/1/1 36/1/1 41/1/1
f 43/4/1 38/4/1 37/4/1
f 44/4/1 38/4/1 43/4/1
f 45/4/1 41/4/1 40/4/1
f 46/4/1 41/4/1 45/4/1
f 49/4/1 43/4/1 42/4/1
f 50/4/1 43/4/1 49/4/1
f 51/4/1 48/4/1 47/4/1
f 52/4/1 48/4/1 51/4/1
f 56/1/1 54/1/1 53/1/1
f 57/1/1 54/1/1 56/1/1
f 59/1/1 56/1/1 55/1/1
f 59/1/1 58/1/1 57/1/1
f 59/1/1 57/1/1 56/1/1
f 60/1/1 58/1/1 59/1/1
f 62/1/1 59/1/1 55/1/1
f 63/1/1 59/1/1 62/1/1
f 64/1/1 61/1/1 60/1/1
f 65/1/1 61/1/1 64/1/1
f 68/1/1 66/1/1 65/1/1
f 69/3/1 67/3/1 66/3/1
f 69/1/1 66/1/1 68/1/1
f 70/3/1 67/3/1 69/3/1
f 71/4/1 70/4/1 69/4/1
f 74/3/1 73/3/1 72/3/1
f 75/3/1 73/3/1 74/3/1
f 76/4/1 70/4/1 71/4/1
f 77/4/1 70/4/1 76/4/1
f 81/4/1 79/4/1 78/4/1
f 82/4/1 79/4/1 81/4/1
f 84/4/1 81/4/1 80/4/1
f 85/4/1 81/4/1 84/4/1
f 86/4/1 81/4/1 85/4/1
f 87/4/1 84/4/1 83/4/1
f 87/4/1 85/4/1 84/4/1
f 88/4/1 85/4/1 87/4/1
f 89/4/1 85/4/1 88/4/1
f 90/4/1 85/4/1 89/4/1
f 91/4/1 89/4/1 88/4/1
f 92/4/1 89/4/1 91/4/1
f 96/1/1 94/1/1 93/1/1
f 97/1/1 94/1/1 96/1/1
f 99/1/1 96/1/1 95/1/1
f 99/1/1 98/1/1 97/1/1
f 99/1/1 97/1/1 96/1/1
f 100/1/1 98/1/1 99/1/1
f 103/1/1 99/1/1 95/1/1
f 104/1/1 99/1/1 103/1/1
f 105/1/1 102/1/1 101/1/1
f 106/1/1 102/1/1 105/1/1
f 108/1/1 107/1/1 106/1/1
f 109/1/1 107/1/1 108/1/1
f 111/1/1 110/1/1 109/1/1
f 112/1/1 110/1/1 111/1/1
f 115/3/1 114/3/1 113/3/1
f 116/3/1 114/3/1 115/3/1
f 121/4/1 118/4/1 117/4/1
f 122/4/1 118/4/1 121/4/1
f 123/3/1 120/3/1 119/3/1
f 124/3/1 120/3/1 123/3/1
f 127/2/1 124/2/1 123/2/1
f 128/2/1 124/2/1 127/2/1
f 132/4/1 126/4/1 125/4/1
f 133/4/1 126/4/1 132/4/1
f 134/2/1 129/2/1 128/2/1
f 135/4/1 130/4/1 129/4/1
f 135/2/1 129/2/1 134/2/1
f 136/1/1 131/1/1 130/1/1
f 136/4/1 130/4/1 135/4/1
f 137/1/1 131/1/1 136/1/1
f 138/2/1 136/2/1 135/2/1
f 139/4/1 137/4/1 136/4/1
f 139/2/1 136/2/1 138/2/1
f 140/4/1 137/4/1 139/4/1
f 142/2/1 140/2/1 139/2/1
f 142/2/1 141/2/1 140/2/1
f 143/2/1 141/2/1 142/2/1
f 145/2/1 144/2/1 143/2/1
f 146/2/1 144/2/1 145/2/1
f 147/2/1 144/2/1 146/2/1
f 149/2/1 148/2/1 147/2/1
f 149/2/1 147/2/1 146/2/1
f 150/2/1 148/2/1 149/2/1
f 151/2/1 148/2/1 150/2/1
f 153/2/1 152/2/1 151/2/1
f 153/2/1 151/2/1 150/2/1
f 154/2/1 152/2/1 153/2/1
f 155/2/1 152/2/1 154/2/1
f 156/2/1 152/2/1 155/2/1
f 157/2/1 152/2/1 156/2/1
f 158/2/1 152/2/1 157/2/1
f 162/1/1 160/1/1 159/1/1
f 163/1/1 160/1/1 162/1/1
f 165/1/1 162/1/1 161/1/1
f 165/1/1 164/1/1 163/1/1
f 165/1/1 163/1/1 162/1/1
f 166/1/1 164/1/1 165/1/1
f 168/1/1 165/1/1 161/1/1
f 169/1/1 165/1/1 168/1/1
f 170/1/1 167/1/1 166/1/1
f 171/1/1 167/1/1 170/1/1
f 173/1/1 172/1/1 171/1/1
f 174/1/1 172/1/1 173/1/1
f 179/3/1 178/3/1 177/3/1
f 180/3/1 178/3/1 179/3/1
f 181/3/1 176/3/1 175/3/1
f 182/3/1 176/3/1 181/3/1
f 185/4/1 184/4/1 183/4/1
f 186/4/1 184/4/1 185/4/1
f 189/3/1 188/3/1 187/3/1
f 193/3/1 188/3/1 189/3/1
f 194/3/1 188/3/1 193/3/1
f 195/4/1 191/4/1 190/4/1
f 196/3/1 192/3/1 191/3/1
f 196/4/1 191/4/1 195/4/1
f 196/3/1 193/3/1 192/3/1
f 197/3/1 193/3/1 196/3/1
f 200/2/1 196/2/1 195/2/1
f 200/2/1 197/2/1 196/2/1
f 201/2/1 197/2/1 200/2/1
f 202/2/1 199/2/1 198/2/1
f 203/2/1 199/2/1 202/2/1
f 205/2/1 197/2/1 201/2/1
f 206/2/1 197/2/1 205/2/1
f 207/2/1 204/2/1 203/2/1
f 208/2/1 204/2/1 207/2/1
f 211/2/1 209/2/1 208/2/1
f 212/2/1 209/2/1 211/2/1
f 215/1/1 211/1/1 210/1/1
f 215/1/1 213/1/1 212/1/1
f 215/1/1 212/1/1 211/1/1
f 216/1/1 213/1/1 215/1/1
f 217/2/1 197/2/1 206/2/1
f 219/1/1 215/1/1 214/1/1
f 220/1/1 215/1/1 219/1/1
f 221/1/1 217/1/1 216/1/1
f 222/2/1 197/2/1 217/2/1
f 222/1/1 217/1/1 221/1/1
f 223/2/1 197/2/1 222/2/1
f 224/1/1 219/1/1 218/1/1
f 225/1/1 219/1/1 224/1/1
f 228/1/1 223/1/1 222/1/1
f 229/1/1 223/1/1 228/1/1
f 230/1/1 226/1/1 225/1/1
f 231/1/1 226/1/1 230/1/1
f 234/1/1 228/1/1 227/1/1
f 235/1/1 228/1/1 234/1/1
f 236/1/1 232/1/1 231/1/1
f 237/1/1 232/1/1 236/1/1
f 238/1/1 234/1/1 233/1/1
f 239/1/1 234/1/1 238/1/1
f 240/1/1 238/1/1 237/1/1
f 241/1/1 238/1/1 240/1/1
f 244/1/1 243/1/1 242/1/1
f 245/1/1 243/1/1 244/1/1
f 250/1/1 244/1/1 242/1/1
f 251/1/1 244/1/1 250/1/1
f 252/1/1 247/1/1 246/1/1
f 253/1/1 247/1/1 252/1/1
f 254/3/1 249/3/1 248/3/1
f 255/3/1 249/3/1 254/3/1
f 258/4/1 257/4/1 256/4/1
f 259/4/1 257/4/1 258/4/1
f 263/4/1 262/4/1 261/4/1
f 264/4/1 262/4/1 263/4/1
f 265/3/1 260/3/1 259/3/1
f 266/3/1 260/3/1 265/3/1
f 269/4/1 268/4/1 267/4/1
f 270/4/1 268/4/1 269/4/1
f 271/2/1 266/2/1 265/2/1
f 272/2/1 271/2/1 270/2/1
f 276/1/1 274/1/1 273/1/1
f 277/1/1 274/1/1 276/1/1
f 277/1/1 276/1/1 275/1/1
f 279/2/1 266/2/1 271/2/1
f 279/2/1 271/2/1 272/2/1
f 280/2/1 266/2/1 279/2/1
f 281/1/1 278/1/1 277/1/1
f 281/1/1 277/1/1 275/1/1
f 282/1/1 278/1/1 281/1/1
f 283/1/1 278/1/1 282/1/1
f 284/1/1 278/1/1 283/1/1
f 285/1/1 283/1/1 282/1/1
f 286/1/1 283/1/1 285/1/1
f 290/2/1 279/2/1 272/2/1
f 291/2/1 279/2/1 290/2/1
f 292/1/1 285/1/1 282/1/1
f 293/1/1 285/1/1 292/1/1
f 294/1/1 287/1/1 286/1/1
f 295/3/1 288/3/1 287/3/1
f 295/1/1 287/1/1 294/1/1
f 296/1/1 289/1/1 288/1/1
f 296/3/1 288/3/1 295/3/1
f 297/1/1 289/1/1 296/1/1
f 299/1/1 294/1/1 293/1/1
f 300/3/1 295/3/1 294/3/1
f 300/1/1 294/1/1 299/1/1
f 300/3/1 297/3/1 296/3/1
f 300/3/1 296/3/1 295/3/1
f 301/3/1 297/3/1 300/3/1
f 302/3/1 297/3/1 301/3/1
f 303/1/1 298/1/1 297/1/1
f 303/3/1 297/3/1 302/3/1
f 304/1/1 298/1/1 303/1/1
f 305/1/1 301/1/1 300/1/1
f 306/3/1 302/3/1 301/3/1
f 306/1/1 301/1/1 305/1/1
f 307/1/1 303/1/1 302/1/1
f 307/3/1 302/3/1 306/3/1
f 308/1/1 303/1/1 307/1/1
f 309/1/1 307/1/1 306/1/1
f 310/1/1 307/1/1 309/1/1
f 315/1/1 314/1/1 313/1/1
f 316/1/1 314/1/1 315/1/1
f 319/1/1 318/1/1 317/1/1
f 320/1/1 318/1/1 319/1/1
f 321/3/1 312/3/1 311/3/1
f 322/3/1 312/3/1 321/3/1
f 327/4/1 324/4/1 323/4/1
f 328/4/1 324/4/1 327/4/1
f 329/3/1 326/3/1 325/3/1
f 330/3/1 326/3/1 329/3/1
f 331/2/1 330/2/1 329/2/1
f 335/1/1 333/1/1 332/1/1
f 336/1/1 333/1/1 335/1/1
f 339/1/1 335/1/1 334/1/1
f 340/1/1 335/1/1 339/1/1
f 341/1/1 335/1/1 340/1/1
f 342/1/1 337/1/1 336/1/1
f 343/1/1 337/1/1 342/1/1
f 346/2/1 330/2/1 331/2/1
f 347/2/1 330/2/1 346/2/1
f 348/1/1 339/1/1 338/1/1
f 348/1/1 340/1/1 339/1/1
f 349/1/1 340/1/1 348/1/1
f 352/1/1 345/1/1 344/1/1
f 353/1/1 345/1/1 352/1/1
f 357/2/1 351/2/1 350/2/1
f 358/2/1 351/2/1 357/2/1
f 359/1/1 355/1/1 354/1/1
f 360/1/1 355/1/1 359/1/1
f 362/1/1 361/1/1 360/1/1
f 363/1/1 361/1/1 362/1/1
f 365/2/1 357/2/1 356/2/1
f 366/2/1 357/2/1 365/2/1
f 367/2/1 365/2/1 364/2/1
f 368/2/1 365/2/1 367/2/1
f 371/3/1 370/3/1 369/3/1
f 372/3/1 370/3/1 371/3/1
f 375/4/1 374/4/1 373/4/1
f 376/4/1 374/4/1 375/4/1
f 379/3/1 378/3/1 377/3/1
f 380/3/1 378/3/1 379/3/1
f 388/1/1 382/1/1 381/1/1
f 388/1/1 383/1/1 382/1/1
f 388/1/1 384/1/1 383/1/1
f 389/1/1 384/1/1 388/1/1
f 390/1/1 384/1/1 389/1/1
f 393/1/1 386/1/1 385/1/1
f 394/1/1 388/1/1 387/1/1
f 394/1/1 389/1/1 388/1/1
f 395/1/1 389/1/1 394/1/1
f 396/1/1 391/1/1 390/1/1
f 397/1/1 391/1/1 396/1/1
f 400/1/1 393/1/1 392/1/1
f 401/1/1 394/1/1 387/1/1
f 402/1/1 394/1/1 401/1/1
f 403/1/1 398/1/1 397/1/1
f 404/1/1 398/1/1 403/1/1
f 406/1/1 400/1/1 399/1/1
f 407/1/1 386/1/1 393/1/1
f 407/1/1 393/1/1 400/1/1
f 407/1/1 400/1/1 406/1/1
f 408/1/1 386/1/1 407/1/1
f 410/2/1 380/2/1 379/2/1
f 411/2/1 380/2/1 410/2/1
f 412/1/1 407/1/1 406/1/1
f 412/1/1 406/1/1 405/1/1
f 413/1/1 407/1/1 412/1/1
f 414/2/1 410/2/1 409/2/1
f 415/2/1 410/2/1 414/2/1
f 420/1/1 417/1/1 416/1/1
f 421/1/1 417/1/1 420/1/1
f 423/1/1 422/1/1 421/1/1
f 424/1/1 422/1/1 423/1/1
f 427/2/1 419/2/1 418/2/1
f 428/2/1 419/2/1 427/2/1
f 429/3/1 425/3/1 424/3/1
f 430/3/1 425/3/1 429/3/1
f 433/2/1 427/2/1 426/2/1
f 434/2/1 427/2/1 433/2/1
f 435/3/1 432/3/1 431/3/1
f 436/2/1 433/2/1 432/2/1
f 436/3/1 432/3/1 435/3/1
f 437/2/1 433/2/1 436/2/1
f 440/4/1 439/4/1 438/4/1
f 441/4/1 439/4/1 440/4/1
f 447/1/1 443/1/1 442/1/1
f 448/1/1 443/1/1 447/1/1
f 449/1/1 443/1/1 448/1/1
f 450/1/1 443/1/1 449/1/1
f 451/1/1 445/1/1 444/1/1
f 452/1/1 445/1/1 451/1/1
f 455/1/1 447/1/1 446/1/1
f 456/1/1 447/1/1 455/1/1
f 457/1/1 447/1/1 456/1/1
f 458/1/1 453/1/1 452/1/1
f 459/1/1 453/1/1 458/1/1
f 462/1/1 455/1/1 454/1/1
f 462/1/1 456/1/1 455/1/1
f 463/1/1 456/1/1 462/1/1
f 464/1/1 460/1/1 459/1/1
f 465/2/1 461/2/1 460/2/1
f 465/1/1 460/1/1 464/1/1
f 466/2/1 461/2/1 465/2/1
f 468/1/1 462/1/1 454/1/1
f 469/1/1 462/1/1 468/1/1
f 470/1/1 462/1/1 469/1/1
f 473/1/1 449/1/1 448/1/1
f 474/1/1 449/1/1 473/1/1
f 475/1/1 469/1/1 468/1/1
f 475/1/1 468/1/1 467/1/1
f 476/1/1 469/1/1 475/1/1
f 481/2/1 472/2/1 471/2/1
f 482/1/1 478/1/1 477/1/1
f 482/1/1 479/1/1 478/1/1
f 483/1/1 479/1/1 482/1/1
f 484/1/1 479/1/1 483/1/1
f 486/2/1 481/2/1 480/2/1
f 486/2/1 472/2/1 481/2/1
f 487/2/1 472/2/1 486/2/1
f 488/1/1 485/1/1 484/1/1
f 488/1/1 484/1/1 483/1/1
f 489/1/1 485/1/1 488/1/1
f 490/1/1 485/1/1 489/1/1
f 492/3/1 491/3/1 490/3/1
f 492/3/1 490/3/1 489/3/1
f 493/3/1 491/3/1 492/3/1
f 496/2/1 486/2/1 480/2/1
f 497/2/1 486/2/1 496/2/1
f 498/3/1 494/3/1 493/3/1
f 499/3/1 494/3/1 498/3/1
f 503/2/1 496/2/1 495/2/1
f 504/2/1 496/2/1 503/2/1
f 505/3/1 501/3/1 500/3/1
f 506/3/1 501/3/1 505/3/1
f 507/2/1 503/2/1 502/2/1
f 508/2/1 503/2/1 507/2/1
f 511/1/1 510/1/1 509/1/1
f 512/1/1 510/1/1 511/1/1
f 515/3/1 514/3/1 513/3/1
f 516/3/1 514/3/1 515/3/1
f 517/4/1 516/4/1 515/4/1
f 518/4/1 516/4/1 517/4/1
f 521/4/1 520/4/1 519/4/1
f 522/4/1 520/4/1 521/4/1
f 524/4/1 523/4/1 522/4/1
f 525/4/1 523/4/1 524/4/1
f 527/4/1 526/4/1 525/4/1
f 528/4/1 526/4/1 527/4/1
f 530/4/1 529/4/1 528/4/1
f 531/4/1 529/4/1 530/4/1
f 534/3/1 533/3/1 532/3/1
f 535/3/1 533/3/1 534/3/1
f 537/3/1 536/3/1 535/3/1
f 538/3/1 536/3/1 537/3/1
f 541/4/1 540/4/1 539/4/1
f 542/4/1 540/4/1 541/4/1
f 545/4/1 544/4/1 543/4/1
f 546/4/1 544/4/1 545/4/1
f 549/3/1 548/3/1 547/3/1
f 550/3/1 548/3/1 549/3/1
f 553/1/1 552/1/1 551/1/1
f 554/1/1 552/1/1 553/1/1
f 555/1/1 552/1/1 554/1/1
f 556/1/1 552/1/1 555/1/1
f 557/1/1 555/1/1 554/1/1
f 558/1/1 555/1/1 557/1/1
f 561/4/1 560/4/1 559/4/1
f 562/4/1 560/4/1 561/4/1
f 565/3/1 564/3/1 563/3/1
f 566/3/1 565/3/1 563/3/1
f 567/3/1 565/3/1 566/3/1
f 569/2/1 567/2/1 566/2/1
f 571/2/1 569/2/1 568/2/1
f 572/2/1 571/2/1 570/2/1
f 573/2/1 571/2/1 572/2/1
f 574/2/1 571/2/1 573/2/1
f 575/2/1 571/2/1 574/2/1
f 576/2/1 567/2/1 569/2/1
f 576/2/1 571/2/1 575/2/1
f 576/2/1 569/2/1 571/2/1
f 581/1/1 578/1/1 577/1/1
f 582/1/1 578/1/1 581/1/1
f 585/1/1 580/1/1 579/1/1
f 586/1/1 580/1/1 585/1/1
f 587/1/1 583/1/1 582/1/1
f 588/1/1 583/1/1 587/1/1
f 589/1/1 585/1/1 584/1/1
f 590/1/1 585/1/1 589/1/1
f 591/1/1 589/1/1 588/1/1
f 592/1/1 589/1/1 591/1/1
f 595/4/1 594/4/1 593/4/1
f 596/4/1 594/4/1 595/4/1
f 600/4/1 598/4/1 597/4/1
f 601/4/1 598/4/1 600/4/1
f 602/3/1 600/3/1 599/3/1
f 603/3/1 600/3/1 602/3/1
f 604/2/1 603/2/1 602/2/1
f 605/2/1 603/2/1 604/2/1
f 607/2/1 606/2/1 605/2/1
f 608/2/1 606/2/1 607/2/1
f 610/2/1 609/2/1 608/2/1
f 611/2/1 609/2/1 610/2/1
f 613/2/1 612/2/1 611/2/1
f 614/2/1 612/2/1 613/2/1
f 616/2/1 615/2/1 614/2/1
f 617/2/1 615/2/1 616/2/1
f 618/2/1 615/2/1 617/2/1
f 619/2/1 615/2/1 618/2/1
f 620/2/1 615/2/1 619/2/1
f 621/2/1 615/2/1 620/2/1
f 626/1/1 623/1/1 622/1/1
f 627/1/1 623/1/1 626/1/1
f 630/1/1 625/1/1 624/1/1
f 631/1/1 625/1/1 630/1/1
f 632/1/1 628/1/1 627/1/1
f 633/1/1 628/1/1 632/1/1
f 636/1/1 630/1/1 629/1/1
f 637/1/1 630/1/1 636/1/1
f 638/1/1 634/1/1 633/1/1
f 639/1/1 634/1/1 638/1/1
f 640/1/1 636/1/1 635/1/1
f 641/1/1 636/1/1 640/1/1
f 642/1/1 640/1/1 639/1/1
f 643/1/1 640/1/1 642/1/1
f 646/4/1 645/4/1 644/4/1
f 647/4/1 645/4/1 646/4/1
f 650/4/1 649/4/1 648/4/1
f 651/4/1 649/4/1 650/4/1
f 654/4/1 653/4/1 652/4/1
f 655/4/1 653/4/1 654/4/1
f 658/4/1 657/4/1 656/4/1
f 659/4/1 657/4/1 658/4/1
f 662/4/1 661/4/1 660/4/1
f 663/4/1 661/4/1 662/4/1
f 669/1/1 668/1/1 667/1/1
f 670/1/1 668/1/1 669/1/1
f 673/1/1 665/1/1 664/1/1
f 674/4/1 666/4/1 665/4/1
f 674/1/1 665/1/1 673/1/1
f 675/4/1 666/4/1 674/4/1
f 676/4/1 670/4/1 669/4/1
f 676/4/1 671/4/1 670/4/1
f 677/1/1 672/1/1 671/1/1
f 677/4/1 671/4/1 676/4/1
f 678/4/1 673/4/1 672/4/1
f 678/1/1 672/1/1 677/1/1
f 678/4/1 674/4/1 673/4/1
f 679/4/1 674/4/1 678/4/1
f 680/4/1 678/4/1 677/4/1
f 681/4/1 678/4/1 680/4/1
f 685/1/2 686/1/2 687/1/2
f 687/1/2 686/1/2 688/1/2
f 682/1/2 683/1/2 691/1/2
f 683/4/2 684/4/2 692/4/2
f 691/1/2 683/1/2 692/1/2
f 692/4/2 684/4/2 693/4/2
f 687/4/2 688/4/2 694/4/2
f 688/4/2 689/4/2 694/4/2
f 689/1/2 690/1/2 695/1/2
f 694/4/2 689/4/2 695/4/2
f 690/4/2 691/4/2 696/4/2
f 695/1/2 690/1/2 696/1/2
f 691/4/2 692/4/2 696/4/2
f 696/4/2 692/4/2 697/4/2
f 695/4/2 696/4/2 698/4/2
f 698/4/2 696/4/2 699/4/2
f 700/4/2 701/4/2 702/4/2
f 702/4/2 701/4/2 703/4/2
f 704/4/2 705/4/2 706/4/2
f 706/4/2 705/4/2 707/4/2
f 708/4/2 709/4/2 710/4/2
f 710/4/2 709/4/2 711/4/2
f 712/4/2 713/4/2 714/4/2
f 714/4/2 713/4/2 715/4/2
f 716/4/2 717/4/2 718/4/2
f 718/4/2 717/4/2 719/4/2
f 720/4/2 721/4/2 722/4/2
f 722/4/2 721/4/2 723/4/2
f 724/4/2 725/4/2 727/4/2
f 727/4/2 725/4/2 728/4/2
f 726/3/2 727/3/2 729/3/2
f 729/3/2 727/3/2 730/3/2
f 729/2/2 730/2/2 731/2/2
f 731/2/2 730/2/2 732/2/2
f 732/2/2 733/2/2 734/2/2
f 734/2/2 733/2/2 735/2/2
f 735/2/2 736/2/2 737/2/2
f 737/2/2 736/2/2 738/2/2
f 738/2/2 739/2/2 740/2/2
f 740/2/2 739/2/2 741/2/2
f 741/2/2 742/2/2 743/2/2
f 743/2/2 742/2/2 744/2/2
f 744/2/2 742/2/2 745/2/2
f 745/2/2 742/2/2 746/2/2
f 746/2/2 742/2/2 747/2/2
f 747/2/2 742/2/2 748/2/2
f 749/1/2 750/1/2 753/1/2
f 753/1/2 750/1/2 754/1/2
f 751/1/2 752/1/2 757/1/2
f 757/1/2 752/1/2 758/1/2
f 754/1/2 755/1/2 759/1/2
f 759/1/2 755/1/2 760/1/2
f 756/1/2 757/1/2 763/1/2
f 763/1/2 757/1/2 764/1/2
f 760/1/2 761/1/2 765/1/2
f 765/1/2 761/1/2 766/1/2
f 762/1/2 763/1/2 767/1/2
f 767/1/2 763/1/2 768/1/2
f 766/1/2 767/1/2 769/1/2
f 769/1/2 767/1/2 770/1/2
f 771/4/2 772/4/2 773/4/2
f 773/4/2 772/4/2 774/4/2
f 775/3/2 776/3/2 777/3/2
f 775/3/2 777/3/2 778/3/2
f 778/3/2 777/3/2 779/3/2
f 778/2/2 779/2/2 781/2/2
f 780/2/2 781/2/2 783/2/2
f 782/2/2 783/2/2 784/2/2
f 784/2/2 783/2/2 785/2/2
f 785/2/2 783/2/2 786/2/2
f 786/2/2 783/2/2 787/2/2
f 781/2/2 779/2/2 788/2/2
f 787/2/2 783/2/2 788/2/2
f 783/2/2 781/2/2 788/2/2
f 789/1/2 790/1/2 793/1/2
f 793/1/2 790/1/2 794/1/2
f 791/1/2 792/1/2 797/1/2
f 797/1/2 792/1/2 798/1/2
f 794/1/2 795/1/2 799/1/2
f 799/1/2 795/1/2 800/1/2
f 796/1/2 797/1/2 801/1/2
f 801/1/2 797/1/2 802/1/2
f 800/1/2 801/1/2 803/1/2
f 803/1/2 801/1/2 804/1/2
f 805/4/2 806/4/2 807/4/2
f 807/4/2 806/4/2 808/4/2
f 809/3/2 810/3/2 811/3/2
f 811/3/2 810/3/2 812/3/2
f 813/1/2 814/1/2 815/1/2
f 815/1/2 814/1/2 816/1/2
f 816/1/2 814/1/2 817/1/2
f 817/1/2 814/1/2 818/1/2
f 816/1/2 817/1/2 819/1/2
f 819/1/2 817/1/2 820/1/2
f 821/4/2 822/4/2 823/4/2
f 823/4/2 822/4/2 824/4/2
f 825/3/2 826/3/2 827/3/2
f 827/3/2 826/3/2 828/3/2
f 827/4/2 828/4/2 829/4/2
f 829/4/2 828/4/2 830/4/2
f 831/4/2 832/4/2 833/4/2
f 833/4/2 832/4/2 834/4/2
f 834/4/2 835/4/2 836/4/2
f 836/4/2 835/4/2 837/4/2
f 837/4/2 838/4/2 839/4/2
f 839/4/2 838/4/2 840/4/2
f 840/4/2 841/4/2 842/4/2
f 842/4/2 841/4/2 843/4/2
f 844/3/2 845/3/2 846/3/2
f 846/3/2 845/3/2 847/3/2
f 847/3/2 848/3/2 849/3/2
f 849/3/2 848/3/2 850/3/2
f 851/1/2 852/1/2 853/1/2
f 853/1/2 852/1/2 854/1/2
f 855/4/2 856/4/2 857/4/2
f 857/4/2 856/4/2 858/4/2
f 859/1/2 860/1/2 864/1/2
f 864/1/2 860/1/2 865/1/2
f 865/1/2 860/1/2 866/1/2
f 866/1/2 860/1/2 867/1/2
f 861/1/2 862/1/2 868/1/2
f 868/1/2 862/1/2 869/1/2
f 863/1/2 864/1/2 872/1/2
f 872/1/2 864/1/2 873/1/2
f 873/1/2 864/1/2 874/1/2
f 869/1/2 870/1/2 875/1/2
f 875/1/2 870/1/2 876/1/2
f 871/1/2 872/1/2 879/1/2
f 872/1/2 873/1/2 879/1/2
f 879/1/2 873/1/2 880/1/2
f 876/1/2 877/1/2 881/1/2
f 877/2/2 878/2/2 882/2/2
f 881/1/2 877/1/2 882/1/2
f 882/2/2 878/2/2 883/2/2
f 871/1/2 879/1/2 885/1/2
f 885/1/2 879/1/2 886/1/2
f 886/1/2 879/1/2 887/1/2
f 865/1/2 866/1/2 890/1/2
f 890/1/2 866/1/2 891/1/2
f 885/1/2 886/1/2 892/1/2
f 884/1/2 885/1/2 892/1/2
f 892/1/2 886/1/2 893/1/2
f 888/2/2 889/2/2 898/2/2
f 894/1/2 895/1/2 899/1/2
f 895/1/2 896/1/2 899/1/2
f 899/1/2 896/1/2 900/1/2
f 900/1/2 896/1/2 901/1/2
f 897/2/2 898/2/2 903/2/2
f 898/2/2 889/2/2 903/2/2
f 903/2/2 889/2/2 904/2/2
f 901/1/2 902/1/2 905/1/2
f 900/1/2 901/1/2 905/1/2
f 905/1/2 902/1/2 906/1/2
f 906/1/2 902/1/2 907/1/2
f 907/3/2 908/3/2 909/3/2
f 906/3/2 907/3/2 909/3/2
f 909/3/2 908/3/2 910/3/2
f 897/2/2 903/2/2 913/2/2
f 913/2/2 903/2/2 914/2/2
f 910/3/2 911/3/2 915/3/2
f 915/3/2 911/3/2 916/3/2
f 912/2/2 913/2/2 920/2/2
f 920/2/2 913/2/2 921/2/2
f 917/3/2 918/3/2 922/3/2
f 922/3/2 918/3/2 923/3/2
f 919/2/2 920/2/2 924/2/2
f 924/2/2 920/2/2 925/2/2
f 926/3/2 927/3/2 928/3/2
f 928/3/2 927/3/2 929/3/2
f 930/4/2 931/4/2 932/4/2
f 932/4/2 931/4/2 933/4/2
f 934/3/2 935/3/2 936/3/2
f 936/3/2 935/3/2 937/3/2
f 938/1/2 939/1/2 945/1/2
f 939/1/2 940/1/2 945/1/2
f 940/1/2 941/1/2 945/1/2
f 945/1/2 941/1/2 946/1/2
f 946/1/2 941/1/2 947/1/2
f 942/1/2 943/1/2 950/1/2
f 944/1/2 945/1/2 951/1/2
f 945/1/2 946/1/2 951/1/2
f 951/1/2 946/1/2 952/1/2
f 947/1/2 948/1/2 953/1/2
f 953/1/2 948/1/2 954/1/2
f 949/1/2 950/1/2 957/1/2
f 944/1/2 951/1/2 958/1/2
f 958/1/2 951/1/2 959/1/2
f 954/1/2 955/1/2 960/1/2
f 960/1/2 955/1/2 961/1/2
f 956/1/2 957/1/2 963/1/2
f 950/1/2 943/1/2 964/1/2
f 957/1/2 950/1/2 964/1/2
f 963/1/2 957/1/2 964/1/2
f 964/1/2 943/1/2 965/1/2
f 936/2/2 937/2/2 967/2/2
f 967/2/2 937/2/2 968/2/2
f 963/1/2 964/1/2 969/1/2
f 962/1/2 963/1/2 969/1/2
f 969/1/2 964/1/2 970/1/2
f 966/2/2 967/2/2 971/2/2
f 971/2/2 967/2/2 972/2/2
f 973/1/2 974/1/2 977/1/2
f 977/1/2 974/1/2 978/1/2
f 978/1/2 979/1/2 980/1/2
f 980/1/2 979/1/2 981/1/2
f 975/2/2 976/2/2 984/2/2
f 984/2/2 976/2/2 985/2/2
f 981/3/2 982/3/2 986/3/2
f 986/3/2 982/3/2 987/3/2
f 983/2/2 984/2/2 990/2/2
f 990/2/2 984/2/2 991/2/2
f 988/3/2 989/3/2 992/3/2
f 989/2/2 990/2/2 993/2/2
f 992/3/2 989/3/2 993/3/2
f 993/2/2 990/2/2 994/2/2
f 997/1/2 998/1/2 999/1/2
f 999/1/2 998/1/2 1000/1/2
f 1001/1/2 1002/1/2 1003/1/2
f 1003/1/2 1002/1/2 1004/1/2
f 995/3/2 996/3/2 1005/3/2
f 1005/3/2 996/3/2 1006/3/2
f 1007/4/2 1008/4/2 1011/4/2
f 1011/4/2 1008/4/2 1012/4/2
f 1009/3/2 1010/3/2 1013/3/2
f 1013/3/2 1010/3/2 1014/3/2
f 1013/2/2 1014/2/2 1015/2/2
f 1016/1/2 1017/1/2 1019/1/2
f 1019/1/2 1017/1/2 1020/1/2
f 1018/1/2 1019/1/2 1023/1/2
f 1023/1/2 1019/1/2 1024/1/2
f 1024/1/2 1019/1/2 1025/1/2
f 1020/1/2 1021/1/2 1026/1/2
f 1026/1/2 1021/1/2 1027/1/2
f 1015/2/2 1014/2/2 1030/2/2
f 1030/2/2 1014/2/2 1031/2/2
f 1022/1/2 1023/1/2 1032/1/2
f 1023/1/2 1024/1/2 1032/1/2
f 1032/1/2 1024/1/2 1033/1/2
f 1028/1/2 1029/1/2 1036/1/2
f 1036/1/2 1029/1/2 1037/1/2
f 1034/2/2 1035/2/2 1041/2/2
f 1041/2/2 1035/2/2 1042/2/2
f 1038/1/2 1039/1/2 1043/1/2
f 1043/1/2 1039/1/2 1044/1/2
f 1044/1/2 1045/1/2 1046/1/2
f 1046/1/2 1045/1/2 1047/1/2
f 1040/2/2 1041/2/2 1049/2/2
f 1049/2/2 1041/2/2 1050/2/2
f 1048/2/2 1049/2/2 1051/2/2
f 1051/2/2 1049/2/2 1052/2/2
f 1053/1/2 1054/1/2 1055/1/2
f 1055/1/2 1054/1/2 1056/1/2
f 1053/1/2 1055/1/2 1061/1/2
f 1061/1/2 1055/1/2 1062/1/2
f 1057/1/2 1058/1/2 1063/1/2
f 1063/1/2 1058/1/2 1064/1/2
f 1059/3/2 1060/3/2 1065/3/2
f 1065/3/2 1060/3/2 1066/3/2
f 1067/4/2 1068/4/2 1069/4/2
f 1069/4/2 1068/4/2 1070/4/2
f 1072/4/2 1073/4/2 1074/4/2
f 1074/4/2 1073/4/2 1075/4/2
f 1070/3/2 1071/3/2 1076/3/2
f 1076/3/2 1071/3/2 1077/3/2
f 1078/4/2 1079/4/2 1080/4/2
f 1080/4/2 1079/4/2 1081/4/2
f 1076/2/2 1077/2/2 1082/2/2
f 1081/2/2 1082/2/2 1083/2/2
f 1084/1/2 1085/1/2 1087/1/2
f 1087/1/2 1085/1/2 1088/1/2
f 1086/1/2 1087/1/2 1088/1/2
f 1082/2/2 1077/2/2 1090/2/2
f 1083/2/2 1082/2/2 1090/2/2
f 1090/2/2 1077/2/2 1091/2/2
f 1088/1/2 1089/1/2 1092/1/2
f 1086/1/2 1088/1/2 1092/1/2
f 1092/1/2 1089/1/2 1093/1/2
f 1093/1/2 1089/1/2 1094/1/2
f 1094/1/2 1089/1/2 1095/1/2
f 1093/1/2 1094/1/2 1096/1/2
f 1096/1/2 1094/1/2 1097/1/2
f 1083/2/2 1090/2/2 1101/2/2
f 1101/2/2 1090/2/2 1102/2/2
f 1093/1/2 1096/1/2 1103/1/2
f 1103/1/2 1096/1/2 1104/1/2
f 1097/1/2 1098/1/2 1105/1/2
f 1098/3/2 1099/3/2 1106/3/2
f 1105/1/2 1098/1/2 1106/1/2
f 1099/1/2 1100/1/2 1107/1/2
f 1106/3/2 1099/3/2 1107/3/2
f 1107/1/2 1100/1/2 1108/1/2
f 1104/1/2 1105/1/2 1110/1/2
f 1105/3/2 1106/3/2 1111/3/2
f 1110/1/2 1105/1/2 1111/1/2
f 1107/3/2 1108/3/2 1111/3/2
f 1106/3/2 1107/3/2 1111/3/2
f 1111/3/2 1108/3/2 1112/3/2
f 1112/3/2 1108/3/2 1113/3/2
f 1108/1/2 1109/1/2 1114/1/2
f 1113/3/2 1108/3/2 1114/3/2
f 1114/1/2 1109/1/2 1115/1/2
f 1111/1/2 1112/1/2 1116/1/2
f 1112/3/2 1113/3/2 1117/3/2
f 1116/1/2 1112/1/2 1117/1/2
f 1113/1/2 1114/1/2 1118/1/2
f 1117/3/2 1113/3/2 1118/3/2
f 1118/1/2 1114/1/2 1119/1/2
f 1117/1/2 1118/1/2 1120/1/2
f 1120/1/2 1118/1/2 1121/1/2
f 1122/1/2 1123/1/2 1125/1/2
f 1125/1/2 1123/1/2 1126/1/2
f 1124/1/2 1125/1/2 1128/1/2
f 1126/1/2 1127/1/2 1128/1/2
f 1125/1/2 1126/1/2 1128/1/2
f 1128/1/2 1127/1/2 1129/1/2
f 1124/1/2 1128/1/2 1131/1/2
f 1131/1/2 1128/1/2 1132/1/2
f 1129/1/2 1130/1/2 1133/1/2
f 1133/1/2 1130/1/2 1134/1/2
f 1134/1/2 1135/1/2 1136/1/2
f 1136/1/2 1135/1/2 1137/1/2
f 1140/3/2 1141/3/2 1142/3/2
f 1142/3/2 1141/3/2 1143/3/2
f 1138/3/2 1139/3/2 1144/3/2
f 1144/3/2 1139/3/2 1145/3/2
f 1146/4/2 1147/4/2 1148/4/2
f 1148/4/2 1147/4/2 1149/4/2
f 1150/3/2 1151/3/2 1152/3/2
f 1152/3/2 1151/3/2 1156/3/2
f 1156/3/2 1151/3/2 1157/3/2
f 1153/4/2 1154/4/2 1158/4/2
f 1154/3/2 1155/3/2 1159/3/2
f 1158/4/2 1154/4/2 1159/4/2
f 1155/3/2 1156/3/2 1159/3/2
f 1159/3/2 1156/3/2 1160/3/2
f 1158/2/2 1159/2/2 1163/2/2
f 1159/2/2 1160/2/2 1163/2/2
f 1163/2/2 1160/2/2 1164/2/2
f 1161/2/2 1162/2/2 1165/2/2
f 1165/2/2 1162/2/2 1166/2/2
f 1164/2/2 1160/2/2 1168/2/2
f 1168/2/2 1160/2/2 1169/2/2
f 1166/2/2 1167/2/2 1170/2/2
f 1170/2/2 1167/2/2 1171/2/2
f 1171/2/2 1172/2/2 1174/2/2
f 1174/2/2 1172/2/2 1175/2/2
f 1173/1/2 1174/1/2 1178/1/2
f 1175/1/2 1176/1/2 1178/1/2
f 1174/1/2 1175/1/2 1178/1/2
f 1178/1/2 1176/1/2 1179/1/2
f 1169/2/2 1160/2/2 1180/2/2
f 1177/1/2 1178/1/2 1182/1/2
f 1182/1/2 1178/1/2 1183/1/2
f 1179/1/2 1180/1/2 1184/1/2
f 1180/2/2 1160/2/2 1185/2/2
f 1184/1/2 1180/1/2 1185/1/2
f 1185/2/2 1160/2/2 1186/2/2
f 1181/1/2 1182/1/2 1187/1/2
f 1187/1/2 1182/1/2 1188/1/2
f 1185/1/2 1186/1/2 1191/1/2
f 1191/1/2 1186/1/2 1192/1/2
f 1188/1/2 1189/1/2 1193/1/2
f 1193/1/2 1189/1/2 1194/1/2
f 1190/1/2 1191/1/2 1197/1/2
f 1197/1/2 1191/1/2 1198/1/2
f 1194/1/2 1195/1/2 1199/1/2
f 1199/1/2 1195/1/2 1200/1/2
f 1196/1/2 1197/1/2 1201/1/2
f 1201/1/2 1197/1/2 1202/1/2
f 1200/1/2 1201/1/2 1203/1/2
f 1203/1/2 1201/1/2 1204/1/2
f 1205/1/2 1206/1/2 1208/1/2
f 1208/1/2 1206/1/2 1209/1/2
f 1207/1/2 1208/1/2 1211/1/2
f 1209/1/2 1210/1/2 1211/1/2
f 1208/1/2 1209/1/2 1211/1/2
f 1211/1/2 1210/1/2 1212/1/2
f 1207/1/2 1211/1/2 1215/1/2
f 1215/1/2 1211/1/2 1216/1/2
f 1213/1/2 1214/1/2 1217/1/2
f 1217/1/2 1214/1/2 1218/1/2
f 1218/1/2 1219/1/2 1220/1/2
f 1220/1/2 1219/1/2 1221/1/2
f 1221/1/2 1222/1/2 1223/1/2
f 1223/1/2 1222/1/2 1224/1/2
f 1225/3/2 1226/3/2 1227/3/2
f 1227/3/2 1226/3/2 1228/3/2
f 1229/4/2 1230/4/2 1233/4/2
f 1233/4/2 1230/4/2 1234/4/2
f 1231/3/2 1232/3/2 1235/3/2
f 1235/3/2 1232/3/2 1236/3/2
f 1235/2/2 1236/2/2 1239/2/2
f 1239/2/2 1236/2/2 1240/2/2
f 1237/4/2 1238/4/2 1244/4/2
f 1244/4/2 1238/4/2 1245/4/2
f 1240/2/2 1241/2/2 1246/2/2
f 1241/4/2 1242/4/2 1247/4/2
f 1246/2/2 1241/2/2 1247/2/2
f 1242/1/2 1243/1/2 1248/1/2
f 1247/4/2 1242/4/2 1248/4/2
f 1248/1/2 1243/1/2 1249/1/2
f 1247/2/2 1248/2/2 1250/2/2
f 1248/4/2 1249/4/2 1251/4/2
f 1250/2/2 1248/2/2 1251/2/2
f 1251/4/2 1249/4/2 1252/4/2
f 1251/2/2 1252/2/2 1254/2/2
f 1252/2/2 1253/2/2 1254/2/2
f 1254/2/2 1253/2/2 1255/2/2
f 1255/2/2 1256/2/2 1257/2/2
f 1257/2/2 1256/2/2 1258/2/2
f 1258/2/2 1256/2/2 1259/2/2
f 1259/2/2 1260/2/2 1261/2/2
f 1258/2/2 1259/2/2 1261/2/2
f 1261/2/2 1260/2/2 1262/2/2
f 1262/2/2 1260/2/2 1263/2/2
f 1263/2/2 1264/2/2 1265/2/2
f 1262/2/2 1263/2/2 1265/2/2
f 1265/2/2 1264/2/2 1266/2/2
f 1266/2/2 1264/2/2 1267/2/2
f 1267/2/2 1264/2/2 1268/2/2
f 1268/2/2 1264/2/2 1269/2/2
f 1269/2/2 1264/2/2 1270/2/2
f 1271/4/2 1272/4/2 1274/4/2
f 1274/4/2 1272/4/2 1275/4/2
f 1273/4/2 1274/4/2 1277/4/2
f 1277/4/2 1274/4/2 1278/4/2
f 1278/4/2 1274/4/2 1279/4/2
f 1276/4/2 1277/4/2 1280/4/2
f 1277/4/2 1278/4/2 1280/4/2
f 1280/4/2 1278/4/2 1281/4/2
f 1281/4/2 1278/4/2 1282/4/2
f 1282/4/2 1278/4/2 1283/4/2
f 1281/4/2 1282/4/2 1284/4/2
f 1284/4/2 1282/4/2 1285/4/2
f 1286/1/2 1287/1/2 1289/1/2
f 1289/1/2 1287/1/2 1290/1/2
f 1288/1/2 1289/1/2 1292/1/2
f 1290/1/2 1291/1/2 1292/1/2
f 1289/1/2 1290/1/2 1292/1/2
f 1292/1/2 1291/1/2 1293/1/2
f 1288/1/2 1292/1/2 1295/1/2
f 1295/1/2 1292/1/2 1296/1/2
f 1293/1/2 1294/1/2 1297/1/2
f 1297/1/2 1294/1/2 1298/1/2
f 1298/1/2 1299/1/2 1301/1/2
f 1299/3/2 1300/3/2 1302/3/2
f 1301/1/2 1299/1/2 1302/1/2
f 1302/3/2 1300/3/2 1303/3/2
f 1302/4/2 1303/4/2 1304/4/2
f 1305/3/2 1306/3/2 1307/3/2
f 1307/3/2 1306/3/2 1308/3/2
f 1304/4/2 1303/4/2 1309/4/2
f 1309/4/2 1303/4/2 1310/4/2
f 1311/1/2 1312/1/2 1314/1/2
f 1314/1/2 1312/1/2 1315/1/2
f 1313/1/2 1314/1/2 1317/1/2
f 1315/1/2 1316/1/2 1317/1/2
f 1314/1/2 1315/1/2 1317/1/2
f 1313/1/2 1317/1/2 1319/1/2
f 1317/3/2 1318/3/2 1319/3/2
f 1319/3/2 1318/3/2 1320/3/2
f 1313/1/2 1319/1/2 1322/1/2
f 1321/3/2 1322/3/2 1323/3/2
f 1322/1/2 1319/1/2 1324/1/2
f 1323/3/2 1322/3/2 1324/3/2
f 1324/1/2 1319/1/2 1325/1/2
f 1323/4/2 1324/4/2 1326/4/2
f 1326/4/2 1324/4/2 1327/4/2
f 1325/1/2 1319/1/2 1328/1/2
f 1328/1/2 1319/1/2 1329/1/2
f 1329/1/2 1319/1/2 1330/1/2
f 1330/1/2 1319/1/2 1331/1/2
f 1327/4/2 1328/4/2 1333/4/2
f 1333/4/2 1328/4/2 1334/4/2
f 1329/1/2 1330/1/2 1335/1/2
f 1335/1/2 1330/1/2 1336/1/2
f 1331/4/2 1332/4/2 1337/4/2
f 1337/4/2 1332/4/2 1338/4/2
f 1334/4/2 1335/4/2 1339/4/2
f 1339/4/2 1335/4/2 1340/4/2
f 1336/4/2 1337/4/2 1343/4/2
f 1343/4/2 1337/4/2 1344/4/2
f 1341/4/2 1342/4/2 1345/4/2
f 1345/4/2 1342/4/2 1346/4/2
f 1349/3/2 1350/3/2 1351/3/2
f 1351/3/2 1350/3/2 1352/3/2
f 1347/3/2 1348/3/2 1355/3/2
f 1355/3/2 1348/3/2 1356/3/2
f 1352/3/2 1353/3/2 1357/3/2
f 1357/3/2 1353/3/2 1358/3/2
f 1354/3/2 1355/3/2 1359/3/2
f 1359/3/2 1355/3/2 1360/3/2
f 1358/3/2 1359/3/2 1361/3/2
f 1361/3/2 1359/3/2 1362/3/2
f 1366/1/3 1364/1/3 1363/1/3
f 1367/1/3 1366/1/3 1365/1/3
f 1368/1/3 1364/1/3 1366/1/3
f 1368/1/3 1366/1/3 1367/1/3
f 1369/1/3 1364/1/3 1368/1/3
f 1370/1/3 1364/1/3 1369/1/3
f 1373/1/3 1372/1/3 1371/1/3
f 1374/1/3 1372/1/3 1373/1/3
f 1375/1/3 1373/1/3 1371/1/3
f 1377/1/3 1375/1/3 1371/1/3
f 1377/1/3 1376/1/3 1375/1/3
f 1378/1/3 1376/1/3 1377/1/3
f 1383/1/3 1380/1/3 1379/1/3
f 1384/1/3 1380/1/3 1383/1/3
f 1385/1/3 1382/1/3 1381/1/3
f 1386/1/3 1382/1/3 1385/1/3
f 1389/1/3 1388/1/3 1387/1/3
f 1390/1/3 1388/1/3 1389/1/3
f 1393/1/3 1392/1/3 1391/1/3
f 1394/1/3 1392/1/3 1393/1/3
f 1397/1/3 1396/1/3 1395/1/3
f 1398/1/3 1396/1/3 1397/1/3
f 1401/1/3 1400/1/3 1399/1/3
f 1402/1/3 1400/1/3 1401/1/3
f 1405/1/3 1404/1/3 1403/1/3
f 1406/1/3 1404/1/3 1405/1/3
f 1413/3/3 1408/3/3 1407/3/3
f 1414/3/3 1408/3/3 1413/3/3
f 1416/3/3 1413/3/3 1412/3/3
f 1417/4/3 1414/4/3 1413/4/3
f 1417/3/3 1413/3/3 1416/3/3
f 1418/3/3 1410/3/3 1409/3/3
f 1419/2/3 1411/2/3 1410/2/3
f 1419/3/3 1410/3/3 1418/3/3
f 1420/2/3 1411/2/3 1419/2/3
f 1422/3/3 1416/3/3 1415/3/3
f 1423/4/3 1417/4/3 1416/4/3
f 1423/3/3 1416/3/3 1422/3/3
f 1424/4/3 1414/4/3 1417/4/3
f 1424/4/3 1417/4/3 1423/4/3
f 1425/4/3 1414/4/3 1424/4/3
f 1427/3/3 1422/3/3 1421/3/3
f 1428/3/3 1422/3/3 1427/3/3
f 1429/4/3 1423/4/3 1422/4/3
f 1429/3/3 1422/3/3 1428/3/3
f 1429/4/3 1424/4/3 1423/4/3
f 1430/4/3 1424/4/3 1429/4/3
f 1431/4/3 1424/4/3 1430/4/3
f 1433/3/3 1428/3/3 1427/3/3
f 1433/3/3 1427/3/3 1426/3/3
f 1434/4/3 1430/4/3 1429/4/3
f 1434/3/3 1428/3/3 1433/3/3
f 1434/4/3 1429/4/3 1428/4/3
f 1435/4/3 1430/4/3 1434/4/3
f 1436/4/3 1430/4/3 1435/4/3
f 1437/4/3 1432/4/3 1431/4/3
f 1440/3/3 1433/3/3 1426/3/3
f 1441/4/3 1434/4/3 1433/4/3
f 1441/3/3 1433/3/3 1440/3/3
f 1441/4/3 1435/4/3 1434/4/3
f 1442/4/3 1435/4/3 1441/4/3
f 1443/4/3 1437/4/3 1436/4/3
f 1444/4/3 1432/4/3 1437/4/3
f 1444/4/3 1437/4/3 1443/4/3
f 1450/3/3 1446/3/3 1445/3/3
f 1450/4/3 1447/4/3 1446/4/3
f 1451/4/3 1447/4/3 1450/4/3
f 1452/4/3 1447/4/3 1451/4/3
f 1453/4/3 1449/4/3 1448/4/3
f 1454/4/3 1449/4/3 1453/4/3
f 1455/1/3 1439/1/3 1438/1/3
f 1456/1/3 1439/1/3 1455/1/3
f 1457/3/3 1450/3/3 1445/3/3
f 1457/3/3 1451/3/3 1450/3/3
f 1458/3/3 1451/3/3 1457/3/3
f 1459/4/3 1452/4/3 1451/4/3
f 1459/3/3 1451/3/3 1458/3/3
f 1459/4/3 1453/4/3 1452/4/3
f 1460/4/3 1453/4/3 1459/4/3
f 1461/4/3 1453/4/3 1460/4/3
f 1462/4/3 1449/4/3 1454/4/3
f 1463/4/3 1449/4/3 1462/4/3
f 1464/3/3 1459/3/3 1458/3/3
f 1464/3/3 1460/3/3 1459/3/3
f 1465/4/3 1461/4/3 1460/4/3
f 1465/3/3 1460/3/3 1464/3/3
f 1465/4/3 1462/4/3 1461/4/3
f 1466/4/3 1462/4/3 1465/4/3
f 1467/4/3 1462/4/3 1466/4/3
f 1469/3/3 1466/3/3 1465/3/3
f 1470/4/3 1468/4/3 1467/4/3
f 1470/3/3 1466/3/3 1469/3/3
f 1470/4/3 1467/4/3 1466/4/3
f 1471/4/3 1468/4/3 1470/4/3
f 1475/3/3 1471/3/3 1470/3/3
f 1476/4/3 1468/4/3 1471/4/3
f 1476/3/3 1471/3/3 1475/3/3
f 1477/4/3 1468/4/3 1476/4/3
f 1478/3/3 1477/3/3 1476/3/3
f 1479/3/3 1477/3/3 1478/3/3
f 1480/3/3 1473/3/3 1472/3/3
f 1481/2/3 1474/2/3 1473/2/3
f 1481/3/3 1473/3/3 1480/3/3
f 1482/2/3 1474/2/3 1481/2/3
f 1487/3/3 1484/3/3 1483/3/3
f 1488/4/3 1485/4/3 1484/4/3
f 1488/3/3 1484/3/3 1487/3/3
f 1489/3/3 1487/3/3 1486/3/3
f 1490/4/3 1488/4/3 1487/4/3
f 1490/3/3 1487/3/3 1489/3/3
f 1491/4/3 1485/4/3 1488/4/3
f 1491/4/3 1488/4/3 1490/4/3
f 1492/4/3 1485/4/3 1491/4/3
f 1494/4/3 1490/4/3 1489/4/3
f 1495/4/3 1490/4/3 1494/4/3
f 1496/4/3 1490/4/3 1495/4/3
f 1498/2/3 1493/2/3 1492/2/3
f 1499/2/3 1493/2/3 1498/2/3
f 1501/4/3 1497/4/3 1496/4/3
f 1501/4/3 1498/4/3 1497/4/3
f 1504/4/3 1501/4/3 1500/4/3
f 1507/1/3 1503/1/3 1502/1/3
f 1508/1/3 1503/1/3 1507/1/3
f 1510/1/3 1506/1/3 1505/1/3
f 1511/1/3 1506/1/3 1510/1/3
f 1514/4/3 1501/4/3 1504/4/3
f 1515/4/3 1498/4/3 1501/4/3
f 1515/4/3 1501/4/3 1514/4/3
f 1516/1/3 1513/1/3 1512/1/3
f 1517/1/3 1513/1/3 1516/1/3
f 1520/3/3 1517/3/3 1516/3/3
f 1521/3/3 1517/3/3 1520/3/3
f 1522/1/3 1510/1/3 1509/1/3
f 1523/1/3 1510/1/3 1522/1/3
f 1525/1/3 1521/1/3 1520/1/3
f 1526/1/3 1521/1/3 1525/1/3
f 1527/4/3 1519/4/3 1518/4/3
f 1528/1/3 1524/1/3 1523/1/3
f 1529/1/3 1524/1/3 1528/1/3
f 1532/4/3 1519/4/3 1527/4/3
f 1533/4/3 1519/4/3 1532/4/3
f 1534/1/3 1531/1/3 1530/1/3
f 1535/1/3 1531/1/3 1534/1/3
f 1537/4/3 1519/4/3 1533/4/3
f 1538/4/3 1519/4/3 1537/4/3
f 1539/4/3 1519/4/3 1538/4/3
f 1541/4/3 1537/4/3 1536/4/3
f 1542/4/3 1537/4/3 1541/4/3
f 1543/4/3 1537/4/3 1542/4/3
f 1545/2/3 1540/2/3 1539/2/3
f 1546/2/3 1540/2/3 1545/2/3
f 1547/3/3 1543/3/3 1542/3/3
f 1548/4/3 1544/4/3 1543/4/3
f 1548/3/3 1543/3/3 1547/3/3
f 1548/4/3 1545/4/3 1544/4/3
f 1549/4/3 1545/4/3 1548/4/3
f 1550/3/3 1549/3/3 1548/3/3
f 1551/4/3 1545/4/3 1549/4/3
f 1551/3/3 1549/3/3 1550/3/3
f 1552/4/3 1545/4/3 1551/4/3
f 1557/3/3 1554/3/3 1553/3/3
f 1558/3/3 1554/3/3 1557/3/3
f 1561/1/3 1556/1/3 1555/1/3
f 1562/1/3 1556/1/3 1561/1/3
f 1563/1/3 1556/1/3 1562/1/3
f 1564/4/3 1559/4/3 1558/4/3
f 1565/4/3 1559/4/3 1564/4/3
f 1567/1/3 1562/1/3 1561/1/3
f 1567/1/3 1561/1/3 1560/1/3
f 1568/1/3 1562/1/3 1567/1/3
f 1574/1/3 1567/1/3 1566/1/3
f 1574/1/3 1568/1/3 1567/1/3
f 1576/1/3 1570/1/3 1569/1/3
f 1577/1/3 1570/1/3 1576/1/3
f 1579/1/3 1574/1/3 1573/1/3
f 1580/1/3 1568/1/3 1574/1/3
f 1580/1/3 1574/1/3 1579/1/3
f 1581/1/3 1576/1/3 1575/1/3
f 1582/1/3 1576/1/3 1581/1/3
f 1584/2/3 1572/2/3 1571/2/3
f 1585/2/3 1572/2/3 1584/2/3
f 1587/1/3 1581/1/3 1580/1/3
f 1587/1/3 1579/1/3 1578/1/3
f 1587/1/3 1580/1/3 1579/1/3
f 1588/1/3 1581/1/3 1587/1/3
f 1589/1/3 1581/1/3 1588/1/3
f 1590/1/3 1587/1/3 1586/1/3
f 1590/1/3 1588/1/3 1587/1/3
f 1591/4/3 1584/4/3 1583/4/3
f 1592/4/3 1584/4/3 1591/4/3
f 1593/1/3 1590/1/3 1586/1/3
f 1593/1/3 1591/1/3 1590/1/3
f 1594/1/3 1591/1/3 1593/1/3
f 1596/1/3 1593/1/3 1586/1/3
f 1597/1/3 1593/1/3 1596/1/3
f 1598/1/3 1593/1/3 1597/1/3
f 1600/1/3 1599/1/3 1598/1/3
f 1600/1/3 1598/1/3 1597/1/3
f 1601/1/3 1599/1/3 1600/1/3
f 1602/1/3 1599/1/3 1601/1/3
f 1603/1/3 1599/1/3 1602/1/3
f 1605/4/3 1595/4/3 1594/4/3
f 1606/4/3 1595/4/3 1605/4/3
f 1608/1/3 1602/1/3 1601/1/3
f 1609/1/3 1602/1/3 1608/1/3
f 1610/1/3 1604/1/3 1603/1/3
f 1611/1/3 1604/1/3 1610/1/3
f 1613/1/3 1602/1/3 1609/1/3
f 1614/1/3 1602/1/3 1613/1/3
f 1615/1/3 1602/1/3 1614/1/3
f 1616/1/3 1612/1/3 1611/1/3
f 1617/1/3 1612/1/3 1616/1/3
f 1618/2/3 1607/2/3 1606/2/3
f 1619/2/3 1607/2/3 1618/2/3
f 1622/1/3 1615/1/3 1614/1/3
f 1623/1/3 1615/1/3 1622/1/3
f 1624/1/3 1615/1/3 1623/1/3
f 1626/1/3 1625/1/3 1624/1/3
f 1626/1/3 1624/1/3 1623/1/3
f 1627/1/3 1625/1/3 1626/1/3
f 1629/4/3 1621/4/3 1620/4/3
f 1630/4/3 1621/4/3 1629/4/3
f 1631/3/3 1629/3/3 1628/3/3
f 1632/3/3 1629/3/3 1631/3/3
f 1637/3/3 1634/3/3 1633/3/3
f 1638/3/3 1634/3/3 1637/3/3
f 1642/1/3 1636/1/3 1635/1/3
f 1643/1/3 1636/1/3 1642/1/3
f 1644/4/3 1639/4/3 1638/4/3
f 1645/4/3 1639/4/3 1644/4/3
f 1648/1/3 1641/1/3 1640/1/3
f 1649/1/3 1641/1/3 1648/1/3
f 1654/1/3 1647/1/3 1646/1/3
f 1655/1/3 1647/1/3 1654/1/3
f 1656/1/3 1653/1/3 1652/1/3
f 1657/1/3 1653/1/3 1656/1/3
f 1659/2/3 1651/2/3 1650/2/3
f 1660/2/3 1651/2/3 1659/2/3
f 1662/4/3 1659/4/3 1658/4/3
f 1663/4/3 1659/4/3 1662/4/3
f 1664/1/3 1662/1/3 1661/1/3
f 1665/1/3 1662/1/3 1664/1/3
f 1669/4/3 1666/4/3 1665/4/3
f 1670/4/3 1666/4/3 1669/4/3
f 1672/1/3 1668/1/3 1667/1/3
f 1673/1/3 1668/1/3 1672/1/3
f 1676/1/3 1675/1/3 1674/1/3
f 1677/1/3 1675/1/3 1676/1/3
f 1680/2/3 1671/2/3 1670/2/3
f 1681/2/3 1671/2/3 1680/2/3
f 1682/1/3 1679/1/3 1678/1/3
f 1683/1/3 1679/1/3 1682/1/3
f 1688/1/3 1685/1/3 1684/1/3
f 1689/1/3 1685/1/3 1688/1/3
f 1691/4/3 1687/4/3 1686/4/3
f 1692/4/3 1687/4/3 1691/4/3
f 1693/3/3 1691/3/3 1690/3/3
f 1694/3/3 1691/3/3 1693/3/3
f 1697/3/3 1696/3/3 1695/3/3
f 1698/3/3 1696/3/3 1697/3/3
f 1701/1/3 1700/1/3 1699/1/3
f 1703/1/3 1701/1/3 1699/1/3
f 1704/4/3 1702/4/3 1701/4/3
f 1704/1/3 1701/1/3 1703/1/3
f 1705/4/3 1702/4/3 1704/4/3
f 1709/1/3 1707/1/3 1706/1/3
f 1710/1/3 1709/1/3 1708/1/3
f 1711/1/3 1707/1/3 1709/1/3
f 1711/1/3 1709/1/3 1710/1/3
f 1716/3/3 1713/3/3 1712/3/3
f 1717/1/3 1715/1/3 1714/1/3
f 1718/1/3 1715/1/3 1717/1/3
f 1719/3/3 1713/3/3 1716/3/3
f 1722/3/3 1713/3/3 1719/3/3
f 1723/3/3 1713/3/3 1722/3/3
f 1724/1/3 1721/1/3 1720/1/3
f 1725/1/3 1721/1/3 1724/1/3
f 1726/1/3 1721/1/3 1725/1/3
f 1727/1/3 1721/1/3 1726/1/3
f 1731/1/3 1729/1/3 1728/1/3
f 1731/4/3 1730/4/3 1729/4/3
f 1732/4/3 1730/4/3 1731/4/3
f 1733/1/3 1731/1/3 1728/1/3
f 1734/1/3 1731/1/3 1733/1/3
f 1737/3/3 1736/3/3 1735/3/3
f 1738/3/3 1736/3/3 1737/3/3
f 1741/4/3 1740/4/3 1739/4/3
f 1742/4/3 1740/4/3 1741/4/3
f 1745/2/3 1743/2/3 1742/2/3
f 1746/2/3 1743/2/3 1745/2/3
f 1749/4/3 1745/4/3 1744/4/3
f 1751/1/3 1748/1/3 1747/1/3
f 1752/1/3 1748/1/3 1751/1/3
f 1755/4/3 1749/4/3 1744/4/3
f 1756/1/3 1750/1/3 1749/1/3
f 1756/4/3 1749/4/3 1755/4/3
f 1757/1/3 1750/1/3 1756/1/3
f 1758/1/3 1754/1/3 1753/1/3
f 1759/1/3 1754/1/3 1758/1/3
f 1760/1/3 1756/1/3 1755/1/3
f 1761/1/3 1756/1/3 1760/1/3
f 1762/1/3 1756/1/3 1761/1/3
f 1763/1/3 1756/1/3 1762/1/3
f 1767/4/3 1763/4/3 1762/4/3
f 1767/1/3 1764/1/3 1763/1/3
f 1768/1/3 1764/1/3 1767/1/3
f 1771/1/3 1766/1/3 1765/1/3
f 1772/1/3 1766/1/3 1771/1/3
f 1773/1/3 1770/1/3 1769/1/3
f 1774/1/3 1770/1/3 1773/1/3
f 1775/4/3 1767/4/3 1762/4/3
f 1776/4/3 1767/4/3 1775/4/3
f 1779/2/3 1777/2/3 1776/2/3
f 1780/2/3 1777/2/3 1779/2/3
f 1781/4/3 1779/4/3 1778/4/3
f 1782/4/3 1779/4/3 1781/4/3
f 1785/4/3 1784/4/3 1783/4/3
f 1786/4/3 1784/4/3 1785/4/3
f 1789/1/3 1788/1/3 1787/1/3
f 1790/1/3 1788/1/3 1789/1/3
f 1793/1/3 1792/1/3 1791/1/3
f 1794/1/3 1792/1/3 1793/1/3
f 1796/1/3 1795/1/3 1794/1/3
f 1797/1/3 1795/1/3 1796/1/3
f 1800/3/3 1798/3/3 1797/3/3
f 1801/3/3 1798/3/3 1800/3/3
f 1803/1/3 1800/1/3 1799/1/3
f 1804/1/3 1800/1/3 1803/1/3
f 1806/1/3 1788/1/3 1790/1/3
f 1807/1/3 1803/1/3 1802/1/3
f 1808/1/3 1803/1/3 1807/1/3
f 1809/1/3 1806/1/3 1805/1/3
f 1810/1/3 1788/1/3 1806/1/3
f 1810/1/3 1806/1/3 1809/1/3
f 1813/4/3 1812/4/3 1811/4/3
f 1814/4/3 1812/4/3 1813/4/3
f 1819/2/3 1816/2/3 1815/2/3
f 1820/2/3 1816/2/3 1819/2/3
f 1823/1/3 1818/1/3 1817/1/3
f 1824/1/3 1818/1/3 1823/1/3
f 1826/1/3 1821/1/3 1820/1/3
f 1827/1/3 1821/1/3 1826/1/3
f 1828/1/3 1823/1/3 1822/1/3
f 1829/1/3 1823/1/3 1828/1/3
f 1831/1/3 1826/1/3 1825/1/3
f 1832/1/3 1826/1/3 1831/1/3
f 1833/1/3 1830/1/3 1829/1/3
f 1834/1/3 1830/1/3 1833/1/3
f 1836/3/3 1835/3/3 1834/3/3
f 1837/3/3 1835/3/3 1836/3/3
f 1838/1/3 1828/1/3 1822/1/3
f 1839/1/3 1838/1/3 1822/1/3
f 1845/3/3 1841/3/3 1840/3/3
f 1846/3/3 1841/3/3 1845/3/3
f 1847/1/3 1843/1/3 1842/1/3
f 1848/1/3 1843/1/3 1847/1/3
f 1850/1/3 1839/1/3 1822/1/3
f 1851/1/3 1845/1/3 1844/1/3
f 1852/1/3 1845/1/3 1851/1/3
f 1854/1/3 1849/1/3 1848/1/3
f 1855/1/3 1849/1/3 1854/1/3
f 1856/1/3 1851/1/3 1850/1/3
f 1856/1/3 1850/1/3 1822/1/3
f 1857/1/3 1851/1/3 1856/1/3
f 1859/2/3 1854/2/3 1853/2/3
f 1860/2/3 1854/2/3 1859/2/3
f 1861/1/3 1858/1/3 1857/1/3
f 1862/1/3 1858/1/3 1861/1/3
f 1867/1/3 1864/1/3 1863/1/3
f 1868/1/3 1864/1/3 1867/1/3
f 1869/1/3 1866/1/3 1865/1/3
f 1870/1/3 1866/1/3 1869/1/3
f 1871/1/3 1869/1/3 1868/1/3
f 1872/1/3 1869/1/3 1871/1/3
f 1873/1/3 1869/1/3 1872/1/3
f 1877/3/3 1875/3/3 1874/3/3
f 1878/3/3 1875/3/3 1877/3/3
f 1879/1/3 1877/1/3 1876/1/3
f 1880/1/3 1877/1/3 1879/1/3
f 1882/3/3 1881/3/3 1880/3/3
f 1883/3/3 1881/3/3 1882/3/3
f 1888/1/3 1885/1/3 1884/1/3
f 1888/1/3 1886/1/3 1885/1/3
f 1889/1/3 1886/1/3 1888/1/3
f 1891/1/3 1888/1/3 1887/1/3
f 1892/1/3 1888/1/3 1891/1/3
f 1893/1/3 1890/1/3 1889/1/3
f 1894/1/3 1890/1/3 1893/1/3
f 1897/2/3 1896/2/3 1895/2/3
f 1898/2/3 1896/2/3 1897/2/3
f 1904/2/3 1899/2/3 1898/2/3
f 1905/2/3 1899/2/3 1904/2/3
f 1906/1/3 1901/1/3 1900/1/3
f 1907/1/3 1901/1/3 1906/1/3
f 1909/1/3 1903/1/3 1902/1/3
f 1910/1/3 1903/1/3 1909/1/3
f 1912/1/3 1909/1/3 1908/1/3
f 1913/1/3 1909/1/3 1912/1/3
f 1914/1/3 1912/1/3 1911/1/3
f 1915/1/3 1912/1/3 1914/1/3
f 1916/1/3 1912/1/3 1915/1/3
f 1917/1/3 1912/1/3 1916/1/3
f 1918/3/3 1916/3/3 1915/3/3
f 1919/3/3 1916/3/3 1918/3/3
f 1923/3/3 1921/3/3 1920/3/3
f 1924/3/3 1921/3/3 1923/3/3
f 1926/1/3 1924/1/3 1923/1/3
f 1926/1/3 1925/1/3 1924/1/3
f 1926/1/3 1923/1/3 1922/1/3
f 1927/1/3 1925/1/3 1926/1/3
f 1933/1/3 1928/1/3 1927/1/3
f 1934/1/3 1928/1/3 1933/1/3
f 1937/2/3 1930/2/3 1929/2/3
f 1938/2/3 1930/2/3 1937/2/3
f 1939/1/3 1932/1/3 1931/1/3
f 1940/1/3 1932/1/3 1939/1/3
f 1941/1/3 1935/1/3 1934/1/3
f 1942/1/3 1935/1/3 1941/1/3
f 1943/2/3 1937/2/3 1936/2/3
f 1944/2/3 1937/2/3 1943/2/3
f 1947/2/3 1946/2/3 1945/2/3
f 1948/2/3 1946/2/3 1947/2/3
f 1952/2/3 1949/2/3 1948/2/3
f 1953/2/3 1949/2/3 1952/2/3
f 1955/1/3 1951/1/3 1950/1/3
f 1956/1/3 1951/1/3 1955/1/3
f 1958/1/3 1955/1/3 1954/1/3
f 1959/1/3 1955/1/3 1958/1/3
f 1960/1/3 1958/1/3 1957/1/3
f 1961/1/3 1958/1/3 1960/1/3
f 1964/3/3 1963/3/3 1962/3/3
f 1965/3/3 1963/3/3 1964/3/3
f 1968/1/3 1967/1/3 1966/1/3
f 1969/1/3 1967/1/3 1968/1/3
f 1973/1/3 1970/1/3 1969/1/3
f 1974/1/3 1970/1/3 1973/1/3
f 1977/2/3 1972/2/3 1971/2/3
f 1978/2/3 1972/2/3 1977/2/3
f 1979/1/3 1975/1/3 1974/1/3
f 1980/1/3 1975/1/3 1979/1/3
f 1981/2/3 1977/2/3 1976/2/3
f 1982/2/3 1977/2/3 1981/2/3
f 1985/2/3 1984/2/3 1983/2/3
f 1986/2/3 1984/2/3 1985/2/3
f 1989/1/3 1988/1/3 1987/1/3
f 1990/1/3 1988/1/3 1989/1/3
f 1995/1/3 1992/1/3 1991/1/3
f 1996/1/3 1992/1/3 1995/1/3
f 1997/2/3 1994/2/3 1993/2/3
f 1998/2/3 1994/2/3 1997/2/3
f 2001/3/3 2000/3/3 1999/3/3
f 2002/3/3 2000/3/3 2001/3/3
f 2005/2/3 2004/2/3 2003/2/3
f 2006/2/3 2004/2/3 2005/2/3
f 2012/1/3 2007/1/3 2006/1/3
f 2013/1/3 2007/1/3 2012/1/3
f 2014/1/3 2009/1/3 2008/1/3
f 2015/1/3 2009/1/3 2014/1/3
f 2016/2/3 2011/2/3 2010/2/3
f 2017/2/3 2011/2/3 2016/2/3
f 2018/2/3 2011/2/3 2017/2/3
f 2022/2/3 2020/2/3 2019/2/3
f 2022/2/3 2021/2/3 2020/2/3
f 2023/2/3 2021/2/3 2022/2/3
f 2029/1/3 2025/1/3 2024/1/3
f 2030/1/3 2025/1/3 2029/1/3
f 2031/1/3 2027/1/3 2026/1/3
f 2032/1/3 2027/1/3 2031/1/3
f 2033/2/3 2029/2/3 2028/2/3
f 2034/2/3 2029/2/3 2033/2/3
f 2037/3/3 2036/3/3 2035/3/3
f 2038/3/3 2036/3/3 2037/3/3
f 2041/3/3 2040/3/3 2039/3/3
f 2042/3/3 2040/3/3 2041/3/3
f 2045/1/3 2044/1/3 2043/1/3
f 2046/1/3 2044/1/3 2045/1/3
f 2049/1/3 2048/1/3 2047/1/3
f 2050/1/3 2048/1/3 2049/1/3
f 2053/3/3 2052/3/3 2051/3/3
f 2054/3/3 2052/3/3 2053/3/3
f 2057/3/3 2056/3/3 2055/3/3
f 2058/3/3 2056/3/3 2057/3/3
f 2061/3/3 2060/3/3 2059/3/3
f 2062/3/3 2060/3/3 2061/3/3
f 2067/3/3 2064/3/3 2063/3/3
f 2068/2/3 2066/2/3 2065/2/3
f 2068/3/3 2064/3/3 2067/3/3
f 2068/2/3 2065/2/3 2064/2/3
f 2069/2/3 2066/2/3 2068/2/3
f 2070/2/3 2066/2/3 2069/2/3
f 2071/2/3 2069/2/3 2068/2/3
f 2074/2/3 2071/2/3 2068/2/3
f 2074/2/3 2072/2/3 2071/2/3
f 2075/3/3 2074/3/3 2073/3/3
f 2076/2/3 2072/2/3 2074/2/3
f 2076/3/3 2074/3/3 2075/3/3
f 2077/2/3 2072/2/3 2076/2/3
f 2078/2/3 2072/2/3 2077/2/3
f 2081/3/3 2080/3/3 2079/3/3
f 2082/3/3 2080/3/3 2081/3/3
f 2083/3/4 2084/3/4 2088/3/4
f 2088/3/4 2084/3/4 2089/3/4
f 2085/2/4 2086/2/4 2091/2/4
f 2091/2/4 2086/2/4 2092/2/4
f 2087/3/4 2088/3/4 2094/3/4
f 2088/4/4 2089/4/4 2095/4/4
f 2094/3/4 2088/3/4 2095/3/4
f 2095/4/4 2089/4/4 2096/4/4
f 2090/3/4 2091/3/4 2097/3/4
f 2097/3/4 2091/3/4 2098/3/4
f 2093/3/4 2094/3/4 2100/3/4
f 2095/4/4 2096/4/4 2101/4/4
f 2094/4/4 2095/4/4 2101/4/4
f 2100/3/4 2094/3/4 2101/3/4
f 2101/4/4 2096/4/4 2102/4/4
f 2102/4/4 2096/4/4 2103/4/4
f 2099/3/4 2100/3/4 2105/3/4
f 2105/3/4 2100/3/4 2106/3/4
f 2100/4/4 2101/4/4 2107/4/4
f 2106/3/4 2100/3/4 2107/3/4
f 2101/4/4 2102/4/4 2107/4/4
f 2107/4/4 2102/4/4 2108/4/4
f 2108/4/4 2102/4/4 2109/4/4
f 2105/3/4 2106/3/4 2111/3/4
f 2104/3/4 2105/3/4 2111/3/4
f 2107/4/4 2108/4/4 2112/4/4
f 2111/3/4 2106/3/4 2112/3/4
f 2106/4/4 2107/4/4 2112/4/4
f 2112/4/4 2108/4/4 2113/4/4
f 2113/4/4 2108/4/4 2114/4/4
f 2109/4/4 2110/4/4 2115/4/4
f 2104/3/4 2111/3/4 2116/3/4
f 2111/4/4 2112/4/4 2117/4/4
f 2116/3/4 2111/3/4 2117/3/4
f 2112/4/4 2113/4/4 2117/4/4
f 2117/4/4 2113/4/4 2118/4/4
f 2114/4/4 2115/4/4 2119/4/4
f 2115/4/4 2110/4/4 2120/4/4
f 2119/4/4 2115/4/4 2120/4/4
f 2121/3/4 2122/3/4 2126/3/4
f 2122/4/4 2123/4/4 2126/4/4
f 2126/4/4 2123/4/4 2127/4/4
f 2127/4/4 2123/4/4 2128/4/4
f 2124/4/4 2125/4/4 2129/4/4
f 2129/4/4 2125/4/4 2130/4/4
f 2121/3/4 2126/3/4 2131/3/4
f 2126/3/4 2127/3/4 2131/3/4
f 2131/3/4 2127/3/4 2132/3/4
f 2127/4/4 2128/4/4 2133/4/4
f 2132/3/4 2127/3/4 2133/3/4
f 2128/4/4 2129/4/4 2133/4/4
f 2133/4/4 2129/4/4 2134/4/4
f 2134/4/4 2129/4/4 2135/4/4
f 2130/4/4 2125/4/4 2136/4/4
f 2136/4/4 2125/4/4 2137/4/4
f 2132/3/4 2133/3/4 2138/3/4
f 2133/3/4 2134/3/4 2138/3/4
f 2134/4/4 2135/4/4 2139/4/4
f 2138/3/4 2134/3/4 2139/3/4
f 2135/4/4 2136/4/4 2139/4/4
f 2139/4/4 2136/4/4 2140/4/4
f 2140/4/4 2136/4/4 2141/4/4
f 2139/3/4 2140/3/4 2143/3/4
f 2141/4/4 2142/4/4 2144/4/4
f 2143/3/4 2140/3/4 2144/3/4
f 2140/4/4 2141/4/4 2144/4/4
f 2144/4/4 2142/4/4 2145/4/4
f 2145/4/4 2142/4/4 2146/4/4
f 2144/3/4 2145/3/4 2149/3/4
f 2145/4/4 2146/4/4 2150/4/4
f 2149/3/4 2145/3/4 2150/3/4
f 2150/4/4 2146/4/4 2151/4/4
f 2147/3/4 2148/3/4 2152/3/4
f 2152/3/4 2148/3/4 2153/3/4
f 2150/3/4 2151/3/4 2155/3/4
f 2155/3/4 2151/3/4 2156/3/4
f 2153/2/4 2154/2/4 2157/2/4
f 2157/2/4 2154/2/4 2158/2/4
f 2159/3/4 2160/3/4 2161/3/4
f 2161/3/4 2160/3/4 2162/3/4
f 2163/4/4 2164/4/4 2165/4/4
f 2165/4/4 2164/4/4 2166/4/4
f 2169/1/4 2170/1/4 2172/1/4
f 2171/1/4 2172/1/4 2173/1/4
f 2172/1/4 2170/1/4 2174/1/4
f 2173/1/4 2172/1/4 2174/1/4
f 2174/1/4 2170/1/4 2175/1/4
f 2174/1/4 2175/1/4 2177/1/4
f 2177/1/4 2175/1/4 2178/1/4
f 2176/1/4 2177/1/4 2179/1/4
f 2177/1/4 2178/1/4 2179/1/4
f 2179/1/4 2178/1/4 2180/1/4
f 2167/1/4 2168/1/4 2181/1/4
f 2181/1/4 2168/1/4 2182/1/4
f 2180/1/4 2178/1/4 2183/1/4
f 2183/1/4 2178/1/4 2184/1/4
f 2185/4/4 2186/4/4 2187/4/4
f 2187/4/4 2186/4/4 2188/4/4
f 2189/3/4 2190/3/4 2191/3/4
f 2191/3/4 2190/3/4 2192/3/4
f 2193/3/4 2194/3/4 2195/3/4
f 2195/3/4 2194/3/4 2196/3/4
f 2197/1/4 2198/1/4 2199/1/4
f 2199/1/4 2198/1/4 2200/1/4
f 2201/1/4 2202/1/4 2203/1/4
f 2201/1/4 2203/1/4 2204/1/4
f 2201/1/4 2204/1/4 2205/1/4
f 2205/1/4 2204/1/4 2206/1/4
f 2207/1/4 2208/1/4 2209/1/4
f 2209/1/4 2208/1/4 2210/1/4
f 2211/3/4 2212/3/4 2213/3/4
f 2213/3/4 2212/3/4 2214/3/4
f 2215/1/4 2216/1/4 2217/1/4
f 2217/1/4 2216/1/4 2218/1/4
f 2219/1/4 2220/1/4 2221/1/4
f 2221/1/4 2220/1/4 2222/1/4
f 2223/1/4 2224/1/4 2225/1/4
f 2225/1/4 2224/1/4 2226/1/4
f 2227/1/4 2228/1/4 2229/1/4
f 2229/1/4 2228/1/4 2230/1/4
f 2231/3/4 2232/3/4 2233/3/4
f 2233/3/4 2232/3/4 2234/3/4
f 2235/1/4 2236/1/4 2238/1/4
f 2238/1/4 2236/1/4 2239/1/4
f 2240/1/4 2241/1/4 2242/1/4
f 2242/1/4 2241/1/4 2243/1/4
f 2237/1/4 2238/1/4 2246/1/4
f 2246/1/4 2238/1/4 2247/1/4
f 2244/1/4 2245/1/4 2249/1/4
f 2249/1/4 2245/1/4 2250/1/4
f 2247/1/4 2248/1/4 2251/1/4
f 2251/1/4 2248/1/4 2252/1/4
f 2253/1/4 2254/1/4 2256/1/4
f 2256/1/4 2254/1/4 2257/1/4
f 2258/1/4 2259/1/4 2262/1/4
f 2262/1/4 2259/1/4 2263/1/4
f 2260/1/4 2261/1/4 2264/1/4
f 2264/1/4 2261/1/4 2265/1/4
f 2255/1/4 2256/1/4 2270/1/4
f 2270/1/4 2256/1/4 2271/1/4
f 2266/1/4 2267/1/4 2273/1/4
f 2273/1/4 2267/1/4 2274/1/4
f 2268/1/4 2269/1/4 2275/1/4
f 2275/1/4 2269/1/4 2276/1/4
f 2271/1/4 2272/1/4 2277/1/4
f 2277/1/4 2272/1/4 2278/1/4
f 2279/4/4 2280/4/4 2281/4/4
f 2281/4/4 2280/4/4 2282/4/4
f 2285/1/4 2286/1/4 2287/1/4
f 2287/1/4 2286/1/4 2288/1/4
f 2283/1/4 2284/1/4 2291/1/4
f 2291/1/4 2284/1/4 2292/1/4
f 2289/1/4 2290/1/4 2293/1/4
f 2293/1/4 2290/1/4 2294/1/4
f 2295/4/4 2296/4/4 2297/4/4
f 2297/4/4 2296/4/4 2298/4/4
f 2301/1/4 2302/1/4 2303/1/4
f 2303/1/4 2302/1/4 2304/1/4
f 2299/1/4 2300/1/4 2307/1/4
f 2307/1/4 2300/1/4 2308/1/4
f 2305/4/4 2306/4/4 2309/4/4
f 2305/4/4 2309/4/4 2311/4/4
f 2309/2/4 2310/2/4 2312/2/4
f 2311/4/4 2309/4/4 2312/4/4
f 2312/2/4 2310/2/4 2313/2/4
f 2314/1/4 2315/1/4 2319/1/4
f 2319/1/4 2315/1/4 2320/1/4
f 2316/1/4 2317/1/4 2322/1/4
f 2322/1/4 2317/1/4 2323/1/4
f 2318/1/4 2319/1/4 2325/1/4
f 2325/1/4 2319/1/4 2326/1/4
f 2321/1/4 2322/1/4 2328/1/4
f 2328/1/4 2322/1/4 2329/1/4
f 2324/1/4 2325/1/4 2330/1/4
f 2330/1/4 2325/1/4 2331/1/4
f 2327/1/4 2328/1/4 2332/1/4
f 2332/1/4 2328/1/4 2333/1/4
f 2334/1/4 2335/1/4 2336/1/4
f 2336/1/4 2335/1/4 2337/1/4
f 2337/1/4 2338/1/4 2341/1/4
f 2341/1/4 2338/1/4 2342/1/4
f 2339/1/4 2340/1/4 2344/1/4
f 2344/1/4 2340/1/4 2345/1/4
f 2342/1/4 2343/1/4 2347/1/4
f 2347/1/4 2343/1/4 2348/1/4
f 2345/1/4 2346/1/4 2349/1/4
f 2349/1/4 2346/1/4 2350/1/4
f 2350/1/4 2351/1/4 2355/1/4
f 2355/1/4 2351/1/4 2356/1/4
f 2353/2/4 2354/2/4 2359/2/4
f 2352/4/4 2353/4/4 2359/4/4
f 2359/2/4 2354/2/4 2360/2/4
f 2352/4/4 2359/4/4 2363/4/4
f 2363/4/4 2359/4/4 2364/4/4
f 2357/1/4 2358/1/4 2365/1/4
f 2365/1/4 2358/1/4 2366/1/4
f 2361/1/4 2362/1/4 2367/1/4
f 2367/1/4 2362/1/4 2368/1/4
f 2369/3/4 2370/3/4 2373/3/4
f 2373/3/4 2370/3/4 2374/3/4
f 2371/1/4 2372/1/4 2376/1/4
f 2376/1/4 2372/1/4 2377/1/4
f 2375/1/4 2376/1/4 2379/1/4
f 2379/1/4 2376/1/4 2380/1/4
f 2381/2/4 2382/2/4 2383/2/4
f 2383/2/4 2382/2/4 2384/2/4
f 2385/1/4 2386/1/4 2388/1/4
f 2388/1/4 2386/1/4 2389/1/4
f 2387/1/4 2388/1/4 2395/1/4
f 2395/1/4 2388/1/4 2396/1/4
f 2392/1/4 2393/1/4 2398/1/4
f 2398/1/4 2393/1/4 2399/1/4
f 2394/1/4 2395/1/4 2400/1/4
f 2400/1/4 2395/1/4 2401/1/4
f 2401/1/4 2395/1/4 2402/1/4
f 2390/4/4 2391/4/4 2403/4/4
f 2397/1/4 2398/1/4 2404/1/4
f 2404/1/4 2398/1/4 2405/1/4
f 2390/4/4 2403/4/4 2406/4/4
f 2403/1/4 2404/1/4 2406/1/4
f 2406/1/4 2404/1/4 2407/1/4
f 2407/1/4 2408/1/4 2409/1/4
f 2409/1/4 2408/1/4 2410/1/4
f 2390/4/4 2406/4/4 2415/4/4
f 2415/4/4 2406/4/4 2416/4/4
f 2410/1/4 2411/1/4 2417/1/4
f 2417/1/4 2411/1/4 2418/1/4
f 2413/1/4 2414/1/4 2419/1/4
f 2412/1/4 2413/1/4 2419/1/4
f 2419/1/4 2414/1/4 2420/1/4
f 2420/1/4 2421/1/4 2422/1/4
f 2422/1/4 2421/1/4 2423/1/4
f 2423/1/4 2424/1/4 2427/1/4
f 2427/1/4 2424/1/4 2428/1/4
f 2378/1/4 2379/1/4 2429/1/4
f 2429/1/4 2379/1/4 2430/1/4
f 2425/2/4 2426/2/4 2432/2/4
f 2432/2/4 2426/2/4 2433/2/4
f 2430/1/4 2431/1/4 2434/1/4
f 2434/1/4 2431/1/4 2435/1/4
f 2435/1/4 2436/1/4 2437/1/4
f 2437/1/4 2436/1/4 2438/1/4
f 2439/3/4 2440/3/4 2441/3/4
f 2441/3/4 2440/3/4 2442/3/4
f 2443/3/4 2444/3/4 2447/3/4
f 2447/3/4 2444/3/4 2448/3/4
f 2445/1/4 2446/1/4 2451/1/4
f 2451/1/4 2446/1/4 2452/1/4
f 2448/4/4 2449/4/4 2453/4/4
f 2453/4/4 2449/4/4 2454/4/4
f 2450/1/4 2451/1/4 2458/1/4
f 2458/1/4 2451/1/4 2459/1/4
f 2455/4/4 2456/4/4 2462/4/4
f 2460/2/4 2461/2/4 2463/2/4
f 2463/2/4 2461/2/4 2464/2/4
f 2455/4/4 2462/4/4 2467/4/4
f 2467/4/4 2462/4/4 2468/4/4
f 2465/1/4 2466/1/4 2470/1/4
f 2470/1/4 2466/1/4 2471/1/4
f 2469/1/4 2470/1/4 2472/1/4
f 2472/1/4 2470/1/4 2473/1/4
f 2473/1/4 2470/1/4 2474/1/4
f 2475/1/4 2476/1/4 2478/1/4
f 2478/1/4 2476/1/4 2479/1/4
f 2477/1/4 2478/1/4 2480/1/4
f 2480/1/4 2478/1/4 2481/1/4
f 2481/1/4 2482/1/4 2483/1/4
f 2483/1/4 2482/1/4 2484/1/4
f 2485/1/4 2486/1/4 2490/1/4
f 2486/1/4 2487/1/4 2490/1/4
f 2490/1/4 2487/1/4 2491/1/4
f 2488/4/4 2489/4/4 2493/4/4
f 2491/1/4 2492/1/4 2496/1/4
f 2496/1/4 2492/1/4 2497/1/4
f 2457/1/4 2458/1/4 2498/1/4
f 2498/1/4 2458/1/4 2499/1/4
f 2494/2/4 2495/2/4 2501/2/4
f 2501/2/4 2495/2/4 2502/2/4
f 2488/4/4 2493/4/4 2503/4/4
f 2503/4/4 2493/4/4 2504/4/4
f 2499/1/4 2500/1/4 2505/1/4
f 2505/1/4 2500/1/4 2506/1/4
f 2506/1/4 2507/1/4 2510/1/4
f 2510/1/4 2507/1/4 2511/1/4
f 2508/4/4 2509/4/4 2513/4/4
f 2513/4/4 2509/4/4 2514/4/4
f 2512/3/4 2513/3/4 2515/3/4
f 2515/3/4 2513/3/4 2516/3/4
f 2517/3/4 2518/3/4 2520/3/4
f 2520/3/4 2518/3/4 2521/3/4
f 2519/3/4 2520/3/4 2523/3/4
f 2521/4/4 2522/4/4 2524/4/4
f 2523/3/4 2520/3/4 2524/3/4
f 2520/4/4 2521/4/4 2524/4/4
f 2524/4/4 2522/4/4 2525/4/4
f 2525/4/4 2522/4/4 2526/4/4
f 2526/4/4 2522/4/4 2527/4/4
f 2525/1/4 2526/1/4 2529/1/4
f 2529/1/4 2526/1/4 2530/1/4
f 2528/1/4 2529/1/4 2535/1/4
f 2535/1/4 2529/1/4 2536/1/4
f 2530/4/4 2531/4/4 2537/4/4
f 2537/4/4 2531/4/4 2538/4/4
f 2532/1/4 2533/1/4 2539/1/4
f 2539/1/4 2533/1/4 2540/1/4
f 2538/4/4 2531/4/4 2541/4/4
f 2541/4/4 2531/4/4 2542/4/4
f 2534/1/4 2535/1/4 2548/1/4
f 2548/1/4 2535/1/4 2549/1/4
f 2543/3/4 2544/3/4 2550/3/4
f 2544/2/4 2545/2/4 2551/2/4
f 2550/3/4 2544/3/4 2551/3/4
f 2551/2/4 2545/2/4 2552/2/4
f 2545/1/4 2546/1/4 2553/1/4
f 2552/2/4 2545/2/4 2553/2/4
f 2553/1/4 2546/1/4 2554/1/4
f 2554/1/4 2546/1/4 2555/1/4
f 2553/2/4 2554/2/4 2558/2/4
f 2552/2/4 2553/2/4 2558/2/4
f 2558/2/4 2554/2/4 2559/2/4
f 2559/2/4 2560/2/4 2561/2/4
f 2561/2/4 2560/2/4 2562/2/4
f 2562/2/4 2563/2/4 2564/2/4
f 2564/2/4 2563/2/4 2565/2/4
f 2566/2/4 2567/2/4 2569/2/4
f 2569/2/4 2567/2/4 2570/2/4
f 2556/4/4 2557/4/4 2571/4/4
f 2571/4/4 2557/4/4 2572/4/4
f 2568/2/4 2569/2/4 2574/2/4
f 2574/2/4 2569/2/4 2575/2/4
f 2547/1/4 2548/1/4 2576/1/4
f 2576/1/4 2548/1/4 2577/1/4
f 2573/2/4 2574/2/4 2581/2/4
f 2581/2/4 2574/2/4 2582/2/4
f 2582/2/4 2574/2/4 2583/2/4
f 2579/3/4 2580/3/4 2589/3/4
f 2581/2/4 2582/2/4 2590/2/4
f 2589/3/4 2580/3/4 2590/3/4
f 2580/2/4 2581/2/4 2590/2/4
f 2582/1/4 2583/1/4 2591/1/4
f 2590/2/4 2582/2/4 2591/2/4
f 2583/1/4 2584/1/4 2591/1/4
f 2591/1/4 2584/1/4 2592/1/4
f 2585/1/4 2586/1/4 2593/1/4
f 2593/1/4 2586/1/4 2594/1/4
f 2577/1/4 2578/1/4 2595/1/4
f 2595/1/4 2578/1/4 2596/1/4
f 2587/4/4 2588/4/4 2599/4/4
f 2596/1/4 2597/1/4 2600/1/4
f 2600/1/4 2597/1/4 2601/1/4
f 2598/4/4 2599/4/4 2602/4/4
f 2599/4/4 2588/4/4 2603/4/4
f 2602/4/4 2599/4/4 2603/4/4
f 2601/1/4 2602/1/4 2606/1/4
f 2606/1/4 2602/1/4 2607/1/4
f 2604/3/4 2605/3/4 2609/3/4
f 2607/4/4 2608/4/4 2610/4/4
f 2609/3/4 2605/3/4 2610/3/4
f 2605/4/4 2606/4/4 2610/4/4
f 2606/4/4 2607/4/4 2610/4/4
f 2610/4/4 2608/4/4 2611/4/4
f 2611/4/4 2608/4/4 2612/4/4
f 2610/3/4 2611/3/4 2613/3/4
f 2613/3/4 2611/3/4 2614/3/4
f 2616/4/4 2617/4/4 2618/4/4
f 2618/4/4 2617/4/4 2619/4/4
f 2616/4/4 2618/4/4 2621/4/4
f 2621/4/4 2618/4/4 2622/4/4
f 2619/4/4 2620/4/4 2623/4/4
f 2623/4/4 2620/4/4 2624/4/4
f 2615/3/4 2616/3/4 2627/3/4
f 2616/4/4 2621/4/4 2628/4/4
f 2627/3/4 2616/3/4 2628/3/4
f 2623/4/4 2624/4/4 2629/4/4
f 2624/4/4 2625/4/4 2629/4/4
f 2622/4/4 2623/4/4 2629/4/4
f 2628/4/4 2621/4/4 2631/4/4
f 2627/4/4 2628/4/4 2631/4/4
f 2631/4/4 2621/4/4 2632/4/4
f 2622/4/4 2629/4/4 2633/4/4
f 2629/3/4 2630/3/4 2634/3/4
f 2633/4/4 2629/4/4 2634/4/4
f 2634/3/4 2630/3/4 2635/3/4
f 2632/4/4 2633/4/4 2638/4/4
f 2636/2/4 2637/2/4 2641/2/4
f 2641/2/4 2637/2/4 2642/2/4
f 2642/2/4 2643/2/4 2644/2/4
f 2644/2/4 2643/2/4 2645/2/4
f 2645/2/4 2646/2/4 2647/2/4
f 2647/2/4 2646/2/4 2648/2/4
f 2648/2/4 2649/2/4 2651/2/4
f 2651/2/4 2649/2/4 2652/2/4
f 2650/2/4 2651/2/4 2654/2/4
f 2654/2/4 2651/2/4 2655/2/4
f 2639/4/4 2640/4/4 2656/4/4
f 2632/4/4 2638/4/4 2656/4/4
f 2638/4/4 2639/4/4 2656/4/4
f 2656/4/4 2640/4/4 2657/4/4
f 2657/4/4 2640/4/4 2658/4/4
f 2653/2/4 2654/2/4 2660/2/4
f 2660/2/4 2654/2/4 2661/2/4
f 2627/4/4 2631/4/4 2662/4/4
f 2632/4/4 2656/4/4 2663/4/4
f 2663/4/4 2656/4/4 2664/4/4
f 2659/2/4 2660/2/4 2667/2/4
f 2667/2/4 2660/2/4 2668/2/4
f 2626/3/4 2627/3/4 2669/3/4
f 2627/4/4 2662/4/4 2670/4/4
f 2669/3/4 2627/3/4 2670/3/4
f 2662/4/4 2663/4/4 2670/4/4
f 2670/4/4 2663/4/4 2671/4/4
f 2665/3/4 2666/3/4 2672/3/4
f 2664/4/4 2665/4/4 2672/4/4
f 2672/3/4 2666/3/4 2673/3/4
f 2671/4/4 2663/4/4 2674/4/4
f 2664/4/4 2672/4/4 2675/4/4
f 2675/4/4 2672/4/4 2676/4/4
f 2676/4/4 2672/4/4 2677/4/4
f 2677/4/4 2672/4/4 2678/4/4
f 2674/4/4 2675/4/4 2679/4/4
f 2676/4/4 2677/4/4 2680/4/4
f 2680/4/4 2677/4/4 2681/4/4
f 2670/3/4 2671/3/4 2682/3/4
f 2671/4/4 2674/4/4 2683/4/4
f 2682/3/4 2671/3/4 2683/3/4
f 2674/4/4 2679/4/4 2683/4/4
f 2679/4/4 2680/4/4 2683/4/4
f 2683/4/4 2680/4/4 2684/4/4
f 2685/3/4 2686/3/4 2688/3/4
f 2688/3/4 2686/3/4 2689/3/4
f 2686/2/4 2687/2/4 2690/2/4
f 2689/3/4 2686/3/4 2690/3/4
f 2690/2/4 2687/2/4 2691/2/4
f 2691/2/4 2687/2/4 2692/2/4
f 2692/2/4 2693/2/4 2694/2/4
f 2691/2/4 2692/2/4 2694/2/4
f 2694/2/4 2693/2/4 2695/2/4
f 2695/2/4 2693/2/4 2696/2/4
f 2696/2/4 2697/2/4 2698/2/4
f 2695/2/4 2696/2/4 2698/2/4
f 2698/2/4 2697/2/4 2699/2/4
f 2699/2/4 2700/2/4 2702/2/4
f 2702/2/4 2700/2/4 2703/2/4
f 2701/2/4 2702/2/4 2705/2/4
f 2705/2/4 2702/2/4 2706/2/4
f 2706/2/4 2702/2/4 2707/2/4
f 2704/2/4 2705/2/4 2711/2/4
f 2705/2/4 2706/2/4 2711/2/4
f 2711/2/4 2706/2/4 2712/2/4
f 2712/2/4 2706/2/4 2713/2/4
f 2709/3/4 2710/3/4 2714/3/4
f 2708/3/4 2709/3/4 2714/3/4
f 2711/2/4 2712/2/4 2715/2/4
f 2714/3/4 2710/3/4 2715/3/4
f 2710/2/4 2711/2/4 2715/2/4
f 2715/2/4 2712/2/4 2716/2/4
f 2717/3/4 2718/3/4 2720/3/4
f 2718/2/4 2719/2/4 2721/2/4
f 2720/3/4 2718/3/4 2721/3/4
f 2721/2/4 2719/2/4 2722/2/4
f 2722/2/4 2723/2/4 2724/2/4
f 2724/2/4 2723/2/4 2725/2/4
f 2726/2/4 2727/2/4 2730/2/4
f 2730/2/4 2727/2/4 2731/2/4
f 2728/2/4 2729/2/4 2734/2/4
f 2734/2/4 2729/2/4 2735/2/4
f 2732/3/4 2733/3/4 2736/3/4
f 2733/2/4 2734/2/4 2737/2/4
f 2736/3/4 2733/3/4 2737/3/4
f 2737/2/4 2734/2/4 2738/2/4
f 2740/2/4 2741/2/4 2742/2/4
f 2740/2/4 2742/2/4 2744/2/4
f 2742/2/4 2743/2/4 2744/2/4
f 2744/2/4 2743/2/4 2745/2/4
f 2739/3/4 2740/3/4 2746/3/4
f 2740/2/4 2744/2/4 2747/2/4
f 2746/3/4 2740/3/4 2747/3/4
f 2747/2/4 2744/2/4 2748/2/4
f 2753/3/5 2750/3/5 2749/3/5
f 2754/3/5 2750/3/5 2753/3/5
f 2755/3/5 2752/3/5 2751/3/5
f 2756/3/5 2752/3/5 2755/3/5
f 2761/3/5 2758/3/5 2757/3/5
f 2762/3/5 2758/3/5 2761/3/5
f 2763/3/5 2760/3/5 2759/3/5
f 2764/3/5 2760/3/5 2763/3/5
f 2767/1/5 2766/1/5 2765/1/5
f 2768/1/5 2766/1/5 2767/1/5
f 2773/1/5 2770/1/5 2769/1/5
f 2774/1/5 2772/1/5 2771/1/5
f 2775/1/5 2773/1/5 2769/1/5
f 2775/1/5 2774/1/5 2773/1/5
f 2776/1/5 2774/1/5 2775/1/5
f 2777/1/5 2772/1/5 2774/1/5
f 2777/1/5 2774/1/5 2776/1/5
f 2778/1/5 2772/1/5 2777/1/5
f 2779/1/5 2777/1/5 2776/1/5
f 2780/1/5 2777/1/5 2779/1/5
f 2785/1/5 2782/1/5 2781/1/5
f 2788/1/5 2784/1/5 2783/1/5
f 2789/1/5 2786/1/5 2785/1/5
f 2789/1/5 2785/1/5 2781/1/5
f 2790/1/5 2786/1/5 2789/1/5
f 2791/1/5 2786/1/5 2790/1/5
f 2792/1/5 2788/1/5 2787/1/5
f 2793/1/5 2784/1/5 2788/1/5
f 2793/1/5 2788/1/5 2792/1/5
f 2794/1/5 2784/1/5 2793/1/5
f 2795/1/5 2791/1/5 2790/1/5
f 2795/1/5 2792/1/5 2791/1/5
f 2795/1/5 2793/1/5 2792/1/5
f 2796/1/5 2793/1/5 2795/1/5
f 2801/3/5 2798/3/5 2797/3/5
f 2802/3/5 2798/3/5 2801/3/5
f 2803/3/5 2800/3/5 2799/3/5
f 2804/3/5 2800/3/5 2803/3/5
f 2809/1/5 2806/1/5 2805/1/5
f 2810/1/5 2806/1/5 2809/1/5
f 2811/1/5 2808/1/5 2807/1/5
f 2812/1/5 2808/1/5 2811/1/5
f 2817/1/5 2814/1/5 2813/1/5
f 2818/1/5 2816/1/5 2815/1/5
f 2819/1/5 2817/1/5 2813/1/5
f 2819/1/5 2818/1/5 2817/1/5
f 2820/1/5 2816/1/5 2818/1/5
f 2820/1/5 2818/1/5 2819/1/5
f 2825/1/5 2822/1/5 2821/1/5
f 2826/1/5 2822/1/5 2825/1/5
f 2827/1/5 2824/1/5 2823/1/5
f 2828/1/5 2824/1/5 2827/1/5
f 2829/1/5 2827/1/5 2826/1/5
f 2830/1/5 2827/1/5 2829/1/5
f 2835/1/5 2832/1/5 2831/1/5
f 2836/1/5 2832/1/5 2835/1/5
f 2837/1/5 2834/1/5 2833/1/5
f 2838/1/5 2834/1/5 2837/1/5
f 2843/1/5 2840/1/5 2839/1/5
f 2844/1/5 2840/1/5 2843/1/5
f 2845/1/5 2842/1/5 2841/1/5
f 2846/1/5 2842/1/5 2845/1/5
f 2847/1/5 2845/1/5 2844/1/5
f 2848/1/5 2845/1/5 2847/1/5
f 2853/1/5 2850/1/5 2849/1/5
f 2856/1/5 2852/1/5 2851/1/5
f 2857/1/5 2854/1/5 2853/1/5
f 2858/1/5 2856/1/5 2855/1/5
f 2859/1/5 2857/1/5 2853/1/5
f 2859/1/5 2858/1/5 2857/1/5
f 2859/1/5 2853/1/5 2849/1/5
f 2860/1/5 2858/1/5 2859/1/5
f 2861/1/5 2856/1/5 2858/1/5
f 2861/1/5 2858/1/5 2860/1/5
f 2861/1/5 2852/1/5 2856/1/5
f 2862/1/5 2852/1/5 2861/1/5
f 2863/1/5 2861/1/5 2860/1/5
f 2864/1/5 2861/1/5 2863/1/5
f 2869/1/5 2866/1/5 2865/1/5
f 2870/1/5 2866/1/5 2869/1/5
f 2871/1/5 2868/1/5 2867/1/5
f 2872/1/5 2868/1/5 2871/1/5
f 2877/1/5 2874/1/5 2873/1/5
f 2878/1/5 2874/1/5 2877/1/5
f 2879/1/5 2876/1/5 2875/1/5
f 2880/1/5 2876/1/5 2879/1/5
f 2881/1/5 2879/1/5 2878/1/5
f 2882/1/5 2879/1/5 2881/1/5
f 2887/3/5 2884/3/5 2883/3/5
f 2888/3/5 2884/3/5 2887/3/5
f 2889/3/5 2886/3/5 2885/3/5
f 2890/3/5 2886/3/5 2889/3/5
f 2895/1/5 2892/1/5 2891/1/5
f 2896/1/5 2892/1/5 2895/1/5
f 2899/1/5 2894/1/5 2893/1/5
f 2900/1/5 2894/1/5 2899/1/5
f 2901/1/5 2897/1/5 2896/1/5
f 2902/1/5 2897/1/5 2901/1/5
f 2903/1/5 2899/1/5 2898/1/5
f 2904/1/5 2899/1/5 2903/1/5
f 2905/1/5 2903/1/5 2902/1/5
f 2906/1/5 2903/1/5 2905/1/5
f 2907/1/5 2903/1/5 2906/1/5
f 2908/1/5 2903/1/5 2907/1/5
f 2909/3/5 2907/3/5 2906/3/5
f 2910/3/5 2907/3/5 2909/3/5
f 2915/4/5 2912/4/5 2911/4/5
f 2916/4/5 2912/4/5 2915/4/5
f 2917/4/5 2914/4/5 2913/4/5
f 2918/4/5 2914/4/5 2917/4/5
f 2923/1/5 2920/1/5 2919/1/5
f 2924/1/5 2920/1/5 2923/1/5
f 2925/1/5 2922/1/5 2921/1/5
f 2926/1/5 2922/1/5 2925/1/5
f 2931/1/5 2928/1/5 2927/1/5
f 2932/1/5 2928/1/5 2931/1/5
f 2935/1/5 2930/1/5 2929/1/5
f 2936/1/5 2930/1/5 2935/1/5
f 2937/1/5 2933/1/5 2932/1/5
f 2938/1/5 2933/1/5 2937/1/5
f 2941/1/5 2935/1/5 2934/1/5
f 2942/1/5 2935/1/5 2941/1/5
f 2943/3/5 2939/3/5 2938/3/5
f 2943/3/5 2938/3/5 2937/3/5
f 2944/3/5 2939/3/5 2943/3/5
f 2945/3/5 2942/3/5 2941/3/5
f 2945/3/5 2941/3/5 2940/3/5
f 2946/3/5 2942/3/5 2945/3/5
f 2951/3/5 2948/3/5 2947/3/5
f 2952/3/5 2948/3/5 2951/3/5
f 2953/3/5 2950/3/5 2949/3/5
f 2954/3/5 2950/3/5 2953/3/5
f 2963/3/5 2956/3/5 2955/3/5
f 2964/3/5 2956/3/5 2963/3/5
f 2965/4/5 2958/4/5 2957/4/5
f 2966/4/5 2958/4/5 2965/4/5
f 2967/4/5 2960/4/5 2959/4/5
f 2968/4/5 2960/4/5 2967/4/5
f 2969/3/5 2962/3/5 2961/3/5
f 2970/3/5 2962/3/5 2969/3/5
f 2975/3/5 2972/3/5 2971/3/5
f 2976/3/5 2972/3/5 2975/3/5
f 2979/3/5 2974/3/5 2973/3/5
f 2980/3/5 2974/3/5 2979/3/5
f 2981/4/5 2978/4/5 2977/4/5
f 2982/4/5 2978/4/5 2981/4/5
f 2997/3/5 2984/3/5 2983/3/5
f 2998/4/5 2985/4/5 2984/4/5
f 2998/3/5 2984/3/5 2997/3/5
f 2998/4/5 2986/4/5 2985/4/5
f 2999/4/5 2986/4/5 2998/4/5
f 3000/4/5 2988/4/5 2987/4/5
f 3000/4/5 2989/4/5 2988/4/5
f 3001/4/5 2989/4/5 3000/4/5
f 3002/4/5 2991/4/5 2990/4/5
f 3002/4/5 2992/4/5 2991/4/5
f 3003/4/5 2992/4/5 3002/4/5
f 3004/4/5 2995/4/5 2994/4/5
f 3004/4/5 2994/4/5 2993/4/5
f 3005/3/5 2996/3/5 2995/3/5
f 3005/4/5 2995/4/5 3004/4/5
f 3006/3/5 2996/3/5 3005/3/5
f 3011/4/5 3008/4/5 3007/4/5
f 3012/4/5 3008/4/5 3011/4/5
f 3015/4/5 3010/4/5 3009/4/5
f 3016/4/5 3010/4/5 3015/4/5
f 3017/3/5 3013/3/5 3012/3/5
f 3018/3/5 3013/3/5 3017/3/5
f 3021/3/5 3015/3/5 3014/3/5
f 3022/3/5 3015/3/5 3021/3/5
f 3023/3/5 3019/3/5 3018/3/5
f 3024/3/5 3019/3/5 3023/3/5
f 3025/3/5 3021/3/5 3020/3/5
f 3026/3/5 3021/3/5 3025/3/5
f 3027/3/5 3025/3/5 3024/3/5
f 3028/3/5 3025/3/5 3027/3/5
f 3035/3/5 3030/3/5 3029/3/5
f 3036/3/5 3030/3/5 3035/3/5
f 3039/3/5 3032/3/5 3031/3/5
f 3040/3/5 3032/3/5 3039/3/5
f 3043/3/5 3034/3/5 3033/3/5
f 3044/3/5 3034/3/5 3043/3/5
f 3045/4/5 3037/4/5 3036/4/5
f 3046/4/5 3037/4/5 3045/4/5
f 3047/4/5 3039/4/5 3038/4/5
f 3048/4/5 3039/4/5 3047/4/5
f 3049/3/5 3042/3/5 3041/3/5
f 3050/3/5 3042/3/5 3049/3/5
f 3055/4/5 3052/4/5 3051/4/5
f 3056/4/5 3052/4/5 3055/4/5
f 3057/4/5 3054/4/5 3053/4/5
f 3058/4/5 3054/4/5 3057/4/5
f 3061/2/5 3060/2/5 3059/2/5
f 3062/2/5 3060/2/5 3061/2/5
f 3069/4/5 3064/4/5 3063/4/5
f 3070/4/5 3064/4/5 3069/4/5
f 3071/4/5 3066/4/5 3065/4/5
f 3072/4/5 3066/4/5 3071/4/5
f 3075/3/5 3068/3/5 3067/3/5
f 3076/3/5 3068/3/5 3075/3/5
f 3077/3/5 3074/3/5 3073/3/5
f 3078/3/5 3074/3/5 3077/3/5
f 3083/2/5 3080/2/5 3079/2/5
f 3084/2/5 3080/2/5 3083/2/5
f 3085/2/5 3082/2/5 3081/2/5
f 3086/2/5 3082/2/5 3085/2/5
f 3091/3/5 3088/3/5 3087/3/5
f 3092/3/5 3088/3/5 3091/3/5
f 3093/3/5 3090/3/5 3089/3/5
f 3094/3/5 3090/3/5 3093/3/5
f 3099/3/5 3096/3/5 3095/3/5
f 3100/3/5 3096/3/5 3099/3/5
f 3101/3/5 3098/3/5 3097/3/5
f 3102/3/5 3098/3/5 3101/3/5
f 3107/3/5 3104/3/5 3103/3/5
f 3108/3/5 3104/3/5 3107/3/5
f 3109/3/5 3106/3/5 3105/3/5
f 3110/3/5 3106/3/5 3109/3/5
f 3115/3/5 3112/3/5 3111/3/5
f 3116/3/5 3112/3/5 3115/3/5
f 3117/3/5 3114/3/5 3113/3/5
f 3118/3/5 3114/3/5 3117/3/5
f 3121/1/5 3120/1/5 3119/1/5
f 3122/1/5 3120/1/5 3121/1/5
f 3126/1/5 3124/1/5 3123/1/5
f 3127/1/5 3124/1/5 3126/1/5
f 3129/1/5 3126/1/5 3125/1/5
f 3130/1/5 3126/1/5 3129/1/5
f 3131/1/5 3128/1/5 3127/1/5
f 3132/1/5 3128/1/5 3131/1/5
f 3137/1/5 3134/1/5 3133/1/5
f 3138/1/5 3134/1/5 3137/1/5
f 3139/1/5 3136/1/5 3135/1/5
f 3140/1/5 3136/1/5 3139/1/5
f 3147/1/5 3142/1/5 3141/1/5
f 3148/1/5 3142/1/5 3147/1/5
f 3151/1/5 3144/1/5 3143/1/5
f 3152/1/5 3144/1/5 3151/1/5
f 3155/2/5 3146/2/5 3145/2/5
f 3156/2/5 3146/2/5 3155/2/5
f 3157/1/5 3149/1/5 3148/1/5
f 3158/1/5 3149/1/5 3157/1/5
f 3159/1/5 3151/1/5 3150/1/5
f 3160/1/5 3151/1/5 3159/1/5
f 3161/2/5 3154/2/5 3153/2/5
f 3162/2/5 3154/2/5 3161/2/5
f 3163/1/5 3159/1/5 3158/1/5
f 3164/1/5 3159/1/5 3163/1/5
f 3167/1/5 3166/1/5 3165/1/5
f 3168/1/5 3166/1/5 3167/1/5
f 3173/1/5 3170/1/5 3169/1/5
f 3174/1/5 3170/1/5 3173/1/5
f 3175/1/5 3172/1/5 3171/1/5
f 3176/1/5 3172/1/5 3175/1/5
f 3182/1/5 3178/1/5 3177/1/5
f 3183/1/5 3178/1/5 3182/1/5
f 3184/1/5 3180/1/5 3179/1/5
f 3185/1/5 3180/1/5 3184/1/5
f 3187/1/5 3182/1/5 3181/1/5
f 3188/1/5 3182/1/5 3187/1/5
f 3191/1/5 3186/1/5 3185/1/5
f 3192/1/5 3186/1/5 3191/1/5
f 3195/1/5 3189/1/5 3188/1/5
f 3196/1/5 3189/1/5 3195/1/5
f 3199/1/5 3191/1/5 3190/1/5
f 3200/1/5 3191/1/5 3199/1/5
f 3203/2/5 3194/2/5 3193/2/5
f 3204/2/5 3194/2/5 3203/2/5
f 3205/1/5 3197/1/5 3196/1/5
f 3206/1/5 3197/1/5 3205/1/5
f 3207/1/5 3199/1/5 3198/1/5
f 3208/1/5 3199/1/5 3207/1/5
f 3209/2/5 3202/2/5 3201/2/5
f 3210/2/5 3202/2/5 3209/2/5
f 3211/1/5 3207/1/5 3206/1/5
f 3212/1/5 3207/1/5 3211/1/5
f 3213/2/5 3212/2/5 3211/2/5
f 3214/2/5 3212/2/5 3213/2/5
f 3217/1/5 3216/1/5 3215/1/5
f 3218/1/5 3216/1/5 3217/1/5
f 3223/1/5 3220/1/5 3219/1/5
f 3224/1/5 3220/1/5 3223/1/5
f 3225/1/5 3222/1/5 3221/1/5
f 3226/1/5 3222/1/5 3225/1/5
f 3231/1/5 3228/1/5 3227/1/5
f 3232/1/5 3228/1/5 3231/1/5
f 3233/1/5 3230/1/5 3229/1/5
f 3234/1/5 3230/1/5 3233/1/5
f 3239/1/5 3236/1/5 3235/1/5
f 3240/1/5 3236/1/5 3239/1/5
f 3241/1/5 3238/1/5 3237/1/5
f 3242/1/5 3238/1/5 3241/1/5
f 3247/1/5 3244/1/5 3243/1/5
f 3248/1/5 3244/1/5 3247/1/5
f 3251/1/5 3246/1/5 3245/1/5
f 3252/1/5 3246/1/5 3251/1/5
f 3253/1/5 3249/1/5 3248/1/5
f 3254/1/5 3249/1/5 3253/1/5
f 3257/1/5 3251/1/5 3250/1/5
f 3258/1/5 3251/1/5 3257/1/5
f 3259/1/5 3255/1/5 3254/1/5
f 3259/2/5 3254/2/5 3253/2/5
f 3260/1/5 3255/1/5 3259/1/5
f 3261/1/5 3257/1/5 3256/1/5
f 3262/2/5 3258/2/5 3257/2/5
f 3262/1/5 3257/1/5 3261/1/5
f 3263/2/5 3260/2/5 3259/2/5
f 3263/2/5 3259/2/5 3253/2/5
f 3264/2/5 3260/2/5 3263/2/5
f 3265/2/5 3262/2/5 3261/2/5
f 3266/2/5 3258/2/5 3262/2/5
f 3266/2/5 3262/2/5 3265/2/5
f 3271/1/5 3268/1/5 3267/1/5
f 3272/1/5 3268/1/5 3271/1/5
f 3273/1/5 3270/1/5 3269/1/5
f 3274/1/5 3270/1/5 3273/1/5
f 3279/1/5 3276/1/5 3275/1/5
f 3280/1/5 3276/1/5 3279/1/5
f 3281/1/5 3278/1/5 3277/1/5
f 3282/1/5 3278/1/5 3281/1/5
f 3287/1/5 3284/1/5 3283/1/5
f 3288/1/5 3284/1/5 3287/1/5
f 3289/1/5 3286/1/5 3285/1/5
f 3290/1/5 3286/1/5 3289/1/5
f 3293/1/5 3292/1/5 3291/1/5
f 3294/1/5 3292/1/5 3293/1/5
f 3299/1/5 3296/1/5 3295/1/5
f 3300/1/5 3296/1/5 3299/1/5
f 3301/1/5 3298/1/5 3297/1/5
f 3302/1/5 3298/1/5 3301/1/5
f 3308/1/5 3304/1/5 3303/1/5
f 3309/1/5 3306/1/5 3305/1/5
f 3312/1/5 3308/1/5 3307/1/5
f 3313/1/5 3310/1/5 3309/1/5
f 3315/1/5 3312/1/5 3311/1/5
f 3316/3/5 3305/3/5 3304/3/5
f 3316/1/5 3312/1/5 3315/1/5
f 3316/1/5 3304/1/5 3308/1/5
f 3316/1/5 3308/1/5 3312/1/5
f 3317/1/5 3314/1/5 3313/1/5
f 3317/3/5 3305/3/5 3316/3/5
f 3317/1/5 3313/1/5 3309/1/5
f 3317/1/5 3309/1/5 3305/1/5
f 3318/1/5 3314/1/5 3317/1/5
f 3323/1/5 3320/1/5 3319/1/5
f 3324/1/5 3320/1/5 3323/1/5
f 3325/1/5 3322/1/5 3321/1/5
f 3326/1/5 3322/1/5 3325/1/5
f 3331/1/5 3328/1/5 3327/1/5
f 3332/1/5 3328/1/5 3331/1/5
f 3333/1/5 3330/1/5 3329/1/5
f 3334/1/5 3330/1/5 3333/1/5
f 3339/1/5 3336/1/5 3335/1/5
f 3340/1/5 3336/1/5 3339/1/5
f 3341/1/5 3338/1/5 3337/1/5
f 3342/1/5 3338/1/5 3341/1/5
f 3347/1/5 3344/1/5 3343/1/5
f 3348/1/5 3344/1/5 3347/1/5
f 3349/1/5 3346/1/5 3345/1/5
f 3350/1/5 3346/1/5 3349/1/5
f 3355/1/5 3352/1/5 3351/1/5
f 3356/1/5 3352/1/5 3355/1/5
f 3357/1/5 3354/1/5 3353/1/5
f 3358/1/5 3354/1/5 3357/1/5
f 3363/1/5 3360/1/5 3359/1/5
f 3364/1/5 3360/1/5 3363/1/5
f 3365/1/5 3362/1/5 3361/1/5
f 3366/1/5 3362/1/5 3365/1/5
f 3371/1/5 3368/1/5 3367/1/5
f 3372/1/5 3368/1/5 3371/1/5
f 3373/1/5 3370/1/5 3369/1/5
f 3374/1/5 3370/1/5 3373/1/5
f 3375/4/6 3376/4/6 3379/4/6
f 3379/4/6 3376/4/6 3380/4/6
f 3377/4/6 3378/4/6 3381/4/6
f 3381/4/6 3378/4/6 3382/4/6
f 3383/4/6 3384/4/6 3387/4/6
f 3387/4/6 3384/4/6 3388/4/6
f 3385/4/6 3386/4/6 3389/4/6
f 3389/4/6 3386/4/6 3390/4/6
f 3391/4/6 3392/4/6 3393/4/6
f 3393/4/6 3392/4/6 3394/4/6
f 3395/4/6 3396/4/6 3399/4/6
f 3399/4/6 3396/4/6 3400/4/6
f 3397/4/6 3398/4/6 3401/4/6
f 3401/4/6 3398/4/6 3402/4/6
f 3403/4/6 3404/4/6 3407/4/6
f 3407/4/6 3404/4/6 3408/4/6
f 3405/4/6 3406/4/6 3409/4/6
f 3409/4/6 3406/4/6 3410/4/6
f 3411/3/6 3412/3/6 3421/3/6
f 3412/4/6 3413/4/6 3422/4/6
f 3421/3/6 3412/3/6 3422/3/6
f 3422/4/6 3413/4/6 3423/4/6
f 3423/4/6 3413/4/6 3424/4/6
f 3414/4/6 3415/4/6 3425/4/6
f 3425/4/6 3415/4/6 3426/4/6
f 3416/4/6 3417/4/6 3427/4/6
f 3427/4/6 3417/4/6 3428/4/6
f 3418/4/6 3419/4/6 3429/4/6
f 3429/4/6 3419/4/6 3430/4/6
f 3419/3/6 3420/3/6 3431/3/6
f 3430/4/6 3419/4/6 3431/4/6
f 3431/3/6 3420/3/6 3432/3/6
f 3433/4/6 3434/4/6 3437/4/6
f 3437/4/6 3434/4/6 3438/4/6
f 3435/4/6 3436/4/6 3439/4/6
f 3439/4/6 3436/4/6 3440/4/6
f 3441/4/6 3442/4/6 3445/4/6
f 3445/4/6 3442/4/6 3446/4/6
f 3443/4/6 3444/4/6 3447/4/6
f 3447/4/6 3444/4/6 3448/4/6
f 3449/4/6 3450/4/6 3453/4/6
f 3453/4/6 3450/4/6 3454/4/6
f 3451/4/6 3452/4/6 3455/4/6
f 3455/4/6 3452/4/6 3456/4/6
f 3457/4/6 3458/4/6 3461/4/6
f 3461/4/6 3458/4/6 3462/4/6
f 3459/4/6 3460/4/6 3463/4/6
f 3463/4/6 3460/4/6 3464/4/6
f 3465/1/6 3466/1/6 3469/1/6
f 3467/1/6 3468/1/6 3470/1/6
f 3469/1/6 3466/1/6 3471/1/6
f 3471/1/6 3466/1/6 3472/1/6
f 3467/1/6 3470/1/6 3475/1/6
f 3475/1/6 3470/1/6 3476/1/6
f 3472/4/6 3473/4/6 3477/4/6
f 3477/4/6 3473/4/6 3478/4/6
f 3474/4/6 3475/4/6 3479/4/6
f 3479/4/6 3475/4/6 3480/4/6
f 3481/2/6 3482/2/6 3486/2/6
f 3486/2/6 3482/2/6 3487/2/6
f 3483/2/6 3484/2/6 3490/2/6
f 3490/2/6 3484/2/6 3491/2/6
f 3485/4/6 3486/4/6 3494/4/6
f 3494/4/6 3486/4/6 3495/4/6
f 3495/4/6 3486/4/6 3496/4/6
f 3487/4/6 3488/4/6 3497/4/6
f 3497/4/6 3488/4/6 3498/4/6
f 3489/4/6 3490/4/6 3499/4/6
f 3499/4/6 3490/4/6 3500/4/6
f 3491/4/6 3492/4/6 3501/4/6
f 3501/4/6 3492/4/6 3502/4/6
f 3502/4/6 3492/4/6 3503/4/6
f 3493/3/6 3494/3/6 3505/3/6
f 3505/3/6 3494/3/6 3506/3/6
f 3495/1/6 3496/1/6 3508/1/6
f 3508/1/6 3496/1/6 3509/1/6
f 3498/1/6 3499/1/6 3510/1/6
f 3510/1/6 3499/1/6 3511/1/6
f 3501/1/6 3502/1/6 3512/1/6
f 3512/1/6 3502/1/6 3513/1/6
f 3503/3/6 3504/3/6 3515/3/6
f 3515/3/6 3504/3/6 3516/3/6
f 3508/1/6 3509/1/6 3517/1/6
f 3507/1/6 3508/1/6 3517/1/6
f 3517/1/6 3509/1/6 3518/1/6
f 3513/1/6 3514/1/6 3519/1/6
f 3512/1/6 3513/1/6 3519/1/6
f 3519/1/6 3514/1/6 3520/1/6
f 3521/3/6 3522/3/6 3525/3/6
f 3525/3/6 3522/3/6 3526/3/6
f 3523/3/6 3524/3/6 3531/3/6
f 3531/3/6 3524/3/6 3532/3/6
f 3527/4/6 3528/4/6 3533/4/6
f 3533/4/6 3528/4/6 3534/4/6
f 3529/4/6 3530/4/6 3535/4/6
f 3535/4/6 3530/4/6 3536/4/6
f 3537/2/6 3538/2/6 3543/2/6
f 3543/2/6 3538/2/6 3544/2/6
f 3539/2/6 3540/2/6 3547/2/6
f 3547/2/6 3540/2/6 3548/2/6
f 3541/4/6 3542/4/6 3552/4/6
f 3552/4/6 3542/4/6 3553/4/6
f 3553/4/6 3542/4/6 3554/4/6
f 3544/4/6 3545/4/6 3555/4/6
f 3555/4/6 3545/4/6 3556/4/6
f 3546/4/6 3547/4/6 3557/4/6
f 3557/4/6 3547/4/6 3558/4/6
f 3549/4/6 3550/4/6 3559/4/6
f 3559/4/6 3550/4/6 3560/4/6
f 3560/4/6 3550/4/6 3561/4/6
f 3551/3/6 3552/3/6 3563/3/6
f 3563/3/6 3552/3/6 3564/3/6
f 3556/1/6 3557/1/6 3567/1/6
f 3567/1/6 3557/1/6 3568/1/6
f 3561/3/6 3562/3/6 3571/3/6
f 3571/3/6 3562/3/6 3572/3/6
f 3565/1/6 3566/1/6 3573/1/6
f 3569/1/6 3570/1/6 3574/1/6
f 3573/1/6 3566/1/6 3575/1/6
f 3569/1/6 3574/1/6 3576/1/6
f 3575/1/6 3566/1/6 3577/1/6
f 3577/1/6 3566/1/6 3578/1/6
f 3569/1/6 3576/1/6 3579/1/6
f 3579/1/6 3576/1/6 3580/1/6
f 3581/3/6 3582/3/6 3585/3/6
f 3585/3/6 3582/3/6 3586/3/6
f 3583/3/6 3584/3/6 3593/3/6
f 3593/3/6 3584/3/6 3594/3/6
f 3586/4/6 3587/4/6 3595/4/6
f 3595/4/6 3587/4/6 3596/4/6
f 3588/4/6 3589/4/6 3597/4/6
f 3597/4/6 3589/4/6 3598/4/6
f 3598/4/6 3589/4/6 3599/4/6
f 3590/4/6 3591/4/6 3602/4/6
f 3602/4/6 3591/4/6 3603/4/6
f 3603/4/6 3591/4/6 3604/4/6
f 3592/4/6 3593/4/6 3605/4/6
f 3605/4/6 3593/4/6 3606/4/6
f 3600/4/6 3601/4/6 3607/4/6
f 3607/4/6 3601/4/6 3608/4/6
f 3609/2/6 3610/2/6 3615/2/6
f 3615/2/6 3610/2/6 3616/2/6
f 3611/2/6 3612/2/6 3619/2/6
f 3619/2/6 3612/2/6 3620/2/6
f 3613/4/6 3614/4/6 3624/4/6
f 3616/4/6 3617/4/6 3627/4/6
f 3618/4/6 3619/4/6 3628/4/6
f 3621/4/6 3622/4/6 3631/4/6
f 3625/4/6 3626/4/6 3633/4/6
f 3633/4/6 3626/4/6 3634/4/6
f 3616/4/6 3627/4/6 3635/4/6
f 3635/4/6 3627/4/6 3636/4/6
f 3627/1/6 3628/1/6 3637/1/6
f 3636/4/6 3627/4/6 3637/4/6
f 3628/4/6 3619/4/6 3638/4/6
f 3637/1/6 3628/1/6 3638/1/6
f 3638/4/6 3619/4/6 3639/4/6
f 3639/4/6 3619/4/6 3640/4/6
f 3629/4/6 3630/4/6 3641/4/6
f 3641/4/6 3630/4/6 3642/4/6
f 3624/4/6 3614/4/6 3643/4/6
f 3623/3/6 3624/3/6 3643/3/6
f 3643/4/6 3614/4/6 3644/4/6
f 3621/4/6 3631/4/6 3645/4/6
f 3631/3/6 3632/3/6 3646/3/6
f 3645/4/6 3631/4/6 3646/4/6
f 3623/3/6 3643/3/6 3647/3/6
f 3646/3/6 3632/3/6 3650/3/6
f 3623/3/6 3647/3/6 3655/3/6
f 3647/4/6 3648/4/6 3656/4/6
f 3655/3/6 3647/3/6 3656/3/6
f 3651/4/6 3652/4/6 3657/4/6
f 3653/4/6 3654/4/6 3660/4/6
f 3650/3/6 3632/3/6 3661/3/6
f 3649/4/6 3650/4/6 3661/4/6
f 3661/3/6 3632/3/6 3662/3/6
f 3656/4/6 3648/4/6 3663/4/6
f 3663/4/6 3648/4/6 3664/4/6
f 3651/4/6 3657/4/6 3665/4/6
f 3665/4/6 3657/4/6 3666/4/6
f 3660/4/6 3654/4/6 3667/4/6
f 3667/4/6 3654/4/6 3668/4/6
f 3649/4/6 3661/4/6 3669/4/6
f 3669/4/6 3661/4/6 3670/4/6
f 3658/4/6 3659/4/6 3673/4/6
f 3673/4/6 3659/4/6 3674/4/6
f 3671/3/6 3672/3/6 3677/3/6
f 3677/3/6 3672/3/6 3678/3/6
f 3675/3/6 3676/3/6 3679/3/6
f 3679/3/6 3676/3/6 3680/3/6
f 3681/2/6 3682/2/6 3686/2/6
f 3686/2/6 3682/2/6 3687/2/6
f 3683/2/6 3684/2/6 3690/2/6
f 3690/2/6 3684/2/6 3691/2/6
f 3687/4/6 3688/4/6 3695/4/6
f 3695/4/6 3688/4/6 3696/4/6
f 3689/4/6 3690/4/6 3697/4/6
f 3697/4/6 3690/4/6 3698/4/6
f 3693/4/6 3694/4/6 3701/4/6
f 3701/4/6 3694/4/6 3702/4/6
f 3695/1/6 3696/1/6 3703/1/6
f 3687/4/6 3695/4/6 3703/4/6
f 3703/1/6 3696/1/6 3704/1/6
f 3697/1/6 3698/1/6 3705/1/6
f 3698/4/6 3690/4/6 3706/4/6
f 3705/1/6 3698/1/6 3706/1/6
f 3699/4/6 3700/4/6 3707/4/6
f 3707/4/6 3700/4/6 3708/4/6
f 3685/4/6 3686/4/6 3709/4/6
f 3709/4/6 3686/4/6 3710/4/6
f 3703/4/6 3704/4/6 3711/4/6
f 3705/4/6 3706/4/6 3714/4/6
f 3691/4/6 3692/4/6 3715/4/6
f 3715/4/6 3692/4/6 3716/4/6
f 3687/4/6 3703/4/6 3717/4/6
f 3711/4/6 3712/4/6 3717/4/6
f 3703/4/6 3711/4/6 3717/4/6
f 3717/4/6 3712/4/6 3718/4/6
f 3718/4/6 3712/4/6 3719/4/6
f 3713/4/6 3714/4/6 3720/4/6
f 3706/4/6 3690/4/6 3721/4/6
f 3720/4/6 3714/4/6 3721/4/6
f 3714/4/6 3706/4/6 3721/4/6
f 3721/4/6 3690/4/6 3722/4/6
f 3723/2/6 3724/2/6 3727/2/6
f 3727/2/6 3724/2/6 3728/2/6
f 3725/2/6 3726/2/6 3729/2/6
f 3729/2/6 3726/2/6 3730/2/6
f 3723/2/6 3727/2/6 3731/2/6
f 3731/2/6 3727/2/6 3732/2/6
f 3730/2/6 3726/2/6 3733/2/6
f 3733/2/6 3726/2/6 3734/2/6
f 3735/2/6 3736/2/6 3740/2/6
f 3740/2/6 3736/2/6 3741/2/6
f 3737/2/6 3738/2/6 3742/2/6
f 3742/2/6 3738/2/6 3743/2/6
f 3739/2/6 3740/2/6 3745/2/6
f 3745/2/6 3740/2/6 3746/2/6
f 3743/2/6 3744/2/6 3747/2/6
f 3747/2/6 3744/2/6 3748/2/6
f 3749/2/6 3750/2/6 3754/2/6
f 3754/2/6 3750/2/6 3755/2/6
f 3751/2/6 3752/2/6 3756/2/6
f 3756/2/6 3752/2/6 3757/2/6
f 3753/2/6 3754/2/6 3759/2/6
f 3759/2/6 3754/2/6 3760/2/6
f 3757/2/6 3758/2/6 3761/2/6
f 3761/2/6 3758/2/6 3762/2/6
f 3763/2/6 3764/2/6 3767/2/6
f 3767/2/6 3764/2/6 3768/2/6
f 3765/2/6 3766/2/6 3771/2/6
f 3771/2/6 3766/2/6 3772/2/6
f 3768/2/6 3769/2/6 3773/2/6
f 3773/2/6 3769/2/6 3774/2/6
f 3770/2/6 3771/2/6 3775/2/6
f 3775/2/6 3771/2/6 3776/2/6
f 3777/1/6 3778/1/6 3780/1/6
f 3780/1/6 3778/1/6 3781/1/6
f 3779/1/6 3780/1/6 3783/1/6
f 3781/1/6 3782/1/6 3783/1/6
f 3780/1/6 3781/1/6 3783/1/6
f 3783/1/6 3782/1/6 3784/1/6
f 3785/2/6 3786/2/6 3789/2/6
f 3789/2/6 3786/2/6 3790/2/6
f 3787/2/6 3788/2/6 3791/2/6
f 3791/2/6 3788/2/6 3792/2/6
f 3793/1/6 3794/1/6 3796/1/6
f 3796/1/6 3794/1/6 3797/1/6
f 3795/1/6 3796/1/6 3799/1/6
f 3797/1/6 3798/1/6 3799/1/6
f 3796/1/6 3797/1/6 3799/1/6
f 3799/1/6 3798/1/6 3800/1/6
f 3795/1/6 3799/1/6 3802/1/6
f 3800/1/6 3798/1/6 3803/1/6
f 3801/1/6 3802/1/6 3805/1/6
f 3802/1/6 3799/1/6 3806/1/6
f 3805/1/6 3802/1/6 3806/1/6
f 3803/1/6 3804/1/6 3807/1/6
f 3800/1/6 3803/1/6 3807/1/6
f 3807/1/6 3804/1/6 3808/1/6
f 3809/1/6 3810/1/6 3811/1/6
f 3811/1/6 3810/1/6 3812/1/6
f 3813/2/6 3814/2/6 3817/2/6
f 3817/2/6 3814/2/6 3818/2/6
f 3815/2/6 3816/2/6 3819/2/6
f 3819/2/6 3816/2/6 3820/2/6
f 3821/2/6 3822/2/6 3825/2/6
f 3825/2/6 3822/2/6 3826/2/6
f 3823/2/6 3824/2/6 3827/2/6
f 3827/2/6 3824/2/6 3828/2/6
f 3829/1/6 3830/1/6 3831/1/6
f 3831/1/6 3830/1/6 3832/1/6
f 3832/1/6 3830/1/6 3833/1/6
f 3833/1/6 3830/1/6 3834/1/6
f 3835/1/6 3836/1/6 3839/1/6
f 3837/1/6 3838/1/6 3840/1/6
f 3835/1/6 3839/1/6 3841/1/6
f 3840/1/6 3838/1/6 3842/1/6
f 3835/1/6 3841/1/6 3844/1/6
f 3844/1/6 3841/1/6 3845/1/6
f 3842/1/6 3838/1/6 3846/1/6
f 3846/1/6 3838/1/6 3847/1/6
f 3843/2/6 3844/2/6 3849/2/6
f 3849/2/6 3844/2/6 3850/2/6
f 3847/2/6 3848/2/6 3851/2/6
f 3851/2/6 3848/2/6 3852/2/6
f 3853/2/6 3854/2/6 3857/2/6
f 3857/2/6 3854/2/6 3858/2/6
f 3855/2/6 3856/2/6 3861/2/6
f 3861/2/6 3856/2/6 3862/2/6
f 3858/2/6 3859/2/6 3863/2/6
f 3863/2/6 3859/2/6 3864/2/6
f 3860/2/6 3861/2/6 3865/2/6
f 3865/2/6 3861/2/6 3866/2/6
f 3867/2/6 3868/2/6 3869/2/6
f 3869/2/6 3868/2/6 3870/2/6
f 3871/1/6 3872/1/6 3875/1/6
f 3872/3/6 3873/3/6 3876/3/6
f 3875/1/6 3872/1/6 3876/1/6
f 3873/1/6 3874/1/6 3877/1/6
f 3876/3/6 3873/3/6 3877/3/6
f 3877/1/6 3874/1/6 3878/1/6
f 3879/1/6 3880/1/6 3884/1/6
f 3884/1/6 3880/1/6 3885/1/6
f 3881/1/6 3882/1/6 3886/1/6
f 3886/1/6 3882/1/6 3887/1/6
f 3883/1/6 3884/1/6 3890/1/6
f 3890/1/6 3884/1/6 3891/1/6
f 3887/1/6 3888/1/6 3892/1/6
f 3892/1/6 3888/1/6 3893/1/6
f 3889/1/6 3890/1/6 3896/1/6
f 3896/1/6 3890/1/6 3897/1/6
f 3893/1/6 3894/1/6 3898/1/6
f 3898/1/6 3894/1/6 3899/1/6
f 3895/1/6 3896/1/6 3901/1/6
f 3901/1/6 3896/1/6 3902/1/6
f 3899/1/6 3900/1/6 3903/1/6
f 3903/1/6 3900/1/6 3904/1/6
f 3905/1/6 3906/1/6 3909/1/6
f 3909/1/6 3906/1/6 3910/1/6
f 3907/1/6 3908/1/6 3911/1/6
f 3911/1/6 3908/1/6 3912/1/6
f 3913/3/6 3914/3/6 3916/3/6
f 3916/3/6 3914/3/6 3917/3/6
f 3915/1/6 3916/1/6 3920/1/6
f 3920/1/6 3916/1/6 3921/1/6
f 3917/1/6 3918/1/6 3924/1/6
f 3924/1/6 3918/1/6 3925/1/6
f 3919/1/6 3920/1/6 3927/1/6
f 3922/3/6 3923/3/6 3928/3/6
f 3928/3/6 3923/3/6 3929/3/6
f 3925/1/6 3926/1/6 3930/1/6
f 3927/1/6 3920/1/6 3931/1/6
f 3931/1/6 3920/1/6 3932/1/6
f 3925/1/6 3930/1/6 3933/1/6
f 3933/1/6 3930/1/6 3934/1/6
f 3935/2/6 3936/2/6 3939/2/6
f 3939/2/6 3936/2/6 3940/2/6
f 3937/2/6 3938/2/6 3943/2/6
f 3943/2/6 3938/2/6 3944/2/6
f 3940/2/6 3941/2/6 3945/2/6
f 3945/2/6 3941/2/6 3946/2/6
f 3942/2/6 3943/2/6 3949/2/6
f 3949/2/6 3943/2/6 3950/2/6
f 3946/2/6 3947/2/6 3951/2/6
f 3951/2/6 3947/2/6 3952/2/6
f 3948/2/6 3949/2/6 3953/2/6
f 3953/2/6 3949/2/6 3954/2/6
f 3952/2/6 3953/2/6 3955/2/6
f 3955/2/6 3953/2/6 3956/2/6
f 3957/3/6 3958/3/6 3960/3/6
f 3960/3/6 3958/3/6 3961/3/6
f 3961/3/6 3958/3/6 3962/3/6
f 3962/3/6 3958/3/6 3963/3/6
f 3959/3/6 3960/3/6 3965/3/6
f 3960/3/6 3961/3/6 3965/3/6
f 3965/3/6 3961/3/6 3966/3/6
f 3963/3/6 3964/3/6 3967/3/6
f 3962/3/6 3963/3/6 3967/3/6
f 3967/3/6 3964/3/6 3968/3/6
f 3959/3/6 3965/3/6 3969/3/6
f 3969/3/6 3965/3/6 3970/3/6
f 3968/3/6 3964/3/6 3971/3/6
f 3971/3/6 3964/3/6 3972/3/6
f 3966/1/6 3967/1/6 3973/1/6
f 3973/1/6 3967/1/6 3974/1/6
f 3975/2/6 3976/2/6 3979/2/6
f 3979/2/6 3976/2/6 3980/2/6
f 3977/2/6 3978/2/6 3981/2/6
f 3981/2/6 3978/2/6 3982/2/6
f 3979/2/6 3980/2/6 3983/2/6
f 3983/2/6 3980/2/6 3984/2/6
f 3981/2/6 3982/2/6 3987/2/6
f 3987/2/6 3982/2/6 3988/2/6
f 3984/2/6 3985/2/6 3989/2/6
f 3989/2/6 3985/2/6 3990/2/6
f 3986/2/6 3987/2/6 3991/2/6
f 3991/2/6 3987/2/6 3992/2/6
f 3990/2/6 3991/2/6 3993/2/6
f 3993/2/6 3991/2/6 3994/2/6
f 3995/3/6 3996/3/6 4000/3/6
f 3997/3/6 3998/3/6 4001/3/6
f 3999/3/6 4000/3/6 4003/3/6
f 4000/3/6 3996/3/6 4003/3/6
f 4001/3/6 4002/3/6 4004/3/6
f 3997/3/6 4001/3/6 4004/3/6
f 3999/3/6 4003/3/6 4005/3/6
f 4003/3/6 4004/3/6 4005/3/6
f 4004/3/6 4002/3/6 4006/3/6
f 4005/3/6 4004/3/6 4006/3/6
f 3999/3/6 4005/3/6 4007/3/6
f 4006/3/6 4002/3/6 4008/3/6
f 4007/3/6 4005/3/6 4009/3/6
f 4005/2/6 4006/2/6 4010/2/6
f 4009/3/6 4005/3/6 4010/3/6
f 4006/3/6 4008/3/6 4011/3/6
f 4010/2/6 4006/2/6 4011/2/6
f 4011/3/6 4008/3/6 4012/3/6
f 4009/2/6 4010/2/6 4013/2/6
f 4010/2/6 4011/2/6 4013/2/6
f 4011/2/6 4012/2/6 4013/2/6
f 4013/2/6 4012/2/6 4014/2/6
f 4014/2/6 4012/2/6 4015/2/6
f 4015/2/6 4012/2/6 4016/2/6
f 4014/2/6 4015/2/6 4017/2/6
f 4017/2/6 4015/2/6 4018/2/6
f 4019/1/6 4020/1/6 4023/1/6
f 4023/1/6 4020/1/6 4024/1/6
f 4021/1/6 4022/1/6 4027/1/6
f 4027/1/6 4022/1/6 4028/1/6
f 4024/1/6 4025/1/6 4029/1/6
f 4029/1/6 4025/1/6 4030/1/6
f 4026/1/6 4027/1/6 4033/1/6
f 4033/1/6 4027/1/6 4034/1/6
f 4030/1/6 4031/1/6 4035/1/6
f 4035/1/6 4031/1/6 4036/1/6
f 4032/1/6 4033/1/6 4037/1/6
f 4037/1/6 4033/1/6 4038/1/6
f 4039/1/6 4040/1/6 4044/1/6
f 4044/1/6 4040/1/6 4045/1/6
f 4041/1/6 4042/1/6 4046/1/6
f 4046/1/6 4042/1/6 4047/1/6
f 4043/1/6 4044/1/6 4050/1/6
f 4050/1/6 4044/1/6 4051/1/6
f 4047/1/6 4048/1/6 4052/1/6
f 4052/1/6 4048/1/6 4053/1/6
f 4049/1/6 4050/1/6 4055/1/6
f 4055/1/6 4050/1/6 4056/1/6
f 4053/1/6 4054/1/6 4057/1/6
f 4057/1/6 4054/1/6 4058/1/6
f 4059/1/6 4060/1/6 4063/1/6
f 4063/1/6 4060/1/6 4064/1/6
f 4061/1/6 4062/1/6 4067/1/6
f 4067/1/6 4062/1/6 4068/1/6
f 4064/1/6 4065/1/6 4069/1/6
f 4069/1/6 4065/1/6 4070/1/6
f 4066/1/6 4067/1/6 4073/1/6
f 4073/1/6 4067/1/6 4074/1/6
f 4070/1/6 4071/1/6 4076/1/6
f 4076/1/6 4071/1/6 4077/1/6
f 4072/1/6 4073/1/6 4078/1/6
f 4078/1/6 4073/1/6 4079/1/6
f 4075/1/6 4076/1/6 4082/1/6
f 4082/1/6 4076/1/6 4083/1/6
f 4079/1/6 4080/1/6 4084/1/6
f 4084/1/6 4080/1/6 4085/1/6
f 4081/1/6 4082/1/6 4087/1/6
f 4087/1/6 4082/1/6 4088/1/6
f 4085/1/6 4086/1/6 4089/1/6
f 4089/1/6 4086/1/6 4090/1/6
f 4091/1/6 4092/1/6 4095/1/6
f 4095/1/6 4092/1/6 4096/1/6
f 4093/1/6 4094/1/6 4099/1/6
f 4099/1/6 4094/1/6 4100/1/6
f 4096/1/6 4097/1/6 4102/1/6
f 4102/1/6 4097/1/6 4103/1/6
f 4098/1/6 4099/1/6 4104/1/6
f 4104/1/6 4099/1/6 4105/1/6
f 4101/1/6 4102/1/6 4107/1/6
f 4107/1/6 4102/1/6 4108/1/6
f 4105/1/6 4106/1/6 4109/1/6
f 4109/1/6 4106/1/6 4110/1/6
f 4111/1/6 4112/1/6 4115/1/6
f 4115/1/6 4112/1/6 4116/1/6
f 4113/1/6 4114/1/6 4117/1/6
f 4117/1/6 4114/1/6 4118/1/6
