# MagicaVoxel @ Ephtracy

# group
o 

# material
mtllib Core-3.mtl
usemtl palette

# normals
vn -1 0 0
vn 1 0 0
vn 0 0 1
vn 0 0 -1
vn 0 -1 0
vn 0 1 0

# texcoords
vt 0.970703 0.5
vt 0.978516 0.5
vt 0.982422 0.5

# verts
v -2.4 4.5 0.5
v -2.4 4.5 -0.5
v -2.4 4.7 0.5
v -2.4 4.7 -0.5
v -2.4 5.3 0.5
v -2.4 5.3 -0.5
v -2.4 5.5 0.5
v -2.4 5.5 -0.5
v -2.3 4.5 0.9
v -2.3 4.5 0.5
v -2.3 4.5 -0.5
v -2.3 4.5 -0.9
v -2.3 4.7 0.9
v -2.3 4.7 0.5
v -2.3 4.7 -0.5
v -2.3 4.7 -0.9
v -2.3 4.8 0.2
v -2.3 4.8 -0.1
v -2.3 4.9 0.4
v -2.3 4.9 0.2
v -2.3 4.9 -0.1
v -2.3 4.9 -0.2
v -2.3 5 0.4
v -2.3 5 0.2
v -2.3 5 0.0999999
v -2.3 5 -0.1
v -2.3 5 -0.2
v -2.3 5 -0.4
v -2.3 5.1 0.2
v -2.3 5.1 0.0999999
v -2.3 5.1 -0.2
v -2.3 5.1 -0.4
v -2.3 5.2 0.0999999
v -2.3 5.2 -0.2
v -2.3 5.3 0.9
v -2.3 5.3 0.5
v -2.3 5.3 -0.5
v -2.3 5.3 -0.9
v -2.3 5.5 0.9
v -2.3 5.5 0.5
v -2.3 5.5 -0.5
v -2.3 5.5 -0.9
v -2.2 4.5 1.1
v -2.2 4.5 0.9
v -2.2 4.5 -0.9
v -2.2 4.5 -1.1
v -2.2 4.7 1.1
v -2.2 4.7 0.9
v -2.2 4.7 0.5
v -2.2 4.7 -0.5
v -2.2 4.7 -0.9
v -2.2 4.7 -1.1
v -2.2 4.8 0.2
v -2.2 4.8 -0.1
v -2.2 4.9 0.4
v -2.2 4.9 0.2
v -2.2 4.9 -0.1
v -2.2 4.9 -0.2
v -2.2 5 0.4
v -2.2 5 0.2
v -2.2 5 0.0999999
v -2.2 5 -0.1
v -2.2 5 -0.2
v -2.2 5 -0.4
v -2.2 5.1 0.2
v -2.2 5.1 0.0999999
v -2.2 5.1 -0.2
v -2.2 5.1 -0.4
v -2.2 5.2 0.0999999
v -2.2 5.2 -0.2
v -2.2 5.3 1.1
v -2.2 5.3 0.9
v -2.2 5.3 0.5
v -2.2 5.3 -0.5
v -2.2 5.3 -0.9
v -2.2 5.3 -1.1
v -2.2 5.5 1.1
v -2.2 5.5 0.9
v -2.2 5.5 -0.9
v -2.2 5.5 -1.1
v -2.1 4.5 1.3
v -2.1 4.5 1.1
v -2.1 4.5 -1.1
v -2.1 4.5 -1.3
v -2.1 4.7 1.3
v -2.1 4.7 1.1
v -2.1 4.7 0.8
v -2.1 4.7 0.5
v -2.1 4.7 -0.5
v -2.1 4.7 -0.8
v -2.1 4.7 -1.1
v -2.1 4.7 -1.3
v -2.1 5.3 1.3
v -2.1 5.3 1.1
v -2.1 5.3 0.8
v -2.1 5.3 0.5
v -2.1 5.3 -0.5
v -2.1 5.3 -0.8
v -2.1 5.3 -1.1
v -2.1 5.3 -1.3
v -2.1 5.5 1.3
v -2.1 5.5 1.1
v -2.1 5.5 -1.1
v -2.1 5.5 -1.3
v -2 4.5 1.4
v -2 4.5 1.3
v -2 4.5 -1.3
v -2 4.5 -1.4
v -2 4.7 1.4
v -2 4.7 1.3
v -2 4.7 1.1
v -2 4.7 0.8
v -2 4.7 -0.8
v -2 4.7 -1.1
v -2 4.7 -1.3
v -2 4.7 -1.4
v -2 5.3 1.4
v -2 5.3 1.3
v -2 5.3 1.1
v -2 5.3 0.8
v -2 5.3 -0.8
v -2 5.3 -1.1
v -2 5.3 -1.3
v -2 5.3 -1.4
v -2 5.5 1.4
v -2 5.5 1.3
v -2 5.5 -1.3
v -2 5.5 -1.4
v -1.9 4.5 1.6
v -1.9 4.5 1.4
v -1.9 4.5 -1.4
v -1.9 4.5 -1.6
v -1.9 4.7 1.6
v -1.9 4.7 1.4
v -1.9 4.7 1.2
v -1.9 4.7 1.1
v -1.9 4.7 -1.1
v -1.9 4.7 -1.2
v -1.9 4.7 -1.4
v -1.9 4.7 -1.6
v -1.9 4.9 -1.3
v -1.9 4.9 -1.4
v -1.9 5 1.4
v -1.9 5 1.3
v -1.9 5 -1.3
v -1.9 5 -1.4
v -1.9 5.1 1.4
v -1.9 5.1 1.3
v -1.9 5.3 1.6
v -1.9 5.3 1.4
v -1.9 5.3 1.2
v -1.9 5.3 1.1
v -1.9 5.3 -1.1
v -1.9 5.3 -1.2
v -1.9 5.3 -1.4
v -1.9 5.3 -1.6
v -1.9 5.5 1.6
v -1.9 5.5 1.4
v -1.9 5.5 -1.4
v -1.9 5.5 -1.6
v -1.8 4.5 1.7
v -1.8 4.5 1.6
v -1.8 4.5 -1.6
v -1.8 4.5 -1.7
v -1.8 4.7 1.7
v -1.8 4.7 1.6
v -1.8 4.7 1.4
v -1.8 4.7 1.2
v -1.8 4.7 -1.2
v -1.8 4.7 -1.4
v -1.8 4.7 -1.6
v -1.8 4.7 -1.7
v -1.8 4.9 1.5
v -1.8 4.9 1.4
v -1.8 4.9 -1.3
v -1.8 4.9 -1.4
v -1.8 4.9 -1.5
v -1.8 5 1.4
v -1.8 5 1.3
v -1.8 5 -1.3
v -1.8 5 -1.4
v -1.8 5.1 1.5
v -1.8 5.1 1.4
v -1.8 5.1 1.3
v -1.8 5.1 -1.4
v -1.8 5.1 -1.5
v -1.8 5.3 1.7
v -1.8 5.3 1.6
v -1.8 5.3 1.4
v -1.8 5.3 1.2
v -1.8 5.3 -1.2
v -1.8 5.3 -1.4
v -1.8 5.3 -1.6
v -1.8 5.3 -1.7
v -1.8 5.5 1.7
v -1.8 5.5 1.6
v -1.8 5.5 -1.6
v -1.8 5.5 -1.7
v -1.7 4.5 1.8
v -1.7 4.5 1.7
v -1.7 4.5 -1.7
v -1.7 4.5 -1.8
v -1.7 4.7 1.8
v -1.7 4.7 1.7
v -1.7 4.7 1.5
v -1.7 4.7 1.4
v -1.7 4.7 -1.4
v -1.7 4.7 -1.5
v -1.7 4.7 -1.7
v -1.7 4.7 -1.8
v -1.7 4.8 1.6
v -1.7 4.8 1.5
v -1.7 4.8 -1.5
v -1.7 4.8 -1.6
v -1.7 4.9 1.6
v -1.7 4.9 1.5
v -1.7 4.9 1.4
v -1.7 4.9 -1.4
v -1.7 4.9 -1.5
v -1.7 4.9 -1.6
v -1.7 5.1 1.6
v -1.7 5.1 1.5
v -1.7 5.1 1.4
v -1.7 5.1 -1.4
v -1.7 5.1 -1.5
v -1.7 5.1 -1.6
v -1.7 5.2 1.6
v -1.7 5.2 1.5
v -1.7 5.2 -1.5
v -1.7 5.2 -1.6
v -1.7 5.3 1.8
v -1.7 5.3 1.7
v -1.7 5.3 1.5
v -1.7 5.3 1.4
v -1.7 5.3 -1.4
v -1.7 5.3 -1.5
v -1.7 5.3 -1.7
v -1.7 5.3 -1.8
v -1.7 5.5 1.8
v -1.7 5.5 1.7
v -1.7 5.5 -1.7
v -1.7 5.5 -1.8
v -1.6 4.5 1.9
v -1.6 4.5 1.8
v -1.6 4.5 -1.8
v -1.6 4.5 -1.9
v -1.6 4.7 1.9
v -1.6 4.7 1.8
v -1.6 4.7 1.6
v -1.6 4.7 1.5
v -1.6 4.7 -1.5
v -1.6 4.7 -1.6
v -1.6 4.7 -1.8
v -1.6 4.7 -1.9
v -1.6 4.8 1.7
v -1.6 4.8 1.6
v -1.6 4.8 1.5
v -1.6 4.8 -1.5
v -1.6 4.8 -1.6
v -1.6 4.8 -1.7
v -1.6 4.9 1.7
v -1.6 4.9 1.6
v -1.6 4.9 1.5
v -1.6 4.9 -1.5
v -1.6 4.9 -1.6
v -1.6 4.9 -1.7
v -1.6 5.1 1.7
v -1.6 5.1 1.6
v -1.6 5.1 1.5
v -1.6 5.1 -1.5
v -1.6 5.1 -1.6
v -1.6 5.1 -1.7
v -1.6 5.2 1.7
v -1.6 5.2 1.6
v -1.6 5.2 1.5
v -1.6 5.2 -1.5
v -1.6 5.2 -1.6
v -1.6 5.2 -1.7
v -1.6 5.3 1.9
v -1.6 5.3 1.8
v -1.6 5.3 1.6
v -1.6 5.3 1.5
v -1.6 5.3 -1.5
v -1.6 5.3 -1.6
v -1.6 5.3 -1.8
v -1.6 5.3 -1.9
v -1.6 5.5 1.9
v -1.6 5.5 1.8
v -1.6 5.5 -1.8
v -1.6 5.5 -1.9
v -1.5 4.7 1.7
v -1.5 4.7 1.6
v -1.5 4.7 -1.6
v -1.5 4.7 -1.7
v -1.5 4.8 1.7
v -1.5 4.8 1.6
v -1.5 4.8 -1.6
v -1.5 4.8 -1.7
v -1.5 4.9 1.8
v -1.5 4.9 1.7
v -1.5 4.9 1.6
v -1.5 4.9 -1.6
v -1.5 4.9 -1.7
v -1.5 4.9 -1.8
v -1.5 5.1 1.8
v -1.5 5.1 1.7
v -1.5 5.1 1.6
v -1.5 5.1 -1.6
v -1.5 5.1 -1.7
v -1.5 5.1 -1.8
v -1.5 5.2 1.7
v -1.5 5.2 1.6
v -1.5 5.2 -1.6
v -1.5 5.2 -1.7
v -1.5 5.3 1.7
v -1.5 5.3 1.6
v -1.5 5.3 -1.6
v -1.5 5.3 -1.7
v -1.4 4.5 2
v -1.4 4.5 1.9
v -1.4 4.5 -1.9
v -1.4 4.5 -2
v -1.4 4.7 2
v -1.4 4.7 1.9
v -1.4 4.7 1.8
v -1.4 4.7 1.7
v -1.4 4.7 -1.7
v -1.4 4.7 -1.8
v -1.4 4.7 -1.9
v -1.4 4.7 -2
v -1.4 4.9 1.9
v -1.4 4.9 1.8
v -1.4 4.9 1.7
v -1.4 4.9 -1.7
v -1.4 4.9 -1.8
v -1.4 5 1.9
v -1.4 5 1.8
v -1.4 5 -1.8
v -1.4 5 -1.9
v -1.4 5.1 1.8
v -1.4 5.1 1.7
v -1.4 5.1 -1.7
v -1.4 5.1 -1.8
v -1.4 5.1 -1.9
v -1.4 5.3 2
v -1.4 5.3 1.9
v -1.4 5.3 1.8
v -1.4 5.3 1.7
v -1.4 5.3 -1.7
v -1.4 5.3 -1.8
v -1.4 5.3 -1.9
v -1.4 5.3 -2
v -1.4 5.5 2
v -1.4 5.5 1.9
v -1.4 5.5 -1.9
v -1.4 5.5 -2
v -1.3 4.5 2.1
v -1.3 4.5 2
v -1.3 4.5 -2
v -1.3 4.5 -2.1
v -1.3 4.7 2.1
v -1.3 4.7 2
v -1.3 4.7 -2
v -1.3 4.7 -2.1
v -1.3 5.3 2.1
v -1.3 5.3 2
v -1.3 5.3 -2
v -1.3 5.3 -2.1
v -1.3 5.5 2.1
v -1.3 5.5 2
v -1.3 5.5 -2
v -1.3 5.5 -2.1
v -1.2 4.7 1.9
v -1.2 4.7 1.8
v -1.2 4.7 -1.8
v -1.2 4.7 -1.9
v -1.2 5.3 1.9
v -1.2 5.3 1.8
v -1.2 5.3 -1.8
v -1.2 5.3 -1.9
v -1.1 4.5 2.2
v -1.1 4.5 2.1
v -1.1 4.5 -2.1
v -1.1 4.5 -2.2
v -1.1 4.7 2.2
v -1.1 4.7 2.1
v -1.1 4.7 2
v -1.1 4.7 1.9
v -1.1 4.7 -1.9
v -1.1 4.7 -2
v -1.1 4.7 -2.1
v -1.1 4.7 -2.2
v -1.1 5.3 2.2
v -1.1 5.3 2.1
v -1.1 5.3 2
v -1.1 5.3 1.9
v -1.1 5.3 -1.9
v -1.1 5.3 -2
v -1.1 5.3 -2.1
v -1.1 5.3 -2.2
v -1.1 5.5 2.2
v -1.1 5.5 2.1
v -1.1 5.5 -2.1
v -1.1 5.5 -2.2
v -0.9 4.5 2.3
v -0.9 4.5 2.2
v -0.9 4.5 -2.2
v -0.9 4.5 -2.3
v -0.9 4.7 2.3
v -0.9 4.7 2.2
v -0.9 4.7 -2.2
v -0.9 4.7 -2.3
v -0.9 5.3 2.3
v -0.9 5.3 2.2
v -0.9 5.3 -2.2
v -0.9 5.3 -2.3
v -0.9 5.5 2.3
v -0.9 5.5 2.2
v -0.9 5.5 -2.2
v -0.9 5.5 -2.3
v -0.8 4.7 2.1
v -0.8 4.7 2
v -0.8 4.7 -2
v -0.8 4.7 -2.1
v -0.8 5.3 2.1
v -0.8 5.3 2
v -0.8 5.3 -2
v -0.8 5.3 -2.1
v -0.5 4.5 2.4
v -0.5 4.5 2.3
v -0.5 4.5 -2.3
v -0.5 4.5 -2.4
v -0.5 4.7 2.4
v -0.5 4.7 2.3
v -0.5 4.7 2.2
v -0.5 4.7 2.1
v -0.5 4.7 -2.1
v -0.5 4.7 -2.2
v -0.5 4.7 -2.3
v -0.5 4.7 -2.4
v -0.5 5.3 2.4
v -0.5 5.3 2.3
v -0.5 5.3 2.2
v -0.5 5.3 2.1
v -0.5 5.3 -2.1
v -0.5 5.3 -2.2
v -0.5 5.3 -2.3
v -0.5 5.3 -2.4
v -0.5 5.5 2.4
v -0.5 5.5 2.3
v -0.5 5.5 -2.3
v -0.5 5.5 -2.4
v -0.4 4.9 -2.2
v -0.4 4.9 -2.3
v -0.4 5 2.3
v -0.4 5 2.2
v -0.4 5 -2.2
v -0.4 5 -2.3
v -0.4 5.1 2.3
v -0.4 5.1 2.2
v -0.2 4.8 -2.2
v -0.2 4.8 -2.3
v -0.2 4.9 2.3
v -0.2 4.9 2.2
v -0.2 4.9 -2.2
v -0.2 4.9 -2.3
v -0.2 5 2.3
v -0.2 5 2.2
v -0.2 5 -2.2
v -0.2 5 -2.3
v -0.2 5.1 2.3
v -0.2 5.1 2.2
v -0.2 5.1 -2.2
v -0.2 5.1 -2.3
v -0.2 5.2 2.3
v -0.2 5.2 2.2
v -0.0999999 4.8 2.3
v -0.0999999 4.8 2.2
v -0.0999999 4.9 2.3
v -0.0999999 4.9 2.2
v -0.0999999 5.1 -2.2
v -0.0999999 5.1 -2.3
v -0.0999999 5.2 -2.2
v -0.0999999 5.2 -2.3
v 0.1 4.9 -2.2
v 0.1 4.9 -2.3
v 0.1 5 2.3
v 0.1 5 2.2
v 0.1 5 -2.2
v 0.1 5 -2.3
v 0.1 5.1 2.3
v 0.1 5.1 2.2
v 0.2 4.9 2.3
v 0.2 4.9 2.2
v 0.2 5 2.3
v 0.2 5 2.2
v 0.2 5 -2.2
v 0.2 5 -2.3
v 0.2 5.1 -2.2
v 0.2 5.1 -2.3
v 0.5 4.5 2
v 0.5 4.5 1.9
v 0.5 4.5 -1.9
v 0.5 4.5 -2
v 0.5 5.5 2
v 0.5 5.5 1.9
v 0.5 5.5 -1.9
v 0.5 5.5 -2
v 0.8 4.5 1.9
v 0.8 4.5 1.8
v 0.8 4.5 -1.8
v 0.8 4.5 -1.9
v 0.8 5.5 1.9
v 0.8 5.5 1.8
v 0.8 5.5 -1.8
v 0.8 5.5 -1.9
v 1 4.5 1.8
v 1 4.5 1.7
v 1 4.5 -1.7
v 1 4.5 -1.8
v 1 5.5 1.8
v 1 5.5 1.7
v 1 5.5 -1.7
v 1 5.5 -1.8
v 1.2 4.5 1.7
v 1.2 4.5 1.6
v 1.2 4.5 -1.6
v 1.2 4.5 -1.7
v 1.2 5.5 1.7
v 1.2 5.5 1.6
v 1.2 5.5 -1.6
v 1.2 5.5 -1.7
v 1.3 4.5 1.6
v 1.3 4.5 1.5
v 1.3 4.5 -1.5
v 1.3 4.5 -1.6
v 1.3 4.9 -1.8
v 1.3 4.9 -1.9
v 1.3 5 1.9
v 1.3 5 1.8
v 1.3 5 -1.8
v 1.3 5 -1.9
v 1.3 5.1 1.9
v 1.3 5.1 1.8
v 1.3 5.5 1.6
v 1.3 5.5 1.5
v 1.3 5.5 -1.5
v 1.3 5.5 -1.6
v 1.4 4.5 1.5
v 1.4 4.5 1.4
v 1.4 4.5 -1.4
v 1.4 4.5 -1.5
v 1.4 5.5 1.5
v 1.4 5.5 1.4
v 1.4 5.5 -1.4
v 1.4 5.5 -1.5
v 1.5 4.5 1.4
v 1.5 4.5 1.3
v 1.5 4.5 -1.3
v 1.5 4.5 -1.4
v 1.5 5.5 1.4
v 1.5 5.5 1.3
v 1.5 5.5 -1.3
v 1.5 5.5 -1.4
v 1.6 4.5 1.3
v 1.6 4.5 1.2
v 1.6 4.5 -1.2
v 1.6 4.5 -1.3
v 1.6 5.5 1.3
v 1.6 5.5 1.2
v 1.6 5.5 -1.2
v 1.6 5.5 -1.3
v 1.7 4.5 1.2
v 1.7 4.5 1
v 1.7 4.5 -1
v 1.7 4.5 -1.2
v 1.7 5.5 1.2
v 1.7 5.5 1
v 1.7 5.5 -1
v 1.7 5.5 -1.2
v 1.8 4.5 1
v 1.8 4.5 0.8
v 1.8 4.5 -0.8
v 1.8 4.5 -1
v 1.8 5.5 1
v 1.8 5.5 0.8
v 1.8 5.5 -0.8
v 1.8 5.5 -1
v 1.9 4.5 0.8
v 1.9 4.5 0.5
v 1.9 4.5 -0.5
v 1.9 4.5 -0.8
v 1.9 5.5 0.8
v 1.9 5.5 0.5
v 1.9 5.5 -0.5
v 1.9 5.5 -0.8
v 2 4.5 0.5
v 2 4.5 -0.5
v 2 5.5 0.5
v 2 5.5 -0.5
v -2 4.5 0.5
v -2 4.5 -0.5
v -2 5.5 0.5
v -2 5.5 -0.5
v -1.9 4.5 0.8
v -1.9 4.5 0.5
v -1.9 4.5 -0.5
v -1.9 4.5 -0.8
v -1.9 5.5 0.8
v -1.9 5.5 0.5
v -1.9 5.5 -0.5
v -1.9 5.5 -0.8
v -1.8 4.5 1
v -1.8 4.5 0.8
v -1.8 4.5 -0.8
v -1.8 4.5 -1
v -1.8 5.5 1
v -1.8 5.5 0.8
v -1.8 5.5 -0.8
v -1.8 5.5 -1
v -1.7 4.5 1.2
v -1.7 4.5 1
v -1.7 4.5 -1
v -1.7 4.5 -1.2
v -1.7 5.5 1.2
v -1.7 5.5 1
v -1.7 5.5 -1
v -1.7 5.5 -1.2
v -1.6 4.5 1.3
v -1.6 4.5 1.2
v -1.6 4.5 -1.2
v -1.6 4.5 -1.3
v -1.6 5.5 1.3
v -1.6 5.5 1.2
v -1.6 5.5 -1.2
v -1.6 5.5 -1.3
v -1.5 4.5 1.4
v -1.5 4.5 1.3
v -1.5 4.5 -1.3
v -1.5 4.5 -1.4
v -1.5 5.5 1.4
v -1.5 5.5 1.3
v -1.5 5.5 -1.3
v -1.5 5.5 -1.4
v -1.4 4.5 1.5
v -1.4 4.5 1.4
v -1.4 4.5 -1.4
v -1.4 4.5 -1.5
v -1.4 5.5 1.5
v -1.4 5.5 1.4
v -1.4 5.5 -1.4
v -1.4 5.5 -1.5
v -1.3 4.5 1.6
v -1.3 4.5 1.5
v -1.3 4.5 -1.5
v -1.3 4.5 -1.6
v -1.3 4.9 1.9
v -1.3 4.9 1.8
v -1.3 5 1.9
v -1.3 5 1.8
v -1.3 5 -1.8
v -1.3 5 -1.9
v -1.3 5.1 -1.8
v -1.3 5.1 -1.9
v -1.3 5.5 1.6
v -1.3 5.5 1.5
v -1.3 5.5 -1.5
v -1.3 5.5 -1.6
v -1.2 4.5 1.7
v -1.2 4.5 1.6
v -1.2 4.5 -1.6
v -1.2 4.5 -1.7
v -1.2 5.5 1.7
v -1.2 5.5 1.6
v -1.2 5.5 -1.6
v -1.2 5.5 -1.7
v -1 4.5 1.8
v -1 4.5 1.7
v -1 4.5 -1.7
v -1 4.5 -1.8
v -1 5.5 1.8
v -1 5.5 1.7
v -1 5.5 -1.7
v -1 5.5 -1.8
v -0.8 4.5 1.9
v -0.8 4.5 1.8
v -0.8 4.5 -1.8
v -0.8 4.5 -1.9
v -0.8 5.5 1.9
v -0.8 5.5 1.8
v -0.8 5.5 -1.8
v -0.8 5.5 -1.9
v -0.5 4.5 2
v -0.5 4.5 1.9
v -0.5 4.5 -1.9
v -0.5 4.5 -2
v -0.5 5.5 2
v -0.5 5.5 1.9
v -0.5 5.5 -1.9
v -0.5 5.5 -2
v -0.2 4.9 -2.2
v -0.2 4.9 -2.3
v -0.2 5 2.3
v -0.2 5 2.2
v -0.2 5 -2.2
v -0.2 5 -2.3
v -0.2 5.1 2.3
v -0.2 5.1 2.2
v -0.0999999 4.9 2.3
v -0.0999999 4.9 2.2
v -0.0999999 5 2.3
v -0.0999999 5 2.2
v -0.0999999 5 -2.2
v -0.0999999 5 -2.3
v -0.0999999 5.1 -2.2
v -0.0999999 5.1 -2.3
v 0.1 4.8 -2.2
v 0.1 4.8 -2.3
v 0.1 4.9 -2.2
v 0.1 4.9 -2.3
v 0.1 5.1 2.3
v 0.1 5.1 2.2
v 0.1 5.2 2.3
v 0.1 5.2 2.2
v 0.2 4.8 2.3
v 0.2 4.8 2.2
v 0.2 4.9 2.3
v 0.2 4.9 2.2
v 0.2 4.9 -2.2
v 0.2 4.9 -2.3
v 0.2 5 2.3
v 0.2 5 2.2
v 0.2 5 -2.2
v 0.2 5 -2.3
v 0.2 5.1 2.3
v 0.2 5.1 2.2
v 0.2 5.1 -2.2
v 0.2 5.1 -2.3
v 0.2 5.2 -2.2
v 0.2 5.2 -2.3
v 0.4 4.9 2.3
v 0.4 4.9 2.2
v 0.4 5 2.3
v 0.4 5 2.2
v 0.4 5 -2.2
v 0.4 5 -2.3
v 0.4 5.1 -2.2
v 0.4 5.1 -2.3
v 0.5 4.5 2.4
v 0.5 4.5 2.3
v 0.5 4.5 -2.3
v 0.5 4.5 -2.4
v 0.5 4.7 2.4
v 0.5 4.7 2.3
v 0.5 4.7 2.2
v 0.5 4.7 2.1
v 0.5 4.7 -2.1
v 0.5 4.7 -2.2
v 0.5 4.7 -2.3
v 0.5 4.7 -2.4
v 0.5 5.3 2.4
v 0.5 5.3 2.3
v 0.5 5.3 2.2
v 0.5 5.3 2.1
v 0.5 5.3 -2.1
v 0.5 5.3 -2.2
v 0.5 5.3 -2.3
v 0.5 5.3 -2.4
v 0.5 5.5 2.4
v 0.5 5.5 2.3
v 0.5 5.5 -2.3
v 0.5 5.5 -2.4
v 0.8 4.7 2.1
v 0.8 4.7 2
v 0.8 4.7 -2
v 0.8 4.7 -2.1
v 0.8 5.3 2.1
v 0.8 5.3 2
v 0.8 5.3 -2
v 0.8 5.3 -2.1
v 0.9 4.5 2.3
v 0.9 4.5 2.2
v 0.9 4.5 -2.2
v 0.9 4.5 -2.3
v 0.9 4.7 2.3
v 0.9 4.7 2.2
v 0.9 4.7 -2.2
v 0.9 4.7 -2.3
v 0.9 5.3 2.3
v 0.9 5.3 2.2
v 0.9 5.3 -2.2
v 0.9 5.3 -2.3
v 0.9 5.5 2.3
v 0.9 5.5 2.2
v 0.9 5.5 -2.2
v 0.9 5.5 -2.3
v 1.1 4.5 2.2
v 1.1 4.5 2.1
v 1.1 4.5 -2.1
v 1.1 4.5 -2.2
v 1.1 4.7 2.2
v 1.1 4.7 2.1
v 1.1 4.7 2
v 1.1 4.7 1.9
v 1.1 4.7 -1.9
v 1.1 4.7 -2
v 1.1 4.7 -2.1
v 1.1 4.7 -2.2
v 1.1 5.3 2.2
v 1.1 5.3 2.1
v 1.1 5.3 2
v 1.1 5.3 1.9
v 1.1 5.3 -1.9
v 1.1 5.3 -2
v 1.1 5.3 -2.1
v 1.1 5.3 -2.2
v 1.1 5.5 2.2
v 1.1 5.5 2.1
v 1.1 5.5 -2.1
v 1.1 5.5 -2.2
v 1.2 4.7 1.9
v 1.2 4.7 1.8
v 1.2 4.7 -1.8
v 1.2 4.7 -1.9
v 1.2 5.3 1.9
v 1.2 5.3 1.8
v 1.2 5.3 -1.8
v 1.2 5.3 -1.9
v 1.3 4.5 2.1
v 1.3 4.5 2
v 1.3 4.5 -2
v 1.3 4.5 -2.1
v 1.3 4.7 2.1
v 1.3 4.7 2
v 1.3 4.7 -2
v 1.3 4.7 -2.1
v 1.3 5.3 2.1
v 1.3 5.3 2
v 1.3 5.3 -2
v 1.3 5.3 -2.1
v 1.3 5.5 2.1
v 1.3 5.5 2
v 1.3 5.5 -2
v 1.3 5.5 -2.1
v 1.4 4.5 2
v 1.4 4.5 1.9
v 1.4 4.5 -1.9
v 1.4 4.5 -2
v 1.4 4.7 2
v 1.4 4.7 1.9
v 1.4 4.7 1.8
v 1.4 4.7 1.7
v 1.4 4.7 -1.7
v 1.4 4.7 -1.8
v 1.4 4.7 -1.9
v 1.4 4.7 -2
v 1.4 4.9 1.8
v 1.4 4.9 1.7
v 1.4 4.9 -1.7
v 1.4 4.9 -1.8
v 1.4 4.9 -1.9
v 1.4 5 1.9
v 1.4 5 1.8
v 1.4 5 -1.8
v 1.4 5 -1.9
v 1.4 5.1 1.9
v 1.4 5.1 1.8
v 1.4 5.1 1.7
v 1.4 5.1 -1.7
v 1.4 5.1 -1.8
v 1.4 5.3 2
v 1.4 5.3 1.9
v 1.4 5.3 1.8
v 1.4 5.3 1.7
v 1.4 5.3 -1.7
v 1.4 5.3 -1.8
v 1.4 5.3 -1.9
v 1.4 5.3 -2
v 1.4 5.5 2
v 1.4 5.5 1.9
v 1.4 5.5 -1.9
v 1.4 5.5 -2
v 1.5 4.7 1.7
v 1.5 4.7 1.6
v 1.5 4.7 -1.6
v 1.5 4.7 -1.7
v 1.5 4.8 1.7
v 1.5 4.8 1.6
v 1.5 4.8 -1.6
v 1.5 4.8 -1.7
v 1.5 4.9 1.8
v 1.5 4.9 1.7
v 1.5 4.9 1.6
v 1.5 4.9 -1.6
v 1.5 4.9 -1.7
v 1.5 4.9 -1.8
v 1.5 5.1 1.8
v 1.5 5.1 1.7
v 1.5 5.1 1.6
v 1.5 5.1 -1.6
v 1.5 5.1 -1.7
v 1.5 5.1 -1.8
v 1.5 5.2 1.7
v 1.5 5.2 1.6
v 1.5 5.2 -1.6
v 1.5 5.2 -1.7
v 1.5 5.3 1.7
v 1.5 5.3 1.6
v 1.5 5.3 -1.6
v 1.5 5.3 -1.7
v 1.6 4.5 1.9
v 1.6 4.5 1.8
v 1.6 4.5 -1.8
v 1.6 4.5 -1.9
v 1.6 4.7 1.9
v 1.6 4.7 1.8
v 1.6 4.7 1.6
v 1.6 4.7 1.5
v 1.6 4.7 -1.5
v 1.6 4.7 -1.6
v 1.6 4.7 -1.8
v 1.6 4.7 -1.9
v 1.6 4.8 1.7
v 1.6 4.8 1.6
v 1.6 4.8 1.5
v 1.6 4.8 -1.5
v 1.6 4.8 -1.6
v 1.6 4.8 -1.7
v 1.6 4.9 1.7
v 1.6 4.9 1.6
v 1.6 4.9 1.5
v 1.6 4.9 -1.5
v 1.6 4.9 -1.6
v 1.6 4.9 -1.7
v 1.6 5.1 1.7
v 1.6 5.1 1.6
v 1.6 5.1 1.5
v 1.6 5.1 -1.5
v 1.6 5.1 -1.6
v 1.6 5.1 -1.7
v 1.6 5.2 1.7
v 1.6 5.2 1.6
v 1.6 5.2 1.5
v 1.6 5.2 -1.5
v 1.6 5.2 -1.6
v 1.6 5.2 -1.7
v 1.6 5.3 1.9
v 1.6 5.3 1.8
v 1.6 5.3 1.6
v 1.6 5.3 1.5
v 1.6 5.3 -1.5
v 1.6 5.3 -1.6
v 1.6 5.3 -1.8
v 1.6 5.3 -1.9
v 1.6 5.5 1.9
v 1.6 5.5 1.8
v 1.6 5.5 -1.8
v 1.6 5.5 -1.9
v 1.7 4.5 1.8
v 1.7 4.5 1.7
v 1.7 4.5 -1.7
v 1.7 4.5 -1.8
v 1.7 4.7 1.8
v 1.7 4.7 1.7
v 1.7 4.7 1.5
v 1.7 4.7 1.4
v 1.7 4.7 -1.4
v 1.7 4.7 -1.5
v 1.7 4.7 -1.7
v 1.7 4.7 -1.8
v 1.7 4.8 1.6
v 1.7 4.8 1.5
v 1.7 4.8 -1.5
v 1.7 4.8 -1.6
v 1.7 4.9 1.6
v 1.7 4.9 1.5
v 1.7 4.9 1.4
v 1.7 4.9 -1.4
v 1.7 4.9 -1.5
v 1.7 4.9 -1.6
v 1.7 5.1 1.6
v 1.7 5.1 1.5
v 1.7 5.1 1.4
v 1.7 5.1 -1.4
v 1.7 5.1 -1.5
v 1.7 5.1 -1.6
v 1.7 5.2 1.6
v 1.7 5.2 1.5
v 1.7 5.2 -1.5
v 1.7 5.2 -1.6
v 1.7 5.3 1.8
v 1.7 5.3 1.7
v 1.7 5.3 1.5
v 1.7 5.3 1.4
v 1.7 5.3 -1.4
v 1.7 5.3 -1.5
v 1.7 5.3 -1.7
v 1.7 5.3 -1.8
v 1.7 5.5 1.8
v 1.7 5.5 1.7
v 1.7 5.5 -1.7
v 1.7 5.5 -1.8
v 1.8 4.5 1.7
v 1.8 4.5 1.6
v 1.8 4.5 -1.6
v 1.8 4.5 -1.7
v 1.8 4.7 1.7
v 1.8 4.7 1.6
v 1.8 4.7 1.4
v 1.8 4.7 1.2
v 1.8 4.7 -1.2
v 1.8 4.7 -1.4
v 1.8 4.7 -1.6
v 1.8 4.7 -1.7
v 1.8 4.9 1.5
v 1.8 4.9 1.4
v 1.8 4.9 1.3
v 1.8 4.9 -1.4
v 1.8 4.9 -1.5
v 1.8 5 1.4
v 1.8 5 1.3
v 1.8 5 -1.3
v 1.8 5 -1.4
v 1.8 5.1 1.5
v 1.8 5.1 1.4
v 1.8 5.1 -1.3
v 1.8 5.1 -1.4
v 1.8 5.1 -1.5
v 1.8 5.3 1.7
v 1.8 5.3 1.6
v 1.8 5.3 1.4
v 1.8 5.3 1.2
v 1.8 5.3 -1.2
v 1.8 5.3 -1.4
v 1.8 5.3 -1.6
v 1.8 5.3 -1.7
v 1.8 5.5 1.7
v 1.8 5.5 1.6
v 1.8 5.5 -1.6
v 1.8 5.5 -1.7
v 1.9 4.5 1.6
v 1.9 4.5 1.4
v 1.9 4.5 -1.4
v 1.9 4.5 -1.6
v 1.9 4.7 1.6
v 1.9 4.7 1.4
v 1.9 4.7 1.2
v 1.9 4.7 1.1
v 1.9 4.7 -1.1
v 1.9 4.7 -1.2
v 1.9 4.7 -1.4
v 1.9 4.7 -1.6
v 1.9 4.9 1.4
v 1.9 4.9 1.3
v 1.9 5 1.4
v 1.9 5 1.3
v 1.9 5 -1.3
v 1.9 5 -1.4
v 1.9 5.1 -1.3
v 1.9 5.1 -1.4
v 1.9 5.3 1.6
v 1.9 5.3 1.4
v 1.9 5.3 1.2
v 1.9 5.3 1.1
v 1.9 5.3 -1.1
v 1.9 5.3 -1.2
v 1.9 5.3 -1.4
v 1.9 5.3 -1.6
v 1.9 5.5 1.6
v 1.9 5.5 1.4
v 1.9 5.5 -1.4
v 1.9 5.5 -1.6
v 2 4.5 1.4
v 2 4.5 1.3
v 2 4.5 -1.3
v 2 4.5 -1.4
v 2 4.7 1.4
v 2 4.7 1.3
v 2 4.7 1.1
v 2 4.7 0.8
v 2 4.7 -0.8
v 2 4.7 -1.1
v 2 4.7 -1.3
v 2 4.7 -1.4
v 2 5.3 1.4
v 2 5.3 1.3
v 2 5.3 1.1
v 2 5.3 0.8
v 2 5.3 -0.8
v 2 5.3 -1.1
v 2 5.3 -1.3
v 2 5.3 -1.4
v 2 5.5 1.4
v 2 5.5 1.3
v 2 5.5 -1.3
v 2 5.5 -1.4
v 2.1 4.5 1.3
v 2.1 4.5 1.1
v 2.1 4.5 -1.1
v 2.1 4.5 -1.3
v 2.1 4.7 1.3
v 2.1 4.7 1.1
v 2.1 4.7 0.8
v 2.1 4.7 0.5
v 2.1 4.7 -0.5
v 2.1 4.7 -0.8
v 2.1 4.7 -1.1
v 2.1 4.7 -1.3
v 2.1 5.3 1.3
v 2.1 5.3 1.1
v 2.1 5.3 0.8
v 2.1 5.3 0.5
v 2.1 5.3 -0.5
v 2.1 5.3 -0.8
v 2.1 5.3 -1.1
v 2.1 5.3 -1.3
v 2.1 5.5 1.3
v 2.1 5.5 1.1
v 2.1 5.5 -1.1
v 2.1 5.5 -1.3
v 2.2 4.5 1.1
v 2.2 4.5 0.9
v 2.2 4.5 -0.9
v 2.2 4.5 -1.1
v 2.2 4.7 1.1
v 2.2 4.7 0.9
v 2.2 4.7 0.5
v 2.2 4.7 -0.5
v 2.2 4.7 -0.9
v 2.2 4.7 -1.1
v 2.2 4.8 0.0999999
v 2.2 4.8 -0.2
v 2.2 4.9 0.2
v 2.2 4.9 0.0999999
v 2.2 4.9 -0.2
v 2.2 4.9 -0.4
v 2.2 5 0.4
v 2.2 5 0.2
v 2.2 5 0.0999999
v 2.2 5 -0.1
v 2.2 5 -0.2
v 2.2 5 -0.4
v 2.2 5.1 0.4
v 2.2 5.1 0.2
v 2.2 5.1 -0.1
v 2.2 5.1 -0.2
v 2.2 5.2 0.2
v 2.2 5.2 -0.1
v 2.2 5.3 1.1
v 2.2 5.3 0.9
v 2.2 5.3 0.5
v 2.2 5.3 -0.5
v 2.2 5.3 -0.9
v 2.2 5.3 -1.1
v 2.2 5.5 1.1
v 2.2 5.5 0.9
v 2.2 5.5 -0.9
v 2.2 5.5 -1.1
v 2.3 4.5 0.9
v 2.3 4.5 0.5
v 2.3 4.5 -0.5
v 2.3 4.5 -0.9
v 2.3 4.7 0.9
v 2.3 4.7 0.5
v 2.3 4.7 -0.5
v 2.3 4.7 -0.9
v 2.3 4.8 0.0999999
v 2.3 4.8 -0.2
v 2.3 4.9 0.2
v 2.3 4.9 0.0999999
v 2.3 4.9 -0.2
v 2.3 4.9 -0.4
v 2.3 5 0.4
v 2.3 5 0.2
v 2.3 5 0.0999999
v 2.3 5 -0.1
v 2.3 5 -0.2
v 2.3 5 -0.4
v 2.3 5.1 0.4
v 2.3 5.1 0.2
v 2.3 5.1 -0.1
v 2.3 5.1 -0.2
v 2.3 5.2 0.2
v 2.3 5.2 -0.1
v 2.3 5.3 0.9
v 2.3 5.3 0.5
v 2.3 5.3 -0.5
v 2.3 5.3 -0.9
v 2.3 5.5 0.9
v 2.3 5.5 0.5
v 2.3 5.5 -0.5
v 2.3 5.5 -0.9
v 2.4 4.5 0.5
v 2.4 4.5 -0.5
v 2.4 4.7 0.5
v 2.4 4.7 -0.5
v 2.4 5.3 0.5
v 2.4 5.3 -0.5
v 2.4 5.5 0.5
v 2.4 5.5 -0.5
v -0.5 4.5 2.4
v -0.5 4.7 2.4
v -0.5 5.3 2.4
v -0.5 5.5 2.4
v 0.5 4.5 2.4
v 0.5 4.7 2.4
v 0.5 5.3 2.4
v 0.5 5.5 2.4
v -0.9 4.5 2.3
v -0.9 4.7 2.3
v -0.9 5.3 2.3
v -0.9 5.5 2.3
v -0.5 4.5 2.3
v -0.5 4.7 2.3
v -0.5 5.3 2.3
v -0.5 5.5 2.3
v -0.4 5 2.3
v -0.4 5.1 2.3
v -0.2 4.9 2.3
v -0.2 5 2.3
v -0.2 5.1 2.3
v -0.2 5.2 2.3
v -0.0999999 4.8 2.3
v -0.0999999 4.9 2.3
v -0.0999999 5 2.3
v 0.1 5 2.3
v 0.1 5.1 2.3
v 0.1 5.2 2.3
v 0.2 4.8 2.3
v 0.2 4.9 2.3
v 0.2 5 2.3
v 0.2 5.1 2.3
v 0.4 4.9 2.3
v 0.4 5 2.3
v 0.5 4.5 2.3
v 0.5 4.7 2.3
v 0.5 5.3 2.3
v 0.5 5.5 2.3
v 0.9 4.5 2.3
v 0.9 4.7 2.3
v 0.9 5.3 2.3
v 0.9 5.5 2.3
v -1.1 4.5 2.2
v -1.1 4.7 2.2
v -1.1 5.3 2.2
v -1.1 5.5 2.2
v -0.9 4.5 2.2
v -0.9 4.7 2.2
v -0.9 5.3 2.2
v -0.9 5.5 2.2
v -0.5 4.7 2.2
v -0.5 5.3 2.2
v -0.4 5 2.2
v -0.4 5.1 2.2
v -0.2 4.9 2.2
v -0.2 5 2.2
v -0.2 5.1 2.2
v -0.2 5.2 2.2
v -0.0999999 4.8 2.2
v -0.0999999 4.9 2.2
v -0.0999999 5 2.2
v 0.1 5 2.2
v 0.1 5.1 2.2
v 0.1 5.2 2.2
v 0.2 4.8 2.2
v 0.2 4.9 2.2
v 0.2 5 2.2
v 0.2 5.1 2.2
v 0.4 4.9 2.2
v 0.4 5 2.2
v 0.5 4.7 2.2
v 0.5 5.3 2.2
v 0.9 4.5 2.2
v 0.9 4.7 2.2
v 0.9 5.3 2.2
v 0.9 5.5 2.2
v 1.1 4.5 2.2
v 1.1 4.7 2.2
v 1.1 5.3 2.2
v 1.1 5.5 2.2
v -1.3 4.5 2.1
v -1.3 4.7 2.1
v -1.3 5.3 2.1
v -1.3 5.5 2.1
v -1.1 4.5 2.1
v -1.1 4.7 2.1
v -1.1 5.3 2.1
v -1.1 5.5 2.1
v -0.8 4.7 2.1
v -0.8 5.3 2.1
v -0.5 4.7 2.1
v -0.5 5.3 2.1
v 0.5 4.7 2.1
v 0.5 5.3 2.1
v 0.8 4.7 2.1
v 0.8 5.3 2.1
v 1.1 4.5 2.1
v 1.1 4.7 2.1
v 1.1 5.3 2.1
v 1.1 5.5 2.1
v 1.3 4.5 2.1
v 1.3 4.7 2.1
v 1.3 5.3 2.1
v 1.3 5.5 2.1
v -1.4 4.5 2
v -1.4 4.7 2
v -1.4 5.3 2
v -1.4 5.5 2
v -1.3 4.5 2
v -1.3 4.7 2
v -1.3 5.3 2
v -1.3 5.5 2
v -1.1 4.7 2
v -1.1 5.3 2
v -0.8 4.7 2
v -0.8 5.3 2
v 0.8 4.7 2
v 0.8 5.3 2
v 1.1 4.7 2
v 1.1 5.3 2
v 1.3 4.5 2
v 1.3 4.7 2
v 1.3 5.3 2
v 1.3 5.5 2
v 1.4 4.5 2
v 1.4 4.7 2
v 1.4 5.3 2
v 1.4 5.5 2
v -1.6 4.5 1.9
v -1.6 4.7 1.9
v -1.6 5.3 1.9
v -1.6 5.5 1.9
v -1.4 4.5 1.9
v -1.4 4.7 1.9
v -1.4 4.9 1.9
v -1.4 5 1.9
v -1.4 5.3 1.9
v -1.4 5.5 1.9
v -1.3 4.9 1.9
v -1.3 5 1.9
v -1.2 4.7 1.9
v -1.2 5.3 1.9
v -1.1 4.7 1.9
v -1.1 5.3 1.9
v 1.1 4.7 1.9
v 1.1 5.3 1.9
v 1.2 4.7 1.9
v 1.2 5.3 1.9
v 1.3 5 1.9
v 1.3 5.1 1.9
v 1.4 4.5 1.9
v 1.4 4.7 1.9
v 1.4 5 1.9
v 1.4 5.1 1.9
v 1.4 5.3 1.9
v 1.4 5.5 1.9
v 1.6 4.5 1.9
v 1.6 4.7 1.9
v 1.6 5.3 1.9
v 1.6 5.5 1.9
v -1.7 4.5 1.8
v -1.7 4.7 1.8
v -1.7 5.3 1.8
v -1.7 5.5 1.8
v -1.6 4.5 1.8
v -1.6 4.7 1.8
v -1.6 5.3 1.8
v -1.6 5.5 1.8
v -1.5 4.9 1.8
v -1.5 5.1 1.8
v -1.4 4.7 1.8
v -1.4 4.9 1.8
v -1.4 5 1.8
v -1.4 5.1 1.8
v -1.4 5.3 1.8
v -1.3 4.9 1.8
v -1.3 5 1.8
v -1.2 4.7 1.8
v -1.2 5.3 1.8
v 1.2 4.7 1.8
v 1.2 5.3 1.8
v 1.3 5 1.8
v 1.3 5.1 1.8
v 1.4 4.7 1.8
v 1.4 4.9 1.8
v 1.4 5 1.8
v 1.4 5.1 1.8
v 1.4 5.3 1.8
v 1.5 4.9 1.8
v 1.5 5.1 1.8
v 1.6 4.5 1.8
v 1.6 4.7 1.8
v 1.6 5.3 1.8
v 1.6 5.5 1.8
v 1.7 4.5 1.8
v 1.7 4.7 1.8
v 1.7 5.3 1.8
v 1.7 5.5 1.8
v -1.8 4.5 1.7
v -1.8 4.7 1.7
v -1.8 5.3 1.7
v -1.8 5.5 1.7
v -1.7 4.5 1.7
v -1.7 4.7 1.7
v -1.7 5.3 1.7
v -1.7 5.5 1.7
v -1.6 4.8 1.7
v -1.6 4.9 1.7
v -1.6 5.1 1.7
v -1.6 5.2 1.7
v -1.5 4.7 1.7
v -1.5 4.8 1.7
v -1.5 4.9 1.7
v -1.5 5.1 1.7
v -1.5 5.2 1.7
v -1.5 5.3 1.7
v -1.4 4.7 1.7
v -1.4 4.9 1.7
v -1.4 5.1 1.7
v -1.4 5.3 1.7
v 1.4 4.7 1.7
v 1.4 4.9 1.7
v 1.4 5.1 1.7
v 1.4 5.3 1.7
v 1.5 4.7 1.7
v 1.5 4.8 1.7
v 1.5 4.9 1.7
v 1.5 5.1 1.7
v 1.5 5.2 1.7
v 1.5 5.3 1.7
v 1.6 4.8 1.7
v 1.6 4.9 1.7
v 1.6 5.1 1.7
v 1.6 5.2 1.7
v 1.7 4.5 1.7
v 1.7 4.7 1.7
v 1.7 5.3 1.7
v 1.7 5.5 1.7
v 1.8 4.5 1.7
v 1.8 4.7 1.7
v 1.8 5.3 1.7
v 1.8 5.5 1.7
v -1.9 4.5 1.6
v -1.9 4.7 1.6
v -1.9 5.3 1.6
v -1.9 5.5 1.6
v -1.8 4.5 1.6
v -1.8 4.7 1.6
v -1.8 5.3 1.6
v -1.8 5.5 1.6
v -1.7 4.8 1.6
v -1.7 4.9 1.6
v -1.7 5.1 1.6
v -1.7 5.2 1.6
v -1.6 4.7 1.6
v -1.6 4.8 1.6
v -1.6 4.9 1.6
v -1.6 5.1 1.6
v -1.6 5.2 1.6
v -1.6 5.3 1.6
v -1.5 4.7 1.6
v -1.5 4.8 1.6
v -1.5 4.9 1.6
v -1.5 5.1 1.6
v -1.5 5.2 1.6
v -1.5 5.3 1.6
v 1.5 4.7 1.6
v 1.5 4.8 1.6
v 1.5 4.9 1.6
v 1.5 5.1 1.6
v 1.5 5.2 1.6
v 1.5 5.3 1.6
v 1.6 4.7 1.6
v 1.6 4.8 1.6
v 1.6 4.9 1.6
v 1.6 5.1 1.6
v 1.6 5.2 1.6
v 1.6 5.3 1.6
v 1.7 4.8 1.6
v 1.7 4.9 1.6
v 1.7 5.1 1.6
v 1.7 5.2 1.6
v 1.8 4.5 1.6
v 1.8 4.7 1.6
v 1.8 5.3 1.6
v 1.8 5.5 1.6
v 1.9 4.5 1.6
v 1.9 4.7 1.6
v 1.9 5.3 1.6
v 1.9 5.5 1.6
v -1.8 4.9 1.5
v -1.8 5.1 1.5
v -1.7 4.7 1.5
v -1.7 4.8 1.5
v -1.7 4.9 1.5
v -1.7 5.1 1.5
v -1.7 5.2 1.5
v -1.7 5.3 1.5
v -1.6 4.7 1.5
v -1.6 4.8 1.5
v -1.6 4.9 1.5
v -1.6 5.1 1.5
v -1.6 5.2 1.5
v -1.6 5.3 1.5
v 1.6 4.7 1.5
v 1.6 4.8 1.5
v 1.6 4.9 1.5
v 1.6 5.1 1.5
v 1.6 5.2 1.5
v 1.6 5.3 1.5
v 1.7 4.7 1.5
v 1.7 4.8 1.5
v 1.7 4.9 1.5
v 1.7 5.1 1.5
v 1.7 5.2 1.5
v 1.7 5.3 1.5
v 1.8 4.9 1.5
v 1.8 5.1 1.5
v -2 4.5 1.4
v -2 4.7 1.4
v -2 5.3 1.4
v -2 5.5 1.4
v -1.9 4.5 1.4
v -1.9 4.7 1.4
v -1.9 5 1.4
v -1.9 5.1 1.4
v -1.9 5.3 1.4
v -1.9 5.5 1.4
v -1.8 4.7 1.4
v -1.8 4.9 1.4
v -1.8 5 1.4
v -1.8 5.1 1.4
v -1.8 5.3 1.4
v -1.7 4.7 1.4
v -1.7 4.9 1.4
v -1.7 5.1 1.4
v -1.7 5.3 1.4
v 1.7 4.7 1.4
v 1.7 4.9 1.4
v 1.7 5.1 1.4
v 1.7 5.3 1.4
v 1.8 4.7 1.4
v 1.8 4.9 1.4
v 1.8 5 1.4
v 1.8 5.1 1.4
v 1.8 5.3 1.4
v 1.9 4.5 1.4
v 1.9 4.7 1.4
v 1.9 4.9 1.4
v 1.9 5 1.4
v 1.9 5.3 1.4
v 1.9 5.5 1.4
v 2 4.5 1.4
v 2 4.7 1.4
v 2 5.3 1.4
v 2 5.5 1.4
v -2.1 4.5 1.3
v -2.1 4.7 1.3
v -2.1 5.3 1.3
v -2.1 5.5 1.3
v -2 4.5 1.3
v -2 4.7 1.3
v -2 5.3 1.3
v -2 5.5 1.3
v 2 4.5 1.3
v 2 4.7 1.3
v 2 5.3 1.3
v 2 5.5 1.3
v 2.1 4.5 1.3
v 2.1 4.7 1.3
v 2.1 5.3 1.3
v 2.1 5.5 1.3
v -1.9 4.7 1.2
v -1.9 5.3 1.2
v -1.8 4.7 1.2
v -1.8 5.3 1.2
v 1.8 4.7 1.2
v 1.8 5.3 1.2
v 1.9 4.7 1.2
v 1.9 5.3 1.2
v -2.2 4.5 1.1
v -2.2 4.7 1.1
v -2.2 5.3 1.1
v -2.2 5.5 1.1
v -2.1 4.5 1.1
v -2.1 4.7 1.1
v -2.1 5.3 1.1
v -2.1 5.5 1.1
v -2 4.7 1.1
v -2 5.3 1.1
v -1.9 4.7 1.1
v -1.9 5.3 1.1
v 1.9 4.7 1.1
v 1.9 5.3 1.1
v 2 4.7 1.1
v 2 5.3 1.1
v 2.1 4.5 1.1
v 2.1 4.7 1.1
v 2.1 5.3 1.1
v 2.1 5.5 1.1
v 2.2 4.5 1.1
v 2.2 4.7 1.1
v 2.2 5.3 1.1
v 2.2 5.5 1.1
v -2.3 4.5 0.9
v -2.3 4.7 0.9
v -2.3 5.3 0.9
v -2.3 5.5 0.9
v -2.2 4.5 0.9
v -2.2 4.7 0.9
v -2.2 5.3 0.9
v -2.2 5.5 0.9
v 2.2 4.5 0.9
v 2.2 4.7 0.9
v 2.2 5.3 0.9
v 2.2 5.5 0.9
v 2.3 4.5 0.9
v 2.3 4.7 0.9
v 2.3 5.3 0.9
v 2.3 5.5 0.9
v -2.1 4.7 0.8
v -2.1 5.3 0.8
v -2 4.7 0.8
v -2 5.3 0.8
v 2 4.7 0.8
v 2 5.3 0.8
v 2.1 4.7 0.8
v 2.1 5.3 0.8
v -2.4 4.5 0.5
v -2.4 4.7 0.5
v -2.4 5.3 0.5
v -2.4 5.5 0.5
v -2.3 4.5 0.5
v -2.3 4.7 0.5
v -2.3 5.3 0.5
v -2.3 5.5 0.5
v -2.2 4.7 0.5
v -2.2 5.3 0.5
v -2.1 4.7 0.5
v -2.1 5.3 0.5
v 2.1 4.7 0.5
v 2.1 5.3 0.5
v 2.2 4.7 0.5
v 2.2 5.3 0.5
v 2.3 4.5 0.5
v 2.3 4.7 0.5
v 2.3 5.3 0.5
v 2.3 5.5 0.5
v 2.4 4.5 0.5
v 2.4 4.7 0.5
v 2.4 5.3 0.5
v 2.4 5.5 0.5
v -2.3 4.9 0.4
v -2.3 5 0.4
v -2.2 4.9 0.4
v -2.2 5 0.4
v 2.2 5 0.4
v 2.2 5.1 0.4
v 2.3 5 0.4
v 2.3 5.1 0.4
v -2.3 4.8 0.2
v -2.3 4.9 0.2
v -2.3 5 0.2
v -2.3 5.1 0.2
v -2.2 4.8 0.2
v -2.2 4.9 0.2
v -2.2 5 0.2
v -2.2 5.1 0.2
v 2.2 4.9 0.2
v 2.2 5 0.2
v 2.2 5.1 0.2
v 2.2 5.2 0.2
v 2.3 4.9 0.2
v 2.3 5 0.2
v 2.3 5.1 0.2
v 2.3 5.2 0.2
v -2.3 5.1 0.0999999
v -2.3 5.2 0.0999999
v -2.2 5.1 0.0999999
v -2.2 5.2 0.0999999
v 2.2 4.8 0.0999999
v 2.2 4.9 0.0999999
v 2.3 4.8 0.0999999
v 2.3 4.9 0.0999999
v -2.3 4.9 -0.1
v -2.3 5 -0.1
v -2.2 4.9 -0.1
v -2.2 5 -0.1
v 2.2 5 -0.1
v 2.2 5.1 -0.1
v 2.3 5 -0.1
v 2.3 5.1 -0.1
v -2.3 5 -0.2
v -2.3 5.1 -0.2
v -2.2 5 -0.2
v -2.2 5.1 -0.2
v 2.2 4.9 -0.2
v 2.2 5 -0.2
v 2.3 4.9 -0.2
v 2.3 5 -0.2
v -2 4.5 -0.5
v -2 5.5 -0.5
v -1.9 4.5 -0.5
v -1.9 5.5 -0.5
v 1.9 4.5 -0.5
v 1.9 5.5 -0.5
v 2 4.5 -0.5
v 2 5.5 -0.5
v -1.9 4.5 -0.8
v -1.9 5.5 -0.8
v -1.8 4.5 -0.8
v -1.8 5.5 -0.8
v 1.8 4.5 -0.8
v 1.8 5.5 -0.8
v 1.9 4.5 -0.8
v 1.9 5.5 -0.8
v -1.8 4.5 -1
v -1.8 5.5 -1
v -1.7 4.5 -1
v -1.7 5.5 -1
v 1.7 4.5 -1
v 1.7 5.5 -1
v 1.8 4.5 -1
v 1.8 5.5 -1
v -1.7 4.5 -1.2
v -1.7 5.5 -1.2
v -1.6 4.5 -1.2
v -1.6 5.5 -1.2
v 1.6 4.5 -1.2
v 1.6 5.5 -1.2
v 1.7 4.5 -1.2
v 1.7 5.5 -1.2
v -1.9 4.9 -1.3
v -1.9 5 -1.3
v -1.8 4.9 -1.3
v -1.8 5 -1.3
v -1.6 4.5 -1.3
v -1.6 5.5 -1.3
v -1.5 4.5 -1.3
v -1.5 5.5 -1.3
v 1.5 4.5 -1.3
v 1.5 5.5 -1.3
v 1.6 4.5 -1.3
v 1.6 5.5 -1.3
v 1.8 5 -1.3
v 1.8 5.1 -1.3
v 1.9 5 -1.3
v 1.9 5.1 -1.3
v -1.5 4.5 -1.4
v -1.5 5.5 -1.4
v -1.4 4.5 -1.4
v -1.4 5.5 -1.4
v 1.4 4.5 -1.4
v 1.4 5.5 -1.4
v 1.5 4.5 -1.4
v 1.5 5.5 -1.4
v -1.4 4.5 -1.5
v -1.4 5.5 -1.5
v -1.3 4.5 -1.5
v -1.3 5.5 -1.5
v 1.3 4.5 -1.5
v 1.3 5.5 -1.5
v 1.4 4.5 -1.5
v 1.4 5.5 -1.5
v -1.3 4.5 -1.6
v -1.3 5.5 -1.6
v -1.2 4.5 -1.6
v -1.2 5.5 -1.6
v 1.2 4.5 -1.6
v 1.2 5.5 -1.6
v 1.3 4.5 -1.6
v 1.3 5.5 -1.6
v -1.2 4.5 -1.7
v -1.2 5.5 -1.7
v -1 4.5 -1.7
v -1 5.5 -1.7
v 1 4.5 -1.7
v 1 5.5 -1.7
v 1.2 4.5 -1.7
v 1.2 5.5 -1.7
v -1 4.5 -1.8
v -1 5.5 -1.8
v -0.8 4.5 -1.8
v -0.8 5.5 -1.8
v 0.8 4.5 -1.8
v 0.8 5.5 -1.8
v 1 4.5 -1.8
v 1 5.5 -1.8
v -0.8 4.5 -1.9
v -0.8 5.5 -1.9
v -0.5 4.5 -1.9
v -0.5 5.5 -1.9
v 0.5 4.5 -1.9
v 0.5 5.5 -1.9
v 0.8 4.5 -1.9
v 0.8 5.5 -1.9
v -0.5 4.5 -2
v -0.5 5.5 -2
v 0.5 4.5 -2
v 0.5 5.5 -2
v -0.5 4.5 2
v -0.5 5.5 2
v 0.5 4.5 2
v 0.5 5.5 2
v -0.8 4.5 1.9
v -0.8 5.5 1.9
v -0.5 4.5 1.9
v -0.5 5.5 1.9
v 0.5 4.5 1.9
v 0.5 5.5 1.9
v 0.8 4.5 1.9
v 0.8 5.5 1.9
v -1 4.5 1.8
v -1 5.5 1.8
v -0.8 4.5 1.8
v -0.8 5.5 1.8
v 0.8 4.5 1.8
v 0.8 5.5 1.8
v 1 4.5 1.8
v 1 5.5 1.8
v -1.2 4.5 1.7
v -1.2 5.5 1.7
v -1 4.5 1.7
v -1 5.5 1.7
v 1 4.5 1.7
v 1 5.5 1.7
v 1.2 4.5 1.7
v 1.2 5.5 1.7
v -1.3 4.5 1.6
v -1.3 5.5 1.6
v -1.2 4.5 1.6
v -1.2 5.5 1.6
v 1.2 4.5 1.6
v 1.2 5.5 1.6
v 1.3 4.5 1.6
v 1.3 5.5 1.6
v -1.4 4.5 1.5
v -1.4 5.5 1.5
v -1.3 4.5 1.5
v -1.3 5.5 1.5
v 1.3 4.5 1.5
v 1.3 5.5 1.5
v 1.4 4.5 1.5
v 1.4 5.5 1.5
v -1.5 4.5 1.4
v -1.5 5.5 1.4
v -1.4 4.5 1.4
v -1.4 5.5 1.4
v 1.4 4.5 1.4
v 1.4 5.5 1.4
v 1.5 4.5 1.4
v 1.5 5.5 1.4
v -1.9 5 1.3
v -1.9 5.1 1.3
v -1.8 5 1.3
v -1.8 5.1 1.3
v -1.6 4.5 1.3
v -1.6 5.5 1.3
v -1.5 4.5 1.3
v -1.5 5.5 1.3
v 1.5 4.5 1.3
v 1.5 5.5 1.3
v 1.6 4.5 1.3
v 1.6 5.5 1.3
v 1.8 4.9 1.3
v 1.8 5 1.3
v 1.9 4.9 1.3
v 1.9 5 1.3
v -1.7 4.5 1.2
v -1.7 5.5 1.2
v -1.6 4.5 1.2
v -1.6 5.5 1.2
v 1.6 4.5 1.2
v 1.6 5.5 1.2
v 1.7 4.5 1.2
v 1.7 5.5 1.2
v -1.8 4.5 1
v -1.8 5.5 1
v -1.7 4.5 1
v -1.7 5.5 1
v 1.7 4.5 1
v 1.7 5.5 1
v 1.8 4.5 1
v 1.8 5.5 1
v -1.9 4.5 0.8
v -1.9 5.5 0.8
v -1.8 4.5 0.8
v -1.8 5.5 0.8
v 1.8 4.5 0.8
v 1.8 5.5 0.8
v 1.9 4.5 0.8
v 1.9 5.5 0.8
v -2 4.5 0.5
v -2 5.5 0.5
v -1.9 4.5 0.5
v -1.9 5.5 0.5
v 1.9 4.5 0.5
v 1.9 5.5 0.5
v 2 4.5 0.5
v 2 5.5 0.5
v -2.3 4.9 0.2
v -2.3 5 0.2
v -2.2 4.9 0.2
v -2.2 5 0.2
v 2.2 5 0.2
v 2.2 5.1 0.2
v 2.3 5 0.2
v 2.3 5.1 0.2
v -2.3 5 0.0999999
v -2.3 5.1 0.0999999
v -2.2 5 0.0999999
v -2.2 5.1 0.0999999
v 2.2 4.9 0.0999999
v 2.2 5 0.0999999
v 2.3 4.9 0.0999999
v 2.3 5 0.0999999
v -2.3 4.8 -0.1
v -2.3 4.9 -0.1
v -2.2 4.8 -0.1
v -2.2 4.9 -0.1
v 2.2 5.1 -0.1
v 2.2 5.2 -0.1
v 2.3 5.1 -0.1
v 2.3 5.2 -0.1
v -2.3 4.9 -0.2
v -2.3 5 -0.2
v -2.3 5.1 -0.2
v -2.3 5.2 -0.2
v -2.2 4.9 -0.2
v -2.2 5 -0.2
v -2.2 5.1 -0.2
v -2.2 5.2 -0.2
v 2.2 4.8 -0.2
v 2.2 4.9 -0.2
v 2.2 5 -0.2
v 2.2 5.1 -0.2
v 2.3 4.8 -0.2
v 2.3 4.9 -0.2
v 2.3 5 -0.2
v 2.3 5.1 -0.2
v -2.3 5 -0.4
v -2.3 5.1 -0.4
v -2.2 5 -0.4
v -2.2 5.1 -0.4
v 2.2 4.9 -0.4
v 2.2 5 -0.4
v 2.3 4.9 -0.4
v 2.3 5 -0.4
v -2.4 4.5 -0.5
v -2.4 4.7 -0.5
v -2.4 5.3 -0.5
v -2.4 5.5 -0.5
v -2.3 4.5 -0.5
v -2.3 4.7 -0.5
v -2.3 5.3 -0.5
v -2.3 5.5 -0.5
v -2.2 4.7 -0.5
v -2.2 5.3 -0.5
v -2.1 4.7 -0.5
v -2.1 5.3 -0.5
v 2.1 4.7 -0.5
v 2.1 5.3 -0.5
v 2.2 4.7 -0.5
v 2.2 5.3 -0.5
v 2.3 4.5 -0.5
v 2.3 4.7 -0.5
v 2.3 5.3 -0.5
v 2.3 5.5 -0.5
v 2.4 4.5 -0.5
v 2.4 4.7 -0.5
v 2.4 5.3 -0.5
v 2.4 5.5 -0.5
v -2.1 4.7 -0.8
v -2.1 5.3 -0.8
v -2 4.7 -0.8
v -2 5.3 -0.8
v 2 4.7 -0.8
v 2 5.3 -0.8
v 2.1 4.7 -0.8
v 2.1 5.3 -0.8
v -2.3 4.5 -0.9
v -2.3 4.7 -0.9
v -2.3 5.3 -0.9
v -2.3 5.5 -0.9
v -2.2 4.5 -0.9
v -2.2 4.7 -0.9
v -2.2 5.3 -0.9
v -2.2 5.5 -0.9
v 2.2 4.5 -0.9
v 2.2 4.7 -0.9
v 2.2 5.3 -0.9
v 2.2 5.5 -0.9
v 2.3 4.5 -0.9
v 2.3 4.7 -0.9
v 2.3 5.3 -0.9
v 2.3 5.5 -0.9
v -2.2 4.5 -1.1
v -2.2 4.7 -1.1
v -2.2 5.3 -1.1
v -2.2 5.5 -1.1
v -2.1 4.5 -1.1
v -2.1 4.7 -1.1
v -2.1 5.3 -1.1
v -2.1 5.5 -1.1
v -2 4.7 -1.1
v -2 5.3 -1.1
v -1.9 4.7 -1.1
v -1.9 5.3 -1.1
v 1.9 4.7 -1.1
v 1.9 5.3 -1.1
v 2 4.7 -1.1
v 2 5.3 -1.1
v 2.1 4.5 -1.1
v 2.1 4.7 -1.1
v 2.1 5.3 -1.1
v 2.1 5.5 -1.1
v 2.2 4.5 -1.1
v 2.2 4.7 -1.1
v 2.2 5.3 -1.1
v 2.2 5.5 -1.1
v -1.9 4.7 -1.2
v -1.9 5.3 -1.2
v -1.8 4.7 -1.2
v -1.8 5.3 -1.2
v 1.8 4.7 -1.2
v 1.8 5.3 -1.2
v 1.9 4.7 -1.2
v 1.9 5.3 -1.2
v -2.1 4.5 -1.3
v -2.1 4.7 -1.3
v -2.1 5.3 -1.3
v -2.1 5.5 -1.3
v -2 4.5 -1.3
v -2 4.7 -1.3
v -2 5.3 -1.3
v -2 5.5 -1.3
v 2 4.5 -1.3
v 2 4.7 -1.3
v 2 5.3 -1.3
v 2 5.5 -1.3
v 2.1 4.5 -1.3
v 2.1 4.7 -1.3
v 2.1 5.3 -1.3
v 2.1 5.5 -1.3
v -2 4.5 -1.4
v -2 4.7 -1.4
v -2 5.3 -1.4
v -2 5.5 -1.4
v -1.9 4.5 -1.4
v -1.9 4.7 -1.4
v -1.9 4.9 -1.4
v -1.9 5 -1.4
v -1.9 5.3 -1.4
v -1.9 5.5 -1.4
v -1.8 4.7 -1.4
v -1.8 4.9 -1.4
v -1.8 5 -1.4
v -1.8 5.1 -1.4
v -1.8 5.3 -1.4
v -1.7 4.7 -1.4
v -1.7 4.9 -1.4
v -1.7 5.1 -1.4
v -1.7 5.3 -1.4
v 1.7 4.7 -1.4
v 1.7 4.9 -1.4
v 1.7 5.1 -1.4
v 1.7 5.3 -1.4
v 1.8 4.7 -1.4
v 1.8 4.9 -1.4
v 1.8 5 -1.4
v 1.8 5.1 -1.4
v 1.8 5.3 -1.4
v 1.9 4.5 -1.4
v 1.9 4.7 -1.4
v 1.9 5 -1.4
v 1.9 5.1 -1.4
v 1.9 5.3 -1.4
v 1.9 5.5 -1.4
v 2 4.5 -1.4
v 2 4.7 -1.4
v 2 5.3 -1.4
v 2 5.5 -1.4
v -1.8 4.9 -1.5
v -1.8 5.1 -1.5
v -1.7 4.7 -1.5
v -1.7 4.8 -1.5
v -1.7 4.9 -1.5
v -1.7 5.1 -1.5
v -1.7 5.2 -1.5
v -1.7 5.3 -1.5
v -1.6 4.7 -1.5
v -1.6 4.8 -1.5
v -1.6 4.9 -1.5
v -1.6 5.1 -1.5
v -1.6 5.2 -1.5
v -1.6 5.3 -1.5
v 1.6 4.7 -1.5
v 1.6 4.8 -1.5
v 1.6 4.9 -1.5
v 1.6 5.1 -1.5
v 1.6 5.2 -1.5
v 1.6 5.3 -1.5
v 1.7 4.7 -1.5
v 1.7 4.8 -1.5
v 1.7 4.9 -1.5
v 1.7 5.1 -1.5
v 1.7 5.2 -1.5
v 1.7 5.3 -1.5
v 1.8 4.9 -1.5
v 1.8 5.1 -1.5
v -1.9 4.5 -1.6
v -1.9 4.7 -1.6
v -1.9 5.3 -1.6
v -1.9 5.5 -1.6
v -1.8 4.5 -1.6
v -1.8 4.7 -1.6
v -1.8 5.3 -1.6
v -1.8 5.5 -1.6
v -1.7 4.8 -1.6
v -1.7 4.9 -1.6
v -1.7 5.1 -1.6
v -1.7 5.2 -1.6
v -1.6 4.7 -1.6
v -1.6 4.8 -1.6
v -1.6 4.9 -1.6
v -1.6 5.1 -1.6
v -1.6 5.2 -1.6
v -1.6 5.3 -1.6
v -1.5 4.7 -1.6
v -1.5 4.8 -1.6
v -1.5 4.9 -1.6
v -1.5 5.1 -1.6
v -1.5 5.2 -1.6
v -1.5 5.3 -1.6
v 1.5 4.7 -1.6
v 1.5 4.8 -1.6
v 1.5 4.9 -1.6
v 1.5 5.1 -1.6
v 1.5 5.2 -1.6
v 1.5 5.3 -1.6
v 1.6 4.7 -1.6
v 1.6 4.8 -1.6
v 1.6 4.9 -1.6
v 1.6 5.1 -1.6
v 1.6 5.2 -1.6
v 1.6 5.3 -1.6
v 1.7 4.8 -1.6
v 1.7 4.9 -1.6
v 1.7 5.1 -1.6
v 1.7 5.2 -1.6
v 1.8 4.5 -1.6
v 1.8 4.7 -1.6
v 1.8 5.3 -1.6
v 1.8 5.5 -1.6
v 1.9 4.5 -1.6
v 1.9 4.7 -1.6
v 1.9 5.3 -1.6
v 1.9 5.5 -1.6
v -1.8 4.5 -1.7
v -1.8 4.7 -1.7
v -1.8 5.3 -1.7
v -1.8 5.5 -1.7
v -1.7 4.5 -1.7
v -1.7 4.7 -1.7
v -1.7 5.3 -1.7
v -1.7 5.5 -1.7
v -1.6 4.8 -1.7
v -1.6 4.9 -1.7
v -1.6 5.1 -1.7
v -1.6 5.2 -1.7
v -1.5 4.7 -1.7
v -1.5 4.8 -1.7
v -1.5 4.9 -1.7
v -1.5 5.1 -1.7
v -1.5 5.2 -1.7
v -1.5 5.3 -1.7
v -1.4 4.7 -1.7
v -1.4 4.9 -1.7
v -1.4 5.1 -1.7
v -1.4 5.3 -1.7
v 1.4 4.7 -1.7
v 1.4 4.9 -1.7
v 1.4 5.1 -1.7
v 1.4 5.3 -1.7
v 1.5 4.7 -1.7
v 1.5 4.8 -1.7
v 1.5 4.9 -1.7
v 1.5 5.1 -1.7
v 1.5 5.2 -1.7
v 1.5 5.3 -1.7
v 1.6 4.8 -1.7
v 1.6 4.9 -1.7
v 1.6 5.1 -1.7
v 1.6 5.2 -1.7
v 1.7 4.5 -1.7
v 1.7 4.7 -1.7
v 1.7 5.3 -1.7
v 1.7 5.5 -1.7
v 1.8 4.5 -1.7
v 1.8 4.7 -1.7
v 1.8 5.3 -1.7
v 1.8 5.5 -1.7
v -1.7 4.5 -1.8
v -1.7 4.7 -1.8
v -1.7 5.3 -1.8
v -1.7 5.5 -1.8
v -1.6 4.5 -1.8
v -1.6 4.7 -1.8
v -1.6 5.3 -1.8
v -1.6 5.5 -1.8
v -1.5 4.9 -1.8
v -1.5 5.1 -1.8
v -1.4 4.7 -1.8
v -1.4 4.9 -1.8
v -1.4 5 -1.8
v -1.4 5.1 -1.8
v -1.4 5.3 -1.8
v -1.3 5 -1.8
v -1.3 5.1 -1.8
v -1.2 4.7 -1.8
v -1.2 5.3 -1.8
v 1.2 4.7 -1.8
v 1.2 5.3 -1.8
v 1.3 4.9 -1.8
v 1.3 5 -1.8
v 1.4 4.7 -1.8
v 1.4 4.9 -1.8
v 1.4 5 -1.8
v 1.4 5.1 -1.8
v 1.4 5.3 -1.8
v 1.5 4.9 -1.8
v 1.5 5.1 -1.8
v 1.6 4.5 -1.8
v 1.6 4.7 -1.8
v 1.6 5.3 -1.8
v 1.6 5.5 -1.8
v 1.7 4.5 -1.8
v 1.7 4.7 -1.8
v 1.7 5.3 -1.8
v 1.7 5.5 -1.8
v -1.6 4.5 -1.9
v -1.6 4.7 -1.9
v -1.6 5.3 -1.9
v -1.6 5.5 -1.9
v -1.4 4.5 -1.9
v -1.4 4.7 -1.9
v -1.4 5 -1.9
v -1.4 5.1 -1.9
v -1.4 5.3 -1.9
v -1.4 5.5 -1.9
v -1.3 5 -1.9
v -1.3 5.1 -1.9
v -1.2 4.7 -1.9
v -1.2 5.3 -1.9
v -1.1 4.7 -1.9
v -1.1 5.3 -1.9
v 1.1 4.7 -1.9
v 1.1 5.3 -1.9
v 1.2 4.7 -1.9
v 1.2 5.3 -1.9
v 1.3 4.9 -1.9
v 1.3 5 -1.9
v 1.4 4.5 -1.9
v 1.4 4.7 -1.9
v 1.4 4.9 -1.9
v 1.4 5 -1.9
v 1.4 5.3 -1.9
v 1.4 5.5 -1.9
v 1.6 4.5 -1.9
v 1.6 4.7 -1.9
v 1.6 5.3 -1.9
v 1.6 5.5 -1.9
v -1.4 4.5 -2
v -1.4 4.7 -2
v -1.4 5.3 -2
v -1.4 5.5 -2
v -1.3 4.5 -2
v -1.3 4.7 -2
v -1.3 5.3 -2
v -1.3 5.5 -2
v -1.1 4.7 -2
v -1.1 5.3 -2
v -0.8 4.7 -2
v -0.8 5.3 -2
v 0.8 4.7 -2
v 0.8 5.3 -2
v 1.1 4.7 -2
v 1.1 5.3 -2
v 1.3 4.5 -2
v 1.3 4.7 -2
v 1.3 5.3 -2
v 1.3 5.5 -2
v 1.4 4.5 -2
v 1.4 4.7 -2
v 1.4 5.3 -2
v 1.4 5.5 -2
v -1.3 4.5 -2.1
v -1.3 4.7 -2.1
v -1.3 5.3 -2.1
v -1.3 5.5 -2.1
v -1.1 4.5 -2.1
v -1.1 4.7 -2.1
v -1.1 5.3 -2.1
v -1.1 5.5 -2.1
v -0.8 4.7 -2.1
v -0.8 5.3 -2.1
v -0.5 4.7 -2.1
v -0.5 5.3 -2.1
v 0.5 4.7 -2.1
v 0.5 5.3 -2.1
v 0.8 4.7 -2.1
v 0.8 5.3 -2.1
v 1.1 4.5 -2.1
v 1.1 4.7 -2.1
v 1.1 5.3 -2.1
v 1.1 5.5 -2.1
v 1.3 4.5 -2.1
v 1.3 4.7 -2.1
v 1.3 5.3 -2.1
v 1.3 5.5 -2.1
v -1.1 4.5 -2.2
v -1.1 4.7 -2.2
v -1.1 5.3 -2.2
v -1.1 5.5 -2.2
v -0.9 4.5 -2.2
v -0.9 4.7 -2.2
v -0.9 5.3 -2.2
v -0.9 5.5 -2.2
v -0.5 4.7 -2.2
v -0.5 5.3 -2.2
v -0.4 4.9 -2.2
v -0.4 5 -2.2
v -0.2 4.8 -2.2
v -0.2 4.9 -2.2
v -0.2 5 -2.2
v -0.2 5.1 -2.2
v -0.0999999 5 -2.2
v -0.0999999 5.1 -2.2
v -0.0999999 5.2 -2.2
v 0.1 4.8 -2.2
v 0.1 4.9 -2.2
v 0.1 5 -2.2
v 0.2 4.9 -2.2
v 0.2 5 -2.2
v 0.2 5.1 -2.2
v 0.2 5.2 -2.2
v 0.4 5 -2.2
v 0.4 5.1 -2.2
v 0.5 4.7 -2.2
v 0.5 5.3 -2.2
v 0.9 4.5 -2.2
v 0.9 4.7 -2.2
v 0.9 5.3 -2.2
v 0.9 5.5 -2.2
v 1.1 4.5 -2.2
v 1.1 4.7 -2.2
v 1.1 5.3 -2.2
v 1.1 5.5 -2.2
v -0.9 4.5 -2.3
v -0.9 4.7 -2.3
v -0.9 5.3 -2.3
v -0.9 5.5 -2.3
v -0.5 4.5 -2.3
v -0.5 4.7 -2.3
v -0.5 5.3 -2.3
v -0.5 5.5 -2.3
v -0.4 4.9 -2.3
v -0.4 5 -2.3
v -0.2 4.8 -2.3
v -0.2 4.9 -2.3
v -0.2 5 -2.3
v -0.2 5.1 -2.3
v -0.0999999 5 -2.3
v -0.0999999 5.1 -2.3
v -0.0999999 5.2 -2.3
v 0.1 4.8 -2.3
v 0.1 4.9 -2.3
v 0.1 5 -2.3
v 0.2 4.9 -2.3
v 0.2 5 -2.3
v 0.2 5.1 -2.3
v 0.2 5.2 -2.3
v 0.4 5 -2.3
v 0.4 5.1 -2.3
v 0.5 4.5 -2.3
v 0.5 4.7 -2.3
v 0.5 5.3 -2.3
v 0.5 5.5 -2.3
v 0.9 4.5 -2.3
v 0.9 4.7 -2.3
v 0.9 5.3 -2.3
v 0.9 5.5 -2.3
v -0.5 4.5 -2.4
v -0.5 4.7 -2.4
v -0.5 5.3 -2.4
v -0.5 5.5 -2.4
v 0.5 4.5 -2.4
v 0.5 4.7 -2.4
v 0.5 5.3 -2.4
v 0.5 5.5 -2.4
v -0.5 4.5 2.4
v 0.5 4.5 2.4
v -0.9 4.5 2.3
v -0.5 4.5 2.3
v 0.5 4.5 2.3
v 0.9 4.5 2.3
v -1.1 4.5 2.2
v -0.9 4.5 2.2
v 0.9 4.5 2.2
v 1.1 4.5 2.2
v -1.3 4.5 2.1
v -1.1 4.5 2.1
v 1.1 4.5 2.1
v 1.3 4.5 2.1
v -1.4 4.5 2
v -1.3 4.5 2
v -0.5 4.5 2
v 0.5 4.5 2
v 1.3 4.5 2
v 1.4 4.5 2
v -1.6 4.5 1.9
v -1.4 4.5 1.9
v -0.8 4.5 1.9
v -0.5 4.5 1.9
v 0.5 4.5 1.9
v 0.8 4.5 1.9
v 1.4 4.5 1.9
v 1.6 4.5 1.9
v -1.7 4.5 1.8
v -1.6 4.5 1.8
v -1 4.5 1.8
v -0.8 4.5 1.8
v 0.8 4.5 1.8
v 1 4.5 1.8
v 1.6 4.5 1.8
v 1.7 4.5 1.8
v -1.8 4.5 1.7
v -1.7 4.5 1.7
v -1.2 4.5 1.7
v -1 4.5 1.7
v 1 4.5 1.7
v 1.2 4.5 1.7
v 1.7 4.5 1.7
v 1.8 4.5 1.7
v -1.9 4.5 1.6
v -1.8 4.5 1.6
v -1.3 4.5 1.6
v -1.2 4.5 1.6
v 1.2 4.5 1.6
v 1.3 4.5 1.6
v 1.8 4.5 1.6
v 1.9 4.5 1.6
v -1.4 4.5 1.5
v -1.3 4.5 1.5
v 1.3 4.5 1.5
v 1.4 4.5 1.5
v -2 4.5 1.4
v -1.9 4.5 1.4
v -1.5 4.5 1.4
v -1.4 4.5 1.4
v 1.4 4.5 1.4
v 1.5 4.5 1.4
v 1.9 4.5 1.4
v 2 4.5 1.4
v -2.1 4.5 1.3
v -2 4.5 1.3
v -1.6 4.5 1.3
v -1.5 4.5 1.3
v 1.5 4.5 1.3
v 1.6 4.5 1.3
v 2 4.5 1.3
v 2.1 4.5 1.3
v -1.7 4.5 1.2
v -1.6 4.5 1.2
v 1.6 4.5 1.2
v 1.7 4.5 1.2
v -2.2 4.5 1.1
v -2.1 4.5 1.1
v 2.1 4.5 1.1
v 2.2 4.5 1.1
v -1.8 4.5 1
v -1.7 4.5 1
v 1.7 4.5 1
v 1.8 4.5 1
v -2.3 4.5 0.9
v -2.2 4.5 0.9
v 2.2 4.5 0.9
v 2.3 4.5 0.9
v -1.9 4.5 0.8
v -1.8 4.5 0.8
v 1.8 4.5 0.8
v 1.9 4.5 0.8
v -2.4 4.5 0.5
v -2.3 4.5 0.5
v -2 4.5 0.5
v -1.9 4.5 0.5
v 1.9 4.5 0.5
v 2 4.5 0.5
v 2.3 4.5 0.5
v 2.4 4.5 0.5
v -2.4 4.5 -0.5
v -2.3 4.5 -0.5
v -2 4.5 -0.5
v -1.9 4.5 -0.5
v 1.9 4.5 -0.5
v 2 4.5 -0.5
v 2.3 4.5 -0.5
v 2.4 4.5 -0.5
v -1.9 4.5 -0.8
v -1.8 4.5 -0.8
v 1.8 4.5 -0.8
v 1.9 4.5 -0.8
v -2.3 4.5 -0.9
v -2.2 4.5 -0.9
v 2.2 4.5 -0.9
v 2.3 4.5 -0.9
v -1.8 4.5 -1
v -1.7 4.5 -1
v 1.7 4.5 -1
v 1.8 4.5 -1
v -2.2 4.5 -1.1
v -2.1 4.5 -1.1
v 2.1 4.5 -1.1
v 2.2 4.5 -1.1
v -1.7 4.5 -1.2
v -1.6 4.5 -1.2
v 1.6 4.5 -1.2
v 1.7 4.5 -1.2
v -2.1 4.5 -1.3
v -2 4.5 -1.3
v -1.6 4.5 -1.3
v -1.5 4.5 -1.3
v 1.5 4.5 -1.3
v 1.6 4.5 -1.3
v 2 4.5 -1.3
v 2.1 4.5 -1.3
v -2 4.5 -1.4
v -1.9 4.5 -1.4
v -1.5 4.5 -1.4
v -1.4 4.5 -1.4
v 1.4 4.5 -1.4
v 1.5 4.5 -1.4
v 1.9 4.5 -1.4
v 2 4.5 -1.4
v -1.4 4.5 -1.5
v -1.3 4.5 -1.5
v 1.3 4.5 -1.5
v 1.4 4.5 -1.5
v -1.9 4.5 -1.6
v -1.8 4.5 -1.6
v -1.3 4.5 -1.6
v -1.2 4.5 -1.6
v 1.2 4.5 -1.6
v 1.3 4.5 -1.6
v 1.8 4.5 -1.6
v 1.9 4.5 -1.6
v -1.8 4.5 -1.7
v -1.7 4.5 -1.7
v -1.2 4.5 -1.7
v -1 4.5 -1.7
v 1 4.5 -1.7
v 1.2 4.5 -1.7
v 1.7 4.5 -1.7
v 1.8 4.5 -1.7
v -1.7 4.5 -1.8
v -1.6 4.5 -1.8
v -1 4.5 -1.8
v -0.8 4.5 -1.8
v 0.8 4.5 -1.8
v 1 4.5 -1.8
v 1.6 4.5 -1.8
v 1.7 4.5 -1.8
v -1.6 4.5 -1.9
v -1.4 4.5 -1.9
v -0.8 4.5 -1.9
v -0.5 4.5 -1.9
v 0.5 4.5 -1.9
v 0.8 4.5 -1.9
v 1.4 4.5 -1.9
v 1.6 4.5 -1.9
v -1.4 4.5 -2
v -1.3 4.5 -2
v -0.5 4.5 -2
v 0.5 4.5 -2
v 1.3 4.5 -2
v 1.4 4.5 -2
v -1.3 4.5 -2.1
v -1.1 4.5 -2.1
v 1.1 4.5 -2.1
v 1.3 4.5 -2.1
v -1.1 4.5 -2.2
v -0.9 4.5 -2.2
v 0.9 4.5 -2.2
v 1.1 4.5 -2.2
v -0.9 4.5 -2.3
v -0.5 4.5 -2.3
v 0.5 4.5 -2.3
v 0.9 4.5 -2.3
v -0.5 4.5 -2.4
v 0.5 4.5 -2.4
v -0.0999999 4.8 2.3
v 0.2 4.8 2.3
v -0.0999999 4.8 2.2
v 0.2 4.8 2.2
v -1.6 4.8 1.7
v -1.5 4.8 1.7
v 1.5 4.8 1.7
v 1.6 4.8 1.7
v -1.7 4.8 1.6
v -1.6 4.8 1.6
v -1.5 4.8 1.6
v 1.5 4.8 1.6
v 1.6 4.8 1.6
v 1.7 4.8 1.6
v -1.7 4.8 1.5
v -1.6 4.8 1.5
v 1.6 4.8 1.5
v 1.7 4.8 1.5
v -2.3 4.8 0.2
v -2.2 4.8 0.2
v 2.2 4.8 0.0999999
v 2.3 4.8 0.0999999
v -2.3 4.8 -0.1
v -2.2 4.8 -0.1
v 2.2 4.8 -0.2
v 2.3 4.8 -0.2
v -1.7 4.8 -1.5
v -1.6 4.8 -1.5
v 1.6 4.8 -1.5
v 1.7 4.8 -1.5
v -1.7 4.8 -1.6
v -1.6 4.8 -1.6
v -1.5 4.8 -1.6
v 1.5 4.8 -1.6
v 1.6 4.8 -1.6
v 1.7 4.8 -1.6
v -1.6 4.8 -1.7
v -1.5 4.8 -1.7
v 1.5 4.8 -1.7
v 1.6 4.8 -1.7
v -0.2 4.8 -2.2
v 0.1 4.8 -2.2
v -0.2 4.8 -2.3
v 0.1 4.8 -2.3
v -0.2 4.9 2.3
v -0.0999999 4.9 2.3
v 0.2 4.9 2.3
v 0.4 4.9 2.3
v -0.2 4.9 2.2
v -0.0999999 4.9 2.2
v 0.2 4.9 2.2
v 0.4 4.9 2.2
v -1.4 4.9 1.9
v -1.3 4.9 1.9
v -1.5 4.9 1.8
v -1.4 4.9 1.8
v -1.3 4.9 1.8
v 1.4 4.9 1.8
v 1.5 4.9 1.8
v -1.5 4.9 1.7
v -1.4 4.9 1.7
v 1.4 4.9 1.7
v 1.5 4.9 1.7
v -1.8 4.9 1.5
v -1.7 4.9 1.5
v 1.7 4.9 1.5
v 1.8 4.9 1.5
v -1.8 4.9 1.4
v -1.7 4.9 1.4
v 1.7 4.9 1.4
v 1.8 4.9 1.4
v 1.9 4.9 1.4
v 1.8 4.9 1.3
v 1.9 4.9 1.3
v -2.3 4.9 0.4
v -2.2 4.9 0.4
v -2.3 4.9 0.2
v -2.2 4.9 0.2
v 2.2 4.9 0.2
v 2.3 4.9 0.2
v 2.2 4.9 0.0999999
v 2.3 4.9 0.0999999
v -2.3 4.9 -0.1
v -2.2 4.9 -0.1
v -2.3 4.9 -0.2
v -2.2 4.9 -0.2
v 2.2 4.9 -0.2
v 2.3 4.9 -0.2
v 2.2 4.9 -0.4
v 2.3 4.9 -0.4
v -1.9 4.9 -1.3
v -1.8 4.9 -1.3
v -1.9 4.9 -1.4
v -1.8 4.9 -1.4
v -1.7 4.9 -1.4
v 1.7 4.9 -1.4
v 1.8 4.9 -1.4
v -1.8 4.9 -1.5
v -1.7 4.9 -1.5
v 1.7 4.9 -1.5
v 1.8 4.9 -1.5
v -1.5 4.9 -1.7
v -1.4 4.9 -1.7
v 1.4 4.9 -1.7
v 1.5 4.9 -1.7
v -1.5 4.9 -1.8
v -1.4 4.9 -1.8
v 1.3 4.9 -1.8
v 1.4 4.9 -1.8
v 1.5 4.9 -1.8
v 1.3 4.9 -1.9
v 1.4 4.9 -1.9
v -0.4 4.9 -2.2
v -0.2 4.9 -2.2
v 0.1 4.9 -2.2
v 0.2 4.9 -2.2
v -0.4 4.9 -2.3
v -0.2 4.9 -2.3
v 0.1 4.9 -2.3
v 0.2 4.9 -2.3
v -0.4 5 2.3
v -0.2 5 2.3
v 0.1 5 2.3
v 0.2 5 2.3
v -0.4 5 2.2
v -0.2 5 2.2
v 0.1 5 2.2
v 0.2 5 2.2
v 1.3 5 1.9
v 1.4 5 1.9
v 1.3 5 1.8
v 1.4 5 1.8
v -1.9 5 1.4
v -1.8 5 1.4
v -1.9 5 1.3
v -1.8 5 1.3
v 2.2 5 0.4
v 2.3 5 0.4
v -2.3 5 0.2
v -2.2 5 0.2
v 2.2 5 0.2
v 2.3 5 0.2
v -2.3 5 0.0999999
v -2.2 5 0.0999999
v 2.2 5 -0.1
v 2.3 5 -0.1
v -2.3 5 -0.2
v -2.2 5 -0.2
v 2.2 5 -0.2
v 2.3 5 -0.2
v -2.3 5 -0.4
v -2.2 5 -0.4
v 1.8 5 -1.3
v 1.9 5 -1.3
v 1.8 5 -1.4
v 1.9 5 -1.4
v -1.4 5 -1.8
v -1.3 5 -1.8
v -1.4 5 -1.9
v -1.3 5 -1.9
v -0.2 5 -2.2
v -0.0999999 5 -2.2
v 0.2 5 -2.2
v 0.4 5 -2.2
v -0.2 5 -2.3
v -0.0999999 5 -2.3
v 0.2 5 -2.3
v 0.4 5 -2.3
v -0.2 5.1 2.3
v 0.1 5.1 2.3
v -0.2 5.1 2.2
v 0.1 5.1 2.2
v -1.6 5.1 1.7
v -1.5 5.1 1.7
v 1.5 5.1 1.7
v 1.6 5.1 1.7
v -1.7 5.1 1.6
v -1.6 5.1 1.6
v -1.5 5.1 1.6
v 1.5 5.1 1.6
v 1.6 5.1 1.6
v 1.7 5.1 1.6
v -1.7 5.1 1.5
v -1.6 5.1 1.5
v 1.6 5.1 1.5
v 1.7 5.1 1.5
v 2.2 5.1 0.2
v 2.3 5.1 0.2
v -2.3 5.1 0.0999999
v -2.2 5.1 0.0999999
v 2.2 5.1 -0.1
v 2.3 5.1 -0.1
v -2.3 5.1 -0.2
v -2.2 5.1 -0.2
v -1.7 5.1 -1.5
v -1.6 5.1 -1.5
v 1.6 5.1 -1.5
v 1.7 5.1 -1.5
v -1.7 5.1 -1.6
v -1.6 5.1 -1.6
v -1.5 5.1 -1.6
v 1.5 5.1 -1.6
v 1.6 5.1 -1.6
v 1.7 5.1 -1.6
v -1.6 5.1 -1.7
v -1.5 5.1 -1.7
v 1.5 5.1 -1.7
v 1.6 5.1 -1.7
v -0.0999999 5.1 -2.2
v 0.2 5.1 -2.2
v -0.0999999 5.1 -2.3
v 0.2 5.1 -2.3
v -0.5 5.3 2.4
v 0.5 5.3 2.4
v -0.9 5.3 2.3
v -0.5 5.3 2.3
v 0.5 5.3 2.3
v 0.9 5.3 2.3
v -1.1 5.3 2.2
v -0.9 5.3 2.2
v -0.5 5.3 2.2
v 0.5 5.3 2.2
v 0.9 5.3 2.2
v 1.1 5.3 2.2
v -1.3 5.3 2.1
v -1.1 5.3 2.1
v -0.8 5.3 2.1
v -0.5 5.3 2.1
v 0.5 5.3 2.1
v 0.8 5.3 2.1
v 1.1 5.3 2.1
v 1.3 5.3 2.1
v -1.4 5.3 2
v -1.3 5.3 2
v -1.1 5.3 2
v -0.8 5.3 2
v 0.8 5.3 2
v 1.1 5.3 2
v 1.3 5.3 2
v 1.4 5.3 2
v -1.6 5.3 1.9
v -1.4 5.3 1.9
v -1.2 5.3 1.9
v -1.1 5.3 1.9
v 1.1 5.3 1.9
v 1.2 5.3 1.9
v 1.4 5.3 1.9
v 1.6 5.3 1.9
v -1.7 5.3 1.8
v -1.6 5.3 1.8
v -1.4 5.3 1.8
v -1.2 5.3 1.8
v 1.2 5.3 1.8
v 1.4 5.3 1.8
v 1.6 5.3 1.8
v 1.7 5.3 1.8
v -1.8 5.3 1.7
v -1.7 5.3 1.7
v -1.5 5.3 1.7
v -1.4 5.3 1.7
v 1.4 5.3 1.7
v 1.5 5.3 1.7
v 1.7 5.3 1.7
v 1.8 5.3 1.7
v -1.9 5.3 1.6
v -1.8 5.3 1.6
v -1.6 5.3 1.6
v -1.5 5.3 1.6
v 1.5 5.3 1.6
v 1.6 5.3 1.6
v 1.8 5.3 1.6
v 1.9 5.3 1.6
v -1.7 5.3 1.5
v -1.6 5.3 1.5
v 1.6 5.3 1.5
v 1.7 5.3 1.5
v -2 5.3 1.4
v -1.9 5.3 1.4
v -1.8 5.3 1.4
v -1.7 5.3 1.4
v 1.7 5.3 1.4
v 1.8 5.3 1.4
v 1.9 5.3 1.4
v 2 5.3 1.4
v -2.1 5.3 1.3
v -2 5.3 1.3
v 2 5.3 1.3
v 2.1 5.3 1.3
v -1.9 5.3 1.2
v -1.8 5.3 1.2
v 1.8 5.3 1.2
v 1.9 5.3 1.2
v -2.2 5.3 1.1
v -2.1 5.3 1.1
v -2 5.3 1.1
v -1.9 5.3 1.1
v 1.9 5.3 1.1
v 2 5.3 1.1
v 2.1 5.3 1.1
v 2.2 5.3 1.1
v -2.3 5.3 0.9
v -2.2 5.3 0.9
v 2.2 5.3 0.9
v 2.3 5.3 0.9
v -2.1 5.3 0.8
v -2 5.3 0.8
v 2 5.3 0.8
v 2.1 5.3 0.8
v -2.4 5.3 0.5
v -2.3 5.3 0.5
v -2.2 5.3 0.5
v -2.1 5.3 0.5
v 2.1 5.3 0.5
v 2.2 5.3 0.5
v 2.3 5.3 0.5
v 2.4 5.3 0.5
v -2.4 5.3 -0.5
v -2.3 5.3 -0.5
v -2.2 5.3 -0.5
v -2.1 5.3 -0.5
v 2.1 5.3 -0.5
v 2.2 5.3 -0.5
v 2.3 5.3 -0.5
v 2.4 5.3 -0.5
v -2.1 5.3 -0.8
v -2 5.3 -0.8
v 2 5.3 -0.8
v 2.1 5.3 -0.8
v -2.3 5.3 -0.9
v -2.2 5.3 -0.9
v 2.2 5.3 -0.9
v 2.3 5.3 -0.9
v -2.2 5.3 -1.1
v -2.1 5.3 -1.1
v -2 5.3 -1.1
v -1.9 5.3 -1.1
v 1.9 5.3 -1.1
v 2 5.3 -1.1
v 2.1 5.3 -1.1
v 2.2 5.3 -1.1
v -1.9 5.3 -1.2
v -1.8 5.3 -1.2
v 1.8 5.3 -1.2
v 1.9 5.3 -1.2
v -2.1 5.3 -1.3
v -2 5.3 -1.3
v 2 5.3 -1.3
v 2.1 5.3 -1.3
v -2 5.3 -1.4
v -1.9 5.3 -1.4
v -1.8 5.3 -1.4
v -1.7 5.3 -1.4
v 1.7 5.3 -1.4
v 1.8 5.3 -1.4
v 1.9 5.3 -1.4
v 2 5.3 -1.4
v -1.7 5.3 -1.5
v -1.6 5.3 -1.5
v 1.6 5.3 -1.5
v 1.7 5.3 -1.5
v -1.9 5.3 -1.6
v -1.8 5.3 -1.6
v -1.6 5.3 -1.6
v -1.5 5.3 -1.6
v 1.5 5.3 -1.6
v 1.6 5.3 -1.6
v 1.8 5.3 -1.6
v 1.9 5.3 -1.6
v -1.8 5.3 -1.7
v -1.7 5.3 -1.7
v -1.5 5.3 -1.7
v -1.4 5.3 -1.7
v 1.4 5.3 -1.7
v 1.5 5.3 -1.7
v 1.7 5.3 -1.7
v 1.8 5.3 -1.7
v -1.7 5.3 -1.8
v -1.6 5.3 -1.8
v -1.4 5.3 -1.8
v -1.2 5.3 -1.8
v 1.2 5.3 -1.8
v 1.4 5.3 -1.8
v 1.6 5.3 -1.8
v 1.7 5.3 -1.8
v -1.6 5.3 -1.9
v -1.4 5.3 -1.9
v -1.2 5.3 -1.9
v -1.1 5.3 -1.9
v 1.1 5.3 -1.9
v 1.2 5.3 -1.9
v 1.4 5.3 -1.9
v 1.6 5.3 -1.9
v -1.4 5.3 -2
v -1.3 5.3 -2
v -1.1 5.3 -2
v -0.8 5.3 -2
v 0.8 5.3 -2
v 1.1 5.3 -2
v 1.3 5.3 -2
v 1.4 5.3 -2
v -1.3 5.3 -2.1
v -1.1 5.3 -2.1
v -0.8 5.3 -2.1
v -0.5 5.3 -2.1
v 0.5 5.3 -2.1
v 0.8 5.3 -2.1
v 1.1 5.3 -2.1
v 1.3 5.3 -2.1
v -1.1 5.3 -2.2
v -0.9 5.3 -2.2
v -0.5 5.3 -2.2
v 0.5 5.3 -2.2
v 0.9 5.3 -2.2
v 1.1 5.3 -2.2
v -0.9 5.3 -2.3
v -0.5 5.3 -2.3
v 0.5 5.3 -2.3
v 0.9 5.3 -2.3
v -0.5 5.3 -2.4
v 0.5 5.3 -2.4
v -0.5 4.7 2.4
v 0.5 4.7 2.4
v -0.9 4.7 2.3
v -0.5 4.7 2.3
v 0.5 4.7 2.3
v 0.9 4.7 2.3
v -1.1 4.7 2.2
v -0.9 4.7 2.2
v -0.5 4.7 2.2
v 0.5 4.7 2.2
v 0.9 4.7 2.2
v 1.1 4.7 2.2
v -1.3 4.7 2.1
v -1.1 4.7 2.1
v -0.8 4.7 2.1
v -0.5 4.7 2.1
v 0.5 4.7 2.1
v 0.8 4.7 2.1
v 1.1 4.7 2.1
v 1.3 4.7 2.1
v -1.4 4.7 2
v -1.3 4.7 2
v -1.1 4.7 2
v -0.8 4.7 2
v 0.8 4.7 2
v 1.1 4.7 2
v 1.3 4.7 2
v 1.4 4.7 2
v -1.6 4.7 1.9
v -1.4 4.7 1.9
v -1.2 4.7 1.9
v -1.1 4.7 1.9
v 1.1 4.7 1.9
v 1.2 4.7 1.9
v 1.4 4.7 1.9
v 1.6 4.7 1.9
v -1.7 4.7 1.8
v -1.6 4.7 1.8
v -1.4 4.7 1.8
v -1.2 4.7 1.8
v 1.2 4.7 1.8
v 1.4 4.7 1.8
v 1.6 4.7 1.8
v 1.7 4.7 1.8
v -1.8 4.7 1.7
v -1.7 4.7 1.7
v -1.5 4.7 1.7
v -1.4 4.7 1.7
v 1.4 4.7 1.7
v 1.5 4.7 1.7
v 1.7 4.7 1.7
v 1.8 4.7 1.7
v -1.9 4.7 1.6
v -1.8 4.7 1.6
v -1.6 4.7 1.6
v -1.5 4.7 1.6
v 1.5 4.7 1.6
v 1.6 4.7 1.6
v 1.8 4.7 1.6
v 1.9 4.7 1.6
v -1.7 4.7 1.5
v -1.6 4.7 1.5
v 1.6 4.7 1.5
v 1.7 4.7 1.5
v -2 4.7 1.4
v -1.9 4.7 1.4
v -1.8 4.7 1.4
v -1.7 4.7 1.4
v 1.7 4.7 1.4
v 1.8 4.7 1.4
v 1.9 4.7 1.4
v 2 4.7 1.4
v -2.1 4.7 1.3
v -2 4.7 1.3
v 2 4.7 1.3
v 2.1 4.7 1.3
v -1.9 4.7 1.2
v -1.8 4.7 1.2
v 1.8 4.7 1.2
v 1.9 4.7 1.2
v -2.2 4.7 1.1
v -2.1 4.7 1.1
v -2 4.7 1.1
v -1.9 4.7 1.1
v 1.9 4.7 1.1
v 2 4.7 1.1
v 2.1 4.7 1.1
v 2.2 4.7 1.1
v -2.3 4.7 0.9
v -2.2 4.7 0.9
v 2.2 4.7 0.9
v 2.3 4.7 0.9
v -2.1 4.7 0.8
v -2 4.7 0.8
v 2 4.7 0.8
v 2.1 4.7 0.8
v -2.4 4.7 0.5
v -2.3 4.7 0.5
v -2.2 4.7 0.5
v -2.1 4.7 0.5
v 2.1 4.7 0.5
v 2.2 4.7 0.5
v 2.3 4.7 0.5
v 2.4 4.7 0.5
v -2.4 4.7 -0.5
v -2.3 4.7 -0.5
v -2.2 4.7 -0.5
v -2.1 4.7 -0.5
v 2.1 4.7 -0.5
v 2.2 4.7 -0.5
v 2.3 4.7 -0.5
v 2.4 4.7 -0.5
v -2.1 4.7 -0.8
v -2 4.7 -0.8
v 2 4.7 -0.8
v 2.1 4.7 -0.8
v -2.3 4.7 -0.9
v -2.2 4.7 -0.9
v 2.2 4.7 -0.9
v 2.3 4.7 -0.9
v -2.2 4.7 -1.1
v -2.1 4.7 -1.1
v -2 4.7 -1.1
v -1.9 4.7 -1.1
v 1.9 4.7 -1.1
v 2 4.7 -1.1
v 2.1 4.7 -1.1
v 2.2 4.7 -1.1
v -1.9 4.7 -1.2
v -1.8 4.7 -1.2
v 1.8 4.7 -1.2
v 1.9 4.7 -1.2
v -2.1 4.7 -1.3
v -2 4.7 -1.3
v 2 4.7 -1.3
v 2.1 4.7 -1.3
v -2 4.7 -1.4
v -1.9 4.7 -1.4
v -1.8 4.7 -1.4
v -1.7 4.7 -1.4
v 1.7 4.7 -1.4
v 1.8 4.7 -1.4
v 1.9 4.7 -1.4
v 2 4.7 -1.4
v -1.7 4.7 -1.5
v -1.6 4.7 -1.5
v 1.6 4.7 -1.5
v 1.7 4.7 -1.5
v -1.9 4.7 -1.6
v -1.8 4.7 -1.6
v -1.6 4.7 -1.6
v -1.5 4.7 -1.6
v 1.5 4.7 -1.6
v 1.6 4.7 -1.6
v 1.8 4.7 -1.6
v 1.9 4.7 -1.6
v -1.8 4.7 -1.7
v -1.7 4.7 -1.7
v -1.5 4.7 -1.7
v -1.4 4.7 -1.7
v 1.4 4.7 -1.7
v 1.5 4.7 -1.7
v 1.7 4.7 -1.7
v 1.8 4.7 -1.7
v -1.7 4.7 -1.8
v -1.6 4.7 -1.8
v -1.4 4.7 -1.8
v -1.2 4.7 -1.8
v 1.2 4.7 -1.8
v 1.4 4.7 -1.8
v 1.6 4.7 -1.8
v 1.7 4.7 -1.8
v -1.6 4.7 -1.9
v -1.4 4.7 -1.9
v -1.2 4.7 -1.9
v -1.1 4.7 -1.9
v 1.1 4.7 -1.9
v 1.2 4.7 -1.9
v 1.4 4.7 -1.9
v 1.6 4.7 -1.9
v -1.4 4.7 -2
v -1.3 4.7 -2
v -1.1 4.7 -2
v -0.8 4.7 -2
v 0.8 4.7 -2
v 1.1 4.7 -2
v 1.3 4.7 -2
v 1.4 4.7 -2
v -1.3 4.7 -2.1
v -1.1 4.7 -2.1
v -0.8 4.7 -2.1
v -0.5 4.7 -2.1
v 0.5 4.7 -2.1
v 0.8 4.7 -2.1
v 1.1 4.7 -2.1
v 1.3 4.7 -2.1
v -1.1 4.7 -2.2
v -0.9 4.7 -2.2
v -0.5 4.7 -2.2
v 0.5 4.7 -2.2
v 0.9 4.7 -2.2
v 1.1 4.7 -2.2
v -0.9 4.7 -2.3
v -0.5 4.7 -2.3
v 0.5 4.7 -2.3
v 0.9 4.7 -2.3
v -0.5 4.7 -2.4
v 0.5 4.7 -2.4
v -0.0999999 4.9 2.3
v 0.2 4.9 2.3
v -0.0999999 4.9 2.2
v 0.2 4.9 2.2
v -1.6 4.9 1.7
v -1.5 4.9 1.7
v 1.5 4.9 1.7
v 1.6 4.9 1.7
v -1.7 4.9 1.6
v -1.6 4.9 1.6
v -1.5 4.9 1.6
v 1.5 4.9 1.6
v 1.6 4.9 1.6
v 1.7 4.9 1.6
v -1.7 4.9 1.5
v -1.6 4.9 1.5
v 1.6 4.9 1.5
v 1.7 4.9 1.5
v -2.3 4.9 0.2
v -2.2 4.9 0.2
v 2.2 4.9 0.0999999
v 2.3 4.9 0.0999999
v -2.3 4.9 -0.1
v -2.2 4.9 -0.1
v 2.2 4.9 -0.2
v 2.3 4.9 -0.2
v -1.7 4.9 -1.5
v -1.6 4.9 -1.5
v 1.6 4.9 -1.5
v 1.7 4.9 -1.5
v -1.7 4.9 -1.6
v -1.6 4.9 -1.6
v -1.5 4.9 -1.6
v 1.5 4.9 -1.6
v 1.6 4.9 -1.6
v 1.7 4.9 -1.6
v -1.6 4.9 -1.7
v -1.5 4.9 -1.7
v 1.5 4.9 -1.7
v 1.6 4.9 -1.7
v -0.2 4.9 -2.2
v 0.1 4.9 -2.2
v -0.2 4.9 -2.3
v 0.1 4.9 -2.3
v -0.2 5 2.3
v -0.0999999 5 2.3
v 0.2 5 2.3
v 0.4 5 2.3
v -0.2 5 2.2
v -0.0999999 5 2.2
v 0.2 5 2.2
v 0.4 5 2.2
v -1.4 5 1.9
v -1.3 5 1.9
v -1.4 5 1.8
v -1.3 5 1.8
v 1.8 5 1.4
v 1.9 5 1.4
v 1.8 5 1.3
v 1.9 5 1.3
v -2.3 5 0.4
v -2.2 5 0.4
v -2.3 5 0.2
v -2.2 5 0.2
v 2.2 5 0.2
v 2.3 5 0.2
v 2.2 5 0.0999999
v 2.3 5 0.0999999
v -2.3 5 -0.1
v -2.2 5 -0.1
v -2.3 5 -0.2
v -2.2 5 -0.2
v 2.2 5 -0.2
v 2.3 5 -0.2
v 2.2 5 -0.4
v 2.3 5 -0.4
v -1.9 5 -1.3
v -1.8 5 -1.3
v -1.9 5 -1.4
v -1.8 5 -1.4
v 1.3 5 -1.8
v 1.4 5 -1.8
v 1.3 5 -1.9
v 1.4 5 -1.9
v -0.4 5 -2.2
v -0.2 5 -2.2
v 0.1 5 -2.2
v 0.2 5 -2.2
v -0.4 5 -2.3
v -0.2 5 -2.3
v 0.1 5 -2.3
v 0.2 5 -2.3
v -0.4 5.1 2.3
v -0.2 5.1 2.3
v 0.1 5.1 2.3
v 0.2 5.1 2.3
v -0.4 5.1 2.2
v -0.2 5.1 2.2
v 0.1 5.1 2.2
v 0.2 5.1 2.2
v 1.3 5.1 1.9
v 1.4 5.1 1.9
v -1.5 5.1 1.8
v -1.4 5.1 1.8
v 1.3 5.1 1.8
v 1.4 5.1 1.8
v 1.5 5.1 1.8
v -1.5 5.1 1.7
v -1.4 5.1 1.7
v 1.4 5.1 1.7
v 1.5 5.1 1.7
v -1.8 5.1 1.5
v -1.7 5.1 1.5
v 1.7 5.1 1.5
v 1.8 5.1 1.5
v -1.9 5.1 1.4
v -1.8 5.1 1.4
v -1.7 5.1 1.4
v 1.7 5.1 1.4
v 1.8 5.1 1.4
v -1.9 5.1 1.3
v -1.8 5.1 1.3
v 2.2 5.1 0.4
v 2.3 5.1 0.4
v -2.3 5.1 0.2
v -2.2 5.1 0.2
v 2.2 5.1 0.2
v 2.3 5.1 0.2
v -2.3 5.1 0.0999999
v -2.2 5.1 0.0999999
v 2.2 5.1 -0.1
v 2.3 5.1 -0.1
v -2.3 5.1 -0.2
v -2.2 5.1 -0.2
v 2.2 5.1 -0.2
v 2.3 5.1 -0.2
v -2.3 5.1 -0.4
v -2.2 5.1 -0.4
v 1.8 5.1 -1.3
v 1.9 5.1 -1.3
v -1.8 5.1 -1.4
v -1.7 5.1 -1.4
v 1.7 5.1 -1.4
v 1.8 5.1 -1.4
v 1.9 5.1 -1.4
v -1.8 5.1 -1.5
v -1.7 5.1 -1.5
v 1.7 5.1 -1.5
v 1.8 5.1 -1.5
v -1.5 5.1 -1.7
v -1.4 5.1 -1.7
v 1.4 5.1 -1.7
v 1.5 5.1 -1.7
v -1.5 5.1 -1.8
v -1.4 5.1 -1.8
v -1.3 5.1 -1.8
v 1.4 5.1 -1.8
v 1.5 5.1 -1.8
v -1.4 5.1 -1.9
v -1.3 5.1 -1.9
v -0.2 5.1 -2.2
v -0.0999999 5.1 -2.2
v 0.2 5.1 -2.2
v 0.4 5.1 -2.2
v -0.2 5.1 -2.3
v -0.0999999 5.1 -2.3
v 0.2 5.1 -2.3
v 0.4 5.1 -2.3
v -0.2 5.2 2.3
v 0.1 5.2 2.3
v -0.2 5.2 2.2
v 0.1 5.2 2.2
v -1.6 5.2 1.7
v -1.5 5.2 1.7
v 1.5 5.2 1.7
v 1.6 5.2 1.7
v -1.7 5.2 1.6
v -1.6 5.2 1.6
v -1.5 5.2 1.6
v 1.5 5.2 1.6
v 1.6 5.2 1.6
v 1.7 5.2 1.6
v -1.7 5.2 1.5
v -1.6 5.2 1.5
v 1.6 5.2 1.5
v 1.7 5.2 1.5
v 2.2 5.2 0.2
v 2.3 5.2 0.2
v -2.3 5.2 0.0999999
v -2.2 5.2 0.0999999
v 2.2 5.2 -0.1
v 2.3 5.2 -0.1
v -2.3 5.2 -0.2
v -2.2 5.2 -0.2
v -1.7 5.2 -1.5
v -1.6 5.2 -1.5
v 1.6 5.2 -1.5
v 1.7 5.2 -1.5
v -1.7 5.2 -1.6
v -1.6 5.2 -1.6
v -1.5 5.2 -1.6
v 1.5 5.2 -1.6
v 1.6 5.2 -1.6
v 1.7 5.2 -1.6
v -1.6 5.2 -1.7
v -1.5 5.2 -1.7
v 1.5 5.2 -1.7
v 1.6 5.2 -1.7
v -0.0999999 5.2 -2.2
v 0.2 5.2 -2.2
v -0.0999999 5.2 -2.3
v 0.2 5.2 -2.3
v -0.5 5.5 2.4
v 0.5 5.5 2.4
v -0.9 5.5 2.3
v -0.5 5.5 2.3
v 0.5 5.5 2.3
v 0.9 5.5 2.3
v -1.1 5.5 2.2
v -0.9 5.5 2.2
v 0.9 5.5 2.2
v 1.1 5.5 2.2
v -1.3 5.5 2.1
v -1.1 5.5 2.1
v 1.1 5.5 2.1
v 1.3 5.5 2.1
v -1.4 5.5 2
v -1.3 5.5 2
v -0.5 5.5 2
v 0.5 5.5 2
v 1.3 5.5 2
v 1.4 5.5 2
v -1.6 5.5 1.9
v -1.4 5.5 1.9
v -0.8 5.5 1.9
v -0.5 5.5 1.9
v 0.5 5.5 1.9
v 0.8 5.5 1.9
v 1.4 5.5 1.9
v 1.6 5.5 1.9
v -1.7 5.5 1.8
v -1.6 5.5 1.8
v -1 5.5 1.8
v -0.8 5.5 1.8
v 0.8 5.5 1.8
v 1 5.5 1.8
v 1.6 5.5 1.8
v 1.7 5.5 1.8
v -1.8 5.5 1.7
v -1.7 5.5 1.7
v -1.2 5.5 1.7
v -1 5.5 1.7
v 1 5.5 1.7
v 1.2 5.5 1.7
v 1.7 5.5 1.7
v 1.8 5.5 1.7
v -1.9 5.5 1.6
v -1.8 5.5 1.6
v -1.3 5.5 1.6
v -1.2 5.5 1.6
v 1.2 5.5 1.6
v 1.3 5.5 1.6
v 1.8 5.5 1.6
v 1.9 5.5 1.6
v -1.4 5.5 1.5
v -1.3 5.5 1.5
v 1.3 5.5 1.5
v 1.4 5.5 1.5
v -2 5.5 1.4
v -1.9 5.5 1.4
v -1.5 5.5 1.4
v -1.4 5.5 1.4
v 1.4 5.5 1.4
v 1.5 5.5 1.4
v 1.9 5.5 1.4
v 2 5.5 1.4
v -2.1 5.5 1.3
v -2 5.5 1.3
v -1.6 5.5 1.3
v -1.5 5.5 1.3
v 1.5 5.5 1.3
v 1.6 5.5 1.3
v 2 5.5 1.3
v 2.1 5.5 1.3
v -1.7 5.5 1.2
v -1.6 5.5 1.2
v 1.6 5.5 1.2
v 1.7 5.5 1.2
v -2.2 5.5 1.1
v -2.1 5.5 1.1
v 2.1 5.5 1.1
v 2.2 5.5 1.1
v -1.8 5.5 1
v -1.7 5.5 1
v 1.7 5.5 1
v 1.8 5.5 1
v -2.3 5.5 0.9
v -2.2 5.5 0.9
v 2.2 5.5 0.9
v 2.3 5.5 0.9
v -1.9 5.5 0.8
v -1.8 5.5 0.8
v 1.8 5.5 0.8
v 1.9 5.5 0.8
v -2.4 5.5 0.5
v -2.3 5.5 0.5
v -2 5.5 0.5
v -1.9 5.5 0.5
v 1.9 5.5 0.5
v 2 5.5 0.5
v 2.3 5.5 0.5
v 2.4 5.5 0.5
v -2.4 5.5 -0.5
v -2.3 5.5 -0.5
v -2 5.5 -0.5
v -1.9 5.5 -0.5
v 1.9 5.5 -0.5
v 2 5.5 -0.5
v 2.3 5.5 -0.5
v 2.4 5.5 -0.5
v -1.9 5.5 -0.8
v -1.8 5.5 -0.8
v 1.8 5.5 -0.8
v 1.9 5.5 -0.8
v -2.3 5.5 -0.9
v -2.2 5.5 -0.9
v 2.2 5.5 -0.9
v 2.3 5.5 -0.9
v -1.8 5.5 -1
v -1.7 5.5 -1
v 1.7 5.5 -1
v 1.8 5.5 -1
v -2.2 5.5 -1.1
v -2.1 5.5 -1.1
v 2.1 5.5 -1.1
v 2.2 5.5 -1.1
v -1.7 5.5 -1.2
v -1.6 5.5 -1.2
v 1.6 5.5 -1.2
v 1.7 5.5 -1.2
v -2.1 5.5 -1.3
v -2 5.5 -1.3
v -1.6 5.5 -1.3
v -1.5 5.5 -1.3
v 1.5 5.5 -1.3
v 1.6 5.5 -1.3
v 2 5.5 -1.3
v 2.1 5.5 -1.3
v -2 5.5 -1.4
v -1.9 5.5 -1.4
v -1.5 5.5 -1.4
v -1.4 5.5 -1.4
v 1.4 5.5 -1.4
v 1.5 5.5 -1.4
v 1.9 5.5 -1.4
v 2 5.5 -1.4
v -1.4 5.5 -1.5
v -1.3 5.5 -1.5
v 1.3 5.5 -1.5
v 1.4 5.5 -1.5
v -1.9 5.5 -1.6
v -1.8 5.5 -1.6
v -1.3 5.5 -1.6
v -1.2 5.5 -1.6
v 1.2 5.5 -1.6
v 1.3 5.5 -1.6
v 1.8 5.5 -1.6
v 1.9 5.5 -1.6
v -1.8 5.5 -1.7
v -1.7 5.5 -1.7
v -1.2 5.5 -1.7
v -1 5.5 -1.7
v 1 5.5 -1.7
v 1.2 5.5 -1.7
v 1.7 5.5 -1.7
v 1.8 5.5 -1.7
v -1.7 5.5 -1.8
v -1.6 5.5 -1.8
v -1 5.5 -1.8
v -0.8 5.5 -1.8
v 0.8 5.5 -1.8
v 1 5.5 -1.8
v 1.6 5.5 -1.8
v 1.7 5.5 -1.8
v -1.6 5.5 -1.9
v -1.4 5.5 -1.9
v -0.8 5.5 -1.9
v -0.5 5.5 -1.9
v 0.5 5.5 -1.9
v 0.8 5.5 -1.9
v 1.4 5.5 -1.9
v 1.6 5.5 -1.9
v -1.4 5.5 -2
v -1.3 5.5 -2
v -0.5 5.5 -2
v 0.5 5.5 -2
v 1.3 5.5 -2
v 1.4 5.5 -2
v -1.3 5.5 -2.1
v -1.1 5.5 -2.1
v 1.1 5.5 -2.1
v 1.3 5.5 -2.1
v -1.1 5.5 -2.2
v -0.9 5.5 -2.2
v 0.9 5.5 -2.2
v 1.1 5.5 -2.2
v -0.9 5.5 -2.3
v -0.5 5.5 -2.3
v 0.5 5.5 -2.3
v 0.9 5.5 -2.3
v -0.5 5.5 -2.4
v 0.5 5.5 -2.4

# faces
f 3/1/1 2/1/1 1/1/1
f 4/1/1 2/1/1 3/1/1
f 7/1/1 6/1/1 5/1/1
f 8/1/1 6/1/1 7/1/1
f 13/1/1 10/1/1 9/1/1
f 14/1/1 10/1/1 13/1/1
f 15/1/1 12/1/1 11/1/1
f 16/1/1 12/1/1 15/1/1
f 20/2/1 18/2/1 17/2/1
f 21/2/1 18/2/1 20/2/1
f 23/2/1 20/2/1 19/2/1
f 24/2/1 20/2/1 23/2/1
f 26/2/1 22/2/1 21/2/1
f 27/2/1 22/2/1 26/2/1
f 29/2/1 25/2/1 24/2/1
f 30/2/1 25/2/1 29/2/1
f 31/2/1 28/2/1 27/2/1
f 32/2/1 28/2/1 31/2/1
f 33/2/1 31/2/1 30/2/1
f 34/2/1 31/2/1 33/2/1
f 39/1/1 36/1/1 35/1/1
f 40/1/1 36/1/1 39/1/1
f 41/1/1 38/1/1 37/1/1
f 42/1/1 38/1/1 41/1/1
f 47/1/1 44/1/1 43/1/1
f 48/1/1 44/1/1 47/1/1
f 51/1/1 46/1/1 45/1/1
f 52/1/1 46/1/1 51/1/1
f 53/3/1 50/3/1 49/3/1
f 54/3/1 50/3/1 53/3/1
f 55/3/1 53/3/1 49/3/1
f 56/3/1 53/3/1 55/3/1
f 57/3/1 50/3/1 54/3/1
f 58/3/1 50/3/1 57/3/1
f 59/3/1 55/3/1 49/3/1
f 60/3/1 57/3/1 56/3/1
f 61/3/1 57/3/1 60/3/1
f 62/3/1 57/3/1 61/3/1
f 63/3/1 50/3/1 58/3/1
f 64/3/1 50/3/1 63/3/1
f 65/3/1 60/3/1 59/3/1
f 66/3/1 62/3/1 61/3/1
f 66/3/1 63/3/1 62/3/1
f 67/3/1 63/3/1 66/3/1
f 68/3/1 50/3/1 64/3/1
f 69/3/1 66/3/1 65/3/1
f 70/3/1 68/3/1 67/3/1
f 73/3/1 65/3/1 59/3/1
f 73/3/1 59/3/1 49/3/1
f 73/3/1 70/3/1 69/3/1
f 73/3/1 69/3/1 65/3/1
f 74/3/1 68/3/1 70/3/1
f 74/3/1 70/3/1 73/3/1
f 74/3/1 50/3/1 68/3/1
f 77/1/1 72/1/1 71/1/1
f 78/1/1 72/1/1 77/1/1
f 79/1/1 76/1/1 75/1/1
f 80/1/1 76/1/1 79/1/1
f 85/1/1 82/1/1 81/1/1
f 86/1/1 82/1/1 85/1/1
f 91/1/1 84/1/1 83/1/1
f 92/1/1 84/1/1 91/1/1
f 95/3/1 88/3/1 87/3/1
f 96/3/1 88/3/1 95/3/1
f 97/3/1 90/3/1 89/3/1
f 98/3/1 90/3/1 97/3/1
f 101/1/1 94/1/1 93/1/1
f 102/1/1 94/1/1 101/1/1
f 103/1/1 100/1/1 99/1/1
f 104/1/1 100/1/1 103/1/1
f 109/1/1 106/1/1 105/1/1
f 110/1/1 106/1/1 109/1/1
f 115/1/1 108/1/1 107/1/1
f 116/1/1 108/1/1 115/1/1
f 119/3/1 112/3/1 111/3/1
f 120/3/1 112/3/1 119/3/1
f 121/3/1 114/3/1 113/3/1
f 122/3/1 114/3/1 121/3/1
f 125/1/1 118/1/1 117/1/1
f 126/1/1 118/1/1 125/1/1
f 127/1/1 124/1/1 123/1/1
f 128/1/1 124/1/1 127/1/1
f 133/1/1 130/1/1 129/1/1
f 134/1/1 130/1/1 133/1/1
f 139/1/1 132/1/1 131/1/1
f 140/1/1 132/1/1 139/1/1
f 145/2/1 142/2/1 141/2/1
f 146/2/1 142/2/1 145/2/1
f 147/2/1 144/2/1 143/2/1
f 148/2/1 144/2/1 147/2/1
f 151/3/1 136/3/1 135/3/1
f 152/3/1 136/3/1 151/3/1
f 153/3/1 138/3/1 137/3/1
f 154/3/1 138/3/1 153/3/1
f 157/1/1 150/1/1 149/1/1
f 158/1/1 150/1/1 157/1/1
f 159/1/1 156/1/1 155/1/1
f 160/1/1 156/1/1 159/1/1
f 165/1/1 162/1/1 161/1/1
f 166/1/1 162/1/1 165/1/1
f 171/1/1 164/1/1 163/1/1
f 172/1/1 164/1/1 171/1/1
f 174/3/1 168/3/1 167/3/1
f 175/3/1 170/3/1 169/3/1
f 176/3/1 170/3/1 175/3/1
f 178/2/1 174/2/1 173/2/1
f 178/3/1 168/3/1 174/3/1
f 179/3/1 168/3/1 178/3/1
f 180/3/1 175/3/1 169/3/1
f 181/2/1 177/2/1 176/2/1
f 182/2/1 178/2/1 173/2/1
f 183/2/1 178/2/1 182/2/1
f 184/3/1 168/3/1 179/3/1
f 185/3/1 181/3/1 180/3/1
f 185/2/1 177/2/1 181/2/1
f 186/2/1 177/2/1 185/2/1
f 189/3/1 184/3/1 183/3/1
f 190/3/1 168/3/1 184/3/1
f 190/3/1 184/3/1 189/3/1
f 191/3/1 180/3/1 169/3/1
f 191/3/1 185/3/1 180/3/1
f 192/3/1 185/3/1 191/3/1
f 195/1/1 188/1/1 187/1/1
f 196/1/1 188/1/1 195/1/1
f 197/1/1 194/1/1 193/1/1
f 198/1/1 194/1/1 197/1/1
f 203/1/1 200/1/1 199/1/1
f 204/1/1 200/1/1 203/1/1
f 209/1/1 202/1/1 201/1/1
f 210/1/1 202/1/1 209/1/1
f 212/3/1 206/3/1 205/3/1
f 213/3/1 208/3/1 207/3/1
f 215/2/1 212/2/1 211/2/1
f 216/3/1 206/3/1 212/3/1
f 216/2/1 212/2/1 215/2/1
f 217/3/1 206/3/1 216/3/1
f 218/3/1 213/3/1 207/3/1
f 219/2/1 214/2/1 213/2/1
f 219/3/1 213/3/1 218/3/1
f 220/2/1 214/2/1 219/2/1
f 227/2/1 222/2/1 221/2/1
f 228/3/1 223/3/1 222/3/1
f 228/2/1 222/2/1 227/2/1
f 229/2/1 226/2/1 225/2/1
f 229/3/1 225/3/1 224/3/1
f 230/2/1 226/2/1 229/2/1
f 233/3/1 223/3/1 228/3/1
f 234/3/1 223/3/1 233/3/1
f 235/3/1 229/3/1 224/3/1
f 236/3/1 229/3/1 235/3/1
f 239/1/1 232/1/1 231/1/1
f 240/1/1 232/1/1 239/1/1
f 241/1/1 238/1/1 237/1/1
f 242/1/1 238/1/1 241/1/1
f 247/1/1 244/1/1 243/1/1
f 248/1/1 244/1/1 247/1/1
f 253/1/1 246/1/1 245/1/1
f 254/1/1 246/1/1 253/1/1
f 256/3/1 250/3/1 249/3/1
f 257/3/1 250/3/1 256/3/1
f 258/3/1 252/3/1 251/3/1
f 259/3/1 252/3/1 258/3/1
f 261/2/1 256/2/1 255/2/1
f 262/2/1 256/2/1 261/2/1
f 265/2/1 260/2/1 259/2/1
f 266/2/1 260/2/1 265/2/1
f 268/3/1 263/3/1 262/3/1
f 269/3/1 263/3/1 268/3/1
f 270/3/1 265/3/1 264/3/1
f 271/3/1 265/3/1 270/3/1
f 273/2/1 268/2/1 267/2/1
f 274/2/1 268/2/1 273/2/1
f 277/2/1 272/2/1 271/2/1
f 278/2/1 272/2/1 277/2/1
f 281/3/1 275/3/1 274/3/1
f 282/3/1 275/3/1 281/3/1
f 283/3/1 277/3/1 276/3/1
f 284/3/1 277/3/1 283/3/1
f 287/1/1 280/1/1 279/1/1
f 288/1/1 280/1/1 287/1/1
f 289/1/1 286/1/1 285/1/1
f 290/1/1 286/1/1 289/1/1
f 295/3/1 292/3/1 291/3/1
f 296/3/1 292/3/1 295/3/1
f 297/3/1 294/3/1 293/3/1
f 298/3/1 294/3/1 297/3/1
f 305/2/1 300/2/1 299/2/1
f 306/3/1 301/3/1 300/3/1
f 306/2/1 300/2/1 305/2/1
f 307/3/1 301/3/1 306/3/1
f 308/3/1 303/3/1 302/3/1
f 309/2/1 304/2/1 303/2/1
f 309/3/1 303/3/1 308/3/1
f 310/2/1 304/2/1 309/2/1
f 315/3/1 312/3/1 311/3/1
f 316/3/1 312/3/1 315/3/1
f 317/3/1 314/3/1 313/3/1
f 318/3/1 314/3/1 317/3/1
f 323/1/1 320/1/1 319/1/1
f 324/1/1 320/1/1 323/1/1
f 329/1/1 322/1/1 321/1/1
f 330/1/1 322/1/1 329/1/1
f 332/3/1 326/3/1 325/3/1
f 333/3/1 326/3/1 332/3/1
f 334/3/1 328/3/1 327/3/1
f 335/3/1 328/3/1 334/3/1
f 336/2/1 332/2/1 331/2/1
f 337/2/1 332/2/1 336/2/1
f 343/2/1 339/2/1 338/2/1
f 344/2/1 339/2/1 343/2/1
f 347/3/1 341/3/1 340/3/1
f 348/3/1 341/3/1 347/3/1
f 349/3/1 343/3/1 342/3/1
f 350/3/1 343/3/1 349/3/1
f 353/1/1 346/1/1 345/1/1
f 354/1/1 346/1/1 353/1/1
f 355/1/1 352/1/1 351/1/1
f 356/1/1 352/1/1 355/1/1
f 361/1/1 358/1/1 357/1/1
f 362/1/1 358/1/1 361/1/1
f 363/1/1 360/1/1 359/1/1
f 364/1/1 360/1/1 363/1/1
f 369/1/1 366/1/1 365/1/1
f 370/1/1 366/1/1 369/1/1
f 371/1/1 368/1/1 367/1/1
f 372/1/1 368/1/1 371/1/1
f 377/3/1 374/3/1 373/3/1
f 378/3/1 374/3/1 377/3/1
f 379/3/1 376/3/1 375/3/1
f 380/3/1 376/3/1 379/3/1
f 385/1/1 382/1/1 381/1/1
f 386/1/1 382/1/1 385/1/1
f 391/1/1 384/1/1 383/1/1
f 392/1/1 384/1/1 391/1/1
f 395/3/1 388/3/1 387/3/1
f 396/3/1 388/3/1 395/3/1
f 397/3/1 390/3/1 389/3/1
f 398/3/1 390/3/1 397/3/1
f 401/1/1 394/1/1 393/1/1
f 402/1/1 394/1/1 401/1/1
f 403/1/1 400/1/1 399/1/1
f 404/1/1 400/1/1 403/1/1
f 409/1/1 406/1/1 405/1/1
f 410/1/1 406/1/1 409/1/1
f 411/1/1 408/1/1 407/1/1
f 412/1/1 408/1/1 411/1/1
f 417/1/1 414/1/1 413/1/1
f 418/1/1 414/1/1 417/1/1
f 419/1/1 416/1/1 415/1/1
f 420/1/1 416/1/1 419/1/1
f 425/3/1 422/3/1 421/3/1
f 426/3/1 422/3/1 425/3/1
f 427/3/1 424/3/1 423/3/1
f 428/3/1 424/3/1 427/3/1
f 433/1/1 430/1/1 429/1/1
f 434/1/1 430/1/1 433/1/1
f 439/1/1 432/1/1 431/1/1
f 440/1/1 432/1/1 439/1/1
f 443/3/1 436/3/1 435/3/1
f 444/3/1 436/3/1 443/3/1
f 445/3/1 438/3/1 437/3/1
f 446/3/1 438/3/1 445/3/1
f 449/1/1 442/1/1 441/1/1
f 450/1/1 442/1/1 449/1/1
f 451/1/1 448/1/1 447/1/1
f 452/1/1 448/1/1 451/1/1
f 457/2/1 454/2/1 453/2/1
f 458/2/1 454/2/1 457/2/1
f 459/2/1 456/2/1 455/2/1
f 460/2/1 456/2/1 459/2/1
f 465/2/1 462/2/1 461/2/1
f 466/2/1 462/2/1 465/2/1
f 467/2/1 464/2/1 463/2/1
f 468/2/1 464/2/1 467/2/1
f 473/2/1 470/2/1 469/2/1
f 474/2/1 470/2/1 473/2/1
f 475/2/1 472/2/1 471/2/1
f 476/2/1 472/2/1 475/2/1
f 479/2/1 478/2/1 477/2/1
f 480/2/1 478/2/1 479/2/1
f 483/2/1 482/2/1 481/2/1
f 484/2/1 482/2/1 483/2/1
f 489/2/1 486/2/1 485/2/1
f 490/2/1 486/2/1 489/2/1
f 491/2/1 488/2/1 487/2/1
f 492/2/1 488/2/1 491/2/1
f 495/2/1 494/2/1 493/2/1
f 496/2/1 494/2/1 495/2/1
f 499/2/1 498/2/1 497/2/1
f 500/2/1 498/2/1 499/2/1
f 505/1/1 502/1/1 501/1/1
f 506/1/1 502/1/1 505/1/1
f 507/1/1 504/1/1 503/1/1
f 508/1/1 504/1/1 507/1/1
f 513/1/1 510/1/1 509/1/1
f 514/1/1 510/1/1 513/1/1
f 515/1/1 512/1/1 511/1/1
f 516/1/1 512/1/1 515/1/1
f 521/1/1 518/1/1 517/1/1
f 522/1/1 518/1/1 521/1/1
f 523/1/1 520/1/1 519/1/1
f 524/1/1 520/1/1 523/1/1
f 529/1/1 526/1/1 525/1/1
f 530/1/1 526/1/1 529/1/1
f 531/1/1 528/1/1 527/1/1
f 532/1/1 528/1/1 531/1/1
f 541/2/1 538/2/1 537/2/1
f 542/2/1 538/2/1 541/2/1
f 543/2/1 540/2/1 539/2/1
f 544/2/1 540/2/1 543/2/1
f 545/1/1 534/1/1 533/1/1
f 546/1/1 534/1/1 545/1/1
f 547/1/1 536/1/1 535/1/1
f 548/1/1 536/1/1 547/1/1
f 553/1/1 550/1/1 549/1/1
f 554/1/1 550/1/1 553/1/1
f 555/1/1 552/1/1 551/1/1
f 556/1/1 552/1/1 555/1/1
f 561/1/1 558/1/1 557/1/1
f 562/1/1 558/1/1 561/1/1
f 563/1/1 560/1/1 559/1/1
f 564/1/1 560/1/1 563/1/1
f 569/1/1 566/1/1 565/1/1
f 570/1/1 566/1/1 569/1/1
f 571/1/1 568/1/1 567/1/1
f 572/1/1 568/1/1 571/1/1
f 577/1/1 574/1/1 573/1/1
f 578/1/1 574/1/1 577/1/1
f 579/1/1 576/1/1 575/1/1
f 580/1/1 576/1/1 579/1/1
f 585/1/1 582/1/1 581/1/1
f 586/1/1 582/1/1 585/1/1
f 587/1/1 584/1/1 583/1/1
f 588/1/1 584/1/1 587/1/1
f 593/1/1 590/1/1 589/1/1
f 594/1/1 590/1/1 593/1/1
f 595/1/1 592/1/1 591/1/1
f 596/1/1 592/1/1 595/1/1
f 599/1/1 598/1/1 597/1/1
f 600/1/1 598/1/1 599/1/1
f 601/1/2 602/1/2 603/1/2
f 603/1/2 602/1/2 604/1/2
f 605/1/2 606/1/2 609/1/2
f 609/1/2 606/1/2 610/1/2
f 607/1/2 608/1/2 611/1/2
f 611/1/2 608/1/2 612/1/2
f 613/1/2 614/1/2 617/1/2
f 617/1/2 614/1/2 618/1/2
f 615/1/2 616/1/2 619/1/2
f 619/1/2 616/1/2 620/1/2
f 621/1/2 622/1/2 625/1/2
f 625/1/2 622/1/2 626/1/2
f 623/1/2 624/1/2 627/1/2
f 627/1/2 624/1/2 628/1/2
f 629/1/2 630/1/2 633/1/2
f 633/1/2 630/1/2 634/1/2
f 631/1/2 632/1/2 635/1/2
f 635/1/2 632/1/2 636/1/2
f 637/1/2 638/1/2 641/1/2
f 641/1/2 638/1/2 642/1/2
f 639/1/2 640/1/2 643/1/2
f 643/1/2 640/1/2 644/1/2
f 645/1/2 646/1/2 649/1/2
f 649/1/2 646/1/2 650/1/2
f 647/1/2 648/1/2 651/1/2
f 651/1/2 648/1/2 652/1/2
f 657/2/2 658/2/2 659/2/2
f 659/2/2 658/2/2 660/2/2
f 661/2/2 662/2/2 663/2/2
f 663/2/2 662/2/2 664/2/2
f 653/1/2 654/1/2 665/1/2
f 665/1/2 654/1/2 666/1/2
f 655/1/2 656/1/2 667/1/2
f 667/1/2 656/1/2 668/1/2
f 669/1/2 670/1/2 673/1/2
f 673/1/2 670/1/2 674/1/2
f 671/1/2 672/1/2 675/1/2
f 675/1/2 672/1/2 676/1/2
f 677/1/2 678/1/2 681/1/2
f 681/1/2 678/1/2 682/1/2
f 679/1/2 680/1/2 683/1/2
f 683/1/2 680/1/2 684/1/2
f 685/1/2 686/1/2 689/1/2
f 689/1/2 686/1/2 690/1/2
f 687/1/2 688/1/2 691/1/2
f 691/1/2 688/1/2 692/1/2
f 693/1/2 694/1/2 697/1/2
f 697/1/2 694/1/2 698/1/2
f 695/1/2 696/1/2 699/1/2
f 699/1/2 696/1/2 700/1/2
f 701/2/2 702/2/2 705/2/2
f 705/2/2 702/2/2 706/2/2
f 703/2/2 704/2/2 707/2/2
f 707/2/2 704/2/2 708/2/2
f 709/2/2 710/2/2 711/2/2
f 711/2/2 710/2/2 712/2/2
f 713/2/2 714/2/2 715/2/2
f 715/2/2 714/2/2 716/2/2
f 717/2/2 718/2/2 719/2/2
f 719/2/2 718/2/2 720/2/2
f 721/2/2 722/2/2 723/2/2
f 723/2/2 722/2/2 724/2/2
f 725/2/2 726/2/2 727/2/2
f 727/2/2 726/2/2 728/2/2
f 729/2/2 730/2/2 733/2/2
f 733/2/2 730/2/2 734/2/2
f 731/2/2 732/2/2 735/2/2
f 735/2/2 732/2/2 736/2/2
f 737/2/2 738/2/2 739/2/2
f 739/2/2 738/2/2 740/2/2
f 741/2/2 742/2/2 743/2/2
f 743/2/2 742/2/2 744/2/2
f 745/2/2 746/2/2 747/2/2
f 747/2/2 746/2/2 748/2/2
f 749/1/2 750/1/2 753/1/2
f 753/1/2 750/1/2 754/1/2
f 751/1/2 752/1/2 759/1/2
f 759/1/2 752/1/2 760/1/2
f 755/3/2 756/3/2 763/3/2
f 763/3/2 756/3/2 764/3/2
f 757/3/2 758/3/2 765/3/2
f 765/3/2 758/3/2 766/3/2
f 761/1/2 762/1/2 769/1/2
f 769/1/2 762/1/2 770/1/2
f 767/1/2 768/1/2 771/1/2
f 771/1/2 768/1/2 772/1/2
f 773/3/2 774/3/2 777/3/2
f 777/3/2 774/3/2 778/3/2
f 775/3/2 776/3/2 779/3/2
f 779/3/2 776/3/2 780/3/2
f 781/1/2 782/1/2 785/1/2
f 785/1/2 782/1/2 786/1/2
f 783/1/2 784/1/2 787/1/2
f 787/1/2 784/1/2 788/1/2
f 789/1/2 790/1/2 793/1/2
f 793/1/2 790/1/2 794/1/2
f 791/1/2 792/1/2 795/1/2
f 795/1/2 792/1/2 796/1/2
f 797/1/2 798/1/2 801/1/2
f 801/1/2 798/1/2 802/1/2
f 799/1/2 800/1/2 807/1/2
f 807/1/2 800/1/2 808/1/2
f 803/3/2 804/3/2 811/3/2
f 811/3/2 804/3/2 812/3/2
f 805/3/2 806/3/2 813/3/2
f 813/3/2 806/3/2 814/3/2
f 809/1/2 810/1/2 817/1/2
f 817/1/2 810/1/2 818/1/2
f 815/1/2 816/1/2 819/1/2
f 819/1/2 816/1/2 820/1/2
f 821/3/2 822/3/2 825/3/2
f 825/3/2 822/3/2 826/3/2
f 823/3/2 824/3/2 827/3/2
f 827/3/2 824/3/2 828/3/2
f 829/1/2 830/1/2 833/1/2
f 833/1/2 830/1/2 834/1/2
f 831/1/2 832/1/2 835/1/2
f 835/1/2 832/1/2 836/1/2
f 837/1/2 838/1/2 841/1/2
f 841/1/2 838/1/2 842/1/2
f 839/1/2 840/1/2 843/1/2
f 843/1/2 840/1/2 844/1/2
f 845/1/2 846/1/2 849/1/2
f 849/1/2 846/1/2 850/1/2
f 847/1/2 848/1/2 855/1/2
f 855/1/2 848/1/2 856/1/2
f 851/3/2 852/3/2 857/3/2
f 857/3/2 852/3/2 858/3/2
f 853/3/2 854/3/2 859/3/2
f 859/3/2 854/3/2 860/3/2
f 860/2/2 861/2/2 864/2/2
f 864/2/2 861/2/2 865/2/2
f 862/2/2 863/2/2 866/2/2
f 866/2/2 863/2/2 867/2/2
f 867/3/2 868/3/2 873/3/2
f 873/3/2 868/3/2 874/3/2
f 869/3/2 870/3/2 875/3/2
f 875/3/2 870/3/2 876/3/2
f 871/1/2 872/1/2 879/1/2
f 879/1/2 872/1/2 880/1/2
f 877/1/2 878/1/2 881/1/2
f 881/1/2 878/1/2 882/1/2
f 883/3/2 884/3/2 887/3/2
f 887/3/2 884/3/2 888/3/2
f 885/3/2 886/3/2 889/3/2
f 889/3/2 886/3/2 890/3/2
f 891/2/2 892/2/2 897/2/2
f 892/3/2 893/3/2 898/3/2
f 897/2/2 892/2/2 898/2/2
f 898/3/2 893/3/2 899/3/2
f 894/3/2 895/3/2 900/3/2
f 895/2/2 896/2/2 901/2/2
f 900/3/2 895/3/2 901/3/2
f 901/2/2 896/2/2 902/2/2
f 903/3/2 904/3/2 907/3/2
f 907/3/2 904/3/2 908/3/2
f 905/3/2 906/3/2 909/3/2
f 909/3/2 906/3/2 910/3/2
f 911/1/2 912/1/2 915/1/2
f 915/1/2 912/1/2 916/1/2
f 913/1/2 914/1/2 921/1/2
f 921/1/2 914/1/2 922/1/2
f 917/3/2 918/3/2 924/3/2
f 924/3/2 918/3/2 925/3/2
f 919/3/2 920/3/2 926/3/2
f 926/3/2 920/3/2 927/3/2
f 923/2/2 924/2/2 929/2/2
f 929/2/2 924/2/2 930/2/2
f 927/2/2 928/2/2 933/2/2
f 933/2/2 928/2/2 934/2/2
f 930/3/2 931/3/2 936/3/2
f 936/3/2 931/3/2 937/3/2
f 932/3/2 933/3/2 938/3/2
f 938/3/2 933/3/2 939/3/2
f 935/2/2 936/2/2 941/2/2
f 941/2/2 936/2/2 942/2/2
f 939/2/2 940/2/2 945/2/2
f 945/2/2 940/2/2 946/2/2
f 942/3/2 943/3/2 949/3/2
f 949/3/2 943/3/2 950/3/2
f 944/3/2 945/3/2 951/3/2
f 951/3/2 945/3/2 952/3/2
f 947/1/2 948/1/2 955/1/2
f 955/1/2 948/1/2 956/1/2
f 953/1/2 954/1/2 957/1/2
f 957/1/2 954/1/2 958/1/2
f 959/1/2 960/1/2 963/1/2
f 963/1/2 960/1/2 964/1/2
f 961/1/2 962/1/2 969/1/2
f 969/1/2 962/1/2 970/1/2
f 965/3/2 966/3/2 972/3/2
f 967/3/2 968/3/2 973/3/2
f 971/2/2 972/2/2 975/2/2
f 972/3/2 966/3/2 976/3/2
f 975/2/2 972/2/2 976/2/2
f 976/3/2 966/3/2 977/3/2
f 967/3/2 973/3/2 978/3/2
f 973/2/2 974/2/2 979/2/2
f 978/3/2 973/3/2 979/3/2
f 979/2/2 974/2/2 980/2/2
f 981/2/2 982/2/2 987/2/2
f 982/3/2 983/3/2 988/3/2
f 987/2/2 982/2/2 988/2/2
f 985/2/2 986/2/2 989/2/2
f 984/3/2 985/3/2 989/3/2
f 989/2/2 986/2/2 990/2/2
f 988/3/2 983/3/2 993/3/2
f 993/3/2 983/3/2 994/3/2
f 984/3/2 989/3/2 995/3/2
f 995/3/2 989/3/2 996/3/2
f 991/1/2 992/1/2 999/1/2
f 999/1/2 992/1/2 1000/1/2
f 997/1/2 998/1/2 1001/1/2
f 1001/1/2 998/1/2 1002/1/2
f 1003/1/2 1004/1/2 1007/1/2
f 1007/1/2 1004/1/2 1008/1/2
f 1005/1/2 1006/1/2 1013/1/2
f 1013/1/2 1006/1/2 1014/1/2
f 1009/3/2 1010/3/2 1016/3/2
f 1016/3/2 1010/3/2 1017/3/2
f 1011/3/2 1012/3/2 1018/3/2
f 1015/2/2 1016/2/2 1020/2/2
f 1017/3/2 1010/3/2 1021/3/2
f 1011/3/2 1018/3/2 1022/3/2
f 1018/2/2 1019/2/2 1023/2/2
f 1022/3/2 1018/3/2 1023/3/2
f 1015/2/2 1020/2/2 1024/2/2
f 1020/3/2 1021/3/2 1025/3/2
f 1024/2/2 1020/2/2 1025/2/2
f 1011/3/2 1022/3/2 1026/3/2
f 1023/2/2 1019/2/2 1027/2/2
f 1027/2/2 1019/2/2 1028/2/2
f 1025/3/2 1021/3/2 1031/3/2
f 1021/3/2 1010/3/2 1032/3/2
f 1031/3/2 1021/3/2 1032/3/2
f 1011/3/2 1026/3/2 1033/3/2
f 1026/3/2 1027/3/2 1033/3/2
f 1033/3/2 1027/3/2 1034/3/2
f 1029/1/2 1030/1/2 1037/1/2
f 1037/1/2 1030/1/2 1038/1/2
f 1035/1/2 1036/1/2 1039/1/2
f 1039/1/2 1036/1/2 1040/1/2
f 1041/1/2 1042/1/2 1045/1/2
f 1045/1/2 1042/1/2 1046/1/2
f 1043/1/2 1044/1/2 1051/1/2
f 1051/1/2 1044/1/2 1052/1/2
f 1053/2/2 1054/2/2 1055/2/2
f 1055/2/2 1054/2/2 1056/2/2
f 1057/2/2 1058/2/2 1059/2/2
f 1059/2/2 1058/2/2 1060/2/2
f 1047/3/2 1048/3/2 1063/3/2
f 1063/3/2 1048/3/2 1064/3/2
f 1049/3/2 1050/3/2 1065/3/2
f 1065/3/2 1050/3/2 1066/3/2
f 1061/1/2 1062/1/2 1069/1/2
f 1069/1/2 1062/1/2 1070/1/2
f 1067/1/2 1068/1/2 1071/1/2
f 1071/1/2 1068/1/2 1072/1/2
f 1073/1/2 1074/1/2 1077/1/2
f 1077/1/2 1074/1/2 1078/1/2
f 1075/1/2 1076/1/2 1083/1/2
f 1083/1/2 1076/1/2 1084/1/2
f 1079/3/2 1080/3/2 1087/3/2
f 1087/3/2 1080/3/2 1088/3/2
f 1081/3/2 1082/3/2 1089/3/2
f 1089/3/2 1082/3/2 1090/3/2
f 1085/1/2 1086/1/2 1093/1/2
f 1093/1/2 1086/1/2 1094/1/2
f 1091/1/2 1092/1/2 1095/1/2
f 1095/1/2 1092/1/2 1096/1/2
f 1097/1/2 1098/1/2 1101/1/2
f 1101/1/2 1098/1/2 1102/1/2
f 1099/1/2 1100/1/2 1107/1/2
f 1107/1/2 1100/1/2 1108/1/2
f 1103/3/2 1104/3/2 1111/3/2
f 1111/3/2 1104/3/2 1112/3/2
f 1105/3/2 1106/3/2 1113/3/2
f 1113/3/2 1106/3/2 1114/3/2
f 1109/1/2 1110/1/2 1117/1/2
f 1117/1/2 1110/1/2 1118/1/2
f 1115/1/2 1116/1/2 1119/1/2
f 1119/1/2 1116/1/2 1120/1/2
f 1121/1/2 1122/1/2 1125/1/2
f 1125/1/2 1122/1/2 1126/1/2
f 1123/1/2 1124/1/2 1129/1/2
f 1129/1/2 1124/1/2 1130/1/2
f 1127/3/2 1128/3/2 1131/3/2
f 1131/3/2 1128/3/2 1132/3/2
f 1127/3/2 1131/3/2 1133/3/2
f 1133/3/2 1131/3/2 1134/3/2
f 1132/3/2 1128/3/2 1135/3/2
f 1135/3/2 1128/3/2 1136/3/2
f 1127/3/2 1133/3/2 1137/3/2
f 1137/3/2 1133/3/2 1138/3/2
f 1134/3/2 1135/3/2 1139/3/2
f 1139/3/2 1135/3/2 1140/3/2
f 1140/3/2 1135/3/2 1141/3/2
f 1136/3/2 1128/3/2 1142/3/2
f 1127/3/2 1137/3/2 1143/3/2
f 1138/3/2 1139/3/2 1144/3/2
f 1139/3/2 1140/3/2 1144/3/2
f 1144/3/2 1140/3/2 1145/3/2
f 1141/3/2 1142/3/2 1146/3/2
f 1143/3/2 1144/3/2 1147/3/2
f 1145/3/2 1146/3/2 1148/3/2
f 1143/3/2 1147/3/2 1151/3/2
f 1127/3/2 1143/3/2 1151/3/2
f 1147/3/2 1148/3/2 1151/3/2
f 1142/3/2 1128/3/2 1152/3/2
f 1151/3/2 1148/3/2 1152/3/2
f 1148/3/2 1146/3/2 1152/3/2
f 1146/3/2 1142/3/2 1152/3/2
f 1149/1/2 1150/1/2 1155/1/2
f 1155/1/2 1150/1/2 1156/1/2
f 1153/1/2 1154/1/2 1157/1/2
f 1157/1/2 1154/1/2 1158/1/2
f 1159/1/2 1160/1/2 1163/1/2
f 1163/1/2 1160/1/2 1164/1/2
f 1161/1/2 1162/1/2 1165/1/2
f 1165/1/2 1162/1/2 1166/1/2
f 1167/2/2 1168/2/2 1170/2/2
f 1170/2/2 1168/2/2 1171/2/2
f 1169/2/2 1170/2/2 1174/2/2
f 1174/2/2 1170/2/2 1175/2/2
f 1171/2/2 1172/2/2 1177/2/2
f 1177/2/2 1172/2/2 1178/2/2
f 1173/2/2 1174/2/2 1179/2/2
f 1179/2/2 1174/2/2 1180/2/2
f 1176/2/2 1177/2/2 1181/2/2
f 1181/2/2 1177/2/2 1182/2/2
f 1180/2/2 1181/2/2 1183/2/2
f 1183/2/2 1181/2/2 1184/2/2
f 1185/1/2 1186/1/2 1189/1/2
f 1189/1/2 1186/1/2 1190/1/2
f 1187/1/2 1188/1/2 1191/1/2
f 1191/1/2 1188/1/2 1192/1/2
f 1193/1/2 1194/1/2 1195/1/2
f 1195/1/2 1194/1/2 1196/1/2
f 1197/1/2 1198/1/2 1199/1/2
f 1199/1/2 1198/1/2 1200/1/2
f 1205/1/3 1202/1/3 1201/1/3
f 1206/1/3 1202/1/3 1205/1/3
f 1207/1/3 1204/1/3 1203/1/3
f 1208/1/3 1204/1/3 1207/1/3
f 1213/1/3 1210/1/3 1209/1/3
f 1214/1/3 1210/1/3 1213/1/3
f 1215/1/3 1212/1/3 1211/1/3
f 1216/1/3 1212/1/3 1215/1/3
f 1220/2/3 1218/2/3 1217/2/3
f 1221/2/3 1218/2/3 1220/2/3
f 1224/2/3 1220/2/3 1219/2/3
f 1225/2/3 1220/2/3 1224/2/3
f 1227/2/3 1222/2/3 1221/2/3
f 1228/2/3 1222/2/3 1227/2/3
f 1229/2/3 1224/2/3 1223/2/3
f 1230/2/3 1224/2/3 1229/2/3
f 1231/2/3 1227/2/3 1226/2/3
f 1232/2/3 1227/2/3 1231/2/3
f 1233/2/3 1231/2/3 1230/2/3
f 1234/2/3 1231/2/3 1233/2/3
f 1239/1/3 1236/1/3 1235/1/3
f 1240/1/3 1236/1/3 1239/1/3
f 1241/1/3 1238/1/3 1237/1/3
f 1242/1/3 1238/1/3 1241/1/3
f 1247/1/3 1244/1/3 1243/1/3
f 1248/1/3 1244/1/3 1247/1/3
f 1249/1/3 1246/1/3 1245/1/3
f 1250/1/3 1246/1/3 1249/1/3
f 1253/3/3 1252/3/3 1251/3/3
f 1254/3/3 1252/3/3 1253/3/3
f 1255/3/3 1253/3/3 1251/3/3
f 1256/3/3 1253/3/3 1255/3/3
f 1257/3/3 1252/3/3 1254/3/3
f 1258/3/3 1252/3/3 1257/3/3
f 1259/3/3 1255/3/3 1251/3/3
f 1260/3/3 1255/3/3 1259/3/3
f 1261/3/3 1257/3/3 1256/3/3
f 1262/3/3 1261/3/3 1260/3/3
f 1262/3/3 1257/3/3 1261/3/3
f 1263/3/3 1257/3/3 1262/3/3
f 1264/3/3 1252/3/3 1258/3/3
f 1265/3/3 1259/3/3 1251/3/3
f 1266/3/3 1262/3/3 1260/3/3
f 1267/3/3 1262/3/3 1266/3/3
f 1268/3/3 1264/3/3 1263/3/3
f 1269/3/3 1266/3/3 1265/3/3
f 1270/3/3 1268/3/3 1267/3/3
f 1271/3/3 1269/3/3 1265/3/3
f 1271/3/3 1270/3/3 1269/3/3
f 1271/3/3 1265/3/3 1251/3/3
f 1272/3/3 1268/3/3 1270/3/3
f 1272/3/3 1270/3/3 1271/3/3
f 1272/3/3 1252/3/3 1264/3/3
f 1272/3/3 1264/3/3 1268/3/3
f 1277/1/3 1274/1/3 1273/1/3
f 1278/1/3 1274/1/3 1277/1/3
f 1279/1/3 1276/1/3 1275/1/3
f 1280/1/3 1276/1/3 1279/1/3
f 1285/1/3 1282/1/3 1281/1/3
f 1286/1/3 1282/1/3 1285/1/3
f 1287/1/3 1284/1/3 1283/1/3
f 1288/1/3 1284/1/3 1287/1/3
f 1291/3/3 1290/3/3 1289/3/3
f 1292/3/3 1290/3/3 1291/3/3
f 1295/3/3 1294/3/3 1293/3/3
f 1296/3/3 1294/3/3 1295/3/3
f 1301/1/3 1298/1/3 1297/1/3
f 1302/1/3 1298/1/3 1301/1/3
f 1303/1/3 1300/1/3 1299/1/3
f 1304/1/3 1300/1/3 1303/1/3
f 1309/1/3 1306/1/3 1305/1/3
f 1310/1/3 1306/1/3 1309/1/3
f 1311/1/3 1308/1/3 1307/1/3
f 1312/1/3 1308/1/3 1311/1/3
f 1315/3/3 1314/3/3 1313/3/3
f 1316/3/3 1314/3/3 1315/3/3
f 1319/3/3 1318/3/3 1317/3/3
f 1320/3/3 1318/3/3 1319/3/3
f 1325/1/3 1322/1/3 1321/1/3
f 1326/1/3 1322/1/3 1325/1/3
f 1327/1/3 1324/1/3 1323/1/3
f 1328/1/3 1324/1/3 1327/1/3
f 1333/1/3 1330/1/3 1329/1/3
f 1334/1/3 1330/1/3 1333/1/3
f 1337/1/3 1332/1/3 1331/1/3
f 1338/1/3 1332/1/3 1337/1/3
f 1339/2/3 1336/2/3 1335/2/3
f 1340/2/3 1336/2/3 1339/2/3
f 1343/3/3 1342/3/3 1341/3/3
f 1344/3/3 1342/3/3 1343/3/3
f 1347/3/3 1346/3/3 1345/3/3
f 1348/3/3 1346/3/3 1347/3/3
f 1353/2/3 1350/2/3 1349/2/3
f 1354/2/3 1350/2/3 1353/2/3
f 1357/1/3 1352/1/3 1351/1/3
f 1358/1/3 1352/1/3 1357/1/3
f 1359/1/3 1356/1/3 1355/1/3
f 1360/1/3 1356/1/3 1359/1/3
f 1365/1/3 1362/1/3 1361/1/3
f 1366/1/3 1362/1/3 1365/1/3
f 1367/1/3 1364/1/3 1363/1/3
f 1368/1/3 1364/1/3 1367/1/3
f 1372/2/3 1370/2/3 1369/2/3
f 1373/2/3 1370/2/3 1372/2/3
f 1374/2/3 1370/2/3 1373/2/3
f 1376/3/3 1372/3/3 1371/3/3
f 1377/3/3 1375/3/3 1374/3/3
f 1377/3/3 1374/3/3 1373/3/3
f 1378/3/3 1376/3/3 1371/3/3
f 1378/3/3 1377/3/3 1376/3/3
f 1379/3/3 1375/3/3 1377/3/3
f 1379/3/3 1377/3/3 1378/3/3
f 1382/3/3 1381/3/3 1380/3/3
f 1383/3/3 1381/3/3 1382/3/3
f 1384/3/3 1382/3/3 1380/3/3
f 1385/3/3 1382/3/3 1384/3/3
f 1386/3/3 1382/3/3 1385/3/3
f 1387/3/3 1381/3/3 1383/3/3
f 1388/3/3 1381/3/3 1387/3/3
f 1389/2/3 1386/2/3 1385/2/3
f 1389/2/3 1387/2/3 1386/2/3
f 1390/2/3 1387/2/3 1389/2/3
f 1395/1/3 1392/1/3 1391/1/3
f 1396/1/3 1392/1/3 1395/1/3
f 1397/1/3 1394/1/3 1393/1/3
f 1398/1/3 1394/1/3 1397/1/3
f 1403/1/3 1400/1/3 1399/1/3
f 1404/1/3 1400/1/3 1403/1/3
f 1405/1/3 1402/1/3 1401/1/3
f 1406/1/3 1402/1/3 1405/1/3
f 1412/2/3 1408/2/3 1407/2/3
f 1413/2/3 1408/2/3 1412/2/3
f 1414/2/3 1410/2/3 1409/2/3
f 1415/2/3 1410/2/3 1414/2/3
f 1417/3/3 1413/3/3 1412/3/3
f 1417/3/3 1412/3/3 1411/3/3
f 1418/3/3 1413/3/3 1417/3/3
f 1419/3/3 1416/3/3 1415/3/3
f 1419/3/3 1415/3/3 1414/3/3
f 1420/3/3 1416/3/3 1419/3/3
f 1425/3/3 1422/3/3 1421/3/3
f 1426/3/3 1422/3/3 1425/3/3
f 1427/3/3 1422/3/3 1426/3/3
f 1428/3/3 1424/3/3 1423/3/3
f 1429/3/3 1424/3/3 1428/3/3
f 1430/3/3 1424/3/3 1429/3/3
f 1431/2/3 1427/2/3 1426/2/3
f 1432/2/3 1427/2/3 1431/2/3
f 1433/2/3 1429/2/3 1428/2/3
f 1434/2/3 1429/2/3 1433/2/3
f 1439/1/3 1436/1/3 1435/1/3
f 1440/1/3 1436/1/3 1439/1/3
f 1441/1/3 1438/1/3 1437/1/3
f 1442/1/3 1438/1/3 1441/1/3
f 1447/1/3 1444/1/3 1443/1/3
f 1448/1/3 1444/1/3 1447/1/3
f 1449/1/3 1446/1/3 1445/1/3
f 1450/1/3 1446/1/3 1449/1/3
f 1456/2/3 1452/2/3 1451/2/3
f 1457/2/3 1452/2/3 1456/2/3
f 1458/2/3 1454/2/3 1453/2/3
f 1459/2/3 1454/2/3 1458/2/3
f 1461/3/3 1456/3/3 1455/3/3
f 1462/3/3 1456/3/3 1461/3/3
f 1463/3/3 1458/3/3 1457/3/3
f 1464/3/3 1458/3/3 1463/3/3
f 1465/3/3 1460/3/3 1459/3/3
f 1466/3/3 1460/3/3 1465/3/3
f 1473/3/3 1468/3/3 1467/3/3
f 1474/3/3 1468/3/3 1473/3/3
f 1475/3/3 1470/3/3 1469/3/3
f 1476/3/3 1470/3/3 1475/3/3
f 1477/3/3 1472/3/3 1471/3/3
f 1478/3/3 1472/3/3 1477/3/3
f 1479/2/3 1475/2/3 1474/2/3
f 1480/2/3 1475/2/3 1479/2/3
f 1481/2/3 1477/2/3 1476/2/3
f 1482/2/3 1477/2/3 1481/2/3
f 1487/1/3 1484/1/3 1483/1/3
f 1488/1/3 1484/1/3 1487/1/3
f 1489/1/3 1486/1/3 1485/1/3
f 1490/1/3 1486/1/3 1489/1/3
f 1495/2/3 1492/2/3 1491/2/3
f 1496/2/3 1492/2/3 1495/2/3
f 1499/3/3 1494/3/3 1493/3/3
f 1500/3/3 1494/3/3 1499/3/3
f 1501/3/3 1496/3/3 1495/3/3
f 1502/3/3 1496/3/3 1501/3/3
f 1503/3/3 1498/3/3 1497/3/3
f 1504/3/3 1498/3/3 1503/3/3
f 1511/3/3 1506/3/3 1505/3/3
f 1512/3/3 1506/3/3 1511/3/3
f 1513/3/3 1508/3/3 1507/3/3
f 1514/3/3 1508/3/3 1513/3/3
f 1515/3/3 1510/3/3 1509/3/3
f 1516/3/3 1510/3/3 1515/3/3
f 1517/2/3 1514/2/3 1513/2/3
f 1518/2/3 1514/2/3 1517/2/3
f 1523/1/3 1520/1/3 1519/1/3
f 1524/1/3 1520/1/3 1523/1/3
f 1527/1/3 1522/1/3 1521/1/3
f 1528/1/3 1522/1/3 1527/1/3
f 1531/2/3 1526/2/3 1525/2/3
f 1532/2/3 1526/2/3 1531/2/3
f 1534/3/3 1530/3/3 1529/3/3
f 1535/3/3 1530/3/3 1534/3/3
f 1536/3/3 1533/3/3 1532/3/3
f 1537/3/3 1533/3/3 1536/3/3
f 1542/3/3 1539/3/3 1538/3/3
f 1543/3/3 1539/3/3 1542/3/3
f 1545/3/3 1541/3/3 1540/3/3
f 1546/3/3 1541/3/3 1545/3/3
f 1549/2/3 1544/2/3 1543/2/3
f 1550/2/3 1544/2/3 1549/2/3
f 1553/1/3 1548/1/3 1547/1/3
f 1554/1/3 1548/1/3 1553/1/3
f 1555/1/3 1552/1/3 1551/1/3
f 1556/1/3 1552/1/3 1555/1/3
f 1561/1/3 1558/1/3 1557/1/3
f 1562/1/3 1558/1/3 1561/1/3
f 1563/1/3 1560/1/3 1559/1/3
f 1564/1/3 1560/1/3 1563/1/3
f 1569/1/3 1566/1/3 1565/1/3
f 1570/1/3 1566/1/3 1569/1/3
f 1571/1/3 1568/1/3 1567/1/3
f 1572/1/3 1568/1/3 1571/1/3
f 1575/3/3 1574/3/3 1573/3/3
f 1576/3/3 1574/3/3 1575/3/3
f 1579/3/3 1578/3/3 1577/3/3
f 1580/3/3 1578/3/3 1579/3/3
f 1585/1/3 1582/1/3 1581/1/3
f 1586/1/3 1582/1/3 1585/1/3
f 1587/1/3 1584/1/3 1583/1/3
f 1588/1/3 1584/1/3 1587/1/3
f 1591/3/3 1590/3/3 1589/3/3
f 1592/3/3 1590/3/3 1591/3/3
f 1595/3/3 1594/3/3 1593/3/3
f 1596/3/3 1594/3/3 1595/3/3
f 1601/1/3 1598/1/3 1597/1/3
f 1602/1/3 1598/1/3 1601/1/3
f 1603/1/3 1600/1/3 1599/1/3
f 1604/1/3 1600/1/3 1603/1/3
f 1609/1/3 1606/1/3 1605/1/3
f 1610/1/3 1606/1/3 1609/1/3
f 1611/1/3 1608/1/3 1607/1/3
f 1612/1/3 1608/1/3 1611/1/3
f 1617/1/3 1614/1/3 1613/1/3
f 1618/1/3 1614/1/3 1617/1/3
f 1619/1/3 1616/1/3 1615/1/3
f 1620/1/3 1616/1/3 1619/1/3
f 1623/3/3 1622/3/3 1621/3/3
f 1624/3/3 1622/3/3 1623/3/3
f 1627/3/3 1626/3/3 1625/3/3
f 1628/3/3 1626/3/3 1627/3/3
f 1633/1/3 1630/1/3 1629/1/3
f 1634/1/3 1630/1/3 1633/1/3
f 1635/1/3 1632/1/3 1631/1/3
f 1636/1/3 1632/1/3 1635/1/3
f 1639/3/3 1638/3/3 1637/3/3
f 1640/3/3 1638/3/3 1639/3/3
f 1643/3/3 1642/3/3 1641/3/3
f 1644/3/3 1642/3/3 1643/3/3
f 1649/1/3 1646/1/3 1645/1/3
f 1650/1/3 1646/1/3 1649/1/3
f 1651/1/3 1648/1/3 1647/1/3
f 1652/1/3 1648/1/3 1651/1/3
f 1655/2/3 1654/2/3 1653/2/3
f 1656/2/3 1654/2/3 1655/2/3
f 1659/2/3 1658/2/3 1657/2/3
f 1660/2/3 1658/2/3 1659/2/3
f 1665/2/3 1662/2/3 1661/2/3
f 1666/2/3 1662/2/3 1665/2/3
f 1667/2/3 1664/2/3 1663/2/3
f 1668/2/3 1664/2/3 1667/2/3
f 1673/2/3 1670/2/3 1669/2/3
f 1674/2/3 1670/2/3 1673/2/3
f 1675/2/3 1672/2/3 1671/2/3
f 1676/2/3 1672/2/3 1675/2/3
f 1679/2/3 1678/2/3 1677/2/3
f 1680/2/3 1678/2/3 1679/2/3
f 1683/2/3 1682/2/3 1681/2/3
f 1684/2/3 1682/2/3 1683/2/3
f 1687/2/3 1686/2/3 1685/2/3
f 1688/2/3 1686/2/3 1687/2/3
f 1691/2/3 1690/2/3 1689/2/3
f 1692/2/3 1690/2/3 1691/2/3
f 1695/2/3 1694/2/3 1693/2/3
f 1696/2/3 1694/2/3 1695/2/3
f 1699/2/3 1698/2/3 1697/2/3
f 1700/2/3 1698/2/3 1699/2/3
f 1703/1/3 1702/1/3 1701/1/3
f 1704/1/3 1702/1/3 1703/1/3
f 1707/1/3 1706/1/3 1705/1/3
f 1708/1/3 1706/1/3 1707/1/3
f 1711/1/3 1710/1/3 1709/1/3
f 1712/1/3 1710/1/3 1711/1/3
f 1715/1/3 1714/1/3 1713/1/3
f 1716/1/3 1714/1/3 1715/1/3
f 1719/1/3 1718/1/3 1717/1/3
f 1720/1/3 1718/1/3 1719/1/3
f 1723/1/3 1722/1/3 1721/1/3
f 1724/1/3 1722/1/3 1723/1/3
f 1727/1/3 1726/1/3 1725/1/3
f 1728/1/3 1726/1/3 1727/1/3
f 1731/1/3 1730/1/3 1729/1/3
f 1732/1/3 1730/1/3 1731/1/3
f 1735/2/3 1734/2/3 1733/2/3
f 1736/2/3 1734/2/3 1735/2/3
f 1739/1/3 1738/1/3 1737/1/3
f 1740/1/3 1738/1/3 1739/1/3
f 1743/1/3 1742/1/3 1741/1/3
f 1744/1/3 1742/1/3 1743/1/3
f 1747/2/3 1746/2/3 1745/2/3
f 1748/2/3 1746/2/3 1747/2/3
f 1751/1/3 1750/1/3 1749/1/3
f 1752/1/3 1750/1/3 1751/1/3
f 1755/1/3 1754/1/3 1753/1/3
f 1756/1/3 1754/1/3 1755/1/3
f 1759/1/3 1758/1/3 1757/1/3
f 1760/1/3 1758/1/3 1759/1/3
f 1763/1/3 1762/1/3 1761/1/3
f 1764/1/3 1762/1/3 1763/1/3
f 1767/1/3 1766/1/3 1765/1/3
f 1768/1/3 1766/1/3 1767/1/3
f 1771/1/3 1770/1/3 1769/1/3
f 1772/1/3 1770/1/3 1771/1/3
f 1775/1/3 1774/1/3 1773/1/3
f 1776/1/3 1774/1/3 1775/1/3
f 1779/1/3 1778/1/3 1777/1/3
f 1780/1/3 1778/1/3 1779/1/3
f 1783/1/3 1782/1/3 1781/1/3
f 1784/1/3 1782/1/3 1783/1/3
f 1787/1/3 1786/1/3 1785/1/3
f 1788/1/3 1786/1/3 1787/1/3
f 1791/1/3 1790/1/3 1789/1/3
f 1792/1/3 1790/1/3 1791/1/3
f 1795/1/3 1794/1/3 1793/1/3
f 1796/1/3 1794/1/3 1795/1/3
f 1799/1/3 1798/1/3 1797/1/3
f 1800/1/3 1798/1/3 1799/1/3
f 1801/1/4 1802/1/4 1803/1/4
f 1803/1/4 1802/1/4 1804/1/4
f 1805/1/4 1806/1/4 1807/1/4
f 1807/1/4 1806/1/4 1808/1/4
f 1809/1/4 1810/1/4 1811/1/4
f 1811/1/4 1810/1/4 1812/1/4
f 1813/1/4 1814/1/4 1815/1/4
f 1815/1/4 1814/1/4 1816/1/4
f 1817/1/4 1818/1/4 1819/1/4
f 1819/1/4 1818/1/4 1820/1/4
f 1821/1/4 1822/1/4 1823/1/4
f 1823/1/4 1822/1/4 1824/1/4
f 1825/1/4 1826/1/4 1827/1/4
f 1827/1/4 1826/1/4 1828/1/4
f 1829/1/4 1830/1/4 1831/1/4
f 1831/1/4 1830/1/4 1832/1/4
f 1833/1/4 1834/1/4 1835/1/4
f 1835/1/4 1834/1/4 1836/1/4
f 1837/1/4 1838/1/4 1839/1/4
f 1839/1/4 1838/1/4 1840/1/4
f 1841/1/4 1842/1/4 1843/1/4
f 1843/1/4 1842/1/4 1844/1/4
f 1845/1/4 1846/1/4 1847/1/4
f 1847/1/4 1846/1/4 1848/1/4
f 1849/1/4 1850/1/4 1851/1/4
f 1851/1/4 1850/1/4 1852/1/4
f 1853/2/4 1854/2/4 1855/2/4
f 1855/2/4 1854/2/4 1856/2/4
f 1857/1/4 1858/1/4 1859/1/4
f 1859/1/4 1858/1/4 1860/1/4
f 1861/1/4 1862/1/4 1863/1/4
f 1863/1/4 1862/1/4 1864/1/4
f 1865/2/4 1866/2/4 1867/2/4
f 1867/2/4 1866/2/4 1868/2/4
f 1869/1/4 1870/1/4 1871/1/4
f 1871/1/4 1870/1/4 1872/1/4
f 1873/1/4 1874/1/4 1875/1/4
f 1875/1/4 1874/1/4 1876/1/4
f 1877/1/4 1878/1/4 1879/1/4
f 1879/1/4 1878/1/4 1880/1/4
f 1881/1/4 1882/1/4 1883/1/4
f 1883/1/4 1882/1/4 1884/1/4
f 1885/1/4 1886/1/4 1887/1/4
f 1887/1/4 1886/1/4 1888/1/4
f 1889/1/4 1890/1/4 1891/1/4
f 1891/1/4 1890/1/4 1892/1/4
f 1893/1/4 1894/1/4 1895/1/4
f 1895/1/4 1894/1/4 1896/1/4
f 1897/1/4 1898/1/4 1899/1/4
f 1899/1/4 1898/1/4 1900/1/4
f 1901/2/4 1902/2/4 1903/2/4
f 1903/2/4 1902/2/4 1904/2/4
f 1905/2/4 1906/2/4 1907/2/4
f 1907/2/4 1906/2/4 1908/2/4
f 1909/2/4 1910/2/4 1911/2/4
f 1911/2/4 1910/2/4 1912/2/4
f 1913/2/4 1914/2/4 1915/2/4
f 1915/2/4 1914/2/4 1916/2/4
f 1917/2/4 1918/2/4 1919/2/4
f 1919/2/4 1918/2/4 1920/2/4
f 1921/2/4 1922/2/4 1923/2/4
f 1923/2/4 1922/2/4 1924/2/4
f 1925/2/4 1926/2/4 1929/2/4
f 1929/2/4 1926/2/4 1930/2/4
f 1927/2/4 1928/2/4 1931/2/4
f 1931/2/4 1928/2/4 1932/2/4
f 1933/2/4 1934/2/4 1937/2/4
f 1937/2/4 1934/2/4 1938/2/4
f 1935/2/4 1936/2/4 1939/2/4
f 1939/2/4 1936/2/4 1940/2/4
f 1941/2/4 1942/2/4 1943/2/4
f 1943/2/4 1942/2/4 1944/2/4
f 1945/2/4 1946/2/4 1947/2/4
f 1947/2/4 1946/2/4 1948/2/4
f 1949/1/4 1950/1/4 1953/1/4
f 1953/1/4 1950/1/4 1954/1/4
f 1951/1/4 1952/1/4 1955/1/4
f 1955/1/4 1952/1/4 1956/1/4
f 1957/3/4 1958/3/4 1959/3/4
f 1959/3/4 1958/3/4 1960/3/4
f 1961/3/4 1962/3/4 1963/3/4
f 1963/3/4 1962/3/4 1964/3/4
f 1965/1/4 1966/1/4 1969/1/4
f 1969/1/4 1966/1/4 1970/1/4
f 1967/1/4 1968/1/4 1971/1/4
f 1971/1/4 1968/1/4 1972/1/4
f 1973/3/4 1974/3/4 1975/3/4
f 1975/3/4 1974/3/4 1976/3/4
f 1977/3/4 1978/3/4 1979/3/4
f 1979/3/4 1978/3/4 1980/3/4
f 1981/1/4 1982/1/4 1985/1/4
f 1985/1/4 1982/1/4 1986/1/4
f 1983/1/4 1984/1/4 1987/1/4
f 1987/1/4 1984/1/4 1988/1/4
f 1989/1/4 1990/1/4 1993/1/4
f 1993/1/4 1990/1/4 1994/1/4
f 1991/1/4 1992/1/4 1995/1/4
f 1995/1/4 1992/1/4 1996/1/4
f 1997/1/4 1998/1/4 2001/1/4
f 2001/1/4 1998/1/4 2002/1/4
f 1999/1/4 2000/1/4 2003/1/4
f 2003/1/4 2000/1/4 2004/1/4
f 2005/3/4 2006/3/4 2007/3/4
f 2007/3/4 2006/3/4 2008/3/4
f 2009/3/4 2010/3/4 2011/3/4
f 2011/3/4 2010/3/4 2012/3/4
f 2013/1/4 2014/1/4 2017/1/4
f 2017/1/4 2014/1/4 2018/1/4
f 2015/1/4 2016/1/4 2019/1/4
f 2019/1/4 2016/1/4 2020/1/4
f 2021/3/4 2022/3/4 2023/3/4
f 2023/3/4 2022/3/4 2024/3/4
f 2025/3/4 2026/3/4 2027/3/4
f 2027/3/4 2026/3/4 2028/3/4
f 2029/1/4 2030/1/4 2033/1/4
f 2033/1/4 2030/1/4 2034/1/4
f 2031/1/4 2032/1/4 2035/1/4
f 2035/1/4 2032/1/4 2036/1/4
f 2037/1/4 2038/1/4 2041/1/4
f 2041/1/4 2038/1/4 2042/1/4
f 2039/1/4 2040/1/4 2043/1/4
f 2043/1/4 2040/1/4 2044/1/4
f 2045/1/4 2046/1/4 2049/1/4
f 2049/1/4 2046/1/4 2050/1/4
f 2047/1/4 2048/1/4 2053/1/4
f 2053/1/4 2048/1/4 2054/1/4
f 2051/2/4 2052/2/4 2056/2/4
f 2056/2/4 2052/2/4 2057/2/4
f 2055/3/4 2056/3/4 2060/3/4
f 2060/3/4 2056/3/4 2061/3/4
f 2058/3/4 2059/3/4 2062/3/4
f 2062/3/4 2059/3/4 2063/3/4
f 2064/3/4 2065/3/4 2068/3/4
f 2068/3/4 2065/3/4 2069/3/4
f 2066/3/4 2067/3/4 2071/3/4
f 2071/3/4 2067/3/4 2072/3/4
f 2070/2/4 2071/2/4 2075/2/4
f 2075/2/4 2071/2/4 2076/2/4
f 2073/1/4 2074/1/4 2079/1/4
f 2079/1/4 2074/1/4 2080/1/4
f 2077/1/4 2078/1/4 2081/1/4
f 2081/1/4 2078/1/4 2082/1/4
f 2083/2/4 2084/2/4 2087/2/4
f 2087/2/4 2084/2/4 2088/2/4
f 2085/3/4 2086/3/4 2091/3/4
f 2091/3/4 2086/3/4 2092/3/4
f 2087/3/4 2088/3/4 2093/3/4
f 2093/3/4 2088/3/4 2094/3/4
f 2089/3/4 2090/3/4 2095/3/4
f 2095/3/4 2090/3/4 2096/3/4
f 2097/3/4 2098/3/4 2103/3/4
f 2103/3/4 2098/3/4 2104/3/4
f 2099/3/4 2100/3/4 2105/3/4
f 2105/3/4 2100/3/4 2106/3/4
f 2101/3/4 2102/3/4 2107/3/4
f 2107/3/4 2102/3/4 2108/3/4
f 2105/2/4 2106/2/4 2109/2/4
f 2109/2/4 2106/2/4 2110/2/4
f 2111/1/4 2112/1/4 2115/1/4
f 2115/1/4 2112/1/4 2116/1/4
f 2113/1/4 2114/1/4 2117/1/4
f 2117/1/4 2114/1/4 2118/1/4
f 2119/2/4 2120/2/4 2124/2/4
f 2124/2/4 2120/2/4 2125/2/4
f 2121/2/4 2122/2/4 2126/2/4
f 2126/2/4 2122/2/4 2127/2/4
f 2123/3/4 2124/3/4 2129/3/4
f 2129/3/4 2124/3/4 2130/3/4
f 2125/3/4 2126/3/4 2131/3/4
f 2131/3/4 2126/3/4 2132/3/4
f 2127/3/4 2128/3/4 2133/3/4
f 2133/3/4 2128/3/4 2134/3/4
f 2135/3/4 2136/3/4 2141/3/4
f 2141/3/4 2136/3/4 2142/3/4
f 2137/3/4 2138/3/4 2143/3/4
f 2143/3/4 2138/3/4 2144/3/4
f 2139/3/4 2140/3/4 2145/3/4
f 2145/3/4 2140/3/4 2146/3/4
f 2142/2/4 2143/2/4 2147/2/4
f 2147/2/4 2143/2/4 2148/2/4
f 2144/2/4 2145/2/4 2149/2/4
f 2149/2/4 2145/2/4 2150/2/4
f 2151/1/4 2152/1/4 2155/1/4
f 2155/1/4 2152/1/4 2156/1/4
f 2153/1/4 2154/1/4 2157/1/4
f 2157/1/4 2154/1/4 2158/1/4
f 2159/1/4 2160/1/4 2163/1/4
f 2163/1/4 2160/1/4 2164/1/4
f 2161/1/4 2162/1/4 2165/1/4
f 2165/1/4 2162/1/4 2166/1/4
f 2167/2/4 2168/2/4 2172/2/4
f 2172/2/4 2168/2/4 2173/2/4
f 2169/2/4 2170/2/4 2174/2/4
f 2174/2/4 2170/2/4 2175/2/4
f 2172/3/4 2173/3/4 2177/3/4
f 2171/3/4 2172/3/4 2177/3/4
f 2177/3/4 2173/3/4 2178/3/4
f 2175/3/4 2176/3/4 2179/3/4
f 2174/3/4 2175/3/4 2179/3/4
f 2179/3/4 2176/3/4 2180/3/4
f 2181/3/4 2182/3/4 2185/3/4
f 2185/3/4 2182/3/4 2186/3/4
f 2186/3/4 2182/3/4 2187/3/4
f 2183/3/4 2184/3/4 2188/3/4
f 2188/3/4 2184/3/4 2189/3/4
f 2189/3/4 2184/3/4 2190/3/4
f 2186/2/4 2187/2/4 2191/2/4
f 2191/2/4 2187/2/4 2192/2/4
f 2188/2/4 2189/2/4 2193/2/4
f 2193/2/4 2189/2/4 2194/2/4
f 2195/1/4 2196/1/4 2199/1/4
f 2199/1/4 2196/1/4 2200/1/4
f 2197/1/4 2198/1/4 2201/1/4
f 2201/1/4 2198/1/4 2202/1/4
f 2203/1/4 2204/1/4 2207/1/4
f 2207/1/4 2204/1/4 2208/1/4
f 2205/1/4 2206/1/4 2209/1/4
f 2209/1/4 2206/1/4 2210/1/4
f 2211/2/4 2212/2/4 2214/2/4
f 2214/2/4 2212/2/4 2215/2/4
f 2215/2/4 2212/2/4 2216/2/4
f 2213/3/4 2214/3/4 2218/3/4
f 2214/3/4 2215/3/4 2218/3/4
f 2216/3/4 2217/3/4 2219/3/4
f 2213/3/4 2218/3/4 2220/3/4
f 2218/3/4 2219/3/4 2220/3/4
f 2219/3/4 2217/3/4 2221/3/4
f 2220/3/4 2219/3/4 2221/3/4
f 2222/3/4 2223/3/4 2224/3/4
f 2224/3/4 2223/3/4 2225/3/4
f 2222/3/4 2224/3/4 2226/3/4
f 2226/3/4 2224/3/4 2227/3/4
f 2225/3/4 2223/3/4 2228/3/4
f 2228/3/4 2223/3/4 2229/3/4
f 2229/3/4 2223/3/4 2230/3/4
f 2227/2/4 2228/2/4 2231/2/4
f 2228/2/4 2229/2/4 2231/2/4
f 2231/2/4 2229/2/4 2232/2/4
f 2233/1/4 2234/1/4 2237/1/4
f 2237/1/4 2234/1/4 2238/1/4
f 2235/1/4 2236/1/4 2239/1/4
f 2239/1/4 2236/1/4 2240/1/4
f 2241/1/4 2242/1/4 2245/1/4
f 2245/1/4 2242/1/4 2246/1/4
f 2243/1/4 2244/1/4 2249/1/4
f 2249/1/4 2244/1/4 2250/1/4
f 2247/2/4 2248/2/4 2251/2/4
f 2251/2/4 2248/2/4 2252/2/4
f 2253/3/4 2254/3/4 2255/3/4
f 2255/3/4 2254/3/4 2256/3/4
f 2257/3/4 2258/3/4 2259/3/4
f 2259/3/4 2258/3/4 2260/3/4
f 2261/2/4 2262/2/4 2265/2/4
f 2265/2/4 2262/2/4 2266/2/4
f 2263/1/4 2264/1/4 2269/1/4
f 2269/1/4 2264/1/4 2270/1/4
f 2267/1/4 2268/1/4 2271/1/4
f 2271/1/4 2268/1/4 2272/1/4
f 2273/1/4 2274/1/4 2277/1/4
f 2277/1/4 2274/1/4 2278/1/4
f 2275/1/4 2276/1/4 2279/1/4
f 2279/1/4 2276/1/4 2280/1/4
f 2281/3/4 2282/3/4 2283/3/4
f 2283/3/4 2282/3/4 2284/3/4
f 2285/3/4 2286/3/4 2287/3/4
f 2287/3/4 2286/3/4 2288/3/4
f 2289/1/4 2290/1/4 2293/1/4
f 2293/1/4 2290/1/4 2294/1/4
f 2291/1/4 2292/1/4 2295/1/4
f 2295/1/4 2292/1/4 2296/1/4
f 2297/1/4 2298/1/4 2301/1/4
f 2301/1/4 2298/1/4 2302/1/4
f 2299/1/4 2300/1/4 2303/1/4
f 2303/1/4 2300/1/4 2304/1/4
f 2305/3/4 2306/3/4 2307/3/4
f 2307/3/4 2306/3/4 2308/3/4
f 2309/3/4 2310/3/4 2311/3/4
f 2311/3/4 2310/3/4 2312/3/4
f 2313/1/4 2314/1/4 2317/1/4
f 2317/1/4 2314/1/4 2318/1/4
f 2315/1/4 2316/1/4 2319/1/4
f 2319/1/4 2316/1/4 2320/1/4
f 2321/1/4 2322/1/4 2325/1/4
f 2325/1/4 2322/1/4 2326/1/4
f 2323/1/4 2324/1/4 2327/1/4
f 2327/1/4 2324/1/4 2328/1/4
f 2329/3/4 2330/3/4 2331/3/4
f 2331/3/4 2330/3/4 2332/3/4
f 2329/3/4 2331/3/4 2333/3/4
f 2333/3/4 2331/3/4 2334/3/4
f 2332/3/4 2330/3/4 2335/3/4
f 2335/3/4 2330/3/4 2336/3/4
f 2334/3/4 2335/3/4 2337/3/4
f 2336/3/4 2330/3/4 2338/3/4
f 2338/3/4 2330/3/4 2339/3/4
f 2329/3/4 2333/3/4 2340/3/4
f 2334/3/4 2337/3/4 2341/3/4
f 2337/3/4 2338/3/4 2341/3/4
f 2341/3/4 2338/3/4 2342/3/4
f 2340/3/4 2341/3/4 2343/3/4
f 2342/3/4 2338/3/4 2344/3/4
f 2344/3/4 2338/3/4 2345/3/4
f 2339/3/4 2330/3/4 2346/3/4
f 2343/3/4 2344/3/4 2347/3/4
f 2345/3/4 2346/3/4 2348/3/4
f 2329/3/4 2340/3/4 2349/3/4
f 2347/3/4 2348/3/4 2349/3/4
f 2343/3/4 2347/3/4 2349/3/4
f 2340/3/4 2343/3/4 2349/3/4
f 2348/3/4 2346/3/4 2350/3/4
f 2349/3/4 2348/3/4 2350/3/4
f 2346/3/4 2330/3/4 2350/3/4
f 2351/1/4 2352/1/4 2355/1/4
f 2355/1/4 2352/1/4 2356/1/4
f 2353/1/4 2354/1/4 2357/1/4
f 2357/1/4 2354/1/4 2358/1/4
f 2359/1/4 2360/1/4 2363/1/4
f 2363/1/4 2360/1/4 2364/1/4
f 2361/1/4 2362/1/4 2365/1/4
f 2365/1/4 2362/1/4 2366/1/4
f 2367/2/4 2368/2/4 2370/2/4
f 2370/2/4 2368/2/4 2371/2/4
f 2371/2/4 2372/2/4 2373/2/4
f 2373/2/4 2372/2/4 2374/2/4
f 2369/2/4 2370/2/4 2376/2/4
f 2376/2/4 2370/2/4 2377/2/4
f 2377/2/4 2378/2/4 2379/2/4
f 2379/2/4 2378/2/4 2380/2/4
f 2374/2/4 2375/2/4 2381/2/4
f 2381/2/4 2375/2/4 2382/2/4
f 2380/2/4 2381/2/4 2383/2/4
f 2383/2/4 2381/2/4 2384/2/4
f 2385/1/4 2386/1/4 2389/1/4
f 2389/1/4 2386/1/4 2390/1/4
f 2387/1/4 2388/1/4 2391/1/4
f 2391/1/4 2388/1/4 2392/1/4
f 2393/1/4 2394/1/4 2397/1/4
f 2397/1/4 2394/1/4 2398/1/4
f 2395/1/4 2396/1/4 2399/1/4
f 2399/1/4 2396/1/4 2400/1/4
f 2404/1/5 2402/1/5 2401/1/5
f 2405/1/5 2402/1/5 2404/1/5
f 2408/1/5 2404/1/5 2403/1/5
f 2408/1/5 2406/1/5 2405/1/5
f 2408/1/5 2405/1/5 2404/1/5
f 2409/1/5 2406/1/5 2408/1/5
f 2412/1/5 2408/1/5 2407/1/5
f 2412/1/5 2410/1/5 2409/1/5
f 2412/1/5 2409/1/5 2408/1/5
f 2413/1/5 2410/1/5 2412/1/5
f 2416/1/5 2412/1/5 2411/1/5
f 2416/1/5 2414/1/5 2413/1/5
f 2416/1/5 2413/1/5 2412/1/5
f 2417/1/5 2414/1/5 2416/1/5
f 2418/1/5 2414/1/5 2417/1/5
f 2419/1/5 2414/1/5 2418/1/5
f 2422/1/5 2416/1/5 2415/1/5
f 2422/1/5 2417/1/5 2416/1/5
f 2423/1/5 2417/1/5 2422/1/5
f 2424/1/5 2417/1/5 2423/1/5
f 2425/1/5 2419/1/5 2418/1/5
f 2425/1/5 2420/1/5 2419/1/5
f 2426/1/5 2420/1/5 2425/1/5
f 2427/1/5 2420/1/5 2426/1/5
f 2430/1/5 2423/1/5 2422/1/5
f 2430/1/5 2422/1/5 2421/1/5
f 2431/1/5 2423/1/5 2430/1/5
f 2432/1/5 2423/1/5 2431/1/5
f 2433/1/5 2428/1/5 2427/1/5
f 2433/1/5 2427/1/5 2426/1/5
f 2434/1/5 2428/1/5 2433/1/5
f 2435/1/5 2428/1/5 2434/1/5
f 2438/1/5 2431/1/5 2430/1/5
f 2438/1/5 2430/1/5 2429/1/5
f 2439/1/5 2431/1/5 2438/1/5
f 2440/1/5 2431/1/5 2439/1/5
f 2441/1/5 2436/1/5 2435/1/5
f 2441/1/5 2435/1/5 2434/1/5
f 2442/1/5 2436/1/5 2441/1/5
f 2443/1/5 2436/1/5 2442/1/5
f 2446/1/5 2439/1/5 2438/1/5
f 2446/1/5 2438/1/5 2437/1/5
f 2447/1/5 2439/1/5 2446/1/5
f 2448/1/5 2439/1/5 2447/1/5
f 2449/1/5 2444/1/5 2443/1/5
f 2449/1/5 2443/1/5 2442/1/5
f 2450/1/5 2444/1/5 2449/1/5
f 2451/1/5 2444/1/5 2450/1/5
f 2453/1/5 2447/1/5 2446/1/5
f 2453/1/5 2446/1/5 2445/1/5
f 2454/1/5 2447/1/5 2453/1/5
f 2455/1/5 2452/1/5 2451/1/5
f 2455/1/5 2451/1/5 2450/1/5
f 2456/1/5 2452/1/5 2455/1/5
f 2458/1/5 2453/1/5 2445/1/5
f 2459/1/5 2453/1/5 2458/1/5
f 2460/1/5 2453/1/5 2459/1/5
f 2461/1/5 2452/1/5 2456/1/5
f 2462/1/5 2452/1/5 2461/1/5
f 2463/1/5 2452/1/5 2462/1/5
f 2466/1/5 2458/1/5 2457/1/5
f 2466/1/5 2459/1/5 2458/1/5
f 2467/1/5 2459/1/5 2466/1/5
f 2468/1/5 2459/1/5 2467/1/5
f 2469/1/5 2464/1/5 2463/1/5
f 2469/1/5 2463/1/5 2462/1/5
f 2470/1/5 2464/1/5 2469/1/5
f 2471/1/5 2464/1/5 2470/1/5
f 2473/1/5 2467/1/5 2466/1/5
f 2473/1/5 2466/1/5 2465/1/5
f 2474/1/5 2467/1/5 2473/1/5
f 2475/1/5 2472/1/5 2471/1/5
f 2475/1/5 2471/1/5 2470/1/5
f 2476/1/5 2472/1/5 2475/1/5
f 2478/1/5 2473/1/5 2465/1/5
f 2479/1/5 2472/1/5 2476/1/5
f 2481/1/5 2478/1/5 2477/1/5
f 2481/1/5 2473/1/5 2478/1/5
f 2482/1/5 2473/1/5 2481/1/5
f 2483/1/5 2480/1/5 2479/1/5
f 2483/1/5 2479/1/5 2476/1/5
f 2484/1/5 2480/1/5 2483/1/5
f 2486/1/5 2481/1/5 2477/1/5
f 2487/1/5 2480/1/5 2484/1/5
f 2489/1/5 2486/1/5 2485/1/5
f 2489/1/5 2481/1/5 2486/1/5
f 2490/1/5 2481/1/5 2489/1/5
f 2491/1/5 2488/1/5 2487/1/5
f 2491/1/5 2487/1/5 2484/1/5
f 2492/1/5 2488/1/5 2491/1/5
f 2494/1/5 2489/1/5 2485/1/5
f 2495/1/5 2489/1/5 2494/1/5
f 2496/1/5 2489/1/5 2495/1/5
f 2497/1/5 2488/1/5 2492/1/5
f 2498/1/5 2488/1/5 2497/1/5
f 2499/1/5 2488/1/5 2498/1/5
f 2501/1/5 2494/1/5 2493/1/5
f 2501/1/5 2495/1/5 2494/1/5
f 2502/1/5 2495/1/5 2501/1/5
f 2503/1/5 2495/1/5 2502/1/5
f 2506/1/5 2500/1/5 2499/1/5
f 2506/1/5 2499/1/5 2498/1/5
f 2507/1/5 2500/1/5 2506/1/5
f 2508/1/5 2500/1/5 2507/1/5
f 2509/1/5 2504/1/5 2503/1/5
f 2509/1/5 2503/1/5 2502/1/5
f 2512/1/5 2507/1/5 2506/1/5
f 2512/1/5 2506/1/5 2505/1/5
f 2513/1/5 2510/1/5 2509/1/5
f 2513/1/5 2509/1/5 2502/1/5
f 2514/1/5 2510/1/5 2513/1/5
f 2515/1/5 2512/1/5 2511/1/5
f 2515/1/5 2507/1/5 2512/1/5
f 2516/1/5 2507/1/5 2515/1/5
f 2517/1/5 2510/1/5 2514/1/5
f 2520/1/5 2515/1/5 2511/1/5
f 2521/1/5 2518/1/5 2517/1/5
f 2521/1/5 2517/1/5 2514/1/5
f 2522/1/5 2518/1/5 2521/1/5
f 2523/1/5 2520/1/5 2519/1/5
f 2523/1/5 2515/1/5 2520/1/5
f 2524/1/5 2515/1/5 2523/1/5
f 2525/1/5 2518/1/5 2522/1/5
f 2528/1/5 2523/1/5 2519/1/5
f 2529/1/5 2526/1/5 2525/1/5
f 2529/1/5 2525/1/5 2522/1/5
f 2530/1/5 2526/1/5 2529/1/5
f 2531/1/5 2526/1/5 2530/1/5
f 2534/1/5 2528/1/5 2527/1/5
f 2535/1/5 2523/1/5 2528/1/5
f 2535/1/5 2528/1/5 2534/1/5
f 2536/1/5 2523/1/5 2535/1/5
f 2537/1/5 2532/1/5 2531/1/5
f 2537/1/5 2531/1/5 2530/1/5
f 2538/1/5 2532/1/5 2537/1/5
f 2539/1/5 2532/1/5 2538/1/5
f 2542/1/5 2534/1/5 2533/1/5
f 2542/1/5 2535/1/5 2534/1/5
f 2543/1/5 2535/1/5 2542/1/5
f 2544/1/5 2535/1/5 2543/1/5
f 2545/1/5 2540/1/5 2539/1/5
f 2545/1/5 2539/1/5 2538/1/5
f 2548/1/5 2543/1/5 2542/1/5
f 2548/1/5 2542/1/5 2541/1/5
f 2549/1/5 2546/1/5 2545/1/5
f 2549/1/5 2545/1/5 2538/1/5
f 2550/1/5 2546/1/5 2549/1/5
f 2551/1/5 2546/1/5 2550/1/5
f 2554/1/5 2548/1/5 2547/1/5
f 2555/1/5 2543/1/5 2548/1/5
f 2555/1/5 2548/1/5 2554/1/5
f 2556/1/5 2543/1/5 2555/1/5
f 2557/1/5 2552/1/5 2551/1/5
f 2557/1/5 2551/1/5 2550/1/5
f 2558/1/5 2552/1/5 2557/1/5
f 2559/1/5 2552/1/5 2558/1/5
f 2562/1/5 2554/1/5 2553/1/5
f 2562/1/5 2555/1/5 2554/1/5
f 2563/1/5 2555/1/5 2562/1/5
f 2564/1/5 2555/1/5 2563/1/5
f 2565/1/5 2560/1/5 2559/1/5
f 2565/1/5 2559/1/5 2558/1/5
f 2566/1/5 2560/1/5 2565/1/5
f 2567/1/5 2560/1/5 2566/1/5
f 2570/1/5 2563/1/5 2562/1/5
f 2570/1/5 2562/1/5 2561/1/5
f 2571/1/5 2563/1/5 2570/1/5
f 2572/1/5 2563/1/5 2571/1/5
f 2573/1/5 2568/1/5 2567/1/5
f 2573/1/5 2567/1/5 2566/1/5
f 2574/1/5 2568/1/5 2573/1/5
f 2575/1/5 2568/1/5 2574/1/5
f 2578/1/5 2571/1/5 2570/1/5
f 2578/1/5 2570/1/5 2569/1/5
f 2579/1/5 2571/1/5 2578/1/5
f 2580/1/5 2571/1/5 2579/1/5
f 2581/1/5 2576/1/5 2575/1/5
f 2581/1/5 2575/1/5 2574/1/5
f 2582/1/5 2576/1/5 2581/1/5
f 2583/1/5 2576/1/5 2582/1/5
f 2584/1/5 2579/1/5 2578/1/5
f 2584/1/5 2578/1/5 2577/1/5
f 2585/1/5 2579/1/5 2584/1/5
f 2586/1/5 2579/1/5 2585/1/5
f 2587/1/5 2583/1/5 2582/1/5
f 2587/1/5 2585/1/5 2584/1/5
f 2587/1/5 2584/1/5 2583/1/5
f 2588/1/5 2585/1/5 2587/1/5
f 2589/1/5 2585/1/5 2588/1/5
f 2590/1/5 2585/1/5 2589/1/5
f 2591/1/5 2589/1/5 2588/1/5
f 2592/1/5 2589/1/5 2591/1/5
f 2593/1/5 2589/1/5 2592/1/5
f 2594/1/5 2589/1/5 2593/1/5
f 2595/1/5 2593/1/5 2592/1/5
f 2596/1/5 2593/1/5 2595/1/5
f 2597/1/5 2593/1/5 2596/1/5
f 2598/1/5 2593/1/5 2597/1/5
f 2599/1/5 2597/1/5 2596/1/5
f 2600/1/5 2597/1/5 2599/1/5
f 2603/2/5 2602/2/5 2601/2/5
f 2604/2/5 2602/2/5 2603/2/5
f 2610/2/5 2606/2/5 2605/2/5
f 2611/2/5 2606/2/5 2610/2/5
f 2612/2/5 2608/2/5 2607/2/5
f 2613/2/5 2608/2/5 2612/2/5
f 2615/2/5 2610/2/5 2609/2/5
f 2616/2/5 2610/2/5 2615/2/5
f 2617/2/5 2614/2/5 2613/2/5
f 2618/2/5 2614/2/5 2617/2/5
f 2623/2/5 2620/2/5 2619/2/5
f 2624/2/5 2620/2/5 2623/2/5
f 2625/2/5 2622/2/5 2621/2/5
f 2626/2/5 2622/2/5 2625/2/5
f 2631/2/5 2628/2/5 2627/2/5
f 2632/2/5 2628/2/5 2631/2/5
f 2635/2/5 2630/2/5 2629/2/5
f 2636/2/5 2630/2/5 2635/2/5
f 2637/2/5 2633/2/5 2632/2/5
f 2638/2/5 2633/2/5 2637/2/5
f 2639/2/5 2635/2/5 2634/2/5
f 2640/2/5 2635/2/5 2639/2/5
f 2643/2/5 2642/2/5 2641/2/5
f 2644/2/5 2642/2/5 2643/2/5
f 2649/2/5 2646/2/5 2645/2/5
f 2650/2/5 2646/2/5 2649/2/5
f 2651/2/5 2648/2/5 2647/2/5
f 2652/2/5 2648/2/5 2651/2/5
f 2656/2/5 2654/2/5 2653/2/5
f 2657/2/5 2654/2/5 2656/2/5
f 2660/2/5 2656/2/5 2655/2/5
f 2661/2/5 2656/2/5 2660/2/5
f 2662/2/5 2659/2/5 2658/2/5
f 2663/2/5 2659/2/5 2662/2/5
f 2668/2/5 2665/2/5 2664/2/5
f 2669/2/5 2665/2/5 2668/2/5
f 2670/2/5 2667/2/5 2666/2/5
f 2671/2/5 2667/2/5 2670/2/5
f 2673/2/5 2672/2/5 2671/2/5
f 2674/2/5 2672/2/5 2673/2/5
f 2677/2/5 2676/2/5 2675/2/5
f 2678/2/5 2676/2/5 2677/2/5
f 2681/2/5 2680/2/5 2679/2/5
f 2682/2/5 2680/2/5 2681/2/5
f 2685/2/5 2684/2/5 2683/2/5
f 2686/2/5 2684/2/5 2685/2/5
f 2689/2/5 2688/2/5 2687/2/5
f 2690/2/5 2688/2/5 2689/2/5
f 2693/2/5 2692/2/5 2691/2/5
f 2694/2/5 2692/2/5 2693/2/5
f 2698/2/5 2695/2/5 2694/2/5
f 2699/2/5 2695/2/5 2698/2/5
f 2700/2/5 2697/2/5 2696/2/5
f 2701/2/5 2697/2/5 2700/2/5
f 2706/2/5 2703/2/5 2702/2/5
f 2707/2/5 2703/2/5 2706/2/5
f 2709/2/5 2705/2/5 2704/2/5
f 2710/2/5 2705/2/5 2709/2/5
f 2711/2/5 2709/2/5 2708/2/5
f 2712/2/5 2709/2/5 2711/2/5
f 2717/2/5 2714/2/5 2713/2/5
f 2718/2/5 2714/2/5 2717/2/5
f 2719/2/5 2716/2/5 2715/2/5
f 2720/2/5 2716/2/5 2719/2/5
f 2725/2/5 2722/2/5 2721/2/5
f 2726/2/5 2722/2/5 2725/2/5
f 2727/2/5 2724/2/5 2723/2/5
f 2728/2/5 2724/2/5 2727/2/5
f 2731/2/5 2730/2/5 2729/2/5
f 2732/2/5 2730/2/5 2731/2/5
f 2735/2/5 2734/2/5 2733/2/5
f 2736/2/5 2734/2/5 2735/2/5
f 2741/2/5 2738/2/5 2737/2/5
f 2742/2/5 2738/2/5 2741/2/5
f 2743/2/5 2740/2/5 2739/2/5
f 2744/2/5 2740/2/5 2743/2/5
f 2749/2/5 2746/2/5 2745/2/5
f 2750/2/5 2746/2/5 2749/2/5
f 2751/2/5 2748/2/5 2747/2/5
f 2752/2/5 2748/2/5 2751/2/5
f 2755/2/5 2754/2/5 2753/2/5
f 2756/2/5 2754/2/5 2755/2/5
f 2759/2/5 2758/2/5 2757/2/5
f 2760/2/5 2758/2/5 2759/2/5
f 2765/2/5 2762/2/5 2761/2/5
f 2766/2/5 2762/2/5 2765/2/5
f 2767/2/5 2764/2/5 2763/2/5
f 2768/2/5 2764/2/5 2767/2/5
f 2771/2/5 2770/2/5 2769/2/5
f 2772/2/5 2770/2/5 2771/2/5
f 2778/2/5 2774/2/5 2773/2/5
f 2779/2/5 2774/2/5 2778/2/5
f 2780/2/5 2776/2/5 2775/2/5
f 2781/2/5 2776/2/5 2780/2/5
f 2783/2/5 2778/2/5 2777/2/5
f 2784/2/5 2778/2/5 2783/2/5
f 2785/2/5 2782/2/5 2781/2/5
f 2786/2/5 2782/2/5 2785/2/5
f 2791/2/5 2788/2/5 2787/2/5
f 2792/2/5 2788/2/5 2791/2/5
f 2793/2/5 2790/2/5 2789/2/5
f 2794/2/5 2790/2/5 2793/2/5
f 2799/2/5 2796/2/5 2795/2/5
f 2800/2/5 2796/2/5 2799/2/5
f 2803/2/5 2798/2/5 2797/2/5
f 2804/2/5 2798/2/5 2803/2/5
f 2805/2/5 2801/2/5 2800/2/5
f 2806/2/5 2801/2/5 2805/2/5
f 2807/2/5 2803/2/5 2802/2/5
f 2808/2/5 2803/2/5 2807/2/5
f 2811/2/5 2810/2/5 2809/2/5
f 2812/2/5 2810/2/5 2811/2/5
f 2816/1/5 2814/1/5 2813/1/5
f 2817/1/5 2814/1/5 2816/1/5
f 2820/1/5 2816/1/5 2815/1/5
f 2820/1/5 2818/1/5 2817/1/5
f 2820/1/5 2817/1/5 2816/1/5
f 2821/1/5 2818/1/5 2820/1/5
f 2822/1/5 2818/1/5 2821/1/5
f 2823/1/5 2818/1/5 2822/1/5
f 2826/1/5 2820/1/5 2819/1/5
f 2826/1/5 2821/1/5 2820/1/5
f 2827/1/5 2821/1/5 2826/1/5
f 2828/1/5 2821/1/5 2827/1/5
f 2829/1/5 2823/1/5 2822/1/5
f 2829/1/5 2824/1/5 2823/1/5
f 2830/1/5 2824/1/5 2829/1/5
f 2831/1/5 2824/1/5 2830/1/5
f 2834/1/5 2827/1/5 2826/1/5
f 2834/1/5 2826/1/5 2825/1/5
f 2835/1/5 2827/1/5 2834/1/5
f 2836/1/5 2827/1/5 2835/1/5
f 2837/1/5 2832/1/5 2831/1/5
f 2837/1/5 2831/1/5 2830/1/5
f 2838/1/5 2832/1/5 2837/1/5
f 2839/1/5 2832/1/5 2838/1/5
f 2842/1/5 2835/1/5 2834/1/5
f 2842/1/5 2834/1/5 2833/1/5
f 2843/1/5 2835/1/5 2842/1/5
f 2844/1/5 2835/1/5 2843/1/5
f 2845/1/5 2840/1/5 2839/1/5
f 2845/1/5 2839/1/5 2838/1/5
f 2846/1/5 2840/1/5 2845/1/5
f 2847/1/5 2840/1/5 2846/1/5
f 2850/1/5 2843/1/5 2842/1/5
f 2850/1/5 2842/1/5 2841/1/5
f 2851/1/5 2843/1/5 2850/1/5
f 2852/1/5 2843/1/5 2851/1/5
f 2853/1/5 2848/1/5 2847/1/5
f 2853/1/5 2847/1/5 2846/1/5
f 2854/1/5 2848/1/5 2853/1/5
f 2855/1/5 2848/1/5 2854/1/5
f 2858/1/5 2851/1/5 2850/1/5
f 2858/1/5 2850/1/5 2849/1/5
f 2859/1/5 2851/1/5 2858/1/5
f 2860/1/5 2851/1/5 2859/1/5
f 2861/1/5 2856/1/5 2855/1/5
f 2861/1/5 2855/1/5 2854/1/5
f 2862/1/5 2856/1/5 2861/1/5
f 2863/1/5 2856/1/5 2862/1/5
f 2866/1/5 2859/1/5 2858/1/5
f 2866/1/5 2858/1/5 2857/1/5
f 2867/1/5 2859/1/5 2866/1/5
f 2868/1/5 2859/1/5 2867/1/5
f 2869/1/5 2864/1/5 2863/1/5
f 2869/1/5 2863/1/5 2862/1/5
f 2870/1/5 2864/1/5 2869/1/5
f 2871/1/5 2864/1/5 2870/1/5
f 2873/1/5 2867/1/5 2866/1/5
f 2873/1/5 2866/1/5 2865/1/5
f 2874/1/5 2867/1/5 2873/1/5
f 2875/1/5 2872/1/5 2871/1/5
f 2875/1/5 2871/1/5 2870/1/5
f 2876/1/5 2872/1/5 2875/1/5
f 2878/1/5 2873/1/5 2865/1/5
f 2879/1/5 2873/1/5 2878/1/5
f 2880/1/5 2873/1/5 2879/1/5
f 2881/1/5 2872/1/5 2876/1/5
f 2882/1/5 2872/1/5 2881/1/5
f 2883/1/5 2872/1/5 2882/1/5
f 2886/1/5 2878/1/5 2877/1/5
f 2886/1/5 2879/1/5 2878/1/5
f 2887/1/5 2884/1/5 2883/1/5
f 2887/1/5 2883/1/5 2882/1/5
f 2889/1/5 2886/1/5 2885/1/5
f 2889/1/5 2879/1/5 2886/1/5
f 2890/1/5 2879/1/5 2889/1/5
f 2891/1/5 2888/1/5 2887/1/5
f 2891/1/5 2887/1/5 2882/1/5
f 2892/1/5 2888/1/5 2891/1/5
f 2894/1/5 2889/1/5 2885/1/5
f 2895/1/5 2889/1/5 2894/1/5
f 2896/1/5 2889/1/5 2895/1/5
f 2897/1/5 2888/1/5 2892/1/5
f 2898/1/5 2888/1/5 2897/1/5
f 2899/1/5 2888/1/5 2898/1/5
f 2902/1/5 2894/1/5 2893/1/5
f 2902/1/5 2895/1/5 2894/1/5
f 2903/1/5 2900/1/5 2899/1/5
f 2903/1/5 2899/1/5 2898/1/5
f 2905/1/5 2902/1/5 2901/1/5
f 2905/1/5 2895/1/5 2902/1/5
f 2906/1/5 2895/1/5 2905/1/5
f 2907/1/5 2904/1/5 2903/1/5
f 2907/1/5 2903/1/5 2898/1/5
f 2908/1/5 2904/1/5 2907/1/5
f 2910/1/5 2905/1/5 2901/1/5
f 2911/1/5 2905/1/5 2910/1/5
f 2912/1/5 2905/1/5 2911/1/5
f 2913/1/5 2904/1/5 2908/1/5
f 2914/1/5 2904/1/5 2913/1/5
f 2915/1/5 2904/1/5 2914/1/5
f 2917/1/5 2910/1/5 2909/1/5
f 2917/1/5 2911/1/5 2910/1/5
f 2918/1/5 2911/1/5 2917/1/5
f 2919/1/5 2911/1/5 2918/1/5
f 2922/1/5 2916/1/5 2915/1/5
f 2922/1/5 2915/1/5 2914/1/5
f 2923/1/5 2916/1/5 2922/1/5
f 2924/1/5 2916/1/5 2923/1/5
f 2925/1/5 2920/1/5 2919/1/5
f 2925/1/5 2919/1/5 2918/1/5
f 2928/1/5 2923/1/5 2922/1/5
f 2928/1/5 2922/1/5 2921/1/5
f 2929/1/5 2926/1/5 2925/1/5
f 2929/1/5 2925/1/5 2918/1/5
f 2930/1/5 2926/1/5 2929/1/5
f 2931/1/5 2928/1/5 2927/1/5
f 2931/1/5 2923/1/5 2928/1/5
f 2932/1/5 2923/1/5 2931/1/5
f 2933/1/5 2926/1/5 2930/1/5
f 2934/1/5 2926/1/5 2933/1/5
f 2935/1/5 2926/1/5 2934/1/5
f 2938/1/5 2931/1/5 2927/1/5
f 2939/1/5 2931/1/5 2938/1/5
f 2940/1/5 2931/1/5 2939/1/5
f 2941/1/5 2936/1/5 2935/1/5
f 2941/1/5 2935/1/5 2934/1/5
f 2944/1/5 2939/1/5 2938/1/5
f 2944/1/5 2938/1/5 2937/1/5
f 2945/1/5 2942/1/5 2941/1/5
f 2945/1/5 2941/1/5 2934/1/5
f 2946/1/5 2942/1/5 2945/1/5
f 2947/1/5 2944/1/5 2943/1/5
f 2947/1/5 2939/1/5 2944/1/5
f 2948/1/5 2939/1/5 2947/1/5
f 2949/1/5 2942/1/5 2946/1/5
f 2950/1/5 2942/1/5 2949/1/5
f 2951/1/5 2942/1/5 2950/1/5
f 2954/1/5 2947/1/5 2943/1/5
f 2955/1/5 2947/1/5 2954/1/5
f 2956/1/5 2947/1/5 2955/1/5
f 2957/1/5 2952/1/5 2951/1/5
f 2957/1/5 2951/1/5 2950/1/5
f 2960/1/5 2955/1/5 2954/1/5
f 2960/1/5 2954/1/5 2953/1/5
f 2961/1/5 2958/1/5 2957/1/5
f 2961/1/5 2957/1/5 2950/1/5
f 2962/1/5 2958/1/5 2961/1/5
f 2963/1/5 2958/1/5 2962/1/5
f 2966/1/5 2960/1/5 2959/1/5
f 2967/1/5 2955/1/5 2960/1/5
f 2967/1/5 2960/1/5 2966/1/5
f 2968/1/5 2955/1/5 2967/1/5
f 2969/1/5 2964/1/5 2963/1/5
f 2969/1/5 2963/1/5 2962/1/5
f 2970/1/5 2964/1/5 2969/1/5
f 2971/1/5 2964/1/5 2970/1/5
f 2974/1/5 2966/1/5 2965/1/5
f 2974/1/5 2967/1/5 2966/1/5
f 2975/1/5 2967/1/5 2974/1/5
f 2976/1/5 2967/1/5 2975/1/5
f 2977/1/5 2972/1/5 2971/1/5
f 2977/1/5 2971/1/5 2970/1/5
f 2978/1/5 2972/1/5 2977/1/5
f 2979/1/5 2972/1/5 2978/1/5
f 2982/1/5 2975/1/5 2974/1/5
f 2982/1/5 2974/1/5 2973/1/5
f 2983/1/5 2975/1/5 2982/1/5
f 2984/1/5 2975/1/5 2983/1/5
f 2985/1/5 2980/1/5 2979/1/5
f 2985/1/5 2979/1/5 2978/1/5
f 2986/1/5 2980/1/5 2985/1/5
f 2987/1/5 2980/1/5 2986/1/5
f 2990/1/5 2983/1/5 2982/1/5
f 2990/1/5 2982/1/5 2981/1/5
f 2991/1/5 2983/1/5 2990/1/5
f 2992/1/5 2983/1/5 2991/1/5
f 2993/1/5 2988/1/5 2987/1/5
f 2993/1/5 2987/1/5 2986/1/5
f 2994/1/5 2988/1/5 2993/1/5
f 2995/1/5 2988/1/5 2994/1/5
f 2998/1/5 2991/1/5 2990/1/5
f 2998/1/5 2990/1/5 2989/1/5
f 2999/1/5 2991/1/5 2998/1/5
f 3000/1/5 2991/1/5 2999/1/5
f 3001/1/5 2996/1/5 2995/1/5
f 3001/1/5 2995/1/5 2994/1/5
f 3002/1/5 2996/1/5 3001/1/5
f 3003/1/5 2996/1/5 3002/1/5
f 3006/1/5 2999/1/5 2998/1/5
f 3006/1/5 2998/1/5 2997/1/5
f 3007/1/5 2999/1/5 3006/1/5
f 3008/1/5 2999/1/5 3007/1/5
f 3009/1/5 3004/1/5 3003/1/5
f 3009/1/5 3003/1/5 3002/1/5
f 3010/1/5 3004/1/5 3009/1/5
f 3011/1/5 3004/1/5 3010/1/5
f 3012/1/5 3007/1/5 3006/1/5
f 3012/1/5 3006/1/5 3005/1/5
f 3013/1/5 3007/1/5 3012/1/5
f 3014/1/5 3007/1/5 3013/1/5
f 3015/1/5 3011/1/5 3010/1/5
f 3015/1/5 3013/1/5 3012/1/5
f 3015/1/5 3012/1/5 3011/1/5
f 3016/1/5 3013/1/5 3015/1/5
f 3017/1/5 3013/1/5 3016/1/5
f 3018/1/5 3013/1/5 3017/1/5
f 3019/1/5 3017/1/5 3016/1/5
f 3020/1/5 3017/1/5 3019/1/5
f 3021/1/6 3022/1/6 3024/1/6
f 3024/1/6 3022/1/6 3025/1/6
f 3023/1/6 3024/1/6 3028/1/6
f 3025/1/6 3026/1/6 3028/1/6
f 3024/1/6 3025/1/6 3028/1/6
f 3028/1/6 3026/1/6 3029/1/6
f 3029/1/6 3026/1/6 3030/1/6
f 3030/1/6 3026/1/6 3031/1/6
f 3027/1/6 3028/1/6 3034/1/6
f 3028/1/6 3029/1/6 3034/1/6
f 3034/1/6 3029/1/6 3035/1/6
f 3035/1/6 3029/1/6 3036/1/6
f 3030/1/6 3031/1/6 3037/1/6
f 3031/1/6 3032/1/6 3037/1/6
f 3037/1/6 3032/1/6 3038/1/6
f 3038/1/6 3032/1/6 3039/1/6
f 3034/1/6 3035/1/6 3042/1/6
f 3033/1/6 3034/1/6 3042/1/6
f 3042/1/6 3035/1/6 3043/1/6
f 3043/1/6 3035/1/6 3044/1/6
f 3039/1/6 3040/1/6 3045/1/6
f 3038/1/6 3039/1/6 3045/1/6
f 3045/1/6 3040/1/6 3046/1/6
f 3046/1/6 3040/1/6 3047/1/6
f 3042/1/6 3043/1/6 3050/1/6
f 3041/1/6 3042/1/6 3050/1/6
f 3050/1/6 3043/1/6 3051/1/6
f 3051/1/6 3043/1/6 3052/1/6
f 3047/1/6 3048/1/6 3053/1/6
f 3046/1/6 3047/1/6 3053/1/6
f 3053/1/6 3048/1/6 3054/1/6
f 3054/1/6 3048/1/6 3055/1/6
f 3050/1/6 3051/1/6 3058/1/6
f 3049/1/6 3050/1/6 3058/1/6
f 3058/1/6 3051/1/6 3059/1/6
f 3059/1/6 3051/1/6 3060/1/6
f 3055/1/6 3056/1/6 3061/1/6
f 3054/1/6 3055/1/6 3061/1/6
f 3061/1/6 3056/1/6 3062/1/6
f 3062/1/6 3056/1/6 3063/1/6
f 3058/1/6 3059/1/6 3066/1/6
f 3057/1/6 3058/1/6 3066/1/6
f 3066/1/6 3059/1/6 3067/1/6
f 3067/1/6 3059/1/6 3068/1/6
f 3063/1/6 3064/1/6 3069/1/6
f 3062/1/6 3063/1/6 3069/1/6
f 3069/1/6 3064/1/6 3070/1/6
f 3070/1/6 3064/1/6 3071/1/6
f 3066/1/6 3067/1/6 3074/1/6
f 3065/1/6 3066/1/6 3074/1/6
f 3074/1/6 3067/1/6 3075/1/6
f 3075/1/6 3067/1/6 3076/1/6
f 3071/1/6 3072/1/6 3077/1/6
f 3070/1/6 3071/1/6 3077/1/6
f 3077/1/6 3072/1/6 3078/1/6
f 3078/1/6 3072/1/6 3079/1/6
f 3074/1/6 3075/1/6 3081/1/6
f 3073/1/6 3074/1/6 3081/1/6
f 3081/1/6 3075/1/6 3082/1/6
f 3079/1/6 3080/1/6 3083/1/6
f 3078/1/6 3079/1/6 3083/1/6
f 3083/1/6 3080/1/6 3084/1/6
f 3073/1/6 3081/1/6 3086/1/6
f 3086/1/6 3081/1/6 3087/1/6
f 3087/1/6 3081/1/6 3088/1/6
f 3084/1/6 3080/1/6 3089/1/6
f 3089/1/6 3080/1/6 3090/1/6
f 3090/1/6 3080/1/6 3091/1/6
f 3085/1/6 3086/1/6 3094/1/6
f 3086/1/6 3087/1/6 3094/1/6
f 3091/1/6 3092/1/6 3095/1/6
f 3090/1/6 3091/1/6 3095/1/6
f 3093/1/6 3094/1/6 3097/1/6
f 3094/1/6 3087/1/6 3097/1/6
f 3097/1/6 3087/1/6 3098/1/6
f 3095/1/6 3096/1/6 3099/1/6
f 3090/1/6 3095/1/6 3099/1/6
f 3099/1/6 3096/1/6 3100/1/6
f 3093/1/6 3097/1/6 3102/1/6
f 3102/1/6 3097/1/6 3103/1/6
f 3103/1/6 3097/1/6 3104/1/6
f 3100/1/6 3096/1/6 3105/1/6
f 3105/1/6 3096/1/6 3106/1/6
f 3106/1/6 3096/1/6 3107/1/6
f 3101/1/6 3102/1/6 3110/1/6
f 3102/1/6 3103/1/6 3110/1/6
f 3107/1/6 3108/1/6 3111/1/6
f 3106/1/6 3107/1/6 3111/1/6
f 3109/1/6 3110/1/6 3113/1/6
f 3110/1/6 3103/1/6 3113/1/6
f 3113/1/6 3103/1/6 3114/1/6
f 3111/1/6 3112/1/6 3115/1/6
f 3106/1/6 3111/1/6 3115/1/6
f 3115/1/6 3112/1/6 3116/1/6
f 3109/1/6 3113/1/6 3118/1/6
f 3118/1/6 3113/1/6 3119/1/6
f 3119/1/6 3113/1/6 3120/1/6
f 3116/1/6 3112/1/6 3121/1/6
f 3121/1/6 3112/1/6 3122/1/6
f 3122/1/6 3112/1/6 3123/1/6
f 3117/1/6 3118/1/6 3125/1/6
f 3118/1/6 3119/1/6 3125/1/6
f 3125/1/6 3119/1/6 3126/1/6
f 3126/1/6 3119/1/6 3127/1/6
f 3123/1/6 3124/1/6 3130/1/6
f 3122/1/6 3123/1/6 3130/1/6
f 3130/1/6 3124/1/6 3131/1/6
f 3131/1/6 3124/1/6 3132/1/6
f 3127/1/6 3128/1/6 3133/1/6
f 3126/1/6 3127/1/6 3133/1/6
f 3130/1/6 3131/1/6 3136/1/6
f 3129/1/6 3130/1/6 3136/1/6
f 3133/1/6 3134/1/6 3137/1/6
f 3126/1/6 3133/1/6 3137/1/6
f 3137/1/6 3134/1/6 3138/1/6
f 3135/1/6 3136/1/6 3139/1/6
f 3136/1/6 3131/1/6 3139/1/6
f 3139/1/6 3131/1/6 3140/1/6
f 3138/1/6 3134/1/6 3141/1/6
f 3141/1/6 3134/1/6 3142/1/6
f 3142/1/6 3134/1/6 3143/1/6
f 3135/1/6 3139/1/6 3146/1/6
f 3146/1/6 3139/1/6 3147/1/6
f 3147/1/6 3139/1/6 3148/1/6
f 3143/1/6 3144/1/6 3149/1/6
f 3142/1/6 3143/1/6 3149/1/6
f 3146/1/6 3147/1/6 3152/1/6
f 3145/1/6 3146/1/6 3152/1/6
f 3149/1/6 3150/1/6 3153/1/6
f 3142/1/6 3149/1/6 3153/1/6
f 3153/1/6 3150/1/6 3154/1/6
f 3151/1/6 3152/1/6 3155/1/6
f 3152/1/6 3147/1/6 3155/1/6
f 3155/1/6 3147/1/6 3156/1/6
f 3154/1/6 3150/1/6 3157/1/6
f 3157/1/6 3150/1/6 3158/1/6
f 3158/1/6 3150/1/6 3159/1/6
f 3151/1/6 3155/1/6 3162/1/6
f 3162/1/6 3155/1/6 3163/1/6
f 3163/1/6 3155/1/6 3164/1/6
f 3159/1/6 3160/1/6 3165/1/6
f 3158/1/6 3159/1/6 3165/1/6
f 3162/1/6 3163/1/6 3168/1/6
f 3161/1/6 3162/1/6 3168/1/6
f 3165/1/6 3166/1/6 3169/1/6
f 3158/1/6 3165/1/6 3169/1/6
f 3169/1/6 3166/1/6 3170/1/6
f 3170/1/6 3166/1/6 3171/1/6
f 3167/1/6 3168/1/6 3174/1/6
f 3168/1/6 3163/1/6 3175/1/6
f 3174/1/6 3168/1/6 3175/1/6
f 3175/1/6 3163/1/6 3176/1/6
f 3171/1/6 3172/1/6 3177/1/6
f 3170/1/6 3171/1/6 3177/1/6
f 3177/1/6 3172/1/6 3178/1/6
f 3178/1/6 3172/1/6 3179/1/6
f 3173/1/6 3174/1/6 3182/1/6
f 3174/1/6 3175/1/6 3182/1/6
f 3182/1/6 3175/1/6 3183/1/6
f 3183/1/6 3175/1/6 3184/1/6
f 3179/1/6 3180/1/6 3185/1/6
f 3178/1/6 3179/1/6 3185/1/6
f 3185/1/6 3180/1/6 3186/1/6
f 3186/1/6 3180/1/6 3187/1/6
f 3182/1/6 3183/1/6 3190/1/6
f 3181/1/6 3182/1/6 3190/1/6
f 3190/1/6 3183/1/6 3191/1/6
f 3191/1/6 3183/1/6 3192/1/6
f 3187/1/6 3188/1/6 3193/1/6
f 3186/1/6 3187/1/6 3193/1/6
f 3193/1/6 3188/1/6 3194/1/6
f 3194/1/6 3188/1/6 3195/1/6
f 3190/1/6 3191/1/6 3198/1/6
f 3189/1/6 3190/1/6 3198/1/6
f 3198/1/6 3191/1/6 3199/1/6
f 3199/1/6 3191/1/6 3200/1/6
f 3195/1/6 3196/1/6 3201/1/6
f 3194/1/6 3195/1/6 3201/1/6
f 3201/1/6 3196/1/6 3202/1/6
f 3202/1/6 3196/1/6 3203/1/6
f 3198/1/6 3199/1/6 3206/1/6
f 3197/1/6 3198/1/6 3206/1/6
f 3206/1/6 3199/1/6 3207/1/6
f 3207/1/6 3199/1/6 3208/1/6
f 3203/1/6 3204/1/6 3209/1/6
f 3202/1/6 3203/1/6 3209/1/6
f 3209/1/6 3204/1/6 3210/1/6
f 3210/1/6 3204/1/6 3211/1/6
f 3206/1/6 3207/1/6 3214/1/6
f 3205/1/6 3206/1/6 3214/1/6
f 3214/1/6 3207/1/6 3215/1/6
f 3215/1/6 3207/1/6 3216/1/6
f 3211/1/6 3212/1/6 3217/1/6
f 3210/1/6 3211/1/6 3217/1/6
f 3217/1/6 3212/1/6 3218/1/6
f 3218/1/6 3212/1/6 3219/1/6
f 3214/1/6 3215/1/6 3220/1/6
f 3213/1/6 3214/1/6 3220/1/6
f 3220/1/6 3215/1/6 3221/1/6
f 3221/1/6 3215/1/6 3222/1/6
f 3218/1/6 3219/1/6 3223/1/6
f 3220/1/6 3221/1/6 3223/1/6
f 3219/1/6 3220/1/6 3223/1/6
f 3223/1/6 3221/1/6 3224/1/6
f 3224/1/6 3221/1/6 3225/1/6
f 3225/1/6 3221/1/6 3226/1/6
f 3224/1/6 3225/1/6 3227/1/6
f 3227/1/6 3225/1/6 3228/1/6
f 3229/2/6 3230/2/6 3231/2/6
f 3231/2/6 3230/2/6 3232/2/6
f 3233/2/6 3234/2/6 3238/2/6
f 3238/2/6 3234/2/6 3239/2/6
f 3235/2/6 3236/2/6 3240/2/6
f 3240/2/6 3236/2/6 3241/2/6
f 3237/2/6 3238/2/6 3243/2/6
f 3243/2/6 3238/2/6 3244/2/6
f 3241/2/6 3242/2/6 3245/2/6
f 3245/2/6 3242/2/6 3246/2/6
f 3247/2/6 3248/2/6 3251/2/6
f 3251/2/6 3248/2/6 3252/2/6
f 3249/2/6 3250/2/6 3253/2/6
f 3253/2/6 3250/2/6 3254/2/6
f 3255/2/6 3256/2/6 3259/2/6
f 3259/2/6 3256/2/6 3260/2/6
f 3257/2/6 3258/2/6 3263/2/6
f 3263/2/6 3258/2/6 3264/2/6
f 3260/2/6 3261/2/6 3265/2/6
f 3265/2/6 3261/2/6 3266/2/6
f 3262/2/6 3263/2/6 3267/2/6
f 3267/2/6 3263/2/6 3268/2/6
f 3269/2/6 3270/2/6 3271/2/6
f 3271/2/6 3270/2/6 3272/2/6
f 3273/2/6 3274/2/6 3277/2/6
f 3277/2/6 3274/2/6 3278/2/6
f 3275/2/6 3276/2/6 3279/2/6
f 3279/2/6 3276/2/6 3280/2/6
f 3281/2/6 3282/2/6 3283/2/6
f 3283/2/6 3282/2/6 3284/2/6
f 3285/2/6 3286/2/6 3287/2/6
f 3287/2/6 3286/2/6 3288/2/6
f 3289/2/6 3290/2/6 3291/2/6
f 3291/2/6 3290/2/6 3292/2/6
f 3293/2/6 3294/2/6 3295/2/6
f 3295/2/6 3294/2/6 3296/2/6
f 3297/2/6 3298/2/6 3299/2/6
f 3299/2/6 3298/2/6 3300/2/6
f 3301/2/6 3302/2/6 3303/2/6
f 3303/2/6 3302/2/6 3304/2/6
f 3305/2/6 3306/2/6 3307/2/6
f 3307/2/6 3306/2/6 3308/2/6
f 3309/2/6 3310/2/6 3311/2/6
f 3311/2/6 3310/2/6 3312/2/6
f 3313/2/6 3314/2/6 3317/2/6
f 3317/2/6 3314/2/6 3318/2/6
f 3315/2/6 3316/2/6 3319/2/6
f 3319/2/6 3316/2/6 3320/2/6
f 3321/2/6 3322/2/6 3325/2/6
f 3325/2/6 3322/2/6 3326/2/6
f 3323/2/6 3324/2/6 3327/2/6
f 3327/2/6 3324/2/6 3328/2/6
f 3329/2/6 3330/2/6 3333/2/6
f 3333/2/6 3330/2/6 3334/2/6
f 3331/2/6 3332/2/6 3336/2/6
f 3336/2/6 3332/2/6 3337/2/6
f 3334/2/6 3335/2/6 3338/2/6
f 3338/2/6 3335/2/6 3339/2/6
f 3340/2/6 3341/2/6 3345/2/6
f 3345/2/6 3341/2/6 3346/2/6
f 3342/2/6 3343/2/6 3347/2/6
f 3347/2/6 3343/2/6 3348/2/6
f 3344/2/6 3345/2/6 3349/2/6
f 3349/2/6 3345/2/6 3350/2/6
f 3351/2/6 3352/2/6 3355/2/6
f 3355/2/6 3352/2/6 3356/2/6
f 3353/2/6 3354/2/6 3357/2/6
f 3357/2/6 3354/2/6 3358/2/6
f 3359/2/6 3360/2/6 3363/2/6
f 3363/2/6 3360/2/6 3364/2/6
f 3361/2/6 3362/2/6 3365/2/6
f 3365/2/6 3362/2/6 3366/2/6
f 3367/2/6 3368/2/6 3372/2/6
f 3372/2/6 3368/2/6 3373/2/6
f 3369/2/6 3370/2/6 3374/2/6
f 3374/2/6 3370/2/6 3375/2/6
f 3371/2/6 3372/2/6 3376/2/6
f 3376/2/6 3372/2/6 3377/2/6
f 3378/2/6 3379/2/6 3382/2/6
f 3382/2/6 3379/2/6 3383/2/6
f 3380/2/6 3381/2/6 3385/2/6
f 3385/2/6 3381/2/6 3386/2/6
f 3383/2/6 3384/2/6 3387/2/6
f 3387/2/6 3384/2/6 3388/2/6
f 3389/2/6 3390/2/6 3393/2/6
f 3393/2/6 3390/2/6 3394/2/6
f 3391/2/6 3392/2/6 3395/2/6
f 3395/2/6 3392/2/6 3396/2/6
f 3397/2/6 3398/2/6 3399/2/6
f 3399/2/6 3398/2/6 3400/2/6
f 3401/2/6 3402/2/6 3406/2/6
f 3406/2/6 3402/2/6 3407/2/6
f 3403/2/6 3404/2/6 3408/2/6
f 3408/2/6 3404/2/6 3409/2/6
f 3405/2/6 3406/2/6 3411/2/6
f 3411/2/6 3406/2/6 3412/2/6
f 3409/2/6 3410/2/6 3413/2/6
f 3413/2/6 3410/2/6 3414/2/6
f 3415/2/6 3416/2/6 3419/2/6
f 3419/2/6 3416/2/6 3420/2/6
f 3417/2/6 3418/2/6 3421/2/6
f 3421/2/6 3418/2/6 3422/2/6
f 3423/2/6 3424/2/6 3427/2/6
f 3427/2/6 3424/2/6 3428/2/6
f 3425/2/6 3426/2/6 3431/2/6
f 3431/2/6 3426/2/6 3432/2/6
f 3428/2/6 3429/2/6 3433/2/6
f 3433/2/6 3429/2/6 3434/2/6
f 3430/2/6 3431/2/6 3435/2/6
f 3435/2/6 3431/2/6 3436/2/6
f 3437/2/6 3438/2/6 3439/2/6
f 3439/2/6 3438/2/6 3440/2/6
f 3441/1/6 3442/1/6 3444/1/6
f 3444/1/6 3442/1/6 3445/1/6
f 3443/1/6 3444/1/6 3448/1/6
f 3445/1/6 3446/1/6 3448/1/6
f 3444/1/6 3445/1/6 3448/1/6
f 3448/1/6 3446/1/6 3449/1/6
f 3447/1/6 3448/1/6 3452/1/6
f 3449/1/6 3450/1/6 3452/1/6
f 3448/1/6 3449/1/6 3452/1/6
f 3452/1/6 3450/1/6 3453/1/6
f 3451/1/6 3452/1/6 3456/1/6
f 3453/1/6 3454/1/6 3456/1/6
f 3452/1/6 3453/1/6 3456/1/6
f 3456/1/6 3454/1/6 3457/1/6
f 3457/1/6 3454/1/6 3458/1/6
f 3458/1/6 3454/1/6 3459/1/6
f 3455/1/6 3456/1/6 3462/1/6
f 3456/1/6 3457/1/6 3462/1/6
f 3462/1/6 3457/1/6 3463/1/6
f 3463/1/6 3457/1/6 3464/1/6
f 3458/1/6 3459/1/6 3465/1/6
f 3459/1/6 3460/1/6 3465/1/6
f 3465/1/6 3460/1/6 3466/1/6
f 3466/1/6 3460/1/6 3467/1/6
f 3462/1/6 3463/1/6 3470/1/6
f 3461/1/6 3462/1/6 3470/1/6
f 3470/1/6 3463/1/6 3471/1/6
f 3471/1/6 3463/1/6 3472/1/6
f 3467/1/6 3468/1/6 3473/1/6
f 3466/1/6 3467/1/6 3473/1/6
f 3473/1/6 3468/1/6 3474/1/6
f 3474/1/6 3468/1/6 3475/1/6
f 3470/1/6 3471/1/6 3478/1/6
f 3469/1/6 3470/1/6 3478/1/6
f 3478/1/6 3471/1/6 3479/1/6
f 3479/1/6 3471/1/6 3480/1/6
f 3475/1/6 3476/1/6 3481/1/6
f 3474/1/6 3475/1/6 3481/1/6
f 3481/1/6 3476/1/6 3482/1/6
f 3482/1/6 3476/1/6 3483/1/6
f 3478/1/6 3479/1/6 3486/1/6
f 3477/1/6 3478/1/6 3486/1/6
f 3486/1/6 3479/1/6 3487/1/6
f 3487/1/6 3479/1/6 3488/1/6
f 3483/1/6 3484/1/6 3489/1/6
f 3482/1/6 3483/1/6 3489/1/6
f 3489/1/6 3484/1/6 3490/1/6
f 3490/1/6 3484/1/6 3491/1/6
f 3486/1/6 3487/1/6 3493/1/6
f 3485/1/6 3486/1/6 3493/1/6
f 3493/1/6 3487/1/6 3494/1/6
f 3491/1/6 3492/1/6 3495/1/6
f 3490/1/6 3491/1/6 3495/1/6
f 3495/1/6 3492/1/6 3496/1/6
f 3485/1/6 3493/1/6 3498/1/6
f 3498/1/6 3493/1/6 3499/1/6
f 3499/1/6 3493/1/6 3500/1/6
f 3496/1/6 3492/1/6 3501/1/6
f 3501/1/6 3492/1/6 3502/1/6
f 3502/1/6 3492/1/6 3503/1/6
f 3497/1/6 3498/1/6 3506/1/6
f 3498/1/6 3499/1/6 3506/1/6
f 3506/1/6 3499/1/6 3507/1/6
f 3507/1/6 3499/1/6 3508/1/6
f 3503/1/6 3504/1/6 3509/1/6
f 3502/1/6 3503/1/6 3509/1/6
f 3509/1/6 3504/1/6 3510/1/6
f 3510/1/6 3504/1/6 3511/1/6
f 3506/1/6 3507/1/6 3513/1/6
f 3505/1/6 3506/1/6 3513/1/6
f 3513/1/6 3507/1/6 3514/1/6
f 3511/1/6 3512/1/6 3515/1/6
f 3510/1/6 3511/1/6 3515/1/6
f 3515/1/6 3512/1/6 3516/1/6
f 3505/1/6 3513/1/6 3518/1/6
f 3516/1/6 3512/1/6 3519/1/6
f 3517/1/6 3518/1/6 3521/1/6
f 3518/1/6 3513/1/6 3521/1/6
f 3521/1/6 3513/1/6 3522/1/6
f 3519/1/6 3520/1/6 3523/1/6
f 3516/1/6 3519/1/6 3523/1/6
f 3523/1/6 3520/1/6 3524/1/6
f 3517/1/6 3521/1/6 3526/1/6
f 3524/1/6 3520/1/6 3527/1/6
f 3525/1/6 3526/1/6 3529/1/6
f 3526/1/6 3521/1/6 3529/1/6
f 3529/1/6 3521/1/6 3530/1/6
f 3527/1/6 3528/1/6 3531/1/6
f 3524/1/6 3527/1/6 3531/1/6
f 3531/1/6 3528/1/6 3532/1/6
f 3525/1/6 3529/1/6 3534/1/6
f 3534/1/6 3529/1/6 3535/1/6
f 3535/1/6 3529/1/6 3536/1/6
f 3532/1/6 3528/1/6 3537/1/6
f 3537/1/6 3528/1/6 3538/1/6
f 3538/1/6 3528/1/6 3539/1/6
f 3533/1/6 3534/1/6 3541/1/6
f 3534/1/6 3535/1/6 3541/1/6
f 3541/1/6 3535/1/6 3542/1/6
f 3542/1/6 3535/1/6 3543/1/6
f 3539/1/6 3540/1/6 3546/1/6
f 3538/1/6 3539/1/6 3546/1/6
f 3546/1/6 3540/1/6 3547/1/6
f 3547/1/6 3540/1/6 3548/1/6
f 3543/1/6 3544/1/6 3549/1/6
f 3542/1/6 3543/1/6 3549/1/6
f 3546/1/6 3547/1/6 3552/1/6
f 3545/1/6 3546/1/6 3552/1/6
f 3549/1/6 3550/1/6 3553/1/6
f 3542/1/6 3549/1/6 3553/1/6
f 3553/1/6 3550/1/6 3554/1/6
f 3551/1/6 3552/1/6 3555/1/6
f 3552/1/6 3547/1/6 3555/1/6
f 3555/1/6 3547/1/6 3556/1/6
f 3554/1/6 3550/1/6 3557/1/6
f 3551/1/6 3555/1/6 3560/1/6
f 3557/1/6 3558/1/6 3561/1/6
f 3554/1/6 3557/1/6 3561/1/6
f 3561/1/6 3558/1/6 3562/1/6
f 3559/1/6 3560/1/6 3563/1/6
f 3560/1/6 3555/1/6 3563/1/6
f 3563/1/6 3555/1/6 3564/1/6
f 3562/1/6 3558/1/6 3565/1/6
f 3559/1/6 3563/1/6 3568/1/6
f 3565/1/6 3566/1/6 3569/1/6
f 3562/1/6 3565/1/6 3569/1/6
f 3569/1/6 3566/1/6 3570/1/6
f 3570/1/6 3566/1/6 3571/1/6
f 3567/1/6 3568/1/6 3574/1/6
f 3568/1/6 3563/1/6 3575/1/6
f 3574/1/6 3568/1/6 3575/1/6
f 3575/1/6 3563/1/6 3576/1/6
f 3571/1/6 3572/1/6 3577/1/6
f 3570/1/6 3571/1/6 3577/1/6
f 3577/1/6 3572/1/6 3578/1/6
f 3578/1/6 3572/1/6 3579/1/6
f 3573/1/6 3574/1/6 3582/1/6
f 3574/1/6 3575/1/6 3582/1/6
f 3582/1/6 3575/1/6 3583/1/6
f 3583/1/6 3575/1/6 3584/1/6
f 3579/1/6 3580/1/6 3585/1/6
f 3578/1/6 3579/1/6 3585/1/6
f 3582/1/6 3583/1/6 3588/1/6
f 3581/1/6 3582/1/6 3588/1/6
f 3585/1/6 3586/1/6 3589/1/6
f 3578/1/6 3585/1/6 3589/1/6
f 3589/1/6 3586/1/6 3590/1/6
f 3590/1/6 3586/1/6 3591/1/6
f 3587/1/6 3588/1/6 3594/1/6
f 3588/1/6 3583/1/6 3595/1/6
f 3594/1/6 3588/1/6 3595/1/6
f 3595/1/6 3583/1/6 3596/1/6
f 3591/1/6 3592/1/6 3597/1/6
f 3590/1/6 3591/1/6 3597/1/6
f 3597/1/6 3592/1/6 3598/1/6
f 3598/1/6 3592/1/6 3599/1/6
f 3593/1/6 3594/1/6 3602/1/6
f 3594/1/6 3595/1/6 3602/1/6
f 3602/1/6 3595/1/6 3603/1/6
f 3603/1/6 3595/1/6 3604/1/6
f 3599/1/6 3600/1/6 3605/1/6
f 3598/1/6 3599/1/6 3605/1/6
f 3605/1/6 3600/1/6 3606/1/6
f 3606/1/6 3600/1/6 3607/1/6
f 3602/1/6 3603/1/6 3610/1/6
f 3601/1/6 3602/1/6 3610/1/6
f 3610/1/6 3603/1/6 3611/1/6
f 3611/1/6 3603/1/6 3612/1/6
f 3607/1/6 3608/1/6 3613/1/6
f 3606/1/6 3607/1/6 3613/1/6
f 3613/1/6 3608/1/6 3614/1/6
f 3614/1/6 3608/1/6 3615/1/6
f 3610/1/6 3611/1/6 3618/1/6
f 3609/1/6 3610/1/6 3618/1/6
f 3618/1/6 3611/1/6 3619/1/6
f 3619/1/6 3611/1/6 3620/1/6
f 3615/1/6 3616/1/6 3621/1/6
f 3614/1/6 3615/1/6 3621/1/6
f 3621/1/6 3616/1/6 3622/1/6
f 3622/1/6 3616/1/6 3623/1/6
f 3618/1/6 3619/1/6 3624/1/6
f 3617/1/6 3618/1/6 3624/1/6
f 3624/1/6 3619/1/6 3625/1/6
f 3625/1/6 3619/1/6 3626/1/6
f 3622/1/6 3623/1/6 3627/1/6
f 3624/1/6 3625/1/6 3627/1/6
f 3623/1/6 3624/1/6 3627/1/6
f 3627/1/6 3625/1/6 3628/1/6
f 3628/1/6 3625/1/6 3629/1/6
f 3629/1/6 3625/1/6 3630/1/6
f 3628/1/6 3629/1/6 3631/1/6
f 3631/1/6 3629/1/6 3632/1/6
f 3632/1/6 3629/1/6 3633/1/6
f 3633/1/6 3629/1/6 3634/1/6
f 3632/1/6 3633/1/6 3635/1/6
f 3635/1/6 3633/1/6 3636/1/6
f 3636/1/6 3633/1/6 3637/1/6
f 3637/1/6 3633/1/6 3638/1/6
f 3636/1/6 3637/1/6 3639/1/6
f 3639/1/6 3637/1/6 3640/1/6
