# MagicaVoxel @ Ephtracy

# group
o 

# material
mtllib Core-4.mtl
usemtl palette

# normals
vn -1 0 0
vn 1 0 0
vn 0 0 1
vn 0 0 -1
vn 0 -1 0
vn 0 1 0

# texcoords
vt 0.970703 0.5
vt 0.978516 0.5
vt 0.982422 0.5

# verts
v -3.2 4.5 0.6
v -3.2 4.5 -0.6
v -3.2 4.7 0.6
v -3.2 4.7 -0.6
v -3.2 5.3 0.6
v -3.2 5.3 -0.6
v -3.2 5.5 0.6
v -3.2 5.5 -0.6
v -3.1 4.5 1
v -3.1 4.5 0.6
v -3.1 4.5 -0.6
v -3.1 4.5 -1
v -3.1 4.7 1
v -3.1 4.7 0.6
v -3.1 4.7 -0.6
v -3.1 4.7 -1
v -3.1 4.8 0.2
v -3.1 4.8 -0.2
v -3.1 4.9 0.5
v -3.1 4.9 0.2
v -3.1 4.9 -0.1
v -3.1 4.9 -0.2
v -3.1 4.9 -0.3
v -3.1 5 0.5
v -3.1 5 0.3
v -3.1 5 0.2
v -3.1 5 0.0999999
v -3.1 5 -0.1
v -3.1 5 -0.2
v -3.1 5 -0.3
v -3.1 5 -0.5
v -3.1 5.1 0.3
v -3.1 5.1 0.2
v -3.1 5.1 0.0999999
v -3.1 5.1 -0.2
v -3.1 5.1 -0.5
v -3.1 5.2 0.2
v -3.1 5.2 -0.2
v -3.1 5.3 1
v -3.1 5.3 0.6
v -3.1 5.3 -0.6
v -3.1 5.3 -1
v -3.1 5.5 1
v -3.1 5.5 0.6
v -3.1 5.5 -0.6
v -3.1 5.5 -1
v -3 4.5 1.3
v -3 4.5 1
v -3 4.5 -1
v -3 4.5 -1.3
v -3 4.7 1.3
v -3 4.7 1
v -3 4.7 0.6
v -3 4.7 -0.6
v -3 4.7 -1
v -3 4.7 -1.3
v -3 4.8 0.2
v -3 4.8 -0.2
v -3 4.9 0.5
v -3 4.9 0.2
v -3 4.9 -0.1
v -3 4.9 -0.2
v -3 4.9 -0.3
v -3 5 0.5
v -3 5 0.3
v -3 5 0.2
v -3 5 0.0999999
v -3 5 -0.1
v -3 5 -0.2
v -3 5 -0.3
v -3 5 -0.5
v -3 5.1 0.3
v -3 5.1 0.2
v -3 5.1 0.0999999
v -3 5.1 -0.2
v -3 5.1 -0.5
v -3 5.2 0.2
v -3 5.2 -0.2
v -3 5.3 1.3
v -3 5.3 1
v -3 5.3 0.6
v -3 5.3 -0.6
v -3 5.3 -1
v -3 5.3 -1.3
v -3 5.5 1.3
v -3 5.5 1
v -3 5.5 -1
v -3 5.5 -1.3
v -2.9 4.5 1.5
v -2.9 4.5 1.3
v -2.9 4.5 -1.3
v -2.9 4.5 -1.5
v -2.9 4.7 1.5
v -2.9 4.7 1.3
v -2.9 4.7 1
v -2.9 4.7 0.6
v -2.9 4.7 -0.6
v -2.9 4.7 -1
v -2.9 4.7 -1.3
v -2.9 4.7 -1.5
v -2.9 5.3 1.5
v -2.9 5.3 1.3
v -2.9 5.3 1
v -2.9 5.3 0.6
v -2.9 5.3 -0.6
v -2.9 5.3 -1
v -2.9 5.3 -1.3
v -2.9 5.3 -1.5
v -2.9 5.5 1.5
v -2.9 5.5 1.3
v -2.9 5.5 -1.3
v -2.9 5.5 -1.5
v -2.8 4.5 1.7
v -2.8 4.5 1.5
v -2.8 4.5 -1.5
v -2.8 4.5 -1.7
v -2.8 4.7 1.7
v -2.8 4.7 1.5
v -2.8 4.7 1.2
v -2.8 4.7 1
v -2.8 4.7 -1
v -2.8 4.7 -1.2
v -2.8 4.7 -1.5
v -2.8 4.7 -1.7
v -2.8 5.3 1.7
v -2.8 5.3 1.5
v -2.8 5.3 1.2
v -2.8 5.3 1
v -2.8 5.3 -1
v -2.8 5.3 -1.2
v -2.8 5.3 -1.5
v -2.8 5.3 -1.7
v -2.8 5.5 1.7
v -2.8 5.5 1.5
v -2.8 5.5 -1.5
v -2.8 5.5 -1.7
v -2.7 4.5 1.8
v -2.7 4.5 1.7
v -2.7 4.5 -1.7
v -2.7 4.5 -1.8
v -2.7 4.7 1.8
v -2.7 4.7 1.7
v -2.7 4.7 1.4
v -2.7 4.7 1.2
v -2.7 4.7 -1.2
v -2.7 4.7 -1.4
v -2.7 4.7 -1.7
v -2.7 4.7 -1.8
v -2.7 5.3 1.8
v -2.7 5.3 1.7
v -2.7 5.3 1.4
v -2.7 5.3 1.2
v -2.7 5.3 -1.2
v -2.7 5.3 -1.4
v -2.7 5.3 -1.7
v -2.7 5.3 -1.8
v -2.7 5.5 1.8
v -2.7 5.5 1.7
v -2.7 5.5 -1.7
v -2.7 5.5 -1.8
v -2.6 4.5 2
v -2.6 4.5 1.8
v -2.6 4.5 -1.8
v -2.6 4.5 -2
v -2.6 4.7 2
v -2.6 4.7 1.8
v -2.6 4.7 1.6
v -2.6 4.7 1.4
v -2.6 4.7 -1.4
v -2.6 4.7 -1.6
v -2.6 4.7 -1.8
v -2.6 4.7 -2
v -2.6 5.3 2
v -2.6 5.3 1.8
v -2.6 5.3 1.6
v -2.6 5.3 1.4
v -2.6 5.3 -1.4
v -2.6 5.3 -1.6
v -2.6 5.3 -1.8
v -2.6 5.3 -2
v -2.6 5.5 2
v -2.6 5.5 1.8
v -2.6 5.5 -1.8
v -2.6 5.5 -2
v -2.5 4.5 2.1
v -2.5 4.5 2
v -2.5 4.5 -2
v -2.5 4.5 -2.1
v -2.5 4.7 2.1
v -2.5 4.7 2
v -2.5 4.7 1.8
v -2.5 4.7 1.6
v -2.5 4.7 -1.6
v -2.5 4.7 -1.8
v -2.5 4.7 -2
v -2.5 4.7 -2.1
v -2.5 4.9 -1.8
v -2.5 4.9 -1.9
v -2.5 5 1.9
v -2.5 5 1.8
v -2.5 5 -1.8
v -2.5 5 -1.9
v -2.5 5.1 1.9
v -2.5 5.1 1.8
v -2.5 5.3 2.1
v -2.5 5.3 2
v -2.5 5.3 1.8
v -2.5 5.3 1.6
v -2.5 5.3 -1.6
v -2.5 5.3 -1.8
v -2.5 5.3 -2
v -2.5 5.3 -2.1
v -2.5 5.5 2.1
v -2.5 5.5 2
v -2.5 5.5 -2
v -2.5 5.5 -2.1
v -2.4 4.5 2.2
v -2.4 4.5 2.1
v -2.4 4.5 -2.1
v -2.4 4.5 -2.2
v -2.4 4.7 2.2
v -2.4 4.7 2.1
v -2.4 4.7 1.9
v -2.4 4.7 1.8
v -2.4 4.7 -1.8
v -2.4 4.7 -1.9
v -2.4 4.7 -2.1
v -2.4 4.7 -2.2
v -2.4 4.9 2
v -2.4 4.9 1.9
v -2.4 4.9 -1.8
v -2.4 4.9 -1.9
v -2.4 4.9 -2
v -2.4 5 1.9
v -2.4 5 1.8
v -2.4 5 -1.8
v -2.4 5 -1.9
v -2.4 5.1 2
v -2.4 5.1 1.9
v -2.4 5.1 1.8
v -2.4 5.1 -1.9
v -2.4 5.1 -2
v -2.4 5.3 2.2
v -2.4 5.3 2.1
v -2.4 5.3 1.9
v -2.4 5.3 1.8
v -2.4 5.3 -1.8
v -2.4 5.3 -1.9
v -2.4 5.3 -2.1
v -2.4 5.3 -2.2
v -2.4 5.5 2.2
v -2.4 5.5 2.1
v -2.4 5.5 -2.1
v -2.4 5.5 -2.2
v -2.3 4.5 2.3
v -2.3 4.5 2.2
v -2.3 4.5 -2.2
v -2.3 4.5 -2.3
v -2.3 4.7 2.3
v -2.3 4.7 2.2
v -2.3 4.7 2
v -2.3 4.7 1.9
v -2.3 4.7 -1.9
v -2.3 4.7 -2
v -2.3 4.7 -2.2
v -2.3 4.7 -2.3
v -2.3 4.8 2.1
v -2.3 4.8 2
v -2.3 4.8 -2
v -2.3 4.8 -2.1
v -2.3 4.9 2
v -2.3 4.9 1.9
v -2.3 4.9 -1.9
v -2.3 4.9 -2
v -2.3 4.9 -2.1
v -2.3 5 2.1
v -2.3 5 2
v -2.3 5 -2
v -2.3 5 -2.1
v -2.3 5.1 2.1
v -2.3 5.1 2
v -2.3 5.1 1.9
v -2.3 5.1 -1.9
v -2.3 5.1 -2
v -2.3 5.2 2.1
v -2.3 5.2 2
v -2.3 5.2 -2
v -2.3 5.2 -2.1
v -2.3 5.3 2.3
v -2.3 5.3 2.2
v -2.3 5.3 2
v -2.3 5.3 1.9
v -2.3 5.3 -1.9
v -2.3 5.3 -2
v -2.3 5.3 -2.2
v -2.3 5.3 -2.3
v -2.3 5.5 2.3
v -2.3 5.5 2.2
v -2.3 5.5 -2.2
v -2.3 5.5 -2.3
v -2.2 4.5 2.4
v -2.2 4.5 2.3
v -2.2 4.5 -2.3
v -2.2 4.5 -2.4
v -2.2 4.7 2.4
v -2.2 4.7 2.3
v -2.2 4.7 2.1
v -2.2 4.7 2
v -2.2 4.7 -2
v -2.2 4.7 -2.1
v -2.2 4.7 -2.3
v -2.2 4.7 -2.4
v -2.2 4.8 2.2
v -2.2 4.8 2.1
v -2.2 4.8 2
v -2.2 4.8 -2
v -2.2 4.8 -2.1
v -2.2 4.8 -2.2
v -2.2 4.9 2.2
v -2.2 4.9 2.1
v -2.2 4.9 -2
v -2.2 4.9 -2.1
v -2.2 4.9 -2.2
v -2.2 5 2.1
v -2.2 5 2
v -2.2 5 -2
v -2.2 5 -2.1
v -2.2 5.1 2.2
v -2.2 5.1 2.1
v -2.2 5.1 2
v -2.2 5.1 -2.1
v -2.2 5.1 -2.2
v -2.2 5.2 2.2
v -2.2 5.2 2.1
v -2.2 5.2 2
v -2.2 5.2 -2
v -2.2 5.2 -2.1
v -2.2 5.2 -2.2
v -2.2 5.3 2.4
v -2.2 5.3 2.3
v -2.2 5.3 2.1
v -2.2 5.3 2
v -2.2 5.3 -2
v -2.2 5.3 -2.1
v -2.2 5.3 -2.3
v -2.2 5.3 -2.4
v -2.2 5.5 2.4
v -2.2 5.5 2.3
v -2.2 5.5 -2.3
v -2.2 5.5 -2.4
v -2.1 4.5 2.5
v -2.1 4.5 2.4
v -2.1 4.5 -2.4
v -2.1 4.5 -2.5
v -2.1 4.7 2.5
v -2.1 4.7 2.4
v -2.1 4.7 2.2
v -2.1 4.7 2.1
v -2.1 4.7 -2.1
v -2.1 4.7 -2.2
v -2.1 4.7 -2.4
v -2.1 4.7 -2.5
v -2.1 4.8 2.3
v -2.1 4.8 2.2
v -2.1 4.8 2.1
v -2.1 4.8 -2.1
v -2.1 4.8 -2.2
v -2.1 4.8 -2.3
v -2.1 4.9 2.3
v -2.1 4.9 2.2
v -2.1 4.9 2.1
v -2.1 4.9 -2.1
v -2.1 4.9 -2.2
v -2.1 5 2.3
v -2.1 5 2.2
v -2.1 5 -2.2
v -2.1 5 -2.3
v -2.1 5.1 2.2
v -2.1 5.1 2.1
v -2.1 5.1 -2.1
v -2.1 5.1 -2.2
v -2.1 5.1 -2.3
v -2.1 5.2 2.3
v -2.1 5.2 2.2
v -2.1 5.2 2.1
v -2.1 5.2 -2.1
v -2.1 5.2 -2.2
v -2.1 5.2 -2.3
v -2.1 5.3 2.5
v -2.1 5.3 2.4
v -2.1 5.3 2.2
v -2.1 5.3 2.1
v -2.1 5.3 -2.1
v -2.1 5.3 -2.2
v -2.1 5.3 -2.4
v -2.1 5.3 -2.5
v -2.1 5.5 2.5
v -2.1 5.5 2.4
v -2.1 5.5 -2.4
v -2.1 5.5 -2.5
v -2 4.5 2.6
v -2 4.5 2.5
v -2 4.5 -2.5
v -2 4.5 -2.6
v -2 4.7 2.6
v -2 4.7 2.5
v -2 4.7 2.3
v -2 4.7 2.2
v -2 4.7 -2.2
v -2 4.7 -2.3
v -2 4.7 -2.5
v -2 4.7 -2.6
v -2 4.8 2.3
v -2 4.8 2.2
v -2 4.8 -2.2
v -2 4.8 -2.3
v -2 4.9 2.4
v -2 4.9 2.3
v -2 4.9 2.2
v -2 4.9 -2.3
v -2 4.9 -2.4
v -2 5 2.3
v -2 5 2.2
v -2 5 -2.2
v -2 5 -2.3
v -2 5.1 2.4
v -2 5.1 2.3
v -2 5.1 -2.2
v -2 5.1 -2.3
v -2 5.1 -2.4
v -2 5.2 2.3
v -2 5.2 2.2
v -2 5.2 -2.2
v -2 5.2 -2.3
v -2 5.3 2.6
v -2 5.3 2.5
v -2 5.3 2.3
v -2 5.3 2.2
v -2 5.3 -2.2
v -2 5.3 -2.3
v -2 5.3 -2.5
v -2 5.3 -2.6
v -2 5.5 2.6
v -2 5.5 2.5
v -2 5.5 -2.5
v -2 5.5 -2.6
v -1.9 4.7 2.4
v -1.9 4.7 2.3
v -1.9 4.7 -2.3
v -1.9 4.7 -2.4
v -1.9 4.9 2.5
v -1.9 4.9 2.4
v -1.9 4.9 2.3
v -1.9 4.9 -2.3
v -1.9 4.9 -2.4
v -1.9 5 2.5
v -1.9 5 2.4
v -1.9 5 -2.4
v -1.9 5 -2.5
v -1.9 5.1 2.4
v -1.9 5.1 2.3
v -1.9 5.1 -2.3
v -1.9 5.1 -2.4
v -1.9 5.1 -2.5
v -1.9 5.3 2.4
v -1.9 5.3 2.3
v -1.9 5.3 -2.3
v -1.9 5.3 -2.4
v -1.8 4.5 2.7
v -1.8 4.5 2.6
v -1.8 4.5 -2.6
v -1.8 4.5 -2.7
v -1.8 4.7 2.7
v -1.8 4.7 2.6
v -1.8 4.7 2.5
v -1.8 4.7 2.4
v -1.8 4.7 -2.4
v -1.8 4.7 -2.5
v -1.8 4.7 -2.6
v -1.8 4.7 -2.7
v -1.8 4.9 2.5
v -1.8 4.9 2.4
v -1.8 5 2.5
v -1.8 5 2.4
v -1.8 5 -2.4
v -1.8 5 -2.5
v -1.8 5.1 -2.4
v -1.8 5.1 -2.5
v -1.8 5.3 2.7
v -1.8 5.3 2.6
v -1.8 5.3 2.5
v -1.8 5.3 2.4
v -1.8 5.3 -2.4
v -1.8 5.3 -2.5
v -1.8 5.3 -2.6
v -1.8 5.3 -2.7
v -1.8 5.5 2.7
v -1.8 5.5 2.6
v -1.8 5.5 -2.6
v -1.8 5.5 -2.7
v -1.7 4.5 2.8
v -1.7 4.5 2.7
v -1.7 4.5 -2.7
v -1.7 4.5 -2.8
v -1.7 4.7 2.8
v -1.7 4.7 2.7
v -1.7 4.7 -2.7
v -1.7 4.7 -2.8
v -1.7 5.3 2.8
v -1.7 5.3 2.7
v -1.7 5.3 -2.7
v -1.7 5.3 -2.8
v -1.7 5.5 2.8
v -1.7 5.5 2.7
v -1.7 5.5 -2.7
v -1.7 5.5 -2.8
v -1.6 4.7 2.6
v -1.6 4.7 2.5
v -1.6 4.7 -2.5
v -1.6 4.7 -2.6
v -1.6 5.3 2.6
v -1.6 5.3 2.5
v -1.6 5.3 -2.5
v -1.6 5.3 -2.6
v -1.5 4.5 2.9
v -1.5 4.5 2.8
v -1.5 4.5 -2.8
v -1.5 4.5 -2.9
v -1.5 4.7 2.9
v -1.5 4.7 2.8
v -1.5 4.7 -2.8
v -1.5 4.7 -2.9
v -1.5 5.3 2.9
v -1.5 5.3 2.8
v -1.5 5.3 -2.8
v -1.5 5.3 -2.9
v -1.5 5.5 2.9
v -1.5 5.5 2.8
v -1.5 5.5 -2.8
v -1.5 5.5 -2.9
v -1.4 4.7 2.7
v -1.4 4.7 2.6
v -1.4 4.7 -2.6
v -1.4 4.7 -2.7
v -1.4 5.3 2.7
v -1.4 5.3 2.6
v -1.4 5.3 -2.6
v -1.4 5.3 -2.7
v -1.3 4.5 3
v -1.3 4.5 2.9
v -1.3 4.5 -2.9
v -1.3 4.5 -3
v -1.3 4.7 3
v -1.3 4.7 2.9
v -1.3 4.7 -2.9
v -1.3 4.7 -3
v -1.3 5.3 3
v -1.3 5.3 2.9
v -1.3 5.3 -2.9
v -1.3 5.3 -3
v -1.3 5.5 3
v -1.3 5.5 2.9
v -1.3 5.5 -2.9
v -1.3 5.5 -3
v -1.2 4.7 2.8
v -1.2 4.7 2.7
v -1.2 4.7 -2.7
v -1.2 4.7 -2.8
v -1.2 5.3 2.8
v -1.2 5.3 2.7
v -1.2 5.3 -2.7
v -1.2 5.3 -2.8
v -1 4.5 3.1
v -1 4.5 3
v -1 4.5 -3
v -1 4.5 -3.1
v -1 4.7 3.1
v -1 4.7 3
v -1 4.7 2.9
v -1 4.7 2.8
v -1 4.7 -2.8
v -1 4.7 -2.9
v -1 4.7 -3
v -1 4.7 -3.1
v -1 5.3 3.1
v -1 5.3 3
v -1 5.3 2.9
v -1 5.3 2.8
v -1 5.3 -2.8
v -1 5.3 -2.9
v -1 5.3 -3
v -1 5.3 -3.1
v -1 5.5 3.1
v -1 5.5 3
v -1 5.5 -3
v -1 5.5 -3.1
v -0.6 4.5 3.2
v -0.6 4.5 3.1
v -0.6 4.5 -3.1
v -0.6 4.5 -3.2
v -0.6 4.7 3.2
v -0.6 4.7 3.1
v -0.6 4.7 3
v -0.6 4.7 2.9
v -0.6 4.7 -2.9
v -0.6 4.7 -3
v -0.6 4.7 -3.1
v -0.6 4.7 -3.2
v -0.6 5.3 3.2
v -0.6 5.3 3.1
v -0.6 5.3 3
v -0.6 5.3 2.9
v -0.6 5.3 -2.9
v -0.6 5.3 -3
v -0.6 5.3 -3.1
v -0.6 5.3 -3.2
v -0.6 5.5 3.2
v -0.6 5.5 3.1
v -0.6 5.5 -3.1
v -0.6 5.5 -3.2
v -0.5 4.9 -3
v -0.5 4.9 -3.1
v -0.5 5 3.1
v -0.5 5 3
v -0.5 5 -3
v -0.5 5 -3.1
v -0.5 5.1 3.1
v -0.5 5.1 3
v -0.3 4.9 3.1
v -0.3 4.9 3
v -0.3 5 3.1
v -0.3 5 3
v -0.3 5 -3
v -0.3 5 -3.1
v -0.3 5.1 -3
v -0.3 5.1 -3.1
v -0.2 4.8 3.1
v -0.2 4.8 3
v -0.2 4.8 -3
v -0.2 4.8 -3.1
v -0.2 4.9 3.1
v -0.2 4.9 3
v -0.2 4.9 -3
v -0.2 4.9 -3.1
v -0.2 5.1 3.1
v -0.2 5.1 3
v -0.2 5.1 -3
v -0.2 5.1 -3.1
v -0.2 5.2 3.1
v -0.2 5.2 3
v -0.2 5.2 -3
v -0.2 5.2 -3.1
v 0.1 4.9 -3
v 0.1 4.9 -3.1
v 0.1 5 3.1
v 0.1 5 3
v 0.1 5 -3
v 0.1 5 -3.1
v 0.1 5.1 3.1
v 0.1 5.1 3
v 0.2 4.9 3.1
v 0.2 4.9 3
v 0.2 5 3.1
v 0.2 5 3
v 0.2 5 -3
v 0.2 5 -3.1
v 0.2 5.1 -3
v 0.2 5.1 -3.1
v 0.6 4.5 2.8
v 0.6 4.5 2.7
v 0.6 4.5 -2.7
v 0.6 4.5 -2.8
v 0.6 5.5 2.8
v 0.6 5.5 2.7
v 0.6 5.5 -2.7
v 0.6 5.5 -2.8
v 0.9 4.5 2.7
v 0.9 4.5 2.6
v 0.9 4.5 -2.6
v 0.9 4.5 -2.7
v 0.9 5.5 2.7
v 0.9 5.5 2.6
v 0.9 5.5 -2.6
v 0.9 5.5 -2.7
v 1.2 4.5 2.6
v 1.2 4.5 2.5
v 1.2 4.5 -2.5
v 1.2 4.5 -2.6
v 1.2 5.5 2.6
v 1.2 5.5 2.5
v 1.2 5.5 -2.5
v 1.2 5.5 -2.6
v 1.4 4.5 2.5
v 1.4 4.5 2.4
v 1.4 4.5 -2.4
v 1.4 4.5 -2.5
v 1.4 5.5 2.5
v 1.4 5.5 2.4
v 1.4 5.5 -2.4
v 1.4 5.5 -2.5
v 1.6 4.5 2.4
v 1.6 4.5 2.3
v 1.6 4.5 -2.3
v 1.6 4.5 -2.4
v 1.6 5.5 2.4
v 1.6 5.5 2.3
v 1.6 5.5 -2.3
v 1.6 5.5 -2.4
v 1.7 4.5 2.3
v 1.7 4.5 2.2
v 1.7 4.5 -2.2
v 1.7 4.5 -2.3
v 1.7 5.5 2.3
v 1.7 5.5 2.2
v 1.7 5.5 -2.2
v 1.7 5.5 -2.3
v 1.8 4.5 2.2
v 1.8 4.5 2.1
v 1.8 4.5 -2.1
v 1.8 4.5 -2.2
v 1.8 5.5 2.2
v 1.8 5.5 2.1
v 1.8 5.5 -2.1
v 1.8 5.5 -2.2
v 1.9 4.5 2.1
v 1.9 4.5 2
v 1.9 4.5 -2
v 1.9 4.5 -2.1
v 1.9 5.5 2.1
v 1.9 5.5 2
v 1.9 5.5 -2
v 1.9 5.5 -2.1
v 2 4.5 2
v 2 4.5 1.9
v 2 4.5 -1.9
v 2 4.5 -2
v 2 5.5 2
v 2 5.5 1.9
v 2 5.5 -1.9
v 2 5.5 -2
v 2.1 4.5 1.9
v 2.1 4.5 1.8
v 2.1 4.5 -1.8
v 2.1 4.5 -1.9
v 2.1 5.5 1.9
v 2.1 5.5 1.8
v 2.1 5.5 -1.8
v 2.1 5.5 -1.9
v 2.2 4.5 1.8
v 2.2 4.5 1.7
v 2.2 4.5 -1.7
v 2.2 4.5 -1.8
v 2.2 5.5 1.8
v 2.2 5.5 1.7
v 2.2 5.5 -1.7
v 2.2 5.5 -1.8
v 2.3 4.5 1.7
v 2.3 4.5 1.6
v 2.3 4.5 -1.6
v 2.3 4.5 -1.7
v 2.3 5.5 1.7
v 2.3 5.5 1.6
v 2.3 5.5 -1.6
v 2.3 5.5 -1.7
v 2.4 4.5 1.6
v 2.4 4.5 1.4
v 2.4 4.5 -1.4
v 2.4 4.5 -1.6
v 2.4 5.5 1.6
v 2.4 5.5 1.4
v 2.4 5.5 -1.4
v 2.4 5.5 -1.6
v 2.5 4.5 1.4
v 2.5 4.5 1.2
v 2.5 4.5 -1.2
v 2.5 4.5 -1.4
v 2.5 5.5 1.4
v 2.5 5.5 1.2
v 2.5 5.5 -1.2
v 2.5 5.5 -1.4
v 2.6 4.5 1.2
v 2.6 4.5 0.9
v 2.6 4.5 -0.9
v 2.6 4.5 -1.2
v 2.6 5.5 1.2
v 2.6 5.5 0.9
v 2.6 5.5 -0.9
v 2.6 5.5 -1.2
v 2.7 4.5 0.9
v 2.7 4.5 0.6
v 2.7 4.5 -0.6
v 2.7 4.5 -0.9
v 2.7 5.5 0.9
v 2.7 5.5 0.6
v 2.7 5.5 -0.6
v 2.7 5.5 -0.9
v 2.8 4.5 0.6
v 2.8 4.5 -0.6
v 2.8 5.5 0.6
v 2.8 5.5 -0.6
v -2.8 4.5 0.6
v -2.8 4.5 -0.6
v -2.8 5.5 0.6
v -2.8 5.5 -0.6
v -2.7 4.5 0.9
v -2.7 4.5 0.6
v -2.7 4.5 -0.6
v -2.7 4.5 -0.9
v -2.7 5.5 0.9
v -2.7 5.5 0.6
v -2.7 5.5 -0.6
v -2.7 5.5 -0.9
v -2.6 4.5 1.2
v -2.6 4.5 0.9
v -2.6 4.5 -0.9
v -2.6 4.5 -1.2
v -2.6 5.5 1.2
v -2.6 5.5 0.9
v -2.6 5.5 -0.9
v -2.6 5.5 -1.2
v -2.5 4.5 1.4
v -2.5 4.5 1.2
v -2.5 4.5 -1.2
v -2.5 4.5 -1.4
v -2.5 5.5 1.4
v -2.5 5.5 1.2
v -2.5 5.5 -1.2
v -2.5 5.5 -1.4
v -2.4 4.5 1.6
v -2.4 4.5 1.4
v -2.4 4.5 -1.4
v -2.4 4.5 -1.6
v -2.4 5.5 1.6
v -2.4 5.5 1.4
v -2.4 5.5 -1.4
v -2.4 5.5 -1.6
v -2.3 4.5 1.7
v -2.3 4.5 1.6
v -2.3 4.5 -1.6
v -2.3 4.5 -1.7
v -2.3 5.5 1.7
v -2.3 5.5 1.6
v -2.3 5.5 -1.6
v -2.3 5.5 -1.7
v -2.2 4.5 1.8
v -2.2 4.5 1.7
v -2.2 4.5 -1.7
v -2.2 4.5 -1.8
v -2.2 5.5 1.8
v -2.2 5.5 1.7
v -2.2 5.5 -1.7
v -2.2 5.5 -1.8
v -2.1 4.5 1.9
v -2.1 4.5 1.8
v -2.1 4.5 -1.8
v -2.1 4.5 -1.9
v -2.1 5.5 1.9
v -2.1 5.5 1.8
v -2.1 5.5 -1.8
v -2.1 5.5 -1.9
v -2 4.5 2
v -2 4.5 1.9
v -2 4.5 -1.9
v -2 4.5 -2
v -2 5.5 2
v -2 5.5 1.9
v -2 5.5 -1.9
v -2 5.5 -2
v -1.9 4.5 2.1
v -1.9 4.5 2
v -1.9 4.5 -2
v -1.9 4.5 -2.1
v -1.9 5.5 2.1
v -1.9 5.5 2
v -1.9 5.5 -2
v -1.9 5.5 -2.1
v -1.8 4.5 2.2
v -1.8 4.5 2.1
v -1.8 4.5 -2.1
v -1.8 4.5 -2.2
v -1.8 5.5 2.2
v -1.8 5.5 2.1
v -1.8 5.5 -2.1
v -1.8 5.5 -2.2
v -1.7 4.5 2.3
v -1.7 4.5 2.2
v -1.7 4.5 -2.2
v -1.7 4.5 -2.3
v -1.7 5.5 2.3
v -1.7 5.5 2.2
v -1.7 5.5 -2.2
v -1.7 5.5 -2.3
v -1.6 4.5 2.4
v -1.6 4.5 2.3
v -1.6 4.5 -2.3
v -1.6 4.5 -2.4
v -1.6 5.5 2.4
v -1.6 5.5 2.3
v -1.6 5.5 -2.3
v -1.6 5.5 -2.4
v -1.4 4.5 2.5
v -1.4 4.5 2.4
v -1.4 4.5 -2.4
v -1.4 4.5 -2.5
v -1.4 5.5 2.5
v -1.4 5.5 2.4
v -1.4 5.5 -2.4
v -1.4 5.5 -2.5
v -1.2 4.5 2.6
v -1.2 4.5 2.5
v -1.2 4.5 -2.5
v -1.2 4.5 -2.6
v -1.2 5.5 2.6
v -1.2 5.5 2.5
v -1.2 5.5 -2.5
v -1.2 5.5 -2.6
v -0.9 4.5 2.7
v -0.9 4.5 2.6
v -0.9 4.5 -2.6
v -0.9 4.5 -2.7
v -0.9 5.5 2.7
v -0.9 5.5 2.6
v -0.9 5.5 -2.6
v -0.9 5.5 -2.7
v -0.6 4.5 2.8
v -0.6 4.5 2.7
v -0.6 4.5 -2.7
v -0.6 4.5 -2.8
v -0.6 5.5 2.8
v -0.6 5.5 2.7
v -0.6 5.5 -2.7
v -0.6 5.5 -2.8
v -0.2 4.9 -3
v -0.2 4.9 -3.1
v -0.2 5 3.1
v -0.2 5 3
v -0.2 5 -3
v -0.2 5 -3.1
v -0.2 5.1 3.1
v -0.2 5.1 3
v -0.0999999 4.9 3.1
v -0.0999999 4.9 3
v -0.0999999 5 3.1
v -0.0999999 5 3
v -0.0999999 5 -3
v -0.0999999 5 -3.1
v -0.0999999 5.1 -3
v -0.0999999 5.1 -3.1
v 0.2 4.8 3.1
v 0.2 4.8 3
v 0.2 4.8 -3
v 0.2 4.8 -3.1
v 0.2 4.9 3.1
v 0.2 4.9 3
v 0.2 4.9 -3
v 0.2 4.9 -3.1
v 0.2 5.1 3.1
v 0.2 5.1 3
v 0.2 5.1 -3
v 0.2 5.1 -3.1
v 0.2 5.2 3.1
v 0.2 5.2 3
v 0.2 5.2 -3
v 0.2 5.2 -3.1
v 0.3 4.9 -3
v 0.3 4.9 -3.1
v 0.3 5 3.1
v 0.3 5 3
v 0.3 5 -3
v 0.3 5 -3.1
v 0.3 5.1 3.1
v 0.3 5.1 3
v 0.5 4.9 3.1
v 0.5 4.9 3
v 0.5 5 3.1
v 0.5 5 3
v 0.5 5 -3
v 0.5 5 -3.1
v 0.5 5.1 -3
v 0.5 5.1 -3.1
v 0.6 4.5 3.2
v 0.6 4.5 3.1
v 0.6 4.5 -3.1
v 0.6 4.5 -3.2
v 0.6 4.7 3.2
v 0.6 4.7 3.1
v 0.6 4.7 3
v 0.6 4.7 2.9
v 0.6 4.7 -2.9
v 0.6 4.7 -3
v 0.6 4.7 -3.1
v 0.6 4.7 -3.2
v 0.6 5.3 3.2
v 0.6 5.3 3.1
v 0.6 5.3 3
v 0.6 5.3 2.9
v 0.6 5.3 -2.9
v 0.6 5.3 -3
v 0.6 5.3 -3.1
v 0.6 5.3 -3.2
v 0.6 5.5 3.2
v 0.6 5.5 3.1
v 0.6 5.5 -3.1
v 0.6 5.5 -3.2
v 1 4.5 3.1
v 1 4.5 3
v 1 4.5 -3
v 1 4.5 -3.1
v 1 4.7 3.1
v 1 4.7 3
v 1 4.7 2.9
v 1 4.7 2.8
v 1 4.7 -2.8
v 1 4.7 -2.9
v 1 4.7 -3
v 1 4.7 -3.1
v 1 5.3 3.1
v 1 5.3 3
v 1 5.3 2.9
v 1 5.3 2.8
v 1 5.3 -2.8
v 1 5.3 -2.9
v 1 5.3 -3
v 1 5.3 -3.1
v 1 5.5 3.1
v 1 5.5 3
v 1 5.5 -3
v 1 5.5 -3.1
v 1.2 4.7 2.8
v 1.2 4.7 2.7
v 1.2 4.7 -2.7
v 1.2 4.7 -2.8
v 1.2 5.3 2.8
v 1.2 5.3 2.7
v 1.2 5.3 -2.7
v 1.2 5.3 -2.8
v 1.3 4.5 3
v 1.3 4.5 2.9
v 1.3 4.5 -2.9
v 1.3 4.5 -3
v 1.3 4.7 3
v 1.3 4.7 2.9
v 1.3 4.7 -2.9
v 1.3 4.7 -3
v 1.3 5.3 3
v 1.3 5.3 2.9
v 1.3 5.3 -2.9
v 1.3 5.3 -3
v 1.3 5.5 3
v 1.3 5.5 2.9
v 1.3 5.5 -2.9
v 1.3 5.5 -3
v 1.4 4.7 2.7
v 1.4 4.7 2.6
v 1.4 4.7 -2.6
v 1.4 4.7 -2.7
v 1.4 5.3 2.7
v 1.4 5.3 2.6
v 1.4 5.3 -2.6
v 1.4 5.3 -2.7
v 1.5 4.5 2.9
v 1.5 4.5 2.8
v 1.5 4.5 -2.8
v 1.5 4.5 -2.9
v 1.5 4.7 2.9
v 1.5 4.7 2.8
v 1.5 4.7 -2.8
v 1.5 4.7 -2.9
v 1.5 5.3 2.9
v 1.5 5.3 2.8
v 1.5 5.3 -2.8
v 1.5 5.3 -2.9
v 1.5 5.5 2.9
v 1.5 5.5 2.8
v 1.5 5.5 -2.8
v 1.5 5.5 -2.9
v 1.6 4.7 2.6
v 1.6 4.7 2.5
v 1.6 4.7 -2.5
v 1.6 4.7 -2.6
v 1.6 5.3 2.6
v 1.6 5.3 2.5
v 1.6 5.3 -2.5
v 1.6 5.3 -2.6
v 1.7 4.5 2.8
v 1.7 4.5 2.7
v 1.7 4.5 -2.7
v 1.7 4.5 -2.8
v 1.7 4.7 2.8
v 1.7 4.7 2.7
v 1.7 4.7 -2.7
v 1.7 4.7 -2.8
v 1.7 5.3 2.8
v 1.7 5.3 2.7
v 1.7 5.3 -2.7
v 1.7 5.3 -2.8
v 1.7 5.5 2.8
v 1.7 5.5 2.7
v 1.7 5.5 -2.7
v 1.7 5.5 -2.8
v 1.8 4.5 2.7
v 1.8 4.5 2.6
v 1.8 4.5 -2.6
v 1.8 4.5 -2.7
v 1.8 4.7 2.7
v 1.8 4.7 2.6
v 1.8 4.7 2.5
v 1.8 4.7 2.4
v 1.8 4.7 -2.4
v 1.8 4.7 -2.5
v 1.8 4.7 -2.6
v 1.8 4.7 -2.7
v 1.8 4.9 -2.4
v 1.8 4.9 -2.5
v 1.8 5 2.5
v 1.8 5 2.4
v 1.8 5 -2.4
v 1.8 5 -2.5
v 1.8 5.1 2.5
v 1.8 5.1 2.4
v 1.8 5.3 2.7
v 1.8 5.3 2.6
v 1.8 5.3 2.5
v 1.8 5.3 2.4
v 1.8 5.3 -2.4
v 1.8 5.3 -2.5
v 1.8 5.3 -2.6
v 1.8 5.3 -2.7
v 1.8 5.5 2.7
v 1.8 5.5 2.6
v 1.8 5.5 -2.6
v 1.8 5.5 -2.7
v 1.9 4.7 2.4
v 1.9 4.7 2.3
v 1.9 4.7 -2.3
v 1.9 4.7 -2.4
v 1.9 4.9 2.4
v 1.9 4.9 2.3
v 1.9 4.9 -2.3
v 1.9 4.9 -2.4
v 1.9 4.9 -2.5
v 1.9 5 2.5
v 1.9 5 2.4
v 1.9 5 -2.4
v 1.9 5 -2.5
v 1.9 5.1 2.5
v 1.9 5.1 2.4
v 1.9 5.1 2.3
v 1.9 5.1 -2.3
v 1.9 5.1 -2.4
v 1.9 5.3 2.4
v 1.9 5.3 2.3
v 1.9 5.3 -2.3
v 1.9 5.3 -2.4
v 2 4.5 2.6
v 2 4.5 2.5
v 2 4.5 -2.5
v 2 4.5 -2.6
v 2 4.7 2.6
v 2 4.7 2.5
v 2 4.7 2.3
v 2 4.7 2.2
v 2 4.7 -2.2
v 2 4.7 -2.3
v 2 4.7 -2.5
v 2 4.7 -2.6
v 2 4.8 2.3
v 2 4.8 2.2
v 2 4.8 -2.2
v 2 4.8 -2.3
v 2 4.9 2.4
v 2 4.9 2.3
v 2 4.9 -2.2
v 2 4.9 -2.3
v 2 4.9 -2.4
v 2 5 2.3
v 2 5 2.2
v 2 5 -2.2
v 2 5 -2.3
v 2 5.1 2.4
v 2 5.1 2.3
v 2 5.1 2.2
v 2 5.1 -2.3
v 2 5.1 -2.4
v 2 5.2 2.3
v 2 5.2 2.2
v 2 5.2 -2.2
v 2 5.2 -2.3
v 2 5.3 2.6
v 2 5.3 2.5
v 2 5.3 2.3
v 2 5.3 2.2
v 2 5.3 -2.2
v 2 5.3 -2.3
v 2 5.3 -2.5
v 2 5.3 -2.6
v 2 5.5 2.6
v 2 5.5 2.5
v 2 5.5 -2.5
v 2 5.5 -2.6
v 2.1 4.5 2.5
v 2.1 4.5 2.4
v 2.1 4.5 -2.4
v 2.1 4.5 -2.5
v 2.1 4.7 2.5
v 2.1 4.7 2.4
v 2.1 4.7 2.2
v 2.1 4.7 2.1
v 2.1 4.7 -2.1
v 2.1 4.7 -2.2
v 2.1 4.7 -2.4
v 2.1 4.7 -2.5
v 2.1 4.8 2.3
v 2.1 4.8 2.2
v 2.1 4.8 2.1
v 2.1 4.8 -2.1
v 2.1 4.8 -2.2
v 2.1 4.8 -2.3
v 2.1 4.9 2.2
v 2.1 4.9 2.1
v 2.1 4.9 -2.1
v 2.1 4.9 -2.2
v 2.1 4.9 -2.3
v 2.1 5 2.3
v 2.1 5 2.2
v 2.1 5 -2.2
v 2.1 5 -2.3
v 2.1 5.1 2.3
v 2.1 5.1 2.2
v 2.1 5.1 2.1
v 2.1 5.1 -2.1
v 2.1 5.1 -2.2
v 2.1 5.2 2.3
v 2.1 5.2 2.2
v 2.1 5.2 2.1
v 2.1 5.2 -2.1
v 2.1 5.2 -2.2
v 2.1 5.2 -2.3
v 2.1 5.3 2.5
v 2.1 5.3 2.4
v 2.1 5.3 2.2
v 2.1 5.3 2.1
v 2.1 5.3 -2.1
v 2.1 5.3 -2.2
v 2.1 5.3 -2.4
v 2.1 5.3 -2.5
v 2.1 5.5 2.5
v 2.1 5.5 2.4
v 2.1 5.5 -2.4
v 2.1 5.5 -2.5
v 2.2 4.5 2.4
v 2.2 4.5 2.3
v 2.2 4.5 -2.3
v 2.2 4.5 -2.4
v 2.2 4.7 2.4
v 2.2 4.7 2.3
v 2.2 4.7 2.1
v 2.2 4.7 2
v 2.2 4.7 -2
v 2.2 4.7 -2.1
v 2.2 4.7 -2.3
v 2.2 4.7 -2.4
v 2.2 4.8 2.2
v 2.2 4.8 2.1
v 2.2 4.8 2
v 2.2 4.8 -2
v 2.2 4.8 -2.1
v 2.2 4.8 -2.2
v 2.2 4.9 2.2
v 2.2 4.9 2.1
v 2.2 4.9 2
v 2.2 4.9 -2.1
v 2.2 4.9 -2.2
v 2.2 5 2.1
v 2.2 5 2
v 2.2 5 -2
v 2.2 5 -2.1
v 2.2 5.1 2.2
v 2.2 5.1 2.1
v 2.2 5.1 -2
v 2.2 5.1 -2.1
v 2.2 5.1 -2.2
v 2.2 5.2 2.2
v 2.2 5.2 2.1
v 2.2 5.2 2
v 2.2 5.2 -2
v 2.2 5.2 -2.1
v 2.2 5.2 -2.2
v 2.2 5.3 2.4
v 2.2 5.3 2.3
v 2.2 5.3 2.1
v 2.2 5.3 2
v 2.2 5.3 -2
v 2.2 5.3 -2.1
v 2.2 5.3 -2.3
v 2.2 5.3 -2.4
v 2.2 5.5 2.4
v 2.2 5.5 2.3
v 2.2 5.5 -2.3
v 2.2 5.5 -2.4
v 2.3 4.5 2.3
v 2.3 4.5 2.2
v 2.3 4.5 -2.2
v 2.3 4.5 -2.3
v 2.3 4.7 2.3
v 2.3 4.7 2.2
v 2.3 4.7 2
v 2.3 4.7 1.9
v 2.3 4.7 -1.9
v 2.3 4.7 -2
v 2.3 4.7 -2.2
v 2.3 4.7 -2.3
v 2.3 4.8 2.1
v 2.3 4.8 2
v 2.3 4.8 -2
v 2.3 4.8 -2.1
v 2.3 4.9 2.1
v 2.3 4.9 2
v 2.3 4.9 1.9
v 2.3 4.9 -1.9
v 2.3 4.9 -2
v 2.3 5 2.1
v 2.3 5 2
v 2.3 5 -2
v 2.3 5 -2.1
v 2.3 5.1 2
v 2.3 5.1 1.9
v 2.3 5.1 -1.9
v 2.3 5.1 -2
v 2.3 5.1 -2.1
v 2.3 5.2 2.1
v 2.3 5.2 2
v 2.3 5.2 -2
v 2.3 5.2 -2.1
v 2.3 5.3 2.3
v 2.3 5.3 2.2
v 2.3 5.3 2
v 2.3 5.3 1.9
v 2.3 5.3 -1.9
v 2.3 5.3 -2
v 2.3 5.3 -2.2
v 2.3 5.3 -2.3
v 2.3 5.5 2.3
v 2.3 5.5 2.2
v 2.3 5.5 -2.2
v 2.3 5.5 -2.3
v 2.4 4.5 2.2
v 2.4 4.5 2.1
v 2.4 4.5 -2.1
v 2.4 4.5 -2.2
v 2.4 4.7 2.2
v 2.4 4.7 2.1
v 2.4 4.7 1.9
v 2.4 4.7 1.8
v 2.4 4.7 -1.8
v 2.4 4.7 -1.9
v 2.4 4.7 -2.1
v 2.4 4.7 -2.2
v 2.4 4.9 2
v 2.4 4.9 1.9
v 2.4 4.9 1.8
v 2.4 4.9 -1.9
v 2.4 4.9 -2
v 2.4 5 1.9
v 2.4 5 1.8
v 2.4 5 -1.8
v 2.4 5 -1.9
v 2.4 5.1 2
v 2.4 5.1 1.9
v 2.4 5.1 -1.8
v 2.4 5.1 -1.9
v 2.4 5.1 -2
v 2.4 5.3 2.2
v 2.4 5.3 2.1
v 2.4 5.3 1.9
v 2.4 5.3 1.8
v 2.4 5.3 -1.8
v 2.4 5.3 -1.9
v 2.4 5.3 -2.1
v 2.4 5.3 -2.2
v 2.4 5.5 2.2
v 2.4 5.5 2.1
v 2.4 5.5 -2.1
v 2.4 5.5 -2.2
v 2.5 4.5 2.1
v 2.5 4.5 2
v 2.5 4.5 -2
v 2.5 4.5 -2.1
v 2.5 4.7 2.1
v 2.5 4.7 2
v 2.5 4.7 1.8
v 2.5 4.7 1.6
v 2.5 4.7 -1.6
v 2.5 4.7 -1.8
v 2.5 4.7 -2
v 2.5 4.7 -2.1
v 2.5 4.9 1.9
v 2.5 4.9 1.8
v 2.5 5 1.9
v 2.5 5 1.8
v 2.5 5 -1.8
v 2.5 5 -1.9
v 2.5 5.1 -1.8
v 2.5 5.1 -1.9
v 2.5 5.3 2.1
v 2.5 5.3 2
v 2.5 5.3 1.8
v 2.5 5.3 1.6
v 2.5 5.3 -1.6
v 2.5 5.3 -1.8
v 2.5 5.3 -2
v 2.5 5.3 -2.1
v 2.5 5.5 2.1
v 2.5 5.5 2
v 2.5 5.5 -2
v 2.5 5.5 -2.1
v 2.6 4.5 2
v 2.6 4.5 1.8
v 2.6 4.5 -1.8
v 2.6 4.5 -2
v 2.6 4.7 2
v 2.6 4.7 1.8
v 2.6 4.7 1.6
v 2.6 4.7 1.4
v 2.6 4.7 -1.4
v 2.6 4.7 -1.6
v 2.6 4.7 -1.8
v 2.6 4.7 -2
v 2.6 5.3 2
v 2.6 5.3 1.8
v 2.6 5.3 1.6
v 2.6 5.3 1.4
v 2.6 5.3 -1.4
v 2.6 5.3 -1.6
v 2.6 5.3 -1.8
v 2.6 5.3 -2
v 2.6 5.5 2
v 2.6 5.5 1.8
v 2.6 5.5 -1.8
v 2.6 5.5 -2
v 2.7 4.5 1.8
v 2.7 4.5 1.7
v 2.7 4.5 -1.7
v 2.7 4.5 -1.8
v 2.7 4.7 1.8
v 2.7 4.7 1.7
v 2.7 4.7 1.4
v 2.7 4.7 1.2
v 2.7 4.7 -1.2
v 2.7 4.7 -1.4
v 2.7 4.7 -1.7
v 2.7 4.7 -1.8
v 2.7 5.3 1.8
v 2.7 5.3 1.7
v 2.7 5.3 1.4
v 2.7 5.3 1.2
v 2.7 5.3 -1.2
v 2.7 5.3 -1.4
v 2.7 5.3 -1.7
v 2.7 5.3 -1.8
v 2.7 5.5 1.8
v 2.7 5.5 1.7
v 2.7 5.5 -1.7
v 2.7 5.5 -1.8
v 2.8 4.5 1.7
v 2.8 4.5 1.5
v 2.8 4.5 -1.5
v 2.8 4.5 -1.7
v 2.8 4.7 1.7
v 2.8 4.7 1.5
v 2.8 4.7 1.2
v 2.8 4.7 1
v 2.8 4.7 -1
v 2.8 4.7 -1.2
v 2.8 4.7 -1.5
v 2.8 4.7 -1.7
v 2.8 5.3 1.7
v 2.8 5.3 1.5
v 2.8 5.3 1.2
v 2.8 5.3 1
v 2.8 5.3 -1
v 2.8 5.3 -1.2
v 2.8 5.3 -1.5
v 2.8 5.3 -1.7
v 2.8 5.5 1.7
v 2.8 5.5 1.5
v 2.8 5.5 -1.5
v 2.8 5.5 -1.7
v 2.9 4.5 1.5
v 2.9 4.5 1.3
v 2.9 4.5 -1.3
v 2.9 4.5 -1.5
v 2.9 4.7 1.5
v 2.9 4.7 1.3
v 2.9 4.7 1
v 2.9 4.7 0.6
v 2.9 4.7 -0.6
v 2.9 4.7 -1
v 2.9 4.7 -1.3
v 2.9 4.7 -1.5
v 2.9 5.3 1.5
v 2.9 5.3 1.3
v 2.9 5.3 1
v 2.9 5.3 0.6
v 2.9 5.3 -0.6
v 2.9 5.3 -1
v 2.9 5.3 -1.3
v 2.9 5.3 -1.5
v 2.9 5.5 1.5
v 2.9 5.5 1.3
v 2.9 5.5 -1.3
v 2.9 5.5 -1.5
v 3 4.5 1.3
v 3 4.5 1
v 3 4.5 -1
v 3 4.5 -1.3
v 3 4.7 1.3
v 3 4.7 1
v 3 4.7 0.6
v 3 4.7 -0.6
v 3 4.7 -1
v 3 4.7 -1.3
v 3 4.8 0.2
v 3 4.8 -0.2
v 3 4.9 0.3
v 3 4.9 0.2
v 3 4.9 0.0999999
v 3 4.9 -0.2
v 3 4.9 -0.5
v 3 5 0.5
v 3 5 0.3
v 3 5 0.2
v 3 5 0.0999999
v 3 5 -0.1
v 3 5 -0.2
v 3 5 -0.3
v 3 5 -0.5
v 3 5.1 0.5
v 3 5.1 0.2
v 3 5.1 -0.1
v 3 5.1 -0.2
v 3 5.1 -0.3
v 3 5.2 0.2
v 3 5.2 -0.2
v 3 5.3 1.3
v 3 5.3 1
v 3 5.3 0.6
v 3 5.3 -0.6
v 3 5.3 -1
v 3 5.3 -1.3
v 3 5.5 1.3
v 3 5.5 1
v 3 5.5 -1
v 3 5.5 -1.3
v 3.1 4.5 1
v 3.1 4.5 0.6
v 3.1 4.5 -0.6
v 3.1 4.5 -1
v 3.1 4.7 1
v 3.1 4.7 0.6
v 3.1 4.7 -0.6
v 3.1 4.7 -1
v 3.1 4.8 0.2
v 3.1 4.8 -0.2
v 3.1 4.9 0.3
v 3.1 4.9 0.2
v 3.1 4.9 0.0999999
v 3.1 4.9 -0.2
v 3.1 4.9 -0.5
v 3.1 5 0.5
v 3.1 5 0.3
v 3.1 5 0.2
v 3.1 5 0.0999999
v 3.1 5 -0.1
v 3.1 5 -0.2
v 3.1 5 -0.3
v 3.1 5 -0.5
v 3.1 5.1 0.5
v 3.1 5.1 0.2
v 3.1 5.1 -0.1
v 3.1 5.1 -0.2
v 3.1 5.1 -0.3
v 3.1 5.2 0.2
v 3.1 5.2 -0.2
v 3.1 5.3 1
v 3.1 5.3 0.6
v 3.1 5.3 -0.6
v 3.1 5.3 -1
v 3.1 5.5 1
v 3.1 5.5 0.6
v 3.1 5.5 -0.6
v 3.1 5.5 -1
v 3.2 4.5 0.6
v 3.2 4.5 -0.6
v 3.2 4.7 0.6
v 3.2 4.7 -0.6
v 3.2 5.3 0.6
v 3.2 5.3 -0.6
v 3.2 5.5 0.6
v 3.2 5.5 -0.6
v -0.6 4.5 3.2
v -0.6 4.7 3.2
v -0.6 5.3 3.2
v -0.6 5.5 3.2
v 0.6 4.5 3.2
v 0.6 4.7 3.2
v 0.6 5.3 3.2
v 0.6 5.5 3.2
v -1 4.5 3.1
v -1 4.7 3.1
v -1 5.3 3.1
v -1 5.5 3.1
v -0.6 4.5 3.1
v -0.6 4.7 3.1
v -0.6 5.3 3.1
v -0.6 5.5 3.1
v -0.5 5 3.1
v -0.5 5.1 3.1
v -0.3 4.9 3.1
v -0.3 5 3.1
v -0.2 4.8 3.1
v -0.2 4.9 3.1
v -0.2 5 3.1
v -0.2 5.1 3.1
v -0.2 5.2 3.1
v -0.0999999 4.9 3.1
v -0.0999999 5 3.1
v 0.1 5 3.1
v 0.1 5.1 3.1
v 0.2 4.8 3.1
v 0.2 4.9 3.1
v 0.2 5 3.1
v 0.2 5.1 3.1
v 0.2 5.2 3.1
v 0.3 5 3.1
v 0.3 5.1 3.1
v 0.5 4.9 3.1
v 0.5 5 3.1
v 0.6 4.5 3.1
v 0.6 4.7 3.1
v 0.6 5.3 3.1
v 0.6 5.5 3.1
v 1 4.5 3.1
v 1 4.7 3.1
v 1 5.3 3.1
v 1 5.5 3.1
v -1.3 4.5 3
v -1.3 4.7 3
v -1.3 5.3 3
v -1.3 5.5 3
v -1 4.5 3
v -1 4.7 3
v -1 5.3 3
v -1 5.5 3
v -0.6 4.7 3
v -0.6 5.3 3
v -0.5 5 3
v -0.5 5.1 3
v -0.3 4.9 3
v -0.3 5 3
v -0.2 4.8 3
v -0.2 4.9 3
v -0.2 5 3
v -0.2 5.1 3
v -0.2 5.2 3
v -0.0999999 4.9 3
v -0.0999999 5 3
v 0.1 5 3
v 0.1 5.1 3
v 0.2 4.8 3
v 0.2 4.9 3
v 0.2 5 3
v 0.2 5.1 3
v 0.2 5.2 3
v 0.3 5 3
v 0.3 5.1 3
v 0.5 4.9 3
v 0.5 5 3
v 0.6 4.7 3
v 0.6 5.3 3
v 1 4.5 3
v 1 4.7 3
v 1 5.3 3
v 1 5.5 3
v 1.3 4.5 3
v 1.3 4.7 3
v 1.3 5.3 3
v 1.3 5.5 3
v -1.5 4.5 2.9
v -1.5 4.7 2.9
v -1.5 5.3 2.9
v -1.5 5.5 2.9
v -1.3 4.5 2.9
v -1.3 4.7 2.9
v -1.3 5.3 2.9
v -1.3 5.5 2.9
v -1 4.7 2.9
v -1 5.3 2.9
v -0.6 4.7 2.9
v -0.6 5.3 2.9
v 0.6 4.7 2.9
v 0.6 5.3 2.9
v 1 4.7 2.9
v 1 5.3 2.9
v 1.3 4.5 2.9
v 1.3 4.7 2.9
v 1.3 5.3 2.9
v 1.3 5.5 2.9
v 1.5 4.5 2.9
v 1.5 4.7 2.9
v 1.5 5.3 2.9
v 1.5 5.5 2.9
v -1.7 4.5 2.8
v -1.7 4.7 2.8
v -1.7 5.3 2.8
v -1.7 5.5 2.8
v -1.5 4.5 2.8
v -1.5 4.7 2.8
v -1.5 5.3 2.8
v -1.5 5.5 2.8
v -1.2 4.7 2.8
v -1.2 5.3 2.8
v -1 4.7 2.8
v -1 5.3 2.8
v 1 4.7 2.8
v 1 5.3 2.8
v 1.2 4.7 2.8
v 1.2 5.3 2.8
v 1.5 4.5 2.8
v 1.5 4.7 2.8
v 1.5 5.3 2.8
v 1.5 5.5 2.8
v 1.7 4.5 2.8
v 1.7 4.7 2.8
v 1.7 5.3 2.8
v 1.7 5.5 2.8
v -1.8 4.5 2.7
v -1.8 4.7 2.7
v -1.8 5.3 2.7
v -1.8 5.5 2.7
v -1.7 4.5 2.7
v -1.7 4.7 2.7
v -1.7 5.3 2.7
v -1.7 5.5 2.7
v -1.4 4.7 2.7
v -1.4 5.3 2.7
v -1.2 4.7 2.7
v -1.2 5.3 2.7
v 1.2 4.7 2.7
v 1.2 5.3 2.7
v 1.4 4.7 2.7
v 1.4 5.3 2.7
v 1.7 4.5 2.7
v 1.7 4.7 2.7
v 1.7 5.3 2.7
v 1.7 5.5 2.7
v 1.8 4.5 2.7
v 1.8 4.7 2.7
v 1.8 5.3 2.7
v 1.8 5.5 2.7
v -2 4.5 2.6
v -2 4.7 2.6
v -2 5.3 2.6
v -2 5.5 2.6
v -1.8 4.5 2.6
v -1.8 4.7 2.6
v -1.8 5.3 2.6
v -1.8 5.5 2.6
v -1.6 4.7 2.6
v -1.6 5.3 2.6
v -1.4 4.7 2.6
v -1.4 5.3 2.6
v 1.4 4.7 2.6
v 1.4 5.3 2.6
v 1.6 4.7 2.6
v 1.6 5.3 2.6
v 1.8 4.5 2.6
v 1.8 4.7 2.6
v 1.8 5.3 2.6
v 1.8 5.5 2.6
v 2 4.5 2.6
v 2 4.7 2.6
v 2 5.3 2.6
v 2 5.5 2.6
v -2.1 4.5 2.5
v -2.1 4.7 2.5
v -2.1 5.3 2.5
v -2.1 5.5 2.5
v -2 4.5 2.5
v -2 4.7 2.5
v -2 5.3 2.5
v -2 5.5 2.5
v -1.9 4.9 2.5
v -1.9 5 2.5
v -1.8 4.7 2.5
v -1.8 4.9 2.5
v -1.8 5 2.5
v -1.8 5.3 2.5
v -1.6 4.7 2.5
v -1.6 5.3 2.5
v 1.6 4.7 2.5
v 1.6 5.3 2.5
v 1.8 4.7 2.5
v 1.8 5 2.5
v 1.8 5.1 2.5
v 1.8 5.3 2.5
v 1.9 5 2.5
v 1.9 5.1 2.5
v 2 4.5 2.5
v 2 4.7 2.5
v 2 5.3 2.5
v 2 5.5 2.5
v 2.1 4.5 2.5
v 2.1 4.7 2.5
v 2.1 5.3 2.5
v 2.1 5.5 2.5
v -2.2 4.5 2.4
v -2.2 4.7 2.4
v -2.2 5.3 2.4
v -2.2 5.5 2.4
v -2.1 4.5 2.4
v -2.1 4.7 2.4
v -2.1 5.3 2.4
v -2.1 5.5 2.4
v -2 4.9 2.4
v -2 5.1 2.4
v -1.9 4.7 2.4
v -1.9 4.9 2.4
v -1.9 5 2.4
v -1.9 5.1 2.4
v -1.9 5.3 2.4
v -1.8 4.7 2.4
v -1.8 4.9 2.4
v -1.8 5 2.4
v -1.8 5.3 2.4
v 1.8 4.7 2.4
v 1.8 5 2.4
v 1.8 5.1 2.4
v 1.8 5.3 2.4
v 1.9 4.7 2.4
v 1.9 4.9 2.4
v 1.9 5 2.4
v 1.9 5.1 2.4
v 1.9 5.3 2.4
v 2 4.9 2.4
v 2 5.1 2.4
v 2.1 4.5 2.4
v 2.1 4.7 2.4
v 2.1 5.3 2.4
v 2.1 5.5 2.4
v 2.2 4.5 2.4
v 2.2 4.7 2.4
v 2.2 5.3 2.4
v 2.2 5.5 2.4
v -2.3 4.5 2.3
v -2.3 4.7 2.3
v -2.3 5.3 2.3
v -2.3 5.5 2.3
v -2.2 4.5 2.3
v -2.2 4.7 2.3
v -2.2 5.3 2.3
v -2.2 5.5 2.3
v -2.1 4.8 2.3
v -2.1 4.9 2.3
v -2.1 5 2.3
v -2.1 5.2 2.3
v -2 4.7 2.3
v -2 4.8 2.3
v -2 4.9 2.3
v -2 5 2.3
v -2 5.1 2.3
v -2 5.2 2.3
v -2 5.3 2.3
v -1.9 4.7 2.3
v -1.9 4.9 2.3
v -1.9 5.1 2.3
v -1.9 5.3 2.3
v 1.9 4.7 2.3
v 1.9 4.9 2.3
v 1.9 5.1 2.3
v 1.9 5.3 2.3
v 2 4.7 2.3
v 2 4.8 2.3
v 2 4.9 2.3
v 2 5 2.3
v 2 5.1 2.3
v 2 5.2 2.3
v 2 5.3 2.3
v 2.1 4.8 2.3
v 2.1 5 2.3
v 2.1 5.1 2.3
v 2.1 5.2 2.3
v 2.2 4.5 2.3
v 2.2 4.7 2.3
v 2.2 5.3 2.3
v 2.2 5.5 2.3
v 2.3 4.5 2.3
v 2.3 4.7 2.3
v 2.3 5.3 2.3
v 2.3 5.5 2.3
v -2.4 4.5 2.2
v -2.4 4.7 2.2
v -2.4 5.3 2.2
v -2.4 5.5 2.2
v -2.3 4.5 2.2
v -2.3 4.7 2.2
v -2.3 5.3 2.2
v -2.3 5.5 2.2
v -2.2 4.8 2.2
v -2.2 4.9 2.2
v -2.2 5.1 2.2
v -2.2 5.2 2.2
v -2.1 4.7 2.2
v -2.1 4.8 2.2
v -2.1 4.9 2.2
v -2.1 5 2.2
v -2.1 5.1 2.2
v -2.1 5.2 2.2
v -2.1 5.3 2.2
v -2 4.7 2.2
v -2 4.8 2.2
v -2 4.9 2.2
v -2 5 2.2
v -2 5.2 2.2
v -2 5.3 2.2
v 2 4.7 2.2
v 2 4.8 2.2
v 2 5 2.2
v 2 5.1 2.2
v 2 5.2 2.2
v 2 5.3 2.2
v 2.1 4.7 2.2
v 2.1 4.8 2.2
v 2.1 4.9 2.2
v 2.1 5 2.2
v 2.1 5.1 2.2
v 2.1 5.2 2.2
v 2.1 5.3 2.2
v 2.2 4.8 2.2
v 2.2 4.9 2.2
v 2.2 5.1 2.2
v 2.2 5.2 2.2
v 2.3 4.5 2.2
v 2.3 4.7 2.2
v 2.3 5.3 2.2
v 2.3 5.5 2.2
v 2.4 4.5 2.2
v 2.4 4.7 2.2
v 2.4 5.3 2.2
v 2.4 5.5 2.2
v -2.5 4.5 2.1
v -2.5 4.7 2.1
v -2.5 5.3 2.1
v -2.5 5.5 2.1
v -2.4 4.5 2.1
v -2.4 4.7 2.1
v -2.4 5.3 2.1
v -2.4 5.5 2.1
v -2.3 4.8 2.1
v -2.3 5 2.1
v -2.3 5.1 2.1
v -2.3 5.2 2.1
v -2.2 4.7 2.1
v -2.2 4.8 2.1
v -2.2 4.9 2.1
v -2.2 5 2.1
v -2.2 5.1 2.1
v -2.2 5.2 2.1
v -2.2 5.3 2.1
v -2.1 4.7 2.1
v -2.1 4.8 2.1
v -2.1 4.9 2.1
v -2.1 5.1 2.1
v -2.1 5.2 2.1
v -2.1 5.3 2.1
v 2.1 4.7 2.1
v 2.1 4.8 2.1
v 2.1 4.9 2.1
v 2.1 5.1 2.1
v 2.1 5.2 2.1
v 2.1 5.3 2.1
v 2.2 4.7 2.1
v 2.2 4.8 2.1
v 2.2 4.9 2.1
v 2.2 5 2.1
v 2.2 5.1 2.1
v 2.2 5.2 2.1
v 2.2 5.3 2.1
v 2.3 4.8 2.1
v 2.3 4.9 2.1
v 2.3 5 2.1
v 2.3 5.2 2.1
v 2.4 4.5 2.1
v 2.4 4.7 2.1
v 2.4 5.3 2.1
v 2.4 5.5 2.1
v 2.5 4.5 2.1
v 2.5 4.7 2.1
v 2.5 5.3 2.1
v 2.5 5.5 2.1
v -2.6 4.5 2
v -2.6 4.7 2
v -2.6 5.3 2
v -2.6 5.5 2
v -2.5 4.5 2
v -2.5 4.7 2
v -2.5 5.3 2
v -2.5 5.5 2
v -2.4 4.9 2
v -2.4 5.1 2
v -2.3 4.7 2
v -2.3 4.8 2
v -2.3 4.9 2
v -2.3 5 2
v -2.3 5.1 2
v -2.3 5.2 2
v -2.3 5.3 2
v -2.2 4.7 2
v -2.2 4.8 2
v -2.2 5 2
v -2.2 5.1 2
v -2.2 5.2 2
v -2.2 5.3 2
v 2.2 4.7 2
v 2.2 4.8 2
v 2.2 4.9 2
v 2.2 5 2
v 2.2 5.2 2
v 2.2 5.3 2
v 2.3 4.7 2
v 2.3 4.8 2
v 2.3 4.9 2
v 2.3 5 2
v 2.3 5.1 2
v 2.3 5.2 2
v 2.3 5.3 2
v 2.4 4.9 2
v 2.4 5.1 2
v 2.5 4.5 2
v 2.5 4.7 2
v 2.5 5.3 2
v 2.5 5.5 2
v 2.6 4.5 2
v 2.6 4.7 2
v 2.6 5.3 2
v 2.6 5.5 2
v -2.5 5 1.9
v -2.5 5.1 1.9
v -2.4 4.7 1.9
v -2.4 4.9 1.9
v -2.4 5 1.9
v -2.4 5.1 1.9
v -2.4 5.3 1.9
v -2.3 4.7 1.9
v -2.3 4.9 1.9
v -2.3 5.1 1.9
v -2.3 5.3 1.9
v 2.3 4.7 1.9
v 2.3 4.9 1.9
v 2.3 5.1 1.9
v 2.3 5.3 1.9
v 2.4 4.7 1.9
v 2.4 4.9 1.9
v 2.4 5 1.9
v 2.4 5.1 1.9
v 2.4 5.3 1.9
v 2.5 4.9 1.9
v 2.5 5 1.9
v -2.7 4.5 1.8
v -2.7 4.7 1.8
v -2.7 5.3 1.8
v -2.7 5.5 1.8
v -2.6 4.5 1.8
v -2.6 4.7 1.8
v -2.6 5.3 1.8
v -2.6 5.5 1.8
v -2.5 4.7 1.8
v -2.5 5 1.8
v -2.5 5.1 1.8
v -2.5 5.3 1.8
v -2.4 4.7 1.8
v -2.4 5 1.8
v -2.4 5.1 1.8
v -2.4 5.3 1.8
v 2.4 4.7 1.8
v 2.4 4.9 1.8
v 2.4 5 1.8
v 2.4 5.3 1.8
v 2.5 4.7 1.8
v 2.5 4.9 1.8
v 2.5 5 1.8
v 2.5 5.3 1.8
v 2.6 4.5 1.8
v 2.6 4.7 1.8
v 2.6 5.3 1.8
v 2.6 5.5 1.8
v 2.7 4.5 1.8
v 2.7 4.7 1.8
v 2.7 5.3 1.8
v 2.7 5.5 1.8
v -2.8 4.5 1.7
v -2.8 4.7 1.7
v -2.8 5.3 1.7
v -2.8 5.5 1.7
v -2.7 4.5 1.7
v -2.7 4.7 1.7
v -2.7 5.3 1.7
v -2.7 5.5 1.7
v 2.7 4.5 1.7
v 2.7 4.7 1.7
v 2.7 5.3 1.7
v 2.7 5.5 1.7
v 2.8 4.5 1.7
v 2.8 4.7 1.7
v 2.8 5.3 1.7
v 2.8 5.5 1.7
v -2.6 4.7 1.6
v -2.6 5.3 1.6
v -2.5 4.7 1.6
v -2.5 5.3 1.6
v 2.5 4.7 1.6
v 2.5 5.3 1.6
v 2.6 4.7 1.6
v 2.6 5.3 1.6
v -2.9 4.5 1.5
v -2.9 4.7 1.5
v -2.9 5.3 1.5
v -2.9 5.5 1.5
v -2.8 4.5 1.5
v -2.8 4.7 1.5
v -2.8 5.3 1.5
v -2.8 5.5 1.5
v 2.8 4.5 1.5
v 2.8 4.7 1.5
v 2.8 5.3 1.5
v 2.8 5.5 1.5
v 2.9 4.5 1.5
v 2.9 4.7 1.5
v 2.9 5.3 1.5
v 2.9 5.5 1.5
v -2.7 4.7 1.4
v -2.7 5.3 1.4
v -2.6 4.7 1.4
v -2.6 5.3 1.4
v 2.6 4.7 1.4
v 2.6 5.3 1.4
v 2.7 4.7 1.4
v 2.7 5.3 1.4
v -3 4.5 1.3
v -3 4.7 1.3
v -3 5.3 1.3
v -3 5.5 1.3
v -2.9 4.5 1.3
v -2.9 4.7 1.3
v -2.9 5.3 1.3
v -2.9 5.5 1.3
v 2.9 4.5 1.3
v 2.9 4.7 1.3
v 2.9 5.3 1.3
v 2.9 5.5 1.3
v 3 4.5 1.3
v 3 4.7 1.3
v 3 5.3 1.3
v 3 5.5 1.3
v -2.8 4.7 1.2
v -2.8 5.3 1.2
v -2.7 4.7 1.2
v -2.7 5.3 1.2
v 2.7 4.7 1.2
v 2.7 5.3 1.2
v 2.8 4.7 1.2
v 2.8 5.3 1.2
v -3.1 4.5 1
v -3.1 4.7 1
v -3.1 5.3 1
v -3.1 5.5 1
v -3 4.5 1
v -3 4.7 1
v -3 5.3 1
v -3 5.5 1
v -2.9 4.7 1
v -2.9 5.3 1
v -2.8 4.7 1
v -2.8 5.3 1
v 2.8 4.7 1
v 2.8 5.3 1
v 2.9 4.7 1
v 2.9 5.3 1
v 3 4.5 1
v 3 4.7 1
v 3 5.3 1
v 3 5.5 1
v 3.1 4.5 1
v 3.1 4.7 1
v 3.1 5.3 1
v 3.1 5.5 1
v -3.2 4.5 0.6
v -3.2 4.7 0.6
v -3.2 5.3 0.6
v -3.2 5.5 0.6
v -3.1 4.5 0.6
v -3.1 4.7 0.6
v -3.1 5.3 0.6
v -3.1 5.5 0.6
v -3 4.7 0.6
v -3 5.3 0.6
v -2.9 4.7 0.6
v -2.9 5.3 0.6
v 2.9 4.7 0.6
v 2.9 5.3 0.6
v 3 4.7 0.6
v 3 5.3 0.6
v 3.1 4.5 0.6
v 3.1 4.7 0.6
v 3.1 5.3 0.6
v 3.1 5.5 0.6
v 3.2 4.5 0.6
v 3.2 4.7 0.6
v 3.2 5.3 0.6
v 3.2 5.5 0.6
v -3.1 4.9 0.5
v -3.1 5 0.5
v -3 4.9 0.5
v -3 5 0.5
v 3 5 0.5
v 3 5.1 0.5
v 3.1 5 0.5
v 3.1 5.1 0.5
v -3.1 5 0.3
v -3.1 5.1 0.3
v -3 5 0.3
v -3 5.1 0.3
v 3 4.9 0.3
v 3 5 0.3
v 3.1 4.9 0.3
v 3.1 5 0.3
v -3.1 4.8 0.2
v -3.1 4.9 0.2
v -3.1 5.1 0.2
v -3.1 5.2 0.2
v -3 4.8 0.2
v -3 4.9 0.2
v -3 5.1 0.2
v -3 5.2 0.2
v 3 4.8 0.2
v 3 4.9 0.2
v 3 5.1 0.2
v 3 5.2 0.2
v 3.1 4.8 0.2
v 3.1 4.9 0.2
v 3.1 5.1 0.2
v 3.1 5.2 0.2
v -3.1 4.9 -0.1
v -3.1 5 -0.1
v -3 4.9 -0.1
v -3 5 -0.1
v 3 5 -0.1
v 3 5.1 -0.1
v 3.1 5 -0.1
v 3.1 5.1 -0.1
v -3.1 5 -0.2
v -3.1 5.1 -0.2
v -3 5 -0.2
v -3 5.1 -0.2
v 3 4.9 -0.2
v 3 5 -0.2
v 3.1 4.9 -0.2
v 3.1 5 -0.2
v -2.8 4.5 -0.6
v -2.8 5.5 -0.6
v -2.7 4.5 -0.6
v -2.7 5.5 -0.6
v 2.7 4.5 -0.6
v 2.7 5.5 -0.6
v 2.8 4.5 -0.6
v 2.8 5.5 -0.6
v -2.7 4.5 -0.9
v -2.7 5.5 -0.9
v -2.6 4.5 -0.9
v -2.6 5.5 -0.9
v 2.6 4.5 -0.9
v 2.6 5.5 -0.9
v 2.7 4.5 -0.9
v 2.7 5.5 -0.9
v -2.6 4.5 -1.2
v -2.6 5.5 -1.2
v -2.5 4.5 -1.2
v -2.5 5.5 -1.2
v 2.5 4.5 -1.2
v 2.5 5.5 -1.2
v 2.6 4.5 -1.2
v 2.6 5.5 -1.2
v -2.5 4.5 -1.4
v -2.5 5.5 -1.4
v -2.4 4.5 -1.4
v -2.4 5.5 -1.4
v 2.4 4.5 -1.4
v 2.4 5.5 -1.4
v 2.5 4.5 -1.4
v 2.5 5.5 -1.4
v -2.4 4.5 -1.6
v -2.4 5.5 -1.6
v -2.3 4.5 -1.6
v -2.3 5.5 -1.6
v 2.3 4.5 -1.6
v 2.3 5.5 -1.6
v 2.4 4.5 -1.6
v 2.4 5.5 -1.6
v -2.3 4.5 -1.7
v -2.3 5.5 -1.7
v -2.2 4.5 -1.7
v -2.2 5.5 -1.7
v 2.2 4.5 -1.7
v 2.2 5.5 -1.7
v 2.3 4.5 -1.7
v 2.3 5.5 -1.7
v -2.2 4.5 -1.8
v -2.2 5.5 -1.8
v -2.1 4.5 -1.8
v -2.1 5.5 -1.8
v 2.1 4.5 -1.8
v 2.1 5.5 -1.8
v 2.2 4.5 -1.8
v 2.2 5.5 -1.8
v -2.1 4.5 -1.9
v -2.1 5.5 -1.9
v -2 4.5 -1.9
v -2 5.5 -1.9
v 2 4.5 -1.9
v 2 5.5 -1.9
v 2.1 4.5 -1.9
v 2.1 5.5 -1.9
v -2 4.5 -2
v -2 5.5 -2
v -1.9 4.5 -2
v -1.9 5.5 -2
v 1.9 4.5 -2
v 1.9 5.5 -2
v 2 4.5 -2
v 2 5.5 -2
v -1.9 4.5 -2.1
v -1.9 5.5 -2.1
v -1.8 4.5 -2.1
v -1.8 5.5 -2.1
v 1.8 4.5 -2.1
v 1.8 5.5 -2.1
v 1.9 4.5 -2.1
v 1.9 5.5 -2.1
v -1.8 4.5 -2.2
v -1.8 5.5 -2.2
v -1.7 4.5 -2.2
v -1.7 5.5 -2.2
v 1.7 4.5 -2.2
v 1.7 5.5 -2.2
v 1.8 4.5 -2.2
v 1.8 5.5 -2.2
v -1.7 4.5 -2.3
v -1.7 5.5 -2.3
v -1.6 4.5 -2.3
v -1.6 5.5 -2.3
v 1.6 4.5 -2.3
v 1.6 5.5 -2.3
v 1.7 4.5 -2.3
v 1.7 5.5 -2.3
v -1.6 4.5 -2.4
v -1.6 5.5 -2.4
v -1.4 4.5 -2.4
v -1.4 5.5 -2.4
v 1.4 4.5 -2.4
v 1.4 5.5 -2.4
v 1.6 4.5 -2.4
v 1.6 5.5 -2.4
v -1.4 4.5 -2.5
v -1.4 5.5 -2.5
v -1.2 4.5 -2.5
v -1.2 5.5 -2.5
v 1.2 4.5 -2.5
v 1.2 5.5 -2.5
v 1.4 4.5 -2.5
v 1.4 5.5 -2.5
v -1.2 4.5 -2.6
v -1.2 5.5 -2.6
v -0.9 4.5 -2.6
v -0.9 5.5 -2.6
v 0.9 4.5 -2.6
v 0.9 5.5 -2.6
v 1.2 4.5 -2.6
v 1.2 5.5 -2.6
v -0.9 4.5 -2.7
v -0.9 5.5 -2.7
v -0.6 4.5 -2.7
v -0.6 5.5 -2.7
v 0.6 4.5 -2.7
v 0.6 5.5 -2.7
v 0.9 4.5 -2.7
v 0.9 5.5 -2.7
v -0.6 4.5 -2.8
v -0.6 5.5 -2.8
v 0.6 4.5 -2.8
v 0.6 5.5 -2.8
v -0.6 4.5 2.8
v -0.6 5.5 2.8
v 0.6 4.5 2.8
v 0.6 5.5 2.8
v -0.9 4.5 2.7
v -0.9 5.5 2.7
v -0.6 4.5 2.7
v -0.6 5.5 2.7
v 0.6 4.5 2.7
v 0.6 5.5 2.7
v 0.9 4.5 2.7
v 0.9 5.5 2.7
v -1.2 4.5 2.6
v -1.2 5.5 2.6
v -0.9 4.5 2.6
v -0.9 5.5 2.6
v 0.9 4.5 2.6
v 0.9 5.5 2.6
v 1.2 4.5 2.6
v 1.2 5.5 2.6
v -1.4 4.5 2.5
v -1.4 5.5 2.5
v -1.2 4.5 2.5
v -1.2 5.5 2.5
v 1.2 4.5 2.5
v 1.2 5.5 2.5
v 1.4 4.5 2.5
v 1.4 5.5 2.5
v -1.6 4.5 2.4
v -1.6 5.5 2.4
v -1.4 4.5 2.4
v -1.4 5.5 2.4
v 1.4 4.5 2.4
v 1.4 5.5 2.4
v 1.6 4.5 2.4
v 1.6 5.5 2.4
v -1.7 4.5 2.3
v -1.7 5.5 2.3
v -1.6 4.5 2.3
v -1.6 5.5 2.3
v 1.6 4.5 2.3
v 1.6 5.5 2.3
v 1.7 4.5 2.3
v 1.7 5.5 2.3
v -1.8 4.5 2.2
v -1.8 5.5 2.2
v -1.7 4.5 2.2
v -1.7 5.5 2.2
v 1.7 4.5 2.2
v 1.7 5.5 2.2
v 1.8 4.5 2.2
v 1.8 5.5 2.2
v -1.9 4.5 2.1
v -1.9 5.5 2.1
v -1.8 4.5 2.1
v -1.8 5.5 2.1
v 1.8 4.5 2.1
v 1.8 5.5 2.1
v 1.9 4.5 2.1
v 1.9 5.5 2.1
v -2 4.5 2
v -2 5.5 2
v -1.9 4.5 2
v -1.9 5.5 2
v 1.9 4.5 2
v 1.9 5.5 2
v 2 4.5 2
v 2 5.5 2
v -2.1 4.5 1.9
v -2.1 5.5 1.9
v -2 4.5 1.9
v -2 5.5 1.9
v 2 4.5 1.9
v 2 5.5 1.9
v 2.1 4.5 1.9
v 2.1 5.5 1.9
v -2.2 4.5 1.8
v -2.2 5.5 1.8
v -2.1 4.5 1.8
v -2.1 5.5 1.8
v 2.1 4.5 1.8
v 2.1 5.5 1.8
v 2.2 4.5 1.8
v 2.2 5.5 1.8
v -2.3 4.5 1.7
v -2.3 5.5 1.7
v -2.2 4.5 1.7
v -2.2 5.5 1.7
v 2.2 4.5 1.7
v 2.2 5.5 1.7
v 2.3 4.5 1.7
v 2.3 5.5 1.7
v -2.4 4.5 1.6
v -2.4 5.5 1.6
v -2.3 4.5 1.6
v -2.3 5.5 1.6
v 2.3 4.5 1.6
v 2.3 5.5 1.6
v 2.4 4.5 1.6
v 2.4 5.5 1.6
v -2.5 4.5 1.4
v -2.5 5.5 1.4
v -2.4 4.5 1.4
v -2.4 5.5 1.4
v 2.4 4.5 1.4
v 2.4 5.5 1.4
v 2.5 4.5 1.4
v 2.5 5.5 1.4
v -2.6 4.5 1.2
v -2.6 5.5 1.2
v -2.5 4.5 1.2
v -2.5 5.5 1.2
v 2.5 4.5 1.2
v 2.5 5.5 1.2
v 2.6 4.5 1.2
v 2.6 5.5 1.2
v -2.7 4.5 0.9
v -2.7 5.5 0.9
v -2.6 4.5 0.9
v -2.6 5.5 0.9
v 2.6 4.5 0.9
v 2.6 5.5 0.9
v 2.7 4.5 0.9
v 2.7 5.5 0.9
v -2.8 4.5 0.6
v -2.8 5.5 0.6
v -2.7 4.5 0.6
v -2.7 5.5 0.6
v 2.7 4.5 0.6
v 2.7 5.5 0.6
v 2.8 4.5 0.6
v 2.8 5.5 0.6
v -3.1 4.9 0.2
v -3.1 5 0.2
v -3 4.9 0.2
v -3 5 0.2
v 3 5 0.2
v 3 5.1 0.2
v 3.1 5 0.2
v 3.1 5.1 0.2
v -3.1 5 0.0999999
v -3.1 5.1 0.0999999
v -3 5 0.0999999
v -3 5.1 0.0999999
v 3 4.9 0.0999999
v 3 5 0.0999999
v 3.1 4.9 0.0999999
v 3.1 5 0.0999999
v -3.1 4.8 -0.2
v -3.1 4.9 -0.2
v -3.1 5.1 -0.2
v -3.1 5.2 -0.2
v -3 4.8 -0.2
v -3 4.9 -0.2
v -3 5.1 -0.2
v -3 5.2 -0.2
v 3 4.8 -0.2
v 3 4.9 -0.2
v 3 5.1 -0.2
v 3 5.2 -0.2
v 3.1 4.8 -0.2
v 3.1 4.9 -0.2
v 3.1 5.1 -0.2
v 3.1 5.2 -0.2
v -3.1 4.9 -0.3
v -3.1 5 -0.3
v -3 4.9 -0.3
v -3 5 -0.3
v 3 5 -0.3
v 3 5.1 -0.3
v 3.1 5 -0.3
v 3.1 5.1 -0.3
v -3.1 5 -0.5
v -3.1 5.1 -0.5
v -3 5 -0.5
v -3 5.1 -0.5
v 3 4.9 -0.5
v 3 5 -0.5
v 3.1 4.9 -0.5
v 3.1 5 -0.5
v -3.2 4.5 -0.6
v -3.2 4.7 -0.6
v -3.2 5.3 -0.6
v -3.2 5.5 -0.6
v -3.1 4.5 -0.6
v -3.1 4.7 -0.6
v -3.1 5.3 -0.6
v -3.1 5.5 -0.6
v -3 4.7 -0.6
v -3 5.3 -0.6
v -2.9 4.7 -0.6
v -2.9 5.3 -0.6
v 2.9 4.7 -0.6
v 2.9 5.3 -0.6
v 3 4.7 -0.6
v 3 5.3 -0.6
v 3.1 4.5 -0.6
v 3.1 4.7 -0.6
v 3.1 5.3 -0.6
v 3.1 5.5 -0.6
v 3.2 4.5 -0.6
v 3.2 4.7 -0.6
v 3.2 5.3 -0.6
v 3.2 5.5 -0.6
v -3.1 4.5 -1
v -3.1 4.7 -1
v -3.1 5.3 -1
v -3.1 5.5 -1
v -3 4.5 -1
v -3 4.7 -1
v -3 5.3 -1
v -3 5.5 -1
v -2.9 4.7 -1
v -2.9 5.3 -1
v -2.8 4.7 -1
v -2.8 5.3 -1
v 2.8 4.7 -1
v 2.8 5.3 -1
v 2.9 4.7 -1
v 2.9 5.3 -1
v 3 4.5 -1
v 3 4.7 -1
v 3 5.3 -1
v 3 5.5 -1
v 3.1 4.5 -1
v 3.1 4.7 -1
v 3.1 5.3 -1
v 3.1 5.5 -1
v -2.8 4.7 -1.2
v -2.8 5.3 -1.2
v -2.7 4.7 -1.2
v -2.7 5.3 -1.2
v 2.7 4.7 -1.2
v 2.7 5.3 -1.2
v 2.8 4.7 -1.2
v 2.8 5.3 -1.2
v -3 4.5 -1.3
v -3 4.7 -1.3
v -3 5.3 -1.3
v -3 5.5 -1.3
v -2.9 4.5 -1.3
v -2.9 4.7 -1.3
v -2.9 5.3 -1.3
v -2.9 5.5 -1.3
v 2.9 4.5 -1.3
v 2.9 4.7 -1.3
v 2.9 5.3 -1.3
v 2.9 5.5 -1.3
v 3 4.5 -1.3
v 3 4.7 -1.3
v 3 5.3 -1.3
v 3 5.5 -1.3
v -2.7 4.7 -1.4
v -2.7 5.3 -1.4
v -2.6 4.7 -1.4
v -2.6 5.3 -1.4
v 2.6 4.7 -1.4
v 2.6 5.3 -1.4
v 2.7 4.7 -1.4
v 2.7 5.3 -1.4
v -2.9 4.5 -1.5
v -2.9 4.7 -1.5
v -2.9 5.3 -1.5
v -2.9 5.5 -1.5
v -2.8 4.5 -1.5
v -2.8 4.7 -1.5
v -2.8 5.3 -1.5
v -2.8 5.5 -1.5
v 2.8 4.5 -1.5
v 2.8 4.7 -1.5
v 2.8 5.3 -1.5
v 2.8 5.5 -1.5
v 2.9 4.5 -1.5
v 2.9 4.7 -1.5
v 2.9 5.3 -1.5
v 2.9 5.5 -1.5
v -2.6 4.7 -1.6
v -2.6 5.3 -1.6
v -2.5 4.7 -1.6
v -2.5 5.3 -1.6
v 2.5 4.7 -1.6
v 2.5 5.3 -1.6
v 2.6 4.7 -1.6
v 2.6 5.3 -1.6
v -2.8 4.5 -1.7
v -2.8 4.7 -1.7
v -2.8 5.3 -1.7
v -2.8 5.5 -1.7
v -2.7 4.5 -1.7
v -2.7 4.7 -1.7
v -2.7 5.3 -1.7
v -2.7 5.5 -1.7
v 2.7 4.5 -1.7
v 2.7 4.7 -1.7
v 2.7 5.3 -1.7
v 2.7 5.5 -1.7
v 2.8 4.5 -1.7
v 2.8 4.7 -1.7
v 2.8 5.3 -1.7
v 2.8 5.5 -1.7
v -2.7 4.5 -1.8
v -2.7 4.7 -1.8
v -2.7 5.3 -1.8
v -2.7 5.5 -1.8
v -2.6 4.5 -1.8
v -2.6 4.7 -1.8
v -2.6 5.3 -1.8
v -2.6 5.5 -1.8
v -2.5 4.7 -1.8
v -2.5 4.9 -1.8
v -2.5 5 -1.8
v -2.5 5.3 -1.8
v -2.4 4.7 -1.8
v -2.4 4.9 -1.8
v -2.4 5 -1.8
v -2.4 5.3 -1.8
v 2.4 4.7 -1.8
v 2.4 5 -1.8
v 2.4 5.1 -1.8
v 2.4 5.3 -1.8
v 2.5 4.7 -1.8
v 2.5 5 -1.8
v 2.5 5.1 -1.8
v 2.5 5.3 -1.8
v 2.6 4.5 -1.8
v 2.6 4.7 -1.8
v 2.6 5.3 -1.8
v 2.6 5.5 -1.8
v 2.7 4.5 -1.8
v 2.7 4.7 -1.8
v 2.7 5.3 -1.8
v 2.7 5.5 -1.8
v -2.5 4.9 -1.9
v -2.5 5 -1.9
v -2.4 4.7 -1.9
v -2.4 4.9 -1.9
v -2.4 5 -1.9
v -2.4 5.1 -1.9
v -2.4 5.3 -1.9
v -2.3 4.7 -1.9
v -2.3 4.9 -1.9
v -2.3 5.1 -1.9
v -2.3 5.3 -1.9
v 2.3 4.7 -1.9
v 2.3 4.9 -1.9
v 2.3 5.1 -1.9
v 2.3 5.3 -1.9
v 2.4 4.7 -1.9
v 2.4 4.9 -1.9
v 2.4 5 -1.9
v 2.4 5.1 -1.9
v 2.4 5.3 -1.9
v 2.5 5 -1.9
v 2.5 5.1 -1.9
v -2.6 4.5 -2
v -2.6 4.7 -2
v -2.6 5.3 -2
v -2.6 5.5 -2
v -2.5 4.5 -2
v -2.5 4.7 -2
v -2.5 5.3 -2
v -2.5 5.5 -2
v -2.4 4.9 -2
v -2.4 5.1 -2
v -2.3 4.7 -2
v -2.3 4.8 -2
v -2.3 4.9 -2
v -2.3 5 -2
v -2.3 5.1 -2
v -2.3 5.2 -2
v -2.3 5.3 -2
v -2.2 4.7 -2
v -2.2 4.8 -2
v -2.2 4.9 -2
v -2.2 5 -2
v -2.2 5.2 -2
v -2.2 5.3 -2
v 2.2 4.7 -2
v 2.2 4.8 -2
v 2.2 5 -2
v 2.2 5.1 -2
v 2.2 5.2 -2
v 2.2 5.3 -2
v 2.3 4.7 -2
v 2.3 4.8 -2
v 2.3 4.9 -2
v 2.3 5 -2
v 2.3 5.1 -2
v 2.3 5.2 -2
v 2.3 5.3 -2
v 2.4 4.9 -2
v 2.4 5.1 -2
v 2.5 4.5 -2
v 2.5 4.7 -2
v 2.5 5.3 -2
v 2.5 5.5 -2
v 2.6 4.5 -2
v 2.6 4.7 -2
v 2.6 5.3 -2
v 2.6 5.5 -2
v -2.5 4.5 -2.1
v -2.5 4.7 -2.1
v -2.5 5.3 -2.1
v -2.5 5.5 -2.1
v -2.4 4.5 -2.1
v -2.4 4.7 -2.1
v -2.4 5.3 -2.1
v -2.4 5.5 -2.1
v -2.3 4.8 -2.1
v -2.3 4.9 -2.1
v -2.3 5 -2.1
v -2.3 5.2 -2.1
v -2.2 4.7 -2.1
v -2.2 4.8 -2.1
v -2.2 4.9 -2.1
v -2.2 5 -2.1
v -2.2 5.1 -2.1
v -2.2 5.2 -2.1
v -2.2 5.3 -2.1
v -2.1 4.7 -2.1
v -2.1 4.8 -2.1
v -2.1 4.9 -2.1
v -2.1 5.1 -2.1
v -2.1 5.2 -2.1
v -2.1 5.3 -2.1
v 2.1 4.7 -2.1
v 2.1 4.8 -2.1
v 2.1 4.9 -2.1
v 2.1 5.1 -2.1
v 2.1 5.2 -2.1
v 2.1 5.3 -2.1
v 2.2 4.7 -2.1
v 2.2 4.8 -2.1
v 2.2 4.9 -2.1
v 2.2 5 -2.1
v 2.2 5.1 -2.1
v 2.2 5.2 -2.1
v 2.2 5.3 -2.1
v 2.3 4.8 -2.1
v 2.3 5 -2.1
v 2.3 5.1 -2.1
v 2.3 5.2 -2.1
v 2.4 4.5 -2.1
v 2.4 4.7 -2.1
v 2.4 5.3 -2.1
v 2.4 5.5 -2.1
v 2.5 4.5 -2.1
v 2.5 4.7 -2.1
v 2.5 5.3 -2.1
v 2.5 5.5 -2.1
v -2.4 4.5 -2.2
v -2.4 4.7 -2.2
v -2.4 5.3 -2.2
v -2.4 5.5 -2.2
v -2.3 4.5 -2.2
v -2.3 4.7 -2.2
v -2.3 5.3 -2.2
v -2.3 5.5 -2.2
v -2.2 4.8 -2.2
v -2.2 4.9 -2.2
v -2.2 5.1 -2.2
v -2.2 5.2 -2.2
v -2.1 4.7 -2.2
v -2.1 4.8 -2.2
v -2.1 4.9 -2.2
v -2.1 5 -2.2
v -2.1 5.1 -2.2
v -2.1 5.2 -2.2
v -2.1 5.3 -2.2
v -2 4.7 -2.2
v -2 4.8 -2.2
v -2 5 -2.2
v -2 5.1 -2.2
v -2 5.2 -2.2
v -2 5.3 -2.2
v 2 4.7 -2.2
v 2 4.8 -2.2
v 2 4.9 -2.2
v 2 5 -2.2
v 2 5.2 -2.2
v 2 5.3 -2.2
v 2.1 4.7 -2.2
v 2.1 4.8 -2.2
v 2.1 4.9 -2.2
v 2.1 5 -2.2
v 2.1 5.1 -2.2
v 2.1 5.2 -2.2
v 2.1 5.3 -2.2
v 2.2 4.8 -2.2
v 2.2 4.9 -2.2
v 2.2 5.1 -2.2
v 2.2 5.2 -2.2
v 2.3 4.5 -2.2
v 2.3 4.7 -2.2
v 2.3 5.3 -2.2
v 2.3 5.5 -2.2
v 2.4 4.5 -2.2
v 2.4 4.7 -2.2
v 2.4 5.3 -2.2
v 2.4 5.5 -2.2
v -2.3 4.5 -2.3
v -2.3 4.7 -2.3
v -2.3 5.3 -2.3
v -2.3 5.5 -2.3
v -2.2 4.5 -2.3
v -2.2 4.7 -2.3
v -2.2 5.3 -2.3
v -2.2 5.5 -2.3
v -2.1 4.8 -2.3
v -2.1 5 -2.3
v -2.1 5.1 -2.3
v -2.1 5.2 -2.3
v -2 4.7 -2.3
v -2 4.8 -2.3
v -2 4.9 -2.3
v -2 5 -2.3
v -2 5.1 -2.3
v -2 5.2 -2.3
v -2 5.3 -2.3
v -1.9 4.7 -2.3
v -1.9 4.9 -2.3
v -1.9 5.1 -2.3
v -1.9 5.3 -2.3
v 1.9 4.7 -2.3
v 1.9 4.9 -2.3
v 1.9 5.1 -2.3
v 1.9 5.3 -2.3
v 2 4.7 -2.3
v 2 4.8 -2.3
v 2 4.9 -2.3
v 2 5 -2.3
v 2 5.1 -2.3
v 2 5.2 -2.3
v 2 5.3 -2.3
v 2.1 4.8 -2.3
v 2.1 4.9 -2.3
v 2.1 5 -2.3
v 2.1 5.2 -2.3
v 2.2 4.5 -2.3
v 2.2 4.7 -2.3
v 2.2 5.3 -2.3
v 2.2 5.5 -2.3
v 2.3 4.5 -2.3
v 2.3 4.7 -2.3
v 2.3 5.3 -2.3
v 2.3 5.5 -2.3
v -2.2 4.5 -2.4
v -2.2 4.7 -2.4
v -2.2 5.3 -2.4
v -2.2 5.5 -2.4
v -2.1 4.5 -2.4
v -2.1 4.7 -2.4
v -2.1 5.3 -2.4
v -2.1 5.5 -2.4
v -2 4.9 -2.4
v -2 5.1 -2.4
v -1.9 4.7 -2.4
v -1.9 4.9 -2.4
v -1.9 5 -2.4
v -1.9 5.1 -2.4
v -1.9 5.3 -2.4
v -1.8 4.7 -2.4
v -1.8 5 -2.4
v -1.8 5.1 -2.4
v -1.8 5.3 -2.4
v 1.8 4.7 -2.4
v 1.8 4.9 -2.4
v 1.8 5 -2.4
v 1.8 5.3 -2.4
v 1.9 4.7 -2.4
v 1.9 4.9 -2.4
v 1.9 5 -2.4
v 1.9 5.1 -2.4
v 1.9 5.3 -2.4
v 2 4.9 -2.4
v 2 5.1 -2.4
v 2.1 4.5 -2.4
v 2.1 4.7 -2.4
v 2.1 5.3 -2.4
v 2.1 5.5 -2.4
v 2.2 4.5 -2.4
v 2.2 4.7 -2.4
v 2.2 5.3 -2.4
v 2.2 5.5 -2.4
v -2.1 4.5 -2.5
v -2.1 4.7 -2.5
v -2.1 5.3 -2.5
v -2.1 5.5 -2.5
v -2 4.5 -2.5
v -2 4.7 -2.5
v -2 5.3 -2.5
v -2 5.5 -2.5
v -1.9 5 -2.5
v -1.9 5.1 -2.5
v -1.8 4.7 -2.5
v -1.8 5 -2.5
v -1.8 5.1 -2.5
v -1.8 5.3 -2.5
v -1.6 4.7 -2.5
v -1.6 5.3 -2.5
v 1.6 4.7 -2.5
v 1.6 5.3 -2.5
v 1.8 4.7 -2.5
v 1.8 4.9 -2.5
v 1.8 5 -2.5
v 1.8 5.3 -2.5
v 1.9 4.9 -2.5
v 1.9 5 -2.5
v 2 4.5 -2.5
v 2 4.7 -2.5
v 2 5.3 -2.5
v 2 5.5 -2.5
v 2.1 4.5 -2.5
v 2.1 4.7 -2.5
v 2.1 5.3 -2.5
v 2.1 5.5 -2.5
v -2 4.5 -2.6
v -2 4.7 -2.6
v -2 5.3 -2.6
v -2 5.5 -2.6
v -1.8 4.5 -2.6
v -1.8 4.7 -2.6
v -1.8 5.3 -2.6
v -1.8 5.5 -2.6
v -1.6 4.7 -2.6
v -1.6 5.3 -2.6
v -1.4 4.7 -2.6
v -1.4 5.3 -2.6
v 1.4 4.7 -2.6
v 1.4 5.3 -2.6
v 1.6 4.7 -2.6
v 1.6 5.3 -2.6
v 1.8 4.5 -2.6
v 1.8 4.7 -2.6
v 1.8 5.3 -2.6
v 1.8 5.5 -2.6
v 2 4.5 -2.6
v 2 4.7 -2.6
v 2 5.3 -2.6
v 2 5.5 -2.6
v -1.8 4.5 -2.7
v -1.8 4.7 -2.7
v -1.8 5.3 -2.7
v -1.8 5.5 -2.7
v -1.7 4.5 -2.7
v -1.7 4.7 -2.7
v -1.7 5.3 -2.7
v -1.7 5.5 -2.7
v -1.4 4.7 -2.7
v -1.4 5.3 -2.7
v -1.2 4.7 -2.7
v -1.2 5.3 -2.7
v 1.2 4.7 -2.7
v 1.2 5.3 -2.7
v 1.4 4.7 -2.7
v 1.4 5.3 -2.7
v 1.7 4.5 -2.7
v 1.7 4.7 -2.7
v 1.7 5.3 -2.7
v 1.7 5.5 -2.7
v 1.8 4.5 -2.7
v 1.8 4.7 -2.7
v 1.8 5.3 -2.7
v 1.8 5.5 -2.7
v -1.7 4.5 -2.8
v -1.7 4.7 -2.8
v -1.7 5.3 -2.8
v -1.7 5.5 -2.8
v -1.5 4.5 -2.8
v -1.5 4.7 -2.8
v -1.5 5.3 -2.8
v -1.5 5.5 -2.8
v -1.2 4.7 -2.8
v -1.2 5.3 -2.8
v -1 4.7 -2.8
v -1 5.3 -2.8
v 1 4.7 -2.8
v 1 5.3 -2.8
v 1.2 4.7 -2.8
v 1.2 5.3 -2.8
v 1.5 4.5 -2.8
v 1.5 4.7 -2.8
v 1.5 5.3 -2.8
v 1.5 5.5 -2.8
v 1.7 4.5 -2.8
v 1.7 4.7 -2.8
v 1.7 5.3 -2.8
v 1.7 5.5 -2.8
v -1.5 4.5 -2.9
v -1.5 4.7 -2.9
v -1.5 5.3 -2.9
v -1.5 5.5 -2.9
v -1.3 4.5 -2.9
v -1.3 4.7 -2.9
v -1.3 5.3 -2.9
v -1.3 5.5 -2.9
v -1 4.7 -2.9
v -1 5.3 -2.9
v -0.6 4.7 -2.9
v -0.6 5.3 -2.9
v 0.6 4.7 -2.9
v 0.6 5.3 -2.9
v 1 4.7 -2.9
v 1 5.3 -2.9
v 1.3 4.5 -2.9
v 1.3 4.7 -2.9
v 1.3 5.3 -2.9
v 1.3 5.5 -2.9
v 1.5 4.5 -2.9
v 1.5 4.7 -2.9
v 1.5 5.3 -2.9
v 1.5 5.5 -2.9
v -1.3 4.5 -3
v -1.3 4.7 -3
v -1.3 5.3 -3
v -1.3 5.5 -3
v -1 4.5 -3
v -1 4.7 -3
v -1 5.3 -3
v -1 5.5 -3
v -0.6 4.7 -3
v -0.6 5.3 -3
v -0.5 4.9 -3
v -0.5 5 -3
v -0.3 5 -3
v -0.3 5.1 -3
v -0.2 4.8 -3
v -0.2 4.9 -3
v -0.2 5 -3
v -0.2 5.1 -3
v -0.2 5.2 -3
v -0.0999999 5 -3
v -0.0999999 5.1 -3
v 0.1 4.9 -3
v 0.1 5 -3
v 0.2 4.8 -3
v 0.2 4.9 -3
v 0.2 5 -3
v 0.2 5.1 -3
v 0.2 5.2 -3
v 0.3 4.9 -3
v 0.3 5 -3
v 0.5 5 -3
v 0.5 5.1 -3
v 0.6 4.7 -3
v 0.6 5.3 -3
v 1 4.5 -3
v 1 4.7 -3
v 1 5.3 -3
v 1 5.5 -3
v 1.3 4.5 -3
v 1.3 4.7 -3
v 1.3 5.3 -3
v 1.3 5.5 -3
v -1 4.5 -3.1
v -1 4.7 -3.1
v -1 5.3 -3.1
v -1 5.5 -3.1
v -0.6 4.5 -3.1
v -0.6 4.7 -3.1
v -0.6 5.3 -3.1
v -0.6 5.5 -3.1
v -0.5 4.9 -3.1
v -0.5 5 -3.1
v -0.3 5 -3.1
v -0.3 5.1 -3.1
v -0.2 4.8 -3.1
v -0.2 4.9 -3.1
v -0.2 5 -3.1
v -0.2 5.1 -3.1
v -0.2 5.2 -3.1
v -0.0999999 5 -3.1
v -0.0999999 5.1 -3.1
v 0.1 4.9 -3.1
v 0.1 5 -3.1
v 0.2 4.8 -3.1
v 0.2 4.9 -3.1
v 0.2 5 -3.1
v 0.2 5.1 -3.1
v 0.2 5.2 -3.1
v 0.3 4.9 -3.1
v 0.3 5 -3.1
v 0.5 5 -3.1
v 0.5 5.1 -3.1
v 0.6 4.5 -3.1
v 0.6 4.7 -3.1
v 0.6 5.3 -3.1
v 0.6 5.5 -3.1
v 1 4.5 -3.1
v 1 4.7 -3.1
v 1 5.3 -3.1
v 1 5.5 -3.1
v -0.6 4.5 -3.2
v -0.6 4.7 -3.2
v -0.6 5.3 -3.2
v -0.6 5.5 -3.2
v 0.6 4.5 -3.2
v 0.6 4.7 -3.2
v 0.6 5.3 -3.2
v 0.6 5.5 -3.2
v -0.6 4.5 3.2
v 0.6 4.5 3.2
v -1 4.5 3.1
v -0.6 4.5 3.1
v 0.6 4.5 3.1
v 1 4.5 3.1
v -1.3 4.5 3
v -1 4.5 3
v 1 4.5 3
v 1.3 4.5 3
v -1.5 4.5 2.9
v -1.3 4.5 2.9
v 1.3 4.5 2.9
v 1.5 4.5 2.9
v -1.7 4.5 2.8
v -1.5 4.5 2.8
v -0.6 4.5 2.8
v 0.6 4.5 2.8
v 1.5 4.5 2.8
v 1.7 4.5 2.8
v -1.8 4.5 2.7
v -1.7 4.5 2.7
v -0.9 4.5 2.7
v -0.6 4.5 2.7
v 0.6 4.5 2.7
v 0.9 4.5 2.7
v 1.7 4.5 2.7
v 1.8 4.5 2.7
v -2 4.5 2.6
v -1.8 4.5 2.6
v -1.2 4.5 2.6
v -0.9 4.5 2.6
v 0.9 4.5 2.6
v 1.2 4.5 2.6
v 1.8 4.5 2.6
v 2 4.5 2.6
v -2.1 4.5 2.5
v -2 4.5 2.5
v -1.4 4.5 2.5
v -1.2 4.5 2.5
v 1.2 4.5 2.5
v 1.4 4.5 2.5
v 2 4.5 2.5
v 2.1 4.5 2.5
v -2.2 4.5 2.4
v -2.1 4.5 2.4
v -1.6 4.5 2.4
v -1.4 4.5 2.4
v 1.4 4.5 2.4
v 1.6 4.5 2.4
v 2.1 4.5 2.4
v 2.2 4.5 2.4
v -2.3 4.5 2.3
v -2.2 4.5 2.3
v -1.7 4.5 2.3
v -1.6 4.5 2.3
v 1.6 4.5 2.3
v 1.7 4.5 2.3
v 2.2 4.5 2.3
v 2.3 4.5 2.3
v -2.4 4.5 2.2
v -2.3 4.5 2.2
v -1.8 4.5 2.2
v -1.7 4.5 2.2
v 1.7 4.5 2.2
v 1.8 4.5 2.2
v 2.3 4.5 2.2
v 2.4 4.5 2.2
v -2.5 4.5 2.1
v -2.4 4.5 2.1
v -1.9 4.5 2.1
v -1.8 4.5 2.1
v 1.8 4.5 2.1
v 1.9 4.5 2.1
v 2.4 4.5 2.1
v 2.5 4.5 2.1
v -2.6 4.5 2
v -2.5 4.5 2
v -2 4.5 2
v -1.9 4.5 2
v 1.9 4.5 2
v 2 4.5 2
v 2.5 4.5 2
v 2.6 4.5 2
v -2.1 4.5 1.9
v -2 4.5 1.9
v 2 4.5 1.9
v 2.1 4.5 1.9
v -2.7 4.5 1.8
v -2.6 4.5 1.8
v -2.2 4.5 1.8
v -2.1 4.5 1.8
v 2.1 4.5 1.8
v 2.2 4.5 1.8
v 2.6 4.5 1.8
v 2.7 4.5 1.8
v -2.8 4.5 1.7
v -2.7 4.5 1.7
v -2.3 4.5 1.7
v -2.2 4.5 1.7
v 2.2 4.5 1.7
v 2.3 4.5 1.7
v 2.7 4.5 1.7
v 2.8 4.5 1.7
v -2.4 4.5 1.6
v -2.3 4.5 1.6
v 2.3 4.5 1.6
v 2.4 4.5 1.6
v -2.9 4.5 1.5
v -2.8 4.5 1.5
v 2.8 4.5 1.5
v 2.9 4.5 1.5
v -2.5 4.5 1.4
v -2.4 4.5 1.4
v 2.4 4.5 1.4
v 2.5 4.5 1.4
v -3 4.5 1.3
v -2.9 4.5 1.3
v 2.9 4.5 1.3
v 3 4.5 1.3
v -2.6 4.5 1.2
v -2.5 4.5 1.2
v 2.5 4.5 1.2
v 2.6 4.5 1.2
v -3.1 4.5 1
v -3 4.5 1
v 3 4.5 1
v 3.1 4.5 1
v -2.7 4.5 0.9
v -2.6 4.5 0.9
v 2.6 4.5 0.9
v 2.7 4.5 0.9
v -3.2 4.5 0.6
v -3.1 4.5 0.6
v -2.8 4.5 0.6
v -2.7 4.5 0.6
v 2.7 4.5 0.6
v 2.8 4.5 0.6
v 3.1 4.5 0.6
v 3.2 4.5 0.6
v -3.2 4.5 -0.6
v -3.1 4.5 -0.6
v -2.8 4.5 -0.6
v -2.7 4.5 -0.6
v 2.7 4.5 -0.6
v 2.8 4.5 -0.6
v 3.1 4.5 -0.6
v 3.2 4.5 -0.6
v -2.7 4.5 -0.9
v -2.6 4.5 -0.9
v 2.6 4.5 -0.9
v 2.7 4.5 -0.9
v -3.1 4.5 -1
v -3 4.5 -1
v 3 4.5 -1
v 3.1 4.5 -1
v -2.6 4.5 -1.2
v -2.5 4.5 -1.2
v 2.5 4.5 -1.2
v 2.6 4.5 -1.2
v -3 4.5 -1.3
v -2.9 4.5 -1.3
v 2.9 4.5 -1.3
v 3 4.5 -1.3
v -2.5 4.5 -1.4
v -2.4 4.5 -1.4
v 2.4 4.5 -1.4
v 2.5 4.5 -1.4
v -2.9 4.5 -1.5
v -2.8 4.5 -1.5
v 2.8 4.5 -1.5
v 2.9 4.5 -1.5
v -2.4 4.5 -1.6
v -2.3 4.5 -1.6
v 2.3 4.5 -1.6
v 2.4 4.5 -1.6
v -2.8 4.5 -1.7
v -2.7 4.5 -1.7
v -2.3 4.5 -1.7
v -2.2 4.5 -1.7
v 2.2 4.5 -1.7
v 2.3 4.5 -1.7
v 2.7 4.5 -1.7
v 2.8 4.5 -1.7
v -2.7 4.5 -1.8
v -2.6 4.5 -1.8
v -2.2 4.5 -1.8
v -2.1 4.5 -1.8
v 2.1 4.5 -1.8
v 2.2 4.5 -1.8
v 2.6 4.5 -1.8
v 2.7 4.5 -1.8
v -2.1 4.5 -1.9
v -2 4.5 -1.9
v 2 4.5 -1.9
v 2.1 4.5 -1.9
v -2.6 4.5 -2
v -2.5 4.5 -2
v -2 4.5 -2
v -1.9 4.5 -2
v 1.9 4.5 -2
v 2 4.5 -2
v 2.5 4.5 -2
v 2.6 4.5 -2
v -2.5 4.5 -2.1
v -2.4 4.5 -2.1
v -1.9 4.5 -2.1
v -1.8 4.5 -2.1
v 1.8 4.5 -2.1
v 1.9 4.5 -2.1
v 2.4 4.5 -2.1
v 2.5 4.5 -2.1
v -2.4 4.5 -2.2
v -2.3 4.5 -2.2
v -1.8 4.5 -2.2
v -1.7 4.5 -2.2
v 1.7 4.5 -2.2
v 1.8 4.5 -2.2
v 2.3 4.5 -2.2
v 2.4 4.5 -2.2
v -2.3 4.5 -2.3
v -2.2 4.5 -2.3
v -1.7 4.5 -2.3
v -1.6 4.5 -2.3
v 1.6 4.5 -2.3
v 1.7 4.5 -2.3
v 2.2 4.5 -2.3
v 2.3 4.5 -2.3
v -2.2 4.5 -2.4
v -2.1 4.5 -2.4
v -1.6 4.5 -2.4
v -1.4 4.5 -2.4
v 1.4 4.5 -2.4
v 1.6 4.5 -2.4
v 2.1 4.5 -2.4
v 2.2 4.5 -2.4
v -2.1 4.5 -2.5
v -2 4.5 -2.5
v -1.4 4.5 -2.5
v -1.2 4.5 -2.5
v 1.2 4.5 -2.5
v 1.4 4.5 -2.5
v 2 4.5 -2.5
v 2.1 4.5 -2.5
v -2 4.5 -2.6
v -1.8 4.5 -2.6
v -1.2 4.5 -2.6
v -0.9 4.5 -2.6
v 0.9 4.5 -2.6
v 1.2 4.5 -2.6
v 1.8 4.5 -2.6
v 2 4.5 -2.6
v -1.8 4.5 -2.7
v -1.7 4.5 -2.7
v -0.9 4.5 -2.7
v -0.6 4.5 -2.7
v 0.6 4.5 -2.7
v 0.9 4.5 -2.7
v 1.7 4.5 -2.7
v 1.8 4.5 -2.7
v -1.7 4.5 -2.8
v -1.5 4.5 -2.8
v -0.6 4.5 -2.8
v 0.6 4.5 -2.8
v 1.5 4.5 -2.8
v 1.7 4.5 -2.8
v -1.5 4.5 -2.9
v -1.3 4.5 -2.9
v 1.3 4.5 -2.9
v 1.5 4.5 -2.9
v -1.3 4.5 -3
v -1 4.5 -3
v 1 4.5 -3
v 1.3 4.5 -3
v -1 4.5 -3.1
v -0.6 4.5 -3.1
v 0.6 4.5 -3.1
v 1 4.5 -3.1
v -0.6 4.5 -3.2
v 0.6 4.5 -3.2
v -0.2 4.8 3.1
v 0.2 4.8 3.1
v -0.2 4.8 3
v 0.2 4.8 3
v -2.1 4.8 2.3
v -2 4.8 2.3
v 2 4.8 2.3
v 2.1 4.8 2.3
v -2.2 4.8 2.2
v -2.1 4.8 2.2
v -2 4.8 2.2
v 2 4.8 2.2
v 2.1 4.8 2.2
v 2.2 4.8 2.2
v -2.3 4.8 2.1
v -2.2 4.8 2.1
v -2.1 4.8 2.1
v 2.1 4.8 2.1
v 2.2 4.8 2.1
v 2.3 4.8 2.1
v -2.3 4.8 2
v -2.2 4.8 2
v 2.2 4.8 2
v 2.3 4.8 2
v -3.1 4.8 0.2
v -3 4.8 0.2
v 3 4.8 0.2
v 3.1 4.8 0.2
v -3.1 4.8 -0.2
v -3 4.8 -0.2
v 3 4.8 -0.2
v 3.1 4.8 -0.2
v -2.3 4.8 -2
v -2.2 4.8 -2
v 2.2 4.8 -2
v 2.3 4.8 -2
v -2.3 4.8 -2.1
v -2.2 4.8 -2.1
v -2.1 4.8 -2.1
v 2.1 4.8 -2.1
v 2.2 4.8 -2.1
v 2.3 4.8 -2.1
v -2.2 4.8 -2.2
v -2.1 4.8 -2.2
v -2 4.8 -2.2
v 2 4.8 -2.2
v 2.1 4.8 -2.2
v 2.2 4.8 -2.2
v -2.1 4.8 -2.3
v -2 4.8 -2.3
v 2 4.8 -2.3
v 2.1 4.8 -2.3
v -0.2 4.8 -3
v 0.2 4.8 -3
v -0.2 4.8 -3.1
v 0.2 4.8 -3.1
v -0.3 4.9 3.1
v -0.2 4.9 3.1
v 0.2 4.9 3.1
v 0.5 4.9 3.1
v -0.3 4.9 3
v -0.2 4.9 3
v 0.2 4.9 3
v 0.5 4.9 3
v -1.9 4.9 2.5
v -1.8 4.9 2.5
v -2 4.9 2.4
v -1.9 4.9 2.4
v -1.8 4.9 2.4
v 1.9 4.9 2.4
v 2 4.9 2.4
v -2 4.9 2.3
v -1.9 4.9 2.3
v 1.9 4.9 2.3
v 2 4.9 2.3
v -2.4 4.9 2
v -2.3 4.9 2
v 2.3 4.9 2
v 2.4 4.9 2
v -2.4 4.9 1.9
v -2.3 4.9 1.9
v 2.3 4.9 1.9
v 2.4 4.9 1.9
v 2.5 4.9 1.9
v 2.4 4.9 1.8
v 2.5 4.9 1.8
v -3.1 4.9 0.5
v -3 4.9 0.5
v 3 4.9 0.3
v 3.1 4.9 0.3
v -3.1 4.9 0.2
v -3 4.9 0.2
v 3 4.9 0.2
v 3.1 4.9 0.2
v -3.1 4.9 -0.2
v -3 4.9 -0.2
v 3 4.9 -0.2
v 3.1 4.9 -0.2
v -3.1 4.9 -0.3
v -3 4.9 -0.3
v 3 4.9 -0.5
v 3.1 4.9 -0.5
v -2.5 4.9 -1.8
v -2.4 4.9 -1.8
v -2.5 4.9 -1.9
v -2.4 4.9 -1.9
v -2.3 4.9 -1.9
v 2.3 4.9 -1.9
v 2.4 4.9 -1.9
v -2.4 4.9 -2
v -2.3 4.9 -2
v 2.3 4.9 -2
v 2.4 4.9 -2
v -2 4.9 -2.3
v -1.9 4.9 -2.3
v 1.9 4.9 -2.3
v 2 4.9 -2.3
v -2 4.9 -2.4
v -1.9 4.9 -2.4
v 1.8 4.9 -2.4
v 1.9 4.9 -2.4
v 2 4.9 -2.4
v 1.8 4.9 -2.5
v 1.9 4.9 -2.5
v -0.5 4.9 -3
v -0.2 4.9 -3
v 0.2 4.9 -3
v 0.3 4.9 -3
v -0.5 4.9 -3.1
v -0.2 4.9 -3.1
v 0.2 4.9 -3.1
v 0.3 4.9 -3.1
v -0.5 5 3.1
v -0.3 5 3.1
v 0.1 5 3.1
v 0.2 5 3.1
v -0.5 5 3
v -0.3 5 3
v 0.1 5 3
v 0.2 5 3
v 1.8 5 2.5
v 1.9 5 2.5
v 1.8 5 2.4
v 1.9 5 2.4
v -2.1 5 2.3
v -2 5 2.3
v -2.1 5 2.2
v -2 5 2.2
v 2.2 5 2.1
v 2.3 5 2.1
v 2.2 5 2
v 2.3 5 2
v -2.5 5 1.9
v -2.4 5 1.9
v -2.5 5 1.8
v -2.4 5 1.8
v 3 5 0.5
v 3.1 5 0.5
v 3 5 0.3
v 3.1 5 0.3
v -3.1 5 0.2
v -3 5 0.2
v -3.1 5 0.0999999
v -3 5 0.0999999
v 3 5 -0.1
v 3.1 5 -0.1
v 3 5 -0.2
v 3.1 5 -0.2
v -3.1 5 -0.3
v -3 5 -0.3
v -3.1 5 -0.5
v -3 5 -0.5
v 2.4 5 -1.8
v 2.5 5 -1.8
v 2.4 5 -1.9
v 2.5 5 -1.9
v -2.3 5 -2
v -2.2 5 -2
v -2.3 5 -2.1
v -2.2 5 -2.1
v 2 5 -2.2
v 2.1 5 -2.2
v 2 5 -2.3
v 2.1 5 -2.3
v -1.9 5 -2.4
v -1.8 5 -2.4
v -1.9 5 -2.5
v -1.8 5 -2.5
v -0.2 5 -3
v -0.0999999 5 -3
v 0.3 5 -3
v 0.5 5 -3
v -0.2 5 -3.1
v -0.0999999 5 -3.1
v 0.3 5 -3.1
v 0.5 5 -3.1
v -0.2 5.1 3.1
v 0.1 5.1 3.1
v -0.2 5.1 3
v 0.1 5.1 3
v 2 5.1 2.3
v 2.1 5.1 2.3
v -2.2 5.1 2.2
v -2.1 5.1 2.2
v 2 5.1 2.2
v 2.1 5.1 2.2
v 2.2 5.1 2.2
v -2.3 5.1 2.1
v -2.2 5.1 2.1
v -2.1 5.1 2.1
v 2.1 5.1 2.1
v 2.2 5.1 2.1
v -2.3 5.1 2
v -2.2 5.1 2
v 3 5.1 0.2
v 3.1 5.1 0.2
v -3.1 5.1 0.0999999
v -3 5.1 0.0999999
v 3 5.1 -0.1
v 3.1 5.1 -0.1
v -3.1 5.1 -0.2
v -3 5.1 -0.2
v 2.2 5.1 -2
v 2.3 5.1 -2
v -2.2 5.1 -2.1
v -2.1 5.1 -2.1
v 2.1 5.1 -2.1
v 2.2 5.1 -2.1
v 2.3 5.1 -2.1
v -2.2 5.1 -2.2
v -2.1 5.1 -2.2
v -2 5.1 -2.2
v 2.1 5.1 -2.2
v 2.2 5.1 -2.2
v -2.1 5.1 -2.3
v -2 5.1 -2.3
v -0.0999999 5.1 -3
v 0.2 5.1 -3
v -0.0999999 5.1 -3.1
v 0.2 5.1 -3.1
v -0.6 5.3 3.2
v 0.6 5.3 3.2
v -1 5.3 3.1
v -0.6 5.3 3.1
v 0.6 5.3 3.1
v 1 5.3 3.1
v -1.3 5.3 3
v -1 5.3 3
v -0.6 5.3 3
v 0.6 5.3 3
v 1 5.3 3
v 1.3 5.3 3
v -1.5 5.3 2.9
v -1.3 5.3 2.9
v -1 5.3 2.9
v -0.6 5.3 2.9
v 0.6 5.3 2.9
v 1 5.3 2.9
v 1.3 5.3 2.9
v 1.5 5.3 2.9
v -1.7 5.3 2.8
v -1.5 5.3 2.8
v -1.2 5.3 2.8
v -1 5.3 2.8
v 1 5.3 2.8
v 1.2 5.3 2.8
v 1.5 5.3 2.8
v 1.7 5.3 2.8
v -1.8 5.3 2.7
v -1.7 5.3 2.7
v -1.4 5.3 2.7
v -1.2 5.3 2.7
v 1.2 5.3 2.7
v 1.4 5.3 2.7
v 1.7 5.3 2.7
v 1.8 5.3 2.7
v -2 5.3 2.6
v -1.8 5.3 2.6
v -1.6 5.3 2.6
v -1.4 5.3 2.6
v 1.4 5.3 2.6
v 1.6 5.3 2.6
v 1.8 5.3 2.6
v 2 5.3 2.6
v -2.1 5.3 2.5
v -2 5.3 2.5
v -1.8 5.3 2.5
v -1.6 5.3 2.5
v 1.6 5.3 2.5
v 1.8 5.3 2.5
v 2 5.3 2.5
v 2.1 5.3 2.5
v -2.2 5.3 2.4
v -2.1 5.3 2.4
v -1.9 5.3 2.4
v -1.8 5.3 2.4
v 1.8 5.3 2.4
v 1.9 5.3 2.4
v 2.1 5.3 2.4
v 2.2 5.3 2.4
v -2.3 5.3 2.3
v -2.2 5.3 2.3
v -2 5.3 2.3
v -1.9 5.3 2.3
v 1.9 5.3 2.3
v 2 5.3 2.3
v 2.2 5.3 2.3
v 2.3 5.3 2.3
v -2.4 5.3 2.2
v -2.3 5.3 2.2
v -2.1 5.3 2.2
v -2 5.3 2.2
v 2 5.3 2.2
v 2.1 5.3 2.2
v 2.3 5.3 2.2
v 2.4 5.3 2.2
v -2.5 5.3 2.1
v -2.4 5.3 2.1
v -2.2 5.3 2.1
v -2.1 5.3 2.1
v 2.1 5.3 2.1
v 2.2 5.3 2.1
v 2.4 5.3 2.1
v 2.5 5.3 2.1
v -2.6 5.3 2
v -2.5 5.3 2
v -2.3 5.3 2
v -2.2 5.3 2
v 2.2 5.3 2
v 2.3 5.3 2
v 2.5 5.3 2
v 2.6 5.3 2
v -2.4 5.3 1.9
v -2.3 5.3 1.9
v 2.3 5.3 1.9
v 2.4 5.3 1.9
v -2.7 5.3 1.8
v -2.6 5.3 1.8
v -2.5 5.3 1.8
v -2.4 5.3 1.8
v 2.4 5.3 1.8
v 2.5 5.3 1.8
v 2.6 5.3 1.8
v 2.7 5.3 1.8
v -2.8 5.3 1.7
v -2.7 5.3 1.7
v 2.7 5.3 1.7
v 2.8 5.3 1.7
v -2.6 5.3 1.6
v -2.5 5.3 1.6
v 2.5 5.3 1.6
v 2.6 5.3 1.6
v -2.9 5.3 1.5
v -2.8 5.3 1.5
v 2.8 5.3 1.5
v 2.9 5.3 1.5
v -2.7 5.3 1.4
v -2.6 5.3 1.4
v 2.6 5.3 1.4
v 2.7 5.3 1.4
v -3 5.3 1.3
v -2.9 5.3 1.3
v 2.9 5.3 1.3
v 3 5.3 1.3
v -2.8 5.3 1.2
v -2.7 5.3 1.2
v 2.7 5.3 1.2
v 2.8 5.3 1.2
v -3.1 5.3 1
v -3 5.3 1
v -2.9 5.3 1
v -2.8 5.3 1
v 2.8 5.3 1
v 2.9 5.3 1
v 3 5.3 1
v 3.1 5.3 1
v -3.2 5.3 0.6
v -3.1 5.3 0.6
v -3 5.3 0.6
v -2.9 5.3 0.6
v 2.9 5.3 0.6
v 3 5.3 0.6
v 3.1 5.3 0.6
v 3.2 5.3 0.6
v -3.2 5.3 -0.6
v -3.1 5.3 -0.6
v -3 5.3 -0.6
v -2.9 5.3 -0.6
v 2.9 5.3 -0.6
v 3 5.3 -0.6
v 3.1 5.3 -0.6
v 3.2 5.3 -0.6
v -3.1 5.3 -1
v -3 5.3 -1
v -2.9 5.3 -1
v -2.8 5.3 -1
v 2.8 5.3 -1
v 2.9 5.3 -1
v 3 5.3 -1
v 3.1 5.3 -1
v -2.8 5.3 -1.2
v -2.7 5.3 -1.2
v 2.7 5.3 -1.2
v 2.8 5.3 -1.2
v -3 5.3 -1.3
v -2.9 5.3 -1.3
v 2.9 5.3 -1.3
v 3 5.3 -1.3
v -2.7 5.3 -1.4
v -2.6 5.3 -1.4
v 2.6 5.3 -1.4
v 2.7 5.3 -1.4
v -2.9 5.3 -1.5
v -2.8 5.3 -1.5
v 2.8 5.3 -1.5
v 2.9 5.3 -1.5
v -2.6 5.3 -1.6
v -2.5 5.3 -1.6
v 2.5 5.3 -1.6
v 2.6 5.3 -1.6
v -2.8 5.3 -1.7
v -2.7 5.3 -1.7
v 2.7 5.3 -1.7
v 2.8 5.3 -1.7
v -2.7 5.3 -1.8
v -2.6 5.3 -1.8
v -2.5 5.3 -1.8
v -2.4 5.3 -1.8
v 2.4 5.3 -1.8
v 2.5 5.3 -1.8
v 2.6 5.3 -1.8
v 2.7 5.3 -1.8
v -2.4 5.3 -1.9
v -2.3 5.3 -1.9
v 2.3 5.3 -1.9
v 2.4 5.3 -1.9
v -2.6 5.3 -2
v -2.5 5.3 -2
v -2.3 5.3 -2
v -2.2 5.3 -2
v 2.2 5.3 -2
v 2.3 5.3 -2
v 2.5 5.3 -2
v 2.6 5.3 -2
v -2.5 5.3 -2.1
v -2.4 5.3 -2.1
v -2.2 5.3 -2.1
v -2.1 5.3 -2.1
v 2.1 5.3 -2.1
v 2.2 5.3 -2.1
v 2.4 5.3 -2.1
v 2.5 5.3 -2.1
v -2.4 5.3 -2.2
v -2.3 5.3 -2.2
v -2.1 5.3 -2.2
v -2 5.3 -2.2
v 2 5.3 -2.2
v 2.1 5.3 -2.2
v 2.3 5.3 -2.2
v 2.4 5.3 -2.2
v -2.3 5.3 -2.3
v -2.2 5.3 -2.3
v -2 5.3 -2.3
v -1.9 5.3 -2.3
v 1.9 5.3 -2.3
v 2 5.3 -2.3
v 2.2 5.3 -2.3
v 2.3 5.3 -2.3
v -2.2 5.3 -2.4
v -2.1 5.3 -2.4
v -1.9 5.3 -2.4
v -1.8 5.3 -2.4
v 1.8 5.3 -2.4
v 1.9 5.3 -2.4
v 2.1 5.3 -2.4
v 2.2 5.3 -2.4
v -2.1 5.3 -2.5
v -2 5.3 -2.5
v -1.8 5.3 -2.5
v -1.6 5.3 -2.5
v 1.6 5.3 -2.5
v 1.8 5.3 -2.5
v 2 5.3 -2.5
v 2.1 5.3 -2.5
v -2 5.3 -2.6
v -1.8 5.3 -2.6
v -1.6 5.3 -2.6
v -1.4 5.3 -2.6
v 1.4 5.3 -2.6
v 1.6 5.3 -2.6
v 1.8 5.3 -2.6
v 2 5.3 -2.6
v -1.8 5.3 -2.7
v -1.7 5.3 -2.7
v -1.4 5.3 -2.7
v -1.2 5.3 -2.7
v 1.2 5.3 -2.7
v 1.4 5.3 -2.7
v 1.7 5.3 -2.7
v 1.8 5.3 -2.7
v -1.7 5.3 -2.8
v -1.5 5.3 -2.8
v -1.2 5.3 -2.8
v -1 5.3 -2.8
v 1 5.3 -2.8
v 1.2 5.3 -2.8
v 1.5 5.3 -2.8
v 1.7 5.3 -2.8
v -1.5 5.3 -2.9
v -1.3 5.3 -2.9
v -1 5.3 -2.9
v -0.6 5.3 -2.9
v 0.6 5.3 -2.9
v 1 5.3 -2.9
v 1.3 5.3 -2.9
v 1.5 5.3 -2.9
v -1.3 5.3 -3
v -1 5.3 -3
v -0.6 5.3 -3
v 0.6 5.3 -3
v 1 5.3 -3
v 1.3 5.3 -3
v -1 5.3 -3.1
v -0.6 5.3 -3.1
v 0.6 5.3 -3.1
v 1 5.3 -3.1
v -0.6 5.3 -3.2
v 0.6 5.3 -3.2
v -0.6 4.7 3.2
v 0.6 4.7 3.2
v -1 4.7 3.1
v -0.6 4.7 3.1
v 0.6 4.7 3.1
v 1 4.7 3.1
v -1.3 4.7 3
v -1 4.7 3
v -0.6 4.7 3
v 0.6 4.7 3
v 1 4.7 3
v 1.3 4.7 3
v -1.5 4.7 2.9
v -1.3 4.7 2.9
v -1 4.7 2.9
v -0.6 4.7 2.9
v 0.6 4.7 2.9
v 1 4.7 2.9
v 1.3 4.7 2.9
v 1.5 4.7 2.9
v -1.7 4.7 2.8
v -1.5 4.7 2.8
v -1.2 4.7 2.8
v -1 4.7 2.8
v 1 4.7 2.8
v 1.2 4.7 2.8
v 1.5 4.7 2.8
v 1.7 4.7 2.8
v -1.8 4.7 2.7
v -1.7 4.7 2.7
v -1.4 4.7 2.7
v -1.2 4.7 2.7
v 1.2 4.7 2.7
v 1.4 4.7 2.7
v 1.7 4.7 2.7
v 1.8 4.7 2.7
v -2 4.7 2.6
v -1.8 4.7 2.6
v -1.6 4.7 2.6
v -1.4 4.7 2.6
v 1.4 4.7 2.6
v 1.6 4.7 2.6
v 1.8 4.7 2.6
v 2 4.7 2.6
v -2.1 4.7 2.5
v -2 4.7 2.5
v -1.8 4.7 2.5
v -1.6 4.7 2.5
v 1.6 4.7 2.5
v 1.8 4.7 2.5
v 2 4.7 2.5
v 2.1 4.7 2.5
v -2.2 4.7 2.4
v -2.1 4.7 2.4
v -1.9 4.7 2.4
v -1.8 4.7 2.4
v 1.8 4.7 2.4
v 1.9 4.7 2.4
v 2.1 4.7 2.4
v 2.2 4.7 2.4
v -2.3 4.7 2.3
v -2.2 4.7 2.3
v -2 4.7 2.3
v -1.9 4.7 2.3
v 1.9 4.7 2.3
v 2 4.7 2.3
v 2.2 4.7 2.3
v 2.3 4.7 2.3
v -2.4 4.7 2.2
v -2.3 4.7 2.2
v -2.1 4.7 2.2
v -2 4.7 2.2
v 2 4.7 2.2
v 2.1 4.7 2.2
v 2.3 4.7 2.2
v 2.4 4.7 2.2
v -2.5 4.7 2.1
v -2.4 4.7 2.1
v -2.2 4.7 2.1
v -2.1 4.7 2.1
v 2.1 4.7 2.1
v 2.2 4.7 2.1
v 2.4 4.7 2.1
v 2.5 4.7 2.1
v -2.6 4.7 2
v -2.5 4.7 2
v -2.3 4.7 2
v -2.2 4.7 2
v 2.2 4.7 2
v 2.3 4.7 2
v 2.5 4.7 2
v 2.6 4.7 2
v -2.4 4.7 1.9
v -2.3 4.7 1.9
v 2.3 4.7 1.9
v 2.4 4.7 1.9
v -2.7 4.7 1.8
v -2.6 4.7 1.8
v -2.5 4.7 1.8
v -2.4 4.7 1.8
v 2.4 4.7 1.8
v 2.5 4.7 1.8
v 2.6 4.7 1.8
v 2.7 4.7 1.8
v -2.8 4.7 1.7
v -2.7 4.7 1.7
v 2.7 4.7 1.7
v 2.8 4.7 1.7
v -2.6 4.7 1.6
v -2.5 4.7 1.6
v 2.5 4.7 1.6
v 2.6 4.7 1.6
v -2.9 4.7 1.5
v -2.8 4.7 1.5
v 2.8 4.7 1.5
v 2.9 4.7 1.5
v -2.7 4.7 1.4
v -2.6 4.7 1.4
v 2.6 4.7 1.4
v 2.7 4.7 1.4
v -3 4.7 1.3
v -2.9 4.7 1.3
v 2.9 4.7 1.3
v 3 4.7 1.3
v -2.8 4.7 1.2
v -2.7 4.7 1.2
v 2.7 4.7 1.2
v 2.8 4.7 1.2
v -3.1 4.7 1
v -3 4.7 1
v -2.9 4.7 1
v -2.8 4.7 1
v 2.8 4.7 1
v 2.9 4.7 1
v 3 4.7 1
v 3.1 4.7 1
v -3.2 4.7 0.6
v -3.1 4.7 0.6
v -3 4.7 0.6
v -2.9 4.7 0.6
v 2.9 4.7 0.6
v 3 4.7 0.6
v 3.1 4.7 0.6
v 3.2 4.7 0.6
v -3.2 4.7 -0.6
v -3.1 4.7 -0.6
v -3 4.7 -0.6
v -2.9 4.7 -0.6
v 2.9 4.7 -0.6
v 3 4.7 -0.6
v 3.1 4.7 -0.6
v 3.2 4.7 -0.6
v -3.1 4.7 -1
v -3 4.7 -1
v -2.9 4.7 -1
v -2.8 4.7 -1
v 2.8 4.7 -1
v 2.9 4.7 -1
v 3 4.7 -1
v 3.1 4.7 -1
v -2.8 4.7 -1.2
v -2.7 4.7 -1.2
v 2.7 4.7 -1.2
v 2.8 4.7 -1.2
v -3 4.7 -1.3
v -2.9 4.7 -1.3
v 2.9 4.7 -1.3
v 3 4.7 -1.3
v -2.7 4.7 -1.4
v -2.6 4.7 -1.4
v 2.6 4.7 -1.4
v 2.7 4.7 -1.4
v -2.9 4.7 -1.5
v -2.8 4.7 -1.5
v 2.8 4.7 -1.5
v 2.9 4.7 -1.5
v -2.6 4.7 -1.6
v -2.5 4.7 -1.6
v 2.5 4.7 -1.6
v 2.6 4.7 -1.6
v -2.8 4.7 -1.7
v -2.7 4.7 -1.7
v 2.7 4.7 -1.7
v 2.8 4.7 -1.7
v -2.7 4.7 -1.8
v -2.6 4.7 -1.8
v -2.5 4.7 -1.8
v -2.4 4.7 -1.8
v 2.4 4.7 -1.8
v 2.5 4.7 -1.8
v 2.6 4.7 -1.8
v 2.7 4.7 -1.8
v -2.4 4.7 -1.9
v -2.3 4.7 -1.9
v 2.3 4.7 -1.9
v 2.4 4.7 -1.9
v -2.6 4.7 -2
v -2.5 4.7 -2
v -2.3 4.7 -2
v -2.2 4.7 -2
v 2.2 4.7 -2
v 2.3 4.7 -2
v 2.5 4.7 -2
v 2.6 4.7 -2
v -2.5 4.7 -2.1
v -2.4 4.7 -2.1
v -2.2 4.7 -2.1
v -2.1 4.7 -2.1
v 2.1 4.7 -2.1
v 2.2 4.7 -2.1
v 2.4 4.7 -2.1
v 2.5 4.7 -2.1
v -2.4 4.7 -2.2
v -2.3 4.7 -2.2
v -2.1 4.7 -2.2
v -2 4.7 -2.2
v 2 4.7 -2.2
v 2.1 4.7 -2.2
v 2.3 4.7 -2.2
v 2.4 4.7 -2.2
v -2.3 4.7 -2.3
v -2.2 4.7 -2.3
v -2 4.7 -2.3
v -1.9 4.7 -2.3
v 1.9 4.7 -2.3
v 2 4.7 -2.3
v 2.2 4.7 -2.3
v 2.3 4.7 -2.3
v -2.2 4.7 -2.4
v -2.1 4.7 -2.4
v -1.9 4.7 -2.4
v -1.8 4.7 -2.4
v 1.8 4.7 -2.4
v 1.9 4.7 -2.4
v 2.1 4.7 -2.4
v 2.2 4.7 -2.4
v -2.1 4.7 -2.5
v -2 4.7 -2.5
v -1.8 4.7 -2.5
v -1.6 4.7 -2.5
v 1.6 4.7 -2.5
v 1.8 4.7 -2.5
v 2 4.7 -2.5
v 2.1 4.7 -2.5
v -2 4.7 -2.6
v -1.8 4.7 -2.6
v -1.6 4.7 -2.6
v -1.4 4.7 -2.6
v 1.4 4.7 -2.6
v 1.6 4.7 -2.6
v 1.8 4.7 -2.6
v 2 4.7 -2.6
v -1.8 4.7 -2.7
v -1.7 4.7 -2.7
v -1.4 4.7 -2.7
v -1.2 4.7 -2.7
v 1.2 4.7 -2.7
v 1.4 4.7 -2.7
v 1.7 4.7 -2.7
v 1.8 4.7 -2.7
v -1.7 4.7 -2.8
v -1.5 4.7 -2.8
v -1.2 4.7 -2.8
v -1 4.7 -2.8
v 1 4.7 -2.8
v 1.2 4.7 -2.8
v 1.5 4.7 -2.8
v 1.7 4.7 -2.8
v -1.5 4.7 -2.9
v -1.3 4.7 -2.9
v -1 4.7 -2.9
v -0.6 4.7 -2.9
v 0.6 4.7 -2.9
v 1 4.7 -2.9
v 1.3 4.7 -2.9
v 1.5 4.7 -2.9
v -1.3 4.7 -3
v -1 4.7 -3
v -0.6 4.7 -3
v 0.6 4.7 -3
v 1 4.7 -3
v 1.3 4.7 -3
v -1 4.7 -3.1
v -0.6 4.7 -3.1
v 0.6 4.7 -3.1
v 1 4.7 -3.1
v -0.6 4.7 -3.2
v 0.6 4.7 -3.2
v -0.0999999 4.9 3.1
v 0.2 4.9 3.1
v -0.0999999 4.9 3
v 0.2 4.9 3
v -2.1 4.9 2.3
v -2 4.9 2.3
v -2.2 4.9 2.2
v -2.1 4.9 2.2
v -2 4.9 2.2
v 2.1 4.9 2.2
v 2.2 4.9 2.2
v -2.2 4.9 2.1
v -2.1 4.9 2.1
v 2.1 4.9 2.1
v 2.2 4.9 2.1
v 2.3 4.9 2.1
v 2.2 4.9 2
v 2.3 4.9 2
v -3.1 4.9 0.2
v -3 4.9 0.2
v 3 4.9 0.0999999
v 3.1 4.9 0.0999999
v -3.1 4.9 -0.1
v -3 4.9 -0.1
v 3 4.9 -0.2
v 3.1 4.9 -0.2
v -2.3 4.9 -2
v -2.2 4.9 -2
v -2.3 4.9 -2.1
v -2.2 4.9 -2.1
v -2.1 4.9 -2.1
v 2.1 4.9 -2.1
v 2.2 4.9 -2.1
v -2.2 4.9 -2.2
v -2.1 4.9 -2.2
v 2 4.9 -2.2
v 2.1 4.9 -2.2
v 2.2 4.9 -2.2
v 2 4.9 -2.3
v 2.1 4.9 -2.3
v -0.2 4.9 -3
v 0.1 4.9 -3
v -0.2 4.9 -3.1
v 0.1 4.9 -3.1
v -0.2 5 3.1
v -0.0999999 5 3.1
v 0.3 5 3.1
v 0.5 5 3.1
v -0.2 5 3
v -0.0999999 5 3
v 0.3 5 3
v 0.5 5 3
v -1.9 5 2.5
v -1.8 5 2.5
v -1.9 5 2.4
v -1.8 5 2.4
v 2 5 2.3
v 2.1 5 2.3
v 2 5 2.2
v 2.1 5 2.2
v -2.3 5 2.1
v -2.2 5 2.1
v -2.3 5 2
v -2.2 5 2
v 2.4 5 1.9
v 2.5 5 1.9
v 2.4 5 1.8
v 2.5 5 1.8
v -3.1 5 0.5
v -3 5 0.5
v -3.1 5 0.3
v -3 5 0.3
v 3 5 0.2
v 3.1 5 0.2
v 3 5 0.0999999
v 3.1 5 0.0999999
v -3.1 5 -0.1
v -3 5 -0.1
v -3.1 5 -0.2
v -3 5 -0.2
v 3 5 -0.3
v 3.1 5 -0.3
v 3 5 -0.5
v 3.1 5 -0.5
v -2.5 5 -1.8
v -2.4 5 -1.8
v -2.5 5 -1.9
v -2.4 5 -1.9
v 2.2 5 -2
v 2.3 5 -2
v 2.2 5 -2.1
v 2.3 5 -2.1
v -2.1 5 -2.2
v -2 5 -2.2
v -2.1 5 -2.3
v -2 5 -2.3
v 1.8 5 -2.4
v 1.9 5 -2.4
v 1.8 5 -2.5
v 1.9 5 -2.5
v -0.5 5 -3
v -0.3 5 -3
v 0.1 5 -3
v 0.2 5 -3
v -0.5 5 -3.1
v -0.3 5 -3.1
v 0.1 5 -3.1
v 0.2 5 -3.1
v -0.5 5.1 3.1
v -0.2 5.1 3.1
v 0.2 5.1 3.1
v 0.3 5.1 3.1
v -0.5 5.1 3
v -0.2 5.1 3
v 0.2 5.1 3
v 0.3 5.1 3
v 1.8 5.1 2.5
v 1.9 5.1 2.5
v -2 5.1 2.4
v -1.9 5.1 2.4
v 1.8 5.1 2.4
v 1.9 5.1 2.4
v 2 5.1 2.4
v -2 5.1 2.3
v -1.9 5.1 2.3
v 1.9 5.1 2.3
v 2 5.1 2.3
v -2.4 5.1 2
v -2.3 5.1 2
v 2.3 5.1 2
v 2.4 5.1 2
v -2.5 5.1 1.9
v -2.4 5.1 1.9
v -2.3 5.1 1.9
v 2.3 5.1 1.9
v 2.4 5.1 1.9
v -2.5 5.1 1.8
v -2.4 5.1 1.8
v 3 5.1 0.5
v 3.1 5.1 0.5
v -3.1 5.1 0.3
v -3 5.1 0.3
v -3.1 5.1 0.2
v -3 5.1 0.2
v 3 5.1 0.2
v 3.1 5.1 0.2
v -3.1 5.1 -0.2
v -3 5.1 -0.2
v 3 5.1 -0.2
v 3.1 5.1 -0.2
v 3 5.1 -0.3
v 3.1 5.1 -0.3
v -3.1 5.1 -0.5
v -3 5.1 -0.5
v 2.4 5.1 -1.8
v 2.5 5.1 -1.8
v -2.4 5.1 -1.9
v -2.3 5.1 -1.9
v 2.3 5.1 -1.9
v 2.4 5.1 -1.9
v 2.5 5.1 -1.9
v -2.4 5.1 -2
v -2.3 5.1 -2
v 2.3 5.1 -2
v 2.4 5.1 -2
v -2 5.1 -2.3
v -1.9 5.1 -2.3
v 1.9 5.1 -2.3
v 2 5.1 -2.3
v -2 5.1 -2.4
v -1.9 5.1 -2.4
v -1.8 5.1 -2.4
v 1.9 5.1 -2.4
v 2 5.1 -2.4
v -1.9 5.1 -2.5
v -1.8 5.1 -2.5
v -0.3 5.1 -3
v -0.2 5.1 -3
v 0.2 5.1 -3
v 0.5 5.1 -3
v -0.3 5.1 -3.1
v -0.2 5.1 -3.1
v 0.2 5.1 -3.1
v 0.5 5.1 -3.1
v -0.2 5.2 3.1
v 0.2 5.2 3.1
v -0.2 5.2 3
v 0.2 5.2 3
v -2.1 5.2 2.3
v -2 5.2 2.3
v 2 5.2 2.3
v 2.1 5.2 2.3
v -2.2 5.2 2.2
v -2.1 5.2 2.2
v -2 5.2 2.2
v 2 5.2 2.2
v 2.1 5.2 2.2
v 2.2 5.2 2.2
v -2.3 5.2 2.1
v -2.2 5.2 2.1
v -2.1 5.2 2.1
v 2.1 5.2 2.1
v 2.2 5.2 2.1
v 2.3 5.2 2.1
v -2.3 5.2 2
v -2.2 5.2 2
v 2.2 5.2 2
v 2.3 5.2 2
v -3.1 5.2 0.2
v -3 5.2 0.2
v 3 5.2 0.2
v 3.1 5.2 0.2
v -3.1 5.2 -0.2
v -3 5.2 -0.2
v 3 5.2 -0.2
v 3.1 5.2 -0.2
v -2.3 5.2 -2
v -2.2 5.2 -2
v 2.2 5.2 -2
v 2.3 5.2 -2
v -2.3 5.2 -2.1
v -2.2 5.2 -2.1
v -2.1 5.2 -2.1
v 2.1 5.2 -2.1
v 2.2 5.2 -2.1
v 2.3 5.2 -2.1
v -2.2 5.2 -2.2
v -2.1 5.2 -2.2
v -2 5.2 -2.2
v 2 5.2 -2.2
v 2.1 5.2 -2.2
v 2.2 5.2 -2.2
v -2.1 5.2 -2.3
v -2 5.2 -2.3
v 2 5.2 -2.3
v 2.1 5.2 -2.3
v -0.2 5.2 -3
v 0.2 5.2 -3
v -0.2 5.2 -3.1
v 0.2 5.2 -3.1
v -0.6 5.5 3.2
v 0.6 5.5 3.2
v -1 5.5 3.1
v -0.6 5.5 3.1
v 0.6 5.5 3.1
v 1 5.5 3.1
v -1.3 5.5 3
v -1 5.5 3
v 1 5.5 3
v 1.3 5.5 3
v -1.5 5.5 2.9
v -1.3 5.5 2.9
v 1.3 5.5 2.9
v 1.5 5.5 2.9
v -1.7 5.5 2.8
v -1.5 5.5 2.8
v -0.6 5.5 2.8
v 0.6 5.5 2.8
v 1.5 5.5 2.8
v 1.7 5.5 2.8
v -1.8 5.5 2.7
v -1.7 5.5 2.7
v -0.9 5.5 2.7
v -0.6 5.5 2.7
v 0.6 5.5 2.7
v 0.9 5.5 2.7
v 1.7 5.5 2.7
v 1.8 5.5 2.7
v -2 5.5 2.6
v -1.8 5.5 2.6
v -1.2 5.5 2.6
v -0.9 5.5 2.6
v 0.9 5.5 2.6
v 1.2 5.5 2.6
v 1.8 5.5 2.6
v 2 5.5 2.6
v -2.1 5.5 2.5
v -2 5.5 2.5
v -1.4 5.5 2.5
v -1.2 5.5 2.5
v 1.2 5.5 2.5
v 1.4 5.5 2.5
v 2 5.5 2.5
v 2.1 5.5 2.5
v -2.2 5.5 2.4
v -2.1 5.5 2.4
v -1.6 5.5 2.4
v -1.4 5.5 2.4
v 1.4 5.5 2.4
v 1.6 5.5 2.4
v 2.1 5.5 2.4
v 2.2 5.5 2.4
v -2.3 5.5 2.3
v -2.2 5.5 2.3
v -1.7 5.5 2.3
v -1.6 5.5 2.3
v 1.6 5.5 2.3
v 1.7 5.5 2.3
v 2.2 5.5 2.3
v 2.3 5.5 2.3
v -2.4 5.5 2.2
v -2.3 5.5 2.2
v -1.8 5.5 2.2
v -1.7 5.5 2.2
v 1.7 5.5 2.2
v 1.8 5.5 2.2
v 2.3 5.5 2.2
v 2.4 5.5 2.2
v -2.5 5.5 2.1
v -2.4 5.5 2.1
v -1.9 5.5 2.1
v -1.8 5.5 2.1
v 1.8 5.5 2.1
v 1.9 5.5 2.1
v 2.4 5.5 2.1
v 2.5 5.5 2.1
v -2.6 5.5 2
v -2.5 5.5 2
v -2 5.5 2
v -1.9 5.5 2
v 1.9 5.5 2
v 2 5.5 2
v 2.5 5.5 2
v 2.6 5.5 2
v -2.1 5.5 1.9
v -2 5.5 1.9
v 2 5.5 1.9
v 2.1 5.5 1.9
v -2.7 5.5 1.8
v -2.6 5.5 1.8
v -2.2 5.5 1.8
v -2.1 5.5 1.8
v 2.1 5.5 1.8
v 2.2 5.5 1.8
v 2.6 5.5 1.8
v 2.7 5.5 1.8
v -2.8 5.5 1.7
v -2.7 5.5 1.7
v -2.3 5.5 1.7
v -2.2 5.5 1.7
v 2.2 5.5 1.7
v 2.3 5.5 1.7
v 2.7 5.5 1.7
v 2.8 5.5 1.7
v -2.4 5.5 1.6
v -2.3 5.5 1.6
v 2.3 5.5 1.6
v 2.4 5.5 1.6
v -2.9 5.5 1.5
v -2.8 5.5 1.5
v 2.8 5.5 1.5
v 2.9 5.5 1.5
v -2.5 5.5 1.4
v -2.4 5.5 1.4
v 2.4 5.5 1.4
v 2.5 5.5 1.4
v -3 5.5 1.3
v -2.9 5.5 1.3
v 2.9 5.5 1.3
v 3 5.5 1.3
v -2.6 5.5 1.2
v -2.5 5.5 1.2
v 2.5 5.5 1.2
v 2.6 5.5 1.2
v -3.1 5.5 1
v -3 5.5 1
v 3 5.5 1
v 3.1 5.5 1
v -2.7 5.5 0.9
v -2.6 5.5 0.9
v 2.6 5.5 0.9
v 2.7 5.5 0.9
v -3.2 5.5 0.6
v -3.1 5.5 0.6
v -2.8 5.5 0.6
v -2.7 5.5 0.6
v 2.7 5.5 0.6
v 2.8 5.5 0.6
v 3.1 5.5 0.6
v 3.2 5.5 0.6
v -3.2 5.5 -0.6
v -3.1 5.5 -0.6
v -2.8 5.5 -0.6
v -2.7 5.5 -0.6
v 2.7 5.5 -0.6
v 2.8 5.5 -0.6
v 3.1 5.5 -0.6
v 3.2 5.5 -0.6
v -2.7 5.5 -0.9
v -2.6 5.5 -0.9
v 2.6 5.5 -0.9
v 2.7 5.5 -0.9
v -3.1 5.5 -1
v -3 5.5 -1
v 3 5.5 -1
v 3.1 5.5 -1
v -2.6 5.5 -1.2
v -2.5 5.5 -1.2
v 2.5 5.5 -1.2
v 2.6 5.5 -1.2
v -3 5.5 -1.3
v -2.9 5.5 -1.3
v 2.9 5.5 -1.3
v 3 5.5 -1.3
v -2.5 5.5 -1.4
v -2.4 5.5 -1.4
v 2.4 5.5 -1.4
v 2.5 5.5 -1.4
v -2.9 5.5 -1.5
v -2.8 5.5 -1.5
v 2.8 5.5 -1.5
v 2.9 5.5 -1.5
v -2.4 5.5 -1.6
v -2.3 5.5 -1.6
v 2.3 5.5 -1.6
v 2.4 5.5 -1.6
v -2.8 5.5 -1.7
v -2.7 5.5 -1.7
v -2.3 5.5 -1.7
v -2.2 5.5 -1.7
v 2.2 5.5 -1.7
v 2.3 5.5 -1.7
v 2.7 5.5 -1.7
v 2.8 5.5 -1.7
v -2.7 5.5 -1.8
v -2.6 5.5 -1.8
v -2.2 5.5 -1.8
v -2.1 5.5 -1.8
v 2.1 5.5 -1.8
v 2.2 5.5 -1.8
v 2.6 5.5 -1.8
v 2.7 5.5 -1.8
v -2.1 5.5 -1.9
v -2 5.5 -1.9
v 2 5.5 -1.9
v 2.1 5.5 -1.9
v -2.6 5.5 -2
v -2.5 5.5 -2
v -2 5.5 -2
v -1.9 5.5 -2
v 1.9 5.5 -2
v 2 5.5 -2
v 2.5 5.5 -2
v 2.6 5.5 -2
v -2.5 5.5 -2.1
v -2.4 5.5 -2.1
v -1.9 5.5 -2.1
v -1.8 5.5 -2.1
v 1.8 5.5 -2.1
v 1.9 5.5 -2.1
v 2.4 5.5 -2.1
v 2.5 5.5 -2.1
v -2.4 5.5 -2.2
v -2.3 5.5 -2.2
v -1.8 5.5 -2.2
v -1.7 5.5 -2.2
v 1.7 5.5 -2.2
v 1.8 5.5 -2.2
v 2.3 5.5 -2.2
v 2.4 5.5 -2.2
v -2.3 5.5 -2.3
v -2.2 5.5 -2.3
v -1.7 5.5 -2.3
v -1.6 5.5 -2.3
v 1.6 5.5 -2.3
v 1.7 5.5 -2.3
v 2.2 5.5 -2.3
v 2.3 5.5 -2.3
v -2.2 5.5 -2.4
v -2.1 5.5 -2.4
v -1.6 5.5 -2.4
v -1.4 5.5 -2.4
v 1.4 5.5 -2.4
v 1.6 5.5 -2.4
v 2.1 5.5 -2.4
v 2.2 5.5 -2.4
v -2.1 5.5 -2.5
v -2 5.5 -2.5
v -1.4 5.5 -2.5
v -1.2 5.5 -2.5
v 1.2 5.5 -2.5
v 1.4 5.5 -2.5
v 2 5.5 -2.5
v 2.1 5.5 -2.5
v -2 5.5 -2.6
v -1.8 5.5 -2.6
v -1.2 5.5 -2.6
v -0.9 5.5 -2.6
v 0.9 5.5 -2.6
v 1.2 5.5 -2.6
v 1.8 5.5 -2.6
v 2 5.5 -2.6
v -1.8 5.5 -2.7
v -1.7 5.5 -2.7
v -0.9 5.5 -2.7
v -0.6 5.5 -2.7
v 0.6 5.5 -2.7
v 0.9 5.5 -2.7
v 1.7 5.5 -2.7
v 1.8 5.5 -2.7
v -1.7 5.5 -2.8
v -1.5 5.5 -2.8
v -0.6 5.5 -2.8
v 0.6 5.5 -2.8
v 1.5 5.5 -2.8
v 1.7 5.5 -2.8
v -1.5 5.5 -2.9
v -1.3 5.5 -2.9
v 1.3 5.5 -2.9
v 1.5 5.5 -2.9
v -1.3 5.5 -3
v -1 5.5 -3
v 1 5.5 -3
v 1.3 5.5 -3
v -1 5.5 -3.1
v -0.6 5.5 -3.1
v 0.6 5.5 -3.1
v 1 5.5 -3.1
v -0.6 5.5 -3.2
v 0.6 5.5 -3.2

# faces
f 3/1/1 2/1/1 1/1/1
f 4/1/1 2/1/1 3/1/1
f 7/1/1 6/1/1 5/1/1
f 8/1/1 6/1/1 7/1/1
f 13/1/1 10/1/1 9/1/1
f 14/1/1 10/1/1 13/1/1
f 15/1/1 12/1/1 11/1/1
f 16/1/1 12/1/1 15/1/1
f 20/2/1 18/2/1 17/2/1
f 21/2/1 18/2/1 20/2/1
f 22/2/1 18/2/1 21/2/1
f 24/2/1 20/2/1 19/2/1
f 25/2/1 20/2/1 24/2/1
f 26/2/1 20/2/1 25/2/1
f 28/2/1 23/2/1 22/2/1
f 28/2/1 22/2/1 21/2/1
f 29/2/1 23/2/1 28/2/1
f 30/2/1 23/2/1 29/2/1
f 32/2/1 27/2/1 26/2/1
f 32/2/1 26/2/1 25/2/1
f 33/2/1 27/2/1 32/2/1
f 34/2/1 27/2/1 33/2/1
f 35/2/1 31/2/1 30/2/1
f 35/2/1 30/2/1 29/2/1
f 36/2/1 31/2/1 35/2/1
f 37/2/1 34/2/1 33/2/1
f 37/2/1 35/2/1 34/2/1
f 38/2/1 35/2/1 37/2/1
f 43/1/1 40/1/1 39/1/1
f 44/1/1 40/1/1 43/1/1
f 45/1/1 42/1/1 41/1/1
f 46/1/1 42/1/1 45/1/1
f 51/1/1 48/1/1 47/1/1
f 52/1/1 48/1/1 51/1/1
f 55/1/1 50/1/1 49/1/1
f 56/1/1 50/1/1 55/1/1
f 57/3/1 54/3/1 53/3/1
f 58/3/1 54/3/1 57/3/1
f 59/3/1 57/3/1 53/3/1
f 60/3/1 57/3/1 59/3/1
f 62/3/1 54/3/1 58/3/1
f 63/3/1 54/3/1 62/3/1
f 64/3/1 59/3/1 53/3/1
f 66/3/1 61/3/1 60/3/1
f 67/3/1 61/3/1 66/3/1
f 68/3/1 61/3/1 67/3/1
f 70/3/1 54/3/1 63/3/1
f 71/3/1 54/3/1 70/3/1
f 72/3/1 65/3/1 64/3/1
f 74/3/1 69/3/1 68/3/1
f 74/3/1 68/3/1 67/3/1
f 75/3/1 69/3/1 74/3/1
f 76/3/1 54/3/1 71/3/1
f 77/3/1 73/3/1 72/3/1
f 78/3/1 76/3/1 75/3/1
f 81/3/1 77/3/1 72/3/1
f 81/3/1 64/3/1 53/3/1
f 81/3/1 78/3/1 77/3/1
f 81/3/1 72/3/1 64/3/1
f 82/3/1 54/3/1 76/3/1
f 82/3/1 78/3/1 81/3/1
f 82/3/1 76/3/1 78/3/1
f 85/1/1 80/1/1 79/1/1
f 86/1/1 80/1/1 85/1/1
f 87/1/1 84/1/1 83/1/1
f 88/1/1 84/1/1 87/1/1
f 93/1/1 90/1/1 89/1/1
f 94/1/1 90/1/1 93/1/1
f 99/1/1 92/1/1 91/1/1
f 100/1/1 92/1/1 99/1/1
f 103/3/1 96/3/1 95/3/1
f 104/3/1 96/3/1 103/3/1
f 105/3/1 98/3/1 97/3/1
f 106/3/1 98/3/1 105/3/1
f 109/1/1 102/1/1 101/1/1
f 110/1/1 102/1/1 109/1/1
f 111/1/1 108/1/1 107/1/1
f 112/1/1 108/1/1 111/1/1
f 117/1/1 114/1/1 113/1/1
f 118/1/1 114/1/1 117/1/1
f 123/1/1 116/1/1 115/1/1
f 124/1/1 116/1/1 123/1/1
f 127/3/1 120/3/1 119/3/1
f 128/3/1 120/3/1 127/3/1
f 129/3/1 122/3/1 121/3/1
f 130/3/1 122/3/1 129/3/1
f 133/1/1 126/1/1 125/1/1
f 134/1/1 126/1/1 133/1/1
f 135/1/1 132/1/1 131/1/1
f 136/1/1 132/1/1 135/1/1
f 141/1/1 138/1/1 137/1/1
f 142/1/1 138/1/1 141/1/1
f 147/1/1 140/1/1 139/1/1
f 148/1/1 140/1/1 147/1/1
f 151/3/1 144/3/1 143/3/1
f 152/3/1 144/3/1 151/3/1
f 153/3/1 146/3/1 145/3/1
f 154/3/1 146/3/1 153/3/1
f 157/1/1 150/1/1 149/1/1
f 158/1/1 150/1/1 157/1/1
f 159/1/1 156/1/1 155/1/1
f 160/1/1 156/1/1 159/1/1
f 165/1/1 162/1/1 161/1/1
f 166/1/1 162/1/1 165/1/1
f 171/1/1 164/1/1 163/1/1
f 172/1/1 164/1/1 171/1/1
f 175/3/1 168/3/1 167/3/1
f 176/3/1 168/3/1 175/3/1
f 177/3/1 170/3/1 169/3/1
f 178/3/1 170/3/1 177/3/1
f 181/1/1 174/1/1 173/1/1
f 182/1/1 174/1/1 181/1/1
f 183/1/1 180/1/1 179/1/1
f 184/1/1 180/1/1 183/1/1
f 189/1/1 186/1/1 185/1/1
f 190/1/1 186/1/1 189/1/1
f 195/1/1 188/1/1 187/1/1
f 196/1/1 188/1/1 195/1/1
f 197/3/1 194/3/1 193/3/1
f 200/3/1 192/3/1 191/3/1
f 201/2/1 198/2/1 197/2/1
f 201/3/1 197/3/1 193/3/1
f 202/2/1 198/2/1 201/2/1
f 203/2/1 200/2/1 199/2/1
f 204/3/1 192/3/1 200/3/1
f 204/2/1 200/2/1 203/2/1
f 207/3/1 192/3/1 204/3/1
f 208/3/1 192/3/1 207/3/1
f 209/3/1 201/3/1 193/3/1
f 210/3/1 201/3/1 209/3/1
f 213/1/1 206/1/1 205/1/1
f 214/1/1 206/1/1 213/1/1
f 215/1/1 212/1/1 211/1/1
f 216/1/1 212/1/1 215/1/1
f 221/1/1 218/1/1 217/1/1
f 222/1/1 218/1/1 221/1/1
f 227/1/1 220/1/1 219/1/1
f 228/1/1 220/1/1 227/1/1
f 230/3/1 224/3/1 223/3/1
f 231/3/1 226/3/1 225/3/1
f 232/3/1 226/3/1 231/3/1
f 234/2/1 230/2/1 229/2/1
f 234/3/1 224/3/1 230/3/1
f 235/3/1 224/3/1 234/3/1
f 237/2/1 233/2/1 232/2/1
f 238/2/1 234/2/1 229/2/1
f 239/2/1 234/2/1 238/2/1
f 241/3/1 237/3/1 236/3/1
f 241/2/1 233/2/1 237/2/1
f 242/2/1 233/2/1 241/2/1
f 245/3/1 240/3/1 239/3/1
f 246/3/1 240/3/1 245/3/1
f 247/3/1 241/3/1 236/3/1
f 248/3/1 241/3/1 247/3/1
f 251/1/1 244/1/1 243/1/1
f 252/1/1 244/1/1 251/1/1
f 253/1/1 250/1/1 249/1/1
f 254/1/1 250/1/1 253/1/1
f 259/1/1 256/1/1 255/1/1
f 260/1/1 256/1/1 259/1/1
f 265/1/1 258/1/1 257/1/1
f 266/1/1 258/1/1 265/1/1
f 268/3/1 262/3/1 261/3/1
f 269/3/1 264/3/1 263/3/1
f 271/2/1 268/2/1 267/2/1
f 271/3/1 262/3/1 268/3/1
f 272/3/1 262/3/1 271/3/1
f 273/3/1 269/3/1 263/3/1
f 274/2/1 270/2/1 269/2/1
f 274/3/1 269/3/1 273/3/1
f 275/2/1 270/2/1 274/2/1
f 276/2/1 271/2/1 267/2/1
f 277/2/1 271/2/1 276/2/1
f 284/2/1 279/2/1 278/2/1
f 285/2/1 281/2/1 280/2/1
f 286/3/1 282/3/1 281/3/1
f 286/2/1 281/2/1 285/2/1
f 287/3/1 284/3/1 283/3/1
f 287/2/1 279/2/1 284/2/1
f 288/2/1 279/2/1 287/2/1
f 291/3/1 282/3/1 286/3/1
f 292/3/1 282/3/1 291/3/1
f 293/3/1 287/3/1 283/3/1
f 294/3/1 287/3/1 293/3/1
f 297/1/1 290/1/1 289/1/1
f 298/1/1 290/1/1 297/1/1
f 299/1/1 296/1/1 295/1/1
f 300/1/1 296/1/1 299/1/1
f 305/1/1 302/1/1 301/1/1
f 306/1/1 302/1/1 305/1/1
f 311/1/1 304/1/1 303/1/1
f 312/1/1 304/1/1 311/1/1
f 314/3/1 308/3/1 307/3/1
f 315/3/1 308/3/1 314/3/1
f 316/3/1 310/3/1 309/3/1
f 317/3/1 310/3/1 316/3/1
f 319/2/1 314/2/1 313/2/1
f 320/2/1 314/2/1 319/2/1
f 322/2/1 318/2/1 317/2/1
f 323/2/1 318/2/1 322/2/1
f 326/3/1 322/3/1 321/3/1
f 327/3/1 322/3/1 326/3/1
f 329/3/1 325/3/1 324/3/1
f 330/3/1 325/3/1 329/3/1
f 333/2/1 329/2/1 328/2/1
f 334/2/1 329/2/1 333/2/1
f 337/2/1 332/2/1 331/2/1
f 338/2/1 332/2/1 337/2/1
f 341/3/1 335/3/1 334/3/1
f 342/3/1 335/3/1 341/3/1
f 343/3/1 337/3/1 336/3/1
f 344/3/1 337/3/1 343/3/1
f 347/1/1 340/1/1 339/1/1
f 348/1/1 340/1/1 347/1/1
f 349/1/1 346/1/1 345/1/1
f 350/1/1 346/1/1 349/1/1
f 355/1/1 352/1/1 351/1/1
f 356/1/1 352/1/1 355/1/1
f 361/1/1 354/1/1 353/1/1
f 362/1/1 354/1/1 361/1/1
f 364/3/1 358/3/1 357/3/1
f 365/3/1 358/3/1 364/3/1
f 366/3/1 360/3/1 359/3/1
f 367/3/1 360/3/1 366/3/1
f 369/2/1 364/2/1 363/2/1
f 370/2/1 364/2/1 369/2/1
f 373/2/1 368/2/1 367/2/1
f 375/3/1 371/3/1 370/3/1
f 376/2/1 368/2/1 373/2/1
f 376/3/1 373/3/1 372/3/1
f 377/2/1 368/2/1 376/2/1
f 378/2/1 375/2/1 374/2/1
f 378/3/1 371/3/1 375/3/1
f 379/3/1 371/3/1 378/3/1
f 380/3/1 376/3/1 372/3/1
f 381/3/1 376/3/1 380/3/1
f 383/2/1 378/2/1 374/2/1
f 384/2/1 378/2/1 383/2/1
f 387/2/1 382/2/1 381/2/1
f 388/2/1 382/2/1 387/2/1
f 391/3/1 385/3/1 384/3/1
f 392/3/1 385/3/1 391/3/1
f 393/3/1 387/3/1 386/3/1
f 394/3/1 387/3/1 393/3/1
f 397/1/1 390/1/1 389/1/1
f 398/1/1 390/1/1 397/1/1
f 399/1/1 396/1/1 395/1/1
f 400/1/1 396/1/1 399/1/1
f 405/1/1 402/1/1 401/1/1
f 406/1/1 402/1/1 405/1/1
f 411/1/1 404/1/1 403/1/1
f 412/1/1 404/1/1 411/1/1
f 413/3/1 408/3/1 407/3/1
f 414/3/1 408/3/1 413/3/1
f 415/3/1 410/3/1 409/3/1
f 416/3/1 410/3/1 415/3/1
f 422/3/1 419/3/1 418/3/1
f 422/2/1 418/2/1 417/2/1
f 423/3/1 419/3/1 422/3/1
f 425/2/1 421/2/1 420/2/1
f 426/2/1 422/2/1 417/2/1
f 427/2/1 422/2/1 426/2/1
f 428/3/1 425/3/1 424/3/1
f 429/2/1 421/2/1 425/2/1
f 429/3/1 425/3/1 428/3/1
f 430/2/1 421/2/1 429/2/1
f 437/3/1 432/3/1 431/3/1
f 438/3/1 432/3/1 437/3/1
f 439/3/1 434/3/1 433/3/1
f 440/3/1 434/3/1 439/3/1
f 443/1/1 436/1/1 435/1/1
f 444/1/1 436/1/1 443/1/1
f 445/1/1 442/1/1 441/1/1
f 446/1/1 442/1/1 445/1/1
f 452/3/1 448/3/1 447/3/1
f 453/3/1 448/3/1 452/3/1
f 454/3/1 450/3/1 449/3/1
f 455/3/1 450/3/1 454/3/1
f 456/2/1 452/2/1 451/2/1
f 457/2/1 452/2/1 456/2/1
f 463/2/1 459/2/1 458/2/1
f 464/2/1 459/2/1 463/2/1
f 465/3/1 461/3/1 460/3/1
f 466/3/1 461/3/1 465/3/1
f 467/3/1 463/3/1 462/3/1
f 468/3/1 463/3/1 467/3/1
f 473/1/1 470/1/1 469/1/1
f 474/1/1 470/1/1 473/1/1
f 479/1/1 472/1/1 471/1/1
f 480/1/1 472/1/1 479/1/1
f 481/3/1 476/3/1 475/3/1
f 482/3/1 476/3/1 481/3/1
f 485/3/1 478/3/1 477/3/1
f 486/3/1 478/3/1 485/3/1
f 491/3/1 484/3/1 483/3/1
f 492/3/1 484/3/1 491/3/1
f 493/3/1 488/3/1 487/3/1
f 494/3/1 488/3/1 493/3/1
f 497/1/1 490/1/1 489/1/1
f 498/1/1 490/1/1 497/1/1
f 499/1/1 496/1/1 495/1/1
f 500/1/1 496/1/1 499/1/1
f 505/1/1 502/1/1 501/1/1
f 506/1/1 502/1/1 505/1/1
f 507/1/1 504/1/1 503/1/1
f 508/1/1 504/1/1 507/1/1
f 513/1/1 510/1/1 509/1/1
f 514/1/1 510/1/1 513/1/1
f 515/1/1 512/1/1 511/1/1
f 516/1/1 512/1/1 515/1/1
f 521/3/1 518/3/1 517/3/1
f 522/3/1 518/3/1 521/3/1
f 523/3/1 520/3/1 519/3/1
f 524/3/1 520/3/1 523/3/1
f 529/1/1 526/1/1 525/1/1
f 530/1/1 526/1/1 529/1/1
f 531/1/1 528/1/1 527/1/1
f 532/1/1 528/1/1 531/1/1
f 537/1/1 534/1/1 533/1/1
f 538/1/1 534/1/1 537/1/1
f 539/1/1 536/1/1 535/1/1
f 540/1/1 536/1/1 539/1/1
f 545/3/1 542/3/1 541/3/1
f 546/3/1 542/3/1 545/3/1
f 547/3/1 544/3/1 543/3/1
f 548/3/1 544/3/1 547/3/1
f 553/1/1 550/1/1 549/1/1
f 554/1/1 550/1/1 553/1/1
f 555/1/1 552/1/1 551/1/1
f 556/1/1 552/1/1 555/1/1
f 561/1/1 558/1/1 557/1/1
f 562/1/1 558/1/1 561/1/1
f 563/1/1 560/1/1 559/1/1
f 564/1/1 560/1/1 563/1/1
f 569/3/1 566/3/1 565/3/1
f 570/3/1 566/3/1 569/3/1
f 571/3/1 568/3/1 567/3/1
f 572/3/1 568/3/1 571/3/1
f 577/1/1 574/1/1 573/1/1
f 578/1/1 574/1/1 577/1/1
f 583/1/1 576/1/1 575/1/1
f 584/1/1 576/1/1 583/1/1
f 587/3/1 580/3/1 579/3/1
f 588/3/1 580/3/1 587/3/1
f 589/3/1 582/3/1 581/3/1
f 590/3/1 582/3/1 589/3/1
f 593/1/1 586/1/1 585/1/1
f 594/1/1 586/1/1 593/1/1
f 595/1/1 592/1/1 591/1/1
f 596/1/1 592/1/1 595/1/1
f 601/1/1 598/1/1 597/1/1
f 602/1/1 598/1/1 601/1/1
f 607/1/1 600/1/1 599/1/1
f 608/1/1 600/1/1 607/1/1
f 611/3/1 604/3/1 603/3/1
f 612/3/1 604/3/1 611/3/1
f 613/3/1 606/3/1 605/3/1
f 614/3/1 606/3/1 613/3/1
f 617/1/1 610/1/1 609/1/1
f 618/1/1 610/1/1 617/1/1
f 619/1/1 616/1/1 615/1/1
f 620/1/1 616/1/1 619/1/1
f 625/2/1 622/2/1 621/2/1
f 626/2/1 622/2/1 625/2/1
f 627/2/1 624/2/1 623/2/1
f 628/2/1 624/2/1 627/2/1
f 631/2/1 630/2/1 629/2/1
f 632/2/1 630/2/1 631/2/1
f 635/2/1 634/2/1 633/2/1
f 636/2/1 634/2/1 635/2/1
f 641/2/1 638/2/1 637/2/1
f 642/2/1 638/2/1 641/2/1
f 643/2/1 640/2/1 639/2/1
f 644/2/1 640/2/1 643/2/1
f 649/2/1 646/2/1 645/2/1
f 650/2/1 646/2/1 649/2/1
f 651/2/1 648/2/1 647/2/1
f 652/2/1 648/2/1 651/2/1
f 657/2/1 654/2/1 653/2/1
f 658/2/1 654/2/1 657/2/1
f 659/2/1 656/2/1 655/2/1
f 660/2/1 656/2/1 659/2/1
f 663/2/1 662/2/1 661/2/1
f 664/2/1 662/2/1 663/2/1
f 667/2/1 666/2/1 665/2/1
f 668/2/1 666/2/1 667/2/1
f 673/1/1 670/1/1 669/1/1
f 674/1/1 670/1/1 673/1/1
f 675/1/1 672/1/1 671/1/1
f 676/1/1 672/1/1 675/1/1
f 681/1/1 678/1/1 677/1/1
f 682/1/1 678/1/1 681/1/1
f 683/1/1 680/1/1 679/1/1
f 684/1/1 680/1/1 683/1/1
f 689/1/1 686/1/1 685/1/1
f 690/1/1 686/1/1 689/1/1
f 691/1/1 688/1/1 687/1/1
f 692/1/1 688/1/1 691/1/1
f 697/1/1 694/1/1 693/1/1
f 698/1/1 694/1/1 697/1/1
f 699/1/1 696/1/1 695/1/1
f 700/1/1 696/1/1 699/1/1
f 705/1/1 702/1/1 701/1/1
f 706/1/1 702/1/1 705/1/1
f 707/1/1 704/1/1 703/1/1
f 708/1/1 704/1/1 707/1/1
f 713/1/1 710/1/1 709/1/1
f 714/1/1 710/1/1 713/1/1
f 715/1/1 712/1/1 711/1/1
f 716/1/1 712/1/1 715/1/1
f 721/1/1 718/1/1 717/1/1
f 722/1/1 718/1/1 721/1/1
f 723/1/1 720/1/1 719/1/1
f 724/1/1 720/1/1 723/1/1
f 729/1/1 726/1/1 725/1/1
f 730/1/1 726/1/1 729/1/1
f 731/1/1 728/1/1 727/1/1
f 732/1/1 728/1/1 731/1/1
f 737/1/1 734/1/1 733/1/1
f 738/1/1 734/1/1 737/1/1
f 739/1/1 736/1/1 735/1/1
f 740/1/1 736/1/1 739/1/1
f 745/1/1 742/1/1 741/1/1
f 746/1/1 742/1/1 745/1/1
f 747/1/1 744/1/1 743/1/1
f 748/1/1 744/1/1 747/1/1
f 753/1/1 750/1/1 749/1/1
f 754/1/1 750/1/1 753/1/1
f 755/1/1 752/1/1 751/1/1
f 756/1/1 752/1/1 755/1/1
f 761/1/1 758/1/1 757/1/1
f 762/1/1 758/1/1 761/1/1
f 763/1/1 760/1/1 759/1/1
f 764/1/1 760/1/1 763/1/1
f 769/1/1 766/1/1 765/1/1
f 770/1/1 766/1/1 769/1/1
f 771/1/1 768/1/1 767/1/1
f 772/1/1 768/1/1 771/1/1
f 777/1/1 774/1/1 773/1/1
f 778/1/1 774/1/1 777/1/1
f 779/1/1 776/1/1 775/1/1
f 780/1/1 776/1/1 779/1/1
f 785/1/1 782/1/1 781/1/1
f 786/1/1 782/1/1 785/1/1
f 787/1/1 784/1/1 783/1/1
f 788/1/1 784/1/1 787/1/1
f 793/1/1 790/1/1 789/1/1
f 794/1/1 790/1/1 793/1/1
f 795/1/1 792/1/1 791/1/1
f 796/1/1 792/1/1 795/1/1
f 799/1/1 798/1/1 797/1/1
f 800/1/1 798/1/1 799/1/1
f 801/1/2 802/1/2 803/1/2
f 803/1/2 802/1/2 804/1/2
f 805/1/2 806/1/2 809/1/2
f 809/1/2 806/1/2 810/1/2
f 807/1/2 808/1/2 811/1/2
f 811/1/2 808/1/2 812/1/2
f 813/1/2 814/1/2 817/1/2
f 817/1/2 814/1/2 818/1/2
f 815/1/2 816/1/2 819/1/2
f 819/1/2 816/1/2 820/1/2
f 821/1/2 822/1/2 825/1/2
f 825/1/2 822/1/2 826/1/2
f 823/1/2 824/1/2 827/1/2
f 827/1/2 824/1/2 828/1/2
f 829/1/2 830/1/2 833/1/2
f 833/1/2 830/1/2 834/1/2
f 831/1/2 832/1/2 835/1/2
f 835/1/2 832/1/2 836/1/2
f 837/1/2 838/1/2 841/1/2
f 841/1/2 838/1/2 842/1/2
f 839/1/2 840/1/2 843/1/2
f 843/1/2 840/1/2 844/1/2
f 845/1/2 846/1/2 849/1/2
f 849/1/2 846/1/2 850/1/2
f 847/1/2 848/1/2 851/1/2
f 851/1/2 848/1/2 852/1/2
f 853/1/2 854/1/2 857/1/2
f 857/1/2 854/1/2 858/1/2
f 855/1/2 856/1/2 859/1/2
f 859/1/2 856/1/2 860/1/2
f 861/1/2 862/1/2 865/1/2
f 865/1/2 862/1/2 866/1/2
f 863/1/2 864/1/2 867/1/2
f 867/1/2 864/1/2 868/1/2
f 869/1/2 870/1/2 873/1/2
f 873/1/2 870/1/2 874/1/2
f 871/1/2 872/1/2 875/1/2
f 875/1/2 872/1/2 876/1/2
f 877/1/2 878/1/2 881/1/2
f 881/1/2 878/1/2 882/1/2
f 879/1/2 880/1/2 883/1/2
f 883/1/2 880/1/2 884/1/2
f 885/1/2 886/1/2 889/1/2
f 889/1/2 886/1/2 890/1/2
f 887/1/2 888/1/2 891/1/2
f 891/1/2 888/1/2 892/1/2
f 893/1/2 894/1/2 897/1/2
f 897/1/2 894/1/2 898/1/2
f 895/1/2 896/1/2 899/1/2
f 899/1/2 896/1/2 900/1/2
f 901/1/2 902/1/2 905/1/2
f 905/1/2 902/1/2 906/1/2
f 903/1/2 904/1/2 907/1/2
f 907/1/2 904/1/2 908/1/2
f 909/1/2 910/1/2 913/1/2
f 913/1/2 910/1/2 914/1/2
f 911/1/2 912/1/2 915/1/2
f 915/1/2 912/1/2 916/1/2
f 917/1/2 918/1/2 921/1/2
f 921/1/2 918/1/2 922/1/2
f 919/1/2 920/1/2 923/1/2
f 923/1/2 920/1/2 924/1/2
f 925/1/2 926/1/2 929/1/2
f 929/1/2 926/1/2 930/1/2
f 927/1/2 928/1/2 931/1/2
f 931/1/2 928/1/2 932/1/2
f 933/2/2 934/2/2 937/2/2
f 937/2/2 934/2/2 938/2/2
f 935/2/2 936/2/2 939/2/2
f 939/2/2 936/2/2 940/2/2
f 941/2/2 942/2/2 943/2/2
f 943/2/2 942/2/2 944/2/2
f 945/2/2 946/2/2 947/2/2
f 947/2/2 946/2/2 948/2/2
f 949/2/2 950/2/2 953/2/2
f 953/2/2 950/2/2 954/2/2
f 951/2/2 952/2/2 955/2/2
f 955/2/2 952/2/2 956/2/2
f 957/2/2 958/2/2 961/2/2
f 961/2/2 958/2/2 962/2/2
f 959/2/2 960/2/2 963/2/2
f 963/2/2 960/2/2 964/2/2
f 965/2/2 966/2/2 969/2/2
f 969/2/2 966/2/2 970/2/2
f 967/2/2 968/2/2 971/2/2
f 971/2/2 968/2/2 972/2/2
f 973/2/2 974/2/2 975/2/2
f 975/2/2 974/2/2 976/2/2
f 977/2/2 978/2/2 979/2/2
f 979/2/2 978/2/2 980/2/2
f 981/1/2 982/1/2 985/1/2
f 985/1/2 982/1/2 986/1/2
f 983/1/2 984/1/2 991/1/2
f 991/1/2 984/1/2 992/1/2
f 987/3/2 988/3/2 995/3/2
f 995/3/2 988/3/2 996/3/2
f 989/3/2 990/3/2 997/3/2
f 997/3/2 990/3/2 998/3/2
f 993/1/2 994/1/2 1001/1/2
f 1001/1/2 994/1/2 1002/1/2
f 999/1/2 1000/1/2 1003/1/2
f 1003/1/2 1000/1/2 1004/1/2
f 1005/1/2 1006/1/2 1009/1/2
f 1009/1/2 1006/1/2 1010/1/2
f 1007/1/2 1008/1/2 1015/1/2
f 1015/1/2 1008/1/2 1016/1/2
f 1011/3/2 1012/3/2 1019/3/2
f 1019/3/2 1012/3/2 1020/3/2
f 1013/3/2 1014/3/2 1021/3/2
f 1021/3/2 1014/3/2 1022/3/2
f 1017/1/2 1018/1/2 1025/1/2
f 1025/1/2 1018/1/2 1026/1/2
f 1023/1/2 1024/1/2 1027/1/2
f 1027/1/2 1024/1/2 1028/1/2
f 1029/3/2 1030/3/2 1033/3/2
f 1033/3/2 1030/3/2 1034/3/2
f 1031/3/2 1032/3/2 1035/3/2
f 1035/3/2 1032/3/2 1036/3/2
f 1037/1/2 1038/1/2 1041/1/2
f 1041/1/2 1038/1/2 1042/1/2
f 1039/1/2 1040/1/2 1043/1/2
f 1043/1/2 1040/1/2 1044/1/2
f 1045/1/2 1046/1/2 1049/1/2
f 1049/1/2 1046/1/2 1050/1/2
f 1047/1/2 1048/1/2 1051/1/2
f 1051/1/2 1048/1/2 1052/1/2
f 1053/3/2 1054/3/2 1057/3/2
f 1057/3/2 1054/3/2 1058/3/2
f 1055/3/2 1056/3/2 1059/3/2
f 1059/3/2 1056/3/2 1060/3/2
f 1061/1/2 1062/1/2 1065/1/2
f 1065/1/2 1062/1/2 1066/1/2
f 1063/1/2 1064/1/2 1067/1/2
f 1067/1/2 1064/1/2 1068/1/2
f 1069/1/2 1070/1/2 1073/1/2
f 1073/1/2 1070/1/2 1074/1/2
f 1071/1/2 1072/1/2 1075/1/2
f 1075/1/2 1072/1/2 1076/1/2
f 1077/3/2 1078/3/2 1081/3/2
f 1081/3/2 1078/3/2 1082/3/2
f 1079/3/2 1080/3/2 1083/3/2
f 1083/3/2 1080/3/2 1084/3/2
f 1085/1/2 1086/1/2 1089/1/2
f 1089/1/2 1086/1/2 1090/1/2
f 1087/1/2 1088/1/2 1091/1/2
f 1091/1/2 1088/1/2 1092/1/2
f 1093/1/2 1094/1/2 1097/1/2
f 1097/1/2 1094/1/2 1098/1/2
f 1095/1/2 1096/1/2 1099/1/2
f 1099/1/2 1096/1/2 1100/1/2
f 1101/1/2 1102/1/2 1105/1/2
f 1105/1/2 1102/1/2 1106/1/2
f 1103/1/2 1104/1/2 1111/1/2
f 1111/1/2 1104/1/2 1112/1/2
f 1109/3/2 1110/3/2 1113/3/2
f 1113/3/2 1110/3/2 1114/3/2
f 1107/3/2 1108/3/2 1115/3/2
f 1115/3/2 1108/3/2 1116/3/2
f 1119/3/2 1120/3/2 1123/3/2
f 1123/3/2 1120/3/2 1124/3/2
f 1117/3/2 1118/3/2 1125/3/2
f 1125/3/2 1118/3/2 1126/3/2
f 1121/1/2 1122/1/2 1129/1/2
f 1129/1/2 1122/1/2 1130/1/2
f 1127/1/2 1128/1/2 1131/1/2
f 1131/1/2 1128/1/2 1132/1/2
f 1133/3/2 1134/3/2 1137/3/2
f 1137/3/2 1134/3/2 1138/3/2
f 1135/3/2 1136/3/2 1139/3/2
f 1139/3/2 1136/3/2 1140/3/2
f 1140/2/2 1141/2/2 1144/2/2
f 1144/2/2 1141/2/2 1145/2/2
f 1142/2/2 1143/2/2 1146/2/2
f 1146/2/2 1143/2/2 1147/2/2
f 1147/3/2 1148/3/2 1151/3/2
f 1151/3/2 1148/3/2 1152/3/2
f 1149/3/2 1150/3/2 1153/3/2
f 1153/3/2 1150/3/2 1154/3/2
f 1155/1/2 1156/1/2 1159/1/2
f 1159/1/2 1156/1/2 1160/1/2
f 1157/1/2 1158/1/2 1165/1/2
f 1165/1/2 1158/1/2 1166/1/2
f 1161/3/2 1162/3/2 1167/3/2
f 1167/3/2 1162/3/2 1168/3/2
f 1163/3/2 1164/3/2 1169/3/2
f 1169/3/2 1164/3/2 1170/3/2
f 1171/2/2 1172/2/2 1176/2/2
f 1173/3/2 1174/3/2 1178/3/2
f 1174/2/2 1175/2/2 1179/2/2
f 1178/3/2 1174/3/2 1179/3/2
f 1171/2/2 1176/2/2 1180/2/2
f 1176/3/2 1177/3/2 1181/3/2
f 1180/2/2 1176/2/2 1181/2/2
f 1181/3/2 1177/3/2 1182/3/2
f 1179/2/2 1175/2/2 1183/2/2
f 1183/2/2 1175/2/2 1184/2/2
f 1185/3/2 1186/3/2 1191/3/2
f 1191/3/2 1186/3/2 1192/3/2
f 1187/3/2 1188/3/2 1193/3/2
f 1193/3/2 1188/3/2 1194/3/2
f 1189/1/2 1190/1/2 1197/1/2
f 1197/1/2 1190/1/2 1198/1/2
f 1195/1/2 1196/1/2 1199/1/2
f 1199/1/2 1196/1/2 1200/1/2
f 1201/1/2 1202/1/2 1205/1/2
f 1205/1/2 1202/1/2 1206/1/2
f 1203/1/2 1204/1/2 1211/1/2
f 1211/1/2 1204/1/2 1212/1/2
f 1207/3/2 1208/3/2 1214/3/2
f 1214/3/2 1208/3/2 1215/3/2
f 1209/3/2 1210/3/2 1216/3/2
f 1216/3/2 1210/3/2 1217/3/2
f 1213/2/2 1214/2/2 1219/2/2
f 1217/2/2 1218/2/2 1222/2/2
f 1222/2/2 1218/2/2 1223/2/2
f 1213/2/2 1219/2/2 1224/2/2
f 1219/3/2 1220/3/2 1225/3/2
f 1224/2/2 1219/2/2 1225/2/2
f 1221/3/2 1222/3/2 1226/3/2
f 1225/3/2 1220/3/2 1229/3/2
f 1229/3/2 1220/3/2 1230/3/2
f 1221/3/2 1226/3/2 1231/3/2
f 1226/2/2 1227/2/2 1232/2/2
f 1231/3/2 1226/3/2 1232/3/2
f 1228/2/2 1229/2/2 1233/2/2
f 1233/2/2 1229/2/2 1234/2/2
f 1232/2/2 1227/2/2 1237/2/2
f 1237/2/2 1227/2/2 1238/2/2
f 1234/3/2 1235/3/2 1241/3/2
f 1241/3/2 1235/3/2 1242/3/2
f 1236/3/2 1237/3/2 1243/3/2
f 1243/3/2 1237/3/2 1244/3/2
f 1239/1/2 1240/1/2 1247/1/2
f 1247/1/2 1240/1/2 1248/1/2
f 1245/1/2 1246/1/2 1249/1/2
f 1249/1/2 1246/1/2 1250/1/2
f 1251/1/2 1252/1/2 1255/1/2
f 1255/1/2 1252/1/2 1256/1/2
f 1253/1/2 1254/1/2 1261/1/2
f 1261/1/2 1254/1/2 1262/1/2
f 1257/3/2 1258/3/2 1264/3/2
f 1264/3/2 1258/3/2 1265/3/2
f 1259/3/2 1260/3/2 1266/3/2
f 1266/3/2 1260/3/2 1267/3/2
f 1263/2/2 1264/2/2 1269/2/2
f 1269/2/2 1264/2/2 1270/2/2
f 1267/2/2 1268/2/2 1272/2/2
f 1272/2/2 1268/2/2 1273/2/2
f 1270/3/2 1271/3/2 1274/3/2
f 1274/3/2 1271/3/2 1275/3/2
f 1276/3/2 1277/3/2 1280/3/2
f 1280/3/2 1277/3/2 1281/3/2
f 1278/2/2 1279/2/2 1283/2/2
f 1283/2/2 1279/2/2 1284/2/2
f 1281/2/2 1282/2/2 1287/2/2
f 1287/2/2 1282/2/2 1288/2/2
f 1284/3/2 1285/3/2 1291/3/2
f 1291/3/2 1285/3/2 1292/3/2
f 1286/3/2 1287/3/2 1293/3/2
f 1293/3/2 1287/3/2 1294/3/2
f 1289/1/2 1290/1/2 1297/1/2
f 1297/1/2 1290/1/2 1298/1/2
f 1295/1/2 1296/1/2 1299/1/2
f 1299/1/2 1296/1/2 1300/1/2
f 1301/1/2 1302/1/2 1305/1/2
f 1305/1/2 1302/1/2 1306/1/2
f 1303/1/2 1304/1/2 1311/1/2
f 1311/1/2 1304/1/2 1312/1/2
f 1307/3/2 1308/3/2 1314/3/2
f 1309/3/2 1310/3/2 1315/3/2
f 1313/2/2 1314/2/2 1317/2/2
f 1314/3/2 1308/3/2 1318/3/2
f 1317/2/2 1314/2/2 1318/2/2
f 1318/3/2 1308/3/2 1319/3/2
f 1309/3/2 1315/3/2 1320/3/2
f 1315/2/2 1316/2/2 1321/2/2
f 1320/3/2 1315/3/2 1321/3/2
f 1321/2/2 1316/2/2 1324/2/2
f 1324/2/2 1316/2/2 1325/2/2
f 1322/2/2 1323/2/2 1326/2/2
f 1322/2/2 1326/2/2 1331/2/2
f 1326/3/2 1327/3/2 1332/3/2
f 1331/2/2 1326/2/2 1332/2/2
f 1329/2/2 1330/2/2 1333/2/2
f 1328/3/2 1329/3/2 1333/3/2
f 1333/2/2 1330/2/2 1334/2/2
f 1332/3/2 1327/3/2 1337/3/2
f 1337/3/2 1327/3/2 1338/3/2
f 1328/3/2 1333/3/2 1339/3/2
f 1339/3/2 1333/3/2 1340/3/2
f 1335/1/2 1336/1/2 1343/1/2
f 1343/1/2 1336/1/2 1344/1/2
f 1341/1/2 1342/1/2 1345/1/2
f 1345/1/2 1342/1/2 1346/1/2
f 1347/1/2 1348/1/2 1351/1/2
f 1351/1/2 1348/1/2 1352/1/2
f 1349/1/2 1350/1/2 1357/1/2
f 1357/1/2 1350/1/2 1358/1/2
f 1353/3/2 1354/3/2 1360/3/2
f 1360/3/2 1354/3/2 1361/3/2
f 1355/3/2 1356/3/2 1362/3/2
f 1359/2/2 1360/2/2 1364/2/2
f 1355/3/2 1362/3/2 1366/3/2
f 1362/2/2 1363/2/2 1367/2/2
f 1366/3/2 1362/3/2 1367/3/2
f 1359/2/2 1364/2/2 1368/2/2
f 1364/3/2 1365/3/2 1369/3/2
f 1368/2/2 1364/2/2 1369/2/2
f 1367/2/2 1363/2/2 1371/2/2
f 1371/2/2 1363/2/2 1372/2/2
f 1369/3/2 1365/3/2 1375/3/2
f 1375/3/2 1365/3/2 1376/3/2
f 1370/3/2 1371/3/2 1377/3/2
f 1377/3/2 1371/3/2 1378/3/2
f 1373/1/2 1374/1/2 1381/1/2
f 1381/1/2 1374/1/2 1382/1/2
f 1379/1/2 1380/1/2 1383/1/2
f 1383/1/2 1380/1/2 1384/1/2
f 1385/1/2 1386/1/2 1389/1/2
f 1389/1/2 1386/1/2 1390/1/2
f 1387/1/2 1388/1/2 1395/1/2
f 1395/1/2 1388/1/2 1396/1/2
f 1391/3/2 1392/3/2 1398/3/2
f 1397/2/2 1398/2/2 1399/2/2
f 1398/3/2 1392/3/2 1400/3/2
f 1399/2/2 1398/2/2 1400/2/2
f 1393/3/2 1394/3/2 1401/3/2
f 1401/2/2 1402/2/2 1403/2/2
f 1393/3/2 1401/3/2 1403/3/2
f 1403/2/2 1402/2/2 1404/2/2
f 1400/3/2 1392/3/2 1407/3/2
f 1407/3/2 1392/3/2 1408/3/2
f 1393/3/2 1403/3/2 1409/3/2
f 1409/3/2 1403/3/2 1410/3/2
f 1405/1/2 1406/1/2 1413/1/2
f 1413/1/2 1406/1/2 1414/1/2
f 1411/1/2 1412/1/2 1415/1/2
f 1415/1/2 1412/1/2 1416/1/2
f 1417/1/2 1418/1/2 1421/1/2
f 1421/1/2 1418/1/2 1422/1/2
f 1419/1/2 1420/1/2 1427/1/2
f 1427/1/2 1420/1/2 1428/1/2
f 1423/3/2 1424/3/2 1431/3/2
f 1431/3/2 1424/3/2 1432/3/2
f 1425/3/2 1426/3/2 1433/3/2
f 1433/3/2 1426/3/2 1434/3/2
f 1429/1/2 1430/1/2 1437/1/2
f 1437/1/2 1430/1/2 1438/1/2
f 1435/1/2 1436/1/2 1439/1/2
f 1439/1/2 1436/1/2 1440/1/2
f 1441/1/2 1442/1/2 1445/1/2
f 1445/1/2 1442/1/2 1446/1/2
f 1443/1/2 1444/1/2 1451/1/2
f 1451/1/2 1444/1/2 1452/1/2
f 1447/3/2 1448/3/2 1455/3/2
f 1455/3/2 1448/3/2 1456/3/2
f 1449/3/2 1450/3/2 1457/3/2
f 1457/3/2 1450/3/2 1458/3/2
f 1453/1/2 1454/1/2 1461/1/2
f 1461/1/2 1454/1/2 1462/1/2
f 1459/1/2 1460/1/2 1463/1/2
f 1463/1/2 1460/1/2 1464/1/2
f 1465/1/2 1466/1/2 1469/1/2
f 1469/1/2 1466/1/2 1470/1/2
f 1467/1/2 1468/1/2 1475/1/2
f 1475/1/2 1468/1/2 1476/1/2
f 1471/3/2 1472/3/2 1479/3/2
f 1479/3/2 1472/3/2 1480/3/2
f 1473/3/2 1474/3/2 1481/3/2
f 1481/3/2 1474/3/2 1482/3/2
f 1477/1/2 1478/1/2 1485/1/2
f 1485/1/2 1478/1/2 1486/1/2
f 1483/1/2 1484/1/2 1487/1/2
f 1487/1/2 1484/1/2 1488/1/2
f 1489/1/2 1490/1/2 1493/1/2
f 1493/1/2 1490/1/2 1494/1/2
f 1491/1/2 1492/1/2 1499/1/2
f 1499/1/2 1492/1/2 1500/1/2
f 1495/3/2 1496/3/2 1503/3/2
f 1503/3/2 1496/3/2 1504/3/2
f 1497/3/2 1498/3/2 1505/3/2
f 1505/3/2 1498/3/2 1506/3/2
f 1501/1/2 1502/1/2 1509/1/2
f 1509/1/2 1502/1/2 1510/1/2
f 1507/1/2 1508/1/2 1511/1/2
f 1511/1/2 1508/1/2 1512/1/2
f 1513/1/2 1514/1/2 1517/1/2
f 1517/1/2 1514/1/2 1518/1/2
f 1515/1/2 1516/1/2 1521/1/2
f 1521/1/2 1516/1/2 1522/1/2
f 1519/3/2 1520/3/2 1523/3/2
f 1523/3/2 1520/3/2 1524/3/2
f 1519/3/2 1523/3/2 1525/3/2
f 1525/3/2 1523/3/2 1526/3/2
f 1524/3/2 1520/3/2 1528/3/2
f 1528/3/2 1520/3/2 1529/3/2
f 1519/3/2 1525/3/2 1530/3/2
f 1530/3/2 1525/3/2 1531/3/2
f 1527/3/2 1528/3/2 1533/3/2
f 1533/3/2 1528/3/2 1534/3/2
f 1534/3/2 1528/3/2 1535/3/2
f 1529/3/2 1520/3/2 1537/3/2
f 1519/3/2 1530/3/2 1538/3/2
f 1532/3/2 1533/3/2 1539/3/2
f 1533/3/2 1534/3/2 1539/3/2
f 1539/3/2 1534/3/2 1540/3/2
f 1536/3/2 1537/3/2 1542/3/2
f 1538/3/2 1539/3/2 1543/3/2
f 1541/3/2 1542/3/2 1544/3/2
f 1538/3/2 1543/3/2 1547/3/2
f 1519/3/2 1538/3/2 1547/3/2
f 1543/3/2 1544/3/2 1547/3/2
f 1537/3/2 1520/3/2 1548/3/2
f 1547/3/2 1544/3/2 1548/3/2
f 1544/3/2 1542/3/2 1548/3/2
f 1542/3/2 1537/3/2 1548/3/2
f 1545/1/2 1546/1/2 1551/1/2
f 1551/1/2 1546/1/2 1552/1/2
f 1549/1/2 1550/1/2 1553/1/2
f 1553/1/2 1550/1/2 1554/1/2
f 1555/1/2 1556/1/2 1559/1/2
f 1559/1/2 1556/1/2 1560/1/2
f 1557/1/2 1558/1/2 1561/1/2
f 1561/1/2 1558/1/2 1562/1/2
f 1563/2/2 1564/2/2 1566/2/2
f 1566/2/2 1564/2/2 1567/2/2
f 1567/2/2 1564/2/2 1568/2/2
f 1565/2/2 1566/2/2 1571/2/2
f 1566/2/2 1567/2/2 1571/2/2
f 1571/2/2 1567/2/2 1572/2/2
f 1572/2/2 1567/2/2 1573/2/2
f 1568/2/2 1569/2/2 1575/2/2
f 1575/2/2 1569/2/2 1576/2/2
f 1576/2/2 1569/2/2 1577/2/2
f 1570/2/2 1571/2/2 1578/2/2
f 1571/2/2 1572/2/2 1578/2/2
f 1578/2/2 1572/2/2 1579/2/2
f 1575/2/2 1576/2/2 1580/2/2
f 1574/2/2 1575/2/2 1580/2/2
f 1580/2/2 1576/2/2 1581/2/2
f 1581/2/2 1576/2/2 1582/2/2
f 1579/2/2 1580/2/2 1583/2/2
f 1580/2/2 1581/2/2 1583/2/2
f 1583/2/2 1581/2/2 1584/2/2
f 1585/1/2 1586/1/2 1589/1/2
f 1589/1/2 1586/1/2 1590/1/2
f 1587/1/2 1588/1/2 1591/1/2
f 1591/1/2 1588/1/2 1592/1/2
f 1593/1/2 1594/1/2 1595/1/2
f 1595/1/2 1594/1/2 1596/1/2
f 1597/1/2 1598/1/2 1599/1/2
f 1599/1/2 1598/1/2 1600/1/2
f 1605/1/3 1602/1/3 1601/1/3
f 1606/1/3 1602/1/3 1605/1/3
f 1607/1/3 1604/1/3 1603/1/3
f 1608/1/3 1604/1/3 1607/1/3
f 1613/1/3 1610/1/3 1609/1/3
f 1614/1/3 1610/1/3 1613/1/3
f 1615/1/3 1612/1/3 1611/1/3
f 1616/1/3 1612/1/3 1615/1/3
f 1620/2/3 1618/2/3 1617/2/3
f 1622/2/3 1620/2/3 1619/2/3
f 1623/2/3 1618/2/3 1620/2/3
f 1623/2/3 1620/2/3 1622/2/3
f 1624/2/3 1618/2/3 1623/2/3
f 1626/2/3 1622/2/3 1621/2/3
f 1626/2/3 1623/2/3 1622/2/3
f 1627/2/3 1623/2/3 1626/2/3
f 1629/2/3 1625/2/3 1624/2/3
f 1630/2/3 1626/2/3 1621/2/3
f 1631/2/3 1626/2/3 1630/2/3
f 1632/2/3 1629/2/3 1628/2/3
f 1633/2/3 1625/2/3 1629/2/3
f 1633/2/3 1629/2/3 1632/2/3
f 1634/2/3 1625/2/3 1633/2/3
f 1635/2/3 1632/2/3 1631/2/3
f 1635/2/3 1633/2/3 1632/2/3
f 1636/2/3 1633/2/3 1635/2/3
f 1637/2/3 1635/2/3 1631/2/3
f 1638/2/3 1635/2/3 1637/2/3
f 1643/1/3 1640/1/3 1639/1/3
f 1644/1/3 1640/1/3 1643/1/3
f 1645/1/3 1642/1/3 1641/1/3
f 1646/1/3 1642/1/3 1645/1/3
f 1651/1/3 1648/1/3 1647/1/3
f 1652/1/3 1648/1/3 1651/1/3
f 1653/1/3 1650/1/3 1649/1/3
f 1654/1/3 1650/1/3 1653/1/3
f 1657/3/3 1656/3/3 1655/3/3
f 1658/3/3 1656/3/3 1657/3/3
f 1659/3/3 1657/3/3 1655/3/3
f 1660/3/3 1657/3/3 1659/3/3
f 1661/3/3 1659/3/3 1655/3/3
f 1662/3/3 1659/3/3 1661/3/3
f 1664/3/3 1656/3/3 1658/3/3
f 1665/3/3 1656/3/3 1664/3/3
f 1667/3/3 1664/3/3 1663/3/3
f 1668/3/3 1664/3/3 1667/3/3
f 1668/3/3 1667/3/3 1666/3/3
f 1669/3/3 1664/3/3 1668/3/3
f 1670/3/3 1661/3/3 1655/3/3
f 1671/3/3 1668/3/3 1666/3/3
f 1672/3/3 1668/3/3 1671/3/3
f 1674/3/3 1656/3/3 1665/3/3
f 1676/3/3 1674/3/3 1673/3/3
f 1677/3/3 1671/3/3 1670/3/3
f 1678/3/3 1676/3/3 1675/3/3
f 1679/3/3 1677/3/3 1670/3/3
f 1679/3/3 1678/3/3 1677/3/3
f 1679/3/3 1670/3/3 1655/3/3
f 1680/3/3 1656/3/3 1674/3/3
f 1680/3/3 1678/3/3 1679/3/3
f 1680/3/3 1676/3/3 1678/3/3
f 1680/3/3 1674/3/3 1676/3/3
f 1685/1/3 1682/1/3 1681/1/3
f 1686/1/3 1682/1/3 1685/1/3
f 1687/1/3 1684/1/3 1683/1/3
f 1688/1/3 1684/1/3 1687/1/3
f 1693/1/3 1690/1/3 1689/1/3
f 1694/1/3 1690/1/3 1693/1/3
f 1695/1/3 1692/1/3 1691/1/3
f 1696/1/3 1692/1/3 1695/1/3
f 1699/3/3 1698/3/3 1697/3/3
f 1700/3/3 1698/3/3 1699/3/3
f 1703/3/3 1702/3/3 1701/3/3
f 1704/3/3 1702/3/3 1703/3/3
f 1709/1/3 1706/1/3 1705/1/3
f 1710/1/3 1706/1/3 1709/1/3
f 1711/1/3 1708/1/3 1707/1/3
f 1712/1/3 1708/1/3 1711/1/3
f 1717/1/3 1714/1/3 1713/1/3
f 1718/1/3 1714/1/3 1717/1/3
f 1719/1/3 1716/1/3 1715/1/3
f 1720/1/3 1716/1/3 1719/1/3
f 1723/3/3 1722/3/3 1721/3/3
f 1724/3/3 1722/3/3 1723/3/3
f 1727/3/3 1726/3/3 1725/3/3
f 1728/3/3 1726/3/3 1727/3/3
f 1733/1/3 1730/1/3 1729/1/3
f 1734/1/3 1730/1/3 1733/1/3
f 1735/1/3 1732/1/3 1731/1/3
f 1736/1/3 1732/1/3 1735/1/3
f 1741/1/3 1738/1/3 1737/1/3
f 1742/1/3 1738/1/3 1741/1/3
f 1743/1/3 1740/1/3 1739/1/3
f 1744/1/3 1740/1/3 1743/1/3
f 1747/3/3 1746/3/3 1745/3/3
f 1748/3/3 1746/3/3 1747/3/3
f 1751/3/3 1750/3/3 1749/3/3
f 1752/3/3 1750/3/3 1751/3/3
f 1757/1/3 1754/1/3 1753/1/3
f 1758/1/3 1754/1/3 1757/1/3
f 1759/1/3 1756/1/3 1755/1/3
f 1760/1/3 1756/1/3 1759/1/3
f 1765/1/3 1762/1/3 1761/1/3
f 1766/1/3 1762/1/3 1765/1/3
f 1767/1/3 1764/1/3 1763/1/3
f 1768/1/3 1764/1/3 1767/1/3
f 1771/3/3 1770/3/3 1769/3/3
f 1772/3/3 1770/3/3 1771/3/3
f 1775/3/3 1774/3/3 1773/3/3
f 1776/3/3 1774/3/3 1775/3/3
f 1781/1/3 1778/1/3 1777/1/3
f 1782/1/3 1778/1/3 1781/1/3
f 1783/1/3 1780/1/3 1779/1/3
f 1784/1/3 1780/1/3 1783/1/3
f 1789/1/3 1786/1/3 1785/1/3
f 1790/1/3 1786/1/3 1789/1/3
f 1791/1/3 1788/1/3 1787/1/3
f 1792/1/3 1788/1/3 1791/1/3
f 1796/2/3 1794/2/3 1793/2/3
f 1797/2/3 1794/2/3 1796/2/3
f 1799/3/3 1796/3/3 1795/3/3
f 1799/3/3 1798/3/3 1797/3/3
f 1799/3/3 1797/3/3 1796/3/3
f 1800/3/3 1798/3/3 1799/3/3
f 1803/3/3 1802/3/3 1801/3/3
f 1804/3/3 1802/3/3 1803/3/3
f 1805/3/3 1802/3/3 1804/3/3
f 1806/3/3 1802/3/3 1805/3/3
f 1807/2/3 1805/2/3 1804/2/3
f 1808/2/3 1805/2/3 1807/2/3
f 1813/1/3 1810/1/3 1809/1/3
f 1814/1/3 1810/1/3 1813/1/3
f 1815/1/3 1812/1/3 1811/1/3
f 1816/1/3 1812/1/3 1815/1/3
f 1821/1/3 1818/1/3 1817/1/3
f 1822/1/3 1818/1/3 1821/1/3
f 1823/1/3 1820/1/3 1819/1/3
f 1824/1/3 1820/1/3 1823/1/3
f 1828/2/3 1826/2/3 1825/2/3
f 1829/2/3 1826/2/3 1828/2/3
f 1830/2/3 1826/2/3 1829/2/3
f 1832/3/3 1828/3/3 1827/3/3
f 1833/3/3 1828/3/3 1832/3/3
f 1834/3/3 1831/3/3 1830/3/3
f 1834/3/3 1830/3/3 1829/3/3
f 1835/3/3 1831/3/3 1834/3/3
f 1840/3/3 1837/3/3 1836/3/3
f 1841/3/3 1837/3/3 1840/3/3
f 1842/3/3 1837/3/3 1841/3/3
f 1843/3/3 1839/3/3 1838/3/3
f 1844/3/3 1839/3/3 1843/3/3
f 1845/2/3 1842/2/3 1841/2/3
f 1845/2/3 1843/2/3 1842/2/3
f 1846/2/3 1843/2/3 1845/2/3
f 1851/1/3 1848/1/3 1847/1/3
f 1852/1/3 1848/1/3 1851/1/3
f 1853/1/3 1850/1/3 1849/1/3
f 1854/1/3 1850/1/3 1853/1/3
f 1859/1/3 1856/1/3 1855/1/3
f 1860/1/3 1856/1/3 1859/1/3
f 1861/1/3 1858/1/3 1857/1/3
f 1862/1/3 1858/1/3 1861/1/3
f 1868/2/3 1864/2/3 1863/2/3
f 1869/2/3 1864/2/3 1868/2/3
f 1870/2/3 1866/2/3 1865/2/3
f 1871/2/3 1866/2/3 1870/2/3
f 1872/2/3 1866/2/3 1871/2/3
f 1874/3/3 1869/3/3 1868/3/3
f 1874/3/3 1868/3/3 1867/3/3
f 1875/3/3 1869/3/3 1874/3/3
f 1876/3/3 1873/3/3 1872/3/3
f 1876/3/3 1872/3/3 1871/3/3
f 1877/3/3 1873/3/3 1876/3/3
f 1882/3/3 1879/3/3 1878/3/3
f 1883/3/3 1879/3/3 1882/3/3
f 1884/3/3 1879/3/3 1883/3/3
f 1886/3/3 1881/3/3 1880/3/3
f 1887/3/3 1881/3/3 1886/3/3
f 1888/3/3 1881/3/3 1887/3/3
f 1889/2/3 1885/2/3 1884/2/3
f 1889/2/3 1884/2/3 1883/2/3
f 1890/2/3 1885/2/3 1889/2/3
f 1891/2/3 1887/2/3 1886/2/3
f 1892/2/3 1887/2/3 1891/2/3
f 1897/1/3 1894/1/3 1893/1/3
f 1898/1/3 1894/1/3 1897/1/3
f 1899/1/3 1896/1/3 1895/1/3
f 1900/1/3 1896/1/3 1899/1/3
f 1905/1/3 1902/1/3 1901/1/3
f 1906/1/3 1902/1/3 1905/1/3
f 1907/1/3 1904/1/3 1903/1/3
f 1908/1/3 1904/1/3 1907/1/3
f 1914/2/3 1910/2/3 1909/2/3
f 1915/2/3 1910/2/3 1914/2/3
f 1917/2/3 1912/2/3 1911/2/3
f 1918/2/3 1912/2/3 1917/2/3
f 1920/3/3 1914/3/3 1913/3/3
f 1921/3/3 1914/3/3 1920/3/3
f 1922/3/3 1916/3/3 1915/3/3
f 1923/3/3 1916/3/3 1922/3/3
f 1924/3/3 1919/3/3 1918/3/3
f 1925/3/3 1919/3/3 1924/3/3
f 1932/3/3 1927/3/3 1926/3/3
f 1933/3/3 1927/3/3 1932/3/3
f 1935/3/3 1929/3/3 1928/3/3
f 1936/3/3 1929/3/3 1935/3/3
f 1937/3/3 1931/3/3 1930/3/3
f 1938/3/3 1931/3/3 1937/3/3
f 1939/2/3 1934/2/3 1933/2/3
f 1940/2/3 1934/2/3 1939/2/3
f 1941/2/3 1937/2/3 1936/2/3
f 1942/2/3 1937/2/3 1941/2/3
f 1947/1/3 1944/1/3 1943/1/3
f 1948/1/3 1944/1/3 1947/1/3
f 1949/1/3 1946/1/3 1945/1/3
f 1950/1/3 1946/1/3 1949/1/3
f 1955/1/3 1952/1/3 1951/1/3
f 1956/1/3 1952/1/3 1955/1/3
f 1957/1/3 1954/1/3 1953/1/3
f 1958/1/3 1954/1/3 1957/1/3
f 1964/2/3 1960/2/3 1959/2/3
f 1965/2/3 1960/2/3 1964/2/3
f 1966/2/3 1960/2/3 1965/2/3
f 1967/2/3 1962/2/3 1961/2/3
f 1968/2/3 1962/2/3 1967/2/3
f 1970/3/3 1964/3/3 1963/3/3
f 1971/3/3 1964/3/3 1970/3/3
f 1972/3/3 1966/3/3 1965/3/3
f 1972/3/3 1967/3/3 1966/3/3
f 1973/3/3 1967/3/3 1972/3/3
f 1974/3/3 1969/3/3 1968/3/3
f 1975/3/3 1969/3/3 1974/3/3
f 1982/3/3 1977/3/3 1976/3/3
f 1983/3/3 1977/3/3 1982/3/3
f 1984/3/3 1979/3/3 1978/3/3
f 1985/3/3 1979/3/3 1984/3/3
f 1986/3/3 1979/3/3 1985/3/3
f 1987/3/3 1981/3/3 1980/3/3
f 1988/3/3 1981/3/3 1987/3/3
f 1989/2/3 1984/2/3 1983/2/3
f 1990/2/3 1984/2/3 1989/2/3
f 1991/2/3 1986/2/3 1985/2/3
f 1991/2/3 1987/2/3 1986/2/3
f 1992/2/3 1987/2/3 1991/2/3
f 1997/1/3 1994/1/3 1993/1/3
f 1998/1/3 1994/1/3 1997/1/3
f 1999/1/3 1996/1/3 1995/1/3
f 2000/1/3 1996/1/3 1999/1/3
f 2005/1/3 2002/1/3 2001/1/3
f 2006/1/3 2002/1/3 2005/1/3
f 2007/1/3 2004/1/3 2003/1/3
f 2008/1/3 2004/1/3 2007/1/3
f 2013/2/3 2010/2/3 2009/2/3
f 2014/2/3 2010/2/3 2013/2/3
f 2015/2/3 2010/2/3 2014/2/3
f 2018/3/3 2012/3/3 2011/3/3
f 2019/3/3 2012/3/3 2018/3/3
f 2020/3/3 2015/3/3 2014/3/3
f 2021/3/3 2015/3/3 2020/3/3
f 2022/3/3 2017/3/3 2016/3/3
f 2023/3/3 2017/3/3 2022/3/3
f 2030/3/3 2025/3/3 2024/3/3
f 2031/3/3 2025/3/3 2030/3/3
f 2032/3/3 2027/3/3 2026/3/3
f 2033/3/3 2027/3/3 2032/3/3
f 2035/3/3 2029/3/3 2028/3/3
f 2036/3/3 2029/3/3 2035/3/3
f 2037/2/3 2034/2/3 2033/2/3
f 2037/2/3 2033/2/3 2032/2/3
f 2038/2/3 2034/2/3 2037/2/3
f 2043/1/3 2040/1/3 2039/1/3
f 2044/1/3 2040/1/3 2043/1/3
f 2045/1/3 2042/1/3 2041/1/3
f 2046/1/3 2042/1/3 2045/1/3
f 2051/2/3 2048/2/3 2047/2/3
f 2052/2/3 2048/2/3 2051/2/3
f 2054/3/3 2050/3/3 2049/3/3
f 2055/3/3 2050/3/3 2054/3/3
f 2056/3/3 2053/3/3 2052/3/3
f 2057/3/3 2053/3/3 2056/3/3
f 2062/3/3 2059/3/3 2058/3/3
f 2063/3/3 2059/3/3 2062/3/3
f 2065/3/3 2061/3/3 2060/3/3
f 2066/3/3 2061/3/3 2065/3/3
f 2067/2/3 2064/2/3 2063/2/3
f 2068/2/3 2064/2/3 2067/2/3
f 2073/1/3 2070/1/3 2069/1/3
f 2074/1/3 2070/1/3 2073/1/3
f 2075/1/3 2072/1/3 2071/1/3
f 2076/1/3 2072/1/3 2075/1/3
f 2081/3/3 2078/3/3 2077/3/3
f 2082/3/3 2078/3/3 2081/3/3
f 2083/3/3 2080/3/3 2079/3/3
f 2084/3/3 2080/3/3 2083/3/3
f 2089/3/3 2086/3/3 2085/3/3
f 2090/3/3 2086/3/3 2089/3/3
f 2091/3/3 2088/3/3 2087/3/3
f 2092/3/3 2088/3/3 2091/3/3
f 2097/1/3 2094/1/3 2093/1/3
f 2098/1/3 2094/1/3 2097/1/3
f 2099/1/3 2096/1/3 2095/1/3
f 2100/1/3 2096/1/3 2099/1/3
f 2105/1/3 2102/1/3 2101/1/3
f 2106/1/3 2102/1/3 2105/1/3
f 2107/1/3 2104/1/3 2103/1/3
f 2108/1/3 2104/1/3 2107/1/3
f 2113/1/3 2110/1/3 2109/1/3
f 2114/1/3 2110/1/3 2113/1/3
f 2115/1/3 2112/1/3 2111/1/3
f 2116/1/3 2112/1/3 2115/1/3
f 2119/3/3 2118/3/3 2117/3/3
f 2120/3/3 2118/3/3 2119/3/3
f 2123/3/3 2122/3/3 2121/3/3
f 2124/3/3 2122/3/3 2123/3/3
f 2129/1/3 2126/1/3 2125/1/3
f 2130/1/3 2126/1/3 2129/1/3
f 2131/1/3 2128/1/3 2127/1/3
f 2132/1/3 2128/1/3 2131/1/3
f 2137/1/3 2134/1/3 2133/1/3
f 2138/1/3 2134/1/3 2137/1/3
f 2139/1/3 2136/1/3 2135/1/3
f 2140/1/3 2136/1/3 2139/1/3
f 2143/3/3 2142/3/3 2141/3/3
f 2144/3/3 2142/3/3 2143/3/3
f 2147/3/3 2146/3/3 2145/3/3
f 2148/3/3 2146/3/3 2147/3/3
f 2153/1/3 2150/1/3 2149/1/3
f 2154/1/3 2150/1/3 2153/1/3
f 2155/1/3 2152/1/3 2151/1/3
f 2156/1/3 2152/1/3 2155/1/3
f 2161/1/3 2158/1/3 2157/1/3
f 2162/1/3 2158/1/3 2161/1/3
f 2163/1/3 2160/1/3 2159/1/3
f 2164/1/3 2160/1/3 2163/1/3
f 2167/3/3 2166/3/3 2165/3/3
f 2168/3/3 2166/3/3 2167/3/3
f 2171/3/3 2170/3/3 2169/3/3
f 2172/3/3 2170/3/3 2171/3/3
f 2177/1/3 2174/1/3 2173/1/3
f 2178/1/3 2174/1/3 2177/1/3
f 2179/1/3 2176/1/3 2175/1/3
f 2180/1/3 2176/1/3 2179/1/3
f 2183/3/3 2182/3/3 2181/3/3
f 2184/3/3 2182/3/3 2183/3/3
f 2187/3/3 2186/3/3 2185/3/3
f 2188/3/3 2186/3/3 2187/3/3
f 2193/1/3 2190/1/3 2189/1/3
f 2194/1/3 2190/1/3 2193/1/3
f 2195/1/3 2192/1/3 2191/1/3
f 2196/1/3 2192/1/3 2195/1/3
f 2201/1/3 2198/1/3 2197/1/3
f 2202/1/3 2198/1/3 2201/1/3
f 2203/1/3 2200/1/3 2199/1/3
f 2204/1/3 2200/1/3 2203/1/3
f 2207/3/3 2206/3/3 2205/3/3
f 2208/3/3 2206/3/3 2207/3/3
f 2211/3/3 2210/3/3 2209/3/3
f 2212/3/3 2210/3/3 2211/3/3
f 2217/1/3 2214/1/3 2213/1/3
f 2218/1/3 2214/1/3 2217/1/3
f 2219/1/3 2216/1/3 2215/1/3
f 2220/1/3 2216/1/3 2219/1/3
f 2223/2/3 2222/2/3 2221/2/3
f 2224/2/3 2222/2/3 2223/2/3
f 2227/2/3 2226/2/3 2225/2/3
f 2228/2/3 2226/2/3 2227/2/3
f 2231/2/3 2230/2/3 2229/2/3
f 2232/2/3 2230/2/3 2231/2/3
f 2235/2/3 2234/2/3 2233/2/3
f 2236/2/3 2234/2/3 2235/2/3
f 2241/2/3 2238/2/3 2237/2/3
f 2242/2/3 2238/2/3 2241/2/3
f 2243/2/3 2240/2/3 2239/2/3
f 2244/2/3 2240/2/3 2243/2/3
f 2249/2/3 2246/2/3 2245/2/3
f 2250/2/3 2246/2/3 2249/2/3
f 2251/2/3 2248/2/3 2247/2/3
f 2252/2/3 2248/2/3 2251/2/3
f 2255/2/3 2254/2/3 2253/2/3
f 2256/2/3 2254/2/3 2255/2/3
f 2259/2/3 2258/2/3 2257/2/3
f 2260/2/3 2258/2/3 2259/2/3
f 2263/2/3 2262/2/3 2261/2/3
f 2264/2/3 2262/2/3 2263/2/3
f 2267/2/3 2266/2/3 2265/2/3
f 2268/2/3 2266/2/3 2267/2/3
f 2271/1/3 2270/1/3 2269/1/3
f 2272/1/3 2270/1/3 2271/1/3
f 2275/1/3 2274/1/3 2273/1/3
f 2276/1/3 2274/1/3 2275/1/3
f 2279/1/3 2278/1/3 2277/1/3
f 2280/1/3 2278/1/3 2279/1/3
f 2283/1/3 2282/1/3 2281/1/3
f 2284/1/3 2282/1/3 2283/1/3
f 2287/1/3 2286/1/3 2285/1/3
f 2288/1/3 2286/1/3 2287/1/3
f 2291/1/3 2290/1/3 2289/1/3
f 2292/1/3 2290/1/3 2291/1/3
f 2295/1/3 2294/1/3 2293/1/3
f 2296/1/3 2294/1/3 2295/1/3
f 2299/1/3 2298/1/3 2297/1/3
f 2300/1/3 2298/1/3 2299/1/3
f 2303/1/3 2302/1/3 2301/1/3
f 2304/1/3 2302/1/3 2303/1/3
f 2307/1/3 2306/1/3 2305/1/3
f 2308/1/3 2306/1/3 2307/1/3
f 2311/1/3 2310/1/3 2309/1/3
f 2312/1/3 2310/1/3 2311/1/3
f 2315/1/3 2314/1/3 2313/1/3
f 2316/1/3 2314/1/3 2315/1/3
f 2319/1/3 2318/1/3 2317/1/3
f 2320/1/3 2318/1/3 2319/1/3
f 2323/1/3 2322/1/3 2321/1/3
f 2324/1/3 2322/1/3 2323/1/3
f 2327/1/3 2326/1/3 2325/1/3
f 2328/1/3 2326/1/3 2327/1/3
f 2331/1/3 2330/1/3 2329/1/3
f 2332/1/3 2330/1/3 2331/1/3
f 2335/1/3 2334/1/3 2333/1/3
f 2336/1/3 2334/1/3 2335/1/3
f 2339/1/3 2338/1/3 2337/1/3
f 2340/1/3 2338/1/3 2339/1/3
f 2343/1/3 2342/1/3 2341/1/3
f 2344/1/3 2342/1/3 2343/1/3
f 2347/1/3 2346/1/3 2345/1/3
f 2348/1/3 2346/1/3 2347/1/3
f 2351/1/3 2350/1/3 2349/1/3
f 2352/1/3 2350/1/3 2351/1/3
f 2355/1/3 2354/1/3 2353/1/3
f 2356/1/3 2354/1/3 2355/1/3
f 2359/1/3 2358/1/3 2357/1/3
f 2360/1/3 2358/1/3 2359/1/3
f 2363/1/3 2362/1/3 2361/1/3
f 2364/1/3 2362/1/3 2363/1/3
f 2367/1/3 2366/1/3 2365/1/3
f 2368/1/3 2366/1/3 2367/1/3
f 2371/1/3 2370/1/3 2369/1/3
f 2372/1/3 2370/1/3 2371/1/3
f 2375/1/3 2374/1/3 2373/1/3
f 2376/1/3 2374/1/3 2375/1/3
f 2379/1/3 2378/1/3 2377/1/3
f 2380/1/3 2378/1/3 2379/1/3
f 2383/1/3 2382/1/3 2381/1/3
f 2384/1/3 2382/1/3 2383/1/3
f 2387/1/3 2386/1/3 2385/1/3
f 2388/1/3 2386/1/3 2387/1/3
f 2391/1/3 2390/1/3 2389/1/3
f 2392/1/3 2390/1/3 2391/1/3
f 2395/1/3 2394/1/3 2393/1/3
f 2396/1/3 2394/1/3 2395/1/3
f 2399/1/3 2398/1/3 2397/1/3
f 2400/1/3 2398/1/3 2399/1/3
f 2401/1/4 2402/1/4 2403/1/4
f 2403/1/4 2402/1/4 2404/1/4
f 2405/1/4 2406/1/4 2407/1/4
f 2407/1/4 2406/1/4 2408/1/4
f 2409/1/4 2410/1/4 2411/1/4
f 2411/1/4 2410/1/4 2412/1/4
f 2413/1/4 2414/1/4 2415/1/4
f 2415/1/4 2414/1/4 2416/1/4
f 2417/1/4 2418/1/4 2419/1/4
f 2419/1/4 2418/1/4 2420/1/4
f 2421/1/4 2422/1/4 2423/1/4
f 2423/1/4 2422/1/4 2424/1/4
f 2425/1/4 2426/1/4 2427/1/4
f 2427/1/4 2426/1/4 2428/1/4
f 2429/1/4 2430/1/4 2431/1/4
f 2431/1/4 2430/1/4 2432/1/4
f 2433/1/4 2434/1/4 2435/1/4
f 2435/1/4 2434/1/4 2436/1/4
f 2437/1/4 2438/1/4 2439/1/4
f 2439/1/4 2438/1/4 2440/1/4
f 2441/1/4 2442/1/4 2443/1/4
f 2443/1/4 2442/1/4 2444/1/4
f 2445/1/4 2446/1/4 2447/1/4
f 2447/1/4 2446/1/4 2448/1/4
f 2449/1/4 2450/1/4 2451/1/4
f 2451/1/4 2450/1/4 2452/1/4
f 2453/1/4 2454/1/4 2455/1/4
f 2455/1/4 2454/1/4 2456/1/4
f 2457/1/4 2458/1/4 2459/1/4
f 2459/1/4 2458/1/4 2460/1/4
f 2461/1/4 2462/1/4 2463/1/4
f 2463/1/4 2462/1/4 2464/1/4
f 2465/1/4 2466/1/4 2467/1/4
f 2467/1/4 2466/1/4 2468/1/4
f 2469/1/4 2470/1/4 2471/1/4
f 2471/1/4 2470/1/4 2472/1/4
f 2473/1/4 2474/1/4 2475/1/4
f 2475/1/4 2474/1/4 2476/1/4
f 2477/1/4 2478/1/4 2479/1/4
f 2479/1/4 2478/1/4 2480/1/4
f 2481/1/4 2482/1/4 2483/1/4
f 2483/1/4 2482/1/4 2484/1/4
f 2485/1/4 2486/1/4 2487/1/4
f 2487/1/4 2486/1/4 2488/1/4
f 2489/1/4 2490/1/4 2491/1/4
f 2491/1/4 2490/1/4 2492/1/4
f 2493/1/4 2494/1/4 2495/1/4
f 2495/1/4 2494/1/4 2496/1/4
f 2497/1/4 2498/1/4 2499/1/4
f 2499/1/4 2498/1/4 2500/1/4
f 2501/1/4 2502/1/4 2503/1/4
f 2503/1/4 2502/1/4 2504/1/4
f 2505/1/4 2506/1/4 2507/1/4
f 2507/1/4 2506/1/4 2508/1/4
f 2509/1/4 2510/1/4 2511/1/4
f 2511/1/4 2510/1/4 2512/1/4
f 2513/1/4 2514/1/4 2515/1/4
f 2515/1/4 2514/1/4 2516/1/4
f 2517/1/4 2518/1/4 2519/1/4
f 2519/1/4 2518/1/4 2520/1/4
f 2521/1/4 2522/1/4 2523/1/4
f 2523/1/4 2522/1/4 2524/1/4
f 2525/1/4 2526/1/4 2527/1/4
f 2527/1/4 2526/1/4 2528/1/4
f 2529/1/4 2530/1/4 2531/1/4
f 2531/1/4 2530/1/4 2532/1/4
f 2533/2/4 2534/2/4 2535/2/4
f 2535/2/4 2534/2/4 2536/2/4
f 2537/2/4 2538/2/4 2539/2/4
f 2539/2/4 2538/2/4 2540/2/4
f 2541/2/4 2542/2/4 2543/2/4
f 2543/2/4 2542/2/4 2544/2/4
f 2545/2/4 2546/2/4 2547/2/4
f 2547/2/4 2546/2/4 2548/2/4
f 2549/2/4 2550/2/4 2553/2/4
f 2553/2/4 2550/2/4 2554/2/4
f 2551/2/4 2552/2/4 2555/2/4
f 2555/2/4 2552/2/4 2556/2/4
f 2557/2/4 2558/2/4 2561/2/4
f 2561/2/4 2558/2/4 2562/2/4
f 2559/2/4 2560/2/4 2563/2/4
f 2563/2/4 2560/2/4 2564/2/4
f 2565/2/4 2566/2/4 2567/2/4
f 2567/2/4 2566/2/4 2568/2/4
f 2569/2/4 2570/2/4 2571/2/4
f 2571/2/4 2570/2/4 2572/2/4
f 2573/2/4 2574/2/4 2575/2/4
f 2575/2/4 2574/2/4 2576/2/4
f 2577/2/4 2578/2/4 2579/2/4
f 2579/2/4 2578/2/4 2580/2/4
f 2581/1/4 2582/1/4 2585/1/4
f 2585/1/4 2582/1/4 2586/1/4
f 2583/1/4 2584/1/4 2587/1/4
f 2587/1/4 2584/1/4 2588/1/4
f 2589/3/4 2590/3/4 2591/3/4
f 2591/3/4 2590/3/4 2592/3/4
f 2593/3/4 2594/3/4 2595/3/4
f 2595/3/4 2594/3/4 2596/3/4
f 2597/1/4 2598/1/4 2601/1/4
f 2601/1/4 2598/1/4 2602/1/4
f 2599/1/4 2600/1/4 2603/1/4
f 2603/1/4 2600/1/4 2604/1/4
f 2605/1/4 2606/1/4 2609/1/4
f 2609/1/4 2606/1/4 2610/1/4
f 2607/1/4 2608/1/4 2611/1/4
f 2611/1/4 2608/1/4 2612/1/4
f 2613/3/4 2614/3/4 2615/3/4
f 2615/3/4 2614/3/4 2616/3/4
f 2617/3/4 2618/3/4 2619/3/4
f 2619/3/4 2618/3/4 2620/3/4
f 2621/1/4 2622/1/4 2625/1/4
f 2625/1/4 2622/1/4 2626/1/4
f 2623/1/4 2624/1/4 2627/1/4
f 2627/1/4 2624/1/4 2628/1/4
f 2629/3/4 2630/3/4 2631/3/4
f 2631/3/4 2630/3/4 2632/3/4
f 2633/3/4 2634/3/4 2635/3/4
f 2635/3/4 2634/3/4 2636/3/4
f 2637/1/4 2638/1/4 2641/1/4
f 2641/1/4 2638/1/4 2642/1/4
f 2639/1/4 2640/1/4 2643/1/4
f 2643/1/4 2640/1/4 2644/1/4
f 2645/1/4 2646/1/4 2649/1/4
f 2649/1/4 2646/1/4 2650/1/4
f 2647/1/4 2648/1/4 2651/1/4
f 2651/1/4 2648/1/4 2652/1/4
f 2653/3/4 2654/3/4 2655/3/4
f 2655/3/4 2654/3/4 2656/3/4
f 2657/3/4 2658/3/4 2659/3/4
f 2659/3/4 2658/3/4 2660/3/4
f 2661/1/4 2662/1/4 2665/1/4
f 2665/1/4 2662/1/4 2666/1/4
f 2663/1/4 2664/1/4 2667/1/4
f 2667/1/4 2664/1/4 2668/1/4
f 2669/1/4 2670/1/4 2673/1/4
f 2673/1/4 2670/1/4 2674/1/4
f 2671/1/4 2672/1/4 2675/1/4
f 2675/1/4 2672/1/4 2676/1/4
f 2677/3/4 2678/3/4 2679/3/4
f 2679/3/4 2678/3/4 2680/3/4
f 2681/3/4 2682/3/4 2683/3/4
f 2683/3/4 2682/3/4 2684/3/4
f 2685/1/4 2686/1/4 2689/1/4
f 2689/1/4 2686/1/4 2690/1/4
f 2687/1/4 2688/1/4 2691/1/4
f 2691/1/4 2688/1/4 2692/1/4
f 2693/1/4 2694/1/4 2697/1/4
f 2697/1/4 2694/1/4 2698/1/4
f 2695/1/4 2696/1/4 2699/1/4
f 2699/1/4 2696/1/4 2700/1/4
f 2701/1/4 2702/1/4 2705/1/4
f 2705/1/4 2702/1/4 2706/1/4
f 2703/1/4 2704/1/4 2707/1/4
f 2707/1/4 2704/1/4 2708/1/4
f 2709/3/4 2710/3/4 2713/3/4
f 2713/3/4 2710/3/4 2714/3/4
f 2711/3/4 2712/3/4 2715/3/4
f 2715/3/4 2712/3/4 2716/3/4
f 2717/3/4 2718/3/4 2721/3/4
f 2721/3/4 2718/3/4 2722/3/4
f 2719/3/4 2720/3/4 2723/3/4
f 2723/3/4 2720/3/4 2724/3/4
f 2725/1/4 2726/1/4 2729/1/4
f 2729/1/4 2726/1/4 2730/1/4
f 2727/1/4 2728/1/4 2731/1/4
f 2731/1/4 2728/1/4 2732/1/4
f 2733/2/4 2734/2/4 2736/2/4
f 2736/2/4 2734/2/4 2737/2/4
f 2735/3/4 2736/3/4 2740/3/4
f 2740/3/4 2736/3/4 2741/3/4
f 2738/3/4 2739/3/4 2742/3/4
f 2742/3/4 2739/3/4 2743/3/4
f 2744/3/4 2745/3/4 2748/3/4
f 2748/3/4 2745/3/4 2749/3/4
f 2746/3/4 2747/3/4 2751/3/4
f 2751/3/4 2747/3/4 2752/3/4
f 2750/2/4 2751/2/4 2753/2/4
f 2753/2/4 2751/2/4 2754/2/4
f 2755/1/4 2756/1/4 2759/1/4
f 2759/1/4 2756/1/4 2760/1/4
f 2757/1/4 2758/1/4 2761/1/4
f 2761/1/4 2758/1/4 2762/1/4
f 2763/2/4 2764/2/4 2767/2/4
f 2767/2/4 2764/2/4 2768/2/4
f 2768/2/4 2764/2/4 2769/2/4
f 2765/3/4 2766/3/4 2772/3/4
f 2772/3/4 2766/3/4 2773/3/4
f 2767/3/4 2768/3/4 2774/3/4
f 2774/3/4 2768/3/4 2775/3/4
f 2770/3/4 2771/3/4 2776/3/4
f 2776/3/4 2771/3/4 2777/3/4
f 2778/3/4 2779/3/4 2784/3/4
f 2784/3/4 2779/3/4 2785/3/4
f 2780/3/4 2781/3/4 2787/3/4
f 2787/3/4 2781/3/4 2788/3/4
f 2782/3/4 2783/3/4 2789/3/4
f 2789/3/4 2783/3/4 2790/3/4
f 2787/2/4 2788/2/4 2791/2/4
f 2786/2/4 2787/2/4 2791/2/4
f 2791/2/4 2788/2/4 2792/2/4
f 2793/1/4 2794/1/4 2797/1/4
f 2797/1/4 2794/1/4 2798/1/4
f 2795/1/4 2796/1/4 2799/1/4
f 2799/1/4 2796/1/4 2800/1/4
f 2801/1/4 2802/1/4 2805/1/4
f 2805/1/4 2802/1/4 2806/1/4
f 2803/1/4 2804/1/4 2807/1/4
f 2807/1/4 2804/1/4 2808/1/4
f 2809/2/4 2810/2/4 2814/2/4
f 2814/2/4 2810/2/4 2815/2/4
f 2811/2/4 2812/2/4 2816/2/4
f 2816/2/4 2812/2/4 2817/2/4
f 2817/2/4 2812/2/4 2818/2/4
f 2813/3/4 2814/3/4 2820/3/4
f 2820/3/4 2814/3/4 2821/3/4
f 2816/3/4 2817/3/4 2822/3/4
f 2815/3/4 2816/3/4 2822/3/4
f 2822/3/4 2817/3/4 2823/3/4
f 2818/3/4 2819/3/4 2824/3/4
f 2824/3/4 2819/3/4 2825/3/4
f 2826/3/4 2827/3/4 2832/3/4
f 2832/3/4 2827/3/4 2833/3/4
f 2828/3/4 2829/3/4 2834/3/4
f 2834/3/4 2829/3/4 2835/3/4
f 2835/3/4 2829/3/4 2836/3/4
f 2830/3/4 2831/3/4 2837/3/4
f 2837/3/4 2831/3/4 2838/3/4
f 2833/2/4 2834/2/4 2839/2/4
f 2834/2/4 2835/2/4 2839/2/4
f 2839/2/4 2835/2/4 2840/2/4
f 2836/2/4 2837/2/4 2841/2/4
f 2841/2/4 2837/2/4 2842/2/4
f 2843/1/4 2844/1/4 2847/1/4
f 2847/1/4 2844/1/4 2848/1/4
f 2845/1/4 2846/1/4 2849/1/4
f 2849/1/4 2846/1/4 2850/1/4
f 2851/1/4 2852/1/4 2855/1/4
f 2855/1/4 2852/1/4 2856/1/4
f 2853/1/4 2854/1/4 2857/1/4
f 2857/1/4 2854/1/4 2858/1/4
f 2859/2/4 2860/2/4 2864/2/4
f 2864/2/4 2860/2/4 2865/2/4
f 2861/2/4 2862/2/4 2867/2/4
f 2867/2/4 2862/2/4 2868/2/4
f 2863/3/4 2864/3/4 2870/3/4
f 2870/3/4 2864/3/4 2871/3/4
f 2866/3/4 2867/3/4 2872/3/4
f 2872/3/4 2867/3/4 2873/3/4
f 2868/3/4 2869/3/4 2874/3/4
f 2874/3/4 2869/3/4 2875/3/4
f 2876/3/4 2877/3/4 2882/3/4
f 2882/3/4 2877/3/4 2883/3/4
f 2878/3/4 2879/3/4 2884/3/4
f 2884/3/4 2879/3/4 2885/3/4
f 2880/3/4 2881/3/4 2887/3/4
f 2887/3/4 2881/3/4 2888/3/4
f 2883/2/4 2884/2/4 2889/2/4
f 2889/2/4 2884/2/4 2890/2/4
f 2886/2/4 2887/2/4 2891/2/4
f 2891/2/4 2887/2/4 2892/2/4
f 2893/1/4 2894/1/4 2897/1/4
f 2897/1/4 2894/1/4 2898/1/4
f 2895/1/4 2896/1/4 2899/1/4
f 2899/1/4 2896/1/4 2900/1/4
f 2901/1/4 2902/1/4 2905/1/4
f 2905/1/4 2902/1/4 2906/1/4
f 2903/1/4 2904/1/4 2907/1/4
f 2907/1/4 2904/1/4 2908/1/4
f 2909/2/4 2910/2/4 2914/2/4
f 2914/2/4 2910/2/4 2915/2/4
f 2915/2/4 2910/2/4 2916/2/4
f 2911/2/4 2912/2/4 2917/2/4
f 2917/2/4 2912/2/4 2918/2/4
f 2913/3/4 2914/3/4 2920/3/4
f 2914/3/4 2915/3/4 2920/3/4
f 2920/3/4 2915/3/4 2921/3/4
f 2918/3/4 2919/3/4 2922/3/4
f 2917/3/4 2918/3/4 2922/3/4
f 2922/3/4 2919/3/4 2923/3/4
f 2924/3/4 2925/3/4 2928/3/4
f 2928/3/4 2925/3/4 2929/3/4
f 2929/3/4 2925/3/4 2930/3/4
f 2926/3/4 2927/3/4 2932/3/4
f 2932/3/4 2927/3/4 2933/3/4
f 2933/3/4 2927/3/4 2934/3/4
f 2929/2/4 2930/2/4 2935/2/4
f 2935/2/4 2930/2/4 2936/2/4
f 2932/2/4 2933/2/4 2937/2/4
f 2931/2/4 2932/2/4 2937/2/4
f 2937/2/4 2933/2/4 2938/2/4
f 2939/1/4 2940/1/4 2943/1/4
f 2943/1/4 2940/1/4 2944/1/4
f 2941/1/4 2942/1/4 2945/1/4
f 2945/1/4 2942/1/4 2946/1/4
f 2947/1/4 2948/1/4 2951/1/4
f 2951/1/4 2948/1/4 2952/1/4
f 2949/1/4 2950/1/4 2953/1/4
f 2953/1/4 2950/1/4 2954/1/4
f 2955/2/4 2956/2/4 2958/2/4
f 2958/2/4 2956/2/4 2959/2/4
f 2959/2/4 2956/2/4 2960/2/4
f 2957/3/4 2958/3/4 2962/3/4
f 2958/3/4 2959/3/4 2962/3/4
f 2962/3/4 2959/3/4 2963/3/4
f 2960/3/4 2961/3/4 2964/3/4
f 2964/3/4 2961/3/4 2965/3/4
f 2966/3/4 2967/3/4 2970/3/4
f 2970/3/4 2967/3/4 2971/3/4
f 2968/3/4 2969/3/4 2972/3/4
f 2972/3/4 2969/3/4 2973/3/4
f 2973/3/4 2969/3/4 2974/3/4
f 2971/2/4 2972/2/4 2975/2/4
f 2972/2/4 2973/2/4 2975/2/4
f 2975/2/4 2973/2/4 2976/2/4
f 2977/1/4 2978/1/4 2981/1/4
f 2981/1/4 2978/1/4 2982/1/4
f 2979/1/4 2980/1/4 2983/1/4
f 2983/1/4 2980/1/4 2984/1/4
f 2985/1/4 2986/1/4 2989/1/4
f 2989/1/4 2986/1/4 2990/1/4
f 2987/1/4 2988/1/4 2991/1/4
f 2991/1/4 2988/1/4 2992/1/4
f 2993/2/4 2994/2/4 2996/2/4
f 2996/2/4 2994/2/4 2997/2/4
f 2995/3/4 2996/3/4 2999/3/4
f 2997/3/4 2998/3/4 2999/3/4
f 2996/3/4 2997/3/4 2999/3/4
f 2999/3/4 2998/3/4 3000/3/4
f 3001/3/4 3002/3/4 3003/3/4
f 3003/3/4 3002/3/4 3004/3/4
f 3004/3/4 3002/3/4 3005/3/4
f 3005/3/4 3002/3/4 3006/3/4
f 3004/2/4 3005/2/4 3007/2/4
f 3007/2/4 3005/2/4 3008/2/4
f 3009/1/4 3010/1/4 3013/1/4
f 3013/1/4 3010/1/4 3014/1/4
f 3011/1/4 3012/1/4 3015/1/4
f 3015/1/4 3012/1/4 3016/1/4
f 3017/1/4 3018/1/4 3021/1/4
f 3021/1/4 3018/1/4 3022/1/4
f 3019/1/4 3020/1/4 3023/1/4
f 3023/1/4 3020/1/4 3024/1/4
f 3025/3/4 3026/3/4 3027/3/4
f 3027/3/4 3026/3/4 3028/3/4
f 3029/3/4 3030/3/4 3031/3/4
f 3031/3/4 3030/3/4 3032/3/4
f 3033/1/4 3034/1/4 3037/1/4
f 3037/1/4 3034/1/4 3038/1/4
f 3035/1/4 3036/1/4 3039/1/4
f 3039/1/4 3036/1/4 3040/1/4
f 3041/1/4 3042/1/4 3045/1/4
f 3045/1/4 3042/1/4 3046/1/4
f 3043/1/4 3044/1/4 3047/1/4
f 3047/1/4 3044/1/4 3048/1/4
f 3049/3/4 3050/3/4 3051/3/4
f 3051/3/4 3050/3/4 3052/3/4
f 3053/3/4 3054/3/4 3055/3/4
f 3055/3/4 3054/3/4 3056/3/4
f 3057/1/4 3058/1/4 3061/1/4
f 3061/1/4 3058/1/4 3062/1/4
f 3059/1/4 3060/1/4 3063/1/4
f 3063/1/4 3060/1/4 3064/1/4
f 3065/1/4 3066/1/4 3069/1/4
f 3069/1/4 3066/1/4 3070/1/4
f 3067/1/4 3068/1/4 3071/1/4
f 3071/1/4 3068/1/4 3072/1/4
f 3073/3/4 3074/3/4 3075/3/4
f 3075/3/4 3074/3/4 3076/3/4
f 3077/3/4 3078/3/4 3079/3/4
f 3079/3/4 3078/3/4 3080/3/4
f 3081/1/4 3082/1/4 3085/1/4
f 3085/1/4 3082/1/4 3086/1/4
f 3083/1/4 3084/1/4 3087/1/4
f 3087/1/4 3084/1/4 3088/1/4
f 3089/1/4 3090/1/4 3093/1/4
f 3093/1/4 3090/1/4 3094/1/4
f 3091/1/4 3092/1/4 3095/1/4
f 3095/1/4 3092/1/4 3096/1/4
f 3097/3/4 3098/3/4 3099/3/4
f 3099/3/4 3098/3/4 3100/3/4
f 3101/3/4 3102/3/4 3103/3/4
f 3103/3/4 3102/3/4 3104/3/4
f 3105/1/4 3106/1/4 3109/1/4
f 3109/1/4 3106/1/4 3110/1/4
f 3107/1/4 3108/1/4 3111/1/4
f 3111/1/4 3108/1/4 3112/1/4
f 3113/1/4 3114/1/4 3117/1/4
f 3117/1/4 3114/1/4 3118/1/4
f 3115/1/4 3116/1/4 3119/1/4
f 3119/1/4 3116/1/4 3120/1/4
f 3121/3/4 3122/3/4 3123/3/4
f 3123/3/4 3122/3/4 3124/3/4
f 3124/3/4 3122/3/4 3125/3/4
f 3125/3/4 3122/3/4 3126/3/4
f 3121/3/4 3123/3/4 3127/3/4
f 3127/3/4 3123/3/4 3128/3/4
f 3126/3/4 3122/3/4 3130/3/4
f 3130/3/4 3122/3/4 3131/3/4
f 3128/3/4 3129/3/4 3132/3/4
f 3128/3/4 3132/3/4 3134/3/4
f 3132/3/4 3133/3/4 3134/3/4
f 3134/3/4 3133/3/4 3135/3/4
f 3121/3/4 3127/3/4 3136/3/4
f 3135/3/4 3133/3/4 3138/3/4
f 3138/3/4 3133/3/4 3139/3/4
f 3131/3/4 3122/3/4 3140/3/4
f 3136/3/4 3137/3/4 3141/3/4
f 3141/3/4 3142/3/4 3143/3/4
f 3139/3/4 3140/3/4 3144/3/4
f 3141/3/4 3143/3/4 3145/3/4
f 3143/3/4 3144/3/4 3145/3/4
f 3121/3/4 3136/3/4 3145/3/4
f 3136/3/4 3141/3/4 3145/3/4
f 3144/3/4 3140/3/4 3146/3/4
f 3145/3/4 3144/3/4 3146/3/4
f 3140/3/4 3122/3/4 3146/3/4
f 3147/1/4 3148/1/4 3151/1/4
f 3151/1/4 3148/1/4 3152/1/4
f 3149/1/4 3150/1/4 3153/1/4
f 3153/1/4 3150/1/4 3154/1/4
f 3155/1/4 3156/1/4 3159/1/4
f 3159/1/4 3156/1/4 3160/1/4
f 3157/1/4 3158/1/4 3161/1/4
f 3161/1/4 3158/1/4 3162/1/4
f 3163/2/4 3164/2/4 3165/2/4
f 3163/2/4 3165/2/4 3168/2/4
f 3165/2/4 3166/2/4 3168/2/4
f 3168/2/4 3166/2/4 3169/2/4
f 3169/2/4 3166/2/4 3170/2/4
f 3170/2/4 3171/2/4 3172/2/4
f 3169/2/4 3170/2/4 3172/2/4
f 3172/2/4 3171/2/4 3173/2/4
f 3167/2/4 3168/2/4 3174/2/4
f 3167/2/4 3174/2/4 3176/2/4
f 3174/2/4 3175/2/4 3176/2/4
f 3176/2/4 3175/2/4 3177/2/4
f 3177/2/4 3175/2/4 3178/2/4
f 3173/2/4 3171/2/4 3179/2/4
f 3179/2/4 3171/2/4 3180/2/4
f 3177/2/4 3178/2/4 3181/2/4
f 3178/2/4 3179/2/4 3181/2/4
f 3181/2/4 3179/2/4 3182/2/4
f 3182/2/4 3179/2/4 3183/2/4
f 3183/2/4 3179/2/4 3184/2/4
f 3185/1/4 3186/1/4 3189/1/4
f 3189/1/4 3186/1/4 3190/1/4
f 3187/1/4 3188/1/4 3191/1/4
f 3191/1/4 3188/1/4 3192/1/4
f 3193/1/4 3194/1/4 3197/1/4
f 3197/1/4 3194/1/4 3198/1/4
f 3195/1/4 3196/1/4 3199/1/4
f 3199/1/4 3196/1/4 3200/1/4
f 3204/1/5 3202/1/5 3201/1/5
f 3205/1/5 3202/1/5 3204/1/5
f 3208/1/5 3204/1/5 3203/1/5
f 3208/1/5 3206/1/5 3205/1/5
f 3208/1/5 3205/1/5 3204/1/5
f 3209/1/5 3206/1/5 3208/1/5
f 3212/1/5 3208/1/5 3207/1/5
f 3212/1/5 3210/1/5 3209/1/5
f 3212/1/5 3209/1/5 3208/1/5
f 3213/1/5 3210/1/5 3212/1/5
f 3216/1/5 3212/1/5 3211/1/5
f 3216/1/5 3214/1/5 3213/1/5
f 3216/1/5 3213/1/5 3212/1/5
f 3217/1/5 3214/1/5 3216/1/5
f 3218/1/5 3214/1/5 3217/1/5
f 3219/1/5 3214/1/5 3218/1/5
f 3222/1/5 3216/1/5 3215/1/5
f 3222/1/5 3217/1/5 3216/1/5
f 3223/1/5 3217/1/5 3222/1/5
f 3224/1/5 3217/1/5 3223/1/5
f 3225/1/5 3219/1/5 3218/1/5
f 3225/1/5 3220/1/5 3219/1/5
f 3226/1/5 3220/1/5 3225/1/5
f 3227/1/5 3220/1/5 3226/1/5
f 3230/1/5 3223/1/5 3222/1/5
f 3230/1/5 3222/1/5 3221/1/5
f 3231/1/5 3223/1/5 3230/1/5
f 3232/1/5 3223/1/5 3231/1/5
f 3233/1/5 3228/1/5 3227/1/5
f 3233/1/5 3227/1/5 3226/1/5
f 3234/1/5 3228/1/5 3233/1/5
f 3235/1/5 3228/1/5 3234/1/5
f 3238/1/5 3231/1/5 3230/1/5
f 3238/1/5 3230/1/5 3229/1/5
f 3239/1/5 3231/1/5 3238/1/5
f 3240/1/5 3231/1/5 3239/1/5
f 3241/1/5 3236/1/5 3235/1/5
f 3241/1/5 3235/1/5 3234/1/5
f 3242/1/5 3236/1/5 3241/1/5
f 3243/1/5 3236/1/5 3242/1/5
f 3246/1/5 3239/1/5 3238/1/5
f 3246/1/5 3238/1/5 3237/1/5
f 3247/1/5 3239/1/5 3246/1/5
f 3248/1/5 3239/1/5 3247/1/5
f 3249/1/5 3244/1/5 3243/1/5
f 3249/1/5 3243/1/5 3242/1/5
f 3250/1/5 3244/1/5 3249/1/5
f 3251/1/5 3244/1/5 3250/1/5
f 3254/1/5 3247/1/5 3246/1/5
f 3254/1/5 3246/1/5 3245/1/5
f 3255/1/5 3247/1/5 3254/1/5
f 3256/1/5 3247/1/5 3255/1/5
f 3257/1/5 3252/1/5 3251/1/5
f 3257/1/5 3251/1/5 3250/1/5
f 3258/1/5 3252/1/5 3257/1/5
f 3259/1/5 3252/1/5 3258/1/5
f 3262/1/5 3255/1/5 3254/1/5
f 3262/1/5 3254/1/5 3253/1/5
f 3263/1/5 3255/1/5 3262/1/5
f 3264/1/5 3255/1/5 3263/1/5
f 3265/1/5 3260/1/5 3259/1/5
f 3265/1/5 3259/1/5 3258/1/5
f 3266/1/5 3260/1/5 3265/1/5
f 3267/1/5 3260/1/5 3266/1/5
f 3270/1/5 3263/1/5 3262/1/5
f 3270/1/5 3262/1/5 3261/1/5
f 3271/1/5 3263/1/5 3270/1/5
f 3272/1/5 3263/1/5 3271/1/5
f 3273/1/5 3268/1/5 3267/1/5
f 3273/1/5 3267/1/5 3266/1/5
f 3274/1/5 3268/1/5 3273/1/5
f 3275/1/5 3268/1/5 3274/1/5
f 3278/1/5 3271/1/5 3270/1/5
f 3278/1/5 3270/1/5 3269/1/5
f 3279/1/5 3271/1/5 3278/1/5
f 3280/1/5 3271/1/5 3279/1/5
f 3281/1/5 3276/1/5 3275/1/5
f 3281/1/5 3275/1/5 3274/1/5
f 3282/1/5 3276/1/5 3281/1/5
f 3283/1/5 3276/1/5 3282/1/5
f 3285/1/5 3279/1/5 3278/1/5
f 3285/1/5 3278/1/5 3277/1/5
f 3286/1/5 3279/1/5 3285/1/5
f 3287/1/5 3284/1/5 3283/1/5
f 3287/1/5 3283/1/5 3282/1/5
f 3288/1/5 3284/1/5 3287/1/5
f 3290/1/5 3285/1/5 3277/1/5
f 3291/1/5 3285/1/5 3290/1/5
f 3292/1/5 3285/1/5 3291/1/5
f 3293/1/5 3284/1/5 3288/1/5
f 3294/1/5 3284/1/5 3293/1/5
f 3295/1/5 3284/1/5 3294/1/5
f 3298/1/5 3290/1/5 3289/1/5
f 3298/1/5 3291/1/5 3290/1/5
f 3299/1/5 3291/1/5 3298/1/5
f 3300/1/5 3291/1/5 3299/1/5
f 3301/1/5 3296/1/5 3295/1/5
f 3301/1/5 3295/1/5 3294/1/5
f 3302/1/5 3296/1/5 3301/1/5
f 3303/1/5 3296/1/5 3302/1/5
f 3305/1/5 3299/1/5 3298/1/5
f 3305/1/5 3298/1/5 3297/1/5
f 3306/1/5 3299/1/5 3305/1/5
f 3307/1/5 3304/1/5 3303/1/5
f 3307/1/5 3303/1/5 3302/1/5
f 3308/1/5 3304/1/5 3307/1/5
f 3310/1/5 3305/1/5 3297/1/5
f 3311/1/5 3304/1/5 3308/1/5
f 3313/1/5 3310/1/5 3309/1/5
f 3313/1/5 3305/1/5 3310/1/5
f 3314/1/5 3305/1/5 3313/1/5
f 3315/1/5 3312/1/5 3311/1/5
f 3315/1/5 3311/1/5 3308/1/5
f 3316/1/5 3312/1/5 3315/1/5
f 3318/1/5 3313/1/5 3309/1/5
f 3319/1/5 3312/1/5 3316/1/5
f 3321/1/5 3318/1/5 3317/1/5
f 3321/1/5 3313/1/5 3318/1/5
f 3322/1/5 3313/1/5 3321/1/5
f 3323/1/5 3320/1/5 3319/1/5
f 3323/1/5 3319/1/5 3316/1/5
f 3324/1/5 3320/1/5 3323/1/5
f 3326/1/5 3321/1/5 3317/1/5
f 3327/1/5 3320/1/5 3324/1/5
f 3329/1/5 3326/1/5 3325/1/5
f 3329/1/5 3321/1/5 3326/1/5
f 3330/1/5 3321/1/5 3329/1/5
f 3331/1/5 3328/1/5 3327/1/5
f 3331/1/5 3327/1/5 3324/1/5
f 3332/1/5 3328/1/5 3331/1/5
f 3334/1/5 3329/1/5 3325/1/5
f 3335/1/5 3329/1/5 3334/1/5
f 3336/1/5 3329/1/5 3335/1/5
f 3337/1/5 3328/1/5 3332/1/5
f 3338/1/5 3328/1/5 3337/1/5
f 3339/1/5 3328/1/5 3338/1/5
f 3341/1/5 3334/1/5 3333/1/5
f 3341/1/5 3335/1/5 3334/1/5
f 3342/1/5 3335/1/5 3341/1/5
f 3343/1/5 3335/1/5 3342/1/5
f 3346/1/5 3340/1/5 3339/1/5
f 3346/1/5 3339/1/5 3338/1/5
f 3347/1/5 3340/1/5 3346/1/5
f 3348/1/5 3340/1/5 3347/1/5
f 3349/1/5 3344/1/5 3343/1/5
f 3349/1/5 3343/1/5 3342/1/5
f 3352/1/5 3347/1/5 3346/1/5
f 3352/1/5 3346/1/5 3345/1/5
f 3353/1/5 3350/1/5 3349/1/5
f 3353/1/5 3349/1/5 3342/1/5
f 3354/1/5 3350/1/5 3353/1/5
f 3355/1/5 3352/1/5 3351/1/5
f 3355/1/5 3347/1/5 3352/1/5
f 3356/1/5 3347/1/5 3355/1/5
f 3357/1/5 3350/1/5 3354/1/5
f 3360/1/5 3355/1/5 3351/1/5
f 3361/1/5 3358/1/5 3357/1/5
f 3361/1/5 3357/1/5 3354/1/5
f 3362/1/5 3358/1/5 3361/1/5
f 3363/1/5 3360/1/5 3359/1/5
f 3363/1/5 3355/1/5 3360/1/5
f 3364/1/5 3355/1/5 3363/1/5
f 3365/1/5 3358/1/5 3362/1/5
f 3368/1/5 3363/1/5 3359/1/5
f 3369/1/5 3366/1/5 3365/1/5
f 3369/1/5 3365/1/5 3362/1/5
f 3370/1/5 3366/1/5 3369/1/5
f 3371/1/5 3368/1/5 3367/1/5
f 3371/1/5 3363/1/5 3368/1/5
f 3372/1/5 3363/1/5 3371/1/5
f 3373/1/5 3366/1/5 3370/1/5
f 3376/1/5 3371/1/5 3367/1/5
f 3377/1/5 3374/1/5 3373/1/5
f 3377/1/5 3373/1/5 3370/1/5
f 3378/1/5 3374/1/5 3377/1/5
f 3379/1/5 3374/1/5 3378/1/5
f 3382/1/5 3376/1/5 3375/1/5
f 3383/1/5 3371/1/5 3376/1/5
f 3383/1/5 3376/1/5 3382/1/5
f 3384/1/5 3371/1/5 3383/1/5
f 3385/1/5 3380/1/5 3379/1/5
f 3385/1/5 3379/1/5 3378/1/5
f 3386/1/5 3380/1/5 3385/1/5
f 3387/1/5 3380/1/5 3386/1/5
f 3390/1/5 3382/1/5 3381/1/5
f 3390/1/5 3383/1/5 3382/1/5
f 3391/1/5 3383/1/5 3390/1/5
f 3392/1/5 3383/1/5 3391/1/5
f 3393/1/5 3388/1/5 3387/1/5
f 3393/1/5 3387/1/5 3386/1/5
f 3396/1/5 3391/1/5 3390/1/5
f 3396/1/5 3390/1/5 3389/1/5
f 3397/1/5 3394/1/5 3393/1/5
f 3397/1/5 3393/1/5 3386/1/5
f 3398/1/5 3394/1/5 3397/1/5
f 3399/1/5 3394/1/5 3398/1/5
f 3402/1/5 3396/1/5 3395/1/5
f 3403/1/5 3391/1/5 3396/1/5
f 3403/1/5 3396/1/5 3402/1/5
f 3404/1/5 3391/1/5 3403/1/5
f 3405/1/5 3400/1/5 3399/1/5
f 3405/1/5 3399/1/5 3398/1/5
f 3406/1/5 3400/1/5 3405/1/5
f 3407/1/5 3400/1/5 3406/1/5
f 3410/1/5 3402/1/5 3401/1/5
f 3410/1/5 3403/1/5 3402/1/5
f 3411/1/5 3403/1/5 3410/1/5
f 3412/1/5 3403/1/5 3411/1/5
f 3413/1/5 3408/1/5 3407/1/5
f 3413/1/5 3407/1/5 3406/1/5
f 3414/1/5 3408/1/5 3413/1/5
f 3415/1/5 3408/1/5 3414/1/5
f 3418/1/5 3411/1/5 3410/1/5
f 3418/1/5 3410/1/5 3409/1/5
f 3419/1/5 3411/1/5 3418/1/5
f 3420/1/5 3411/1/5 3419/1/5
f 3421/1/5 3416/1/5 3415/1/5
f 3421/1/5 3415/1/5 3414/1/5
f 3422/1/5 3416/1/5 3421/1/5
f 3423/1/5 3416/1/5 3422/1/5
f 3426/1/5 3419/1/5 3418/1/5
f 3426/1/5 3418/1/5 3417/1/5
f 3427/1/5 3419/1/5 3426/1/5
f 3428/1/5 3419/1/5 3427/1/5
f 3429/1/5 3424/1/5 3423/1/5
f 3429/1/5 3423/1/5 3422/1/5
f 3430/1/5 3424/1/5 3429/1/5
f 3431/1/5 3424/1/5 3430/1/5
f 3434/1/5 3427/1/5 3426/1/5
f 3434/1/5 3426/1/5 3425/1/5
f 3435/1/5 3427/1/5 3434/1/5
f 3436/1/5 3427/1/5 3435/1/5
f 3437/1/5 3432/1/5 3431/1/5
f 3437/1/5 3431/1/5 3430/1/5
f 3438/1/5 3432/1/5 3437/1/5
f 3439/1/5 3432/1/5 3438/1/5
f 3442/1/5 3435/1/5 3434/1/5
f 3442/1/5 3434/1/5 3433/1/5
f 3443/1/5 3435/1/5 3442/1/5
f 3444/1/5 3435/1/5 3443/1/5
f 3445/1/5 3440/1/5 3439/1/5
f 3445/1/5 3439/1/5 3438/1/5
f 3446/1/5 3440/1/5 3445/1/5
f 3447/1/5 3440/1/5 3446/1/5
f 3450/1/5 3443/1/5 3442/1/5
f 3450/1/5 3442/1/5 3441/1/5
f 3451/1/5 3443/1/5 3450/1/5
f 3452/1/5 3443/1/5 3451/1/5
f 3453/1/5 3448/1/5 3447/1/5
f 3453/1/5 3447/1/5 3446/1/5
f 3454/1/5 3448/1/5 3453/1/5
f 3455/1/5 3448/1/5 3454/1/5
f 3458/1/5 3451/1/5 3450/1/5
f 3458/1/5 3450/1/5 3449/1/5
f 3459/1/5 3451/1/5 3458/1/5
f 3460/1/5 3451/1/5 3459/1/5
f 3461/1/5 3456/1/5 3455/1/5
f 3461/1/5 3455/1/5 3454/1/5
f 3462/1/5 3456/1/5 3461/1/5
f 3463/1/5 3456/1/5 3462/1/5
f 3464/1/5 3459/1/5 3458/1/5
f 3464/1/5 3458/1/5 3457/1/5
f 3465/1/5 3459/1/5 3464/1/5
f 3466/1/5 3459/1/5 3465/1/5
f 3467/1/5 3463/1/5 3462/1/5
f 3467/1/5 3465/1/5 3464/1/5
f 3467/1/5 3464/1/5 3463/1/5
f 3468/1/5 3465/1/5 3467/1/5
f 3469/1/5 3465/1/5 3468/1/5
f 3470/1/5 3465/1/5 3469/1/5
f 3471/1/5 3469/1/5 3468/1/5
f 3472/1/5 3469/1/5 3471/1/5
f 3473/1/5 3469/1/5 3472/1/5
f 3474/1/5 3469/1/5 3473/1/5
f 3475/1/5 3473/1/5 3472/1/5
f 3476/1/5 3473/1/5 3475/1/5
f 3477/1/5 3473/1/5 3476/1/5
f 3478/1/5 3473/1/5 3477/1/5
f 3479/1/5 3477/1/5 3476/1/5
f 3480/1/5 3477/1/5 3479/1/5
f 3483/2/5 3482/2/5 3481/2/5
f 3484/2/5 3482/2/5 3483/2/5
f 3490/2/5 3486/2/5 3485/2/5
f 3491/2/5 3486/2/5 3490/2/5
f 3492/2/5 3488/2/5 3487/2/5
f 3493/2/5 3488/2/5 3492/2/5
f 3496/2/5 3490/2/5 3489/2/5
f 3497/2/5 3490/2/5 3496/2/5
f 3498/2/5 3494/2/5 3493/2/5
f 3499/2/5 3494/2/5 3498/2/5
f 3501/2/5 3496/2/5 3495/2/5
f 3502/2/5 3496/2/5 3501/2/5
f 3503/2/5 3500/2/5 3499/2/5
f 3504/2/5 3500/2/5 3503/2/5
f 3509/2/5 3506/2/5 3505/2/5
f 3510/2/5 3506/2/5 3509/2/5
f 3511/2/5 3508/2/5 3507/2/5
f 3512/2/5 3508/2/5 3511/2/5
f 3517/2/5 3514/2/5 3513/2/5
f 3518/2/5 3514/2/5 3517/2/5
f 3521/2/5 3516/2/5 3515/2/5
f 3522/2/5 3516/2/5 3521/2/5
f 3523/2/5 3519/2/5 3518/2/5
f 3524/2/5 3519/2/5 3523/2/5
f 3527/2/5 3521/2/5 3520/2/5
f 3528/2/5 3521/2/5 3527/2/5
f 3529/2/5 3525/2/5 3524/2/5
f 3530/2/5 3525/2/5 3529/2/5
f 3531/2/5 3527/2/5 3526/2/5
f 3532/2/5 3527/2/5 3531/2/5
f 3535/2/5 3534/2/5 3533/2/5
f 3536/2/5 3534/2/5 3535/2/5
f 3541/2/5 3538/2/5 3537/2/5
f 3542/2/5 3538/2/5 3541/2/5
f 3543/2/5 3540/2/5 3539/2/5
f 3544/2/5 3540/2/5 3543/2/5
f 3548/2/5 3546/2/5 3545/2/5
f 3549/2/5 3546/2/5 3548/2/5
f 3552/2/5 3548/2/5 3547/2/5
f 3553/2/5 3548/2/5 3552/2/5
f 3554/2/5 3551/2/5 3550/2/5
f 3555/2/5 3551/2/5 3554/2/5
f 3560/2/5 3557/2/5 3556/2/5
f 3561/2/5 3557/2/5 3560/2/5
f 3562/2/5 3559/2/5 3558/2/5
f 3563/2/5 3559/2/5 3562/2/5
f 3565/2/5 3564/2/5 3563/2/5
f 3566/2/5 3564/2/5 3565/2/5
f 3571/2/5 3568/2/5 3567/2/5
f 3572/2/5 3568/2/5 3571/2/5
f 3573/2/5 3570/2/5 3569/2/5
f 3574/2/5 3570/2/5 3573/2/5
f 3579/2/5 3576/2/5 3575/2/5
f 3580/2/5 3576/2/5 3579/2/5
f 3581/2/5 3578/2/5 3577/2/5
f 3582/2/5 3578/2/5 3581/2/5
f 3585/2/5 3584/2/5 3583/2/5
f 3586/2/5 3584/2/5 3585/2/5
f 3590/2/5 3587/2/5 3586/2/5
f 3591/2/5 3587/2/5 3590/2/5
f 3592/2/5 3589/2/5 3588/2/5
f 3593/2/5 3589/2/5 3592/2/5
f 3598/2/5 3595/2/5 3594/2/5
f 3599/2/5 3595/2/5 3598/2/5
f 3601/2/5 3597/2/5 3596/2/5
f 3602/2/5 3597/2/5 3601/2/5
f 3603/2/5 3601/2/5 3600/2/5
f 3604/2/5 3601/2/5 3603/2/5
f 3609/2/5 3606/2/5 3605/2/5
f 3610/2/5 3606/2/5 3609/2/5
f 3611/2/5 3608/2/5 3607/2/5
f 3612/2/5 3608/2/5 3611/2/5
f 3617/2/5 3614/2/5 3613/2/5
f 3618/2/5 3614/2/5 3617/2/5
f 3619/2/5 3616/2/5 3615/2/5
f 3620/2/5 3616/2/5 3619/2/5
f 3623/2/5 3622/2/5 3621/2/5
f 3624/2/5 3622/2/5 3623/2/5
f 3627/2/5 3626/2/5 3625/2/5
f 3628/2/5 3626/2/5 3627/2/5
f 3631/2/5 3630/2/5 3629/2/5
f 3632/2/5 3630/2/5 3631/2/5
f 3635/2/5 3634/2/5 3633/2/5
f 3636/2/5 3634/2/5 3635/2/5
f 3639/2/5 3638/2/5 3637/2/5
f 3640/2/5 3638/2/5 3639/2/5
f 3643/2/5 3642/2/5 3641/2/5
f 3644/2/5 3642/2/5 3643/2/5
f 3647/2/5 3646/2/5 3645/2/5
f 3648/2/5 3646/2/5 3647/2/5
f 3651/2/5 3650/2/5 3649/2/5
f 3652/2/5 3650/2/5 3651/2/5
f 3655/2/5 3654/2/5 3653/2/5
f 3656/2/5 3654/2/5 3655/2/5
f 3659/2/5 3658/2/5 3657/2/5
f 3660/2/5 3658/2/5 3659/2/5
f 3663/2/5 3662/2/5 3661/2/5
f 3664/2/5 3662/2/5 3663/2/5
f 3667/2/5 3666/2/5 3665/2/5
f 3668/2/5 3666/2/5 3667/2/5
f 3673/2/5 3670/2/5 3669/2/5
f 3674/2/5 3670/2/5 3673/2/5
f 3675/2/5 3672/2/5 3671/2/5
f 3676/2/5 3672/2/5 3675/2/5
f 3679/2/5 3678/2/5 3677/2/5
f 3680/2/5 3678/2/5 3679/2/5
f 3685/2/5 3682/2/5 3681/2/5
f 3686/2/5 3682/2/5 3685/2/5
f 3689/2/5 3684/2/5 3683/2/5
f 3690/2/5 3684/2/5 3689/2/5
f 3691/2/5 3687/2/5 3686/2/5
f 3692/2/5 3687/2/5 3691/2/5
f 3693/2/5 3689/2/5 3688/2/5
f 3694/2/5 3689/2/5 3693/2/5
f 3699/2/5 3696/2/5 3695/2/5
f 3700/2/5 3696/2/5 3699/2/5
f 3701/2/5 3698/2/5 3697/2/5
f 3702/2/5 3698/2/5 3701/2/5
f 3708/2/5 3704/2/5 3703/2/5
f 3709/2/5 3704/2/5 3708/2/5
f 3710/2/5 3706/2/5 3705/2/5
f 3711/2/5 3706/2/5 3710/2/5
f 3713/2/5 3708/2/5 3707/2/5
f 3714/2/5 3708/2/5 3713/2/5
f 3715/2/5 3712/2/5 3711/2/5
f 3716/2/5 3712/2/5 3715/2/5
f 3719/2/5 3718/2/5 3717/2/5
f 3720/2/5 3718/2/5 3719/2/5
f 3724/1/5 3722/1/5 3721/1/5
f 3725/1/5 3722/1/5 3724/1/5
f 3728/1/5 3724/1/5 3723/1/5
f 3728/1/5 3726/1/5 3725/1/5
f 3728/1/5 3725/1/5 3724/1/5
f 3729/1/5 3726/1/5 3728/1/5
f 3730/1/5 3726/1/5 3729/1/5
f 3731/1/5 3726/1/5 3730/1/5
f 3734/1/5 3728/1/5 3727/1/5
f 3734/1/5 3729/1/5 3728/1/5
f 3735/1/5 3729/1/5 3734/1/5
f 3736/1/5 3729/1/5 3735/1/5
f 3737/1/5 3731/1/5 3730/1/5
f 3737/1/5 3732/1/5 3731/1/5
f 3738/1/5 3732/1/5 3737/1/5
f 3739/1/5 3732/1/5 3738/1/5
f 3742/1/5 3735/1/5 3734/1/5
f 3742/1/5 3734/1/5 3733/1/5
f 3743/1/5 3735/1/5 3742/1/5
f 3744/1/5 3735/1/5 3743/1/5
f 3745/1/5 3740/1/5 3739/1/5
f 3745/1/5 3739/1/5 3738/1/5
f 3746/1/5 3740/1/5 3745/1/5
f 3747/1/5 3740/1/5 3746/1/5
f 3750/1/5 3743/1/5 3742/1/5
f 3750/1/5 3742/1/5 3741/1/5
f 3751/1/5 3743/1/5 3750/1/5
f 3752/1/5 3743/1/5 3751/1/5
f 3753/1/5 3748/1/5 3747/1/5
f 3753/1/5 3747/1/5 3746/1/5
f 3754/1/5 3748/1/5 3753/1/5
f 3755/1/5 3748/1/5 3754/1/5
f 3758/1/5 3751/1/5 3750/1/5
f 3758/1/5 3750/1/5 3749/1/5
f 3759/1/5 3751/1/5 3758/1/5
f 3760/1/5 3751/1/5 3759/1/5
f 3761/1/5 3756/1/5 3755/1/5
f 3761/1/5 3755/1/5 3754/1/5
f 3762/1/5 3756/1/5 3761/1/5
f 3763/1/5 3756/1/5 3762/1/5
f 3766/1/5 3759/1/5 3758/1/5
f 3766/1/5 3758/1/5 3757/1/5
f 3767/1/5 3759/1/5 3766/1/5
f 3768/1/5 3759/1/5 3767/1/5
f 3769/1/5 3764/1/5 3763/1/5
f 3769/1/5 3763/1/5 3762/1/5
f 3770/1/5 3764/1/5 3769/1/5
f 3771/1/5 3764/1/5 3770/1/5
f 3774/1/5 3767/1/5 3766/1/5
f 3774/1/5 3766/1/5 3765/1/5
f 3775/1/5 3767/1/5 3774/1/5
f 3776/1/5 3767/1/5 3775/1/5
f 3777/1/5 3772/1/5 3771/1/5
f 3777/1/5 3771/1/5 3770/1/5
f 3778/1/5 3772/1/5 3777/1/5
f 3779/1/5 3772/1/5 3778/1/5
f 3782/1/5 3775/1/5 3774/1/5
f 3782/1/5 3774/1/5 3773/1/5
f 3783/1/5 3775/1/5 3782/1/5
f 3784/1/5 3775/1/5 3783/1/5
f 3785/1/5 3780/1/5 3779/1/5
f 3785/1/5 3779/1/5 3778/1/5
f 3786/1/5 3780/1/5 3785/1/5
f 3787/1/5 3780/1/5 3786/1/5
f 3790/1/5 3783/1/5 3782/1/5
f 3790/1/5 3782/1/5 3781/1/5
f 3791/1/5 3783/1/5 3790/1/5
f 3792/1/5 3783/1/5 3791/1/5
f 3793/1/5 3788/1/5 3787/1/5
f 3793/1/5 3787/1/5 3786/1/5
f 3794/1/5 3788/1/5 3793/1/5
f 3795/1/5 3788/1/5 3794/1/5
f 3798/1/5 3791/1/5 3790/1/5
f 3798/1/5 3790/1/5 3789/1/5
f 3799/1/5 3791/1/5 3798/1/5
f 3800/1/5 3791/1/5 3799/1/5
f 3801/1/5 3796/1/5 3795/1/5
f 3801/1/5 3795/1/5 3794/1/5
f 3802/1/5 3796/1/5 3801/1/5
f 3803/1/5 3796/1/5 3802/1/5
f 3806/1/5 3799/1/5 3798/1/5
f 3806/1/5 3798/1/5 3797/1/5
f 3807/1/5 3799/1/5 3806/1/5
f 3808/1/5 3799/1/5 3807/1/5
f 3809/1/5 3804/1/5 3803/1/5
f 3809/1/5 3803/1/5 3802/1/5
f 3810/1/5 3804/1/5 3809/1/5
f 3811/1/5 3804/1/5 3810/1/5
f 3813/1/5 3807/1/5 3806/1/5
f 3813/1/5 3806/1/5 3805/1/5
f 3814/1/5 3807/1/5 3813/1/5
f 3815/1/5 3812/1/5 3811/1/5
f 3815/1/5 3811/1/5 3810/1/5
f 3816/1/5 3812/1/5 3815/1/5
f 3818/1/5 3813/1/5 3805/1/5
f 3819/1/5 3813/1/5 3818/1/5
f 3820/1/5 3813/1/5 3819/1/5
f 3821/1/5 3812/1/5 3816/1/5
f 3822/1/5 3812/1/5 3821/1/5
f 3823/1/5 3812/1/5 3822/1/5
f 3826/1/5 3818/1/5 3817/1/5
f 3826/1/5 3819/1/5 3818/1/5
f 3827/1/5 3824/1/5 3823/1/5
f 3827/1/5 3823/1/5 3822/1/5
f 3829/1/5 3826/1/5 3825/1/5
f 3829/1/5 3819/1/5 3826/1/5
f 3830/1/5 3819/1/5 3829/1/5
f 3831/1/5 3828/1/5 3827/1/5
f 3831/1/5 3827/1/5 3822/1/5
f 3832/1/5 3828/1/5 3831/1/5
f 3834/1/5 3829/1/5 3825/1/5
f 3835/1/5 3828/1/5 3832/1/5
f 3837/1/5 3834/1/5 3833/1/5
f 3837/1/5 3829/1/5 3834/1/5
f 3838/1/5 3829/1/5 3837/1/5
f 3839/1/5 3836/1/5 3835/1/5
f 3839/1/5 3835/1/5 3832/1/5
f 3840/1/5 3836/1/5 3839/1/5
f 3842/1/5 3837/1/5 3833/1/5
f 3843/1/5 3836/1/5 3840/1/5
f 3845/1/5 3842/1/5 3841/1/5
f 3845/1/5 3837/1/5 3842/1/5
f 3846/1/5 3837/1/5 3845/1/5
f 3847/1/5 3844/1/5 3843/1/5
f 3847/1/5 3843/1/5 3840/1/5
f 3848/1/5 3844/1/5 3847/1/5
f 3850/1/5 3845/1/5 3841/1/5
f 3851/1/5 3845/1/5 3850/1/5
f 3852/1/5 3845/1/5 3851/1/5
f 3853/1/5 3844/1/5 3848/1/5
f 3854/1/5 3844/1/5 3853/1/5
f 3855/1/5 3844/1/5 3854/1/5
f 3858/1/5 3850/1/5 3849/1/5
f 3858/1/5 3851/1/5 3850/1/5
f 3859/1/5 3851/1/5 3858/1/5
f 3860/1/5 3851/1/5 3859/1/5
f 3861/1/5 3856/1/5 3855/1/5
f 3861/1/5 3855/1/5 3854/1/5
f 3862/1/5 3856/1/5 3861/1/5
f 3863/1/5 3856/1/5 3862/1/5
f 3865/1/5 3859/1/5 3858/1/5
f 3865/1/5 3858/1/5 3857/1/5
f 3866/1/5 3859/1/5 3865/1/5
f 3867/1/5 3859/1/5 3866/1/5
f 3870/1/5 3864/1/5 3863/1/5
f 3870/1/5 3863/1/5 3862/1/5
f 3871/1/5 3864/1/5 3870/1/5
f 3872/1/5 3864/1/5 3871/1/5
f 3873/1/5 3868/1/5 3867/1/5
f 3873/1/5 3867/1/5 3866/1/5
f 3874/1/5 3868/1/5 3873/1/5
f 3875/1/5 3868/1/5 3874/1/5
f 3878/1/5 3871/1/5 3870/1/5
f 3878/1/5 3870/1/5 3869/1/5
f 3879/1/5 3871/1/5 3878/1/5
f 3880/1/5 3871/1/5 3879/1/5
f 3881/1/5 3876/1/5 3875/1/5
f 3881/1/5 3875/1/5 3874/1/5
f 3884/1/5 3879/1/5 3878/1/5
f 3884/1/5 3878/1/5 3877/1/5
f 3885/1/5 3882/1/5 3881/1/5
f 3885/1/5 3881/1/5 3874/1/5
f 3886/1/5 3882/1/5 3885/1/5
f 3887/1/5 3884/1/5 3883/1/5
f 3887/1/5 3879/1/5 3884/1/5
f 3888/1/5 3879/1/5 3887/1/5
f 3889/1/5 3882/1/5 3886/1/5
f 3892/1/5 3887/1/5 3883/1/5
f 3893/1/5 3890/1/5 3889/1/5
f 3893/1/5 3889/1/5 3886/1/5
f 3894/1/5 3890/1/5 3893/1/5
f 3895/1/5 3892/1/5 3891/1/5
f 3895/1/5 3887/1/5 3892/1/5
f 3896/1/5 3887/1/5 3895/1/5
f 3897/1/5 3890/1/5 3894/1/5
f 3900/1/5 3895/1/5 3891/1/5
f 3901/1/5 3898/1/5 3897/1/5
f 3901/1/5 3897/1/5 3894/1/5
f 3902/1/5 3898/1/5 3901/1/5
f 3903/1/5 3900/1/5 3899/1/5
f 3903/1/5 3895/1/5 3900/1/5
f 3904/1/5 3895/1/5 3903/1/5
f 3905/1/5 3898/1/5 3902/1/5
f 3906/1/5 3898/1/5 3905/1/5
f 3907/1/5 3898/1/5 3906/1/5
f 3910/1/5 3903/1/5 3899/1/5
f 3911/1/5 3903/1/5 3910/1/5
f 3912/1/5 3903/1/5 3911/1/5
f 3913/1/5 3908/1/5 3907/1/5
f 3913/1/5 3907/1/5 3906/1/5
f 3916/1/5 3911/1/5 3910/1/5
f 3916/1/5 3910/1/5 3909/1/5
f 3917/1/5 3914/1/5 3913/1/5
f 3917/1/5 3913/1/5 3906/1/5
f 3918/1/5 3914/1/5 3917/1/5
f 3919/1/5 3914/1/5 3918/1/5
f 3922/1/5 3916/1/5 3915/1/5
f 3923/1/5 3911/1/5 3916/1/5
f 3923/1/5 3916/1/5 3922/1/5
f 3924/1/5 3911/1/5 3923/1/5
f 3925/1/5 3920/1/5 3919/1/5
f 3925/1/5 3919/1/5 3918/1/5
f 3926/1/5 3920/1/5 3925/1/5
f 3927/1/5 3920/1/5 3926/1/5
f 3930/1/5 3922/1/5 3921/1/5
f 3930/1/5 3923/1/5 3922/1/5
f 3931/1/5 3923/1/5 3930/1/5
f 3932/1/5 3923/1/5 3931/1/5
f 3933/1/5 3928/1/5 3927/1/5
f 3933/1/5 3927/1/5 3926/1/5
f 3934/1/5 3928/1/5 3933/1/5
f 3935/1/5 3928/1/5 3934/1/5
f 3938/1/5 3931/1/5 3930/1/5
f 3938/1/5 3930/1/5 3929/1/5
f 3939/1/5 3931/1/5 3938/1/5
f 3940/1/5 3931/1/5 3939/1/5
f 3941/1/5 3936/1/5 3935/1/5
f 3941/1/5 3935/1/5 3934/1/5
f 3942/1/5 3936/1/5 3941/1/5
f 3943/1/5 3936/1/5 3942/1/5
f 3946/1/5 3939/1/5 3938/1/5
f 3946/1/5 3938/1/5 3937/1/5
f 3947/1/5 3939/1/5 3946/1/5
f 3948/1/5 3939/1/5 3947/1/5
f 3949/1/5 3944/1/5 3943/1/5
f 3949/1/5 3943/1/5 3942/1/5
f 3950/1/5 3944/1/5 3949/1/5
f 3951/1/5 3944/1/5 3950/1/5
f 3954/1/5 3947/1/5 3946/1/5
f 3954/1/5 3946/1/5 3945/1/5
f 3955/1/5 3947/1/5 3954/1/5
f 3956/1/5 3947/1/5 3955/1/5
f 3957/1/5 3952/1/5 3951/1/5
f 3957/1/5 3951/1/5 3950/1/5
f 3958/1/5 3952/1/5 3957/1/5
f 3959/1/5 3952/1/5 3958/1/5
f 3962/1/5 3955/1/5 3954/1/5
f 3962/1/5 3954/1/5 3953/1/5
f 3963/1/5 3955/1/5 3962/1/5
f 3964/1/5 3955/1/5 3963/1/5
f 3965/1/5 3960/1/5 3959/1/5
f 3965/1/5 3959/1/5 3958/1/5
f 3966/1/5 3960/1/5 3965/1/5
f 3967/1/5 3960/1/5 3966/1/5
f 3970/1/5 3963/1/5 3962/1/5
f 3970/1/5 3962/1/5 3961/1/5
f 3971/1/5 3963/1/5 3970/1/5
f 3972/1/5 3963/1/5 3971/1/5
f 3973/1/5 3968/1/5 3967/1/5
f 3973/1/5 3967/1/5 3966/1/5
f 3974/1/5 3968/1/5 3973/1/5
f 3975/1/5 3968/1/5 3974/1/5
f 3978/1/5 3971/1/5 3970/1/5
f 3978/1/5 3970/1/5 3969/1/5
f 3979/1/5 3971/1/5 3978/1/5
f 3980/1/5 3971/1/5 3979/1/5
f 3981/1/5 3976/1/5 3975/1/5
f 3981/1/5 3975/1/5 3974/1/5
f 3982/1/5 3976/1/5 3981/1/5
f 3983/1/5 3976/1/5 3982/1/5
f 3986/1/5 3979/1/5 3978/1/5
f 3986/1/5 3978/1/5 3977/1/5
f 3987/1/5 3979/1/5 3986/1/5
f 3988/1/5 3979/1/5 3987/1/5
f 3989/1/5 3984/1/5 3983/1/5
f 3989/1/5 3983/1/5 3982/1/5
f 3990/1/5 3984/1/5 3989/1/5
f 3991/1/5 3984/1/5 3990/1/5
f 3994/1/5 3987/1/5 3986/1/5
f 3994/1/5 3986/1/5 3985/1/5
f 3995/1/5 3987/1/5 3994/1/5
f 3996/1/5 3987/1/5 3995/1/5
f 3997/1/5 3992/1/5 3991/1/5
f 3997/1/5 3991/1/5 3990/1/5
f 3998/1/5 3992/1/5 3997/1/5
f 3999/1/5 3992/1/5 3998/1/5
f 4000/1/5 3995/1/5 3994/1/5
f 4000/1/5 3994/1/5 3993/1/5
f 4001/1/5 3995/1/5 4000/1/5
f 4002/1/5 3995/1/5 4001/1/5
f 4003/1/5 3999/1/5 3998/1/5
f 4003/1/5 4001/1/5 4000/1/5
f 4003/1/5 4000/1/5 3999/1/5
f 4004/1/5 4001/1/5 4003/1/5
f 4005/1/5 4001/1/5 4004/1/5
f 4006/1/5 4001/1/5 4005/1/5
f 4007/1/5 4005/1/5 4004/1/5
f 4008/1/5 4005/1/5 4007/1/5
f 4009/1/6 4010/1/6 4012/1/6
f 4012/1/6 4010/1/6 4013/1/6
f 4011/1/6 4012/1/6 4016/1/6
f 4013/1/6 4014/1/6 4016/1/6
f 4012/1/6 4013/1/6 4016/1/6
f 4016/1/6 4014/1/6 4017/1/6
f 4017/1/6 4014/1/6 4018/1/6
f 4018/1/6 4014/1/6 4019/1/6
f 4015/1/6 4016/1/6 4022/1/6
f 4016/1/6 4017/1/6 4022/1/6
f 4022/1/6 4017/1/6 4023/1/6
f 4023/1/6 4017/1/6 4024/1/6
f 4018/1/6 4019/1/6 4025/1/6
f 4019/1/6 4020/1/6 4025/1/6
f 4025/1/6 4020/1/6 4026/1/6
f 4026/1/6 4020/1/6 4027/1/6
f 4022/1/6 4023/1/6 4030/1/6
f 4021/1/6 4022/1/6 4030/1/6
f 4030/1/6 4023/1/6 4031/1/6
f 4031/1/6 4023/1/6 4032/1/6
f 4027/1/6 4028/1/6 4033/1/6
f 4026/1/6 4027/1/6 4033/1/6
f 4033/1/6 4028/1/6 4034/1/6
f 4034/1/6 4028/1/6 4035/1/6
f 4030/1/6 4031/1/6 4038/1/6
f 4029/1/6 4030/1/6 4038/1/6
f 4038/1/6 4031/1/6 4039/1/6
f 4039/1/6 4031/1/6 4040/1/6
f 4035/1/6 4036/1/6 4041/1/6
f 4034/1/6 4035/1/6 4041/1/6
f 4041/1/6 4036/1/6 4042/1/6
f 4042/1/6 4036/1/6 4043/1/6
f 4038/1/6 4039/1/6 4046/1/6
f 4037/1/6 4038/1/6 4046/1/6
f 4046/1/6 4039/1/6 4047/1/6
f 4047/1/6 4039/1/6 4048/1/6
f 4043/1/6 4044/1/6 4049/1/6
f 4042/1/6 4043/1/6 4049/1/6
f 4049/1/6 4044/1/6 4050/1/6
f 4050/1/6 4044/1/6 4051/1/6
f 4046/1/6 4047/1/6 4054/1/6
f 4045/1/6 4046/1/6 4054/1/6
f 4054/1/6 4047/1/6 4055/1/6
f 4055/1/6 4047/1/6 4056/1/6
f 4051/1/6 4052/1/6 4057/1/6
f 4050/1/6 4051/1/6 4057/1/6
f 4057/1/6 4052/1/6 4058/1/6
f 4058/1/6 4052/1/6 4059/1/6
f 4054/1/6 4055/1/6 4062/1/6
f 4053/1/6 4054/1/6 4062/1/6
f 4062/1/6 4055/1/6 4063/1/6
f 4063/1/6 4055/1/6 4064/1/6
f 4059/1/6 4060/1/6 4065/1/6
f 4058/1/6 4059/1/6 4065/1/6
f 4065/1/6 4060/1/6 4066/1/6
f 4066/1/6 4060/1/6 4067/1/6
f 4062/1/6 4063/1/6 4070/1/6
f 4061/1/6 4062/1/6 4070/1/6
f 4070/1/6 4063/1/6 4071/1/6
f 4071/1/6 4063/1/6 4072/1/6
f 4067/1/6 4068/1/6 4073/1/6
f 4066/1/6 4067/1/6 4073/1/6
f 4073/1/6 4068/1/6 4074/1/6
f 4074/1/6 4068/1/6 4075/1/6
f 4070/1/6 4071/1/6 4078/1/6
f 4069/1/6 4070/1/6 4078/1/6
f 4078/1/6 4071/1/6 4079/1/6
f 4079/1/6 4071/1/6 4080/1/6
f 4075/1/6 4076/1/6 4081/1/6
f 4074/1/6 4075/1/6 4081/1/6
f 4081/1/6 4076/1/6 4082/1/6
f 4082/1/6 4076/1/6 4083/1/6
f 4078/1/6 4079/1/6 4086/1/6
f 4077/1/6 4078/1/6 4086/1/6
f 4086/1/6 4079/1/6 4087/1/6
f 4087/1/6 4079/1/6 4088/1/6
f 4083/1/6 4084/1/6 4089/1/6
f 4082/1/6 4083/1/6 4089/1/6
f 4089/1/6 4084/1/6 4090/1/6
f 4090/1/6 4084/1/6 4091/1/6
f 4086/1/6 4087/1/6 4094/1/6
f 4085/1/6 4086/1/6 4094/1/6
f 4094/1/6 4087/1/6 4095/1/6
f 4095/1/6 4087/1/6 4096/1/6
f 4091/1/6 4092/1/6 4097/1/6
f 4090/1/6 4091/1/6 4097/1/6
f 4097/1/6 4092/1/6 4098/1/6
f 4098/1/6 4092/1/6 4099/1/6
f 4094/1/6 4095/1/6 4101/1/6
f 4093/1/6 4094/1/6 4101/1/6
f 4101/1/6 4095/1/6 4102/1/6
f 4099/1/6 4100/1/6 4103/1/6
f 4098/1/6 4099/1/6 4103/1/6
f 4103/1/6 4100/1/6 4104/1/6
f 4093/1/6 4101/1/6 4106/1/6
f 4106/1/6 4101/1/6 4107/1/6
f 4107/1/6 4101/1/6 4108/1/6
f 4104/1/6 4100/1/6 4109/1/6
f 4109/1/6 4100/1/6 4110/1/6
f 4110/1/6 4100/1/6 4111/1/6
f 4105/1/6 4106/1/6 4114/1/6
f 4106/1/6 4107/1/6 4114/1/6
f 4111/1/6 4112/1/6 4115/1/6
f 4110/1/6 4111/1/6 4115/1/6
f 4113/1/6 4114/1/6 4117/1/6
f 4114/1/6 4107/1/6 4117/1/6
f 4117/1/6 4107/1/6 4118/1/6
f 4115/1/6 4116/1/6 4119/1/6
f 4110/1/6 4115/1/6 4119/1/6
f 4119/1/6 4116/1/6 4120/1/6
f 4113/1/6 4117/1/6 4122/1/6
f 4120/1/6 4116/1/6 4123/1/6
f 4121/1/6 4122/1/6 4125/1/6
f 4122/1/6 4117/1/6 4125/1/6
f 4125/1/6 4117/1/6 4126/1/6
f 4123/1/6 4124/1/6 4127/1/6
f 4120/1/6 4123/1/6 4127/1/6
f 4127/1/6 4124/1/6 4128/1/6
f 4121/1/6 4125/1/6 4130/1/6
f 4128/1/6 4124/1/6 4131/1/6
f 4129/1/6 4130/1/6 4133/1/6
f 4130/1/6 4125/1/6 4133/1/6
f 4133/1/6 4125/1/6 4134/1/6
f 4131/1/6 4132/1/6 4135/1/6
f 4128/1/6 4131/1/6 4135/1/6
f 4135/1/6 4132/1/6 4136/1/6
f 4129/1/6 4133/1/6 4138/1/6
f 4138/1/6 4133/1/6 4139/1/6
f 4139/1/6 4133/1/6 4140/1/6
f 4136/1/6 4132/1/6 4141/1/6
f 4141/1/6 4132/1/6 4142/1/6
f 4142/1/6 4132/1/6 4143/1/6
f 4137/1/6 4138/1/6 4146/1/6
f 4138/1/6 4139/1/6 4146/1/6
f 4146/1/6 4139/1/6 4147/1/6
f 4147/1/6 4139/1/6 4148/1/6
f 4143/1/6 4144/1/6 4149/1/6
f 4142/1/6 4143/1/6 4149/1/6
f 4149/1/6 4144/1/6 4150/1/6
f 4150/1/6 4144/1/6 4151/1/6
f 4146/1/6 4147/1/6 4153/1/6
f 4145/1/6 4146/1/6 4153/1/6
f 4153/1/6 4147/1/6 4154/1/6
f 4154/1/6 4147/1/6 4155/1/6
f 4151/1/6 4152/1/6 4158/1/6
f 4150/1/6 4151/1/6 4158/1/6
f 4158/1/6 4152/1/6 4159/1/6
f 4159/1/6 4152/1/6 4160/1/6
f 4155/1/6 4156/1/6 4161/1/6
f 4154/1/6 4155/1/6 4161/1/6
f 4161/1/6 4156/1/6 4162/1/6
f 4162/1/6 4156/1/6 4163/1/6
f 4158/1/6 4159/1/6 4166/1/6
f 4157/1/6 4158/1/6 4166/1/6
f 4166/1/6 4159/1/6 4167/1/6
f 4167/1/6 4159/1/6 4168/1/6
f 4163/1/6 4164/1/6 4169/1/6
f 4162/1/6 4163/1/6 4169/1/6
f 4166/1/6 4167/1/6 4172/1/6
f 4165/1/6 4166/1/6 4172/1/6
f 4169/1/6 4170/1/6 4173/1/6
f 4162/1/6 4169/1/6 4173/1/6
f 4173/1/6 4170/1/6 4174/1/6
f 4171/1/6 4172/1/6 4175/1/6
f 4172/1/6 4167/1/6 4175/1/6
f 4175/1/6 4167/1/6 4176/1/6
f 4174/1/6 4170/1/6 4177/1/6
f 4171/1/6 4175/1/6 4180/1/6
f 4177/1/6 4178/1/6 4181/1/6
f 4174/1/6 4177/1/6 4181/1/6
f 4181/1/6 4178/1/6 4182/1/6
f 4179/1/6 4180/1/6 4183/1/6
f 4180/1/6 4175/1/6 4183/1/6
f 4183/1/6 4175/1/6 4184/1/6
f 4182/1/6 4178/1/6 4185/1/6
f 4179/1/6 4183/1/6 4188/1/6
f 4185/1/6 4186/1/6 4189/1/6
f 4182/1/6 4185/1/6 4189/1/6
f 4189/1/6 4186/1/6 4190/1/6
f 4187/1/6 4188/1/6 4191/1/6
f 4188/1/6 4183/1/6 4191/1/6
f 4191/1/6 4183/1/6 4192/1/6
f 4190/1/6 4186/1/6 4193/1/6
f 4193/1/6 4186/1/6 4194/1/6
f 4194/1/6 4186/1/6 4195/1/6
f 4187/1/6 4191/1/6 4198/1/6
f 4198/1/6 4191/1/6 4199/1/6
f 4199/1/6 4191/1/6 4200/1/6
f 4195/1/6 4196/1/6 4201/1/6
f 4194/1/6 4195/1/6 4201/1/6
f 4198/1/6 4199/1/6 4204/1/6
f 4197/1/6 4198/1/6 4204/1/6
f 4201/1/6 4202/1/6 4205/1/6
f 4194/1/6 4201/1/6 4205/1/6
f 4205/1/6 4202/1/6 4206/1/6
f 4206/1/6 4202/1/6 4207/1/6
f 4203/1/6 4204/1/6 4210/1/6
f 4204/1/6 4199/1/6 4211/1/6
f 4210/1/6 4204/1/6 4211/1/6
f 4211/1/6 4199/1/6 4212/1/6
f 4207/1/6 4208/1/6 4213/1/6
f 4206/1/6 4207/1/6 4213/1/6
f 4213/1/6 4208/1/6 4214/1/6
f 4214/1/6 4208/1/6 4215/1/6
f 4209/1/6 4210/1/6 4218/1/6
f 4210/1/6 4211/1/6 4218/1/6
f 4218/1/6 4211/1/6 4219/1/6
f 4219/1/6 4211/1/6 4220/1/6
f 4215/1/6 4216/1/6 4221/1/6
f 4214/1/6 4215/1/6 4221/1/6
f 4221/1/6 4216/1/6 4222/1/6
f 4222/1/6 4216/1/6 4223/1/6
f 4218/1/6 4219/1/6 4226/1/6
f 4217/1/6 4218/1/6 4226/1/6
f 4226/1/6 4219/1/6 4227/1/6
f 4227/1/6 4219/1/6 4228/1/6
f 4223/1/6 4224/1/6 4229/1/6
f 4222/1/6 4223/1/6 4229/1/6
f 4229/1/6 4224/1/6 4230/1/6
f 4230/1/6 4224/1/6 4231/1/6
f 4226/1/6 4227/1/6 4234/1/6
f 4225/1/6 4226/1/6 4234/1/6
f 4234/1/6 4227/1/6 4235/1/6
f 4235/1/6 4227/1/6 4236/1/6
f 4231/1/6 4232/1/6 4237/1/6
f 4230/1/6 4231/1/6 4237/1/6
f 4237/1/6 4232/1/6 4238/1/6
f 4238/1/6 4232/1/6 4239/1/6
f 4234/1/6 4235/1/6 4242/1/6
f 4233/1/6 4234/1/6 4242/1/6
f 4242/1/6 4235/1/6 4243/1/6
f 4243/1/6 4235/1/6 4244/1/6
f 4239/1/6 4240/1/6 4245/1/6
f 4238/1/6 4239/1/6 4245/1/6
f 4245/1/6 4240/1/6 4246/1/6
f 4246/1/6 4240/1/6 4247/1/6
f 4242/1/6 4243/1/6 4250/1/6
f 4241/1/6 4242/1/6 4250/1/6
f 4250/1/6 4243/1/6 4251/1/6
f 4251/1/6 4243/1/6 4252/1/6
f 4247/1/6 4248/1/6 4253/1/6
f 4246/1/6 4247/1/6 4253/1/6
f 4253/1/6 4248/1/6 4254/1/6
f 4254/1/6 4248/1/6 4255/1/6
f 4250/1/6 4251/1/6 4258/1/6
f 4249/1/6 4250/1/6 4258/1/6
f 4258/1/6 4251/1/6 4259/1/6
f 4259/1/6 4251/1/6 4260/1/6
f 4255/1/6 4256/1/6 4261/1/6
f 4254/1/6 4255/1/6 4261/1/6
f 4261/1/6 4256/1/6 4262/1/6
f 4262/1/6 4256/1/6 4263/1/6
f 4258/1/6 4259/1/6 4266/1/6
f 4257/1/6 4258/1/6 4266/1/6
f 4266/1/6 4259/1/6 4267/1/6
f 4267/1/6 4259/1/6 4268/1/6
f 4263/1/6 4264/1/6 4269/1/6
f 4262/1/6 4263/1/6 4269/1/6
f 4269/1/6 4264/1/6 4270/1/6
f 4270/1/6 4264/1/6 4271/1/6
f 4266/1/6 4267/1/6 4274/1/6
f 4265/1/6 4266/1/6 4274/1/6
f 4274/1/6 4267/1/6 4275/1/6
f 4275/1/6 4267/1/6 4276/1/6
f 4271/1/6 4272/1/6 4277/1/6
f 4270/1/6 4271/1/6 4277/1/6
f 4277/1/6 4272/1/6 4278/1/6
f 4278/1/6 4272/1/6 4279/1/6
f 4274/1/6 4275/1/6 4282/1/6
f 4273/1/6 4274/1/6 4282/1/6
f 4282/1/6 4275/1/6 4283/1/6
f 4283/1/6 4275/1/6 4284/1/6
f 4279/1/6 4280/1/6 4285/1/6
f 4278/1/6 4279/1/6 4285/1/6
f 4285/1/6 4280/1/6 4286/1/6
f 4286/1/6 4280/1/6 4287/1/6
f 4282/1/6 4283/1/6 4288/1/6
f 4281/1/6 4282/1/6 4288/1/6
f 4288/1/6 4283/1/6 4289/1/6
f 4289/1/6 4283/1/6 4290/1/6
f 4286/1/6 4287/1/6 4291/1/6
f 4288/1/6 4289/1/6 4291/1/6
f 4287/1/6 4288/1/6 4291/1/6
f 4291/1/6 4289/1/6 4292/1/6
f 4292/1/6 4289/1/6 4293/1/6
f 4293/1/6 4289/1/6 4294/1/6
f 4292/1/6 4293/1/6 4295/1/6
f 4295/1/6 4293/1/6 4296/1/6
f 4297/2/6 4298/2/6 4299/2/6
f 4299/2/6 4298/2/6 4300/2/6
f 4301/2/6 4302/2/6 4304/2/6
f 4304/2/6 4302/2/6 4305/2/6
f 4303/2/6 4304/2/6 4308/2/6
f 4308/2/6 4304/2/6 4309/2/6
f 4306/2/6 4307/2/6 4310/2/6
f 4310/2/6 4307/2/6 4311/2/6
f 4311/2/6 4312/2/6 4313/2/6
f 4313/2/6 4312/2/6 4314/2/6
f 4315/2/6 4316/2/6 4319/2/6
f 4319/2/6 4316/2/6 4320/2/6
f 4317/2/6 4318/2/6 4321/2/6
f 4321/2/6 4318/2/6 4322/2/6
f 4323/2/6 4324/2/6 4325/2/6
f 4325/2/6 4324/2/6 4326/2/6
f 4326/2/6 4327/2/6 4330/2/6
f 4330/2/6 4327/2/6 4331/2/6
f 4328/2/6 4329/2/6 4333/2/6
f 4333/2/6 4329/2/6 4334/2/6
f 4332/2/6 4333/2/6 4335/2/6
f 4335/2/6 4333/2/6 4336/2/6
f 4337/2/6 4338/2/6 4339/2/6
f 4339/2/6 4338/2/6 4340/2/6
f 4341/2/6 4342/2/6 4345/2/6
f 4345/2/6 4342/2/6 4346/2/6
f 4343/2/6 4344/2/6 4347/2/6
f 4347/2/6 4344/2/6 4348/2/6
f 4349/2/6 4350/2/6 4351/2/6
f 4351/2/6 4350/2/6 4352/2/6
f 4353/2/6 4354/2/6 4355/2/6
f 4355/2/6 4354/2/6 4356/2/6
f 4357/2/6 4358/2/6 4359/2/6
f 4359/2/6 4358/2/6 4360/2/6
f 4361/2/6 4362/2/6 4363/2/6
f 4363/2/6 4362/2/6 4364/2/6
f 4365/2/6 4366/2/6 4367/2/6
f 4367/2/6 4366/2/6 4368/2/6
f 4369/2/6 4370/2/6 4371/2/6
f 4371/2/6 4370/2/6 4372/2/6
f 4373/2/6 4374/2/6 4375/2/6
f 4375/2/6 4374/2/6 4376/2/6
f 4377/2/6 4378/2/6 4379/2/6
f 4379/2/6 4378/2/6 4380/2/6
f 4381/2/6 4382/2/6 4383/2/6
f 4383/2/6 4382/2/6 4384/2/6
f 4385/2/6 4386/2/6 4387/2/6
f 4387/2/6 4386/2/6 4388/2/6
f 4389/2/6 4390/2/6 4391/2/6
f 4391/2/6 4390/2/6 4392/2/6
f 4393/2/6 4394/2/6 4395/2/6
f 4395/2/6 4394/2/6 4396/2/6
f 4397/2/6 4398/2/6 4401/2/6
f 4401/2/6 4398/2/6 4402/2/6
f 4399/2/6 4400/2/6 4403/2/6
f 4403/2/6 4400/2/6 4404/2/6
f 4405/2/6 4406/2/6 4409/2/6
f 4409/2/6 4406/2/6 4410/2/6
f 4407/2/6 4408/2/6 4411/2/6
f 4411/2/6 4408/2/6 4412/2/6
f 4413/2/6 4414/2/6 4417/2/6
f 4417/2/6 4414/2/6 4418/2/6
f 4415/2/6 4416/2/6 4420/2/6
f 4420/2/6 4416/2/6 4421/2/6
f 4418/2/6 4419/2/6 4422/2/6
f 4422/2/6 4419/2/6 4423/2/6
f 4424/2/6 4425/2/6 4429/2/6
f 4429/2/6 4425/2/6 4430/2/6
f 4426/2/6 4427/2/6 4431/2/6
f 4431/2/6 4427/2/6 4432/2/6
f 4428/2/6 4429/2/6 4433/2/6
f 4433/2/6 4429/2/6 4434/2/6
f 4437/2/6 4438/2/6 4439/2/6
f 4439/2/6 4438/2/6 4440/2/6
f 4435/2/6 4436/2/6 4441/2/6
f 4441/2/6 4436/2/6 4442/2/6
f 4445/2/6 4446/2/6 4447/2/6
f 4447/2/6 4446/2/6 4448/2/6
f 4443/2/6 4444/2/6 4449/2/6
f 4449/2/6 4444/2/6 4450/2/6
f 4451/2/6 4452/2/6 4456/2/6
f 4456/2/6 4452/2/6 4457/2/6
f 4453/2/6 4454/2/6 4458/2/6
f 4458/2/6 4454/2/6 4459/2/6
f 4455/2/6 4456/2/6 4460/2/6
f 4460/2/6 4456/2/6 4461/2/6
f 4462/2/6 4463/2/6 4466/2/6
f 4466/2/6 4463/2/6 4467/2/6
f 4464/2/6 4465/2/6 4469/2/6
f 4469/2/6 4465/2/6 4470/2/6
f 4467/2/6 4468/2/6 4471/2/6
f 4471/2/6 4468/2/6 4472/2/6
f 4473/2/6 4474/2/6 4477/2/6
f 4477/2/6 4474/2/6 4478/2/6
f 4475/2/6 4476/2/6 4479/2/6
f 4479/2/6 4476/2/6 4480/2/6
f 4481/2/6 4482/2/6 4483/2/6
f 4483/2/6 4482/2/6 4484/2/6
f 4485/2/6 4486/2/6 4490/2/6
f 4490/2/6 4486/2/6 4491/2/6
f 4487/2/6 4488/2/6 4492/2/6
f 4492/2/6 4488/2/6 4493/2/6
f 4489/2/6 4490/2/6 4496/2/6
f 4496/2/6 4490/2/6 4497/2/6
f 4493/2/6 4494/2/6 4498/2/6
f 4498/2/6 4494/2/6 4499/2/6
f 4495/2/6 4496/2/6 4501/2/6
f 4501/2/6 4496/2/6 4502/2/6
f 4499/2/6 4500/2/6 4503/2/6
f 4503/2/6 4500/2/6 4504/2/6
f 4505/2/6 4506/2/6 4509/2/6
f 4509/2/6 4506/2/6 4510/2/6
f 4507/2/6 4508/2/6 4511/2/6
f 4511/2/6 4508/2/6 4512/2/6
f 4513/2/6 4514/2/6 4517/2/6
f 4517/2/6 4514/2/6 4518/2/6
f 4515/2/6 4516/2/6 4521/2/6
f 4521/2/6 4516/2/6 4522/2/6
f 4518/2/6 4519/2/6 4523/2/6
f 4523/2/6 4519/2/6 4524/2/6
f 4520/2/6 4521/2/6 4527/2/6
f 4527/2/6 4521/2/6 4528/2/6
f 4524/2/6 4525/2/6 4529/2/6
f 4529/2/6 4525/2/6 4530/2/6
f 4526/2/6 4527/2/6 4531/2/6
f 4531/2/6 4527/2/6 4532/2/6
f 4533/2/6 4534/2/6 4535/2/6
f 4535/2/6 4534/2/6 4536/2/6
f 4537/1/6 4538/1/6 4540/1/6
f 4540/1/6 4538/1/6 4541/1/6
f 4539/1/6 4540/1/6 4544/1/6
f 4541/1/6 4542/1/6 4544/1/6
f 4540/1/6 4541/1/6 4544/1/6
f 4544/1/6 4542/1/6 4545/1/6
f 4543/1/6 4544/1/6 4548/1/6
f 4545/1/6 4546/1/6 4548/1/6
f 4544/1/6 4545/1/6 4548/1/6
f 4548/1/6 4546/1/6 4549/1/6
f 4547/1/6 4548/1/6 4552/1/6
f 4549/1/6 4550/1/6 4552/1/6
f 4548/1/6 4549/1/6 4552/1/6
f 4552/1/6 4550/1/6 4553/1/6
f 4553/1/6 4550/1/6 4554/1/6
f 4554/1/6 4550/1/6 4555/1/6
f 4551/1/6 4552/1/6 4558/1/6
f 4552/1/6 4553/1/6 4558/1/6
f 4558/1/6 4553/1/6 4559/1/6
f 4559/1/6 4553/1/6 4560/1/6
f 4554/1/6 4555/1/6 4561/1/6
f 4555/1/6 4556/1/6 4561/1/6
f 4561/1/6 4556/1/6 4562/1/6
f 4562/1/6 4556/1/6 4563/1/6
f 4558/1/6 4559/1/6 4566/1/6
f 4557/1/6 4558/1/6 4566/1/6
f 4566/1/6 4559/1/6 4567/1/6
f 4567/1/6 4559/1/6 4568/1/6
f 4563/1/6 4564/1/6 4569/1/6
f 4562/1/6 4563/1/6 4569/1/6
f 4569/1/6 4564/1/6 4570/1/6
f 4570/1/6 4564/1/6 4571/1/6
f 4566/1/6 4567/1/6 4574/1/6
f 4565/1/6 4566/1/6 4574/1/6
f 4574/1/6 4567/1/6 4575/1/6
f 4575/1/6 4567/1/6 4576/1/6
f 4571/1/6 4572/1/6 4577/1/6
f 4570/1/6 4571/1/6 4577/1/6
f 4577/1/6 4572/1/6 4578/1/6
f 4578/1/6 4572/1/6 4579/1/6
f 4574/1/6 4575/1/6 4582/1/6
f 4573/1/6 4574/1/6 4582/1/6
f 4582/1/6 4575/1/6 4583/1/6
f 4583/1/6 4575/1/6 4584/1/6
f 4579/1/6 4580/1/6 4585/1/6
f 4578/1/6 4579/1/6 4585/1/6
f 4585/1/6 4580/1/6 4586/1/6
f 4586/1/6 4580/1/6 4587/1/6
f 4582/1/6 4583/1/6 4590/1/6
f 4581/1/6 4582/1/6 4590/1/6
f 4590/1/6 4583/1/6 4591/1/6
f 4591/1/6 4583/1/6 4592/1/6
f 4587/1/6 4588/1/6 4593/1/6
f 4586/1/6 4587/1/6 4593/1/6
f 4593/1/6 4588/1/6 4594/1/6
f 4594/1/6 4588/1/6 4595/1/6
f 4590/1/6 4591/1/6 4598/1/6
f 4589/1/6 4590/1/6 4598/1/6
f 4598/1/6 4591/1/6 4599/1/6
f 4599/1/6 4591/1/6 4600/1/6
f 4595/1/6 4596/1/6 4601/1/6
f 4594/1/6 4595/1/6 4601/1/6
f 4601/1/6 4596/1/6 4602/1/6
f 4602/1/6 4596/1/6 4603/1/6
f 4598/1/6 4599/1/6 4606/1/6
f 4597/1/6 4598/1/6 4606/1/6
f 4606/1/6 4599/1/6 4607/1/6
f 4607/1/6 4599/1/6 4608/1/6
f 4603/1/6 4604/1/6 4609/1/6
f 4602/1/6 4603/1/6 4609/1/6
f 4609/1/6 4604/1/6 4610/1/6
f 4610/1/6 4604/1/6 4611/1/6
f 4606/1/6 4607/1/6 4614/1/6
f 4605/1/6 4606/1/6 4614/1/6
f 4614/1/6 4607/1/6 4615/1/6
f 4615/1/6 4607/1/6 4616/1/6
f 4611/1/6 4612/1/6 4617/1/6
f 4610/1/6 4611/1/6 4617/1/6
f 4617/1/6 4612/1/6 4618/1/6
f 4618/1/6 4612/1/6 4619/1/6
f 4614/1/6 4615/1/6 4621/1/6
f 4613/1/6 4614/1/6 4621/1/6
f 4621/1/6 4615/1/6 4622/1/6
f 4619/1/6 4620/1/6 4623/1/6
f 4618/1/6 4619/1/6 4623/1/6
f 4623/1/6 4620/1/6 4624/1/6
f 4613/1/6 4621/1/6 4626/1/6
f 4626/1/6 4621/1/6 4627/1/6
f 4627/1/6 4621/1/6 4628/1/6
f 4624/1/6 4620/1/6 4629/1/6
f 4629/1/6 4620/1/6 4630/1/6
f 4630/1/6 4620/1/6 4631/1/6
f 4625/1/6 4626/1/6 4634/1/6
f 4626/1/6 4627/1/6 4634/1/6
f 4634/1/6 4627/1/6 4635/1/6
f 4635/1/6 4627/1/6 4636/1/6
f 4631/1/6 4632/1/6 4637/1/6
f 4630/1/6 4631/1/6 4637/1/6
f 4637/1/6 4632/1/6 4638/1/6
f 4638/1/6 4632/1/6 4639/1/6
f 4634/1/6 4635/1/6 4641/1/6
f 4633/1/6 4634/1/6 4641/1/6
f 4641/1/6 4635/1/6 4642/1/6
f 4639/1/6 4640/1/6 4643/1/6
f 4638/1/6 4639/1/6 4643/1/6
f 4643/1/6 4640/1/6 4644/1/6
f 4633/1/6 4641/1/6 4646/1/6
f 4644/1/6 4640/1/6 4647/1/6
f 4645/1/6 4646/1/6 4649/1/6
f 4646/1/6 4641/1/6 4649/1/6
f 4649/1/6 4641/1/6 4650/1/6
f 4647/1/6 4648/1/6 4651/1/6
f 4644/1/6 4647/1/6 4651/1/6
f 4651/1/6 4648/1/6 4652/1/6
f 4645/1/6 4649/1/6 4654/1/6
f 4652/1/6 4648/1/6 4655/1/6
f 4653/1/6 4654/1/6 4657/1/6
f 4654/1/6 4649/1/6 4657/1/6
f 4657/1/6 4649/1/6 4658/1/6
f 4655/1/6 4656/1/6 4659/1/6
f 4652/1/6 4655/1/6 4659/1/6
f 4659/1/6 4656/1/6 4660/1/6
f 4653/1/6 4657/1/6 4662/1/6
f 4660/1/6 4656/1/6 4663/1/6
f 4661/1/6 4662/1/6 4665/1/6
f 4662/1/6 4657/1/6 4665/1/6
f 4665/1/6 4657/1/6 4666/1/6
f 4663/1/6 4664/1/6 4667/1/6
f 4660/1/6 4663/1/6 4667/1/6
f 4667/1/6 4664/1/6 4668/1/6
f 4661/1/6 4665/1/6 4670/1/6
f 4670/1/6 4665/1/6 4671/1/6
f 4671/1/6 4665/1/6 4672/1/6
f 4668/1/6 4664/1/6 4673/1/6
f 4673/1/6 4664/1/6 4674/1/6
f 4674/1/6 4664/1/6 4675/1/6
f 4669/1/6 4670/1/6 4677/1/6
f 4670/1/6 4671/1/6 4677/1/6
f 4677/1/6 4671/1/6 4678/1/6
f 4678/1/6 4671/1/6 4679/1/6
f 4675/1/6 4676/1/6 4682/1/6
f 4674/1/6 4675/1/6 4682/1/6
f 4682/1/6 4676/1/6 4683/1/6
f 4683/1/6 4676/1/6 4684/1/6
f 4679/1/6 4680/1/6 4685/1/6
f 4678/1/6 4679/1/6 4685/1/6
f 4682/1/6 4683/1/6 4688/1/6
f 4681/1/6 4682/1/6 4688/1/6
f 4685/1/6 4686/1/6 4689/1/6
f 4678/1/6 4685/1/6 4689/1/6
f 4689/1/6 4686/1/6 4690/1/6
f 4687/1/6 4688/1/6 4691/1/6
f 4688/1/6 4683/1/6 4691/1/6
f 4691/1/6 4683/1/6 4692/1/6
f 4690/1/6 4686/1/6 4693/1/6
f 4687/1/6 4691/1/6 4696/1/6
f 4693/1/6 4694/1/6 4697/1/6
f 4690/1/6 4693/1/6 4697/1/6
f 4697/1/6 4694/1/6 4698/1/6
f 4695/1/6 4696/1/6 4699/1/6
f 4696/1/6 4691/1/6 4699/1/6
f 4699/1/6 4691/1/6 4700/1/6
f 4698/1/6 4694/1/6 4701/1/6
f 4695/1/6 4699/1/6 4704/1/6
f 4701/1/6 4702/1/6 4705/1/6
f 4698/1/6 4701/1/6 4705/1/6
f 4705/1/6 4702/1/6 4706/1/6
f 4703/1/6 4704/1/6 4707/1/6
f 4704/1/6 4699/1/6 4707/1/6
f 4707/1/6 4699/1/6 4708/1/6
f 4706/1/6 4702/1/6 4709/1/6
f 4703/1/6 4707/1/6 4712/1/6
f 4709/1/6 4710/1/6 4713/1/6
f 4706/1/6 4709/1/6 4713/1/6
f 4713/1/6 4710/1/6 4714/1/6
f 4714/1/6 4710/1/6 4715/1/6
f 4711/1/6 4712/1/6 4718/1/6
f 4712/1/6 4707/1/6 4719/1/6
f 4718/1/6 4712/1/6 4719/1/6
f 4719/1/6 4707/1/6 4720/1/6
f 4715/1/6 4716/1/6 4721/1/6
f 4714/1/6 4715/1/6 4721/1/6
f 4721/1/6 4716/1/6 4722/1/6
f 4722/1/6 4716/1/6 4723/1/6
f 4717/1/6 4718/1/6 4726/1/6
f 4718/1/6 4719/1/6 4726/1/6
f 4726/1/6 4719/1/6 4727/1/6
f 4727/1/6 4719/1/6 4728/1/6
f 4723/1/6 4724/1/6 4729/1/6
f 4722/1/6 4723/1/6 4729/1/6
f 4726/1/6 4727/1/6 4732/1/6
f 4725/1/6 4726/1/6 4732/1/6
f 4729/1/6 4730/1/6 4733/1/6
f 4722/1/6 4729/1/6 4733/1/6
f 4733/1/6 4730/1/6 4734/1/6
f 4734/1/6 4730/1/6 4735/1/6
f 4731/1/6 4732/1/6 4738/1/6
f 4732/1/6 4727/1/6 4739/1/6
f 4738/1/6 4732/1/6 4739/1/6
f 4739/1/6 4727/1/6 4740/1/6
f 4735/1/6 4736/1/6 4741/1/6
f 4734/1/6 4735/1/6 4741/1/6
f 4741/1/6 4736/1/6 4742/1/6
f 4742/1/6 4736/1/6 4743/1/6
f 4737/1/6 4738/1/6 4746/1/6
f 4738/1/6 4739/1/6 4746/1/6
f 4746/1/6 4739/1/6 4747/1/6
f 4747/1/6 4739/1/6 4748/1/6
f 4743/1/6 4744/1/6 4749/1/6
f 4742/1/6 4743/1/6 4749/1/6
f 4749/1/6 4744/1/6 4750/1/6
f 4750/1/6 4744/1/6 4751/1/6
f 4746/1/6 4747/1/6 4754/1/6
f 4745/1/6 4746/1/6 4754/1/6
f 4754/1/6 4747/1/6 4755/1/6
f 4755/1/6 4747/1/6 4756/1/6
f 4751/1/6 4752/1/6 4757/1/6
f 4750/1/6 4751/1/6 4757/1/6
f 4757/1/6 4752/1/6 4758/1/6
f 4758/1/6 4752/1/6 4759/1/6
f 4754/1/6 4755/1/6 4762/1/6
f 4753/1/6 4754/1/6 4762/1/6
f 4762/1/6 4755/1/6 4763/1/6
f 4763/1/6 4755/1/6 4764/1/6
f 4759/1/6 4760/1/6 4765/1/6
f 4758/1/6 4759/1/6 4765/1/6
f 4765/1/6 4760/1/6 4766/1/6
f 4766/1/6 4760/1/6 4767/1/6
f 4762/1/6 4763/1/6 4770/1/6
f 4761/1/6 4762/1/6 4770/1/6
f 4770/1/6 4763/1/6 4771/1/6
f 4771/1/6 4763/1/6 4772/1/6
f 4767/1/6 4768/1/6 4773/1/6
f 4766/1/6 4767/1/6 4773/1/6
f 4773/1/6 4768/1/6 4774/1/6
f 4774/1/6 4768/1/6 4775/1/6
f 4770/1/6 4771/1/6 4778/1/6
f 4769/1/6 4770/1/6 4778/1/6
f 4778/1/6 4771/1/6 4779/1/6
f 4779/1/6 4771/1/6 4780/1/6
f 4775/1/6 4776/1/6 4781/1/6
f 4774/1/6 4775/1/6 4781/1/6
f 4781/1/6 4776/1/6 4782/1/6
f 4782/1/6 4776/1/6 4783/1/6
f 4778/1/6 4779/1/6 4786/1/6
f 4777/1/6 4778/1/6 4786/1/6
f 4786/1/6 4779/1/6 4787/1/6
f 4787/1/6 4779/1/6 4788/1/6
f 4783/1/6 4784/1/6 4789/1/6
f 4782/1/6 4783/1/6 4789/1/6
f 4789/1/6 4784/1/6 4790/1/6
f 4790/1/6 4784/1/6 4791/1/6
f 4786/1/6 4787/1/6 4794/1/6
f 4785/1/6 4786/1/6 4794/1/6
f 4794/1/6 4787/1/6 4795/1/6
f 4795/1/6 4787/1/6 4796/1/6
f 4791/1/6 4792/1/6 4797/1/6
f 4790/1/6 4791/1/6 4797/1/6
f 4797/1/6 4792/1/6 4798/1/6
f 4798/1/6 4792/1/6 4799/1/6
f 4794/1/6 4795/1/6 4800/1/6
f 4793/1/6 4794/1/6 4800/1/6
f 4800/1/6 4795/1/6 4801/1/6
f 4801/1/6 4795/1/6 4802/1/6
f 4798/1/6 4799/1/6 4803/1/6
f 4800/1/6 4801/1/6 4803/1/6
f 4799/1/6 4800/1/6 4803/1/6
f 4803/1/6 4801/1/6 4804/1/6
f 4804/1/6 4801/1/6 4805/1/6
f 4805/1/6 4801/1/6 4806/1/6
f 4804/1/6 4805/1/6 4807/1/6
f 4807/1/6 4805/1/6 4808/1/6
f 4808/1/6 4805/1/6 4809/1/6
f 4809/1/6 4805/1/6 4810/1/6
f 4808/1/6 4809/1/6 4811/1/6
f 4811/1/6 4809/1/6 4812/1/6
f 4812/1/6 4809/1/6 4813/1/6
f 4813/1/6 4809/1/6 4814/1/6
f 4812/1/6 4813/1/6 4815/1/6
f 4815/1/6 4813/1/6 4816/1/6
