# MagicaVoxel @ Ephtracy

# group
o 

# material
mtllib Core-5.mtl
usemtl palette

# normals
vn -1 0 0
vn 1 0 0
vn 0 0 1
vn 0 0 -1
vn 0 -1 0
vn 0 1 0

# texcoords
vt 0.970703 0.5
vt 0.978516 0.5
vt 0.982422 0.5

# verts
v -4 4.5 0.7
v -4 4.5 -0.7
v -4 4.7 0.7
v -4 4.7 -0.7
v -4 5.3 0.7
v -4 5.3 -0.7
v -4 5.5 0.7
v -4 5.5 -0.7
v -3.9 4.5 1.1
v -3.9 4.5 0.7
v -3.9 4.5 -0.7
v -3.9 4.5 -1.1
v -3.9 4.7 1.1
v -3.9 4.7 0.7
v -3.9 4.7 -0.7
v -3.9 4.7 -1.1
v -3.9 4.8 0.2
v -3.9 4.8 -0.2
v -3.9 4.9 0.3
v -3.9 4.9 0.2
v -3.9 4.9 0.0999999
v -3.9 4.9 -0.2
v -3.9 4.9 -0.5
v -3.9 5 0.5
v -3.9 5 0.3
v -3.9 5 0.2
v -3.9 5 0.0999999
v -3.9 5 -0.1
v -3.9 5 -0.2
v -3.9 5 -0.3
v -3.9 5 -0.5
v -3.9 5.1 0.5
v -3.9 5.1 0.2
v -3.9 5.1 -0.1
v -3.9 5.1 -0.2
v -3.9 5.1 -0.3
v -3.9 5.2 0.2
v -3.9 5.2 -0.2
v -3.9 5.3 1.1
v -3.9 5.3 0.7
v -3.9 5.3 -0.7
v -3.9 5.3 -1.1
v -3.9 5.5 1.1
v -3.9 5.5 0.7
v -3.9 5.5 -0.7
v -3.9 5.5 -1.1
v -3.8 4.5 1.4
v -3.8 4.5 1.1
v -3.8 4.5 -1.1
v -3.8 4.5 -1.4
v -3.8 4.7 1.4
v -3.8 4.7 1.1
v -3.8 4.7 0.7
v -3.8 4.7 -0.7
v -3.8 4.7 -1.1
v -3.8 4.7 -1.4
v -3.8 4.8 0.2
v -3.8 4.8 -0.2
v -3.8 4.9 0.3
v -3.8 4.9 0.2
v -3.8 4.9 0.0999999
v -3.8 4.9 -0.2
v -3.8 4.9 -0.5
v -3.8 5 0.5
v -3.8 5 0.3
v -3.8 5 0.2
v -3.8 5 0.0999999
v -3.8 5 -0.1
v -3.8 5 -0.2
v -3.8 5 -0.3
v -3.8 5 -0.5
v -3.8 5.1 0.5
v -3.8 5.1 0.2
v -3.8 5.1 -0.1
v -3.8 5.1 -0.2
v -3.8 5.1 -0.3
v -3.8 5.2 0.2
v -3.8 5.2 -0.2
v -3.8 5.3 1.4
v -3.8 5.3 1.1
v -3.8 5.3 0.7
v -3.8 5.3 -0.7
v -3.8 5.3 -1.1
v -3.8 5.3 -1.4
v -3.8 5.5 1.4
v -3.8 5.5 1.1
v -3.8 5.5 -1.1
v -3.8 5.5 -1.4
v -3.7 4.5 1.7
v -3.7 4.5 1.4
v -3.7 4.5 -1.4
v -3.7 4.5 -1.7
v -3.7 4.7 1.7
v -3.7 4.7 1.4
v -3.7 4.7 1.1
v -3.7 4.7 0.7
v -3.7 4.7 -0.7
v -3.7 4.7 -1.1
v -3.7 4.7 -1.4
v -3.7 4.7 -1.7
v -3.7 5.3 1.7
v -3.7 5.3 1.4
v -3.7 5.3 1.1
v -3.7 5.3 0.7
v -3.7 5.3 -0.7
v -3.7 5.3 -1.1
v -3.7 5.3 -1.4
v -3.7 5.3 -1.7
v -3.7 5.5 1.7
v -3.7 5.5 1.4
v -3.7 5.5 -1.4
v -3.7 5.5 -1.7
v -3.6 4.5 1.9
v -3.6 4.5 1.7
v -3.6 4.5 -1.7
v -3.6 4.5 -1.9
v -3.6 4.7 1.9
v -3.6 4.7 1.7
v -3.6 4.7 1.4
v -3.6 4.7 1.1
v -3.6 4.7 -1.1
v -3.6 4.7 -1.4
v -3.6 4.7 -1.7
v -3.6 4.7 -1.9
v -3.6 5.3 1.9
v -3.6 5.3 1.7
v -3.6 5.3 1.4
v -3.6 5.3 1.1
v -3.6 5.3 -1.1
v -3.6 5.3 -1.4
v -3.6 5.3 -1.7
v -3.6 5.3 -1.9
v -3.6 5.5 1.9
v -3.6 5.5 1.7
v -3.6 5.5 -1.7
v -3.6 5.5 -1.9
v -3.5 4.5 2.1
v -3.5 4.5 1.9
v -3.5 4.5 -1.9
v -3.5 4.5 -2.1
v -3.5 4.7 2.1
v -3.5 4.7 1.9
v -3.5 4.7 1.6
v -3.5 4.7 1.4
v -3.5 4.7 -1.4
v -3.5 4.7 -1.6
v -3.5 4.7 -1.9
v -3.5 4.7 -2.1
v -3.5 5.3 2.1
v -3.5 5.3 1.9
v -3.5 5.3 1.6
v -3.5 5.3 1.4
v -3.5 5.3 -1.4
v -3.5 5.3 -1.6
v -3.5 5.3 -1.9
v -3.5 5.3 -2.1
v -3.5 5.5 2.1
v -3.5 5.5 1.9
v -3.5 5.5 -1.9
v -3.5 5.5 -2.1
v -3.4 4.5 2.2
v -3.4 4.5 2.1
v -3.4 4.5 -2.1
v -3.4 4.5 -2.2
v -3.4 4.7 2.2
v -3.4 4.7 2.1
v -3.4 4.7 1.8
v -3.4 4.7 1.6
v -3.4 4.7 -1.6
v -3.4 4.7 -1.8
v -3.4 4.7 -2.1
v -3.4 4.7 -2.2
v -3.4 5.3 2.2
v -3.4 5.3 2.1
v -3.4 5.3 1.8
v -3.4 5.3 1.6
v -3.4 5.3 -1.6
v -3.4 5.3 -1.8
v -3.4 5.3 -2.1
v -3.4 5.3 -2.2
v -3.4 5.5 2.2
v -3.4 5.5 2.1
v -3.4 5.5 -2.1
v -3.4 5.5 -2.2
v -3.3 4.5 2.4
v -3.3 4.5 2.2
v -3.3 4.5 -2.2
v -3.3 4.5 -2.4
v -3.3 4.7 2.4
v -3.3 4.7 2.2
v -3.3 4.7 2
v -3.3 4.7 1.8
v -3.3 4.7 -1.8
v -3.3 4.7 -2
v -3.3 4.7 -2.2
v -3.3 4.7 -2.4
v -3.3 5.3 2.4
v -3.3 5.3 2.2
v -3.3 5.3 2
v -3.3 5.3 1.8
v -3.3 5.3 -1.8
v -3.3 5.3 -2
v -3.3 5.3 -2.2
v -3.3 5.3 -2.4
v -3.3 5.5 2.4
v -3.3 5.5 2.2
v -3.3 5.5 -2.2
v -3.3 5.5 -2.4
v -3.2 4.5 2.5
v -3.2 4.5 2.4
v -3.2 4.5 -2.4
v -3.2 4.5 -2.5
v -3.2 4.7 2.5
v -3.2 4.7 2.4
v -3.2 4.7 2.2
v -3.2 4.7 2
v -3.2 4.7 -2
v -3.2 4.7 -2.2
v -3.2 4.7 -2.4
v -3.2 4.7 -2.5
v -3.2 5.3 2.5
v -3.2 5.3 2.4
v -3.2 5.3 2.2
v -3.2 5.3 2
v -3.2 5.3 -2
v -3.2 5.3 -2.2
v -3.2 5.3 -2.4
v -3.2 5.3 -2.5
v -3.2 5.5 2.5
v -3.2 5.5 2.4
v -3.2 5.5 -2.4
v -3.2 5.5 -2.5
v -3.1 4.5 2.6
v -3.1 4.5 2.5
v -3.1 4.5 -2.5
v -3.1 4.5 -2.6
v -3.1 4.7 2.6
v -3.1 4.7 2.5
v -3.1 4.7 2.3
v -3.1 4.7 2.2
v -3.1 4.7 -2.2
v -3.1 4.7 -2.3
v -3.1 4.7 -2.5
v -3.1 4.7 -2.6
v -3.1 4.9 2.5
v -3.1 4.9 2.3
v -3.1 5 2.5
v -3.1 5 2.3
v -3.1 5 -2.3
v -3.1 5 -2.5
v -3.1 5.1 -2.3
v -3.1 5.1 -2.5
v -3.1 5.3 2.6
v -3.1 5.3 2.5
v -3.1 5.3 2.3
v -3.1 5.3 2.2
v -3.1 5.3 -2.2
v -3.1 5.3 -2.3
v -3.1 5.3 -2.5
v -3.1 5.3 -2.6
v -3.1 5.5 2.6
v -3.1 5.5 2.5
v -3.1 5.5 -2.5
v -3.1 5.5 -2.6
v -3 4.5 2.7
v -3 4.5 2.6
v -3 4.5 -2.6
v -3 4.5 -2.7
v -3 4.7 2.7
v -3 4.7 2.6
v -3 4.7 2.4
v -3 4.7 2.3
v -3 4.7 -2.3
v -3 4.7 -2.4
v -3 4.7 -2.6
v -3 4.7 -2.7
v -3 4.9 2.6
v -3 4.9 2.5
v -3 4.9 2.4
v -3 4.9 2.3
v -3 4.9 -2.5
v -3 4.9 -2.6
v -3 5 2.5
v -3 5 2.4
v -3 5 2.3
v -3 5 -2.3
v -3 5 -2.4
v -3 5 -2.5
v -3 5.1 2.6
v -3 5.1 2.5
v -3 5.1 -2.3
v -3 5.1 -2.4
v -3 5.1 -2.5
v -3 5.1 -2.6
v -3 5.3 2.7
v -3 5.3 2.6
v -3 5.3 2.4
v -3 5.3 2.3
v -3 5.3 -2.3
v -3 5.3 -2.4
v -3 5.3 -2.6
v -3 5.3 -2.7
v -3 5.5 2.7
v -3 5.5 2.6
v -3 5.5 -2.6
v -3 5.5 -2.7
v -2.9 4.5 2.8
v -2.9 4.5 2.7
v -2.9 4.5 -2.7
v -2.9 4.5 -2.8
v -2.9 4.7 2.8
v -2.9 4.7 2.7
v -2.9 4.7 2.5
v -2.9 4.7 2.4
v -2.9 4.7 -2.4
v -2.9 4.7 -2.5
v -2.9 4.7 -2.7
v -2.9 4.7 -2.8
v -2.9 4.8 2.7
v -2.9 4.8 2.6
v -2.9 4.8 -2.6
v -2.9 4.8 -2.7
v -2.9 4.9 2.7
v -2.9 4.9 2.6
v -2.9 4.9 2.5
v -2.9 4.9 2.4
v -2.9 4.9 -2.5
v -2.9 4.9 -2.6
v -2.9 5 2.7
v -2.9 5 2.6
v -2.9 5 2.5
v -2.9 5 2.4
v -2.9 5 -2.4
v -2.9 5 -2.5
v -2.9 5 -2.6
v -2.9 5 -2.7
v -2.9 5.1 2.6
v -2.9 5.1 2.5
v -2.9 5.1 -2.4
v -2.9 5.1 -2.5
v -2.9 5.1 -2.6
v -2.9 5.1 -2.7
v -2.9 5.2 2.7
v -2.9 5.2 2.6
v -2.9 5.2 -2.6
v -2.9 5.2 -2.7
v -2.9 5.3 2.8
v -2.9 5.3 2.7
v -2.9 5.3 2.5
v -2.9 5.3 2.4
v -2.9 5.3 -2.4
v -2.9 5.3 -2.5
v -2.9 5.3 -2.7
v -2.9 5.3 -2.8
v -2.9 5.5 2.8
v -2.9 5.5 2.7
v -2.9 5.5 -2.7
v -2.9 5.5 -2.8
v -2.8 4.5 2.9
v -2.8 4.5 2.8
v -2.8 4.5 -2.8
v -2.8 4.5 -2.9
v -2.8 4.7 2.9
v -2.8 4.7 2.8
v -2.8 4.7 2.7
v -2.8 4.7 2.5
v -2.8 4.7 -2.5
v -2.8 4.7 -2.7
v -2.8 4.7 -2.8
v -2.8 4.7 -2.9
v -2.8 4.8 2.8
v -2.8 4.8 2.7
v -2.8 4.8 2.6
v -2.8 4.8 -2.6
v -2.8 4.8 -2.7
v -2.8 4.8 -2.8
v -2.8 4.9 2.8
v -2.8 4.9 2.7
v -2.8 4.9 2.6
v -2.8 4.9 2.5
v -2.8 4.9 -2.5
v -2.8 4.9 -2.6
v -2.8 4.9 -2.7
v -2.8 4.9 -2.8
v -2.8 5 2.7
v -2.8 5 2.6
v -2.8 5 -2.6
v -2.8 5 -2.7
v -2.8 5.1 2.8
v -2.8 5.1 2.7
v -2.8 5.1 2.6
v -2.8 5.1 2.5
v -2.8 5.1 -2.5
v -2.8 5.1 -2.6
v -2.8 5.1 -2.7
v -2.8 5.1 -2.8
v -2.8 5.2 2.8
v -2.8 5.2 2.7
v -2.8 5.2 2.6
v -2.8 5.2 -2.6
v -2.8 5.2 -2.7
v -2.8 5.2 -2.8
v -2.8 5.3 2.9
v -2.8 5.3 2.8
v -2.8 5.3 2.7
v -2.8 5.3 2.5
v -2.8 5.3 -2.5
v -2.8 5.3 -2.7
v -2.8 5.3 -2.8
v -2.8 5.3 -2.9
v -2.8 5.5 2.9
v -2.8 5.5 2.8
v -2.8 5.5 -2.8
v -2.8 5.5 -2.9
v -2.7 4.5 3
v -2.7 4.5 2.9
v -2.7 4.5 -2.9
v -2.7 4.5 -3
v -2.7 4.7 3
v -2.7 4.7 2.9
v -2.7 4.7 2.8
v -2.7 4.7 2.7
v -2.7 4.7 -2.7
v -2.7 4.7 -2.8
v -2.7 4.7 -2.9
v -2.7 4.7 -3
v -2.7 4.8 2.9
v -2.7 4.8 2.8
v -2.7 4.8 2.7
v -2.7 4.8 -2.7
v -2.7 4.8 -2.8
v -2.7 4.8 -2.9
v -2.7 4.9 2.8
v -2.7 4.9 2.7
v -2.7 4.9 -2.7
v -2.7 4.9 -2.8
v -2.7 4.9 -2.9
v -2.7 5 2.9
v -2.7 5 2.8
v -2.7 5 -2.8
v -2.7 5 -2.9
v -2.7 5.1 2.9
v -2.7 5.1 2.8
v -2.7 5.1 2.7
v -2.7 5.1 -2.7
v -2.7 5.1 -2.8
v -2.7 5.2 2.9
v -2.7 5.2 2.8
v -2.7 5.2 2.7
v -2.7 5.2 -2.7
v -2.7 5.2 -2.8
v -2.7 5.2 -2.9
v -2.7 5.3 3
v -2.7 5.3 2.9
v -2.7 5.3 2.8
v -2.7 5.3 2.7
v -2.7 5.3 -2.7
v -2.7 5.3 -2.8
v -2.7 5.3 -2.9
v -2.7 5.3 -3
v -2.7 5.5 3
v -2.7 5.5 2.9
v -2.7 5.5 -2.9
v -2.7 5.5 -3
v -2.6 4.5 3.1
v -2.6 4.5 3
v -2.6 4.5 -3
v -2.6 4.5 -3.1
v -2.6 4.7 3.1
v -2.6 4.7 3
v -2.6 4.7 -3
v -2.6 4.7 -3.1
v -2.6 4.9 3
v -2.6 4.9 2.9
v -2.6 4.9 -2.8
v -2.6 4.9 -2.9
v -2.6 4.9 -3
v -2.6 5 2.9
v -2.6 5 2.8
v -2.6 5 -2.8
v -2.6 5 -2.9
v -2.6 5.1 3
v -2.6 5.1 2.9
v -2.6 5.1 2.8
v -2.6 5.1 -2.9
v -2.6 5.1 -3
v -2.6 5.3 3.1
v -2.6 5.3 3
v -2.6 5.3 -3
v -2.6 5.3 -3.1
v -2.6 5.5 3.1
v -2.6 5.5 3
v -2.6 5.5 -3
v -2.6 5.5 -3.1
v -2.5 4.5 3.2
v -2.5 4.5 3.1
v -2.5 4.5 -3.1
v -2.5 4.5 -3.2
v -2.5 4.7 3.2
v -2.5 4.7 3.1
v -2.5 4.7 2.9
v -2.5 4.7 2.8
v -2.5 4.7 -2.8
v -2.5 4.7 -2.9
v -2.5 4.7 -3.1
v -2.5 4.7 -3.2
v -2.5 4.9 2.9
v -2.5 4.9 2.8
v -2.5 4.9 -2.8
v -2.5 4.9 -2.9
v -2.5 4.9 -3
v -2.5 4.9 -3.1
v -2.5 5 3.1
v -2.5 5 3
v -2.5 5 -3
v -2.5 5 -3.1
v -2.5 5.1 3.1
v -2.5 5.1 3
v -2.5 5.1 2.9
v -2.5 5.1 2.8
v -2.5 5.1 -2.8
v -2.5 5.1 -2.9
v -2.5 5.3 3.2
v -2.5 5.3 3.1
v -2.5 5.3 2.9
v -2.5 5.3 2.8
v -2.5 5.3 -2.8
v -2.5 5.3 -2.9
v -2.5 5.3 -3.1
v -2.5 5.3 -3.2
v -2.5 5.5 3.2
v -2.5 5.5 3.1
v -2.5 5.5 -3.1
v -2.5 5.5 -3.2
v -2.4 4.5 3.3
v -2.4 4.5 3.2
v -2.4 4.5 -3.2
v -2.4 4.5 -3.3
v -2.4 4.7 3.3
v -2.4 4.7 3.2
v -2.4 4.7 3
v -2.4 4.7 2.9
v -2.4 4.7 -2.9
v -2.4 4.7 -3
v -2.4 4.7 -3.2
v -2.4 4.7 -3.3
v -2.4 4.9 -2.9
v -2.4 4.9 -3
v -2.4 5 3
v -2.4 5 2.9
v -2.4 5 -2.9
v -2.4 5 -3
v -2.4 5.1 3
v -2.4 5.1 2.9
v -2.4 5.3 3.3
v -2.4 5.3 3.2
v -2.4 5.3 3
v -2.4 5.3 2.9
v -2.4 5.3 -2.9
v -2.4 5.3 -3
v -2.4 5.3 -3.2
v -2.4 5.3 -3.3
v -2.4 5.5 3.3
v -2.4 5.5 3.2
v -2.4 5.5 -3.2
v -2.4 5.5 -3.3
v -2.3 4.7 3.1
v -2.3 4.7 3
v -2.3 4.7 -3
v -2.3 4.7 -3.1
v -2.3 4.9 -3
v -2.3 4.9 -3.1
v -2.3 5 3.1
v -2.3 5 3
v -2.3 5 -3
v -2.3 5 -3.1
v -2.3 5.1 3.1
v -2.3 5.1 3
v -2.3 5.3 3.1
v -2.3 5.3 3
v -2.3 5.3 -3
v -2.3 5.3 -3.1
v -2.2 4.5 3.4
v -2.2 4.5 3.3
v -2.2 4.5 -3.3
v -2.2 4.5 -3.4
v -2.2 4.7 3.4
v -2.2 4.7 3.3
v -2.2 4.7 3.2
v -2.2 4.7 3.1
v -2.2 4.7 -3.1
v -2.2 4.7 -3.2
v -2.2 4.7 -3.3
v -2.2 4.7 -3.4
v -2.2 5.3 3.4
v -2.2 5.3 3.3
v -2.2 5.3 3.2
v -2.2 5.3 3.1
v -2.2 5.3 -3.1
v -2.2 5.3 -3.2
v -2.2 5.3 -3.3
v -2.2 5.3 -3.4
v -2.2 5.5 3.4
v -2.2 5.5 3.3
v -2.2 5.5 -3.3
v -2.2 5.5 -3.4
v -2.1 4.5 3.5
v -2.1 4.5 3.4
v -2.1 4.5 -3.4
v -2.1 4.5 -3.5
v -2.1 4.7 3.5
v -2.1 4.7 3.4
v -2.1 4.7 -3.4
v -2.1 4.7 -3.5
v -2.1 5.3 3.5
v -2.1 5.3 3.4
v -2.1 5.3 -3.4
v -2.1 5.3 -3.5
v -2.1 5.5 3.5
v -2.1 5.5 3.4
v -2.1 5.5 -3.4
v -2.1 5.5 -3.5
v -2 4.7 3.3
v -2 4.7 3.2
v -2 4.7 -3.2
v -2 4.7 -3.3
v -2 5.3 3.3
v -2 5.3 3.2
v -2 5.3 -3.2
v -2 5.3 -3.3
v -1.9 4.5 3.6
v -1.9 4.5 3.5
v -1.9 4.5 -3.5
v -1.9 4.5 -3.6
v -1.9 4.7 3.6
v -1.9 4.7 3.5
v -1.9 4.7 -3.5
v -1.9 4.7 -3.6
v -1.9 5.3 3.6
v -1.9 5.3 3.5
v -1.9 5.3 -3.5
v -1.9 5.3 -3.6
v -1.9 5.5 3.6
v -1.9 5.5 3.5
v -1.9 5.5 -3.5
v -1.9 5.5 -3.6
v -1.8 4.7 3.4
v -1.8 4.7 3.3
v -1.8 4.7 -3.3
v -1.8 4.7 -3.4
v -1.8 5.3 3.4
v -1.8 5.3 3.3
v -1.8 5.3 -3.3
v -1.8 5.3 -3.4
v -1.7 4.5 3.7
v -1.7 4.5 3.6
v -1.7 4.5 -3.6
v -1.7 4.5 -3.7
v -1.7 4.7 3.7
v -1.7 4.7 3.6
v -1.7 4.7 -3.6
v -1.7 4.7 -3.7
v -1.7 5.3 3.7
v -1.7 5.3 3.6
v -1.7 5.3 -3.6
v -1.7 5.3 -3.7
v -1.7 5.5 3.7
v -1.7 5.5 3.6
v -1.7 5.5 -3.6
v -1.7 5.5 -3.7
v -1.6 4.7 3.5
v -1.6 4.7 3.4
v -1.6 4.7 -3.4
v -1.6 4.7 -3.5
v -1.6 5.3 3.5
v -1.6 5.3 3.4
v -1.6 5.3 -3.4
v -1.6 5.3 -3.5
v -1.4 4.5 3.8
v -1.4 4.5 3.7
v -1.4 4.5 -3.7
v -1.4 4.5 -3.8
v -1.4 4.7 3.8
v -1.4 4.7 3.7
v -1.4 4.7 3.6
v -1.4 4.7 3.5
v -1.4 4.7 -3.5
v -1.4 4.7 -3.6
v -1.4 4.7 -3.7
v -1.4 4.7 -3.8
v -1.4 5.3 3.8
v -1.4 5.3 3.7
v -1.4 5.3 3.6
v -1.4 5.3 3.5
v -1.4 5.3 -3.5
v -1.4 5.3 -3.6
v -1.4 5.3 -3.7
v -1.4 5.3 -3.8
v -1.4 5.5 3.8
v -1.4 5.5 3.7
v -1.4 5.5 -3.7
v -1.4 5.5 -3.8
v -1.1 4.5 3.9
v -1.1 4.5 3.8
v -1.1 4.5 -3.8
v -1.1 4.5 -3.9
v -1.1 4.7 3.9
v -1.1 4.7 3.8
v -1.1 4.7 3.7
v -1.1 4.7 3.6
v -1.1 4.7 -3.6
v -1.1 4.7 -3.7
v -1.1 4.7 -3.8
v -1.1 4.7 -3.9
v -1.1 5.3 3.9
v -1.1 5.3 3.8
v -1.1 5.3 3.7
v -1.1 5.3 3.6
v -1.1 5.3 -3.6
v -1.1 5.3 -3.7
v -1.1 5.3 -3.8
v -1.1 5.3 -3.9
v -1.1 5.5 3.9
v -1.1 5.5 3.8
v -1.1 5.5 -3.8
v -1.1 5.5 -3.9
v -0.7 4.5 4
v -0.7 4.5 3.9
v -0.7 4.5 -3.9
v -0.7 4.5 -4
v -0.7 4.7 4
v -0.7 4.7 3.9
v -0.7 4.7 3.8
v -0.7 4.7 3.7
v -0.7 4.7 -3.7
v -0.7 4.7 -3.8
v -0.7 4.7 -3.9
v -0.7 4.7 -4
v -0.7 5.3 4
v -0.7 5.3 3.9
v -0.7 5.3 3.8
v -0.7 5.3 3.7
v -0.7 5.3 -3.7
v -0.7 5.3 -3.8
v -0.7 5.3 -3.9
v -0.7 5.3 -4
v -0.7 5.5 4
v -0.7 5.5 3.9
v -0.7 5.5 -3.9
v -0.7 5.5 -4
v -0.5 4.9 3.9
v -0.5 4.9 3.8
v -0.5 5 3.9
v -0.5 5 3.8
v -0.5 5 -3.8
v -0.5 5 -3.9
v -0.5 5.1 -3.8
v -0.5 5.1 -3.9
v -0.3 4.9 -3.8
v -0.3 4.9 -3.9
v -0.3 5 3.9
v -0.3 5 3.8
v -0.3 5 -3.8
v -0.3 5 -3.9
v -0.3 5.1 3.9
v -0.3 5.1 3.8
v -0.2 4.8 3.9
v -0.2 4.8 3.8
v -0.2 4.8 -3.8
v -0.2 4.8 -3.9
v -0.2 4.9 3.9
v -0.2 4.9 3.8
v -0.2 4.9 -3.8
v -0.2 4.9 -3.9
v -0.2 5.1 3.9
v -0.2 5.1 3.8
v -0.2 5.1 -3.8
v -0.2 5.1 -3.9
v -0.2 5.2 3.9
v -0.2 5.2 3.8
v -0.2 5.2 -3.8
v -0.2 5.2 -3.9
v 0.1 4.9 3.9
v 0.1 4.9 3.8
v 0.1 5 3.9
v 0.1 5 3.8
v 0.1 5 -3.8
v 0.1 5 -3.9
v 0.1 5.1 -3.8
v 0.1 5.1 -3.9
v 0.2 4.9 -3.8
v 0.2 4.9 -3.9
v 0.2 5 3.9
v 0.2 5 3.8
v 0.2 5 -3.8
v 0.2 5 -3.9
v 0.2 5.1 3.9
v 0.2 5.1 3.8
v 0.6 4.5 3.6
v 0.6 4.5 3.5
v 0.6 4.5 -3.5
v 0.6 4.5 -3.6
v 0.6 5.5 3.6
v 0.6 5.5 3.5
v 0.6 5.5 -3.5
v 0.6 5.5 -3.6
v 1.1 4.5 3.5
v 1.1 4.5 3.4
v 1.1 4.5 -3.4
v 1.1 4.5 -3.5
v 1.1 5.5 3.5
v 1.1 5.5 3.4
v 1.1 5.5 -3.4
v 1.1 5.5 -3.5
v 1.4 4.5 3.4
v 1.4 4.5 3.3
v 1.4 4.5 -3.3
v 1.4 4.5 -3.4
v 1.4 5.5 3.4
v 1.4 5.5 3.3
v 1.4 5.5 -3.3
v 1.4 5.5 -3.4
v 1.6 4.5 3.3
v 1.6 4.5 3.2
v 1.6 4.5 -3.2
v 1.6 4.5 -3.3
v 1.6 5.5 3.3
v 1.6 5.5 3.2
v 1.6 5.5 -3.2
v 1.6 5.5 -3.3
v 1.8 4.5 3.2
v 1.8 4.5 3.1
v 1.8 4.5 -3.1
v 1.8 4.5 -3.2
v 1.8 5.5 3.2
v 1.8 5.5 3.1
v 1.8 5.5 -3.1
v 1.8 5.5 -3.2
v 1.9 4.5 3.1
v 1.9 4.5 3
v 1.9 4.5 -3
v 1.9 4.5 -3.1
v 1.9 5.5 3.1
v 1.9 5.5 3
v 1.9 5.5 -3
v 1.9 5.5 -3.1
v 2.1 4.5 3
v 2.1 4.5 2.9
v 2.1 4.5 -2.9
v 2.1 4.5 -3
v 2.1 5.5 3
v 2.1 5.5 2.9
v 2.1 5.5 -2.9
v 2.1 5.5 -3
v 2.2 4.5 2.9
v 2.2 4.5 2.8
v 2.2 4.5 -2.8
v 2.2 4.5 -2.9
v 2.2 5.5 2.9
v 2.2 5.5 2.8
v 2.2 5.5 -2.8
v 2.2 5.5 -2.9
v 2.4 4.5 2.8
v 2.4 4.5 2.7
v 2.4 4.5 -2.7
v 2.4 4.5 -2.8
v 2.4 5.5 2.8
v 2.4 5.5 2.7
v 2.4 5.5 -2.7
v 2.4 5.5 -2.8
v 2.5 4.5 2.7
v 2.5 4.5 2.6
v 2.5 4.5 -2.6
v 2.5 4.5 -2.7
v 2.5 4.9 -2.9
v 2.5 4.9 -3
v 2.5 5 3
v 2.5 5 2.9
v 2.5 5 -2.9
v 2.5 5 -3
v 2.5 5.1 3
v 2.5 5.1 2.9
v 2.5 5.5 2.7
v 2.5 5.5 2.6
v 2.5 5.5 -2.6
v 2.5 5.5 -2.7
v 2.6 4.5 2.6
v 2.6 4.5 2.5
v 2.6 4.5 -2.5
v 2.6 4.5 -2.6
v 2.6 4.8 2.9
v 2.6 4.8 2.8
v 2.6 4.8 -2.8
v 2.6 4.8 -2.9
v 2.6 4.9 2.9
v 2.6 4.9 2.8
v 2.6 4.9 -2.8
v 2.6 4.9 -2.9
v 2.6 5.1 2.9
v 2.6 5.1 2.8
v 2.6 5.1 -2.8
v 2.6 5.1 -2.9
v 2.6 5.2 2.9
v 2.6 5.2 2.8
v 2.6 5.2 -2.8
v 2.6 5.2 -2.9
v 2.6 5.5 2.6
v 2.6 5.5 2.5
v 2.6 5.5 -2.5
v 2.6 5.5 -2.6
v 2.7 4.5 2.5
v 2.7 4.5 2.4
v 2.7 4.5 -2.4
v 2.7 4.5 -2.5
v 2.7 5.5 2.5
v 2.7 5.5 2.4
v 2.7 5.5 -2.4
v 2.7 5.5 -2.5
v 2.8 4.5 2.4
v 2.8 4.5 2.2
v 2.8 4.5 -2.2
v 2.8 4.5 -2.4
v 2.8 5.5 2.4
v 2.8 5.5 2.2
v 2.8 5.5 -2.2
v 2.8 5.5 -2.4
v 2.9 4.5 2.2
v 2.9 4.5 2.1
v 2.9 4.5 -2.1
v 2.9 4.5 -2.2
v 2.9 5.5 2.2
v 2.9 5.5 2.1
v 2.9 5.5 -2.1
v 2.9 5.5 -2.2
v 3 4.5 2.1
v 3 4.5 1.9
v 3 4.5 -1.9
v 3 4.5 -2.1
v 3 5.5 2.1
v 3 5.5 1.9
v 3 5.5 -1.9
v 3 5.5 -2.1
v 3.1 4.5 1.9
v 3.1 4.5 1.8
v 3.1 4.5 -1.8
v 3.1 4.5 -1.9
v 3.1 5.5 1.9
v 3.1 5.5 1.8
v 3.1 5.5 -1.8
v 3.1 5.5 -1.9
v 3.2 4.5 1.8
v 3.2 4.5 1.6
v 3.2 4.5 -1.6
v 3.2 4.5 -1.8
v 3.2 5.5 1.8
v 3.2 5.5 1.6
v 3.2 5.5 -1.6
v 3.2 5.5 -1.8
v 3.3 4.5 1.6
v 3.3 4.5 1.4
v 3.3 4.5 -1.4
v 3.3 4.5 -1.6
v 3.3 5.5 1.6
v 3.3 5.5 1.4
v 3.3 5.5 -1.4
v 3.3 5.5 -1.6
v 3.4 4.5 1.4
v 3.4 4.5 1.1
v 3.4 4.5 -1.1
v 3.4 4.5 -1.4
v 3.4 5.5 1.4
v 3.4 5.5 1.1
v 3.4 5.5 -1.1
v 3.4 5.5 -1.4
v 3.5 4.5 1.1
v 3.5 4.5 0.6
v 3.5 4.5 -0.6
v 3.5 4.5 -1.1
v 3.5 5.5 1.1
v 3.5 5.5 0.6
v 3.5 5.5 -0.6
v 3.5 5.5 -1.1
v 3.6 4.5 0.6
v 3.6 4.5 -0.6
v 3.6 5.5 0.6
v 3.6 5.5 -0.6
v -3.6 4.5 0.6
v -3.6 4.5 -0.6
v -3.6 5.5 0.6
v -3.6 5.5 -0.6
v -3.5 4.5 1.1
v -3.5 4.5 0.6
v -3.5 4.5 -0.6
v -3.5 4.5 -1.1
v -3.5 5.5 1.1
v -3.5 5.5 0.6
v -3.5 5.5 -0.6
v -3.5 5.5 -1.1
v -3.4 4.5 1.4
v -3.4 4.5 1.1
v -3.4 4.5 -1.1
v -3.4 4.5 -1.4
v -3.4 5.5 1.4
v -3.4 5.5 1.1
v -3.4 5.5 -1.1
v -3.4 5.5 -1.4
v -3.3 4.5 1.6
v -3.3 4.5 1.4
v -3.3 4.5 -1.4
v -3.3 4.5 -1.6
v -3.3 5.5 1.6
v -3.3 5.5 1.4
v -3.3 5.5 -1.4
v -3.3 5.5 -1.6
v -3.2 4.5 1.8
v -3.2 4.5 1.6
v -3.2 4.5 -1.6
v -3.2 4.5 -1.8
v -3.2 5.5 1.8
v -3.2 5.5 1.6
v -3.2 5.5 -1.6
v -3.2 5.5 -1.8
v -3.1 4.5 1.9
v -3.1 4.5 1.8
v -3.1 4.5 -1.8
v -3.1 4.5 -1.9
v -3.1 5.5 1.9
v -3.1 5.5 1.8
v -3.1 5.5 -1.8
v -3.1 5.5 -1.9
v -3 4.5 2.1
v -3 4.5 1.9
v -3 4.5 -1.9
v -3 4.5 -2.1
v -3 5.5 2.1
v -3 5.5 1.9
v -3 5.5 -1.9
v -3 5.5 -2.1
v -2.9 4.5 2.2
v -2.9 4.5 2.1
v -2.9 4.5 -2.1
v -2.9 4.5 -2.2
v -2.9 5.5 2.2
v -2.9 5.5 2.1
v -2.9 5.5 -2.1
v -2.9 5.5 -2.2
v -2.8 4.5 2.4
v -2.8 4.5 2.2
v -2.8 4.5 -2.2
v -2.8 4.5 -2.4
v -2.8 5.5 2.4
v -2.8 5.5 2.2
v -2.8 5.5 -2.2
v -2.8 5.5 -2.4
v -2.7 4.5 2.5
v -2.7 4.5 2.4
v -2.7 4.5 -2.4
v -2.7 4.5 -2.5
v -2.7 5.5 2.5
v -2.7 5.5 2.4
v -2.7 5.5 -2.4
v -2.7 5.5 -2.5
v -2.6 4.5 2.6
v -2.6 4.5 2.5
v -2.6 4.5 -2.5
v -2.6 4.5 -2.6
v -2.6 4.8 2.9
v -2.6 4.8 2.8
v -2.6 4.8 -2.8
v -2.6 4.8 -2.9
v -2.6 4.9 2.9
v -2.6 4.9 2.8
v -2.6 4.9 -2.8
v -2.6 4.9 -2.9
v -2.6 5.1 2.9
v -2.6 5.1 2.8
v -2.6 5.1 -2.8
v -2.6 5.1 -2.9
v -2.6 5.2 2.9
v -2.6 5.2 2.8
v -2.6 5.2 -2.8
v -2.6 5.2 -2.9
v -2.6 5.5 2.6
v -2.6 5.5 2.5
v -2.6 5.5 -2.5
v -2.6 5.5 -2.6
v -2.5 4.5 2.7
v -2.5 4.5 2.6
v -2.5 4.5 -2.6
v -2.5 4.5 -2.7
v -2.5 4.9 3
v -2.5 4.9 2.9
v -2.5 5 3
v -2.5 5 2.9
v -2.5 5 -2.9
v -2.5 5 -3
v -2.5 5.1 -2.9
v -2.5 5.1 -3
v -2.5 5.5 2.7
v -2.5 5.5 2.6
v -2.5 5.5 -2.6
v -2.5 5.5 -2.7
v -2.4 4.5 2.8
v -2.4 4.5 2.7
v -2.4 4.5 -2.7
v -2.4 4.5 -2.8
v -2.4 5.5 2.8
v -2.4 5.5 2.7
v -2.4 5.5 -2.7
v -2.4 5.5 -2.8
v -2.2 4.5 2.9
v -2.2 4.5 2.8
v -2.2 4.5 -2.8
v -2.2 4.5 -2.9
v -2.2 5.5 2.9
v -2.2 5.5 2.8
v -2.2 5.5 -2.8
v -2.2 5.5 -2.9
v -2.1 4.5 3
v -2.1 4.5 2.9
v -2.1 4.5 -2.9
v -2.1 4.5 -3
v -2.1 5.5 3
v -2.1 5.5 2.9
v -2.1 5.5 -2.9
v -2.1 5.5 -3
v -1.9 4.5 3.1
v -1.9 4.5 3
v -1.9 4.5 -3
v -1.9 4.5 -3.1
v -1.9 5.5 3.1
v -1.9 5.5 3
v -1.9 5.5 -3
v -1.9 5.5 -3.1
v -1.8 4.5 3.2
v -1.8 4.5 3.1
v -1.8 4.5 -3.1
v -1.8 4.5 -3.2
v -1.8 5.5 3.2
v -1.8 5.5 3.1
v -1.8 5.5 -3.1
v -1.8 5.5 -3.2
v -1.6 4.5 3.3
v -1.6 4.5 3.2
v -1.6 4.5 -3.2
v -1.6 4.5 -3.3
v -1.6 5.5 3.3
v -1.6 5.5 3.2
v -1.6 5.5 -3.2
v -1.6 5.5 -3.3
v -1.4 4.5 3.4
v -1.4 4.5 3.3
v -1.4 4.5 -3.3
v -1.4 4.5 -3.4
v -1.4 5.5 3.4
v -1.4 5.5 3.3
v -1.4 5.5 -3.3
v -1.4 5.5 -3.4
v -1.1 4.5 3.5
v -1.1 4.5 3.4
v -1.1 4.5 -3.4
v -1.1 4.5 -3.5
v -1.1 5.5 3.5
v -1.1 5.5 3.4
v -1.1 5.5 -3.4
v -1.1 5.5 -3.5
v -0.6 4.5 3.6
v -0.6 4.5 3.5
v -0.6 4.5 -3.5
v -0.6 4.5 -3.6
v -0.6 5.5 3.6
v -0.6 5.5 3.5
v -0.6 5.5 -3.5
v -0.6 5.5 -3.6
v -0.2 4.9 3.9
v -0.2 4.9 3.8
v -0.2 5 3.9
v -0.2 5 3.8
v -0.2 5 -3.8
v -0.2 5 -3.9
v -0.2 5.1 -3.8
v -0.2 5.1 -3.9
v -0.0999999 4.9 -3.8
v -0.0999999 4.9 -3.9
v -0.0999999 5 3.9
v -0.0999999 5 3.8
v -0.0999999 5 -3.8
v -0.0999999 5 -3.9
v -0.0999999 5.1 3.9
v -0.0999999 5.1 3.8
v 0.2 4.8 3.9
v 0.2 4.8 3.8
v 0.2 4.8 -3.8
v 0.2 4.8 -3.9
v 0.2 4.9 3.9
v 0.2 4.9 3.8
v 0.2 4.9 -3.8
v 0.2 4.9 -3.9
v 0.2 5.1 3.9
v 0.2 5.1 3.8
v 0.2 5.1 -3.8
v 0.2 5.1 -3.9
v 0.2 5.2 3.9
v 0.2 5.2 3.8
v 0.2 5.2 -3.8
v 0.2 5.2 -3.9
v 0.3 4.9 3.9
v 0.3 4.9 3.8
v 0.3 5 3.9
v 0.3 5 3.8
v 0.3 5 -3.8
v 0.3 5 -3.9
v 0.3 5.1 -3.8
v 0.3 5.1 -3.9
v 0.5 4.9 -3.8
v 0.5 4.9 -3.9
v 0.5 5 3.9
v 0.5 5 3.8
v 0.5 5 -3.8
v 0.5 5 -3.9
v 0.5 5.1 3.9
v 0.5 5.1 3.8
v 0.7 4.5 4
v 0.7 4.5 3.9
v 0.7 4.5 -3.9
v 0.7 4.5 -4
v 0.7 4.7 4
v 0.7 4.7 3.9
v 0.7 4.7 3.8
v 0.7 4.7 3.7
v 0.7 4.7 -3.7
v 0.7 4.7 -3.8
v 0.7 4.7 -3.9
v 0.7 4.7 -4
v 0.7 5.3 4
v 0.7 5.3 3.9
v 0.7 5.3 3.8
v 0.7 5.3 3.7
v 0.7 5.3 -3.7
v 0.7 5.3 -3.8
v 0.7 5.3 -3.9
v 0.7 5.3 -4
v 0.7 5.5 4
v 0.7 5.5 3.9
v 0.7 5.5 -3.9
v 0.7 5.5 -4
v 1.1 4.5 3.9
v 1.1 4.5 3.8
v 1.1 4.5 -3.8
v 1.1 4.5 -3.9
v 1.1 4.7 3.9
v 1.1 4.7 3.8
v 1.1 4.7 3.7
v 1.1 4.7 3.6
v 1.1 4.7 -3.6
v 1.1 4.7 -3.7
v 1.1 4.7 -3.8
v 1.1 4.7 -3.9
v 1.1 5.3 3.9
v 1.1 5.3 3.8
v 1.1 5.3 3.7
v 1.1 5.3 3.6
v 1.1 5.3 -3.6
v 1.1 5.3 -3.7
v 1.1 5.3 -3.8
v 1.1 5.3 -3.9
v 1.1 5.5 3.9
v 1.1 5.5 3.8
v 1.1 5.5 -3.8
v 1.1 5.5 -3.9
v 1.4 4.5 3.8
v 1.4 4.5 3.7
v 1.4 4.5 -3.7
v 1.4 4.5 -3.8
v 1.4 4.7 3.8
v 1.4 4.7 3.7
v 1.4 4.7 3.6
v 1.4 4.7 3.5
v 1.4 4.7 -3.5
v 1.4 4.7 -3.6
v 1.4 4.7 -3.7
v 1.4 4.7 -3.8
v 1.4 5.3 3.8
v 1.4 5.3 3.7
v 1.4 5.3 3.6
v 1.4 5.3 3.5
v 1.4 5.3 -3.5
v 1.4 5.3 -3.6
v 1.4 5.3 -3.7
v 1.4 5.3 -3.8
v 1.4 5.5 3.8
v 1.4 5.5 3.7
v 1.4 5.5 -3.7
v 1.4 5.5 -3.8
v 1.6 4.7 3.5
v 1.6 4.7 3.4
v 1.6 4.7 -3.4
v 1.6 4.7 -3.5
v 1.6 5.3 3.5
v 1.6 5.3 3.4
v 1.6 5.3 -3.4
v 1.6 5.3 -3.5
v 1.7 4.5 3.7
v 1.7 4.5 3.6
v 1.7 4.5 -3.6
v 1.7 4.5 -3.7
v 1.7 4.7 3.7
v 1.7 4.7 3.6
v 1.7 4.7 -3.6
v 1.7 4.7 -3.7
v 1.7 5.3 3.7
v 1.7 5.3 3.6
v 1.7 5.3 -3.6
v 1.7 5.3 -3.7
v 1.7 5.5 3.7
v 1.7 5.5 3.6
v 1.7 5.5 -3.6
v 1.7 5.5 -3.7
v 1.8 4.7 3.4
v 1.8 4.7 3.3
v 1.8 4.7 -3.3
v 1.8 4.7 -3.4
v 1.8 5.3 3.4
v 1.8 5.3 3.3
v 1.8 5.3 -3.3
v 1.8 5.3 -3.4
v 1.9 4.5 3.6
v 1.9 4.5 3.5
v 1.9 4.5 -3.5
v 1.9 4.5 -3.6
v 1.9 4.7 3.6
v 1.9 4.7 3.5
v 1.9 4.7 -3.5
v 1.9 4.7 -3.6
v 1.9 5.3 3.6
v 1.9 5.3 3.5
v 1.9 5.3 -3.5
v 1.9 5.3 -3.6
v 1.9 5.5 3.6
v 1.9 5.5 3.5
v 1.9 5.5 -3.5
v 1.9 5.5 -3.6
v 2 4.7 3.3
v 2 4.7 3.2
v 2 4.7 -3.2
v 2 4.7 -3.3
v 2 5.3 3.3
v 2 5.3 3.2
v 2 5.3 -3.2
v 2 5.3 -3.3
v 2.1 4.5 3.5
v 2.1 4.5 3.4
v 2.1 4.5 -3.4
v 2.1 4.5 -3.5
v 2.1 4.7 3.5
v 2.1 4.7 3.4
v 2.1 4.7 -3.4
v 2.1 4.7 -3.5
v 2.1 5.3 3.5
v 2.1 5.3 3.4
v 2.1 5.3 -3.4
v 2.1 5.3 -3.5
v 2.1 5.5 3.5
v 2.1 5.5 3.4
v 2.1 5.5 -3.4
v 2.1 5.5 -3.5
v 2.2 4.5 3.4
v 2.2 4.5 3.3
v 2.2 4.5 -3.3
v 2.2 4.5 -3.4
v 2.2 4.7 3.4
v 2.2 4.7 3.3
v 2.2 4.7 3.2
v 2.2 4.7 3.1
v 2.2 4.7 -3.1
v 2.2 4.7 -3.2
v 2.2 4.7 -3.3
v 2.2 4.7 -3.4
v 2.2 5.3 3.4
v 2.2 5.3 3.3
v 2.2 5.3 3.2
v 2.2 5.3 3.1
v 2.2 5.3 -3.1
v 2.2 5.3 -3.2
v 2.2 5.3 -3.3
v 2.2 5.3 -3.4
v 2.2 5.5 3.4
v 2.2 5.5 3.3
v 2.2 5.5 -3.3
v 2.2 5.5 -3.4
v 2.3 4.7 3.1
v 2.3 4.7 3
v 2.3 4.7 -3
v 2.3 4.7 -3.1
v 2.3 4.9 3.1
v 2.3 4.9 3
v 2.3 5 3.1
v 2.3 5 3
v 2.3 5 -3
v 2.3 5 -3.1
v 2.3 5.1 -3
v 2.3 5.1 -3.1
v 2.3 5.3 3.1
v 2.3 5.3 3
v 2.3 5.3 -3
v 2.3 5.3 -3.1
v 2.4 4.5 3.3
v 2.4 4.5 3.2
v 2.4 4.5 -3.2
v 2.4 4.5 -3.3
v 2.4 4.7 3.3
v 2.4 4.7 3.2
v 2.4 4.7 3
v 2.4 4.7 2.9
v 2.4 4.7 -2.9
v 2.4 4.7 -3
v 2.4 4.7 -3.2
v 2.4 4.7 -3.3
v 2.4 4.9 3
v 2.4 4.9 2.9
v 2.4 5 3
v 2.4 5 2.9
v 2.4 5 -2.9
v 2.4 5 -3
v 2.4 5.1 -2.9
v 2.4 5.1 -3
v 2.4 5.3 3.3
v 2.4 5.3 3.2
v 2.4 5.3 3
v 2.4 5.3 2.9
v 2.4 5.3 -2.9
v 2.4 5.3 -3
v 2.4 5.3 -3.2
v 2.4 5.3 -3.3
v 2.4 5.5 3.3
v 2.4 5.5 3.2
v 2.4 5.5 -3.2
v 2.4 5.5 -3.3
v 2.5 4.5 3.2
v 2.5 4.5 3.1
v 2.5 4.5 -3.1
v 2.5 4.5 -3.2
v 2.5 4.7 3.2
v 2.5 4.7 3.1
v 2.5 4.7 2.9
v 2.5 4.7 2.8
v 2.5 4.7 -2.8
v 2.5 4.7 -2.9
v 2.5 4.7 -3.1
v 2.5 4.7 -3.2
v 2.5 4.9 3.1
v 2.5 4.9 3
v 2.5 4.9 2.9
v 2.5 4.9 2.8
v 2.5 4.9 -2.8
v 2.5 4.9 -2.9
v 2.5 5 3.1
v 2.5 5 3
v 2.5 5 -3
v 2.5 5 -3.1
v 2.5 5.1 2.9
v 2.5 5.1 2.8
v 2.5 5.1 -2.8
v 2.5 5.1 -2.9
v 2.5 5.1 -3
v 2.5 5.1 -3.1
v 2.5 5.3 3.2
v 2.5 5.3 3.1
v 2.5 5.3 2.9
v 2.5 5.3 2.8
v 2.5 5.3 -2.8
v 2.5 5.3 -2.9
v 2.5 5.3 -3.1
v 2.5 5.3 -3.2
v 2.5 5.5 3.2
v 2.5 5.5 3.1
v 2.5 5.5 -3.1
v 2.5 5.5 -3.2
v 2.6 4.5 3.1
v 2.6 4.5 3
v 2.6 4.5 -3
v 2.6 4.5 -3.1
v 2.6 4.7 3.1
v 2.6 4.7 3
v 2.6 4.7 -3
v 2.6 4.7 -3.1
v 2.6 4.9 3
v 2.6 4.9 2.9
v 2.6 4.9 2.8
v 2.6 4.9 -2.9
v 2.6 4.9 -3
v 2.6 5 2.9
v 2.6 5 2.8
v 2.6 5 -2.8
v 2.6 5 -2.9
v 2.6 5.1 3
v 2.6 5.1 2.9
v 2.6 5.1 -2.8
v 2.6 5.1 -2.9
v 2.6 5.1 -3
v 2.6 5.3 3.1
v 2.6 5.3 3
v 2.6 5.3 -3
v 2.6 5.3 -3.1
v 2.6 5.5 3.1
v 2.6 5.5 3
v 2.6 5.5 -3
v 2.6 5.5 -3.1
v 2.7 4.5 3
v 2.7 4.5 2.9
v 2.7 4.5 -2.9
v 2.7 4.5 -3
v 2.7 4.7 3
v 2.7 4.7 2.9
v 2.7 4.7 2.8
v 2.7 4.7 2.7
v 2.7 4.7 -2.7
v 2.7 4.7 -2.8
v 2.7 4.7 -2.9
v 2.7 4.7 -3
v 2.7 4.8 2.9
v 2.7 4.8 2.8
v 2.7 4.8 2.7
v 2.7 4.8 -2.7
v 2.7 4.8 -2.8
v 2.7 4.8 -2.9
v 2.7 4.9 2.9
v 2.7 4.9 2.8
v 2.7 4.9 2.7
v 2.7 4.9 -2.7
v 2.7 4.9 -2.8
v 2.7 5 2.9
v 2.7 5 2.8
v 2.7 5 -2.8
v 2.7 5 -2.9
v 2.7 5.1 2.8
v 2.7 5.1 2.7
v 2.7 5.1 -2.7
v 2.7 5.1 -2.8
v 2.7 5.1 -2.9
v 2.7 5.2 2.9
v 2.7 5.2 2.8
v 2.7 5.2 2.7
v 2.7 5.2 -2.7
v 2.7 5.2 -2.8
v 2.7 5.2 -2.9
v 2.7 5.3 3
v 2.7 5.3 2.9
v 2.7 5.3 2.8
v 2.7 5.3 2.7
v 2.7 5.3 -2.7
v 2.7 5.3 -2.8
v 2.7 5.3 -2.9
v 2.7 5.3 -3
v 2.7 5.5 3
v 2.7 5.5 2.9
v 2.7 5.5 -2.9
v 2.7 5.5 -3
v 2.8 4.5 2.9
v 2.8 4.5 2.8
v 2.8 4.5 -2.8
v 2.8 4.5 -2.9
v 2.8 4.7 2.9
v 2.8 4.7 2.8
v 2.8 4.7 2.7
v 2.8 4.7 2.5
v 2.8 4.7 -2.5
v 2.8 4.7 -2.7
v 2.8 4.7 -2.8
v 2.8 4.7 -2.9
v 2.8 4.8 2.8
v 2.8 4.8 2.7
v 2.8 4.8 2.6
v 2.8 4.8 -2.6
v 2.8 4.8 -2.7
v 2.8 4.8 -2.8
v 2.8 4.9 2.8
v 2.8 4.9 2.7
v 2.8 4.9 2.6
v 2.8 4.9 2.5
v 2.8 4.9 -2.5
v 2.8 4.9 -2.6
v 2.8 4.9 -2.7
v 2.8 4.9 -2.8
v 2.8 5 2.7
v 2.8 5 2.6
v 2.8 5 -2.6
v 2.8 5 -2.7
v 2.8 5.1 2.8
v 2.8 5.1 2.7
v 2.8 5.1 2.6
v 2.8 5.1 2.5
v 2.8 5.1 -2.5
v 2.8 5.1 -2.6
v 2.8 5.1 -2.7
v 2.8 5.1 -2.8
v 2.8 5.2 2.8
v 2.8 5.2 2.7
v 2.8 5.2 2.6
v 2.8 5.2 -2.6
v 2.8 5.2 -2.7
v 2.8 5.2 -2.8
v 2.8 5.3 2.9
v 2.8 5.3 2.8
v 2.8 5.3 2.7
v 2.8 5.3 2.5
v 2.8 5.3 -2.5
v 2.8 5.3 -2.7
v 2.8 5.3 -2.8
v 2.8 5.3 -2.9
v 2.8 5.5 2.9
v 2.8 5.5 2.8
v 2.8 5.5 -2.8
v 2.8 5.5 -2.9
v 2.9 4.5 2.8
v 2.9 4.5 2.7
v 2.9 4.5 -2.7
v 2.9 4.5 -2.8
v 2.9 4.7 2.8
v 2.9 4.7 2.7
v 2.9 4.7 2.5
v 2.9 4.7 2.4
v 2.9 4.7 -2.4
v 2.9 4.7 -2.5
v 2.9 4.7 -2.7
v 2.9 4.7 -2.8
v 2.9 4.8 2.7
v 2.9 4.8 2.6
v 2.9 4.8 -2.6
v 2.9 4.8 -2.7
v 2.9 4.9 2.6
v 2.9 4.9 2.5
v 2.9 4.9 -2.4
v 2.9 4.9 -2.5
v 2.9 4.9 -2.6
v 2.9 4.9 -2.7
v 2.9 5 2.7
v 2.9 5 2.6
v 2.9 5 2.5
v 2.9 5 2.4
v 2.9 5 -2.4
v 2.9 5 -2.5
v 2.9 5 -2.6
v 2.9 5 -2.7
v 2.9 5.1 2.7
v 2.9 5.1 2.6
v 2.9 5.1 2.5
v 2.9 5.1 2.4
v 2.9 5.1 -2.5
v 2.9 5.1 -2.6
v 2.9 5.2 2.7
v 2.9 5.2 2.6
v 2.9 5.2 -2.6
v 2.9 5.2 -2.7
v 2.9 5.3 2.8
v 2.9 5.3 2.7
v 2.9 5.3 2.5
v 2.9 5.3 2.4
v 2.9 5.3 -2.4
v 2.9 5.3 -2.5
v 2.9 5.3 -2.7
v 2.9 5.3 -2.8
v 2.9 5.5 2.8
v 2.9 5.5 2.7
v 2.9 5.5 -2.7
v 2.9 5.5 -2.8
v 3 4.5 2.7
v 3 4.5 2.6
v 3 4.5 -2.6
v 3 4.5 -2.7
v 3 4.7 2.7
v 3 4.7 2.6
v 3 4.7 2.4
v 3 4.7 2.3
v 3 4.7 -2.3
v 3 4.7 -2.4
v 3 4.7 -2.6
v 3 4.7 -2.7
v 3 4.9 2.6
v 3 4.9 2.5
v 3 4.9 -2.3
v 3 4.9 -2.4
v 3 4.9 -2.5
v 3 4.9 -2.6
v 3 5 2.5
v 3 5 2.4
v 3 5 2.3
v 3 5 -2.3
v 3 5 -2.4
v 3 5 -2.5
v 3 5.1 2.6
v 3 5.1 2.5
v 3 5.1 2.4
v 3 5.1 2.3
v 3 5.1 -2.5
v 3 5.1 -2.6
v 3 5.3 2.7
v 3 5.3 2.6
v 3 5.3 2.4
v 3 5.3 2.3
v 3 5.3 -2.3
v 3 5.3 -2.4
v 3 5.3 -2.6
v 3 5.3 -2.7
v 3 5.5 2.7
v 3 5.5 2.6
v 3 5.5 -2.6
v 3 5.5 -2.7
v 3.1 4.5 2.6
v 3.1 4.5 2.5
v 3.1 4.5 -2.5
v 3.1 4.5 -2.6
v 3.1 4.7 2.6
v 3.1 4.7 2.5
v 3.1 4.7 2.3
v 3.1 4.7 2.2
v 3.1 4.7 -2.2
v 3.1 4.7 -2.3
v 3.1 4.7 -2.5
v 3.1 4.7 -2.6
v 3.1 4.9 -2.3
v 3.1 4.9 -2.5
v 3.1 5 2.5
v 3.1 5 2.3
v 3.1 5 -2.3
v 3.1 5 -2.5
v 3.1 5.1 2.5
v 3.1 5.1 2.3
v 3.1 5.3 2.6
v 3.1 5.3 2.5
v 3.1 5.3 2.3
v 3.1 5.3 2.2
v 3.1 5.3 -2.2
v 3.1 5.3 -2.3
v 3.1 5.3 -2.5
v 3.1 5.3 -2.6
v 3.1 5.5 2.6
v 3.1 5.5 2.5
v 3.1 5.5 -2.5
v 3.1 5.5 -2.6
v 3.2 4.5 2.5
v 3.2 4.5 2.4
v 3.2 4.5 -2.4
v 3.2 4.5 -2.5
v 3.2 4.7 2.5
v 3.2 4.7 2.4
v 3.2 4.7 2.2
v 3.2 4.7 2
v 3.2 4.7 -2
v 3.2 4.7 -2.2
v 3.2 4.7 -2.4
v 3.2 4.7 -2.5
v 3.2 5.3 2.5
v 3.2 5.3 2.4
v 3.2 5.3 2.2
v 3.2 5.3 2
v 3.2 5.3 -2
v 3.2 5.3 -2.2
v 3.2 5.3 -2.4
v 3.2 5.3 -2.5
v 3.2 5.5 2.5
v 3.2 5.5 2.4
v 3.2 5.5 -2.4
v 3.2 5.5 -2.5
v 3.3 4.5 2.4
v 3.3 4.5 2.2
v 3.3 4.5 -2.2
v 3.3 4.5 -2.4
v 3.3 4.7 2.4
v 3.3 4.7 2.2
v 3.3 4.7 2
v 3.3 4.7 1.8
v 3.3 4.7 -1.8
v 3.3 4.7 -2
v 3.3 4.7 -2.2
v 3.3 4.7 -2.4
v 3.3 5.3 2.4
v 3.3 5.3 2.2
v 3.3 5.3 2
v 3.3 5.3 1.8
v 3.3 5.3 -1.8
v 3.3 5.3 -2
v 3.3 5.3 -2.2
v 3.3 5.3 -2.4
v 3.3 5.5 2.4
v 3.3 5.5 2.2
v 3.3 5.5 -2.2
v 3.3 5.5 -2.4
v 3.4 4.5 2.2
v 3.4 4.5 2.1
v 3.4 4.5 -2.1
v 3.4 4.5 -2.2
v 3.4 4.7 2.2
v 3.4 4.7 2.1
v 3.4 4.7 1.8
v 3.4 4.7 1.6
v 3.4 4.7 -1.6
v 3.4 4.7 -1.8
v 3.4 4.7 -2.1
v 3.4 4.7 -2.2
v 3.4 5.3 2.2
v 3.4 5.3 2.1
v 3.4 5.3 1.8
v 3.4 5.3 1.6
v 3.4 5.3 -1.6
v 3.4 5.3 -1.8
v 3.4 5.3 -2.1
v 3.4 5.3 -2.2
v 3.4 5.5 2.2
v 3.4 5.5 2.1
v 3.4 5.5 -2.1
v 3.4 5.5 -2.2
v 3.5 4.5 2.1
v 3.5 4.5 1.9
v 3.5 4.5 -1.9
v 3.5 4.5 -2.1
v 3.5 4.7 2.1
v 3.5 4.7 1.9
v 3.5 4.7 1.6
v 3.5 4.7 1.4
v 3.5 4.7 -1.4
v 3.5 4.7 -1.6
v 3.5 4.7 -1.9
v 3.5 4.7 -2.1
v 3.5 5.3 2.1
v 3.5 5.3 1.9
v 3.5 5.3 1.6
v 3.5 5.3 1.4
v 3.5 5.3 -1.4
v 3.5 5.3 -1.6
v 3.5 5.3 -1.9
v 3.5 5.3 -2.1
v 3.5 5.5 2.1
v 3.5 5.5 1.9
v 3.5 5.5 -1.9
v 3.5 5.5 -2.1
v 3.6 4.5 1.9
v 3.6 4.5 1.7
v 3.6 4.5 -1.7
v 3.6 4.5 -1.9
v 3.6 4.7 1.9
v 3.6 4.7 1.7
v 3.6 4.7 1.4
v 3.6 4.7 1.1
v 3.6 4.7 -1.1
v 3.6 4.7 -1.4
v 3.6 4.7 -1.7
v 3.6 4.7 -1.9
v 3.6 5.3 1.9
v 3.6 5.3 1.7
v 3.6 5.3 1.4
v 3.6 5.3 1.1
v 3.6 5.3 -1.1
v 3.6 5.3 -1.4
v 3.6 5.3 -1.7
v 3.6 5.3 -1.9
v 3.6 5.5 1.9
v 3.6 5.5 1.7
v 3.6 5.5 -1.7
v 3.6 5.5 -1.9
v 3.7 4.5 1.7
v 3.7 4.5 1.4
v 3.7 4.5 -1.4
v 3.7 4.5 -1.7
v 3.7 4.7 1.7
v 3.7 4.7 1.4
v 3.7 4.7 1.1
v 3.7 4.7 0.7
v 3.7 4.7 -0.7
v 3.7 4.7 -1.1
v 3.7 4.7 -1.4
v 3.7 4.7 -1.7
v 3.7 5.3 1.7
v 3.7 5.3 1.4
v 3.7 5.3 1.1
v 3.7 5.3 0.7
v 3.7 5.3 -0.7
v 3.7 5.3 -1.1
v 3.7 5.3 -1.4
v 3.7 5.3 -1.7
v 3.7 5.5 1.7
v 3.7 5.5 1.4
v 3.7 5.5 -1.4
v 3.7 5.5 -1.7
v 3.8 4.5 1.4
v 3.8 4.5 1.1
v 3.8 4.5 -1.1
v 3.8 4.5 -1.4
v 3.8 4.7 1.4
v 3.8 4.7 1.1
v 3.8 4.7 0.7
v 3.8 4.7 -0.7
v 3.8 4.7 -1.1
v 3.8 4.7 -1.4
v 3.8 4.8 0.2
v 3.8 4.8 -0.2
v 3.8 4.9 0.5
v 3.8 4.9 0.2
v 3.8 4.9 -0.1
v 3.8 4.9 -0.2
v 3.8 4.9 -0.3
v 3.8 5 0.5
v 3.8 5 0.3
v 3.8 5 0.2
v 3.8 5 0.0999999
v 3.8 5 -0.1
v 3.8 5 -0.2
v 3.8 5 -0.3
v 3.8 5 -0.5
v 3.8 5.1 0.3
v 3.8 5.1 0.2
v 3.8 5.1 0.0999999
v 3.8 5.1 -0.2
v 3.8 5.1 -0.5
v 3.8 5.2 0.2
v 3.8 5.2 -0.2
v 3.8 5.3 1.4
v 3.8 5.3 1.1
v 3.8 5.3 0.7
v 3.8 5.3 -0.7
v 3.8 5.3 -1.1
v 3.8 5.3 -1.4
v 3.8 5.5 1.4
v 3.8 5.5 1.1
v 3.8 5.5 -1.1
v 3.8 5.5 -1.4
v 3.9 4.5 1.1
v 3.9 4.5 0.7
v 3.9 4.5 -0.7
v 3.9 4.5 -1.1
v 3.9 4.7 1.1
v 3.9 4.7 0.7
v 3.9 4.7 -0.7
v 3.9 4.7 -1.1
v 3.9 4.8 0.2
v 3.9 4.8 -0.2
v 3.9 4.9 0.5
v 3.9 4.9 0.2
v 3.9 4.9 -0.1
v 3.9 4.9 -0.2
v 3.9 4.9 -0.3
v 3.9 5 0.5
v 3.9 5 0.3
v 3.9 5 0.2
v 3.9 5 0.0999999
v 3.9 5 -0.1
v 3.9 5 -0.2
v 3.9 5 -0.3
v 3.9 5 -0.5
v 3.9 5.1 0.3
v 3.9 5.1 0.2
v 3.9 5.1 0.0999999
v 3.9 5.1 -0.2
v 3.9 5.1 -0.5
v 3.9 5.2 0.2
v 3.9 5.2 -0.2
v 3.9 5.3 1.1
v 3.9 5.3 0.7
v 3.9 5.3 -0.7
v 3.9 5.3 -1.1
v 3.9 5.5 1.1
v 3.9 5.5 0.7
v 3.9 5.5 -0.7
v 3.9 5.5 -1.1
v 4 4.5 0.7
v 4 4.5 -0.7
v 4 4.7 0.7
v 4 4.7 -0.7
v 4 5.3 0.7
v 4 5.3 -0.7
v 4 5.5 0.7
v 4 5.5 -0.7
v -0.7 4.5 4
v -0.7 4.7 4
v -0.7 5.3 4
v -0.7 5.5 4
v 0.7 4.5 4
v 0.7 4.7 4
v 0.7 5.3 4
v 0.7 5.5 4
v -1.1 4.5 3.9
v -1.1 4.7 3.9
v -1.1 5.3 3.9
v -1.1 5.5 3.9
v -0.7 4.5 3.9
v -0.7 4.7 3.9
v -0.7 5.3 3.9
v -0.7 5.5 3.9
v -0.5 4.9 3.9
v -0.5 5 3.9
v -0.3 5 3.9
v -0.3 5.1 3.9
v -0.2 4.8 3.9
v -0.2 4.9 3.9
v -0.2 5 3.9
v -0.2 5.1 3.9
v -0.2 5.2 3.9
v -0.0999999 5 3.9
v -0.0999999 5.1 3.9
v 0.1 4.9 3.9
v 0.1 5 3.9
v 0.2 4.8 3.9
v 0.2 4.9 3.9
v 0.2 5 3.9
v 0.2 5.1 3.9
v 0.2 5.2 3.9
v 0.3 4.9 3.9
v 0.3 5 3.9
v 0.5 5 3.9
v 0.5 5.1 3.9
v 0.7 4.5 3.9
v 0.7 4.7 3.9
v 0.7 5.3 3.9
v 0.7 5.5 3.9
v 1.1 4.5 3.9
v 1.1 4.7 3.9
v 1.1 5.3 3.9
v 1.1 5.5 3.9
v -1.4 4.5 3.8
v -1.4 4.7 3.8
v -1.4 5.3 3.8
v -1.4 5.5 3.8
v -1.1 4.5 3.8
v -1.1 4.7 3.8
v -1.1 5.3 3.8
v -1.1 5.5 3.8
v -0.7 4.7 3.8
v -0.7 5.3 3.8
v -0.5 4.9 3.8
v -0.5 5 3.8
v -0.3 5 3.8
v -0.3 5.1 3.8
v -0.2 4.8 3.8
v -0.2 4.9 3.8
v -0.2 5 3.8
v -0.2 5.1 3.8
v -0.2 5.2 3.8
v -0.0999999 5 3.8
v -0.0999999 5.1 3.8
v 0.1 4.9 3.8
v 0.1 5 3.8
v 0.2 4.8 3.8
v 0.2 4.9 3.8
v 0.2 5 3.8
v 0.2 5.1 3.8
v 0.2 5.2 3.8
v 0.3 4.9 3.8
v 0.3 5 3.8
v 0.5 5 3.8
v 0.5 5.1 3.8
v 0.7 4.7 3.8
v 0.7 5.3 3.8
v 1.1 4.5 3.8
v 1.1 4.7 3.8
v 1.1 5.3 3.8
v 1.1 5.5 3.8
v 1.4 4.5 3.8
v 1.4 4.7 3.8
v 1.4 5.3 3.8
v 1.4 5.5 3.8
v -1.7 4.5 3.7
v -1.7 4.7 3.7
v -1.7 5.3 3.7
v -1.7 5.5 3.7
v -1.4 4.5 3.7
v -1.4 4.7 3.7
v -1.4 5.3 3.7
v -1.4 5.5 3.7
v -1.1 4.7 3.7
v -1.1 5.3 3.7
v -0.7 4.7 3.7
v -0.7 5.3 3.7
v 0.7 4.7 3.7
v 0.7 5.3 3.7
v 1.1 4.7 3.7
v 1.1 5.3 3.7
v 1.4 4.5 3.7
v 1.4 4.7 3.7
v 1.4 5.3 3.7
v 1.4 5.5 3.7
v 1.7 4.5 3.7
v 1.7 4.7 3.7
v 1.7 5.3 3.7
v 1.7 5.5 3.7
v -1.9 4.5 3.6
v -1.9 4.7 3.6
v -1.9 5.3 3.6
v -1.9 5.5 3.6
v -1.7 4.5 3.6
v -1.7 4.7 3.6
v -1.7 5.3 3.6
v -1.7 5.5 3.6
v -1.4 4.7 3.6
v -1.4 5.3 3.6
v -1.1 4.7 3.6
v -1.1 5.3 3.6
v 1.1 4.7 3.6
v 1.1 5.3 3.6
v 1.4 4.7 3.6
v 1.4 5.3 3.6
v 1.7 4.5 3.6
v 1.7 4.7 3.6
v 1.7 5.3 3.6
v 1.7 5.5 3.6
v 1.9 4.5 3.6
v 1.9 4.7 3.6
v 1.9 5.3 3.6
v 1.9 5.5 3.6
v -2.1 4.5 3.5
v -2.1 4.7 3.5
v -2.1 5.3 3.5
v -2.1 5.5 3.5
v -1.9 4.5 3.5
v -1.9 4.7 3.5
v -1.9 5.3 3.5
v -1.9 5.5 3.5
v -1.6 4.7 3.5
v -1.6 5.3 3.5
v -1.4 4.7 3.5
v -1.4 5.3 3.5
v 1.4 4.7 3.5
v 1.4 5.3 3.5
v 1.6 4.7 3.5
v 1.6 5.3 3.5
v 1.9 4.5 3.5
v 1.9 4.7 3.5
v 1.9 5.3 3.5
v 1.9 5.5 3.5
v 2.1 4.5 3.5
v 2.1 4.7 3.5
v 2.1 5.3 3.5
v 2.1 5.5 3.5
v -2.2 4.5 3.4
v -2.2 4.7 3.4
v -2.2 5.3 3.4
v -2.2 5.5 3.4
v -2.1 4.5 3.4
v -2.1 4.7 3.4
v -2.1 5.3 3.4
v -2.1 5.5 3.4
v -1.8 4.7 3.4
v -1.8 5.3 3.4
v -1.6 4.7 3.4
v -1.6 5.3 3.4
v 1.6 4.7 3.4
v 1.6 5.3 3.4
v 1.8 4.7 3.4
v 1.8 5.3 3.4
v 2.1 4.5 3.4
v 2.1 4.7 3.4
v 2.1 5.3 3.4
v 2.1 5.5 3.4
v 2.2 4.5 3.4
v 2.2 4.7 3.4
v 2.2 5.3 3.4
v 2.2 5.5 3.4
v -2.4 4.5 3.3
v -2.4 4.7 3.3
v -2.4 5.3 3.3
v -2.4 5.5 3.3
v -2.2 4.5 3.3
v -2.2 4.7 3.3
v -2.2 5.3 3.3
v -2.2 5.5 3.3
v -2 4.7 3.3
v -2 5.3 3.3
v -1.8 4.7 3.3
v -1.8 5.3 3.3
v 1.8 4.7 3.3
v 1.8 5.3 3.3
v 2 4.7 3.3
v 2 5.3 3.3
v 2.2 4.5 3.3
v 2.2 4.7 3.3
v 2.2 5.3 3.3
v 2.2 5.5 3.3
v 2.4 4.5 3.3
v 2.4 4.7 3.3
v 2.4 5.3 3.3
v 2.4 5.5 3.3
v -2.5 4.5 3.2
v -2.5 4.7 3.2
v -2.5 5.3 3.2
v -2.5 5.5 3.2
v -2.4 4.5 3.2
v -2.4 4.7 3.2
v -2.4 5.3 3.2
v -2.4 5.5 3.2
v -2.2 4.7 3.2
v -2.2 5.3 3.2
v -2 4.7 3.2
v -2 5.3 3.2
v 2 4.7 3.2
v 2 5.3 3.2
v 2.2 4.7 3.2
v 2.2 5.3 3.2
v 2.4 4.5 3.2
v 2.4 4.7 3.2
v 2.4 5.3 3.2
v 2.4 5.5 3.2
v 2.5 4.5 3.2
v 2.5 4.7 3.2
v 2.5 5.3 3.2
v 2.5 5.5 3.2
v -2.6 4.5 3.1
v -2.6 4.7 3.1
v -2.6 5.3 3.1
v -2.6 5.5 3.1
v -2.5 4.5 3.1
v -2.5 4.7 3.1
v -2.5 5 3.1
v -2.5 5.1 3.1
v -2.5 5.3 3.1
v -2.5 5.5 3.1
v -2.3 4.7 3.1
v -2.3 5 3.1
v -2.3 5.1 3.1
v -2.3 5.3 3.1
v -2.2 4.7 3.1
v -2.2 5.3 3.1
v 2.2 4.7 3.1
v 2.2 5.3 3.1
v 2.3 4.7 3.1
v 2.3 4.9 3.1
v 2.3 5 3.1
v 2.3 5.3 3.1
v 2.5 4.5 3.1
v 2.5 4.7 3.1
v 2.5 4.9 3.1
v 2.5 5 3.1
v 2.5 5.3 3.1
v 2.5 5.5 3.1
v 2.6 4.5 3.1
v 2.6 4.7 3.1
v 2.6 5.3 3.1
v 2.6 5.5 3.1
v -2.7 4.5 3
v -2.7 4.7 3
v -2.7 5.3 3
v -2.7 5.5 3
v -2.6 4.5 3
v -2.6 4.7 3
v -2.6 4.9 3
v -2.6 5.1 3
v -2.6 5.3 3
v -2.6 5.5 3
v -2.5 4.9 3
v -2.5 5 3
v -2.5 5.1 3
v -2.4 4.7 3
v -2.4 5 3
v -2.4 5.1 3
v -2.4 5.3 3
v -2.3 4.7 3
v -2.3 5 3
v -2.3 5.1 3
v -2.3 5.3 3
v 2.3 4.7 3
v 2.3 4.9 3
v 2.3 5 3
v 2.3 5.3 3
v 2.4 4.7 3
v 2.4 4.9 3
v 2.4 5 3
v 2.4 5.3 3
v 2.5 4.9 3
v 2.5 5 3
v 2.5 5.1 3
v 2.6 4.5 3
v 2.6 4.7 3
v 2.6 4.9 3
v 2.6 5.1 3
v 2.6 5.3 3
v 2.6 5.5 3
v 2.7 4.5 3
v 2.7 4.7 3
v 2.7 5.3 3
v 2.7 5.5 3
v -2.8 4.5 2.9
v -2.8 4.7 2.9
v -2.8 5.3 2.9
v -2.8 5.5 2.9
v -2.7 4.5 2.9
v -2.7 4.7 2.9
v -2.7 4.8 2.9
v -2.7 5 2.9
v -2.7 5.1 2.9
v -2.7 5.2 2.9
v -2.7 5.3 2.9
v -2.7 5.5 2.9
v -2.6 4.8 2.9
v -2.6 4.9 2.9
v -2.6 5 2.9
v -2.6 5.1 2.9
v -2.6 5.2 2.9
v -2.5 4.7 2.9
v -2.5 4.9 2.9
v -2.5 5 2.9
v -2.5 5.1 2.9
v -2.5 5.3 2.9
v -2.4 4.7 2.9
v -2.4 5 2.9
v -2.4 5.1 2.9
v -2.4 5.3 2.9
v 2.4 4.7 2.9
v 2.4 4.9 2.9
v 2.4 5 2.9
v 2.4 5.3 2.9
v 2.5 4.7 2.9
v 2.5 4.9 2.9
v 2.5 5 2.9
v 2.5 5.1 2.9
v 2.5 5.3 2.9
v 2.6 4.8 2.9
v 2.6 4.9 2.9
v 2.6 5 2.9
v 2.6 5.1 2.9
v 2.6 5.2 2.9
v 2.7 4.5 2.9
v 2.7 4.7 2.9
v 2.7 4.8 2.9
v 2.7 4.9 2.9
v 2.7 5 2.9
v 2.7 5.2 2.9
v 2.7 5.3 2.9
v 2.7 5.5 2.9
v 2.8 4.5 2.9
v 2.8 4.7 2.9
v 2.8 5.3 2.9
v 2.8 5.5 2.9
v -2.9 4.5 2.8
v -2.9 4.7 2.8
v -2.9 5.3 2.8
v -2.9 5.5 2.8
v -2.8 4.5 2.8
v -2.8 4.7 2.8
v -2.8 4.8 2.8
v -2.8 4.9 2.8
v -2.8 5.1 2.8
v -2.8 5.2 2.8
v -2.8 5.3 2.8
v -2.8 5.5 2.8
v -2.7 4.7 2.8
v -2.7 4.8 2.8
v -2.7 4.9 2.8
v -2.7 5 2.8
v -2.7 5.1 2.8
v -2.7 5.2 2.8
v -2.7 5.3 2.8
v -2.6 4.8 2.8
v -2.6 4.9 2.8
v -2.6 5 2.8
v -2.6 5.1 2.8
v -2.6 5.2 2.8
v -2.5 4.7 2.8
v -2.5 4.9 2.8
v -2.5 5.1 2.8
v -2.5 5.3 2.8
v 2.5 4.7 2.8
v 2.5 4.9 2.8
v 2.5 5.1 2.8
v 2.5 5.3 2.8
v 2.6 4.8 2.8
v 2.6 4.9 2.8
v 2.6 5 2.8
v 2.6 5.1 2.8
v 2.6 5.2 2.8
v 2.7 4.7 2.8
v 2.7 4.8 2.8
v 2.7 4.9 2.8
v 2.7 5 2.8
v 2.7 5.1 2.8
v 2.7 5.2 2.8
v 2.7 5.3 2.8
v 2.8 4.5 2.8
v 2.8 4.7 2.8
v 2.8 4.8 2.8
v 2.8 4.9 2.8
v 2.8 5.1 2.8
v 2.8 5.2 2.8
v 2.8 5.3 2.8
v 2.8 5.5 2.8
v 2.9 4.5 2.8
v 2.9 4.7 2.8
v 2.9 5.3 2.8
v 2.9 5.5 2.8
v -3 4.5 2.7
v -3 4.7 2.7
v -3 5.3 2.7
v -3 5.5 2.7
v -2.9 4.5 2.7
v -2.9 4.7 2.7
v -2.9 4.8 2.7
v -2.9 4.9 2.7
v -2.9 5 2.7
v -2.9 5.2 2.7
v -2.9 5.3 2.7
v -2.9 5.5 2.7
v -2.8 4.7 2.7
v -2.8 4.8 2.7
v -2.8 4.9 2.7
v -2.8 5 2.7
v -2.8 5.1 2.7
v -2.8 5.2 2.7
v -2.8 5.3 2.7
v -2.7 4.7 2.7
v -2.7 4.8 2.7
v -2.7 4.9 2.7
v -2.7 5.1 2.7
v -2.7 5.2 2.7
v -2.7 5.3 2.7
v 2.7 4.7 2.7
v 2.7 4.8 2.7
v 2.7 4.9 2.7
v 2.7 5.1 2.7
v 2.7 5.2 2.7
v 2.7 5.3 2.7
v 2.8 4.7 2.7
v 2.8 4.8 2.7
v 2.8 4.9 2.7
v 2.8 5 2.7
v 2.8 5.1 2.7
v 2.8 5.2 2.7
v 2.8 5.3 2.7
v 2.9 4.5 2.7
v 2.9 4.7 2.7
v 2.9 4.8 2.7
v 2.9 5 2.7
v 2.9 5.1 2.7
v 2.9 5.2 2.7
v 2.9 5.3 2.7
v 2.9 5.5 2.7
v 3 4.5 2.7
v 3 4.7 2.7
v 3 5.3 2.7
v 3 5.5 2.7
v -3.1 4.5 2.6
v -3.1 4.7 2.6
v -3.1 5.3 2.6
v -3.1 5.5 2.6
v -3 4.5 2.6
v -3 4.7 2.6
v -3 4.9 2.6
v -3 5.1 2.6
v -3 5.3 2.6
v -3 5.5 2.6
v -2.9 4.9 2.6
v -2.9 5 2.6
v -2.9 5.1 2.6
v -2.8 4.9 2.6
v -2.8 5 2.6
v 2.8 5 2.6
v 2.8 5.1 2.6
v 2.9 4.9 2.6
v 2.9 5 2.6
v 2.9 5.1 2.6
v 3 4.5 2.6
v 3 4.7 2.6
v 3 4.9 2.6
v 3 5.1 2.6
v 3 5.3 2.6
v 3 5.5 2.6
v 3.1 4.5 2.6
v 3.1 4.7 2.6
v 3.1 5.3 2.6
v 3.1 5.5 2.6
v -3.2 4.5 2.5
v -3.2 4.7 2.5
v -3.2 5.3 2.5
v -3.2 5.5 2.5
v -3.1 4.5 2.5
v -3.1 4.7 2.5
v -3.1 4.9 2.5
v -3.1 5 2.5
v -3.1 5.3 2.5
v -3.1 5.5 2.5
v -3 4.9 2.5
v -3 5 2.5
v -2.9 4.7 2.5
v -2.9 4.9 2.5
v -2.9 5.1 2.5
v -2.9 5.3 2.5
v -2.8 4.7 2.5
v -2.8 4.9 2.5
v -2.8 5.1 2.5
v -2.8 5.3 2.5
v 2.8 4.7 2.5
v 2.8 4.9 2.5
v 2.8 5.1 2.5
v 2.8 5.3 2.5
v 2.9 4.7 2.5
v 2.9 4.9 2.5
v 2.9 5.1 2.5
v 2.9 5.3 2.5
v 3 5 2.5
v 3 5.1 2.5
v 3.1 4.5 2.5
v 3.1 4.7 2.5
v 3.1 5 2.5
v 3.1 5.1 2.5
v 3.1 5.3 2.5
v 3.1 5.5 2.5
v 3.2 4.5 2.5
v 3.2 4.7 2.5
v 3.2 5.3 2.5
v 3.2 5.5 2.5
v -3.3 4.5 2.4
v -3.3 4.7 2.4
v -3.3 5.3 2.4
v -3.3 5.5 2.4
v -3.2 4.5 2.4
v -3.2 4.7 2.4
v -3.2 5.3 2.4
v -3.2 5.5 2.4
v -3 4.7 2.4
v -3 4.9 2.4
v -3 5 2.4
v -3 5.3 2.4
v -2.9 4.7 2.4
v -2.9 4.9 2.4
v -2.9 5 2.4
v -2.9 5.3 2.4
v 2.9 4.7 2.4
v 2.9 5 2.4
v 2.9 5.1 2.4
v 2.9 5.3 2.4
v 3 4.7 2.4
v 3 5 2.4
v 3 5.1 2.4
v 3 5.3 2.4
v 3.2 4.5 2.4
v 3.2 4.7 2.4
v 3.2 5.3 2.4
v 3.2 5.5 2.4
v 3.3 4.5 2.4
v 3.3 4.7 2.4
v 3.3 5.3 2.4
v 3.3 5.5 2.4
v -3.1 4.7 2.3
v -3.1 4.9 2.3
v -3.1 5 2.3
v -3.1 5.3 2.3
v -3 4.7 2.3
v -3 4.9 2.3
v -3 5 2.3
v -3 5.3 2.3
v 3 4.7 2.3
v 3 5 2.3
v 3 5.1 2.3
v 3 5.3 2.3
v 3.1 4.7 2.3
v 3.1 5 2.3
v 3.1 5.1 2.3
v 3.1 5.3 2.3
v -3.4 4.5 2.2
v -3.4 4.7 2.2
v -3.4 5.3 2.2
v -3.4 5.5 2.2
v -3.3 4.5 2.2
v -3.3 4.7 2.2
v -3.3 5.3 2.2
v -3.3 5.5 2.2
v -3.2 4.7 2.2
v -3.2 5.3 2.2
v -3.1 4.7 2.2
v -3.1 5.3 2.2
v 3.1 4.7 2.2
v 3.1 5.3 2.2
v 3.2 4.7 2.2
v 3.2 5.3 2.2
v 3.3 4.5 2.2
v 3.3 4.7 2.2
v 3.3 5.3 2.2
v 3.3 5.5 2.2
v 3.4 4.5 2.2
v 3.4 4.7 2.2
v 3.4 5.3 2.2
v 3.4 5.5 2.2
v -3.5 4.5 2.1
v -3.5 4.7 2.1
v -3.5 5.3 2.1
v -3.5 5.5 2.1
v -3.4 4.5 2.1
v -3.4 4.7 2.1
v -3.4 5.3 2.1
v -3.4 5.5 2.1
v 3.4 4.5 2.1
v 3.4 4.7 2.1
v 3.4 5.3 2.1
v 3.4 5.5 2.1
v 3.5 4.5 2.1
v 3.5 4.7 2.1
v 3.5 5.3 2.1
v 3.5 5.5 2.1
v -3.3 4.7 2
v -3.3 5.3 2
v -3.2 4.7 2
v -3.2 5.3 2
v 3.2 4.7 2
v 3.2 5.3 2
v 3.3 4.7 2
v 3.3 5.3 2
v -3.6 4.5 1.9
v -3.6 4.7 1.9
v -3.6 5.3 1.9
v -3.6 5.5 1.9
v -3.5 4.5 1.9
v -3.5 4.7 1.9
v -3.5 5.3 1.9
v -3.5 5.5 1.9
v 3.5 4.5 1.9
v 3.5 4.7 1.9
v 3.5 5.3 1.9
v 3.5 5.5 1.9
v 3.6 4.5 1.9
v 3.6 4.7 1.9
v 3.6 5.3 1.9
v 3.6 5.5 1.9
v -3.4 4.7 1.8
v -3.4 5.3 1.8
v -3.3 4.7 1.8
v -3.3 5.3 1.8
v 3.3 4.7 1.8
v 3.3 5.3 1.8
v 3.4 4.7 1.8
v 3.4 5.3 1.8
v -3.7 4.5 1.7
v -3.7 4.7 1.7
v -3.7 5.3 1.7
v -3.7 5.5 1.7
v -3.6 4.5 1.7
v -3.6 4.7 1.7
v -3.6 5.3 1.7
v -3.6 5.5 1.7
v 3.6 4.5 1.7
v 3.6 4.7 1.7
v 3.6 5.3 1.7
v 3.6 5.5 1.7
v 3.7 4.5 1.7
v 3.7 4.7 1.7
v 3.7 5.3 1.7
v 3.7 5.5 1.7
v -3.5 4.7 1.6
v -3.5 5.3 1.6
v -3.4 4.7 1.6
v -3.4 5.3 1.6
v 3.4 4.7 1.6
v 3.4 5.3 1.6
v 3.5 4.7 1.6
v 3.5 5.3 1.6
v -3.8 4.5 1.4
v -3.8 4.7 1.4
v -3.8 5.3 1.4
v -3.8 5.5 1.4
v -3.7 4.5 1.4
v -3.7 4.7 1.4
v -3.7 5.3 1.4
v -3.7 5.5 1.4
v -3.6 4.7 1.4
v -3.6 5.3 1.4
v -3.5 4.7 1.4
v -3.5 5.3 1.4
v 3.5 4.7 1.4
v 3.5 5.3 1.4
v 3.6 4.7 1.4
v 3.6 5.3 1.4
v 3.7 4.5 1.4
v 3.7 4.7 1.4
v 3.7 5.3 1.4
v 3.7 5.5 1.4
v 3.8 4.5 1.4
v 3.8 4.7 1.4
v 3.8 5.3 1.4
v 3.8 5.5 1.4
v -3.9 4.5 1.1
v -3.9 4.7 1.1
v -3.9 5.3 1.1
v -3.9 5.5 1.1
v -3.8 4.5 1.1
v -3.8 4.7 1.1
v -3.8 5.3 1.1
v -3.8 5.5 1.1
v -3.7 4.7 1.1
v -3.7 5.3 1.1
v -3.6 4.7 1.1
v -3.6 5.3 1.1
v 3.6 4.7 1.1
v 3.6 5.3 1.1
v 3.7 4.7 1.1
v 3.7 5.3 1.1
v 3.8 4.5 1.1
v 3.8 4.7 1.1
v 3.8 5.3 1.1
v 3.8 5.5 1.1
v 3.9 4.5 1.1
v 3.9 4.7 1.1
v 3.9 5.3 1.1
v 3.9 5.5 1.1
v -4 4.5 0.7
v -4 4.7 0.7
v -4 5.3 0.7
v -4 5.5 0.7
v -3.9 4.5 0.7
v -3.9 4.7 0.7
v -3.9 5.3 0.7
v -3.9 5.5 0.7
v -3.8 4.7 0.7
v -3.8 5.3 0.7
v -3.7 4.7 0.7
v -3.7 5.3 0.7
v 3.7 4.7 0.7
v 3.7 5.3 0.7
v 3.8 4.7 0.7
v 3.8 5.3 0.7
v 3.9 4.5 0.7
v 3.9 4.7 0.7
v 3.9 5.3 0.7
v 3.9 5.5 0.7
v 4 4.5 0.7
v 4 4.7 0.7
v 4 5.3 0.7
v 4 5.5 0.7
v -3.9 5 0.5
v -3.9 5.1 0.5
v -3.8 5 0.5
v -3.8 5.1 0.5
v 3.8 4.9 0.5
v 3.8 5 0.5
v 3.9 4.9 0.5
v 3.9 5 0.5
v -3.9 4.9 0.3
v -3.9 5 0.3
v -3.8 4.9 0.3
v -3.8 5 0.3
v 3.8 5 0.3
v 3.8 5.1 0.3
v 3.9 5 0.3
v 3.9 5.1 0.3
v -3.9 4.8 0.2
v -3.9 4.9 0.2
v -3.9 5.1 0.2
v -3.9 5.2 0.2
v -3.8 4.8 0.2
v -3.8 4.9 0.2
v -3.8 5.1 0.2
v -3.8 5.2 0.2
v 3.8 4.8 0.2
v 3.8 4.9 0.2
v 3.8 5.1 0.2
v 3.8 5.2 0.2
v 3.9 4.8 0.2
v 3.9 4.9 0.2
v 3.9 5.1 0.2
v 3.9 5.2 0.2
v -3.9 5 -0.1
v -3.9 5.1 -0.1
v -3.8 5 -0.1
v -3.8 5.1 -0.1
v 3.8 4.9 -0.1
v 3.8 5 -0.1
v 3.9 4.9 -0.1
v 3.9 5 -0.1
v -3.9 4.9 -0.2
v -3.9 5 -0.2
v -3.8 4.9 -0.2
v -3.8 5 -0.2
v 3.8 5 -0.2
v 3.8 5.1 -0.2
v 3.9 5 -0.2
v 3.9 5.1 -0.2
v -3.6 4.5 -0.6
v -3.6 5.5 -0.6
v -3.5 4.5 -0.6
v -3.5 5.5 -0.6
v 3.5 4.5 -0.6
v 3.5 5.5 -0.6
v 3.6 4.5 -0.6
v 3.6 5.5 -0.6
v -3.5 4.5 -1.1
v -3.5 5.5 -1.1
v -3.4 4.5 -1.1
v -3.4 5.5 -1.1
v 3.4 4.5 -1.1
v 3.4 5.5 -1.1
v 3.5 4.5 -1.1
v 3.5 5.5 -1.1
v -3.4 4.5 -1.4
v -3.4 5.5 -1.4
v -3.3 4.5 -1.4
v -3.3 5.5 -1.4
v 3.3 4.5 -1.4
v 3.3 5.5 -1.4
v 3.4 4.5 -1.4
v 3.4 5.5 -1.4
v -3.3 4.5 -1.6
v -3.3 5.5 -1.6
v -3.2 4.5 -1.6
v -3.2 5.5 -1.6
v 3.2 4.5 -1.6
v 3.2 5.5 -1.6
v 3.3 4.5 -1.6
v 3.3 5.5 -1.6
v -3.2 4.5 -1.8
v -3.2 5.5 -1.8
v -3.1 4.5 -1.8
v -3.1 5.5 -1.8
v 3.1 4.5 -1.8
v 3.1 5.5 -1.8
v 3.2 4.5 -1.8
v 3.2 5.5 -1.8
v -3.1 4.5 -1.9
v -3.1 5.5 -1.9
v -3 4.5 -1.9
v -3 5.5 -1.9
v 3 4.5 -1.9
v 3 5.5 -1.9
v 3.1 4.5 -1.9
v 3.1 5.5 -1.9
v -3 4.5 -2.1
v -3 5.5 -2.1
v -2.9 4.5 -2.1
v -2.9 5.5 -2.1
v 2.9 4.5 -2.1
v 2.9 5.5 -2.1
v 3 4.5 -2.1
v 3 5.5 -2.1
v -2.9 4.5 -2.2
v -2.9 5.5 -2.2
v -2.8 4.5 -2.2
v -2.8 5.5 -2.2
v 2.8 4.5 -2.2
v 2.8 5.5 -2.2
v 2.9 4.5 -2.2
v 2.9 5.5 -2.2
v -2.8 4.5 -2.4
v -2.8 5.5 -2.4
v -2.7 4.5 -2.4
v -2.7 5.5 -2.4
v 2.7 4.5 -2.4
v 2.7 5.5 -2.4
v 2.8 4.5 -2.4
v 2.8 5.5 -2.4
v -3 4.9 -2.5
v -3 5 -2.5
v -2.9 4.9 -2.5
v -2.9 5 -2.5
v -2.7 4.5 -2.5
v -2.7 5.5 -2.5
v -2.6 4.5 -2.5
v -2.6 5.5 -2.5
v 2.6 4.5 -2.5
v 2.6 5.5 -2.5
v 2.7 4.5 -2.5
v 2.7 5.5 -2.5
v 2.9 5 -2.5
v 2.9 5.1 -2.5
v 3 5 -2.5
v 3 5.1 -2.5
v -2.9 4.8 -2.6
v -2.9 4.9 -2.6
v -2.9 5.1 -2.6
v -2.9 5.2 -2.6
v -2.8 4.8 -2.6
v -2.8 4.9 -2.6
v -2.8 5.1 -2.6
v -2.8 5.2 -2.6
v -2.6 4.5 -2.6
v -2.6 5.5 -2.6
v -2.5 4.5 -2.6
v -2.5 5.5 -2.6
v 2.5 4.5 -2.6
v 2.5 5.5 -2.6
v 2.6 4.5 -2.6
v 2.6 5.5 -2.6
v 2.8 4.8 -2.6
v 2.8 4.9 -2.6
v 2.8 5.1 -2.6
v 2.8 5.2 -2.6
v 2.9 4.8 -2.6
v 2.9 4.9 -2.6
v 2.9 5.1 -2.6
v 2.9 5.2 -2.6
v -2.5 4.5 -2.7
v -2.5 5.5 -2.7
v -2.4 4.5 -2.7
v -2.4 5.5 -2.7
v 2.4 4.5 -2.7
v 2.4 5.5 -2.7
v 2.5 4.5 -2.7
v 2.5 5.5 -2.7
v -2.4 4.5 -2.8
v -2.4 5.5 -2.8
v -2.2 4.5 -2.8
v -2.2 5.5 -2.8
v 2.2 4.5 -2.8
v 2.2 5.5 -2.8
v 2.4 4.5 -2.8
v 2.4 5.5 -2.8
v -2.2 4.5 -2.9
v -2.2 5.5 -2.9
v -2.1 4.5 -2.9
v -2.1 5.5 -2.9
v 2.1 4.5 -2.9
v 2.1 5.5 -2.9
v 2.2 4.5 -2.9
v 2.2 5.5 -2.9
v -2.1 4.5 -3
v -2.1 5.5 -3
v -1.9 4.5 -3
v -1.9 5.5 -3
v 1.9 4.5 -3
v 1.9 5.5 -3
v 2.1 4.5 -3
v 2.1 5.5 -3
v -1.9 4.5 -3.1
v -1.9 5.5 -3.1
v -1.8 4.5 -3.1
v -1.8 5.5 -3.1
v 1.8 4.5 -3.1
v 1.8 5.5 -3.1
v 1.9 4.5 -3.1
v 1.9 5.5 -3.1
v -1.8 4.5 -3.2
v -1.8 5.5 -3.2
v -1.6 4.5 -3.2
v -1.6 5.5 -3.2
v 1.6 4.5 -3.2
v 1.6 5.5 -3.2
v 1.8 4.5 -3.2
v 1.8 5.5 -3.2
v -1.6 4.5 -3.3
v -1.6 5.5 -3.3
v -1.4 4.5 -3.3
v -1.4 5.5 -3.3
v 1.4 4.5 -3.3
v 1.4 5.5 -3.3
v 1.6 4.5 -3.3
v 1.6 5.5 -3.3
v -1.4 4.5 -3.4
v -1.4 5.5 -3.4
v -1.1 4.5 -3.4
v -1.1 5.5 -3.4
v 1.1 4.5 -3.4
v 1.1 5.5 -3.4
v 1.4 4.5 -3.4
v 1.4 5.5 -3.4
v -1.1 4.5 -3.5
v -1.1 5.5 -3.5
v -0.6 4.5 -3.5
v -0.6 5.5 -3.5
v 0.6 4.5 -3.5
v 0.6 5.5 -3.5
v 1.1 4.5 -3.5
v 1.1 5.5 -3.5
v -0.6 4.5 -3.6
v -0.6 5.5 -3.6
v 0.6 4.5 -3.6
v 0.6 5.5 -3.6
v -0.6 4.5 3.6
v -0.6 5.5 3.6
v 0.6 4.5 3.6
v 0.6 5.5 3.6
v -1.1 4.5 3.5
v -1.1 5.5 3.5
v -0.6 4.5 3.5
v -0.6 5.5 3.5
v 0.6 4.5 3.5
v 0.6 5.5 3.5
v 1.1 4.5 3.5
v 1.1 5.5 3.5
v -1.4 4.5 3.4
v -1.4 5.5 3.4
v -1.1 4.5 3.4
v -1.1 5.5 3.4
v 1.1 4.5 3.4
v 1.1 5.5 3.4
v 1.4 4.5 3.4
v 1.4 5.5 3.4
v -1.6 4.5 3.3
v -1.6 5.5 3.3
v -1.4 4.5 3.3
v -1.4 5.5 3.3
v 1.4 4.5 3.3
v 1.4 5.5 3.3
v 1.6 4.5 3.3
v 1.6 5.5 3.3
v -1.8 4.5 3.2
v -1.8 5.5 3.2
v -1.6 4.5 3.2
v -1.6 5.5 3.2
v 1.6 4.5 3.2
v 1.6 5.5 3.2
v 1.8 4.5 3.2
v 1.8 5.5 3.2
v -1.9 4.5 3.1
v -1.9 5.5 3.1
v -1.8 4.5 3.1
v -1.8 5.5 3.1
v 1.8 4.5 3.1
v 1.8 5.5 3.1
v 1.9 4.5 3.1
v 1.9 5.5 3.1
v -2.1 4.5 3
v -2.1 5.5 3
v -1.9 4.5 3
v -1.9 5.5 3
v 1.9 4.5 3
v 1.9 5.5 3
v 2.1 4.5 3
v 2.1 5.5 3
v -2.2 4.5 2.9
v -2.2 5.5 2.9
v -2.1 4.5 2.9
v -2.1 5.5 2.9
v 2.1 4.5 2.9
v 2.1 5.5 2.9
v 2.2 4.5 2.9
v 2.2 5.5 2.9
v -2.4 4.5 2.8
v -2.4 5.5 2.8
v -2.2 4.5 2.8
v -2.2 5.5 2.8
v 2.2 4.5 2.8
v 2.2 5.5 2.8
v 2.4 4.5 2.8
v 2.4 5.5 2.8
v -2.5 4.5 2.7
v -2.5 5.5 2.7
v -2.4 4.5 2.7
v -2.4 5.5 2.7
v 2.4 4.5 2.7
v 2.4 5.5 2.7
v 2.5 4.5 2.7
v 2.5 5.5 2.7
v -2.9 4.8 2.6
v -2.9 4.9 2.6
v -2.9 5.1 2.6
v -2.9 5.2 2.6
v -2.8 4.8 2.6
v -2.8 4.9 2.6
v -2.8 5.1 2.6
v -2.8 5.2 2.6
v -2.6 4.5 2.6
v -2.6 5.5 2.6
v -2.5 4.5 2.6
v -2.5 5.5 2.6
v 2.5 4.5 2.6
v 2.5 5.5 2.6
v 2.6 4.5 2.6
v 2.6 5.5 2.6
v 2.8 4.8 2.6
v 2.8 4.9 2.6
v 2.8 5.1 2.6
v 2.8 5.2 2.6
v 2.9 4.8 2.6
v 2.9 4.9 2.6
v 2.9 5.1 2.6
v 2.9 5.2 2.6
v -3 5 2.5
v -3 5.1 2.5
v -2.9 5 2.5
v -2.9 5.1 2.5
v -2.7 4.5 2.5
v -2.7 5.5 2.5
v -2.6 4.5 2.5
v -2.6 5.5 2.5
v 2.6 4.5 2.5
v 2.6 5.5 2.5
v 2.7 4.5 2.5
v 2.7 5.5 2.5
v 2.9 4.9 2.5
v 2.9 5 2.5
v 3 4.9 2.5
v 3 5 2.5
v -2.8 4.5 2.4
v -2.8 5.5 2.4
v -2.7 4.5 2.4
v -2.7 5.5 2.4
v 2.7 4.5 2.4
v 2.7 5.5 2.4
v 2.8 4.5 2.4
v 2.8 5.5 2.4
v -2.9 4.5 2.2
v -2.9 5.5 2.2
v -2.8 4.5 2.2
v -2.8 5.5 2.2
v 2.8 4.5 2.2
v 2.8 5.5 2.2
v 2.9 4.5 2.2
v 2.9 5.5 2.2
v -3 4.5 2.1
v -3 5.5 2.1
v -2.9 4.5 2.1
v -2.9 5.5 2.1
v 2.9 4.5 2.1
v 2.9 5.5 2.1
v 3 4.5 2.1
v 3 5.5 2.1
v -3.1 4.5 1.9
v -3.1 5.5 1.9
v -3 4.5 1.9
v -3 5.5 1.9
v 3 4.5 1.9
v 3 5.5 1.9
v 3.1 4.5 1.9
v 3.1 5.5 1.9
v -3.2 4.5 1.8
v -3.2 5.5 1.8
v -3.1 4.5 1.8
v -3.1 5.5 1.8
v 3.1 4.5 1.8
v 3.1 5.5 1.8
v 3.2 4.5 1.8
v 3.2 5.5 1.8
v -3.3 4.5 1.6
v -3.3 5.5 1.6
v -3.2 4.5 1.6
v -3.2 5.5 1.6
v 3.2 4.5 1.6
v 3.2 5.5 1.6
v 3.3 4.5 1.6
v 3.3 5.5 1.6
v -3.4 4.5 1.4
v -3.4 5.5 1.4
v -3.3 4.5 1.4
v -3.3 5.5 1.4
v 3.3 4.5 1.4
v 3.3 5.5 1.4
v 3.4 4.5 1.4
v 3.4 5.5 1.4
v -3.5 4.5 1.1
v -3.5 5.5 1.1
v -3.4 4.5 1.1
v -3.4 5.5 1.1
v 3.4 4.5 1.1
v 3.4 5.5 1.1
v 3.5 4.5 1.1
v 3.5 5.5 1.1
v -3.6 4.5 0.6
v -3.6 5.5 0.6
v -3.5 4.5 0.6
v -3.5 5.5 0.6
v 3.5 4.5 0.6
v 3.5 5.5 0.6
v 3.6 4.5 0.6
v 3.6 5.5 0.6
v -3.9 5 0.2
v -3.9 5.1 0.2
v -3.8 5 0.2
v -3.8 5.1 0.2
v 3.8 4.9 0.2
v 3.8 5 0.2
v 3.9 4.9 0.2
v 3.9 5 0.2
v -3.9 4.9 0.0999999
v -3.9 5 0.0999999
v -3.8 4.9 0.0999999
v -3.8 5 0.0999999
v 3.8 5 0.0999999
v 3.8 5.1 0.0999999
v 3.9 5 0.0999999
v 3.9 5.1 0.0999999
v -3.9 4.8 -0.2
v -3.9 4.9 -0.2
v -3.9 5.1 -0.2
v -3.9 5.2 -0.2
v -3.8 4.8 -0.2
v -3.8 4.9 -0.2
v -3.8 5.1 -0.2
v -3.8 5.2 -0.2
v 3.8 4.8 -0.2
v 3.8 4.9 -0.2
v 3.8 5.1 -0.2
v 3.8 5.2 -0.2
v 3.9 4.8 -0.2
v 3.9 4.9 -0.2
v 3.9 5.1 -0.2
v 3.9 5.2 -0.2
v -3.9 5 -0.3
v -3.9 5.1 -0.3
v -3.8 5 -0.3
v -3.8 5.1 -0.3
v 3.8 4.9 -0.3
v 3.8 5 -0.3
v 3.9 4.9 -0.3
v 3.9 5 -0.3
v -3.9 4.9 -0.5
v -3.9 5 -0.5
v -3.8 4.9 -0.5
v -3.8 5 -0.5
v 3.8 5 -0.5
v 3.8 5.1 -0.5
v 3.9 5 -0.5
v 3.9 5.1 -0.5
v -4 4.5 -0.7
v -4 4.7 -0.7
v -4 5.3 -0.7
v -4 5.5 -0.7
v -3.9 4.5 -0.7
v -3.9 4.7 -0.7
v -3.9 5.3 -0.7
v -3.9 5.5 -0.7
v -3.8 4.7 -0.7
v -3.8 5.3 -0.7
v -3.7 4.7 -0.7
v -3.7 5.3 -0.7
v 3.7 4.7 -0.7
v 3.7 5.3 -0.7
v 3.8 4.7 -0.7
v 3.8 5.3 -0.7
v 3.9 4.5 -0.7
v 3.9 4.7 -0.7
v 3.9 5.3 -0.7
v 3.9 5.5 -0.7
v 4 4.5 -0.7
v 4 4.7 -0.7
v 4 5.3 -0.7
v 4 5.5 -0.7
v -3.9 4.5 -1.1
v -3.9 4.7 -1.1
v -3.9 5.3 -1.1
v -3.9 5.5 -1.1
v -3.8 4.5 -1.1
v -3.8 4.7 -1.1
v -3.8 5.3 -1.1
v -3.8 5.5 -1.1
v -3.7 4.7 -1.1
v -3.7 5.3 -1.1
v -3.6 4.7 -1.1
v -3.6 5.3 -1.1
v 3.6 4.7 -1.1
v 3.6 5.3 -1.1
v 3.7 4.7 -1.1
v 3.7 5.3 -1.1
v 3.8 4.5 -1.1
v 3.8 4.7 -1.1
v 3.8 5.3 -1.1
v 3.8 5.5 -1.1
v 3.9 4.5 -1.1
v 3.9 4.7 -1.1
v 3.9 5.3 -1.1
v 3.9 5.5 -1.1
v -3.8 4.5 -1.4
v -3.8 4.7 -1.4
v -3.8 5.3 -1.4
v -3.8 5.5 -1.4
v -3.7 4.5 -1.4
v -3.7 4.7 -1.4
v -3.7 5.3 -1.4
v -3.7 5.5 -1.4
v -3.6 4.7 -1.4
v -3.6 5.3 -1.4
v -3.5 4.7 -1.4
v -3.5 5.3 -1.4
v 3.5 4.7 -1.4
v 3.5 5.3 -1.4
v 3.6 4.7 -1.4
v 3.6 5.3 -1.4
v 3.7 4.5 -1.4
v 3.7 4.7 -1.4
v 3.7 5.3 -1.4
v 3.7 5.5 -1.4
v 3.8 4.5 -1.4
v 3.8 4.7 -1.4
v 3.8 5.3 -1.4
v 3.8 5.5 -1.4
v -3.5 4.7 -1.6
v -3.5 5.3 -1.6
v -3.4 4.7 -1.6
v -3.4 5.3 -1.6
v 3.4 4.7 -1.6
v 3.4 5.3 -1.6
v 3.5 4.7 -1.6
v 3.5 5.3 -1.6
v -3.7 4.5 -1.7
v -3.7 4.7 -1.7
v -3.7 5.3 -1.7
v -3.7 5.5 -1.7
v -3.6 4.5 -1.7
v -3.6 4.7 -1.7
v -3.6 5.3 -1.7
v -3.6 5.5 -1.7
v 3.6 4.5 -1.7
v 3.6 4.7 -1.7
v 3.6 5.3 -1.7
v 3.6 5.5 -1.7
v 3.7 4.5 -1.7
v 3.7 4.7 -1.7
v 3.7 5.3 -1.7
v 3.7 5.5 -1.7
v -3.4 4.7 -1.8
v -3.4 5.3 -1.8
v -3.3 4.7 -1.8
v -3.3 5.3 -1.8
v 3.3 4.7 -1.8
v 3.3 5.3 -1.8
v 3.4 4.7 -1.8
v 3.4 5.3 -1.8
v -3.6 4.5 -1.9
v -3.6 4.7 -1.9
v -3.6 5.3 -1.9
v -3.6 5.5 -1.9
v -3.5 4.5 -1.9
v -3.5 4.7 -1.9
v -3.5 5.3 -1.9
v -3.5 5.5 -1.9
v 3.5 4.5 -1.9
v 3.5 4.7 -1.9
v 3.5 5.3 -1.9
v 3.5 5.5 -1.9
v 3.6 4.5 -1.9
v 3.6 4.7 -1.9
v 3.6 5.3 -1.9
v 3.6 5.5 -1.9
v -3.3 4.7 -2
v -3.3 5.3 -2
v -3.2 4.7 -2
v -3.2 5.3 -2
v 3.2 4.7 -2
v 3.2 5.3 -2
v 3.3 4.7 -2
v 3.3 5.3 -2
v -3.5 4.5 -2.1
v -3.5 4.7 -2.1
v -3.5 5.3 -2.1
v -3.5 5.5 -2.1
v -3.4 4.5 -2.1
v -3.4 4.7 -2.1
v -3.4 5.3 -2.1
v -3.4 5.5 -2.1
v 3.4 4.5 -2.1
v 3.4 4.7 -2.1
v 3.4 5.3 -2.1
v 3.4 5.5 -2.1
v 3.5 4.5 -2.1
v 3.5 4.7 -2.1
v 3.5 5.3 -2.1
v 3.5 5.5 -2.1
v -3.4 4.5 -2.2
v -3.4 4.7 -2.2
v -3.4 5.3 -2.2
v -3.4 5.5 -2.2
v -3.3 4.5 -2.2
v -3.3 4.7 -2.2
v -3.3 5.3 -2.2
v -3.3 5.5 -2.2
v -3.2 4.7 -2.2
v -3.2 5.3 -2.2
v -3.1 4.7 -2.2
v -3.1 5.3 -2.2
v 3.1 4.7 -2.2
v 3.1 5.3 -2.2
v 3.2 4.7 -2.2
v 3.2 5.3 -2.2
v 3.3 4.5 -2.2
v 3.3 4.7 -2.2
v 3.3 5.3 -2.2
v 3.3 5.5 -2.2
v 3.4 4.5 -2.2
v 3.4 4.7 -2.2
v 3.4 5.3 -2.2
v 3.4 5.5 -2.2
v -3.1 4.7 -2.3
v -3.1 5 -2.3
v -3.1 5.1 -2.3
v -3.1 5.3 -2.3
v -3 4.7 -2.3
v -3 5 -2.3
v -3 5.1 -2.3
v -3 5.3 -2.3
v 3 4.7 -2.3
v 3 4.9 -2.3
v 3 5 -2.3
v 3 5.3 -2.3
v 3.1 4.7 -2.3
v 3.1 4.9 -2.3
v 3.1 5 -2.3
v 3.1 5.3 -2.3
v -3.3 4.5 -2.4
v -3.3 4.7 -2.4
v -3.3 5.3 -2.4
v -3.3 5.5 -2.4
v -3.2 4.5 -2.4
v -3.2 4.7 -2.4
v -3.2 5.3 -2.4
v -3.2 5.5 -2.4
v -3 4.7 -2.4
v -3 5 -2.4
v -3 5.1 -2.4
v -3 5.3 -2.4
v -2.9 4.7 -2.4
v -2.9 5 -2.4
v -2.9 5.1 -2.4
v -2.9 5.3 -2.4
v 2.9 4.7 -2.4
v 2.9 4.9 -2.4
v 2.9 5 -2.4
v 2.9 5.3 -2.4
v 3 4.7 -2.4
v 3 4.9 -2.4
v 3 5 -2.4
v 3 5.3 -2.4
v 3.2 4.5 -2.4
v 3.2 4.7 -2.4
v 3.2 5.3 -2.4
v 3.2 5.5 -2.4
v 3.3 4.5 -2.4
v 3.3 4.7 -2.4
v 3.3 5.3 -2.4
v 3.3 5.5 -2.4
v -3.2 4.5 -2.5
v -3.2 4.7 -2.5
v -3.2 5.3 -2.5
v -3.2 5.5 -2.5
v -3.1 4.5 -2.5
v -3.1 4.7 -2.5
v -3.1 5 -2.5
v -3.1 5.1 -2.5
v -3.1 5.3 -2.5
v -3.1 5.5 -2.5
v -3 5 -2.5
v -3 5.1 -2.5
v -2.9 4.7 -2.5
v -2.9 4.9 -2.5
v -2.9 5.1 -2.5
v -2.9 5.3 -2.5
v -2.8 4.7 -2.5
v -2.8 4.9 -2.5
v -2.8 5.1 -2.5
v -2.8 5.3 -2.5
v 2.8 4.7 -2.5
v 2.8 4.9 -2.5
v 2.8 5.1 -2.5
v 2.8 5.3 -2.5
v 2.9 4.7 -2.5
v 2.9 4.9 -2.5
v 2.9 5.1 -2.5
v 2.9 5.3 -2.5
v 3 4.9 -2.5
v 3 5 -2.5
v 3.1 4.5 -2.5
v 3.1 4.7 -2.5
v 3.1 4.9 -2.5
v 3.1 5 -2.5
v 3.1 5.3 -2.5
v 3.1 5.5 -2.5
v 3.2 4.5 -2.5
v 3.2 4.7 -2.5
v 3.2 5.3 -2.5
v 3.2 5.5 -2.5
v -3.1 4.5 -2.6
v -3.1 4.7 -2.6
v -3.1 5.3 -2.6
v -3.1 5.5 -2.6
v -3 4.5 -2.6
v -3 4.7 -2.6
v -3 4.9 -2.6
v -3 5.1 -2.6
v -3 5.3 -2.6
v -3 5.5 -2.6
v -2.9 4.9 -2.6
v -2.9 5 -2.6
v -2.9 5.1 -2.6
v -2.8 5 -2.6
v -2.8 5.1 -2.6
v 2.8 4.9 -2.6
v 2.8 5 -2.6
v 2.9 4.9 -2.6
v 2.9 5 -2.6
v 2.9 5.1 -2.6
v 3 4.5 -2.6
v 3 4.7 -2.6
v 3 4.9 -2.6
v 3 5.1 -2.6
v 3 5.3 -2.6
v 3 5.5 -2.6
v 3.1 4.5 -2.6
v 3.1 4.7 -2.6
v 3.1 5.3 -2.6
v 3.1 5.5 -2.6
v -3 4.5 -2.7
v -3 4.7 -2.7
v -3 5.3 -2.7
v -3 5.5 -2.7
v -2.9 4.5 -2.7
v -2.9 4.7 -2.7
v -2.9 4.8 -2.7
v -2.9 5 -2.7
v -2.9 5.1 -2.7
v -2.9 5.2 -2.7
v -2.9 5.3 -2.7
v -2.9 5.5 -2.7
v -2.8 4.7 -2.7
v -2.8 4.8 -2.7
v -2.8 4.9 -2.7
v -2.8 5 -2.7
v -2.8 5.1 -2.7
v -2.8 5.2 -2.7
v -2.8 5.3 -2.7
v -2.7 4.7 -2.7
v -2.7 4.8 -2.7
v -2.7 4.9 -2.7
v -2.7 5.1 -2.7
v -2.7 5.2 -2.7
v -2.7 5.3 -2.7
v 2.7 4.7 -2.7
v 2.7 4.8 -2.7
v 2.7 4.9 -2.7
v 2.7 5.1 -2.7
v 2.7 5.2 -2.7
v 2.7 5.3 -2.7
v 2.8 4.7 -2.7
v 2.8 4.8 -2.7
v 2.8 4.9 -2.7
v 2.8 5 -2.7
v 2.8 5.1 -2.7
v 2.8 5.2 -2.7
v 2.8 5.3 -2.7
v 2.9 4.5 -2.7
v 2.9 4.7 -2.7
v 2.9 4.8 -2.7
v 2.9 4.9 -2.7
v 2.9 5 -2.7
v 2.9 5.2 -2.7
v 2.9 5.3 -2.7
v 2.9 5.5 -2.7
v 3 4.5 -2.7
v 3 4.7 -2.7
v 3 5.3 -2.7
v 3 5.5 -2.7
v -2.9 4.5 -2.8
v -2.9 4.7 -2.8
v -2.9 5.3 -2.8
v -2.9 5.5 -2.8
v -2.8 4.5 -2.8
v -2.8 4.7 -2.8
v -2.8 4.8 -2.8
v -2.8 4.9 -2.8
v -2.8 5.1 -2.8
v -2.8 5.2 -2.8
v -2.8 5.3 -2.8
v -2.8 5.5 -2.8
v -2.7 4.7 -2.8
v -2.7 4.8 -2.8
v -2.7 4.9 -2.8
v -2.7 5 -2.8
v -2.7 5.1 -2.8
v -2.7 5.2 -2.8
v -2.7 5.3 -2.8
v -2.6 4.8 -2.8
v -2.6 4.9 -2.8
v -2.6 5 -2.8
v -2.6 5.1 -2.8
v -2.6 5.2 -2.8
v -2.5 4.7 -2.8
v -2.5 4.9 -2.8
v -2.5 5.1 -2.8
v -2.5 5.3 -2.8
v 2.5 4.7 -2.8
v 2.5 4.9 -2.8
v 2.5 5.1 -2.8
v 2.5 5.3 -2.8
v 2.6 4.8 -2.8
v 2.6 4.9 -2.8
v 2.6 5 -2.8
v 2.6 5.1 -2.8
v 2.6 5.2 -2.8
v 2.7 4.7 -2.8
v 2.7 4.8 -2.8
v 2.7 4.9 -2.8
v 2.7 5 -2.8
v 2.7 5.1 -2.8
v 2.7 5.2 -2.8
v 2.7 5.3 -2.8
v 2.8 4.5 -2.8
v 2.8 4.7 -2.8
v 2.8 4.8 -2.8
v 2.8 4.9 -2.8
v 2.8 5.1 -2.8
v 2.8 5.2 -2.8
v 2.8 5.3 -2.8
v 2.8 5.5 -2.8
v 2.9 4.5 -2.8
v 2.9 4.7 -2.8
v 2.9 5.3 -2.8
v 2.9 5.5 -2.8
v -2.8 4.5 -2.9
v -2.8 4.7 -2.9
v -2.8 5.3 -2.9
v -2.8 5.5 -2.9
v -2.7 4.5 -2.9
v -2.7 4.7 -2.9
v -2.7 4.8 -2.9
v -2.7 4.9 -2.9
v -2.7 5 -2.9
v -2.7 5.2 -2.9
v -2.7 5.3 -2.9
v -2.7 5.5 -2.9
v -2.6 4.8 -2.9
v -2.6 4.9 -2.9
v -2.6 5 -2.9
v -2.6 5.1 -2.9
v -2.6 5.2 -2.9
v -2.5 4.7 -2.9
v -2.5 4.9 -2.9
v -2.5 5 -2.9
v -2.5 5.1 -2.9
v -2.5 5.3 -2.9
v -2.4 4.7 -2.9
v -2.4 4.9 -2.9
v -2.4 5 -2.9
v -2.4 5.3 -2.9
v 2.4 4.7 -2.9
v 2.4 5 -2.9
v 2.4 5.1 -2.9
v 2.4 5.3 -2.9
v 2.5 4.7 -2.9
v 2.5 4.9 -2.9
v 2.5 5 -2.9
v 2.5 5.1 -2.9
v 2.5 5.3 -2.9
v 2.6 4.8 -2.9
v 2.6 4.9 -2.9
v 2.6 5 -2.9
v 2.6 5.1 -2.9
v 2.6 5.2 -2.9
v 2.7 4.5 -2.9
v 2.7 4.7 -2.9
v 2.7 4.8 -2.9
v 2.7 5 -2.9
v 2.7 5.1 -2.9
v 2.7 5.2 -2.9
v 2.7 5.3 -2.9
v 2.7 5.5 -2.9
v 2.8 4.5 -2.9
v 2.8 4.7 -2.9
v 2.8 5.3 -2.9
v 2.8 5.5 -2.9
v -2.7 4.5 -3
v -2.7 4.7 -3
v -2.7 5.3 -3
v -2.7 5.5 -3
v -2.6 4.5 -3
v -2.6 4.7 -3
v -2.6 4.9 -3
v -2.6 5.1 -3
v -2.6 5.3 -3
v -2.6 5.5 -3
v -2.5 4.9 -3
v -2.5 5 -3
v -2.5 5.1 -3
v -2.4 4.7 -3
v -2.4 4.9 -3
v -2.4 5 -3
v -2.4 5.3 -3
v -2.3 4.7 -3
v -2.3 4.9 -3
v -2.3 5 -3
v -2.3 5.3 -3
v 2.3 4.7 -3
v 2.3 5 -3
v 2.3 5.1 -3
v 2.3 5.3 -3
v 2.4 4.7 -3
v 2.4 5 -3
v 2.4 5.1 -3
v 2.4 5.3 -3
v 2.5 4.9 -3
v 2.5 5 -3
v 2.5 5.1 -3
v 2.6 4.5 -3
v 2.6 4.7 -3
v 2.6 4.9 -3
v 2.6 5.1 -3
v 2.6 5.3 -3
v 2.6 5.5 -3
v 2.7 4.5 -3
v 2.7 4.7 -3
v 2.7 5.3 -3
v 2.7 5.5 -3
v -2.6 4.5 -3.1
v -2.6 4.7 -3.1
v -2.6 5.3 -3.1
v -2.6 5.5 -3.1
v -2.5 4.5 -3.1
v -2.5 4.7 -3.1
v -2.5 4.9 -3.1
v -2.5 5 -3.1
v -2.5 5.3 -3.1
v -2.5 5.5 -3.1
v -2.3 4.7 -3.1
v -2.3 4.9 -3.1
v -2.3 5 -3.1
v -2.3 5.3 -3.1
v -2.2 4.7 -3.1
v -2.2 5.3 -3.1
v 2.2 4.7 -3.1
v 2.2 5.3 -3.1
v 2.3 4.7 -3.1
v 2.3 5 -3.1
v 2.3 5.1 -3.1
v 2.3 5.3 -3.1
v 2.5 4.5 -3.1
v 2.5 4.7 -3.1
v 2.5 5 -3.1
v 2.5 5.1 -3.1
v 2.5 5.3 -3.1
v 2.5 5.5 -3.1
v 2.6 4.5 -3.1
v 2.6 4.7 -3.1
v 2.6 5.3 -3.1
v 2.6 5.5 -3.1
v -2.5 4.5 -3.2
v -2.5 4.7 -3.2
v -2.5 5.3 -3.2
v -2.5 5.5 -3.2
v -2.4 4.5 -3.2
v -2.4 4.7 -3.2
v -2.4 5.3 -3.2
v -2.4 5.5 -3.2
v -2.2 4.7 -3.2
v -2.2 5.3 -3.2
v -2 4.7 -3.2
v -2 5.3 -3.2
v 2 4.7 -3.2
v 2 5.3 -3.2
v 2.2 4.7 -3.2
v 2.2 5.3 -3.2
v 2.4 4.5 -3.2
v 2.4 4.7 -3.2
v 2.4 5.3 -3.2
v 2.4 5.5 -3.2
v 2.5 4.5 -3.2
v 2.5 4.7 -3.2
v 2.5 5.3 -3.2
v 2.5 5.5 -3.2
v -2.4 4.5 -3.3
v -2.4 4.7 -3.3
v -2.4 5.3 -3.3
v -2.4 5.5 -3.3
v -2.2 4.5 -3.3
v -2.2 4.7 -3.3
v -2.2 5.3 -3.3
v -2.2 5.5 -3.3
v -2 4.7 -3.3
v -2 5.3 -3.3
v -1.8 4.7 -3.3
v -1.8 5.3 -3.3
v 1.8 4.7 -3.3
v 1.8 5.3 -3.3
v 2 4.7 -3.3
v 2 5.3 -3.3
v 2.2 4.5 -3.3
v 2.2 4.7 -3.3
v 2.2 5.3 -3.3
v 2.2 5.5 -3.3
v 2.4 4.5 -3.3
v 2.4 4.7 -3.3
v 2.4 5.3 -3.3
v 2.4 5.5 -3.3
v -2.2 4.5 -3.4
v -2.2 4.7 -3.4
v -2.2 5.3 -3.4
v -2.2 5.5 -3.4
v -2.1 4.5 -3.4
v -2.1 4.7 -3.4
v -2.1 5.3 -3.4
v -2.1 5.5 -3.4
v -1.8 4.7 -3.4
v -1.8 5.3 -3.4
v -1.6 4.7 -3.4
v -1.6 5.3 -3.4
v 1.6 4.7 -3.4
v 1.6 5.3 -3.4
v 1.8 4.7 -3.4
v 1.8 5.3 -3.4
v 2.1 4.5 -3.4
v 2.1 4.7 -3.4
v 2.1 5.3 -3.4
v 2.1 5.5 -3.4
v 2.2 4.5 -3.4
v 2.2 4.7 -3.4
v 2.2 5.3 -3.4
v 2.2 5.5 -3.4
v -2.1 4.5 -3.5
v -2.1 4.7 -3.5
v -2.1 5.3 -3.5
v -2.1 5.5 -3.5
v -1.9 4.5 -3.5
v -1.9 4.7 -3.5
v -1.9 5.3 -3.5
v -1.9 5.5 -3.5
v -1.6 4.7 -3.5
v -1.6 5.3 -3.5
v -1.4 4.7 -3.5
v -1.4 5.3 -3.5
v 1.4 4.7 -3.5
v 1.4 5.3 -3.5
v 1.6 4.7 -3.5
v 1.6 5.3 -3.5
v 1.9 4.5 -3.5
v 1.9 4.7 -3.5
v 1.9 5.3 -3.5
v 1.9 5.5 -3.5
v 2.1 4.5 -3.5
v 2.1 4.7 -3.5
v 2.1 5.3 -3.5
v 2.1 5.5 -3.5
v -1.9 4.5 -3.6
v -1.9 4.7 -3.6
v -1.9 5.3 -3.6
v -1.9 5.5 -3.6
v -1.7 4.5 -3.6
v -1.7 4.7 -3.6
v -1.7 5.3 -3.6
v -1.7 5.5 -3.6
v -1.4 4.7 -3.6
v -1.4 5.3 -3.6
v -1.1 4.7 -3.6
v -1.1 5.3 -3.6
v 1.1 4.7 -3.6
v 1.1 5.3 -3.6
v 1.4 4.7 -3.6
v 1.4 5.3 -3.6
v 1.7 4.5 -3.6
v 1.7 4.7 -3.6
v 1.7 5.3 -3.6
v 1.7 5.5 -3.6
v 1.9 4.5 -3.6
v 1.9 4.7 -3.6
v 1.9 5.3 -3.6
v 1.9 5.5 -3.6
v -1.7 4.5 -3.7
v -1.7 4.7 -3.7
v -1.7 5.3 -3.7
v -1.7 5.5 -3.7
v -1.4 4.5 -3.7
v -1.4 4.7 -3.7
v -1.4 5.3 -3.7
v -1.4 5.5 -3.7
v -1.1 4.7 -3.7
v -1.1 5.3 -3.7
v -0.7 4.7 -3.7
v -0.7 5.3 -3.7
v 0.7 4.7 -3.7
v 0.7 5.3 -3.7
v 1.1 4.7 -3.7
v 1.1 5.3 -3.7
v 1.4 4.5 -3.7
v 1.4 4.7 -3.7
v 1.4 5.3 -3.7
v 1.4 5.5 -3.7
v 1.7 4.5 -3.7
v 1.7 4.7 -3.7
v 1.7 5.3 -3.7
v 1.7 5.5 -3.7
v -1.4 4.5 -3.8
v -1.4 4.7 -3.8
v -1.4 5.3 -3.8
v -1.4 5.5 -3.8
v -1.1 4.5 -3.8
v -1.1 4.7 -3.8
v -1.1 5.3 -3.8
v -1.1 5.5 -3.8
v -0.7 4.7 -3.8
v -0.7 5.3 -3.8
v -0.5 5 -3.8
v -0.5 5.1 -3.8
v -0.3 4.9 -3.8
v -0.3 5 -3.8
v -0.2 4.8 -3.8
v -0.2 4.9 -3.8
v -0.2 5 -3.8
v -0.2 5.1 -3.8
v -0.2 5.2 -3.8
v -0.0999999 4.9 -3.8
v -0.0999999 5 -3.8
v 0.1 5 -3.8
v 0.1 5.1 -3.8
v 0.2 4.8 -3.8
v 0.2 4.9 -3.8
v 0.2 5 -3.8
v 0.2 5.1 -3.8
v 0.2 5.2 -3.8
v 0.3 5 -3.8
v 0.3 5.1 -3.8
v 0.5 4.9 -3.8
v 0.5 5 -3.8
v 0.7 4.7 -3.8
v 0.7 5.3 -3.8
v 1.1 4.5 -3.8
v 1.1 4.7 -3.8
v 1.1 5.3 -3.8
v 1.1 5.5 -3.8
v 1.4 4.5 -3.8
v 1.4 4.7 -3.8
v 1.4 5.3 -3.8
v 1.4 5.5 -3.8
v -1.1 4.5 -3.9
v -1.1 4.7 -3.9
v -1.1 5.3 -3.9
v -1.1 5.5 -3.9
v -0.7 4.5 -3.9
v -0.7 4.7 -3.9
v -0.7 5.3 -3.9
v -0.7 5.5 -3.9
v -0.5 5 -3.9
v -0.5 5.1 -3.9
v -0.3 4.9 -3.9
v -0.3 5 -3.9
v -0.2 4.8 -3.9
v -0.2 4.9 -3.9
v -0.2 5 -3.9
v -0.2 5.1 -3.9
v -0.2 5.2 -3.9
v -0.0999999 4.9 -3.9
v -0.0999999 5 -3.9
v 0.1 5 -3.9
v 0.1 5.1 -3.9
v 0.2 4.8 -3.9
v 0.2 4.9 -3.9
v 0.2 5 -3.9
v 0.2 5.1 -3.9
v 0.2 5.2 -3.9
v 0.3 5 -3.9
v 0.3 5.1 -3.9
v 0.5 4.9 -3.9
v 0.5 5 -3.9
v 0.7 4.5 -3.9
v 0.7 4.7 -3.9
v 0.7 5.3 -3.9
v 0.7 5.5 -3.9
v 1.1 4.5 -3.9
v 1.1 4.7 -3.9
v 1.1 5.3 -3.9
v 1.1 5.5 -3.9
v -0.7 4.5 -4
v -0.7 4.7 -4
v -0.7 5.3 -4
v -0.7 5.5 -4
v 0.7 4.5 -4
v 0.7 4.7 -4
v 0.7 5.3 -4
v 0.7 5.5 -4
v -0.7 4.5 4
v 0.7 4.5 4
v -1.1 4.5 3.9
v -0.7 4.5 3.9
v 0.7 4.5 3.9
v 1.1 4.5 3.9
v -1.4 4.5 3.8
v -1.1 4.5 3.8
v 1.1 4.5 3.8
v 1.4 4.5 3.8
v -1.7 4.5 3.7
v -1.4 4.5 3.7
v 1.4 4.5 3.7
v 1.7 4.5 3.7
v -1.9 4.5 3.6
v -1.7 4.5 3.6
v -0.6 4.5 3.6
v 0.6 4.5 3.6
v 1.7 4.5 3.6
v 1.9 4.5 3.6
v -2.1 4.5 3.5
v -1.9 4.5 3.5
v -1.1 4.5 3.5
v -0.6 4.5 3.5
v 0.6 4.5 3.5
v 1.1 4.5 3.5
v 1.9 4.5 3.5
v 2.1 4.5 3.5
v -2.2 4.5 3.4
v -2.1 4.5 3.4
v -1.4 4.5 3.4
v -1.1 4.5 3.4
v 1.1 4.5 3.4
v 1.4 4.5 3.4
v 2.1 4.5 3.4
v 2.2 4.5 3.4
v -2.4 4.5 3.3
v -2.2 4.5 3.3
v -1.6 4.5 3.3
v -1.4 4.5 3.3
v 1.4 4.5 3.3
v 1.6 4.5 3.3
v 2.2 4.5 3.3
v 2.4 4.5 3.3
v -2.5 4.5 3.2
v -2.4 4.5 3.2
v -1.8 4.5 3.2
v -1.6 4.5 3.2
v 1.6 4.5 3.2
v 1.8 4.5 3.2
v 2.4 4.5 3.2
v 2.5 4.5 3.2
v -2.6 4.5 3.1
v -2.5 4.5 3.1
v -1.9 4.5 3.1
v -1.8 4.5 3.1
v 1.8 4.5 3.1
v 1.9 4.5 3.1
v 2.5 4.5 3.1
v 2.6 4.5 3.1
v -2.7 4.5 3
v -2.6 4.5 3
v -2.1 4.5 3
v -1.9 4.5 3
v 1.9 4.5 3
v 2.1 4.5 3
v 2.6 4.5 3
v 2.7 4.5 3
v -2.8 4.5 2.9
v -2.7 4.5 2.9
v -2.2 4.5 2.9
v -2.1 4.5 2.9
v 2.1 4.5 2.9
v 2.2 4.5 2.9
v 2.7 4.5 2.9
v 2.8 4.5 2.9
v -2.9 4.5 2.8
v -2.8 4.5 2.8
v -2.4 4.5 2.8
v -2.2 4.5 2.8
v 2.2 4.5 2.8
v 2.4 4.5 2.8
v 2.8 4.5 2.8
v 2.9 4.5 2.8
v -3 4.5 2.7
v -2.9 4.5 2.7
v -2.5 4.5 2.7
v -2.4 4.5 2.7
v 2.4 4.5 2.7
v 2.5 4.5 2.7
v 2.9 4.5 2.7
v 3 4.5 2.7
v -3.1 4.5 2.6
v -3 4.5 2.6
v -2.6 4.5 2.6
v -2.5 4.5 2.6
v 2.5 4.5 2.6
v 2.6 4.5 2.6
v 3 4.5 2.6
v 3.1 4.5 2.6
v -3.2 4.5 2.5
v -3.1 4.5 2.5
v -2.7 4.5 2.5
v -2.6 4.5 2.5
v 2.6 4.5 2.5
v 2.7 4.5 2.5
v 3.1 4.5 2.5
v 3.2 4.5 2.5
v -3.3 4.5 2.4
v -3.2 4.5 2.4
v -2.8 4.5 2.4
v -2.7 4.5 2.4
v 2.7 4.5 2.4
v 2.8 4.5 2.4
v 3.2 4.5 2.4
v 3.3 4.5 2.4
v -3.4 4.5 2.2
v -3.3 4.5 2.2
v -2.9 4.5 2.2
v -2.8 4.5 2.2
v 2.8 4.5 2.2
v 2.9 4.5 2.2
v 3.3 4.5 2.2
v 3.4 4.5 2.2
v -3.5 4.5 2.1
v -3.4 4.5 2.1
v -3 4.5 2.1
v -2.9 4.5 2.1
v 2.9 4.5 2.1
v 3 4.5 2.1
v 3.4 4.5 2.1
v 3.5 4.5 2.1
v -3.6 4.5 1.9
v -3.5 4.5 1.9
v -3.1 4.5 1.9
v -3 4.5 1.9
v 3 4.5 1.9
v 3.1 4.5 1.9
v 3.5 4.5 1.9
v 3.6 4.5 1.9
v -3.2 4.5 1.8
v -3.1 4.5 1.8
v 3.1 4.5 1.8
v 3.2 4.5 1.8
v -3.7 4.5 1.7
v -3.6 4.5 1.7
v 3.6 4.5 1.7
v 3.7 4.5 1.7
v -3.3 4.5 1.6
v -3.2 4.5 1.6
v 3.2 4.5 1.6
v 3.3 4.5 1.6
v -3.8 4.5 1.4
v -3.7 4.5 1.4
v -3.4 4.5 1.4
v -3.3 4.5 1.4
v 3.3 4.5 1.4
v 3.4 4.5 1.4
v 3.7 4.5 1.4
v 3.8 4.5 1.4
v -3.9 4.5 1.1
v -3.8 4.5 1.1
v -3.5 4.5 1.1
v -3.4 4.5 1.1
v 3.4 4.5 1.1
v 3.5 4.5 1.1
v 3.8 4.5 1.1
v 3.9 4.5 1.1
v -4 4.5 0.7
v -3.9 4.5 0.7
v 3.9 4.5 0.7
v 4 4.5 0.7
v -3.6 4.5 0.6
v -3.5 4.5 0.6
v 3.5 4.5 0.6
v 3.6 4.5 0.6
v -3.6 4.5 -0.6
v -3.5 4.5 -0.6
v 3.5 4.5 -0.6
v 3.6 4.5 -0.6
v -4 4.5 -0.7
v -3.9 4.5 -0.7
v 3.9 4.5 -0.7
v 4 4.5 -0.7
v -3.9 4.5 -1.1
v -3.8 4.5 -1.1
v -3.5 4.5 -1.1
v -3.4 4.5 -1.1
v 3.4 4.5 -1.1
v 3.5 4.5 -1.1
v 3.8 4.5 -1.1
v 3.9 4.5 -1.1
v -3.8 4.5 -1.4
v -3.7 4.5 -1.4
v -3.4 4.5 -1.4
v -3.3 4.5 -1.4
v 3.3 4.5 -1.4
v 3.4 4.5 -1.4
v 3.7 4.5 -1.4
v 3.8 4.5 -1.4
v -3.3 4.5 -1.6
v -3.2 4.5 -1.6
v 3.2 4.5 -1.6
v 3.3 4.5 -1.6
v -3.7 4.5 -1.7
v -3.6 4.5 -1.7
v 3.6 4.5 -1.7
v 3.7 4.5 -1.7
v -3.2 4.5 -1.8
v -3.1 4.5 -1.8
v 3.1 4.5 -1.8
v 3.2 4.5 -1.8
v -3.6 4.5 -1.9
v -3.5 4.5 -1.9
v -3.1 4.5 -1.9
v -3 4.5 -1.9
v 3 4.5 -1.9
v 3.1 4.5 -1.9
v 3.5 4.5 -1.9
v 3.6 4.5 -1.9
v -3.5 4.5 -2.1
v -3.4 4.5 -2.1
v -3 4.5 -2.1
v -2.9 4.5 -2.1
v 2.9 4.5 -2.1
v 3 4.5 -2.1
v 3.4 4.5 -2.1
v 3.5 4.5 -2.1
v -3.4 4.5 -2.2
v -3.3 4.5 -2.2
v -2.9 4.5 -2.2
v -2.8 4.5 -2.2
v 2.8 4.5 -2.2
v 2.9 4.5 -2.2
v 3.3 4.5 -2.2
v 3.4 4.5 -2.2
v -3.3 4.5 -2.4
v -3.2 4.5 -2.4
v -2.8 4.5 -2.4
v -2.7 4.5 -2.4
v 2.7 4.5 -2.4
v 2.8 4.5 -2.4
v 3.2 4.5 -2.4
v 3.3 4.5 -2.4
v -3.2 4.5 -2.5
v -3.1 4.5 -2.5
v -2.7 4.5 -2.5
v -2.6 4.5 -2.5
v 2.6 4.5 -2.5
v 2.7 4.5 -2.5
v 3.1 4.5 -2.5
v 3.2 4.5 -2.5
v -3.1 4.5 -2.6
v -3 4.5 -2.6
v -2.6 4.5 -2.6
v -2.5 4.5 -2.6
v 2.5 4.5 -2.6
v 2.6 4.5 -2.6
v 3 4.5 -2.6
v 3.1 4.5 -2.6
v -3 4.5 -2.7
v -2.9 4.5 -2.7
v -2.5 4.5 -2.7
v -2.4 4.5 -2.7
v 2.4 4.5 -2.7
v 2.5 4.5 -2.7
v 2.9 4.5 -2.7
v 3 4.5 -2.7
v -2.9 4.5 -2.8
v -2.8 4.5 -2.8
v -2.4 4.5 -2.8
v -2.2 4.5 -2.8
v 2.2 4.5 -2.8
v 2.4 4.5 -2.8
v 2.8 4.5 -2.8
v 2.9 4.5 -2.8
v -2.8 4.5 -2.9
v -2.7 4.5 -2.9
v -2.2 4.5 -2.9
v -2.1 4.5 -2.9
v 2.1 4.5 -2.9
v 2.2 4.5 -2.9
v 2.7 4.5 -2.9
v 2.8 4.5 -2.9
v -2.7 4.5 -3
v -2.6 4.5 -3
v -2.1 4.5 -3
v -1.9 4.5 -3
v 1.9 4.5 -3
v 2.1 4.5 -3
v 2.6 4.5 -3
v 2.7 4.5 -3
v -2.6 4.5 -3.1
v -2.5 4.5 -3.1
v -1.9 4.5 -3.1
v -1.8 4.5 -3.1
v 1.8 4.5 -3.1
v 1.9 4.5 -3.1
v 2.5 4.5 -3.1
v 2.6 4.5 -3.1
v -2.5 4.5 -3.2
v -2.4 4.5 -3.2
v -1.8 4.5 -3.2
v -1.6 4.5 -3.2
v 1.6 4.5 -3.2
v 1.8 4.5 -3.2
v 2.4 4.5 -3.2
v 2.5 4.5 -3.2
v -2.4 4.5 -3.3
v -2.2 4.5 -3.3
v -1.6 4.5 -3.3
v -1.4 4.5 -3.3
v 1.4 4.5 -3.3
v 1.6 4.5 -3.3
v 2.2 4.5 -3.3
v 2.4 4.5 -3.3
v -2.2 4.5 -3.4
v -2.1 4.5 -3.4
v -1.4 4.5 -3.4
v -1.1 4.5 -3.4
v 1.1 4.5 -3.4
v 1.4 4.5 -3.4
v 2.1 4.5 -3.4
v 2.2 4.5 -3.4
v -2.1 4.5 -3.5
v -1.9 4.5 -3.5
v -1.1 4.5 -3.5
v -0.6 4.5 -3.5
v 0.6 4.5 -3.5
v 1.1 4.5 -3.5
v 1.9 4.5 -3.5
v 2.1 4.5 -3.5
v -1.9 4.5 -3.6
v -1.7 4.5 -3.6
v -0.6 4.5 -3.6
v 0.6 4.5 -3.6
v 1.7 4.5 -3.6
v 1.9 4.5 -3.6
v -1.7 4.5 -3.7
v -1.4 4.5 -3.7
v 1.4 4.5 -3.7
v 1.7 4.5 -3.7
v -1.4 4.5 -3.8
v -1.1 4.5 -3.8
v 1.1 4.5 -3.8
v 1.4 4.5 -3.8
v -1.1 4.5 -3.9
v -0.7 4.5 -3.9
v 0.7 4.5 -3.9
v 1.1 4.5 -3.9
v -0.7 4.5 -4
v 0.7 4.5 -4
v -0.2 4.8 3.9
v 0.2 4.8 3.9
v -0.2 4.8 3.8
v 0.2 4.8 3.8
v -2.7 4.8 2.9
v -2.6 4.8 2.9
v 2.6 4.8 2.9
v 2.7 4.8 2.9
v -2.8 4.8 2.8
v -2.7 4.8 2.8
v -2.6 4.8 2.8
v 2.6 4.8 2.8
v 2.7 4.8 2.8
v 2.8 4.8 2.8
v -2.9 4.8 2.7
v -2.8 4.8 2.7
v -2.7 4.8 2.7
v 2.7 4.8 2.7
v 2.8 4.8 2.7
v 2.9 4.8 2.7
v -2.9 4.8 2.6
v -2.8 4.8 2.6
v 2.8 4.8 2.6
v 2.9 4.8 2.6
v -3.9 4.8 0.2
v -3.8 4.8 0.2
v 3.8 4.8 0.2
v 3.9 4.8 0.2
v -3.9 4.8 -0.2
v -3.8 4.8 -0.2
v 3.8 4.8 -0.2
v 3.9 4.8 -0.2
v -2.9 4.8 -2.6
v -2.8 4.8 -2.6
v 2.8 4.8 -2.6
v 2.9 4.8 -2.6
v -2.9 4.8 -2.7
v -2.8 4.8 -2.7
v -2.7 4.8 -2.7
v 2.7 4.8 -2.7
v 2.8 4.8 -2.7
v 2.9 4.8 -2.7
v -2.8 4.8 -2.8
v -2.7 4.8 -2.8
v -2.6 4.8 -2.8
v 2.6 4.8 -2.8
v 2.7 4.8 -2.8
v 2.8 4.8 -2.8
v -2.7 4.8 -2.9
v -2.6 4.8 -2.9
v 2.6 4.8 -2.9
v 2.7 4.8 -2.9
v -0.2 4.8 -3.8
v 0.2 4.8 -3.8
v -0.2 4.8 -3.9
v 0.2 4.8 -3.9
v -0.5 4.9 3.9
v -0.2 4.9 3.9
v 0.2 4.9 3.9
v 0.3 4.9 3.9
v -0.5 4.9 3.8
v -0.2 4.9 3.8
v 0.2 4.9 3.8
v 0.3 4.9 3.8
v 2.3 4.9 3.1
v 2.5 4.9 3.1
v -2.6 4.9 3
v -2.5 4.9 3
v 2.3 4.9 3
v 2.4 4.9 3
v 2.5 4.9 3
v 2.6 4.9 3
v -2.6 4.9 2.9
v -2.5 4.9 2.9
v 2.4 4.9 2.9
v 2.5 4.9 2.9
v 2.6 4.9 2.9
v -2.6 4.9 2.8
v -2.5 4.9 2.8
v 2.5 4.9 2.8
v 2.6 4.9 2.8
v -3 4.9 2.6
v -2.9 4.9 2.6
v -2.8 4.9 2.6
v 2.8 4.9 2.6
v 2.9 4.9 2.6
v 3 4.9 2.6
v -3.1 4.9 2.5
v -3 4.9 2.5
v -2.9 4.9 2.5
v -2.8 4.9 2.5
v 2.8 4.9 2.5
v 2.9 4.9 2.5
v 3 4.9 2.5
v -3 4.9 2.4
v -2.9 4.9 2.4
v -3.1 4.9 2.3
v -3 4.9 2.3
v 3.8 4.9 0.5
v 3.9 4.9 0.5
v -3.9 4.9 0.3
v -3.8 4.9 0.3
v -3.9 4.9 0.2
v -3.8 4.9 0.2
v 3.8 4.9 0.2
v 3.9 4.9 0.2
v -3.9 4.9 -0.2
v -3.8 4.9 -0.2
v 3.8 4.9 -0.2
v 3.9 4.9 -0.2
v 3.8 4.9 -0.3
v 3.9 4.9 -0.3
v -3.9 4.9 -0.5
v -3.8 4.9 -0.5
v 3 4.9 -2.3
v 3.1 4.9 -2.3
v 2.9 4.9 -2.4
v 3 4.9 -2.4
v -3 4.9 -2.5
v -2.9 4.9 -2.5
v -2.8 4.9 -2.5
v 2.8 4.9 -2.5
v 2.9 4.9 -2.5
v 3 4.9 -2.5
v 3.1 4.9 -2.5
v -3 4.9 -2.6
v -2.9 4.9 -2.6
v -2.8 4.9 -2.6
v 2.8 4.9 -2.6
v 2.9 4.9 -2.6
v 3 4.9 -2.6
v -2.6 4.9 -2.8
v -2.5 4.9 -2.8
v 2.5 4.9 -2.8
v 2.6 4.9 -2.8
v -2.6 4.9 -2.9
v -2.5 4.9 -2.9
v -2.4 4.9 -2.9
v 2.5 4.9 -2.9
v 2.6 4.9 -2.9
v -2.6 4.9 -3
v -2.5 4.9 -3
v -2.4 4.9 -3
v -2.3 4.9 -3
v 2.5 4.9 -3
v 2.6 4.9 -3
v -2.5 4.9 -3.1
v -2.3 4.9 -3.1
v -0.3 4.9 -3.8
v -0.2 4.9 -3.8
v 0.2 4.9 -3.8
v 0.5 4.9 -3.8
v -0.3 4.9 -3.9
v -0.2 4.9 -3.9
v 0.2 4.9 -3.9
v 0.5 4.9 -3.9
v -0.2 5 3.9
v -0.0999999 5 3.9
v 0.3 5 3.9
v 0.5 5 3.9
v -0.2 5 3.8
v -0.0999999 5 3.8
v 0.3 5 3.8
v 0.5 5 3.8
v -2.5 5 3.1
v -2.3 5 3.1
v -2.5 5 3
v -2.4 5 3
v -2.3 5 3
v -2.5 5 2.9
v -2.4 5 2.9
v 2.6 5 2.9
v 2.7 5 2.9
v 2.6 5 2.8
v 2.7 5 2.8
v -2.9 5 2.7
v -2.8 5 2.7
v -2.9 5 2.6
v -2.8 5 2.6
v 2.9 5 2.5
v 3 5 2.5
v 3.1 5 2.5
v 2.9 5 2.4
v 3 5 2.4
v 3 5 2.3
v 3.1 5 2.3
v -3.9 5 0.5
v -3.8 5 0.5
v -3.9 5 0.3
v -3.8 5 0.3
v 3.8 5 0.2
v 3.9 5 0.2
v 3.8 5 0.0999999
v 3.9 5 0.0999999
v -3.9 5 -0.1
v -3.8 5 -0.1
v -3.9 5 -0.2
v -3.8 5 -0.2
v 3.8 5 -0.3
v 3.9 5 -0.3
v 3.8 5 -0.5
v 3.9 5 -0.5
v -3.1 5 -2.3
v -3 5 -2.3
v -3 5 -2.4
v -2.9 5 -2.4
v -3.1 5 -2.5
v -3 5 -2.5
v -2.9 5 -2.5
v 2.8 5 -2.6
v 2.9 5 -2.6
v 2.8 5 -2.7
v 2.9 5 -2.7
v -2.7 5 -2.8
v -2.6 5 -2.8
v -2.7 5 -2.9
v -2.6 5 -2.9
v 2.4 5 -2.9
v 2.5 5 -2.9
v 2.3 5 -3
v 2.4 5 -3
v 2.5 5 -3
v 2.3 5 -3.1
v 2.5 5 -3.1
v -0.5 5 -3.8
v -0.3 5 -3.8
v 0.1 5 -3.8
v 0.2 5 -3.8
v -0.5 5 -3.9
v -0.3 5 -3.9
v 0.1 5 -3.9
v 0.2 5 -3.9
v -0.0999999 5.1 3.9
v 0.2 5.1 3.9
v -0.0999999 5.1 3.8
v 0.2 5.1 3.8
v -2.7 5.1 2.9
v -2.6 5.1 2.9
v -2.8 5.1 2.8
v -2.7 5.1 2.8
v -2.6 5.1 2.8
v 2.7 5.1 2.8
v 2.8 5.1 2.8
v -2.8 5.1 2.7
v -2.7 5.1 2.7
v 2.7 5.1 2.7
v 2.8 5.1 2.7
v 2.9 5.1 2.7
v 2.8 5.1 2.6
v 2.9 5.1 2.6
v -3.9 5.1 0.2
v -3.8 5.1 0.2
v 3.8 5.1 0.0999999
v 3.9 5.1 0.0999999
v -3.9 5.1 -0.1
v -3.8 5.1 -0.1
v 3.8 5.1 -0.2
v 3.9 5.1 -0.2
v -2.9 5.1 -2.6
v -2.8 5.1 -2.6
v -2.9 5.1 -2.7
v -2.8 5.1 -2.7
v -2.7 5.1 -2.7
v 2.7 5.1 -2.7
v 2.8 5.1 -2.7
v -2.8 5.1 -2.8
v -2.7 5.1 -2.8
v 2.6 5.1 -2.8
v 2.7 5.1 -2.8
v 2.8 5.1 -2.8
v 2.6 5.1 -2.9
v 2.7 5.1 -2.9
v -0.2 5.1 -3.8
v 0.1 5.1 -3.8
v -0.2 5.1 -3.9
v 0.1 5.1 -3.9
v -0.7 5.3 4
v 0.7 5.3 4
v -1.1 5.3 3.9
v -0.7 5.3 3.9
v 0.7 5.3 3.9
v 1.1 5.3 3.9
v -1.4 5.3 3.8
v -1.1 5.3 3.8
v -0.7 5.3 3.8
v 0.7 5.3 3.8
v 1.1 5.3 3.8
v 1.4 5.3 3.8
v -1.7 5.3 3.7
v -1.4 5.3 3.7
v -1.1 5.3 3.7
v -0.7 5.3 3.7
v 0.7 5.3 3.7
v 1.1 5.3 3.7
v 1.4 5.3 3.7
v 1.7 5.3 3.7
v -1.9 5.3 3.6
v -1.7 5.3 3.6
v -1.4 5.3 3.6
v -1.1 5.3 3.6
v 1.1 5.3 3.6
v 1.4 5.3 3.6
v 1.7 5.3 3.6
v 1.9 5.3 3.6
v -2.1 5.3 3.5
v -1.9 5.3 3.5
v -1.6 5.3 3.5
v -1.4 5.3 3.5
v 1.4 5.3 3.5
v 1.6 5.3 3.5
v 1.9 5.3 3.5
v 2.1 5.3 3.5
v -2.2 5.3 3.4
v -2.1 5.3 3.4
v -1.8 5.3 3.4
v -1.6 5.3 3.4
v 1.6 5.3 3.4
v 1.8 5.3 3.4
v 2.1 5.3 3.4
v 2.2 5.3 3.4
v -2.4 5.3 3.3
v -2.2 5.3 3.3
v -2 5.3 3.3
v -1.8 5.3 3.3
v 1.8 5.3 3.3
v 2 5.3 3.3
v 2.2 5.3 3.3
v 2.4 5.3 3.3
v -2.5 5.3 3.2
v -2.4 5.3 3.2
v -2.2 5.3 3.2
v -2 5.3 3.2
v 2 5.3 3.2
v 2.2 5.3 3.2
v 2.4 5.3 3.2
v 2.5 5.3 3.2
v -2.6 5.3 3.1
v -2.5 5.3 3.1
v -2.3 5.3 3.1
v -2.2 5.3 3.1
v 2.2 5.3 3.1
v 2.3 5.3 3.1
v 2.5 5.3 3.1
v 2.6 5.3 3.1
v -2.7 5.3 3
v -2.6 5.3 3
v -2.4 5.3 3
v -2.3 5.3 3
v 2.3 5.3 3
v 2.4 5.3 3
v 2.6 5.3 3
v 2.7 5.3 3
v -2.8 5.3 2.9
v -2.7 5.3 2.9
v -2.5 5.3 2.9
v -2.4 5.3 2.9
v 2.4 5.3 2.9
v 2.5 5.3 2.9
v 2.7 5.3 2.9
v 2.8 5.3 2.9
v -2.9 5.3 2.8
v -2.8 5.3 2.8
v -2.7 5.3 2.8
v -2.5 5.3 2.8
v 2.5 5.3 2.8
v 2.7 5.3 2.8
v 2.8 5.3 2.8
v 2.9 5.3 2.8
v -3 5.3 2.7
v -2.9 5.3 2.7
v -2.8 5.3 2.7
v -2.7 5.3 2.7
v 2.7 5.3 2.7
v 2.8 5.3 2.7
v 2.9 5.3 2.7
v 3 5.3 2.7
v -3.1 5.3 2.6
v -3 5.3 2.6
v 3 5.3 2.6
v 3.1 5.3 2.6
v -3.2 5.3 2.5
v -3.1 5.3 2.5
v -2.9 5.3 2.5
v -2.8 5.3 2.5
v 2.8 5.3 2.5
v 2.9 5.3 2.5
v 3.1 5.3 2.5
v 3.2 5.3 2.5
v -3.3 5.3 2.4
v -3.2 5.3 2.4
v -3 5.3 2.4
v -2.9 5.3 2.4
v 2.9 5.3 2.4
v 3 5.3 2.4
v 3.2 5.3 2.4
v 3.3 5.3 2.4
v -3.1 5.3 2.3
v -3 5.3 2.3
v 3 5.3 2.3
v 3.1 5.3 2.3
v -3.4 5.3 2.2
v -3.3 5.3 2.2
v -3.2 5.3 2.2
v -3.1 5.3 2.2
v 3.1 5.3 2.2
v 3.2 5.3 2.2
v 3.3 5.3 2.2
v 3.4 5.3 2.2
v -3.5 5.3 2.1
v -3.4 5.3 2.1
v 3.4 5.3 2.1
v 3.5 5.3 2.1
v -3.3 5.3 2
v -3.2 5.3 2
v 3.2 5.3 2
v 3.3 5.3 2
v -3.6 5.3 1.9
v -3.5 5.3 1.9
v 3.5 5.3 1.9
v 3.6 5.3 1.9
v -3.4 5.3 1.8
v -3.3 5.3 1.8
v 3.3 5.3 1.8
v 3.4 5.3 1.8
v -3.7 5.3 1.7
v -3.6 5.3 1.7
v 3.6 5.3 1.7
v 3.7 5.3 1.7
v -3.5 5.3 1.6
v -3.4 5.3 1.6
v 3.4 5.3 1.6
v 3.5 5.3 1.6
v -3.8 5.3 1.4
v -3.7 5.3 1.4
v -3.6 5.3 1.4
v -3.5 5.3 1.4
v 3.5 5.3 1.4
v 3.6 5.3 1.4
v 3.7 5.3 1.4
v 3.8 5.3 1.4
v -3.9 5.3 1.1
v -3.8 5.3 1.1
v -3.7 5.3 1.1
v -3.6 5.3 1.1
v 3.6 5.3 1.1
v 3.7 5.3 1.1
v 3.8 5.3 1.1
v 3.9 5.3 1.1
v -4 5.3 0.7
v -3.9 5.3 0.7
v -3.8 5.3 0.7
v -3.7 5.3 0.7
v 3.7 5.3 0.7
v 3.8 5.3 0.7
v 3.9 5.3 0.7
v 4 5.3 0.7
v -4 5.3 -0.7
v -3.9 5.3 -0.7
v -3.8 5.3 -0.7
v -3.7 5.3 -0.7
v 3.7 5.3 -0.7
v 3.8 5.3 -0.7
v 3.9 5.3 -0.7
v 4 5.3 -0.7
v -3.9 5.3 -1.1
v -3.8 5.3 -1.1
v -3.7 5.3 -1.1
v -3.6 5.3 -1.1
v 3.6 5.3 -1.1
v 3.7 5.3 -1.1
v 3.8 5.3 -1.1
v 3.9 5.3 -1.1
v -3.8 5.3 -1.4
v -3.7 5.3 -1.4
v -3.6 5.3 -1.4
v -3.5 5.3 -1.4
v 3.5 5.3 -1.4
v 3.6 5.3 -1.4
v 3.7 5.3 -1.4
v 3.8 5.3 -1.4
v -3.5 5.3 -1.6
v -3.4 5.3 -1.6
v 3.4 5.3 -1.6
v 3.5 5.3 -1.6
v -3.7 5.3 -1.7
v -3.6 5.3 -1.7
v 3.6 5.3 -1.7
v 3.7 5.3 -1.7
v -3.4 5.3 -1.8
v -3.3 5.3 -1.8
v 3.3 5.3 -1.8
v 3.4 5.3 -1.8
v -3.6 5.3 -1.9
v -3.5 5.3 -1.9
v 3.5 5.3 -1.9
v 3.6 5.3 -1.9
v -3.3 5.3 -2
v -3.2 5.3 -2
v 3.2 5.3 -2
v 3.3 5.3 -2
v -3.5 5.3 -2.1
v -3.4 5.3 -2.1
v 3.4 5.3 -2.1
v 3.5 5.3 -2.1
v -3.4 5.3 -2.2
v -3.3 5.3 -2.2
v -3.2 5.3 -2.2
v -3.1 5.3 -2.2
v 3.1 5.3 -2.2
v 3.2 5.3 -2.2
v 3.3 5.3 -2.2
v 3.4 5.3 -2.2
v -3.1 5.3 -2.3
v -3 5.3 -2.3
v 3 5.3 -2.3
v 3.1 5.3 -2.3
v -3.3 5.3 -2.4
v -3.2 5.3 -2.4
v -3 5.3 -2.4
v -2.9 5.3 -2.4
v 2.9 5.3 -2.4
v 3 5.3 -2.4
v 3.2 5.3 -2.4
v 3.3 5.3 -2.4
v -3.2 5.3 -2.5
v -3.1 5.3 -2.5
v -2.9 5.3 -2.5
v -2.8 5.3 -2.5
v 2.8 5.3 -2.5
v 2.9 5.3 -2.5
v 3.1 5.3 -2.5
v 3.2 5.3 -2.5
v -3.1 5.3 -2.6
v -3 5.3 -2.6
v 3 5.3 -2.6
v 3.1 5.3 -2.6
v -3 5.3 -2.7
v -2.9 5.3 -2.7
v -2.8 5.3 -2.7
v -2.7 5.3 -2.7
v 2.7 5.3 -2.7
v 2.8 5.3 -2.7
v 2.9 5.3 -2.7
v 3 5.3 -2.7
v -2.9 5.3 -2.8
v -2.8 5.3 -2.8
v -2.7 5.3 -2.8
v -2.5 5.3 -2.8
v 2.5 5.3 -2.8
v 2.7 5.3 -2.8
v 2.8 5.3 -2.8
v 2.9 5.3 -2.8
v -2.8 5.3 -2.9
v -2.7 5.3 -2.9
v -2.5 5.3 -2.9
v -2.4 5.3 -2.9
v 2.4 5.3 -2.9
v 2.5 5.3 -2.9
v 2.7 5.3 -2.9
v 2.8 5.3 -2.9
v -2.7 5.3 -3
v -2.6 5.3 -3
v -2.4 5.3 -3
v -2.3 5.3 -3
v 2.3 5.3 -3
v 2.4 5.3 -3
v 2.6 5.3 -3
v 2.7 5.3 -3
v -2.6 5.3 -3.1
v -2.5 5.3 -3.1
v -2.3 5.3 -3.1
v -2.2 5.3 -3.1
v 2.2 5.3 -3.1
v 2.3 5.3 -3.1
v 2.5 5.3 -3.1
v 2.6 5.3 -3.1
v -2.5 5.3 -3.2
v -2.4 5.3 -3.2
v -2.2 5.3 -3.2
v -2 5.3 -3.2
v 2 5.3 -3.2
v 2.2 5.3 -3.2
v 2.4 5.3 -3.2
v 2.5 5.3 -3.2
v -2.4 5.3 -3.3
v -2.2 5.3 -3.3
v -2 5.3 -3.3
v -1.8 5.3 -3.3
v 1.8 5.3 -3.3
v 2 5.3 -3.3
v 2.2 5.3 -3.3
v 2.4 5.3 -3.3
v -2.2 5.3 -3.4
v -2.1 5.3 -3.4
v -1.8 5.3 -3.4
v -1.6 5.3 -3.4
v 1.6 5.3 -3.4
v 1.8 5.3 -3.4
v 2.1 5.3 -3.4
v 2.2 5.3 -3.4
v -2.1 5.3 -3.5
v -1.9 5.3 -3.5
v -1.6 5.3 -3.5
v -1.4 5.3 -3.5
v 1.4 5.3 -3.5
v 1.6 5.3 -3.5
v 1.9 5.3 -3.5
v 2.1 5.3 -3.5
v -1.9 5.3 -3.6
v -1.7 5.3 -3.6
v -1.4 5.3 -3.6
v -1.1 5.3 -3.6
v 1.1 5.3 -3.6
v 1.4 5.3 -3.6
v 1.7 5.3 -3.6
v 1.9 5.3 -3.6
v -1.7 5.3 -3.7
v -1.4 5.3 -3.7
v -1.1 5.3 -3.7
v -0.7 5.3 -3.7
v 0.7 5.3 -3.7
v 1.1 5.3 -3.7
v 1.4 5.3 -3.7
v 1.7 5.3 -3.7
v -1.4 5.3 -3.8
v -1.1 5.3 -3.8
v -0.7 5.3 -3.8
v 0.7 5.3 -3.8
v 1.1 5.3 -3.8
v 1.4 5.3 -3.8
v -1.1 5.3 -3.9
v -0.7 5.3 -3.9
v 0.7 5.3 -3.9
v 1.1 5.3 -3.9
v -0.7 5.3 -4
v 0.7 5.3 -4
v -0.7 4.7 4
v 0.7 4.7 4
v -1.1 4.7 3.9
v -0.7 4.7 3.9
v 0.7 4.7 3.9
v 1.1 4.7 3.9
v -1.4 4.7 3.8
v -1.1 4.7 3.8
v -0.7 4.7 3.8
v 0.7 4.7 3.8
v 1.1 4.7 3.8
v 1.4 4.7 3.8
v -1.7 4.7 3.7
v -1.4 4.7 3.7
v -1.1 4.7 3.7
v -0.7 4.7 3.7
v 0.7 4.7 3.7
v 1.1 4.7 3.7
v 1.4 4.7 3.7
v 1.7 4.7 3.7
v -1.9 4.7 3.6
v -1.7 4.7 3.6
v -1.4 4.7 3.6
v -1.1 4.7 3.6
v 1.1 4.7 3.6
v 1.4 4.7 3.6
v 1.7 4.7 3.6
v 1.9 4.7 3.6
v -2.1 4.7 3.5
v -1.9 4.7 3.5
v -1.6 4.7 3.5
v -1.4 4.7 3.5
v 1.4 4.7 3.5
v 1.6 4.7 3.5
v 1.9 4.7 3.5
v 2.1 4.7 3.5
v -2.2 4.7 3.4
v -2.1 4.7 3.4
v -1.8 4.7 3.4
v -1.6 4.7 3.4
v 1.6 4.7 3.4
v 1.8 4.7 3.4
v 2.1 4.7 3.4
v 2.2 4.7 3.4
v -2.4 4.7 3.3
v -2.2 4.7 3.3
v -2 4.7 3.3
v -1.8 4.7 3.3
v 1.8 4.7 3.3
v 2 4.7 3.3
v 2.2 4.7 3.3
v 2.4 4.7 3.3
v -2.5 4.7 3.2
v -2.4 4.7 3.2
v -2.2 4.7 3.2
v -2 4.7 3.2
v 2 4.7 3.2
v 2.2 4.7 3.2
v 2.4 4.7 3.2
v 2.5 4.7 3.2
v -2.6 4.7 3.1
v -2.5 4.7 3.1
v -2.3 4.7 3.1
v -2.2 4.7 3.1
v 2.2 4.7 3.1
v 2.3 4.7 3.1
v 2.5 4.7 3.1
v 2.6 4.7 3.1
v -2.7 4.7 3
v -2.6 4.7 3
v -2.4 4.7 3
v -2.3 4.7 3
v 2.3 4.7 3
v 2.4 4.7 3
v 2.6 4.7 3
v 2.7 4.7 3
v -2.8 4.7 2.9
v -2.7 4.7 2.9
v -2.5 4.7 2.9
v -2.4 4.7 2.9
v 2.4 4.7 2.9
v 2.5 4.7 2.9
v 2.7 4.7 2.9
v 2.8 4.7 2.9
v -2.9 4.7 2.8
v -2.8 4.7 2.8
v -2.7 4.7 2.8
v -2.5 4.7 2.8
v 2.5 4.7 2.8
v 2.7 4.7 2.8
v 2.8 4.7 2.8
v 2.9 4.7 2.8
v -3 4.7 2.7
v -2.9 4.7 2.7
v -2.8 4.7 2.7
v -2.7 4.7 2.7
v 2.7 4.7 2.7
v 2.8 4.7 2.7
v 2.9 4.7 2.7
v 3 4.7 2.7
v -3.1 4.7 2.6
v -3 4.7 2.6
v 3 4.7 2.6
v 3.1 4.7 2.6
v -3.2 4.7 2.5
v -3.1 4.7 2.5
v -2.9 4.7 2.5
v -2.8 4.7 2.5
v 2.8 4.7 2.5
v 2.9 4.7 2.5
v 3.1 4.7 2.5
v 3.2 4.7 2.5
v -3.3 4.7 2.4
v -3.2 4.7 2.4
v -3 4.7 2.4
v -2.9 4.7 2.4
v 2.9 4.7 2.4
v 3 4.7 2.4
v 3.2 4.7 2.4
v 3.3 4.7 2.4
v -3.1 4.7 2.3
v -3 4.7 2.3
v 3 4.7 2.3
v 3.1 4.7 2.3
v -3.4 4.7 2.2
v -3.3 4.7 2.2
v -3.2 4.7 2.2
v -3.1 4.7 2.2
v 3.1 4.7 2.2
v 3.2 4.7 2.2
v 3.3 4.7 2.2
v 3.4 4.7 2.2
v -3.5 4.7 2.1
v -3.4 4.7 2.1
v 3.4 4.7 2.1
v 3.5 4.7 2.1
v -3.3 4.7 2
v -3.2 4.7 2
v 3.2 4.7 2
v 3.3 4.7 2
v -3.6 4.7 1.9
v -3.5 4.7 1.9
v 3.5 4.7 1.9
v 3.6 4.7 1.9
v -3.4 4.7 1.8
v -3.3 4.7 1.8
v 3.3 4.7 1.8
v 3.4 4.7 1.8
v -3.7 4.7 1.7
v -3.6 4.7 1.7
v 3.6 4.7 1.7
v 3.7 4.7 1.7
v -3.5 4.7 1.6
v -3.4 4.7 1.6
v 3.4 4.7 1.6
v 3.5 4.7 1.6
v -3.8 4.7 1.4
v -3.7 4.7 1.4
v -3.6 4.7 1.4
v -3.5 4.7 1.4
v 3.5 4.7 1.4
v 3.6 4.7 1.4
v 3.7 4.7 1.4
v 3.8 4.7 1.4
v -3.9 4.7 1.1
v -3.8 4.7 1.1
v -3.7 4.7 1.1
v -3.6 4.7 1.1
v 3.6 4.7 1.1
v 3.7 4.7 1.1
v 3.8 4.7 1.1
v 3.9 4.7 1.1
v -4 4.7 0.7
v -3.9 4.7 0.7
v -3.8 4.7 0.7
v -3.7 4.7 0.7
v 3.7 4.7 0.7
v 3.8 4.7 0.7
v 3.9 4.7 0.7
v 4 4.7 0.7
v -4 4.7 -0.7
v -3.9 4.7 -0.7
v -3.8 4.7 -0.7
v -3.7 4.7 -0.7
v 3.7 4.7 -0.7
v 3.8 4.7 -0.7
v 3.9 4.7 -0.7
v 4 4.7 -0.7
v -3.9 4.7 -1.1
v -3.8 4.7 -1.1
v -3.7 4.7 -1.1
v -3.6 4.7 -1.1
v 3.6 4.7 -1.1
v 3.7 4.7 -1.1
v 3.8 4.7 -1.1
v 3.9 4.7 -1.1
v -3.8 4.7 -1.4
v -3.7 4.7 -1.4
v -3.6 4.7 -1.4
v -3.5 4.7 -1.4
v 3.5 4.7 -1.4
v 3.6 4.7 -1.4
v 3.7 4.7 -1.4
v 3.8 4.7 -1.4
v -3.5 4.7 -1.6
v -3.4 4.7 -1.6
v 3.4 4.7 -1.6
v 3.5 4.7 -1.6
v -3.7 4.7 -1.7
v -3.6 4.7 -1.7
v 3.6 4.7 -1.7
v 3.7 4.7 -1.7
v -3.4 4.7 -1.8
v -3.3 4.7 -1.8
v 3.3 4.7 -1.8
v 3.4 4.7 -1.8
v -3.6 4.7 -1.9
v -3.5 4.7 -1.9
v 3.5 4.7 -1.9
v 3.6 4.7 -1.9
v -3.3 4.7 -2
v -3.2 4.7 -2
v 3.2 4.7 -2
v 3.3 4.7 -2
v -3.5 4.7 -2.1
v -3.4 4.7 -2.1
v 3.4 4.7 -2.1
v 3.5 4.7 -2.1
v -3.4 4.7 -2.2
v -3.3 4.7 -2.2
v -3.2 4.7 -2.2
v -3.1 4.7 -2.2
v 3.1 4.7 -2.2
v 3.2 4.7 -2.2
v 3.3 4.7 -2.2
v 3.4 4.7 -2.2
v -3.1 4.7 -2.3
v -3 4.7 -2.3
v 3 4.7 -2.3
v 3.1 4.7 -2.3
v -3.3 4.7 -2.4
v -3.2 4.7 -2.4
v -3 4.7 -2.4
v -2.9 4.7 -2.4
v 2.9 4.7 -2.4
v 3 4.7 -2.4
v 3.2 4.7 -2.4
v 3.3 4.7 -2.4
v -3.2 4.7 -2.5
v -3.1 4.7 -2.5
v -2.9 4.7 -2.5
v -2.8 4.7 -2.5
v 2.8 4.7 -2.5
v 2.9 4.7 -2.5
v 3.1 4.7 -2.5
v 3.2 4.7 -2.5
v -3.1 4.7 -2.6
v -3 4.7 -2.6
v 3 4.7 -2.6
v 3.1 4.7 -2.6
v -3 4.7 -2.7
v -2.9 4.7 -2.7
v -2.8 4.7 -2.7
v -2.7 4.7 -2.7
v 2.7 4.7 -2.7
v 2.8 4.7 -2.7
v 2.9 4.7 -2.7
v 3 4.7 -2.7
v -2.9 4.7 -2.8
v -2.8 4.7 -2.8
v -2.7 4.7 -2.8
v -2.5 4.7 -2.8
v 2.5 4.7 -2.8
v 2.7 4.7 -2.8
v 2.8 4.7 -2.8
v 2.9 4.7 -2.8
v -2.8 4.7 -2.9
v -2.7 4.7 -2.9
v -2.5 4.7 -2.9
v -2.4 4.7 -2.9
v 2.4 4.7 -2.9
v 2.5 4.7 -2.9
v 2.7 4.7 -2.9
v 2.8 4.7 -2.9
v -2.7 4.7 -3
v -2.6 4.7 -3
v -2.4 4.7 -3
v -2.3 4.7 -3
v 2.3 4.7 -3
v 2.4 4.7 -3
v 2.6 4.7 -3
v 2.7 4.7 -3
v -2.6 4.7 -3.1
v -2.5 4.7 -3.1
v -2.3 4.7 -3.1
v -2.2 4.7 -3.1
v 2.2 4.7 -3.1
v 2.3 4.7 -3.1
v 2.5 4.7 -3.1
v 2.6 4.7 -3.1
v -2.5 4.7 -3.2
v -2.4 4.7 -3.2
v -2.2 4.7 -3.2
v -2 4.7 -3.2
v 2 4.7 -3.2
v 2.2 4.7 -3.2
v 2.4 4.7 -3.2
v 2.5 4.7 -3.2
v -2.4 4.7 -3.3
v -2.2 4.7 -3.3
v -2 4.7 -3.3
v -1.8 4.7 -3.3
v 1.8 4.7 -3.3
v 2 4.7 -3.3
v 2.2 4.7 -3.3
v 2.4 4.7 -3.3
v -2.2 4.7 -3.4
v -2.1 4.7 -3.4
v -1.8 4.7 -3.4
v -1.6 4.7 -3.4
v 1.6 4.7 -3.4
v 1.8 4.7 -3.4
v 2.1 4.7 -3.4
v 2.2 4.7 -3.4
v -2.1 4.7 -3.5
v -1.9 4.7 -3.5
v -1.6 4.7 -3.5
v -1.4 4.7 -3.5
v 1.4 4.7 -3.5
v 1.6 4.7 -3.5
v 1.9 4.7 -3.5
v 2.1 4.7 -3.5
v -1.9 4.7 -3.6
v -1.7 4.7 -3.6
v -1.4 4.7 -3.6
v -1.1 4.7 -3.6
v 1.1 4.7 -3.6
v 1.4 4.7 -3.6
v 1.7 4.7 -3.6
v 1.9 4.7 -3.6
v -1.7 4.7 -3.7
v -1.4 4.7 -3.7
v -1.1 4.7 -3.7
v -0.7 4.7 -3.7
v 0.7 4.7 -3.7
v 1.1 4.7 -3.7
v 1.4 4.7 -3.7
v 1.7 4.7 -3.7
v -1.4 4.7 -3.8
v -1.1 4.7 -3.8
v -0.7 4.7 -3.8
v 0.7 4.7 -3.8
v 1.1 4.7 -3.8
v 1.4 4.7 -3.8
v -1.1 4.7 -3.9
v -0.7 4.7 -3.9
v 0.7 4.7 -3.9
v 1.1 4.7 -3.9
v -0.7 4.7 -4
v 0.7 4.7 -4
v -0.2 4.9 3.9
v 0.1 4.9 3.9
v -0.2 4.9 3.8
v 0.1 4.9 3.8
v 2.6 4.9 2.9
v 2.7 4.9 2.9
v -2.8 4.9 2.8
v -2.7 4.9 2.8
v 2.6 4.9 2.8
v 2.7 4.9 2.8
v 2.8 4.9 2.8
v -2.9 4.9 2.7
v -2.8 4.9 2.7
v -2.7 4.9 2.7
v 2.7 4.9 2.7
v 2.8 4.9 2.7
v -2.9 4.9 2.6
v -2.8 4.9 2.6
v 3.8 4.9 0.2
v 3.9 4.9 0.2
v -3.9 4.9 0.0999999
v -3.8 4.9 0.0999999
v 3.8 4.9 -0.1
v 3.9 4.9 -0.1
v -3.9 4.9 -0.2
v -3.8 4.9 -0.2
v 2.8 4.9 -2.6
v 2.9 4.9 -2.6
v -2.8 4.9 -2.7
v -2.7 4.9 -2.7
v 2.7 4.9 -2.7
v 2.8 4.9 -2.7
v 2.9 4.9 -2.7
v -2.8 4.9 -2.8
v -2.7 4.9 -2.8
v -2.6 4.9 -2.8
v 2.7 4.9 -2.8
v 2.8 4.9 -2.8
v -2.7 4.9 -2.9
v -2.6 4.9 -2.9
v -0.0999999 4.9 -3.8
v 0.2 4.9 -3.8
v -0.0999999 4.9 -3.9
v 0.2 4.9 -3.9
v -0.5 5 3.9
v -0.3 5 3.9
v 0.1 5 3.9
v 0.2 5 3.9
v -0.5 5 3.8
v -0.3 5 3.8
v 0.1 5 3.8
v 0.2 5 3.8
v 2.3 5 3.1
v 2.5 5 3.1
v 2.3 5 3
v 2.4 5 3
v 2.5 5 3
v -2.7 5 2.9
v -2.6 5 2.9
v 2.4 5 2.9
v 2.5 5 2.9
v -2.7 5 2.8
v -2.6 5 2.8
v 2.8 5 2.7
v 2.9 5 2.7
v 2.8 5 2.6
v 2.9 5 2.6
v -3.1 5 2.5
v -3 5 2.5
v -2.9 5 2.5
v -3 5 2.4
v -2.9 5 2.4
v -3.1 5 2.3
v -3 5 2.3
v 3.8 5 0.5
v 3.9 5 0.5
v 3.8 5 0.3
v 3.9 5 0.3
v -3.9 5 0.2
v -3.8 5 0.2
v -3.9 5 0.0999999
v -3.8 5 0.0999999
v 3.8 5 -0.1
v 3.9 5 -0.1
v 3.8 5 -0.2
v 3.9 5 -0.2
v -3.9 5 -0.3
v -3.8 5 -0.3
v -3.9 5 -0.5
v -3.8 5 -0.5
v 3 5 -2.3
v 3.1 5 -2.3
v 2.9 5 -2.4
v 3 5 -2.4
v 2.9 5 -2.5
v 3 5 -2.5
v 3.1 5 -2.5
v -2.9 5 -2.6
v -2.8 5 -2.6
v -2.9 5 -2.7
v -2.8 5 -2.7
v 2.6 5 -2.8
v 2.7 5 -2.8
v -2.5 5 -2.9
v -2.4 5 -2.9
v 2.6 5 -2.9
v 2.7 5 -2.9
v -2.5 5 -3
v -2.4 5 -3
v -2.3 5 -3
v -2.5 5 -3.1
v -2.3 5 -3.1
v -0.2 5 -3.8
v -0.0999999 5 -3.8
v 0.3 5 -3.8
v 0.5 5 -3.8
v -0.2 5 -3.9
v -0.0999999 5 -3.9
v 0.3 5 -3.9
v 0.5 5 -3.9
v -0.3 5.1 3.9
v -0.2 5.1 3.9
v 0.2 5.1 3.9
v 0.5 5.1 3.9
v -0.3 5.1 3.8
v -0.2 5.1 3.8
v 0.2 5.1 3.8
v 0.5 5.1 3.8
v -2.5 5.1 3.1
v -2.3 5.1 3.1
v -2.6 5.1 3
v -2.5 5.1 3
v -2.4 5.1 3
v -2.3 5.1 3
v 2.5 5.1 3
v 2.6 5.1 3
v -2.6 5.1 2.9
v -2.5 5.1 2.9
v -2.4 5.1 2.9
v 2.5 5.1 2.9
v 2.6 5.1 2.9
v -2.6 5.1 2.8
v -2.5 5.1 2.8
v 2.5 5.1 2.8
v 2.6 5.1 2.8
v -3 5.1 2.6
v -2.9 5.1 2.6
v -2.8 5.1 2.6
v 2.8 5.1 2.6
v 2.9 5.1 2.6
v 3 5.1 2.6
v -3 5.1 2.5
v -2.9 5.1 2.5
v -2.8 5.1 2.5
v 2.8 5.1 2.5
v 2.9 5.1 2.5
v 3 5.1 2.5
v 3.1 5.1 2.5
v 2.9 5.1 2.4
v 3 5.1 2.4
v 3 5.1 2.3
v 3.1 5.1 2.3
v -3.9 5.1 0.5
v -3.8 5.1 0.5
v 3.8 5.1 0.3
v 3.9 5.1 0.3
v -3.9 5.1 0.2
v -3.8 5.1 0.2
v 3.8 5.1 0.2
v 3.9 5.1 0.2
v -3.9 5.1 -0.2
v -3.8 5.1 -0.2
v 3.8 5.1 -0.2
v 3.9 5.1 -0.2
v -3.9 5.1 -0.3
v -3.8 5.1 -0.3
v 3.8 5.1 -0.5
v 3.9 5.1 -0.5
v -3.1 5.1 -2.3
v -3 5.1 -2.3
v -3 5.1 -2.4
v -2.9 5.1 -2.4
v -3.1 5.1 -2.5
v -3 5.1 -2.5
v -2.9 5.1 -2.5
v -2.8 5.1 -2.5
v 2.8 5.1 -2.5
v 2.9 5.1 -2.5
v 3 5.1 -2.5
v -3 5.1 -2.6
v -2.9 5.1 -2.6
v -2.8 5.1 -2.6
v 2.8 5.1 -2.6
v 2.9 5.1 -2.6
v 3 5.1 -2.6
v -2.6 5.1 -2.8
v -2.5 5.1 -2.8
v 2.5 5.1 -2.8
v 2.6 5.1 -2.8
v -2.6 5.1 -2.9
v -2.5 5.1 -2.9
v 2.4 5.1 -2.9
v 2.5 5.1 -2.9
v 2.6 5.1 -2.9
v -2.6 5.1 -3
v -2.5 5.1 -3
v 2.3 5.1 -3
v 2.4 5.1 -3
v 2.5 5.1 -3
v 2.6 5.1 -3
v 2.3 5.1 -3.1
v 2.5 5.1 -3.1
v -0.5 5.1 -3.8
v -0.2 5.1 -3.8
v 0.2 5.1 -3.8
v 0.3 5.1 -3.8
v -0.5 5.1 -3.9
v -0.2 5.1 -3.9
v 0.2 5.1 -3.9
v 0.3 5.1 -3.9
v -0.2 5.2 3.9
v 0.2 5.2 3.9
v -0.2 5.2 3.8
v 0.2 5.2 3.8
v -2.7 5.2 2.9
v -2.6 5.2 2.9
v 2.6 5.2 2.9
v 2.7 5.2 2.9
v -2.8 5.2 2.8
v -2.7 5.2 2.8
v -2.6 5.2 2.8
v 2.6 5.2 2.8
v 2.7 5.2 2.8
v 2.8 5.2 2.8
v -2.9 5.2 2.7
v -2.8 5.2 2.7
v -2.7 5.2 2.7
v 2.7 5.2 2.7
v 2.8 5.2 2.7
v 2.9 5.2 2.7
v -2.9 5.2 2.6
v -2.8 5.2 2.6
v 2.8 5.2 2.6
v 2.9 5.2 2.6
v -3.9 5.2 0.2
v -3.8 5.2 0.2
v 3.8 5.2 0.2
v 3.9 5.2 0.2
v -3.9 5.2 -0.2
v -3.8 5.2 -0.2
v 3.8 5.2 -0.2
v 3.9 5.2 -0.2
v -2.9 5.2 -2.6
v -2.8 5.2 -2.6
v 2.8 5.2 -2.6
v 2.9 5.2 -2.6
v -2.9 5.2 -2.7
v -2.8 5.2 -2.7
v -2.7 5.2 -2.7
v 2.7 5.2 -2.7
v 2.8 5.2 -2.7
v 2.9 5.2 -2.7
v -2.8 5.2 -2.8
v -2.7 5.2 -2.8
v -2.6 5.2 -2.8
v 2.6 5.2 -2.8
v 2.7 5.2 -2.8
v 2.8 5.2 -2.8
v -2.7 5.2 -2.9
v -2.6 5.2 -2.9
v 2.6 5.2 -2.9
v 2.7 5.2 -2.9
v -0.2 5.2 -3.8
v 0.2 5.2 -3.8
v -0.2 5.2 -3.9
v 0.2 5.2 -3.9
v -0.7 5.5 4
v 0.7 5.5 4
v -1.1 5.5 3.9
v -0.7 5.5 3.9
v 0.7 5.5 3.9
v 1.1 5.5 3.9
v -1.4 5.5 3.8
v -1.1 5.5 3.8
v 1.1 5.5 3.8
v 1.4 5.5 3.8
v -1.7 5.5 3.7
v -1.4 5.5 3.7
v 1.4 5.5 3.7
v 1.7 5.5 3.7
v -1.9 5.5 3.6
v -1.7 5.5 3.6
v -0.6 5.5 3.6
v 0.6 5.5 3.6
v 1.7 5.5 3.6
v 1.9 5.5 3.6
v -2.1 5.5 3.5
v -1.9 5.5 3.5
v -1.1 5.5 3.5
v -0.6 5.5 3.5
v 0.6 5.5 3.5
v 1.1 5.5 3.5
v 1.9 5.5 3.5
v 2.1 5.5 3.5
v -2.2 5.5 3.4
v -2.1 5.5 3.4
v -1.4 5.5 3.4
v -1.1 5.5 3.4
v 1.1 5.5 3.4
v 1.4 5.5 3.4
v 2.1 5.5 3.4
v 2.2 5.5 3.4
v -2.4 5.5 3.3
v -2.2 5.5 3.3
v -1.6 5.5 3.3
v -1.4 5.5 3.3
v 1.4 5.5 3.3
v 1.6 5.5 3.3
v 2.2 5.5 3.3
v 2.4 5.5 3.3
v -2.5 5.5 3.2
v -2.4 5.5 3.2
v -1.8 5.5 3.2
v -1.6 5.5 3.2
v 1.6 5.5 3.2
v 1.8 5.5 3.2
v 2.4 5.5 3.2
v 2.5 5.5 3.2
v -2.6 5.5 3.1
v -2.5 5.5 3.1
v -1.9 5.5 3.1
v -1.8 5.5 3.1
v 1.8 5.5 3.1
v 1.9 5.5 3.1
v 2.5 5.5 3.1
v 2.6 5.5 3.1
v -2.7 5.5 3
v -2.6 5.5 3
v -2.1 5.5 3
v -1.9 5.5 3
v 1.9 5.5 3
v 2.1 5.5 3
v 2.6 5.5 3
v 2.7 5.5 3
v -2.8 5.5 2.9
v -2.7 5.5 2.9
v -2.2 5.5 2.9
v -2.1 5.5 2.9
v 2.1 5.5 2.9
v 2.2 5.5 2.9
v 2.7 5.5 2.9
v 2.8 5.5 2.9
v -2.9 5.5 2.8
v -2.8 5.5 2.8
v -2.4 5.5 2.8
v -2.2 5.5 2.8
v 2.2 5.5 2.8
v 2.4 5.5 2.8
v 2.8 5.5 2.8
v 2.9 5.5 2.8
v -3 5.5 2.7
v -2.9 5.5 2.7
v -2.5 5.5 2.7
v -2.4 5.5 2.7
v 2.4 5.5 2.7
v 2.5 5.5 2.7
v 2.9 5.5 2.7
v 3 5.5 2.7
v -3.1 5.5 2.6
v -3 5.5 2.6
v -2.6 5.5 2.6
v -2.5 5.5 2.6
v 2.5 5.5 2.6
v 2.6 5.5 2.6
v 3 5.5 2.6
v 3.1 5.5 2.6
v -3.2 5.5 2.5
v -3.1 5.5 2.5
v -2.7 5.5 2.5
v -2.6 5.5 2.5
v 2.6 5.5 2.5
v 2.7 5.5 2.5
v 3.1 5.5 2.5
v 3.2 5.5 2.5
v -3.3 5.5 2.4
v -3.2 5.5 2.4
v -2.8 5.5 2.4
v -2.7 5.5 2.4
v 2.7 5.5 2.4
v 2.8 5.5 2.4
v 3.2 5.5 2.4
v 3.3 5.5 2.4
v -3.4 5.5 2.2
v -3.3 5.5 2.2
v -2.9 5.5 2.2
v -2.8 5.5 2.2
v 2.8 5.5 2.2
v 2.9 5.5 2.2
v 3.3 5.5 2.2
v 3.4 5.5 2.2
v -3.5 5.5 2.1
v -3.4 5.5 2.1
v -3 5.5 2.1
v -2.9 5.5 2.1
v 2.9 5.5 2.1
v 3 5.5 2.1
v 3.4 5.5 2.1
v 3.5 5.5 2.1
v -3.6 5.5 1.9
v -3.5 5.5 1.9
v -3.1 5.5 1.9
v -3 5.5 1.9
v 3 5.5 1.9
v 3.1 5.5 1.9
v 3.5 5.5 1.9
v 3.6 5.5 1.9
v -3.2 5.5 1.8
v -3.1 5.5 1.8
v 3.1 5.5 1.8
v 3.2 5.5 1.8
v -3.7 5.5 1.7
v -3.6 5.5 1.7
v 3.6 5.5 1.7
v 3.7 5.5 1.7
v -3.3 5.5 1.6
v -3.2 5.5 1.6
v 3.2 5.5 1.6
v 3.3 5.5 1.6
v -3.8 5.5 1.4
v -3.7 5.5 1.4
v -3.4 5.5 1.4
v -3.3 5.5 1.4
v 3.3 5.5 1.4
v 3.4 5.5 1.4
v 3.7 5.5 1.4
v 3.8 5.5 1.4
v -3.9 5.5 1.1
v -3.8 5.5 1.1
v -3.5 5.5 1.1
v -3.4 5.5 1.1
v 3.4 5.5 1.1
v 3.5 5.5 1.1
v 3.8 5.5 1.1
v 3.9 5.5 1.1
v -4 5.5 0.7
v -3.9 5.5 0.7
v 3.9 5.5 0.7
v 4 5.5 0.7
v -3.6 5.5 0.6
v -3.5 5.5 0.6
v 3.5 5.5 0.6
v 3.6 5.5 0.6
v -3.6 5.5 -0.6
v -3.5 5.5 -0.6
v 3.5 5.5 -0.6
v 3.6 5.5 -0.6
v -4 5.5 -0.7
v -3.9 5.5 -0.7
v 3.9 5.5 -0.7
v 4 5.5 -0.7
v -3.9 5.5 -1.1
v -3.8 5.5 -1.1
v -3.5 5.5 -1.1
v -3.4 5.5 -1.1
v 3.4 5.5 -1.1
v 3.5 5.5 -1.1
v 3.8 5.5 -1.1
v 3.9 5.5 -1.1
v -3.8 5.5 -1.4
v -3.7 5.5 -1.4
v -3.4 5.5 -1.4
v -3.3 5.5 -1.4
v 3.3 5.5 -1.4
v 3.4 5.5 -1.4
v 3.7 5.5 -1.4
v 3.8 5.5 -1.4
v -3.3 5.5 -1.6
v -3.2 5.5 -1.6
v 3.2 5.5 -1.6
v 3.3 5.5 -1.6
v -3.7 5.5 -1.7
v -3.6 5.5 -1.7
v 3.6 5.5 -1.7
v 3.7 5.5 -1.7
v -3.2 5.5 -1.8
v -3.1 5.5 -1.8
v 3.1 5.5 -1.8
v 3.2 5.5 -1.8
v -3.6 5.5 -1.9
v -3.5 5.5 -1.9
v -3.1 5.5 -1.9
v -3 5.5 -1.9
v 3 5.5 -1.9
v 3.1 5.5 -1.9
v 3.5 5.5 -1.9
v 3.6 5.5 -1.9
v -3.5 5.5 -2.1
v -3.4 5.5 -2.1
v -3 5.5 -2.1
v -2.9 5.5 -2.1
v 2.9 5.5 -2.1
v 3 5.5 -2.1
v 3.4 5.5 -2.1
v 3.5 5.5 -2.1
v -3.4 5.5 -2.2
v -3.3 5.5 -2.2
v -2.9 5.5 -2.2
v -2.8 5.5 -2.2
v 2.8 5.5 -2.2
v 2.9 5.5 -2.2
v 3.3 5.5 -2.2
v 3.4 5.5 -2.2
v -3.3 5.5 -2.4
v -3.2 5.5 -2.4
v -2.8 5.5 -2.4
v -2.7 5.5 -2.4
v 2.7 5.5 -2.4
v 2.8 5.5 -2.4
v 3.2 5.5 -2.4
v 3.3 5.5 -2.4
v -3.2 5.5 -2.5
v -3.1 5.5 -2.5
v -2.7 5.5 -2.5
v -2.6 5.5 -2.5
v 2.6 5.5 -2.5
v 2.7 5.5 -2.5
v 3.1 5.5 -2.5
v 3.2 5.5 -2.5
v -3.1 5.5 -2.6
v -3 5.5 -2.6
v -2.6 5.5 -2.6
v -2.5 5.5 -2.6
v 2.5 5.5 -2.6
v 2.6 5.5 -2.6
v 3 5.5 -2.6
v 3.1 5.5 -2.6
v -3 5.5 -2.7
v -2.9 5.5 -2.7
v -2.5 5.5 -2.7
v -2.4 5.5 -2.7
v 2.4 5.5 -2.7
v 2.5 5.5 -2.7
v 2.9 5.5 -2.7
v 3 5.5 -2.7
v -2.9 5.5 -2.8
v -2.8 5.5 -2.8
v -2.4 5.5 -2.8
v -2.2 5.5 -2.8
v 2.2 5.5 -2.8
v 2.4 5.5 -2.8
v 2.8 5.5 -2.8
v 2.9 5.5 -2.8
v -2.8 5.5 -2.9
v -2.7 5.5 -2.9
v -2.2 5.5 -2.9
v -2.1 5.5 -2.9
v 2.1 5.5 -2.9
v 2.2 5.5 -2.9
v 2.7 5.5 -2.9
v 2.8 5.5 -2.9
v -2.7 5.5 -3
v -2.6 5.5 -3
v -2.1 5.5 -3
v -1.9 5.5 -3
v 1.9 5.5 -3
v 2.1 5.5 -3
v 2.6 5.5 -3
v 2.7 5.5 -3
v -2.6 5.5 -3.1
v -2.5 5.5 -3.1
v -1.9 5.5 -3.1
v -1.8 5.5 -3.1
v 1.8 5.5 -3.1
v 1.9 5.5 -3.1
v 2.5 5.5 -3.1
v 2.6 5.5 -3.1
v -2.5 5.5 -3.2
v -2.4 5.5 -3.2
v -1.8 5.5 -3.2
v -1.6 5.5 -3.2
v 1.6 5.5 -3.2
v 1.8 5.5 -3.2
v 2.4 5.5 -3.2
v 2.5 5.5 -3.2
v -2.4 5.5 -3.3
v -2.2 5.5 -3.3
v -1.6 5.5 -3.3
v -1.4 5.5 -3.3
v 1.4 5.5 -3.3
v 1.6 5.5 -3.3
v 2.2 5.5 -3.3
v 2.4 5.5 -3.3
v -2.2 5.5 -3.4
v -2.1 5.5 -3.4
v -1.4 5.5 -3.4
v -1.1 5.5 -3.4
v 1.1 5.5 -3.4
v 1.4 5.5 -3.4
v 2.1 5.5 -3.4
v 2.2 5.5 -3.4
v -2.1 5.5 -3.5
v -1.9 5.5 -3.5
v -1.1 5.5 -3.5
v -0.6 5.5 -3.5
v 0.6 5.5 -3.5
v 1.1 5.5 -3.5
v 1.9 5.5 -3.5
v 2.1 5.5 -3.5
v -1.9 5.5 -3.6
v -1.7 5.5 -3.6
v -0.6 5.5 -3.6
v 0.6 5.5 -3.6
v 1.7 5.5 -3.6
v 1.9 5.5 -3.6
v -1.7 5.5 -3.7
v -1.4 5.5 -3.7
v 1.4 5.5 -3.7
v 1.7 5.5 -3.7
v -1.4 5.5 -3.8
v -1.1 5.5 -3.8
v 1.1 5.5 -3.8
v 1.4 5.5 -3.8
v -1.1 5.5 -3.9
v -0.7 5.5 -3.9
v 0.7 5.5 -3.9
v 1.1 5.5 -3.9
v -0.7 5.5 -4
v 0.7 5.5 -4

# faces
f 3/1/1 2/1/1 1/1/1
f 4/1/1 2/1/1 3/1/1
f 7/1/1 6/1/1 5/1/1
f 8/1/1 6/1/1 7/1/1
f 13/1/1 10/1/1 9/1/1
f 14/1/1 10/1/1 13/1/1
f 15/1/1 12/1/1 11/1/1
f 16/1/1 12/1/1 15/1/1
f 20/2/1 18/2/1 17/2/1
f 21/2/1 18/2/1 20/2/1
f 22/2/1 18/2/1 21/2/1
f 25/2/1 20/2/1 19/2/1
f 25/2/1 21/2/1 20/2/1
f 26/2/1 21/2/1 25/2/1
f 27/2/1 21/2/1 26/2/1
f 29/2/1 23/2/1 22/2/1
f 30/2/1 23/2/1 29/2/1
f 31/2/1 23/2/1 30/2/1
f 32/2/1 25/2/1 24/2/1
f 32/2/1 26/2/1 25/2/1
f 33/2/1 26/2/1 32/2/1
f 34/2/1 30/2/1 29/2/1
f 34/2/1 29/2/1 28/2/1
f 35/2/1 30/2/1 34/2/1
f 36/2/1 30/2/1 35/2/1
f 37/2/1 34/2/1 33/2/1
f 37/2/1 35/2/1 34/2/1
f 38/2/1 35/2/1 37/2/1
f 43/1/1 40/1/1 39/1/1
f 44/1/1 40/1/1 43/1/1
f 45/1/1 42/1/1 41/1/1
f 46/1/1 42/1/1 45/1/1
f 51/1/1 48/1/1 47/1/1
f 52/1/1 48/1/1 51/1/1
f 55/1/1 50/1/1 49/1/1
f 56/1/1 50/1/1 55/1/1
f 57/3/1 54/3/1 53/3/1
f 58/3/1 54/3/1 57/3/1
f 59/3/1 57/3/1 53/3/1
f 60/3/1 57/3/1 59/3/1
f 62/3/1 54/3/1 58/3/1
f 63/3/1 54/3/1 62/3/1
f 64/3/1 59/3/1 53/3/1
f 65/3/1 59/3/1 64/3/1
f 67/3/1 62/3/1 61/3/1
f 68/3/1 62/3/1 67/3/1
f 69/3/1 62/3/1 68/3/1
f 71/3/1 54/3/1 63/3/1
f 72/3/1 64/3/1 53/3/1
f 73/3/1 67/3/1 66/3/1
f 73/3/1 68/3/1 67/3/1
f 74/3/1 68/3/1 73/3/1
f 76/3/1 71/3/1 70/3/1
f 77/3/1 73/3/1 72/3/1
f 78/3/1 76/3/1 75/3/1
f 81/3/1 77/3/1 72/3/1
f 81/3/1 72/3/1 53/3/1
f 81/3/1 78/3/1 77/3/1
f 82/3/1 54/3/1 71/3/1
f 82/3/1 78/3/1 81/3/1
f 82/3/1 76/3/1 78/3/1
f 82/3/1 71/3/1 76/3/1
f 85/1/1 80/1/1 79/1/1
f 86/1/1 80/1/1 85/1/1
f 87/1/1 84/1/1 83/1/1
f 88/1/1 84/1/1 87/1/1
f 93/1/1 90/1/1 89/1/1
f 94/1/1 90/1/1 93/1/1
f 99/1/1 92/1/1 91/1/1
f 100/1/1 92/1/1 99/1/1
f 103/3/1 96/3/1 95/3/1
f 104/3/1 96/3/1 103/3/1
f 105/3/1 98/3/1 97/3/1
f 106/3/1 98/3/1 105/3/1
f 109/1/1 102/1/1 101/1/1
f 110/1/1 102/1/1 109/1/1
f 111/1/1 108/1/1 107/1/1
f 112/1/1 108/1/1 111/1/1
f 117/1/1 114/1/1 113/1/1
f 118/1/1 114/1/1 117/1/1
f 123/1/1 116/1/1 115/1/1
f 124/1/1 116/1/1 123/1/1
f 127/3/1 120/3/1 119/3/1
f 128/3/1 120/3/1 127/3/1
f 129/3/1 122/3/1 121/3/1
f 130/3/1 122/3/1 129/3/1
f 133/1/1 126/1/1 125/1/1
f 134/1/1 126/1/1 133/1/1
f 135/1/1 132/1/1 131/1/1
f 136/1/1 132/1/1 135/1/1
f 141/1/1 138/1/1 137/1/1
f 142/1/1 138/1/1 141/1/1
f 147/1/1 140/1/1 139/1/1
f 148/1/1 140/1/1 147/1/1
f 151/3/1 144/3/1 143/3/1
f 152/3/1 144/3/1 151/3/1
f 153/3/1 146/3/1 145/3/1
f 154/3/1 146/3/1 153/3/1
f 157/1/1 150/1/1 149/1/1
f 158/1/1 150/1/1 157/1/1
f 159/1/1 156/1/1 155/1/1
f 160/1/1 156/1/1 159/1/1
f 165/1/1 162/1/1 161/1/1
f 166/1/1 162/1/1 165/1/1
f 171/1/1 164/1/1 163/1/1
f 172/1/1 164/1/1 171/1/1
f 175/3/1 168/3/1 167/3/1
f 176/3/1 168/3/1 175/3/1
f 177/3/1 170/3/1 169/3/1
f 178/3/1 170/3/1 177/3/1
f 181/1/1 174/1/1 173/1/1
f 182/1/1 174/1/1 181/1/1
f 183/1/1 180/1/1 179/1/1
f 184/1/1 180/1/1 183/1/1
f 189/1/1 186/1/1 185/1/1
f 190/1/1 186/1/1 189/1/1
f 195/1/1 188/1/1 187/1/1
f 196/1/1 188/1/1 195/1/1
f 199/3/1 192/3/1 191/3/1
f 200/3/1 192/3/1 199/3/1
f 201/3/1 194/3/1 193/3/1
f 202/3/1 194/3/1 201/3/1
f 205/1/1 198/1/1 197/1/1
f 206/1/1 198/1/1 205/1/1
f 207/1/1 204/1/1 203/1/1
f 208/1/1 204/1/1 207/1/1
f 213/1/1 210/1/1 209/1/1
f 214/1/1 210/1/1 213/1/1
f 219/1/1 212/1/1 211/1/1
f 220/1/1 212/1/1 219/1/1
f 223/3/1 216/3/1 215/3/1
f 224/3/1 216/3/1 223/3/1
f 225/3/1 218/3/1 217/3/1
f 226/3/1 218/3/1 225/3/1
f 229/1/1 222/1/1 221/1/1
f 230/1/1 222/1/1 229/1/1
f 231/1/1 228/1/1 227/1/1
f 232/1/1 228/1/1 231/1/1
f 237/1/1 234/1/1 233/1/1
f 238/1/1 234/1/1 237/1/1
f 243/1/1 236/1/1 235/1/1
f 244/1/1 236/1/1 243/1/1
f 246/3/1 240/3/1 239/3/1
f 247/2/1 246/2/1 245/2/1
f 248/3/1 240/3/1 246/3/1
f 248/2/1 246/2/1 247/2/1
f 249/3/1 242/3/1 241/3/1
f 251/2/1 250/2/1 249/2/1
f 251/3/1 249/3/1 241/3/1
f 252/2/1 250/2/1 251/2/1
f 255/3/1 240/3/1 248/3/1
f 256/3/1 240/3/1 255/3/1
f 257/3/1 251/3/1 241/3/1
f 258/3/1 251/3/1 257/3/1
f 261/1/1 254/1/1 253/1/1
f 262/1/1 254/1/1 261/1/1
f 263/1/1 260/1/1 259/1/1
f 264/1/1 260/1/1 263/1/1
f 269/1/1 266/1/1 265/1/1
f 270/1/1 266/1/1 269/1/1
f 275/1/1 268/1/1 267/1/1
f 276/1/1 268/1/1 275/1/1
f 279/3/1 272/3/1 271/3/1
f 280/3/1 272/3/1 279/3/1
f 283/2/1 278/2/1 277/2/1
f 286/3/1 274/3/1 273/3/1
f 287/3/1 274/3/1 286/3/1
f 288/2/1 282/2/1 281/2/1
f 289/2/1 283/2/1 277/2/1
f 290/2/1 283/2/1 289/2/1
f 293/2/1 282/2/1 288/2/1
f 294/2/1 282/2/1 293/2/1
f 297/3/1 285/3/1 284/3/1
f 298/3/1 285/3/1 297/3/1
f 299/3/1 292/3/1 291/3/1
f 300/3/1 292/3/1 299/3/1
f 303/1/1 296/1/1 295/1/1
f 304/1/1 296/1/1 303/1/1
f 305/1/1 302/1/1 301/1/1
f 306/1/1 302/1/1 305/1/1
f 311/1/1 308/1/1 307/1/1
f 312/1/1 308/1/1 311/1/1
f 317/1/1 310/1/1 309/1/1
f 318/1/1 310/1/1 317/1/1
f 323/2/1 320/2/1 319/2/1
f 324/2/1 320/2/1 323/2/1
f 325/3/1 314/3/1 313/3/1
f 326/3/1 314/3/1 325/3/1
f 327/3/1 316/3/1 315/3/1
f 328/2/1 322/2/1 321/2/1
f 333/3/1 327/3/1 315/3/1
f 334/3/1 327/3/1 333/3/1
f 335/2/1 322/2/1 328/2/1
f 336/2/1 322/2/1 335/2/1
f 337/2/1 330/2/1 329/2/1
f 338/3/1 332/3/1 331/3/1
f 343/2/1 337/2/1 329/2/1
f 344/2/1 337/2/1 343/2/1
f 345/2/1 342/2/1 341/2/1
f 346/2/1 342/2/1 345/2/1
f 349/3/1 332/3/1 338/3/1
f 350/3/1 332/3/1 349/3/1
f 351/3/1 340/3/1 339/3/1
f 352/3/1 340/3/1 351/3/1
f 355/1/1 348/1/1 347/1/1
f 356/1/1 348/1/1 355/1/1
f 357/1/1 354/1/1 353/1/1
f 358/1/1 354/1/1 357/1/1
f 363/1/1 360/1/1 359/1/1
f 364/1/1 360/1/1 363/1/1
f 369/1/1 362/1/1 361/1/1
f 370/1/1 362/1/1 369/1/1
f 372/3/1 366/3/1 365/3/1
f 373/3/1 366/3/1 372/3/1
f 374/3/1 368/3/1 367/3/1
f 375/3/1 368/3/1 374/3/1
f 377/2/1 372/2/1 371/2/1
f 378/2/1 372/2/1 377/2/1
f 379/3/1 366/3/1 373/3/1
f 380/3/1 366/3/1 379/3/1
f 381/3/1 374/3/1 367/3/1
f 382/3/1 374/3/1 381/3/1
f 383/2/1 376/2/1 375/2/1
f 384/2/1 376/2/1 383/2/1
f 385/3/1 379/3/1 378/3/1
f 386/3/1 379/3/1 385/3/1
f 394/3/1 388/3/1 387/3/1
f 395/3/1 388/3/1 394/3/1
f 397/2/1 390/2/1 389/2/1
f 398/2/1 390/2/1 397/2/1
f 399/3/1 392/3/1 391/3/1
f 400/3/1 394/3/1 393/3/1
f 401/2/1 396/2/1 395/2/1
f 402/2/1 396/2/1 401/2/1
f 405/3/1 399/3/1 398/3/1
f 406/3/1 392/3/1 399/3/1
f 406/3/1 399/3/1 405/3/1
f 407/3/1 400/3/1 393/3/1
f 407/3/1 401/3/1 400/3/1
f 408/3/1 401/3/1 407/3/1
f 411/1/1 404/1/1 403/1/1
f 412/1/1 404/1/1 411/1/1
f 413/1/1 410/1/1 409/1/1
f 414/1/1 410/1/1 413/1/1
f 419/1/1 416/1/1 415/1/1
f 420/1/1 416/1/1 419/1/1
f 425/1/1 418/1/1 417/1/1
f 426/1/1 418/1/1 425/1/1
f 428/3/1 422/3/1 421/3/1
f 429/3/1 422/3/1 428/3/1
f 430/3/1 424/3/1 423/3/1
f 431/3/1 424/3/1 430/3/1
f 433/2/1 428/2/1 427/2/1
f 436/2/1 432/2/1 431/2/1
f 437/2/1 432/2/1 436/2/1
f 438/2/1 433/2/1 427/2/1
f 439/3/1 434/3/1 433/3/1
f 439/2/1 433/2/1 438/2/1
f 440/3/1 436/3/1 435/3/1
f 443/3/1 434/3/1 439/3/1
f 444/3/1 434/3/1 443/3/1
f 445/3/1 440/3/1 435/3/1
f 446/2/1 441/2/1 440/2/1
f 446/3/1 440/3/1 445/3/1
f 447/2/1 443/2/1 442/2/1
f 448/2/1 443/2/1 447/2/1
f 451/2/1 441/2/1 446/2/1
f 452/2/1 441/2/1 451/2/1
f 455/3/1 449/3/1 448/3/1
f 456/3/1 449/3/1 455/3/1
f 457/3/1 451/3/1 450/3/1
f 458/3/1 451/3/1 457/3/1
f 461/1/1 454/1/1 453/1/1
f 462/1/1 454/1/1 461/1/1
f 463/1/1 460/1/1 459/1/1
f 464/1/1 460/1/1 463/1/1
f 469/1/1 466/1/1 465/1/1
f 470/1/1 466/1/1 469/1/1
f 471/1/1 468/1/1 467/1/1
f 472/1/1 468/1/1 471/1/1
f 478/2/1 474/2/1 473/2/1
f 480/2/1 477/2/1 476/2/1
f 480/2/1 476/2/1 475/2/1
f 481/2/1 477/2/1 480/2/1
f 482/2/1 479/2/1 478/2/1
f 482/2/1 478/2/1 473/2/1
f 483/2/1 479/2/1 482/2/1
f 484/2/1 479/2/1 483/2/1
f 485/2/1 477/2/1 481/2/1
f 486/2/1 477/2/1 485/2/1
f 491/1/1 488/1/1 487/1/1
f 492/1/1 488/1/1 491/1/1
f 493/1/1 490/1/1 489/1/1
f 494/1/1 490/1/1 493/1/1
f 499/1/1 496/1/1 495/1/1
f 500/1/1 496/1/1 499/1/1
f 505/1/1 498/1/1 497/1/1
f 506/1/1 498/1/1 505/1/1
f 507/3/1 502/3/1 501/3/1
f 508/3/1 502/3/1 507/3/1
f 509/3/1 504/3/1 503/3/1
f 510/3/1 504/3/1 509/3/1
f 515/2/1 512/2/1 511/2/1
f 516/2/1 512/2/1 515/2/1
f 517/2/1 514/2/1 513/2/1
f 518/2/1 514/2/1 517/2/1
f 525/3/1 520/3/1 519/3/1
f 526/3/1 520/3/1 525/3/1
f 527/3/1 522/3/1 521/3/1
f 528/3/1 522/3/1 527/3/1
f 531/1/1 524/1/1 523/1/1
f 532/1/1 524/1/1 531/1/1
f 533/1/1 530/1/1 529/1/1
f 534/1/1 530/1/1 533/1/1
f 539/1/1 536/1/1 535/1/1
f 540/1/1 536/1/1 539/1/1
f 545/1/1 538/1/1 537/1/1
f 546/1/1 538/1/1 545/1/1
f 547/3/1 544/3/1 543/3/1
f 548/3/1 544/3/1 547/3/1
f 549/3/1 542/3/1 541/3/1
f 550/3/1 542/3/1 549/3/1
f 557/3/1 554/3/1 553/3/1
f 558/3/1 554/3/1 557/3/1
f 559/3/1 552/3/1 551/3/1
f 560/3/1 552/3/1 559/3/1
f 563/1/1 556/1/1 555/1/1
f 564/1/1 556/1/1 563/1/1
f 565/1/1 562/1/1 561/1/1
f 566/1/1 562/1/1 565/1/1
f 571/3/1 570/3/1 569/3/1
f 572/3/1 570/3/1 571/3/1
f 573/3/1 568/3/1 567/3/1
f 574/3/1 568/3/1 573/3/1
f 579/3/1 578/3/1 577/3/1
f 580/3/1 578/3/1 579/3/1
f 581/3/1 576/3/1 575/3/1
f 582/3/1 576/3/1 581/3/1
f 587/1/1 584/1/1 583/1/1
f 588/1/1 584/1/1 587/1/1
f 593/1/1 586/1/1 585/1/1
f 594/1/1 586/1/1 593/1/1
f 597/3/1 590/3/1 589/3/1
f 598/3/1 590/3/1 597/3/1
f 599/3/1 592/3/1 591/3/1
f 600/3/1 592/3/1 599/3/1
f 603/1/1 596/1/1 595/1/1
f 604/1/1 596/1/1 603/1/1
f 605/1/1 602/1/1 601/1/1
f 606/1/1 602/1/1 605/1/1
f 611/1/1 608/1/1 607/1/1
f 612/1/1 608/1/1 611/1/1
f 613/1/1 610/1/1 609/1/1
f 614/1/1 610/1/1 613/1/1
f 619/1/1 616/1/1 615/1/1
f 620/1/1 616/1/1 619/1/1
f 621/1/1 618/1/1 617/1/1
f 622/1/1 618/1/1 621/1/1
f 627/3/1 624/3/1 623/3/1
f 628/3/1 624/3/1 627/3/1
f 629/3/1 626/3/1 625/3/1
f 630/3/1 626/3/1 629/3/1
f 635/1/1 632/1/1 631/1/1
f 636/1/1 632/1/1 635/1/1
f 637/1/1 634/1/1 633/1/1
f 638/1/1 634/1/1 637/1/1
f 643/1/1 640/1/1 639/1/1
f 644/1/1 640/1/1 643/1/1
f 645/1/1 642/1/1 641/1/1
f 646/1/1 642/1/1 645/1/1
f 651/3/1 648/3/1 647/3/1
f 652/3/1 648/3/1 651/3/1
f 653/3/1 650/3/1 649/3/1
f 654/3/1 650/3/1 653/3/1
f 659/1/1 656/1/1 655/1/1
f 660/1/1 656/1/1 659/1/1
f 661/1/1 658/1/1 657/1/1
f 662/1/1 658/1/1 661/1/1
f 667/1/1 664/1/1 663/1/1
f 668/1/1 664/1/1 667/1/1
f 669/1/1 666/1/1 665/1/1
f 670/1/1 666/1/1 669/1/1
f 675/3/1 672/3/1 671/3/1
f 676/3/1 672/3/1 675/3/1
f 677/3/1 674/3/1 673/3/1
f 678/3/1 674/3/1 677/3/1
f 683/1/1 680/1/1 679/1/1
f 684/1/1 680/1/1 683/1/1
f 689/1/1 682/1/1 681/1/1
f 690/1/1 682/1/1 689/1/1
f 693/3/1 686/3/1 685/3/1
f 694/3/1 686/3/1 693/3/1
f 695/3/1 688/3/1 687/3/1
f 696/3/1 688/3/1 695/3/1
f 699/1/1 692/1/1 691/1/1
f 700/1/1 692/1/1 699/1/1
f 701/1/1 698/1/1 697/1/1
f 702/1/1 698/1/1 701/1/1
f 707/1/1 704/1/1 703/1/1
f 708/1/1 704/1/1 707/1/1
f 713/1/1 706/1/1 705/1/1
f 714/1/1 706/1/1 713/1/1
f 717/3/1 710/3/1 709/3/1
f 718/3/1 710/3/1 717/3/1
f 719/3/1 712/3/1 711/3/1
f 720/3/1 712/3/1 719/3/1
f 723/1/1 716/1/1 715/1/1
f 724/1/1 716/1/1 723/1/1
f 725/1/1 722/1/1 721/1/1
f 726/1/1 722/1/1 725/1/1
f 731/1/1 728/1/1 727/1/1
f 732/1/1 728/1/1 731/1/1
f 737/1/1 730/1/1 729/1/1
f 738/1/1 730/1/1 737/1/1
f 741/3/1 734/3/1 733/3/1
f 742/3/1 734/3/1 741/3/1
f 743/3/1 736/3/1 735/3/1
f 744/3/1 736/3/1 743/3/1
f 747/1/1 740/1/1 739/1/1
f 748/1/1 740/1/1 747/1/1
f 749/1/1 746/1/1 745/1/1
f 750/1/1 746/1/1 749/1/1
f 753/2/1 752/2/1 751/2/1
f 754/2/1 752/2/1 753/2/1
f 757/2/1 756/2/1 755/2/1
f 758/2/1 756/2/1 757/2/1
f 763/2/1 760/2/1 759/2/1
f 764/2/1 760/2/1 763/2/1
f 765/2/1 762/2/1 761/2/1
f 766/2/1 762/2/1 765/2/1
f 771/2/1 768/2/1 767/2/1
f 772/2/1 768/2/1 771/2/1
f 773/2/1 770/2/1 769/2/1
f 774/2/1 770/2/1 773/2/1
f 779/2/1 776/2/1 775/2/1
f 780/2/1 776/2/1 779/2/1
f 781/2/1 778/2/1 777/2/1
f 782/2/1 778/2/1 781/2/1
f 785/2/1 784/2/1 783/2/1
f 786/2/1 784/2/1 785/2/1
f 789/2/1 788/2/1 787/2/1
f 790/2/1 788/2/1 789/2/1
f 795/2/1 792/2/1 791/2/1
f 796/2/1 792/2/1 795/2/1
f 797/2/1 794/2/1 793/2/1
f 798/2/1 794/2/1 797/2/1
f 803/1/1 800/1/1 799/1/1
f 804/1/1 800/1/1 803/1/1
f 805/1/1 802/1/1 801/1/1
f 806/1/1 802/1/1 805/1/1
f 811/1/1 808/1/1 807/1/1
f 812/1/1 808/1/1 811/1/1
f 813/1/1 810/1/1 809/1/1
f 814/1/1 810/1/1 813/1/1
f 819/1/1 816/1/1 815/1/1
f 820/1/1 816/1/1 819/1/1
f 821/1/1 818/1/1 817/1/1
f 822/1/1 818/1/1 821/1/1
f 827/1/1 824/1/1 823/1/1
f 828/1/1 824/1/1 827/1/1
f 829/1/1 826/1/1 825/1/1
f 830/1/1 826/1/1 829/1/1
f 835/1/1 832/1/1 831/1/1
f 836/1/1 832/1/1 835/1/1
f 837/1/1 834/1/1 833/1/1
f 838/1/1 834/1/1 837/1/1
f 843/1/1 840/1/1 839/1/1
f 844/1/1 840/1/1 843/1/1
f 845/1/1 842/1/1 841/1/1
f 846/1/1 842/1/1 845/1/1
f 851/1/1 848/1/1 847/1/1
f 852/1/1 848/1/1 851/1/1
f 853/1/1 850/1/1 849/1/1
f 854/1/1 850/1/1 853/1/1
f 859/1/1 856/1/1 855/1/1
f 860/1/1 856/1/1 859/1/1
f 861/1/1 858/1/1 857/1/1
f 862/1/1 858/1/1 861/1/1
f 867/1/1 864/1/1 863/1/1
f 868/1/1 864/1/1 867/1/1
f 869/1/1 866/1/1 865/1/1
f 870/1/1 866/1/1 869/1/1
f 879/2/1 876/2/1 875/2/1
f 880/2/1 876/2/1 879/2/1
f 881/2/1 878/2/1 877/2/1
f 882/2/1 878/2/1 881/2/1
f 883/1/1 872/1/1 871/1/1
f 884/1/1 872/1/1 883/1/1
f 885/1/1 874/1/1 873/1/1
f 886/1/1 874/1/1 885/1/1
f 895/2/1 892/2/1 891/2/1
f 896/2/1 892/2/1 895/2/1
f 897/2/1 894/2/1 893/2/1
f 898/2/1 894/2/1 897/2/1
f 903/2/1 900/2/1 899/2/1
f 904/2/1 900/2/1 903/2/1
f 905/2/1 902/2/1 901/2/1
f 906/2/1 902/2/1 905/2/1
f 907/1/1 888/1/1 887/1/1
f 908/1/1 888/1/1 907/1/1
f 909/1/1 890/1/1 889/1/1
f 910/1/1 890/1/1 909/1/1
f 915/1/1 912/1/1 911/1/1
f 916/1/1 912/1/1 915/1/1
f 917/1/1 914/1/1 913/1/1
f 918/1/1 914/1/1 917/1/1
f 923/1/1 920/1/1 919/1/1
f 924/1/1 920/1/1 923/1/1
f 925/1/1 922/1/1 921/1/1
f 926/1/1 922/1/1 925/1/1
f 931/1/1 928/1/1 927/1/1
f 932/1/1 928/1/1 931/1/1
f 933/1/1 930/1/1 929/1/1
f 934/1/1 930/1/1 933/1/1
f 939/1/1 936/1/1 935/1/1
f 940/1/1 936/1/1 939/1/1
f 941/1/1 938/1/1 937/1/1
f 942/1/1 938/1/1 941/1/1
f 947/1/1 944/1/1 943/1/1
f 948/1/1 944/1/1 947/1/1
f 949/1/1 946/1/1 945/1/1
f 950/1/1 946/1/1 949/1/1
f 955/1/1 952/1/1 951/1/1
f 956/1/1 952/1/1 955/1/1
f 957/1/1 954/1/1 953/1/1
f 958/1/1 954/1/1 957/1/1
f 963/1/1 960/1/1 959/1/1
f 964/1/1 960/1/1 963/1/1
f 965/1/1 962/1/1 961/1/1
f 966/1/1 962/1/1 965/1/1
f 971/1/1 968/1/1 967/1/1
f 972/1/1 968/1/1 971/1/1
f 973/1/1 970/1/1 969/1/1
f 974/1/1 970/1/1 973/1/1
f 979/1/1 976/1/1 975/1/1
f 980/1/1 976/1/1 979/1/1
f 981/1/1 978/1/1 977/1/1
f 982/1/1 978/1/1 981/1/1
f 985/1/1 984/1/1 983/1/1
f 986/1/1 984/1/1 985/1/1
f 987/1/2 988/1/2 989/1/2
f 989/1/2 988/1/2 990/1/2
f 991/1/2 992/1/2 995/1/2
f 995/1/2 992/1/2 996/1/2
f 993/1/2 994/1/2 997/1/2
f 997/1/2 994/1/2 998/1/2
f 999/1/2 1000/1/2 1003/1/2
f 1003/1/2 1000/1/2 1004/1/2
f 1001/1/2 1002/1/2 1005/1/2
f 1005/1/2 1002/1/2 1006/1/2
f 1007/1/2 1008/1/2 1011/1/2
f 1011/1/2 1008/1/2 1012/1/2
f 1009/1/2 1010/1/2 1013/1/2
f 1013/1/2 1010/1/2 1014/1/2
f 1015/1/2 1016/1/2 1019/1/2
f 1019/1/2 1016/1/2 1020/1/2
f 1017/1/2 1018/1/2 1021/1/2
f 1021/1/2 1018/1/2 1022/1/2
f 1023/1/2 1024/1/2 1027/1/2
f 1027/1/2 1024/1/2 1028/1/2
f 1025/1/2 1026/1/2 1029/1/2
f 1029/1/2 1026/1/2 1030/1/2
f 1031/1/2 1032/1/2 1035/1/2
f 1035/1/2 1032/1/2 1036/1/2
f 1033/1/2 1034/1/2 1037/1/2
f 1037/1/2 1034/1/2 1038/1/2
f 1039/1/2 1040/1/2 1043/1/2
f 1043/1/2 1040/1/2 1044/1/2
f 1041/1/2 1042/1/2 1045/1/2
f 1045/1/2 1042/1/2 1046/1/2
f 1047/1/2 1048/1/2 1051/1/2
f 1051/1/2 1048/1/2 1052/1/2
f 1049/1/2 1050/1/2 1053/1/2
f 1053/1/2 1050/1/2 1054/1/2
f 1055/1/2 1056/1/2 1059/1/2
f 1059/1/2 1056/1/2 1060/1/2
f 1057/1/2 1058/1/2 1061/1/2
f 1061/1/2 1058/1/2 1062/1/2
f 1067/2/2 1068/2/2 1071/2/2
f 1071/2/2 1068/2/2 1072/2/2
f 1069/2/2 1070/2/2 1073/2/2
f 1073/2/2 1070/2/2 1074/2/2
f 1075/2/2 1076/2/2 1079/2/2
f 1079/2/2 1076/2/2 1080/2/2
f 1077/2/2 1078/2/2 1081/2/2
f 1081/2/2 1078/2/2 1082/2/2
f 1063/1/2 1064/1/2 1083/1/2
f 1083/1/2 1064/1/2 1084/1/2
f 1065/1/2 1066/1/2 1085/1/2
f 1085/1/2 1066/1/2 1086/1/2
f 1091/2/2 1092/2/2 1093/2/2
f 1093/2/2 1092/2/2 1094/2/2
f 1095/2/2 1096/2/2 1097/2/2
f 1097/2/2 1096/2/2 1098/2/2
f 1087/1/2 1088/1/2 1099/1/2
f 1099/1/2 1088/1/2 1100/1/2
f 1089/1/2 1090/1/2 1101/1/2
f 1101/1/2 1090/1/2 1102/1/2
f 1103/1/2 1104/1/2 1107/1/2
f 1107/1/2 1104/1/2 1108/1/2
f 1105/1/2 1106/1/2 1109/1/2
f 1109/1/2 1106/1/2 1110/1/2
f 1111/1/2 1112/1/2 1115/1/2
f 1115/1/2 1112/1/2 1116/1/2
f 1113/1/2 1114/1/2 1117/1/2
f 1117/1/2 1114/1/2 1118/1/2
f 1119/1/2 1120/1/2 1123/1/2
f 1123/1/2 1120/1/2 1124/1/2
f 1121/1/2 1122/1/2 1125/1/2
f 1125/1/2 1122/1/2 1126/1/2
f 1127/1/2 1128/1/2 1131/1/2
f 1131/1/2 1128/1/2 1132/1/2
f 1129/1/2 1130/1/2 1133/1/2
f 1133/1/2 1130/1/2 1134/1/2
f 1135/1/2 1136/1/2 1139/1/2
f 1139/1/2 1136/1/2 1140/1/2
f 1137/1/2 1138/1/2 1141/1/2
f 1141/1/2 1138/1/2 1142/1/2
f 1143/1/2 1144/1/2 1147/1/2
f 1147/1/2 1144/1/2 1148/1/2
f 1145/1/2 1146/1/2 1149/1/2
f 1149/1/2 1146/1/2 1150/1/2
f 1151/1/2 1152/1/2 1155/1/2
f 1155/1/2 1152/1/2 1156/1/2
f 1153/1/2 1154/1/2 1157/1/2
f 1157/1/2 1154/1/2 1158/1/2
f 1159/1/2 1160/1/2 1163/1/2
f 1163/1/2 1160/1/2 1164/1/2
f 1161/1/2 1162/1/2 1165/1/2
f 1165/1/2 1162/1/2 1166/1/2
f 1167/1/2 1168/1/2 1171/1/2
f 1171/1/2 1168/1/2 1172/1/2
f 1169/1/2 1170/1/2 1173/1/2
f 1173/1/2 1170/1/2 1174/1/2
f 1175/2/2 1176/2/2 1177/2/2
f 1177/2/2 1176/2/2 1178/2/2
f 1179/2/2 1180/2/2 1181/2/2
f 1181/2/2 1180/2/2 1182/2/2
f 1183/2/2 1184/2/2 1187/2/2
f 1187/2/2 1184/2/2 1188/2/2
f 1185/2/2 1186/2/2 1189/2/2
f 1189/2/2 1186/2/2 1190/2/2
f 1191/2/2 1192/2/2 1195/2/2
f 1195/2/2 1192/2/2 1196/2/2
f 1193/2/2 1194/2/2 1197/2/2
f 1197/2/2 1194/2/2 1198/2/2
f 1199/2/2 1200/2/2 1203/2/2
f 1203/2/2 1200/2/2 1204/2/2
f 1201/2/2 1202/2/2 1205/2/2
f 1205/2/2 1202/2/2 1206/2/2
f 1207/2/2 1208/2/2 1209/2/2
f 1209/2/2 1208/2/2 1210/2/2
f 1211/2/2 1212/2/2 1213/2/2
f 1213/2/2 1212/2/2 1214/2/2
f 1215/2/2 1216/2/2 1219/2/2
f 1219/2/2 1216/2/2 1220/2/2
f 1217/2/2 1218/2/2 1221/2/2
f 1221/2/2 1218/2/2 1222/2/2
f 1223/1/2 1224/1/2 1227/1/2
f 1227/1/2 1224/1/2 1228/1/2
f 1225/1/2 1226/1/2 1233/1/2
f 1233/1/2 1226/1/2 1234/1/2
f 1229/3/2 1230/3/2 1237/3/2
f 1237/3/2 1230/3/2 1238/3/2
f 1231/3/2 1232/3/2 1239/3/2
f 1239/3/2 1232/3/2 1240/3/2
f 1235/1/2 1236/1/2 1243/1/2
f 1243/1/2 1236/1/2 1244/1/2
f 1241/1/2 1242/1/2 1245/1/2
f 1245/1/2 1242/1/2 1246/1/2
f 1247/1/2 1248/1/2 1251/1/2
f 1251/1/2 1248/1/2 1252/1/2
f 1249/1/2 1250/1/2 1257/1/2
f 1257/1/2 1250/1/2 1258/1/2
f 1253/3/2 1254/3/2 1261/3/2
f 1261/3/2 1254/3/2 1262/3/2
f 1255/3/2 1256/3/2 1263/3/2
f 1263/3/2 1256/3/2 1264/3/2
f 1259/1/2 1260/1/2 1267/1/2
f 1267/1/2 1260/1/2 1268/1/2
f 1265/1/2 1266/1/2 1269/1/2
f 1269/1/2 1266/1/2 1270/1/2
f 1271/1/2 1272/1/2 1275/1/2
f 1275/1/2 1272/1/2 1276/1/2
f 1273/1/2 1274/1/2 1281/1/2
f 1281/1/2 1274/1/2 1282/1/2
f 1277/3/2 1278/3/2 1285/3/2
f 1285/3/2 1278/3/2 1286/3/2
f 1279/3/2 1280/3/2 1287/3/2
f 1287/3/2 1280/3/2 1288/3/2
f 1283/1/2 1284/1/2 1291/1/2
f 1291/1/2 1284/1/2 1292/1/2
f 1289/1/2 1290/1/2 1293/1/2
f 1293/1/2 1290/1/2 1294/1/2
f 1295/3/2 1296/3/2 1299/3/2
f 1299/3/2 1296/3/2 1300/3/2
f 1297/3/2 1298/3/2 1301/3/2
f 1301/3/2 1298/3/2 1302/3/2
f 1303/1/2 1304/1/2 1307/1/2
f 1307/1/2 1304/1/2 1308/1/2
f 1305/1/2 1306/1/2 1309/1/2
f 1309/1/2 1306/1/2 1310/1/2
f 1311/1/2 1312/1/2 1315/1/2
f 1315/1/2 1312/1/2 1316/1/2
f 1313/1/2 1314/1/2 1317/1/2
f 1317/1/2 1314/1/2 1318/1/2
f 1319/3/2 1320/3/2 1323/3/2
f 1323/3/2 1320/3/2 1324/3/2
f 1321/3/2 1322/3/2 1325/3/2
f 1325/3/2 1322/3/2 1326/3/2
f 1327/1/2 1328/1/2 1331/1/2
f 1331/1/2 1328/1/2 1332/1/2
f 1329/1/2 1330/1/2 1333/1/2
f 1333/1/2 1330/1/2 1334/1/2
f 1335/1/2 1336/1/2 1339/1/2
f 1339/1/2 1336/1/2 1340/1/2
f 1337/1/2 1338/1/2 1341/1/2
f 1341/1/2 1338/1/2 1342/1/2
f 1343/3/2 1344/3/2 1347/3/2
f 1347/3/2 1344/3/2 1348/3/2
f 1345/3/2 1346/3/2 1349/3/2
f 1349/3/2 1346/3/2 1350/3/2
f 1351/1/2 1352/1/2 1355/1/2
f 1355/1/2 1352/1/2 1356/1/2
f 1353/1/2 1354/1/2 1357/1/2
f 1357/1/2 1354/1/2 1358/1/2
f 1359/1/2 1360/1/2 1363/1/2
f 1363/1/2 1360/1/2 1364/1/2
f 1361/1/2 1362/1/2 1365/1/2
f 1365/1/2 1362/1/2 1366/1/2
f 1367/1/2 1368/1/2 1371/1/2
f 1371/1/2 1368/1/2 1372/1/2
f 1369/1/2 1370/1/2 1377/1/2
f 1377/1/2 1370/1/2 1378/1/2
f 1373/3/2 1374/3/2 1381/3/2
f 1381/3/2 1374/3/2 1382/3/2
f 1375/3/2 1376/3/2 1383/3/2
f 1383/3/2 1376/3/2 1384/3/2
f 1379/1/2 1380/1/2 1387/1/2
f 1387/1/2 1380/1/2 1388/1/2
f 1385/1/2 1386/1/2 1389/1/2
f 1389/1/2 1386/1/2 1390/1/2
f 1391/3/2 1392/3/2 1395/3/2
f 1395/3/2 1392/3/2 1396/3/2
f 1393/3/2 1394/3/2 1399/3/2
f 1399/3/2 1394/3/2 1400/3/2
f 1397/3/2 1398/3/2 1403/3/2
f 1403/3/2 1398/3/2 1404/3/2
f 1401/3/2 1402/3/2 1405/3/2
f 1405/3/2 1402/3/2 1406/3/2
f 1407/1/2 1408/1/2 1411/1/2
f 1411/1/2 1408/1/2 1412/1/2
f 1409/1/2 1410/1/2 1417/1/2
f 1417/1/2 1410/1/2 1418/1/2
f 1413/3/2 1414/3/2 1419/3/2
f 1419/3/2 1414/3/2 1420/3/2
f 1415/3/2 1416/3/2 1423/3/2
f 1423/3/2 1416/3/2 1424/3/2
f 1421/3/2 1422/3/2 1429/3/2
f 1429/3/2 1422/3/2 1430/3/2
f 1425/3/2 1426/3/2 1431/3/2
f 1431/3/2 1426/3/2 1432/3/2
f 1427/1/2 1428/1/2 1435/1/2
f 1435/1/2 1428/1/2 1436/1/2
f 1433/1/2 1434/1/2 1437/1/2
f 1437/1/2 1434/1/2 1438/1/2
f 1439/1/2 1440/1/2 1443/1/2
f 1443/1/2 1440/1/2 1444/1/2
f 1441/1/2 1442/1/2 1449/1/2
f 1449/1/2 1442/1/2 1450/1/2
f 1445/3/2 1446/3/2 1453/3/2
f 1453/3/2 1446/3/2 1454/3/2
f 1447/3/2 1448/3/2 1455/3/2
f 1455/3/2 1448/3/2 1456/3/2
f 1451/2/2 1452/2/2 1457/2/2
f 1457/2/2 1452/2/2 1458/2/2
f 1459/2/2 1460/2/2 1465/2/2
f 1465/2/2 1460/2/2 1466/2/2
f 1461/3/2 1462/3/2 1469/3/2
f 1469/3/2 1462/3/2 1470/3/2
f 1463/3/2 1464/3/2 1471/3/2
f 1471/3/2 1464/3/2 1472/3/2
f 1467/1/2 1468/1/2 1475/1/2
f 1475/1/2 1468/1/2 1476/1/2
f 1473/1/2 1474/1/2 1477/1/2
f 1477/1/2 1474/1/2 1478/1/2
f 1479/1/2 1480/1/2 1483/1/2
f 1483/1/2 1480/1/2 1484/1/2
f 1481/1/2 1482/1/2 1485/1/2
f 1485/1/2 1482/1/2 1486/1/2
f 1487/2/2 1488/2/2 1492/2/2
f 1488/2/2 1489/2/2 1492/2/2
f 1492/2/2 1489/2/2 1493/2/2
f 1490/2/2 1491/2/2 1495/2/2
f 1487/2/2 1492/2/2 1496/2/2
f 1496/2/2 1492/2/2 1497/2/2
f 1494/2/2 1495/2/2 1498/2/2
f 1495/2/2 1491/2/2 1499/2/2
f 1498/2/2 1495/2/2 1499/2/2
f 1499/2/2 1491/2/2 1500/2/2
f 1501/1/2 1502/1/2 1505/1/2
f 1505/1/2 1502/1/2 1506/1/2
f 1503/1/2 1504/1/2 1507/1/2
f 1507/1/2 1504/1/2 1508/1/2
f 1509/1/2 1510/1/2 1513/1/2
f 1513/1/2 1510/1/2 1514/1/2
f 1511/1/2 1512/1/2 1519/1/2
f 1519/1/2 1512/1/2 1520/1/2
f 1515/3/2 1516/3/2 1522/3/2
f 1522/3/2 1516/3/2 1523/3/2
f 1517/3/2 1518/3/2 1524/3/2
f 1524/3/2 1518/3/2 1525/3/2
f 1521/2/2 1522/2/2 1527/2/2
f 1527/2/2 1522/2/2 1528/2/2
f 1525/2/2 1526/2/2 1531/2/2
f 1528/3/2 1529/3/2 1533/3/2
f 1531/2/2 1526/2/2 1534/2/2
f 1530/3/2 1531/3/2 1534/3/2
f 1534/2/2 1526/2/2 1535/2/2
f 1532/2/2 1533/2/2 1536/2/2
f 1533/3/2 1529/3/2 1536/3/2
f 1536/3/2 1529/3/2 1537/3/2
f 1530/3/2 1534/3/2 1538/3/2
f 1538/3/2 1534/3/2 1539/3/2
f 1532/2/2 1536/2/2 1541/2/2
f 1541/2/2 1536/2/2 1542/2/2
f 1539/2/2 1540/2/2 1545/2/2
f 1545/2/2 1540/2/2 1546/2/2
f 1542/3/2 1543/3/2 1549/3/2
f 1549/3/2 1543/3/2 1550/3/2
f 1544/3/2 1545/3/2 1551/3/2
f 1551/3/2 1545/3/2 1552/3/2
f 1547/1/2 1548/1/2 1555/1/2
f 1555/1/2 1548/1/2 1556/1/2
f 1553/1/2 1554/1/2 1557/1/2
f 1557/1/2 1554/1/2 1558/1/2
f 1559/1/2 1560/1/2 1563/1/2
f 1563/1/2 1560/1/2 1564/1/2
f 1561/1/2 1562/1/2 1569/1/2
f 1569/1/2 1562/1/2 1570/1/2
f 1565/3/2 1566/3/2 1572/3/2
f 1572/3/2 1566/3/2 1573/3/2
f 1567/3/2 1568/3/2 1574/3/2
f 1574/3/2 1568/3/2 1575/3/2
f 1571/2/2 1572/2/2 1577/2/2
f 1577/2/2 1572/2/2 1578/2/2
f 1573/3/2 1566/3/2 1579/3/2
f 1579/3/2 1566/3/2 1580/3/2
f 1567/3/2 1574/3/2 1581/3/2
f 1581/3/2 1574/3/2 1582/3/2
f 1575/2/2 1576/2/2 1583/2/2
f 1583/2/2 1576/2/2 1584/2/2
f 1582/3/2 1583/3/2 1587/3/2
f 1587/3/2 1583/3/2 1588/3/2
f 1585/3/2 1586/3/2 1590/3/2
f 1590/3/2 1586/3/2 1591/3/2
f 1589/2/2 1590/2/2 1597/2/2
f 1597/2/2 1590/2/2 1598/2/2
f 1591/3/2 1592/3/2 1599/3/2
f 1593/3/2 1594/3/2 1600/3/2
f 1595/2/2 1596/2/2 1601/2/2
f 1601/2/2 1596/2/2 1602/2/2
f 1598/3/2 1599/3/2 1605/3/2
f 1599/3/2 1592/3/2 1606/3/2
f 1605/3/2 1599/3/2 1606/3/2
f 1593/3/2 1600/3/2 1607/3/2
f 1600/3/2 1601/3/2 1607/3/2
f 1607/3/2 1601/3/2 1608/3/2
f 1603/1/2 1604/1/2 1611/1/2
f 1611/1/2 1604/1/2 1612/1/2
f 1609/1/2 1610/1/2 1613/1/2
f 1613/1/2 1610/1/2 1614/1/2
f 1615/1/2 1616/1/2 1619/1/2
f 1619/1/2 1616/1/2 1620/1/2
f 1617/1/2 1618/1/2 1625/1/2
f 1625/1/2 1618/1/2 1626/1/2
f 1627/2/2 1628/2/2 1631/2/2
f 1621/3/2 1622/3/2 1632/3/2
f 1623/3/2 1624/3/2 1633/3/2
f 1633/3/2 1624/3/2 1634/3/2
f 1629/2/2 1630/2/2 1635/2/2
f 1635/2/2 1630/2/2 1636/2/2
f 1627/2/2 1631/2/2 1637/2/2
f 1637/2/2 1631/2/2 1638/2/2
f 1632/3/2 1622/3/2 1639/3/2
f 1639/3/2 1622/3/2 1640/3/2
f 1641/3/2 1642/3/2 1649/3/2
f 1643/2/2 1644/2/2 1650/2/2
f 1645/2/2 1646/2/2 1651/2/2
f 1651/2/2 1646/2/2 1652/2/2
f 1650/2/2 1644/2/2 1653/2/2
f 1653/2/2 1644/2/2 1654/2/2
f 1647/3/2 1648/3/2 1657/3/2
f 1657/3/2 1648/3/2 1658/3/2
f 1641/3/2 1649/3/2 1659/3/2
f 1659/3/2 1649/3/2 1660/3/2
f 1655/1/2 1656/1/2 1663/1/2
f 1663/1/2 1656/1/2 1664/1/2
f 1661/1/2 1662/1/2 1665/1/2
f 1665/1/2 1662/1/2 1666/1/2
f 1667/1/2 1668/1/2 1671/1/2
f 1671/1/2 1668/1/2 1672/1/2
f 1669/1/2 1670/1/2 1677/1/2
f 1677/1/2 1670/1/2 1678/1/2
f 1675/3/2 1676/3/2 1681/3/2
f 1681/3/2 1676/3/2 1682/3/2
f 1679/2/2 1680/2/2 1685/2/2
f 1673/3/2 1674/3/2 1686/3/2
f 1686/3/2 1674/3/2 1687/3/2
f 1683/2/2 1684/2/2 1690/2/2
f 1679/2/2 1685/2/2 1691/2/2
f 1691/2/2 1685/2/2 1692/2/2
f 1690/2/2 1684/2/2 1695/2/2
f 1695/2/2 1684/2/2 1696/2/2
f 1693/3/2 1694/3/2 1699/3/2
f 1699/3/2 1694/3/2 1700/3/2
f 1688/3/2 1689/3/2 1701/3/2
f 1701/3/2 1689/3/2 1702/3/2
f 1697/1/2 1698/1/2 1705/1/2
f 1705/1/2 1698/1/2 1706/1/2
f 1703/1/2 1704/1/2 1707/1/2
f 1707/1/2 1704/1/2 1708/1/2
f 1709/1/2 1710/1/2 1713/1/2
f 1713/1/2 1710/1/2 1714/1/2
f 1711/1/2 1712/1/2 1719/1/2
f 1719/1/2 1712/1/2 1720/1/2
f 1717/3/2 1718/3/2 1721/3/2
f 1715/3/2 1716/3/2 1724/3/2
f 1721/2/2 1722/2/2 1725/2/2
f 1717/3/2 1721/3/2 1725/3/2
f 1725/2/2 1722/2/2 1726/2/2
f 1723/2/2 1724/2/2 1727/2/2
f 1724/3/2 1716/3/2 1728/3/2
f 1727/2/2 1724/2/2 1728/2/2
f 1728/3/2 1716/3/2 1731/3/2
f 1731/3/2 1716/3/2 1732/3/2
f 1717/3/2 1725/3/2 1733/3/2
f 1733/3/2 1725/3/2 1734/3/2
f 1729/1/2 1730/1/2 1737/1/2
f 1737/1/2 1730/1/2 1738/1/2
f 1735/1/2 1736/1/2 1739/1/2
f 1739/1/2 1736/1/2 1740/1/2
f 1741/1/2 1742/1/2 1745/1/2
f 1745/1/2 1742/1/2 1746/1/2
f 1743/1/2 1744/1/2 1751/1/2
f 1751/1/2 1744/1/2 1752/1/2
f 1747/3/2 1748/3/2 1755/3/2
f 1755/3/2 1748/3/2 1756/3/2
f 1749/3/2 1750/3/2 1757/3/2
f 1757/3/2 1750/3/2 1758/3/2
f 1753/1/2 1754/1/2 1761/1/2
f 1761/1/2 1754/1/2 1762/1/2
f 1759/1/2 1760/1/2 1763/1/2
f 1763/1/2 1760/1/2 1764/1/2
f 1765/1/2 1766/1/2 1769/1/2
f 1769/1/2 1766/1/2 1770/1/2
f 1767/1/2 1768/1/2 1775/1/2
f 1775/1/2 1768/1/2 1776/1/2
f 1771/3/2 1772/3/2 1779/3/2
f 1779/3/2 1772/3/2 1780/3/2
f 1773/3/2 1774/3/2 1781/3/2
f 1781/3/2 1774/3/2 1782/3/2
f 1777/1/2 1778/1/2 1785/1/2
f 1785/1/2 1778/1/2 1786/1/2
f 1783/1/2 1784/1/2 1787/1/2
f 1787/1/2 1784/1/2 1788/1/2
f 1789/1/2 1790/1/2 1793/1/2
f 1793/1/2 1790/1/2 1794/1/2
f 1791/1/2 1792/1/2 1799/1/2
f 1799/1/2 1792/1/2 1800/1/2
f 1795/3/2 1796/3/2 1803/3/2
f 1803/3/2 1796/3/2 1804/3/2
f 1797/3/2 1798/3/2 1805/3/2
f 1805/3/2 1798/3/2 1806/3/2
f 1801/1/2 1802/1/2 1809/1/2
f 1809/1/2 1802/1/2 1810/1/2
f 1807/1/2 1808/1/2 1811/1/2
f 1811/1/2 1808/1/2 1812/1/2
f 1813/1/2 1814/1/2 1817/1/2
f 1817/1/2 1814/1/2 1818/1/2
f 1815/1/2 1816/1/2 1823/1/2
f 1823/1/2 1816/1/2 1824/1/2
f 1819/3/2 1820/3/2 1827/3/2
f 1827/3/2 1820/3/2 1828/3/2
f 1821/3/2 1822/3/2 1829/3/2
f 1829/3/2 1822/3/2 1830/3/2
f 1825/1/2 1826/1/2 1833/1/2
f 1833/1/2 1826/1/2 1834/1/2
f 1831/1/2 1832/1/2 1835/1/2
f 1835/1/2 1832/1/2 1836/1/2
f 1837/1/2 1838/1/2 1841/1/2
f 1841/1/2 1838/1/2 1842/1/2
f 1839/1/2 1840/1/2 1847/1/2
f 1847/1/2 1840/1/2 1848/1/2
f 1843/3/2 1844/3/2 1851/3/2
f 1851/3/2 1844/3/2 1852/3/2
f 1845/3/2 1846/3/2 1853/3/2
f 1853/3/2 1846/3/2 1854/3/2
f 1849/1/2 1850/1/2 1857/1/2
f 1857/1/2 1850/1/2 1858/1/2
f 1855/1/2 1856/1/2 1859/1/2
f 1859/1/2 1856/1/2 1860/1/2
f 1861/1/2 1862/1/2 1865/1/2
f 1865/1/2 1862/1/2 1866/1/2
f 1863/1/2 1864/1/2 1871/1/2
f 1871/1/2 1864/1/2 1872/1/2
f 1867/3/2 1868/3/2 1875/3/2
f 1875/3/2 1868/3/2 1876/3/2
f 1869/3/2 1870/3/2 1877/3/2
f 1877/3/2 1870/3/2 1878/3/2
f 1873/1/2 1874/1/2 1881/1/2
f 1881/1/2 1874/1/2 1882/1/2
f 1879/1/2 1880/1/2 1883/1/2
f 1883/1/2 1880/1/2 1884/1/2
f 1885/1/2 1886/1/2 1889/1/2
f 1889/1/2 1886/1/2 1890/1/2
f 1887/1/2 1888/1/2 1893/1/2
f 1893/1/2 1888/1/2 1894/1/2
f 1891/3/2 1892/3/2 1895/3/2
f 1895/3/2 1892/3/2 1896/3/2
f 1891/3/2 1895/3/2 1897/3/2
f 1897/3/2 1895/3/2 1898/3/2
f 1896/3/2 1892/3/2 1900/3/2
f 1900/3/2 1892/3/2 1901/3/2
f 1891/3/2 1897/3/2 1902/3/2
f 1898/3/2 1899/3/2 1904/3/2
f 1904/3/2 1899/3/2 1905/3/2
f 1905/3/2 1899/3/2 1906/3/2
f 1901/3/2 1892/3/2 1908/3/2
f 1908/3/2 1892/3/2 1909/3/2
f 1902/3/2 1903/3/2 1910/3/2
f 1906/3/2 1907/3/2 1912/3/2
f 1905/3/2 1906/3/2 1912/3/2
f 1912/3/2 1907/3/2 1913/3/2
f 1909/3/2 1892/3/2 1914/3/2
f 1910/3/2 1911/3/2 1915/3/2
f 1913/3/2 1914/3/2 1916/3/2
f 1910/3/2 1915/3/2 1919/3/2
f 1891/3/2 1902/3/2 1919/3/2
f 1915/3/2 1916/3/2 1919/3/2
f 1902/3/2 1910/3/2 1919/3/2
f 1914/3/2 1892/3/2 1920/3/2
f 1919/3/2 1916/3/2 1920/3/2
f 1916/3/2 1914/3/2 1920/3/2
f 1917/1/2 1918/1/2 1923/1/2
f 1923/1/2 1918/1/2 1924/1/2
f 1921/1/2 1922/1/2 1925/1/2
f 1925/1/2 1922/1/2 1926/1/2
f 1927/1/2 1928/1/2 1931/1/2
f 1931/1/2 1928/1/2 1932/1/2
f 1929/1/2 1930/1/2 1933/1/2
f 1933/1/2 1930/1/2 1934/1/2
f 1935/2/2 1936/2/2 1938/2/2
f 1938/2/2 1936/2/2 1939/2/2
f 1939/2/2 1936/2/2 1940/2/2
f 1937/2/2 1938/2/2 1942/2/2
f 1942/2/2 1938/2/2 1943/2/2
f 1943/2/2 1938/2/2 1944/2/2
f 1940/2/2 1941/2/2 1946/2/2
f 1939/2/2 1940/2/2 1946/2/2
f 1946/2/2 1941/2/2 1947/2/2
f 1947/2/2 1941/2/2 1948/2/2
f 1944/2/2 1945/2/2 1950/2/2
f 1943/2/2 1944/2/2 1950/2/2
f 1950/2/2 1945/2/2 1951/2/2
f 1951/2/2 1945/2/2 1952/2/2
f 1948/2/2 1949/2/2 1953/2/2
f 1947/2/2 1948/2/2 1953/2/2
f 1953/2/2 1949/2/2 1954/2/2
f 1951/2/2 1952/2/2 1955/2/2
f 1952/2/2 1953/2/2 1955/2/2
f 1955/2/2 1953/2/2 1956/2/2
f 1957/1/2 1958/1/2 1961/1/2
f 1961/1/2 1958/1/2 1962/1/2
f 1959/1/2 1960/1/2 1963/1/2
f 1963/1/2 1960/1/2 1964/1/2
f 1965/1/2 1966/1/2 1967/1/2
f 1967/1/2 1966/1/2 1968/1/2
f 1969/1/2 1970/1/2 1971/1/2
f 1971/1/2 1970/1/2 1972/1/2
f 1977/1/3 1974/1/3 1973/1/3
f 1978/1/3 1974/1/3 1977/1/3
f 1979/1/3 1976/1/3 1975/1/3
f 1980/1/3 1976/1/3 1979/1/3
f 1985/1/3 1982/1/3 1981/1/3
f 1986/1/3 1982/1/3 1985/1/3
f 1987/1/3 1984/1/3 1983/1/3
f 1988/1/3 1984/1/3 1987/1/3
f 1991/2/3 1990/2/3 1989/2/3
f 1994/2/3 1991/2/3 1989/2/3
f 1994/2/3 1992/2/3 1991/2/3
f 1995/2/3 1992/2/3 1994/2/3
f 1996/2/3 1992/2/3 1995/2/3
f 1998/2/3 1997/2/3 1996/2/3
f 1998/2/3 1996/2/3 1995/2/3
f 1999/2/3 1997/2/3 1998/2/3
f 2000/2/3 1994/2/3 1993/2/3
f 2002/2/3 2000/2/3 1993/2/3
f 2002/2/3 2001/2/3 2000/2/3
f 2003/2/3 2001/2/3 2002/2/3
f 2004/2/3 2001/2/3 2003/2/3
f 2005/2/3 1997/2/3 1999/2/3
f 2006/2/3 1997/2/3 2005/2/3
f 2007/2/3 2004/2/3 2003/2/3
f 2007/2/3 2005/2/3 2004/2/3
f 2008/2/3 2005/2/3 2007/2/3
f 2009/2/3 2005/2/3 2008/2/3
f 2010/2/3 2005/2/3 2009/2/3
f 2015/1/3 2012/1/3 2011/1/3
f 2016/1/3 2012/1/3 2015/1/3
f 2017/1/3 2014/1/3 2013/1/3
f 2018/1/3 2014/1/3 2017/1/3
f 2023/1/3 2020/1/3 2019/1/3
f 2024/1/3 2020/1/3 2023/1/3
f 2025/1/3 2022/1/3 2021/1/3
f 2026/1/3 2022/1/3 2025/1/3
f 2029/3/3 2028/3/3 2027/3/3
f 2030/3/3 2028/3/3 2029/3/3
f 2031/3/3 2028/3/3 2030/3/3
f 2032/3/3 2028/3/3 2031/3/3
f 2033/3/3 2029/3/3 2027/3/3
f 2034/3/3 2029/3/3 2033/3/3
f 2036/3/3 2028/3/3 2032/3/3
f 2037/3/3 2028/3/3 2036/3/3
f 2038/3/3 2035/3/3 2034/3/3
f 2040/3/3 2038/3/3 2034/3/3
f 2040/3/3 2039/3/3 2038/3/3
f 2041/3/3 2039/3/3 2040/3/3
f 2042/3/3 2033/3/3 2027/3/3
f 2044/3/3 2039/3/3 2041/3/3
f 2045/3/3 2039/3/3 2044/3/3
f 2046/3/3 2028/3/3 2037/3/3
f 2047/3/3 2043/3/3 2042/3/3
f 2049/3/3 2048/3/3 2047/3/3
f 2050/3/3 2046/3/3 2045/3/3
f 2051/3/3 2049/3/3 2047/3/3
f 2051/3/3 2050/3/3 2049/3/3
f 2051/3/3 2042/3/3 2027/3/3
f 2051/3/3 2047/3/3 2042/3/3
f 2052/3/3 2046/3/3 2050/3/3
f 2052/3/3 2050/3/3 2051/3/3
f 2052/3/3 2028/3/3 2046/3/3
f 2057/1/3 2054/1/3 2053/1/3
f 2058/1/3 2054/1/3 2057/1/3
f 2059/1/3 2056/1/3 2055/1/3
f 2060/1/3 2056/1/3 2059/1/3
f 2065/1/3 2062/1/3 2061/1/3
f 2066/1/3 2062/1/3 2065/1/3
f 2067/1/3 2064/1/3 2063/1/3
f 2068/1/3 2064/1/3 2067/1/3
f 2071/3/3 2070/3/3 2069/3/3
f 2072/3/3 2070/3/3 2071/3/3
f 2075/3/3 2074/3/3 2073/3/3
f 2076/3/3 2074/3/3 2075/3/3
f 2081/1/3 2078/1/3 2077/1/3
f 2082/1/3 2078/1/3 2081/1/3
f 2083/1/3 2080/1/3 2079/1/3
f 2084/1/3 2080/1/3 2083/1/3
f 2089/1/3 2086/1/3 2085/1/3
f 2090/1/3 2086/1/3 2089/1/3
f 2091/1/3 2088/1/3 2087/1/3
f 2092/1/3 2088/1/3 2091/1/3
f 2095/3/3 2094/3/3 2093/3/3
f 2096/3/3 2094/3/3 2095/3/3
f 2099/3/3 2098/3/3 2097/3/3
f 2100/3/3 2098/3/3 2099/3/3
f 2105/1/3 2102/1/3 2101/1/3
f 2106/1/3 2102/1/3 2105/1/3
f 2107/1/3 2104/1/3 2103/1/3
f 2108/1/3 2104/1/3 2107/1/3
f 2113/1/3 2110/1/3 2109/1/3
f 2114/1/3 2110/1/3 2113/1/3
f 2115/1/3 2112/1/3 2111/1/3
f 2116/1/3 2112/1/3 2115/1/3
f 2119/3/3 2118/3/3 2117/3/3
f 2120/3/3 2118/3/3 2119/3/3
f 2123/3/3 2122/3/3 2121/3/3
f 2124/3/3 2122/3/3 2123/3/3
f 2129/1/3 2126/1/3 2125/1/3
f 2130/1/3 2126/1/3 2129/1/3
f 2131/1/3 2128/1/3 2127/1/3
f 2132/1/3 2128/1/3 2131/1/3
f 2137/1/3 2134/1/3 2133/1/3
f 2138/1/3 2134/1/3 2137/1/3
f 2139/1/3 2136/1/3 2135/1/3
f 2140/1/3 2136/1/3 2139/1/3
f 2143/3/3 2142/3/3 2141/3/3
f 2144/3/3 2142/3/3 2143/3/3
f 2147/3/3 2146/3/3 2145/3/3
f 2148/3/3 2146/3/3 2147/3/3
f 2153/1/3 2150/1/3 2149/1/3
f 2154/1/3 2150/1/3 2153/1/3
f 2155/1/3 2152/1/3 2151/1/3
f 2156/1/3 2152/1/3 2155/1/3
f 2161/1/3 2158/1/3 2157/1/3
f 2162/1/3 2158/1/3 2161/1/3
f 2163/1/3 2160/1/3 2159/1/3
f 2164/1/3 2160/1/3 2163/1/3
f 2167/3/3 2166/3/3 2165/3/3
f 2168/3/3 2166/3/3 2167/3/3
f 2171/3/3 2170/3/3 2169/3/3
f 2172/3/3 2170/3/3 2171/3/3
f 2177/1/3 2174/1/3 2173/1/3
f 2178/1/3 2174/1/3 2177/1/3
f 2179/1/3 2176/1/3 2175/1/3
f 2180/1/3 2176/1/3 2179/1/3
f 2185/1/3 2182/1/3 2181/1/3
f 2186/1/3 2182/1/3 2185/1/3
f 2187/1/3 2184/1/3 2183/1/3
f 2188/1/3 2184/1/3 2187/1/3
f 2191/3/3 2190/3/3 2189/3/3
f 2192/3/3 2190/3/3 2191/3/3
f 2195/3/3 2194/3/3 2193/3/3
f 2196/3/3 2194/3/3 2195/3/3
f 2201/1/3 2198/1/3 2197/1/3
f 2202/1/3 2198/1/3 2201/1/3
f 2203/1/3 2200/1/3 2199/1/3
f 2204/1/3 2200/1/3 2203/1/3
f 2209/1/3 2206/1/3 2205/1/3
f 2210/1/3 2206/1/3 2209/1/3
f 2213/1/3 2208/1/3 2207/1/3
f 2214/1/3 2208/1/3 2213/1/3
f 2216/2/3 2212/2/3 2211/2/3
f 2217/2/3 2212/2/3 2216/2/3
f 2219/3/3 2216/3/3 2215/3/3
f 2219/3/3 2218/3/3 2217/3/3
f 2219/3/3 2217/3/3 2216/3/3
f 2220/3/3 2218/3/3 2219/3/3
f 2223/3/3 2222/3/3 2221/3/3
f 2224/3/3 2222/3/3 2223/3/3
f 2225/3/3 2222/3/3 2224/3/3
f 2226/3/3 2222/3/3 2225/3/3
f 2229/2/3 2225/2/3 2224/2/3
f 2230/2/3 2225/2/3 2229/2/3
f 2233/1/3 2228/1/3 2227/1/3
f 2234/1/3 2228/1/3 2233/1/3
f 2235/1/3 2232/1/3 2231/1/3
f 2236/1/3 2232/1/3 2235/1/3
f 2241/1/3 2238/1/3 2237/1/3
f 2242/1/3 2238/1/3 2241/1/3
f 2245/1/3 2240/1/3 2239/1/3
f 2246/1/3 2240/1/3 2245/1/3
f 2247/2/3 2244/2/3 2243/2/3
f 2248/2/3 2244/2/3 2247/2/3
f 2249/2/3 2244/2/3 2248/2/3
f 2254/3/3 2251/3/3 2250/3/3
f 2255/3/3 2251/3/3 2254/3/3
f 2256/3/3 2253/3/3 2252/3/3
f 2257/3/3 2253/3/3 2256/3/3
f 2262/3/3 2259/3/3 2258/3/3
f 2263/3/3 2259/3/3 2262/3/3
f 2264/3/3 2261/3/3 2260/3/3
f 2265/3/3 2261/3/3 2264/3/3
f 2271/2/3 2267/2/3 2266/2/3
f 2271/2/3 2268/2/3 2267/2/3
f 2272/2/3 2268/2/3 2271/2/3
f 2275/1/3 2270/1/3 2269/1/3
f 2276/1/3 2270/1/3 2275/1/3
f 2277/1/3 2274/1/3 2273/1/3
f 2278/1/3 2274/1/3 2277/1/3
f 2283/1/3 2280/1/3 2279/1/3
f 2284/1/3 2280/1/3 2283/1/3
f 2289/1/3 2282/1/3 2281/1/3
f 2290/1/3 2282/1/3 2289/1/3
f 2291/2/3 2286/2/3 2285/2/3
f 2292/2/3 2286/2/3 2291/2/3
f 2293/2/3 2286/2/3 2292/2/3
f 2294/2/3 2288/2/3 2287/2/3
f 2295/2/3 2288/2/3 2294/2/3
f 2301/3/3 2298/3/3 2297/3/3
f 2301/3/3 2297/3/3 2296/3/3
f 2302/3/3 2298/3/3 2301/3/3
f 2303/3/3 2300/3/3 2299/3/3
f 2304/3/3 2300/3/3 2303/3/3
f 2309/3/3 2306/3/3 2305/3/3
f 2310/3/3 2306/3/3 2309/3/3
f 2311/3/3 2308/3/3 2307/3/3
f 2312/3/3 2308/3/3 2311/3/3
f 2313/3/3 2308/3/3 2312/3/3
f 2321/2/3 2315/2/3 2314/2/3
f 2322/2/3 2315/2/3 2321/2/3
f 2323/2/3 2317/2/3 2316/2/3
f 2323/2/3 2318/2/3 2317/2/3
f 2324/2/3 2318/2/3 2323/2/3
f 2327/1/3 2320/1/3 2319/1/3
f 2328/1/3 2320/1/3 2327/1/3
f 2329/1/3 2326/1/3 2325/1/3
f 2330/1/3 2326/1/3 2329/1/3
f 2335/1/3 2332/1/3 2331/1/3
f 2336/1/3 2332/1/3 2335/1/3
f 2341/1/3 2334/1/3 2333/1/3
f 2342/1/3 2334/1/3 2341/1/3
f 2344/2/3 2338/2/3 2337/2/3
f 2345/2/3 2338/2/3 2344/2/3
f 2347/2/3 2340/2/3 2339/2/3
f 2348/2/3 2340/2/3 2347/2/3
f 2350/3/3 2344/3/3 2343/3/3
f 2352/3/3 2347/3/3 2346/3/3
f 2353/3/3 2347/3/3 2352/3/3
f 2354/3/3 2349/3/3 2348/3/3
f 2355/3/3 2351/3/3 2350/3/3
f 2355/3/3 2350/3/3 2343/3/3
f 2356/3/3 2351/3/3 2355/3/3
f 2357/3/3 2354/3/3 2353/3/3
f 2358/3/3 2349/3/3 2354/3/3
f 2358/3/3 2354/3/3 2357/3/3
f 2363/3/3 2360/3/3 2359/3/3
f 2364/3/3 2360/3/3 2363/3/3
f 2366/3/3 2362/3/3 2361/3/3
f 2367/3/3 2362/3/3 2366/3/3
f 2368/3/3 2363/3/3 2359/3/3
f 2369/3/3 2363/3/3 2368/3/3
f 2370/3/3 2365/3/3 2364/3/3
f 2371/3/3 2365/3/3 2370/3/3
f 2373/3/3 2362/3/3 2367/3/3
f 2374/3/3 2362/3/3 2373/3/3
f 2377/2/3 2370/2/3 2369/2/3
f 2378/2/3 2370/2/3 2377/2/3
f 2379/2/3 2373/2/3 2372/2/3
f 2380/2/3 2373/2/3 2379/2/3
f 2383/1/3 2376/1/3 2375/1/3
f 2384/1/3 2376/1/3 2383/1/3
f 2385/1/3 2382/1/3 2381/1/3
f 2386/1/3 2382/1/3 2385/1/3
f 2391/1/3 2388/1/3 2387/1/3
f 2392/1/3 2388/1/3 2391/1/3
f 2397/1/3 2390/1/3 2389/1/3
f 2398/1/3 2390/1/3 2397/1/3
f 2400/2/3 2394/2/3 2393/2/3
f 2401/2/3 2394/2/3 2400/2/3
f 2402/2/3 2396/2/3 2395/2/3
f 2403/2/3 2396/2/3 2402/2/3
f 2404/2/3 2396/2/3 2403/2/3
f 2406/3/3 2400/3/3 2399/3/3
f 2407/3/3 2400/3/3 2406/3/3
f 2408/3/3 2403/3/3 2402/3/3
f 2408/3/3 2402/3/3 2401/3/3
f 2409/3/3 2403/3/3 2408/3/3
f 2410/3/3 2405/3/3 2404/3/3
f 2411/3/3 2405/3/3 2410/3/3
f 2418/3/3 2413/3/3 2412/3/3
f 2419/3/3 2413/3/3 2418/3/3
f 2420/3/3 2415/3/3 2414/3/3
f 2421/3/3 2415/3/3 2420/3/3
f 2422/3/3 2415/3/3 2421/3/3
f 2423/3/3 2417/3/3 2416/3/3
f 2424/3/3 2417/3/3 2423/3/3
f 2427/2/3 2420/2/3 2419/2/3
f 2427/2/3 2421/2/3 2420/2/3
f 2428/2/3 2421/2/3 2427/2/3
f 2429/2/3 2423/2/3 2422/2/3
f 2430/2/3 2423/2/3 2429/2/3
f 2433/1/3 2426/1/3 2425/1/3
f 2434/1/3 2426/1/3 2433/1/3
f 2435/1/3 2432/1/3 2431/1/3
f 2436/1/3 2432/1/3 2435/1/3
f 2441/1/3 2438/1/3 2437/1/3
f 2442/1/3 2438/1/3 2441/1/3
f 2445/1/3 2440/1/3 2439/1/3
f 2446/1/3 2440/1/3 2445/1/3
f 2447/2/3 2444/2/3 2443/2/3
f 2448/2/3 2444/2/3 2447/2/3
f 2449/2/3 2444/2/3 2448/2/3
f 2450/2/3 2448/2/3 2447/2/3
f 2451/2/3 2448/2/3 2450/2/3
f 2455/2/3 2453/2/3 2452/2/3
f 2456/2/3 2453/2/3 2455/2/3
f 2459/2/3 2455/2/3 2454/2/3
f 2459/2/3 2456/2/3 2455/2/3
f 2460/2/3 2456/2/3 2459/2/3
f 2463/1/3 2458/1/3 2457/1/3
f 2464/1/3 2458/1/3 2463/1/3
f 2465/1/3 2462/1/3 2461/1/3
f 2466/1/3 2462/1/3 2465/1/3
f 2471/1/3 2468/1/3 2467/1/3
f 2472/1/3 2468/1/3 2471/1/3
f 2475/1/3 2470/1/3 2469/1/3
f 2476/1/3 2470/1/3 2475/1/3
f 2477/2/3 2474/2/3 2473/2/3
f 2478/2/3 2474/2/3 2477/2/3
f 2483/3/3 2480/3/3 2479/3/3
f 2484/3/3 2480/3/3 2483/3/3
f 2485/3/3 2482/3/3 2481/3/3
f 2486/3/3 2482/3/3 2485/3/3
f 2491/3/3 2488/3/3 2487/3/3
f 2492/3/3 2488/3/3 2491/3/3
f 2493/3/3 2490/3/3 2489/3/3
f 2494/3/3 2490/3/3 2493/3/3
f 2499/2/3 2496/2/3 2495/2/3
f 2500/2/3 2496/2/3 2499/2/3
f 2503/1/3 2498/1/3 2497/1/3
f 2504/1/3 2498/1/3 2503/1/3
f 2505/1/3 2502/1/3 2501/1/3
f 2506/1/3 2502/1/3 2505/1/3
f 2511/1/3 2508/1/3 2507/1/3
f 2512/1/3 2508/1/3 2511/1/3
f 2513/1/3 2510/1/3 2509/1/3
f 2514/1/3 2510/1/3 2513/1/3
f 2519/3/3 2516/3/3 2515/3/3
f 2520/3/3 2516/3/3 2519/3/3
f 2521/3/3 2518/3/3 2517/3/3
f 2522/3/3 2518/3/3 2521/3/3
f 2527/3/3 2524/3/3 2523/3/3
f 2528/3/3 2524/3/3 2527/3/3
f 2529/3/3 2526/3/3 2525/3/3
f 2530/3/3 2526/3/3 2529/3/3
f 2535/1/3 2532/1/3 2531/1/3
f 2536/1/3 2532/1/3 2535/1/3
f 2537/1/3 2534/1/3 2533/1/3
f 2538/1/3 2534/1/3 2537/1/3
f 2543/3/3 2540/3/3 2539/3/3
f 2544/3/3 2540/3/3 2543/3/3
f 2545/3/3 2542/3/3 2541/3/3
f 2546/3/3 2542/3/3 2545/3/3
f 2551/3/3 2548/3/3 2547/3/3
f 2552/3/3 2548/3/3 2551/3/3
f 2553/3/3 2550/3/3 2549/3/3
f 2554/3/3 2550/3/3 2553/3/3
f 2559/1/3 2556/1/3 2555/1/3
f 2560/1/3 2556/1/3 2559/1/3
f 2561/1/3 2558/1/3 2557/1/3
f 2562/1/3 2558/1/3 2561/1/3
f 2565/3/3 2564/3/3 2563/3/3
f 2566/3/3 2564/3/3 2565/3/3
f 2569/3/3 2568/3/3 2567/3/3
f 2570/3/3 2568/3/3 2569/3/3
f 2575/1/3 2572/1/3 2571/1/3
f 2576/1/3 2572/1/3 2575/1/3
f 2577/1/3 2574/1/3 2573/1/3
f 2578/1/3 2574/1/3 2577/1/3
f 2583/1/3 2580/1/3 2579/1/3
f 2584/1/3 2580/1/3 2583/1/3
f 2585/1/3 2582/1/3 2581/1/3
f 2586/1/3 2582/1/3 2585/1/3
f 2591/1/3 2588/1/3 2587/1/3
f 2592/1/3 2588/1/3 2591/1/3
f 2593/1/3 2590/1/3 2589/1/3
f 2594/1/3 2590/1/3 2593/1/3
f 2597/3/3 2596/3/3 2595/3/3
f 2598/3/3 2596/3/3 2597/3/3
f 2601/3/3 2600/3/3 2599/3/3
f 2602/3/3 2600/3/3 2601/3/3
f 2607/1/3 2604/1/3 2603/1/3
f 2608/1/3 2604/1/3 2607/1/3
f 2609/1/3 2606/1/3 2605/1/3
f 2610/1/3 2606/1/3 2609/1/3
f 2615/1/3 2612/1/3 2611/1/3
f 2616/1/3 2612/1/3 2615/1/3
f 2617/1/3 2614/1/3 2613/1/3
f 2618/1/3 2614/1/3 2617/1/3
f 2621/3/3 2620/3/3 2619/3/3
f 2622/3/3 2620/3/3 2621/3/3
f 2625/3/3 2624/3/3 2623/3/3
f 2626/3/3 2624/3/3 2625/3/3
f 2631/1/3 2628/1/3 2627/1/3
f 2632/1/3 2628/1/3 2631/1/3
f 2633/1/3 2630/1/3 2629/1/3
f 2634/1/3 2630/1/3 2633/1/3
f 2639/1/3 2636/1/3 2635/1/3
f 2640/1/3 2636/1/3 2639/1/3
f 2641/1/3 2638/1/3 2637/1/3
f 2642/1/3 2638/1/3 2641/1/3
f 2645/3/3 2644/3/3 2643/3/3
f 2646/3/3 2644/3/3 2645/3/3
f 2649/3/3 2648/3/3 2647/3/3
f 2650/3/3 2648/3/3 2649/3/3
f 2655/1/3 2652/1/3 2651/1/3
f 2656/1/3 2652/1/3 2655/1/3
f 2657/1/3 2654/1/3 2653/1/3
f 2658/1/3 2654/1/3 2657/1/3
f 2661/3/3 2660/3/3 2659/3/3
f 2662/3/3 2660/3/3 2661/3/3
f 2665/3/3 2664/3/3 2663/3/3
f 2666/3/3 2664/3/3 2665/3/3
f 2671/1/3 2668/1/3 2667/1/3
f 2672/1/3 2668/1/3 2671/1/3
f 2673/1/3 2670/1/3 2669/1/3
f 2674/1/3 2670/1/3 2673/1/3
f 2679/1/3 2676/1/3 2675/1/3
f 2680/1/3 2676/1/3 2679/1/3
f 2681/1/3 2678/1/3 2677/1/3
f 2682/1/3 2678/1/3 2681/1/3
f 2685/3/3 2684/3/3 2683/3/3
f 2686/3/3 2684/3/3 2685/3/3
f 2689/3/3 2688/3/3 2687/3/3
f 2690/3/3 2688/3/3 2689/3/3
f 2695/1/3 2692/1/3 2691/1/3
f 2696/1/3 2692/1/3 2695/1/3
f 2697/1/3 2694/1/3 2693/1/3
f 2698/1/3 2694/1/3 2697/1/3
f 2703/1/3 2700/1/3 2699/1/3
f 2704/1/3 2700/1/3 2703/1/3
f 2705/1/3 2702/1/3 2701/1/3
f 2706/1/3 2702/1/3 2705/1/3
f 2709/3/3 2708/3/3 2707/3/3
f 2710/3/3 2708/3/3 2709/3/3
f 2713/3/3 2712/3/3 2711/3/3
f 2714/3/3 2712/3/3 2713/3/3
f 2719/1/3 2716/1/3 2715/1/3
f 2720/1/3 2716/1/3 2719/1/3
f 2721/1/3 2718/1/3 2717/1/3
f 2722/1/3 2718/1/3 2721/1/3
f 2725/2/3 2724/2/3 2723/2/3
f 2726/2/3 2724/2/3 2725/2/3
f 2729/2/3 2728/2/3 2727/2/3
f 2730/2/3 2728/2/3 2729/2/3
f 2733/2/3 2732/2/3 2731/2/3
f 2734/2/3 2732/2/3 2733/2/3
f 2737/2/3 2736/2/3 2735/2/3
f 2738/2/3 2736/2/3 2737/2/3
f 2743/2/3 2740/2/3 2739/2/3
f 2744/2/3 2740/2/3 2743/2/3
f 2745/2/3 2742/2/3 2741/2/3
f 2746/2/3 2742/2/3 2745/2/3
f 2751/2/3 2748/2/3 2747/2/3
f 2752/2/3 2748/2/3 2751/2/3
f 2753/2/3 2750/2/3 2749/2/3
f 2754/2/3 2750/2/3 2753/2/3
f 2757/2/3 2756/2/3 2755/2/3
f 2758/2/3 2756/2/3 2757/2/3
f 2761/2/3 2760/2/3 2759/2/3
f 2762/2/3 2760/2/3 2761/2/3
f 2765/2/3 2764/2/3 2763/2/3
f 2766/2/3 2764/2/3 2765/2/3
f 2769/2/3 2768/2/3 2767/2/3
f 2770/2/3 2768/2/3 2769/2/3
f 2773/1/3 2772/1/3 2771/1/3
f 2774/1/3 2772/1/3 2773/1/3
f 2777/1/3 2776/1/3 2775/1/3
f 2778/1/3 2776/1/3 2777/1/3
f 2781/1/3 2780/1/3 2779/1/3
f 2782/1/3 2780/1/3 2781/1/3
f 2785/1/3 2784/1/3 2783/1/3
f 2786/1/3 2784/1/3 2785/1/3
f 2789/1/3 2788/1/3 2787/1/3
f 2790/1/3 2788/1/3 2789/1/3
f 2793/1/3 2792/1/3 2791/1/3
f 2794/1/3 2792/1/3 2793/1/3
f 2797/1/3 2796/1/3 2795/1/3
f 2798/1/3 2796/1/3 2797/1/3
f 2801/1/3 2800/1/3 2799/1/3
f 2802/1/3 2800/1/3 2801/1/3
f 2805/1/3 2804/1/3 2803/1/3
f 2806/1/3 2804/1/3 2805/1/3
f 2809/1/3 2808/1/3 2807/1/3
f 2810/1/3 2808/1/3 2809/1/3
f 2813/1/3 2812/1/3 2811/1/3
f 2814/1/3 2812/1/3 2813/1/3
f 2817/1/3 2816/1/3 2815/1/3
f 2818/1/3 2816/1/3 2817/1/3
f 2821/1/3 2820/1/3 2819/1/3
f 2822/1/3 2820/1/3 2821/1/3
f 2825/1/3 2824/1/3 2823/1/3
f 2826/1/3 2824/1/3 2825/1/3
f 2829/1/3 2828/1/3 2827/1/3
f 2830/1/3 2828/1/3 2829/1/3
f 2833/1/3 2832/1/3 2831/1/3
f 2834/1/3 2832/1/3 2833/1/3
f 2837/1/3 2836/1/3 2835/1/3
f 2838/1/3 2836/1/3 2837/1/3
f 2841/1/3 2840/1/3 2839/1/3
f 2842/1/3 2840/1/3 2841/1/3
f 2845/2/3 2844/2/3 2843/2/3
f 2846/2/3 2844/2/3 2845/2/3
f 2849/1/3 2848/1/3 2847/1/3
f 2850/1/3 2848/1/3 2849/1/3
f 2853/1/3 2852/1/3 2851/1/3
f 2854/1/3 2852/1/3 2853/1/3
f 2857/2/3 2856/2/3 2855/2/3
f 2858/2/3 2856/2/3 2857/2/3
f 2863/2/3 2860/2/3 2859/2/3
f 2864/2/3 2860/2/3 2863/2/3
f 2865/2/3 2862/2/3 2861/2/3
f 2866/2/3 2862/2/3 2865/2/3
f 2869/1/3 2868/1/3 2867/1/3
f 2870/1/3 2868/1/3 2869/1/3
f 2873/1/3 2872/1/3 2871/1/3
f 2874/1/3 2872/1/3 2873/1/3
f 2879/2/3 2876/2/3 2875/2/3
f 2880/2/3 2876/2/3 2879/2/3
f 2881/2/3 2878/2/3 2877/2/3
f 2882/2/3 2878/2/3 2881/2/3
f 2885/1/3 2884/1/3 2883/1/3
f 2886/1/3 2884/1/3 2885/1/3
f 2889/1/3 2888/1/3 2887/1/3
f 2890/1/3 2888/1/3 2889/1/3
f 2893/1/3 2892/1/3 2891/1/3
f 2894/1/3 2892/1/3 2893/1/3
f 2897/1/3 2896/1/3 2895/1/3
f 2898/1/3 2896/1/3 2897/1/3
f 2901/1/3 2900/1/3 2899/1/3
f 2902/1/3 2900/1/3 2901/1/3
f 2905/1/3 2904/1/3 2903/1/3
f 2906/1/3 2904/1/3 2905/1/3
f 2909/1/3 2908/1/3 2907/1/3
f 2910/1/3 2908/1/3 2909/1/3
f 2913/1/3 2912/1/3 2911/1/3
f 2914/1/3 2912/1/3 2913/1/3
f 2917/1/3 2916/1/3 2915/1/3
f 2918/1/3 2916/1/3 2917/1/3
f 2921/1/3 2920/1/3 2919/1/3
f 2922/1/3 2920/1/3 2921/1/3
f 2925/1/3 2924/1/3 2923/1/3
f 2926/1/3 2924/1/3 2925/1/3
f 2929/1/3 2928/1/3 2927/1/3
f 2930/1/3 2928/1/3 2929/1/3
f 2933/1/3 2932/1/3 2931/1/3
f 2934/1/3 2932/1/3 2933/1/3
f 2937/1/3 2936/1/3 2935/1/3
f 2938/1/3 2936/1/3 2937/1/3
f 2941/1/3 2940/1/3 2939/1/3
f 2942/1/3 2940/1/3 2941/1/3
f 2945/1/3 2944/1/3 2943/1/3
f 2946/1/3 2944/1/3 2945/1/3
f 2949/1/3 2948/1/3 2947/1/3
f 2950/1/3 2948/1/3 2949/1/3
f 2953/1/3 2952/1/3 2951/1/3
f 2954/1/3 2952/1/3 2953/1/3
f 2957/1/3 2956/1/3 2955/1/3
f 2958/1/3 2956/1/3 2957/1/3
f 2959/1/4 2960/1/4 2961/1/4
f 2961/1/4 2960/1/4 2962/1/4
f 2963/1/4 2964/1/4 2965/1/4
f 2965/1/4 2964/1/4 2966/1/4
f 2967/1/4 2968/1/4 2969/1/4
f 2969/1/4 2968/1/4 2970/1/4
f 2971/1/4 2972/1/4 2973/1/4
f 2973/1/4 2972/1/4 2974/1/4
f 2975/1/4 2976/1/4 2977/1/4
f 2977/1/4 2976/1/4 2978/1/4
f 2979/1/4 2980/1/4 2981/1/4
f 2981/1/4 2980/1/4 2982/1/4
f 2983/1/4 2984/1/4 2985/1/4
f 2985/1/4 2984/1/4 2986/1/4
f 2987/1/4 2988/1/4 2989/1/4
f 2989/1/4 2988/1/4 2990/1/4
f 2991/1/4 2992/1/4 2993/1/4
f 2993/1/4 2992/1/4 2994/1/4
f 2995/1/4 2996/1/4 2997/1/4
f 2997/1/4 2996/1/4 2998/1/4
f 2999/1/4 3000/1/4 3001/1/4
f 3001/1/4 3000/1/4 3002/1/4
f 3003/1/4 3004/1/4 3005/1/4
f 3005/1/4 3004/1/4 3006/1/4
f 3007/1/4 3008/1/4 3009/1/4
f 3009/1/4 3008/1/4 3010/1/4
f 3011/1/4 3012/1/4 3013/1/4
f 3013/1/4 3012/1/4 3014/1/4
f 3015/1/4 3016/1/4 3017/1/4
f 3017/1/4 3016/1/4 3018/1/4
f 3019/1/4 3020/1/4 3021/1/4
f 3021/1/4 3020/1/4 3022/1/4
f 3023/1/4 3024/1/4 3025/1/4
f 3025/1/4 3024/1/4 3026/1/4
f 3027/1/4 3028/1/4 3029/1/4
f 3029/1/4 3028/1/4 3030/1/4
f 3031/1/4 3032/1/4 3033/1/4
f 3033/1/4 3032/1/4 3034/1/4
f 3035/2/4 3036/2/4 3039/2/4
f 3039/2/4 3036/2/4 3040/2/4
f 3037/2/4 3038/2/4 3041/2/4
f 3041/2/4 3038/2/4 3042/2/4
f 3043/1/4 3044/1/4 3045/1/4
f 3045/1/4 3044/1/4 3046/1/4
f 3047/1/4 3048/1/4 3049/1/4
f 3049/1/4 3048/1/4 3050/1/4
f 3051/2/4 3052/2/4 3055/2/4
f 3055/2/4 3052/2/4 3056/2/4
f 3053/2/4 3054/2/4 3057/2/4
f 3057/2/4 3054/2/4 3058/2/4
f 3059/2/4 3060/2/4 3061/2/4
f 3061/2/4 3060/2/4 3062/2/4
f 3063/1/4 3064/1/4 3065/1/4
f 3065/1/4 3064/1/4 3066/1/4
f 3067/1/4 3068/1/4 3069/1/4
f 3069/1/4 3068/1/4 3070/1/4
f 3071/2/4 3072/2/4 3073/2/4
f 3073/2/4 3072/2/4 3074/2/4
f 3075/1/4 3076/1/4 3077/1/4
f 3077/1/4 3076/1/4 3078/1/4
f 3079/1/4 3080/1/4 3081/1/4
f 3081/1/4 3080/1/4 3082/1/4
f 3083/1/4 3084/1/4 3085/1/4
f 3085/1/4 3084/1/4 3086/1/4
f 3087/1/4 3088/1/4 3089/1/4
f 3089/1/4 3088/1/4 3090/1/4
f 3091/1/4 3092/1/4 3093/1/4
f 3093/1/4 3092/1/4 3094/1/4
f 3095/1/4 3096/1/4 3097/1/4
f 3097/1/4 3096/1/4 3098/1/4
f 3099/1/4 3100/1/4 3101/1/4
f 3101/1/4 3100/1/4 3102/1/4
f 3103/1/4 3104/1/4 3105/1/4
f 3105/1/4 3104/1/4 3106/1/4
f 3107/1/4 3108/1/4 3109/1/4
f 3109/1/4 3108/1/4 3110/1/4
f 3111/1/4 3112/1/4 3113/1/4
f 3113/1/4 3112/1/4 3114/1/4
f 3115/1/4 3116/1/4 3117/1/4
f 3117/1/4 3116/1/4 3118/1/4
f 3119/1/4 3120/1/4 3121/1/4
f 3121/1/4 3120/1/4 3122/1/4
f 3123/1/4 3124/1/4 3125/1/4
f 3125/1/4 3124/1/4 3126/1/4
f 3127/1/4 3128/1/4 3129/1/4
f 3129/1/4 3128/1/4 3130/1/4
f 3131/1/4 3132/1/4 3133/1/4
f 3133/1/4 3132/1/4 3134/1/4
f 3135/1/4 3136/1/4 3137/1/4
f 3137/1/4 3136/1/4 3138/1/4
f 3139/1/4 3140/1/4 3141/1/4
f 3141/1/4 3140/1/4 3142/1/4
f 3143/1/4 3144/1/4 3145/1/4
f 3145/1/4 3144/1/4 3146/1/4
f 3147/2/4 3148/2/4 3149/2/4
f 3149/2/4 3148/2/4 3150/2/4
f 3151/2/4 3152/2/4 3153/2/4
f 3153/2/4 3152/2/4 3154/2/4
f 3155/2/4 3156/2/4 3157/2/4
f 3157/2/4 3156/2/4 3158/2/4
f 3159/2/4 3160/2/4 3161/2/4
f 3161/2/4 3160/2/4 3162/2/4
f 3163/2/4 3164/2/4 3167/2/4
f 3167/2/4 3164/2/4 3168/2/4
f 3165/2/4 3166/2/4 3169/2/4
f 3169/2/4 3166/2/4 3170/2/4
f 3171/2/4 3172/2/4 3175/2/4
f 3175/2/4 3172/2/4 3176/2/4
f 3173/2/4 3174/2/4 3177/2/4
f 3177/2/4 3174/2/4 3178/2/4
f 3179/2/4 3180/2/4 3181/2/4
f 3181/2/4 3180/2/4 3182/2/4
f 3183/2/4 3184/2/4 3185/2/4
f 3185/2/4 3184/2/4 3186/2/4
f 3187/2/4 3188/2/4 3189/2/4
f 3189/2/4 3188/2/4 3190/2/4
f 3191/2/4 3192/2/4 3193/2/4
f 3193/2/4 3192/2/4 3194/2/4
f 3195/1/4 3196/1/4 3199/1/4
f 3199/1/4 3196/1/4 3200/1/4
f 3197/1/4 3198/1/4 3201/1/4
f 3201/1/4 3198/1/4 3202/1/4
f 3203/3/4 3204/3/4 3205/3/4
f 3205/3/4 3204/3/4 3206/3/4
f 3207/3/4 3208/3/4 3209/3/4
f 3209/3/4 3208/3/4 3210/3/4
f 3211/1/4 3212/1/4 3215/1/4
f 3215/1/4 3212/1/4 3216/1/4
f 3213/1/4 3214/1/4 3217/1/4
f 3217/1/4 3214/1/4 3218/1/4
f 3219/1/4 3220/1/4 3223/1/4
f 3223/1/4 3220/1/4 3224/1/4
f 3221/1/4 3222/1/4 3225/1/4
f 3225/1/4 3222/1/4 3226/1/4
f 3227/3/4 3228/3/4 3229/3/4
f 3229/3/4 3228/3/4 3230/3/4
f 3231/3/4 3232/3/4 3233/3/4
f 3233/3/4 3232/3/4 3234/3/4
f 3235/1/4 3236/1/4 3239/1/4
f 3239/1/4 3236/1/4 3240/1/4
f 3237/1/4 3238/1/4 3241/1/4
f 3241/1/4 3238/1/4 3242/1/4
f 3243/1/4 3244/1/4 3247/1/4
f 3247/1/4 3244/1/4 3248/1/4
f 3245/1/4 3246/1/4 3249/1/4
f 3249/1/4 3246/1/4 3250/1/4
f 3251/3/4 3252/3/4 3253/3/4
f 3253/3/4 3252/3/4 3254/3/4
f 3255/3/4 3256/3/4 3257/3/4
f 3257/3/4 3256/3/4 3258/3/4
f 3259/1/4 3260/1/4 3263/1/4
f 3263/1/4 3260/1/4 3264/1/4
f 3261/1/4 3262/1/4 3265/1/4
f 3265/1/4 3262/1/4 3266/1/4
f 3267/3/4 3268/3/4 3269/3/4
f 3269/3/4 3268/3/4 3270/3/4
f 3271/3/4 3272/3/4 3273/3/4
f 3273/3/4 3272/3/4 3274/3/4
f 3275/1/4 3276/1/4 3279/1/4
f 3279/1/4 3276/1/4 3280/1/4
f 3277/1/4 3278/1/4 3281/1/4
f 3281/1/4 3278/1/4 3282/1/4
f 3283/1/4 3284/1/4 3287/1/4
f 3287/1/4 3284/1/4 3288/1/4
f 3285/1/4 3286/1/4 3289/1/4
f 3289/1/4 3286/1/4 3290/1/4
f 3291/3/4 3292/3/4 3293/3/4
f 3293/3/4 3292/3/4 3294/3/4
f 3295/3/4 3296/3/4 3297/3/4
f 3297/3/4 3296/3/4 3298/3/4
f 3299/1/4 3300/1/4 3303/1/4
f 3303/1/4 3300/1/4 3304/1/4
f 3301/1/4 3302/1/4 3305/1/4
f 3305/1/4 3302/1/4 3306/1/4
f 3307/1/4 3308/1/4 3311/1/4
f 3311/1/4 3308/1/4 3312/1/4
f 3309/1/4 3310/1/4 3313/1/4
f 3313/1/4 3310/1/4 3314/1/4
f 3315/3/4 3316/3/4 3317/3/4
f 3317/3/4 3316/3/4 3318/3/4
f 3319/3/4 3320/3/4 3321/3/4
f 3321/3/4 3320/3/4 3322/3/4
f 3323/1/4 3324/1/4 3327/1/4
f 3327/1/4 3324/1/4 3328/1/4
f 3325/1/4 3326/1/4 3329/1/4
f 3329/1/4 3326/1/4 3330/1/4
f 3331/1/4 3332/1/4 3335/1/4
f 3335/1/4 3332/1/4 3336/1/4
f 3333/1/4 3334/1/4 3337/1/4
f 3337/1/4 3334/1/4 3338/1/4
f 3339/1/4 3340/1/4 3343/1/4
f 3343/1/4 3340/1/4 3344/1/4
f 3341/1/4 3342/1/4 3345/1/4
f 3345/1/4 3342/1/4 3346/1/4
f 3347/3/4 3348/3/4 3349/3/4
f 3349/3/4 3348/3/4 3350/3/4
f 3351/3/4 3352/3/4 3353/3/4
f 3353/3/4 3352/3/4 3354/3/4
f 3355/1/4 3356/1/4 3359/1/4
f 3359/1/4 3356/1/4 3360/1/4
f 3357/1/4 3358/1/4 3361/1/4
f 3361/1/4 3358/1/4 3362/1/4
f 3363/3/4 3364/3/4 3367/3/4
f 3367/3/4 3364/3/4 3368/3/4
f 3365/3/4 3366/3/4 3369/3/4
f 3369/3/4 3366/3/4 3370/3/4
f 3371/3/4 3372/3/4 3375/3/4
f 3375/3/4 3372/3/4 3376/3/4
f 3373/3/4 3374/3/4 3377/3/4
f 3377/3/4 3374/3/4 3378/3/4
f 3379/1/4 3380/1/4 3383/1/4
f 3383/1/4 3380/1/4 3384/1/4
f 3381/1/4 3382/1/4 3385/1/4
f 3385/1/4 3382/1/4 3386/1/4
f 3387/3/4 3388/3/4 3391/3/4
f 3391/3/4 3388/3/4 3392/3/4
f 3389/3/4 3390/3/4 3393/3/4
f 3393/3/4 3390/3/4 3394/3/4
f 3395/3/4 3396/3/4 3399/3/4
f 3399/3/4 3396/3/4 3400/3/4
f 3397/3/4 3398/3/4 3401/3/4
f 3401/3/4 3398/3/4 3402/3/4
f 3403/1/4 3404/1/4 3407/1/4
f 3407/1/4 3404/1/4 3408/1/4
f 3405/1/4 3406/1/4 3409/1/4
f 3409/1/4 3406/1/4 3410/1/4
f 3411/1/4 3412/1/4 3415/1/4
f 3415/1/4 3412/1/4 3416/1/4
f 3413/1/4 3414/1/4 3419/1/4
f 3419/1/4 3414/1/4 3420/1/4
f 3417/2/4 3418/2/4 3421/2/4
f 3421/2/4 3418/2/4 3422/2/4
f 3423/3/4 3424/3/4 3427/3/4
f 3427/3/4 3424/3/4 3428/3/4
f 3425/3/4 3426/3/4 3429/3/4
f 3429/3/4 3426/3/4 3430/3/4
f 3431/3/4 3432/3/4 3435/3/4
f 3435/3/4 3432/3/4 3436/3/4
f 3433/3/4 3434/3/4 3437/3/4
f 3437/3/4 3434/3/4 3438/3/4
f 3439/2/4 3440/2/4 3443/2/4
f 3443/2/4 3440/2/4 3444/2/4
f 3441/1/4 3442/1/4 3447/1/4
f 3447/1/4 3442/1/4 3448/1/4
f 3445/1/4 3446/1/4 3449/1/4
f 3449/1/4 3446/1/4 3450/1/4
f 3451/1/4 3452/1/4 3455/1/4
f 3455/1/4 3452/1/4 3456/1/4
f 3453/1/4 3454/1/4 3459/1/4
f 3459/1/4 3454/1/4 3460/1/4
f 3457/2/4 3458/2/4 3461/2/4
f 3461/2/4 3458/2/4 3462/2/4
f 3462/2/4 3458/2/4 3463/2/4
f 3462/2/4 3463/2/4 3464/2/4
f 3464/2/4 3463/2/4 3465/2/4
f 3466/2/4 3467/2/4 3468/2/4
f 3468/2/4 3467/2/4 3469/2/4
f 3468/2/4 3469/2/4 3473/2/4
f 3469/2/4 3470/2/4 3473/2/4
f 3473/2/4 3470/2/4 3474/2/4
f 3471/1/4 3472/1/4 3477/1/4
f 3477/1/4 3472/1/4 3478/1/4
f 3475/1/4 3476/1/4 3479/1/4
f 3479/1/4 3476/1/4 3480/1/4
f 3481/1/4 3482/1/4 3485/1/4
f 3485/1/4 3482/1/4 3486/1/4
f 3483/1/4 3484/1/4 3491/1/4
f 3491/1/4 3484/1/4 3492/1/4
f 3487/2/4 3488/2/4 3494/2/4
f 3494/2/4 3488/2/4 3495/2/4
f 3495/2/4 3488/2/4 3496/2/4
f 3489/2/4 3490/2/4 3497/2/4
f 3497/2/4 3490/2/4 3498/2/4
f 3493/3/4 3494/3/4 3500/3/4
f 3500/3/4 3494/3/4 3501/3/4
f 3495/3/4 3496/3/4 3502/3/4
f 3496/3/4 3497/3/4 3502/3/4
f 3502/3/4 3497/3/4 3503/3/4
f 3498/3/4 3499/3/4 3504/3/4
f 3504/3/4 3499/3/4 3505/3/4
f 3506/3/4 3507/3/4 3512/3/4
f 3512/3/4 3507/3/4 3513/3/4
f 3508/3/4 3509/3/4 3514/3/4
f 3514/3/4 3509/3/4 3515/3/4
f 3515/3/4 3509/3/4 3516/3/4
f 3510/3/4 3511/3/4 3517/3/4
f 3517/3/4 3511/3/4 3518/3/4
f 3513/2/4 3514/2/4 3521/2/4
f 3521/2/4 3514/2/4 3522/2/4
f 3515/2/4 3516/2/4 3523/2/4
f 3516/2/4 3517/2/4 3523/2/4
f 3523/2/4 3517/2/4 3524/2/4
f 3519/1/4 3520/1/4 3527/1/4
f 3527/1/4 3520/1/4 3528/1/4
f 3525/1/4 3526/1/4 3529/1/4
f 3529/1/4 3526/1/4 3530/1/4
f 3531/1/4 3532/1/4 3535/1/4
f 3535/1/4 3532/1/4 3536/1/4
f 3533/1/4 3534/1/4 3541/1/4
f 3541/1/4 3534/1/4 3542/1/4
f 3537/2/4 3538/2/4 3544/2/4
f 3544/2/4 3538/2/4 3545/2/4
f 3539/2/4 3540/2/4 3547/2/4
f 3547/2/4 3540/2/4 3548/2/4
f 3543/3/4 3544/3/4 3550/3/4
f 3545/3/4 3546/3/4 3551/3/4
f 3551/3/4 3546/3/4 3552/3/4
f 3548/3/4 3549/3/4 3554/3/4
f 3543/3/4 3550/3/4 3555/3/4
f 3550/3/4 3551/3/4 3555/3/4
f 3555/3/4 3551/3/4 3556/3/4
f 3553/3/4 3554/3/4 3557/3/4
f 3554/3/4 3549/3/4 3558/3/4
f 3557/3/4 3554/3/4 3558/3/4
f 3559/3/4 3560/3/4 3563/3/4
f 3563/3/4 3560/3/4 3564/3/4
f 3561/3/4 3562/3/4 3566/3/4
f 3566/3/4 3562/3/4 3567/3/4
f 3559/3/4 3563/3/4 3568/3/4
f 3568/3/4 3563/3/4 3569/3/4
f 3565/3/4 3566/3/4 3571/3/4
f 3571/3/4 3566/3/4 3572/3/4
f 3567/3/4 3562/3/4 3573/3/4
f 3573/3/4 3562/3/4 3574/3/4
f 3569/2/4 3570/2/4 3577/2/4
f 3577/2/4 3570/2/4 3578/2/4
f 3572/2/4 3573/2/4 3579/2/4
f 3579/2/4 3573/2/4 3580/2/4
f 3575/1/4 3576/1/4 3583/1/4
f 3583/1/4 3576/1/4 3584/1/4
f 3581/1/4 3582/1/4 3585/1/4
f 3585/1/4 3582/1/4 3586/1/4
f 3587/1/4 3588/1/4 3591/1/4
f 3591/1/4 3588/1/4 3592/1/4
f 3589/1/4 3590/1/4 3597/1/4
f 3597/1/4 3590/1/4 3598/1/4
f 3593/2/4 3594/2/4 3599/2/4
f 3599/2/4 3594/2/4 3600/2/4
f 3595/2/4 3596/2/4 3601/2/4
f 3601/2/4 3596/2/4 3602/2/4
f 3602/2/4 3596/2/4 3603/2/4
f 3604/3/4 3605/3/4 3609/3/4
f 3609/3/4 3605/3/4 3610/3/4
f 3606/3/4 3607/3/4 3611/3/4
f 3607/3/4 3608/3/4 3611/3/4
f 3611/3/4 3608/3/4 3612/3/4
f 3613/3/4 3614/3/4 3617/3/4
f 3617/3/4 3614/3/4 3618/3/4
f 3618/3/4 3614/3/4 3619/3/4
f 3615/3/4 3616/3/4 3620/3/4
f 3620/3/4 3616/3/4 3621/3/4
f 3622/2/4 3623/2/4 3629/2/4
f 3623/2/4 3624/2/4 3629/2/4
f 3629/2/4 3624/2/4 3630/2/4
f 3625/2/4 3626/2/4 3631/2/4
f 3631/2/4 3626/2/4 3632/2/4
f 3627/1/4 3628/1/4 3635/1/4
f 3635/1/4 3628/1/4 3636/1/4
f 3633/1/4 3634/1/4 3637/1/4
f 3637/1/4 3634/1/4 3638/1/4
f 3639/1/4 3640/1/4 3643/1/4
f 3643/1/4 3640/1/4 3644/1/4
f 3641/1/4 3642/1/4 3647/1/4
f 3647/1/4 3642/1/4 3648/1/4
f 3645/2/4 3646/2/4 3649/2/4
f 3649/2/4 3646/2/4 3650/2/4
f 3650/2/4 3646/2/4 3651/2/4
f 3652/3/4 3653/3/4 3656/3/4
f 3656/3/4 3653/3/4 3657/3/4
f 3654/3/4 3655/3/4 3658/3/4
f 3658/3/4 3655/3/4 3659/3/4
f 3660/3/4 3661/3/4 3664/3/4
f 3664/3/4 3661/3/4 3665/3/4
f 3662/3/4 3663/3/4 3666/3/4
f 3666/3/4 3663/3/4 3667/3/4
f 3668/2/4 3669/2/4 3673/2/4
f 3669/2/4 3670/2/4 3673/2/4
f 3673/2/4 3670/2/4 3674/2/4
f 3671/1/4 3672/1/4 3677/1/4
f 3677/1/4 3672/1/4 3678/1/4
f 3675/1/4 3676/1/4 3679/1/4
f 3679/1/4 3676/1/4 3680/1/4
f 3681/1/4 3682/1/4 3685/1/4
f 3685/1/4 3682/1/4 3686/1/4
f 3683/1/4 3684/1/4 3689/1/4
f 3689/1/4 3684/1/4 3690/1/4
f 3687/2/4 3688/2/4 3692/2/4
f 3692/2/4 3688/2/4 3693/2/4
f 3691/3/4 3692/3/4 3695/3/4
f 3693/3/4 3694/3/4 3695/3/4
f 3692/3/4 3693/3/4 3695/3/4
f 3695/3/4 3694/3/4 3696/3/4
f 3697/3/4 3698/3/4 3699/3/4
f 3699/3/4 3698/3/4 3700/3/4
f 3700/3/4 3698/3/4 3701/3/4
f 3701/3/4 3698/3/4 3702/3/4
f 3700/2/4 3701/2/4 3705/2/4
f 3705/2/4 3701/2/4 3706/2/4
f 3703/1/4 3704/1/4 3709/1/4
f 3709/1/4 3704/1/4 3710/1/4
f 3707/1/4 3708/1/4 3711/1/4
f 3711/1/4 3708/1/4 3712/1/4
f 3713/1/4 3714/1/4 3717/1/4
f 3717/1/4 3714/1/4 3718/1/4
f 3715/1/4 3716/1/4 3719/1/4
f 3719/1/4 3716/1/4 3720/1/4
f 3721/3/4 3722/3/4 3723/3/4
f 3723/3/4 3722/3/4 3724/3/4
f 3725/3/4 3726/3/4 3727/3/4
f 3727/3/4 3726/3/4 3728/3/4
f 3729/1/4 3730/1/4 3733/1/4
f 3733/1/4 3730/1/4 3734/1/4
f 3731/1/4 3732/1/4 3735/1/4
f 3735/1/4 3732/1/4 3736/1/4
f 3737/1/4 3738/1/4 3741/1/4
f 3741/1/4 3738/1/4 3742/1/4
f 3739/1/4 3740/1/4 3743/1/4
f 3743/1/4 3740/1/4 3744/1/4
f 3745/3/4 3746/3/4 3747/3/4
f 3747/3/4 3746/3/4 3748/3/4
f 3749/3/4 3750/3/4 3751/3/4
f 3751/3/4 3750/3/4 3752/3/4
f 3753/1/4 3754/1/4 3757/1/4
f 3757/1/4 3754/1/4 3758/1/4
f 3755/1/4 3756/1/4 3759/1/4
f 3759/1/4 3756/1/4 3760/1/4
f 3761/1/4 3762/1/4 3765/1/4
f 3765/1/4 3762/1/4 3766/1/4
f 3763/1/4 3764/1/4 3767/1/4
f 3767/1/4 3764/1/4 3768/1/4
f 3769/3/4 3770/3/4 3771/3/4
f 3771/3/4 3770/3/4 3772/3/4
f 3773/3/4 3774/3/4 3775/3/4
f 3775/3/4 3774/3/4 3776/3/4
f 3777/1/4 3778/1/4 3781/1/4
f 3781/1/4 3778/1/4 3782/1/4
f 3779/1/4 3780/1/4 3783/1/4
f 3783/1/4 3780/1/4 3784/1/4
f 3785/1/4 3786/1/4 3789/1/4
f 3789/1/4 3786/1/4 3790/1/4
f 3787/1/4 3788/1/4 3791/1/4
f 3791/1/4 3788/1/4 3792/1/4
f 3793/3/4 3794/3/4 3795/3/4
f 3795/3/4 3794/3/4 3796/3/4
f 3797/3/4 3798/3/4 3799/3/4
f 3799/3/4 3798/3/4 3800/3/4
f 3801/1/4 3802/1/4 3805/1/4
f 3805/1/4 3802/1/4 3806/1/4
f 3803/1/4 3804/1/4 3807/1/4
f 3807/1/4 3804/1/4 3808/1/4
f 3809/1/4 3810/1/4 3813/1/4
f 3813/1/4 3810/1/4 3814/1/4
f 3811/1/4 3812/1/4 3815/1/4
f 3815/1/4 3812/1/4 3816/1/4
f 3817/3/4 3818/3/4 3819/3/4
f 3819/3/4 3818/3/4 3820/3/4
f 3821/3/4 3822/3/4 3823/3/4
f 3823/3/4 3822/3/4 3824/3/4
f 3825/1/4 3826/1/4 3829/1/4
f 3829/1/4 3826/1/4 3830/1/4
f 3827/1/4 3828/1/4 3831/1/4
f 3831/1/4 3828/1/4 3832/1/4
f 3833/1/4 3834/1/4 3837/1/4
f 3837/1/4 3834/1/4 3838/1/4
f 3835/1/4 3836/1/4 3839/1/4
f 3839/1/4 3836/1/4 3840/1/4
f 3841/3/4 3842/3/4 3843/3/4
f 3843/3/4 3842/3/4 3844/3/4
f 3845/3/4 3846/3/4 3847/3/4
f 3847/3/4 3846/3/4 3848/3/4
f 3849/1/4 3850/1/4 3853/1/4
f 3853/1/4 3850/1/4 3854/1/4
f 3851/1/4 3852/1/4 3855/1/4
f 3855/1/4 3852/1/4 3856/1/4
f 3857/1/4 3858/1/4 3861/1/4
f 3861/1/4 3858/1/4 3862/1/4
f 3859/1/4 3860/1/4 3863/1/4
f 3863/1/4 3860/1/4 3864/1/4
f 3865/3/4 3866/3/4 3867/3/4
f 3867/3/4 3866/3/4 3868/3/4
f 3865/3/4 3867/3/4 3869/3/4
f 3869/3/4 3867/3/4 3870/3/4
f 3865/3/4 3869/3/4 3871/3/4
f 3871/3/4 3869/3/4 3872/3/4
f 3868/3/4 3866/3/4 3874/3/4
f 3874/3/4 3866/3/4 3875/3/4
f 3873/3/4 3874/3/4 3877/3/4
f 3877/3/4 3874/3/4 3878/3/4
f 3876/3/4 3877/3/4 3878/3/4
f 3878/3/4 3874/3/4 3879/3/4
f 3865/3/4 3871/3/4 3880/3/4
f 3876/3/4 3878/3/4 3881/3/4
f 3881/3/4 3878/3/4 3882/3/4
f 3875/3/4 3866/3/4 3884/3/4
f 3883/3/4 3884/3/4 3886/3/4
f 3880/3/4 3881/3/4 3887/3/4
f 3885/3/4 3886/3/4 3888/3/4
f 3880/3/4 3887/3/4 3889/3/4
f 3887/3/4 3888/3/4 3889/3/4
f 3865/3/4 3880/3/4 3889/3/4
f 3884/3/4 3866/3/4 3890/3/4
f 3889/3/4 3888/3/4 3890/3/4
f 3888/3/4 3886/3/4 3890/3/4
f 3886/3/4 3884/3/4 3890/3/4
f 3891/1/4 3892/1/4 3895/1/4
f 3895/1/4 3892/1/4 3896/1/4
f 3893/1/4 3894/1/4 3897/1/4
f 3897/1/4 3894/1/4 3898/1/4
f 3899/1/4 3900/1/4 3903/1/4
f 3903/1/4 3900/1/4 3904/1/4
f 3901/1/4 3902/1/4 3905/1/4
f 3905/1/4 3902/1/4 3906/1/4
f 3907/2/4 3908/2/4 3910/2/4
f 3909/2/4 3910/2/4 3912/2/4
f 3910/2/4 3908/2/4 3913/2/4
f 3912/2/4 3910/2/4 3913/2/4
f 3913/2/4 3908/2/4 3914/2/4
f 3911/2/4 3912/2/4 3916/2/4
f 3912/2/4 3913/2/4 3916/2/4
f 3916/2/4 3913/2/4 3917/2/4
f 3914/2/4 3915/2/4 3919/2/4
f 3911/2/4 3916/2/4 3920/2/4
f 3920/2/4 3916/2/4 3921/2/4
f 3918/2/4 3919/2/4 3922/2/4
f 3919/2/4 3915/2/4 3923/2/4
f 3922/2/4 3919/2/4 3923/2/4
f 3923/2/4 3915/2/4 3924/2/4
f 3921/2/4 3922/2/4 3925/2/4
f 3922/2/4 3923/2/4 3925/2/4
f 3925/2/4 3923/2/4 3926/2/4
f 3921/2/4 3925/2/4 3927/2/4
f 3927/2/4 3925/2/4 3928/2/4
f 3929/1/4 3930/1/4 3933/1/4
f 3933/1/4 3930/1/4 3934/1/4
f 3931/1/4 3932/1/4 3935/1/4
f 3935/1/4 3932/1/4 3936/1/4
f 3937/1/4 3938/1/4 3941/1/4
f 3941/1/4 3938/1/4 3942/1/4
f 3939/1/4 3940/1/4 3943/1/4
f 3943/1/4 3940/1/4 3944/1/4
f 3948/1/5 3946/1/5 3945/1/5
f 3949/1/5 3946/1/5 3948/1/5
f 3952/1/5 3948/1/5 3947/1/5
f 3952/1/5 3950/1/5 3949/1/5
f 3952/1/5 3949/1/5 3948/1/5
f 3953/1/5 3950/1/5 3952/1/5
f 3956/1/5 3952/1/5 3951/1/5
f 3956/1/5 3954/1/5 3953/1/5
f 3956/1/5 3953/1/5 3952/1/5
f 3957/1/5 3954/1/5 3956/1/5
f 3960/1/5 3956/1/5 3955/1/5
f 3960/1/5 3958/1/5 3957/1/5
f 3960/1/5 3957/1/5 3956/1/5
f 3961/1/5 3958/1/5 3960/1/5
f 3962/1/5 3958/1/5 3961/1/5
f 3963/1/5 3958/1/5 3962/1/5
f 3966/1/5 3960/1/5 3959/1/5
f 3966/1/5 3961/1/5 3960/1/5
f 3967/1/5 3961/1/5 3966/1/5
f 3968/1/5 3961/1/5 3967/1/5
f 3969/1/5 3963/1/5 3962/1/5
f 3969/1/5 3964/1/5 3963/1/5
f 3970/1/5 3964/1/5 3969/1/5
f 3971/1/5 3964/1/5 3970/1/5
f 3974/1/5 3967/1/5 3966/1/5
f 3974/1/5 3966/1/5 3965/1/5
f 3975/1/5 3967/1/5 3974/1/5
f 3976/1/5 3967/1/5 3975/1/5
f 3977/1/5 3972/1/5 3971/1/5
f 3977/1/5 3971/1/5 3970/1/5
f 3978/1/5 3972/1/5 3977/1/5
f 3979/1/5 3972/1/5 3978/1/5
f 3982/1/5 3975/1/5 3974/1/5
f 3982/1/5 3974/1/5 3973/1/5
f 3983/1/5 3975/1/5 3982/1/5
f 3984/1/5 3975/1/5 3983/1/5
f 3985/1/5 3980/1/5 3979/1/5
f 3985/1/5 3979/1/5 3978/1/5
f 3986/1/5 3980/1/5 3985/1/5
f 3987/1/5 3980/1/5 3986/1/5
f 3990/1/5 3983/1/5 3982/1/5
f 3990/1/5 3982/1/5 3981/1/5
f 3991/1/5 3983/1/5 3990/1/5
f 3992/1/5 3983/1/5 3991/1/5
f 3993/1/5 3988/1/5 3987/1/5
f 3993/1/5 3987/1/5 3986/1/5
f 3994/1/5 3988/1/5 3993/1/5
f 3995/1/5 3988/1/5 3994/1/5
f 3998/1/5 3991/1/5 3990/1/5
f 3998/1/5 3990/1/5 3989/1/5
f 3999/1/5 3991/1/5 3998/1/5
f 4000/1/5 3991/1/5 3999/1/5
f 4001/1/5 3996/1/5 3995/1/5
f 4001/1/5 3995/1/5 3994/1/5
f 4002/1/5 3996/1/5 4001/1/5
f 4003/1/5 3996/1/5 4002/1/5
f 4006/1/5 3999/1/5 3998/1/5
f 4006/1/5 3998/1/5 3997/1/5
f 4007/1/5 3999/1/5 4006/1/5
f 4008/1/5 3999/1/5 4007/1/5
f 4009/1/5 4004/1/5 4003/1/5
f 4009/1/5 4003/1/5 4002/1/5
f 4010/1/5 4004/1/5 4009/1/5
f 4011/1/5 4004/1/5 4010/1/5
f 4014/1/5 4007/1/5 4006/1/5
f 4014/1/5 4006/1/5 4005/1/5
f 4015/1/5 4007/1/5 4014/1/5
f 4016/1/5 4007/1/5 4015/1/5
f 4017/1/5 4012/1/5 4011/1/5
f 4017/1/5 4011/1/5 4010/1/5
f 4018/1/5 4012/1/5 4017/1/5
f 4019/1/5 4012/1/5 4018/1/5
f 4022/1/5 4015/1/5 4014/1/5
f 4022/1/5 4014/1/5 4013/1/5
f 4023/1/5 4015/1/5 4022/1/5
f 4024/1/5 4015/1/5 4023/1/5
f 4025/1/5 4020/1/5 4019/1/5
f 4025/1/5 4019/1/5 4018/1/5
f 4026/1/5 4020/1/5 4025/1/5
f 4027/1/5 4020/1/5 4026/1/5
f 4030/1/5 4023/1/5 4022/1/5
f 4030/1/5 4022/1/5 4021/1/5
f 4031/1/5 4023/1/5 4030/1/5
f 4032/1/5 4023/1/5 4031/1/5
f 4033/1/5 4028/1/5 4027/1/5
f 4033/1/5 4027/1/5 4026/1/5
f 4034/1/5 4028/1/5 4033/1/5
f 4035/1/5 4028/1/5 4034/1/5
f 4038/1/5 4031/1/5 4030/1/5
f 4038/1/5 4030/1/5 4029/1/5
f 4039/1/5 4031/1/5 4038/1/5
f 4040/1/5 4031/1/5 4039/1/5
f 4041/1/5 4036/1/5 4035/1/5
f 4041/1/5 4035/1/5 4034/1/5
f 4042/1/5 4036/1/5 4041/1/5
f 4043/1/5 4036/1/5 4042/1/5
f 4046/1/5 4039/1/5 4038/1/5
f 4046/1/5 4038/1/5 4037/1/5
f 4047/1/5 4039/1/5 4046/1/5
f 4048/1/5 4039/1/5 4047/1/5
f 4049/1/5 4044/1/5 4043/1/5
f 4049/1/5 4043/1/5 4042/1/5
f 4050/1/5 4044/1/5 4049/1/5
f 4051/1/5 4044/1/5 4050/1/5
f 4054/1/5 4047/1/5 4046/1/5
f 4054/1/5 4046/1/5 4045/1/5
f 4055/1/5 4047/1/5 4054/1/5
f 4056/1/5 4047/1/5 4055/1/5
f 4057/1/5 4052/1/5 4051/1/5
f 4057/1/5 4051/1/5 4050/1/5
f 4058/1/5 4052/1/5 4057/1/5
f 4059/1/5 4052/1/5 4058/1/5
f 4062/1/5 4055/1/5 4054/1/5
f 4062/1/5 4054/1/5 4053/1/5
f 4063/1/5 4055/1/5 4062/1/5
f 4064/1/5 4055/1/5 4063/1/5
f 4065/1/5 4060/1/5 4059/1/5
f 4065/1/5 4059/1/5 4058/1/5
f 4066/1/5 4060/1/5 4065/1/5
f 4067/1/5 4060/1/5 4066/1/5
f 4070/1/5 4063/1/5 4062/1/5
f 4070/1/5 4062/1/5 4061/1/5
f 4071/1/5 4063/1/5 4070/1/5
f 4072/1/5 4063/1/5 4071/1/5
f 4073/1/5 4068/1/5 4067/1/5
f 4073/1/5 4067/1/5 4066/1/5
f 4074/1/5 4068/1/5 4073/1/5
f 4075/1/5 4068/1/5 4074/1/5
f 4078/1/5 4071/1/5 4070/1/5
f 4078/1/5 4070/1/5 4069/1/5
f 4079/1/5 4071/1/5 4078/1/5
f 4080/1/5 4071/1/5 4079/1/5
f 4081/1/5 4076/1/5 4075/1/5
f 4081/1/5 4075/1/5 4074/1/5
f 4082/1/5 4076/1/5 4081/1/5
f 4083/1/5 4076/1/5 4082/1/5
f 4085/1/5 4079/1/5 4078/1/5
f 4085/1/5 4078/1/5 4077/1/5
f 4086/1/5 4079/1/5 4085/1/5
f 4087/1/5 4084/1/5 4083/1/5
f 4087/1/5 4083/1/5 4082/1/5
f 4088/1/5 4084/1/5 4087/1/5
f 4090/1/5 4085/1/5 4077/1/5
f 4091/1/5 4084/1/5 4088/1/5
f 4093/1/5 4090/1/5 4089/1/5
f 4093/1/5 4085/1/5 4090/1/5
f 4094/1/5 4085/1/5 4093/1/5
f 4095/1/5 4092/1/5 4091/1/5
f 4095/1/5 4091/1/5 4088/1/5
f 4096/1/5 4092/1/5 4095/1/5
f 4098/1/5 4093/1/5 4089/1/5
f 4099/1/5 4093/1/5 4098/1/5
f 4100/1/5 4093/1/5 4099/1/5
f 4101/1/5 4092/1/5 4096/1/5
f 4102/1/5 4092/1/5 4101/1/5
f 4103/1/5 4092/1/5 4102/1/5
f 4106/1/5 4098/1/5 4097/1/5
f 4106/1/5 4099/1/5 4098/1/5
f 4107/1/5 4099/1/5 4106/1/5
f 4108/1/5 4099/1/5 4107/1/5
f 4109/1/5 4104/1/5 4103/1/5
f 4109/1/5 4103/1/5 4102/1/5
f 4110/1/5 4104/1/5 4109/1/5
f 4111/1/5 4104/1/5 4110/1/5
f 4114/1/5 4107/1/5 4106/1/5
f 4114/1/5 4106/1/5 4105/1/5
f 4115/1/5 4112/1/5 4111/1/5
f 4115/1/5 4111/1/5 4110/1/5
f 4117/1/5 4114/1/5 4113/1/5
f 4117/1/5 4107/1/5 4114/1/5
f 4118/1/5 4107/1/5 4117/1/5
f 4119/1/5 4116/1/5 4115/1/5
f 4119/1/5 4115/1/5 4110/1/5
f 4120/1/5 4116/1/5 4119/1/5
f 4121/1/5 4117/1/5 4113/1/5
f 4124/1/5 4116/1/5 4120/1/5
f 4125/1/5 4122/1/5 4121/1/5
f 4125/1/5 4121/1/5 4113/1/5
f 4126/1/5 4122/1/5 4125/1/5
f 4127/1/5 4124/1/5 4123/1/5
f 4127/1/5 4116/1/5 4124/1/5
f 4128/1/5 4116/1/5 4127/1/5
f 4129/1/5 4122/1/5 4126/1/5
f 4130/1/5 4122/1/5 4129/1/5
f 4131/1/5 4122/1/5 4130/1/5
f 4134/1/5 4127/1/5 4123/1/5
f 4135/1/5 4127/1/5 4134/1/5
f 4136/1/5 4127/1/5 4135/1/5
f 4137/1/5 4132/1/5 4131/1/5
f 4137/1/5 4131/1/5 4130/1/5
f 4138/1/5 4132/1/5 4137/1/5
f 4139/1/5 4132/1/5 4138/1/5
f 4142/1/5 4135/1/5 4134/1/5
f 4142/1/5 4134/1/5 4133/1/5
f 4143/1/5 4135/1/5 4142/1/5
f 4144/1/5 4135/1/5 4143/1/5
f 4145/1/5 4140/1/5 4139/1/5
f 4145/1/5 4139/1/5 4138/1/5
f 4148/1/5 4143/1/5 4142/1/5
f 4148/1/5 4142/1/5 4141/1/5
f 4149/1/5 4146/1/5 4145/1/5
f 4149/1/5 4145/1/5 4138/1/5
f 4150/1/5 4146/1/5 4149/1/5
f 4151/1/5 4148/1/5 4147/1/5
f 4151/1/5 4143/1/5 4148/1/5
f 4152/1/5 4143/1/5 4151/1/5
f 4153/1/5 4146/1/5 4150/1/5
f 4156/1/5 4151/1/5 4147/1/5
f 4157/1/5 4154/1/5 4153/1/5
f 4157/1/5 4153/1/5 4150/1/5
f 4158/1/5 4154/1/5 4157/1/5
f 4159/1/5 4154/1/5 4158/1/5
f 4162/1/5 4156/1/5 4155/1/5
f 4163/1/5 4151/1/5 4156/1/5
f 4163/1/5 4156/1/5 4162/1/5
f 4164/1/5 4151/1/5 4163/1/5
f 4165/1/5 4160/1/5 4159/1/5
f 4165/1/5 4159/1/5 4158/1/5
f 4166/1/5 4160/1/5 4165/1/5
f 4167/1/5 4160/1/5 4166/1/5
f 4170/1/5 4162/1/5 4161/1/5
f 4170/1/5 4163/1/5 4162/1/5
f 4171/1/5 4163/1/5 4170/1/5
f 4172/1/5 4163/1/5 4171/1/5
f 4173/1/5 4168/1/5 4167/1/5
f 4173/1/5 4167/1/5 4166/1/5
f 4174/1/5 4168/1/5 4173/1/5
f 4175/1/5 4168/1/5 4174/1/5
f 4178/1/5 4171/1/5 4170/1/5
f 4178/1/5 4170/1/5 4169/1/5
f 4179/1/5 4171/1/5 4178/1/5
f 4180/1/5 4171/1/5 4179/1/5
f 4181/1/5 4176/1/5 4175/1/5
f 4181/1/5 4175/1/5 4174/1/5
f 4182/1/5 4176/1/5 4181/1/5
f 4183/1/5 4176/1/5 4182/1/5
f 4186/1/5 4179/1/5 4178/1/5
f 4186/1/5 4178/1/5 4177/1/5
f 4187/1/5 4179/1/5 4186/1/5
f 4188/1/5 4179/1/5 4187/1/5
f 4189/1/5 4184/1/5 4183/1/5
f 4189/1/5 4183/1/5 4182/1/5
f 4190/1/5 4184/1/5 4189/1/5
f 4191/1/5 4184/1/5 4190/1/5
f 4194/1/5 4187/1/5 4186/1/5
f 4194/1/5 4186/1/5 4185/1/5
f 4195/1/5 4187/1/5 4194/1/5
f 4196/1/5 4187/1/5 4195/1/5
f 4197/1/5 4192/1/5 4191/1/5
f 4197/1/5 4191/1/5 4190/1/5
f 4198/1/5 4192/1/5 4197/1/5
f 4199/1/5 4192/1/5 4198/1/5
f 4202/1/5 4195/1/5 4194/1/5
f 4202/1/5 4194/1/5 4193/1/5
f 4203/1/5 4195/1/5 4202/1/5
f 4204/1/5 4195/1/5 4203/1/5
f 4205/1/5 4200/1/5 4199/1/5
f 4205/1/5 4199/1/5 4198/1/5
f 4206/1/5 4200/1/5 4205/1/5
f 4207/1/5 4200/1/5 4206/1/5
f 4210/1/5 4203/1/5 4202/1/5
f 4210/1/5 4202/1/5 4201/1/5
f 4211/1/5 4203/1/5 4210/1/5
f 4212/1/5 4203/1/5 4211/1/5
f 4213/1/5 4208/1/5 4207/1/5
f 4213/1/5 4207/1/5 4206/1/5
f 4214/1/5 4208/1/5 4213/1/5
f 4215/1/5 4208/1/5 4214/1/5
f 4218/1/5 4211/1/5 4210/1/5
f 4218/1/5 4210/1/5 4209/1/5
f 4219/1/5 4211/1/5 4218/1/5
f 4220/1/5 4211/1/5 4219/1/5
f 4221/1/5 4216/1/5 4215/1/5
f 4221/1/5 4215/1/5 4214/1/5
f 4222/1/5 4216/1/5 4221/1/5
f 4223/1/5 4216/1/5 4222/1/5
f 4226/1/5 4219/1/5 4218/1/5
f 4226/1/5 4218/1/5 4217/1/5
f 4227/1/5 4219/1/5 4226/1/5
f 4228/1/5 4219/1/5 4227/1/5
f 4229/1/5 4224/1/5 4223/1/5
f 4229/1/5 4223/1/5 4222/1/5
f 4230/1/5 4224/1/5 4229/1/5
f 4231/1/5 4224/1/5 4230/1/5
f 4234/1/5 4227/1/5 4226/1/5
f 4234/1/5 4226/1/5 4225/1/5
f 4235/1/5 4227/1/5 4234/1/5
f 4236/1/5 4227/1/5 4235/1/5
f 4237/1/5 4232/1/5 4231/1/5
f 4237/1/5 4231/1/5 4230/1/5
f 4238/1/5 4232/1/5 4237/1/5
f 4239/1/5 4232/1/5 4238/1/5
f 4242/1/5 4235/1/5 4234/1/5
f 4242/1/5 4234/1/5 4233/1/5
f 4243/1/5 4235/1/5 4242/1/5
f 4244/1/5 4235/1/5 4243/1/5
f 4245/1/5 4240/1/5 4239/1/5
f 4245/1/5 4239/1/5 4238/1/5
f 4246/1/5 4240/1/5 4245/1/5
f 4247/1/5 4240/1/5 4246/1/5
f 4250/1/5 4243/1/5 4242/1/5
f 4250/1/5 4242/1/5 4241/1/5
f 4251/1/5 4243/1/5 4250/1/5
f 4252/1/5 4243/1/5 4251/1/5
f 4253/1/5 4248/1/5 4247/1/5
f 4253/1/5 4247/1/5 4246/1/5
f 4254/1/5 4248/1/5 4253/1/5
f 4255/1/5 4248/1/5 4254/1/5
f 4258/1/5 4251/1/5 4250/1/5
f 4258/1/5 4250/1/5 4249/1/5
f 4259/1/5 4251/1/5 4258/1/5
f 4260/1/5 4251/1/5 4259/1/5
f 4261/1/5 4256/1/5 4255/1/5
f 4261/1/5 4255/1/5 4254/1/5
f 4262/1/5 4256/1/5 4261/1/5
f 4263/1/5 4256/1/5 4262/1/5
f 4266/1/5 4259/1/5 4258/1/5
f 4266/1/5 4258/1/5 4257/1/5
f 4267/1/5 4259/1/5 4266/1/5
f 4268/1/5 4259/1/5 4267/1/5
f 4269/1/5 4264/1/5 4263/1/5
f 4269/1/5 4263/1/5 4262/1/5
f 4270/1/5 4264/1/5 4269/1/5
f 4271/1/5 4264/1/5 4270/1/5
f 4274/1/5 4267/1/5 4266/1/5
f 4274/1/5 4266/1/5 4265/1/5
f 4275/1/5 4267/1/5 4274/1/5
f 4276/1/5 4267/1/5 4275/1/5
f 4277/1/5 4272/1/5 4271/1/5
f 4277/1/5 4271/1/5 4270/1/5
f 4278/1/5 4272/1/5 4277/1/5
f 4279/1/5 4272/1/5 4278/1/5
f 4280/1/5 4275/1/5 4274/1/5
f 4280/1/5 4274/1/5 4273/1/5
f 4281/1/5 4275/1/5 4280/1/5
f 4282/1/5 4275/1/5 4281/1/5
f 4283/1/5 4279/1/5 4278/1/5
f 4283/1/5 4281/1/5 4280/1/5
f 4283/1/5 4280/1/5 4279/1/5
f 4284/1/5 4281/1/5 4283/1/5
f 4285/1/5 4281/1/5 4284/1/5
f 4286/1/5 4281/1/5 4285/1/5
f 4287/1/5 4285/1/5 4284/1/5
f 4288/1/5 4285/1/5 4287/1/5
f 4289/1/5 4285/1/5 4288/1/5
f 4290/1/5 4285/1/5 4289/1/5
f 4291/1/5 4289/1/5 4288/1/5
f 4292/1/5 4289/1/5 4291/1/5
f 4293/1/5 4289/1/5 4292/1/5
f 4294/1/5 4289/1/5 4293/1/5
f 4295/1/5 4293/1/5 4292/1/5
f 4296/1/5 4293/1/5 4295/1/5
f 4299/2/5 4298/2/5 4297/2/5
f 4300/2/5 4298/2/5 4299/2/5
f 4306/2/5 4302/2/5 4301/2/5
f 4307/2/5 4302/2/5 4306/2/5
f 4308/2/5 4304/2/5 4303/2/5
f 4309/2/5 4304/2/5 4308/2/5
f 4312/2/5 4306/2/5 4305/2/5
f 4313/2/5 4306/2/5 4312/2/5
f 4314/2/5 4310/2/5 4309/2/5
f 4315/2/5 4310/2/5 4314/2/5
f 4317/2/5 4312/2/5 4311/2/5
f 4318/2/5 4312/2/5 4317/2/5
f 4319/2/5 4316/2/5 4315/2/5
f 4320/2/5 4316/2/5 4319/2/5
f 4325/2/5 4322/2/5 4321/2/5
f 4326/2/5 4322/2/5 4325/2/5
f 4327/2/5 4324/2/5 4323/2/5
f 4328/2/5 4324/2/5 4327/2/5
f 4333/2/5 4330/2/5 4329/2/5
f 4334/2/5 4330/2/5 4333/2/5
f 4337/2/5 4332/2/5 4331/2/5
f 4338/2/5 4332/2/5 4337/2/5
f 4339/2/5 4335/2/5 4334/2/5
f 4340/2/5 4335/2/5 4339/2/5
f 4343/2/5 4337/2/5 4336/2/5
f 4344/2/5 4337/2/5 4343/2/5
f 4345/2/5 4341/2/5 4340/2/5
f 4346/2/5 4341/2/5 4345/2/5
f 4347/2/5 4343/2/5 4342/2/5
f 4348/2/5 4343/2/5 4347/2/5
f 4351/2/5 4350/2/5 4349/2/5
f 4352/2/5 4350/2/5 4351/2/5
f 4357/2/5 4354/2/5 4353/2/5
f 4358/2/5 4354/2/5 4357/2/5
f 4359/2/5 4356/2/5 4355/2/5
f 4360/2/5 4356/2/5 4359/2/5
f 4365/2/5 4362/2/5 4361/2/5
f 4366/2/5 4362/2/5 4365/2/5
f 4367/2/5 4362/2/5 4366/2/5
f 4369/2/5 4364/2/5 4363/2/5
f 4370/2/5 4364/2/5 4369/2/5
f 4371/2/5 4368/2/5 4367/2/5
f 4371/2/5 4367/2/5 4366/2/5
f 4372/2/5 4368/2/5 4371/2/5
f 4373/2/5 4368/2/5 4372/2/5
f 4374/2/5 4370/2/5 4369/2/5
f 4375/2/5 4370/2/5 4374/2/5
f 4376/2/5 4373/2/5 4372/2/5
f 4377/2/5 4373/2/5 4376/2/5
f 4385/2/5 4380/2/5 4379/2/5
f 4385/2/5 4379/2/5 4378/2/5
f 4386/2/5 4380/2/5 4385/2/5
f 4387/2/5 4380/2/5 4386/2/5
f 4388/2/5 4383/2/5 4382/2/5
f 4388/2/5 4382/2/5 4381/2/5
f 4389/2/5 4383/2/5 4388/2/5
f 4390/2/5 4383/2/5 4389/2/5
f 4391/2/5 4386/2/5 4385/2/5
f 4391/2/5 4385/2/5 4384/2/5
f 4392/2/5 4386/2/5 4391/2/5
f 4393/2/5 4391/2/5 4384/2/5
f 4394/2/5 4391/2/5 4393/2/5
f 4399/2/5 4398/2/5 4397/2/5
f 4400/2/5 4398/2/5 4399/2/5
f 4401/2/5 4396/2/5 4395/2/5
f 4402/2/5 4396/2/5 4401/2/5
f 4407/2/5 4406/2/5 4405/2/5
f 4408/2/5 4406/2/5 4407/2/5
f 4409/2/5 4404/2/5 4403/2/5
f 4410/2/5 4404/2/5 4409/2/5
f 4414/2/5 4412/2/5 4411/2/5
f 4419/2/5 4414/2/5 4413/2/5
f 4420/2/5 4412/2/5 4414/2/5
f 4420/2/5 4414/2/5 4419/2/5
f 4421/2/5 4412/2/5 4420/2/5
f 4422/2/5 4417/2/5 4416/2/5
f 4422/2/5 4416/2/5 4415/2/5
f 4423/2/5 4417/2/5 4422/2/5
f 4424/2/5 4417/2/5 4423/2/5
f 4425/2/5 4419/2/5 4418/2/5
f 4425/2/5 4420/2/5 4419/2/5
f 4426/2/5 4420/2/5 4425/2/5
f 4427/2/5 4420/2/5 4426/2/5
f 4432/2/5 4429/2/5 4428/2/5
f 4433/2/5 4429/2/5 4432/2/5
f 4435/2/5 4431/2/5 4430/2/5
f 4436/2/5 4431/2/5 4435/2/5
f 4437/2/5 4434/2/5 4433/2/5
f 4437/2/5 4433/2/5 4432/2/5
f 4438/2/5 4434/2/5 4437/2/5
f 4439/2/5 4434/2/5 4438/2/5
f 4441/2/5 4436/2/5 4435/2/5
f 4442/2/5 4436/2/5 4441/2/5
f 4443/2/5 4440/2/5 4439/2/5
f 4443/2/5 4439/2/5 4438/2/5
f 4444/2/5 4440/2/5 4443/2/5
f 4449/2/5 4446/2/5 4445/2/5
f 4450/2/5 4446/2/5 4449/2/5
f 4451/2/5 4448/2/5 4447/2/5
f 4452/2/5 4448/2/5 4451/2/5
f 4457/2/5 4454/2/5 4453/2/5
f 4458/2/5 4454/2/5 4457/2/5
f 4459/2/5 4456/2/5 4455/2/5
f 4460/2/5 4456/2/5 4459/2/5
f 4463/2/5 4462/2/5 4461/2/5
f 4464/2/5 4462/2/5 4463/2/5
f 4465/2/5 4462/2/5 4464/2/5
f 4466/2/5 4464/2/5 4463/2/5
f 4467/2/5 4464/2/5 4466/2/5
f 4470/2/5 4469/2/5 4468/2/5
f 4471/2/5 4469/2/5 4470/2/5
f 4474/2/5 4473/2/5 4472/2/5
f 4475/2/5 4473/2/5 4474/2/5
f 4479/2/5 4477/2/5 4476/2/5
f 4479/2/5 4478/2/5 4477/2/5
f 4480/2/5 4478/2/5 4479/2/5
f 4481/2/5 4478/2/5 4480/2/5
f 4482/2/5 4478/2/5 4481/2/5
f 4485/2/5 4484/2/5 4483/2/5
f 4486/2/5 4484/2/5 4485/2/5
f 4489/2/5 4488/2/5 4487/2/5
f 4490/2/5 4488/2/5 4489/2/5
f 4493/2/5 4492/2/5 4491/2/5
f 4494/2/5 4492/2/5 4493/2/5
f 4497/2/5 4496/2/5 4495/2/5
f 4498/2/5 4496/2/5 4497/2/5
f 4501/2/5 4500/2/5 4499/2/5
f 4503/2/5 4501/2/5 4499/2/5
f 4503/2/5 4502/2/5 4501/2/5
f 4504/2/5 4502/2/5 4503/2/5
f 4505/2/5 4502/2/5 4504/2/5
f 4508/2/5 4507/2/5 4506/2/5
f 4509/2/5 4507/2/5 4508/2/5
f 4512/2/5 4511/2/5 4510/2/5
f 4513/2/5 4511/2/5 4512/2/5
f 4517/2/5 4515/2/5 4514/2/5
f 4518/2/5 4515/2/5 4517/2/5
f 4519/2/5 4517/2/5 4516/2/5
f 4519/2/5 4518/2/5 4517/2/5
f 4520/2/5 4518/2/5 4519/2/5
f 4525/2/5 4522/2/5 4521/2/5
f 4526/2/5 4522/2/5 4525/2/5
f 4527/2/5 4524/2/5 4523/2/5
f 4528/2/5 4524/2/5 4527/2/5
f 4531/2/5 4530/2/5 4529/2/5
f 4532/2/5 4530/2/5 4531/2/5
f 4536/2/5 4534/2/5 4533/2/5
f 4537/2/5 4534/2/5 4536/2/5
f 4540/2/5 4536/2/5 4535/2/5
f 4541/2/5 4536/2/5 4540/2/5
f 4542/2/5 4539/2/5 4538/2/5
f 4543/2/5 4539/2/5 4542/2/5
f 4545/2/5 4544/2/5 4543/2/5
f 4546/2/5 4544/2/5 4545/2/5
f 4551/2/5 4548/2/5 4547/2/5
f 4552/2/5 4548/2/5 4551/2/5
f 4553/2/5 4550/2/5 4549/2/5
f 4554/2/5 4550/2/5 4553/2/5
f 4557/2/5 4556/2/5 4555/2/5
f 4558/2/5 4556/2/5 4557/2/5
f 4562/2/5 4559/2/5 4558/2/5
f 4563/2/5 4559/2/5 4562/2/5
f 4565/2/5 4561/2/5 4560/2/5
f 4566/2/5 4561/2/5 4565/2/5
f 4567/2/5 4565/2/5 4564/2/5
f 4568/2/5 4565/2/5 4567/2/5
f 4571/2/5 4570/2/5 4569/2/5
f 4572/2/5 4570/2/5 4571/2/5
f 4576/1/5 4574/1/5 4573/1/5
f 4577/1/5 4574/1/5 4576/1/5
f 4580/1/5 4576/1/5 4575/1/5
f 4580/1/5 4578/1/5 4577/1/5
f 4580/1/5 4577/1/5 4576/1/5
f 4581/1/5 4578/1/5 4580/1/5
f 4582/1/5 4578/1/5 4581/1/5
f 4583/1/5 4578/1/5 4582/1/5
f 4586/1/5 4580/1/5 4579/1/5
f 4586/1/5 4581/1/5 4580/1/5
f 4587/1/5 4581/1/5 4586/1/5
f 4588/1/5 4581/1/5 4587/1/5
f 4589/1/5 4583/1/5 4582/1/5
f 4589/1/5 4584/1/5 4583/1/5
f 4590/1/5 4584/1/5 4589/1/5
f 4591/1/5 4584/1/5 4590/1/5
f 4594/1/5 4587/1/5 4586/1/5
f 4594/1/5 4586/1/5 4585/1/5
f 4595/1/5 4587/1/5 4594/1/5
f 4596/1/5 4587/1/5 4595/1/5
f 4597/1/5 4592/1/5 4591/1/5
f 4597/1/5 4591/1/5 4590/1/5
f 4598/1/5 4592/1/5 4597/1/5
f 4599/1/5 4592/1/5 4598/1/5
f 4602/1/5 4595/1/5 4594/1/5
f 4602/1/5 4594/1/5 4593/1/5
f 4603/1/5 4595/1/5 4602/1/5
f 4604/1/5 4595/1/5 4603/1/5
f 4605/1/5 4600/1/5 4599/1/5
f 4605/1/5 4599/1/5 4598/1/5
f 4606/1/5 4600/1/5 4605/1/5
f 4607/1/5 4600/1/5 4606/1/5
f 4610/1/5 4603/1/5 4602/1/5
f 4610/1/5 4602/1/5 4601/1/5
f 4611/1/5 4603/1/5 4610/1/5
f 4612/1/5 4603/1/5 4611/1/5
f 4613/1/5 4608/1/5 4607/1/5
f 4613/1/5 4607/1/5 4606/1/5
f 4614/1/5 4608/1/5 4613/1/5
f 4615/1/5 4608/1/5 4614/1/5
f 4618/1/5 4611/1/5 4610/1/5
f 4618/1/5 4610/1/5 4609/1/5
f 4619/1/5 4611/1/5 4618/1/5
f 4620/1/5 4611/1/5 4619/1/5
f 4621/1/5 4616/1/5 4615/1/5
f 4621/1/5 4615/1/5 4614/1/5
f 4622/1/5 4616/1/5 4621/1/5
f 4623/1/5 4616/1/5 4622/1/5
f 4626/1/5 4619/1/5 4618/1/5
f 4626/1/5 4618/1/5 4617/1/5
f 4627/1/5 4619/1/5 4626/1/5
f 4628/1/5 4619/1/5 4627/1/5
f 4629/1/5 4624/1/5 4623/1/5
f 4629/1/5 4623/1/5 4622/1/5
f 4630/1/5 4624/1/5 4629/1/5
f 4631/1/5 4624/1/5 4630/1/5
f 4634/1/5 4627/1/5 4626/1/5
f 4634/1/5 4626/1/5 4625/1/5
f 4635/1/5 4627/1/5 4634/1/5
f 4636/1/5 4627/1/5 4635/1/5
f 4637/1/5 4632/1/5 4631/1/5
f 4637/1/5 4631/1/5 4630/1/5
f 4638/1/5 4632/1/5 4637/1/5
f 4639/1/5 4632/1/5 4638/1/5
f 4642/1/5 4635/1/5 4634/1/5
f 4642/1/5 4634/1/5 4633/1/5
f 4643/1/5 4635/1/5 4642/1/5
f 4644/1/5 4635/1/5 4643/1/5
f 4645/1/5 4640/1/5 4639/1/5
f 4645/1/5 4639/1/5 4638/1/5
f 4646/1/5 4640/1/5 4645/1/5
f 4647/1/5 4640/1/5 4646/1/5
f 4650/1/5 4643/1/5 4642/1/5
f 4650/1/5 4642/1/5 4641/1/5
f 4651/1/5 4643/1/5 4650/1/5
f 4652/1/5 4643/1/5 4651/1/5
f 4653/1/5 4648/1/5 4647/1/5
f 4653/1/5 4647/1/5 4646/1/5
f 4654/1/5 4648/1/5 4653/1/5
f 4655/1/5 4648/1/5 4654/1/5
f 4658/1/5 4651/1/5 4650/1/5
f 4658/1/5 4650/1/5 4649/1/5
f 4659/1/5 4651/1/5 4658/1/5
f 4660/1/5 4651/1/5 4659/1/5
f 4661/1/5 4656/1/5 4655/1/5
f 4661/1/5 4655/1/5 4654/1/5
f 4662/1/5 4656/1/5 4661/1/5
f 4663/1/5 4656/1/5 4662/1/5
f 4666/1/5 4659/1/5 4658/1/5
f 4666/1/5 4658/1/5 4657/1/5
f 4667/1/5 4659/1/5 4666/1/5
f 4668/1/5 4659/1/5 4667/1/5
f 4669/1/5 4664/1/5 4663/1/5
f 4669/1/5 4663/1/5 4662/1/5
f 4670/1/5 4664/1/5 4669/1/5
f 4671/1/5 4664/1/5 4670/1/5
f 4674/1/5 4667/1/5 4666/1/5
f 4674/1/5 4666/1/5 4665/1/5
f 4675/1/5 4672/1/5 4671/1/5
f 4675/1/5 4671/1/5 4670/1/5
f 4678/1/5 4674/1/5 4673/1/5
f 4679/1/5 4667/1/5 4674/1/5
f 4679/1/5 4674/1/5 4678/1/5
f 4680/1/5 4667/1/5 4679/1/5
f 4681/1/5 4676/1/5 4675/1/5
f 4681/1/5 4675/1/5 4670/1/5
f 4682/1/5 4676/1/5 4681/1/5
f 4683/1/5 4676/1/5 4682/1/5
f 4686/1/5 4678/1/5 4677/1/5
f 4686/1/5 4679/1/5 4678/1/5
f 4687/1/5 4679/1/5 4686/1/5
f 4688/1/5 4679/1/5 4687/1/5
f 4689/1/5 4684/1/5 4683/1/5
f 4689/1/5 4683/1/5 4682/1/5
f 4690/1/5 4684/1/5 4689/1/5
f 4691/1/5 4684/1/5 4690/1/5
f 4693/1/5 4687/1/5 4686/1/5
f 4693/1/5 4686/1/5 4685/1/5
f 4694/1/5 4687/1/5 4693/1/5
f 4695/1/5 4692/1/5 4691/1/5
f 4695/1/5 4691/1/5 4690/1/5
f 4696/1/5 4692/1/5 4695/1/5
f 4698/1/5 4693/1/5 4685/1/5
f 4699/1/5 4693/1/5 4698/1/5
f 4700/1/5 4693/1/5 4699/1/5
f 4701/1/5 4692/1/5 4696/1/5
f 4702/1/5 4692/1/5 4701/1/5
f 4703/1/5 4692/1/5 4702/1/5
f 4706/1/5 4698/1/5 4697/1/5
f 4706/1/5 4699/1/5 4698/1/5
f 4707/1/5 4704/1/5 4703/1/5
f 4707/1/5 4703/1/5 4702/1/5
f 4709/1/5 4706/1/5 4705/1/5
f 4709/1/5 4699/1/5 4706/1/5
f 4710/1/5 4699/1/5 4709/1/5
f 4711/1/5 4708/1/5 4707/1/5
f 4711/1/5 4707/1/5 4702/1/5
f 4712/1/5 4708/1/5 4711/1/5
f 4714/1/5 4709/1/5 4705/1/5
f 4715/1/5 4708/1/5 4712/1/5
f 4717/1/5 4714/1/5 4713/1/5
f 4717/1/5 4709/1/5 4714/1/5
f 4718/1/5 4709/1/5 4717/1/5
f 4719/1/5 4716/1/5 4715/1/5
f 4719/1/5 4715/1/5 4712/1/5
f 4720/1/5 4716/1/5 4719/1/5
f 4722/1/5 4717/1/5 4713/1/5
f 4723/1/5 4716/1/5 4720/1/5
f 4725/1/5 4722/1/5 4721/1/5
f 4725/1/5 4717/1/5 4722/1/5
f 4726/1/5 4717/1/5 4725/1/5
f 4727/1/5 4724/1/5 4723/1/5
f 4727/1/5 4723/1/5 4720/1/5
f 4728/1/5 4724/1/5 4727/1/5
f 4730/1/5 4725/1/5 4721/1/5
f 4731/1/5 4725/1/5 4730/1/5
f 4732/1/5 4725/1/5 4731/1/5
f 4733/1/5 4724/1/5 4728/1/5
f 4734/1/5 4724/1/5 4733/1/5
f 4735/1/5 4724/1/5 4734/1/5
f 4738/1/5 4730/1/5 4729/1/5
f 4738/1/5 4731/1/5 4730/1/5
f 4739/1/5 4731/1/5 4738/1/5
f 4740/1/5 4731/1/5 4739/1/5
f 4741/1/5 4736/1/5 4735/1/5
f 4741/1/5 4735/1/5 4734/1/5
f 4742/1/5 4736/1/5 4741/1/5
f 4743/1/5 4736/1/5 4742/1/5
f 4746/1/5 4739/1/5 4738/1/5
f 4746/1/5 4738/1/5 4737/1/5
f 4747/1/5 4739/1/5 4746/1/5
f 4748/1/5 4739/1/5 4747/1/5
f 4749/1/5 4744/1/5 4743/1/5
f 4749/1/5 4743/1/5 4742/1/5
f 4750/1/5 4744/1/5 4749/1/5
f 4751/1/5 4744/1/5 4750/1/5
f 4753/1/5 4747/1/5 4746/1/5
f 4753/1/5 4746/1/5 4745/1/5
f 4754/1/5 4747/1/5 4753/1/5
f 4755/1/5 4747/1/5 4754/1/5
f 4758/1/5 4752/1/5 4751/1/5
f 4758/1/5 4751/1/5 4750/1/5
f 4759/1/5 4752/1/5 4758/1/5
f 4760/1/5 4752/1/5 4759/1/5
f 4761/1/5 4756/1/5 4755/1/5
f 4761/1/5 4755/1/5 4754/1/5
f 4762/1/5 4756/1/5 4761/1/5
f 4763/1/5 4756/1/5 4762/1/5
f 4766/1/5 4759/1/5 4758/1/5
f 4766/1/5 4758/1/5 4757/1/5
f 4767/1/5 4759/1/5 4766/1/5
f 4768/1/5 4759/1/5 4767/1/5
f 4769/1/5 4764/1/5 4763/1/5
f 4769/1/5 4763/1/5 4762/1/5
f 4770/1/5 4764/1/5 4769/1/5
f 4771/1/5 4764/1/5 4770/1/5
f 4774/1/5 4767/1/5 4766/1/5
f 4774/1/5 4766/1/5 4765/1/5
f 4775/1/5 4767/1/5 4774/1/5
f 4776/1/5 4767/1/5 4775/1/5
f 4777/1/5 4772/1/5 4771/1/5
f 4777/1/5 4771/1/5 4770/1/5
f 4780/1/5 4775/1/5 4774/1/5
f 4780/1/5 4774/1/5 4773/1/5
f 4781/1/5 4778/1/5 4777/1/5
f 4781/1/5 4777/1/5 4770/1/5
f 4782/1/5 4778/1/5 4781/1/5
f 4783/1/5 4780/1/5 4779/1/5
f 4783/1/5 4775/1/5 4780/1/5
f 4784/1/5 4775/1/5 4783/1/5
f 4785/1/5 4778/1/5 4782/1/5
f 4788/1/5 4783/1/5 4779/1/5
f 4789/1/5 4786/1/5 4785/1/5
f 4789/1/5 4785/1/5 4782/1/5
f 4790/1/5 4786/1/5 4789/1/5
f 4791/1/5 4788/1/5 4787/1/5
f 4791/1/5 4783/1/5 4788/1/5
f 4792/1/5 4783/1/5 4791/1/5
f 4793/1/5 4786/1/5 4790/1/5
f 4796/1/5 4791/1/5 4787/1/5
f 4797/1/5 4794/1/5 4793/1/5
f 4797/1/5 4793/1/5 4790/1/5
f 4798/1/5 4794/1/5 4797/1/5
f 4799/1/5 4796/1/5 4795/1/5
f 4799/1/5 4791/1/5 4796/1/5
f 4800/1/5 4791/1/5 4799/1/5
f 4801/1/5 4794/1/5 4798/1/5
f 4802/1/5 4794/1/5 4801/1/5
f 4803/1/5 4794/1/5 4802/1/5
f 4806/1/5 4799/1/5 4795/1/5
f 4807/1/5 4799/1/5 4806/1/5
f 4808/1/5 4799/1/5 4807/1/5
f 4809/1/5 4804/1/5 4803/1/5
f 4809/1/5 4803/1/5 4802/1/5
f 4812/1/5 4807/1/5 4806/1/5
f 4812/1/5 4806/1/5 4805/1/5
f 4813/1/5 4810/1/5 4809/1/5
f 4813/1/5 4809/1/5 4802/1/5
f 4814/1/5 4810/1/5 4813/1/5
f 4815/1/5 4810/1/5 4814/1/5
f 4818/1/5 4812/1/5 4811/1/5
f 4819/1/5 4807/1/5 4812/1/5
f 4819/1/5 4812/1/5 4818/1/5
f 4820/1/5 4807/1/5 4819/1/5
f 4821/1/5 4816/1/5 4815/1/5
f 4821/1/5 4815/1/5 4814/1/5
f 4822/1/5 4816/1/5 4821/1/5
f 4823/1/5 4816/1/5 4822/1/5
f 4826/1/5 4818/1/5 4817/1/5
f 4826/1/5 4819/1/5 4818/1/5
f 4827/1/5 4819/1/5 4826/1/5
f 4828/1/5 4819/1/5 4827/1/5
f 4829/1/5 4824/1/5 4823/1/5
f 4829/1/5 4823/1/5 4822/1/5
f 4830/1/5 4824/1/5 4829/1/5
f 4831/1/5 4827/1/5 4826/1/5
f 4831/1/5 4826/1/5 4825/1/5
f 4832/1/5 4827/1/5 4831/1/5
f 4833/1/5 4824/1/5 4830/1/5
f 4834/1/5 4824/1/5 4833/1/5
f 4835/1/5 4824/1/5 4834/1/5
f 4838/1/5 4831/1/5 4825/1/5
f 4839/1/5 4831/1/5 4838/1/5
f 4840/1/5 4831/1/5 4839/1/5
f 4841/1/5 4836/1/5 4835/1/5
f 4841/1/5 4835/1/5 4834/1/5
f 4842/1/5 4836/1/5 4841/1/5
f 4843/1/5 4836/1/5 4842/1/5
f 4846/1/5 4839/1/5 4838/1/5
f 4846/1/5 4838/1/5 4837/1/5
f 4847/1/5 4839/1/5 4846/1/5
f 4848/1/5 4839/1/5 4847/1/5
f 4849/1/5 4844/1/5 4843/1/5
f 4849/1/5 4843/1/5 4842/1/5
f 4850/1/5 4844/1/5 4849/1/5
f 4851/1/5 4844/1/5 4850/1/5
f 4854/1/5 4847/1/5 4846/1/5
f 4854/1/5 4846/1/5 4845/1/5
f 4855/1/5 4847/1/5 4854/1/5
f 4856/1/5 4847/1/5 4855/1/5
f 4857/1/5 4852/1/5 4851/1/5
f 4857/1/5 4851/1/5 4850/1/5
f 4858/1/5 4852/1/5 4857/1/5
f 4859/1/5 4852/1/5 4858/1/5
f 4862/1/5 4855/1/5 4854/1/5
f 4862/1/5 4854/1/5 4853/1/5
f 4863/1/5 4855/1/5 4862/1/5
f 4864/1/5 4855/1/5 4863/1/5
f 4865/1/5 4860/1/5 4859/1/5
f 4865/1/5 4859/1/5 4858/1/5
f 4866/1/5 4860/1/5 4865/1/5
f 4867/1/5 4860/1/5 4866/1/5
f 4870/1/5 4863/1/5 4862/1/5
f 4870/1/5 4862/1/5 4861/1/5
f 4871/1/5 4863/1/5 4870/1/5
f 4872/1/5 4863/1/5 4871/1/5
f 4873/1/5 4868/1/5 4867/1/5
f 4873/1/5 4867/1/5 4866/1/5
f 4874/1/5 4868/1/5 4873/1/5
f 4875/1/5 4868/1/5 4874/1/5
f 4878/1/5 4871/1/5 4870/1/5
f 4878/1/5 4870/1/5 4869/1/5
f 4879/1/5 4871/1/5 4878/1/5
f 4880/1/5 4871/1/5 4879/1/5
f 4881/1/5 4876/1/5 4875/1/5
f 4881/1/5 4875/1/5 4874/1/5
f 4882/1/5 4876/1/5 4881/1/5
f 4883/1/5 4876/1/5 4882/1/5
f 4886/1/5 4879/1/5 4878/1/5
f 4886/1/5 4878/1/5 4877/1/5
f 4887/1/5 4879/1/5 4886/1/5
f 4888/1/5 4879/1/5 4887/1/5
f 4889/1/5 4884/1/5 4883/1/5
f 4889/1/5 4883/1/5 4882/1/5
f 4890/1/5 4884/1/5 4889/1/5
f 4891/1/5 4884/1/5 4890/1/5
f 4894/1/5 4887/1/5 4886/1/5
f 4894/1/5 4886/1/5 4885/1/5
f 4895/1/5 4887/1/5 4894/1/5
f 4896/1/5 4887/1/5 4895/1/5
f 4897/1/5 4892/1/5 4891/1/5
f 4897/1/5 4891/1/5 4890/1/5
f 4898/1/5 4892/1/5 4897/1/5
f 4899/1/5 4892/1/5 4898/1/5
f 4902/1/5 4895/1/5 4894/1/5
f 4902/1/5 4894/1/5 4893/1/5
f 4903/1/5 4895/1/5 4902/1/5
f 4904/1/5 4895/1/5 4903/1/5
f 4905/1/5 4900/1/5 4899/1/5
f 4905/1/5 4899/1/5 4898/1/5
f 4906/1/5 4900/1/5 4905/1/5
f 4907/1/5 4900/1/5 4906/1/5
f 4910/1/5 4903/1/5 4902/1/5
f 4910/1/5 4902/1/5 4901/1/5
f 4911/1/5 4903/1/5 4910/1/5
f 4912/1/5 4903/1/5 4911/1/5
f 4913/1/5 4908/1/5 4907/1/5
f 4913/1/5 4907/1/5 4906/1/5
f 4914/1/5 4908/1/5 4913/1/5
f 4915/1/5 4908/1/5 4914/1/5
f 4918/1/5 4911/1/5 4910/1/5
f 4918/1/5 4910/1/5 4909/1/5
f 4919/1/5 4911/1/5 4918/1/5
f 4920/1/5 4911/1/5 4919/1/5
f 4921/1/5 4916/1/5 4915/1/5
f 4921/1/5 4915/1/5 4914/1/5
f 4922/1/5 4916/1/5 4921/1/5
f 4923/1/5 4916/1/5 4922/1/5
f 4924/1/5 4919/1/5 4918/1/5
f 4924/1/5 4918/1/5 4917/1/5
f 4925/1/5 4919/1/5 4924/1/5
f 4926/1/5 4919/1/5 4925/1/5
f 4927/1/5 4923/1/5 4922/1/5
f 4927/1/5 4925/1/5 4924/1/5
f 4927/1/5 4924/1/5 4923/1/5
f 4928/1/5 4925/1/5 4927/1/5
f 4929/1/5 4925/1/5 4928/1/5
f 4930/1/5 4925/1/5 4929/1/5
f 4931/1/5 4929/1/5 4928/1/5
f 4932/1/5 4929/1/5 4931/1/5
f 4933/1/6 4934/1/6 4936/1/6
f 4936/1/6 4934/1/6 4937/1/6
f 4935/1/6 4936/1/6 4940/1/6
f 4937/1/6 4938/1/6 4940/1/6
f 4936/1/6 4937/1/6 4940/1/6
f 4940/1/6 4938/1/6 4941/1/6
f 4941/1/6 4938/1/6 4942/1/6
f 4942/1/6 4938/1/6 4943/1/6
f 4939/1/6 4940/1/6 4946/1/6
f 4940/1/6 4941/1/6 4946/1/6
f 4946/1/6 4941/1/6 4947/1/6
f 4947/1/6 4941/1/6 4948/1/6
f 4942/1/6 4943/1/6 4949/1/6
f 4943/1/6 4944/1/6 4949/1/6
f 4949/1/6 4944/1/6 4950/1/6
f 4950/1/6 4944/1/6 4951/1/6
f 4946/1/6 4947/1/6 4954/1/6
f 4945/1/6 4946/1/6 4954/1/6
f 4954/1/6 4947/1/6 4955/1/6
f 4955/1/6 4947/1/6 4956/1/6
f 4951/1/6 4952/1/6 4957/1/6
f 4950/1/6 4951/1/6 4957/1/6
f 4957/1/6 4952/1/6 4958/1/6
f 4958/1/6 4952/1/6 4959/1/6
f 4954/1/6 4955/1/6 4962/1/6
f 4953/1/6 4954/1/6 4962/1/6
f 4962/1/6 4955/1/6 4963/1/6
f 4963/1/6 4955/1/6 4964/1/6
f 4959/1/6 4960/1/6 4965/1/6
f 4958/1/6 4959/1/6 4965/1/6
f 4965/1/6 4960/1/6 4966/1/6
f 4966/1/6 4960/1/6 4967/1/6
f 4962/1/6 4963/1/6 4970/1/6
f 4961/1/6 4962/1/6 4970/1/6
f 4970/1/6 4963/1/6 4971/1/6
f 4971/1/6 4963/1/6 4972/1/6
f 4967/1/6 4968/1/6 4973/1/6
f 4966/1/6 4967/1/6 4973/1/6
f 4973/1/6 4968/1/6 4974/1/6
f 4974/1/6 4968/1/6 4975/1/6
f 4970/1/6 4971/1/6 4978/1/6
f 4969/1/6 4970/1/6 4978/1/6
f 4978/1/6 4971/1/6 4979/1/6
f 4979/1/6 4971/1/6 4980/1/6
f 4975/1/6 4976/1/6 4981/1/6
f 4974/1/6 4975/1/6 4981/1/6
f 4981/1/6 4976/1/6 4982/1/6
f 4982/1/6 4976/1/6 4983/1/6
f 4978/1/6 4979/1/6 4986/1/6
f 4977/1/6 4978/1/6 4986/1/6
f 4986/1/6 4979/1/6 4987/1/6
f 4987/1/6 4979/1/6 4988/1/6
f 4983/1/6 4984/1/6 4989/1/6
f 4982/1/6 4983/1/6 4989/1/6
f 4989/1/6 4984/1/6 4990/1/6
f 4990/1/6 4984/1/6 4991/1/6
f 4986/1/6 4987/1/6 4994/1/6
f 4985/1/6 4986/1/6 4994/1/6
f 4994/1/6 4987/1/6 4995/1/6
f 4995/1/6 4987/1/6 4996/1/6
f 4991/1/6 4992/1/6 4997/1/6
f 4990/1/6 4991/1/6 4997/1/6
f 4997/1/6 4992/1/6 4998/1/6
f 4998/1/6 4992/1/6 4999/1/6
f 4994/1/6 4995/1/6 5002/1/6
f 4993/1/6 4994/1/6 5002/1/6
f 5002/1/6 4995/1/6 5003/1/6
f 5003/1/6 4995/1/6 5004/1/6
f 4999/1/6 5000/1/6 5005/1/6
f 4998/1/6 4999/1/6 5005/1/6
f 5005/1/6 5000/1/6 5006/1/6
f 5006/1/6 5000/1/6 5007/1/6
f 5002/1/6 5003/1/6 5010/1/6
f 5001/1/6 5002/1/6 5010/1/6
f 5010/1/6 5003/1/6 5011/1/6
f 5011/1/6 5003/1/6 5012/1/6
f 5007/1/6 5008/1/6 5013/1/6
f 5006/1/6 5007/1/6 5013/1/6
f 5013/1/6 5008/1/6 5014/1/6
f 5014/1/6 5008/1/6 5015/1/6
f 5010/1/6 5011/1/6 5018/1/6
f 5009/1/6 5010/1/6 5018/1/6
f 5018/1/6 5011/1/6 5019/1/6
f 5019/1/6 5011/1/6 5020/1/6
f 5015/1/6 5016/1/6 5021/1/6
f 5014/1/6 5015/1/6 5021/1/6
f 5021/1/6 5016/1/6 5022/1/6
f 5022/1/6 5016/1/6 5023/1/6
f 5018/1/6 5019/1/6 5026/1/6
f 5017/1/6 5018/1/6 5026/1/6
f 5026/1/6 5019/1/6 5027/1/6
f 5027/1/6 5019/1/6 5028/1/6
f 5023/1/6 5024/1/6 5029/1/6
f 5022/1/6 5023/1/6 5029/1/6
f 5029/1/6 5024/1/6 5030/1/6
f 5030/1/6 5024/1/6 5031/1/6
f 5026/1/6 5027/1/6 5034/1/6
f 5025/1/6 5026/1/6 5034/1/6
f 5031/1/6 5032/1/6 5035/1/6
f 5030/1/6 5031/1/6 5035/1/6
f 5033/1/6 5034/1/6 5038/1/6
f 5034/1/6 5027/1/6 5039/1/6
f 5038/1/6 5034/1/6 5039/1/6
f 5039/1/6 5027/1/6 5040/1/6
f 5035/1/6 5036/1/6 5041/1/6
f 5030/1/6 5035/1/6 5041/1/6
f 5041/1/6 5036/1/6 5042/1/6
f 5042/1/6 5036/1/6 5043/1/6
f 5037/1/6 5038/1/6 5046/1/6
f 5038/1/6 5039/1/6 5046/1/6
f 5046/1/6 5039/1/6 5047/1/6
f 5047/1/6 5039/1/6 5048/1/6
f 5043/1/6 5044/1/6 5049/1/6
f 5042/1/6 5043/1/6 5049/1/6
f 5049/1/6 5044/1/6 5050/1/6
f 5050/1/6 5044/1/6 5051/1/6
f 5046/1/6 5047/1/6 5053/1/6
f 5045/1/6 5046/1/6 5053/1/6
f 5053/1/6 5047/1/6 5054/1/6
f 5051/1/6 5052/1/6 5055/1/6
f 5050/1/6 5051/1/6 5055/1/6
f 5055/1/6 5052/1/6 5056/1/6
f 5045/1/6 5053/1/6 5058/1/6
f 5058/1/6 5053/1/6 5059/1/6
f 5059/1/6 5053/1/6 5060/1/6
f 5056/1/6 5052/1/6 5061/1/6
f 5061/1/6 5052/1/6 5062/1/6
f 5062/1/6 5052/1/6 5063/1/6
f 5057/1/6 5058/1/6 5066/1/6
f 5058/1/6 5059/1/6 5066/1/6
f 5063/1/6 5064/1/6 5067/1/6
f 5062/1/6 5063/1/6 5067/1/6
f 5065/1/6 5066/1/6 5069/1/6
f 5066/1/6 5059/1/6 5069/1/6
f 5069/1/6 5059/1/6 5070/1/6
f 5067/1/6 5068/1/6 5071/1/6
f 5062/1/6 5067/1/6 5071/1/6
f 5071/1/6 5068/1/6 5072/1/6
f 5065/1/6 5069/1/6 5074/1/6
f 5072/1/6 5068/1/6 5075/1/6
f 5073/1/6 5074/1/6 5077/1/6
f 5074/1/6 5069/1/6 5077/1/6
f 5077/1/6 5069/1/6 5078/1/6
f 5075/1/6 5076/1/6 5079/1/6
f 5072/1/6 5075/1/6 5079/1/6
f 5079/1/6 5076/1/6 5080/1/6
f 5073/1/6 5077/1/6 5082/1/6
f 5080/1/6 5076/1/6 5083/1/6
f 5081/1/6 5082/1/6 5085/1/6
f 5082/1/6 5077/1/6 5085/1/6
f 5085/1/6 5077/1/6 5086/1/6
f 5083/1/6 5084/1/6 5087/1/6
f 5080/1/6 5083/1/6 5087/1/6
f 5087/1/6 5084/1/6 5088/1/6
f 5081/1/6 5085/1/6 5090/1/6
f 5090/1/6 5085/1/6 5091/1/6
f 5091/1/6 5085/1/6 5092/1/6
f 5088/1/6 5084/1/6 5093/1/6
f 5093/1/6 5084/1/6 5094/1/6
f 5094/1/6 5084/1/6 5095/1/6
f 5089/1/6 5090/1/6 5098/1/6
f 5090/1/6 5091/1/6 5098/1/6
f 5098/1/6 5091/1/6 5099/1/6
f 5099/1/6 5091/1/6 5100/1/6
f 5095/1/6 5096/1/6 5101/1/6
f 5094/1/6 5095/1/6 5101/1/6
f 5101/1/6 5096/1/6 5102/1/6
f 5102/1/6 5096/1/6 5103/1/6
f 5098/1/6 5099/1/6 5106/1/6
f 5097/1/6 5098/1/6 5106/1/6
f 5106/1/6 5099/1/6 5107/1/6
f 5107/1/6 5099/1/6 5108/1/6
f 5103/1/6 5104/1/6 5109/1/6
f 5102/1/6 5103/1/6 5109/1/6
f 5109/1/6 5104/1/6 5110/1/6
f 5110/1/6 5104/1/6 5111/1/6
f 5106/1/6 5107/1/6 5113/1/6
f 5105/1/6 5106/1/6 5113/1/6
f 5113/1/6 5107/1/6 5114/1/6
f 5114/1/6 5107/1/6 5115/1/6
f 5111/1/6 5112/1/6 5118/1/6
f 5110/1/6 5111/1/6 5118/1/6
f 5118/1/6 5112/1/6 5119/1/6
f 5119/1/6 5112/1/6 5120/1/6
f 5115/1/6 5116/1/6 5121/1/6
f 5114/1/6 5115/1/6 5121/1/6
f 5121/1/6 5116/1/6 5122/1/6
f 5122/1/6 5116/1/6 5123/1/6
f 5118/1/6 5119/1/6 5126/1/6
f 5117/1/6 5118/1/6 5126/1/6
f 5126/1/6 5119/1/6 5127/1/6
f 5127/1/6 5119/1/6 5128/1/6
f 5123/1/6 5124/1/6 5129/1/6
f 5122/1/6 5123/1/6 5129/1/6
f 5129/1/6 5124/1/6 5130/1/6
f 5130/1/6 5124/1/6 5131/1/6
f 5126/1/6 5127/1/6 5134/1/6
f 5125/1/6 5126/1/6 5134/1/6
f 5134/1/6 5127/1/6 5135/1/6
f 5135/1/6 5127/1/6 5136/1/6
f 5131/1/6 5132/1/6 5137/1/6
f 5130/1/6 5131/1/6 5137/1/6
f 5134/1/6 5135/1/6 5140/1/6
f 5133/1/6 5134/1/6 5140/1/6
f 5137/1/6 5138/1/6 5141/1/6
f 5130/1/6 5137/1/6 5141/1/6
f 5141/1/6 5138/1/6 5142/1/6
f 5139/1/6 5140/1/6 5143/1/6
f 5140/1/6 5135/1/6 5143/1/6
f 5143/1/6 5135/1/6 5144/1/6
f 5142/1/6 5138/1/6 5145/1/6
f 5139/1/6 5143/1/6 5148/1/6
f 5145/1/6 5146/1/6 5149/1/6
f 5142/1/6 5145/1/6 5149/1/6
f 5149/1/6 5146/1/6 5150/1/6
f 5147/1/6 5148/1/6 5151/1/6
f 5148/1/6 5143/1/6 5151/1/6
f 5151/1/6 5143/1/6 5152/1/6
f 5150/1/6 5146/1/6 5153/1/6
f 5147/1/6 5151/1/6 5156/1/6
f 5153/1/6 5154/1/6 5157/1/6
f 5150/1/6 5153/1/6 5157/1/6
f 5157/1/6 5154/1/6 5158/1/6
f 5155/1/6 5156/1/6 5159/1/6
f 5156/1/6 5151/1/6 5159/1/6
f 5159/1/6 5151/1/6 5160/1/6
f 5158/1/6 5154/1/6 5161/1/6
f 5161/1/6 5154/1/6 5162/1/6
f 5162/1/6 5154/1/6 5163/1/6
f 5155/1/6 5159/1/6 5166/1/6
f 5166/1/6 5159/1/6 5167/1/6
f 5167/1/6 5159/1/6 5168/1/6
f 5163/1/6 5164/1/6 5169/1/6
f 5162/1/6 5163/1/6 5169/1/6
f 5166/1/6 5167/1/6 5172/1/6
f 5165/1/6 5166/1/6 5172/1/6
f 5169/1/6 5170/1/6 5173/1/6
f 5162/1/6 5169/1/6 5173/1/6
f 5173/1/6 5170/1/6 5174/1/6
f 5174/1/6 5170/1/6 5175/1/6
f 5171/1/6 5172/1/6 5178/1/6
f 5172/1/6 5167/1/6 5179/1/6
f 5178/1/6 5172/1/6 5179/1/6
f 5179/1/6 5167/1/6 5180/1/6
f 5175/1/6 5176/1/6 5181/1/6
f 5174/1/6 5175/1/6 5181/1/6
f 5181/1/6 5176/1/6 5182/1/6
f 5182/1/6 5176/1/6 5183/1/6
f 5177/1/6 5178/1/6 5186/1/6
f 5178/1/6 5179/1/6 5186/1/6
f 5186/1/6 5179/1/6 5187/1/6
f 5187/1/6 5179/1/6 5188/1/6
f 5183/1/6 5184/1/6 5189/1/6
f 5182/1/6 5183/1/6 5189/1/6
f 5189/1/6 5184/1/6 5190/1/6
f 5186/1/6 5187/1/6 5191/1/6
f 5185/1/6 5186/1/6 5191/1/6
f 5191/1/6 5187/1/6 5192/1/6
f 5190/1/6 5184/1/6 5193/1/6
f 5193/1/6 5184/1/6 5194/1/6
f 5194/1/6 5184/1/6 5195/1/6
f 5185/1/6 5191/1/6 5198/1/6
f 5198/1/6 5191/1/6 5199/1/6
f 5199/1/6 5191/1/6 5200/1/6
f 5195/1/6 5196/1/6 5201/1/6
f 5194/1/6 5195/1/6 5201/1/6
f 5201/1/6 5196/1/6 5202/1/6
f 5202/1/6 5196/1/6 5203/1/6
f 5198/1/6 5199/1/6 5206/1/6
f 5197/1/6 5198/1/6 5206/1/6
f 5206/1/6 5199/1/6 5207/1/6
f 5207/1/6 5199/1/6 5208/1/6
f 5203/1/6 5204/1/6 5209/1/6
f 5202/1/6 5203/1/6 5209/1/6
f 5209/1/6 5204/1/6 5210/1/6
f 5210/1/6 5204/1/6 5211/1/6
f 5206/1/6 5207/1/6 5214/1/6
f 5205/1/6 5206/1/6 5214/1/6
f 5214/1/6 5207/1/6 5215/1/6
f 5215/1/6 5207/1/6 5216/1/6
f 5211/1/6 5212/1/6 5217/1/6
f 5210/1/6 5211/1/6 5217/1/6
f 5217/1/6 5212/1/6 5218/1/6
f 5218/1/6 5212/1/6 5219/1/6
f 5214/1/6 5215/1/6 5222/1/6
f 5213/1/6 5214/1/6 5222/1/6
f 5222/1/6 5215/1/6 5223/1/6
f 5223/1/6 5215/1/6 5224/1/6
f 5219/1/6 5220/1/6 5225/1/6
f 5218/1/6 5219/1/6 5225/1/6
f 5225/1/6 5220/1/6 5226/1/6
f 5226/1/6 5220/1/6 5227/1/6
f 5222/1/6 5223/1/6 5230/1/6
f 5221/1/6 5222/1/6 5230/1/6
f 5230/1/6 5223/1/6 5231/1/6
f 5231/1/6 5223/1/6 5232/1/6
f 5227/1/6 5228/1/6 5233/1/6
f 5226/1/6 5227/1/6 5233/1/6
f 5233/1/6 5228/1/6 5234/1/6
f 5234/1/6 5228/1/6 5235/1/6
f 5230/1/6 5231/1/6 5238/1/6
f 5229/1/6 5230/1/6 5238/1/6
f 5238/1/6 5231/1/6 5239/1/6
f 5239/1/6 5231/1/6 5240/1/6
f 5235/1/6 5236/1/6 5241/1/6
f 5234/1/6 5235/1/6 5241/1/6
f 5241/1/6 5236/1/6 5242/1/6
f 5242/1/6 5236/1/6 5243/1/6
f 5238/1/6 5239/1/6 5246/1/6
f 5237/1/6 5238/1/6 5246/1/6
f 5246/1/6 5239/1/6 5247/1/6
f 5247/1/6 5239/1/6 5248/1/6
f 5243/1/6 5244/1/6 5249/1/6
f 5242/1/6 5243/1/6 5249/1/6
f 5249/1/6 5244/1/6 5250/1/6
f 5250/1/6 5244/1/6 5251/1/6
f 5246/1/6 5247/1/6 5254/1/6
f 5245/1/6 5246/1/6 5254/1/6
f 5254/1/6 5247/1/6 5255/1/6
f 5255/1/6 5247/1/6 5256/1/6
f 5251/1/6 5252/1/6 5257/1/6
f 5250/1/6 5251/1/6 5257/1/6
f 5257/1/6 5252/1/6 5258/1/6
f 5258/1/6 5252/1/6 5259/1/6
f 5254/1/6 5255/1/6 5262/1/6
f 5253/1/6 5254/1/6 5262/1/6
f 5262/1/6 5255/1/6 5263/1/6
f 5263/1/6 5255/1/6 5264/1/6
f 5259/1/6 5260/1/6 5265/1/6
f 5258/1/6 5259/1/6 5265/1/6
f 5265/1/6 5260/1/6 5266/1/6
f 5266/1/6 5260/1/6 5267/1/6
f 5262/1/6 5263/1/6 5270/1/6
f 5261/1/6 5262/1/6 5270/1/6
f 5270/1/6 5263/1/6 5271/1/6
f 5271/1/6 5263/1/6 5272/1/6
f 5267/1/6 5268/1/6 5273/1/6
f 5266/1/6 5267/1/6 5273/1/6
f 5273/1/6 5268/1/6 5274/1/6
f 5274/1/6 5268/1/6 5275/1/6
f 5270/1/6 5271/1/6 5278/1/6
f 5269/1/6 5270/1/6 5278/1/6
f 5278/1/6 5271/1/6 5279/1/6
f 5279/1/6 5271/1/6 5280/1/6
f 5275/1/6 5276/1/6 5281/1/6
f 5274/1/6 5275/1/6 5281/1/6
f 5281/1/6 5276/1/6 5282/1/6
f 5282/1/6 5276/1/6 5283/1/6
f 5278/1/6 5279/1/6 5284/1/6
f 5277/1/6 5278/1/6 5284/1/6
f 5284/1/6 5279/1/6 5285/1/6
f 5285/1/6 5279/1/6 5286/1/6
f 5282/1/6 5283/1/6 5287/1/6
f 5284/1/6 5285/1/6 5287/1/6
f 5283/1/6 5284/1/6 5287/1/6
f 5287/1/6 5285/1/6 5288/1/6
f 5288/1/6 5285/1/6 5289/1/6
f 5289/1/6 5285/1/6 5290/1/6
f 5288/1/6 5289/1/6 5291/1/6
f 5291/1/6 5289/1/6 5292/1/6
f 5293/2/6 5294/2/6 5295/2/6
f 5295/2/6 5294/2/6 5296/2/6
f 5297/2/6 5298/2/6 5301/2/6
f 5301/2/6 5298/2/6 5302/2/6
f 5299/2/6 5300/2/6 5305/2/6
f 5305/2/6 5300/2/6 5306/2/6
f 5302/2/6 5303/2/6 5307/2/6
f 5307/2/6 5303/2/6 5308/2/6
f 5304/2/6 5305/2/6 5309/2/6
f 5309/2/6 5305/2/6 5310/2/6
f 5311/2/6 5312/2/6 5315/2/6
f 5315/2/6 5312/2/6 5316/2/6
f 5313/2/6 5314/2/6 5317/2/6
f 5317/2/6 5314/2/6 5318/2/6
f 5319/2/6 5320/2/6 5324/2/6
f 5324/2/6 5320/2/6 5325/2/6
f 5321/2/6 5322/2/6 5326/2/6
f 5326/2/6 5322/2/6 5327/2/6
f 5323/2/6 5324/2/6 5329/2/6
f 5329/2/6 5324/2/6 5330/2/6
f 5327/2/6 5328/2/6 5331/2/6
f 5331/2/6 5328/2/6 5332/2/6
f 5333/2/6 5334/2/6 5335/2/6
f 5335/2/6 5334/2/6 5336/2/6
f 5337/2/6 5338/2/6 5341/2/6
f 5341/2/6 5338/2/6 5342/2/6
f 5339/2/6 5340/2/6 5343/2/6
f 5343/2/6 5340/2/6 5344/2/6
f 5345/2/6 5346/2/6 5347/2/6
f 5347/2/6 5346/2/6 5348/2/6
f 5348/2/6 5346/2/6 5349/2/6
f 5348/2/6 5349/2/6 5352/2/6
f 5352/2/6 5349/2/6 5353/2/6
f 5350/2/6 5351/2/6 5354/2/6
f 5354/2/6 5351/2/6 5355/2/6
f 5356/2/6 5357/2/6 5358/2/6
f 5358/2/6 5357/2/6 5359/2/6
f 5360/2/6 5361/2/6 5363/2/6
f 5361/2/6 5362/2/6 5363/2/6
f 5363/2/6 5362/2/6 5364/2/6
f 5360/2/6 5363/2/6 5365/2/6
f 5365/2/6 5363/2/6 5366/2/6
f 5367/2/6 5368/2/6 5369/2/6
f 5369/2/6 5368/2/6 5370/2/6
f 5371/2/6 5372/2/6 5373/2/6
f 5373/2/6 5372/2/6 5374/2/6
f 5375/2/6 5376/2/6 5377/2/6
f 5377/2/6 5376/2/6 5378/2/6
f 5379/2/6 5380/2/6 5381/2/6
f 5381/2/6 5380/2/6 5382/2/6
f 5383/2/6 5384/2/6 5386/2/6
f 5385/2/6 5386/2/6 5387/2/6
f 5386/2/6 5384/2/6 5388/2/6
f 5387/2/6 5386/2/6 5388/2/6
f 5388/2/6 5384/2/6 5389/2/6
f 5390/2/6 5391/2/6 5392/2/6
f 5392/2/6 5391/2/6 5393/2/6
f 5394/2/6 5395/2/6 5398/2/6
f 5398/2/6 5395/2/6 5399/2/6
f 5396/2/6 5397/2/6 5400/2/6
f 5400/2/6 5397/2/6 5401/2/6
f 5400/2/6 5401/2/6 5403/2/6
f 5401/2/6 5402/2/6 5403/2/6
f 5403/2/6 5402/2/6 5404/2/6
f 5405/2/6 5406/2/6 5409/2/6
f 5409/2/6 5406/2/6 5410/2/6
f 5407/2/6 5408/2/6 5411/2/6
f 5411/2/6 5408/2/6 5412/2/6
f 5413/2/6 5414/2/6 5417/2/6
f 5417/2/6 5414/2/6 5418/2/6
f 5415/2/6 5416/2/6 5419/2/6
f 5419/2/6 5416/2/6 5420/2/6
f 5421/2/6 5422/2/6 5424/2/6
f 5424/2/6 5422/2/6 5425/2/6
f 5425/2/6 5422/2/6 5426/2/6
f 5423/2/6 5424/2/6 5429/2/6
f 5424/2/6 5425/2/6 5429/2/6
f 5429/2/6 5425/2/6 5430/2/6
f 5430/2/6 5425/2/6 5431/2/6
f 5427/2/6 5428/2/6 5432/2/6
f 5432/2/6 5428/2/6 5433/2/6
f 5429/2/6 5430/2/6 5434/2/6
f 5434/2/6 5430/2/6 5435/2/6
f 5432/2/6 5433/2/6 5436/2/6
f 5436/2/6 5433/2/6 5437/2/6
f 5439/2/6 5440/2/6 5444/2/6
f 5438/2/6 5439/2/6 5444/2/6
f 5444/2/6 5440/2/6 5445/2/6
f 5445/2/6 5440/2/6 5446/2/6
f 5442/2/6 5443/2/6 5447/2/6
f 5441/2/6 5442/2/6 5447/2/6
f 5447/2/6 5443/2/6 5448/2/6
f 5448/2/6 5443/2/6 5449/2/6
f 5449/2/6 5450/2/6 5451/2/6
f 5448/2/6 5449/2/6 5451/2/6
f 5451/2/6 5450/2/6 5452/2/6
f 5452/2/6 5450/2/6 5453/2/6
f 5453/2/6 5450/2/6 5454/2/6
f 5455/2/6 5456/2/6 5459/2/6
f 5459/2/6 5456/2/6 5460/2/6
f 5457/2/6 5458/2/6 5461/2/6
f 5461/2/6 5458/2/6 5462/2/6
f 5463/2/6 5464/2/6 5467/2/6
f 5467/2/6 5464/2/6 5468/2/6
f 5465/2/6 5466/2/6 5469/2/6
f 5469/2/6 5466/2/6 5470/2/6
f 5471/2/6 5472/2/6 5473/2/6
f 5471/2/6 5473/2/6 5475/2/6
f 5473/2/6 5474/2/6 5475/2/6
f 5475/2/6 5474/2/6 5476/2/6
f 5476/2/6 5474/2/6 5477/2/6
f 5476/2/6 5477/2/6 5482/2/6
f 5477/2/6 5478/2/6 5482/2/6
f 5482/2/6 5478/2/6 5483/2/6
f 5483/2/6 5478/2/6 5484/2/6
f 5480/2/6 5481/2/6 5485/2/6
f 5479/2/6 5480/2/6 5485/2/6
f 5485/2/6 5481/2/6 5486/2/6
f 5486/2/6 5481/2/6 5487/2/6
f 5488/2/6 5489/2/6 5492/2/6
f 5492/2/6 5489/2/6 5493/2/6
f 5490/2/6 5491/2/6 5495/2/6
f 5495/2/6 5491/2/6 5496/2/6
f 5492/2/6 5493/2/6 5497/2/6
f 5497/2/6 5493/2/6 5498/2/6
f 5494/2/6 5495/2/6 5500/2/6
f 5495/2/6 5496/2/6 5500/2/6
f 5500/2/6 5496/2/6 5501/2/6
f 5501/2/6 5496/2/6 5502/2/6
f 5499/2/6 5500/2/6 5503/2/6
f 5500/2/6 5501/2/6 5503/2/6
f 5503/2/6 5501/2/6 5504/2/6
f 5505/2/6 5506/2/6 5509/2/6
f 5509/2/6 5506/2/6 5510/2/6
f 5507/2/6 5508/2/6 5511/2/6
f 5511/2/6 5508/2/6 5512/2/6
f 5513/2/6 5514/2/6 5515/2/6
f 5515/2/6 5514/2/6 5516/2/6
f 5517/2/6 5518/2/6 5522/2/6
f 5522/2/6 5518/2/6 5523/2/6
f 5519/2/6 5520/2/6 5524/2/6
f 5524/2/6 5520/2/6 5525/2/6
f 5521/2/6 5522/2/6 5528/2/6
f 5528/2/6 5522/2/6 5529/2/6
f 5525/2/6 5526/2/6 5530/2/6
f 5530/2/6 5526/2/6 5531/2/6
f 5527/2/6 5528/2/6 5533/2/6
f 5533/2/6 5528/2/6 5534/2/6
f 5531/2/6 5532/2/6 5535/2/6
f 5535/2/6 5532/2/6 5536/2/6
f 5537/2/6 5538/2/6 5541/2/6
f 5541/2/6 5538/2/6 5542/2/6
f 5539/2/6 5540/2/6 5543/2/6
f 5543/2/6 5540/2/6 5544/2/6
f 5545/2/6 5546/2/6 5549/2/6
f 5549/2/6 5546/2/6 5550/2/6
f 5547/2/6 5548/2/6 5553/2/6
f 5553/2/6 5548/2/6 5554/2/6
f 5550/2/6 5551/2/6 5555/2/6
f 5555/2/6 5551/2/6 5556/2/6
f 5552/2/6 5553/2/6 5559/2/6
f 5559/2/6 5553/2/6 5560/2/6
f 5556/2/6 5557/2/6 5561/2/6
f 5561/2/6 5557/2/6 5562/2/6
f 5558/2/6 5559/2/6 5563/2/6
f 5563/2/6 5559/2/6 5564/2/6
f 5565/2/6 5566/2/6 5567/2/6
f 5567/2/6 5566/2/6 5568/2/6
f 5569/1/6 5570/1/6 5572/1/6
f 5572/1/6 5570/1/6 5573/1/6
f 5571/1/6 5572/1/6 5576/1/6
f 5573/1/6 5574/1/6 5576/1/6
f 5572/1/6 5573/1/6 5576/1/6
f 5576/1/6 5574/1/6 5577/1/6
f 5575/1/6 5576/1/6 5580/1/6
f 5577/1/6 5578/1/6 5580/1/6
f 5576/1/6 5577/1/6 5580/1/6
f 5580/1/6 5578/1/6 5581/1/6
f 5579/1/6 5580/1/6 5584/1/6
f 5581/1/6 5582/1/6 5584/1/6
f 5580/1/6 5581/1/6 5584/1/6
f 5584/1/6 5582/1/6 5585/1/6
f 5585/1/6 5582/1/6 5586/1/6
f 5586/1/6 5582/1/6 5587/1/6
f 5583/1/6 5584/1/6 5590/1/6
f 5584/1/6 5585/1/6 5590/1/6
f 5590/1/6 5585/1/6 5591/1/6
f 5591/1/6 5585/1/6 5592/1/6
f 5586/1/6 5587/1/6 5593/1/6
f 5587/1/6 5588/1/6 5593/1/6
f 5593/1/6 5588/1/6 5594/1/6
f 5594/1/6 5588/1/6 5595/1/6
f 5590/1/6 5591/1/6 5598/1/6
f 5589/1/6 5590/1/6 5598/1/6
f 5598/1/6 5591/1/6 5599/1/6
f 5599/1/6 5591/1/6 5600/1/6
f 5595/1/6 5596/1/6 5601/1/6
f 5594/1/6 5595/1/6 5601/1/6
f 5601/1/6 5596/1/6 5602/1/6
f 5602/1/6 5596/1/6 5603/1/6
f 5598/1/6 5599/1/6 5606/1/6
f 5597/1/6 5598/1/6 5606/1/6
f 5606/1/6 5599/1/6 5607/1/6
f 5607/1/6 5599/1/6 5608/1/6
f 5603/1/6 5604/1/6 5609/1/6
f 5602/1/6 5603/1/6 5609/1/6
f 5609/1/6 5604/1/6 5610/1/6
f 5610/1/6 5604/1/6 5611/1/6
f 5606/1/6 5607/1/6 5614/1/6
f 5605/1/6 5606/1/6 5614/1/6
f 5614/1/6 5607/1/6 5615/1/6
f 5615/1/6 5607/1/6 5616/1/6
f 5611/1/6 5612/1/6 5617/1/6
f 5610/1/6 5611/1/6 5617/1/6
f 5617/1/6 5612/1/6 5618/1/6
f 5618/1/6 5612/1/6 5619/1/6
f 5614/1/6 5615/1/6 5622/1/6
f 5613/1/6 5614/1/6 5622/1/6
f 5622/1/6 5615/1/6 5623/1/6
f 5623/1/6 5615/1/6 5624/1/6
f 5619/1/6 5620/1/6 5625/1/6
f 5618/1/6 5619/1/6 5625/1/6
f 5625/1/6 5620/1/6 5626/1/6
f 5626/1/6 5620/1/6 5627/1/6
f 5622/1/6 5623/1/6 5630/1/6
f 5621/1/6 5622/1/6 5630/1/6
f 5630/1/6 5623/1/6 5631/1/6
f 5631/1/6 5623/1/6 5632/1/6
f 5627/1/6 5628/1/6 5633/1/6
f 5626/1/6 5627/1/6 5633/1/6
f 5633/1/6 5628/1/6 5634/1/6
f 5634/1/6 5628/1/6 5635/1/6
f 5630/1/6 5631/1/6 5638/1/6
f 5629/1/6 5630/1/6 5638/1/6
f 5638/1/6 5631/1/6 5639/1/6
f 5639/1/6 5631/1/6 5640/1/6
f 5635/1/6 5636/1/6 5641/1/6
f 5634/1/6 5635/1/6 5641/1/6
f 5641/1/6 5636/1/6 5642/1/6
f 5642/1/6 5636/1/6 5643/1/6
f 5638/1/6 5639/1/6 5646/1/6
f 5637/1/6 5638/1/6 5646/1/6
f 5646/1/6 5639/1/6 5647/1/6
f 5647/1/6 5639/1/6 5648/1/6
f 5643/1/6 5644/1/6 5649/1/6
f 5642/1/6 5643/1/6 5649/1/6
f 5649/1/6 5644/1/6 5650/1/6
f 5650/1/6 5644/1/6 5651/1/6
f 5646/1/6 5647/1/6 5654/1/6
f 5645/1/6 5646/1/6 5654/1/6
f 5654/1/6 5647/1/6 5655/1/6
f 5655/1/6 5647/1/6 5656/1/6
f 5651/1/6 5652/1/6 5657/1/6
f 5650/1/6 5651/1/6 5657/1/6
f 5657/1/6 5652/1/6 5658/1/6
f 5658/1/6 5652/1/6 5659/1/6
f 5654/1/6 5655/1/6 5662/1/6
f 5653/1/6 5654/1/6 5662/1/6
f 5662/1/6 5655/1/6 5663/1/6
f 5663/1/6 5655/1/6 5664/1/6
f 5659/1/6 5660/1/6 5665/1/6
f 5658/1/6 5659/1/6 5665/1/6
f 5665/1/6 5660/1/6 5666/1/6
f 5666/1/6 5660/1/6 5667/1/6
f 5662/1/6 5663/1/6 5670/1/6
f 5661/1/6 5662/1/6 5670/1/6
f 5670/1/6 5663/1/6 5671/1/6
f 5671/1/6 5663/1/6 5672/1/6
f 5667/1/6 5668/1/6 5673/1/6
f 5666/1/6 5667/1/6 5673/1/6
f 5673/1/6 5668/1/6 5674/1/6
f 5674/1/6 5668/1/6 5675/1/6
f 5670/1/6 5671/1/6 5678/1/6
f 5669/1/6 5670/1/6 5678/1/6
f 5678/1/6 5671/1/6 5679/1/6
f 5679/1/6 5671/1/6 5680/1/6
f 5675/1/6 5676/1/6 5681/1/6
f 5674/1/6 5675/1/6 5681/1/6
f 5681/1/6 5676/1/6 5682/1/6
f 5682/1/6 5676/1/6 5683/1/6
f 5678/1/6 5679/1/6 5686/1/6
f 5677/1/6 5678/1/6 5686/1/6
f 5686/1/6 5679/1/6 5687/1/6
f 5687/1/6 5679/1/6 5688/1/6
f 5683/1/6 5684/1/6 5689/1/6
f 5682/1/6 5683/1/6 5689/1/6
f 5689/1/6 5684/1/6 5690/1/6
f 5690/1/6 5684/1/6 5691/1/6
f 5686/1/6 5687/1/6 5694/1/6
f 5685/1/6 5686/1/6 5694/1/6
f 5694/1/6 5687/1/6 5695/1/6
f 5695/1/6 5687/1/6 5696/1/6
f 5691/1/6 5692/1/6 5697/1/6
f 5690/1/6 5691/1/6 5697/1/6
f 5697/1/6 5692/1/6 5698/1/6
f 5698/1/6 5692/1/6 5699/1/6
f 5694/1/6 5695/1/6 5702/1/6
f 5693/1/6 5694/1/6 5702/1/6
f 5702/1/6 5695/1/6 5703/1/6
f 5703/1/6 5695/1/6 5704/1/6
f 5699/1/6 5700/1/6 5705/1/6
f 5698/1/6 5699/1/6 5705/1/6
f 5705/1/6 5700/1/6 5706/1/6
f 5706/1/6 5700/1/6 5707/1/6
f 5702/1/6 5703/1/6 5709/1/6
f 5701/1/6 5702/1/6 5709/1/6
f 5709/1/6 5703/1/6 5710/1/6
f 5707/1/6 5708/1/6 5711/1/6
f 5706/1/6 5707/1/6 5711/1/6
f 5711/1/6 5708/1/6 5712/1/6
f 5701/1/6 5709/1/6 5714/1/6
f 5712/1/6 5708/1/6 5715/1/6
f 5713/1/6 5714/1/6 5717/1/6
f 5714/1/6 5709/1/6 5717/1/6
f 5717/1/6 5709/1/6 5718/1/6
f 5715/1/6 5716/1/6 5719/1/6
f 5712/1/6 5715/1/6 5719/1/6
f 5719/1/6 5716/1/6 5720/1/6
f 5713/1/6 5717/1/6 5722/1/6
f 5722/1/6 5717/1/6 5723/1/6
f 5723/1/6 5717/1/6 5724/1/6
f 5720/1/6 5716/1/6 5725/1/6
f 5725/1/6 5716/1/6 5726/1/6
f 5726/1/6 5716/1/6 5727/1/6
f 5721/1/6 5722/1/6 5730/1/6
f 5722/1/6 5723/1/6 5730/1/6
f 5730/1/6 5723/1/6 5731/1/6
f 5731/1/6 5723/1/6 5732/1/6
f 5727/1/6 5728/1/6 5733/1/6
f 5726/1/6 5727/1/6 5733/1/6
f 5733/1/6 5728/1/6 5734/1/6
f 5734/1/6 5728/1/6 5735/1/6
f 5730/1/6 5731/1/6 5738/1/6
f 5729/1/6 5730/1/6 5738/1/6
f 5735/1/6 5736/1/6 5739/1/6
f 5734/1/6 5735/1/6 5739/1/6
f 5737/1/6 5738/1/6 5741/1/6
f 5738/1/6 5731/1/6 5741/1/6
f 5741/1/6 5731/1/6 5742/1/6
f 5739/1/6 5740/1/6 5743/1/6
f 5734/1/6 5739/1/6 5743/1/6
f 5743/1/6 5740/1/6 5744/1/6
f 5737/1/6 5741/1/6 5745/1/6
f 5744/1/6 5740/1/6 5748/1/6
f 5745/1/6 5746/1/6 5749/1/6
f 5737/1/6 5745/1/6 5749/1/6
f 5749/1/6 5746/1/6 5750/1/6
f 5747/1/6 5748/1/6 5751/1/6
f 5748/1/6 5740/1/6 5751/1/6
f 5751/1/6 5740/1/6 5752/1/6
f 5750/1/6 5746/1/6 5753/1/6
f 5753/1/6 5746/1/6 5754/1/6
f 5754/1/6 5746/1/6 5755/1/6
f 5747/1/6 5751/1/6 5758/1/6
f 5758/1/6 5751/1/6 5759/1/6
f 5759/1/6 5751/1/6 5760/1/6
f 5755/1/6 5756/1/6 5761/1/6
f 5754/1/6 5755/1/6 5761/1/6
f 5761/1/6 5756/1/6 5762/1/6
f 5762/1/6 5756/1/6 5763/1/6
f 5758/1/6 5759/1/6 5766/1/6
f 5757/1/6 5758/1/6 5766/1/6
f 5766/1/6 5759/1/6 5767/1/6
f 5767/1/6 5759/1/6 5768/1/6
f 5763/1/6 5764/1/6 5769/1/6
f 5762/1/6 5763/1/6 5769/1/6
f 5766/1/6 5767/1/6 5772/1/6
f 5765/1/6 5766/1/6 5772/1/6
f 5769/1/6 5770/1/6 5773/1/6
f 5762/1/6 5769/1/6 5773/1/6
f 5773/1/6 5770/1/6 5774/1/6
f 5771/1/6 5772/1/6 5775/1/6
f 5772/1/6 5767/1/6 5775/1/6
f 5775/1/6 5767/1/6 5776/1/6
f 5774/1/6 5770/1/6 5777/1/6
f 5771/1/6 5775/1/6 5780/1/6
f 5777/1/6 5778/1/6 5781/1/6
f 5774/1/6 5777/1/6 5781/1/6
f 5781/1/6 5778/1/6 5782/1/6
f 5782/1/6 5778/1/6 5783/1/6
f 5779/1/6 5780/1/6 5786/1/6
f 5780/1/6 5775/1/6 5787/1/6
f 5786/1/6 5780/1/6 5787/1/6
f 5787/1/6 5775/1/6 5788/1/6
f 5783/1/6 5784/1/6 5789/1/6
f 5782/1/6 5783/1/6 5789/1/6
f 5789/1/6 5784/1/6 5790/1/6
f 5790/1/6 5784/1/6 5791/1/6
f 5785/1/6 5786/1/6 5794/1/6
f 5786/1/6 5787/1/6 5794/1/6
f 5794/1/6 5787/1/6 5795/1/6
f 5795/1/6 5787/1/6 5796/1/6
f 5791/1/6 5792/1/6 5797/1/6
f 5790/1/6 5791/1/6 5797/1/6
f 5797/1/6 5792/1/6 5798/1/6
f 5798/1/6 5792/1/6 5799/1/6
f 5794/1/6 5795/1/6 5802/1/6
f 5793/1/6 5794/1/6 5802/1/6
f 5802/1/6 5795/1/6 5803/1/6
f 5803/1/6 5795/1/6 5804/1/6
f 5799/1/6 5800/1/6 5805/1/6
f 5798/1/6 5799/1/6 5805/1/6
f 5805/1/6 5800/1/6 5806/1/6
f 5806/1/6 5800/1/6 5807/1/6
f 5802/1/6 5803/1/6 5810/1/6
f 5801/1/6 5802/1/6 5810/1/6
f 5810/1/6 5803/1/6 5811/1/6
f 5811/1/6 5803/1/6 5812/1/6
f 5807/1/6 5808/1/6 5813/1/6
f 5806/1/6 5807/1/6 5813/1/6
f 5813/1/6 5808/1/6 5814/1/6
f 5814/1/6 5808/1/6 5815/1/6
f 5810/1/6 5811/1/6 5818/1/6
f 5809/1/6 5810/1/6 5818/1/6
f 5818/1/6 5811/1/6 5819/1/6
f 5819/1/6 5811/1/6 5820/1/6
f 5815/1/6 5816/1/6 5821/1/6
f 5814/1/6 5815/1/6 5821/1/6
f 5821/1/6 5816/1/6 5822/1/6
f 5822/1/6 5816/1/6 5823/1/6
f 5818/1/6 5819/1/6 5826/1/6
f 5817/1/6 5818/1/6 5826/1/6
f 5826/1/6 5819/1/6 5827/1/6
f 5827/1/6 5819/1/6 5828/1/6
f 5823/1/6 5824/1/6 5829/1/6
f 5822/1/6 5823/1/6 5829/1/6
f 5829/1/6 5824/1/6 5830/1/6
f 5830/1/6 5824/1/6 5831/1/6
f 5826/1/6 5827/1/6 5834/1/6
f 5825/1/6 5826/1/6 5834/1/6
f 5834/1/6 5827/1/6 5835/1/6
f 5835/1/6 5827/1/6 5836/1/6
f 5831/1/6 5832/1/6 5837/1/6
f 5830/1/6 5831/1/6 5837/1/6
f 5837/1/6 5832/1/6 5838/1/6
f 5838/1/6 5832/1/6 5839/1/6
f 5834/1/6 5835/1/6 5842/1/6
f 5833/1/6 5834/1/6 5842/1/6
f 5842/1/6 5835/1/6 5843/1/6
f 5843/1/6 5835/1/6 5844/1/6
f 5839/1/6 5840/1/6 5845/1/6
f 5838/1/6 5839/1/6 5845/1/6
f 5845/1/6 5840/1/6 5846/1/6
f 5846/1/6 5840/1/6 5847/1/6
f 5842/1/6 5843/1/6 5850/1/6
f 5841/1/6 5842/1/6 5850/1/6
f 5850/1/6 5843/1/6 5851/1/6
f 5851/1/6 5843/1/6 5852/1/6
f 5847/1/6 5848/1/6 5853/1/6
f 5846/1/6 5847/1/6 5853/1/6
f 5853/1/6 5848/1/6 5854/1/6
f 5854/1/6 5848/1/6 5855/1/6
f 5850/1/6 5851/1/6 5858/1/6
f 5849/1/6 5850/1/6 5858/1/6
f 5858/1/6 5851/1/6 5859/1/6
f 5859/1/6 5851/1/6 5860/1/6
f 5855/1/6 5856/1/6 5861/1/6
f 5854/1/6 5855/1/6 5861/1/6
f 5861/1/6 5856/1/6 5862/1/6
f 5862/1/6 5856/1/6 5863/1/6
f 5858/1/6 5859/1/6 5866/1/6
f 5857/1/6 5858/1/6 5866/1/6
f 5866/1/6 5859/1/6 5867/1/6
f 5867/1/6 5859/1/6 5868/1/6
f 5863/1/6 5864/1/6 5869/1/6
f 5862/1/6 5863/1/6 5869/1/6
f 5869/1/6 5864/1/6 5870/1/6
f 5870/1/6 5864/1/6 5871/1/6
f 5866/1/6 5867/1/6 5874/1/6
f 5865/1/6 5866/1/6 5874/1/6
f 5874/1/6 5867/1/6 5875/1/6
f 5875/1/6 5867/1/6 5876/1/6
f 5871/1/6 5872/1/6 5877/1/6
f 5870/1/6 5871/1/6 5877/1/6
f 5877/1/6 5872/1/6 5878/1/6
f 5878/1/6 5872/1/6 5879/1/6
f 5874/1/6 5875/1/6 5882/1/6
f 5873/1/6 5874/1/6 5882/1/6
f 5882/1/6 5875/1/6 5883/1/6
f 5883/1/6 5875/1/6 5884/1/6
f 5879/1/6 5880/1/6 5885/1/6
f 5878/1/6 5879/1/6 5885/1/6
f 5885/1/6 5880/1/6 5886/1/6
f 5886/1/6 5880/1/6 5887/1/6
f 5882/1/6 5883/1/6 5890/1/6
f 5881/1/6 5882/1/6 5890/1/6
f 5890/1/6 5883/1/6 5891/1/6
f 5891/1/6 5883/1/6 5892/1/6
f 5887/1/6 5888/1/6 5893/1/6
f 5886/1/6 5887/1/6 5893/1/6
f 5893/1/6 5888/1/6 5894/1/6
f 5894/1/6 5888/1/6 5895/1/6
f 5890/1/6 5891/1/6 5898/1/6
f 5889/1/6 5890/1/6 5898/1/6
f 5898/1/6 5891/1/6 5899/1/6
f 5899/1/6 5891/1/6 5900/1/6
f 5895/1/6 5896/1/6 5901/1/6
f 5894/1/6 5895/1/6 5901/1/6
f 5901/1/6 5896/1/6 5902/1/6
f 5902/1/6 5896/1/6 5903/1/6
f 5898/1/6 5899/1/6 5904/1/6
f 5897/1/6 5898/1/6 5904/1/6
f 5904/1/6 5899/1/6 5905/1/6
f 5905/1/6 5899/1/6 5906/1/6
f 5902/1/6 5903/1/6 5907/1/6
f 5904/1/6 5905/1/6 5907/1/6
f 5903/1/6 5904/1/6 5907/1/6
f 5907/1/6 5905/1/6 5908/1/6
f 5908/1/6 5905/1/6 5909/1/6
f 5909/1/6 5905/1/6 5910/1/6
f 5908/1/6 5909/1/6 5911/1/6
f 5911/1/6 5909/1/6 5912/1/6
f 5912/1/6 5909/1/6 5913/1/6
f 5913/1/6 5909/1/6 5914/1/6
f 5912/1/6 5913/1/6 5915/1/6
f 5915/1/6 5913/1/6 5916/1/6
f 5916/1/6 5913/1/6 5917/1/6
f 5917/1/6 5913/1/6 5918/1/6
f 5916/1/6 5917/1/6 5919/1/6
f 5919/1/6 5917/1/6 5920/1/6
