# MagicaVoxel @ Ephtracy

# group
o 

# material
mtllib arch,vase,catuss-0.mtl
usemtl palette

# normals
vn -1 0 0
vn 1 0 0
vn 0 0 1
vn 0 0 -1
vn 0 -1 0
vn 0 1 0

# texcoords
vt 0.900391 0.5
vt 0.962891 0.5

# verts
v -13.4 3.2 0.2
v -13.4 3.2 0.1
v -13.4 3.3 0.2
v -13.4 3.3 0.1
v -13.4 3.6 -5.96046e-08
v -13.4 3.6 -0.1
v -13.4 3.7 -5.96046e-08
v -13.4 3.7 -0.1
v -13.4 4 -0.1
v -13.4 4 -0.2
v -13.4 4.1 -0.1
v -13.4 4.1 -0.2
v -13.3 3 0.2
v -13.3 3 -0.2
v -13.3 3.1 0.3
v -13.3 3.1 0.2
v -13.3 3.1 -0.2
v -13.3 3.1 -0.3
v -13.3 3.2 0.2
v -13.3 3.2 0.1
v -13.3 3.3 0.3
v -13.3 3.3 0.2
v -13.3 3.3 0.1
v -13.3 3.3 -0.2
v -13.3 3.3 -0.3
v -13.3 3.6 -5.96046e-08
v -13.3 3.6 -0.1
v -13.3 3.7 -5.96046e-08
v -13.3 3.7 -0.1
v -13.3 3.8 -0.2
v -13.3 3.8 -0.3
v -13.3 3.9 -0.2
v -13.3 3.9 -0.3
v -13.3 4 0.3
v -13.3 4 0.2
v -13.3 4 -0.1
v -13.3 4 -0.2
v -13.3 4.1 0.3
v -13.3 4.1 0.2
v -13.3 4.1 -0.1
v -13.3 4.1 -0.2
v -13.3 4.2 0.2
v -13.3 4.2 0.1
v -13.3 4.2 -0.1
v -13.3 4.2 -0.2
v -13.3 4.3 0.1
v -13.3 4.3 -0.1
v -13.2 2.9 0.2
v -13.2 2.9 -0.2
v -13.2 3 0.2
v -13.2 3 -0.2
v -13.2 3.1 0.4
v -13.2 3.1 0.3
v -13.2 3.1 -0.3
v -13.2 3.1 -0.4
v -13.2 3.2 -0.4
v -13.2 3.2 -0.5
v -13.2 3.3 0.3
v -13.2 3.3 0.2
v -13.2 3.3 -0.2
v -13.2 3.3 -0.3
v -13.2 3.3 -0.4
v -13.2 3.3 -0.5
v -13.2 3.5 0.4
v -13.2 3.5 0.3
v -13.2 3.5 -0.3
v -13.2 3.5 -0.4
v -13.2 3.8 -0.2
v -13.2 3.8 -0.3
v -13.2 3.9 -0.2
v -13.2 3.9 -0.3
v -13.2 4 0.3
v -13.2 4 0.2
v -13.2 4.1 0.3
v -13.2 4.1 0.2
v -13.2 4.2 0.2
v -13.2 4.2 0.1
v -13.2 4.2 -0.1
v -13.2 4.2 -0.2
v -13.2 4.2 -0.3
v -13.2 4.3 0.3
v -13.2 4.3 0.1
v -13.2 4.3 -0.1
v -13.2 4.4 0.1
v -13.2 4.4 -0.2
v -13.1 2.9 0.3
v -13.1 2.9 0.2
v -13.1 3 0.4
v -13.1 3 0.3
v -13.1 3 0.2
v -13.1 3 -0.2
v -13.1 3 -0.4
v -13.1 3.1 0.4
v -13.1 3.1 0.2
v -13.1 3.1 -0.2
v -13.1 3.1 -0.4
v -13.1 3.5 0.4
v -13.1 3.5 0.3
v -13.1 3.5 -0.3
v -13.1 3.5 -0.4
v -13.1 3.7 -0.4
v -13.1 3.7 -0.5
v -13.1 3.8 -0.4
v -13.1 3.8 -0.5
v -13.1 3.9 0.5
v -13.1 3.9 0.4
v -13.1 4 0.5
v -13.1 4 0.4
v -13.1 4.2 0.4
v -13.1 4.2 0.3
v -13.1 4.2 -0.2
v -13.1 4.2 -0.3
v -13.1 4.2 -0.4
v -13.1 4.3 0.2
v -13.1 4.3 0.1
v -13.1 4.3 -0.3
v -13.1 4.3 -0.4
v -13.1 4.4 0.2
v -13.1 4.4 0.1
v -13.1 4.4 -0.2
v -13.1 4.4 -0.3
v -13 3.5 0.5
v -13 3.5 0.4
v -13 3.6 0.5
v -13 3.6 0.4
v -13 3.9 -0.4
v -13 3.9 -0.5
v -13 4 -0.4
v -13 4 -0.5
v -13 4.2 0.4
v -13 4.2 0.3
v -13 4.3 0.4
v -13 4.3 0.3
v -13 4.3 0.2
v -13 4.4 0.3
v -13 4.4 0.2
v -13 4.4 -5.96046e-08
v -13 4.4 -0.1
v -13 4.5 -5.96046e-08
v -13 4.5 -0.1
v -12.9 2.7 0.2
v -12.9 2.7 0.1
v -12.9 2.7 -0.1
v -12.9 2.7 -0.2
v -12.9 2.8 0.4
v -12.9 2.8 0.2
v -12.9 2.8 0.1
v -12.9 2.8 -0.1
v -12.9 2.8 -0.2
v -12.9 2.8 -0.4
v -12.9 2.9 0.2
v -12.9 2.9 -0.2
v -12.9 3 0.3
v -12.9 3 0.2
v -12.9 3 -0.2
v -12.9 3 -0.4
v -12.9 3.1 0.4
v -12.9 3.1 0.3
v -12.9 3.3 -0.4
v -12.9 3.3 -0.5
v -12.9 3.4 -0.4
v -12.9 3.4 -0.5
v -12.9 3.5 -0.4
v -12.9 3.5 -0.5
v -12.9 3.6 -0.4
v -12.9 3.6 -0.5
v -12.9 3.8 0.5
v -12.9 3.8 0.4
v -12.9 3.9 0.5
v -12.9 3.9 0.4
v -12.8 2.7 0.1
v -12.8 2.7 -0.1
v -12.8 2.8 0.1
v -12.8 2.8 -0.1
v -12.8 3 0.5
v -12.8 3 0.4
v -12.8 3.1 0.5
v -12.8 3.1 0.4
v -12.8 3.1 -0.2
v -12.8 3.1 -0.3
v -12.8 3.1 -0.4
v -12.8 3.1 -0.5
v -12.8 3.2 -0.2
v -12.8 3.2 -0.3
v -12.8 3.2 -0.4
v -12.8 3.2 -0.5
v -12.8 4.3 -0.2
v -12.8 4.3 -0.3
v -12.8 4.4 -0.2
v -12.8 4.4 -0.3
v -12.7 2.6 0.3
v -12.7 2.6 0.2
v -12.7 2.6 -0.2
v -12.7 2.7 0.3
v -12.7 2.7 0.2
v -12.7 2.7 -0.2
v -12.7 2.7 -0.3
v -12.7 2.7 -0.4
v -12.7 2.8 0.4
v -12.7 2.8 0.3
v -12.7 2.8 -0.2
v -12.7 2.8 -0.3
v -12.7 2.8 -0.4
v -12.7 2.9 0.4
v -12.7 2.9 0.3
v -12.7 2.9 -0.2
v -12.7 2.9 -0.4
v -12.7 3.8 -0.4
v -12.7 3.8 -0.5
v -12.7 3.9 -0.4
v -12.7 3.9 -0.5
v -12.6 2.5 0.2
v -12.6 2.5 -0.2
v -12.6 2.6 0.2
v -12.6 2.6 -0.2
v -12.6 2.7 0.3
v -12.6 2.7 0.2
v -12.6 2.8 0.3
v -12.6 2.8 0.2
v -12.6 3.1 0.5
v -12.6 3.1 0.4
v -12.6 3.2 0.5
v -12.6 3.2 0.4
v -12.5 2.7 0.4
v -12.5 2.7 0.3
v -12.5 2.8 0.4
v -12.5 2.8 0.3
v -12.4 2.6 -0.2
v -12.4 2.6 -0.3
v -12.4 2.7 -0.2
v -12.4 2.7 -0.3
v -12.4 2.7 -0.4
v -12.4 2.8 -0.2
v -12.4 2.8 -0.4
v -12.4 2.9 -0.4
v -12.4 2.9 -0.5
v -12.4 3 -0.4
v -12.4 3 -0.5
v -12.4 3.1 -0.4
v -12.4 3.1 -0.5
v -12.4 3.2 -0.4
v -12.4 3.2 -0.5
v -12.3 2.4 0.2
v -12.3 2.4 0.1
v -12.3 2.4 -0.1
v -12.3 2.4 -0.2
v -12.3 2.5 0.2
v -12.3 2.5 0.1
v -12.3 2.5 -0.1
v -12.3 2.5 -0.2
v -12.3 2.6 0.4
v -12.3 2.6 0.2
v -12.3 2.6 -0.3
v -12.3 2.6 -0.4
v -12.3 2.7 0.4
v -12.3 2.7 0.2
v -12.3 2.7 -0.3
v -12.3 2.7 -0.4
v -12.3 3 0.5
v -12.3 3 0.4
v -12.3 3.1 0.5
v -12.3 3.1 0.4
v -12.2 2.4 0.1
v -12.2 2.4 -0.1
v -12.2 2.5 0.1
v -12.2 2.5 -0.1
v -12.2 2.7 0.5
v -12.2 2.7 0.4
v -12.2 2.7 -0.2
v -12.2 2.7 -0.3
v -12.2 2.8 0.5
v -12.2 2.8 0.4
v -12.2 2.8 -0.2
v -12.2 2.8 -0.3
v -12.2 2.8 -0.4
v -12.2 2.8 -0.5
v -12.2 2.9 -0.4
v -12.2 2.9 -0.5
v -12.2 3.1 0.4
v -12.2 3.1 0.2
v -12.2 3.1 -0.2
v -12.2 3.1 -0.4
v -12.2 3.2 0.4
v -12.2 3.2 0.2
v -12.2 3.2 -0.2
v -12.2 3.2 -0.4
v -12 2.9 0.4
v -12 2.9 0.3
v -12 2.9 -0.2
v -12 2.9 -0.4
v -12 3 0.4
v -12 3 0.3
v -12 3 -0.2
v -12 3 -0.4
v -12 3.1 0.2
v -12 3.1 -0.2
v -12 3.2 0.2
v -12 3.2 -0.2
v -11.9 0.1 0.2
v -11.9 0.1 0.1
v -11.9 0.2 0.2
v -11.9 0.2 0.1
v -11.9 0.5 0.1
v -11.9 0.5 -5.96046e-08
v -11.9 0.6 0.1
v -11.9 0.6 -5.96046e-08
v -11.9 0.9 -5.96046e-08
v -11.9 0.9 -0.1
v -11.9 1 -5.96046e-08
v -11.9 1 -0.1
v -11.9 1.2 0.1
v -11.9 1.2 -5.96046e-08
v -11.9 1.3 0.1
v -11.9 1.3 -5.96046e-08
v -11.9 1.6 0.2
v -11.9 1.6 0.1
v -11.9 1.7 0.2
v -11.9 1.7 0.1
v -11.9 1.8 0.1
v -11.9 1.8 -5.96046e-08
v -11.9 1.9 0.1
v -11.9 1.9 -5.96046e-08
v -11.9 2.2 -5.96046e-08
v -11.9 2.2 -0.1
v -11.9 2.4 -5.96046e-08
v -11.9 2.4 -0.1
v -11.9 2.5 0.4
v -11.9 2.5 0.2
v -11.9 2.5 -0.2
v -11.9 2.5 -0.4
v -11.9 2.6 0.4
v -11.9 2.6 0.2
v -11.9 2.6 -0.2
v -11.9 2.6 -0.4
v -11.8 0 0.2
v -11.8 0 -0.2
v -11.8 0.1 0.2
v -11.8 0.1 0.1
v -11.8 0.2 0.1
v -11.8 0.2 -0.1
v -11.8 0.2 -0.2
v -11.8 0.5 0.2
v -11.8 0.5 0.1
v -11.8 0.5 -5.96046e-08
v -11.8 0.5 -0.1
v -11.8 0.5 -0.2
v -11.8 0.6 0.1
v -11.8 0.6 -5.96046e-08
v -11.8 0.6 -0.2
v -11.8 0.6 -0.3
v -11.8 0.7 0.3
v -11.8 0.7 0.2
v -11.8 0.7 -0.2
v -11.8 0.7 -0.3
v -11.8 0.9 -5.96046e-08
v -11.8 0.9 -0.1
v -11.8 1 0.3
v -11.8 1 0.2
v -11.8 1 -5.96046e-08
v -11.8 1 -0.1
v -11.8 1 -0.2
v -11.8 1 -0.3
v -11.8 1.1 -0.2
v -11.8 1.1 -0.3
v -11.8 1.2 0.3
v -11.8 1.2 0.2
v -11.8 1.2 0.1
v -11.8 1.2 -5.96046e-08
v -11.8 1.2 -0.2
v -11.8 1.2 -0.3
v -11.8 1.3 0.3
v -11.8 1.3 0.2
v -11.8 1.3 0.1
v -11.8 1.3 -5.96046e-08
v -11.8 1.3 -0.2
v -11.8 1.3 -0.3
v -11.8 1.6 0.2
v -11.8 1.6 0.1
v -11.8 1.7 0.3
v -11.8 1.7 0.2
v -11.8 1.7 0.1
v -11.8 1.7 -0.2
v -11.8 1.7 -0.3
v -11.8 1.8 0.1
v -11.8 1.8 -5.96046e-08
v -11.8 1.8 -0.3
v -11.8 1.8 -0.4
v -11.8 1.9 0.3
v -11.8 1.9 0.2
v -11.8 1.9 0.1
v -11.8 1.9 -5.96046e-08
v -11.8 1.9 -0.2
v -11.8 1.9 -0.3
v -11.8 1.9 -0.4
v -11.8 2 0.3
v -11.8 2 0.2
v -11.8 2 -0.2
v -11.8 2 -0.3
v -11.8 2.2 0.3
v -11.8 2.2 0.1
v -11.8 2.2 -5.96046e-08
v -11.8 2.2 -0.1
v -11.8 2.2 -0.3
v -11.8 2.4 0.1
v -11.8 2.4 -5.96046e-08
v -11.8 3.2 0.1
v -11.8 3.2 -0.1
v -11.8 3.4 0.2
v -11.8 3.4 0.1
v -11.8 3.4 -0.1
v -11.8 3.4 -0.2
v -11.8 3.5 0.3
v -11.8 3.5 0.2
v -11.8 3.6 0.3
v -11.8 3.6 0.2
v -11.8 3.9 0.3
v -11.8 3.9 0.2
v -11.8 4 0.3
v -11.8 4 0.2
v -11.8 4.1 0.3
v -11.8 4.1 0.2
v -11.8 4.1 -0.2
v -11.8 4.1 -0.3
v -11.8 4.3 0.3
v -11.8 4.3 0.2
v -11.8 4.3 -0.2
v -11.8 4.3 -0.3
v -11.8 4.5 0.2
v -11.8 4.5 0.1
v -11.8 4.5 -0.1
v -11.8 4.5 -0.2
v -11.8 4.6 0.1
v -11.8 4.6 -0.1
v -11.7 0 0.3
v -11.7 0 0.2
v -11.7 0 -0.2
v -11.7 0 -0.3
v -11.7 0.1 0.4
v -11.7 0.1 0.3
v -11.7 0.1 -0.3
v -11.7 0.1 -0.4
v -11.7 0.2 0.2
v -11.7 0.2 0.1
v -11.7 0.2 -0.1
v -11.7 0.2 -0.2
v -11.7 0.3 0.4
v -11.7 0.3 0.3
v -11.7 0.3 -0.3
v -11.7 0.3 -0.4
v -11.7 0.4 -0.3
v -11.7 0.4 -0.4
v -11.7 0.5 0.2
v -11.7 0.5 0.1
v -11.7 0.5 -0.1
v -11.7 0.5 -0.2
v -11.7 0.6 -0.2
v -11.7 0.6 -0.3
v -11.7 0.7 0.4
v -11.7 0.7 0.3
v -11.7 0.7 0.2
v -11.7 0.7 -0.3
v -11.7 0.7 -0.4
v -11.7 1 0.3
v -11.7 1 0.2
v -11.7 1 -0.2
v -11.7 1 -0.3
v -11.7 1.1 -0.2
v -11.7 1.1 -0.3
v -11.7 1.2 0.3
v -11.7 1.2 0.2
v -11.7 1.2 -0.3
v -11.7 1.3 0.3
v -11.7 1.3 0.2
v -11.7 1.3 -0.2
v -11.7 1.3 -0.3
v -11.7 1.4 -0.4
v -11.7 1.4 -0.5
v -11.7 1.5 0.5
v -11.7 1.5 0.4
v -11.7 1.5 -0.4
v -11.7 1.5 -0.5
v -11.7 1.6 0.5
v -11.7 1.6 0.4
v -11.7 1.7 0.3
v -11.7 1.7 0.2
v -11.7 1.7 -0.2
v -11.7 1.7 -0.3
v -11.7 1.8 -0.3
v -11.7 1.8 -0.4
v -11.7 1.9 0.3
v -11.7 1.9 0.2
v -11.7 1.9 -0.2
v -11.7 1.9 -0.3
v -11.7 1.9 -0.4
v -11.7 2 0.4
v -11.7 2 0.3
v -11.7 2 0.2
v -11.7 2 -0.2
v -11.7 2 -0.3
v -11.7 2 -0.4
v -11.7 2.1 0.4
v -11.7 2.1 0.3
v -11.7 2.1 -0.3
v -11.7 2.1 -0.4
v -11.7 2.2 0.3
v -11.7 2.2 0.1
v -11.7 2.2 -0.1
v -11.7 2.2 -0.3
v -11.7 2.3 0.4
v -11.7 2.3 0.2
v -11.7 2.3 -0.2
v -11.7 2.3 -0.4
v -11.7 2.5 0.4
v -11.7 2.5 0.3
v -11.7 2.5 0.2
v -11.7 2.5 -0.2
v -11.7 2.5 -0.3
v -11.7 2.6 0.4
v -11.7 2.6 0.3
v -11.7 2.6 0.1
v -11.7 2.6 -0.1
v -11.7 2.6 -0.3
v -11.7 2.6 -0.4
v -11.7 2.7 0.3
v -11.7 2.7 0.2
v -11.7 2.7 -0.2
v -11.7 2.7 -0.3
v -11.7 2.7 -0.4
v -11.7 2.9 0.4
v -11.7 2.9 0.3
v -11.7 2.9 0.2
v -11.7 2.9 0.1
v -11.7 2.9 -0.1
v -11.7 2.9 -0.2
v -11.7 2.9 -0.3
v -11.7 2.9 -0.4
v -11.7 3 0.4
v -11.7 3 0.3
v -11.7 3 -0.3
v -11.7 3 -0.4
v -11.7 3.4 0.4
v -11.7 3.4 0.3
v -11.7 3.4 0.2
v -11.7 3.4 0.1
v -11.7 3.4 -0.1
v -11.7 3.4 -0.2
v -11.7 3.4 -0.3
v -11.7 3.4 -0.4
v -11.7 3.5 0.3
v -11.7 3.5 0.2
v -11.7 3.6 0.3
v -11.7 3.6 0.2
v -11.7 3.7 0.4
v -11.7 3.7 0.3
v -11.7 3.7 -0.3
v -11.7 3.7 -0.4
v -11.7 3.8 0.4
v -11.7 3.8 0.3
v -11.7 3.8 -0.3
v -11.7 3.8 -0.4
v -11.7 3.9 0.3
v -11.7 3.9 0.2
v -11.7 4 0.3
v -11.7 4 0.2
v -11.7 4.1 0.3
v -11.7 4.1 0.2
v -11.7 4.1 -0.2
v -11.7 4.1 -0.3
v -11.7 4.3 0.4
v -11.7 4.3 0.3
v -11.7 4.3 0.2
v -11.7 4.3 -0.2
v -11.7 4.3 -0.3
v -11.7 4.3 -0.4
v -11.7 4.4 -0.3
v -11.7 4.4 -0.4
v -11.7 4.5 0.3
v -11.7 4.5 0.2
v -11.7 4.5 0.1
v -11.7 4.5 -0.1
v -11.7 4.5 -0.2
v -11.7 4.5 -0.3
v -11.7 4.6 0.2
v -11.7 4.6 0.1
v -11.7 4.6 -0.1
v -11.7 4.6 -0.2
v -11.7 4.7 0.1
v -11.7 4.7 -0.1
v -11.6 0 0.4
v -11.6 0 0.3
v -11.6 0 -0.3
v -11.6 0 -0.4
v -11.6 0.1 0.4
v -11.6 0.1 0.3
v -11.6 0.1 -0.3
v -11.6 0.1 -0.4
v -11.6 0.3 0.5
v -11.6 0.3 0.4
v -11.6 0.3 0.3
v -11.6 0.4 0.5
v -11.6 0.4 0.4
v -11.6 0.4 0.3
v -11.6 0.7 0.5
v -11.6 0.7 0.4
v -11.6 0.7 -0.4
v -11.6 0.7 -0.5
v -11.6 1.1 0.6
v -11.6 1.1 0.5
v -11.6 1.1 0.4
v -11.6 1.1 -0.4
v -11.6 1.1 -0.5
v -11.6 1.2 0.6
v -11.6 1.2 0.5
v -11.6 1.2 0.4
v -11.6 1.2 -0.4
v -11.6 1.2 -0.5
v -11.6 1.4 -0.4
v -11.6 1.4 -0.5
v -11.6 1.5 0.5
v -11.6 1.5 0.4
v -11.6 1.5 -0.4
v -11.6 1.5 -0.5
v -11.6 1.6 0.5
v -11.6 1.6 0.4
v -11.6 2 0.4
v -11.6 2 0.3
v -11.6 2 -0.3
v -11.6 2 -0.4
v -11.6 2.1 0.6
v -11.6 2.1 0.5
v -11.6 2.1 0.4
v -11.6 2.1 0.3
v -11.6 2.1 -0.3
v -11.6 2.1 -0.4
v -11.6 2.2 0.6
v -11.6 2.2 0.5
v -11.6 2.3 0.4
v -11.6 2.3 0.2
v -11.6 2.3 -0.2
v -11.6 2.3 -0.4
v -11.6 2.5 0.4
v -11.6 2.5 0.3
v -11.6 2.5 0.2
v -11.6 2.5 -0.2
v -11.6 2.5 -0.3
v -11.6 2.6 0.4
v -11.6 2.6 -0.3
v -11.6 2.6 -0.4
v -11.6 2.7 0.4
v -11.6 2.7 0.3
v -11.6 2.7 -0.3
v -11.6 2.7 -0.4
v -11.6 2.9 0.4
v -11.6 2.9 0.3
v -11.6 2.9 -0.3
v -11.6 2.9 -0.4
v -11.6 3 0.4
v -11.6 3 0.3
v -11.6 3 -0.3
v -11.6 3 -0.4
v -11.6 3.2 0.5
v -11.6 3.2 0.3
v -11.6 3.2 -0.3
v -11.6 3.2 -0.5
v -11.6 3.4 0.5
v -11.6 3.4 0.4
v -11.6 3.4 -0.4
v -11.6 3.4 -0.5
v -11.6 3.7 0.5
v -11.6 3.7 0.4
v -11.6 3.7 0.3
v -11.6 3.7 -0.3
v -11.6 3.7 -0.4
v -11.6 3.7 -0.5
v -11.6 3.8 0.5
v -11.6 3.8 0.4
v -11.6 3.8 0.3
v -11.6 3.8 -0.3
v -11.6 3.8 -0.4
v -11.6 3.8 -0.5
v -11.6 4.1 0.6
v -11.6 4.1 0.5
v -11.6 4.2 0.6
v -11.6 4.2 0.5
v -11.6 4.2 0.4
v -11.6 4.2 -0.4
v -11.6 4.2 -0.5
v -11.6 4.3 0.4
v -11.6 4.3 0.3
v -11.6 4.4 -0.3
v -11.6 4.4 -0.4
v -11.6 4.5 0.4
v -11.6 4.5 0.3
v -11.6 4.5 0.2
v -11.6 4.5 -0.2
v -11.6 4.5 -0.3
v -11.6 4.5 -0.4
v -11.6 4.6 0.3
v -11.6 4.6 0.2
v -11.6 4.6 0.1
v -11.6 4.6 -0.1
v -11.6 4.6 -0.2
v -11.6 4.6 -0.3
v -11.6 4.7 0.2
v -11.6 4.7 0.1
v -11.6 4.7 -0.1
v -11.6 4.7 -0.2
v -11.6 4.8 0.1
v -11.6 4.8 -0.1
v -11.5 0.4 0.6
v -11.5 0.4 0.5
v -11.5 0.4 0.4
v -11.5 0.4 0.3
v -11.5 0.4 -0.3
v -11.5 0.4 -0.4
v -11.5 0.4 -0.6
v -11.5 0.6 0.6
v -11.5 0.6 0.5
v -11.5 0.6 -0.5
v -11.5 0.6 -0.6
v -11.5 0.7 0.5
v -11.5 0.7 0.3
v -11.5 0.7 -0.3
v -11.5 0.7 -0.5
v -11.5 0.7 -0.6
v -11.5 0.8 -0.5
v -11.5 0.8 -0.6
v -11.5 1 0.6
v -11.5 1 0.5
v -11.5 1 -0.5
v -11.5 1 -0.6
v -11.5 1.1 0.6
v -11.5 1.1 0.5
v -11.5 1.1 0.4
v -11.5 1.1 -0.5
v -11.5 1.2 0.5
v -11.5 1.2 0.4
v -11.5 1.2 -0.5
v -11.5 1.2 -0.6
v -11.5 1.3 0.6
v -11.5 1.3 0.5
v -11.5 1.3 -0.5
v -11.5 1.3 -0.6
v -11.5 1.6 0.6
v -11.5 1.6 0.5
v -11.5 1.6 -0.5
v -11.5 1.6 -0.6
v -11.5 1.7 -0.5
v -11.5 1.7 -0.6
v -11.5 1.8 0.6
v -11.5 1.8 0.5
v -11.5 1.9 0.6
v -11.5 1.9 0.5
v -11.5 2 0.6
v -11.5 2 0.5
v -11.5 2 -0.5
v -11.5 2 -0.6
v -11.5 2.1 0.6
v -11.5 2.1 0.5
v -11.5 2.2 -0.5
v -11.5 2.2 -0.6
v -11.5 2.3 0.6
v -11.5 2.3 0.5
v -11.5 2.3 -0.5
v -11.5 2.3 -0.6
v -11.5 2.5 0.6
v -11.5 2.5 0.5
v -11.5 2.5 -0.5
v -11.5 2.5 -0.6
v -11.5 2.9 0.6
v -11.5 2.9 0.5
v -11.5 2.9 -0.5
v -11.5 2.9 -0.6
v -11.5 3 0.7
v -11.5 3 0.6
v -11.5 3.1 0.7
v -11.5 3.1 0.6
v -11.5 3.2 0.6
v -11.5 3.2 0.5
v -11.5 3.2 0.3
v -11.5 3.2 -0.3
v -11.5 3.2 -0.5
v -11.5 3.2 -0.6
v -11.5 3.4 0.5
v -11.5 3.4 0.3
v -11.5 3.4 -0.3
v -11.5 3.4 -0.5
v -11.5 3.6 0.6
v -11.5 3.6 0.5
v -11.5 3.7 0.6
v -11.5 3.7 0.5
v -11.5 3.7 0.4
v -11.5 3.7 -0.4
v -11.5 3.7 -0.5
v -11.5 3.7 -0.6
v -11.5 3.8 0.5
v -11.5 3.8 0.4
v -11.5 3.8 -0.4
v -11.5 3.8 -0.5
v -11.5 3.8 -0.6
v -11.5 4.2 0.5
v -11.5 4.2 0.4
v -11.5 4.2 -0.4
v -11.5 4.2 -0.5
v -11.5 4.5 0.5
v -11.5 4.5 0.4
v -11.5 4.5 0.3
v -11.5 4.5 -0.3
v -11.5 4.5 -0.4
v -11.5 4.5 -0.5
v -11.5 4.6 0.4
v -11.5 4.6 0.3
v -11.5 4.6 0.2
v -11.5 4.6 -0.2
v -11.5 4.6 -0.3
v -11.5 4.6 -0.4
v -11.5 4.7 0.3
v -11.5 4.7 0.2
v -11.5 4.7 0.1
v -11.5 4.7 -0.1
v -11.5 4.7 -0.2
v -11.5 4.7 -0.3
v -11.5 4.7 -0.4
v -11.5 4.8 0.2
v -11.5 4.8 0.1
v -11.5 4.8 -0.1
v -11.5 4.8 -0.2
v -11.5 4.9 0.1
v -11.5 4.9 -0.1
v -11.4 0 0.6
v -11.4 0 0.4
v -11.4 0 -0.4
v -11.4 0 -0.6
v -11.4 0.2 -0.6
v -11.4 0.2 -0.7
v -11.4 0.3 -0.6
v -11.4 0.3 -0.7
v -11.4 0.4 0.6
v -11.4 0.4 0.4
v -11.4 0.4 -0.4
v -11.4 0.4 -0.6
v -11.4 0.6 0.6
v -11.4 0.6 0.5
v -11.4 0.6 -0.5
v -11.4 0.6 -0.6
v -11.4 0.7 -0.5
v -11.4 0.7 -0.6
v -11.4 0.8 -0.5
v -11.4 0.8 -0.6
v -11.4 1 0.6
v -11.4 1 0.5
v -11.4 1 -0.5
v -11.4 1 -0.6
v -11.4 1.2 0.6
v -11.4 1.2 0.5
v -11.4 1.2 -0.5
v -11.4 1.2 -0.6
v -11.4 1.3 0.6
v -11.4 1.3 0.5
v -11.4 1.3 -0.5
v -11.4 1.3 -0.6
v -11.4 1.6 0.6
v -11.4 1.6 0.5
v -11.4 1.7 -0.5
v -11.4 1.7 -0.6
v -11.4 1.8 0.6
v -11.4 1.8 0.5
v -11.4 1.9 -0.5
v -11.4 1.9 -0.6
v -11.4 2.2 0.6
v -11.4 2.2 0.5
v -11.4 2.2 -0.5
v -11.4 2.2 -0.6
v -11.4 2.3 0.6
v -11.4 2.3 0.5
v -11.4 2.3 -0.5
v -11.4 2.3 -0.6
v -11.4 2.5 0.6
v -11.4 2.5 0.5
v -11.4 2.5 -0.5
v -11.4 2.5 -0.6
v -11.4 2.5 -0.7
v -11.4 2.6 -0.6
v -11.4 2.6 -0.7
v -11.4 2.9 0.6
v -11.4 2.9 0.5
v -11.4 2.9 -0.5
v -11.4 2.9 -0.6
v -11.4 3.2 0.6
v -11.4 3.2 0.5
v -11.4 3.2 -0.5
v -11.4 3.2 -0.6
v -11.4 3.2 -0.7
v -11.4 3.3 -0.6
v -11.4 3.3 -0.7
v -11.4 3.4 0.6
v -11.4 3.4 0.5
v -11.4 3.4 -0.5
v -11.4 3.4 -0.6
v -11.4 3.7 0.6
v -11.4 3.7 0.5
v -11.4 3.8 -0.5
v -11.4 3.8 -0.6
v -11.4 4.1 0.6
v -11.4 4.1 0.5
v -11.4 4.1 -0.5
v -11.4 4.1 -0.6
v -11.4 4.2 0.6
v -11.4 4.2 0.5
v -11.4 4.2 -0.5
v -11.4 4.2 -0.6
v -11.4 4.5 0.6
v -11.4 4.5 0.5
v -11.4 4.5 0.4
v -11.4 4.5 -0.4
v -11.4 4.5 -0.5
v -11.4 4.5 -0.6
v -11.4 4.6 0.5
v -11.4 4.6 0.4
v -11.4 4.6 0.3
v -11.4 4.6 -0.4
v -11.4 4.6 -0.5
v -11.4 4.7 0.4
v -11.4 4.7 0.3
v -11.4 4.7 0.2
v -11.4 4.7 -0.2
v -11.4 4.7 -0.3
v -11.4 4.8 0.3
v -11.4 4.8 0.2
v -11.4 4.8 0.1
v -11.4 4.8 -0.1
v -11.4 4.8 -0.2
v -11.4 4.8 -0.3
v -11.4 4.9 0.2
v -11.4 4.9 0.1
v -11.4 4.9 -5.96046e-08
v -11.4 4.9 -0.1
v -11.4 4.9 -0.2
v -11.4 5 -5.96046e-08
v -11.4 5 -0.1
v -11.3 0.6 0.7
v -11.3 0.6 0.6
v -11.3 0.7 0.7
v -11.3 0.7 0.6
v -11.3 1.3 0.7
v -11.3 1.3 0.6
v -11.3 1.4 0.7
v -11.3 1.4 0.6
v -11.3 1.8 0.7
v -11.3 1.8 0.6
v -11.3 1.9 0.7
v -11.3 1.9 0.6
v -11.3 1.9 0.5
v -11.3 1.9 -0.5
v -11.3 1.9 -0.6
v -11.3 2 0.6
v -11.3 2 0.5
v -11.3 2 -0.5
v -11.3 2 -0.6
v -11.3 2.1 -0.6
v -11.3 2.1 -0.7
v -11.3 2.2 -0.6
v -11.3 2.2 -0.7
v -11.3 2.7 0.7
v -11.3 2.7 0.6
v -11.3 2.8 0.7
v -11.3 2.8 0.6
v -11.3 3.4 0.6
v -11.3 3.4 0.5
v -11.3 3.4 -0.5
v -11.3 3.4 -0.6
v -11.3 3.7 0.6
v -11.3 3.7 0.5
v -11.3 3.7 -0.5
v -11.3 3.7 -0.6
v -11.3 3.8 0.7
v -11.3 3.8 0.6
v -11.3 3.9 0.7
v -11.3 3.9 0.6
v -11.3 4.1 0.6
v -11.3 4.1 0.5
v -11.3 4.2 0.7
v -11.3 4.2 0.6
v -11.3 4.2 0.5
v -11.3 4.3 0.7
v -11.3 4.3 0.6
v -11.3 4.5 0.6
v -11.3 4.5 0.5
v -11.3 4.5 -0.5
v -11.3 4.5 -0.6
v -11.3 4.6 0.6
v -11.3 4.6 0.5
v -11.3 4.6 0.4
v -11.3 4.6 -0.4
v -11.3 4.6 -0.5
v -11.3 4.6 -0.6
v -11.3 4.7 0.5
v -11.3 4.7 0.4
v -11.3 4.7 0.3
v -11.3 4.7 -0.3
v -11.3 4.7 -0.4
v -11.3 4.7 -0.5
v -11.3 4.8 0.4
v -11.3 4.8 0.3
v -11.3 4.8 0.2
v -11.3 4.8 -0.2
v -11.3 4.8 -0.3
v -11.3 4.8 -0.4
v -11.3 4.9 0.3
v -11.3 4.9 0.2
v -11.3 4.9 -0.2
v -11.3 4.9 -0.3
v -11.3 5 0.3
v -11.3 5 0.2
v -11.2 1.3 -0.6
v -11.2 1.3 -0.7
v -11.2 1.4 -0.6
v -11.2 1.4 -0.7
v -11.2 2.3 0.7
v -11.2 2.3 0.6
v -11.2 2.4 0.7
v -11.2 2.4 0.6
v -11.2 3.2 0.7
v -11.2 3.2 0.6
v -11.2 3.3 0.7
v -11.2 3.3 0.6
v -11.2 3.8 -0.6
v -11.2 3.8 -0.7
v -11.2 3.9 -0.6
v -11.2 3.9 -0.7
v -11.1 0.1 0.7
v -11.1 0.1 0.6
v -11.1 0.2 0.7
v -11.1 0.2 0.6
v -11.1 0.4 -0.6
v -11.1 0.4 -0.7
v -11.1 0.5 -0.6
v -11.1 0.5 -0.7
v -11.1 0.8 -0.6
v -11.1 0.8 -0.7
v -11.1 0.9 -0.6
v -11.1 0.9 -0.7
v -11.1 2.8 -0.6
v -11.1 2.8 -0.7
v -11.1 2.9 -0.6
v -11.1 2.9 -0.7
v -11.1 4 0.7
v -11.1 4 0.6
v -11.1 4.1 0.7
v -11.1 4.1 0.6
v -11 3.6 0.6
v -11 3.6 0.5
v -11 3.7 0.6
v -11 3.7 0.5
v -11 4.1 -0.5
v -11 4.1 -0.6
v -11 4.2 -0.5
v -11 4.2 -0.6
v -10.9 1.8 0.6
v -10.9 1.8 0.5
v -10.9 1.9 0.6
v -10.9 1.9 0.5
v -10.9 2.2 -0.5
v -10.9 2.2 -0.6
v -10.9 2.3 -0.5
v -10.9 2.3 -0.6
v -10.5 2.1 0.3
v -10.5 2.1 0.1
v -10.5 2.1 -0.2
v -10.5 2.1 -0.3
v -10.5 2.3 0.3
v -10.5 2.3 0.1
v -10.5 2.3 -0.1
v -10.5 2.3 -0.2
v -10.5 2.3 -0.3
v -10.5 2.4 -0.1
v -10.5 2.4 -0.2
v -10.4 1.9 -0.3
v -10.4 1.9 -0.4
v -10.4 2 -0.3
v -10.4 2 -0.4
v -10.4 2.3 0.1
v -10.4 2.3 -0.1
v -10.4 2.4 0.1
v -10.4 2.4 -0.1
v -10.3 1.8 0.2
v -10.3 1.8 0.1
v -10.3 1.9 0.2
v -10.3 1.9 0.1
v -10.3 2.2 0.3
v -10.3 2.2 0.1
v -10.3 2.2 -0.2
v -10.3 2.2 -0.3
v -10.3 2.3 0.3
v -10.3 2.3 0.1
v -10.3 2.3 -0.2
v -10.3 2.3 -0.3
v -10.3 2.4 0.1
v -10.3 2.4 -0.2
v -10.3 2.5 0.1
v -10.3 2.5 -0.2
v -10.2 1.9 0.4
v -10.2 1.9 0.3
v -10.2 2 0.4
v -10.2 2 0.3
v -10.2 2.5 0.1
v -10.2 2.5 -0.2
v -10.2 2.6 0.1
v -10.2 2.6 -0.2
v -10.1 2.3 0.3
v -10.1 2.3 0.1
v -10.1 2.3 -0.2
v -10.1 2.3 -0.3
v -10.1 2.4 0.4
v -10.1 2.4 0.3
v -10.1 2.5 0.4
v -10.1 2.5 0.3
v -10.1 2.6 0.1
v -10.1 2.6 -0.2
v -10.1 3.3 0.3
v -10.1 3.3 0.2
v -10.1 3.4 0.2
v -10.1 3.4 0.1
v -10.1 3.4 -0.2
v -10.1 3.4 -0.3
v -10.1 3.5 0.1
v -10.1 3.5 -0.2
v -10 2.2 0.4
v -10 2.2 0.3
v -10 2.3 0.4
v -10 2.3 0.3
v -10 2.4 -0.3
v -10 2.4 -0.4
v -10 2.5 -0.3
v -10 2.5 -0.4
v -10 2.6 0.4
v -10 2.6 0.3
v -10 2.6 -0.3
v -10 2.6 -0.4
v -10 2.7 0.4
v -10 2.7 0.3
v -10 2.7 -0.3
v -10 2.7 -0.4
v -10 3.4 -0.2
v -10 3.4 -0.3
v -10 3.5 -0.2
v -10 3.5 -0.3
v -9.9 1.9 0.3
v -9.9 1.9 0.1
v -9.9 2 0.3
v -9.9 2 0.1
v -9.9 2 -0.3
v -9.9 2 -0.4
v -9.9 2.1 -0.3
v -9.9 2.1 -0.4
v -9.9 3 0.4
v -9.9 3 0.3
v -9.9 3.1 0.4
v -9.9 3.1 0.3
v -9.9 3.3 0.3
v -9.9 3.3 0.2
v -9.9 3.4 0.3
v -9.9 3.4 0.2
v -9.9 3.5 -5.96046e-08
v -9.9 3.5 -0.1
v -9.9 3.6 -5.96046e-08
v -9.9 3.6 -0.1
v -9.8 2.2 0.2
v -9.8 2.2 0.1
v -9.8 2.3 0.2
v -9.8 2.3 0.1
v -9.8 3.1 -0.3
v -9.8 3.1 -0.4
v -9.8 3.2 -0.3
v -9.8 3.2 -0.4
v -9.8 3.4 0.2
v -9.8 3.4 0.1
v -9.8 3.5 0.2
v -9.8 3.5 0.1
v -13.1 3.2 -0.4
v -13.1 3.2 -0.5
v -13.1 3.3 -0.4
v -13.1 3.3 -0.5
v -13 2.9 0.3
v -13 2.9 0.2
v -13 3 0.4
v -13 3 0.3
v -13 3 0.2
v -13 3.1 0.4
v -13 3.1 0.3
v -13 3.7 -0.4
v -13 3.7 -0.5
v -13 3.8 -0.4
v -13 3.8 -0.5
v -13 3.9 0.5
v -13 3.9 0.4
v -13 4 0.5
v -13 4 0.4
v -12.9 3.1 -0.2
v -12.9 3.1 -0.3
v -12.9 3.2 -0.2
v -12.9 3.2 -0.3
v -12.9 3.5 0.5
v -12.9 3.5 0.4
v -12.9 3.6 0.5
v -12.9 3.6 0.4
v -12.9 3.9 -0.4
v -12.9 3.9 -0.5
v -12.9 4 -0.4
v -12.9 4 -0.5
v -12.9 4.3 -0.2
v -12.9 4.3 -0.3
v -12.9 4.4 -5.96046e-08
v -12.9 4.4 -0.1
v -12.9 4.4 -0.2
v -12.9 4.4 -0.3
v -12.9 4.5 -5.96046e-08
v -12.9 4.5 -0.1
v -12.8 2.8 0.4
v -12.8 2.8 0.3
v -12.8 2.8 -0.2
v -12.8 2.8 -0.4
v -12.8 2.9 0.4
v -12.8 2.9 0.3
v -12.8 2.9 -0.2
v -12.8 2.9 -0.4
v -12.8 3.3 -0.4
v -12.8 3.3 -0.5
v -12.8 3.4 -0.4
v -12.8 3.4 -0.5
v -12.8 3.5 -0.4
v -12.8 3.5 -0.5
v -12.8 3.6 -0.4
v -12.8 3.6 -0.5
v -12.8 3.8 0.5
v -12.8 3.8 0.4
v -12.8 3.9 0.5
v -12.8 3.9 0.4
v -12.8 4.2 0.4
v -12.8 4.2 0.3
v -12.8 4.2 -0.3
v -12.8 4.2 -0.4
v -12.8 4.3 0.4
v -12.8 4.3 0.3
v -12.8 4.3 -0.3
v -12.8 4.3 -0.4
v -12.7 3 0.5
v -12.7 3 0.4
v -12.7 3.1 0.5
v -12.7 3.1 0.4
v -12.7 3.1 -0.4
v -12.7 3.1 -0.5
v -12.7 3.2 -0.4
v -12.7 3.2 -0.5
v -12.7 3.3 0.4
v -12.7 3.3 0.3
v -12.7 4.2 0.4
v -12.7 4.2 0.3
v -12.7 4.3 0.3
v -12.7 4.3 0.2
v -12.7 4.3 -0.1
v -12.7 4.3 -0.2
v -12.7 4.3 -0.3
v -12.7 4.4 0.3
v -12.7 4.4 0.2
v -12.7 4.4 -0.1
v -12.7 4.4 -0.2
v -12.7 4.4 -0.3
v -12.6 2.6 0.3
v -12.6 2.6 0.2
v -12.6 2.7 0.3
v -12.6 2.7 0.2
v -12.6 2.7 -0.3
v -12.6 2.7 -0.4
v -12.6 2.8 -0.3
v -12.6 2.8 -0.4
v -12.6 3.2 0.4
v -12.6 3.2 0.2
v -12.6 3.2 -0.2
v -12.6 3.2 -0.4
v -12.6 3.3 0.4
v -12.6 3.3 0.3
v -12.6 3.8 -0.4
v -12.6 3.8 -0.5
v -12.6 3.9 -0.4
v -12.6 3.9 -0.5
v -12.6 4.2 0.2
v -12.6 4.2 0.1
v -12.6 4.2 -0.3
v -12.6 4.2 -0.4
v -12.6 4.3 0.3
v -12.6 4.3 0.2
v -12.6 4.3 0.1
v -12.6 4.3 -0.1
v -12.6 4.3 -0.2
v -12.6 4.3 -0.3
v -12.6 4.4 0.2
v -12.6 4.4 -0.1
v -12.5 3.1 0.5
v -12.5 3.1 0.4
v -12.5 3.2 0.5
v -12.5 3.2 0.4
v -12.5 3.5 0.2
v -12.5 3.5 -0.2
v -12.5 4.2 0.2
v -12.5 4.2 0.1
v -12.5 4.3 0.1
v -12.5 4.3 -0.2
v -12.4 3.4 0.2
v -12.4 3.4 -0.2
v -12.4 3.5 0.2
v -12.4 3.5 -0.2
v -12.3 2.7 -0.2
v -12.3 2.7 -0.3
v -12.3 2.8 -0.2
v -12.3 2.8 -0.3
v -12.3 2.9 -0.4
v -12.3 2.9 -0.5
v -12.3 3 -0.4
v -12.3 3 -0.5
v -12.3 3.1 0.4
v -12.3 3.1 0.2
v -12.3 3.1 -0.2
v -12.3 3.1 -0.4
v -12.3 3.1 -0.5
v -12.3 3.2 0.4
v -12.3 3.2 0.2
v -12.3 3.2 -0.2
v -12.3 3.2 -0.4
v -12.3 3.2 -0.5
v -12.3 3.3 0.2
v -12.3 3.3 -0.2
v -12.3 3.4 0.2
v -12.3 3.4 -0.2
v -12.2 3 0.5
v -12.2 3 0.4
v -12.2 3.1 0.5
v -12.2 3.1 0.4
v -12.2 3.2 0.2
v -12.2 3.2 -0.2
v -12.2 3.3 0.2
v -12.2 3.3 -0.2
v -12.1 2.7 0.5
v -12.1 2.7 0.4
v -12.1 2.8 0.5
v -12.1 2.8 0.4
v -12.1 2.8 -0.4
v -12.1 2.8 -0.5
v -12.1 2.9 0.4
v -12.1 2.9 0.3
v -12.1 2.9 -0.2
v -12.1 2.9 -0.4
v -12.1 2.9 -0.5
v -12.1 3 0.3
v -12.1 3 0.2
v -12.1 3.1 0.2
v -12.1 3.1 -0.2
v -12.1 3.2 0.4
v -12.1 3.2 -0.4
v -11.9 2.9 0.4
v -11.9 2.9 0.2
v -11.9 2.9 -0.2
v -11.9 2.9 -0.4
v -11.9 3 0.4
v -11.9 3 0.2
v -11.9 3 -0.2
v -11.9 3 -0.4
v -11.8 2.4 0.2
v -11.8 2.4 0.1
v -11.8 2.4 -0.1
v -11.8 2.4 -0.2
v -11.8 2.5 0.4
v -11.8 2.5 0.2
v -11.8 2.5 -0.2
v -11.8 2.5 -0.4
v -11.8 2.6 0.4
v -11.8 2.6 0.1
v -11.8 2.6 -0.1
v -11.8 2.6 -0.3
v -11.8 2.7 0.3
v -11.8 2.7 0.2
v -11.8 2.7 -0.2
v -11.8 2.7 -0.3
v -11.8 2.7 -0.4
v -11.8 2.9 0.3
v -11.8 2.9 0.2
v -11.8 2.9 0.1
v -11.8 2.9 -0.1
v -11.8 2.9 -0.2
v -11.8 2.9 -0.3
v -11.8 3.2 0.2
v -11.8 3.2 0.1
v -11.8 3.2 -0.1
v -11.8 3.2 -0.2
v -11.7 2.7 0.4
v -11.7 2.7 0.3
v -11.7 2.7 -0.3
v -11.7 2.7 -0.4
v -11.7 2.9 0.4
v -11.7 2.9 0.3
v -11.7 2.9 -0.3
v -11.7 2.9 -0.4
v -11.5 0.3 0.5
v -11.5 0.3 0.4
v -11.5 0.4 0.5
v -11.5 0.4 0.4
v -11.5 4.1 0.6
v -11.5 4.1 0.5
v -11.5 4.2 0.6
v -11.5 4.2 0.5
v -11.4 3 0.7
v -11.4 3 0.6
v -11.4 3.1 0.7
v -11.4 3.1 0.6
v -11.4 3.6 0.6
v -11.4 3.6 0.5
v -11.4 3.7 0.6
v -11.4 3.7 0.5
v -11.3 0.2 -0.6
v -11.3 0.2 -0.7
v -11.3 0.3 -0.6
v -11.3 0.3 -0.7
v -11.3 2.5 -0.6
v -11.3 2.5 -0.7
v -11.3 2.6 -0.6
v -11.3 2.6 -0.7
v -11.3 3.2 -0.6
v -11.3 3.2 -0.7
v -11.3 3.3 -0.6
v -11.3 3.3 -0.7
v -11.3 4.9 -5.96046e-08
v -11.3 4.9 -0.1
v -11.3 5 -5.96046e-08
v -11.3 5 -0.1
v -11.2 0.6 0.7
v -11.2 0.6 0.6
v -11.2 0.7 0.7
v -11.2 0.7 0.6
v -11.2 1.3 0.7
v -11.2 1.3 0.6
v -11.2 1.4 0.7
v -11.2 1.4 0.6
v -11.2 1.8 0.7
v -11.2 1.8 0.6
v -11.2 1.9 0.7
v -11.2 1.9 0.6
v -11.2 2.1 -0.6
v -11.2 2.1 -0.7
v -11.2 2.2 -0.6
v -11.2 2.2 -0.7
v -11.2 2.7 0.7
v -11.2 2.7 0.6
v -11.2 2.8 0.7
v -11.2 2.8 0.6
v -11.2 3.8 0.7
v -11.2 3.8 0.6
v -11.2 3.9 0.7
v -11.2 3.9 0.6
v -11.2 4.2 0.7
v -11.2 4.2 0.6
v -11.2 4.3 0.7
v -11.2 4.3 0.6
v -11.2 4.9 0.3
v -11.2 4.9 0.2
v -11.2 5 0.3
v -11.2 5 0.2
v -11.1 1.3 -0.6
v -11.1 1.3 -0.7
v -11.1 1.4 -0.6
v -11.1 1.4 -0.7
v -11.1 1.9 0.6
v -11.1 1.9 0.5
v -11.1 1.9 -0.5
v -11.1 1.9 -0.6
v -11.1 2 0.6
v -11.1 2 0.5
v -11.1 2 -0.5
v -11.1 2 -0.6
v -11.1 2.3 0.7
v -11.1 2.3 0.6
v -11.1 2.4 0.7
v -11.1 2.4 0.6
v -11.1 3.2 0.7
v -11.1 3.2 0.6
v -11.1 3.3 0.7
v -11.1 3.3 0.6
v -11.1 3.4 0.6
v -11.1 3.4 0.5
v -11.1 3.4 -0.5
v -11.1 3.4 -0.6
v -11.1 3.7 0.6
v -11.1 3.7 0.5
v -11.1 3.7 -0.5
v -11.1 3.7 -0.6
v -11.1 3.8 -0.6
v -11.1 3.8 -0.7
v -11.1 3.9 -0.6
v -11.1 3.9 -0.7
v -11.1 4.1 0.6
v -11.1 4.1 0.5
v -11.1 4.1 -0.5
v -11.1 4.1 -0.6
v -11.1 4.2 0.6
v -11.1 4.2 0.5
v -11.1 4.2 -0.5
v -11.1 4.2 -0.6
v -11.1 4.5 0.6
v -11.1 4.5 0.5
v -11.1 4.5 -0.5
v -11.1 4.5 -0.6
v -11.1 4.6 0.6
v -11.1 4.6 0.5
v -11.1 4.6 0.4
v -11.1 4.6 -0.5
v -11.1 4.6 -0.6
v -11.1 4.7 0.5
v -11.1 4.7 0.4
v -11.1 4.7 0.3
v -11.1 4.7 -0.3
v -11.1 4.7 -0.4
v -11.1 4.8 0.4
v -11.1 4.8 0.3
v -11.1 4.8 0.2
v -11.1 4.8 -0.2
v -11.1 4.8 -0.3
v -11.1 4.8 -0.4
v -11.1 4.9 0.3
v -11.1 4.9 0.2
v -11.1 4.9 -0.2
v -11.1 4.9 -0.3
v -11 0 0.6
v -11 0 0.4
v -11 0 -0.4
v -11 0 -0.6
v -11 0.1 0.7
v -11 0.1 0.6
v -11 0.2 0.7
v -11 0.2 0.6
v -11 0.3 -0.4
v -11 0.3 -0.5
v -11 0.4 0.6
v -11 0.4 0.4
v -11 0.4 -0.5
v -11 0.4 -0.6
v -11 0.4 -0.7
v -11 0.5 -0.6
v -11 0.5 -0.7
v -11 0.6 0.6
v -11 0.6 0.5
v -11 0.6 -0.5
v -11 0.6 -0.6
v -11 0.7 0.6
v -11 0.7 0.5
v -11 0.8 0.6
v -11 0.8 0.5
v -11 0.8 -0.6
v -11 0.8 -0.7
v -11 0.9 -0.6
v -11 0.9 -0.7
v -11 1 0.6
v -11 1 0.5
v -11 1 -0.5
v -11 1 -0.6
v -11 1.2 0.6
v -11 1.2 0.5
v -11 1.2 -0.5
v -11 1.2 -0.6
v -11 1.3 0.6
v -11 1.3 0.5
v -11 1.3 -0.5
v -11 1.3 -0.6
v -11 1.6 0.6
v -11 1.6 0.5
v -11 1.7 -0.5
v -11 1.7 -0.6
v -11 1.9 0.6
v -11 1.9 0.5
v -11 1.9 -0.5
v -11 1.9 -0.6
v -11 2.2 0.6
v -11 2.2 0.5
v -11 2.2 -0.5
v -11 2.2 -0.6
v -11 2.3 0.6
v -11 2.3 0.5
v -11 2.3 -0.5
v -11 2.3 -0.6
v -11 2.5 0.6
v -11 2.5 0.5
v -11 2.5 -0.5
v -11 2.5 -0.6
v -11 2.6 0.6
v -11 2.6 0.5
v -11 2.7 0.6
v -11 2.7 0.5
v -11 2.8 -0.6
v -11 2.8 -0.7
v -11 2.9 0.6
v -11 2.9 0.5
v -11 2.9 -0.5
v -11 2.9 -0.6
v -11 2.9 -0.7
v -11 3.2 0.6
v -11 3.2 0.5
v -11 3.2 -0.5
v -11 3.2 -0.6
v -11 3.3 -0.5
v -11 3.3 -0.6
v -11 3.4 0.6
v -11 3.4 0.5
v -11 3.7 0.6
v -11 3.7 0.5
v -11 3.7 -0.5
v -11 3.7 -0.6
v -11 4 0.7
v -11 4 0.6
v -11 4.1 0.7
v -11 4.1 0.6
v -11 4.1 0.5
v -11 4.1 -0.5
v -11 4.1 -0.6
v -11 4.2 0.6
v -11 4.2 0.5
v -11 4.2 -0.5
v -11 4.2 -0.6
v -11 4.5 0.6
v -11 4.5 0.5
v -11 4.5 0.4
v -11 4.5 -0.4
v -11 4.5 -0.5
v -11 4.5 -0.6
v -11 4.6 0.5
v -11 4.6 0.4
v -11 4.6 0.3
v -11 4.6 -0.3
v -11 4.6 -0.4
v -11 4.6 -0.5
v -11 4.7 0.4
v -11 4.7 0.3
v -11 4.7 0.2
v -11 4.7 -0.2
v -11 4.7 -0.3
v -11 4.7 -0.4
v -11 4.7 -0.5
v -11 4.8 0.3
v -11 4.8 0.2
v -11 4.8 0.1
v -11 4.8 -0.1
v -11 4.8 -0.2
v -11 4.8 -0.3
v -11 4.9 0.2
v -11 4.9 0.1
v -11 4.9 -0.1
v -11 4.9 -0.2
v -10.9 0.3 -0.4
v -10.9 0.3 -0.5
v -10.9 0.4 0.6
v -10.9 0.4 0.4
v -10.9 0.4 0.3
v -10.9 0.4 -0.3
v -10.9 0.4 -0.4
v -10.9 0.4 -0.5
v -10.9 0.4 -0.6
v -10.9 0.6 0.6
v -10.9 0.6 0.5
v -10.9 0.6 -0.5
v -10.9 0.6 -0.6
v -10.9 0.7 0.6
v -10.9 0.7 0.5
v -10.9 0.7 0.3
v -10.9 0.7 -0.3
v -10.9 0.7 -0.5
v -10.9 0.8 0.6
v -10.9 0.8 0.5
v -10.9 1 0.6
v -10.9 1 0.5
v -10.9 1 -0.5
v -10.9 1 -0.6
v -10.9 1.1 0.5
v -10.9 1.1 0.4
v -10.9 1.1 -0.4
v -10.9 1.1 -0.5
v -10.9 1.2 0.6
v -10.9 1.2 0.5
v -10.9 1.2 0.4
v -10.9 1.2 -0.4
v -10.9 1.2 -0.5
v -10.9 1.2 -0.6
v -10.9 1.3 0.6
v -10.9 1.3 0.5
v -10.9 1.3 -0.5
v -10.9 1.3 -0.6
v -10.9 1.6 0.6
v -10.9 1.6 0.5
v -10.9 1.6 -0.5
v -10.9 1.6 -0.6
v -10.9 1.7 -0.5
v -10.9 1.7 -0.6
v -10.9 2 0.6
v -10.9 2 0.5
v -10.9 2 -0.5
v -10.9 2 -0.6
v -10.9 2.2 0.6
v -10.9 2.2 0.5
v -10.9 2.2 -0.5
v -10.9 2.2 -0.6
v -10.9 2.3 0.6
v -10.9 2.3 0.5
v -10.9 2.3 -0.5
v -10.9 2.3 -0.6
v -10.9 2.5 0.6
v -10.9 2.5 0.5
v -10.9 2.5 -0.5
v -10.9 2.5 -0.6
v -10.9 2.6 0.6
v -10.9 2.6 0.5
v -10.9 2.7 0.6
v -10.9 2.7 0.5
v -10.9 2.9 0.6
v -10.9 2.9 0.5
v -10.9 2.9 -0.5
v -10.9 2.9 -0.6
v -10.9 3.2 0.6
v -10.9 3.2 0.5
v -10.9 3.2 0.3
v -10.9 3.2 -0.3
v -10.9 3.2 -0.5
v -10.9 3.2 -0.6
v -10.9 3.3 -0.5
v -10.9 3.3 -0.6
v -10.9 3.4 0.5
v -10.9 3.4 0.3
v -10.9 3.4 -0.3
v -10.9 3.4 -0.5
v -10.9 3.4 -0.6
v -10.9 3.6 0.6
v -10.9 3.6 0.5
v -10.9 3.7 0.6
v -10.9 3.7 0.5
v -10.9 3.7 0.4
v -10.9 3.7 -0.4
v -10.9 3.7 -0.5
v -10.9 3.8 0.5
v -10.9 3.8 0.4
v -10.9 3.8 -0.4
v -10.9 3.8 -0.5
v -10.9 4.1 -0.5
v -10.9 4.1 -0.6
v -10.9 4.2 0.5
v -10.9 4.2 0.4
v -10.9 4.2 -0.4
v -10.9 4.2 -0.5
v -10.9 4.2 -0.6
v -10.9 4.5 0.5
v -10.9 4.5 0.4
v -10.9 4.5 -0.4
v -10.9 4.5 -0.5
v -10.9 4.6 0.3
v -10.9 4.6 0.2
v -10.9 4.6 -0.2
v -10.9 4.6 -0.3
v -10.9 4.7 0.3
v -10.9 4.7 0.2
v -10.9 4.7 0.1
v -10.9 4.7 -0.1
v -10.9 4.7 -0.2
v -10.9 4.7 -0.3
v -10.9 4.8 0.2
v -10.9 4.8 0.1
v -10.9 4.8 -5.96046e-08
v -10.9 4.8 -0.1
v -10.9 4.8 -0.2
v -10.9 4.9 0.1
v -10.9 4.9 -5.96046e-08
v -10.8 0 0.4
v -10.8 0 0.3
v -10.8 0 -0.3
v -10.8 0 -0.4
v -10.8 0.1 0.4
v -10.8 0.1 0.3
v -10.8 0.1 -0.3
v -10.8 0.1 -0.4
v -10.8 0.3 0.4
v -10.8 0.3 0.3
v -10.8 0.3 -0.3
v -10.8 0.3 -0.4
v -10.8 0.4 0.4
v -10.8 0.4 0.3
v -10.8 0.4 -0.3
v -10.8 0.4 -0.4
v -10.8 0.7 0.5
v -10.8 0.7 0.4
v -10.8 0.7 -0.4
v -10.8 0.7 -0.5
v -10.8 1.1 0.5
v -10.8 1.1 0.4
v -10.8 1.1 -0.4
v -10.8 1.1 -0.5
v -10.8 1.2 -0.4
v -10.8 1.2 -0.5
v -10.8 1.3 0.5
v -10.8 1.3 0.4
v -10.8 1.8 0.6
v -10.8 1.8 0.5
v -10.8 1.9 0.6
v -10.8 1.9 0.5
v -10.8 2 0.4
v -10.8 2 0.3
v -10.8 2 -0.3
v -10.8 2 -0.4
v -10.8 2.1 0.4
v -10.8 2.1 0.3
v -10.8 2.1 -0.3
v -10.8 2.1 -0.4
v -10.8 2.2 -0.5
v -10.8 2.2 -0.6
v -10.8 2.3 0.4
v -10.8 2.3 0.2
v -10.8 2.3 -0.2
v -10.8 2.3 -0.4
v -10.8 2.3 -0.5
v -10.8 2.3 -0.6
v -10.8 2.5 0.3
v -10.8 2.5 0.2
v -10.8 2.5 -0.2
v -10.8 2.5 -0.3
v -10.8 2.6 0.4
v -10.8 2.6 0.3
v -10.8 2.6 -0.3
v -10.8 2.6 -0.4
v -10.8 2.7 0.4
v -10.8 2.7 0.3
v -10.8 2.7 -0.4
v -10.8 2.8 -0.3
v -10.8 2.8 -0.4
v -10.8 2.9 0.4
v -10.8 2.9 0.3
v -10.8 2.9 -0.3
v -10.8 2.9 -0.4
v -10.8 3 0.4
v -10.8 3 0.3
v -10.8 3 -0.3
v -10.8 3 -0.4
v -10.8 3.2 0.5
v -10.8 3.2 0.3
v -10.8 3.2 -0.3
v -10.8 3.2 -0.5
v -10.8 3.4 0.5
v -10.8 3.4 0.4
v -10.8 3.4 -0.4
v -10.8 3.4 -0.5
v -10.8 3.6 0.5
v -10.8 3.6 0.4
v -10.8 3.7 0.4
v -10.8 3.7 0.3
v -10.8 3.7 -0.3
v -10.8 3.7 -0.4
v -10.8 3.7 -0.5
v -10.8 3.8 0.5
v -10.8 3.8 0.4
v -10.8 3.8 0.3
v -10.8 3.8 -0.3
v -10.8 3.8 -0.4
v -10.8 3.8 -0.5
v -10.8 4.2 0.5
v -10.8 4.2 0.4
v -10.8 4.2 -0.4
v -10.8 4.2 -0.5
v -10.8 4.3 0.4
v -10.8 4.3 0.3
v -10.8 4.3 -0.3
v -10.8 4.3 -0.4
v -10.8 4.5 0.4
v -10.8 4.5 0.3
v -10.8 4.5 0.2
v -10.8 4.5 -0.2
v -10.8 4.5 -0.3
v -10.8 4.5 -0.4
v -10.8 4.6 0.4
v -10.8 4.6 0.3
v -10.8 4.6 0.2
v -10.8 4.6 0.1
v -10.8 4.6 -0.1
v -10.8 4.6 -0.2
v -10.8 4.6 -0.3
v -10.8 4.6 -0.4
v -10.8 4.7 0.2
v -10.8 4.7 0.1
v -10.8 4.7 -0.1
v -10.8 4.7 -0.2
v -10.8 4.8 0.1
v -10.8 4.8 -5.96046e-08
v -10.8 4.8 -0.1
v -10.8 4.9 -5.96046e-08
v -10.8 4.9 -0.1
v -10.7 0 0.3
v -10.7 0 0.2
v -10.7 0 -0.2
v -10.7 0 -0.3
v -10.7 0.1 0.4
v -10.7 0.1 0.3
v -10.7 0.1 -0.3
v -10.7 0.1 -0.4
v -10.7 0.2 0.2
v -10.7 0.2 0.1
v -10.7 0.2 -0.1
v -10.7 0.2 -0.2
v -10.7 0.3 0.4
v -10.7 0.3 0.3
v -10.7 0.3 -0.3
v -10.7 0.3 -0.4
v -10.7 0.5 0.2
v -10.7 0.5 0.1
v -10.7 0.5 -0.1
v -10.7 0.5 -0.2
v -10.7 0.7 0.4
v -10.7 0.7 0.3
v -10.7 0.7 0.2
v -10.7 0.7 -0.2
v -10.7 0.7 -0.3
v -10.7 0.7 -0.4
v -10.7 1 0.3
v -10.7 1 0.2
v -10.7 1 -0.2
v -10.7 1 -0.3
v -10.7 1.2 0.5
v -10.7 1.2 0.4
v -10.7 1.2 0.3
v -10.7 1.2 0.2
v -10.7 1.2 -0.2
v -10.7 1.2 -0.3
v -10.7 1.3 0.5
v -10.7 1.3 0.4
v -10.7 1.3 0.3
v -10.7 1.3 0.2
v -10.7 1.3 -0.2
v -10.7 1.3 -0.3
v -10.7 1.6 0.3
v -10.7 1.6 0.2
v -10.7 1.6 -0.2
v -10.7 1.6 -0.3
v -10.7 1.7 0.4
v -10.7 1.7 0.3
v -10.7 1.8 0.4
v -10.7 1.8 0.3
v -10.7 2 0.4
v -10.7 2 0.3
v -10.7 2 -0.3
v -10.7 2 -0.4
v -10.7 2.1 0.4
v -10.7 2.1 0.3
v -10.7 2.1 -0.3
v -10.7 2.1 -0.4
v -10.7 2.2 0.3
v -10.7 2.2 0.2
v -10.7 2.2 0.1
v -10.7 2.2 -0.2
v -10.7 2.2 -0.3
v -10.7 2.3 0.4
v -10.7 2.3 0.3
v -10.7 2.3 0.2
v -10.7 2.3 -0.1
v -10.7 2.3 -0.2
v -10.7 2.3 -0.4
v -10.7 2.5 0.3
v -10.7 2.5 0.2
v -10.7 2.5 -0.2
v -10.7 2.5 -0.3
v -10.7 2.6 0.4
v -10.7 2.6 0.3
v -10.7 2.6 0.1
v -10.7 2.6 -0.1
v -10.7 2.6 -0.3
v -10.7 2.6 -0.4
v -10.7 2.7 0.4
v -10.7 2.7 0.3
v -10.7 2.7 0.2
v -10.7 2.7 -0.2
v -10.7 2.7 -0.3
v -10.7 2.7 -0.4
v -10.7 2.8 -0.3
v -10.7 2.8 -0.4
v -10.7 2.9 0.4
v -10.7 2.9 0.3
v -10.7 2.9 0.2
v -10.7 2.9 0.1
v -10.7 2.9 -0.1
v -10.7 2.9 -0.2
v -10.7 2.9 -0.3
v -10.7 2.9 -0.4
v -10.7 3 0.4
v -10.7 3 0.3
v -10.7 3 0.2
v -10.7 3 0.1
v -10.7 3 -0.3
v -10.7 3 -0.4
v -10.7 3.1 0.2
v -10.7 3.1 0.1
v -10.7 3.4 0.4
v -10.7 3.4 0.3
v -10.7 3.4 0.2
v -10.7 3.4 0.1
v -10.7 3.4 -0.1
v -10.7 3.4 -0.2
v -10.7 3.4 -0.3
v -10.7 3.4 -0.4
v -10.7 3.6 0.5
v -10.7 3.6 0.4
v -10.7 3.7 0.5
v -10.7 3.7 0.4
v -10.7 3.7 0.3
v -10.7 3.7 -0.3
v -10.7 3.7 -0.4
v -10.7 3.8 0.4
v -10.7 3.8 0.3
v -10.7 3.8 -0.3
v -10.7 3.8 -0.4
v -10.7 4 0.4
v -10.7 4 0.3
v -10.7 4.1 0.4
v -10.7 4.1 0.3
v -10.7 4.1 0.2
v -10.7 4.1 -0.2
v -10.7 4.1 -0.3
v -10.7 4.2 -0.3
v -10.7 4.2 -0.4
v -10.7 4.3 0.4
v -10.7 4.3 0.3
v -10.7 4.3 0.2
v -10.7 4.3 -0.2
v -10.7 4.3 -0.3
v -10.7 4.5 0.3
v -10.7 4.5 0.2
v -10.7 4.5 0.1
v -10.7 4.5 -0.1
v -10.7 4.5 -0.2
v -10.7 4.5 -0.3
v -10.7 4.6 0.2
v -10.7 4.6 0.1
v -10.7 4.6 -0.1
v -10.7 4.6 -0.2
v -10.7 4.7 0.1
v -10.7 4.7 -0.1
v -10.6 0 0.2
v -10.6 0 -0.2
v -10.6 0.2 0.2
v -10.6 0.2 0.1
v -10.6 0.2 -0.1
v -10.6 0.2 -0.2
v -10.6 0.5 0.1
v -10.6 0.5 -0.1
v -10.6 0.5 -0.2
v -10.6 0.6 0.2
v -10.6 0.6 0.1
v -10.6 0.7 0.3
v -10.6 0.7 0.2
v -10.6 0.7 -0.2
v -10.6 0.7 -0.3
v -10.6 0.9 -0.2
v -10.6 0.9 -0.3
v -10.6 1 0.3
v -10.6 1 0.2
v -10.6 1 -0.2
v -10.6 1.2 0.3
v -10.6 1.2 0.2
v -10.6 1.2 -0.2
v -10.6 1.2 -0.3
v -10.6 1.3 0.3
v -10.6 1.3 0.2
v -10.6 1.3 -0.2
v -10.6 1.3 -0.3
v -10.6 1.5 0.1
v -10.6 1.5 -0.2
v -10.6 1.6 0.3
v -10.6 1.6 0.2
v -10.6 1.6 -0.2
v -10.6 1.6 -0.3
v -10.6 1.7 0.4
v -10.6 1.7 0.3
v -10.6 1.7 0.1
v -10.6 1.7 -0.2
v -10.6 1.7 -0.3
v -10.6 1.8 0.4
v -10.6 1.8 0.3
v -10.6 2.1 0.3
v -10.6 2.1 0.1
v -10.6 2.1 -0.2
v -10.6 2.1 -0.3
v -10.6 2.2 0.3
v -10.6 2.2 0.2
v -10.6 2.2 0.1
v -10.6 2.2 -0.2
v -10.6 2.2 -0.3
v -10.6 2.3 0.3
v -10.6 2.3 0.2
v -10.6 2.3 0.1
v -10.6 2.3 -0.1
v -10.6 2.6 0.3
v -10.6 2.6 0.1
v -10.6 2.6 -0.1
v -10.6 2.6 -0.3
v -10.6 2.7 0.3
v -10.6 2.7 0.2
v -10.6 2.7 -0.2
v -10.6 2.7 -0.3
v -10.6 2.9 0.2
v -10.6 2.9 0.1
v -10.6 2.9 -0.1
v -10.6 2.9 -0.2
v -10.6 3 0.2
v -10.6 3 0.1
v -10.6 3.1 0.2
v -10.6 3.1 0.1
v -10.6 3.4 0.2
v -10.6 3.4 0.1
v -10.6 3.4 -0.1
v -10.6 3.4 -0.2
v -10.6 3.8 -5.96046e-08
v -10.6 3.8 -0.1
v -10.6 3.9 -5.96046e-08
v -10.6 3.9 -0.1
v -10.6 4 0.4
v -10.6 4 0.3
v -10.6 4.1 0.4
v -10.6 4.1 0.3
v -10.6 4.1 0.2
v -10.6 4.1 0.1
v -10.6 4.1 -5.96046e-08
v -10.6 4.1 -0.2
v -10.6 4.1 -0.3
v -10.6 4.2 0.1
v -10.6 4.2 -5.96046e-08
v -10.6 4.2 -0.3
v -10.6 4.2 -0.4
v -10.6 4.3 0.3
v -10.6 4.3 0.2
v -10.6 4.3 -0.2
v -10.6 4.3 -0.3
v -10.6 4.3 -0.4
v -10.6 4.4 -5.96046e-08
v -10.6 4.4 -0.1
v -10.6 4.5 0.2
v -10.6 4.5 0.1
v -10.6 4.5 -5.96046e-08
v -10.6 4.5 -0.1
v -10.6 4.5 -0.2
v -10.6 4.6 0.1
v -10.6 4.6 -0.1
v -10.5 0.5 0.2
v -10.5 0.5 0.1
v -10.5 0.6 0.2
v -10.5 0.6 0.1
v -10.5 0.9 -0.2
v -10.5 0.9 -0.3
v -10.5 1 -0.2
v -10.5 1 -0.3
v -10.5 3.8 -5.96046e-08
v -10.5 3.8 -0.1
v -10.5 3.9 -5.96046e-08
v -10.5 3.9 -0.1
v -10.5 4.1 0.1
v -10.5 4.1 -5.96046e-08
v -10.5 4.2 0.1
v -10.5 4.2 -5.96046e-08
v -10.5 4.4 -5.96046e-08
v -10.5 4.4 -0.1
v -10.5 4.5 -5.96046e-08
v -10.5 4.5 -0.1
v -10.4 1.5 0.1
v -10.4 1.5 -0.2
v -10.4 1.6 0.1
v -10.4 1.6 -0.2
v -10.4 1.8 0.2
v -10.4 1.8 0.1
v -10.4 1.9 0.2
v -10.4 1.9 0.1
v -10.4 2.2 0.3
v -10.4 2.2 0.1
v -10.4 2.2 -0.2
v -10.4 2.2 -0.3
v -10.4 2.3 0.3
v -10.4 2.3 0.1
v -10.4 2.3 -0.2
v -10.4 2.3 -0.3
v -10.3 1.7 0.3
v -10.3 1.7 0.1
v -10.3 1.7 -0.2
v -10.3 1.7 -0.3
v -10.3 1.8 0.3
v -10.3 1.8 0.1
v -10.3 1.8 -0.2
v -10.3 1.8 -0.3
v -10.3 1.9 -0.3
v -10.3 1.9 -0.4
v -10.3 2 -0.3
v -10.3 2 -0.4
v -10.2 1.8 0.3
v -10.2 1.8 0.1
v -10.2 1.9 0.3
v -10.2 1.9 0.1
v -10.1 1.6 0.1
v -10.1 1.6 -0.2
v -10.1 1.7 0.1
v -10.1 1.7 -0.2
v -10.1 1.8 -0.2
v -10.1 1.8 -0.3
v -10.1 1.9 0.4
v -10.1 1.9 0.3
v -10.1 1.9 -0.2
v -10.1 1.9 -0.3
v -10.1 2 0.4
v -10.1 2 0.3
v -10 1.7 0.1
v -10 1.7 -0.2
v -10 1.8 0.1
v -10 1.8 -0.2
v -10 1.9 0.3
v -10 1.9 0.1
v -10 2 0.3
v -10 2 0.1
v -10 2.4 0.4
v -10 2.4 0.3
v -10 2.5 0.4
v -10 2.5 0.3
v -9.9 1.8 0.1
v -9.9 1.8 -0.2
v -9.9 1.9 0.1
v -9.9 1.9 -0.2
v -9.9 2.2 0.4
v -9.9 2.2 0.3
v -9.9 2.2 0.2
v -9.9 2.2 0.1
v -9.9 2.3 0.4
v -9.9 2.3 0.3
v -9.9 2.3 0.2
v -9.9 2.3 0.1
v -9.9 2.4 -0.3
v -9.9 2.4 -0.4
v -9.9 2.5 -0.3
v -9.9 2.5 -0.4
v -9.9 2.6 0.4
v -9.9 2.6 0.3
v -9.9 2.6 -0.3
v -9.9 2.6 -0.4
v -9.9 2.7 0.4
v -9.9 2.7 0.3
v -9.9 2.7 -0.3
v -9.9 2.7 -0.4
v -9.8 1.9 0.3
v -9.8 1.9 -0.3
v -9.8 2 0.1
v -9.8 2 -0.2
v -9.8 2 -0.3
v -9.8 2 -0.4
v -9.8 2.1 0.3
v -9.8 2.1 0.1
v -9.8 2.1 -0.2
v -9.8 2.1 -0.3
v -9.8 2.1 -0.4
v -9.8 3 0.4
v -9.8 3 0.3
v -9.8 3.1 0.4
v -9.8 3.1 0.3
v -9.8 3.5 -5.96046e-08
v -9.8 3.5 -0.1
v -9.8 3.6 -5.96046e-08
v -9.8 3.6 -0.1
v -9.7 2.1 0.3
v -9.7 2.1 0.1
v -9.7 2.1 -0.2
v -9.7 2.1 -0.3
v -9.7 2.2 0.3
v -9.7 2.2 0.1
v -9.7 2.2 -0.2
v -9.7 2.2 -0.3
v -9.7 2.6 0.3
v -9.7 2.6 0.2
v -9.7 2.7 0.3
v -9.7 2.7 0.2
v -9.7 2.8 0.3
v -9.7 2.8 0.2
v -9.7 3.1 -0.3
v -9.7 3.1 -0.4
v -9.7 3.2 -0.3
v -9.7 3.2 -0.4
v -9.7 3.3 0.2
v -9.7 3.3 0.1
v -9.7 3.4 0.3
v -9.7 3.4 0.2
v -9.7 3.4 -0.1
v -9.7 3.4 -0.3
v -9.7 3.5 0.2
v -9.7 3.5 0.1
v -9.7 3.5 -0.1
v -9.7 3.5 -0.3
v -9.6 2 0.1
v -9.6 2 -0.2
v -9.6 2.1 0.1
v -9.6 2.1 -0.2
v -9.6 2.2 0.3
v -9.6 2.2 0.2
v -9.6 2.4 0.2
v -9.6 2.4 0.1
v -9.6 2.4 -0.2
v -9.6 2.4 -0.3
v -9.6 2.6 0.3
v -9.6 2.6 0.2
v -9.6 2.7 0.3
v -9.6 2.7 0.2
v -9.6 2.8 0.3
v -9.6 2.8 0.2
v -9.6 2.8 -0.2
v -9.6 2.8 -0.3
v -9.6 2.9 -0.2
v -9.6 2.9 -0.3
v -9.6 3.3 0.2
v -9.6 3.3 0.1
v -9.6 3.3 -0.1
v -9.6 3.3 -0.2
v -9.6 3.4 0.1
v -9.6 3.4 -0.1
v -9.6 3.4 -0.3
v -9.6 3.5 0.1
v -9.6 3.5 -0.1
v -9.5 2.1 0.1
v -9.5 2.1 -0.2
v -9.5 2.2 0.2
v -9.5 2.2 0.1
v -9.5 2.2 -0.2
v -9.5 2.2 -0.3
v -9.5 2.4 0.2
v -9.5 2.4 0.1
v -9.5 2.4 -0.1
v -9.5 2.4 -0.2
v -9.5 2.4 -0.3
v -9.5 2.5 -0.1
v -9.5 2.5 -0.2
v -9.5 2.7 -5.96046e-08
v -9.5 2.7 -0.1
v -9.5 2.8 -5.96046e-08
v -9.5 2.8 -0.1
v -9.5 2.8 -0.2
v -9.5 2.8 -0.3
v -9.5 2.9 -0.2
v -9.5 2.9 -0.3
v -9.5 3 0.1
v -9.5 3 -5.96046e-08
v -9.5 3.1 0.1
v -9.5 3.1 -5.96046e-08
v -9.5 3.3 -0.1
v -9.5 3.3 -0.2
v -9.5 3.4 0.1
v -9.5 3.4 -0.1
v -9.4 2.4 -0.1
v -9.4 2.4 -0.2
v -9.4 2.5 -0.1
v -9.4 2.5 -0.2
v -9.4 2.7 -5.96046e-08
v -9.4 2.7 -0.1
v -9.4 2.8 -5.96046e-08
v -9.4 2.8 -0.1
v -9.4 3 0.1
v -9.4 3 -5.96046e-08
v -9.4 3.1 0.1
v -9.4 3.1 -5.96046e-08
v -11.5 3 0.7
v -11.5 3.1 0.7
v -11.4 3 0.7
v -11.4 3.1 0.7
v -11.3 0.6 0.7
v -11.3 0.7 0.7
v -11.3 1.3 0.7
v -11.3 1.4 0.7
v -11.3 1.8 0.7
v -11.3 1.9 0.7
v -11.3 2.7 0.7
v -11.3 2.8 0.7
v -11.3 3.8 0.7
v -11.3 3.9 0.7
v -11.3 4.2 0.7
v -11.3 4.3 0.7
v -11.2 0.6 0.7
v -11.2 0.7 0.7
v -11.2 1.3 0.7
v -11.2 1.4 0.7
v -11.2 1.8 0.7
v -11.2 1.9 0.7
v -11.2 2.3 0.7
v -11.2 2.4 0.7
v -11.2 2.7 0.7
v -11.2 2.8 0.7
v -11.2 3.2 0.7
v -11.2 3.3 0.7
v -11.2 3.8 0.7
v -11.2 3.9 0.7
v -11.2 4.2 0.7
v -11.2 4.3 0.7
v -11.1 0.1 0.7
v -11.1 0.2 0.7
v -11.1 2.3 0.7
v -11.1 2.4 0.7
v -11.1 3.2 0.7
v -11.1 3.3 0.7
v -11.1 4 0.7
v -11.1 4.1 0.7
v -11 0.1 0.7
v -11 0.2 0.7
v -11 4 0.7
v -11 4.1 0.7
v -11.6 1.1 0.6
v -11.6 1.2 0.6
v -11.6 2.1 0.6
v -11.6 2.2 0.6
v -11.6 4.1 0.6
v -11.6 4.2 0.6
v -11.5 0.4 0.6
v -11.5 0.6 0.6
v -11.5 1 0.6
v -11.5 1.1 0.6
v -11.5 1.2 0.6
v -11.5 1.3 0.6
v -11.5 1.6 0.6
v -11.5 1.8 0.6
v -11.5 1.9 0.6
v -11.5 2 0.6
v -11.5 2.1 0.6
v -11.5 2.2 0.6
v -11.5 2.3 0.6
v -11.5 2.5 0.6
v -11.5 2.9 0.6
v -11.5 3 0.6
v -11.5 3.1 0.6
v -11.5 3.2 0.6
v -11.5 3.6 0.6
v -11.5 3.7 0.6
v -11.5 4.1 0.6
v -11.5 4.2 0.6
v -11.4 0 0.6
v -11.4 0.4 0.6
v -11.4 0.6 0.6
v -11.4 1 0.6
v -11.4 1.2 0.6
v -11.4 1.3 0.6
v -11.4 1.6 0.6
v -11.4 1.8 0.6
v -11.4 1.9 0.6
v -11.4 2.2 0.6
v -11.4 2.3 0.6
v -11.4 2.5 0.6
v -11.4 2.9 0.6
v -11.4 3 0.6
v -11.4 3.1 0.6
v -11.4 3.2 0.6
v -11.4 3.4 0.6
v -11.4 3.6 0.6
v -11.4 3.7 0.6
v -11.4 4.1 0.6
v -11.4 4.2 0.6
v -11.4 4.5 0.6
v -11.3 0.6 0.6
v -11.3 0.7 0.6
v -11.3 1.3 0.6
v -11.3 1.4 0.6
v -11.3 1.8 0.6
v -11.3 1.9 0.6
v -11.3 2 0.6
v -11.3 2.7 0.6
v -11.3 2.8 0.6
v -11.3 3.4 0.6
v -11.3 3.7 0.6
v -11.3 3.8 0.6
v -11.3 3.9 0.6
v -11.3 4.1 0.6
v -11.3 4.2 0.6
v -11.3 4.3 0.6
v -11.3 4.5 0.6
v -11.3 4.6 0.6
v -11.2 0.6 0.6
v -11.2 0.7 0.6
v -11.2 1.3 0.6
v -11.2 1.4 0.6
v -11.2 1.8 0.6
v -11.2 1.9 0.6
v -11.2 2.3 0.6
v -11.2 2.4 0.6
v -11.2 2.7 0.6
v -11.2 2.8 0.6
v -11.2 3.2 0.6
v -11.2 3.3 0.6
v -11.2 3.8 0.6
v -11.2 3.9 0.6
v -11.2 4.2 0.6
v -11.2 4.3 0.6
v -11.1 0.1 0.6
v -11.1 0.2 0.6
v -11.1 1.9 0.6
v -11.1 2 0.6
v -11.1 2.3 0.6
v -11.1 2.4 0.6
v -11.1 3.2 0.6
v -11.1 3.3 0.6
v -11.1 3.4 0.6
v -11.1 3.7 0.6
v -11.1 4 0.6
v -11.1 4.1 0.6
v -11.1 4.2 0.6
v -11.1 4.5 0.6
v -11.1 4.6 0.6
v -11 0 0.6
v -11 0.1 0.6
v -11 0.2 0.6
v -11 0.4 0.6
v -11 0.6 0.6
v -11 0.7 0.6
v -11 0.8 0.6
v -11 1 0.6
v -11 1.2 0.6
v -11 1.3 0.6
v -11 1.6 0.6
v -11 1.9 0.6
v -11 2.2 0.6
v -11 2.3 0.6
v -11 2.5 0.6
v -11 2.6 0.6
v -11 2.7 0.6
v -11 2.9 0.6
v -11 3.2 0.6
v -11 3.4 0.6
v -11 3.6 0.6
v -11 3.7 0.6
v -11 4 0.6
v -11 4.2 0.6
v -11 4.5 0.6
v -10.9 0.4 0.6
v -10.9 0.6 0.6
v -10.9 0.7 0.6
v -10.9 0.8 0.6
v -10.9 1 0.6
v -10.9 1.2 0.6
v -10.9 1.3 0.6
v -10.9 1.6 0.6
v -10.9 1.8 0.6
v -10.9 1.9 0.6
v -10.9 2 0.6
v -10.9 2.2 0.6
v -10.9 2.3 0.6
v -10.9 2.5 0.6
v -10.9 2.6 0.6
v -10.9 2.7 0.6
v -10.9 2.9 0.6
v -10.9 3.2 0.6
v -10.9 3.6 0.6
v -10.9 3.7 0.6
v -10.8 1.8 0.6
v -10.8 1.9 0.6
v -13.1 3.9 0.5
v -13.1 4 0.5
v -13 3.5 0.5
v -13 3.6 0.5
v -13 3.9 0.5
v -13 4 0.5
v -12.9 3.5 0.5
v -12.9 3.6 0.5
v -12.9 3.8 0.5
v -12.9 3.9 0.5
v -12.8 3 0.5
v -12.8 3.1 0.5
v -12.8 3.8 0.5
v -12.8 3.9 0.5
v -12.7 3 0.5
v -12.7 3.1 0.5
v -12.6 3.1 0.5
v -12.6 3.2 0.5
v -12.5 3.1 0.5
v -12.5 3.2 0.5
v -12.3 3 0.5
v -12.3 3.1 0.5
v -12.2 2.7 0.5
v -12.2 2.8 0.5
v -12.2 3 0.5
v -12.2 3.1 0.5
v -12.1 2.7 0.5
v -12.1 2.8 0.5
v -11.7 1.5 0.5
v -11.7 1.6 0.5
v -11.6 0.3 0.5
v -11.6 0.4 0.5
v -11.6 0.7 0.5
v -11.6 1.1 0.5
v -11.6 1.2 0.5
v -11.6 1.5 0.5
v -11.6 1.6 0.5
v -11.6 2.1 0.5
v -11.6 2.2 0.5
v -11.6 3.2 0.5
v -11.6 3.4 0.5
v -11.6 3.7 0.5
v -11.6 3.8 0.5
v -11.6 4.1 0.5
v -11.5 0.3 0.5
v -11.5 0.4 0.5
v -11.5 0.6 0.5
v -11.5 0.7 0.5
v -11.5 1 0.5
v -11.5 1.1 0.5
v -11.5 1.2 0.5
v -11.5 1.3 0.5
v -11.5 1.6 0.5
v -11.5 1.8 0.5
v -11.5 1.9 0.5
v -11.5 2 0.5
v -11.5 2.1 0.5
v -11.5 2.2 0.5
v -11.5 2.3 0.5
v -11.5 2.5 0.5
v -11.5 2.9 0.5
v -11.5 3.2 0.5
v -11.5 3.4 0.5
v -11.5 3.6 0.5
v -11.5 3.7 0.5
v -11.5 3.8 0.5
v -11.5 4.1 0.5
v -11.5 4.2 0.5
v -11.5 4.5 0.5
v -11.4 0.6 0.5
v -11.4 1 0.5
v -11.4 1.2 0.5
v -11.4 1.3 0.5
v -11.4 1.6 0.5
v -11.4 1.8 0.5
v -11.4 1.9 0.5
v -11.4 2.2 0.5
v -11.4 2.3 0.5
v -11.4 2.5 0.5
v -11.4 2.9 0.5
v -11.4 3.2 0.5
v -11.4 3.4 0.5
v -11.4 3.6 0.5
v -11.4 3.7 0.5
v -11.4 4.1 0.5
v -11.4 4.2 0.5
v -11.4 4.5 0.5
v -11.4 4.6 0.5
v -11.3 1.9 0.5
v -11.3 2 0.5
v -11.3 3.4 0.5
v -11.3 3.7 0.5
v -11.3 4.1 0.5
v -11.3 4.2 0.5
v -11.3 4.5 0.5
v -11.3 4.6 0.5
v -11.3 4.7 0.5
v -11.1 1.9 0.5
v -11.1 2 0.5
v -11.1 3.4 0.5
v -11.1 3.7 0.5
v -11.1 4.1 0.5
v -11.1 4.2 0.5
v -11.1 4.5 0.5
v -11.1 4.6 0.5
v -11.1 4.7 0.5
v -11 0.6 0.5
v -11 0.7 0.5
v -11 0.8 0.5
v -11 1 0.5
v -11 1.2 0.5
v -11 1.3 0.5
v -11 1.6 0.5
v -11 1.9 0.5
v -11 2.2 0.5
v -11 2.3 0.5
v -11 2.5 0.5
v -11 2.6 0.5
v -11 2.7 0.5
v -11 2.9 0.5
v -11 3.2 0.5
v -11 3.4 0.5
v -11 3.6 0.5
v -11 3.7 0.5
v -11 4.1 0.5
v -11 4.2 0.5
v -11 4.5 0.5
v -11 4.6 0.5
v -10.9 0.6 0.5
v -10.9 0.7 0.5
v -10.9 0.8 0.5
v -10.9 1 0.5
v -10.9 1.1 0.5
v -10.9 1.2 0.5
v -10.9 1.3 0.5
v -10.9 1.6 0.5
v -10.9 1.8 0.5
v -10.9 1.9 0.5
v -10.9 2 0.5
v -10.9 2.2 0.5
v -10.9 2.3 0.5
v -10.9 2.5 0.5
v -10.9 2.6 0.5
v -10.9 2.7 0.5
v -10.9 2.9 0.5
v -10.9 3.2 0.5
v -10.9 3.4 0.5
v -10.9 3.6 0.5
v -10.9 3.7 0.5
v -10.9 3.8 0.5
v -10.9 4.2 0.5
v -10.9 4.5 0.5
v -10.8 0.7 0.5
v -10.8 1.1 0.5
v -10.8 1.2 0.5
v -10.8 1.3 0.5
v -10.8 1.8 0.5
v -10.8 1.9 0.5
v -10.8 3.2 0.5
v -10.8 3.4 0.5
v -10.8 3.6 0.5
v -10.8 3.7 0.5
v -10.8 3.8 0.5
v -10.8 4.2 0.5
v -10.7 1.2 0.5
v -10.7 1.3 0.5
v -10.7 3.6 0.5
v -10.7 3.7 0.5
v -13.2 3.1 0.4
v -13.2 3.5 0.4
v -13.1 3 0.4
v -13.1 3.1 0.4
v -13.1 3.5 0.4
v -13.1 3.9 0.4
v -13.1 4 0.4
v -13.1 4.2 0.4
v -13 3 0.4
v -13 3.1 0.4
v -13 3.5 0.4
v -13 3.6 0.4
v -13 3.9 0.4
v -13 4 0.4
v -13 4.2 0.4
v -13 4.3 0.4
v -12.9 2.8 0.4
v -12.9 3.1 0.4
v -12.9 3.5 0.4
v -12.9 3.6 0.4
v -12.9 3.8 0.4
v -12.9 3.9 0.4
v -12.8 2.8 0.4
v -12.8 2.9 0.4
v -12.8 3 0.4
v -12.8 3.1 0.4
v -12.8 3.8 0.4
v -12.8 3.9 0.4
v -12.8 4.2 0.4
v -12.8 4.3 0.4
v -12.7 2.8 0.4
v -12.7 2.9 0.4
v -12.7 3 0.4
v -12.7 3.1 0.4
v -12.7 3.3 0.4
v -12.7 4.2 0.4
v -12.6 3.1 0.4
v -12.6 3.2 0.4
v -12.6 3.3 0.4
v -12.5 2.7 0.4
v -12.5 2.8 0.4
v -12.5 3.1 0.4
v -12.5 3.2 0.4
v -12.3 2.6 0.4
v -12.3 2.7 0.4
v -12.3 3 0.4
v -12.3 3.1 0.4
v -12.3 3.2 0.4
v -12.2 2.7 0.4
v -12.2 2.8 0.4
v -12.2 3 0.4
v -12.2 3.1 0.4
v -12.2 3.2 0.4
v -12.1 2.7 0.4
v -12.1 2.8 0.4
v -12.1 2.9 0.4
v -12.1 3.2 0.4
v -12 2.9 0.4
v -12 3 0.4
v -11.9 2.5 0.4
v -11.9 2.6 0.4
v -11.9 2.9 0.4
v -11.9 3 0.4
v -11.8 2.5 0.4
v -11.8 2.6 0.4
v -11.7 0.1 0.4
v -11.7 0.3 0.4
v -11.7 0.7 0.4
v -11.7 1.5 0.4
v -11.7 1.6 0.4
v -11.7 2 0.4
v -11.7 2.1 0.4
v -11.7 2.3 0.4
v -11.7 2.5 0.4
v -11.7 2.6 0.4
v -11.7 2.7 0.4
v -11.7 2.9 0.4
v -11.7 3 0.4
v -11.7 3.4 0.4
v -11.7 3.7 0.4
v -11.7 3.8 0.4
v -11.7 4.3 0.4
v -11.6 0 0.4
v -11.6 0.1 0.4
v -11.6 0.3 0.4
v -11.6 0.7 0.4
v -11.6 1.1 0.4
v -11.6 1.2 0.4
v -11.6 1.5 0.4
v -11.6 1.6 0.4
v -11.6 2 0.4
v -11.6 2.1 0.4
v -11.6 2.3 0.4
v -11.6 2.5 0.4
v -11.6 2.6 0.4
v -11.6 2.7 0.4
v -11.6 2.9 0.4
v -11.6 3 0.4
v -11.6 3.4 0.4
v -11.6 3.7 0.4
v -11.6 3.8 0.4
v -11.6 4.2 0.4
v -11.6 4.3 0.4
v -11.6 4.5 0.4
v -11.5 0.3 0.4
v -11.5 0.4 0.4
v -11.5 1.1 0.4
v -11.5 1.2 0.4
v -11.5 3.7 0.4
v -11.5 3.8 0.4
v -11.5 4.2 0.4
v -11.5 4.5 0.4
v -11.5 4.6 0.4
v -11.4 0 0.4
v -11.4 0.4 0.4
v -11.4 4.5 0.4
v -11.4 4.6 0.4
v -11.4 4.7 0.4
v -11.3 4.6 0.4
v -11.3 4.7 0.4
v -11.3 4.8 0.4
v -11.1 4.6 0.4
v -11.1 4.7 0.4
v -11.1 4.8 0.4
v -11 0 0.4
v -11 0.4 0.4
v -11 4.5 0.4
v -11 4.6 0.4
v -11 4.7 0.4
v -10.9 0.4 0.4
v -10.9 1.1 0.4
v -10.9 1.2 0.4
v -10.9 3.7 0.4
v -10.9 3.8 0.4
v -10.9 4.2 0.4
v -10.9 4.5 0.4
v -10.9 4.6 0.4
v -10.8 0 0.4
v -10.8 0.1 0.4
v -10.8 0.3 0.4
v -10.8 0.4 0.4
v -10.8 0.7 0.4
v -10.8 1.1 0.4
v -10.8 1.2 0.4
v -10.8 1.3 0.4
v -10.8 2 0.4
v -10.8 2.1 0.4
v -10.8 2.3 0.4
v -10.8 2.6 0.4
v -10.8 2.7 0.4
v -10.8 2.9 0.4
v -10.8 3 0.4
v -10.8 3.4 0.4
v -10.8 3.6 0.4
v -10.8 3.7 0.4
v -10.8 3.8 0.4
v -10.8 4.2 0.4
v -10.8 4.3 0.4
v -10.8 4.5 0.4
v -10.8 4.6 0.4
v -10.7 0.1 0.4
v -10.7 0.3 0.4
v -10.7 0.7 0.4
v -10.7 1.2 0.4
v -10.7 1.3 0.4
v -10.7 1.7 0.4
v -10.7 1.8 0.4
v -10.7 2 0.4
v -10.7 2.1 0.4
v -10.7 2.3 0.4
v -10.7 2.6 0.4
v -10.7 2.7 0.4
v -10.7 2.9 0.4
v -10.7 3 0.4
v -10.7 3.4 0.4
v -10.7 3.6 0.4
v -10.7 3.8 0.4
v -10.7 4 0.4
v -10.7 4.1 0.4
v -10.7 4.3 0.4
v -10.6 1.7 0.4
v -10.6 1.8 0.4
v -10.6 4 0.4
v -10.6 4.1 0.4
v -10.2 1.9 0.4
v -10.2 2 0.4
v -10.1 1.9 0.4
v -10.1 2 0.4
v -10.1 2.4 0.4
v -10.1 2.5 0.4
v -10 2.2 0.4
v -10 2.3 0.4
v -10 2.4 0.4
v -10 2.5 0.4
v -10 2.6 0.4
v -10 2.7 0.4
v -9.9 2.2 0.4
v -9.9 2.3 0.4
v -9.9 2.6 0.4
v -9.9 2.7 0.4
v -9.9 3 0.4
v -9.9 3.1 0.4
v -9.8 3 0.4
v -9.8 3.1 0.4
v -13.3 3.1 0.3
v -13.3 3.3 0.3
v -13.3 4 0.3
v -13.3 4.1 0.3
v -13.2 3.1 0.3
v -13.2 3.3 0.3
v -13.2 3.5 0.3
v -13.2 4 0.3
v -13.2 4.1 0.3
v -13.2 4.3 0.3
v -13.1 2.9 0.3
v -13.1 3 0.3
v -13.1 3.5 0.3
v -13.1 4.2 0.3
v -13 2.9 0.3
v -13 3 0.3
v -13 3.1 0.3
v -13 4.2 0.3
v -13 4.3 0.3
v -13 4.4 0.3
v -12.9 3 0.3
v -12.9 3.1 0.3
v -12.8 2.8 0.3
v -12.8 2.9 0.3
v -12.8 4.2 0.3
v -12.8 4.3 0.3
v -12.7 2.6 0.3
v -12.7 2.7 0.3
v -12.7 2.8 0.3
v -12.7 2.9 0.3
v -12.7 3.3 0.3
v -12.7 4.2 0.3
v -12.7 4.3 0.3
v -12.7 4.4 0.3
v -12.6 2.6 0.3
v -12.6 2.7 0.3
v -12.6 2.8 0.3
v -12.6 3.3 0.3
v -12.6 4.3 0.3
v -12.5 2.7 0.3
v -12.5 2.8 0.3
v -12.1 2.9 0.3
v -12.1 3 0.3
v -12 2.9 0.3
v -12 3 0.3
v -11.8 0.7 0.3
v -11.8 1 0.3
v -11.8 1.2 0.3
v -11.8 1.3 0.3
v -11.8 1.7 0.3
v -11.8 1.9 0.3
v -11.8 2 0.3
v -11.8 2.2 0.3
v -11.8 3.5 0.3
v -11.8 3.6 0.3
v -11.8 3.9 0.3
v -11.8 4 0.3
v -11.8 4.1 0.3
v -11.8 4.3 0.3
v -11.7 0 0.3
v -11.7 0.1 0.3
v -11.7 0.3 0.3
v -11.7 0.7 0.3
v -11.7 1 0.3
v -11.7 1.2 0.3
v -11.7 1.3 0.3
v -11.7 1.7 0.3
v -11.7 1.9 0.3
v -11.7 2 0.3
v -11.7 2.1 0.3
v -11.7 2.2 0.3
v -11.7 2.7 0.3
v -11.7 2.9 0.3
v -11.7 3 0.3
v -11.7 3.4 0.3
v -11.7 3.5 0.3
v -11.7 3.6 0.3
v -11.7 3.7 0.3
v -11.7 3.8 0.3
v -11.7 3.9 0.3
v -11.7 4 0.3
v -11.7 4.1 0.3
v -11.7 4.3 0.3
v -11.7 4.5 0.3
v -11.6 0 0.3
v -11.6 0.1 0.3
v -11.6 0.3 0.3
v -11.6 0.4 0.3
v -11.6 2 0.3
v -11.6 2.1 0.3
v -11.6 2.7 0.3
v -11.6 2.9 0.3
v -11.6 3 0.3
v -11.6 3.2 0.3
v -11.6 3.7 0.3
v -11.6 3.8 0.3
v -11.6 4.3 0.3
v -11.6 4.5 0.3
v -11.6 4.6 0.3
v -11.5 0.4 0.3
v -11.5 0.7 0.3
v -11.5 3.2 0.3
v -11.5 3.4 0.3
v -11.5 4.5 0.3
v -11.5 4.6 0.3
v -11.5 4.7 0.3
v -11.4 4.6 0.3
v -11.4 4.7 0.3
v -11.4 4.8 0.3
v -11.3 4.7 0.3
v -11.3 4.8 0.3
v -11.3 4.9 0.3
v -11.3 5 0.3
v -11.2 4.9 0.3
v -11.2 5 0.3
v -11.1 4.7 0.3
v -11.1 4.8 0.3
v -11.1 4.9 0.3
v -11 4.6 0.3
v -11 4.7 0.3
v -11 4.8 0.3
v -10.9 0.4 0.3
v -10.9 0.7 0.3
v -10.9 3.2 0.3
v -10.9 3.4 0.3
v -10.9 4.6 0.3
v -10.9 4.7 0.3
v -10.8 0 0.3
v -10.8 0.1 0.3
v -10.8 0.3 0.3
v -10.8 0.4 0.3
v -10.8 2 0.3
v -10.8 2.1 0.3
v -10.8 2.5 0.3
v -10.8 2.6 0.3
v -10.8 2.7 0.3
v -10.8 2.9 0.3
v -10.8 3 0.3
v -10.8 3.2 0.3
v -10.8 3.7 0.3
v -10.8 3.8 0.3
v -10.8 4.3 0.3
v -10.8 4.5 0.3
v -10.7 0 0.3
v -10.7 0.1 0.3
v -10.7 0.3 0.3
v -10.7 0.7 0.3
v -10.7 1 0.3
v -10.7 1.2 0.3
v -10.7 1.3 0.3
v -10.7 1.6 0.3
v -10.7 1.7 0.3
v -10.7 1.8 0.3
v -10.7 2 0.3
v -10.7 2.1 0.3
v -10.7 2.2 0.3
v -10.7 2.3 0.3
v -10.7 2.5 0.3
v -10.7 2.6 0.3
v -10.7 2.7 0.3
v -10.7 2.9 0.3
v -10.7 3 0.3
v -10.7 3.4 0.3
v -10.7 3.7 0.3
v -10.7 3.8 0.3
v -10.7 4.1 0.3
v -10.7 4.3 0.3
v -10.7 4.5 0.3
v -10.6 0.7 0.3
v -10.6 1 0.3
v -10.6 1.2 0.3
v -10.6 1.3 0.3
v -10.6 1.6 0.3
v -10.6 1.7 0.3
v -10.6 1.8 0.3
v -10.6 2.1 0.3
v -10.6 2.2 0.3
v -10.6 2.3 0.3
v -10.6 2.6 0.3
v -10.6 2.7 0.3
v -10.6 4.1 0.3
v -10.6 4.3 0.3
v -10.5 2.1 0.3
v -10.5 2.3 0.3
v -10.4 2.2 0.3
v -10.4 2.3 0.3
v -10.3 1.7 0.3
v -10.3 1.8 0.3
v -10.3 2.2 0.3
v -10.3 2.3 0.3
v -10.2 1.8 0.3
v -10.2 1.9 0.3
v -10.2 2 0.3
v -10.1 1.9 0.3
v -10.1 2 0.3
v -10.1 2.3 0.3
v -10.1 2.4 0.3
v -10.1 2.5 0.3
v -10.1 3.3 0.3
v -10 1.9 0.3
v -10 2 0.3
v -10 2.2 0.3
v -10 2.3 0.3
v -10 2.4 0.3
v -10 2.5 0.3
v -10 2.6 0.3
v -10 2.7 0.3
v -9.9 1.9 0.3
v -9.9 2 0.3
v -9.9 2.2 0.3
v -9.9 2.3 0.3
v -9.9 2.6 0.3
v -9.9 2.7 0.3
v -9.9 3 0.3
v -9.9 3.1 0.3
v -9.9 3.3 0.3
v -9.9 3.4 0.3
v -9.8 1.9 0.3
v -9.8 2.1 0.3
v -9.8 3 0.3
v -9.8 3.1 0.3
v -9.7 2.1 0.3
v -9.7 2.2 0.3
v -9.7 2.6 0.3
v -9.7 2.7 0.3
v -9.7 2.8 0.3
v -9.7 3.4 0.3
v -9.6 2.2 0.3
v -9.6 2.6 0.3
v -9.6 2.7 0.3
v -9.6 2.8 0.3
v -13.4 3.2 0.2
v -13.4 3.3 0.2
v -13.3 3 0.2
v -13.3 3.1 0.2
v -13.3 3.2 0.2
v -13.3 3.3 0.2
v -13.3 4 0.2
v -13.3 4.1 0.2
v -13.3 4.2 0.2
v -13.2 2.9 0.2
v -13.2 3 0.2
v -13.2 3.3 0.2
v -13.2 4 0.2
v -13.2 4.1 0.2
v -13.2 4.2 0.2
v -13.1 2.9 0.2
v -13.1 3 0.2
v -13.1 3.1 0.2
v -13.1 4.3 0.2
v -13.1 4.4 0.2
v -13 2.9 0.2
v -13 3 0.2
v -13 4.3 0.2
v -13 4.4 0.2
v -12.9 2.7 0.2
v -12.9 2.8 0.2
v -12.9 2.9 0.2
v -12.9 3 0.2
v -12.8 2.7 0.2
v -12.8 2.8 0.2
v -12.7 2.7 0.2
v -12.7 4.3 0.2
v -12.7 4.4 0.2
v -12.6 2.5 0.2
v -12.6 2.6 0.2
v -12.6 2.7 0.2
v -12.6 2.8 0.2
v -12.6 3.2 0.2
v -12.6 4.2 0.2
v -12.6 4.3 0.2
v -12.6 4.4 0.2
v -12.5 2.7 0.2
v -12.5 3.5 0.2
v -12.5 4.2 0.2
v -12.4 3.4 0.2
v -12.4 3.5 0.2
v -12.3 2.4 0.2
v -12.3 2.5 0.2
v -12.3 2.6 0.2
v -12.3 2.7 0.2
v -12.3 3.1 0.2
v -12.3 3.2 0.2
v -12.3 3.3 0.2
v -12.3 3.4 0.2
v -12.2 2.4 0.2
v -12.2 2.5 0.2
v -12.2 3.1 0.2
v -12.2 3.2 0.2
v -12.2 3.3 0.2
v -12.1 3 0.2
v -12.1 3.1 0.2
v -12 3.1 0.2
v -12 3.2 0.2
v -11.9 0.1 0.2
v -11.9 0.2 0.2
v -11.9 1.6 0.2
v -11.9 1.7 0.2
v -11.9 2.5 0.2
v -11.9 2.6 0.2
v -11.9 2.9 0.2
v -11.9 3 0.2
v -11.8 0 0.2
v -11.8 0.1 0.2
v -11.8 0.2 0.2
v -11.8 0.5 0.2
v -11.8 0.7 0.2
v -11.8 1 0.2
v -11.8 1.2 0.2
v -11.8 1.3 0.2
v -11.8 1.6 0.2
v -11.8 1.7 0.2
v -11.8 1.9 0.2
v -11.8 2 0.2
v -11.8 2.4 0.2
v -11.8 2.5 0.2
v -11.8 2.7 0.2
v -11.8 2.9 0.2
v -11.8 3.2 0.2
v -11.8 3.4 0.2
v -11.8 3.5 0.2
v -11.8 3.6 0.2
v -11.8 3.9 0.2
v -11.8 4 0.2
v -11.8 4.1 0.2
v -11.8 4.3 0.2
v -11.8 4.5 0.2
v -11.7 0 0.2
v -11.7 0.2 0.2
v -11.7 0.5 0.2
v -11.7 0.7 0.2
v -11.7 1 0.2
v -11.7 1.2 0.2
v -11.7 1.3 0.2
v -11.7 1.7 0.2
v -11.7 1.9 0.2
v -11.7 2 0.2
v -11.7 2.3 0.2
v -11.7 2.5 0.2
v -11.7 2.7 0.2
v -11.7 2.9 0.2
v -11.7 3.4 0.2
v -11.7 3.5 0.2
v -11.7 3.6 0.2
v -11.7 3.9 0.2
v -11.7 4 0.2
v -11.7 4.1 0.2
v -11.7 4.3 0.2
v -11.7 4.5 0.2
v -11.7 4.6 0.2
v -11.6 2.3 0.2
v -11.6 2.5 0.2
v -11.6 4.5 0.2
v -11.6 4.6 0.2
v -11.6 4.7 0.2
v -11.5 4.6 0.2
v -11.5 4.7 0.2
v -11.5 4.8 0.2
v -11.4 4.7 0.2
v -11.4 4.8 0.2
v -11.4 4.9 0.2
v -11.3 4.8 0.2
v -11.3 4.9 0.2
v -11.1 4.8 0.2
v -11.1 4.9 0.2
v -11 4.7 0.2
v -11 4.8 0.2
v -11 4.9 0.2
v -10.9 4.6 0.2
v -10.9 4.7 0.2
v -10.9 4.8 0.2
v -10.8 2.3 0.2
v -10.8 2.5 0.2
v -10.8 4.5 0.2
v -10.8 4.6 0.2
v -10.8 4.7 0.2
v -10.7 0 0.2
v -10.7 0.2 0.2
v -10.7 0.5 0.2
v -10.7 0.7 0.2
v -10.7 1 0.2
v -10.7 1.2 0.2
v -10.7 1.3 0.2
v -10.7 1.6 0.2
v -10.7 2.3 0.2
v -10.7 2.5 0.2
v -10.7 2.7 0.2
v -10.7 2.9 0.2
v -10.7 3 0.2
v -10.7 3.1 0.2
v -10.7 3.4 0.2
v -10.7 4.1 0.2
v -10.7 4.3 0.2
v -10.7 4.5 0.2
v -10.7 4.6 0.2
v -10.6 0 0.2
v -10.6 0.2 0.2
v -10.6 0.5 0.2
v -10.6 0.6 0.2
v -10.6 0.7 0.2
v -10.6 1 0.2
v -10.6 1.2 0.2
v -10.6 1.3 0.2
v -10.6 1.6 0.2
v -10.6 2.7 0.2
v -10.6 2.9 0.2
v -10.6 3 0.2
v -10.6 3.1 0.2
v -10.6 3.4 0.2
v -10.6 4.1 0.2
v -10.6 4.3 0.2
v -10.6 4.5 0.2
v -10.5 0.5 0.2
v -10.5 0.6 0.2
v -10.1 3.3 0.2
v -10.1 3.4 0.2
v -9.9 3.3 0.2
v -9.9 3.4 0.2
v -9.8 3.4 0.2
v -9.8 3.5 0.2
v -9.7 2.6 0.2
v -9.7 2.7 0.2
v -9.7 2.8 0.2
v -9.7 3.3 0.2
v -9.7 3.4 0.2
v -9.7 3.5 0.2
v -9.6 2.2 0.2
v -9.6 2.4 0.2
v -9.6 2.6 0.2
v -9.6 2.7 0.2
v -9.6 2.8 0.2
v -9.6 3.3 0.2
v -9.5 2.2 0.2
v -9.5 2.4 0.2
v -13.3 4.2 0.1
v -13.3 4.3 0.1
v -13.2 4.2 0.1
v -13.2 4.3 0.1
v -13.2 4.4 0.1
v -13.1 4.3 0.1
v -13.1 4.4 0.1
v -12.6 4.2 0.1
v -12.6 4.3 0.1
v -12.5 4.2 0.1
v -12.5 4.3 0.1
v -11.9 0.5 0.1
v -11.9 0.6 0.1
v -11.9 1.2 0.1
v -11.9 1.3 0.1
v -11.9 1.8 0.1
v -11.9 1.9 0.1
v -11.8 0.2 0.1
v -11.8 0.5 0.1
v -11.8 0.6 0.1
v -11.8 1.2 0.1
v -11.8 1.3 0.1
v -11.8 1.8 0.1
v -11.8 1.9 0.1
v -11.8 2.2 0.1
v -11.8 2.4 0.1
v -11.8 2.6 0.1
v -11.8 2.9 0.1
v -11.8 3.2 0.1
v -11.8 3.4 0.1
v -11.8 4.5 0.1
v -11.8 4.6 0.1
v -11.7 0.2 0.1
v -11.7 0.5 0.1
v -11.7 2.2 0.1
v -11.7 2.6 0.1
v -11.7 2.9 0.1
v -11.7 3.4 0.1
v -11.7 4.5 0.1
v -11.7 4.6 0.1
v -11.7 4.7 0.1
v -11.6 4.6 0.1
v -11.6 4.7 0.1
v -11.6 4.8 0.1
v -11.5 4.7 0.1
v -11.5 4.8 0.1
v -11.5 4.9 0.1
v -11.4 4.8 0.1
v -11.4 4.9 0.1
v -11 4.8 0.1
v -11 4.9 0.1
v -10.9 4.7 0.1
v -10.9 4.8 0.1
v -10.9 4.9 0.1
v -10.8 4.6 0.1
v -10.8 4.7 0.1
v -10.8 4.8 0.1
v -10.7 0.2 0.1
v -10.7 0.5 0.1
v -10.7 2.2 0.1
v -10.7 2.6 0.1
v -10.7 2.9 0.1
v -10.7 3 0.1
v -10.7 3.1 0.1
v -10.7 3.4 0.1
v -10.7 4.5 0.1
v -10.7 4.6 0.1
v -10.7 4.7 0.1
v -10.6 0.2 0.1
v -10.6 0.5 0.1
v -10.6 1.5 0.1
v -10.6 1.7 0.1
v -10.6 2.1 0.1
v -10.6 2.2 0.1
v -10.6 2.3 0.1
v -10.6 2.6 0.1
v -10.6 2.9 0.1
v -10.6 3 0.1
v -10.6 3.1 0.1
v -10.6 3.4 0.1
v -10.6 4.1 0.1
v -10.6 4.2 0.1
v -10.6 4.5 0.1
v -10.6 4.6 0.1
v -10.5 2.1 0.1
v -10.5 2.3 0.1
v -10.5 4.1 0.1
v -10.5 4.2 0.1
v -10.4 1.5 0.1
v -10.4 1.6 0.1
v -10.4 1.8 0.1
v -10.4 1.9 0.1
v -10.4 2.2 0.1
v -10.4 2.3 0.1
v -10.4 2.4 0.1
v -10.3 1.7 0.1
v -10.3 1.8 0.1
v -10.3 1.9 0.1
v -10.3 2.2 0.1
v -10.3 2.3 0.1
v -10.3 2.4 0.1
v -10.3 2.5 0.1
v -10.2 1.8 0.1
v -10.2 1.9 0.1
v -10.2 2.5 0.1
v -10.2 2.6 0.1
v -10.1 1.6 0.1
v -10.1 1.7 0.1
v -10.1 2.3 0.1
v -10.1 2.6 0.1
v -10.1 3.4 0.1
v -10.1 3.5 0.1
v -10 1.7 0.1
v -10 1.8 0.1
v -10 1.9 0.1
v -10 2 0.1
v -9.9 1.8 0.1
v -9.9 1.9 0.1
v -9.9 2 0.1
v -9.9 2.2 0.1
v -9.9 2.3 0.1
v -9.8 2 0.1
v -9.8 2.1 0.1
v -9.8 2.2 0.1
v -9.8 2.3 0.1
v -9.8 3.4 0.1
v -9.8 3.5 0.1
v -9.7 2.1 0.1
v -9.7 2.2 0.1
v -9.7 3.3 0.1
v -9.7 3.5 0.1
v -9.6 2 0.1
v -9.6 2.1 0.1
v -9.6 2.4 0.1
v -9.6 3.3 0.1
v -9.6 3.4 0.1
v -9.6 3.5 0.1
v -9.5 2.1 0.1
v -9.5 2.2 0.1
v -9.5 2.4 0.1
v -9.5 3 0.1
v -9.5 3.1 0.1
v -9.5 3.4 0.1
v -9.4 3 0.1
v -9.4 3.1 0.1
v -13.4 3.6 -5.96046e-08
v -13.4 3.7 -5.96046e-08
v -13.3 3.6 -5.96046e-08
v -13.3 3.7 -5.96046e-08
v -13 4.4 -5.96046e-08
v -13 4.5 -5.96046e-08
v -12.9 4.4 -5.96046e-08
v -12.9 4.5 -5.96046e-08
v -11.9 0.9 -5.96046e-08
v -11.9 1 -5.96046e-08
v -11.9 2.2 -5.96046e-08
v -11.9 2.4 -5.96046e-08
v -11.8 0.9 -5.96046e-08
v -11.8 1 -5.96046e-08
v -11.8 2.2 -5.96046e-08
v -11.8 2.4 -5.96046e-08
v -11.4 4.9 -5.96046e-08
v -11.4 5 -5.96046e-08
v -11.3 4.9 -5.96046e-08
v -11.3 5 -5.96046e-08
v -10.9 4.8 -5.96046e-08
v -10.9 4.9 -5.96046e-08
v -10.8 4.8 -5.96046e-08
v -10.8 4.9 -5.96046e-08
v -10.6 3.8 -5.96046e-08
v -10.6 3.9 -5.96046e-08
v -10.6 4.4 -5.96046e-08
v -10.6 4.5 -5.96046e-08
v -10.5 3.8 -5.96046e-08
v -10.5 3.9 -5.96046e-08
v -10.5 4.4 -5.96046e-08
v -10.5 4.5 -5.96046e-08
v -9.9 3.5 -5.96046e-08
v -9.9 3.6 -5.96046e-08
v -9.8 3.5 -5.96046e-08
v -9.8 3.6 -5.96046e-08
v -9.5 2.7 -5.96046e-08
v -9.5 2.8 -5.96046e-08
v -9.4 2.7 -5.96046e-08
v -9.4 2.8 -5.96046e-08
v -13.4 4 -0.1
v -13.4 4.1 -0.1
v -13.3 4 -0.1
v -13.3 4.1 -0.1
v -12.9 2.7 -0.1
v -12.9 2.8 -0.1
v -12.8 2.7 -0.1
v -12.8 2.8 -0.1
v -12.3 2.4 -0.1
v -12.3 2.5 -0.1
v -12.2 2.4 -0.1
v -12.2 2.5 -0.1
v -10.5 2.3 -0.1
v -10.5 2.4 -0.1
v -10.4 2.3 -0.1
v -10.4 2.4 -0.1
v -9.5 2.4 -0.1
v -9.5 2.5 -0.1
v -9.4 2.4 -0.1
v -9.4 2.5 -0.1
v -10.6 0.9 -0.2
v -10.6 1 -0.2
v -10.5 0.9 -0.2
v -10.5 1 -0.2
v -12.9 3.1 -0.3
v -12.9 3.2 -0.3
v -12.8 3.1 -0.3
v -12.8 3.2 -0.3
v -12.7 2.7 -0.3
v -12.7 2.8 -0.3
v -12.6 2.7 -0.3
v -12.6 2.8 -0.3
v -12.3 2.7 -0.3
v -12.3 2.8 -0.3
v -12.2 2.7 -0.3
v -12.2 2.8 -0.3
v -11.8 2.7 -0.3
v -11.8 2.9 -0.3
v -11.7 2.7 -0.3
v -11.7 2.9 -0.3
v -11.6 1.1 0.5
v -11.6 1.2 0.5
v -11.5 1.1 0.5
v -11.5 1.2 0.5
v -11.8 2.7 0.3
v -11.8 2.9 0.3
v -11.7 2.7 0.3
v -11.7 2.9 0.3
v -10.7 4 0.3
v -10.7 4.1 0.3
v -10.6 4 0.3
v -10.6 4.1 0.3
v -11.3 4.9 0.2
v -11.3 5 0.2
v -11.2 4.9 0.2
v -11.2 5 0.2
v -10.7 2.2 0.2
v -10.7 2.3 0.2
v -10.6 2.2 0.2
v -10.6 2.3 0.2
v -10.4 1.8 0.2
v -10.4 1.9 0.2
v -10.3 1.8 0.2
v -10.3 1.9 0.2
v -9.9 2.2 0.2
v -9.9 2.3 0.2
v -9.8 2.2 0.2
v -9.8 2.3 0.2
v -13.4 3.2 0.1
v -13.4 3.3 0.1
v -13.3 3.2 0.1
v -13.3 3.3 0.1
v -12.9 2.7 0.1
v -12.9 2.8 0.1
v -12.8 2.7 0.1
v -12.8 2.8 0.1
v -12.3 2.4 0.1
v -12.3 2.5 0.1
v -12.2 2.4 0.1
v -12.2 2.5 0.1
v -11.9 0.1 0.1
v -11.9 0.2 0.1
v -11.9 1.6 0.1
v -11.9 1.7 0.1
v -11.8 0.1 0.1
v -11.8 0.2 0.1
v -11.8 1.6 0.1
v -11.8 1.7 0.1
v -10.6 0.5 0.1
v -10.6 0.6 0.1
v -10.5 0.5 0.1
v -10.5 0.6 0.1
v -11.9 0.5 -5.96046e-08
v -11.9 0.6 -5.96046e-08
v -11.9 1.2 -5.96046e-08
v -11.9 1.3 -5.96046e-08
v -11.9 1.8 -5.96046e-08
v -11.9 1.9 -5.96046e-08
v -11.8 0.5 -5.96046e-08
v -11.8 0.6 -5.96046e-08
v -11.8 1.2 -5.96046e-08
v -11.8 1.3 -5.96046e-08
v -11.8 1.8 -5.96046e-08
v -11.8 1.9 -5.96046e-08
v -10.6 4.1 -5.96046e-08
v -10.6 4.2 -5.96046e-08
v -10.5 4.1 -5.96046e-08
v -10.5 4.2 -5.96046e-08
v -9.5 3 -5.96046e-08
v -9.5 3.1 -5.96046e-08
v -9.4 3 -5.96046e-08
v -9.4 3.1 -5.96046e-08
v -13.4 3.6 -0.1
v -13.4 3.7 -0.1
v -13.3 3.6 -0.1
v -13.3 3.7 -0.1
v -13.3 4.2 -0.1
v -13.3 4.3 -0.1
v -13.2 4.2 -0.1
v -13.2 4.3 -0.1
v -13 4.4 -0.1
v -13 4.5 -0.1
v -12.9 4.4 -0.1
v -12.9 4.5 -0.1
v -12.7 4.3 -0.1
v -12.7 4.4 -0.1
v -12.6 4.3 -0.1
v -12.6 4.4 -0.1
v -11.9 0.9 -0.1
v -11.9 1 -0.1
v -11.9 2.2 -0.1
v -11.9 2.4 -0.1
v -11.8 0.2 -0.1
v -11.8 0.5 -0.1
v -11.8 0.9 -0.1
v -11.8 1 -0.1
v -11.8 2.2 -0.1
v -11.8 2.4 -0.1
v -11.8 2.6 -0.1
v -11.8 2.9 -0.1
v -11.8 3.2 -0.1
v -11.8 3.4 -0.1
v -11.8 4.5 -0.1
v -11.8 4.6 -0.1
v -11.7 0.2 -0.1
v -11.7 0.5 -0.1
v -11.7 2.2 -0.1
v -11.7 2.6 -0.1
v -11.7 2.9 -0.1
v -11.7 3.4 -0.1
v -11.7 4.5 -0.1
v -11.7 4.6 -0.1
v -11.7 4.7 -0.1
v -11.6 4.6 -0.1
v -11.6 4.7 -0.1
v -11.6 4.8 -0.1
v -11.5 4.7 -0.1
v -11.5 4.8 -0.1
v -11.5 4.9 -0.1
v -11.4 4.8 -0.1
v -11.4 4.9 -0.1
v -11.4 5 -0.1
v -11.3 4.9 -0.1
v -11.3 5 -0.1
v -11 4.8 -0.1
v -11 4.9 -0.1
v -10.9 4.7 -0.1
v -10.9 4.8 -0.1
v -10.9 4.9 -0.1
v -10.8 4.6 -0.1
v -10.8 4.7 -0.1
v -10.8 4.8 -0.1
v -10.8 4.9 -0.1
v -10.7 0.2 -0.1
v -10.7 0.5 -0.1
v -10.7 2.3 -0.1
v -10.7 2.6 -0.1
v -10.7 2.9 -0.1
v -10.7 3.4 -0.1
v -10.7 4.5 -0.1
v -10.7 4.6 -0.1
v -10.7 4.7 -0.1
v -10.6 0.2 -0.1
v -10.6 0.5 -0.1
v -10.6 2.3 -0.1
v -10.6 2.6 -0.1
v -10.6 2.9 -0.1
v -10.6 3.4 -0.1
v -10.6 3.8 -0.1
v -10.6 3.9 -0.1
v -10.6 4.4 -0.1
v -10.6 4.5 -0.1
v -10.6 4.6 -0.1
v -10.5 3.8 -0.1
v -10.5 3.9 -0.1
v -10.5 4.4 -0.1
v -10.5 4.5 -0.1
v -9.9 3.5 -0.1
v -9.9 3.6 -0.1
v -9.8 3.5 -0.1
v -9.8 3.6 -0.1
v -9.7 3.4 -0.1
v -9.7 3.5 -0.1
v -9.6 3.3 -0.1
v -9.6 3.4 -0.1
v -9.6 3.5 -0.1
v -9.5 2.7 -0.1
v -9.5 2.8 -0.1
v -9.5 3.3 -0.1
v -9.5 3.4 -0.1
v -9.4 2.7 -0.1
v -9.4 2.8 -0.1
v -13.4 4 -0.2
v -13.4 4.1 -0.2
v -13.3 3 -0.2
v -13.3 3.1 -0.2
v -13.3 3.3 -0.2
v -13.3 3.8 -0.2
v -13.3 3.9 -0.2
v -13.3 4 -0.2
v -13.3 4.1 -0.2
v -13.3 4.2 -0.2
v -13.2 2.9 -0.2
v -13.2 3 -0.2
v -13.2 3.3 -0.2
v -13.2 3.8 -0.2
v -13.2 3.9 -0.2
v -13.2 4.2 -0.2
v -13.2 4.4 -0.2
v -13.1 3 -0.2
v -13.1 3.1 -0.2
v -13.1 4.2 -0.2
v -13.1 4.4 -0.2
v -12.9 2.7 -0.2
v -12.9 2.8 -0.2
v -12.9 2.9 -0.2
v -12.9 3 -0.2
v -12.9 3.1 -0.2
v -12.9 3.2 -0.2
v -12.9 4.3 -0.2
v -12.9 4.4 -0.2
v -12.8 2.7 -0.2
v -12.8 2.8 -0.2
v -12.8 2.9 -0.2
v -12.8 3.1 -0.2
v -12.8 3.2 -0.2
v -12.8 4.3 -0.2
v -12.8 4.4 -0.2
v -12.7 2.6 -0.2
v -12.7 2.7 -0.2
v -12.7 2.8 -0.2
v -12.7 2.9 -0.2
v -12.6 2.5 -0.2
v -12.6 2.6 -0.2
v -12.6 3.2 -0.2
v -12.6 4.3 -0.2
v -12.5 3.5 -0.2
v -12.5 4.3 -0.2
v -12.4 2.6 -0.2
v -12.4 2.7 -0.2
v -12.4 2.8 -0.2
v -12.4 3.4 -0.2
v -12.4 3.5 -0.2
v -12.3 2.4 -0.2
v -12.3 2.5 -0.2
v -12.3 2.6 -0.2
v -12.3 2.7 -0.2
v -12.3 2.8 -0.2
v -12.3 3.1 -0.2
v -12.3 3.2 -0.2
v -12.3 3.3 -0.2
v -12.3 3.4 -0.2
v -12.2 2.4 -0.2
v -12.2 2.5 -0.2
v -12.2 2.7 -0.2
v -12.2 2.8 -0.2
v -12.2 3.1 -0.2
v -12.2 3.2 -0.2
v -12.2 3.3 -0.2
v -12.1 2.9 -0.2
v -12.1 3.1 -0.2
v -12 2.9 -0.2
v -12 3 -0.2
v -12 3.1 -0.2
v -12 3.2 -0.2
v -11.9 2.5 -0.2
v -11.9 2.6 -0.2
v -11.9 2.9 -0.2
v -11.9 3 -0.2
v -11.8 0 -0.2
v -11.8 0.2 -0.2
v -11.8 0.5 -0.2
v -11.8 0.6 -0.2
v -11.8 1 -0.2
v -11.8 1.1 -0.2
v -11.8 1.3 -0.2
v -11.8 1.7 -0.2
v -11.8 1.9 -0.2
v -11.8 2 -0.2
v -11.8 2.4 -0.2
v -11.8 2.5 -0.2
v -11.8 2.7 -0.2
v -11.8 2.9 -0.2
v -11.8 3.2 -0.2
v -11.8 3.4 -0.2
v -11.8 4.1 -0.2
v -11.8 4.3 -0.2
v -11.8 4.5 -0.2
v -11.7 0 -0.2
v -11.7 0.2 -0.2
v -11.7 0.5 -0.2
v -11.7 0.6 -0.2
v -11.7 1 -0.2
v -11.7 1.1 -0.2
v -11.7 1.3 -0.2
v -11.7 1.7 -0.2
v -11.7 1.9 -0.2
v -11.7 2 -0.2
v -11.7 2.3 -0.2
v -11.7 2.5 -0.2
v -11.7 2.7 -0.2
v -11.7 2.9 -0.2
v -11.7 3.4 -0.2
v -11.7 4.1 -0.2
v -11.7 4.3 -0.2
v -11.7 4.5 -0.2
v -11.7 4.6 -0.2
v -11.6 2.3 -0.2
v -11.6 2.5 -0.2
v -11.6 4.5 -0.2
v -11.6 4.6 -0.2
v -11.6 4.7 -0.2
v -11.5 4.6 -0.2
v -11.5 4.7 -0.2
v -11.5 4.8 -0.2
v -11.4 4.7 -0.2
v -11.4 4.8 -0.2
v -11.4 4.9 -0.2
v -11.3 4.8 -0.2
v -11.3 4.9 -0.2
v -11.1 4.8 -0.2
v -11.1 4.9 -0.2
v -11 4.7 -0.2
v -11 4.8 -0.2
v -11 4.9 -0.2
v -10.9 4.6 -0.2
v -10.9 4.7 -0.2
v -10.9 4.8 -0.2
v -10.8 2.3 -0.2
v -10.8 2.5 -0.2
v -10.8 4.5 -0.2
v -10.8 4.6 -0.2
v -10.8 4.7 -0.2
v -10.7 0 -0.2
v -10.7 0.2 -0.2
v -10.7 0.5 -0.2
v -10.7 0.7 -0.2
v -10.7 1 -0.2
v -10.7 1.2 -0.2
v -10.7 1.3 -0.2
v -10.7 1.6 -0.2
v -10.7 2.2 -0.2
v -10.7 2.3 -0.2
v -10.7 2.5 -0.2
v -10.7 2.7 -0.2
v -10.7 2.9 -0.2
v -10.7 3.4 -0.2
v -10.7 4.1 -0.2
v -10.7 4.3 -0.2
v -10.7 4.5 -0.2
v -10.7 4.6 -0.2
v -10.6 0 -0.2
v -10.6 0.2 -0.2
v -10.6 0.5 -0.2
v -10.6 0.7 -0.2
v -10.6 1 -0.2
v -10.6 1.2 -0.2
v -10.6 1.3 -0.2
v -10.6 1.5 -0.2
v -10.6 1.6 -0.2
v -10.6 1.7 -0.2
v -10.6 2.1 -0.2
v -10.6 2.2 -0.2
v -10.6 2.7 -0.2
v -10.6 2.9 -0.2
v -10.6 3.4 -0.2
v -10.6 4.1 -0.2
v -10.6 4.3 -0.2
v -10.6 4.5 -0.2
v -10.5 2.1 -0.2
v -10.5 2.3 -0.2
v -10.5 2.4 -0.2
v -10.4 1.5 -0.2
v -10.4 1.6 -0.2
v -10.4 2.2 -0.2
v -10.4 2.3 -0.2
v -10.4 2.4 -0.2
v -10.3 1.7 -0.2
v -10.3 1.8 -0.2
v -10.3 2.2 -0.2
v -10.3 2.3 -0.2
v -10.3 2.4 -0.2
v -10.3 2.5 -0.2
v -10.2 2.5 -0.2
v -10.2 2.6 -0.2
v -10.1 1.6 -0.2
v -10.1 1.7 -0.2
v -10.1 1.8 -0.2
v -10.1 1.9 -0.2
v -10.1 2.3 -0.2
v -10.1 2.6 -0.2
v -10.1 3.4 -0.2
v -10.1 3.5 -0.2
v -10 1.7 -0.2
v -10 1.8 -0.2
v -10 3.4 -0.2
v -10 3.5 -0.2
v -9.9 1.8 -0.2
v -9.9 1.9 -0.2
v -9.8 2 -0.2
v -9.8 2.1 -0.2
v -9.7 2.1 -0.2
v -9.7 2.2 -0.2
v -9.6 2 -0.2
v -9.6 2.1 -0.2
v -9.6 2.4 -0.2
v -9.6 2.8 -0.2
v -9.6 2.9 -0.2
v -9.6 3.3 -0.2
v -9.5 2.1 -0.2
v -9.5 2.2 -0.2
v -9.5 2.4 -0.2
v -9.5 2.5 -0.2
v -9.5 2.8 -0.2
v -9.5 2.9 -0.2
v -9.5 3.3 -0.2
v -9.4 2.4 -0.2
v -9.4 2.5 -0.2
v -13.3 3.1 -0.3
v -13.3 3.3 -0.3
v -13.3 3.8 -0.3
v -13.3 3.9 -0.3
v -13.2 3.1 -0.3
v -13.2 3.3 -0.3
v -13.2 3.5 -0.3
v -13.2 3.8 -0.3
v -13.2 3.9 -0.3
v -13.2 4.2 -0.3
v -13.1 3.5 -0.3
v -13.1 4.2 -0.3
v -13.1 4.3 -0.3
v -13.1 4.4 -0.3
v -13 4.3 -0.3
v -12.9 4.3 -0.3
v -12.9 4.4 -0.3
v -12.8 4.2 -0.3
v -12.8 4.3 -0.3
v -12.8 4.4 -0.3
v -12.7 4.3 -0.3
v -12.7 4.4 -0.3
v -12.6 4.2 -0.3
v -12.6 4.3 -0.3
v -12.4 2.6 -0.3
v -12.4 2.7 -0.3
v -12.3 2.6 -0.3
v -12.3 2.7 -0.3
v -11.8 0.6 -0.3
v -11.8 0.7 -0.3
v -11.8 1 -0.3
v -11.8 1.1 -0.3
v -11.8 1.2 -0.3
v -11.8 1.3 -0.3
v -11.8 1.7 -0.3
v -11.8 1.8 -0.3
v -11.8 2 -0.3
v -11.8 2.2 -0.3
v -11.8 2.6 -0.3
v -11.8 2.7 -0.3
v -11.8 4.1 -0.3
v -11.8 4.3 -0.3
v -11.7 0 -0.3
v -11.7 0.1 -0.3
v -11.7 0.4 -0.3
v -11.7 0.6 -0.3
v -11.7 0.7 -0.3
v -11.7 1 -0.3
v -11.7 1.1 -0.3
v -11.7 1.2 -0.3
v -11.7 1.3 -0.3
v -11.7 1.7 -0.3
v -11.7 1.8 -0.3
v -11.7 2 -0.3
v -11.7 2.1 -0.3
v -11.7 2.2 -0.3
v -11.7 2.5 -0.3
v -11.7 2.6 -0.3
v -11.7 2.7 -0.3
v -11.7 2.9 -0.3
v -11.7 3 -0.3
v -11.7 3.4 -0.3
v -11.7 3.7 -0.3
v -11.7 3.8 -0.3
v -11.7 4.1 -0.3
v -11.7 4.3 -0.3
v -11.7 4.4 -0.3
v -11.7 4.5 -0.3
v -11.6 0 -0.3
v -11.6 0.1 -0.3
v -11.6 0.4 -0.3
v -11.6 2 -0.3
v -11.6 2.1 -0.3
v -11.6 2.5 -0.3
v -11.6 2.6 -0.3
v -11.6 2.7 -0.3
v -11.6 2.9 -0.3
v -11.6 3 -0.3
v -11.6 3.2 -0.3
v -11.6 3.7 -0.3
v -11.6 3.8 -0.3
v -11.6 4.4 -0.3
v -11.6 4.5 -0.3
v -11.6 4.6 -0.3
v -11.5 0.4 -0.3
v -11.5 0.7 -0.3
v -11.5 3.2 -0.3
v -11.5 3.4 -0.3
v -11.5 4.5 -0.3
v -11.5 4.6 -0.3
v -11.4 4.7 -0.3
v -11.4 4.8 -0.3
v -11.3 4.7 -0.3
v -11.3 4.8 -0.3
v -11.3 4.9 -0.3
v -11.1 4.7 -0.3
v -11.1 4.8 -0.3
v -11.1 4.9 -0.3
v -11 4.6 -0.3
v -11 4.7 -0.3
v -11 4.8 -0.3
v -10.9 0.4 -0.3
v -10.9 0.7 -0.3
v -10.9 3.2 -0.3
v -10.9 3.4 -0.3
v -10.9 4.6 -0.3
v -10.9 4.7 -0.3
v -10.8 0 -0.3
v -10.8 0.1 -0.3
v -10.8 0.3 -0.3
v -10.8 0.4 -0.3
v -10.8 2 -0.3
v -10.8 2.1 -0.3
v -10.8 2.5 -0.3
v -10.8 2.6 -0.3
v -10.8 2.8 -0.3
v -10.8 2.9 -0.3
v -10.8 3 -0.3
v -10.8 3.2 -0.3
v -10.8 3.7 -0.3
v -10.8 3.8 -0.3
v -10.8 4.3 -0.3
v -10.8 4.5 -0.3
v -10.7 0 -0.3
v -10.7 0.1 -0.3
v -10.7 0.3 -0.3
v -10.7 0.7 -0.3
v -10.7 1 -0.3
v -10.7 1.2 -0.3
v -10.7 1.3 -0.3
v -10.7 1.6 -0.3
v -10.7 2 -0.3
v -10.7 2.1 -0.3
v -10.7 2.2 -0.3
v -10.7 2.5 -0.3
v -10.7 2.6 -0.3
v -10.7 2.7 -0.3
v -10.7 2.8 -0.3
v -10.7 2.9 -0.3
v -10.7 3 -0.3
v -10.7 3.4 -0.3
v -10.7 3.7 -0.3
v -10.7 3.8 -0.3
v -10.7 4.1 -0.3
v -10.7 4.2 -0.3
v -10.7 4.3 -0.3
v -10.7 4.5 -0.3
v -10.6 0.7 -0.3
v -10.6 0.9 -0.3
v -10.6 1 -0.3
v -10.6 1.2 -0.3
v -10.6 1.3 -0.3
v -10.6 1.6 -0.3
v -10.6 1.7 -0.3
v -10.6 2.1 -0.3
v -10.6 2.2 -0.3
v -10.6 2.6 -0.3
v -10.6 2.7 -0.3
v -10.6 4.1 -0.3
v -10.6 4.2 -0.3
v -10.5 0.9 -0.3
v -10.5 1 -0.3
v -10.5 2.1 -0.3
v -10.5 2.3 -0.3
v -10.4 1.9 -0.3
v -10.4 2 -0.3
v -10.4 2.2 -0.3
v -10.4 2.3 -0.3
v -10.3 1.7 -0.3
v -10.3 1.8 -0.3
v -10.3 1.9 -0.3
v -10.3 2 -0.3
v -10.3 2.2 -0.3
v -10.3 2.3 -0.3
v -10.1 1.8 -0.3
v -10.1 1.9 -0.3
v -10.1 2.3 -0.3
v -10.1 3.4 -0.3
v -10 2.4 -0.3
v -10 2.5 -0.3
v -10 2.6 -0.3
v -10 2.7 -0.3
v -10 3.4 -0.3
v -10 3.5 -0.3
v -9.9 2 -0.3
v -9.9 2.1 -0.3
v -9.9 2.4 -0.3
v -9.9 2.5 -0.3
v -9.9 2.6 -0.3
v -9.9 2.7 -0.3
v -9.8 1.9 -0.3
v -9.8 2 -0.3
v -9.8 2.1 -0.3
v -9.8 3.1 -0.3
v -9.8 3.2 -0.3
v -9.7 2.1 -0.3
v -9.7 2.2 -0.3
v -9.7 3.1 -0.3
v -9.7 3.2 -0.3
v -9.7 3.4 -0.3
v -9.7 3.5 -0.3
v -9.6 2.4 -0.3
v -9.6 2.8 -0.3
v -9.6 2.9 -0.3
v -9.6 3.4 -0.3
v -9.5 2.2 -0.3
v -9.5 2.4 -0.3
v -9.5 2.8 -0.3
v -9.5 2.9 -0.3
v -13.2 3.1 -0.4
v -13.2 3.2 -0.4
v -13.2 3.3 -0.4
v -13.2 3.5 -0.4
v -13.1 3 -0.4
v -13.1 3.1 -0.4
v -13.1 3.2 -0.4
v -13.1 3.3 -0.4
v -13.1 3.5 -0.4
v -13.1 3.7 -0.4
v -13.1 3.8 -0.4
v -13.1 4.2 -0.4
v -13.1 4.3 -0.4
v -13 3.7 -0.4
v -13 3.8 -0.4
v -13 3.9 -0.4
v -13 4 -0.4
v -13 4.2 -0.4
v -13 4.3 -0.4
v -12.9 2.8 -0.4
v -12.9 3 -0.4
v -12.9 3.3 -0.4
v -12.9 3.4 -0.4
v -12.9 3.5 -0.4
v -12.9 3.6 -0.4
v -12.9 3.9 -0.4
v -12.9 4 -0.4
v -12.8 2.8 -0.4
v -12.8 2.9 -0.4
v -12.8 3.1 -0.4
v -12.8 3.2 -0.4
v -12.8 3.3 -0.4
v -12.8 3.4 -0.4
v -12.8 3.5 -0.4
v -12.8 3.6 -0.4
v -12.8 4.2 -0.4
v -12.8 4.3 -0.4
v -12.7 2.7 -0.4
v -12.7 2.8 -0.4
v -12.7 2.9 -0.4
v -12.7 3.1 -0.4
v -12.7 3.2 -0.4
v -12.7 3.8 -0.4
v -12.7 3.9 -0.4
v -12.6 2.7 -0.4
v -12.6 2.8 -0.4
v -12.6 3.2 -0.4
v -12.6 3.8 -0.4
v -12.6 3.9 -0.4
v -12.6 4.2 -0.4
v -12.4 2.7 -0.4
v -12.4 2.8 -0.4
v -12.4 2.9 -0.4
v -12.4 3 -0.4
v -12.4 3.1 -0.4
v -12.4 3.2 -0.4
v -12.3 2.6 -0.4
v -12.3 2.7 -0.4
v -12.3 2.9 -0.4
v -12.3 3 -0.4
v -12.3 3.1 -0.4
v -12.2 2.8 -0.4
v -12.2 2.9 -0.4
v -12.2 3.1 -0.4
v -12.2 3.2 -0.4
v -12.1 2.8 -0.4
v -12.1 2.9 -0.4
v -12.1 3.2 -0.4
v -12 2.9 -0.4
v -12 3 -0.4
v -11.9 2.5 -0.4
v -11.9 2.6 -0.4
v -11.9 2.9 -0.4
v -11.9 3 -0.4
v -11.8 1.8 -0.4
v -11.8 1.9 -0.4
v -11.8 2.5 -0.4
v -11.8 2.7 -0.4
v -11.7 0.1 -0.4
v -11.7 0.3 -0.4
v -11.7 0.4 -0.4
v -11.7 0.7 -0.4
v -11.7 1.4 -0.4
v -11.7 1.5 -0.4
v -11.7 1.8 -0.4
v -11.7 1.9 -0.4
v -11.7 2 -0.4
v -11.7 2.1 -0.4
v -11.7 2.3 -0.4
v -11.7 2.6 -0.4
v -11.7 2.7 -0.4
v -11.7 2.9 -0.4
v -11.7 3 -0.4
v -11.7 3.4 -0.4
v -11.7 3.7 -0.4
v -11.7 3.8 -0.4
v -11.7 4.3 -0.4
v -11.7 4.4 -0.4
v -11.6 0 -0.4
v -11.6 0.1 -0.4
v -11.6 0.3 -0.4
v -11.6 0.4 -0.4
v -11.6 0.7 -0.4
v -11.6 1.1 -0.4
v -11.6 1.2 -0.4
v -11.6 1.4 -0.4
v -11.6 1.5 -0.4
v -11.6 2 -0.4
v -11.6 2.1 -0.4
v -11.6 2.3 -0.4
v -11.6 2.6 -0.4
v -11.6 2.7 -0.4
v -11.6 2.9 -0.4
v -11.6 3 -0.4
v -11.6 3.4 -0.4
v -11.6 3.7 -0.4
v -11.6 3.8 -0.4
v -11.6 4.2 -0.4
v -11.6 4.3 -0.4
v -11.6 4.4 -0.4
v -11.6 4.5 -0.4
v -11.5 0.4 -0.4
v -11.5 3.7 -0.4
v -11.5 3.8 -0.4
v -11.5 4.2 -0.4
v -11.5 4.5 -0.4
v -11.5 4.6 -0.4
v -11.5 4.7 -0.4
v -11.4 0 -0.4
v -11.4 0.4 -0.4
v -11.4 4.5 -0.4
v -11.4 4.6 -0.4
v -11.4 4.7 -0.4
v -11.3 4.6 -0.4
v -11.3 4.7 -0.4
v -11.3 4.8 -0.4
v -11.1 4.7 -0.4
v -11.1 4.8 -0.4
v -11 0 -0.4
v -11 0.3 -0.4
v -11 4.5 -0.4
v -11 4.6 -0.4
v -10.9 0.3 -0.4
v -10.9 0.4 -0.4
v -10.9 1.1 -0.4
v -10.9 1.2 -0.4
v -10.9 3.7 -0.4
v -10.9 3.8 -0.4
v -10.9 4.2 -0.4
v -10.9 4.5 -0.4
v -10.9 4.6 -0.4
v -10.8 0 -0.4
v -10.8 0.1 -0.4
v -10.8 0.3 -0.4
v -10.8 0.4 -0.4
v -10.8 0.7 -0.4
v -10.8 1.1 -0.4
v -10.8 1.2 -0.4
v -10.8 2 -0.4
v -10.8 2.1 -0.4
v -10.8 2.3 -0.4
v -10.8 2.6 -0.4
v -10.8 2.7 -0.4
v -10.8 2.8 -0.4
v -10.8 2.9 -0.4
v -10.8 3 -0.4
v -10.8 3.4 -0.4
v -10.8 3.7 -0.4
v -10.8 3.8 -0.4
v -10.8 4.2 -0.4
v -10.8 4.3 -0.4
v -10.8 4.5 -0.4
v -10.8 4.6 -0.4
v -10.7 0.1 -0.4
v -10.7 0.3 -0.4
v -10.7 0.7 -0.4
v -10.7 2 -0.4
v -10.7 2.1 -0.4
v -10.7 2.3 -0.4
v -10.7 2.6 -0.4
v -10.7 2.7 -0.4
v -10.7 2.8 -0.4
v -10.7 2.9 -0.4
v -10.7 3 -0.4
v -10.7 3.4 -0.4
v -10.7 3.7 -0.4
v -10.7 3.8 -0.4
v -10.7 4.2 -0.4
v -10.7 4.3 -0.4
v -10.6 4.2 -0.4
v -10.6 4.3 -0.4
v -10.4 1.9 -0.4
v -10.4 2 -0.4
v -10.3 1.9 -0.4
v -10.3 2 -0.4
v -10 2.4 -0.4
v -10 2.5 -0.4
v -10 2.6 -0.4
v -10 2.7 -0.4
v -9.9 2 -0.4
v -9.9 2.1 -0.4
v -9.9 2.4 -0.4
v -9.9 2.5 -0.4
v -9.9 2.6 -0.4
v -9.9 2.7 -0.4
v -9.8 2 -0.4
v -9.8 2.1 -0.4
v -9.8 3.1 -0.4
v -9.8 3.2 -0.4
v -9.7 3.1 -0.4
v -9.7 3.2 -0.4
v -13.2 3.2 -0.5
v -13.2 3.3 -0.5
v -13.1 3.2 -0.5
v -13.1 3.3 -0.5
v -13.1 3.7 -0.5
v -13.1 3.8 -0.5
v -13 3.7 -0.5
v -13 3.8 -0.5
v -13 3.9 -0.5
v -13 4 -0.5
v -12.9 3.3 -0.5
v -12.9 3.4 -0.5
v -12.9 3.5 -0.5
v -12.9 3.6 -0.5
v -12.9 3.9 -0.5
v -12.9 4 -0.5
v -12.8 3.1 -0.5
v -12.8 3.2 -0.5
v -12.8 3.3 -0.5
v -12.8 3.4 -0.5
v -12.8 3.5 -0.5
v -12.8 3.6 -0.5
v -12.7 3.1 -0.5
v -12.7 3.2 -0.5
v -12.7 3.8 -0.5
v -12.7 3.9 -0.5
v -12.6 3.8 -0.5
v -12.6 3.9 -0.5
v -12.4 2.9 -0.5
v -12.4 3 -0.5
v -12.4 3.1 -0.5
v -12.4 3.2 -0.5
v -12.3 2.9 -0.5
v -12.3 3 -0.5
v -12.3 3.1 -0.5
v -12.3 3.2 -0.5
v -12.2 2.8 -0.5
v -12.2 2.9 -0.5
v -12.1 2.8 -0.5
v -12.1 2.9 -0.5
v -11.7 1.4 -0.5
v -11.7 1.5 -0.5
v -11.6 0.7 -0.5
v -11.6 1.1 -0.5
v -11.6 1.2 -0.5
v -11.6 1.4 -0.5
v -11.6 1.5 -0.5
v -11.6 3.2 -0.5
v -11.6 3.4 -0.5
v -11.6 3.7 -0.5
v -11.6 3.8 -0.5
v -11.6 4.2 -0.5
v -11.5 0.6 -0.5
v -11.5 0.7 -0.5
v -11.5 0.8 -0.5
v -11.5 1 -0.5
v -11.5 1.1 -0.5
v -11.5 1.2 -0.5
v -11.5 1.3 -0.5
v -11.5 1.6 -0.5
v -11.5 1.7 -0.5
v -11.5 2 -0.5
v -11.5 2.2 -0.5
v -11.5 2.3 -0.5
v -11.5 2.5 -0.5
v -11.5 2.9 -0.5
v -11.5 3.2 -0.5
v -11.5 3.4 -0.5
v -11.5 3.7 -0.5
v -11.5 3.8 -0.5
v -11.5 4.2 -0.5
v -11.5 4.5 -0.5
v -11.4 0.6 -0.5
v -11.4 0.7 -0.5
v -11.4 0.8 -0.5
v -11.4 1 -0.5
v -11.4 1.2 -0.5
v -11.4 1.3 -0.5
v -11.4 1.7 -0.5
v -11.4 1.9 -0.5
v -11.4 2.2 -0.5
v -11.4 2.3 -0.5
v -11.4 2.5 -0.5
v -11.4 2.9 -0.5
v -11.4 3.2 -0.5
v -11.4 3.4 -0.5
v -11.4 3.7 -0.5
v -11.4 3.8 -0.5
v -11.4 4.1 -0.5
v -11.4 4.2 -0.5
v -11.4 4.5 -0.5
v -11.4 4.6 -0.5
v -11.3 1.9 -0.5
v -11.3 2 -0.5
v -11.3 3.4 -0.5
v -11.3 3.7 -0.5
v -11.3 4.5 -0.5
v -11.3 4.6 -0.5
v -11.3 4.7 -0.5
v -11.1 1.9 -0.5
v -11.1 2 -0.5
v -11.1 3.4 -0.5
v -11.1 3.7 -0.5
v -11.1 4.1 -0.5
v -11.1 4.2 -0.5
v -11.1 4.5 -0.5
v -11.1 4.6 -0.5
v -11.1 4.7 -0.5
v -11 0.3 -0.5
v -11 0.4 -0.5
v -11 0.6 -0.5
v -11 1 -0.5
v -11 1.2 -0.5
v -11 1.3 -0.5
v -11 1.7 -0.5
v -11 1.9 -0.5
v -11 2.2 -0.5
v -11 2.3 -0.5
v -11 2.5 -0.5
v -11 2.9 -0.5
v -11 3.2 -0.5
v -11 3.3 -0.5
v -11 3.4 -0.5
v -11 3.7 -0.5
v -11 4.1 -0.5
v -11 4.2 -0.5
v -11 4.5 -0.5
v -11 4.6 -0.5
v -11 4.7 -0.5
v -10.9 0.3 -0.5
v -10.9 0.4 -0.5
v -10.9 0.6 -0.5
v -10.9 0.7 -0.5
v -10.9 1 -0.5
v -10.9 1.1 -0.5
v -10.9 1.2 -0.5
v -10.9 1.3 -0.5
v -10.9 1.6 -0.5
v -10.9 1.7 -0.5
v -10.9 2 -0.5
v -10.9 2.2 -0.5
v -10.9 2.3 -0.5
v -10.9 2.5 -0.5
v -10.9 2.9 -0.5
v -10.9 3.2 -0.5
v -10.9 3.3 -0.5
v -10.9 3.4 -0.5
v -10.9 3.7 -0.5
v -10.9 3.8 -0.5
v -10.9 4.1 -0.5
v -10.9 4.2 -0.5
v -10.9 4.5 -0.5
v -10.8 0.7 -0.5
v -10.8 1.1 -0.5
v -10.8 1.2 -0.5
v -10.8 2.2 -0.5
v -10.8 2.3 -0.5
v -10.8 3.2 -0.5
v -10.8 3.4 -0.5
v -10.8 3.7 -0.5
v -10.8 3.8 -0.5
v -10.8 4.2 -0.5
v -11.5 0.4 -0.6
v -11.5 0.6 -0.6
v -11.5 0.7 -0.6
v -11.5 0.8 -0.6
v -11.5 1 -0.6
v -11.5 1.2 -0.6
v -11.5 1.3 -0.6
v -11.5 1.6 -0.6
v -11.5 1.7 -0.6
v -11.5 2 -0.6
v -11.5 2.2 -0.6
v -11.5 2.3 -0.6
v -11.5 2.5 -0.6
v -11.5 2.9 -0.6
v -11.5 3.2 -0.6
v -11.5 3.7 -0.6
v -11.5 3.8 -0.6
v -11.4 0 -0.6
v -11.4 0.2 -0.6
v -11.4 0.3 -0.6
v -11.4 0.4 -0.6
v -11.4 0.6 -0.6
v -11.4 0.7 -0.6
v -11.4 0.8 -0.6
v -11.4 1 -0.6
v -11.4 1.2 -0.6
v -11.4 1.3 -0.6
v -11.4 1.6 -0.6
v -11.4 1.7 -0.6
v -11.4 1.9 -0.6
v -11.4 2.2 -0.6
v -11.4 2.3 -0.6
v -11.4 2.5 -0.6
v -11.4 2.6 -0.6
v -11.4 2.9 -0.6
v -11.4 3.2 -0.6
v -11.4 3.3 -0.6
v -11.4 3.4 -0.6
v -11.4 3.7 -0.6
v -11.4 3.8 -0.6
v -11.4 4.1 -0.6
v -11.4 4.2 -0.6
v -11.4 4.5 -0.6
v -11.3 0.2 -0.6
v -11.3 0.3 -0.6
v -11.3 1.9 -0.6
v -11.3 2 -0.6
v -11.3 2.1 -0.6
v -11.3 2.2 -0.6
v -11.3 2.5 -0.6
v -11.3 2.6 -0.6
v -11.3 3.2 -0.6
v -11.3 3.3 -0.6
v -11.3 3.4 -0.6
v -11.3 3.7 -0.6
v -11.3 4.1 -0.6
v -11.3 4.2 -0.6
v -11.3 4.5 -0.6
v -11.3 4.6 -0.6
v -11.2 1.3 -0.6
v -11.2 1.4 -0.6
v -11.2 2.1 -0.6
v -11.2 2.2 -0.6
v -11.2 3.8 -0.6
v -11.2 3.9 -0.6
v -11.1 0.4 -0.6
v -11.1 0.5 -0.6
v -11.1 0.8 -0.6
v -11.1 0.9 -0.6
v -11.1 1.3 -0.6
v -11.1 1.4 -0.6
v -11.1 1.9 -0.6
v -11.1 2 -0.6
v -11.1 2.8 -0.6
v -11.1 2.9 -0.6
v -11.1 3.4 -0.6
v -11.1 3.7 -0.6
v -11.1 3.8 -0.6
v -11.1 3.9 -0.6
v -11.1 4.1 -0.6
v -11.1 4.2 -0.6
v -11.1 4.5 -0.6
v -11.1 4.6 -0.6
v -11 0 -0.6
v -11 0.4 -0.6
v -11 0.5 -0.6
v -11 0.6 -0.6
v -11 0.8 -0.6
v -11 0.9 -0.6
v -11 1 -0.6
v -11 1.2 -0.6
v -11 1.3 -0.6
v -11 1.6 -0.6
v -11 1.7 -0.6
v -11 1.9 -0.6
v -11 2.2 -0.6
v -11 2.3 -0.6
v -11 2.5 -0.6
v -11 2.8 -0.6
v -11 2.9 -0.6
v -11 3.2 -0.6
v -11 3.3 -0.6
v -11 3.4 -0.6
v -11 3.7 -0.6
v -11 4.1 -0.6
v -11 4.2 -0.6
v -11 4.5 -0.6
v -10.9 0.4 -0.6
v -10.9 0.6 -0.6
v -10.9 1 -0.6
v -10.9 1.2 -0.6
v -10.9 1.3 -0.6
v -10.9 1.6 -0.6
v -10.9 1.7 -0.6
v -10.9 2 -0.6
v -10.9 2.2 -0.6
v -10.9 2.3 -0.6
v -10.9 2.5 -0.6
v -10.9 2.9 -0.6
v -10.9 3.2 -0.6
v -10.9 3.3 -0.6
v -10.9 3.4 -0.6
v -10.9 4.1 -0.6
v -10.9 4.2 -0.6
v -10.8 2.2 -0.6
v -10.8 2.3 -0.6
v -11.4 0.2 -0.7
v -11.4 0.3 -0.7
v -11.4 2.5 -0.7
v -11.4 2.6 -0.7
v -11.4 3.2 -0.7
v -11.4 3.3 -0.7
v -11.3 0.2 -0.7
v -11.3 0.3 -0.7
v -11.3 2.1 -0.7
v -11.3 2.2 -0.7
v -11.3 2.5 -0.7
v -11.3 2.6 -0.7
v -11.3 3.2 -0.7
v -11.3 3.3 -0.7
v -11.2 1.3 -0.7
v -11.2 1.4 -0.7
v -11.2 2.1 -0.7
v -11.2 2.2 -0.7
v -11.2 3.8 -0.7
v -11.2 3.9 -0.7
v -11.1 0.4 -0.7
v -11.1 0.5 -0.7
v -11.1 0.8 -0.7
v -11.1 0.9 -0.7
v -11.1 1.3 -0.7
v -11.1 1.4 -0.7
v -11.1 2.8 -0.7
v -11.1 2.9 -0.7
v -11.1 3.8 -0.7
v -11.1 3.9 -0.7
v -11 0.4 -0.7
v -11 0.5 -0.7
v -11 0.8 -0.7
v -11 0.9 -0.7
v -11 2.8 -0.7
v -11 2.9 -0.7
v -11.4 0 0.6
v -11 0 0.6
v -11.6 0 0.4
v -11.4 0 0.4
v -11 0 0.4
v -10.8 0 0.4
v -11.7 0 0.3
v -11.6 0 0.3
v -10.8 0 0.3
v -10.7 0 0.3
v -11.8 0 0.2
v -11.7 0 0.2
v -10.7 0 0.2
v -10.6 0 0.2
v -11.8 0 -0.2
v -11.7 0 -0.2
v -10.7 0 -0.2
v -10.6 0 -0.2
v -11.7 0 -0.3
v -11.6 0 -0.3
v -10.8 0 -0.3
v -10.7 0 -0.3
v -11.6 0 -0.4
v -11.4 0 -0.4
v -11 0 -0.4
v -10.8 0 -0.4
v -11.4 0 -0.6
v -11 0 -0.6
v -11.1 0.1 0.7
v -11 0.1 0.7
v -11.1 0.1 0.6
v -11 0.1 0.6
v -11.7 0.1 0.4
v -11.6 0.1 0.4
v -10.8 0.1 0.4
v -10.7 0.1 0.4
v -11.7 0.1 0.3
v -11.6 0.1 0.3
v -10.8 0.1 0.3
v -10.7 0.1 0.3
v -11.9 0.1 0.2
v -11.8 0.1 0.2
v -11.9 0.1 0.1
v -11.8 0.1 0.1
v -11.7 0.1 -0.3
v -11.6 0.1 -0.3
v -10.8 0.1 -0.3
v -10.7 0.1 -0.3
v -11.7 0.1 -0.4
v -11.6 0.1 -0.4
v -10.8 0.1 -0.4
v -10.7 0.1 -0.4
v -11.4 0.2 -0.6
v -11.3 0.2 -0.6
v -11.4 0.2 -0.7
v -11.3 0.2 -0.7
v -11.6 0.3 0.5
v -11.5 0.3 0.5
v -11.6 0.3 0.4
v -11.5 0.3 0.4
v -11 0.3 -0.4
v -10.9 0.3 -0.4
v -11 0.3 -0.5
v -10.9 0.3 -0.5
v -11.5 0.4 0.6
v -11.4 0.4 0.6
v -11 0.4 0.6
v -10.9 0.4 0.6
v -11.5 0.4 0.5
v -11.5 0.4 0.4
v -11.4 0.4 0.4
v -11 0.4 0.4
v -10.9 0.4 0.4
v -11.5 0.4 -0.4
v -11.4 0.4 -0.4
v -11 0.4 -0.5
v -10.9 0.4 -0.5
v -11.5 0.4 -0.6
v -11.4 0.4 -0.6
v -11.1 0.4 -0.6
v -11 0.4 -0.6
v -10.9 0.4 -0.6
v -11.1 0.4 -0.7
v -11 0.4 -0.7
v -11.8 0.5 0.2
v -11.7 0.5 0.2
v -10.7 0.5 0.2
v -10.6 0.5 0.2
v -10.5 0.5 0.2
v -11.9 0.5 0.1
v -11.8 0.5 0.1
v -11.7 0.5 0.1
v -10.7 0.5 0.1
v -10.6 0.5 0.1
v -10.5 0.5 0.1
v -11.9 0.5 -5.96046e-08
v -11.8 0.5 -5.96046e-08
v -11.8 0.5 -0.1
v -11.7 0.5 -0.1
v -10.7 0.5 -0.1
v -10.6 0.5 -0.1
v -11.8 0.5 -0.2
v -11.7 0.5 -0.2
v -10.7 0.5 -0.2
v -10.6 0.5 -0.2
v -11.3 0.6 0.7
v -11.2 0.6 0.7
v -11.3 0.6 0.6
v -11.2 0.6 0.6
v -11.8 0.6 -0.2
v -11.7 0.6 -0.2
v -11.8 0.6 -0.3
v -11.7 0.6 -0.3
v -11 0.7 0.6
v -10.9 0.7 0.6
v -11.6 0.7 0.5
v -11.5 0.7 0.5
v -11 0.7 0.5
v -10.9 0.7 0.5
v -10.8 0.7 0.5
v -11.7 0.7 0.4
v -11.6 0.7 0.4
v -10.8 0.7 0.4
v -10.7 0.7 0.4
v -11.8 0.7 0.3
v -11.7 0.7 0.3
v -11.5 0.7 0.3
v -10.9 0.7 0.3
v -10.7 0.7 0.3
v -10.6 0.7 0.3
v -11.8 0.7 0.2
v -11.7 0.7 0.2
v -10.7 0.7 0.2
v -10.6 0.7 0.2
v -10.7 0.7 -0.2
v -10.6 0.7 -0.2
v -11.7 0.7 -0.3
v -11.5 0.7 -0.3
v -10.9 0.7 -0.3
v -10.7 0.7 -0.3
v -10.6 0.7 -0.3
v -11.7 0.7 -0.4
v -11.6 0.7 -0.4
v -10.8 0.7 -0.4
v -10.7 0.7 -0.4
v -11.6 0.7 -0.5
v -11.5 0.7 -0.5
v -11.4 0.7 -0.5
v -10.9 0.7 -0.5
v -10.8 0.7 -0.5
v -11.5 0.7 -0.6
v -11.4 0.7 -0.6
v -11.1 0.8 -0.6
v -11 0.8 -0.6
v -11.1 0.8 -0.7
v -11 0.8 -0.7
v -11.9 0.9 -5.96046e-08
v -11.8 0.9 -5.96046e-08
v -11.9 0.9 -0.1
v -11.8 0.9 -0.1
v -10.6 0.9 -0.2
v -10.5 0.9 -0.2
v -10.6 0.9 -0.3
v -10.5 0.9 -0.3
v -11.5 1 0.6
v -11.4 1 0.6
v -11 1 0.6
v -10.9 1 0.6
v -11.5 1 0.5
v -11.4 1 0.5
v -11 1 0.5
v -10.9 1 0.5
v -11.5 1 -0.5
v -11.4 1 -0.5
v -11 1 -0.5
v -10.9 1 -0.5
v -11.5 1 -0.6
v -11.4 1 -0.6
v -11 1 -0.6
v -10.9 1 -0.6
v -11.6 1.1 0.6
v -11.5 1.1 0.6
v -11.6 1.1 0.5
v -11.5 1.1 0.5
v -11.8 1.1 -0.2
v -11.7 1.1 -0.2
v -11.8 1.1 -0.3
v -11.7 1.1 -0.3
v -11.6 1.2 0.5
v -11.5 1.2 0.5
v -10.9 1.2 0.5
v -10.8 1.2 0.5
v -10.7 1.2 0.5
v -11.6 1.2 0.4
v -11.5 1.2 0.4
v -10.9 1.2 0.4
v -10.8 1.2 0.4
v -10.7 1.2 0.4
v -11.8 1.2 0.3
v -11.7 1.2 0.3
v -10.7 1.2 0.3
v -10.6 1.2 0.3
v -11.8 1.2 0.2
v -11.7 1.2 0.2
v -10.7 1.2 0.2
v -10.6 1.2 0.2
v -11.9 1.2 0.1
v -11.8 1.2 0.1
v -11.9 1.2 -5.96046e-08
v -11.8 1.2 -5.96046e-08
v -10.7 1.2 -0.2
v -10.6 1.2 -0.2
v -10.7 1.2 -0.3
v -10.6 1.2 -0.3
v -10.9 1.2 -0.4
v -10.8 1.2 -0.4
v -10.9 1.2 -0.5
v -10.8 1.2 -0.5
v -11.3 1.3 0.7
v -11.2 1.3 0.7
v -11.5 1.3 0.6
v -11.4 1.3 0.6
v -11.3 1.3 0.6
v -11.2 1.3 0.6
v -11 1.3 0.6
v -10.9 1.3 0.6
v -11.5 1.3 0.5
v -11.4 1.3 0.5
v -11 1.3 0.5
v -10.9 1.3 0.5
v -11.5 1.3 -0.5
v -11.4 1.3 -0.5
v -11 1.3 -0.5
v -10.9 1.3 -0.5
v -11.5 1.3 -0.6
v -11.4 1.3 -0.6
v -11.2 1.3 -0.6
v -11.1 1.3 -0.6
v -11 1.3 -0.6
v -10.9 1.3 -0.6
v -11.2 1.3 -0.7
v -11.1 1.3 -0.7
v -11.7 1.4 -0.4
v -11.6 1.4 -0.4
v -11.7 1.4 -0.5
v -11.6 1.4 -0.5
v -11.7 1.5 0.5
v -11.6 1.5 0.5
v -11.7 1.5 0.4
v -11.6 1.5 0.4
v -10.6 1.5 0.1
v -10.4 1.5 0.1
v -10.6 1.5 -0.2
v -10.4 1.5 -0.2
v -10.7 1.6 0.3
v -10.6 1.6 0.3
v -11.9 1.6 0.2
v -11.8 1.6 0.2
v -10.7 1.6 0.2
v -10.6 1.6 0.2
v -11.9 1.6 0.1
v -11.8 1.6 0.1
v -10.4 1.6 0.1
v -10.1 1.6 0.1
v -10.7 1.6 -0.2
v -10.6 1.6 -0.2
v -10.4 1.6 -0.2
v -10.1 1.6 -0.2
v -10.7 1.6 -0.3
v -10.6 1.6 -0.3
v -10.7 1.7 0.4
v -10.6 1.7 0.4
v -11.8 1.7 0.3
v -11.7 1.7 0.3
v -10.7 1.7 0.3
v -10.6 1.7 0.3
v -10.3 1.7 0.3
v -11.8 1.7 0.2
v -11.7 1.7 0.2
v -10.6 1.7 0.1
v -10.3 1.7 0.1
v -10.1 1.7 0.1
v -10 1.7 0.1
v -11.8 1.7 -0.2
v -11.7 1.7 -0.2
v -10.6 1.7 -0.2
v -10.3 1.7 -0.2
v -10.1 1.7 -0.2
v -10 1.7 -0.2
v -11.8 1.7 -0.3
v -11.7 1.7 -0.3
v -10.6 1.7 -0.3
v -10.3 1.7 -0.3
v -11.3 1.8 0.7
v -11.2 1.8 0.7
v -11.5 1.8 0.6
v -11.4 1.8 0.6
v -11.3 1.8 0.6
v -11.2 1.8 0.6
v -10.9 1.8 0.6
v -10.8 1.8 0.6
v -11.5 1.8 0.5
v -11.4 1.8 0.5
v -10.9 1.8 0.5
v -10.8 1.8 0.5
v -10.3 1.8 0.3
v -10.2 1.8 0.3
v -11.9 1.8 0.1
v -11.8 1.8 0.1
v -10.3 1.8 0.1
v -10.2 1.8 0.1
v -10 1.8 0.1
v -9.9 1.8 0.1
v -11.9 1.8 -5.96046e-08
v -11.8 1.8 -5.96046e-08
v -10.3 1.8 -0.2
v -10.1 1.8 -0.2
v -10 1.8 -0.2
v -9.9 1.8 -0.2
v -11.8 1.8 -0.3
v -11.7 1.8 -0.3
v -10.3 1.8 -0.3
v -10.1 1.8 -0.3
v -11.8 1.8 -0.4
v -11.7 1.8 -0.4
v -10.2 1.9 0.4
v -10.1 1.9 0.4
v -10.2 1.9 0.3
v -10.1 1.9 0.3
v -10 1.9 0.3
v -9.9 1.9 0.3
v -9.8 1.9 0.3
v -10.4 1.9 0.2
v -10.3 1.9 0.2
v -10.4 1.9 0.1
v -10.3 1.9 0.1
v -10.2 1.9 0.1
v -10 1.9 0.1
v -9.9 1.9 0.1
v -10.1 1.9 -0.2
v -9.9 1.9 -0.2
v -10.4 1.9 -0.3
v -10.3 1.9 -0.3
v -10.1 1.9 -0.3
v -9.8 1.9 -0.3
v -10.4 1.9 -0.4
v -10.3 1.9 -0.4
v -11.5 2 0.6
v -11.3 2 0.6
v -11.1 2 0.6
v -10.9 2 0.6
v -11.5 2 0.5
v -11.3 2 0.5
v -11.1 2 0.5
v -10.9 2 0.5
v -11.8 2 0.3
v -11.7 2 0.3
v -10 2 0.3
v -9.9 2 0.3
v -11.8 2 0.2
v -11.7 2 0.2
v -10 2 0.1
v -9.9 2 0.1
v -9.8 2 0.1
v -9.6 2 0.1
v -11.8 2 -0.2
v -11.7 2 -0.2
v -9.8 2 -0.2
v -9.6 2 -0.2
v -11.8 2 -0.3
v -11.7 2 -0.3
v -9.9 2 -0.3
v -9.8 2 -0.3
v -9.9 2 -0.4
v -9.8 2 -0.4
v -11.5 2 -0.5
v -11.3 2 -0.5
v -11.1 2 -0.5
v -10.9 2 -0.5
v -11.5 2 -0.6
v -11.3 2 -0.6
v -11.1 2 -0.6
v -10.9 2 -0.6
v -11.6 2.1 0.6
v -11.5 2.1 0.6
v -11.6 2.1 0.5
v -11.5 2.1 0.5
v -11.7 2.1 0.4
v -11.6 2.1 0.4
v -10.8 2.1 0.4
v -10.7 2.1 0.4
v -11.7 2.1 0.3
v -11.6 2.1 0.3
v -10.8 2.1 0.3
v -10.7 2.1 0.3
v -9.8 2.1 0.3
v -9.7 2.1 0.3
v -9.8 2.1 0.1
v -9.7 2.1 0.1
v -9.6 2.1 0.1
v -9.5 2.1 0.1
v -9.8 2.1 -0.2
v -9.7 2.1 -0.2
v -9.6 2.1 -0.2
v -9.5 2.1 -0.2
v -11.7 2.1 -0.3
v -11.6 2.1 -0.3
v -10.8 2.1 -0.3
v -10.7 2.1 -0.3
v -9.8 2.1 -0.3
v -9.7 2.1 -0.3
v -11.7 2.1 -0.4
v -11.6 2.1 -0.4
v -10.8 2.1 -0.4
v -10.7 2.1 -0.4
v -11.3 2.1 -0.6
v -11.2 2.1 -0.6
v -11.3 2.1 -0.7
v -11.2 2.1 -0.7
v -10 2.2 0.4
v -9.9 2.2 0.4
v -10 2.2 0.3
v -9.9 2.2 0.3
v -9.7 2.2 0.3
v -9.6 2.2 0.3
v -9.6 2.2 0.2
v -9.5 2.2 0.2
v -9.7 2.2 0.1
v -9.5 2.2 0.1
v -11.9 2.2 -5.96046e-08
v -11.8 2.2 -5.96046e-08
v -11.9 2.2 -0.1
v -11.8 2.2 -0.1
v -9.7 2.2 -0.2
v -9.5 2.2 -0.2
v -9.7 2.2 -0.3
v -9.5 2.2 -0.3
v -10.9 2.2 -0.5
v -10.8 2.2 -0.5
v -10.9 2.2 -0.6
v -10.8 2.2 -0.6
v -11.2 2.3 0.7
v -11.1 2.3 0.7
v -11.5 2.3 0.6
v -11.4 2.3 0.6
v -11.2 2.3 0.6
v -11.1 2.3 0.6
v -11 2.3 0.6
v -10.9 2.3 0.6
v -11.5 2.3 0.5
v -11.4 2.3 0.5
v -11 2.3 0.5
v -10.9 2.3 0.5
v -9.9 2.3 0.2
v -9.8 2.3 0.2
v -9.9 2.3 0.1
v -9.8 2.3 0.1
v -11.5 2.3 -0.5
v -11.4 2.3 -0.5
v -11 2.3 -0.5
v -10.9 2.3 -0.5
v -11.5 2.3 -0.6
v -11.4 2.3 -0.6
v -11 2.3 -0.6
v -10.9 2.3 -0.6
v -10.1 2.4 0.4
v -10 2.4 0.4
v -10.1 2.4 0.3
v -10 2.4 0.3
v -12.3 2.4 0.2
v -12.2 2.4 0.2
v -11.8 2.4 0.2
v -12.3 2.4 0.1
v -12.2 2.4 0.1
v -11.8 2.4 0.1
v -11.9 2.4 -5.96046e-08
v -11.8 2.4 -5.96046e-08
v -12.3 2.4 -0.1
v -12.2 2.4 -0.1
v -11.9 2.4 -0.1
v -11.8 2.4 -0.1
v -9.5 2.4 -0.1
v -9.4 2.4 -0.1
v -12.3 2.4 -0.2
v -12.2 2.4 -0.2
v -11.8 2.4 -0.2
v -9.5 2.4 -0.2
v -9.4 2.4 -0.2
v -10 2.4 -0.3
v -9.9 2.4 -0.3
v -10 2.4 -0.4
v -9.9 2.4 -0.4
v -11.9 2.5 0.4
v -11.8 2.5 0.4
v -11.7 2.5 0.4
v -11.6 2.5 0.4
v -11.7 2.5 0.3
v -11.6 2.5 0.3
v -10.8 2.5 0.3
v -10.7 2.5 0.3
v -12.6 2.5 0.2
v -12.3 2.5 0.2
v -11.9 2.5 0.2
v -11.8 2.5 0.2
v -11.7 2.5 0.2
v -11.6 2.5 0.2
v -10.8 2.5 0.2
v -10.7 2.5 0.2
v -12.3 2.5 0.1
v -12.2 2.5 0.1
v -12.3 2.5 -0.1
v -12.2 2.5 -0.1
v -12.6 2.5 -0.2
v -12.3 2.5 -0.2
v -11.9 2.5 -0.2
v -11.8 2.5 -0.2
v -11.7 2.5 -0.2
v -11.6 2.5 -0.2
v -10.8 2.5 -0.2
v -10.7 2.5 -0.2
v -11.7 2.5 -0.3
v -11.6 2.5 -0.3
v -10.8 2.5 -0.3
v -10.7 2.5 -0.3
v -11.9 2.5 -0.4
v -11.8 2.5 -0.4
v -11.4 2.5 -0.6
v -11.3 2.5 -0.6
v -11.4 2.5 -0.7
v -11.3 2.5 -0.7
v -11 2.6 0.6
v -10.9 2.6 0.6
v -11 2.6 0.5
v -10.9 2.6 0.5
v -12.3 2.6 0.4
v -11.9 2.6 0.4
v -11.8 2.6 0.4
v -11.7 2.6 0.4
v -10.8 2.6 0.4
v -10.7 2.6 0.4
v -10 2.6 0.4
v -9.9 2.6 0.4
v -12.7 2.6 0.3
v -12.6 2.6 0.3
v -11.7 2.6 0.3
v -10.8 2.6 0.3
v -10.7 2.6 0.3
v -10.6 2.6 0.3
v -10 2.6 0.3
v -9.9 2.6 0.3
v -12.7 2.6 0.2
v -12.6 2.6 0.2
v -12.3 2.6 0.2
v -11.9 2.6 0.2
v -11.8 2.6 0.1
v -11.7 2.6 0.1
v -10.7 2.6 0.1
v -10.6 2.6 0.1
v -11.8 2.6 -0.1
v -11.7 2.6 -0.1
v -10.7 2.6 -0.1
v -10.6 2.6 -0.1
v -12.7 2.6 -0.2
v -12.6 2.6 -0.2
v -12.4 2.6 -0.2
v -12.3 2.6 -0.2
v -11.9 2.6 -0.2
v -12.4 2.6 -0.3
v -12.3 2.6 -0.3
v -11.8 2.6 -0.3
v -11.7 2.6 -0.3
v -11.6 2.6 -0.3
v -10.8 2.6 -0.3
v -10.7 2.6 -0.3
v -10.6 2.6 -0.3
v -10 2.6 -0.3
v -9.9 2.6 -0.3
v -12.3 2.6 -0.4
v -11.9 2.6 -0.4
v -11.7 2.6 -0.4
v -11.6 2.6 -0.4
v -10.8 2.6 -0.4
v -10.7 2.6 -0.4
v -10 2.6 -0.4
v -9.9 2.6 -0.4
v -11.3 2.7 0.7
v -11.2 2.7 0.7
v -11.3 2.7 0.6
v -11.2 2.7 0.6
v -12.2 2.7 0.5
v -12.1 2.7 0.5
v -12.5 2.7 0.4
v -12.3 2.7 0.4
v -12.2 2.7 0.4
v -12.1 2.7 0.4
v -12.6 2.7 0.3
v -12.5 2.7 0.3
v -9.7 2.7 0.3
v -9.6 2.7 0.3
v -12.9 2.7 0.2
v -12.8 2.7 0.2
v -12.7 2.7 0.2
v -12.6 2.7 0.2
v -12.5 2.7 0.2
v -12.3 2.7 0.2
v -9.7 2.7 0.2
v -9.6 2.7 0.2
v -12.9 2.7 0.1
v -12.8 2.7 0.1
v -9.5 2.7 -5.96046e-08
v -9.4 2.7 -5.96046e-08
v -12.9 2.7 -0.1
v -12.8 2.7 -0.1
v -9.5 2.7 -0.1
v -9.4 2.7 -0.1
v -12.9 2.7 -0.2
v -12.8 2.7 -0.2
v -12.7 2.7 -0.2
v -12.7 2.7 -0.3
v -12.6 2.7 -0.3
v -12.4 2.7 -0.3
v -12.3 2.7 -0.3
v -11.8 2.7 -0.3
v -11.7 2.7 -0.3
v -12.7 2.7 -0.4
v -12.6 2.7 -0.4
v -12.4 2.7 -0.4
v -12.3 2.7 -0.4
v -11.8 2.7 -0.4
v -11.7 2.7 -0.4
v -12.9 2.8 0.4
v -12.8 2.8 0.4
v -12.7 2.8 0.4
v -12.5 2.8 0.4
v -12.8 2.8 0.3
v -12.7 2.8 0.3
v -12.6 2.8 0.3
v -12.5 2.8 0.3
v -12.9 2.8 0.2
v -12.8 2.8 0.2
v -12.6 2.8 0.2
v -12.9 2.8 0.1
v -12.8 2.8 0.1
v -12.9 2.8 -0.1
v -12.8 2.8 -0.1
v -12.9 2.8 -0.2
v -12.8 2.8 -0.2
v -12.7 2.8 -0.2
v -12.4 2.8 -0.2
v -12.3 2.8 -0.2
v -12.2 2.8 -0.2
v -9.6 2.8 -0.2
v -9.5 2.8 -0.2
v -12.7 2.8 -0.3
v -12.6 2.8 -0.3
v -12.3 2.8 -0.3
v -12.2 2.8 -0.3
v -9.6 2.8 -0.3
v -9.5 2.8 -0.3
v -12.9 2.8 -0.4
v -12.8 2.8 -0.4
v -12.6 2.8 -0.4
v -12.4 2.8 -0.4
v -12.2 2.8 -0.4
v -12.1 2.8 -0.4
v -12.2 2.8 -0.5
v -12.1 2.8 -0.5
v -11.1 2.8 -0.6
v -11 2.8 -0.6
v -11.1 2.8 -0.7
v -11 2.8 -0.7
v -11.5 2.9 0.6
v -11.4 2.9 0.6
v -11 2.9 0.6
v -10.9 2.9 0.6
v -11.5 2.9 0.5
v -11.4 2.9 0.5
v -11 2.9 0.5
v -10.9 2.9 0.5
v -12.8 2.9 0.4
v -12.7 2.9 0.4
v -11.7 2.9 0.4
v -11.6 2.9 0.4
v -10.8 2.9 0.4
v -10.7 2.9 0.4
v -13.1 2.9 0.3
v -13 2.9 0.3
v -12.8 2.9 0.3
v -12.7 2.9 0.3
v -11.7 2.9 0.3
v -11.6 2.9 0.3
v -10.8 2.9 0.3
v -10.7 2.9 0.3
v -13.2 2.9 0.2
v -13.1 2.9 0.2
v -13 2.9 0.2
v -12.9 2.9 0.2
v -13.2 2.9 -0.2
v -12.9 2.9 -0.2
v -12.8 2.9 -0.2
v -12.7 2.9 -0.2
v -11.7 2.9 -0.3
v -11.6 2.9 -0.3
v -10.8 2.9 -0.3
v -10.7 2.9 -0.3
v -12.8 2.9 -0.4
v -12.7 2.9 -0.4
v -12.4 2.9 -0.4
v -12.3 2.9 -0.4
v -11.7 2.9 -0.4
v -11.6 2.9 -0.4
v -10.8 2.9 -0.4
v -10.7 2.9 -0.4
v -12.4 2.9 -0.5
v -12.3 2.9 -0.5
v -11.5 2.9 -0.5
v -11.4 2.9 -0.5
v -11 2.9 -0.5
v -10.9 2.9 -0.5
v -11.5 2.9 -0.6
v -11.4 2.9 -0.6
v -11 2.9 -0.6
v -10.9 2.9 -0.6
v -11.5 3 0.7
v -11.4 3 0.7
v -11.5 3 0.6
v -11.4 3 0.6
v -12.8 3 0.5
v -12.7 3 0.5
v -12.3 3 0.5
v -12.2 3 0.5
v -13.1 3 0.4
v -13 3 0.4
v -12.8 3 0.4
v -12.7 3 0.4
v -12.3 3 0.4
v -12.2 3 0.4
v -9.9 3 0.4
v -9.8 3 0.4
v -13.1 3 0.3
v -13 3 0.3
v -12.9 3 0.3
v -9.9 3 0.3
v -9.8 3 0.3
v -13.3 3 0.2
v -13.2 3 0.2
v -13 3 0.2
v -12.9 3 0.2
v -10.7 3 0.2
v -10.6 3 0.2
v -10.7 3 0.1
v -10.6 3 0.1
v -9.5 3 0.1
v -9.4 3 0.1
v -9.5 3 -5.96046e-08
v -9.4 3 -5.96046e-08
v -13.3 3 -0.2
v -13.2 3 -0.2
v -13.1 3 -0.2
v -12.9 3 -0.2
v -13.1 3 -0.4
v -12.9 3 -0.4
v -12.6 3.1 0.5
v -12.5 3.1 0.5
v -13.2 3.1 0.4
v -13.1 3.1 0.4
v -13 3.1 0.4
v -12.9 3.1 0.4
v -12.6 3.1 0.4
v -12.5 3.1 0.4
v -13.3 3.1 0.3
v -13.2 3.1 0.3
v -13 3.1 0.3
v -12.9 3.1 0.3
v -13.3 3.1 0.2
v -13.1 3.1 0.2
v -13.3 3.1 -0.2
v -13.1 3.1 -0.2
v -13.3 3.1 -0.3
v -13.2 3.1 -0.3
v -9.8 3.1 -0.3
v -9.7 3.1 -0.3
v -13.2 3.1 -0.4
v -13.1 3.1 -0.4
v -12.8 3.1 -0.4
v -12.7 3.1 -0.4
v -12.4 3.1 -0.4
v -12.3 3.1 -0.4
v -9.8 3.1 -0.4
v -9.7 3.1 -0.4
v -12.8 3.1 -0.5
v -12.7 3.1 -0.5
v -12.4 3.1 -0.5
v -12.3 3.1 -0.5
v -11.2 3.2 0.7
v -11.1 3.2 0.7
v -11.2 3.2 0.6
v -11.1 3.2 0.6
v -13.4 3.2 0.2
v -13.3 3.2 0.2
v -13.4 3.2 0.1
v -13.3 3.2 0.1
v -12.9 3.2 -0.2
v -12.8 3.2 -0.2
v -12.9 3.2 -0.3
v -12.8 3.2 -0.3
v -13.2 3.2 -0.4
v -13.1 3.2 -0.4
v -13.2 3.2 -0.5
v -13.1 3.2 -0.5
v -11.4 3.2 -0.6
v -11.3 3.2 -0.6
v -11.4 3.2 -0.7
v -11.3 3.2 -0.7
v -12.9 3.3 -0.4
v -12.8 3.3 -0.4
v -12.9 3.3 -0.5
v -12.8 3.3 -0.5
v -11 3.3 -0.5
v -10.9 3.3 -0.5
v -11 3.3 -0.6
v -10.9 3.3 -0.6
v -11.6 3.4 0.5
v -11.5 3.4 0.5
v -10.9 3.4 0.5
v -10.8 3.4 0.5
v -11.7 3.4 0.4
v -11.6 3.4 0.4
v -10.8 3.4 0.4
v -10.7 3.4 0.4
v -11.7 3.4 0.3
v -11.5 3.4 0.3
v -10.9 3.4 0.3
v -10.7 3.4 0.3
v -11.8 3.4 0.2
v -11.7 3.4 0.2
v -10.7 3.4 0.2
v -10.6 3.4 0.2
v -11.8 3.4 0.1
v -11.7 3.4 0.1
v -10.7 3.4 0.1
v -10.6 3.4 0.1
v -11.8 3.4 -0.1
v -11.7 3.4 -0.1
v -10.7 3.4 -0.1
v -10.6 3.4 -0.1
v -11.8 3.4 -0.2
v -11.7 3.4 -0.2
v -10.7 3.4 -0.2
v -10.6 3.4 -0.2
v -11.7 3.4 -0.3
v -11.5 3.4 -0.3
v -10.9 3.4 -0.3
v -10.7 3.4 -0.3
v -11.7 3.4 -0.4
v -11.6 3.4 -0.4
v -10.8 3.4 -0.4
v -10.7 3.4 -0.4
v -11.6 3.4 -0.5
v -11.5 3.4 -0.5
v -10.9 3.4 -0.5
v -10.8 3.4 -0.5
v -13 3.5 0.5
v -12.9 3.5 0.5
v -13 3.5 0.4
v -12.9 3.5 0.4
v -11.8 3.5 0.3
v -11.7 3.5 0.3
v -11.8 3.5 0.2
v -11.7 3.5 0.2
v -12.9 3.5 -0.4
v -12.8 3.5 -0.4
v -12.9 3.5 -0.5
v -12.8 3.5 -0.5
v -11.5 3.6 0.6
v -11.4 3.6 0.6
v -11 3.6 0.6
v -10.9 3.6 0.6
v -11.5 3.6 0.5
v -11.4 3.6 0.5
v -11 3.6 0.5
v -10.9 3.6 0.5
v -10.8 3.6 0.5
v -10.7 3.6 0.5
v -10.8 3.6 0.4
v -10.7 3.6 0.4
v -13.4 3.6 -5.96046e-08
v -13.3 3.6 -5.96046e-08
v -13.4 3.6 -0.1
v -13.3 3.6 -0.1
v -11.4 3.7 0.6
v -11.3 3.7 0.6
v -11.1 3.7 0.6
v -11 3.7 0.6
v -11.4 3.7 0.5
v -11.3 3.7 0.5
v -11.1 3.7 0.5
v -11 3.7 0.5
v -13.1 3.7 -0.4
v -13 3.7 -0.4
v -13.1 3.7 -0.5
v -13 3.7 -0.5
v -11.5 3.7 -0.5
v -11.4 3.7 -0.5
v -11.3 3.7 -0.5
v -11.1 3.7 -0.5
v -11 3.7 -0.5
v -11.5 3.7 -0.6
v -11.4 3.7 -0.6
v -11.3 3.7 -0.6
v -11.1 3.7 -0.6
v -11 3.7 -0.6
v -11.3 3.8 0.7
v -11.2 3.8 0.7
v -11.3 3.8 0.6
v -11.2 3.8 0.6
v -12.9 3.8 0.5
v -12.8 3.8 0.5
v -11.6 3.8 0.5
v -11.5 3.8 0.5
v -10.9 3.8 0.5
v -10.8 3.8 0.5
v -12.9 3.8 0.4
v -12.8 3.8 0.4
v -11.7 3.8 0.4
v -11.6 3.8 0.4
v -11.5 3.8 0.4
v -10.9 3.8 0.4
v -10.8 3.8 0.4
v -10.7 3.8 0.4
v -11.7 3.8 0.3
v -11.6 3.8 0.3
v -10.8 3.8 0.3
v -10.7 3.8 0.3
v -10.6 3.8 -5.96046e-08
v -10.5 3.8 -5.96046e-08
v -10.6 3.8 -0.1
v -10.5 3.8 -0.1
v -13.3 3.8 -0.2
v -13.2 3.8 -0.2
v -13.3 3.8 -0.3
v -13.2 3.8 -0.3
v -11.7 3.8 -0.3
v -11.6 3.8 -0.3
v -10.8 3.8 -0.3
v -10.7 3.8 -0.3
v -12.7 3.8 -0.4
v -12.6 3.8 -0.4
v -11.7 3.8 -0.4
v -11.6 3.8 -0.4
v -11.5 3.8 -0.4
v -10.9 3.8 -0.4
v -10.8 3.8 -0.4
v -10.7 3.8 -0.4
v -12.7 3.8 -0.5
v -12.6 3.8 -0.5
v -11.6 3.8 -0.5
v -11.5 3.8 -0.5
v -10.9 3.8 -0.5
v -10.8 3.8 -0.5
v -11.2 3.8 -0.6
v -11.1 3.8 -0.6
v -11.2 3.8 -0.7
v -11.1 3.8 -0.7
v -13.1 3.9 0.5
v -13 3.9 0.5
v -13.1 3.9 0.4
v -13 3.9 0.4
v -11.8 3.9 0.3
v -11.7 3.9 0.3
v -11.8 3.9 0.2
v -11.7 3.9 0.2
v -13 3.9 -0.4
v -12.9 3.9 -0.4
v -13 3.9 -0.5
v -12.9 3.9 -0.5
v -11.1 4 0.7
v -11 4 0.7
v -11.1 4 0.6
v -11 4 0.6
v -10.7 4 0.4
v -10.6 4 0.4
v -13.3 4 0.3
v -13.2 4 0.3
v -10.7 4 0.3
v -10.6 4 0.3
v -13.3 4 0.2
v -13.2 4 0.2
v -13.4 4 -0.1
v -13.3 4 -0.1
v -13.4 4 -0.2
v -13.3 4 -0.2
v -11.6 4.1 0.6
v -11.5 4.1 0.6
v -11.6 4.1 0.5
v -11.5 4.1 0.5
v -11.8 4.1 0.3
v -11.7 4.1 0.3
v -10.7 4.1 0.3
v -10.6 4.1 0.3
v -11.8 4.1 0.2
v -11.7 4.1 0.2
v -10.7 4.1 0.2
v -10.6 4.1 0.2
v -10.6 4.1 0.1
v -10.5 4.1 0.1
v -10.6 4.1 -5.96046e-08
v -10.5 4.1 -5.96046e-08
v -11.8 4.1 -0.2
v -11.7 4.1 -0.2
v -10.7 4.1 -0.2
v -10.6 4.1 -0.2
v -11.8 4.1 -0.3
v -11.7 4.1 -0.3
v -10.7 4.1 -0.3
v -10.6 4.1 -0.3
v -11 4.1 -0.5
v -10.9 4.1 -0.5
v -11 4.1 -0.6
v -10.9 4.1 -0.6
v -11.3 4.2 0.7
v -11.2 4.2 0.7
v -11.4 4.2 0.6
v -11.3 4.2 0.6
v -11.2 4.2 0.6
v -11.1 4.2 0.6
v -11 4.2 0.6
v -11.4 4.2 0.5
v -11.3 4.2 0.5
v -11.1 4.2 0.5
v -11 4.2 0.5
v -10.7 4.2 -0.3
v -10.6 4.2 -0.3
v -10.7 4.2 -0.4
v -10.6 4.2 -0.4
v -11.1 4.2 -0.5
v -11 4.2 -0.5
v -11.1 4.2 -0.6
v -11 4.2 -0.6
v -10.6 4.4 -5.96046e-08
v -10.5 4.4 -5.96046e-08
v -10.6 4.4 -0.1
v -10.5 4.4 -0.1
v -11.1 0.2 0.7
v -11 0.2 0.7
v -11.1 0.2 0.6
v -11 0.2 0.6
v -11.9 0.2 0.2
v -11.8 0.2 0.2
v -11.7 0.2 0.2
v -10.7 0.2 0.2
v -10.6 0.2 0.2
v -11.9 0.2 0.1
v -11.8 0.2 0.1
v -11.7 0.2 0.1
v -10.7 0.2 0.1
v -10.6 0.2 0.1
v -11.8 0.2 -0.1
v -11.7 0.2 -0.1
v -10.7 0.2 -0.1
v -10.6 0.2 -0.1
v -11.8 0.2 -0.2
v -11.7 0.2 -0.2
v -10.7 0.2 -0.2
v -10.6 0.2 -0.2
v -11.7 0.3 0.4
v -11.6 0.3 0.4
v -10.8 0.3 0.4
v -10.7 0.3 0.4
v -11.7 0.3 0.3
v -11.6 0.3 0.3
v -10.8 0.3 0.3
v -10.7 0.3 0.3
v -10.8 0.3 -0.3
v -10.7 0.3 -0.3
v -10.8 0.3 -0.4
v -10.7 0.3 -0.4
v -11.4 0.3 -0.6
v -11.3 0.3 -0.6
v -11.4 0.3 -0.7
v -11.3 0.3 -0.7
v -11.6 0.4 0.5
v -11.5 0.4 0.5
v -11.6 0.4 0.4
v -11.5 0.4 0.4
v -10.9 0.4 0.4
v -10.8 0.4 0.4
v -11.6 0.4 0.3
v -11.5 0.4 0.3
v -10.9 0.4 0.3
v -10.8 0.4 0.3
v -11.7 0.4 -0.3
v -11.6 0.4 -0.3
v -11.5 0.4 -0.3
v -10.9 0.4 -0.3
v -10.8 0.4 -0.3
v -11.7 0.4 -0.4
v -11.6 0.4 -0.4
v -11.5 0.4 -0.4
v -10.9 0.4 -0.4
v -10.8 0.4 -0.4
v -11.1 0.5 -0.6
v -11 0.5 -0.6
v -11.1 0.5 -0.7
v -11 0.5 -0.7
v -11.5 0.6 0.6
v -11.4 0.6 0.6
v -11 0.6 0.6
v -10.9 0.6 0.6
v -11.5 0.6 0.5
v -11.4 0.6 0.5
v -11 0.6 0.5
v -10.9 0.6 0.5
v -10.6 0.6 0.2
v -10.5 0.6 0.2
v -11.9 0.6 0.1
v -11.8 0.6 0.1
v -10.6 0.6 0.1
v -10.5 0.6 0.1
v -11.9 0.6 -5.96046e-08
v -11.8 0.6 -5.96046e-08
v -11.5 0.6 -0.5
v -11.4 0.6 -0.5
v -11 0.6 -0.5
v -10.9 0.6 -0.5
v -11.5 0.6 -0.6
v -11.4 0.6 -0.6
v -11 0.6 -0.6
v -10.9 0.6 -0.6
v -11.3 0.7 0.7
v -11.2 0.7 0.7
v -11.3 0.7 0.6
v -11.2 0.7 0.6
v -11 0.8 0.6
v -10.9 0.8 0.6
v -11 0.8 0.5
v -10.9 0.8 0.5
v -11.5 0.8 -0.5
v -11.4 0.8 -0.5
v -11.5 0.8 -0.6
v -11.4 0.8 -0.6
v -11.1 0.9 -0.6
v -11 0.9 -0.6
v -11.1 0.9 -0.7
v -11 0.9 -0.7
v -11.8 1 0.3
v -11.7 1 0.3
v -10.7 1 0.3
v -10.6 1 0.3
v -11.8 1 0.2
v -11.7 1 0.2
v -10.7 1 0.2
v -10.6 1 0.2
v -11.9 1 -5.96046e-08
v -11.8 1 -5.96046e-08
v -11.9 1 -0.1
v -11.8 1 -0.1
v -11.8 1 -0.2
v -11.7 1 -0.2
v -10.7 1 -0.2
v -10.6 1 -0.2
v -10.5 1 -0.2
v -11.8 1 -0.3
v -11.7 1 -0.3
v -10.7 1 -0.3
v -10.6 1 -0.3
v -10.5 1 -0.3
v -11.6 1.1 0.5
v -11.5 1.1 0.5
v -10.9 1.1 0.5
v -10.8 1.1 0.5
v -11.6 1.1 0.4
v -11.5 1.1 0.4
v -10.9 1.1 0.4
v -10.8 1.1 0.4
v -10.9 1.1 -0.4
v -10.8 1.1 -0.4
v -10.9 1.1 -0.5
v -10.8 1.1 -0.5
v -11.6 1.2 0.6
v -11.5 1.2 0.6
v -11.4 1.2 0.6
v -11 1.2 0.6
v -10.9 1.2 0.6
v -11.6 1.2 0.5
v -11.5 1.2 0.5
v -11.4 1.2 0.5
v -11 1.2 0.5
v -10.9 1.2 0.5
v -11.5 1.2 -0.5
v -11.4 1.2 -0.5
v -11 1.2 -0.5
v -10.9 1.2 -0.5
v -11.5 1.2 -0.6
v -11.4 1.2 -0.6
v -11 1.2 -0.6
v -10.9 1.2 -0.6
v -10.8 1.3 0.5
v -10.7 1.3 0.5
v -10.8 1.3 0.4
v -10.7 1.3 0.4
v -11.8 1.3 0.3
v -11.7 1.3 0.3
v -10.7 1.3 0.3
v -10.6 1.3 0.3
v -11.8 1.3 0.2
v -11.7 1.3 0.2
v -10.7 1.3 0.2
v -10.6 1.3 0.2
v -11.9 1.3 0.1
v -11.8 1.3 0.1
v -11.9 1.3 -5.96046e-08
v -11.8 1.3 -5.96046e-08
v -11.8 1.3 -0.2
v -11.7 1.3 -0.2
v -10.7 1.3 -0.2
v -10.6 1.3 -0.2
v -11.8 1.3 -0.3
v -11.7 1.3 -0.3
v -10.7 1.3 -0.3
v -10.6 1.3 -0.3
v -11.3 1.4 0.7
v -11.2 1.4 0.7
v -11.3 1.4 0.6
v -11.2 1.4 0.6
v -11.2 1.4 -0.6
v -11.1 1.4 -0.6
v -11.2 1.4 -0.7
v -11.1 1.4 -0.7
v -11.7 1.5 -0.4
v -11.6 1.5 -0.4
v -11.7 1.5 -0.5
v -11.6 1.5 -0.5
v -11.5 1.6 0.6
v -11.4 1.6 0.6
v -11 1.6 0.6
v -10.9 1.6 0.6
v -11.7 1.6 0.5
v -11.6 1.6 0.5
v -11.5 1.6 0.5
v -11.4 1.6 0.5
v -11 1.6 0.5
v -10.9 1.6 0.5
v -11.7 1.6 0.4
v -11.6 1.6 0.4
v -11.9 1.7 0.2
v -11.8 1.7 0.2
v -11.9 1.7 0.1
v -11.8 1.7 0.1
v -11.5 1.7 -0.5
v -11.4 1.7 -0.5
v -11 1.7 -0.5
v -10.9 1.7 -0.5
v -11.5 1.7 -0.6
v -11.4 1.7 -0.6
v -11 1.7 -0.6
v -10.9 1.7 -0.6
v -10.7 1.8 0.4
v -10.6 1.8 0.4
v -10.7 1.8 0.3
v -10.6 1.8 0.3
v -10.4 1.8 0.2
v -10.3 1.8 0.2
v -10.4 1.8 0.1
v -10.3 1.8 0.1
v -11.3 1.9 0.7
v -11.2 1.9 0.7
v -11.5 1.9 0.6
v -11.4 1.9 0.6
v -11.3 1.9 0.6
v -11.2 1.9 0.6
v -11.1 1.9 0.6
v -11 1.9 0.6
v -10.9 1.9 0.6
v -10.8 1.9 0.6
v -11.5 1.9 0.5
v -11.4 1.9 0.5
v -11.3 1.9 0.5
v -11.1 1.9 0.5
v -11 1.9 0.5
v -10.9 1.9 0.5
v -10.8 1.9 0.5
v -11.8 1.9 0.3
v -11.7 1.9 0.3
v -11.8 1.9 0.2
v -11.7 1.9 0.2
v -11.9 1.9 0.1
v -11.8 1.9 0.1
v -11.9 1.9 -5.96046e-08
v -11.8 1.9 -5.96046e-08
v -11.8 1.9 -0.2
v -11.7 1.9 -0.2
v -11.8 1.9 -0.3
v -11.7 1.9 -0.3
v -11.8 1.9 -0.4
v -11.7 1.9 -0.4
v -11.4 1.9 -0.5
v -11.3 1.9 -0.5
v -11.1 1.9 -0.5
v -11 1.9 -0.5
v -11.4 1.9 -0.6
v -11.3 1.9 -0.6
v -11.1 1.9 -0.6
v -11 1.9 -0.6
v -11.7 2 0.4
v -11.6 2 0.4
v -10.8 2 0.4
v -10.7 2 0.4
v -10.2 2 0.4
v -10.1 2 0.4
v -11.7 2 0.3
v -11.6 2 0.3
v -10.8 2 0.3
v -10.7 2 0.3
v -10.2 2 0.3
v -10.1 2 0.3
v -11.7 2 -0.3
v -11.6 2 -0.3
v -10.8 2 -0.3
v -10.7 2 -0.3
v -10.4 2 -0.3
v -10.3 2 -0.3
v -11.7 2 -0.4
v -11.6 2 -0.4
v -10.8 2 -0.4
v -10.7 2 -0.4
v -10.4 2 -0.4
v -10.3 2 -0.4
v -10.6 2.1 0.3
v -10.5 2.1 0.3
v -10.6 2.1 0.1
v -10.5 2.1 0.1
v -10.6 2.1 -0.2
v -10.5 2.1 -0.2
v -10.6 2.1 -0.3
v -10.5 2.1 -0.3
v -9.9 2.1 -0.3
v -9.8 2.1 -0.3
v -9.9 2.1 -0.4
v -9.8 2.1 -0.4
v -11.6 2.2 0.6
v -11.5 2.2 0.6
v -11.4 2.2 0.6
v -11 2.2 0.6
v -10.9 2.2 0.6
v -11.6 2.2 0.5
v -11.5 2.2 0.5
v -11.4 2.2 0.5
v -11 2.2 0.5
v -10.9 2.2 0.5
v -11.8 2.2 0.3
v -11.7 2.2 0.3
v -10.4 2.2 0.3
v -10.3 2.2 0.3
v -10.7 2.2 0.2
v -10.6 2.2 0.2
v -9.9 2.2 0.2
v -9.8 2.2 0.2
v -11.8 2.2 0.1
v -11.7 2.2 0.1
v -10.7 2.2 0.1
v -10.6 2.2 0.1
v -10.4 2.2 0.1
v -10.3 2.2 0.1
v -9.9 2.2 0.1
v -9.8 2.2 0.1
v -11.8 2.2 -0.1
v -11.7 2.2 -0.1
v -10.7 2.2 -0.2
v -10.6 2.2 -0.2
v -10.4 2.2 -0.2
v -10.3 2.2 -0.2
v -11.8 2.2 -0.3
v -11.7 2.2 -0.3
v -10.7 2.2 -0.3
v -10.6 2.2 -0.3
v -10.4 2.2 -0.3
v -10.3 2.2 -0.3
v -11.5 2.2 -0.5
v -11.4 2.2 -0.5
v -11 2.2 -0.5
v -10.9 2.2 -0.5
v -11.5 2.2 -0.6
v -11.4 2.2 -0.6
v -11.3 2.2 -0.6
v -11.2 2.2 -0.6
v -11 2.2 -0.6
v -10.9 2.2 -0.6
v -11.3 2.2 -0.7
v -11.2 2.2 -0.7
v -11.7 2.3 0.4
v -11.6 2.3 0.4
v -10.8 2.3 0.4
v -10.7 2.3 0.4
v -10 2.3 0.4
v -9.9 2.3 0.4
v -10.7 2.3 0.3
v -10.6 2.3 0.3
v -10.5 2.3 0.3
v -10.4 2.3 0.3
v -10.3 2.3 0.3
v -10.1 2.3 0.3
v -10 2.3 0.3
v -9.9 2.3 0.3
v -11.7 2.3 0.2
v -11.6 2.3 0.2
v -10.8 2.3 0.2
v -10.7 2.3 0.2
v -10.6 2.3 0.2
v -10.6 2.3 0.1
v -10.5 2.3 0.1
v -10.4 2.3 0.1
v -10.3 2.3 0.1
v -10.1 2.3 0.1
v -10.7 2.3 -0.1
v -10.6 2.3 -0.1
v -10.5 2.3 -0.1
v -10.4 2.3 -0.1
v -11.7 2.3 -0.2
v -11.6 2.3 -0.2
v -10.8 2.3 -0.2
v -10.7 2.3 -0.2
v -10.5 2.3 -0.2
v -10.4 2.3 -0.2
v -10.3 2.3 -0.2
v -10.1 2.3 -0.2
v -10.5 2.3 -0.3
v -10.4 2.3 -0.3
v -10.3 2.3 -0.3
v -10.1 2.3 -0.3
v -11.7 2.3 -0.4
v -11.6 2.3 -0.4
v -10.8 2.3 -0.4
v -10.7 2.3 -0.4
v -10.9 2.3 -0.5
v -10.8 2.3 -0.5
v -10.9 2.3 -0.6
v -10.8 2.3 -0.6
v -11.2 2.4 0.7
v -11.1 2.4 0.7
v -11.2 2.4 0.6
v -11.1 2.4 0.6
v -9.6 2.4 0.2
v -9.5 2.4 0.2
v -10.4 2.4 0.1
v -10.3 2.4 0.1
v -9.6 2.4 0.1
v -9.5 2.4 0.1
v -10.5 2.4 -0.1
v -10.4 2.4 -0.1
v -10.5 2.4 -0.2
v -10.4 2.4 -0.2
v -10.3 2.4 -0.2
v -9.6 2.4 -0.2
v -9.5 2.4 -0.2
v -9.6 2.4 -0.3
v -9.5 2.4 -0.3
v -11.5 2.5 0.6
v -11.4 2.5 0.6
v -11 2.5 0.6
v -10.9 2.5 0.6
v -11.5 2.5 0.5
v -11.4 2.5 0.5
v -11 2.5 0.5
v -10.9 2.5 0.5
v -10.1 2.5 0.4
v -10 2.5 0.4
v -10.1 2.5 0.3
v -10 2.5 0.3
v -10.3 2.5 0.1
v -10.2 2.5 0.1
v -9.5 2.5 -0.1
v -9.4 2.5 -0.1
v -10.3 2.5 -0.2
v -10.2 2.5 -0.2
v -9.5 2.5 -0.2
v -9.4 2.5 -0.2
v -10 2.5 -0.3
v -9.9 2.5 -0.3
v -10 2.5 -0.4
v -9.9 2.5 -0.4
v -11.5 2.5 -0.5
v -11.4 2.5 -0.5
v -11 2.5 -0.5
v -10.9 2.5 -0.5
v -11.5 2.5 -0.6
v -11.4 2.5 -0.6
v -11 2.5 -0.6
v -10.9 2.5 -0.6
v -9.7 2.6 0.3
v -9.6 2.6 0.3
v -9.7 2.6 0.2
v -9.6 2.6 0.2
v -10.2 2.6 0.1
v -10.1 2.6 0.1
v -10.2 2.6 -0.2
v -10.1 2.6 -0.2
v -11.4 2.6 -0.6
v -11.3 2.6 -0.6
v -11.4 2.6 -0.7
v -11.3 2.6 -0.7
v -11 2.7 0.6
v -10.9 2.7 0.6
v -11 2.7 0.5
v -10.9 2.7 0.5
v -11.7 2.7 0.4
v -11.6 2.7 0.4
v -10.8 2.7 0.4
v -10.7 2.7 0.4
v -10 2.7 0.4
v -9.9 2.7 0.4
v -12.7 2.7 0.3
v -12.6 2.7 0.3
v -11.8 2.7 0.3
v -11.7 2.7 0.3
v -11.6 2.7 0.3
v -10.8 2.7 0.3
v -10.7 2.7 0.3
v -10.6 2.7 0.3
v -10 2.7 0.3
v -9.9 2.7 0.3
v -12.7 2.7 0.2
v -12.6 2.7 0.2
v -11.8 2.7 0.2
v -11.7 2.7 0.2
v -10.7 2.7 0.2
v -10.6 2.7 0.2
v -12.3 2.7 -0.2
v -12.2 2.7 -0.2
v -11.8 2.7 -0.2
v -11.7 2.7 -0.2
v -10.7 2.7 -0.2
v -10.6 2.7 -0.2
v -12.3 2.7 -0.3
v -12.2 2.7 -0.3
v -11.8 2.7 -0.3
v -11.7 2.7 -0.3
v -11.6 2.7 -0.3
v -10.7 2.7 -0.3
v -10.6 2.7 -0.3
v -10 2.7 -0.3
v -9.9 2.7 -0.3
v -11.7 2.7 -0.4
v -11.6 2.7 -0.4
v -10 2.7 -0.4
v -9.9 2.7 -0.4
v -11.3 2.8 0.7
v -11.2 2.8 0.7
v -11.3 2.8 0.6
v -11.2 2.8 0.6
v -12.2 2.8 0.5
v -12.1 2.8 0.5
v -12.2 2.8 0.4
v -12.1 2.8 0.4
v -9.7 2.8 0.3
v -9.6 2.8 0.3
v -9.7 2.8 0.2
v -9.6 2.8 0.2
v -9.5 2.8 -5.96046e-08
v -9.4 2.8 -5.96046e-08
v -9.5 2.8 -0.1
v -9.4 2.8 -0.1
v -10.8 2.8 -0.3
v -10.7 2.8 -0.3
v -10.8 2.8 -0.4
v -10.7 2.8 -0.4
v -12.1 2.9 0.4
v -12 2.9 0.4
v -11.9 2.9 0.4
v -11.7 2.9 0.4
v -12.1 2.9 0.3
v -12 2.9 0.3
v -11.8 2.9 0.3
v -11.7 2.9 0.3
v -11.9 2.9 0.2
v -11.8 2.9 0.2
v -11.7 2.9 0.2
v -10.7 2.9 0.2
v -10.6 2.9 0.2
v -11.8 2.9 0.1
v -11.7 2.9 0.1
v -10.7 2.9 0.1
v -10.6 2.9 0.1
v -11.8 2.9 -0.1
v -11.7 2.9 -0.1
v -10.7 2.9 -0.1
v -10.6 2.9 -0.1
v -12.1 2.9 -0.2
v -12 2.9 -0.2
v -11.9 2.9 -0.2
v -11.8 2.9 -0.2
v -11.7 2.9 -0.2
v -10.7 2.9 -0.2
v -10.6 2.9 -0.2
v -9.6 2.9 -0.2
v -9.5 2.9 -0.2
v -11.8 2.9 -0.3
v -11.7 2.9 -0.3
v -9.6 2.9 -0.3
v -9.5 2.9 -0.3
v -12.2 2.9 -0.4
v -12.1 2.9 -0.4
v -12 2.9 -0.4
v -11.9 2.9 -0.4
v -11.7 2.9 -0.4
v -12.2 2.9 -0.5
v -12.1 2.9 -0.5
v -11.1 2.9 -0.6
v -11 2.9 -0.6
v -11.1 2.9 -0.7
v -11 2.9 -0.7
v -12 3 0.4
v -11.9 3 0.4
v -11.7 3 0.4
v -11.6 3 0.4
v -10.8 3 0.4
v -10.7 3 0.4
v -12.1 3 0.3
v -12 3 0.3
v -11.7 3 0.3
v -11.6 3 0.3
v -10.8 3 0.3
v -10.7 3 0.3
v -12.1 3 0.2
v -11.9 3 0.2
v -12 3 -0.2
v -11.9 3 -0.2
v -11.7 3 -0.3
v -11.6 3 -0.3
v -10.8 3 -0.3
v -10.7 3 -0.3
v -12.4 3 -0.4
v -12.3 3 -0.4
v -12 3 -0.4
v -11.9 3 -0.4
v -11.7 3 -0.4
v -11.6 3 -0.4
v -10.8 3 -0.4
v -10.7 3 -0.4
v -12.4 3 -0.5
v -12.3 3 -0.5
v -11.5 3.1 0.7
v -11.4 3.1 0.7
v -11.5 3.1 0.6
v -11.4 3.1 0.6
v -12.8 3.1 0.5
v -12.7 3.1 0.5
v -12.3 3.1 0.5
v -12.2 3.1 0.5
v -12.8 3.1 0.4
v -12.7 3.1 0.4
v -12.3 3.1 0.4
v -12.2 3.1 0.4
v -9.9 3.1 0.4
v -9.8 3.1 0.4
v -9.9 3.1 0.3
v -9.8 3.1 0.3
v -12.3 3.1 0.2
v -12.2 3.1 0.2
v -12.1 3.1 0.2
v -12 3.1 0.2
v -10.7 3.1 0.2
v -10.6 3.1 0.2
v -10.7 3.1 0.1
v -10.6 3.1 0.1
v -9.5 3.1 0.1
v -9.4 3.1 0.1
v -9.5 3.1 -5.96046e-08
v -9.4 3.1 -5.96046e-08
v -12.9 3.1 -0.2
v -12.8 3.1 -0.2
v -12.3 3.1 -0.2
v -12.2 3.1 -0.2
v -12.1 3.1 -0.2
v -12 3.1 -0.2
v -12.9 3.1 -0.3
v -12.8 3.1 -0.3
v -12.3 3.1 -0.4
v -12.2 3.1 -0.4
v -11.5 3.2 0.6
v -11.4 3.2 0.6
v -11 3.2 0.6
v -10.9 3.2 0.6
v -12.6 3.2 0.5
v -12.5 3.2 0.5
v -11.6 3.2 0.5
v -11.5 3.2 0.5
v -11.4 3.2 0.5
v -11 3.2 0.5
v -10.9 3.2 0.5
v -10.8 3.2 0.5
v -12.6 3.2 0.4
v -12.5 3.2 0.4
v -12.3 3.2 0.4
v -12.2 3.2 0.4
v -12.1 3.2 0.4
v -11.6 3.2 0.3
v -11.5 3.2 0.3
v -10.9 3.2 0.3
v -10.8 3.2 0.3
v -12.6 3.2 0.2
v -12.3 3.2 0.2
v -12.2 3.2 0.2
v -12 3.2 0.2
v -11.8 3.2 0.2
v -11.8 3.2 0.1
v -11.8 3.2 -0.1
v -12.6 3.2 -0.2
v -12.3 3.2 -0.2
v -12.2 3.2 -0.2
v -12 3.2 -0.2
v -11.8 3.2 -0.2
v -11.6 3.2 -0.3
v -11.5 3.2 -0.3
v -10.9 3.2 -0.3
v -10.8 3.2 -0.3
v -9.8 3.2 -0.3
v -9.7 3.2 -0.3
v -12.8 3.2 -0.4
v -12.7 3.2 -0.4
v -12.6 3.2 -0.4
v -12.4 3.2 -0.4
v -12.3 3.2 -0.4
v -12.2 3.2 -0.4
v -12.1 3.2 -0.4
v -9.8 3.2 -0.4
v -9.7 3.2 -0.4
v -12.8 3.2 -0.5
v -12.7 3.2 -0.5
v -12.4 3.2 -0.5
v -12.3 3.2 -0.5
v -11.6 3.2 -0.5
v -11.5 3.2 -0.5
v -11.4 3.2 -0.5
v -11 3.2 -0.5
v -10.9 3.2 -0.5
v -10.8 3.2 -0.5
v -11.5 3.2 -0.6
v -11.4 3.2 -0.6
v -11 3.2 -0.6
v -10.9 3.2 -0.6
v -11.2 3.3 0.7
v -11.1 3.3 0.7
v -11.2 3.3 0.6
v -11.1 3.3 0.6
v -12.7 3.3 0.4
v -12.6 3.3 0.4
v -13.3 3.3 0.3
v -13.2 3.3 0.3
v -12.7 3.3 0.3
v -12.6 3.3 0.3
v -10.1 3.3 0.3
v -9.9 3.3 0.3
v -13.4 3.3 0.2
v -13.3 3.3 0.2
v -13.2 3.3 0.2
v -12.3 3.3 0.2
v -12.2 3.3 0.2
v -10.1 3.3 0.2
v -9.9 3.3 0.2
v -9.7 3.3 0.2
v -9.6 3.3 0.2
v -13.4 3.3 0.1
v -13.3 3.3 0.1
v -9.7 3.3 0.1
v -9.6 3.3 0.1
v -9.6 3.3 -0.1
v -9.5 3.3 -0.1
v -13.3 3.3 -0.2
v -13.2 3.3 -0.2
v -12.3 3.3 -0.2
v -12.2 3.3 -0.2
v -9.6 3.3 -0.2
v -9.5 3.3 -0.2
v -13.3 3.3 -0.3
v -13.2 3.3 -0.3
v -13.2 3.3 -0.4
v -13.1 3.3 -0.4
v -13.2 3.3 -0.5
v -13.1 3.3 -0.5
v -11.4 3.3 -0.6
v -11.3 3.3 -0.6
v -11.4 3.3 -0.7
v -11.3 3.3 -0.7
v -11.4 3.4 0.6
v -11.3 3.4 0.6
v -11.1 3.4 0.6
v -11 3.4 0.6
v -11.4 3.4 0.5
v -11.3 3.4 0.5
v -11.1 3.4 0.5
v -11 3.4 0.5
v -9.9 3.4 0.3
v -9.7 3.4 0.3
v -12.4 3.4 0.2
v -12.3 3.4 0.2
v -10.1 3.4 0.2
v -9.9 3.4 0.2
v -9.8 3.4 0.2
v -9.7 3.4 0.2
v -10.1 3.4 0.1
v -9.8 3.4 0.1
v -9.6 3.4 0.1
v -9.5 3.4 0.1
v -9.7 3.4 -0.1
v -9.6 3.4 -0.1
v -9.5 3.4 -0.1
v -12.4 3.4 -0.2
v -12.3 3.4 -0.2
v -10.1 3.4 -0.2
v -10 3.4 -0.2
v -10.1 3.4 -0.3
v -10 3.4 -0.3
v -9.7 3.4 -0.3
v -9.6 3.4 -0.3
v -12.9 3.4 -0.4
v -12.8 3.4 -0.4
v -12.9 3.4 -0.5
v -12.8 3.4 -0.5
v -11.4 3.4 -0.5
v -11.3 3.4 -0.5
v -11.1 3.4 -0.5
v -11 3.4 -0.5
v -10.9 3.4 -0.5
v -11.4 3.4 -0.6
v -11.3 3.4 -0.6
v -11.1 3.4 -0.6
v -11 3.4 -0.6
v -10.9 3.4 -0.6
v -13.2 3.5 0.4
v -13.1 3.5 0.4
v -13.2 3.5 0.3
v -13.1 3.5 0.3
v -12.5 3.5 0.2
v -12.4 3.5 0.2
v -9.8 3.5 0.2
v -9.7 3.5 0.2
v -10.1 3.5 0.1
v -9.8 3.5 0.1
v -9.7 3.5 0.1
v -9.6 3.5 0.1
v -9.9 3.5 -5.96046e-08
v -9.8 3.5 -5.96046e-08
v -9.9 3.5 -0.1
v -9.8 3.5 -0.1
v -9.7 3.5 -0.1
v -9.6 3.5 -0.1
v -12.5 3.5 -0.2
v -12.4 3.5 -0.2
v -10.1 3.5 -0.2
v -10 3.5 -0.2
v -13.2 3.5 -0.3
v -13.1 3.5 -0.3
v -10 3.5 -0.3
v -9.7 3.5 -0.3
v -13.2 3.5 -0.4
v -13.1 3.5 -0.4
v -13 3.6 0.5
v -12.9 3.6 0.5
v -13 3.6 0.4
v -12.9 3.6 0.4
v -11.8 3.6 0.3
v -11.7 3.6 0.3
v -11.8 3.6 0.2
v -11.7 3.6 0.2
v -9.9 3.6 -5.96046e-08
v -9.8 3.6 -5.96046e-08
v -9.9 3.6 -0.1
v -9.8 3.6 -0.1
v -12.9 3.6 -0.4
v -12.8 3.6 -0.4
v -12.9 3.6 -0.5
v -12.8 3.6 -0.5
v -11.5 3.7 0.6
v -11.4 3.7 0.6
v -11 3.7 0.6
v -10.9 3.7 0.6
v -11.6 3.7 0.5
v -11.5 3.7 0.5
v -11.4 3.7 0.5
v -11 3.7 0.5
v -10.9 3.7 0.5
v -10.8 3.7 0.5
v -10.7 3.7 0.5
v -11.7 3.7 0.4
v -11.6 3.7 0.4
v -11.5 3.7 0.4
v -10.9 3.7 0.4
v -10.8 3.7 0.4
v -10.7 3.7 0.4
v -11.7 3.7 0.3
v -11.6 3.7 0.3
v -10.8 3.7 0.3
v -10.7 3.7 0.3
v -13.4 3.7 -5.96046e-08
v -13.3 3.7 -5.96046e-08
v -13.4 3.7 -0.1
v -13.3 3.7 -0.1
v -11.7 3.7 -0.3
v -11.6 3.7 -0.3
v -10.8 3.7 -0.3
v -10.7 3.7 -0.3
v -11.7 3.7 -0.4
v -11.6 3.7 -0.4
v -11.5 3.7 -0.4
v -10.9 3.7 -0.4
v -10.8 3.7 -0.4
v -10.7 3.7 -0.4
v -11.6 3.7 -0.5
v -11.5 3.7 -0.5
v -10.9 3.7 -0.5
v -10.8 3.7 -0.5
v -13.1 3.8 -0.4
v -13 3.8 -0.4
v -13.1 3.8 -0.5
v -13 3.8 -0.5
v -11.5 3.8 -0.5
v -11.4 3.8 -0.5
v -11.5 3.8 -0.6
v -11.4 3.8 -0.6
v -11.3 3.9 0.7
v -11.2 3.9 0.7
v -11.3 3.9 0.6
v -11.2 3.9 0.6
v -12.9 3.9 0.5
v -12.8 3.9 0.5
v -12.9 3.9 0.4
v -12.8 3.9 0.4
v -10.6 3.9 -5.96046e-08
v -10.5 3.9 -5.96046e-08
v -10.6 3.9 -0.1
v -10.5 3.9 -0.1
v -13.3 3.9 -0.2
v -13.2 3.9 -0.2
v -13.3 3.9 -0.3
v -13.2 3.9 -0.3
v -12.7 3.9 -0.4
v -12.6 3.9 -0.4
v -12.7 3.9 -0.5
v -12.6 3.9 -0.5
v -11.2 3.9 -0.6
v -11.1 3.9 -0.6
v -11.2 3.9 -0.7
v -11.1 3.9 -0.7
v -13.1 4 0.5
v -13 4 0.5
v -13.1 4 0.4
v -13 4 0.4
v -11.8 4 0.3
v -11.7 4 0.3
v -11.8 4 0.2
v -11.7 4 0.2
v -13 4 -0.4
v -12.9 4 -0.4
v -13 4 -0.5
v -12.9 4 -0.5
v -11.1 4.1 0.7
v -11 4.1 0.7
v -11.4 4.1 0.6
v -11.3 4.1 0.6
v -11.1 4.1 0.6
v -11 4.1 0.6
v -11.4 4.1 0.5
v -11.3 4.1 0.5
v -11.1 4.1 0.5
v -11 4.1 0.5
v -10.7 4.1 0.4
v -10.6 4.1 0.4
v -13.3 4.1 0.3
v -13.2 4.1 0.3
v -10.7 4.1 0.3
v -10.6 4.1 0.3
v -13.3 4.1 0.2
v -13.2 4.1 0.2
v -13.4 4.1 -0.1
v -13.3 4.1 -0.1
v -13.4 4.1 -0.2
v -13.3 4.1 -0.2
v -11.1 4.1 -0.5
v -11 4.1 -0.5
v -11.1 4.1 -0.6
v -11 4.1 -0.6
v -11.6 4.2 0.6
v -11.5 4.2 0.6
v -11.6 4.2 0.5
v -11.5 4.2 0.5
v -10.9 4.2 0.5
v -10.8 4.2 0.5
v -13.1 4.2 0.4
v -13 4.2 0.4
v -12.8 4.2 0.4
v -12.7 4.2 0.4
v -11.6 4.2 0.4
v -11.5 4.2 0.4
v -10.9 4.2 0.4
v -10.8 4.2 0.4
v -13.1 4.2 0.3
v -13 4.2 0.3
v -12.8 4.2 0.3
v -12.7 4.2 0.3
v -13.3 4.2 0.2
v -13.2 4.2 0.2
v -12.6 4.2 0.2
v -12.5 4.2 0.2
v -13.3 4.2 0.1
v -13.2 4.2 0.1
v -12.6 4.2 0.1
v -12.5 4.2 0.1
v -10.6 4.2 0.1
v -10.5 4.2 0.1
v -10.6 4.2 -5.96046e-08
v -10.5 4.2 -5.96046e-08
v -13.3 4.2 -0.1
v -13.2 4.2 -0.1
v -13.3 4.2 -0.2
v -13.2 4.2 -0.2
v -13.1 4.2 -0.2
v -13.2 4.2 -0.3
v -13.1 4.2 -0.3
v -12.8 4.2 -0.3
v -12.6 4.2 -0.3
v -12.8 4.2 -0.4
v -12.6 4.2 -0.4
v -11.6 4.2 -0.4
v -11.5 4.2 -0.4
v -10.9 4.2 -0.4
v -10.8 4.2 -0.4
v -11.6 4.2 -0.5
v -11.5 4.2 -0.5
v -11 4.2 -0.5
v -10.9 4.2 -0.5
v -10.8 4.2 -0.5
v -11 4.2 -0.6
v -10.9 4.2 -0.6
v -11.3 4.3 0.7
v -11.2 4.3 0.7
v -11.3 4.3 0.6
v -11.2 4.3 0.6
v -13 4.3 0.4
v -12.8 4.3 0.4
v -11.7 4.3 0.4
v -11.6 4.3 0.4
v -10.8 4.3 0.4
v -10.7 4.3 0.4
v -13.2 4.3 0.3
v -13 4.3 0.3
v -12.8 4.3 0.3
v -12.7 4.3 0.3
v -12.6 4.3 0.3
v -11.8 4.3 0.3
v -11.7 4.3 0.3
v -11.6 4.3 0.3
v -10.8 4.3 0.3
v -10.7 4.3 0.3
v -10.6 4.3 0.3
v -13.1 4.3 0.2
v -13 4.3 0.2
v -12.7 4.3 0.2
v -12.6 4.3 0.2
v -11.8 4.3 0.2
v -11.7 4.3 0.2
v -10.7 4.3 0.2
v -10.6 4.3 0.2
v -13.3 4.3 0.1
v -13.2 4.3 0.1
v -13.1 4.3 0.1
v -12.6 4.3 0.1
v -12.5 4.3 0.1
v -13.3 4.3 -0.1
v -13.2 4.3 -0.1
v -12.7 4.3 -0.1
v -12.6 4.3 -0.1
v -12.9 4.3 -0.2
v -12.8 4.3 -0.2
v -12.7 4.3 -0.2
v -12.6 4.3 -0.2
v -12.5 4.3 -0.2
v -11.8 4.3 -0.2
v -11.7 4.3 -0.2
v -10.7 4.3 -0.2
v -10.6 4.3 -0.2
v -13.1 4.3 -0.3
v -13 4.3 -0.3
v -12.9 4.3 -0.3
v -12.8 4.3 -0.3
v -12.7 4.3 -0.3
v -12.6 4.3 -0.3
v -11.8 4.3 -0.3
v -11.7 4.3 -0.3
v -10.8 4.3 -0.3
v -10.7 4.3 -0.3
v -10.6 4.3 -0.3
v -13.1 4.3 -0.4
v -13 4.3 -0.4
v -12.8 4.3 -0.4
v -10.8 4.3 -0.4
v -10.7 4.3 -0.4
v -10.6 4.3 -0.4
v -13 4.4 0.3
v -12.7 4.4 0.3
v -13.1 4.4 0.2
v -13 4.4 0.2
v -12.7 4.4 0.2
v -12.6 4.4 0.2
v -13.2 4.4 0.1
v -13.1 4.4 0.1
v -13 4.4 -5.96046e-08
v -12.9 4.4 -5.96046e-08
v -13 4.4 -0.1
v -12.9 4.4 -0.1
v -12.7 4.4 -0.1
v -12.6 4.4 -0.1
v -13.2 4.4 -0.2
v -13.1 4.4 -0.2
v -12.9 4.4 -0.2
v -12.8 4.4 -0.2
v -12.7 4.4 -0.2
v -13.1 4.4 -0.3
v -12.9 4.4 -0.3
v -12.8 4.4 -0.3
v -12.7 4.4 -0.3
v -11.7 4.4 -0.3
v -11.6 4.4 -0.3
v -11.7 4.4 -0.4
v -11.6 4.4 -0.4
v -11.4 4.5 0.6
v -11.3 4.5 0.6
v -11.1 4.5 0.6
v -11 4.5 0.6
v -11.5 4.5 0.5
v -11.4 4.5 0.5
v -11.3 4.5 0.5
v -11.1 4.5 0.5
v -11 4.5 0.5
v -10.9 4.5 0.5
v -11.6 4.5 0.4
v -11.5 4.5 0.4
v -11.4 4.5 0.4
v -11 4.5 0.4
v -10.9 4.5 0.4
v -11.7 4.5 0.3
v -11.6 4.5 0.3
v -11.5 4.5 0.3
v -10.8 4.5 0.3
v -10.7 4.5 0.3
v -11.8 4.5 0.2
v -11.7 4.5 0.2
v -11.6 4.5 0.2
v -10.8 4.5 0.2
v -10.7 4.5 0.2
v -10.6 4.5 0.2
v -11.8 4.5 0.1
v -11.7 4.5 0.1
v -10.7 4.5 0.1
v -10.6 4.5 0.1
v -13 4.5 -5.96046e-08
v -12.9 4.5 -5.96046e-08
v -10.6 4.5 -5.96046e-08
v -10.5 4.5 -5.96046e-08
v -13 4.5 -0.1
v -12.9 4.5 -0.1
v -11.8 4.5 -0.1
v -11.7 4.5 -0.1
v -10.7 4.5 -0.1
v -10.6 4.5 -0.1
v -10.5 4.5 -0.1
v -11.8 4.5 -0.2
v -11.7 4.5 -0.2
v -11.6 4.5 -0.2
v -10.8 4.5 -0.2
v -10.7 4.5 -0.2
v -10.6 4.5 -0.2
v -11.7 4.5 -0.3
v -11.6 4.5 -0.3
v -11.5 4.5 -0.3
v -10.8 4.5 -0.3
v -10.7 4.5 -0.3
v -11.6 4.5 -0.4
v -11.5 4.5 -0.4
v -11.4 4.5 -0.4
v -11 4.5 -0.4
v -10.9 4.5 -0.4
v -11.5 4.5 -0.5
v -11.4 4.5 -0.5
v -11.3 4.5 -0.5
v -11.1 4.5 -0.5
v -11 4.5 -0.5
v -10.9 4.5 -0.5
v -11.4 4.5 -0.6
v -11.3 4.5 -0.6
v -11.1 4.5 -0.6
v -11 4.5 -0.6
v -11.3 4.6 0.6
v -11.1 4.6 0.6
v -11.4 4.6 0.5
v -11.3 4.6 0.5
v -11.1 4.6 0.5
v -11 4.6 0.5
v -11.5 4.6 0.4
v -11.4 4.6 0.4
v -11.3 4.6 0.4
v -11.1 4.6 0.4
v -11 4.6 0.4
v -10.9 4.6 0.4
v -10.8 4.6 0.4
v -11.6 4.6 0.3
v -11.5 4.6 0.3
v -11.4 4.6 0.3
v -11 4.6 0.3
v -10.9 4.6 0.3
v -10.8 4.6 0.3
v -11.7 4.6 0.2
v -11.6 4.6 0.2
v -11.5 4.6 0.2
v -10.9 4.6 0.2
v -10.8 4.6 0.2
v -10.7 4.6 0.2
v -11.8 4.6 0.1
v -11.7 4.6 0.1
v -11.6 4.6 0.1
v -10.8 4.6 0.1
v -10.7 4.6 0.1
v -10.6 4.6 0.1
v -11.8 4.6 -0.1
v -11.7 4.6 -0.1
v -11.6 4.6 -0.1
v -10.8 4.6 -0.1
v -10.7 4.6 -0.1
v -10.6 4.6 -0.1
v -11.7 4.6 -0.2
v -11.6 4.6 -0.2
v -11.5 4.6 -0.2
v -10.9 4.6 -0.2
v -10.8 4.6 -0.2
v -10.7 4.6 -0.2
v -11.6 4.6 -0.3
v -11.5 4.6 -0.3
v -11 4.6 -0.3
v -10.9 4.6 -0.3
v -10.8 4.6 -0.3
v -11.4 4.6 -0.4
v -11.3 4.6 -0.4
v -11 4.6 -0.4
v -10.9 4.6 -0.4
v -10.8 4.6 -0.4
v -11.4 4.6 -0.5
v -11.3 4.6 -0.5
v -11.1 4.6 -0.5
v -11.3 4.6 -0.6
v -11.1 4.6 -0.6
v -11.3 4.7 0.5
v -11.1 4.7 0.5
v -11.4 4.7 0.4
v -11.3 4.7 0.4
v -11.1 4.7 0.4
v -11 4.7 0.4
v -11.5 4.7 0.3
v -11.4 4.7 0.3
v -11.3 4.7 0.3
v -11.1 4.7 0.3
v -11 4.7 0.3
v -10.9 4.7 0.3
v -11.6 4.7 0.2
v -11.5 4.7 0.2
v -11.4 4.7 0.2
v -11 4.7 0.2
v -10.9 4.7 0.2
v -10.8 4.7 0.2
v -11.7 4.7 0.1
v -11.6 4.7 0.1
v -11.5 4.7 0.1
v -10.9 4.7 0.1
v -10.8 4.7 0.1
v -10.7 4.7 0.1
v -11.7 4.7 -0.1
v -11.6 4.7 -0.1
v -11.5 4.7 -0.1
v -10.9 4.7 -0.1
v -10.8 4.7 -0.1
v -10.7 4.7 -0.1
v -11.6 4.7 -0.2
v -11.5 4.7 -0.2
v -11.4 4.7 -0.2
v -11 4.7 -0.2
v -10.9 4.7 -0.2
v -10.8 4.7 -0.2
v -11.5 4.7 -0.3
v -11.4 4.7 -0.3
v -11.3 4.7 -0.3
v -11.1 4.7 -0.3
v -11 4.7 -0.3
v -10.9 4.7 -0.3
v -11.5 4.7 -0.4
v -11.4 4.7 -0.4
v -11.3 4.7 -0.4
v -11.1 4.7 -0.4
v -11 4.7 -0.4
v -11.3 4.7 -0.5
v -11.1 4.7 -0.5
v -11 4.7 -0.5
v -11.3 4.8 0.4
v -11.1 4.8 0.4
v -11.4 4.8 0.3
v -11.3 4.8 0.3
v -11.1 4.8 0.3
v -11 4.8 0.3
v -11.5 4.8 0.2
v -11.4 4.8 0.2
v -11.3 4.8 0.2
v -11.1 4.8 0.2
v -11 4.8 0.2
v -10.9 4.8 0.2
v -11.6 4.8 0.1
v -11.5 4.8 0.1
v -11.4 4.8 0.1
v -11 4.8 0.1
v -10.9 4.8 0.1
v -10.8 4.8 0.1
v -10.9 4.8 -5.96046e-08
v -10.8 4.8 -5.96046e-08
v -11.6 4.8 -0.1
v -11.5 4.8 -0.1
v -11.4 4.8 -0.1
v -11 4.8 -0.1
v -10.9 4.8 -0.1
v -11.5 4.8 -0.2
v -11.4 4.8 -0.2
v -11.3 4.8 -0.2
v -11.1 4.8 -0.2
v -11 4.8 -0.2
v -10.9 4.8 -0.2
v -11.4 4.8 -0.3
v -11.3 4.8 -0.3
v -11.1 4.8 -0.3
v -11 4.8 -0.3
v -11.3 4.8 -0.4
v -11.1 4.8 -0.4
v -11.2 4.9 0.3
v -11.1 4.9 0.3
v -11.4 4.9 0.2
v -11.3 4.9 0.2
v -11.2 4.9 0.2
v -11.1 4.9 0.2
v -11 4.9 0.2
v -11.5 4.9 0.1
v -11.4 4.9 0.1
v -11 4.9 0.1
v -10.9 4.9 0.1
v -11.4 4.9 -5.96046e-08
v -11.3 4.9 -5.96046e-08
v -10.9 4.9 -5.96046e-08
v -10.8 4.9 -5.96046e-08
v -11.5 4.9 -0.1
v -11.4 4.9 -0.1
v -11.3 4.9 -0.1
v -11 4.9 -0.1
v -10.9 4.9 -0.1
v -10.8 4.9 -0.1
v -11.4 4.9 -0.2
v -11.3 4.9 -0.2
v -11.1 4.9 -0.2
v -11 4.9 -0.2
v -11.3 4.9 -0.3
v -11.1 4.9 -0.3
v -11.3 5 0.3
v -11.2 5 0.3
v -11.3 5 0.2
v -11.2 5 0.2
v -11.4 5 -5.96046e-08
v -11.3 5 -5.96046e-08
v -11.4 5 -0.1
v -11.3 5 -0.1

# faces
f 3/2/1 2/2/1 1/2/1
f 4/2/1 2/2/1 3/2/1
f 7/2/1 6/2/1 5/2/1
f 8/2/1 6/2/1 7/2/1
f 11/2/1 10/2/1 9/2/1
f 12/2/1 10/2/1 11/2/1
f 16/1/1 14/1/1 13/1/1
f 17/1/1 14/1/1 16/1/1
f 19/1/1 16/1/1 15/1/1
f 19/1/1 18/1/1 17/1/1
f 19/1/1 17/1/1 16/1/1
f 20/1/1 18/1/1 19/1/1
f 21/1/1 19/1/1 15/1/1
f 22/1/1 19/1/1 21/1/1
f 23/1/1 18/1/1 20/1/1
f 24/1/1 18/1/1 23/1/1
f 25/1/1 18/1/1 24/1/1
f 26/1/1 23/1/1 22/1/1
f 26/1/1 24/1/1 23/1/1
f 27/1/1 24/1/1 26/1/1
f 28/1/1 26/1/1 22/1/1
f 29/1/1 24/1/1 27/1/1
f 30/1/1 24/1/1 29/1/1
f 30/1/1 29/1/1 28/1/1
f 32/1/1 30/1/1 28/1/1
f 32/2/1 31/2/1 30/2/1
f 33/2/1 31/2/1 32/2/1
f 35/1/1 28/1/1 22/1/1
f 35/1/1 32/1/1 28/1/1
f 36/1/1 32/1/1 35/1/1
f 37/1/1 32/1/1 36/1/1
f 38/2/1 35/2/1 34/2/1
f 39/1/1 36/1/1 35/1/1
f 39/2/1 35/2/1 38/2/1
f 40/1/1 36/1/1 39/1/1
f 42/1/1 41/1/1 40/1/1
f 42/1/1 40/1/1 39/1/1
f 43/1/1 41/1/1 42/1/1
f 44/1/1 41/1/1 43/1/1
f 45/1/1 41/1/1 44/1/1
f 46/1/1 44/1/1 43/1/1
f 47/1/1 44/1/1 46/1/1
f 50/1/1 49/1/1 48/1/1
f 51/1/1 49/1/1 50/1/1
f 56/1/1 55/1/1 54/1/1
f 58/1/1 53/1/1 52/1/1
f 61/1/1 56/1/1 54/1/1
f 62/2/1 57/2/1 56/2/1
f 62/1/1 56/1/1 61/1/1
f 63/2/1 57/2/1 62/2/1
f 64/1/1 59/1/1 58/1/1
f 64/1/1 58/1/1 52/1/1
f 65/1/1 59/1/1 64/1/1
f 66/1/1 61/1/1 60/1/1
f 66/1/1 62/1/1 61/1/1
f 67/1/1 62/1/1 66/1/1
f 68/1/1 66/1/1 60/1/1
f 69/1/1 66/1/1 68/1/1
f 72/1/1 59/1/1 65/1/1
f 73/1/1 59/1/1 72/1/1
f 76/1/1 75/1/1 74/1/1
f 79/1/1 71/1/1 70/1/1
f 80/1/1 71/1/1 79/1/1
f 81/1/1 77/1/1 76/1/1
f 81/1/1 76/1/1 74/1/1
f 82/1/1 77/1/1 81/1/1
f 83/1/1 79/1/1 78/1/1
f 84/1/1 83/1/1 82/1/1
f 85/1/1 79/1/1 83/1/1
f 85/1/1 83/1/1 84/1/1
f 89/2/1 87/2/1 86/2/1
f 90/2/1 87/2/1 89/2/1
f 93/1/1 89/1/1 88/1/1
f 93/1/1 90/1/1 89/1/1
f 94/1/1 90/1/1 93/1/1
f 95/1/1 92/1/1 91/1/1
f 96/1/1 92/1/1 95/1/1
f 101/1/1 100/1/1 99/1/1
f 103/1/1 101/1/1 99/1/1
f 103/2/1 102/2/1 101/2/1
f 104/2/1 102/2/1 103/2/1
f 106/1/1 98/1/1 97/1/1
f 107/2/1 106/2/1 105/2/1
f 108/1/1 98/1/1 106/1/1
f 108/2/1 106/2/1 107/2/1
f 109/1/1 98/1/1 108/1/1
f 110/1/1 98/1/1 109/1/1
f 112/1/1 103/1/1 99/1/1
f 113/1/1 103/1/1 112/1/1
f 116/1/1 112/1/1 111/1/1
f 116/2/1 113/2/1 112/2/1
f 117/2/1 113/2/1 116/2/1
f 118/1/1 115/1/1 114/1/1
f 119/1/1 115/1/1 118/1/1
f 120/1/1 116/1/1 111/1/1
f 121/1/1 116/1/1 120/1/1
f 124/2/1 123/2/1 122/2/1
f 125/2/1 123/2/1 124/2/1
f 128/2/1 127/2/1 126/2/1
f 129/2/1 127/2/1 128/2/1
f 132/1/1 131/1/1 130/1/1
f 133/1/1 131/1/1 132/1/1
f 135/1/1 134/1/1 133/1/1
f 136/1/1 134/1/1 135/1/1
f 139/2/1 138/2/1 137/2/1
f 140/2/1 138/2/1 139/2/1
f 146/2/1 142/2/1 141/2/1
f 147/2/1 142/2/1 146/2/1
f 148/2/1 144/2/1 143/2/1
f 149/2/1 144/2/1 148/2/1
f 151/1/1 147/1/1 146/1/1
f 151/1/1 150/1/1 149/1/1
f 151/1/1 149/1/1 148/1/1
f 151/1/1 148/1/1 147/1/1
f 151/1/1 146/1/1 145/1/1
f 152/1/1 150/1/1 151/1/1
f 153/1/1 151/1/1 145/1/1
f 154/1/1 151/1/1 153/1/1
f 155/1/1 150/1/1 152/1/1
f 156/1/1 150/1/1 155/1/1
f 157/1/1 153/1/1 145/1/1
f 158/1/1 153/1/1 157/1/1
f 161/2/1 160/2/1 159/2/1
f 162/2/1 160/2/1 161/2/1
f 165/2/1 164/2/1 163/2/1
f 166/2/1 164/2/1 165/2/1
f 169/2/1 168/2/1 167/2/1
f 170/2/1 168/2/1 169/2/1
f 173/1/1 172/1/1 171/1/1
f 174/1/1 172/1/1 173/1/1
f 177/2/1 176/2/1 175/2/1
f 178/2/1 176/2/1 177/2/1
f 183/1/1 180/1/1 179/1/1
f 184/1/1 180/1/1 183/1/1
f 185/2/1 182/2/1 181/2/1
f 186/2/1 182/2/1 185/2/1
f 189/2/1 188/2/1 187/2/1
f 190/2/1 188/2/1 189/2/1
f 194/2/1 192/2/1 191/2/1
f 195/1/1 193/1/1 192/1/1
f 195/2/1 192/2/1 194/2/1
f 196/1/1 193/1/1 195/1/1
f 202/2/1 198/2/1 197/2/1
f 203/2/1 198/2/1 202/2/1
f 204/1/1 200/1/1 199/1/1
f 205/1/1 200/1/1 204/1/1
f 206/1/1 202/1/1 201/1/1
f 206/1/1 203/1/1 202/1/1
f 207/1/1 203/1/1 206/1/1
f 210/2/1 209/2/1 208/2/1
f 211/2/1 209/2/1 210/2/1
f 214/1/1 213/1/1 212/1/1
f 215/1/1 213/1/1 214/1/1
f 218/2/1 217/2/1 216/2/1
f 219/2/1 217/2/1 218/2/1
f 222/2/1 221/2/1 220/2/1
f 223/2/1 221/2/1 222/2/1
f 226/1/1 225/1/1 224/1/1
f 227/1/1 225/1/1 226/1/1
f 230/2/1 229/2/1 228/2/1
f 231/2/1 229/2/1 230/2/1
f 233/1/1 231/1/1 230/1/1
f 233/1/1 232/1/1 231/1/1
f 234/1/1 232/1/1 233/1/1
f 237/2/1 236/2/1 235/2/1
f 238/2/1 236/2/1 237/2/1
f 241/2/1 240/2/1 239/2/1
f 242/2/1 240/2/1 241/2/1
f 247/2/1 244/2/1 243/2/1
f 248/2/1 244/2/1 247/2/1
f 249/2/1 246/2/1 245/2/1
f 250/2/1 246/2/1 249/2/1
f 255/1/1 252/1/1 251/1/1
f 256/1/1 252/1/1 255/1/1
f 257/1/1 254/1/1 253/1/1
f 258/1/1 254/1/1 257/1/1
f 261/2/1 260/2/1 259/2/1
f 262/2/1 260/2/1 261/2/1
f 265/1/1 264/1/1 263/1/1
f 266/1/1 264/1/1 265/1/1
f 271/2/1 268/2/1 267/2/1
f 272/2/1 268/2/1 271/2/1
f 273/1/1 270/1/1 269/1/1
f 274/1/1 270/1/1 273/1/1
f 277/2/1 276/2/1 275/2/1
f 278/2/1 276/2/1 277/2/1
f 283/1/1 280/1/1 279/1/1
f 284/1/1 280/1/1 283/1/1
f 285/1/1 282/1/1 281/1/1
f 286/1/1 282/1/1 285/1/1
f 291/1/1 288/1/1 287/1/1
f 292/1/1 288/1/1 291/1/1
f 293/1/1 290/1/1 289/1/1
f 294/1/1 290/1/1 293/1/1
f 297/1/1 296/1/1 295/1/1
f 298/1/1 296/1/1 297/1/1
f 301/2/1 300/2/1 299/2/1
f 302/2/1 300/2/1 301/2/1
f 305/2/1 304/2/1 303/2/1
f 306/2/1 304/2/1 305/2/1
f 309/2/1 308/2/1 307/2/1
f 310/2/1 308/2/1 309/2/1
f 313/2/1 312/2/1 311/2/1
f 314/2/1 312/2/1 313/2/1
f 317/2/1 316/2/1 315/2/1
f 318/2/1 316/2/1 317/2/1
f 321/2/1 320/2/1 319/2/1
f 322/2/1 320/2/1 321/2/1
f 325/2/1 324/2/1 323/2/1
f 326/2/1 324/2/1 325/2/1
f 331/1/1 328/1/1 327/1/1
f 332/1/1 328/1/1 331/1/1
f 333/1/1 330/1/1 329/1/1
f 334/1/1 330/1/1 333/1/1
f 337/1/1 336/1/1 335/1/1
f 338/1/1 336/1/1 337/1/1
f 339/1/1 336/1/1 338/1/1
f 340/1/1 336/1/1 339/1/1
f 341/1/1 336/1/1 340/1/1
f 343/1/1 340/1/1 339/1/1
f 344/1/1 340/1/1 343/1/1
f 345/1/1 340/1/1 344/1/1
f 347/1/1 343/1/1 342/1/1
f 348/1/1 346/1/1 345/1/1
f 348/1/1 345/1/1 344/1/1
f 349/1/1 346/1/1 348/1/1
f 352/1/1 349/1/1 348/1/1
f 352/1/1 347/1/1 342/1/1
f 352/1/1 348/1/1 347/1/1
f 353/2/1 350/2/1 349/2/1
f 353/1/1 349/1/1 352/1/1
f 354/2/1 350/2/1 353/2/1
f 355/1/1 352/1/1 351/1/1
f 355/1/1 353/1/1 352/1/1
f 355/1/1 354/1/1 353/1/1
f 356/1/1 354/1/1 355/1/1
f 357/1/1 355/1/1 351/1/1
f 358/1/1 355/1/1 357/1/1
f 359/1/1 355/1/1 358/1/1
f 360/1/1 354/1/1 356/1/1
f 361/1/1 354/1/1 360/1/1
f 362/1/1 354/1/1 361/1/1
f 363/1/1 359/1/1 358/1/1
f 363/1/1 361/1/1 360/1/1
f 363/1/1 360/1/1 359/1/1
f 366/1/1 363/1/1 358/1/1
f 367/1/1 363/1/1 366/1/1
f 368/1/1 363/1/1 367/1/1
f 369/2/1 364/2/1 363/2/1
f 369/1/1 363/1/1 368/1/1
f 370/2/1 364/2/1 369/2/1
f 371/1/1 366/1/1 365/1/1
f 371/1/1 367/1/1 366/1/1
f 372/1/1 367/1/1 371/1/1
f 373/1/1 367/1/1 372/1/1
f 374/1/1 370/1/1 369/1/1
f 374/1/1 369/1/1 368/1/1
f 375/1/1 370/1/1 374/1/1
f 376/1/1 370/1/1 375/1/1
f 377/1/1 373/1/1 372/1/1
f 377/1/1 375/1/1 374/1/1
f 377/1/1 374/1/1 373/1/1
f 378/1/1 375/1/1 377/1/1
f 381/1/1 375/1/1 378/1/1
f 382/1/1 375/1/1 381/1/1
f 384/1/1 380/1/1 379/1/1
f 384/1/1 383/1/1 382/1/1
f 384/1/1 382/1/1 381/1/1
f 384/1/1 381/1/1 380/1/1
f 385/1/1 383/1/1 384/1/1
f 386/1/1 383/1/1 385/1/1
f 388/1/1 384/1/1 379/1/1
f 389/1/1 384/1/1 388/1/1
f 390/1/1 384/1/1 389/1/1
f 391/1/1 386/1/1 385/1/1
f 392/1/1 386/1/1 391/1/1
f 393/2/1 387/2/1 386/2/1
f 393/1/1 386/1/1 392/1/1
f 394/2/1 387/2/1 393/2/1
f 396/1/1 390/1/1 389/1/1
f 396/1/1 391/1/1 390/1/1
f 396/1/1 392/1/1 391/1/1
f 397/1/1 392/1/1 396/1/1
f 399/1/1 396/1/1 395/1/1
f 399/1/1 398/1/1 397/1/1
f 399/1/1 397/1/1 396/1/1
f 400/1/1 398/1/1 399/1/1
f 401/1/1 398/1/1 400/1/1
f 402/1/1 398/1/1 401/1/1
f 403/1/1 398/1/1 402/1/1
f 404/1/1 401/1/1 400/1/1
f 405/1/1 401/1/1 404/1/1
f 409/1/1 407/1/1 406/1/1
f 410/1/1 407/1/1 409/1/1
f 413/1/1 409/1/1 408/1/1
f 413/1/1 411/1/1 410/1/1
f 413/1/1 410/1/1 409/1/1
f 414/2/1 413/2/1 412/2/1
f 415/1/1 411/1/1 413/1/1
f 415/2/1 413/2/1 414/2/1
f 417/1/1 411/1/1 415/1/1
f 418/2/1 417/2/1 416/2/1
f 419/1/1 411/1/1 417/1/1
f 419/2/1 417/2/1 418/2/1
f 421/1/1 411/1/1 419/1/1
f 422/1/1 411/1/1 421/1/1
f 424/1/1 421/1/1 420/1/1
f 424/1/1 423/1/1 422/1/1
f 424/1/1 422/1/1 421/1/1
f 425/1/1 423/1/1 424/1/1
f 426/1/1 423/1/1 425/1/1
f 427/1/1 423/1/1 426/1/1
f 428/1/1 426/1/1 425/1/1
f 429/1/1 426/1/1 428/1/1
f 430/1/1 426/1/1 429/1/1
f 431/1/1 426/1/1 430/1/1
f 432/1/1 430/1/1 429/1/1
f 433/1/1 430/1/1 432/1/1
f 439/1/1 435/1/1 434/1/1
f 440/1/1 437/1/1 436/1/1
f 442/1/1 439/1/1 438/1/1
f 442/1/1 435/1/1 439/1/1
f 445/1/1 441/1/1 440/1/1
f 445/1/1 440/1/1 436/1/1
f 446/1/1 443/1/1 442/1/1
f 446/1/1 442/1/1 438/1/1
f 447/1/1 443/1/1 446/1/1
f 448/1/1 445/1/1 444/1/1
f 448/1/1 441/1/1 445/1/1
f 449/1/1 441/1/1 448/1/1
f 450/1/1 448/1/1 444/1/1
f 450/2/1 449/2/1 448/2/1
f 451/2/1 449/2/1 450/2/1
f 452/1/1 443/1/1 447/1/1
f 453/1/1 443/1/1 452/1/1
f 454/1/1 450/1/1 444/1/1
f 455/1/1 450/1/1 454/1/1
f 456/1/1 450/1/1 455/1/1
f 457/1/1 450/1/1 456/1/1
f 459/1/1 452/1/1 447/1/1
f 460/1/1 452/1/1 459/1/1
f 463/1/1 459/1/1 458/1/1
f 466/1/1 462/1/1 461/1/1
f 467/1/1 466/1/1 465/1/1
f 468/1/1 462/1/1 466/1/1
f 468/1/1 466/1/1 467/1/1
f 469/1/1 464/1/1 463/1/1
f 469/1/1 463/1/1 458/1/1
f 470/1/1 464/1/1 469/1/1
f 471/1/1 462/1/1 468/1/1
f 472/1/1 469/1/1 458/1/1
f 475/1/1 462/1/1 471/1/1
f 476/1/1 462/1/1 475/1/1
f 476/1/1 475/1/1 474/1/1
f 479/1/1 473/1/1 472/1/1
f 479/1/1 472/1/1 458/1/1
f 480/1/1 476/1/1 474/1/1
f 480/2/1 477/2/1 476/2/1
f 481/2/1 477/2/1 480/2/1
f 482/2/1 479/2/1 478/2/1
f 483/1/1 473/1/1 479/1/1
f 483/2/1 479/2/1 482/2/1
f 484/1/1 473/1/1 483/1/1
f 485/1/1 473/1/1 484/1/1
f 486/1/1 480/1/1 474/1/1
f 487/1/1 480/1/1 486/1/1
f 488/1/1 480/1/1 487/1/1
f 489/1/1 480/1/1 488/1/1
f 490/1/1 484/1/1 483/1/1
f 495/1/1 490/1/1 483/1/1
f 495/1/1 491/1/1 490/1/1
f 496/1/1 491/1/1 495/1/1
f 497/1/1 491/1/1 496/1/1
f 498/1/1 494/1/1 493/1/1
f 498/1/1 493/1/1 492/1/1
f 499/1/1 494/1/1 498/1/1
f 500/1/1 494/1/1 499/1/1
f 505/1/1 502/1/1 501/1/1
f 508/1/1 504/1/1 503/1/1
f 509/1/1 506/1/1 505/1/1
f 509/1/1 505/1/1 501/1/1
f 510/1/1 506/1/1 509/1/1
f 511/1/1 508/1/1 507/1/1
f 512/1/1 504/1/1 508/1/1
f 512/1/1 508/1/1 511/1/1
f 515/1/1 506/1/1 510/1/1
f 516/1/1 511/1/1 507/1/1
f 518/2/1 514/2/1 513/2/1
f 519/1/1 515/1/1 514/1/1
f 519/2/1 514/2/1 518/2/1
f 520/1/1 506/1/1 515/1/1
f 520/1/1 515/1/1 519/1/1
f 521/1/1 517/1/1 516/1/1
f 521/1/1 516/1/1 507/1/1
f 522/1/1 517/1/1 521/1/1
f 527/1/1 523/1/1 522/1/1
f 528/1/1 523/1/1 527/1/1
f 530/1/1 525/1/1 524/1/1
f 531/1/1 525/1/1 530/1/1
f 534/1/1 527/1/1 526/1/1
f 535/1/1 527/1/1 534/1/1
f 537/1/1 532/1/1 531/1/1
f 537/1/1 530/1/1 529/1/1
f 537/1/1 531/1/1 530/1/1
f 538/1/1 532/1/1 537/1/1
f 539/1/1 536/1/1 535/1/1
f 539/1/1 535/1/1 534/1/1
f 539/1/1 534/1/1 533/1/1
f 540/1/1 536/1/1 539/1/1
f 542/1/1 532/1/1 538/1/1
f 543/1/1 532/1/1 542/1/1
f 544/1/1 532/1/1 543/1/1
f 545/1/1 539/1/1 533/1/1
f 546/1/1 539/1/1 545/1/1
f 547/1/1 539/1/1 546/1/1
f 549/1/1 542/1/1 541/1/1
f 549/1/1 543/1/1 542/1/1
f 550/1/1 543/1/1 549/1/1
f 551/1/1 549/1/1 541/1/1
f 553/1/1 551/1/1 541/1/1
f 553/1/1 552/1/1 551/1/1
f 554/1/1 552/1/1 553/1/1
f 555/1/1 548/1/1 547/1/1
f 555/1/1 547/1/1 546/1/1
f 556/1/1 548/1/1 555/1/1
f 558/1/1 552/1/1 554/1/1
f 559/1/1 555/1/1 546/1/1
f 561/1/1 558/1/1 557/1/1
f 561/1/1 552/1/1 558/1/1
f 562/1/1 552/1/1 561/1/1
f 563/1/1 561/1/1 557/1/1
f 565/1/1 563/1/1 557/1/1
f 565/1/1 564/1/1 563/1/1
f 566/1/1 564/1/1 565/1/1
f 567/1/1 560/1/1 559/1/1
f 567/1/1 559/1/1 546/1/1
f 568/1/1 560/1/1 567/1/1
f 569/1/1 565/1/1 557/1/1
f 570/1/1 565/1/1 569/1/1
f 573/1/1 560/1/1 568/1/1
f 574/1/1 560/1/1 573/1/1
f 575/1/1 573/1/1 572/1/1
f 575/2/1 574/2/1 573/2/1
f 576/2/1 574/2/1 575/2/1
f 577/1/1 571/1/1 570/1/1
f 578/1/1 571/1/1 577/1/1
f 581/1/1 575/1/1 572/1/1
f 582/1/1 575/1/1 581/1/1
f 583/1/1 579/1/1 578/1/1
f 584/1/1 579/1/1 583/1/1
f 585/1/1 581/1/1 580/1/1
f 586/1/1 581/1/1 585/1/1
f 587/1/1 585/1/1 584/1/1
f 588/1/1 585/1/1 587/1/1
f 593/1/1 590/1/1 589/1/1
f 594/1/1 590/1/1 593/1/1
f 595/1/1 592/1/1 591/1/1
f 596/1/1 592/1/1 595/1/1
f 600/2/1 598/2/1 597/2/1
f 601/1/1 599/1/1 598/1/1
f 601/2/1 598/2/1 600/2/1
f 602/1/1 599/1/1 601/1/1
f 608/1/1 604/1/1 603/1/1
f 609/1/1 604/1/1 608/1/1
f 610/1/1 606/1/1 605/1/1
f 611/1/1 606/1/1 610/1/1
f 612/2/1 608/2/1 607/2/1
f 613/2/1 608/2/1 612/2/1
f 615/2/1 611/2/1 610/2/1
f 616/2/1 611/2/1 615/2/1
f 617/1/1 616/1/1 615/1/1
f 618/1/1 616/1/1 617/1/1
f 619/1/1 614/1/1 613/1/1
f 620/1/1 614/1/1 619/1/1
f 625/1/1 624/1/1 623/1/1
f 628/1/1 622/1/1 621/1/1
f 630/1/1 626/1/1 625/1/1
f 630/1/1 625/1/1 623/1/1
f 631/1/1 626/1/1 630/1/1
f 632/1/1 626/1/1 631/1/1
f 633/1/1 628/1/1 627/1/1
f 634/1/1 622/1/1 628/1/1
f 634/1/1 628/1/1 633/1/1
f 635/2/1 630/2/1 629/2/1
f 636/1/1 631/1/1 630/1/1
f 636/2/1 630/2/1 635/2/1
f 637/1/1 631/1/1 636/1/1
f 640/1/1 622/1/1 634/1/1
f 641/1/1 638/1/1 637/1/1
f 641/1/1 637/1/1 636/1/1
f 642/1/1 638/1/1 641/1/1
f 643/1/1 638/1/1 642/1/1
f 644/1/1 640/1/1 639/1/1
f 645/1/1 640/1/1 644/1/1
f 646/1/1 641/1/1 636/1/1
f 647/1/1 640/1/1 645/1/1
f 648/1/1 622/1/1 640/1/1
f 648/1/1 640/1/1 647/1/1
f 649/1/1 646/1/1 636/1/1
f 652/1/1 622/1/1 648/1/1
f 653/1/1 650/1/1 649/1/1
f 653/1/1 649/1/1 636/1/1
f 654/1/1 650/1/1 653/1/1
f 655/1/1 652/1/1 651/1/1
f 656/1/1 622/1/1 652/1/1
f 656/1/1 652/1/1 655/1/1
f 657/1/1 653/1/1 636/1/1
f 660/1/1 622/1/1 656/1/1
f 661/1/1 658/1/1 657/1/1
f 661/1/1 657/1/1 636/1/1
f 662/1/1 658/1/1 661/1/1
f 663/1/1 660/1/1 659/1/1
f 664/1/1 622/1/1 660/1/1
f 664/1/1 660/1/1 663/1/1
f 669/1/1 666/1/1 665/1/1
f 670/1/1 666/1/1 669/1/1
f 673/1/1 668/1/1 667/1/1
f 674/1/1 668/1/1 673/1/1
f 676/1/1 671/1/1 670/1/1
f 677/1/1 671/1/1 676/1/1
f 678/1/1 673/1/1 672/1/1
f 679/1/1 673/1/1 678/1/1
f 682/1/1 676/1/1 675/1/1
f 683/2/1 682/2/1 681/2/1
f 684/1/1 676/1/1 682/1/1
f 684/2/1 682/2/1 683/2/1
f 685/1/1 676/1/1 684/1/1
f 686/1/1 680/1/1 679/1/1
f 687/1/1 680/1/1 686/1/1
f 692/1/1 689/1/1 688/1/1
f 693/1/1 689/1/1 692/1/1
f 696/1/1 691/1/1 690/1/1
f 697/1/1 691/1/1 696/1/1
f 698/1/1 694/1/1 693/1/1
f 699/1/1 694/1/1 698/1/1
f 702/1/1 696/1/1 695/1/1
f 703/1/1 696/1/1 702/1/1
f 704/1/1 700/1/1 699/1/1
f 705/1/1 700/1/1 704/1/1
f 706/1/1 702/1/1 701/1/1
f 707/1/1 702/1/1 706/1/1
f 708/1/1 706/1/1 705/1/1
f 709/1/1 706/1/1 708/1/1
f 717/1/1 711/1/1 710/1/1
f 717/1/1 712/1/1 711/1/1
f 717/1/1 713/1/1 712/1/1
f 718/1/1 713/1/1 717/1/1
f 719/1/1 716/1/1 715/1/1
f 719/1/1 715/1/1 714/1/1
f 720/1/1 716/1/1 719/1/1
f 721/1/1 713/1/1 718/1/1
f 722/1/1 713/1/1 721/1/1
f 723/1/1 719/1/1 714/1/1
f 724/1/1 719/1/1 723/1/1
f 726/2/1 725/2/1 724/2/1
f 727/2/1 725/2/1 726/2/1
f 732/1/1 729/1/1 728/1/1
f 733/1/1 729/1/1 732/1/1
f 735/1/1 731/1/1 730/1/1
f 736/1/1 734/1/1 733/1/1
f 737/1/1 734/1/1 736/1/1
f 738/1/1 731/1/1 735/1/1
f 739/1/1 731/1/1 738/1/1
f 744/1/1 741/1/1 740/1/1
f 745/1/1 741/1/1 744/1/1
f 746/1/1 743/1/1 742/1/1
f 747/1/1 743/1/1 746/1/1
f 748/2/1 747/2/1 746/2/1
f 749/2/1 747/2/1 748/2/1
f 752/2/1 751/2/1 750/2/1
f 753/2/1 751/2/1 752/2/1
f 758/1/1 755/1/1 754/1/1
f 759/1/1 755/1/1 758/1/1
f 760/1/1 757/1/1 756/1/1
f 761/1/1 757/1/1 760/1/1
f 766/1/1 763/1/1 762/1/1
f 767/1/1 763/1/1 766/1/1
f 768/1/1 765/1/1 764/1/1
f 769/1/1 765/1/1 768/1/1
f 775/1/1 771/1/1 770/1/1
f 776/2/1 775/2/1 774/2/1
f 777/1/1 771/1/1 775/1/1
f 777/2/1 775/2/1 776/2/1
f 778/1/1 771/1/1 777/1/1
f 779/1/1 771/1/1 778/1/1
f 782/1/1 773/1/1 772/1/1
f 783/1/1 773/1/1 782/1/1
f 784/1/1 780/1/1 779/1/1
f 785/1/1 780/1/1 784/1/1
f 786/1/1 782/1/1 781/1/1
f 787/1/1 782/1/1 786/1/1
f 790/2/1 789/2/1 788/2/1
f 791/2/1 789/2/1 790/2/1
f 796/1/1 792/1/1 791/1/1
f 797/1/1 792/1/1 796/1/1
f 798/1/1 794/1/1 793/1/1
f 799/2/1 795/2/1 794/2/1
f 799/1/1 794/1/1 798/1/1
f 800/2/1 795/2/1 799/2/1
f 805/1/1 802/1/1 801/1/1
f 806/1/1 802/1/1 805/1/1
f 809/1/1 804/1/1 803/1/1
f 810/1/1 804/1/1 809/1/1
f 811/1/1 807/1/1 806/1/1
f 812/1/1 807/1/1 811/1/1
f 815/1/1 809/1/1 808/1/1
f 816/1/1 809/1/1 815/1/1
f 817/1/1 813/1/1 812/1/1
f 818/1/1 813/1/1 817/1/1
f 821/1/1 815/1/1 814/1/1
f 822/2/1 816/2/1 815/2/1
f 822/1/1 815/1/1 821/1/1
f 823/2/1 816/2/1 822/2/1
f 824/1/1 819/1/1 818/1/1
f 825/1/1 819/1/1 824/1/1
f 826/1/1 821/1/1 820/1/1
f 827/1/1 821/1/1 826/1/1
f 828/1/1 826/1/1 825/1/1
f 829/1/1 826/1/1 828/1/1
f 834/1/1 833/1/1 832/1/1
f 836/1/1 834/1/1 832/1/1
f 836/2/1 835/2/1 834/2/1
f 837/2/1 835/2/1 836/2/1
f 838/1/1 831/1/1 830/1/1
f 839/1/1 831/1/1 838/1/1
f 840/1/1 836/1/1 832/1/1
f 841/1/1 836/1/1 840/1/1
f 846/1/1 845/1/1 844/1/1
f 847/1/1 845/1/1 846/1/1
f 850/1/1 843/1/1 842/1/1
f 851/1/1 843/1/1 850/1/1
f 852/1/1 849/1/1 848/1/1
f 853/1/1 849/1/1 852/1/1
f 858/1/1 855/1/1 854/1/1
f 859/1/1 855/1/1 858/1/1
f 860/1/1 857/1/1 856/1/1
f 861/1/1 857/1/1 860/1/1
f 866/1/1 863/1/1 862/1/1
f 867/1/1 863/1/1 866/1/1
f 868/1/1 865/1/1 864/1/1
f 869/1/1 865/1/1 868/1/1
f 874/1/1 871/1/1 870/1/1
f 875/1/1 871/1/1 874/1/1
f 876/1/1 873/1/1 872/1/1
f 877/1/1 873/1/1 876/1/1
f 883/1/1 881/1/1 880/1/1
f 883/2/1 882/2/1 881/2/1
f 884/2/1 882/2/1 883/2/1
f 885/1/1 879/1/1 878/1/1
f 886/1/1 879/1/1 885/1/1
f 887/1/1 883/1/1 880/1/1
f 888/1/1 883/1/1 887/1/1
f 894/1/1 892/1/1 891/1/1
f 894/2/1 893/2/1 892/2/1
f 895/2/1 893/2/1 894/2/1
f 896/1/1 890/1/1 889/1/1
f 897/1/1 890/1/1 896/1/1
f 898/1/1 894/1/1 891/1/1
f 899/1/1 894/1/1 898/1/1
f 904/1/1 901/1/1 900/1/1
f 905/1/1 901/1/1 904/1/1
f 906/1/1 903/1/1 902/1/1
f 907/1/1 903/1/1 906/1/1
f 910/2/1 907/2/1 906/2/1
f 911/2/1 907/2/1 910/2/1
f 912/1/1 909/1/1 908/1/1
f 913/1/1 909/1/1 912/1/1
f 916/1/1 911/1/1 910/1/1
f 917/1/1 911/1/1 916/1/1
f 918/1/1 914/1/1 913/1/1
f 919/1/1 914/1/1 918/1/1
f 921/1/1 916/1/1 915/1/1
f 922/1/1 916/1/1 921/1/1
f 923/1/1 920/1/1 919/1/1
f 924/1/1 920/1/1 923/1/1
f 928/1/1 925/1/1 924/1/1
f 929/1/1 925/1/1 928/1/1
f 932/1/1 927/1/1 926/1/1
f 933/1/1 927/1/1 932/1/1
f 934/1/1 930/1/1 929/1/1
f 935/1/1 930/1/1 934/1/1
f 937/1/1 932/1/1 931/1/1
f 938/1/1 932/1/1 937/1/1
f 939/2/1 937/2/1 936/2/1
f 940/2/1 937/2/1 939/2/1
f 943/2/1 942/2/1 941/2/1
f 944/2/1 942/2/1 943/2/1
f 947/2/1 946/2/1 945/2/1
f 948/2/1 946/2/1 947/2/1
f 951/2/1 950/2/1 949/2/1
f 952/2/1 950/2/1 951/2/1
f 956/1/1 953/1/1 952/1/1
f 957/1/1 953/1/1 956/1/1
f 958/1/1 955/1/1 954/1/1
f 959/1/1 955/1/1 958/1/1
f 962/2/1 961/2/1 960/2/1
f 963/2/1 961/2/1 962/2/1
f 966/2/1 965/2/1 964/2/1
f 967/2/1 965/2/1 966/2/1
f 972/1/1 969/1/1 968/1/1
f 973/1/1 969/1/1 972/1/1
f 974/1/1 971/1/1 970/1/1
f 975/1/1 971/1/1 974/1/1
f 978/2/1 977/2/1 976/2/1
f 979/2/1 977/2/1 978/2/1
f 983/1/1 981/1/1 980/1/1
f 984/1/1 981/1/1 983/1/1
f 985/2/1 983/2/1 982/2/1
f 986/2/1 983/2/1 985/2/1
f 991/1/1 988/1/1 987/1/1
f 992/1/1 988/1/1 991/1/1
f 995/1/1 990/1/1 989/1/1
f 996/1/1 990/1/1 995/1/1
f 997/1/1 993/1/1 992/1/1
f 998/1/1 993/1/1 997/1/1
f 1001/1/1 995/1/1 994/1/1
f 1002/1/1 995/1/1 1001/1/1
f 1003/1/1 999/1/1 998/1/1
f 1004/1/1 999/1/1 1003/1/1
f 1007/1/1 1001/1/1 1000/1/1
f 1008/1/1 1001/1/1 1007/1/1
f 1009/1/1 1005/1/1 1004/1/1
f 1010/1/1 1005/1/1 1009/1/1
f 1011/1/1 1007/1/1 1006/1/1
f 1012/1/1 1007/1/1 1011/1/1
f 1013/2/1 1010/2/1 1009/2/1
f 1014/2/1 1010/2/1 1013/2/1
f 1017/2/1 1016/2/1 1015/2/1
f 1018/2/1 1016/2/1 1017/2/1
f 1021/2/1 1020/2/1 1019/2/1
f 1022/2/1 1020/2/1 1021/2/1
f 1025/2/1 1024/2/1 1023/2/1
f 1026/2/1 1024/2/1 1025/2/1
f 1029/2/1 1028/2/1 1027/2/1
f 1030/2/1 1028/2/1 1029/2/1
f 1033/2/1 1032/2/1 1031/2/1
f 1034/2/1 1032/2/1 1033/2/1
f 1037/2/1 1036/2/1 1035/2/1
f 1038/2/1 1036/2/1 1037/2/1
f 1041/2/1 1040/2/1 1039/2/1
f 1042/2/1 1040/2/1 1041/2/1
f 1045/2/1 1044/2/1 1043/2/1
f 1046/2/1 1044/2/1 1045/2/1
f 1049/2/1 1048/2/1 1047/2/1
f 1050/2/1 1048/2/1 1049/2/1
f 1053/2/1 1052/2/1 1051/2/1
f 1054/2/1 1052/2/1 1053/2/1
f 1057/2/1 1056/2/1 1055/2/1
f 1058/2/1 1056/2/1 1057/2/1
f 1061/2/1 1060/2/1 1059/2/1
f 1062/2/1 1060/2/1 1061/2/1
f 1065/2/1 1064/2/1 1063/2/1
f 1066/2/1 1064/2/1 1065/2/1
f 1071/1/1 1068/1/1 1067/1/1
f 1072/1/1 1068/1/1 1071/1/1
f 1074/1/1 1070/1/1 1069/1/1
f 1075/1/1 1070/1/1 1074/1/1
f 1076/2/1 1074/2/1 1073/2/1
f 1077/2/1 1074/2/1 1076/2/1
f 1080/2/1 1079/2/1 1078/2/1
f 1081/2/1 1079/2/1 1080/2/1
f 1084/1/1 1083/1/1 1082/1/1
f 1085/1/1 1083/1/1 1084/1/1
f 1088/1/1 1087/1/1 1086/1/1
f 1089/1/1 1087/1/1 1088/1/1
f 1094/1/1 1091/1/1 1090/1/1
f 1095/1/1 1091/1/1 1094/1/1
f 1096/1/1 1093/1/1 1092/1/1
f 1097/1/1 1093/1/1 1096/1/1
f 1100/1/1 1099/1/1 1098/1/1
f 1101/1/1 1099/1/1 1100/1/1
f 1104/2/1 1103/2/1 1102/2/1
f 1105/2/1 1103/2/1 1104/2/1
f 1108/1/1 1107/1/1 1106/1/1
f 1109/1/1 1107/1/1 1108/1/1
f 1115/1/1 1111/1/1 1110/1/1
f 1116/2/1 1115/2/1 1114/2/1
f 1117/1/1 1111/1/1 1115/1/1
f 1117/2/1 1115/2/1 1116/2/1
f 1118/1/1 1111/1/1 1117/1/1
f 1119/1/1 1113/1/1 1112/1/1
f 1120/1/1 1118/1/1 1117/1/1
f 1120/1/1 1119/1/1 1118/1/1
f 1121/1/1 1119/1/1 1120/1/1
f 1122/1/1 1119/1/1 1121/1/1
f 1123/1/1 1119/1/1 1122/1/1
f 1124/1/1 1113/1/1 1119/1/1
f 1124/1/1 1119/1/1 1123/1/1
f 1125/1/1 1113/1/1 1124/1/1
f 1126/1/1 1124/1/1 1123/1/1
f 1127/1/1 1124/1/1 1126/1/1
f 1130/2/1 1129/2/1 1128/2/1
f 1131/2/1 1129/2/1 1130/2/1
f 1134/2/1 1133/2/1 1132/2/1
f 1135/2/1 1133/2/1 1134/2/1
f 1140/2/1 1137/2/1 1136/2/1
f 1141/2/1 1137/2/1 1140/2/1
f 1142/2/1 1139/2/1 1138/2/1
f 1143/2/1 1139/2/1 1142/2/1
f 1146/1/1 1145/1/1 1144/1/1
f 1147/1/1 1145/1/1 1146/1/1
f 1150/1/1 1149/1/1 1148/1/1
f 1151/1/1 1149/1/1 1150/1/1
f 1154/2/1 1153/2/1 1152/2/1
f 1155/2/1 1153/2/1 1154/2/1
f 1158/2/1 1157/2/1 1156/2/1
f 1159/2/1 1157/2/1 1158/2/1
f 1162/1/1 1161/1/1 1160/1/1
f 1163/1/1 1161/1/1 1162/1/1
f 1166/2/1 1165/2/1 1164/2/1
f 1167/2/1 1165/2/1 1166/2/1
f 1170/1/1 1169/1/1 1168/1/1
f 1171/1/1 1169/1/1 1170/1/1
f 1174/2/1 1173/2/1 1172/2/1
f 1175/2/1 1173/2/1 1174/2/1
f 1178/1/1 1177/1/1 1176/1/1
f 1179/1/1 1177/1/1 1178/1/1
f 1180/2/2 1181/2/2 1182/2/2
f 1182/2/2 1181/2/2 1183/2/2
f 1184/2/2 1185/2/2 1187/2/2
f 1187/2/2 1185/2/2 1188/2/2
f 1186/1/2 1187/1/2 1189/1/2
f 1189/1/2 1187/1/2 1190/1/2
f 1191/2/2 1192/2/2 1193/2/2
f 1193/2/2 1192/2/2 1194/2/2
f 1195/2/2 1196/2/2 1197/2/2
f 1197/2/2 1196/2/2 1198/2/2
f 1199/1/2 1200/1/2 1201/1/2
f 1201/1/2 1200/1/2 1202/1/2
f 1203/2/2 1204/2/2 1205/2/2
f 1205/2/2 1204/2/2 1206/2/2
f 1207/2/2 1208/2/2 1209/2/2
f 1209/2/2 1208/2/2 1210/2/2
f 1211/1/2 1212/1/2 1215/1/2
f 1215/1/2 1212/1/2 1216/1/2
f 1213/2/2 1214/2/2 1217/2/2
f 1217/2/2 1214/2/2 1218/2/2
f 1219/1/2 1220/1/2 1223/1/2
f 1223/1/2 1220/1/2 1224/1/2
f 1221/1/2 1222/1/2 1225/1/2
f 1225/1/2 1222/1/2 1226/1/2
f 1227/2/2 1228/2/2 1229/2/2
f 1229/2/2 1228/2/2 1230/2/2
f 1231/2/2 1232/2/2 1233/2/2
f 1233/2/2 1232/2/2 1234/2/2
f 1235/2/2 1236/2/2 1237/2/2
f 1237/2/2 1236/2/2 1238/2/2
f 1239/1/2 1240/1/2 1243/1/2
f 1243/1/2 1240/1/2 1244/1/2
f 1241/1/2 1242/1/2 1245/1/2
f 1245/1/2 1242/1/2 1246/1/2
f 1247/2/2 1248/2/2 1249/2/2
f 1249/2/2 1248/2/2 1250/2/2
f 1251/2/2 1252/2/2 1253/2/2
f 1253/2/2 1252/2/2 1254/2/2
f 1255/1/2 1256/1/2 1257/1/2
f 1257/1/2 1256/1/2 1258/1/2
f 1259/1/2 1260/1/2 1264/1/2
f 1264/1/2 1260/1/2 1265/1/2
f 1261/1/2 1262/1/2 1266/1/2
f 1262/2/2 1263/2/2 1267/2/2
f 1266/1/2 1262/1/2 1267/1/2
f 1267/2/2 1263/2/2 1268/2/2
f 1269/2/2 1270/2/2 1271/2/2
f 1271/2/2 1270/2/2 1272/2/2
f 1273/2/2 1274/2/2 1275/2/2
f 1275/2/2 1274/2/2 1276/2/2
f 1277/1/2 1278/1/2 1281/1/2
f 1281/1/2 1278/1/2 1282/1/2
f 1279/1/2 1280/1/2 1283/1/2
f 1279/1/2 1283/1/2 1285/1/2
f 1283/2/2 1284/2/2 1285/2/2
f 1285/2/2 1284/2/2 1286/2/2
f 1282/1/2 1278/1/2 1287/1/2
f 1279/1/2 1285/1/2 1289/1/2
f 1289/1/2 1285/1/2 1290/1/2
f 1287/1/2 1288/1/2 1291/1/2
f 1282/1/2 1287/1/2 1291/1/2
f 1291/1/2 1288/1/2 1292/1/2
f 1292/1/2 1288/1/2 1293/1/2
f 1279/1/2 1289/1/2 1295/1/2
f 1295/1/2 1289/1/2 1296/1/2
f 1293/1/2 1294/1/2 1297/1/2
f 1292/1/2 1293/1/2 1297/1/2
f 1297/1/2 1294/1/2 1298/1/2
f 1299/2/2 1300/2/2 1301/2/2
f 1301/2/2 1300/2/2 1302/2/2
f 1303/1/2 1304/1/2 1305/1/2
f 1305/1/2 1304/1/2 1306/1/2
f 1306/1/2 1304/1/2 1307/1/2
f 1307/1/2 1304/1/2 1308/1/2
f 1309/1/2 1310/1/2 1311/1/2
f 1311/1/2 1310/1/2 1312/1/2
f 1313/1/2 1314/1/2 1315/1/2
f 1315/1/2 1314/1/2 1316/1/2
f 1317/2/2 1318/2/2 1319/2/2
f 1319/2/2 1318/2/2 1320/2/2
f 1321/1/2 1322/1/2 1326/1/2
f 1326/1/2 1322/1/2 1327/1/2
f 1323/1/2 1324/1/2 1328/1/2
f 1324/2/2 1325/2/2 1329/2/2
f 1328/1/2 1324/1/2 1329/1/2
f 1329/2/2 1325/2/2 1330/2/2
f 1331/1/2 1332/1/2 1333/1/2
f 1333/1/2 1332/1/2 1334/1/2
f 1335/2/2 1336/2/2 1337/2/2
f 1337/2/2 1336/2/2 1338/2/2
f 1339/1/2 1340/1/2 1341/1/2
f 1341/1/2 1340/1/2 1342/1/2
f 1343/2/2 1344/2/2 1345/2/2
f 1345/2/2 1344/2/2 1346/2/2
f 1347/2/2 1348/2/2 1352/2/2
f 1352/2/2 1348/2/2 1353/2/2
f 1349/1/2 1350/1/2 1354/1/2
f 1354/1/2 1355/1/2 1356/1/2
f 1351/1/2 1352/1/2 1357/1/2
f 1354/1/2 1356/1/2 1358/1/2
f 1356/1/2 1357/1/2 1358/1/2
f 1349/1/2 1354/1/2 1358/1/2
f 1357/1/2 1352/1/2 1359/1/2
f 1358/1/2 1357/1/2 1359/1/2
f 1360/1/2 1361/1/2 1364/1/2
f 1364/1/2 1361/1/2 1365/1/2
f 1362/1/2 1363/1/2 1366/1/2
f 1366/1/2 1363/1/2 1367/1/2
f 1368/1/2 1369/1/2 1373/1/2
f 1370/1/2 1371/1/2 1374/1/2
f 1372/1/2 1373/1/2 1376/1/2
f 1373/1/2 1369/1/2 1377/1/2
f 1376/1/2 1373/1/2 1377/1/2
f 1374/1/2 1375/1/2 1378/1/2
f 1370/1/2 1374/1/2 1378/1/2
f 1378/1/2 1375/1/2 1379/1/2
f 1379/1/2 1375/1/2 1383/1/2
f 1383/1/2 1375/1/2 1384/1/2
f 1380/1/2 1381/1/2 1385/1/2
f 1385/1/2 1381/1/2 1386/1/2
f 1382/1/2 1383/1/2 1389/1/2
f 1389/1/2 1383/1/2 1390/1/2
f 1386/1/2 1387/1/2 1391/1/2
f 1391/1/2 1387/1/2 1392/1/2
f 1388/1/2 1389/1/2 1393/1/2
f 1393/1/2 1389/1/2 1394/1/2
f 1395/1/2 1396/1/2 1399/1/2
f 1399/1/2 1396/1/2 1400/1/2
f 1397/1/2 1398/1/2 1401/1/2
f 1401/1/2 1398/1/2 1402/1/2
f 1403/2/2 1404/2/2 1405/2/2
f 1405/2/2 1404/2/2 1406/2/2
f 1407/2/2 1408/2/2 1409/2/2
f 1409/2/2 1408/2/2 1410/2/2
f 1411/2/2 1412/2/2 1413/2/2
f 1413/2/2 1412/2/2 1414/2/2
f 1415/2/2 1416/2/2 1417/2/2
f 1417/2/2 1416/2/2 1418/2/2
f 1419/2/2 1420/2/2 1421/2/2
f 1421/2/2 1420/2/2 1422/2/2
f 1423/2/2 1424/2/2 1425/2/2
f 1425/2/2 1424/2/2 1426/2/2
f 1427/2/2 1428/2/2 1429/2/2
f 1429/2/2 1428/2/2 1430/2/2
f 1431/2/2 1432/2/2 1433/2/2
f 1433/2/2 1432/2/2 1434/2/2
f 1435/2/2 1436/2/2 1437/2/2
f 1437/2/2 1436/2/2 1438/2/2
f 1439/2/2 1440/2/2 1441/2/2
f 1441/2/2 1440/2/2 1442/2/2
f 1443/2/2 1444/2/2 1445/2/2
f 1445/2/2 1444/2/2 1446/2/2
f 1447/2/2 1448/2/2 1449/2/2
f 1449/2/2 1448/2/2 1450/2/2
f 1451/2/2 1452/2/2 1453/2/2
f 1453/2/2 1452/2/2 1454/2/2
f 1455/2/2 1456/2/2 1457/2/2
f 1457/2/2 1456/2/2 1458/2/2
f 1459/2/2 1460/2/2 1461/2/2
f 1461/2/2 1460/2/2 1462/2/2
f 1463/2/2 1464/2/2 1465/2/2
f 1465/2/2 1464/2/2 1466/2/2
f 1467/2/2 1468/2/2 1469/2/2
f 1469/2/2 1468/2/2 1470/2/2
f 1471/1/2 1472/1/2 1475/1/2
f 1475/1/2 1472/1/2 1476/1/2
f 1473/1/2 1474/1/2 1477/1/2
f 1477/1/2 1474/1/2 1478/1/2
f 1479/2/2 1480/2/2 1481/2/2
f 1481/2/2 1480/2/2 1482/2/2
f 1483/2/2 1484/2/2 1485/2/2
f 1485/2/2 1484/2/2 1486/2/2
f 1487/1/2 1488/1/2 1491/1/2
f 1491/1/2 1488/1/2 1492/1/2
f 1489/1/2 1490/1/2 1493/1/2
f 1493/1/2 1490/1/2 1494/1/2
f 1495/2/2 1496/2/2 1497/2/2
f 1497/2/2 1496/2/2 1498/2/2
f 1499/1/2 1500/1/2 1503/1/2
f 1503/1/2 1500/1/2 1504/1/2
f 1501/1/2 1502/1/2 1505/1/2
f 1505/1/2 1502/1/2 1506/1/2
f 1507/1/2 1508/1/2 1511/1/2
f 1511/1/2 1508/1/2 1512/1/2
f 1509/1/2 1510/1/2 1514/1/2
f 1514/1/2 1510/1/2 1515/1/2
f 1512/1/2 1513/1/2 1516/1/2
f 1516/1/2 1513/1/2 1517/1/2
f 1517/1/2 1518/1/2 1521/1/2
f 1521/1/2 1518/1/2 1522/1/2
f 1519/1/2 1520/1/2 1525/1/2
f 1525/1/2 1520/1/2 1526/1/2
f 1522/1/2 1523/1/2 1527/1/2
f 1527/1/2 1523/1/2 1528/1/2
f 1524/1/2 1525/1/2 1529/1/2
f 1529/1/2 1525/1/2 1530/1/2
f 1531/1/2 1532/1/2 1536/1/2
f 1535/2/2 1536/2/2 1537/2/2
f 1536/1/2 1532/1/2 1538/1/2
f 1537/2/2 1536/2/2 1538/2/2
f 1533/1/2 1534/1/2 1539/1/2
f 1539/1/2 1534/1/2 1540/1/2
f 1538/1/2 1532/1/2 1541/1/2
f 1541/1/2 1532/1/2 1542/1/2
f 1540/1/2 1534/1/2 1543/1/2
f 1543/1/2 1534/1/2 1544/1/2
f 1544/2/2 1545/2/2 1546/2/2
f 1546/2/2 1545/2/2 1547/2/2
f 1548/1/2 1549/1/2 1552/1/2
f 1552/1/2 1549/1/2 1553/1/2
f 1550/1/2 1551/1/2 1556/1/2
f 1550/1/2 1556/1/2 1558/1/2
f 1556/2/2 1557/2/2 1558/2/2
f 1558/2/2 1557/2/2 1559/2/2
f 1554/1/2 1555/1/2 1560/1/2
f 1560/1/2 1555/1/2 1561/1/2
f 1550/1/2 1558/1/2 1562/1/2
f 1562/1/2 1558/1/2 1563/1/2
f 1564/1/2 1565/1/2 1568/1/2
f 1568/1/2 1565/1/2 1569/1/2
f 1566/1/2 1567/1/2 1570/1/2
f 1570/1/2 1567/1/2 1571/1/2
f 1572/1/2 1573/1/2 1576/1/2
f 1576/1/2 1573/1/2 1577/1/2
f 1574/1/2 1575/1/2 1578/1/2
f 1578/1/2 1575/1/2 1579/1/2
f 1580/1/2 1581/1/2 1584/1/2
f 1584/1/2 1581/1/2 1585/1/2
f 1582/1/2 1583/1/2 1586/1/2
f 1586/1/2 1583/1/2 1587/1/2
f 1588/1/2 1589/1/2 1592/1/2
f 1592/1/2 1589/1/2 1593/1/2
f 1590/1/2 1591/1/2 1596/1/2
f 1594/1/2 1595/1/2 1598/1/2
f 1598/1/2 1595/1/2 1599/1/2
f 1590/1/2 1596/1/2 1600/1/2
f 1596/2/2 1597/2/2 1601/2/2
f 1600/1/2 1596/1/2 1601/1/2
f 1601/2/2 1597/2/2 1602/2/2
f 1605/1/2 1606/1/2 1607/1/2
f 1607/1/2 1606/1/2 1608/1/2
f 1603/1/2 1604/1/2 1609/1/2
f 1609/1/2 1604/1/2 1610/1/2
f 1611/1/2 1612/1/2 1616/1/2
f 1615/2/2 1616/2/2 1617/2/2
f 1616/1/2 1612/1/2 1618/1/2
f 1617/2/2 1616/2/2 1618/2/2
f 1618/1/2 1612/1/2 1619/1/2
f 1613/1/2 1614/1/2 1620/1/2
f 1620/1/2 1614/1/2 1621/1/2
f 1622/1/2 1623/1/2 1626/1/2
f 1626/1/2 1623/1/2 1627/1/2
f 1624/1/2 1625/1/2 1630/1/2
f 1630/1/2 1625/1/2 1631/1/2
f 1627/1/2 1628/1/2 1632/1/2
f 1632/1/2 1628/1/2 1633/1/2
f 1629/1/2 1630/1/2 1636/1/2
f 1636/1/2 1630/1/2 1637/1/2
f 1633/1/2 1634/1/2 1638/1/2
f 1638/1/2 1634/1/2 1639/1/2
f 1635/1/2 1636/1/2 1642/1/2
f 1636/2/2 1637/2/2 1643/2/2
f 1642/1/2 1636/1/2 1643/1/2
f 1643/2/2 1637/2/2 1644/2/2
f 1639/1/2 1640/1/2 1645/1/2
f 1645/1/2 1640/1/2 1646/1/2
f 1641/1/2 1642/1/2 1649/1/2
f 1649/1/2 1642/1/2 1650/1/2
f 1646/1/2 1647/1/2 1651/1/2
f 1651/1/2 1647/1/2 1652/1/2
f 1648/1/2 1649/1/2 1653/1/2
f 1653/1/2 1649/1/2 1654/1/2
f 1655/2/2 1656/2/2 1661/2/2
f 1661/2/2 1656/2/2 1662/2/2
f 1658/1/2 1659/1/2 1664/1/2
f 1657/1/2 1658/1/2 1664/1/2
f 1664/1/2 1659/1/2 1665/1/2
f 1662/1/2 1663/1/2 1666/1/2
f 1661/1/2 1662/1/2 1666/1/2
f 1660/1/2 1661/1/2 1666/1/2
f 1666/1/2 1663/1/2 1667/1/2
f 1665/1/2 1659/1/2 1669/1/2
f 1669/1/2 1659/1/2 1670/1/2
f 1660/1/2 1666/1/2 1671/1/2
f 1671/1/2 1666/1/2 1672/1/2
f 1668/2/2 1669/2/2 1673/2/2
f 1673/2/2 1669/2/2 1674/2/2
f 1675/1/2 1676/1/2 1679/1/2
f 1677/1/2 1678/1/2 1682/1/2
f 1679/1/2 1680/1/2 1683/1/2
f 1675/1/2 1679/1/2 1683/1/2
f 1683/1/2 1680/1/2 1684/1/2
f 1684/1/2 1680/1/2 1685/1/2
f 1681/1/2 1682/1/2 1686/1/2
f 1682/1/2 1678/1/2 1687/1/2
f 1686/1/2 1682/1/2 1687/1/2
f 1687/1/2 1678/1/2 1688/1/2
f 1689/1/2 1690/1/2 1693/1/2
f 1693/1/2 1690/1/2 1694/1/2
f 1691/1/2 1692/1/2 1695/1/2
f 1695/1/2 1692/1/2 1696/1/2
f 1695/2/2 1696/2/2 1697/2/2
f 1697/2/2 1696/2/2 1698/2/2
f 1699/1/2 1700/1/2 1703/1/2
f 1703/1/2 1700/1/2 1704/1/2
f 1701/1/2 1702/1/2 1705/1/2
f 1705/1/2 1702/1/2 1706/1/2
f 1707/1/2 1708/1/2 1711/1/2
f 1711/1/2 1708/1/2 1712/1/2
f 1709/1/2 1710/1/2 1713/1/2
f 1713/1/2 1710/1/2 1714/1/2
f 1715/2/2 1716/2/2 1717/2/2
f 1717/2/2 1716/2/2 1718/2/2
f 1719/1/2 1720/1/2 1723/1/2
f 1723/1/2 1720/1/2 1724/1/2
f 1721/1/2 1722/1/2 1727/1/2
f 1727/1/2 1722/1/2 1728/1/2
f 1726/1/2 1727/1/2 1729/1/2
f 1724/1/2 1725/1/2 1731/1/2
f 1731/1/2 1725/1/2 1732/1/2
f 1726/1/2 1729/1/2 1733/1/2
f 1729/2/2 1730/2/2 1734/2/2
f 1733/1/2 1729/1/2 1734/1/2
f 1734/2/2 1730/2/2 1735/2/2
f 1736/2/2 1737/2/2 1738/2/2
f 1738/2/2 1737/2/2 1739/2/2
f 1739/1/2 1740/1/2 1743/1/2
f 1743/1/2 1740/1/2 1744/1/2
f 1741/1/2 1742/1/2 1745/1/2
f 1745/1/2 1742/1/2 1746/1/2
f 1747/2/2 1748/2/2 1752/2/2
f 1752/2/2 1748/2/2 1753/2/2
f 1749/1/2 1750/1/2 1754/1/2
f 1754/1/2 1750/1/2 1755/1/2
f 1751/1/2 1752/1/2 1756/1/2
f 1756/1/2 1752/1/2 1757/1/2
f 1758/1/2 1759/1/2 1762/1/2
f 1762/1/2 1759/1/2 1763/1/2
f 1760/1/2 1761/1/2 1766/1/2
f 1766/1/2 1761/1/2 1767/1/2
f 1763/1/2 1764/1/2 1768/1/2
f 1768/1/2 1764/1/2 1769/1/2
f 1765/1/2 1766/1/2 1771/1/2
f 1771/1/2 1766/1/2 1772/1/2
f 1769/1/2 1770/1/2 1773/1/2
f 1773/1/2 1770/1/2 1774/1/2
f 1775/1/2 1776/1/2 1779/1/2
f 1779/1/2 1776/1/2 1780/1/2
f 1777/1/2 1778/1/2 1781/1/2
f 1781/1/2 1778/1/2 1782/1/2
f 1783/1/2 1784/1/2 1787/1/2
f 1787/1/2 1784/1/2 1788/1/2
f 1785/1/2 1786/1/2 1789/1/2
f 1789/1/2 1786/1/2 1790/1/2
f 1791/1/2 1792/1/2 1795/1/2
f 1795/1/2 1792/1/2 1796/1/2
f 1793/1/2 1794/1/2 1797/1/2
f 1797/1/2 1794/1/2 1798/1/2
f 1801/1/2 1802/1/2 1804/1/2
f 1803/2/2 1804/2/2 1805/2/2
f 1804/1/2 1802/1/2 1806/1/2
f 1805/2/2 1804/2/2 1806/2/2
f 1806/1/2 1802/1/2 1807/1/2
f 1799/1/2 1800/1/2 1810/1/2
f 1807/1/2 1808/1/2 1811/1/2
f 1806/1/2 1807/1/2 1811/1/2
f 1811/1/2 1808/1/2 1812/1/2
f 1809/1/2 1810/1/2 1813/1/2
f 1810/1/2 1800/1/2 1814/1/2
f 1813/1/2 1810/1/2 1814/1/2
f 1814/1/2 1800/1/2 1815/1/2
f 1806/1/2 1811/1/2 1817/1/2
f 1814/1/2 1815/1/2 1820/1/2
f 1815/2/2 1816/2/2 1821/2/2
f 1820/1/2 1815/1/2 1821/1/2
f 1821/2/2 1816/2/2 1822/2/2
f 1817/1/2 1818/1/2 1823/1/2
f 1823/1/2 1818/1/2 1824/1/2
f 1819/1/2 1820/1/2 1825/1/2
f 1820/1/2 1821/1/2 1825/1/2
f 1825/1/2 1821/1/2 1826/1/2
f 1806/1/2 1817/1/2 1827/1/2
f 1817/1/2 1823/1/2 1827/1/2
f 1827/1/2 1823/1/2 1828/1/2
f 1826/1/2 1821/1/2 1829/1/2
f 1829/1/2 1821/1/2 1830/1/2
f 1806/1/2 1827/1/2 1831/1/2
f 1830/1/2 1821/1/2 1833/1/2
f 1833/1/2 1821/1/2 1835/1/2
f 1831/1/2 1832/1/2 1836/1/2
f 1806/1/2 1831/1/2 1836/1/2
f 1836/1/2 1832/1/2 1837/1/2
f 1834/1/2 1835/1/2 1838/1/2
f 1835/1/2 1821/1/2 1839/1/2
f 1838/1/2 1835/1/2 1839/1/2
f 1806/1/2 1836/1/2 1840/1/2
f 1839/1/2 1821/1/2 1843/1/2
f 1840/1/2 1841/1/2 1844/1/2
f 1806/1/2 1840/1/2 1844/1/2
f 1844/1/2 1841/1/2 1845/1/2
f 1842/1/2 1843/1/2 1846/1/2
f 1843/1/2 1821/1/2 1847/1/2
f 1846/1/2 1843/1/2 1847/1/2
f 1848/1/2 1849/1/2 1852/1/2
f 1852/1/2 1849/1/2 1853/1/2
f 1850/1/2 1851/1/2 1857/1/2
f 1857/1/2 1851/1/2 1858/1/2
f 1854/1/2 1855/1/2 1860/1/2
f 1860/1/2 1855/1/2 1861/1/2
f 1856/1/2 1857/1/2 1862/1/2
f 1862/1/2 1857/1/2 1863/1/2
f 1859/1/2 1860/1/2 1865/1/2
f 1865/1/2 1860/1/2 1866/1/2
f 1863/1/2 1864/1/2 1867/1/2
f 1867/1/2 1864/1/2 1868/1/2
f 1869/1/2 1870/1/2 1873/1/2
f 1873/1/2 1870/1/2 1874/1/2
f 1871/1/2 1872/1/2 1877/1/2
f 1877/1/2 1872/1/2 1878/1/2
f 1873/2/2 1874/2/2 1879/2/2
f 1874/1/2 1875/1/2 1880/1/2
f 1879/2/2 1874/2/2 1880/2/2
f 1880/1/2 1875/1/2 1881/1/2
f 1876/1/2 1877/1/2 1884/1/2
f 1877/2/2 1878/2/2 1885/2/2
f 1884/1/2 1877/1/2 1885/1/2
f 1885/2/2 1878/2/2 1886/2/2
f 1881/1/2 1882/1/2 1887/1/2
f 1887/1/2 1882/1/2 1888/1/2
f 1883/1/2 1884/1/2 1889/1/2
f 1889/1/2 1884/1/2 1890/1/2
f 1888/1/2 1889/1/2 1891/1/2
f 1891/1/2 1889/1/2 1892/1/2
f 1892/1/2 1889/1/2 1893/1/2
f 1892/2/2 1893/2/2 1894/2/2
f 1894/2/2 1893/2/2 1895/2/2
f 1896/1/2 1897/1/2 1901/1/2
f 1898/1/2 1899/1/2 1902/1/2
f 1900/1/2 1901/1/2 1904/1/2
f 1901/1/2 1897/1/2 1904/1/2
f 1902/1/2 1903/1/2 1907/1/2
f 1898/1/2 1902/1/2 1907/1/2
f 1904/1/2 1905/1/2 1908/1/2
f 1900/1/2 1904/1/2 1908/1/2
f 1908/1/2 1905/1/2 1909/1/2
f 1906/1/2 1907/1/2 1910/1/2
f 1907/1/2 1903/1/2 1910/1/2
f 1910/1/2 1903/1/2 1911/1/2
f 1909/1/2 1905/1/2 1912/1/2
f 1912/1/2 1905/1/2 1913/1/2
f 1906/1/2 1910/1/2 1914/1/2
f 1914/1/2 1910/1/2 1915/1/2
f 1909/1/2 1912/1/2 1917/1/2
f 1917/1/2 1912/1/2 1918/1/2
f 1915/1/2 1910/1/2 1919/1/2
f 1919/1/2 1910/1/2 1920/1/2
f 1916/1/2 1917/1/2 1922/1/2
f 1920/1/2 1921/1/2 1925/1/2
f 1922/1/2 1923/1/2 1927/1/2
f 1916/1/2 1922/1/2 1927/1/2
f 1927/1/2 1923/1/2 1928/1/2
f 1928/1/2 1923/1/2 1929/1/2
f 1924/1/2 1925/1/2 1930/1/2
f 1925/1/2 1921/1/2 1931/1/2
f 1930/1/2 1925/1/2 1931/1/2
f 1926/2/2 1927/2/2 1932/2/2
f 1927/1/2 1928/1/2 1933/1/2
f 1932/2/2 1927/2/2 1933/2/2
f 1933/1/2 1928/1/2 1934/1/2
f 1931/1/2 1921/1/2 1937/1/2
f 1934/1/2 1935/1/2 1938/1/2
f 1933/1/2 1934/1/2 1938/1/2
f 1938/1/2 1935/1/2 1939/1/2
f 1936/1/2 1937/1/2 1940/1/2
f 1937/1/2 1921/1/2 1941/1/2
f 1940/1/2 1937/1/2 1941/1/2
f 1933/1/2 1938/1/2 1942/1/2
f 1942/1/2 1938/1/2 1943/1/2
f 1944/1/2 1945/1/2 1946/1/2
f 1946/1/2 1945/1/2 1947/1/2
f 1941/1/2 1921/1/2 1948/1/2
f 1948/1/2 1921/1/2 1949/1/2
f 1950/1/2 1951/1/2 1954/1/2
f 1952/1/2 1953/1/2 1958/1/2
f 1950/1/2 1954/1/2 1959/1/2
f 1959/1/2 1954/1/2 1960/1/2
f 1955/1/2 1956/1/2 1961/1/2
f 1957/1/2 1958/1/2 1963/1/2
f 1958/1/2 1953/1/2 1964/1/2
f 1963/1/2 1958/1/2 1964/1/2
f 1961/1/2 1956/1/2 1966/1/2
f 1962/1/2 1963/1/2 1967/1/2
f 1965/1/2 1966/1/2 1970/1/2
f 1966/1/2 1956/1/2 1971/1/2
f 1970/1/2 1966/1/2 1971/1/2
f 1967/1/2 1968/1/2 1972/1/2
f 1962/1/2 1967/1/2 1972/1/2
f 1972/1/2 1968/1/2 1973/1/2
f 1969/1/2 1970/1/2 1975/1/2
f 1975/1/2 1970/1/2 1976/1/2
f 1973/1/2 1974/1/2 1979/1/2
f 1979/1/2 1974/1/2 1980/1/2
f 1978/1/2 1979/1/2 1981/1/2
f 1979/2/2 1980/2/2 1981/2/2
f 1981/2/2 1980/2/2 1982/2/2
f 1976/1/2 1977/1/2 1984/1/2
f 1984/1/2 1977/1/2 1985/1/2
f 1978/1/2 1981/1/2 1988/1/2
f 1988/1/2 1981/1/2 1989/1/2
f 1985/1/2 1986/1/2 1991/1/2
f 1983/1/2 1984/1/2 1991/1/2
f 1984/1/2 1985/1/2 1991/1/2
f 1991/1/2 1986/1/2 1992/1/2
f 1992/1/2 1986/1/2 1993/1/2
f 1993/1/2 1986/1/2 1994/1/2
f 1989/1/2 1990/1/2 1995/1/2
f 1988/1/2 1989/1/2 1995/1/2
f 1987/1/2 1988/1/2 1995/1/2
f 1995/1/2 1990/1/2 1996/1/2
f 1992/1/2 1993/1/2 1997/1/2
f 1992/1/2 1997/1/2 2000/1/2
f 1997/1/2 1998/1/2 2000/1/2
f 2000/1/2 1998/1/2 2001/1/2
f 2001/1/2 1998/1/2 2002/1/2
f 1987/1/2 1995/1/2 2003/1/2
f 2003/1/2 1995/1/2 2004/1/2
f 2004/1/2 1995/1/2 2005/1/2
f 1999/1/2 2000/1/2 2008/1/2
f 2000/1/2 2001/1/2 2008/1/2
f 2007/2/2 2008/2/2 2009/2/2
f 2008/1/2 2001/1/2 2010/1/2
f 2009/2/2 2008/2/2 2010/2/2
f 2010/1/2 2001/1/2 2011/1/2
f 2005/1/2 2006/1/2 2012/1/2
f 2004/1/2 2005/1/2 2012/1/2
f 2012/1/2 2006/1/2 2013/1/2
f 2011/1/2 2001/1/2 2015/1/2
f 2004/1/2 2012/1/2 2016/1/2
f 2014/1/2 2015/1/2 2018/1/2
f 2015/1/2 2001/1/2 2019/1/2
f 2018/1/2 2015/1/2 2019/1/2
f 2019/1/2 2001/1/2 2021/1/2
f 2021/1/2 2001/1/2 2022/1/2
f 2016/1/2 2017/1/2 2023/1/2
f 2004/1/2 2016/1/2 2023/1/2
f 2023/1/2 2017/1/2 2024/1/2
f 2024/1/2 2017/1/2 2025/1/2
f 2025/1/2 2017/1/2 2026/1/2
f 2020/1/2 2021/1/2 2027/1/2
f 2027/1/2 2021/1/2 2028/1/2
f 2028/1/2 2029/1/2 2032/1/2
f 2032/1/2 2029/1/2 2033/1/2
f 2030/1/2 2031/1/2 2036/1/2
f 2036/1/2 2031/1/2 2037/1/2
f 2033/1/2 2034/1/2 2038/1/2
f 2038/1/2 2034/1/2 2039/1/2
f 2035/1/2 2036/1/2 2040/1/2
f 2040/1/2 2036/1/2 2041/1/2
f 2039/1/2 2040/1/2 2042/1/2
f 2042/1/2 2040/1/2 2043/1/2
f 2044/1/2 2045/1/2 2046/1/2
f 2046/1/2 2045/1/2 2047/1/2
f 2047/1/2 2045/1/2 2048/1/2
f 2048/1/2 2045/1/2 2049/1/2
f 2047/1/2 2048/1/2 2050/1/2
f 2050/1/2 2048/1/2 2051/1/2
f 2050/1/2 2051/1/2 2054/1/2
f 2051/1/2 2052/1/2 2054/1/2
f 2053/1/2 2054/1/2 2056/1/2
f 2054/1/2 2052/1/2 2057/1/2
f 2056/1/2 2054/1/2 2057/1/2
f 2056/1/2 2057/1/2 2059/1/2
f 2057/1/2 2058/1/2 2059/1/2
f 2055/1/2 2056/1/2 2059/1/2
f 2059/1/2 2058/1/2 2060/1/2
f 2055/1/2 2059/1/2 2061/1/2
f 2061/1/2 2059/1/2 2062/1/2
f 2062/1/2 2059/1/2 2063/1/2
f 2062/1/2 2063/1/2 2065/1/2
f 2065/1/2 2063/1/2 2066/1/2
f 2065/1/2 2066/1/2 2068/1/2
f 2066/1/2 2067/1/2 2068/1/2
f 2064/1/2 2065/1/2 2068/1/2
f 2068/1/2 2067/1/2 2069/1/2
f 2069/1/2 2067/1/2 2070/1/2
f 2070/1/2 2067/1/2 2071/1/2
f 2069/1/2 2070/1/2 2072/1/2
f 2072/1/2 2070/1/2 2073/1/2
f 2069/1/2 2072/1/2 2075/1/2
f 2074/1/2 2075/1/2 2079/1/2
f 2075/1/2 2072/1/2 2080/1/2
f 2079/1/2 2075/1/2 2080/1/2
f 2076/1/2 2077/1/2 2081/1/2
f 2081/1/2 2077/1/2 2082/1/2
f 2078/2/2 2079/2/2 2083/2/2
f 2083/2/2 2079/2/2 2084/2/2
f 2085/1/2 2086/1/2 2089/1/2
f 2089/1/2 2086/1/2 2090/1/2
f 2090/1/2 2086/1/2 2091/1/2
f 2087/1/2 2088/1/2 2092/1/2
f 2092/1/2 2088/1/2 2093/1/2
f 2089/2/2 2090/2/2 2094/2/2
f 2094/2/2 2090/2/2 2095/2/2
f 2096/1/2 2097/1/2 2099/1/2
f 2099/1/2 2097/1/2 2100/1/2
f 2098/1/2 2099/1/2 2102/1/2
f 2100/1/2 2101/1/2 2102/1/2
f 2099/1/2 2100/1/2 2102/1/2
f 2102/1/2 2101/1/2 2103/1/2
f 2103/1/2 2101/1/2 2104/1/2
f 2104/1/2 2101/1/2 2105/1/2
f 2103/1/2 2104/1/2 2106/1/2
f 2106/1/2 2104/1/2 2107/1/2
f 2107/1/2 2104/1/2 2108/1/2
f 2108/1/2 2104/1/2 2109/1/2
f 2107/1/2 2108/1/2 2111/1/2
f 2110/2/2 2111/2/2 2112/2/2
f 2111/1/2 2108/1/2 2113/1/2
f 2112/2/2 2111/2/2 2113/2/2
f 2113/1/2 2108/1/2 2115/1/2
f 2115/1/2 2108/1/2 2116/1/2
f 2114/1/2 2115/1/2 2118/1/2
f 2116/1/2 2117/1/2 2118/1/2
f 2115/1/2 2116/1/2 2118/1/2
f 2118/1/2 2117/1/2 2119/1/2
f 2114/1/2 2118/1/2 2120/1/2
f 2119/1/2 2117/1/2 2121/1/2
f 2122/2/2 2123/2/2 2124/2/2
f 2124/2/2 2123/2/2 2125/2/2
f 2114/1/2 2120/1/2 2126/1/2
f 2120/1/2 2121/1/2 2126/1/2
f 2126/1/2 2121/1/2 2127/1/2
f 2127/1/2 2121/1/2 2128/1/2
f 2121/1/2 2117/1/2 2129/1/2
f 2128/1/2 2121/1/2 2129/1/2
f 2126/1/2 2127/1/2 2131/1/2
f 2125/1/2 2126/1/2 2131/1/2
f 2128/1/2 2129/1/2 2132/1/2
f 2129/1/2 2130/1/2 2132/1/2
f 2132/1/2 2130/1/2 2133/1/2
f 2132/1/2 2133/1/2 2135/1/2
f 2131/1/2 2132/1/2 2135/1/2
f 2125/1/2 2131/1/2 2135/1/2
f 2135/1/2 2133/1/2 2136/1/2
f 2136/1/2 2133/1/2 2137/1/2
f 2133/2/2 2134/2/2 2138/2/2
f 2137/1/2 2133/1/2 2138/1/2
f 2138/2/2 2134/2/2 2139/2/2
f 2136/1/2 2137/1/2 2140/1/2
f 2140/1/2 2137/1/2 2141/1/2
f 2136/1/2 2140/1/2 2142/1/2
f 2142/1/2 2140/1/2 2143/1/2
f 2143/1/2 2140/1/2 2144/1/2
f 2141/1/2 2137/1/2 2145/1/2
f 2145/1/2 2137/1/2 2146/1/2
f 2143/1/2 2144/1/2 2147/1/2
f 2144/1/2 2145/1/2 2147/1/2
f 2147/1/2 2145/1/2 2148/1/2
f 2149/2/2 2150/2/2 2151/2/2
f 2151/2/2 2150/2/2 2152/2/2
f 2153/2/2 2154/2/2 2155/2/2
f 2155/2/2 2154/2/2 2156/2/2
f 2157/2/2 2158/2/2 2159/2/2
f 2159/2/2 2158/2/2 2160/2/2
f 2161/2/2 2162/2/2 2163/2/2
f 2163/2/2 2162/2/2 2164/2/2
f 2165/2/2 2166/2/2 2167/2/2
f 2167/2/2 2166/2/2 2168/2/2
f 2169/1/2 2170/1/2 2171/1/2
f 2171/1/2 2170/1/2 2172/1/2
f 2173/1/2 2174/1/2 2175/1/2
f 2175/1/2 2174/1/2 2176/1/2
f 2177/1/2 2178/1/2 2181/1/2
f 2181/1/2 2178/1/2 2182/1/2
f 2179/1/2 2180/1/2 2183/1/2
f 2183/1/2 2180/1/2 2184/1/2
f 2185/1/2 2186/1/2 2189/1/2
f 2189/1/2 2186/1/2 2190/1/2
f 2187/1/2 2188/1/2 2191/1/2
f 2191/1/2 2188/1/2 2192/1/2
f 2193/2/2 2194/2/2 2195/2/2
f 2195/2/2 2194/2/2 2196/2/2
f 2197/1/2 2198/1/2 2199/1/2
f 2199/1/2 2198/1/2 2200/1/2
f 2201/1/2 2202/1/2 2203/1/2
f 2203/1/2 2202/1/2 2204/1/2
f 2205/1/2 2206/1/2 2209/1/2
f 2209/1/2 2206/1/2 2210/1/2
f 2207/2/2 2208/2/2 2211/2/2
f 2211/2/2 2208/2/2 2212/2/2
f 2213/1/2 2214/1/2 2215/1/2
f 2215/1/2 2214/1/2 2216/1/2
f 2217/1/2 2218/1/2 2219/1/2
f 2219/1/2 2218/1/2 2220/1/2
f 2221/2/2 2222/2/2 2223/2/2
f 2223/2/2 2222/2/2 2224/2/2
f 2225/1/2 2226/1/2 2227/1/2
f 2227/1/2 2226/1/2 2228/1/2
f 2229/2/2 2230/2/2 2233/2/2
f 2233/2/2 2230/2/2 2234/2/2
f 2231/1/2 2232/1/2 2235/1/2
f 2235/1/2 2232/1/2 2236/1/2
f 2237/2/2 2238/2/2 2239/2/2
f 2239/2/2 2238/2/2 2240/2/2
f 2241/2/2 2242/2/2 2245/2/2
f 2245/2/2 2242/2/2 2246/2/2
f 2243/2/2 2244/2/2 2247/2/2
f 2247/2/2 2244/2/2 2248/2/2
f 2249/1/2 2250/1/2 2251/1/2
f 2251/1/2 2250/1/2 2252/1/2
f 2252/1/2 2250/1/2 2253/1/2
f 2249/1/2 2251/1/2 2255/1/2
f 2255/1/2 2251/1/2 2256/1/2
f 2252/1/2 2253/1/2 2257/1/2
f 2253/2/2 2254/2/2 2258/2/2
f 2257/1/2 2253/1/2 2258/1/2
f 2258/2/2 2254/2/2 2259/2/2
f 2260/2/2 2261/2/2 2262/2/2
f 2262/2/2 2261/2/2 2263/2/2
f 2264/2/2 2265/2/2 2266/2/2
f 2266/2/2 2265/2/2 2267/2/2
f 2268/1/2 2269/1/2 2272/1/2
f 2272/1/2 2269/1/2 2273/1/2
f 2270/1/2 2271/1/2 2274/1/2
f 2274/1/2 2271/1/2 2275/1/2
f 2276/1/2 2277/1/2 2278/1/2
f 2278/1/2 2277/1/2 2279/1/2
f 2282/2/2 2283/2/2 2284/2/2
f 2284/2/2 2283/2/2 2285/2/2
f 2280/1/2 2281/1/2 2286/1/2
f 2280/1/2 2286/1/2 2288/1/2
f 2286/1/2 2287/1/2 2288/1/2
f 2288/1/2 2287/1/2 2289/1/2
f 2289/1/2 2287/1/2 2292/1/2
f 2292/1/2 2287/1/2 2293/1/2
f 2290/1/2 2291/1/2 2294/1/2
f 2294/1/2 2291/1/2 2295/1/2
f 2296/1/2 2297/1/2 2298/1/2
f 2298/1/2 2297/1/2 2299/1/2
f 2300/1/2 2301/1/2 2302/1/2
f 2302/1/2 2303/1/2 2306/1/2
f 2300/1/2 2302/1/2 2306/1/2
f 2306/1/2 2303/1/2 2307/1/2
f 2307/1/2 2303/1/2 2309/1/2
f 2308/2/2 2309/2/2 2310/2/2
f 2309/1/2 2303/1/2 2311/1/2
f 2310/2/2 2309/2/2 2311/2/2
f 2304/1/2 2305/1/2 2312/1/2
f 2312/1/2 2305/1/2 2313/1/2
f 2311/1/2 2303/1/2 2316/1/2
f 2316/1/2 2303/1/2 2317/1/2
f 2314/1/2 2315/1/2 2319/1/2
f 2318/1/2 2319/1/2 2321/1/2
f 2319/1/2 2315/1/2 2322/1/2
f 2321/1/2 2319/1/2 2322/1/2
f 2320/1/2 2321/1/2 2323/1/2
f 2323/1/2 2321/1/2 2324/1/2
f 2325/1/2 2326/1/2 2328/1/2
f 2328/1/2 2326/1/2 2329/1/2
f 2327/1/2 2328/1/2 2331/1/2
f 2329/1/2 2330/1/2 2331/1/2
f 2328/1/2 2329/1/2 2331/1/2
f 2331/1/2 2330/1/2 2332/1/2
f 2332/1/2 2330/1/2 2333/1/2
f 2333/1/2 2330/1/2 2334/1/2
f 2334/1/2 2330/1/2 2335/1/2
f 2332/1/2 2333/1/2 2336/1/2
f 2332/1/2 2336/1/2 2338/1/2
f 2336/1/2 2337/1/2 2338/1/2
f 2338/1/2 2337/1/2 2339/1/2
f 2332/1/2 2338/1/2 2340/1/2
f 2339/1/2 2337/1/2 2341/1/2
f 2341/1/2 2337/1/2 2342/1/2
f 2340/1/2 2341/1/2 2344/1/2
f 2342/2/2 2343/2/2 2344/2/2
f 2341/1/2 2342/1/2 2344/1/2
f 2344/2/2 2343/2/2 2345/2/2
f 2332/1/2 2340/1/2 2346/1/2
f 2340/1/2 2344/1/2 2346/1/2
f 2346/1/2 2344/1/2 2347/1/2
f 2347/1/2 2344/1/2 2349/1/2
f 2349/1/2 2344/1/2 2350/1/2
f 2348/1/2 2349/1/2 2350/1/2
f 2350/1/2 2344/1/2 2351/1/2
f 2348/1/2 2350/1/2 2352/1/2
f 2352/1/2 2350/1/2 2353/1/2
f 2354/2/2 2355/2/2 2356/2/2
f 2356/2/2 2355/2/2 2357/2/2
f 2358/2/2 2359/2/2 2360/2/2
f 2360/2/2 2359/2/2 2361/2/2
f 2362/2/2 2363/2/2 2364/2/2
f 2364/2/2 2363/2/2 2365/2/2
f 2368/2/3 2367/2/3 2366/2/3
f 2369/2/3 2367/2/3 2368/2/3
f 2382/2/3 2371/2/3 2370/2/3
f 2383/2/3 2371/2/3 2382/2/3
f 2384/2/3 2373/2/3 2372/2/3
f 2385/2/3 2373/2/3 2384/2/3
f 2386/2/3 2375/2/3 2374/2/3
f 2387/2/3 2375/2/3 2386/2/3
f 2390/2/3 2377/2/3 2376/2/3
f 2391/2/3 2377/2/3 2390/2/3
f 2394/2/3 2379/2/3 2378/2/3
f 2395/2/3 2379/2/3 2394/2/3
f 2396/2/3 2381/2/3 2380/2/3
f 2397/2/3 2381/2/3 2396/2/3
f 2400/2/3 2389/2/3 2388/2/3
f 2401/2/3 2389/2/3 2400/2/3
f 2402/2/3 2393/2/3 2392/2/3
f 2403/2/3 2393/2/3 2402/2/3
f 2406/2/3 2399/2/3 2398/2/3
f 2407/2/3 2399/2/3 2406/2/3
f 2408/2/3 2405/2/3 2404/2/3
f 2409/2/3 2405/2/3 2408/2/3
f 2419/2/3 2411/2/3 2410/2/3
f 2420/2/3 2411/2/3 2419/2/3
f 2426/2/3 2413/2/3 2412/2/3
f 2427/2/3 2413/2/3 2426/2/3
f 2436/2/3 2415/2/3 2414/2/3
f 2437/2/3 2415/2/3 2436/2/3
f 2439/1/3 2417/1/3 2416/1/3
f 2440/1/3 2417/1/3 2439/1/3
f 2441/1/3 2419/1/3 2418/1/3
f 2441/1/3 2420/1/3 2419/1/3
f 2442/1/3 2420/1/3 2441/1/3
f 2443/1/3 2422/1/3 2421/1/3
f 2444/1/3 2422/1/3 2443/1/3
f 2445/2/3 2424/2/3 2423/2/3
f 2446/2/3 2424/2/3 2445/2/3
f 2447/1/3 2426/1/3 2425/1/3
f 2447/1/3 2427/1/3 2426/1/3
f 2448/1/3 2429/1/3 2428/1/3
f 2449/1/3 2429/1/3 2448/1/3
f 2450/1/3 2431/1/3 2430/1/3
f 2451/1/3 2431/1/3 2450/1/3
f 2452/1/3 2433/1/3 2432/1/3
f 2453/1/3 2433/1/3 2452/1/3
f 2455/2/3 2435/2/3 2434/2/3
f 2456/2/3 2435/2/3 2455/2/3
f 2460/1/3 2444/1/3 2443/1/3
f 2460/1/3 2440/1/3 2439/1/3
f 2460/1/3 2439/1/3 2438/1/3
f 2460/1/3 2442/1/3 2441/1/3
f 2460/1/3 2446/1/3 2445/1/3
f 2460/1/3 2445/1/3 2444/1/3
f 2460/1/3 2441/1/3 2440/1/3
f 2460/1/3 2443/1/3 2442/1/3
f 2461/1/3 2446/1/3 2460/1/3
f 2462/1/3 2446/1/3 2461/1/3
f 2463/1/3 2446/1/3 2462/1/3
f 2464/1/3 2446/1/3 2463/1/3
f 2465/1/3 2446/1/3 2464/1/3
f 2466/1/3 2454/1/3 2453/1/3
f 2466/1/3 2453/1/3 2452/1/3
f 2466/1/3 2452/1/3 2451/1/3
f 2466/1/3 2450/1/3 2449/1/3
f 2466/1/3 2447/1/3 2425/1/3
f 2466/1/3 2449/1/3 2448/1/3
f 2466/1/3 2451/1/3 2450/1/3
f 2466/1/3 2448/1/3 2447/1/3
f 2467/1/3 2454/1/3 2466/1/3
f 2468/1/3 2454/1/3 2467/1/3
f 2469/1/3 2454/1/3 2468/1/3
f 2470/1/3 2457/1/3 2456/1/3
f 2471/1/3 2457/1/3 2470/1/3
f 2472/1/3 2457/1/3 2471/1/3
f 2473/1/3 2457/1/3 2472/1/3
f 2474/1/3 2459/1/3 2458/1/3
f 2475/1/3 2459/1/3 2474/1/3
f 2476/1/3 2459/1/3 2475/1/3
f 2478/1/3 2460/1/3 2438/1/3
f 2479/1/3 2462/1/3 2461/1/3
f 2480/1/3 2462/1/3 2479/1/3
f 2481/1/3 2464/1/3 2463/1/3
f 2482/1/3 2464/1/3 2481/1/3
f 2483/1/3 2466/1/3 2465/1/3
f 2483/1/3 2467/1/3 2466/1/3
f 2484/1/3 2467/1/3 2483/1/3
f 2485/1/3 2467/1/3 2484/1/3
f 2486/1/3 2467/1/3 2485/1/3
f 2487/1/3 2469/1/3 2468/1/3
f 2487/1/3 2471/1/3 2470/1/3
f 2487/1/3 2470/1/3 2469/1/3
f 2488/1/3 2471/1/3 2487/1/3
f 2489/1/3 2471/1/3 2488/1/3
f 2490/1/3 2471/1/3 2489/1/3
f 2491/1/3 2473/1/3 2472/1/3
f 2491/1/3 2474/1/3 2473/1/3
f 2492/1/3 2474/1/3 2491/1/3
f 2493/1/3 2477/1/3 2476/1/3
f 2493/1/3 2476/1/3 2475/1/3
f 2494/1/3 2480/1/3 2479/1/3
f 2494/1/3 2478/1/3 2438/1/3
f 2494/1/3 2482/1/3 2481/1/3
f 2494/1/3 2481/1/3 2480/1/3
f 2494/1/3 2484/1/3 2483/1/3
f 2494/1/3 2479/1/3 2478/1/3
f 2494/1/3 2483/1/3 2482/1/3
f 2495/1/3 2484/1/3 2494/1/3
f 2496/1/3 2484/1/3 2495/1/3
f 2497/1/3 2484/1/3 2496/1/3
f 2498/1/3 2484/1/3 2497/1/3
f 2499/1/3 2486/1/3 2485/1/3
f 2499/1/3 2488/1/3 2487/1/3
f 2499/1/3 2487/1/3 2486/1/3
f 2500/1/3 2488/1/3 2499/1/3
f 2501/1/3 2490/1/3 2489/1/3
f 2501/1/3 2492/1/3 2491/1/3
f 2501/1/3 2493/1/3 2492/1/3
f 2501/1/3 2491/1/3 2490/1/3
f 2502/1/3 2493/1/3 2501/1/3
f 2503/1/3 2493/1/3 2502/1/3
f 2504/1/3 2493/1/3 2503/1/3
f 2505/1/3 2493/1/3 2504/1/3
f 2506/1/3 2493/1/3 2505/1/3
f 2507/1/3 2477/1/3 2493/1/3
f 2507/1/3 2493/1/3 2506/1/3
f 2508/1/3 2477/1/3 2507/1/3
f 2509/1/3 2494/1/3 2438/1/3
f 2510/1/3 2494/1/3 2509/1/3
f 2511/1/3 2496/1/3 2495/1/3
f 2512/1/3 2496/1/3 2511/1/3
f 2513/1/3 2496/1/3 2512/1/3
f 2514/1/3 2496/1/3 2513/1/3
f 2515/1/3 2496/1/3 2514/1/3
f 2516/1/3 2496/1/3 2515/1/3
f 2517/1/3 2496/1/3 2516/1/3
f 2518/1/3 2496/1/3 2517/1/3
f 2519/1/3 2496/1/3 2518/1/3
f 2520/1/3 2496/1/3 2519/1/3
f 2521/1/3 2498/1/3 2497/1/3
f 2521/1/3 2500/1/3 2499/1/3
f 2521/1/3 2499/1/3 2498/1/3
f 2521/1/3 2502/1/3 2501/1/3
f 2521/1/3 2501/1/3 2500/1/3
f 2522/1/3 2502/1/3 2521/1/3
f 2523/1/3 2502/1/3 2522/1/3
f 2524/1/3 2502/1/3 2523/1/3
f 2525/1/3 2502/1/3 2524/1/3
f 2526/1/3 2502/1/3 2525/1/3
f 2527/1/3 2502/1/3 2526/1/3
f 2528/1/3 2502/1/3 2527/1/3
f 2530/1/3 2504/1/3 2503/1/3
f 2531/1/3 2504/1/3 2530/1/3
f 2532/1/3 2507/1/3 2506/1/3
f 2533/1/3 2507/1/3 2532/1/3
f 2534/1/3 2513/1/3 2512/1/3
f 2535/1/3 2513/1/3 2534/1/3
f 2536/2/3 2515/2/3 2514/2/3
f 2537/2/3 2515/2/3 2536/2/3
f 2538/1/3 2517/1/3 2516/1/3
f 2539/1/3 2517/1/3 2538/1/3
f 2540/1/3 2519/1/3 2518/1/3
f 2541/1/3 2519/1/3 2540/1/3
f 2544/1/3 2521/1/3 2497/1/3
f 2545/1/3 2521/1/3 2544/1/3
f 2546/1/3 2523/1/3 2522/1/3
f 2547/1/3 2523/1/3 2546/1/3
f 2548/2/3 2525/2/3 2524/2/3
f 2549/2/3 2525/2/3 2548/2/3
f 2550/1/3 2527/1/3 2526/1/3
f 2551/1/3 2527/1/3 2550/1/3
f 2552/2/3 2530/2/3 2529/2/3
f 2553/2/3 2530/2/3 2552/2/3
f 2554/2/3 2543/2/3 2542/2/3
f 2555/2/3 2543/2/3 2554/2/3
f 2560/2/3 2557/2/3 2556/2/3
f 2561/2/3 2557/2/3 2560/2/3
f 2562/2/3 2559/2/3 2558/2/3
f 2563/2/3 2559/2/3 2562/2/3
f 2568/2/3 2565/2/3 2564/2/3
f 2569/2/3 2565/2/3 2568/2/3
f 2570/2/3 2567/2/3 2566/2/3
f 2571/2/3 2567/2/3 2570/2/3
f 2574/2/3 2573/2/3 2572/2/3
f 2575/2/3 2573/2/3 2574/2/3
f 2580/2/3 2577/2/3 2576/2/3
f 2581/2/3 2577/2/3 2580/2/3
f 2582/2/3 2579/2/3 2578/2/3
f 2583/2/3 2579/2/3 2582/2/3
f 2591/2/3 2585/2/3 2584/2/3
f 2592/2/3 2585/2/3 2591/2/3
f 2600/2/3 2587/2/3 2586/2/3
f 2601/2/3 2587/2/3 2600/2/3
f 2603/1/3 2589/1/3 2588/1/3
f 2604/1/3 2589/1/3 2603/1/3
f 2605/1/3 2589/1/3 2604/1/3
f 2606/1/3 2591/1/3 2590/1/3
f 2606/1/3 2593/1/3 2592/1/3
f 2606/1/3 2592/1/3 2591/1/3
f 2607/1/3 2593/1/3 2606/1/3
f 2608/1/3 2593/1/3 2607/1/3
f 2609/1/3 2593/1/3 2608/1/3
f 2610/1/3 2593/1/3 2609/1/3
f 2611/1/3 2593/1/3 2610/1/3
f 2612/1/3 2593/1/3 2611/1/3
f 2613/1/3 2595/1/3 2594/1/3
f 2614/1/3 2595/1/3 2613/1/3
f 2615/1/3 2595/1/3 2614/1/3
f 2616/1/3 2595/1/3 2615/1/3
f 2617/1/3 2595/1/3 2616/1/3
f 2618/1/3 2597/1/3 2596/1/3
f 2619/1/3 2597/1/3 2618/1/3
f 2620/1/3 2597/1/3 2619/1/3
f 2621/1/3 2599/1/3 2598/1/3
f 2622/1/3 2599/1/3 2621/1/3
f 2625/1/3 2604/1/3 2603/1/3
f 2625/1/3 2603/1/3 2602/1/3
f 2626/1/3 2604/1/3 2625/1/3
f 2627/1/3 2607/1/3 2606/1/3
f 2628/1/3 2607/1/3 2627/1/3
f 2629/1/3 2609/1/3 2608/1/3
f 2630/1/3 2609/1/3 2629/1/3
f 2631/1/3 2611/1/3 2610/1/3
f 2632/1/3 2614/1/3 2613/1/3
f 2633/1/3 2614/1/3 2632/1/3
f 2634/1/3 2616/1/3 2615/1/3
f 2635/1/3 2616/1/3 2634/1/3
f 2636/1/3 2619/1/3 2618/1/3
f 2636/1/3 2618/1/3 2617/1/3
f 2637/1/3 2619/1/3 2636/1/3
f 2638/1/3 2619/1/3 2637/1/3
f 2639/1/3 2624/1/3 2623/1/3
f 2639/1/3 2623/1/3 2622/1/3
f 2639/1/3 2622/1/3 2621/1/3
f 2639/1/3 2621/1/3 2620/1/3
f 2640/1/3 2624/1/3 2639/1/3
f 2641/1/3 2624/1/3 2640/1/3
f 2642/1/3 2624/1/3 2641/1/3
f 2644/1/3 2611/1/3 2631/1/3
f 2645/1/3 2611/1/3 2644/1/3
f 2646/1/3 2638/1/3 2637/1/3
f 2646/1/3 2639/1/3 2638/1/3
f 2647/1/3 2639/1/3 2646/1/3
f 2648/1/3 2641/1/3 2640/1/3
f 2649/1/3 2641/1/3 2648/1/3
f 2650/1/3 2643/1/3 2642/1/3
f 2651/1/3 2643/1/3 2650/1/3
f 2660/1/3 2652/1/3 2651/1/3
f 2661/1/3 2652/1/3 2660/1/3
f 2669/1/3 2654/1/3 2653/1/3
f 2677/1/3 2656/1/3 2655/1/3
f 2678/1/3 2656/1/3 2677/1/3
f 2679/1/3 2656/1/3 2678/1/3
f 2680/1/3 2658/1/3 2657/1/3
f 2681/1/3 2658/1/3 2680/1/3
f 2682/1/3 2660/1/3 2659/1/3
f 2683/1/3 2660/1/3 2682/1/3
f 2684/1/3 2663/1/3 2662/1/3
f 2685/1/3 2663/1/3 2684/1/3
f 2686/1/3 2665/1/3 2664/1/3
f 2687/1/3 2665/1/3 2686/1/3
f 2689/1/3 2667/1/3 2666/1/3
f 2690/1/3 2667/1/3 2689/1/3
f 2691/1/3 2669/1/3 2668/1/3
f 2692/1/3 2669/1/3 2691/1/3
f 2693/1/3 2654/1/3 2669/1/3
f 2693/1/3 2669/1/3 2692/1/3
f 2694/1/3 2654/1/3 2693/1/3
f 2695/1/3 2671/1/3 2670/1/3
f 2696/1/3 2671/1/3 2695/1/3
f 2697/1/3 2673/1/3 2672/1/3
f 2698/1/3 2673/1/3 2697/1/3
f 2699/1/3 2675/1/3 2674/1/3
f 2700/1/3 2675/1/3 2699/1/3
f 2701/1/3 2677/1/3 2676/1/3
f 2701/1/3 2678/1/3 2677/1/3
f 2702/1/3 2678/1/3 2701/1/3
f 2703/1/3 2678/1/3 2702/1/3
f 2704/1/3 2681/1/3 2680/1/3
f 2704/1/3 2682/1/3 2681/1/3
f 2704/1/3 2680/1/3 2679/1/3
f 2705/1/3 2682/1/3 2704/1/3
f 2706/1/3 2682/1/3 2705/1/3
f 2707/1/3 2682/1/3 2706/1/3
f 2708/1/3 2688/1/3 2687/1/3
f 2708/1/3 2686/1/3 2685/1/3
f 2708/1/3 2687/1/3 2686/1/3
f 2709/1/3 2688/1/3 2708/1/3
f 2710/1/3 2692/1/3 2691/1/3
f 2710/1/3 2690/1/3 2689/1/3
f 2710/1/3 2691/1/3 2690/1/3
f 2711/1/3 2692/1/3 2710/1/3
f 2712/1/3 2692/1/3 2711/1/3
f 2713/1/3 2698/1/3 2697/1/3
f 2713/1/3 2694/1/3 2693/1/3
f 2713/1/3 2696/1/3 2695/1/3
f 2713/1/3 2700/1/3 2699/1/3
f 2713/1/3 2699/1/3 2698/1/3
f 2713/1/3 2695/1/3 2694/1/3
f 2713/1/3 2701/1/3 2700/1/3
f 2713/1/3 2697/1/3 2696/1/3
f 2714/1/3 2701/1/3 2713/1/3
f 2715/1/3 2703/1/3 2702/1/3
f 2715/1/3 2704/1/3 2703/1/3
f 2716/1/3 2704/1/3 2715/1/3
f 2717/1/3 2704/1/3 2716/1/3
f 2718/1/3 2706/1/3 2705/1/3
f 2719/1/3 2706/1/3 2718/1/3
f 2720/2/3 2711/2/3 2710/2/3
f 2721/2/3 2711/2/3 2720/2/3
f 2722/2/3 2717/2/3 2716/2/3
f 2723/2/3 2717/2/3 2722/2/3
f 2727/1/3 2725/1/3 2724/1/3
f 2728/1/3 2725/1/3 2727/1/3
f 2732/1/3 2727/1/3 2726/1/3
f 2732/1/3 2728/1/3 2727/1/3
f 2732/1/3 2729/1/3 2728/1/3
f 2733/1/3 2729/1/3 2732/1/3
f 2734/1/3 2729/1/3 2733/1/3
f 2735/1/3 2729/1/3 2734/1/3
f 2736/1/3 2729/1/3 2735/1/3
f 2737/1/3 2731/1/3 2730/1/3
f 2738/1/3 2731/1/3 2737/1/3
f 2741/1/3 2734/1/3 2733/1/3
f 2742/1/3 2734/1/3 2741/1/3
f 2743/1/3 2736/1/3 2735/1/3
f 2743/1/3 2739/1/3 2738/1/3
f 2743/1/3 2737/1/3 2736/1/3
f 2743/1/3 2738/1/3 2737/1/3
f 2744/1/3 2739/1/3 2743/1/3
f 2745/1/3 2739/1/3 2744/1/3
f 2746/1/3 2742/1/3 2741/1/3
f 2746/1/3 2741/1/3 2740/1/3
f 2746/1/3 2744/1/3 2743/1/3
f 2746/1/3 2743/1/3 2742/1/3
f 2747/1/3 2744/1/3 2746/1/3
f 2748/1/3 2744/1/3 2747/1/3
f 2749/1/3 2744/1/3 2748/1/3
f 2750/1/3 2744/1/3 2749/1/3
f 2751/1/3 2739/1/3 2745/1/3
f 2752/1/3 2739/1/3 2751/1/3
f 2753/1/3 2739/1/3 2752/1/3
f 2755/1/3 2748/1/3 2747/1/3
f 2756/1/3 2748/1/3 2755/1/3
f 2757/1/3 2750/1/3 2749/1/3
f 2757/1/3 2751/1/3 2750/1/3
f 2757/1/3 2752/1/3 2751/1/3
f 2758/1/3 2752/1/3 2757/1/3
f 2759/1/3 2752/1/3 2758/1/3
f 2760/1/3 2756/1/3 2755/1/3
f 2760/1/3 2755/1/3 2754/1/3
f 2760/1/3 2758/1/3 2757/1/3
f 2760/1/3 2757/1/3 2756/1/3
f 2761/1/3 2758/1/3 2760/1/3
f 2762/1/3 2758/1/3 2761/1/3
f 2764/1/3 2760/1/3 2754/1/3
f 2765/1/3 2760/1/3 2764/1/3
f 2768/1/3 2764/1/3 2763/1/3
f 2768/1/3 2766/1/3 2765/1/3
f 2768/1/3 2765/1/3 2764/1/3
f 2769/1/3 2766/1/3 2768/1/3
f 2770/1/3 2766/1/3 2769/1/3
f 2771/1/3 2766/1/3 2770/1/3
f 2772/1/3 2768/1/3 2767/1/3
f 2772/1/3 2769/1/3 2768/1/3
f 2773/1/3 2769/1/3 2772/1/3
f 2774/1/3 2769/1/3 2773/1/3
f 2777/1/3 2772/1/3 2767/1/3
f 2778/1/3 2776/1/3 2775/1/3
f 2778/1/3 2775/1/3 2774/1/3
f 2778/1/3 2774/1/3 2773/1/3
f 2779/1/3 2776/1/3 2778/1/3
f 2780/1/3 2776/1/3 2779/1/3
f 2781/1/3 2778/1/3 2777/1/3
f 2781/1/3 2779/1/3 2778/1/3
f 2784/1/3 2777/1/3 2767/1/3
f 2784/1/3 2782/1/3 2781/1/3
f 2784/1/3 2781/1/3 2777/1/3
f 2785/1/3 2782/1/3 2784/1/3
f 2786/1/3 2782/1/3 2785/1/3
f 2787/1/3 2784/1/3 2783/1/3
f 2787/1/3 2785/1/3 2784/1/3
f 2788/1/3 2785/1/3 2787/1/3
f 2798/1/3 2785/1/3 2788/1/3
f 2799/1/3 2785/1/3 2798/1/3
f 2800/1/3 2785/1/3 2799/1/3
f 2807/1/3 2790/1/3 2789/1/3
f 2808/1/3 2790/1/3 2807/1/3
f 2809/1/3 2792/1/3 2791/1/3
f 2810/1/3 2792/1/3 2809/1/3
f 2811/1/3 2792/1/3 2810/1/3
f 2812/1/3 2792/1/3 2811/1/3
f 2813/1/3 2794/1/3 2793/1/3
f 2814/1/3 2794/1/3 2813/1/3
f 2815/1/3 2796/1/3 2795/1/3
f 2816/1/3 2796/1/3 2815/1/3
f 2817/2/3 2798/2/3 2797/2/3
f 2818/1/3 2799/1/3 2798/1/3
f 2818/2/3 2798/2/3 2817/2/3
f 2819/1/3 2799/1/3 2818/1/3
f 2820/1/3 2801/1/3 2800/1/3
f 2821/1/3 2801/1/3 2820/1/3
f 2822/1/3 2803/1/3 2802/1/3
f 2823/1/3 2803/1/3 2822/1/3
f 2824/1/3 2805/1/3 2804/1/3
f 2825/1/3 2805/1/3 2824/1/3
f 2826/1/3 2805/1/3 2825/1/3
f 2828/1/3 2808/1/3 2807/1/3
f 2828/1/3 2807/1/3 2806/1/3
f 2830/1/3 2811/1/3 2810/1/3
f 2831/1/3 2811/1/3 2830/1/3
f 2832/1/3 2824/1/3 2823/1/3
f 2833/1/3 2824/1/3 2832/1/3
f 2834/1/3 2827/1/3 2826/1/3
f 2834/1/3 2826/1/3 2825/1/3
f 2835/1/3 2827/1/3 2834/1/3
f 2837/1/3 2829/1/3 2828/1/3
f 2837/1/3 2828/1/3 2806/1/3
f 2838/1/3 2829/1/3 2837/1/3
f 2839/1/3 2836/1/3 2835/1/3
f 2840/1/3 2836/1/3 2839/1/3
f 2842/1/3 2841/1/3 2840/1/3
f 2843/1/3 2841/1/3 2842/1/3
f 2846/1/3 2844/1/3 2843/1/3
f 2847/1/3 2844/1/3 2846/1/3
f 2851/1/3 2846/1/3 2845/1/3
f 2852/1/3 2846/1/3 2851/1/3
f 2853/1/3 2849/1/3 2848/1/3
f 2859/1/3 2851/1/3 2850/1/3
f 2860/1/3 2851/1/3 2859/1/3
f 2861/1/3 2853/1/3 2848/1/3
f 2862/1/3 2853/1/3 2861/1/3
f 2863/1/3 2853/1/3 2862/1/3
f 2864/1/3 2853/1/3 2863/1/3
f 2866/1/3 2855/1/3 2854/1/3
f 2867/1/3 2855/1/3 2866/1/3
f 2878/1/3 2857/1/3 2856/1/3
f 2879/1/3 2857/1/3 2878/1/3
f 2880/1/3 2859/1/3 2858/1/3
f 2881/1/3 2859/1/3 2880/1/3
f 2882/2/3 2860/2/3 2859/2/3
f 2882/1/3 2859/1/3 2881/1/3
f 2883/2/3 2860/2/3 2882/2/3
f 2884/1/3 2863/1/3 2862/1/3
f 2885/1/3 2863/1/3 2884/1/3
f 2886/1/3 2866/1/3 2865/1/3
f 2886/1/3 2867/1/3 2866/1/3
f 2887/1/3 2867/1/3 2886/1/3
f 2888/1/3 2869/1/3 2868/1/3
f 2889/1/3 2869/1/3 2888/1/3
f 2890/1/3 2869/1/3 2889/1/3
f 2891/1/3 2869/1/3 2890/1/3
f 2892/1/3 2871/1/3 2870/1/3
f 2893/1/3 2871/1/3 2892/1/3
f 2894/1/3 2873/1/3 2872/1/3
f 2895/1/3 2873/1/3 2894/1/3
f 2896/1/3 2875/1/3 2874/1/3
f 2897/1/3 2875/1/3 2896/1/3
f 2898/1/3 2877/1/3 2876/1/3
f 2899/1/3 2877/1/3 2898/1/3
f 2900/1/3 2880/1/3 2879/1/3
f 2900/1/3 2881/1/3 2880/1/3
f 2901/1/3 2881/1/3 2900/1/3
f 2902/1/3 2881/1/3 2901/1/3
f 2903/1/3 2881/1/3 2902/1/3
f 2904/2/3 2890/2/3 2889/2/3
f 2905/2/3 2890/2/3 2904/2/3
f 2906/2/3 2902/2/3 2901/2/3
f 2907/2/3 2902/2/3 2906/2/3
f 2910/2/3 2909/2/3 2908/2/3
f 2911/2/3 2909/2/3 2910/2/3
f 2916/2/3 2913/2/3 2912/2/3
f 2917/2/3 2913/2/3 2916/2/3
f 2920/2/3 2915/2/3 2914/2/3
f 2921/2/3 2915/2/3 2920/2/3
f 2922/2/3 2919/2/3 2918/2/3
f 2923/2/3 2919/2/3 2922/2/3
f 2926/2/3 2925/2/3 2924/2/3
f 2927/2/3 2925/2/3 2926/2/3
f 2932/1/3 2929/1/3 2928/1/3
f 2933/1/3 2929/1/3 2932/1/3
f 2935/2/3 2931/2/3 2930/2/3
f 2936/2/3 2931/2/3 2935/2/3
f 2940/1/3 2937/1/3 2936/1/3
f 2940/1/3 2935/1/3 2934/1/3
f 2940/1/3 2936/1/3 2935/1/3
f 2941/1/3 2937/1/3 2940/1/3
f 2942/2/3 2939/2/3 2938/2/3
f 2943/2/3 2939/2/3 2942/2/3
f 2945/1/3 2937/1/3 2941/1/3
f 2946/1/3 2937/1/3 2945/1/3
f 2948/1/3 2944/1/3 2943/1/3
f 2949/1/3 2944/1/3 2948/1/3
f 2953/1/3 2947/1/3 2946/1/3
f 2956/1/3 2951/1/3 2950/1/3
f 2957/1/3 2951/1/3 2956/1/3
f 2959/1/3 2953/1/3 2952/1/3
f 2960/1/3 2947/1/3 2953/1/3
f 2960/1/3 2953/1/3 2959/1/3
f 2961/1/3 2947/1/3 2960/1/3
f 2962/2/3 2955/2/3 2954/2/3
f 2963/2/3 2955/2/3 2962/2/3
f 2965/1/3 2959/1/3 2958/1/3
f 2965/1/3 2960/1/3 2959/1/3
f 2966/1/3 2960/1/3 2965/1/3
f 2967/2/3 2964/2/3 2963/2/3
f 2968/2/3 2964/2/3 2967/2/3
f 2971/1/3 2970/1/3 2969/1/3
f 2972/1/3 2970/1/3 2971/1/3
f 2990/1/3 2974/1/3 2973/1/3
f 2991/1/3 2974/1/3 2990/1/3
f 2992/1/3 2976/1/3 2975/1/3
f 2993/1/3 2976/1/3 2992/1/3
f 2994/1/3 2978/1/3 2977/1/3
f 2995/1/3 2978/1/3 2994/1/3
f 2996/1/3 2980/1/3 2979/1/3
f 2997/1/3 2980/1/3 2996/1/3
f 2998/1/3 2980/1/3 2997/1/3
f 3003/2/3 2982/2/3 2981/2/3
f 3004/2/3 2982/2/3 3003/2/3
f 3007/2/3 2984/2/3 2983/2/3
f 3008/2/3 2984/2/3 3007/2/3
f 3009/1/3 2986/1/3 2985/1/3
f 3010/1/3 2986/1/3 3009/1/3
f 3012/1/3 2988/1/3 2987/1/3
f 3013/1/3 2988/1/3 3012/1/3
f 3014/1/3 2990/1/3 2989/1/3
f 3015/1/3 2990/1/3 3014/1/3
f 3016/1/3 2997/1/3 2996/1/3
f 3017/1/3 2997/1/3 3016/1/3
f 3018/1/3 3000/1/3 2999/1/3
f 3019/1/3 3000/1/3 3018/1/3
f 3020/1/3 3002/1/3 3001/1/3
f 3021/1/3 3002/1/3 3020/1/3
f 3022/1/3 3006/1/3 3005/1/3
f 3023/1/3 3006/1/3 3022/1/3
f 3024/1/3 3011/1/3 3010/1/3
f 3025/1/3 3011/1/3 3024/1/3
f 3027/1/3 2990/1/3 3015/1/3
f 3028/1/3 2990/1/3 3027/1/3
f 3029/1/3 3002/1/3 3021/1/3
f 3030/1/3 3002/1/3 3029/1/3
f 3031/1/3 3026/1/3 3025/1/3
f 3032/1/3 3026/1/3 3031/1/3
f 3034/1/3 3033/1/3 3032/1/3
f 3035/1/3 3033/1/3 3034/1/3
f 3037/1/3 3036/1/3 3035/1/3
f 3038/1/3 3036/1/3 3037/1/3
f 3041/2/3 3040/2/3 3039/2/3
f 3041/1/3 3039/1/3 3038/1/3
f 3042/2/3 3040/2/3 3041/2/3
f 3044/1/3 3041/1/3 3038/1/3
f 3045/1/3 3041/1/3 3044/1/3
f 3047/1/3 3044/1/3 3043/1/3
f 3048/1/3 3044/1/3 3047/1/3
f 3053/1/3 3047/1/3 3046/1/3
f 3054/1/3 3047/1/3 3053/1/3
f 3058/1/3 3050/1/3 3049/1/3
f 3066/1/3 3052/1/3 3051/1/3
f 3071/1/3 3056/1/3 3055/1/3
f 3072/1/3 3056/1/3 3071/1/3
f 3073/1/3 3058/1/3 3057/1/3
f 3074/1/3 3050/1/3 3058/1/3
f 3074/1/3 3058/1/3 3073/1/3
f 3081/1/3 3060/1/3 3059/1/3
f 3082/1/3 3060/1/3 3081/1/3
f 3085/1/3 3062/1/3 3061/1/3
f 3086/1/3 3062/1/3 3085/1/3
f 3087/1/3 3064/1/3 3063/1/3
f 3088/1/3 3064/1/3 3087/1/3
f 3089/1/3 3066/1/3 3065/1/3
f 3090/1/3 3052/1/3 3066/1/3
f 3090/1/3 3066/1/3 3089/1/3
f 3091/1/3 3068/1/3 3067/1/3
f 3092/1/3 3068/1/3 3091/1/3
f 3094/1/3 3070/1/3 3069/1/3
f 3095/1/3 3070/1/3 3094/1/3
f 3096/1/3 3075/1/3 3074/1/3
f 3097/1/3 3075/1/3 3096/1/3
f 3098/1/3 3077/1/3 3076/1/3
f 3099/1/3 3077/1/3 3098/1/3
f 3100/1/3 3079/1/3 3078/1/3
f 3101/1/3 3079/1/3 3100/1/3
f 3102/1/3 3081/1/3 3080/1/3
f 3102/1/3 3082/1/3 3081/1/3
f 3102/1/3 3083/1/3 3082/1/3
f 3103/1/3 3083/1/3 3102/1/3
f 3104/2/3 3084/2/3 3083/2/3
f 3104/1/3 3083/1/3 3103/1/3
f 3105/2/3 3084/2/3 3104/2/3
f 3106/1/3 3087/1/3 3086/1/3
f 3107/1/3 3087/1/3 3106/1/3
f 3108/1/3 3094/1/3 3093/1/3
f 3109/1/3 3094/1/3 3108/1/3
f 3110/1/3 3103/1/3 3102/1/3
f 3110/1/3 3102/1/3 3101/1/3
f 3112/1/3 3111/1/3 3110/1/3
f 3113/1/3 3111/1/3 3112/1/3
f 3114/1/3 3110/1/3 3101/1/3
f 3114/1/3 3112/1/3 3110/1/3
f 3115/1/3 3112/1/3 3114/1/3
f 3116/1/3 3112/1/3 3115/1/3
f 3118/1/3 3117/1/3 3116/1/3
f 3118/1/3 3116/1/3 3115/1/3
f 3119/1/3 3117/1/3 3118/1/3
f 3120/1/3 3117/1/3 3119/1/3
f 3122/1/3 3117/1/3 3120/1/3
f 3123/1/3 3117/1/3 3122/1/3
f 3127/1/3 3123/1/3 3122/1/3
f 3127/1/3 3122/1/3 3121/1/3
f 3127/1/3 3124/1/3 3123/1/3
f 3128/1/3 3124/1/3 3127/1/3
f 3129/1/3 3124/1/3 3128/1/3
f 3130/1/3 3124/1/3 3129/1/3
f 3131/1/3 3124/1/3 3130/1/3
f 3132/1/3 3126/1/3 3125/1/3
f 3133/1/3 3126/1/3 3132/1/3
f 3134/1/3 3126/1/3 3133/1/3
f 3136/1/3 3129/1/3 3128/1/3
f 3137/1/3 3129/1/3 3136/1/3
f 3138/1/3 3131/1/3 3130/1/3
f 3138/1/3 3132/1/3 3131/1/3
f 3138/1/3 3133/1/3 3132/1/3
f 3139/1/3 3133/1/3 3138/1/3
f 3140/1/3 3126/1/3 3134/1/3
f 3141/1/3 3126/1/3 3140/1/3
f 3142/1/3 3126/1/3 3141/1/3
f 3143/1/3 3126/1/3 3142/1/3
f 3145/1/3 3137/1/3 3136/1/3
f 3145/1/3 3139/1/3 3138/1/3
f 3145/1/3 3136/1/3 3135/1/3
f 3145/1/3 3141/1/3 3140/1/3
f 3145/1/3 3140/1/3 3139/1/3
f 3145/1/3 3138/1/3 3137/1/3
f 3146/1/3 3141/1/3 3145/1/3
f 3147/1/3 3141/1/3 3146/1/3
f 3148/1/3 3144/1/3 3143/1/3
f 3148/1/3 3143/1/3 3142/1/3
f 3149/1/3 3147/1/3 3146/1/3
f 3149/1/3 3148/1/3 3147/1/3
f 3150/1/3 3148/1/3 3149/1/3
f 3151/1/3 3148/1/3 3150/1/3
f 3152/1/3 3148/1/3 3151/1/3
f 3153/1/3 3148/1/3 3152/1/3
f 3154/1/3 3144/1/3 3148/1/3
f 3154/1/3 3148/1/3 3153/1/3
f 3155/1/3 3151/1/3 3150/1/3
f 3156/1/3 3151/1/3 3155/1/3
f 3157/2/3 3153/2/3 3152/2/3
f 3158/2/3 3153/2/3 3157/2/3
f 3163/2/3 3160/2/3 3159/2/3
f 3164/2/3 3160/2/3 3163/2/3
f 3169/1/3 3162/1/3 3161/1/3
f 3170/1/3 3165/1/3 3164/1/3
f 3171/1/3 3165/1/3 3170/1/3
f 3172/1/3 3167/1/3 3166/1/3
f 3173/1/3 3167/1/3 3172/1/3
f 3174/1/3 3169/1/3 3168/1/3
f 3175/1/3 3162/1/3 3169/1/3
f 3175/1/3 3169/1/3 3174/1/3
f 3176/1/3 3162/1/3 3175/1/3
f 3181/1/3 3178/1/3 3177/1/3
f 3182/1/3 3178/1/3 3181/1/3
f 3185/1/3 3180/1/3 3179/1/3
f 3186/1/3 3180/1/3 3185/1/3
f 3187/2/3 3184/2/3 3183/2/3
f 3188/2/3 3184/2/3 3187/2/3
f 3189/1/3 3188/1/3 3187/1/3
f 3194/1/3 3188/1/3 3189/1/3
f 3195/1/3 3188/1/3 3194/1/3
f 3198/1/3 3191/1/3 3190/1/3
f 3199/1/3 3191/1/3 3198/1/3
f 3200/1/3 3193/1/3 3192/1/3
f 3200/1/3 3194/1/3 3193/1/3
f 3201/1/3 3197/1/3 3196/1/3
f 3202/1/3 3197/1/3 3201/1/3
f 3203/1/3 3201/1/3 3196/1/3
f 3204/1/3 3201/1/3 3203/1/3
f 3206/1/3 3200/1/3 3192/1/3
f 3207/1/3 3200/1/3 3206/1/3
f 3208/1/3 3200/1/3 3207/1/3
f 3210/1/3 3203/1/3 3196/1/3
f 3211/1/3 3203/1/3 3210/1/3
f 3212/1/3 3203/1/3 3211/1/3
f 3213/2/3 3206/2/3 3205/2/3
f 3214/1/3 3207/1/3 3206/1/3
f 3214/2/3 3206/2/3 3213/2/3
f 3215/1/3 3211/1/3 3210/1/3
f 3215/1/3 3210/1/3 3209/1/3
f 3216/1/3 3211/1/3 3215/1/3
f 3217/1/3 3211/1/3 3216/1/3
f 3220/1/3 3219/1/3 3218/1/3
f 3226/1/3 3207/1/3 3214/1/3
f 3226/1/3 3214/1/3 3213/1/3
f 3227/1/3 3207/1/3 3226/1/3
f 3229/1/3 3220/1/3 3218/1/3
f 3229/1/3 3221/1/3 3220/1/3
f 3231/2/3 3223/2/3 3222/2/3
f 3232/2/3 3223/2/3 3231/2/3
f 3238/2/3 3225/2/3 3224/2/3
f 3239/2/3 3225/2/3 3238/2/3
f 3242/1/3 3226/1/3 3213/1/3
f 3243/1/3 3226/1/3 3242/1/3
f 3245/1/3 3229/1/3 3228/1/3
f 3246/1/3 3221/1/3 3229/1/3
f 3246/1/3 3229/1/3 3245/1/3
f 3255/1/3 3231/1/3 3230/1/3
f 3255/1/3 3232/1/3 3231/1/3
f 3256/1/3 3232/1/3 3255/1/3
f 3257/1/3 3234/1/3 3233/1/3
f 3258/1/3 3234/1/3 3257/1/3
f 3259/1/3 3236/1/3 3235/1/3
f 3260/1/3 3236/1/3 3259/1/3
f 3261/1/3 3239/1/3 3238/1/3
f 3261/1/3 3238/1/3 3237/1/3
f 3262/1/3 3239/1/3 3261/1/3
f 3263/1/3 3241/1/3 3240/1/3
f 3264/1/3 3241/1/3 3263/1/3
f 3267/1/3 3245/1/3 3244/1/3
f 3268/1/3 3245/1/3 3267/1/3
f 3269/1/3 3248/1/3 3247/1/3
f 3270/1/3 3248/1/3 3269/1/3
f 3271/1/3 3250/1/3 3249/1/3
f 3272/1/3 3250/1/3 3271/1/3
f 3273/1/3 3252/1/3 3251/1/3
f 3274/1/3 3252/1/3 3273/1/3
f 3275/1/3 3254/1/3 3253/1/3
f 3276/1/3 3254/1/3 3275/1/3
f 3278/1/3 3266/1/3 3265/1/3
f 3279/1/3 3266/1/3 3278/1/3
f 3280/1/3 3277/1/3 3276/1/3
f 3281/1/3 3277/1/3 3280/1/3
f 3283/1/3 3282/1/3 3281/1/3
f 3284/1/3 3282/1/3 3283/1/3
f 3286/1/3 3285/1/3 3284/1/3
f 3287/1/3 3285/1/3 3286/1/3
f 3289/1/3 3288/1/3 3287/1/3
f 3290/1/3 3288/1/3 3289/1/3
f 3294/1/3 3292/1/3 3291/1/3
f 3295/1/3 3292/1/3 3294/1/3
f 3297/1/3 3294/1/3 3293/1/3
f 3298/1/3 3294/1/3 3297/1/3
f 3302/1/3 3297/1/3 3296/1/3
f 3303/1/3 3297/1/3 3302/1/3
f 3312/1/3 3300/1/3 3299/1/3
f 3313/1/3 3300/1/3 3312/1/3
f 3321/1/3 3302/1/3 3301/1/3
f 3322/1/3 3302/1/3 3321/1/3
f 3323/1/3 3305/1/3 3304/1/3
f 3324/1/3 3305/1/3 3323/1/3
f 3325/1/3 3307/1/3 3306/1/3
f 3326/1/3 3307/1/3 3325/1/3
f 3327/1/3 3307/1/3 3326/1/3
f 3328/1/3 3309/1/3 3308/1/3
f 3329/1/3 3309/1/3 3328/1/3
f 3330/1/3 3311/1/3 3310/1/3
f 3331/1/3 3311/1/3 3330/1/3
f 3332/1/3 3315/1/3 3314/1/3
f 3333/1/3 3315/1/3 3332/1/3
f 3334/2/3 3317/2/3 3316/2/3
f 3335/2/3 3317/2/3 3334/2/3
f 3336/1/3 3319/1/3 3318/1/3
f 3337/1/3 3319/1/3 3336/1/3
f 3338/1/3 3321/1/3 3320/1/3
f 3339/1/3 3321/1/3 3338/1/3
f 3340/2/3 3326/2/3 3325/2/3
f 3341/2/3 3326/2/3 3340/2/3
f 3344/1/3 3343/1/3 3342/1/3
f 3345/1/3 3343/1/3 3344/1/3
f 3352/1/3 3347/1/3 3346/1/3
f 3353/1/3 3347/1/3 3352/1/3
f 3356/1/3 3349/1/3 3348/1/3
f 3357/1/3 3349/1/3 3356/1/3
f 3358/1/3 3351/1/3 3350/1/3
f 3359/1/3 3351/1/3 3358/1/3
f 3360/1/3 3355/1/3 3354/1/3
f 3361/1/3 3355/1/3 3360/1/3
f 3364/1/3 3363/1/3 3362/1/3
f 3365/1/3 3363/1/3 3364/1/3
f 3367/1/3 3366/1/3 3365/1/3
f 3368/1/3 3366/1/3 3367/1/3
f 3371/1/3 3370/1/3 3369/1/3
f 3372/1/3 3370/1/3 3371/1/3
f 3380/2/3 3374/2/3 3373/2/3
f 3381/2/3 3374/2/3 3380/2/3
f 3382/2/3 3376/2/3 3375/2/3
f 3383/2/3 3376/2/3 3382/2/3
f 3384/2/3 3378/2/3 3377/2/3
f 3385/2/3 3378/2/3 3384/2/3
f 3394/1/3 3380/1/3 3379/1/3
f 3395/1/3 3380/1/3 3394/1/3
f 3396/1/3 3388/1/3 3387/1/3
f 3396/1/3 3387/1/3 3386/1/3
f 3397/1/3 3388/1/3 3396/1/3
f 3398/1/3 3391/1/3 3390/1/3
f 3398/1/3 3390/1/3 3389/1/3
f 3399/1/3 3391/1/3 3398/1/3
f 3400/1/3 3393/1/3 3392/1/3
f 3401/1/3 3393/1/3 3400/1/3
f 3403/1/3 3402/1/3 3401/1/3
f 3404/1/3 3402/1/3 3403/1/3
f 3406/1/3 3405/1/3 3404/1/3
f 3407/1/3 3405/1/3 3406/1/3
f 3409/1/3 3408/1/3 3407/1/3
f 3410/1/3 3408/1/3 3409/1/3
f 3414/1/3 3412/1/3 3411/1/3
f 3415/1/3 3412/1/3 3414/1/3
f 3417/1/3 3414/1/3 3413/1/3
f 3418/1/3 3414/1/3 3417/1/3
f 3428/1/3 3417/1/3 3416/1/3
f 3429/1/3 3417/1/3 3428/1/3
f 3430/1/3 3420/1/3 3419/1/3
f 3431/1/3 3420/1/3 3430/1/3
f 3435/1/3 3422/1/3 3421/1/3
f 3436/1/3 3422/1/3 3435/1/3
f 3437/1/3 3422/1/3 3436/1/3
f 3438/1/3 3424/1/3 3423/1/3
f 3439/1/3 3424/1/3 3438/1/3
f 3440/1/3 3426/1/3 3425/1/3
f 3441/1/3 3426/1/3 3440/1/3
f 3444/1/3 3428/1/3 3427/1/3
f 3445/1/3 3428/1/3 3444/1/3
f 3446/1/3 3435/1/3 3434/1/3
f 3446/1/3 3436/1/3 3435/1/3
f 3447/1/3 3436/1/3 3446/1/3
f 3448/2/3 3443/2/3 3442/2/3
f 3449/2/3 3443/2/3 3448/2/3
f 3450/1/3 3433/1/3 3432/1/3
f 3451/1/3 3433/1/3 3450/1/3
f 3457/1/3 3433/1/3 3451/1/3
f 3458/1/3 3453/1/3 3452/1/3
f 3459/1/3 3453/1/3 3458/1/3
f 3460/1/3 3456/1/3 3455/1/3
f 3460/1/3 3455/1/3 3454/1/3
f 3461/1/3 3456/1/3 3460/1/3
f 3462/1/3 3456/1/3 3461/1/3
f 3464/1/3 3458/1/3 3457/1/3
f 3466/1/3 3463/1/3 3462/1/3
f 3466/1/3 3462/1/3 3461/1/3
f 3468/1/3 3465/1/3 3464/1/3
f 3468/1/3 3464/1/3 3457/1/3
f 3468/1/3 3457/1/3 3451/1/3
f 3469/1/3 3465/1/3 3468/1/3
f 3470/1/3 3467/1/3 3466/1/3
f 3470/1/3 3466/1/3 3461/1/3
f 3471/1/3 3467/1/3 3470/1/3
f 3474/1/3 3465/1/3 3469/1/3
f 3475/1/3 3465/1/3 3474/1/3
f 3476/1/3 3465/1/3 3475/1/3
f 3478/1/3 3477/1/3 3476/1/3
f 3478/1/3 3476/1/3 3475/1/3
f 3479/1/3 3477/1/3 3478/1/3
f 3480/1/3 3477/1/3 3479/1/3
f 3485/1/3 3482/1/3 3481/1/3
f 3486/1/3 3482/1/3 3485/1/3
f 3487/1/3 3473/1/3 3472/1/3
f 3488/1/3 3473/1/3 3487/1/3
f 3489/1/3 3484/1/3 3483/1/3
f 3493/1/3 3489/1/3 3483/1/3
f 3493/1/3 3490/1/3 3489/1/3
f 3494/1/3 3490/1/3 3493/1/3
f 3496/1/3 3492/1/3 3491/1/3
f 3497/1/3 3492/1/3 3496/1/3
f 3498/1/3 3492/1/3 3497/1/3
f 3499/1/3 3490/1/3 3494/1/3
f 3500/1/3 3490/1/3 3499/1/3
f 3501/1/3 3497/1/3 3496/1/3
f 3501/1/3 3496/1/3 3495/1/3
f 3502/1/3 3497/1/3 3501/1/3
f 3503/1/3 3497/1/3 3502/1/3
f 3504/1/3 3497/1/3 3503/1/3
f 3505/2/3 3503/2/3 3502/2/3
f 3506/2/3 3503/2/3 3505/2/3
f 3509/2/3 3508/2/3 3507/2/3
f 3510/2/3 3508/2/3 3509/2/3
f 3513/2/3 3512/2/3 3511/2/3
f 3514/2/3 3512/2/3 3513/2/3
f 3519/2/3 3516/2/3 3515/2/3
f 3520/2/3 3516/2/3 3519/2/3
f 3521/2/3 3518/2/3 3517/2/3
f 3522/2/3 3518/2/3 3521/2/3
f 3525/2/3 3524/2/3 3523/2/3
f 3526/2/3 3524/2/3 3525/2/3
f 3529/2/3 3528/2/3 3527/2/3
f 3530/2/3 3528/2/3 3529/2/3
f 3535/2/3 3532/2/3 3531/2/3
f 3536/2/3 3532/2/3 3535/2/3
f 3537/2/3 3534/2/3 3533/2/3
f 3538/2/3 3534/2/3 3537/2/3
f 3541/2/3 3540/2/3 3539/2/3
f 3542/2/3 3540/2/3 3541/2/3
f 3545/2/3 3544/2/3 3543/2/3
f 3546/2/3 3544/2/3 3545/2/3
f 3549/2/3 3548/2/3 3547/2/3
f 3550/2/3 3548/2/3 3549/2/3
f 3553/2/3 3552/2/3 3551/2/3
f 3554/2/3 3552/2/3 3553/2/3
f 3557/2/3 3556/2/3 3555/2/3
f 3558/2/3 3556/2/3 3557/2/3
f 3561/2/3 3560/2/3 3559/2/3
f 3562/2/3 3560/2/3 3561/2/3
f 3565/2/3 3564/2/3 3563/2/3
f 3566/2/3 3564/2/3 3565/2/3
f 3569/2/3 3568/2/3 3567/2/3
f 3570/2/3 3568/2/3 3569/2/3
f 3573/1/3 3572/1/3 3571/1/3
f 3574/1/3 3572/1/3 3573/1/3
f 3577/2/3 3576/2/3 3575/2/3
f 3578/2/3 3576/2/3 3577/2/3
f 3581/1/3 3580/1/3 3579/1/3
f 3582/1/3 3580/1/3 3581/1/3
f 3585/1/3 3584/1/3 3583/1/3
f 3586/1/3 3584/1/3 3585/1/3
f 3587/2/4 3588/2/4 3589/2/4
f 3589/2/4 3588/2/4 3590/2/4
f 3591/1/4 3592/1/4 3593/1/4
f 3593/1/4 3592/1/4 3594/1/4
f 3595/2/4 3596/2/4 3597/2/4
f 3597/2/4 3596/2/4 3598/2/4
f 3599/2/4 3600/2/4 3601/2/4
f 3601/2/4 3600/2/4 3602/2/4
f 3603/2/4 3604/2/4 3605/2/4
f 3605/2/4 3604/2/4 3606/2/4
f 3607/1/4 3608/1/4 3609/1/4
f 3609/1/4 3608/1/4 3610/1/4
f 3611/1/4 3612/1/4 3613/1/4
f 3613/1/4 3612/1/4 3614/1/4
f 3615/2/4 3616/2/4 3617/2/4
f 3617/2/4 3616/2/4 3618/2/4
f 3619/2/4 3620/2/4 3621/2/4
f 3621/2/4 3620/2/4 3622/2/4
f 3623/2/4 3624/2/4 3625/2/4
f 3625/2/4 3624/2/4 3626/2/4
f 3627/2/4 3628/2/4 3631/2/4
f 3631/2/4 3628/2/4 3632/2/4
f 3629/2/4 3630/2/4 3633/2/4
f 3633/2/4 3630/2/4 3634/2/4
f 3635/2/4 3636/2/4 3637/2/4
f 3637/2/4 3636/2/4 3638/2/4
f 3639/2/4 3640/2/4 3645/2/4
f 3645/2/4 3640/2/4 3646/2/4
f 3641/2/4 3642/2/4 3647/2/4
f 3647/2/4 3642/2/4 3648/2/4
f 3643/2/4 3644/2/4 3649/2/4
f 3649/2/4 3644/2/4 3650/2/4
f 3651/2/4 3652/2/4 3653/2/4
f 3653/2/4 3652/2/4 3654/2/4
f 3655/2/4 3656/2/4 3657/2/4
f 3657/2/4 3656/2/4 3658/2/4
f 3659/2/4 3660/2/4 3661/2/4
f 3661/2/4 3660/2/4 3662/2/4
f 3663/1/4 3664/1/4 3665/1/4
f 3665/1/4 3664/1/4 3666/1/4
f 3667/2/4 3668/2/4 3669/2/4
f 3669/2/4 3668/2/4 3670/2/4
f 3671/1/4 3672/1/4 3673/1/4
f 3673/1/4 3672/1/4 3674/1/4
f 3675/2/4 3676/2/4 3681/2/4
f 3681/2/4 3676/2/4 3682/2/4
f 3677/2/4 3678/2/4 3683/2/4
f 3683/2/4 3678/2/4 3684/2/4
f 3679/1/4 3680/1/4 3691/1/4
f 3691/1/4 3680/1/4 3692/1/4
f 3684/1/4 3685/1/4 3693/1/4
f 3683/1/4 3684/1/4 3693/1/4
f 3693/1/4 3685/1/4 3694/1/4
f 3686/1/4 3687/1/4 3695/1/4
f 3687/1/4 3688/1/4 3695/1/4
f 3695/1/4 3688/1/4 3696/1/4
f 3689/1/4 3690/1/4 3697/1/4
f 3697/1/4 3690/1/4 3698/1/4
f 3698/1/4 3699/1/4 3700/1/4
f 3700/1/4 3699/1/4 3701/1/4
f 3701/1/4 3702/1/4 3703/1/4
f 3703/1/4 3702/1/4 3704/1/4
f 3704/1/4 3705/1/4 3706/1/4
f 3706/1/4 3705/1/4 3707/1/4
f 3707/2/4 3708/2/4 3709/2/4
f 3709/2/4 3708/2/4 3710/2/4
f 3711/1/4 3712/1/4 3714/1/4
f 3714/1/4 3712/1/4 3715/1/4
f 3713/1/4 3714/1/4 3717/1/4
f 3714/2/4 3715/2/4 3718/2/4
f 3717/1/4 3714/1/4 3718/1/4
f 3718/2/4 3715/2/4 3719/2/4
f 3716/1/4 3717/1/4 3727/1/4
f 3727/1/4 3717/1/4 3728/1/4
f 3720/1/4 3721/1/4 3729/1/4
f 3729/1/4 3721/1/4 3730/1/4
f 3722/1/4 3723/1/4 3731/1/4
f 3731/1/4 3723/1/4 3732/1/4
f 3724/1/4 3725/1/4 3733/1/4
f 3733/1/4 3725/1/4 3734/1/4
f 3726/1/4 3727/1/4 3738/1/4
f 3738/1/4 3727/1/4 3739/1/4
f 3735/2/4 3736/2/4 3740/2/4
f 3740/2/4 3736/2/4 3741/2/4
f 3737/2/4 3738/2/4 3742/2/4
f 3742/2/4 3738/2/4 3743/2/4
f 3744/2/4 3745/2/4 3746/2/4
f 3746/2/4 3745/2/4 3747/2/4
f 3748/1/4 3749/1/4 3751/1/4
f 3751/1/4 3749/1/4 3752/1/4
f 3750/1/4 3751/1/4 3755/1/4
f 3755/1/4 3751/1/4 3756/1/4
f 3753/2/4 3754/2/4 3757/2/4
f 3757/2/4 3754/2/4 3758/2/4
f 3759/2/4 3760/2/4 3766/2/4
f 3766/2/4 3760/2/4 3767/2/4
f 3761/1/4 3762/1/4 3770/1/4
f 3763/1/4 3764/1/4 3771/1/4
f 3771/1/4 3764/1/4 3772/1/4
f 3767/1/4 3768/1/4 3773/1/4
f 3765/1/4 3766/1/4 3773/1/4
f 3766/1/4 3767/1/4 3773/1/4
f 3773/1/4 3768/1/4 3774/1/4
f 3769/1/4 3770/1/4 3776/1/4
f 3770/1/4 3762/1/4 3776/1/4
f 3776/1/4 3762/1/4 3777/1/4
f 3774/1/4 3775/1/4 3778/1/4
f 3778/1/4 3775/1/4 3779/1/4
f 3769/1/4 3776/1/4 3782/1/4
f 3782/1/4 3776/1/4 3783/1/4
f 3780/2/4 3781/2/4 3788/2/4
f 3788/2/4 3781/2/4 3789/2/4
f 3784/1/4 3785/1/4 3791/1/4
f 3791/1/4 3785/1/4 3792/1/4
f 3786/1/4 3787/1/4 3793/1/4
f 3793/1/4 3787/1/4 3794/1/4
f 3789/1/4 3790/1/4 3796/1/4
f 3788/1/4 3789/1/4 3796/1/4
f 3796/1/4 3790/1/4 3797/1/4
f 3797/1/4 3790/1/4 3798/1/4
f 3795/1/4 3796/1/4 3800/1/4
f 3796/1/4 3797/1/4 3800/1/4
f 3801/1/4 3802/1/4 3803/1/4
f 3803/1/4 3802/1/4 3804/1/4
f 3799/1/4 3800/1/4 3805/1/4
f 3800/1/4 3797/1/4 3805/1/4
f 3805/1/4 3797/1/4 3806/1/4
f 3806/1/4 3797/1/4 3807/1/4
f 3801/1/4 3803/1/4 3808/1/4
f 3808/1/4 3803/1/4 3809/1/4
f 3799/1/4 3805/1/4 3811/1/4
f 3811/1/4 3805/1/4 3812/1/4
f 3801/1/4 3808/1/4 3816/1/4
f 3816/1/4 3808/1/4 3817/1/4
f 3817/1/4 3808/1/4 3818/1/4
f 3810/2/4 3811/2/4 3819/2/4
f 3811/1/4 3812/1/4 3820/1/4
f 3819/2/4 3811/2/4 3820/2/4
f 3813/1/4 3814/1/4 3821/1/4
f 3821/1/4 3814/1/4 3822/1/4
f 3815/1/4 3816/1/4 3823/1/4
f 3816/1/4 3817/1/4 3823/1/4
f 3823/1/4 3817/1/4 3824/1/4
f 3824/1/4 3817/1/4 3825/1/4
f 3826/1/4 3827/1/4 3828/1/4
f 3828/1/4 3827/1/4 3829/1/4
f 3829/1/4 3827/1/4 3830/1/4
f 3820/1/4 3812/1/4 3832/1/4
f 3819/1/4 3820/1/4 3832/1/4
f 3832/1/4 3812/1/4 3833/1/4
f 3830/1/4 3831/1/4 3835/1/4
f 3829/1/4 3830/1/4 3835/1/4
f 3819/1/4 3832/1/4 3846/1/4
f 3846/1/4 3832/1/4 3847/1/4
f 3834/1/4 3835/1/4 3849/1/4
f 3835/1/4 3831/1/4 3850/1/4
f 3849/1/4 3835/1/4 3850/1/4
f 3836/1/4 3837/1/4 3855/1/4
f 3855/1/4 3837/1/4 3856/1/4
f 3838/1/4 3839/1/4 3857/1/4
f 3857/1/4 3839/1/4 3858/1/4
f 3840/1/4 3841/1/4 3859/1/4
f 3859/1/4 3841/1/4 3860/1/4
f 3842/1/4 3843/1/4 3861/1/4
f 3861/1/4 3843/1/4 3862/1/4
f 3844/1/4 3845/1/4 3863/1/4
f 3863/1/4 3845/1/4 3864/1/4
f 3848/1/4 3849/1/4 3867/1/4
f 3867/1/4 3849/1/4 3868/1/4
f 3851/1/4 3852/1/4 3869/1/4
f 3869/1/4 3852/1/4 3870/1/4
f 3853/1/4 3854/1/4 3871/1/4
f 3871/1/4 3854/1/4 3872/1/4
f 3865/1/4 3866/1/4 3874/1/4
f 3874/1/4 3866/1/4 3875/1/4
f 3872/1/4 3873/1/4 3876/1/4
f 3876/1/4 3873/1/4 3877/1/4
f 3877/1/4 3878/1/4 3879/1/4
f 3879/1/4 3878/1/4 3880/1/4
f 3880/1/4 3881/1/4 3882/1/4
f 3882/1/4 3881/1/4 3883/1/4
f 3883/1/4 3884/1/4 3885/1/4
f 3885/1/4 3884/1/4 3886/1/4
f 3887/1/4 3888/1/4 3890/1/4
f 3890/1/4 3888/1/4 3891/1/4
f 3889/1/4 3890/1/4 3893/1/4
f 3893/1/4 3890/1/4 3894/1/4
f 3892/1/4 3893/1/4 3898/1/4
f 3898/1/4 3893/1/4 3899/1/4
f 3895/1/4 3896/1/4 3909/1/4
f 3909/1/4 3896/1/4 3910/1/4
f 3897/1/4 3898/1/4 3916/1/4
f 3916/1/4 3898/1/4 3917/1/4
f 3900/1/4 3901/1/4 3918/1/4
f 3918/1/4 3901/1/4 3919/1/4
f 3902/1/4 3903/1/4 3920/1/4
f 3920/1/4 3903/1/4 3921/1/4
f 3904/1/4 3905/1/4 3922/1/4
f 3922/1/4 3905/1/4 3923/1/4
f 3906/1/4 3907/1/4 3924/1/4
f 3924/1/4 3907/1/4 3925/1/4
f 3925/1/4 3907/1/4 3926/1/4
f 3908/1/4 3909/1/4 3929/1/4
f 3911/1/4 3912/1/4 3930/1/4
f 3930/1/4 3912/1/4 3931/1/4
f 3913/1/4 3914/1/4 3932/1/4
f 3932/1/4 3914/1/4 3933/1/4
f 3915/1/4 3916/1/4 3934/1/4
f 3934/1/4 3916/1/4 3935/1/4
f 3928/1/4 3929/1/4 3936/1/4
f 3929/1/4 3909/1/4 3937/1/4
f 3936/1/4 3929/1/4 3937/1/4
f 3926/1/4 3927/1/4 3939/1/4
f 3925/1/4 3926/1/4 3939/1/4
f 3939/1/4 3927/1/4 3940/1/4
f 3937/2/4 3938/2/4 3942/2/4
f 3942/2/4 3938/2/4 3943/2/4
f 3940/1/4 3927/1/4 3944/1/4
f 3942/1/4 3943/1/4 3946/1/4
f 3941/1/4 3942/1/4 3946/1/4
f 3946/1/4 3943/1/4 3947/1/4
f 3947/1/4 3943/1/4 3948/1/4
f 3947/1/4 3948/1/4 3950/1/4
f 3948/1/4 3949/1/4 3950/1/4
f 3944/1/4 3945/1/4 3952/1/4
f 3940/1/4 3944/1/4 3952/1/4
f 3952/1/4 3945/1/4 3953/1/4
f 3953/1/4 3945/1/4 3954/1/4
f 3950/1/4 3951/1/4 3956/1/4
f 3947/1/4 3950/1/4 3956/1/4
f 3956/1/4 3951/1/4 3957/1/4
f 3954/1/4 3955/1/4 3960/1/4
f 3953/1/4 3954/1/4 3960/1/4
f 3960/1/4 3955/1/4 3961/1/4
f 3958/1/4 3959/1/4 3962/1/4
f 3962/1/4 3959/1/4 3963/1/4
f 3961/1/4 3955/1/4 3964/1/4
f 3964/1/4 3955/1/4 3965/1/4
f 3966/1/4 3967/1/4 3968/1/4
f 3966/1/4 3968/1/4 3970/1/4
f 3968/1/4 3969/1/4 3970/1/4
f 3970/1/4 3969/1/4 3971/1/4
f 3971/1/4 3969/1/4 3976/1/4
f 3976/1/4 3969/1/4 3977/1/4
f 3972/1/4 3973/1/4 3978/1/4
f 3978/1/4 3973/1/4 3979/1/4
f 3979/1/4 3973/1/4 3980/1/4
f 3974/1/4 3975/1/4 3981/1/4
f 3981/1/4 3975/1/4 3982/1/4
f 3978/2/4 3979/2/4 3983/2/4
f 3983/2/4 3979/2/4 3984/2/4
f 3985/1/4 3986/1/4 3989/1/4
f 3989/1/4 3986/1/4 3990/1/4
f 3987/2/4 3988/2/4 3992/2/4
f 3992/2/4 3988/2/4 3993/2/4
f 3993/1/4 3994/1/4 3995/1/4
f 3992/1/4 3993/1/4 3995/1/4
f 3991/1/4 3992/1/4 3995/1/4
f 3995/1/4 3994/1/4 3996/1/4
f 3997/1/4 3998/1/4 3999/1/4
f 3999/1/4 3998/1/4 4000/1/4
f 4000/1/4 3998/1/4 4001/1/4
f 4002/1/4 4003/1/4 4005/1/4
f 4003/2/4 4004/2/4 4005/2/4
f 4005/2/4 4004/2/4 4006/2/4
f 4002/1/4 4005/1/4 4007/1/4
f 4007/1/4 4005/1/4 4008/1/4
f 4009/2/4 4010/2/4 4011/2/4
f 4011/2/4 4010/2/4 4012/2/4
f 4013/2/4 4014/2/4 4030/2/4
f 4014/1/4 4015/1/4 4031/1/4
f 4030/2/4 4014/2/4 4031/2/4
f 4031/1/4 4015/1/4 4032/1/4
f 4016/2/4 4017/2/4 4033/2/4
f 4017/1/4 4018/1/4 4034/1/4
f 4033/2/4 4017/2/4 4034/2/4
f 4034/1/4 4018/1/4 4035/1/4
f 4019/1/4 4020/1/4 4036/1/4
f 4036/1/4 4020/1/4 4037/1/4
f 4021/1/4 4022/1/4 4038/1/4
f 4038/1/4 4022/1/4 4039/1/4
f 4039/1/4 4022/1/4 4040/1/4
f 4023/1/4 4024/1/4 4042/1/4
f 4042/1/4 4024/1/4 4043/1/4
f 4025/1/4 4026/1/4 4049/1/4
f 4049/1/4 4026/1/4 4050/1/4
f 4027/1/4 4028/1/4 4053/1/4
f 4053/1/4 4028/1/4 4054/1/4
f 4029/1/4 4030/1/4 4055/1/4
f 4030/1/4 4031/1/4 4055/1/4
f 4038/1/4 4039/1/4 4056/1/4
f 4056/1/4 4039/1/4 4057/1/4
f 4041/1/4 4042/1/4 4058/1/4
f 4058/1/4 4042/1/4 4059/1/4
f 4043/1/4 4044/1/4 4060/1/4
f 4060/1/4 4044/1/4 4061/1/4
f 4045/1/4 4046/1/4 4062/1/4
f 4062/1/4 4046/1/4 4063/1/4
f 4047/1/4 4048/1/4 4064/1/4
f 4064/1/4 4048/1/4 4065/1/4
f 4051/1/4 4052/1/4 4066/1/4
f 4066/1/4 4052/1/4 4067/1/4
f 4055/1/4 4031/1/4 4069/1/4
f 4069/1/4 4031/1/4 4070/1/4
f 4063/1/4 4046/1/4 4071/1/4
f 4071/1/4 4046/1/4 4072/1/4
f 4067/1/4 4068/1/4 4073/1/4
f 4073/1/4 4068/1/4 4074/1/4
f 4075/1/4 4076/1/4 4077/1/4
f 4077/1/4 4076/1/4 4078/1/4
f 4078/1/4 4079/1/4 4081/1/4
f 4081/1/4 4079/1/4 4082/1/4
f 4080/1/4 4081/1/4 4084/1/4
f 4084/1/4 4081/1/4 4085/1/4
f 4083/1/4 4084/1/4 4090/1/4
f 4090/1/4 4084/1/4 4091/1/4
f 4086/1/4 4087/1/4 4095/1/4
f 4088/1/4 4089/1/4 4103/1/4
f 4092/1/4 4093/1/4 4108/1/4
f 4108/1/4 4093/1/4 4109/1/4
f 4094/1/4 4095/1/4 4110/1/4
f 4095/1/4 4087/1/4 4111/1/4
f 4110/1/4 4095/1/4 4111/1/4
f 4096/1/4 4097/1/4 4116/1/4
f 4116/1/4 4097/1/4 4117/1/4
f 4098/1/4 4099/1/4 4119/1/4
f 4119/1/4 4099/1/4 4120/1/4
f 4100/1/4 4101/1/4 4122/1/4
f 4122/1/4 4101/1/4 4123/1/4
f 4102/1/4 4103/1/4 4124/1/4
f 4103/1/4 4089/1/4 4125/1/4
f 4124/1/4 4103/1/4 4125/1/4
f 4104/1/4 4105/1/4 4126/1/4
f 4126/1/4 4105/1/4 4127/1/4
f 4106/1/4 4107/1/4 4130/1/4
f 4130/1/4 4107/1/4 4131/1/4
f 4111/1/4 4112/1/4 4132/1/4
f 4132/1/4 4112/1/4 4133/1/4
f 4133/1/4 4112/1/4 4134/1/4
f 4113/1/4 4114/1/4 4135/1/4
f 4135/1/4 4114/1/4 4136/1/4
f 4117/1/4 4118/1/4 4137/1/4
f 4115/1/4 4116/1/4 4137/1/4
f 4116/1/4 4117/1/4 4137/1/4
f 4137/1/4 4118/1/4 4138/1/4
f 4138/1/4 4118/1/4 4139/1/4
f 4139/1/4 4118/1/4 4140/1/4
f 4120/1/4 4121/1/4 4141/1/4
f 4141/1/4 4121/1/4 4142/1/4
f 4128/1/4 4129/1/4 4143/1/4
f 4143/1/4 4129/1/4 4144/1/4
f 4133/2/4 4134/2/4 4145/2/4
f 4145/2/4 4134/2/4 4146/2/4
f 4138/1/4 4139/1/4 4147/1/4
f 4147/1/4 4148/1/4 4149/1/4
f 4138/1/4 4147/1/4 4149/1/4
f 4149/1/4 4148/1/4 4150/1/4
f 4150/1/4 4148/1/4 4151/1/4
f 4151/1/4 4148/1/4 4152/1/4
f 4138/1/4 4149/1/4 4153/1/4
f 4153/1/4 4149/1/4 4154/1/4
f 4154/1/4 4149/1/4 4155/1/4
f 4150/1/4 4151/1/4 4156/1/4
f 4156/1/4 4151/1/4 4157/1/4
f 4154/1/4 4155/1/4 4159/1/4
f 4157/1/4 4158/1/4 4159/1/4
f 4156/1/4 4157/1/4 4159/1/4
f 4155/1/4 4156/1/4 4159/1/4
f 4159/1/4 4158/1/4 4160/1/4
f 4160/1/4 4158/1/4 4161/1/4
f 4160/1/4 4161/1/4 4163/1/4
f 4161/1/4 4162/1/4 4163/1/4
f 4163/1/4 4162/1/4 4164/1/4
f 4164/1/4 4162/1/4 4165/1/4
f 4165/1/4 4162/1/4 4166/1/4
f 4166/1/4 4162/1/4 4167/1/4
f 4160/1/4 4163/1/4 4169/1/4
f 4169/1/4 4163/1/4 4170/1/4
f 4170/1/4 4163/1/4 4171/1/4
f 4164/1/4 4165/1/4 4172/1/4
f 4172/1/4 4165/1/4 4173/1/4
f 4167/1/4 4168/1/4 4174/1/4
f 4166/1/4 4167/1/4 4174/1/4
f 4160/1/4 4169/1/4 4175/1/4
f 4175/1/4 4169/1/4 4176/1/4
f 4172/1/4 4173/1/4 4177/1/4
f 4171/1/4 4172/1/4 4177/1/4
f 4170/1/4 4171/1/4 4177/1/4
f 4173/1/4 4174/1/4 4177/1/4
f 4174/1/4 4168/1/4 4178/1/4
f 4177/1/4 4174/1/4 4178/1/4
f 4178/1/4 4168/1/4 4179/1/4
f 4177/1/4 4178/1/4 4180/1/4
f 4180/1/4 4178/1/4 4181/1/4
f 4181/1/4 4178/1/4 4182/1/4
f 4179/1/4 4168/1/4 4183/1/4
f 4183/1/4 4168/1/4 4184/1/4
f 4184/1/4 4168/1/4 4185/1/4
f 4181/1/4 4182/1/4 4186/1/4
f 4183/1/4 4184/1/4 4186/1/4
f 4182/1/4 4183/1/4 4186/1/4
f 4186/1/4 4184/1/4 4187/1/4
f 4187/1/4 4184/1/4 4188/1/4
f 4188/1/4 4184/1/4 4189/1/4
f 4181/1/4 4186/1/4 4190/1/4
f 4190/1/4 4186/1/4 4191/1/4
f 4187/2/4 4188/2/4 4192/2/4
f 4192/2/4 4188/2/4 4193/2/4
f 4194/1/4 4195/1/4 4199/1/4
f 4199/1/4 4195/1/4 4200/1/4
f 4196/1/4 4197/1/4 4201/1/4
f 4201/1/4 4197/1/4 4202/1/4
f 4199/1/4 4200/1/4 4207/1/4
f 4198/1/4 4199/1/4 4207/1/4
f 4200/1/4 4201/1/4 4207/1/4
f 4202/1/4 4203/1/4 4207/1/4
f 4201/1/4 4202/1/4 4207/1/4
f 4204/1/4 4205/1/4 4208/1/4
f 4208/1/4 4205/1/4 4209/1/4
f 4209/1/4 4205/1/4 4210/1/4
f 4205/2/4 4206/2/4 4211/2/4
f 4210/1/4 4205/1/4 4211/1/4
f 4211/2/4 4206/2/4 4212/2/4
f 4198/1/4 4207/1/4 4214/1/4
f 4207/1/4 4208/1/4 4214/1/4
f 4208/1/4 4209/1/4 4214/1/4
f 4214/1/4 4209/1/4 4215/1/4
f 4215/1/4 4209/1/4 4216/1/4
f 4216/1/4 4209/1/4 4217/1/4
f 4217/1/4 4209/1/4 4218/1/4
f 4218/1/4 4209/1/4 4219/1/4
f 4211/1/4 4212/1/4 4220/1/4
f 4210/1/4 4211/1/4 4220/1/4
f 4213/1/4 4214/1/4 4221/1/4
f 4214/1/4 4215/1/4 4221/1/4
f 4221/1/4 4215/1/4 4222/1/4
f 4222/1/4 4215/1/4 4223/1/4
f 4223/1/4 4215/1/4 4224/1/4
f 4224/1/4 4215/1/4 4225/1/4
f 4216/1/4 4217/1/4 4226/1/4
f 4226/1/4 4217/1/4 4227/1/4
f 4218/1/4 4219/1/4 4228/1/4
f 4219/1/4 4220/1/4 4228/1/4
f 4220/1/4 4212/1/4 4229/1/4
f 4228/1/4 4220/1/4 4229/1/4
f 4229/1/4 4212/1/4 4230/1/4
f 4222/1/4 4223/1/4 4233/1/4
f 4233/1/4 4223/1/4 4234/1/4
f 4226/1/4 4227/1/4 4235/1/4
f 4225/1/4 4226/1/4 4235/1/4
f 4227/1/4 4228/1/4 4235/1/4
f 4224/1/4 4225/1/4 4235/1/4
f 4228/1/4 4229/1/4 4235/1/4
f 4235/1/4 4229/1/4 4236/1/4
f 4236/1/4 4229/1/4 4237/1/4
f 4231/2/4 4232/2/4 4238/2/4
f 4233/1/4 4234/1/4 4239/1/4
f 4238/2/4 4232/2/4 4239/2/4
f 4232/1/4 4233/1/4 4239/1/4
f 4235/1/4 4236/1/4 4239/1/4
f 4234/1/4 4235/1/4 4239/1/4
f 4239/1/4 4236/1/4 4240/1/4
f 4240/1/4 4236/1/4 4241/1/4
f 4237/1/4 4229/1/4 4242/1/4
f 4242/1/4 4229/1/4 4243/1/4
f 4239/1/4 4240/1/4 4245/1/4
f 4245/1/4 4240/1/4 4246/1/4
f 4246/1/4 4240/1/4 4247/1/4
f 4247/1/4 4240/1/4 4248/1/4
f 4248/1/4 4240/1/4 4249/1/4
f 4244/1/4 4245/1/4 4251/1/4
f 4245/1/4 4246/1/4 4251/1/4
f 4251/1/4 4246/1/4 4252/1/4
f 4247/1/4 4248/1/4 4253/1/4
f 4253/1/4 4248/1/4 4254/1/4
f 4251/1/4 4252/1/4 4255/1/4
f 4250/1/4 4251/1/4 4255/1/4
f 4253/1/4 4254/1/4 4255/1/4
f 4252/1/4 4253/1/4 4255/1/4
f 4255/1/4 4254/1/4 4256/1/4
f 4256/1/4 4254/1/4 4257/1/4
f 4250/1/4 4255/1/4 4259/1/4
f 4256/1/4 4257/1/4 4260/1/4
f 4257/1/4 4258/1/4 4260/1/4
f 4260/1/4 4258/1/4 4261/1/4
f 4259/1/4 4260/1/4 4262/1/4
f 4250/1/4 4259/1/4 4265/1/4
f 4262/1/4 4263/1/4 4265/1/4
f 4259/1/4 4262/1/4 4265/1/4
f 4265/1/4 4263/1/4 4266/1/4
f 4266/1/4 4263/1/4 4267/1/4
f 4264/1/4 4265/1/4 4270/1/4
f 4265/1/4 4266/1/4 4270/1/4
f 4270/1/4 4266/1/4 4271/1/4
f 4268/2/4 4269/2/4 4278/2/4
f 4278/2/4 4269/2/4 4279/2/4
f 4271/1/4 4266/1/4 4284/1/4
f 4284/1/4 4266/1/4 4285/1/4
f 4272/1/4 4273/1/4 4293/1/4
f 4273/2/4 4274/2/4 4294/2/4
f 4293/1/4 4273/1/4 4294/1/4
f 4294/2/4 4274/2/4 4295/2/4
f 4275/1/4 4276/1/4 4296/1/4
f 4296/1/4 4276/1/4 4297/1/4
f 4297/1/4 4276/1/4 4298/1/4
f 4298/1/4 4276/1/4 4299/1/4
f 4279/1/4 4280/1/4 4300/1/4
f 4277/1/4 4278/1/4 4300/1/4
f 4278/1/4 4279/1/4 4300/1/4
f 4300/1/4 4280/1/4 4301/1/4
f 4281/1/4 4282/1/4 4302/1/4
f 4302/1/4 4282/1/4 4303/1/4
f 4283/1/4 4284/1/4 4304/1/4
f 4304/1/4 4284/1/4 4305/1/4
f 4285/1/4 4286/1/4 4306/1/4
f 4306/1/4 4286/1/4 4307/1/4
f 4287/1/4 4288/1/4 4308/1/4
f 4308/1/4 4288/1/4 4309/1/4
f 4289/1/4 4290/1/4 4310/1/4
f 4310/1/4 4290/1/4 4311/1/4
f 4290/2/4 4291/2/4 4312/2/4
f 4311/1/4 4290/1/4 4312/1/4
f 4312/2/4 4291/2/4 4313/2/4
f 4294/1/4 4295/1/4 4315/1/4
f 4292/1/4 4293/1/4 4315/1/4
f 4293/1/4 4294/1/4 4315/1/4
f 4309/1/4 4310/1/4 4316/1/4
f 4316/1/4 4310/1/4 4317/1/4
f 4313/1/4 4314/1/4 4318/1/4
f 4312/1/4 4313/1/4 4318/1/4
f 4311/1/4 4312/1/4 4318/1/4
f 4318/1/4 4314/1/4 4319/1/4
f 4292/1/4 4315/1/4 4322/1/4
f 4322/1/4 4315/1/4 4323/1/4
f 4319/1/4 4320/1/4 4324/1/4
f 4320/2/4 4321/2/4 4325/2/4
f 4324/1/4 4320/1/4 4325/1/4
f 4325/2/4 4321/2/4 4326/2/4
f 4325/1/4 4326/1/4 4327/1/4
f 4327/1/4 4326/1/4 4328/1/4
f 4328/1/4 4329/1/4 4330/1/4
f 4330/1/4 4329/1/4 4331/1/4
f 4332/1/4 4333/1/4 4336/1/4
f 4334/1/4 4335/1/4 4343/1/4
f 4343/1/4 4335/1/4 4344/1/4
f 4332/1/4 4336/1/4 4345/1/4
f 4336/1/4 4337/1/4 4345/1/4
f 4345/1/4 4337/1/4 4346/1/4
f 4346/1/4 4337/1/4 4347/1/4
f 4347/1/4 4337/1/4 4348/1/4
f 4338/1/4 4339/1/4 4350/1/4
f 4350/1/4 4339/1/4 4351/1/4
f 4340/1/4 4341/1/4 4361/1/4
f 4361/1/4 4341/1/4 4362/1/4
f 4342/1/4 4343/1/4 4363/1/4
f 4363/1/4 4343/1/4 4364/1/4
f 4343/2/4 4344/2/4 4365/2/4
f 4364/1/4 4343/1/4 4365/1/4
f 4365/2/4 4344/2/4 4366/2/4
f 4346/1/4 4347/1/4 4367/1/4
f 4367/1/4 4347/1/4 4368/1/4
f 4349/1/4 4350/1/4 4369/1/4
f 4350/1/4 4351/1/4 4369/1/4
f 4351/1/4 4352/1/4 4369/1/4
f 4369/1/4 4352/1/4 4370/1/4
f 4353/1/4 4354/1/4 4371/1/4
f 4371/1/4 4354/1/4 4372/1/4
f 4355/1/4 4356/1/4 4373/1/4
f 4356/2/4 4357/2/4 4374/2/4
f 4373/1/4 4356/1/4 4374/1/4
f 4374/2/4 4357/2/4 4375/2/4
f 4358/1/4 4359/1/4 4376/1/4
f 4376/1/4 4359/1/4 4377/1/4
f 4360/1/4 4361/1/4 4378/1/4
f 4378/1/4 4361/1/4 4379/1/4
f 4363/1/4 4364/1/4 4380/1/4
f 4362/1/4 4363/1/4 4380/1/4
f 4380/1/4 4364/1/4 4381/1/4
f 4381/1/4 4364/1/4 4382/1/4
f 4381/2/4 4382/2/4 4383/2/4
f 4383/2/4 4382/2/4 4384/2/4
f 4385/2/4 4386/2/4 4387/2/4
f 4387/2/4 4386/2/4 4388/2/4
f 4389/2/4 4390/2/4 4395/2/4
f 4395/2/4 4390/2/4 4396/2/4
f 4391/2/4 4392/2/4 4397/2/4
f 4397/2/4 4392/2/4 4398/2/4
f 4393/2/4 4394/2/4 4399/2/4
f 4399/2/4 4394/2/4 4400/2/4
f 4401/2/4 4402/2/4 4403/2/4
f 4403/2/4 4402/2/4 4404/2/4
f 4405/2/4 4406/2/4 4407/2/4
f 4407/2/4 4406/2/4 4408/2/4
f 4409/2/4 4410/2/4 4411/2/4
f 4411/2/4 4410/2/4 4412/2/4
f 4413/2/4 4414/2/4 4419/2/4
f 4419/2/4 4414/2/4 4420/2/4
f 4415/2/4 4416/2/4 4423/2/4
f 4423/2/4 4416/2/4 4424/2/4
f 4417/2/4 4418/2/4 4425/2/4
f 4425/2/4 4418/2/4 4426/2/4
f 4421/2/4 4422/2/4 4427/2/4
f 4427/2/4 4422/2/4 4428/2/4
f 4429/2/4 4430/2/4 4431/2/4
f 4431/2/4 4430/2/4 4432/2/4
f 4433/2/4 4434/2/4 4437/2/4
f 4437/2/4 4434/2/4 4438/2/4
f 4435/2/4 4436/2/4 4439/2/4
f 4439/2/4 4436/2/4 4440/2/4
f 4441/2/4 4442/2/4 4443/2/4
f 4443/2/4 4442/2/4 4444/2/4
f 4445/2/4 4446/2/4 4450/2/4
f 4450/2/4 4446/2/4 4451/2/4
f 4447/1/4 4448/1/4 4458/1/4
f 4458/1/4 4448/1/4 4459/1/4
f 4459/1/4 4448/1/4 4460/1/4
f 4448/2/4 4449/2/4 4461/2/4
f 4460/1/4 4448/1/4 4461/1/4
f 4449/1/4 4450/1/4 4462/1/4
f 4461/2/4 4449/2/4 4462/2/4
f 4451/1/4 4452/1/4 4462/1/4
f 4450/1/4 4451/1/4 4462/1/4
f 4462/1/4 4452/1/4 4463/1/4
f 4463/1/4 4452/1/4 4464/1/4
f 4464/1/4 4452/1/4 4465/1/4
f 4465/1/4 4452/1/4 4466/1/4
f 4466/1/4 4452/1/4 4467/1/4
f 4467/1/4 4452/1/4 4468/1/4
f 4468/1/4 4452/1/4 4469/1/4
f 4469/1/4 4452/1/4 4470/1/4
f 4470/1/4 4452/1/4 4471/1/4
f 4453/1/4 4454/1/4 4472/1/4
f 4472/1/4 4454/1/4 4473/1/4
f 4455/1/4 4456/1/4 4474/1/4
f 4474/1/4 4456/1/4 4475/1/4
f 4457/1/4 4458/1/4 4477/1/4
f 4477/1/4 4458/1/4 4478/1/4
f 4459/1/4 4460/1/4 4479/1/4
f 4479/1/4 4460/1/4 4480/1/4
f 4462/1/4 4463/1/4 4481/1/4
f 4481/1/4 4463/1/4 4482/1/4
f 4465/1/4 4466/1/4 4483/1/4
f 4483/1/4 4466/1/4 4484/1/4
f 4467/1/4 4468/1/4 4485/1/4
f 4485/1/4 4468/1/4 4486/1/4
f 4469/1/4 4470/1/4 4487/1/4
f 4487/1/4 4470/1/4 4488/1/4
f 4471/1/4 4472/1/4 4489/1/4
f 4472/1/4 4473/1/4 4489/1/4
f 4489/1/4 4473/1/4 4490/1/4
f 4490/1/4 4473/1/4 4491/1/4
f 4475/1/4 4476/1/4 4492/1/4
f 4474/1/4 4475/1/4 4492/1/4
f 4492/1/4 4476/1/4 4493/1/4
f 4493/1/4 4476/1/4 4494/1/4
f 4494/1/4 4476/1/4 4495/1/4
f 4484/1/4 4466/1/4 4497/1/4
f 4497/1/4 4466/1/4 4498/1/4
f 4490/1/4 4491/1/4 4499/1/4
f 4499/1/4 4491/1/4 4500/1/4
f 4495/1/4 4496/1/4 4501/1/4
f 4501/1/4 4496/1/4 4502/1/4
f 4502/1/4 4503/1/4 4511/1/4
f 4511/1/4 4503/1/4 4512/1/4
f 4504/1/4 4505/1/4 4520/1/4
f 4506/1/4 4507/1/4 4527/1/4
f 4527/1/4 4507/1/4 4528/1/4
f 4508/1/4 4509/1/4 4529/1/4
f 4529/1/4 4509/1/4 4530/1/4
f 4510/1/4 4511/1/4 4531/1/4
f 4511/2/4 4512/2/4 4532/2/4
f 4531/1/4 4511/1/4 4532/1/4
f 4532/2/4 4512/2/4 4533/2/4
f 4513/2/4 4514/2/4 4534/2/4
f 4534/2/4 4514/2/4 4535/2/4
f 4515/1/4 4516/1/4 4536/1/4
f 4536/1/4 4516/1/4 4537/1/4
f 4537/1/4 4516/1/4 4538/1/4
f 4517/1/4 4518/1/4 4540/1/4
f 4540/1/4 4518/1/4 4541/1/4
f 4519/1/4 4520/1/4 4543/1/4
f 4520/1/4 4505/1/4 4544/1/4
f 4543/1/4 4520/1/4 4544/1/4
f 4521/1/4 4522/1/4 4545/1/4
f 4545/1/4 4522/1/4 4546/1/4
f 4523/1/4 4524/1/4 4547/1/4
f 4547/1/4 4524/1/4 4548/1/4
f 4525/1/4 4526/1/4 4549/1/4
f 4549/1/4 4526/1/4 4550/1/4
f 4527/1/4 4528/1/4 4551/1/4
f 4528/1/4 4529/1/4 4551/1/4
f 4551/1/4 4529/1/4 4552/1/4
f 4552/1/4 4529/1/4 4553/1/4
f 4553/1/4 4529/1/4 4554/1/4
f 4530/1/4 4531/1/4 4555/1/4
f 4555/1/4 4531/1/4 4556/1/4
f 4538/1/4 4539/1/4 4557/1/4
f 4537/1/4 4538/1/4 4557/1/4
f 4557/1/4 4539/1/4 4558/1/4
f 4542/1/4 4543/1/4 4559/1/4
f 4541/1/4 4542/1/4 4559/1/4
f 4543/1/4 4544/1/4 4559/1/4
f 4540/1/4 4541/1/4 4559/1/4
f 4544/1/4 4545/1/4 4559/1/4
f 4559/1/4 4545/1/4 4560/1/4
f 4547/1/4 4548/1/4 4561/1/4
f 4546/1/4 4547/1/4 4561/1/4
f 4548/1/4 4549/1/4 4561/1/4
f 4561/1/4 4549/1/4 4562/1/4
f 4551/1/4 4552/1/4 4563/1/4
f 4563/1/4 4552/1/4 4564/1/4
f 4554/1/4 4555/1/4 4565/1/4
f 4553/1/4 4554/1/4 4565/1/4
f 4565/1/4 4555/1/4 4566/1/4
f 4567/1/4 4568/1/4 4587/1/4
f 4587/1/4 4568/1/4 4588/1/4
f 4569/2/4 4570/2/4 4589/2/4
f 4589/2/4 4570/2/4 4590/2/4
f 4571/1/4 4572/1/4 4591/1/4
f 4591/1/4 4572/1/4 4592/1/4
f 4573/1/4 4574/1/4 4593/1/4
f 4574/2/4 4575/2/4 4594/2/4
f 4593/1/4 4574/1/4 4594/1/4
f 4594/2/4 4575/2/4 4595/2/4
f 4576/1/4 4577/1/4 4597/1/4
f 4578/1/4 4579/1/4 4598/1/4
f 4598/1/4 4579/1/4 4599/1/4
f 4580/1/4 4581/1/4 4601/1/4
f 4601/1/4 4581/1/4 4602/1/4
f 4582/2/4 4583/2/4 4605/2/4
f 4605/2/4 4583/2/4 4606/2/4
f 4584/1/4 4585/1/4 4610/1/4
f 4587/1/4 4588/1/4 4611/1/4
f 4589/1/4 4590/1/4 4611/1/4
f 4591/1/4 4592/1/4 4611/1/4
f 4592/1/4 4593/1/4 4611/1/4
f 4595/1/4 4596/1/4 4611/1/4
f 4586/1/4 4587/1/4 4611/1/4
f 4588/1/4 4589/1/4 4611/1/4
f 4590/1/4 4591/1/4 4611/1/4
f 4593/1/4 4594/1/4 4611/1/4
f 4594/1/4 4595/1/4 4611/1/4
f 4611/1/4 4596/1/4 4612/1/4
f 4576/1/4 4597/1/4 4613/1/4
f 4598/1/4 4599/1/4 4613/1/4
f 4597/1/4 4598/1/4 4613/1/4
f 4613/1/4 4599/1/4 4614/1/4
f 4614/1/4 4599/1/4 4615/1/4
f 4615/1/4 4599/1/4 4616/1/4
f 4601/1/4 4602/1/4 4617/1/4
f 4600/1/4 4601/1/4 4617/1/4
f 4617/1/4 4602/1/4 4618/1/4
f 4603/1/4 4604/1/4 4619/1/4
f 4619/1/4 4604/1/4 4620/1/4
f 4606/1/4 4607/1/4 4621/1/4
f 4605/1/4 4606/1/4 4621/1/4
f 4607/2/4 4608/2/4 4622/2/4
f 4621/1/4 4607/1/4 4622/1/4
f 4608/1/4 4609/1/4 4623/1/4
f 4622/2/4 4608/2/4 4623/2/4
f 4623/1/4 4609/1/4 4624/1/4
f 4611/1/4 4612/1/4 4626/1/4
f 4610/1/4 4611/1/4 4626/1/4
f 4612/1/4 4613/1/4 4626/1/4
f 4613/1/4 4614/1/4 4626/1/4
f 4626/1/4 4614/1/4 4627/1/4
f 4627/1/4 4614/1/4 4628/1/4
f 4621/1/4 4622/1/4 4629/1/4
f 4620/1/4 4621/1/4 4629/1/4
f 4619/1/4 4620/1/4 4629/1/4
f 4618/1/4 4619/1/4 4629/1/4
f 4616/1/4 4617/1/4 4629/1/4
f 4624/1/4 4625/1/4 4629/1/4
f 4623/1/4 4624/1/4 4629/1/4
f 4617/1/4 4618/1/4 4629/1/4
f 4615/1/4 4616/1/4 4629/1/4
f 4622/1/4 4623/1/4 4629/1/4
f 4629/1/4 4625/1/4 4630/1/4
f 4630/1/4 4625/1/4 4631/1/4
f 4610/1/4 4626/1/4 4632/1/4
f 4632/1/4 4626/1/4 4633/1/4
f 4633/1/4 4626/1/4 4634/1/4
f 4634/1/4 4626/1/4 4635/1/4
f 4635/1/4 4626/1/4 4636/1/4
f 4627/1/4 4628/1/4 4637/1/4
f 4629/1/4 4630/1/4 4637/1/4
f 4628/1/4 4629/1/4 4637/1/4
f 4637/1/4 4630/1/4 4638/1/4
f 4638/1/4 4630/1/4 4639/1/4
f 4639/1/4 4630/1/4 4640/1/4
f 4640/1/4 4630/1/4 4641/1/4
f 4641/1/4 4630/1/4 4642/1/4
f 4642/1/4 4630/1/4 4643/1/4
f 4643/1/4 4630/1/4 4644/1/4
f 4631/1/4 4625/1/4 4645/1/4
f 4645/1/4 4625/1/4 4646/1/4
f 4646/1/4 4625/1/4 4647/1/4
f 4647/1/4 4625/1/4 4648/1/4
f 4648/1/4 4625/1/4 4649/1/4
f 4584/1/4 4610/1/4 4650/1/4
f 4610/1/4 4632/1/4 4650/1/4
f 4650/1/4 4632/1/4 4651/1/4
f 4633/1/4 4634/1/4 4652/1/4
f 4652/1/4 4634/1/4 4653/1/4
f 4653/1/4 4634/1/4 4654/1/4
f 4635/1/4 4636/1/4 4655/1/4
f 4636/1/4 4637/1/4 4655/1/4
f 4637/1/4 4638/1/4 4655/1/4
f 4655/1/4 4638/1/4 4656/1/4
f 4656/1/4 4638/1/4 4657/1/4
f 4657/1/4 4638/1/4 4658/1/4
f 4658/1/4 4638/1/4 4659/1/4
f 4659/1/4 4638/1/4 4660/1/4
f 4660/1/4 4638/1/4 4661/1/4
f 4639/1/4 4640/1/4 4662/1/4
f 4662/1/4 4640/1/4 4663/1/4
f 4663/1/4 4640/1/4 4664/1/4
f 4664/1/4 4640/1/4 4665/1/4
f 4641/1/4 4642/1/4 4666/1/4
f 4666/1/4 4642/1/4 4667/1/4
f 4667/1/4 4642/1/4 4668/1/4
f 4668/1/4 4642/1/4 4669/1/4
f 4643/1/4 4644/1/4 4670/1/4
f 4645/1/4 4646/1/4 4670/1/4
f 4644/1/4 4645/1/4 4670/1/4
f 4670/1/4 4646/1/4 4671/1/4
f 4647/1/4 4648/1/4 4672/1/4
f 4672/1/4 4648/1/4 4673/1/4
f 4652/1/4 4653/1/4 4674/1/4
f 4651/1/4 4652/1/4 4674/1/4
f 4674/1/4 4653/1/4 4675/1/4
f 4656/1/4 4657/1/4 4676/1/4
f 4676/1/4 4657/1/4 4677/1/4
f 4658/1/4 4659/1/4 4678/1/4
f 4659/2/4 4660/2/4 4679/2/4
f 4678/1/4 4659/1/4 4679/1/4
f 4679/2/4 4660/2/4 4680/2/4
f 4639/1/4 4662/1/4 4681/1/4
f 4681/1/4 4662/1/4 4682/1/4
f 4663/1/4 4664/1/4 4683/1/4
f 4683/1/4 4664/1/4 4684/1/4
f 4666/1/4 4667/1/4 4685/1/4
f 4685/1/4 4667/1/4 4686/1/4
f 4668/2/4 4669/2/4 4687/2/4
f 4687/2/4 4669/2/4 4688/2/4
f 4671/2/4 4672/2/4 4689/2/4
f 4689/2/4 4672/2/4 4690/2/4
f 4682/2/4 4683/2/4 4691/2/4
f 4691/2/4 4683/2/4 4692/2/4
f 4693/2/4 4694/2/4 4699/2/4
f 4699/2/4 4694/2/4 4700/2/4
f 4695/2/4 4696/2/4 4703/2/4
f 4703/2/4 4696/2/4 4704/2/4
f 4697/2/4 4698/2/4 4705/2/4
f 4705/2/4 4698/2/4 4706/2/4
f 4701/2/4 4702/2/4 4709/2/4
f 4709/2/4 4702/2/4 4710/2/4
f 4707/2/4 4708/2/4 4717/2/4
f 4717/2/4 4708/2/4 4718/2/4
f 4711/2/4 4712/2/4 4721/2/4
f 4721/2/4 4712/2/4 4722/2/4
f 4713/2/4 4714/2/4 4723/2/4
f 4723/2/4 4714/2/4 4724/2/4
f 4715/2/4 4716/2/4 4725/2/4
f 4725/2/4 4716/2/4 4726/2/4
f 4719/2/4 4720/2/4 4727/2/4
f 4727/2/4 4720/2/4 4728/2/4
f 4732/1/5 4730/1/5 4729/1/5
f 4733/1/5 4730/1/5 4732/1/5
f 4736/1/5 4732/1/5 4731/1/5
f 4736/1/5 4734/1/5 4733/1/5
f 4736/1/5 4733/1/5 4732/1/5
f 4737/1/5 4734/1/5 4736/1/5
f 4740/1/5 4736/1/5 4735/1/5
f 4740/1/5 4738/1/5 4737/1/5
f 4740/1/5 4737/1/5 4736/1/5
f 4741/1/5 4738/1/5 4740/1/5
f 4743/1/5 4740/1/5 4739/1/5
f 4743/1/5 4742/1/5 4741/1/5
f 4743/1/5 4741/1/5 4740/1/5
f 4744/1/5 4742/1/5 4743/1/5
f 4745/1/5 4742/1/5 4744/1/5
f 4746/1/5 4742/1/5 4745/1/5
f 4747/1/5 4745/1/5 4744/1/5
f 4748/1/5 4745/1/5 4747/1/5
f 4749/1/5 4745/1/5 4748/1/5
f 4750/1/5 4745/1/5 4749/1/5
f 4751/1/5 4749/1/5 4748/1/5
f 4752/1/5 4749/1/5 4751/1/5
f 4753/1/5 4749/1/5 4752/1/5
f 4754/1/5 4749/1/5 4753/1/5
f 4755/1/5 4753/1/5 4752/1/5
f 4756/1/5 4753/1/5 4755/1/5
f 4759/2/5 4758/2/5 4757/2/5
f 4760/2/5 4758/2/5 4759/2/5
f 4765/1/5 4762/1/5 4761/1/5
f 4766/1/5 4762/1/5 4765/1/5
f 4767/1/5 4764/1/5 4763/1/5
f 4768/1/5 4764/1/5 4767/1/5
f 4771/2/5 4770/2/5 4769/2/5
f 4772/2/5 4770/2/5 4771/2/5
f 4777/1/5 4774/1/5 4773/1/5
f 4778/1/5 4774/1/5 4777/1/5
f 4779/1/5 4776/1/5 4775/1/5
f 4780/1/5 4776/1/5 4779/1/5
f 4783/2/5 4782/2/5 4781/2/5
f 4784/2/5 4782/2/5 4783/2/5
f 4787/2/5 4786/2/5 4785/2/5
f 4788/2/5 4786/2/5 4787/2/5
f 4791/2/5 4790/2/5 4789/2/5
f 4792/2/5 4790/2/5 4791/2/5
f 4797/1/5 4794/1/5 4793/1/5
f 4798/1/5 4794/1/5 4797/1/5
f 4799/1/5 4794/1/5 4798/1/5
f 4800/1/5 4796/1/5 4795/1/5
f 4801/1/5 4796/1/5 4800/1/5
f 4806/1/5 4803/1/5 4802/1/5
f 4807/1/5 4803/1/5 4806/1/5
f 4809/1/5 4805/1/5 4804/1/5
f 4810/1/5 4805/1/5 4809/1/5
f 4811/2/5 4809/2/5 4808/2/5
f 4812/2/5 4809/2/5 4811/2/5
f 4819/1/5 4814/1/5 4813/1/5
f 4820/1/5 4814/1/5 4819/1/5
f 4821/1/5 4816/1/5 4815/1/5
f 4822/2/5 4817/2/5 4816/2/5
f 4822/1/5 4816/1/5 4821/1/5
f 4823/2/5 4817/2/5 4822/2/5
f 4824/2/5 4819/2/5 4818/2/5
f 4825/2/5 4819/2/5 4824/2/5
f 4830/1/5 4827/1/5 4826/1/5
f 4831/1/5 4827/1/5 4830/1/5
f 4832/1/5 4829/1/5 4828/1/5
f 4833/1/5 4829/1/5 4832/1/5
f 4836/2/5 4835/2/5 4834/2/5
f 4837/2/5 4835/2/5 4836/2/5
f 4840/2/5 4839/2/5 4838/2/5
f 4841/2/5 4839/2/5 4840/2/5
f 4846/2/5 4843/2/5 4842/2/5
f 4847/2/5 4843/2/5 4846/2/5
f 4850/1/5 4845/1/5 4844/1/5
f 4851/1/5 4848/1/5 4847/1/5
f 4854/1/5 4850/1/5 4849/1/5
f 4855/1/5 4845/1/5 4850/1/5
f 4855/1/5 4850/1/5 4854/1/5
f 4856/1/5 4852/1/5 4851/1/5
f 4856/1/5 4851/1/5 4847/1/5
f 4857/1/5 4852/1/5 4856/1/5
f 4859/1/5 4854/1/5 4853/1/5
f 4860/1/5 4854/1/5 4859/1/5
f 4861/1/5 4858/1/5 4857/1/5
f 4862/1/5 4858/1/5 4861/1/5
f 4868/1/5 4864/1/5 4863/1/5
f 4869/1/5 4864/1/5 4868/1/5
f 4870/1/5 4866/1/5 4865/1/5
f 4871/1/5 4866/1/5 4870/1/5
f 4872/1/5 4868/1/5 4867/1/5
f 4873/1/5 4868/1/5 4872/1/5
f 4874/1/5 4866/1/5 4871/1/5
f 4875/1/5 4866/1/5 4874/1/5
f 4877/1/5 4872/1/5 4867/1/5
f 4878/1/5 4872/1/5 4877/1/5
f 4879/2/5 4876/2/5 4875/2/5
f 4880/2/5 4876/2/5 4879/2/5
f 4883/2/5 4882/2/5 4881/2/5
f 4884/2/5 4882/2/5 4883/2/5
f 4887/2/5 4886/2/5 4885/2/5
f 4888/2/5 4886/2/5 4887/2/5
f 4891/2/5 4890/2/5 4889/2/5
f 4892/2/5 4890/2/5 4891/2/5
f 4897/1/5 4894/1/5 4893/1/5
f 4898/1/5 4894/1/5 4897/1/5
f 4899/1/5 4896/1/5 4895/1/5
f 4900/1/5 4896/1/5 4899/1/5
f 4905/1/5 4902/1/5 4901/1/5
f 4906/1/5 4902/1/5 4905/1/5
f 4907/1/5 4904/1/5 4903/1/5
f 4908/1/5 4904/1/5 4907/1/5
f 4911/2/5 4910/2/5 4909/2/5
f 4912/2/5 4910/2/5 4911/2/5
f 4915/2/5 4914/2/5 4913/2/5
f 4916/2/5 4914/2/5 4915/2/5
f 4922/1/5 4918/1/5 4917/1/5
f 4923/1/5 4918/1/5 4922/1/5
f 4924/1/5 4920/1/5 4919/1/5
f 4925/2/5 4921/2/5 4920/2/5
f 4925/1/5 4920/1/5 4924/1/5
f 4926/2/5 4921/2/5 4925/2/5
f 4931/1/5 4928/1/5 4927/1/5
f 4932/1/5 4928/1/5 4931/1/5
f 4933/1/5 4930/1/5 4929/1/5
f 4934/1/5 4930/1/5 4933/1/5
f 4937/2/5 4936/2/5 4935/2/5
f 4938/2/5 4936/2/5 4937/2/5
f 4941/1/5 4940/1/5 4939/1/5
f 4942/1/5 4940/1/5 4941/1/5
f 4945/1/5 4944/1/5 4943/1/5
f 4946/1/5 4944/1/5 4945/1/5
f 4951/2/5 4948/2/5 4947/2/5
f 4952/2/5 4948/2/5 4951/2/5
f 4955/1/5 4950/1/5 4949/1/5
f 4956/1/5 4950/1/5 4955/1/5
f 4957/1/5 4954/1/5 4953/1/5
f 4958/1/5 4954/1/5 4957/1/5
f 4963/1/5 4960/1/5 4959/1/5
f 4964/1/5 4960/1/5 4963/1/5
f 4967/1/5 4962/1/5 4961/1/5
f 4968/1/5 4962/1/5 4967/1/5
f 4969/2/5 4966/2/5 4965/2/5
f 4970/2/5 4966/2/5 4969/2/5
f 4973/2/5 4972/2/5 4971/2/5
f 4974/2/5 4972/2/5 4973/2/5
f 4977/2/5 4976/2/5 4975/2/5
f 4978/2/5 4976/2/5 4977/2/5
f 4981/1/5 4980/1/5 4979/1/5
f 4982/1/5 4980/1/5 4981/1/5
f 4987/1/5 4984/1/5 4983/1/5
f 4988/1/5 4984/1/5 4987/1/5
f 4989/2/5 4986/2/5 4985/2/5
f 4990/2/5 4986/2/5 4989/2/5
f 4995/1/5 4992/1/5 4991/1/5
f 4996/1/5 4992/1/5 4995/1/5
f 4997/1/5 4994/1/5 4993/1/5
f 4998/1/5 4994/1/5 4997/1/5
f 5003/2/5 5000/2/5 4999/2/5
f 5004/2/5 5000/2/5 5003/2/5
f 5006/1/5 5002/1/5 5001/1/5
f 5007/1/5 5002/1/5 5006/1/5
f 5008/1/5 5005/1/5 5004/1/5
f 5009/1/5 5005/1/5 5008/1/5
f 5016/1/5 5011/1/5 5010/1/5
f 5017/1/5 5011/1/5 5016/1/5
f 5018/1/5 5013/1/5 5012/1/5
f 5019/1/5 5013/1/5 5018/1/5
f 5020/1/5 5015/1/5 5014/1/5
f 5021/1/5 5015/1/5 5020/1/5
f 5026/2/5 5023/2/5 5022/2/5
f 5027/2/5 5023/2/5 5026/2/5
f 5030/2/5 5025/2/5 5024/2/5
f 5031/2/5 5025/2/5 5030/2/5
f 5032/2/5 5029/2/5 5028/2/5
f 5033/2/5 5029/2/5 5032/2/5
f 5038/1/5 5035/1/5 5034/1/5
f 5039/1/5 5035/1/5 5038/1/5
f 5042/2/5 5037/2/5 5036/2/5
f 5043/2/5 5037/2/5 5042/2/5
f 5046/1/5 5041/1/5 5040/1/5
f 5047/1/5 5041/1/5 5046/1/5
f 5050/1/5 5045/1/5 5044/1/5
f 5051/1/5 5045/1/5 5050/1/5
f 5052/2/5 5049/2/5 5048/2/5
f 5053/2/5 5049/2/5 5052/2/5
f 5056/2/5 5055/2/5 5054/2/5
f 5057/2/5 5055/2/5 5056/2/5
f 5063/1/5 5062/1/5 5061/1/5
f 5064/1/5 5062/1/5 5063/1/5
f 5065/1/5 5057/1/5 5056/1/5
f 5065/1/5 5058/1/5 5057/1/5
f 5066/1/5 5058/1/5 5065/1/5
f 5067/1/5 5060/1/5 5059/1/5
f 5069/1/5 5060/1/5 5067/1/5
f 5072/1/5 5069/1/5 5068/1/5
f 5073/1/5 5060/1/5 5069/1/5
f 5073/1/5 5069/1/5 5072/1/5
f 5074/2/5 5071/2/5 5070/2/5
f 5075/2/5 5071/2/5 5074/2/5
f 5080/1/5 5077/1/5 5076/1/5
f 5081/1/5 5077/1/5 5080/1/5
f 5082/1/5 5079/1/5 5078/1/5
f 5083/1/5 5079/1/5 5082/1/5
f 5088/1/5 5085/1/5 5084/1/5
f 5089/1/5 5085/1/5 5088/1/5
f 5090/1/5 5087/1/5 5086/1/5
f 5091/1/5 5087/1/5 5090/1/5
f 5096/1/5 5093/1/5 5092/1/5
f 5097/1/5 5093/1/5 5096/1/5
f 5098/1/5 5095/1/5 5094/1/5
f 5099/1/5 5095/1/5 5098/1/5
f 5102/2/5 5101/2/5 5100/2/5
f 5103/2/5 5101/2/5 5102/2/5
f 5108/1/5 5105/1/5 5104/1/5
f 5109/1/5 5105/1/5 5108/1/5
f 5110/1/5 5107/1/5 5106/1/5
f 5111/1/5 5107/1/5 5110/1/5
f 5114/2/5 5113/2/5 5112/2/5
f 5115/2/5 5113/2/5 5114/2/5
f 5120/1/5 5117/1/5 5116/1/5
f 5121/1/5 5117/1/5 5120/1/5
f 5122/1/5 5119/1/5 5118/1/5
f 5123/1/5 5119/1/5 5122/1/5
f 5126/1/5 5125/1/5 5124/1/5
f 5127/1/5 5125/1/5 5126/1/5
f 5132/1/5 5129/1/5 5128/1/5
f 5133/1/5 5129/1/5 5132/1/5
f 5138/1/5 5131/1/5 5130/1/5
f 5139/1/5 5131/1/5 5138/1/5
f 5140/1/5 5135/1/5 5134/1/5
f 5141/1/5 5135/1/5 5140/1/5
f 5142/1/5 5137/1/5 5136/1/5
f 5143/1/5 5137/1/5 5142/1/5
f 5146/2/5 5145/2/5 5144/2/5
f 5147/2/5 5145/2/5 5146/2/5
f 5150/2/5 5149/2/5 5148/2/5
f 5151/2/5 5149/2/5 5150/2/5
f 5154/1/5 5153/1/5 5152/1/5
f 5156/1/5 5154/1/5 5152/1/5
f 5156/1/5 5155/1/5 5154/1/5
f 5157/1/5 5155/1/5 5156/1/5
f 5160/2/5 5159/2/5 5158/2/5
f 5161/2/5 5159/2/5 5160/2/5
f 5164/1/5 5163/1/5 5162/1/5
f 5165/1/5 5163/1/5 5164/1/5
f 5168/2/5 5167/2/5 5166/2/5
f 5169/2/5 5167/2/5 5168/2/5
f 5174/2/5 5171/2/5 5170/2/5
f 5175/2/5 5171/2/5 5174/2/5
f 5178/1/5 5173/1/5 5172/1/5
f 5179/1/5 5173/1/5 5178/1/5
f 5180/1/5 5177/1/5 5176/1/5
f 5181/1/5 5177/1/5 5180/1/5
f 5184/1/5 5183/1/5 5182/1/5
f 5185/1/5 5183/1/5 5184/1/5
f 5190/1/5 5187/1/5 5186/1/5
f 5191/1/5 5187/1/5 5190/1/5
f 5192/1/5 5189/1/5 5188/1/5
f 5193/1/5 5189/1/5 5192/1/5
f 5196/2/5 5195/2/5 5194/2/5
f 5197/2/5 5195/2/5 5196/2/5
f 5201/2/5 5199/2/5 5198/2/5
f 5202/1/5 5200/1/5 5199/1/5
f 5202/2/5 5199/2/5 5201/2/5
f 5203/1/5 5200/1/5 5202/1/5
f 5204/1/5 5203/1/5 5202/1/5
f 5205/1/5 5203/1/5 5204/1/5
f 5207/1/5 5204/1/5 5202/1/5
f 5208/1/5 5204/1/5 5207/1/5
f 5212/2/5 5207/2/5 5206/2/5
f 5213/1/5 5209/1/5 5208/1/5
f 5213/2/5 5207/2/5 5212/2/5
f 5213/1/5 5208/1/5 5207/1/5
f 5214/1/5 5209/1/5 5213/1/5
f 5215/2/5 5211/2/5 5210/2/5
f 5216/2/5 5211/2/5 5215/2/5
f 5219/2/5 5218/2/5 5217/2/5
f 5220/2/5 5218/2/5 5219/2/5
f 5225/2/5 5224/2/5 5223/2/5
f 5226/2/5 5224/2/5 5225/2/5
f 5231/1/5 5222/1/5 5221/1/5
f 5232/1/5 5222/1/5 5231/1/5
f 5233/1/5 5226/1/5 5225/1/5
f 5234/1/5 5226/1/5 5233/1/5
f 5235/1/5 5228/1/5 5227/1/5
f 5236/1/5 5228/1/5 5235/1/5
f 5237/1/5 5230/1/5 5229/1/5
f 5239/1/5 5237/1/5 5229/1/5
f 5239/1/5 5238/1/5 5237/1/5
f 5240/1/5 5238/1/5 5239/1/5
f 5241/1/5 5239/1/5 5229/1/5
f 5242/1/5 5239/1/5 5241/1/5
f 5249/1/5 5246/1/5 5245/1/5
f 5250/1/5 5246/1/5 5249/1/5
f 5251/1/5 5248/1/5 5247/1/5
f 5252/1/5 5248/1/5 5251/1/5
f 5253/1/5 5244/1/5 5243/1/5
f 5254/1/5 5244/1/5 5253/1/5
f 5257/2/5 5256/2/5 5255/2/5
f 5258/2/5 5256/2/5 5257/2/5
f 5261/2/5 5260/2/5 5259/2/5
f 5262/2/5 5260/2/5 5261/2/5
f 5273/1/5 5266/1/5 5265/1/5
f 5274/1/5 5268/1/5 5267/1/5
f 5275/1/5 5268/1/5 5274/1/5
f 5277/2/5 5270/2/5 5269/2/5
f 5278/2/5 5270/2/5 5277/2/5
f 5279/2/5 5272/2/5 5271/2/5
f 5280/2/5 5272/2/5 5279/2/5
f 5281/1/5 5264/1/5 5263/1/5
f 5282/1/5 5264/1/5 5281/1/5
f 5283/1/5 5273/1/5 5265/1/5
f 5284/1/5 5273/1/5 5283/1/5
f 5285/1/5 5276/1/5 5275/1/5
f 5286/1/5 5276/1/5 5285/1/5
f 5291/1/5 5280/1/5 5279/1/5
f 5292/1/5 5280/1/5 5291/1/5
f 5296/2/5 5294/2/5 5293/2/5
f 5297/1/5 5295/1/5 5294/1/5
f 5297/2/5 5294/2/5 5296/2/5
f 5298/1/5 5288/1/5 5287/1/5
f 5299/1/5 5288/1/5 5298/1/5
f 5302/1/5 5290/1/5 5289/1/5
f 5303/1/5 5290/1/5 5302/1/5
f 5306/1/5 5295/1/5 5297/1/5
f 5307/1/5 5295/1/5 5306/1/5
f 5308/1/5 5300/1/5 5299/1/5
f 5309/1/5 5300/1/5 5308/1/5
f 5310/1/5 5302/1/5 5301/1/5
f 5311/1/5 5302/1/5 5310/1/5
f 5312/2/5 5305/2/5 5304/2/5
f 5313/2/5 5305/2/5 5312/2/5
f 5316/2/5 5315/2/5 5314/2/5
f 5317/2/5 5315/2/5 5316/2/5
f 5322/2/5 5319/2/5 5318/2/5
f 5323/2/5 5319/2/5 5322/2/5
f 5325/1/5 5321/1/5 5320/1/5
f 5331/2/5 5325/2/5 5324/2/5
f 5332/1/5 5321/1/5 5325/1/5
f 5332/2/5 5325/2/5 5331/2/5
f 5333/1/5 5321/1/5 5332/1/5
f 5334/2/5 5327/2/5 5326/2/5
f 5335/2/5 5327/2/5 5334/2/5
f 5336/2/5 5329/2/5 5328/2/5
f 5337/1/5 5330/1/5 5329/1/5
f 5337/2/5 5329/2/5 5336/2/5
f 5341/1/5 5330/1/5 5337/1/5
f 5342/2/5 5339/2/5 5338/2/5
f 5343/2/5 5339/2/5 5342/2/5
f 5344/2/5 5341/2/5 5340/2/5
f 5345/1/5 5330/1/5 5341/1/5
f 5345/2/5 5341/2/5 5344/2/5
f 5346/1/5 5330/1/5 5345/1/5
f 5353/2/5 5348/2/5 5347/2/5
f 5354/2/5 5348/2/5 5353/2/5
f 5355/1/5 5350/1/5 5349/1/5
f 5356/1/5 5350/1/5 5355/1/5
f 5357/1/5 5352/1/5 5351/1/5
f 5358/1/5 5352/1/5 5357/1/5
f 5363/1/5 5360/1/5 5359/1/5
f 5364/1/5 5362/1/5 5361/1/5
f 5365/1/5 5362/1/5 5364/1/5
f 5366/1/5 5362/1/5 5365/1/5
f 5367/1/5 5363/1/5 5359/1/5
f 5367/1/5 5364/1/5 5363/1/5
f 5367/1/5 5365/1/5 5364/1/5
f 5368/1/5 5365/1/5 5367/1/5
f 5369/1/5 5365/1/5 5368/1/5
f 5372/1/5 5371/1/5 5370/1/5
f 5373/1/5 5371/1/5 5372/1/5
f 5382/1/5 5377/1/5 5376/1/5
f 5383/1/5 5377/1/5 5382/1/5
f 5384/1/5 5379/1/5 5378/1/5
f 5385/1/5 5379/1/5 5384/1/5
f 5386/2/5 5381/2/5 5380/2/5
f 5387/2/5 5381/2/5 5386/2/5
f 5388/1/5 5375/1/5 5374/1/5
f 5389/1/5 5375/1/5 5388/1/5
f 5390/1/5 5377/1/5 5383/1/5
f 5391/1/5 5377/1/5 5390/1/5
f 5394/2/5 5393/2/5 5392/2/5
f 5395/2/5 5393/2/5 5394/2/5
f 5398/2/5 5397/2/5 5396/2/5
f 5399/2/5 5397/2/5 5398/2/5
f 5404/1/5 5401/1/5 5400/1/5
f 5405/1/5 5401/1/5 5404/1/5
f 5406/1/5 5403/1/5 5402/1/5
f 5407/1/5 5403/1/5 5406/1/5
f 5416/1/5 5409/1/5 5408/1/5
f 5417/1/5 5409/1/5 5416/1/5
f 5418/1/5 5411/1/5 5410/1/5
f 5419/1/5 5411/1/5 5418/1/5
f 5420/1/5 5413/1/5 5412/1/5
f 5421/1/5 5413/1/5 5420/1/5
f 5423/2/5 5415/2/5 5414/2/5
f 5424/2/5 5415/2/5 5423/2/5
f 5426/1/5 5423/1/5 5422/1/5
f 5426/1/5 5425/1/5 5424/1/5
f 5426/1/5 5424/1/5 5423/1/5
f 5427/1/5 5425/1/5 5426/1/5
f 5434/1/5 5429/1/5 5428/1/5
f 5435/1/5 5429/1/5 5434/1/5
f 5438/1/5 5431/1/5 5430/1/5
f 5439/1/5 5431/1/5 5438/1/5
f 5440/1/5 5433/1/5 5432/1/5
f 5441/1/5 5433/1/5 5440/1/5
f 5442/2/5 5437/2/5 5436/2/5
f 5443/2/5 5437/2/5 5442/2/5
f 5448/1/5 5445/1/5 5444/1/5
f 5449/1/5 5445/1/5 5448/1/5
f 5450/1/5 5447/1/5 5446/1/5
f 5451/1/5 5447/1/5 5450/1/5
f 5454/2/5 5453/2/5 5452/2/5
f 5455/2/5 5453/2/5 5454/2/5
f 5462/2/5 5457/2/5 5456/2/5
f 5463/2/5 5457/2/5 5462/2/5
f 5464/2/5 5459/2/5 5458/2/5
f 5465/2/5 5459/2/5 5464/2/5
f 5468/1/5 5461/1/5 5460/1/5
f 5469/1/5 5461/1/5 5468/1/5
f 5471/2/5 5467/2/5 5466/2/5
f 5472/2/5 5467/2/5 5471/2/5
f 5475/1/5 5470/1/5 5469/1/5
f 5476/1/5 5470/1/5 5475/1/5
f 5479/2/5 5478/2/5 5477/2/5
f 5480/2/5 5478/2/5 5479/2/5
f 5483/2/5 5482/2/5 5481/2/5
f 5484/2/5 5482/2/5 5483/2/5
f 5485/1/5 5474/1/5 5473/1/5
f 5486/1/5 5474/1/5 5485/1/5
f 5489/1/5 5488/1/5 5487/1/5
f 5490/1/5 5488/1/5 5489/1/5
f 5497/2/5 5492/2/5 5491/2/5
f 5498/2/5 5492/2/5 5497/2/5
f 5500/1/5 5494/1/5 5493/1/5
f 5501/1/5 5496/1/5 5495/1/5
f 5502/1/5 5496/1/5 5501/1/5
f 5503/1/5 5500/1/5 5499/1/5
f 5504/1/5 5494/1/5 5500/1/5
f 5504/1/5 5500/1/5 5503/1/5
f 5507/1/5 5506/1/5 5505/1/5
f 5508/1/5 5506/1/5 5507/1/5
f 5511/1/5 5506/1/5 5508/1/5
f 5512/1/5 5506/1/5 5511/1/5
f 5517/2/5 5510/2/5 5509/2/5
f 5518/2/5 5510/2/5 5517/2/5
f 5519/2/5 5514/2/5 5513/2/5
f 5520/2/5 5514/2/5 5519/2/5
f 5521/2/5 5516/2/5 5515/2/5
f 5522/2/5 5516/2/5 5521/2/5
f 5525/2/5 5524/2/5 5523/2/5
f 5526/2/5 5524/2/5 5525/2/5
f 5529/2/5 5528/2/5 5527/2/5
f 5530/2/5 5528/2/5 5529/2/5
f 5533/1/5 5532/1/5 5531/1/5
f 5534/1/5 5532/1/5 5533/1/5
f 5537/2/5 5536/2/5 5535/2/5
f 5538/2/5 5536/2/5 5537/2/5
f 5541/2/5 5540/2/5 5539/2/5
f 5542/2/5 5540/2/5 5541/2/5
f 5545/2/5 5544/2/5 5543/2/5
f 5546/2/5 5544/2/5 5545/2/5
f 5549/2/5 5548/2/5 5547/2/5
f 5550/2/5 5548/2/5 5549/2/5
f 5556/1/5 5552/1/5 5551/1/5
f 5557/1/5 5554/1/5 5553/1/5
f 5559/1/5 5556/1/5 5555/1/5
f 5560/1/5 5552/1/5 5556/1/5
f 5560/1/5 5556/1/5 5559/1/5
f 5561/1/5 5558/1/5 5557/1/5
f 5561/1/5 5557/1/5 5553/1/5
f 5562/1/5 5558/1/5 5561/1/5
f 5567/1/5 5564/1/5 5563/1/5
f 5568/1/5 5564/1/5 5567/1/5
f 5569/1/5 5566/1/5 5565/1/5
f 5570/1/5 5566/1/5 5569/1/5
f 5575/1/5 5572/1/5 5571/1/5
f 5576/1/5 5572/1/5 5575/1/5
f 5577/1/5 5574/1/5 5573/1/5
f 5578/1/5 5574/1/5 5577/1/5
f 5583/1/5 5580/1/5 5579/1/5
f 5584/1/5 5580/1/5 5583/1/5
f 5585/1/5 5582/1/5 5581/1/5
f 5586/1/5 5582/1/5 5585/1/5
f 5587/1/5 5580/1/5 5584/1/5
f 5588/1/5 5580/1/5 5587/1/5
f 5589/1/5 5585/1/5 5581/1/5
f 5590/1/5 5585/1/5 5589/1/5
f 5593/2/5 5592/2/5 5591/2/5
f 5594/2/5 5592/2/5 5593/2/5
f 5597/2/5 5596/2/5 5595/2/5
f 5598/2/5 5596/2/5 5597/2/5
f 5601/2/5 5600/2/5 5599/2/5
f 5602/2/5 5600/2/5 5601/2/5
f 5607/2/5 5604/2/5 5603/2/5
f 5608/2/5 5604/2/5 5607/2/5
f 5609/2/5 5606/2/5 5605/2/5
f 5610/2/5 5606/2/5 5609/2/5
f 5613/2/5 5612/2/5 5611/2/5
f 5614/2/5 5612/2/5 5613/2/5
f 5617/2/5 5616/2/5 5615/2/5
f 5618/2/5 5616/2/5 5617/2/5
f 5623/1/5 5620/1/5 5619/1/5
f 5624/1/5 5620/1/5 5623/1/5
f 5625/1/5 5622/1/5 5621/1/5
f 5626/1/5 5622/1/5 5625/1/5
f 5629/2/5 5628/2/5 5627/2/5
f 5630/2/5 5628/2/5 5629/2/5
f 5636/2/5 5632/2/5 5631/2/5
f 5637/1/5 5633/1/5 5632/1/5
f 5637/2/5 5632/2/5 5636/2/5
f 5638/1/5 5633/1/5 5637/1/5
f 5639/1/5 5635/1/5 5634/1/5
f 5640/1/5 5635/1/5 5639/1/5
f 5643/2/5 5642/2/5 5641/2/5
f 5644/2/5 5642/2/5 5643/2/5
f 5651/2/5 5646/2/5 5645/2/5
f 5652/2/5 5646/2/5 5651/2/5
f 5654/1/5 5648/1/5 5647/1/5
f 5655/1/5 5648/1/5 5654/1/5
f 5656/1/5 5650/1/5 5649/1/5
f 5657/1/5 5650/1/5 5656/1/5
f 5659/1/5 5654/1/5 5653/1/5
f 5660/1/5 5654/1/5 5659/1/5
f 5661/1/5 5658/1/5 5657/1/5
f 5662/1/5 5658/1/5 5661/1/5
f 5665/2/5 5664/2/5 5663/2/5
f 5666/2/5 5664/2/5 5665/2/5
f 5669/2/5 5668/2/5 5667/2/5
f 5670/2/5 5668/2/5 5669/2/5
f 5677/1/5 5672/1/5 5671/1/5
f 5678/1/5 5672/1/5 5677/1/5
f 5681/1/5 5674/1/5 5673/1/5
f 5682/1/5 5674/1/5 5681/1/5
f 5683/2/5 5676/2/5 5675/2/5
f 5684/2/5 5676/2/5 5683/2/5
f 5685/1/5 5679/1/5 5678/1/5
f 5686/1/5 5679/1/5 5685/1/5
f 5687/1/5 5681/1/5 5680/1/5
f 5688/1/5 5681/1/5 5687/1/5
f 5691/2/5 5690/2/5 5689/2/5
f 5692/2/5 5690/2/5 5691/2/5
f 5695/2/5 5694/2/5 5693/2/5
f 5696/2/5 5694/2/5 5695/2/5
f 5699/2/5 5698/2/5 5697/2/5
f 5700/2/5 5698/2/5 5699/2/5
f 5703/2/5 5702/2/5 5701/2/5
f 5704/2/5 5702/2/5 5703/2/5
f 5707/2/5 5706/2/5 5705/2/5
f 5708/2/5 5706/2/5 5707/2/5
f 5713/2/5 5710/2/5 5709/2/5
f 5714/2/5 5710/2/5 5713/2/5
f 5715/2/5 5712/2/5 5711/2/5
f 5716/2/5 5712/2/5 5715/2/5
f 5719/2/5 5718/2/5 5717/2/5
f 5720/2/5 5718/2/5 5719/2/5
f 5723/2/5 5722/2/5 5721/2/5
f 5724/2/5 5722/2/5 5723/2/5
f 5729/1/5 5726/1/5 5725/1/5
f 5730/1/5 5726/1/5 5729/1/5
f 5731/1/5 5728/1/5 5727/1/5
f 5732/1/5 5728/1/5 5731/1/5
f 5735/2/5 5734/2/5 5733/2/5
f 5736/2/5 5734/2/5 5735/2/5
f 5741/1/5 5738/1/5 5737/1/5
f 5742/1/5 5738/1/5 5741/1/5
f 5743/1/5 5740/1/5 5739/1/5
f 5744/1/5 5740/1/5 5743/1/5
f 5747/2/5 5746/2/5 5745/2/5
f 5748/2/5 5746/2/5 5747/2/5
f 5752/2/5 5750/2/5 5749/2/5
f 5753/2/5 5750/2/5 5752/2/5
f 5756/1/5 5752/1/5 5751/1/5
f 5757/1/5 5752/1/5 5756/1/5
f 5758/1/5 5755/1/5 5754/1/5
f 5759/1/5 5755/1/5 5758/1/5
f 5762/2/5 5761/2/5 5760/2/5
f 5763/2/5 5761/2/5 5762/2/5
f 5766/1/5 5765/1/5 5764/1/5
f 5767/1/5 5765/1/5 5766/1/5
f 5770/2/5 5769/2/5 5768/2/5
f 5771/2/5 5769/2/5 5770/2/5
f 5772/2/6 5773/2/6 5774/2/6
f 5774/2/6 5773/2/6 5775/2/6
f 5776/2/6 5777/2/6 5781/2/6
f 5777/1/6 5778/1/6 5782/1/6
f 5781/2/6 5777/2/6 5782/2/6
f 5782/1/6 5778/1/6 5783/1/6
f 5779/1/6 5780/1/6 5784/1/6
f 5784/1/6 5780/1/6 5785/1/6
f 5786/1/6 5787/1/6 5790/1/6
f 5790/1/6 5787/1/6 5791/1/6
f 5788/1/6 5789/1/6 5792/1/6
f 5792/1/6 5789/1/6 5793/1/6
f 5794/1/6 5795/1/6 5798/1/6
f 5798/1/6 5795/1/6 5799/1/6
f 5796/1/6 5797/1/6 5800/1/6
f 5800/1/6 5797/1/6 5801/1/6
f 5802/1/6 5803/1/6 5804/1/6
f 5804/1/6 5803/1/6 5805/1/6
f 5806/2/6 5807/2/6 5808/2/6
f 5808/2/6 5807/2/6 5809/2/6
f 5810/2/6 5811/2/6 5812/2/6
f 5812/2/6 5811/2/6 5813/2/6
f 5812/1/6 5813/1/6 5816/1/6
f 5816/1/6 5813/1/6 5817/1/6
f 5814/1/6 5815/1/6 5818/1/6
f 5818/1/6 5815/1/6 5819/1/6
f 5820/2/6 5821/2/6 5825/2/6
f 5821/1/6 5822/1/6 5826/1/6
f 5825/2/6 5821/2/6 5826/2/6
f 5826/1/6 5822/1/6 5827/1/6
f 5823/1/6 5824/1/6 5828/1/6
f 5828/1/6 5824/1/6 5829/1/6
f 5830/2/6 5831/2/6 5832/2/6
f 5832/2/6 5831/2/6 5833/2/6
f 5834/1/6 5835/1/6 5838/1/6
f 5838/1/6 5835/1/6 5839/1/6
f 5836/1/6 5837/1/6 5840/1/6
f 5840/1/6 5837/1/6 5841/1/6
f 5842/2/6 5843/2/6 5846/2/6
f 5846/2/6 5843/2/6 5847/2/6
f 5844/2/6 5845/2/6 5848/2/6
f 5848/2/6 5845/2/6 5849/2/6
f 5850/1/6 5851/1/6 5854/1/6
f 5854/1/6 5851/1/6 5855/1/6
f 5852/1/6 5853/1/6 5856/1/6
f 5856/1/6 5853/1/6 5857/1/6
f 5858/2/6 5859/2/6 5860/2/6
f 5860/2/6 5859/2/6 5861/2/6
f 5862/2/6 5863/2/6 5864/2/6
f 5864/2/6 5863/2/6 5865/2/6
f 5866/2/6 5867/2/6 5868/2/6
f 5868/2/6 5867/2/6 5869/2/6
f 5870/2/6 5871/2/6 5872/2/6
f 5872/2/6 5871/2/6 5873/2/6
f 5874/1/6 5875/1/6 5878/1/6
f 5878/1/6 5875/1/6 5879/1/6
f 5876/1/6 5877/1/6 5880/1/6
f 5880/1/6 5877/1/6 5881/1/6
f 5882/2/6 5883/2/6 5884/2/6
f 5884/2/6 5883/2/6 5885/2/6
f 5886/1/6 5887/1/6 5891/1/6
f 5891/1/6 5887/1/6 5892/1/6
f 5888/1/6 5889/1/6 5893/1/6
f 5889/2/6 5890/2/6 5894/2/6
f 5893/1/6 5889/1/6 5894/1/6
f 5894/2/6 5890/2/6 5895/2/6
f 5896/1/6 5897/1/6 5900/1/6
f 5900/1/6 5897/1/6 5901/1/6
f 5898/1/6 5899/1/6 5902/1/6
f 5902/1/6 5899/1/6 5903/1/6
f 5904/1/6 5905/1/6 5906/1/6
f 5906/1/6 5905/1/6 5907/1/6
f 5908/2/6 5909/2/6 5913/2/6
f 5909/1/6 5910/1/6 5914/1/6
f 5913/2/6 5909/2/6 5914/2/6
f 5914/1/6 5910/1/6 5915/1/6
f 5911/1/6 5912/1/6 5916/1/6
f 5916/1/6 5912/1/6 5917/1/6
f 5918/1/6 5919/1/6 5922/1/6
f 5922/1/6 5919/1/6 5923/1/6
f 5920/1/6 5921/1/6 5924/1/6
f 5924/1/6 5921/1/6 5925/1/6
f 5926/2/6 5927/2/6 5928/2/6
f 5928/2/6 5927/2/6 5929/2/6
f 5930/1/6 5931/1/6 5934/1/6
f 5934/1/6 5931/1/6 5935/1/6
f 5932/1/6 5933/1/6 5936/1/6
f 5936/1/6 5933/1/6 5937/1/6
f 5938/2/6 5939/2/6 5940/2/6
f 5940/2/6 5939/2/6 5941/2/6
f 5942/1/6 5943/1/6 5946/1/6
f 5946/1/6 5943/1/6 5947/1/6
f 5944/1/6 5945/1/6 5948/1/6
f 5948/1/6 5945/1/6 5949/1/6
f 5950/2/6 5951/2/6 5952/2/6
f 5952/2/6 5951/2/6 5953/2/6
f 5954/2/6 5955/2/6 5956/2/6
f 5956/2/6 5955/2/6 5957/2/6
f 5958/2/6 5959/2/6 5960/2/6
f 5960/2/6 5959/2/6 5961/2/6
f 5962/1/6 5963/1/6 5968/1/6
f 5968/1/6 5963/1/6 5969/1/6
f 5964/1/6 5965/1/6 5970/1/6
f 5970/1/6 5965/1/6 5971/1/6
f 5966/2/6 5967/2/6 5972/2/6
f 5972/2/6 5967/2/6 5973/2/6
f 5974/2/6 5975/2/6 5976/2/6
f 5976/2/6 5975/2/6 5977/2/6
f 5978/2/6 5979/2/6 5982/2/6
f 5982/2/6 5979/2/6 5983/2/6
f 5980/2/6 5981/2/6 5984/2/6
f 5984/2/6 5981/2/6 5985/2/6
f 5986/2/6 5987/2/6 5988/2/6
f 5988/2/6 5987/2/6 5989/2/6
f 5990/1/6 5991/1/6 5992/1/6
f 5992/1/6 5991/1/6 5993/1/6
f 5994/2/6 5995/2/6 5998/2/6
f 5998/2/6 5995/2/6 5999/2/6
f 5996/2/6 5997/2/6 6004/2/6
f 5997/1/6 5998/1/6 6005/1/6
f 6004/2/6 5997/2/6 6005/2/6
f 6005/1/6 5998/1/6 6006/1/6
f 6000/1/6 6001/1/6 6007/1/6
f 6007/1/6 6001/1/6 6008/1/6
f 6002/2/6 6003/2/6 6009/2/6
f 6009/2/6 6003/2/6 6010/2/6
f 6011/1/6 6012/1/6 6013/1/6
f 6013/1/6 6012/1/6 6014/1/6
f 6015/2/6 6016/2/6 6017/2/6
f 6017/2/6 6016/2/6 6018/2/6
f 6019/1/6 6020/1/6 6021/1/6
f 6021/1/6 6020/1/6 6022/1/6
f 6021/2/6 6022/2/6 6023/2/6
f 6023/2/6 6022/2/6 6024/2/6
f 6025/1/6 6026/1/6 6029/1/6
f 6029/1/6 6026/1/6 6030/1/6
f 6027/1/6 6028/1/6 6031/1/6
f 6031/1/6 6028/1/6 6032/1/6
f 6033/1/6 6034/1/6 6039/1/6
f 6039/1/6 6034/1/6 6040/1/6
f 6035/1/6 6036/1/6 6041/1/6
f 6041/1/6 6036/1/6 6042/1/6
f 6037/2/6 6038/2/6 6043/2/6
f 6043/2/6 6038/2/6 6044/2/6
f 6045/1/6 6046/1/6 6051/1/6
f 6051/1/6 6046/1/6 6052/1/6
f 6047/1/6 6048/1/6 6053/1/6
f 6053/1/6 6048/1/6 6054/1/6
f 6049/2/6 6050/2/6 6055/2/6
f 6055/2/6 6050/2/6 6056/2/6
f 6057/1/6 6058/1/6 6059/1/6
f 6059/1/6 6058/1/6 6060/1/6
f 6061/1/6 6062/1/6 6063/1/6
f 6063/1/6 6062/1/6 6064/1/6
f 6065/2/6 6066/2/6 6067/2/6
f 6067/2/6 6066/2/6 6068/2/6
f 6069/2/6 6070/2/6 6074/2/6
f 6070/1/6 6071/1/6 6075/1/6
f 6074/2/6 6070/2/6 6075/2/6
f 6075/1/6 6071/1/6 6076/1/6
f 6072/1/6 6073/1/6 6077/1/6
f 6077/1/6 6073/1/6 6078/1/6
f 6079/1/6 6080/1/6 6087/1/6
f 6087/1/6 6080/1/6 6088/1/6
f 6083/1/6 6084/1/6 6089/1/6
f 6089/1/6 6084/1/6 6090/1/6
f 6081/1/6 6082/1/6 6091/1/6
f 6091/1/6 6082/1/6 6092/1/6
f 6085/1/6 6086/1/6 6093/1/6
f 6093/1/6 6086/1/6 6094/1/6
f 6095/1/6 6096/1/6 6101/1/6
f 6101/1/6 6096/1/6 6102/1/6
f 6097/1/6 6098/1/6 6103/1/6
f 6103/1/6 6098/1/6 6104/1/6
f 6099/1/6 6100/1/6 6105/1/6
f 6105/1/6 6100/1/6 6106/1/6
f 6107/1/6 6108/1/6 6111/1/6
f 6111/1/6 6108/1/6 6112/1/6
f 6109/1/6 6110/1/6 6115/1/6
f 6115/1/6 6110/1/6 6116/1/6
f 6113/2/6 6114/2/6 6117/2/6
f 6117/2/6 6114/2/6 6118/2/6
f 6121/1/6 6122/1/6 6125/1/6
f 6123/2/6 6124/2/6 6131/2/6
f 6131/2/6 6124/2/6 6132/2/6
f 6119/1/6 6120/1/6 6133/1/6
f 6133/1/6 6120/1/6 6134/1/6
f 6121/1/6 6125/1/6 6135/1/6
f 6125/2/6 6126/2/6 6136/2/6
f 6135/1/6 6125/1/6 6136/1/6
f 6136/2/6 6126/2/6 6137/2/6
f 6127/1/6 6128/1/6 6139/1/6
f 6139/1/6 6128/1/6 6140/1/6
f 6129/1/6 6130/1/6 6141/1/6
f 6141/1/6 6130/1/6 6142/1/6
f 6139/1/6 6140/1/6 6144/1/6
f 6138/1/6 6139/1/6 6144/1/6
f 6144/1/6 6140/1/6 6145/1/6
f 6145/1/6 6140/1/6 6146/1/6
f 6143/1/6 6144/1/6 6150/1/6
f 6144/1/6 6145/1/6 6150/1/6
f 6150/1/6 6145/1/6 6151/1/6
f 6151/1/6 6152/1/6 6155/1/6
f 6155/1/6 6152/1/6 6156/1/6
f 6153/1/6 6154/1/6 6157/1/6
f 6157/1/6 6154/1/6 6158/1/6
f 6147/1/6 6148/1/6 6159/1/6
f 6159/1/6 6148/1/6 6160/1/6
f 6149/1/6 6150/1/6 6161/1/6
f 6161/1/6 6150/1/6 6162/1/6
f 6163/2/6 6164/2/6 6165/2/6
f 6165/2/6 6164/2/6 6166/2/6
f 6167/2/6 6168/2/6 6169/2/6
f 6169/2/6 6168/2/6 6170/2/6
f 6171/1/6 6172/1/6 6175/1/6
f 6175/1/6 6172/1/6 6176/1/6
f 6173/1/6 6174/1/6 6178/1/6
f 6177/2/6 6178/2/6 6179/2/6
f 6178/1/6 6174/1/6 6180/1/6
f 6179/2/6 6178/2/6 6180/2/6
f 6180/1/6 6174/1/6 6181/1/6
f 6182/1/6 6183/1/6 6184/1/6
f 6184/1/6 6183/1/6 6185/1/6
f 6186/1/6 6187/1/6 6190/1/6
f 6190/1/6 6187/1/6 6191/1/6
f 6188/1/6 6189/1/6 6192/1/6
f 6192/1/6 6189/1/6 6193/1/6
f 6194/2/6 6195/2/6 6196/2/6
f 6196/2/6 6195/2/6 6197/2/6
f 6198/1/6 6199/1/6 6202/1/6
f 6202/1/6 6199/1/6 6203/1/6
f 6200/2/6 6201/2/6 6204/2/6
f 6204/2/6 6201/2/6 6205/2/6
f 6206/2/6 6207/2/6 6208/2/6
f 6208/2/6 6207/2/6 6209/2/6
f 6210/1/6 6211/1/6 6214/1/6
f 6214/1/6 6211/1/6 6215/1/6
f 6212/1/6 6213/1/6 6216/1/6
f 6216/1/6 6213/1/6 6217/1/6
f 6218/1/6 6219/1/6 6220/1/6
f 6220/1/6 6219/1/6 6221/1/6
f 6222/1/6 6223/1/6 6224/1/6
f 6224/1/6 6223/1/6 6225/1/6
f 6226/2/6 6227/2/6 6228/2/6
f 6228/2/6 6227/2/6 6229/2/6
f 6230/2/6 6231/2/6 6232/2/6
f 6232/2/6 6231/2/6 6233/2/6
f 6234/1/6 6235/1/6 6243/1/6
f 6243/1/6 6235/1/6 6244/1/6
f 6236/1/6 6237/1/6 6245/1/6
f 6245/1/6 6237/1/6 6246/1/6
f 6238/2/6 6239/2/6 6248/2/6
f 6248/2/6 6239/2/6 6249/2/6
f 6240/2/6 6241/2/6 6250/2/6
f 6250/2/6 6241/2/6 6251/2/6
f 6242/1/6 6243/1/6 6252/1/6
f 6252/1/6 6243/1/6 6253/1/6
f 6246/1/6 6247/1/6 6254/1/6
f 6254/1/6 6247/1/6 6255/1/6
f 6256/1/6 6257/1/6 6262/1/6
f 6262/1/6 6257/1/6 6263/1/6
f 6258/1/6 6259/1/6 6264/1/6
f 6264/1/6 6259/1/6 6265/1/6
f 6260/1/6 6261/1/6 6267/1/6
f 6267/1/6 6261/1/6 6268/1/6
f 6265/1/6 6266/1/6 6271/1/6
f 6271/1/6 6266/1/6 6272/1/6
f 6269/2/6 6270/2/6 6273/2/6
f 6273/2/6 6270/2/6 6274/2/6
f 6275/2/6 6276/2/6 6277/2/6
f 6277/2/6 6276/2/6 6278/2/6
f 6279/2/6 6280/2/6 6281/2/6
f 6281/2/6 6280/2/6 6282/2/6
f 6283/2/6 6284/2/6 6285/2/6
f 6285/2/6 6284/2/6 6286/2/6
f 6287/2/6 6288/2/6 6289/2/6
f 6289/2/6 6288/2/6 6290/2/6
f 6291/2/6 6292/2/6 6293/2/6
f 6293/2/6 6292/2/6 6294/2/6
f 6295/1/6 6296/1/6 6299/1/6
f 6299/1/6 6296/1/6 6300/1/6
f 6297/1/6 6298/1/6 6301/1/6
f 6301/1/6 6298/1/6 6302/1/6
f 6297/1/6 6301/1/6 6303/1/6
f 6303/1/6 6301/1/6 6304/1/6
f 6304/1/6 6305/1/6 6308/1/6
f 6308/1/6 6305/1/6 6309/1/6
f 6306/1/6 6307/1/6 6310/1/6
f 6310/1/6 6307/1/6 6311/1/6
f 6312/1/6 6313/1/6 6319/1/6
f 6319/1/6 6313/1/6 6320/1/6
f 6314/1/6 6315/1/6 6321/1/6
f 6321/1/6 6315/1/6 6322/1/6
f 6318/1/6 6319/1/6 6325/1/6
f 6323/2/6 6324/2/6 6327/2/6
f 6327/2/6 6324/2/6 6328/2/6
f 6316/1/6 6317/1/6 6330/1/6
f 6330/1/6 6317/1/6 6331/1/6
f 6325/1/6 6326/1/6 6332/1/6
f 6318/1/6 6325/1/6 6332/1/6
f 6332/1/6 6326/1/6 6333/1/6
f 6329/2/6 6330/2/6 6334/2/6
f 6334/2/6 6330/2/6 6335/2/6
f 6336/2/6 6337/2/6 6338/2/6
f 6338/2/6 6337/2/6 6339/2/6
f 6340/1/6 6341/1/6 6347/1/6
f 6342/1/6 6343/1/6 6348/1/6
f 6348/1/6 6343/1/6 6349/1/6
f 6344/1/6 6345/1/6 6350/1/6
f 6350/1/6 6345/1/6 6351/1/6
f 6346/1/6 6347/1/6 6352/1/6
f 6347/1/6 6341/1/6 6353/1/6
f 6352/1/6 6347/1/6 6353/1/6
f 6354/1/6 6355/1/6 6362/1/6
f 6362/1/6 6355/1/6 6363/1/6
f 6356/1/6 6357/1/6 6364/1/6
f 6364/1/6 6357/1/6 6365/1/6
f 6358/1/6 6359/1/6 6366/1/6
f 6366/1/6 6359/1/6 6367/1/6
f 6360/2/6 6361/2/6 6368/2/6
f 6368/2/6 6361/2/6 6369/2/6
f 6370/2/6 6371/2/6 6372/2/6
f 6372/2/6 6371/2/6 6373/2/6
f 6374/2/6 6375/2/6 6378/2/6
f 6378/2/6 6375/2/6 6379/2/6
f 6376/2/6 6377/2/6 6380/2/6
f 6380/2/6 6377/2/6 6381/2/6
f 6382/2/6 6383/2/6 6384/2/6
f 6384/2/6 6383/2/6 6385/2/6
f 6380/1/6 6381/1/6 6386/1/6
f 6386/1/6 6381/1/6 6387/1/6
f 6390/2/6 6391/2/6 6392/2/6
f 6392/2/6 6391/2/6 6393/2/6
f 6394/2/6 6395/2/6 6396/2/6
f 6396/2/6 6395/2/6 6397/2/6
f 6388/1/6 6389/1/6 6402/1/6
f 6402/1/6 6389/1/6 6403/1/6
f 6398/1/6 6399/1/6 6404/1/6
f 6404/1/6 6399/1/6 6405/1/6
f 6400/1/6 6401/1/6 6406/1/6
f 6406/1/6 6401/1/6 6407/1/6
f 6408/1/6 6409/1/6 6415/1/6
f 6415/1/6 6409/1/6 6416/1/6
f 6410/1/6 6411/1/6 6417/1/6
f 6417/1/6 6411/1/6 6418/1/6
f 6412/2/6 6413/2/6 6420/2/6
f 6420/2/6 6413/2/6 6421/2/6
f 6414/1/6 6415/1/6 6425/1/6
f 6425/1/6 6415/1/6 6426/1/6
f 6418/1/6 6419/1/6 6427/1/6
f 6427/1/6 6419/1/6 6428/1/6
f 6420/1/6 6421/1/6 6429/1/6
f 6421/1/6 6422/1/6 6429/1/6
f 6429/1/6 6422/1/6 6430/1/6
f 6423/1/6 6424/1/6 6431/1/6
f 6432/1/6 6433/1/6 6434/1/6
f 6432/1/6 6434/1/6 6435/1/6
f 6431/1/6 6424/1/6 6438/1/6
f 6432/1/6 6435/1/6 6439/1/6
f 6439/1/6 6435/1/6 6440/1/6
f 6436/1/6 6437/1/6 6449/1/6
f 6449/1/6 6437/1/6 6450/1/6
f 6450/1/6 6437/1/6 6451/1/6
f 6438/1/6 6424/1/6 6452/1/6
f 6452/1/6 6424/1/6 6453/1/6
f 6445/2/6 6446/2/6 6454/2/6
f 6454/2/6 6446/2/6 6455/2/6
f 6447/2/6 6448/2/6 6456/2/6
f 6456/2/6 6448/2/6 6457/2/6
f 6450/2/6 6451/2/6 6458/2/6
f 6458/2/6 6451/2/6 6459/2/6
f 6441/1/6 6442/1/6 6460/1/6
f 6460/1/6 6442/1/6 6461/1/6
f 6443/1/6 6444/1/6 6464/1/6
f 6464/1/6 6444/1/6 6465/1/6
f 6461/1/6 6462/1/6 6466/1/6
f 6466/1/6 6462/1/6 6467/1/6
f 6463/1/6 6464/1/6 6468/1/6
f 6468/1/6 6464/1/6 6469/1/6
f 6470/2/6 6471/2/6 6472/2/6
f 6472/2/6 6471/2/6 6473/2/6
f 6474/1/6 6475/1/6 6478/1/6
f 6478/1/6 6475/1/6 6479/1/6
f 6476/1/6 6477/1/6 6483/1/6
f 6483/1/6 6477/1/6 6484/1/6
f 6480/1/6 6481/1/6 6487/1/6
f 6487/1/6 6481/1/6 6488/1/6
f 6482/2/6 6483/2/6 6491/2/6
f 6491/2/6 6483/2/6 6492/2/6
f 6489/1/6 6490/1/6 6493/1/6
f 6493/1/6 6490/1/6 6494/1/6
f 6485/1/6 6486/1/6 6499/1/6
f 6499/1/6 6486/1/6 6500/1/6
f 6495/1/6 6496/1/6 6501/1/6
f 6501/1/6 6496/1/6 6502/1/6
f 6497/1/6 6498/1/6 6503/1/6
f 6503/1/6 6498/1/6 6504/1/6
f 6505/2/6 6506/2/6 6507/2/6
f 6507/2/6 6506/2/6 6508/2/6
f 6509/2/6 6510/2/6 6511/2/6
f 6511/2/6 6510/2/6 6512/2/6
f 6513/1/6 6514/1/6 6517/1/6
f 6517/1/6 6514/1/6 6518/1/6
f 6515/1/6 6516/1/6 6519/1/6
f 6519/1/6 6516/1/6 6520/1/6
f 6521/1/6 6522/1/6 6526/1/6
f 6526/1/6 6522/1/6 6527/1/6
f 6527/1/6 6522/1/6 6528/1/6
f 6525/1/6 6526/1/6 6529/1/6
f 6526/1/6 6527/1/6 6529/1/6
f 6529/1/6 6527/1/6 6530/1/6
f 6531/1/6 6532/1/6 6534/1/6
f 6534/1/6 6532/1/6 6535/1/6
f 6523/1/6 6524/1/6 6536/1/6
f 6536/1/6 6524/1/6 6537/1/6
f 6538/1/6 6539/1/6 6540/1/6
f 6540/1/6 6539/1/6 6541/1/6
f 6533/1/6 6534/1/6 6542/1/6
f 6542/1/6 6534/1/6 6543/1/6
f 6544/2/6 6545/2/6 6546/2/6
f 6546/2/6 6545/2/6 6547/2/6
f 6548/1/6 6549/1/6 6553/1/6
f 6553/1/6 6549/1/6 6554/1/6
f 6550/1/6 6551/1/6 6555/1/6
f 6551/2/6 6552/2/6 6556/2/6
f 6555/1/6 6551/1/6 6556/1/6
f 6556/2/6 6552/2/6 6557/2/6
f 6558/1/6 6559/1/6 6560/1/6
f 6560/1/6 6559/1/6 6561/1/6
f 6564/1/6 6565/1/6 6567/1/6
f 6567/1/6 6565/1/6 6568/1/6
f 6566/1/6 6567/1/6 6570/1/6
f 6568/1/6 6569/1/6 6570/1/6
f 6567/1/6 6568/1/6 6570/1/6
f 6570/1/6 6569/1/6 6571/1/6
f 6566/1/6 6570/1/6 6572/1/6
f 6571/1/6 6569/1/6 6573/1/6
f 6573/1/6 6569/1/6 6574/1/6
f 6574/1/6 6569/1/6 6575/1/6
f 6562/1/6 6563/1/6 6576/1/6
f 6576/1/6 6563/1/6 6577/1/6
f 6566/1/6 6572/1/6 6578/1/6
f 6572/1/6 6573/1/6 6578/1/6
f 6573/1/6 6574/1/6 6578/1/6
f 6578/1/6 6574/1/6 6579/1/6
f 6579/1/6 6574/1/6 6582/1/6
f 6582/1/6 6574/1/6 6583/1/6
f 6580/1/6 6581/1/6 6584/1/6
f 6584/1/6 6581/1/6 6585/1/6
f 6586/2/6 6587/2/6 6588/2/6
f 6588/2/6 6587/2/6 6589/2/6
f 6590/2/6 6591/2/6 6592/2/6
f 6592/2/6 6591/2/6 6593/2/6
f 6594/2/6 6595/2/6 6596/2/6
f 6596/2/6 6595/2/6 6597/2/6
f 6598/2/6 6599/2/6 6600/2/6
f 6600/2/6 6599/2/6 6601/2/6
f 6602/2/6 6603/2/6 6607/2/6
f 6607/2/6 6603/2/6 6608/2/6
f 6604/2/6 6605/2/6 6609/2/6
f 6609/2/6 6605/2/6 6610/2/6
f 6606/1/6 6607/1/6 6614/1/6
f 6614/1/6 6607/1/6 6615/1/6
f 6610/1/6 6611/1/6 6616/1/6
f 6611/2/6 6612/2/6 6617/2/6
f 6616/1/6 6611/1/6 6617/1/6
f 6617/2/6 6612/2/6 6618/2/6
f 6613/1/6 6614/1/6 6619/1/6
f 6619/1/6 6614/1/6 6620/1/6
f 6617/1/6 6618/1/6 6621/1/6
f 6621/1/6 6618/1/6 6622/1/6
f 6623/2/6 6624/2/6 6625/2/6
f 6625/2/6 6624/2/6 6626/2/6
f 6627/1/6 6628/1/6 6631/1/6
f 6631/1/6 6628/1/6 6632/1/6
f 6629/1/6 6630/1/6 6635/1/6
f 6635/1/6 6630/1/6 6636/1/6
f 6632/1/6 6633/1/6 6637/1/6
f 6637/1/6 6633/1/6 6638/1/6
f 6634/1/6 6635/1/6 6639/1/6
f 6639/1/6 6635/1/6 6640/1/6
f 6641/2/6 6642/2/6 6643/2/6
f 6643/2/6 6642/2/6 6644/2/6
f 6645/2/6 6646/2/6 6647/2/6
f 6647/2/6 6646/2/6 6648/2/6
f 6649/2/6 6650/2/6 6651/2/6
f 6651/2/6 6650/2/6 6652/2/6
f 6653/2/6 6654/2/6 6655/2/6
f 6655/2/6 6654/2/6 6656/2/6
f 6657/2/6 6658/2/6 6659/2/6
f 6659/2/6 6658/2/6 6660/2/6
f 6661/2/6 6662/2/6 6663/2/6
f 6663/2/6 6662/2/6 6664/2/6
f 6665/2/6 6666/2/6 6667/2/6
f 6667/2/6 6666/2/6 6668/2/6
f 6669/2/6 6670/2/6 6671/2/6
f 6671/2/6 6670/2/6 6672/2/6
f 6673/2/6 6674/2/6 6675/2/6
f 6675/2/6 6674/2/6 6676/2/6
f 6677/2/6 6678/2/6 6679/2/6
f 6679/2/6 6678/2/6 6680/2/6
f 6681/2/6 6682/2/6 6683/2/6
f 6683/2/6 6682/2/6 6684/2/6
f 6685/2/6 6686/2/6 6689/2/6
f 6689/2/6 6686/2/6 6690/2/6
f 6687/1/6 6688/1/6 6691/1/6
f 6691/1/6 6688/1/6 6692/1/6
f 6689/1/6 6690/1/6 6693/1/6
f 6693/1/6 6690/1/6 6694/1/6
f 6695/2/6 6696/2/6 6699/2/6
f 6699/2/6 6696/2/6 6700/2/6
f 6697/2/6 6698/2/6 6701/2/6
f 6701/2/6 6698/2/6 6702/2/6
f 6703/2/6 6704/2/6 6705/2/6
f 6705/2/6 6704/2/6 6706/2/6
f 6707/1/6 6708/1/6 6709/1/6
f 6709/1/6 6708/1/6 6710/1/6
f 6711/2/6 6712/2/6 6713/2/6
f 6713/2/6 6712/2/6 6714/2/6
f 6713/1/6 6714/1/6 6721/1/6
f 6721/1/6 6714/1/6 6722/1/6
f 6715/1/6 6716/1/6 6723/1/6
f 6723/1/6 6716/1/6 6724/1/6
f 6717/1/6 6718/1/6 6725/1/6
f 6725/1/6 6718/1/6 6726/1/6
f 6719/1/6 6720/1/6 6727/1/6
f 6727/1/6 6720/1/6 6728/1/6
f 6729/1/6 6730/1/6 6733/1/6
f 6733/1/6 6730/1/6 6734/1/6
f 6731/1/6 6732/1/6 6735/1/6
f 6735/1/6 6732/1/6 6736/1/6
f 6737/2/6 6738/2/6 6739/2/6
f 6739/2/6 6738/2/6 6740/2/6
f 6741/1/6 6742/1/6 6743/1/6
f 6743/1/6 6742/1/6 6744/1/6
f 6744/1/6 6745/1/6 6746/1/6
f 6746/1/6 6745/1/6 6747/1/6
f 6748/1/6 6749/1/6 6750/1/6
f 6750/1/6 6749/1/6 6751/1/6
f 6752/1/6 6753/1/6 6756/1/6
f 6756/1/6 6753/1/6 6757/1/6
f 6754/1/6 6755/1/6 6759/1/6
f 6759/1/6 6755/1/6 6760/1/6
f 6758/2/6 6759/2/6 6761/2/6
f 6761/2/6 6759/2/6 6762/2/6
f 6763/2/6 6764/2/6 6765/2/6
f 6765/2/6 6764/2/6 6766/2/6
f 6767/1/6 6768/1/6 6774/1/6
f 6774/1/6 6768/1/6 6775/1/6
f 6769/1/6 6770/1/6 6779/1/6
f 6779/1/6 6770/1/6 6780/1/6
f 6771/1/6 6772/1/6 6781/1/6
f 6781/1/6 6772/1/6 6782/1/6
f 6773/1/6 6774/1/6 6784/1/6
f 6784/1/6 6774/1/6 6785/1/6
f 6776/1/6 6777/1/6 6786/1/6
f 6786/1/6 6777/1/6 6787/1/6
f 6778/1/6 6779/1/6 6788/1/6
f 6788/1/6 6779/1/6 6789/1/6
f 6782/1/6 6783/1/6 6790/1/6
f 6790/1/6 6783/1/6 6791/1/6
f 6773/1/6 6784/1/6 6793/1/6
f 6793/1/6 6784/1/6 6794/1/6
f 6792/1/6 6793/1/6 6797/1/6
f 6797/1/6 6793/1/6 6798/1/6
f 6795/1/6 6796/1/6 6800/1/6
f 6799/1/6 6800/1/6 6803/1/6
f 6800/1/6 6796/1/6 6804/1/6
f 6803/1/6 6800/1/6 6804/1/6
f 6804/1/6 6796/1/6 6805/1/6
f 6801/1/6 6802/1/6 6812/1/6
f 6812/1/6 6802/1/6 6813/1/6
f 6803/1/6 6804/1/6 6814/1/6
f 6814/1/6 6804/1/6 6815/1/6
f 6806/1/6 6807/1/6 6816/1/6
f 6816/1/6 6807/1/6 6817/1/6
f 6808/1/6 6809/1/6 6819/1/6
f 6819/1/6 6809/1/6 6820/1/6
f 6810/2/6 6811/2/6 6821/2/6
f 6812/1/6 6813/1/6 6822/1/6
f 6821/2/6 6811/2/6 6822/2/6
f 6811/1/6 6812/1/6 6822/1/6
f 6822/1/6 6813/1/6 6823/1/6
f 6818/1/6 6819/1/6 6824/1/6
f 6819/2/6 6820/2/6 6825/2/6
f 6824/1/6 6819/1/6 6825/1/6
f 6825/2/6 6820/2/6 6826/2/6
f 6827/1/6 6828/1/6 6830/1/6
f 6830/1/6 6828/1/6 6831/1/6
f 6829/1/6 6830/1/6 6834/1/6
f 6831/1/6 6832/1/6 6834/1/6
f 6830/1/6 6831/1/6 6834/1/6
f 6834/1/6 6832/1/6 6835/1/6
f 6833/1/6 6834/1/6 6835/1/6
f 6835/1/6 6832/1/6 6836/1/6
f 6833/1/6 6835/1/6 6837/1/6
f 6836/1/6 6832/1/6 6838/1/6
f 6838/1/6 6832/1/6 6839/1/6
f 6839/1/6 6832/1/6 6840/1/6
f 6833/1/6 6837/1/6 6841/1/6
f 6837/1/6 6838/1/6 6841/1/6
f 6838/1/6 6839/1/6 6841/1/6
f 6841/1/6 6839/1/6 6842/1/6
f 6842/1/6 6839/1/6 6843/1/6
f 6843/1/6 6839/1/6 6844/1/6
f 6844/1/6 6839/1/6 6845/1/6
f 6842/1/6 6843/1/6 6846/1/6
f 6846/1/6 6843/1/6 6847/1/6
f 6844/2/6 6845/2/6 6848/2/6
f 6848/2/6 6845/2/6 6849/2/6
f 6850/2/6 6851/2/6 6852/2/6
f 6852/2/6 6851/2/6 6853/2/6
f 6854/1/6 6855/1/6 6859/1/6
f 6859/1/6 6855/1/6 6860/1/6
f 6856/1/6 6857/1/6 6861/1/6
f 6861/1/6 6857/1/6 6862/1/6
f 6858/1/6 6859/1/6 6865/1/6
f 6865/1/6 6859/1/6 6866/1/6
f 6862/1/6 6863/1/6 6867/1/6
f 6867/1/6 6863/1/6 6868/1/6
f 6864/1/6 6865/1/6 6870/1/6
f 6870/1/6 6865/1/6 6871/1/6
f 6869/1/6 6870/1/6 6875/1/6
f 6875/1/6 6870/1/6 6876/1/6
f 6872/1/6 6873/1/6 6877/1/6
f 6877/1/6 6873/1/6 6878/1/6
f 6874/1/6 6875/1/6 6880/1/6
f 6880/1/6 6875/1/6 6881/1/6
f 6878/1/6 6879/1/6 6882/1/6
f 6882/1/6 6879/1/6 6883/1/6
f 6884/2/6 6885/2/6 6888/2/6
f 6888/2/6 6885/2/6 6889/2/6
f 6886/2/6 6887/2/6 6893/2/6
f 6893/2/6 6887/2/6 6894/2/6
f 6890/1/6 6891/1/6 6895/1/6
f 6895/1/6 6891/1/6 6896/1/6
f 6892/1/6 6893/1/6 6899/1/6
f 6899/1/6 6893/1/6 6900/1/6
f 6896/1/6 6897/1/6 6901/1/6
f 6901/1/6 6897/1/6 6902/1/6
f 6898/1/6 6899/1/6 6904/1/6
f 6904/1/6 6899/1/6 6905/1/6
f 6902/1/6 6903/1/6 6906/1/6
f 6906/1/6 6903/1/6 6907/1/6
f 6907/1/6 6908/1/6 6911/1/6
f 6911/1/6 6908/1/6 6912/1/6
f 6909/1/6 6910/1/6 6915/1/6
f 6915/1/6 6910/1/6 6916/1/6
f 6912/1/6 6913/1/6 6917/1/6
f 6917/1/6 6913/1/6 6918/1/6
f 6914/1/6 6915/1/6 6919/1/6
f 6919/1/6 6915/1/6 6920/1/6
f 6921/1/6 6922/1/6 6924/1/6
f 6924/1/6 6922/1/6 6925/1/6
f 6923/1/6 6924/1/6 6928/1/6
f 6928/1/6 6924/1/6 6929/1/6
f 6925/1/6 6926/1/6 6930/1/6
f 6930/1/6 6926/1/6 6931/1/6
f 6927/1/6 6928/1/6 6935/1/6
f 6935/1/6 6928/1/6 6936/1/6
f 6931/1/6 6932/1/6 6937/1/6
f 6932/2/6 6933/2/6 6938/2/6
f 6937/1/6 6932/1/6 6938/1/6
f 6938/2/6 6933/2/6 6939/2/6
f 6934/1/6 6935/1/6 6941/1/6
f 6941/1/6 6935/1/6 6942/1/6
f 6938/1/6 6939/1/6 6943/1/6
f 6943/1/6 6939/1/6 6944/1/6
f 6940/1/6 6941/1/6 6947/1/6
f 6947/1/6 6941/1/6 6948/1/6
f 6944/1/6 6945/1/6 6949/1/6
f 6949/1/6 6945/1/6 6950/1/6
f 6946/1/6 6947/1/6 6952/1/6
f 6952/1/6 6947/1/6 6953/1/6
f 6950/1/6 6951/1/6 6956/1/6
f 6956/1/6 6951/1/6 6957/1/6
f 6953/1/6 6954/1/6 6958/1/6
f 6958/1/6 6954/1/6 6959/1/6
f 6955/1/6 6956/1/6 6962/1/6
f 6962/1/6 6956/1/6 6963/1/6
f 6959/1/6 6960/1/6 6964/1/6
f 6964/1/6 6960/1/6 6965/1/6
f 6961/1/6 6962/1/6 6967/1/6
f 6967/1/6 6962/1/6 6968/1/6
f 6966/1/6 6967/1/6 6971/1/6
f 6967/2/6 6968/2/6 6972/2/6
f 6971/1/6 6967/1/6 6972/1/6
f 6972/2/6 6968/2/6 6973/2/6
f 6969/1/6 6970/1/6 6974/1/6
f 6974/1/6 6970/1/6 6975/1/6
f 6975/1/6 6976/1/6 6977/1/6
f 6977/1/6 6976/1/6 6978/1/6
f 6979/1/6 6980/1/6 6982/1/6
f 6982/1/6 6980/1/6 6983/1/6
f 6981/1/6 6982/1/6 6986/1/6
f 6986/1/6 6982/1/6 6987/1/6
f 6983/1/6 6984/1/6 6988/1/6
f 6988/1/6 6984/1/6 6989/1/6
f 6985/1/6 6986/1/6 6992/1/6
f 6992/1/6 6986/1/6 6993/1/6
f 6989/1/6 6990/1/6 6994/1/6
f 6994/1/6 6990/1/6 6995/1/6
f 6991/1/6 6992/1/6 6998/1/6
f 6998/1/6 6992/1/6 6999/1/6
f 6995/1/6 6996/1/6 7000/1/6
f 7000/1/6 6996/1/6 7001/1/6
f 6997/1/6 6998/1/6 7003/1/6
f 7003/1/6 6998/1/6 7004/1/6
f 7001/1/6 7002/1/6 7007/1/6
f 7007/1/6 7002/1/6 7008/1/6
f 7004/1/6 7005/1/6 7009/1/6
f 7009/1/6 7005/1/6 7010/1/6
f 7006/1/6 7007/1/6 7013/1/6
f 7013/1/6 7007/1/6 7014/1/6
f 7010/1/6 7011/1/6 7015/1/6
f 7015/1/6 7011/1/6 7016/1/6
f 7012/1/6 7013/1/6 7019/1/6
f 7019/1/6 7013/1/6 7020/1/6
f 7015/2/6 7016/2/6 7021/2/6
f 7016/1/6 7017/1/6 7022/1/6
f 7021/2/6 7016/2/6 7022/2/6
f 7022/1/6 7017/1/6 7023/1/6
f 7018/1/6 7019/1/6 7024/1/6
f 7024/1/6 7019/1/6 7025/1/6
f 7023/1/6 7024/1/6 7026/1/6
f 7024/2/6 7025/2/6 7027/2/6
f 7026/1/6 7024/1/6 7027/1/6
f 7027/2/6 7025/2/6 7028/2/6
f 7029/1/6 7030/1/6 7032/1/6
f 7032/1/6 7030/1/6 7033/1/6
f 7031/1/6 7032/1/6 7036/1/6
f 7036/1/6 7032/1/6 7037/1/6
f 7033/1/6 7034/1/6 7038/1/6
f 7038/1/6 7034/1/6 7039/1/6
f 7035/1/6 7036/1/6 7042/1/6
f 7042/1/6 7036/1/6 7043/1/6
f 7039/1/6 7040/1/6 7044/1/6
f 7044/1/6 7040/1/6 7045/1/6
f 7045/1/6 7046/1/6 7047/1/6
f 7047/1/6 7046/1/6 7048/1/6
f 7041/1/6 7042/1/6 7049/1/6
f 7049/1/6 7042/1/6 7050/1/6
f 7050/1/6 7051/1/6 7054/1/6
f 7054/1/6 7051/1/6 7055/1/6
f 7052/1/6 7053/1/6 7058/1/6
f 7058/1/6 7053/1/6 7059/1/6
f 7055/1/6 7056/1/6 7060/1/6
f 7060/1/6 7056/1/6 7061/1/6
f 7057/1/6 7058/1/6 7062/1/6
f 7062/1/6 7058/1/6 7063/1/6
f 7061/1/6 7062/1/6 7064/1/6
f 7064/1/6 7062/1/6 7065/1/6
f 7066/1/6 7067/1/6 7070/1/6
f 7070/1/6 7067/1/6 7071/1/6
f 7068/1/6 7069/1/6 7074/1/6
f 7071/1/6 7072/1/6 7074/1/6
f 7070/1/6 7071/1/6 7074/1/6
f 7069/1/6 7070/1/6 7074/1/6
f 7074/1/6 7072/1/6 7075/1/6
f 7073/1/6 7074/1/6 7077/1/6
f 7075/1/6 7076/1/6 7077/1/6
f 7074/1/6 7075/1/6 7077/1/6
f 7077/1/6 7076/1/6 7078/1/6
f 7078/1/6 7076/1/6 7079/1/6
f 7073/1/6 7077/1/6 7081/1/6
f 7081/1/6 7077/1/6 7082/1/6
f 7078/1/6 7079/1/6 7083/1/6
f 7083/1/6 7079/1/6 7084/1/6
f 7079/2/6 7080/2/6 7085/2/6
f 7084/1/6 7079/1/6 7085/1/6
f 7085/2/6 7080/2/6 7086/2/6
f 7083/1/6 7084/1/6 7087/1/6
f 7082/1/6 7083/1/6 7087/1/6
f 7087/1/6 7084/1/6 7088/1/6
f 7088/1/6 7084/1/6 7089/1/6
f 7089/1/6 7084/1/6 7090/1/6
f 7088/1/6 7089/1/6 7091/1/6
f 7091/1/6 7089/1/6 7092/1/6
f 7093/2/6 7094/2/6 7095/2/6
f 7095/2/6 7094/2/6 7096/2/6
f 7097/2/6 7098/2/6 7099/2/6
f 7099/2/6 7098/2/6 7100/2/6
