# MagicaVoxel @ Ephtracy

# group
o 

# material
mtllib arch,vase,catuss-2.mtl
usemtl palette

# normals
vn -1 0 0
vn 1 0 0
vn 0 0 1
vn 0 0 -1
vn 0 -1 0
vn 0 1 0

# texcoords
vt 0.0371094 0.5
vt 0.0644531 0.5
vt 0.0683594 0.5

# verts
v -2.7 0 0.4
v -2.7 0 -0.4
v -2.7 0.1 0.6
v -2.7 0.1 0.4
v -2.7 0.1 -0.4
v -2.7 0.1 -0.6
v -2.7 0.2 0.6
v -2.7 0.2 0.5
v -2.7 0.2 -0.5
v -2.7 0.2 -0.6
v -2.7 0.3 0.5
v -2.7 0.3 0.4
v -2.7 0.3 -0.4
v -2.7 0.3 -0.5
v -2.7 0.5 0.6
v -2.7 0.5 0.4
v -2.7 0.5 -0.4
v -2.7 0.5 -0.6
v -2.7 0.6 0.6
v -2.7 0.6 0.5
v -2.7 0.6 -0.5
v -2.7 0.6 -0.6
v -2.7 0.9 0.5
v -2.7 0.9 -0.5
v -2.7 1 0.4
v -2.7 1 -0.4
v -2.7 1.2 0.5
v -2.7 1.2 0.4
v -2.7 1.2 -0.4
v -2.7 1.2 -0.5
v -2.7 1.3 0.6
v -2.7 1.3 0.5
v -2.7 1.3 -0.5
v -2.7 1.3 -0.6
v -2.7 1.8 0.6
v -2.7 1.8 0.5
v -2.7 1.8 -0.5
v -2.7 1.8 -0.6
v -2.7 1.9 0.5
v -2.7 1.9 -0.5
v -2.6 0 0.6
v -2.6 0 0.4
v -2.6 0 -0.4
v -2.6 0 -0.6
v -2.6 0.1 0.8
v -2.6 0.1 0.6
v -2.6 0.1 0.4
v -2.6 0.1 -0.4
v -2.6 0.1 -0.6
v -2.6 0.1 -0.8
v -2.6 0.2 0.8
v -2.6 0.2 0.7
v -2.6 0.2 0.6
v -2.6 0.2 0.5
v -2.6 0.2 -0.5
v -2.6 0.2 -0.6
v -2.6 0.2 -0.7
v -2.6 0.2 -0.8
v -2.6 0.3 0.8
v -2.6 0.3 0.7
v -2.6 0.3 0.5
v -2.6 0.3 0.4
v -2.6 0.3 -0.4
v -2.6 0.3 -0.5
v -2.6 0.3 -0.7
v -2.6 0.3 -0.8
v -2.6 0.5 0.6
v -2.6 0.5 0.4
v -2.6 0.5 -0.4
v -2.6 0.5 -0.6
v -2.6 0.6 0.6
v -2.6 0.6 0.5
v -2.6 0.6 -0.5
v -2.6 0.6 -0.6
v -2.6 0.7 0.8
v -2.6 0.7 0.7
v -2.6 0.7 -0.7
v -2.6 0.7 -0.8
v -2.6 0.8 0.6
v -2.6 0.8 0.5
v -2.6 0.8 -0.5
v -2.6 0.8 -0.6
v -2.6 0.9 0.7
v -2.6 0.9 0.6
v -2.6 0.9 0.4
v -2.6 0.9 -0.4
v -2.6 0.9 -0.6
v -2.6 0.9 -0.7
v -2.6 1 0.5
v -2.6 1 0.4
v -2.6 1 -0.4
v -2.6 1 -0.5
v -2.6 1.1 0.8
v -2.6 1.1 0.5
v -2.6 1.1 -0.5
v -2.6 1.1 -0.8
v -2.6 1.2 0.5
v -2.6 1.2 0.4
v -2.6 1.2 -0.4
v -2.6 1.2 -0.5
v -2.6 1.3 0.6
v -2.6 1.3 0.5
v -2.6 1.3 -0.5
v -2.6 1.3 -0.6
v -2.6 1.6 0.8
v -2.6 1.6 0.7
v -2.6 1.6 -0.7
v -2.6 1.6 -0.8
v -2.6 1.7 0.7
v -2.6 1.7 0.6
v -2.6 1.7 -0.6
v -2.6 1.7 -0.7
v -2.6 1.8 0.6
v -2.6 1.8 0.5
v -2.6 1.8 -0.5
v -2.6 1.8 -0.6
v -2.6 1.9 0.5
v -2.6 1.9 -0.5
v -2.6 2 0.7
v -2.6 2 0.3
v -2.6 2 -0.3
v -2.6 2 -0.7
v -2.6 2.1 0.4
v -2.6 2.1 0.3
v -2.6 2.1 -0.3
v -2.6 2.1 -0.4
v -2.6 2.3 0.6
v -2.6 2.3 0.4
v -2.6 2.3 -0.4
v -2.6 2.3 -0.6
v -2.6 2.8 0.6
v -2.6 2.8 0.5
v -2.6 2.8 -0.5
v -2.6 2.8 -0.6
v -2.6 2.9 0.5
v -2.6 2.9 0.4
v -2.6 2.9 -0.4
v -2.6 2.9 -0.5
v -2.6 3 0.4
v -2.6 3 -0.4
v -2.5 0 0.7
v -2.5 0 0.6
v -2.5 0 -0.6
v -2.5 0 -0.7
v -2.5 0.1 0.7
v -2.5 0.1 0.6
v -2.5 0.1 -0.6
v -2.5 0.1 -0.7
v -2.5 0.2 0.8
v -2.5 0.2 0.7
v -2.5 0.2 -0.7
v -2.5 0.2 -0.8
v -2.5 0.3 0.8
v -2.5 0.3 0.7
v -2.5 0.3 -0.7
v -2.5 0.3 -0.8
v -2.5 0.7 0.8
v -2.5 0.7 0.7
v -2.5 0.7 -0.7
v -2.5 0.7 -0.8
v -2.5 0.8 0.6
v -2.5 0.8 0.5
v -2.5 0.8 -0.5
v -2.5 0.8 -0.6
v -2.5 0.9 0.8
v -2.5 0.9 0.7
v -2.5 0.9 0.6
v -2.5 0.9 0.5
v -2.5 0.9 0.4
v -2.5 0.9 -0.4
v -2.5 0.9 -0.5
v -2.5 0.9 -0.6
v -2.5 0.9 -0.7
v -2.5 0.9 -0.8
v -2.5 1 0.8
v -2.5 1 0.7
v -2.5 1 0.5
v -2.5 1 0.4
v -2.5 1 -0.4
v -2.5 1 -0.5
v -2.5 1 -0.7
v -2.5 1 -0.8
v -2.5 1.1 0.8
v -2.5 1.1 0.5
v -2.5 1.1 -0.5
v -2.5 1.1 -0.8
v -2.5 1.6 0.8
v -2.5 1.6 0.7
v -2.5 1.6 -0.7
v -2.5 1.6 -0.8
v -2.5 1.7 0.7
v -2.5 1.7 -0.7
v -2.5 1.8 0.8
v -2.5 1.8 0.7
v -2.5 1.8 -0.7
v -2.5 1.8 -0.8
v -2.5 2 0.7
v -2.5 2 0.3
v -2.5 2 -0.3
v -2.5 2 -0.7
v -2.5 2.1 0.8
v -2.5 2.1 0.7
v -2.5 2.1 0.4
v -2.5 2.1 0.3
v -2.5 2.1 -0.3
v -2.5 2.1 -0.4
v -2.5 2.1 -0.7
v -2.5 2.1 -0.8
v -2.5 2.3 0.6
v -2.5 2.3 0.4
v -2.5 2.3 -0.4
v -2.5 2.3 -0.6
v -2.5 2.8 0.8
v -2.5 2.8 0.7
v -2.5 2.8 0.6
v -2.5 2.8 0.5
v -2.5 2.8 -0.5
v -2.5 2.8 -0.6
v -2.5 2.8 -0.7
v -2.5 2.8 -0.8
v -2.5 2.9 0.7
v -2.5 2.9 0.6
v -2.5 2.9 0.5
v -2.5 2.9 0.4
v -2.5 2.9 -0.4
v -2.5 2.9 -0.5
v -2.5 2.9 -0.6
v -2.5 2.9 -0.7
v -2.5 3 0.6
v -2.5 3 0.5
v -2.5 3 0.4
v -2.5 3 -0.4
v -2.5 3 -0.5
v -2.5 3 -0.6
v -2.5 3.1 0.5
v -2.5 3.1 -0.5
v -2.4 0 0.8
v -2.4 0 0.7
v -2.4 0 -0.7
v -2.4 0 -0.8
v -2.4 0.1 0.8
v -2.4 0.1 0.7
v -2.4 0.1 -0.7
v -2.4 0.1 -0.8
v -2.4 1.8 0.8
v -2.4 1.8 0.7
v -2.4 1.8 -0.7
v -2.4 1.8 -0.8
v -2.4 1.9 0.8
v -2.4 1.9 0.7
v -2.4 1.9 -0.7
v -2.4 1.9 -0.8
v -2.4 2 0.8
v -2.4 2 0.7
v -2.4 2 -0.7
v -2.4 2 -0.8
v -2.4 2.1 0.8
v -2.4 2.1 0.7
v -2.4 2.1 -0.7
v -2.4 2.1 -0.8
v -2.4 2.8 0.8
v -2.4 2.8 0.7
v -2.4 2.8 -0.7
v -2.4 2.8 -0.8
v -2.4 2.9 0.7
v -2.4 2.9 0.6
v -2.4 2.9 -0.6
v -2.4 2.9 -0.7
v -2.4 3 0.8
v -2.4 3 0.7
v -2.4 3 0.6
v -2.4 3 0.5
v -2.4 3 -0.5
v -2.4 3 -0.6
v -2.4 3 -0.7
v -2.4 3 -0.8
v -2.4 3.1 0.7
v -2.4 3.1 0.5
v -2.4 3.1 0.3
v -2.4 3.1 -0.3
v -2.4 3.1 -0.5
v -2.4 3.1 -0.7
v -2.4 3.2 0.5
v -2.4 3.2 0.3
v -2.4 3.2 -0.3
v -2.4 3.2 -0.5
v -2.4 3.3 0.6
v -2.4 3.3 0.5
v -2.4 3.3 -0.5
v -2.4 3.3 -0.6
v -2.4 4 0.6
v -2.4 4 0.5
v -2.4 4 -0.5
v -2.4 4 -0.6
v -2.4 4.2 0.5
v -2.4 4.2 0.3
v -2.4 4.2 -0.3
v -2.4 4.2 -0.5
v -2.4 4.3 0.3
v -2.4 4.3 -0.3
v -2.4 4.4 0.6
v -2.4 4.4 0.3
v -2.4 4.4 -0.3
v -2.4 4.4 -0.6
v -2.4 4.5 0.3
v -2.4 4.5 -0.3
v -2.4 4.6 0.6
v -2.4 4.6 -0.6
v -2.3 3.1 0.6
v -2.3 3.1 0.5
v -2.3 3.1 0.3
v -2.3 3.1 -0.3
v -2.3 3.1 -0.5
v -2.3 3.1 -0.6
v -2.3 3.2 0.6
v -2.3 3.2 0.5
v -2.3 3.2 0.3
v -2.3 3.2 -0.3
v -2.3 3.2 -0.5
v -2.3 3.2 -0.6
v -2.3 3.3 0.7
v -2.3 3.3 0.6
v -2.3 3.3 0.5
v -2.3 3.3 -0.5
v -2.3 3.3 -0.6
v -2.3 3.3 -0.7
v -2.3 3.4 0.8
v -2.3 3.4 0.7
v -2.3 3.4 -0.7
v -2.3 3.4 -0.8
v -2.3 3.5 0.7
v -2.3 3.5 0.6
v -2.3 3.5 -0.6
v -2.3 3.5 -0.7
v -2.3 3.6 0.7
v -2.3 3.6 0.6
v -2.3 3.6 -0.6
v -2.3 3.6 -0.7
v -2.3 3.8 0.8
v -2.3 3.8 0.7
v -2.3 3.8 -0.7
v -2.3 3.8 -0.8
v -2.3 4 0.8
v -2.3 4 0.7
v -2.3 4 0.6
v -2.3 4 0.5
v -2.3 4 -0.5
v -2.3 4 -0.6
v -2.3 4 -0.7
v -2.3 4 -0.8
v -2.3 4.1 0.8
v -2.3 4.1 0.7
v -2.3 4.1 -0.7
v -2.3 4.1 -0.8
v -2.3 4.2 0.7
v -2.3 4.2 0.5
v -2.3 4.2 0.3
v -2.3 4.2 -0.3
v -2.3 4.2 -0.5
v -2.3 4.2 -0.7
v -2.3 4.3 0.7
v -2.3 4.3 0.5
v -2.3 4.3 0.4
v -2.3 4.3 0.3
v -2.3 4.3 -0.3
v -2.3 4.3 -0.4
v -2.3 4.3 -0.5
v -2.3 4.3 -0.7
v -2.3 4.4 0.6
v -2.3 4.4 0.5
v -2.3 4.4 0.4
v -2.3 4.4 0.3
v -2.3 4.4 -0.3
v -2.3 4.4 -0.4
v -2.3 4.4 -0.5
v -2.3 4.4 -0.6
v -2.3 4.5 0.3
v -2.3 4.5 -0.3
v -2.3 4.6 0.8
v -2.3 4.6 0.7
v -2.3 4.6 0.6
v -2.3 4.6 -0.6
v -2.3 4.6 -0.7
v -2.3 4.6 -0.8
v -2.3 4.7 0.8
v -2.3 4.7 -0.8
v -2.2 3.1 0.7
v -2.2 3.1 0.6
v -2.2 3.1 -0.6
v -2.2 3.1 -0.7
v -2.2 3.2 0.8
v -2.2 3.2 0.7
v -2.2 3.2 0.6
v -2.2 3.2 -0.6
v -2.2 3.2 -0.7
v -2.2 3.2 -0.8
v -2.2 3.3 0.7
v -2.2 3.3 0.6
v -2.2 3.3 -0.6
v -2.2 3.3 -0.7
v -2.2 3.4 0.8
v -2.2 3.4 0.7
v -2.2 3.4 -0.7
v -2.2 3.4 -0.8
v -2.2 3.5 0.7
v -2.2 3.5 0.6
v -2.2 3.5 -0.6
v -2.2 3.5 -0.7
v -2.2 3.6 0.7
v -2.2 3.6 0.6
v -2.2 3.6 -0.6
v -2.2 3.6 -0.7
v -2.2 3.8 0.8
v -2.2 3.8 0.7
v -2.2 3.8 -0.7
v -2.2 3.8 -0.8
v -2.2 4 0.8
v -2.2 4 0.7
v -2.2 4 -0.7
v -2.2 4 -0.8
v -2.2 4.1 0.8
v -2.2 4.1 0.7
v -2.2 4.1 -0.7
v -2.2 4.1 -0.8
v -2.2 4.2 0.8
v -2.2 4.2 0.7
v -2.2 4.2 0.5
v -2.2 4.2 -0.5
v -2.2 4.2 -0.7
v -2.2 4.2 -0.8
v -2.2 4.3 0.8
v -2.2 4.3 0.7
v -2.2 4.3 0.5
v -2.2 4.3 0.4
v -2.2 4.3 -0.4
v -2.2 4.3 -0.5
v -2.2 4.3 -0.7
v -2.2 4.3 -0.8
v -2.2 4.4 0.5
v -2.2 4.4 0.4
v -2.2 4.4 -0.4
v -2.2 4.4 -0.5
v -2.2 4.6 0.8
v -2.2 4.6 0.7
v -2.2 4.6 -0.7
v -2.2 4.6 -0.8
v -2.2 4.7 0.7
v -2.2 4.7 -0.7
v -2.2 4.8 0.7
v -2.2 4.8 -0.7
v -2.1 1.9 0.7
v -2.1 1.9 0.6
v -2.1 1.9 -0.6
v -2.1 1.9 -0.7
v -2.1 2 0.7
v -2.1 2 0.6
v -2.1 2 -0.6
v -2.1 2 -0.7
v -2.1 4.6 0.8
v -2.1 4.6 0.7
v -2.1 4.6 -0.7
v -2.1 4.6 -0.8
v -2.1 4.8 0.8
v -2.1 4.8 0.7
v -2.1 4.8 -0.7
v -2.1 4.8 -0.8
v -2.1 4.9 0.7
v -2.1 4.9 -0.7
v -2 2 0.8
v -2 2 0.7
v -2 2 -0.7
v -2 2 -0.8
v -2 2.1 0.8
v -2 2.1 0.7
v -2 2.1 -0.7
v -2 2.1 -0.8
v -2 4.2 0.8
v -2 4.2 0.7
v -2 4.2 -0.7
v -2 4.2 -0.8
v -2 4.3 0.8
v -2 4.3 0.7
v -2 4.3 -0.7
v -2 4.3 -0.8
v -2 4.8 0.8
v -2 4.8 0.7
v -2 4.8 -0.7
v -2 4.8 -0.8
v -2 4.9 0.7
v -2 4.9 -0.7
v -2 5 0.8
v -2 5 -0.8
v -1.9 4.1 0.8
v -1.9 4.1 0.7
v -1.9 4.1 -0.7
v -1.9 4.1 -0.8
v -1.9 4.2 0.8
v -1.9 4.2 0.7
v -1.9 4.2 -0.7
v -1.9 4.2 -0.8
v -1.9 5 0.8
v -1.9 5 -0.8
v -1.9 5.1 0.8
v -1.9 5.1 -0.8
v -1.8 5.1 0.5
v -1.8 5.1 -0.5
v -1.8 5.2 0.5
v -1.8 5.2 -0.5
v -1.7 4 0.8
v -1.7 4 0.7
v -1.7 4 -0.7
v -1.7 4 -0.8
v -1.7 4.1 0.8
v -1.7 4.1 0.7
v -1.7 4.1 -0.7
v -1.7 4.1 -0.8
v -1.7 5.1 0.8
v -1.7 5.1 0.5
v -1.7 5.1 -0.5
v -1.7 5.1 -0.8
v -1.7 5.2 0.8
v -1.7 5.2 0.7
v -1.7 5.2 0.6
v -1.7 5.2 0.5
v -1.7 5.2 -0.5
v -1.7 5.2 -0.6
v -1.7 5.2 -0.7
v -1.7 5.2 -0.8
v -1.7 5.3 0.7
v -1.7 5.3 0.6
v -1.7 5.3 -0.6
v -1.7 5.3 -0.7
v -1.6 5.2 0.6
v -1.6 5.2 -0.6
v -1.6 5.3 0.6
v -1.6 5.3 -0.6
v -1.5 3.9 0.8
v -1.5 3.9 0.7
v -1.5 3.9 -0.7
v -1.5 3.9 -0.8
v -1.5 4 0.8
v -1.5 4 0.7
v -1.5 4 -0.7
v -1.5 4 -0.8
v -1.5 5.3 0.4
v -1.5 5.3 -0.4
v -1.5 5.4 0.6
v -1.5 5.4 0.4
v -1.5 5.4 0.3
v -1.5 5.4 0.2
v -1.5 5.4 -0.2
v -1.5 5.4 -0.3
v -1.5 5.4 -0.4
v -1.5 5.4 -0.6
v -1.5 5.5 0.6
v -1.5 5.5 0.4
v -1.5 5.5 0.3
v -1.5 5.5 0.2
v -1.5 5.5 -0.2
v -1.5 5.5 -0.3
v -1.5 5.5 -0.4
v -1.5 5.5 -0.6
v -1.4 5.3 0.8
v -1.4 5.3 0.7
v -1.4 5.3 0.6
v -1.4 5.3 0.4
v -1.4 5.3 -0.4
v -1.4 5.3 -0.6
v -1.4 5.3 -0.7
v -1.4 5.3 -0.8
v -1.4 5.4 0.6
v -1.4 5.4 0.4
v -1.4 5.4 0.3
v -1.4 5.4 0.2
v -1.4 5.4 -0.2
v -1.4 5.4 -0.3
v -1.4 5.4 -0.4
v -1.4 5.4 -0.6
v -1.4 5.5 0.8
v -1.4 5.5 0.6
v -1.4 5.5 0.4
v -1.4 5.5 0.3
v -1.4 5.5 0.2
v -1.4 5.5 -0.2
v -1.4 5.5 -0.3
v -1.4 5.5 -0.4
v -1.4 5.5 -0.6
v -1.4 5.5 -0.8
v -1.4 5.6 0.6
v -1.4 5.6 -0.6
v -1.3 3.7 0.8
v -1.3 3.7 0.7
v -1.3 3.7 -0.7
v -1.3 3.7 -0.8
v -1.3 3.9 0.8
v -1.3 3.9 0.7
v -1.3 3.9 -0.7
v -1.3 3.9 -0.8
v -1.3 5 0.8
v -1.3 5 0.7
v -1.3 5 -0.7
v -1.3 5 -0.8
v -1.3 5.3 0.8
v -1.3 5.3 0.7
v -1.3 5.3 -0.7
v -1.3 5.3 -0.8
v -1.2 3.6 0.8
v -1.2 3.6 0.7
v -1.2 3.6 -0.7
v -1.2 3.6 -0.8
v -1.2 3.7 0.8
v -1.2 3.7 0.7
v -1.2 3.7 -0.7
v -1.2 3.7 -0.8
v -1.2 4.8 0.8
v -1.2 4.8 0.7
v -1.2 4.8 -0.7
v -1.2 4.8 -0.8
v -1.2 5 0.8
v -1.2 5 0.7
v -1.2 5 -0.7
v -1.2 5 -0.8
v -1.1 4.7 0.8
v -1.1 4.7 0.7
v -1.1 4.7 -0.7
v -1.1 4.7 -0.8
v -1.1 4.8 0.8
v -1.1 4.8 0.7
v -1.1 4.8 -0.7
v -1.1 4.8 -0.8
v -1 4.6 0.8
v -1 4.6 0.7
v -1 4.6 -0.7
v -1 4.6 -0.8
v -1 4.7 0.8
v -1 4.7 0.7
v -1 4.7 -0.7
v -1 4.7 -0.8
v -0.9 4.5 0.8
v -0.9 4.5 0.7
v -0.9 4.5 -0.7
v -0.9 4.5 -0.8
v -0.9 4.6 0.8
v -0.9 4.6 0.7
v -0.9 4.6 -0.7
v -0.9 4.6 -0.8
v -0.8 4.4 0.8
v -0.8 4.4 0.7
v -0.8 4.4 -0.7
v -0.8 4.4 -0.8
v -0.8 4.5 0.8
v -0.8 4.5 0.7
v -0.8 4.5 -0.7
v -0.8 4.5 -0.8
v -0.7 4.3 0.8
v -0.7 4.3 0.7
v -0.7 4.3 0.6
v -0.7 4.3 -0.6
v -0.7 4.3 -0.7
v -0.7 4.3 -0.8
v -0.7 4.4 0.8
v -0.7 4.4 0.7
v -0.7 4.4 0.6
v -0.7 4.4 -0.6
v -0.7 4.4 -0.7
v -0.7 4.4 -0.8
v -0.6 4.1 0.4
v -0.6 4.1 0.3
v -0.6 4.1 -0.3
v -0.6 4.1 -0.4
v -0.6 4.3 0.5
v -0.6 4.3 0.4
v -0.6 4.3 0.3
v -0.6 4.3 -0.3
v -0.6 4.3 -0.4
v -0.6 4.3 -0.5
v -0.6 4.4 0.5
v -0.6 4.4 0.4
v -0.6 4.4 -0.4
v -0.6 4.4 -0.5
v -0.3 5.3 0.8
v -0.3 5.3 0.7
v -0.3 5.3 -0.7
v -0.3 5.3 -0.8
v -0.3 5.5 0.8
v -0.3 5.5 0.7
v -0.3 5.5 0.6
v -0.3 5.5 -0.6
v -0.3 5.5 -0.7
v -0.3 5.5 -0.8
v -0.3 5.6 0.6
v -0.3 5.6 -0.6
v -0.2 5 0.8
v -0.2 5 0.7
v -0.2 5 -0.7
v -0.2 5 -0.8
v -0.2 5.3 0.8
v -0.2 5.3 0.7
v -0.2 5.3 -0.7
v -0.2 5.3 -0.8
v -0.0999999 4.7 0.8
v -0.0999999 4.7 0.7
v -0.0999999 4.7 -0.7
v -0.0999999 4.7 -0.8
v -0.0999999 5 0.8
v -0.0999999 5 0.7
v -0.0999999 5 -0.7
v -0.0999999 5 -0.8
v 0.1 4.4 0.3
v 0.1 4.4 -0.3
v 0.1 4.5 0.3
v 0.1 4.5 -0.3
v 0.2 4.4 0.4
v 0.2 4.4 0.3
v 0.2 4.4 -0.3
v 0.2 4.4 -0.4
v 0.2 4.5 0.6
v 0.2 4.5 0.4
v 0.2 4.5 0.3
v 0.2 4.5 -0.3
v 0.2 4.5 -0.4
v 0.2 4.5 -0.6
v 0.2 4.6 0.8
v 0.2 4.6 0.6
v 0.2 4.6 0.4
v 0.2 4.6 -0.4
v 0.2 4.6 -0.6
v 0.2 4.6 -0.8
v 0.2 4.7 0.7
v 0.2 4.7 0.6
v 0.2 4.7 -0.6
v 0.2 4.7 -0.7
v 0.2 4.9 0.8
v 0.2 4.9 0.7
v 0.2 4.9 -0.7
v 0.2 4.9 -0.8
v 0.3 4.3 0.4
v 0.3 4.3 -0.4
v 0.3 4.4 0.4
v 0.3 4.4 -0.4
v 0.3 4.9 0.8
v 0.3 4.9 0.7
v 0.3 4.9 -0.7
v 0.3 4.9 -0.8
v 0.3 5.2 0.8
v 0.3 5.2 0.7
v 0.3 5.2 -0.7
v 0.3 5.2 -0.8
v 0.4 4.2 0.4
v 0.4 4.2 0.2
v 0.4 4.2 -0.2
v 0.4 4.2 -0.4
v 0.4 4.3 0.6
v 0.4 4.3 0.4
v 0.4 4.3 0.2
v 0.4 4.3 -0.2
v 0.4 4.3 -0.4
v 0.4 4.3 -0.6
v 0.4 4.5 0.6
v 0.4 4.5 0.4
v 0.4 4.5 -0.4
v 0.4 4.5 -0.6
v 0.4 5.2 0.8
v 0.4 5.2 0.7
v 0.4 5.2 -0.7
v 0.4 5.2 -0.8
v 0.4 5.5 0.8
v 0.4 5.5 0.7
v 0.4 5.5 -0.7
v 0.4 5.5 -0.8
v 0.5 4.1 0.4
v 0.5 4.1 -0.4
v 0.5 4.2 0.4
v 0.5 4.2 0.2
v 0.5 4.2 -0.2
v 0.5 4.2 -0.4
v 0.5 4.3 0.8
v 0.5 4.3 0.7
v 0.5 4.3 0.6
v 0.5 4.3 -0.6
v 0.5 4.3 -0.7
v 0.5 4.3 -0.8
v 0.5 4.4 0.7
v 0.5 4.4 0.6
v 0.5 4.4 -0.6
v 0.5 4.4 -0.7
v 0.5 4.6 0.8
v 0.5 4.6 0.6
v 0.5 4.6 -0.6
v 0.5 4.6 -0.8
v 0.5 5.5 0.2
v 0.5 5.5 -0.2
v 0.5 5.6 0.2
v 0.5 5.6 -0.2
v 0.6 4 0.3
v 0.6 4 -0.3
v 0.6 4.1 0.3
v 0.6 4.1 -0.3
v 0.6 5.5 0.6
v 0.6 5.5 0.2
v 0.6 5.5 -0.2
v 0.6 5.5 -0.6
v 0.6 5.6 0.6
v 0.6 5.6 0.2
v 0.6 5.6 -0.2
v 0.6 5.6 -0.6
v 0.7 3.8 0.1
v 0.7 3.8 -0.1
v 0.7 3.9 0.6
v 0.7 3.9 0.5
v 0.7 3.9 0.3
v 0.7 3.9 0.1
v 0.7 3.9 -0.1
v 0.7 3.9 -0.3
v 0.7 3.9 -0.5
v 0.7 3.9 -0.6
v 0.7 4 0.6
v 0.7 4 0.5
v 0.7 4 0.4
v 0.7 4 0.3
v 0.7 4 -0.3
v 0.7 4 -0.4
v 0.7 4 -0.5
v 0.7 4 -0.6
v 0.7 4.1 0.5
v 0.7 4.1 0.4
v 0.7 4.1 0.3
v 0.7 4.1 -0.3
v 0.7 4.1 -0.4
v 0.7 4.1 -0.5
v 0.7 4.2 0.5
v 0.7 4.2 0.4
v 0.7 4.2 -0.4
v 0.7 4.2 -0.5
v 0.7 4.3 0.5
v 0.7 4.3 0.4
v 0.7 4.3 0.3
v 0.7 4.3 -0.3
v 0.7 4.3 -0.4
v 0.7 4.3 -0.5
v 0.7 4.4 0.5
v 0.7 4.4 0.4
v 0.7 4.4 -0.4
v 0.7 4.4 -0.5
v 0.8 3.7 0.2
v 0.8 3.7 -0.2
v 0.8 3.8 0.8
v 0.8 3.8 0.7
v 0.8 3.8 0.3
v 0.8 3.8 0.2
v 0.8 3.8 0.1
v 0.8 3.8 -0.1
v 0.8 3.8 -0.2
v 0.8 3.8 -0.3
v 0.8 3.8 -0.7
v 0.8 3.8 -0.8
v 0.8 3.9 0.7
v 0.8 3.9 0.6
v 0.8 3.9 0.5
v 0.8 3.9 0.3
v 0.8 3.9 0.1
v 0.8 3.9 -0.1
v 0.8 3.9 -0.3
v 0.8 3.9 -0.5
v 0.8 3.9 -0.6
v 0.8 3.9 -0.7
v 0.8 4 0.6
v 0.8 4 0.5
v 0.8 4 0.4
v 0.8 4 0.3
v 0.8 4 -0.3
v 0.8 4 -0.4
v 0.8 4 -0.5
v 0.8 4 -0.6
v 0.8 4.1 0.7
v 0.8 4.1 0.6
v 0.8 4.1 0.5
v 0.8 4.1 0.4
v 0.8 4.1 -0.4
v 0.8 4.1 -0.5
v 0.8 4.1 -0.6
v 0.8 4.1 -0.7
v 0.8 4.2 0.5
v 0.8 4.2 0.4
v 0.8 4.2 -0.4
v 0.8 4.2 -0.5
v 0.8 4.3 0.8
v 0.8 4.3 0.7
v 0.8 4.3 0.6
v 0.8 4.3 0.5
v 0.8 4.3 0.4
v 0.8 4.3 -0.4
v 0.8 4.3 -0.5
v 0.8 4.3 -0.6
v 0.8 4.3 -0.7
v 0.8 4.3 -0.8
v 0.8 4.4 0.7
v 0.8 4.4 0.6
v 0.8 4.4 -0.6
v 0.8 4.4 -0.7
v 0.9 3.6 0.8
v 0.9 3.6 0.7
v 0.9 3.6 0.2
v 0.9 3.6 -0.2
v 0.9 3.6 -0.7
v 0.9 3.6 -0.8
v 0.9 3.7 0.6
v 0.9 3.7 0.2
v 0.9 3.7 -0.2
v 0.9 3.7 -0.6
v 0.9 3.8 0.8
v 0.9 3.8 0.7
v 0.9 3.8 0.6
v 0.9 3.8 0.4
v 0.9 3.8 0.3
v 0.9 3.8 0.2
v 0.9 3.8 -0.2
v 0.9 3.8 -0.3
v 0.9 3.8 -0.4
v 0.9 3.8 -0.6
v 0.9 3.8 -0.7
v 0.9 3.8 -0.8
v 0.9 3.9 0.7
v 0.9 3.9 0.6
v 0.9 3.9 0.4
v 0.9 3.9 0.3
v 0.9 3.9 -0.3
v 0.9 3.9 -0.4
v 0.9 3.9 -0.6
v 0.9 3.9 -0.7
v 0.9 4.3 0.8
v 0.9 4.3 0.7
v 0.9 4.3 -0.7
v 0.9 4.3 -0.8
v 0.9 4.4 0.8
v 0.9 4.4 0.7
v 0.9 4.4 -0.7
v 0.9 4.4 -0.8
v 1 3.4 0.4
v 1 3.4 -0.4
v 1 3.5 0.5
v 1 3.5 0.4
v 1 3.5 -0.4
v 1 3.5 -0.5
v 1 3.6 0.7
v 1 3.6 0.5
v 1 3.6 0.2
v 1 3.6 -0.2
v 1 3.6 -0.5
v 1 3.6 -0.7
v 1 3.7 0.6
v 1 3.7 0.2
v 1 3.7 -0.2
v 1 3.7 -0.6
v 1 3.8 0.7
v 1 3.8 0.6
v 1 3.8 0.4
v 1 3.8 -0.4
v 1 3.8 -0.6
v 1 3.8 -0.7
v 1 3.9 0.6
v 1 3.9 0.5
v 1 3.9 0.4
v 1 3.9 -0.4
v 1 3.9 -0.5
v 1 3.9 -0.6
v 1 4.4 0.8
v 1 4.4 0.7
v 1 4.4 -0.7
v 1 4.4 -0.8
v 1 4.5 0.8
v 1 4.5 0.7
v 1 4.5 -0.7
v 1 4.5 -0.8
v 1.1 3.1 0.3
v 1.1 3.1 -0.3
v 1.1 3.2 0.4
v 1.1 3.2 0.3
v 1.1 3.2 -0.3
v 1.1 3.2 -0.4
v 1.1 3.3 0.4
v 1.1 3.3 0.3
v 1.1 3.3 -0.3
v 1.1 3.3 -0.4
v 1.1 3.4 0.7
v 1.1 3.4 0.5
v 1.1 3.4 0.3
v 1.1 3.4 -0.3
v 1.1 3.4 -0.5
v 1.1 3.4 -0.7
v 1.1 3.5 0.5
v 1.1 3.5 -0.5
v 1.1 3.6 0.7
v 1.1 3.6 0.5
v 1.1 3.6 -0.5
v 1.1 3.6 -0.7
v 1.1 4.5 0.8
v 1.1 4.5 0.7
v 1.1 4.5 -0.7
v 1.1 4.5 -0.8
v 1.1 4.7 0.8
v 1.1 4.7 0.7
v 1.1 4.7 -0.7
v 1.1 4.7 -0.8
v 1.2 3.1 0.6
v 1.2 3.1 0.3
v 1.2 3.1 -0.3
v 1.2 3.1 -0.6
v 1.2 3.2 0.4
v 1.2 3.2 0.3
v 1.2 3.2 -0.3
v 1.2 3.2 -0.4
v 1.2 3.3 0.6
v 1.2 3.3 0.4
v 1.2 3.3 0.3
v 1.2 3.3 -0.3
v 1.2 3.3 -0.4
v 1.2 3.3 -0.6
v 1.2 3.4 0.6
v 1.2 3.4 0.5
v 1.2 3.4 0.4
v 1.2 3.4 0.3
v 1.2 3.4 -0.3
v 1.2 3.4 -0.4
v 1.2 3.4 -0.5
v 1.2 3.4 -0.6
v 1.2 3.5 0.5
v 1.2 3.5 0.4
v 1.2 3.5 -0.4
v 1.2 3.5 -0.5
v 1.2 4.7 0.8
v 1.2 4.7 0.7
v 1.2 4.7 -0.7
v 1.2 4.7 -0.8
v 1.2 4.8 0.8
v 1.2 4.8 0.7
v 1.2 4.8 -0.7
v 1.2 4.8 -0.8
v 1.3 0 0.3
v 1.3 0 -0.3
v 1.3 0.1 0.4
v 1.3 0.1 0.3
v 1.3 0.1 -0.3
v 1.3 0.1 -0.4
v 1.3 0.4 0.4
v 1.3 0.4 0.3
v 1.3 0.4 -0.3
v 1.3 0.4 -0.4
v 1.3 0.7 0.3
v 1.3 0.7 -0.3
v 1.3 0.9 0.2
v 1.3 0.9 -0.2
v 1.3 1 0.3
v 1.3 1 0.2
v 1.3 1 -0.2
v 1.3 1 -0.3
v 1.3 1.3 0.3
v 1.3 1.3 0.2
v 1.3 1.3 -0.2
v 1.3 1.3 -0.3
v 1.3 1.5 0.3
v 1.3 1.5 0.2
v 1.3 1.5 -0.2
v 1.3 1.5 -0.3
v 1.3 1.8 0.3
v 1.3 1.8 0.2
v 1.3 1.8 -0.2
v 1.3 1.8 -0.3
v 1.3 1.9 0.2
v 1.3 1.9 -0.2
v 1.3 2 0.3
v 1.3 2 -0.3
v 1.3 2.1 0.3
v 1.3 2.1 0.2
v 1.3 2.1 -0.2
v 1.3 2.1 -0.3
v 1.3 2.3 0.3
v 1.3 2.3 0.2
v 1.3 2.3 -0.2
v 1.3 2.3 -0.3
v 1.3 2.6 0.3
v 1.3 2.6 0.2
v 1.3 2.6 -0.2
v 1.3 2.6 -0.3
v 1.3 2.7 0.4
v 1.3 2.7 0.2
v 1.3 2.7 -0.2
v 1.3 2.7 -0.4
v 1.3 3 0.4
v 1.3 3 -0.4
v 1.3 3.1 0.7
v 1.3 3.1 0.6
v 1.3 3.1 0.4
v 1.3 3.1 -0.4
v 1.3 3.1 -0.6
v 1.3 3.1 -0.7
v 1.3 3.2 0.8
v 1.3 3.2 0.7
v 1.3 3.2 0.6
v 1.3 3.2 -0.6
v 1.3 3.2 -0.7
v 1.3 3.2 -0.8
v 1.3 3.3 0.6
v 1.3 3.3 -0.6
v 1.3 3.4 0.7
v 1.3 3.4 0.6
v 1.3 3.4 -0.6
v 1.3 3.4 -0.7
v 1.3 3.7 0.8
v 1.3 3.7 0.7
v 1.3 3.7 -0.7
v 1.3 3.7 -0.8
v 1.3 4.8 0.8
v 1.3 4.8 0.7
v 1.3 4.8 -0.7
v 1.3 4.8 -0.8
v 1.3 4.9 0.8
v 1.3 4.9 0.7
v 1.3 4.9 -0.7
v 1.3 4.9 -0.8
v 1.4 0 0.5
v 1.4 0 0.3
v 1.4 0 -0.3
v 1.4 0 -0.5
v 1.4 0.1 0.6
v 1.4 0.1 0.5
v 1.4 0.1 0.4
v 1.4 0.1 0.3
v 1.4 0.1 -0.3
v 1.4 0.1 -0.4
v 1.4 0.1 -0.5
v 1.4 0.1 -0.6
v 1.4 0.4 0.4
v 1.4 0.4 0.3
v 1.4 0.4 -0.3
v 1.4 0.4 -0.4
v 1.4 0.7 0.6
v 1.4 0.7 0.5
v 1.4 0.7 0.3
v 1.4 0.7 -0.3
v 1.4 0.7 -0.5
v 1.4 0.7 -0.6
v 1.4 0.9 0.5
v 1.4 0.9 0.3
v 1.4 0.9 0.2
v 1.4 0.9 -0.2
v 1.4 0.9 -0.3
v 1.4 0.9 -0.5
v 1.4 1 0.5
v 1.4 1 0.3
v 1.4 1 0.2
v 1.4 1 -0.2
v 1.4 1 -0.3
v 1.4 1 -0.5
v 1.4 1.1 0.6
v 1.4 1.1 0.5
v 1.4 1.1 -0.5
v 1.4 1.1 -0.6
v 1.4 1.3 0.3
v 1.4 1.3 0.2
v 1.4 1.3 -0.2
v 1.4 1.3 -0.3
v 1.4 1.5 0.3
v 1.4 1.5 0.2
v 1.4 1.5 -0.2
v 1.4 1.5 -0.3
v 1.4 1.8 0.6
v 1.4 1.8 0.3
v 1.4 1.8 0.2
v 1.4 1.8 -0.2
v 1.4 1.8 -0.3
v 1.4 1.8 -0.6
v 1.4 1.9 0.3
v 1.4 1.9 0.2
v 1.4 1.9 -0.2
v 1.4 1.9 -0.3
v 1.4 2 0.6
v 1.4 2 0.3
v 1.4 2 -0.3
v 1.4 2 -0.6
v 1.4 2.1 0.3
v 1.4 2.1 0.2
v 1.4 2.1 -0.2
v 1.4 2.1 -0.3
v 1.4 2.3 0.3
v 1.4 2.3 0.2
v 1.4 2.3 -0.2
v 1.4 2.3 -0.3
v 1.4 2.6 0.3
v 1.4 2.6 0.2
v 1.4 2.6 -0.2
v 1.4 2.6 -0.3
v 1.4 2.7 0.4
v 1.4 2.7 0.2
v 1.4 2.7 -0.2
v 1.4 2.7 -0.4
v 1.4 3 0.6
v 1.4 3 0.5
v 1.4 3 0.4
v 1.4 3 -0.4
v 1.4 3 -0.5
v 1.4 3 -0.6
v 1.4 3.1 0.5
v 1.4 3.1 0.4
v 1.4 3.1 -0.4
v 1.4 3.1 -0.5
v 1.4 3.7 0.8
v 1.4 3.7 0.7
v 1.4 3.7 -0.7
v 1.4 3.7 -0.8
v 1.4 3.8 0.8
v 1.4 3.8 0.7
v 1.4 3.8 -0.7
v 1.4 3.8 -0.8
v 1.4 4.9 0.8
v 1.4 4.9 0.7
v 1.4 4.9 -0.7
v 1.4 4.9 -0.8
v 1.4 5.2 0.8
v 1.4 5.2 0.7
v 1.4 5.2 -0.7
v 1.4 5.2 -0.8
v 1.5 0 0.6
v 1.5 0 0.5
v 1.5 0 -0.5
v 1.5 0 -0.6
v 1.5 0.1 0.8
v 1.5 0.1 0.6
v 1.5 0.1 0.5
v 1.5 0.1 -0.5
v 1.5 0.1 -0.6
v 1.5 0.1 -0.8
v 1.5 0.7 0.6
v 1.5 0.7 0.5
v 1.5 0.7 -0.5
v 1.5 0.7 -0.6
v 1.5 0.8 0.8
v 1.5 0.8 0.6
v 1.5 0.8 -0.6
v 1.5 0.8 -0.8
v 1.5 0.9 0.6
v 1.5 0.9 0.5
v 1.5 0.9 0.3
v 1.5 0.9 -0.3
v 1.5 0.9 -0.5
v 1.5 0.9 -0.6
v 1.5 1 0.8
v 1.5 1 0.6
v 1.5 1 0.5
v 1.5 1 0.3
v 1.5 1 -0.3
v 1.5 1 -0.5
v 1.5 1 -0.6
v 1.5 1 -0.8
v 1.5 1.1 0.6
v 1.5 1.1 0.5
v 1.5 1.1 -0.5
v 1.5 1.1 -0.6
v 1.5 1.7 0.8
v 1.5 1.7 0.6
v 1.5 1.7 -0.6
v 1.5 1.7 -0.8
v 1.5 1.8 0.7
v 1.5 1.8 0.6
v 1.5 1.8 0.3
v 1.5 1.8 -0.3
v 1.5 1.8 -0.6
v 1.5 1.8 -0.7
v 1.5 1.9 0.7
v 1.5 1.9 0.3
v 1.5 1.9 -0.3
v 1.5 1.9 -0.7
v 1.5 2 0.8
v 1.5 2 0.7
v 1.5 2 0.6
v 1.5 2 0.3
v 1.5 2 -0.3
v 1.5 2 -0.6
v 1.5 2 -0.7
v 1.5 2 -0.8
v 1.5 2.2 0.8
v 1.5 2.2 0.7
v 1.5 2.2 -0.7
v 1.5 2.2 -0.8
v 1.5 2.4 0.8
v 1.5 2.4 0.7
v 1.5 2.4 -0.7
v 1.5 2.4 -0.8
v 1.5 2.7 0.8
v 1.5 2.7 0.7
v 1.5 2.7 -0.7
v 1.5 2.7 -0.8
v 1.5 3 0.7
v 1.5 3 0.6
v 1.5 3 0.5
v 1.5 3 -0.5
v 1.5 3 -0.6
v 1.5 3 -0.7
v 1.5 3.1 0.6
v 1.5 3.1 0.5
v 1.5 3.1 -0.5
v 1.5 3.1 -0.6
v 1.5 5.5 -0.4
v 1.5 5.5 -0.5
v 1.5 5.6 -0.4
v 1.5 5.6 -0.5
v 1.6 0 0.8
v 1.6 0 0.6
v 1.6 0 -0.6
v 1.6 0 -0.8
v 1.6 0.1 0.8
v 1.6 0.1 0.6
v 1.6 0.1 -0.6
v 1.6 0.1 -0.8
v 1.6 0.8 0.8
v 1.6 0.8 0.6
v 1.6 0.8 -0.6
v 1.6 0.8 -0.8
v 1.6 0.9 0.8
v 1.6 0.9 0.7
v 1.6 0.9 0.6
v 1.6 0.9 -0.6
v 1.6 0.9 -0.7
v 1.6 0.9 -0.8
v 1.6 1 0.7
v 1.6 1 0.6
v 1.6 1 -0.6
v 1.6 1 -0.7
v 1.6 1.7 0.8
v 1.6 1.7 0.6
v 1.6 1.7 -0.6
v 1.6 1.7 -0.8
v 1.6 1.8 0.7
v 1.6 1.8 0.6
v 1.6 1.8 -0.6
v 1.6 1.8 -0.7
v 1.6 1.9 0.8
v 1.6 1.9 0.7
v 1.6 1.9 -0.7
v 1.6 1.9 -0.8
v 1.6 2.2 0.8
v 1.6 2.2 0.7
v 1.6 2.2 -0.7
v 1.6 2.2 -0.8
v 1.6 2.4 0.8
v 1.6 2.4 0.7
v 1.6 2.4 -0.7
v 1.6 2.4 -0.8
v 1.6 2.7 0.8
v 1.6 2.7 0.7
v 1.6 2.7 -0.7
v 1.6 2.7 -0.8
v 1.6 3 0.8
v 1.6 3 0.7
v 1.6 3 0.6
v 1.6 3 -0.6
v 1.6 3 -0.7
v 1.6 3 -0.8
v 1.6 3.1 0.7
v 1.6 3.1 0.6
v 1.6 3.1 -0.6
v 1.6 3.1 -0.7
v 1.6 3.8 0.8
v 1.6 3.8 0.7
v 1.6 3.8 -0.7
v 1.6 3.8 -0.8
v 1.6 3.9 0.8
v 1.6 3.9 0.7
v 1.6 3.9 -0.7
v 1.6 3.9 -0.8
v 1.6 5.3 0.4
v 1.6 5.3 -0.7
v 1.6 5.4 0.4
v 1.6 5.4 -0.4
v 1.6 5.4 -0.5
v 1.6 5.4 -0.7
v 1.7 5.2 0.4
v 1.7 5.2 0.2
v 1.7 5.2 0.1
v 1.7 5.2 -0.1
v 1.7 5.2 -0.2
v 1.7 5.2 -0.6
v 1.7 5.2 -0.7
v 1.7 5.2 -0.8
v 1.7 5.3 0.4
v 1.7 5.3 0.2
v 1.7 5.3 0.1
v 1.7 5.3 -0.1
v 1.7 5.3 -0.2
v 1.7 5.3 -0.6
v 1.7 5.3 -0.7
v 1.7 5.3 -0.8
v 1.8 3.9 0.8
v 1.8 3.9 0.7
v 1.8 3.9 -0.7
v 1.8 3.9 -0.8
v 1.8 4 0.8
v 1.8 4 0.7
v 1.8 4 -0.7
v 1.8 4 -0.8
v 1.8 5.1 -0.5
v 1.8 5.1 -0.7
v 1.8 5.2 -0.1
v 1.8 5.2 -0.2
v 1.8 5.2 -0.5
v 1.8 5.2 -0.7
v 1.8 5.3 -0.1
v 1.8 5.3 -0.2
v 2 4 0.8
v 2 4 0.7
v 2 4 -0.7
v 2 4 -0.8
v 2 4.1 0.8
v 2 4.1 0.7
v 2 4.1 -0.7
v 2 4.1 -0.8
v 2.1 4.1 0.8
v 2.1 4.1 0.7
v 2.1 4.1 -0.7
v 2.1 4.1 -0.8
v 2.1 4.2 0.8
v 2.1 4.2 0.7
v 2.1 4.2 -0.7
v 2.1 4.2 -0.8
v 2.2 1.9 0.7
v 2.2 1.9 0.6
v 2.2 1.9 -0.6
v 2.2 1.9 -0.7
v 2.2 2 0.7
v 2.2 2 0.6
v 2.2 2 -0.6
v 2.2 2 -0.7
v 2.2 4.6 0.8
v 2.2 4.6 0.7
v 2.2 4.7 0.8
v 2.2 4.7 0.7
v 2.3 2 0.8
v 2.3 2 0.7
v 2.3 2 -0.7
v 2.3 2 -0.8
v 2.3 2.1 0.8
v 2.3 2.1 0.7
v 2.3 2.1 -0.7
v 2.3 2.1 -0.8
v -2.3 1.9 0.7
v -2.3 1.9 0.6
v -2.3 1.9 -0.6
v -2.3 1.9 -0.7
v -2.3 2 0.8
v -2.3 2 0.7
v -2.3 2 0.6
v -2.3 2 -0.6
v -2.3 2 -0.7
v -2.3 2 -0.8
v -2.3 2.1 0.8
v -2.3 2.1 0.7
v -2.3 2.1 -0.7
v -2.3 2.1 -0.8
v -2.2 4.6 0.8
v -2.2 4.6 0.7
v -2.2 4.6 -0.7
v -2.2 4.6 -0.8
v -2.2 4.7 0.8
v -2.2 4.7 0.7
v -2.2 4.7 -0.7
v -2.2 4.7 -0.8
v -2.1 4.1 0.8
v -2.1 4.1 0.7
v -2.1 4.1 -0.7
v -2.1 4.1 -0.8
v -2.1 4.2 0.8
v -2.1 4.2 0.7
v -2.1 4.2 -0.7
v -2.1 4.2 -0.8
v -2 4 0.8
v -2 4 0.7
v -2 4 -0.7
v -2 4 -0.8
v -2 4.1 0.8
v -2 4.1 0.7
v -2 4.1 -0.7
v -2 4.1 -0.8
v -1.8 3.9 0.8
v -1.8 3.9 0.7
v -1.8 3.9 -0.7
v -1.8 3.9 -0.8
v -1.8 4 0.8
v -1.8 4 0.7
v -1.8 4 -0.7
v -1.8 4 -0.8
v -1.7 0 0.8
v -1.7 0 0.6
v -1.7 0 -0.6
v -1.7 0 -0.8
v -1.7 0.1 0.8
v -1.7 0.1 0.6
v -1.7 0.1 -0.6
v -1.7 0.1 -0.8
v -1.7 0.8 0.8
v -1.7 0.8 0.6
v -1.7 0.8 -0.6
v -1.7 0.8 -0.8
v -1.7 0.9 0.8
v -1.7 0.9 0.7
v -1.7 0.9 0.6
v -1.7 0.9 -0.6
v -1.7 0.9 -0.7
v -1.7 0.9 -0.8
v -1.7 1 0.7
v -1.7 1 0.6
v -1.7 1 -0.6
v -1.7 1 -0.7
v -1.7 1.7 0.8
v -1.7 1.7 0.6
v -1.7 1.7 -0.6
v -1.7 1.7 -0.8
v -1.7 1.8 0.7
v -1.7 1.8 0.6
v -1.7 1.8 -0.6
v -1.7 1.8 -0.7
v -1.7 1.9 0.8
v -1.7 1.9 0.7
v -1.7 1.9 -0.7
v -1.7 1.9 -0.8
v -1.6 0 0.6
v -1.6 0 0.5
v -1.6 0 -0.5
v -1.6 0 -0.6
v -1.6 0.1 0.8
v -1.6 0.1 0.6
v -1.6 0.1 0.5
v -1.6 0.1 -0.5
v -1.6 0.1 -0.6
v -1.6 0.1 -0.8
v -1.6 0.7 0.6
v -1.6 0.7 0.5
v -1.6 0.7 -0.5
v -1.6 0.7 -0.6
v -1.6 0.8 0.8
v -1.6 0.8 0.6
v -1.6 0.8 -0.6
v -1.6 0.8 -0.8
v -1.6 0.9 0.6
v -1.6 0.9 0.5
v -1.6 0.9 0.3
v -1.6 0.9 -0.3
v -1.6 0.9 -0.5
v -1.6 0.9 -0.6
v -1.6 1 0.8
v -1.6 1 0.6
v -1.6 1 0.5
v -1.6 1 0.3
v -1.6 1 -0.3
v -1.6 1 -0.5
v -1.6 1 -0.6
v -1.6 1 -0.8
v -1.6 1.1 0.6
v -1.6 1.1 0.5
v -1.6 1.1 -0.5
v -1.6 1.1 -0.6
v -1.6 1.7 0.8
v -1.6 1.7 0.6
v -1.6 1.7 -0.6
v -1.6 1.7 -0.8
v -1.6 1.8 0.7
v -1.6 1.8 0.6
v -1.6 1.8 0.3
v -1.6 1.8 -0.3
v -1.6 1.8 -0.6
v -1.6 1.8 -0.7
v -1.6 1.9 0.7
v -1.6 1.9 0.3
v -1.6 1.9 -0.3
v -1.6 1.9 -0.7
v -1.6 2 0.7
v -1.6 2 0.3
v -1.6 2 -0.3
v -1.6 2 -0.7
v -1.6 2.2 0.8
v -1.6 2.2 0.7
v -1.6 2.2 -0.7
v -1.6 2.2 -0.8
v -1.6 2.4 0.8
v -1.6 2.4 0.7
v -1.6 2.4 -0.7
v -1.6 2.4 -0.8
v -1.6 2.7 0.8
v -1.6 2.7 0.7
v -1.6 2.7 -0.7
v -1.6 2.7 -0.8
v -1.6 3 0.8
v -1.6 3 0.7
v -1.6 3 0.6
v -1.6 3 -0.6
v -1.6 3 -0.7
v -1.6 3 -0.8
v -1.6 3.1 0.7
v -1.6 3.1 0.6
v -1.6 3.1 -0.6
v -1.6 3.1 -0.7
v -1.6 3.8 0.8
v -1.6 3.8 0.7
v -1.6 3.8 -0.7
v -1.6 3.8 -0.8
v -1.6 3.9 0.8
v -1.6 3.9 0.7
v -1.6 3.9 -0.7
v -1.6 3.9 -0.8
v -1.5 0 0.5
v -1.5 0 0.3
v -1.5 0 -0.3
v -1.5 0 -0.5
v -1.5 0.1 0.6
v -1.5 0.1 0.5
v -1.5 0.1 0.4
v -1.5 0.1 0.3
v -1.5 0.1 -0.3
v -1.5 0.1 -0.4
v -1.5 0.1 -0.5
v -1.5 0.1 -0.6
v -1.5 0.4 0.4
v -1.5 0.4 0.3
v -1.5 0.4 -0.3
v -1.5 0.4 -0.4
v -1.5 0.7 0.6
v -1.5 0.7 0.5
v -1.5 0.7 0.3
v -1.5 0.7 -0.3
v -1.5 0.7 -0.5
v -1.5 0.7 -0.6
v -1.5 0.9 0.5
v -1.5 0.9 0.3
v -1.5 0.9 0.2
v -1.5 0.9 -0.2
v -1.5 0.9 -0.3
v -1.5 0.9 -0.5
v -1.5 1 0.5
v -1.5 1 0.3
v -1.5 1 0.2
v -1.5 1 -0.2
v -1.5 1 -0.3
v -1.5 1 -0.5
v -1.5 1.1 0.6
v -1.5 1.1 0.5
v -1.5 1.1 -0.5
v -1.5 1.1 -0.6
v -1.5 1.3 0.3
v -1.5 1.3 0.2
v -1.5 1.3 -0.2
v -1.5 1.3 -0.3
v -1.5 1.5 0.3
v -1.5 1.5 0.2
v -1.5 1.5 -0.2
v -1.5 1.5 -0.3
v -1.5 1.8 0.6
v -1.5 1.8 0.3
v -1.5 1.8 0.2
v -1.5 1.8 -0.2
v -1.5 1.8 -0.3
v -1.5 1.8 -0.6
v -1.5 1.9 0.3
v -1.5 1.9 0.2
v -1.5 1.9 -0.2
v -1.5 1.9 -0.3
v -1.5 2 0.8
v -1.5 2 0.6
v -1.5 2 0.3
v -1.5 2 -0.3
v -1.5 2 -0.6
v -1.5 2 -0.8
v -1.5 2.2 0.8
v -1.5 2.2 0.7
v -1.5 2.2 -0.7
v -1.5 2.2 -0.8
v -1.5 2.4 0.8
v -1.5 2.4 0.7
v -1.5 2.4 -0.7
v -1.5 2.4 -0.8
v -1.5 2.7 0.8
v -1.5 2.7 0.7
v -1.5 2.7 -0.7
v -1.5 2.7 -0.8
v -1.5 3 0.7
v -1.5 3 0.6
v -1.5 3 0.5
v -1.5 3 -0.5
v -1.5 3 -0.6
v -1.5 3 -0.7
v -1.5 3.1 0.6
v -1.5 3.1 0.5
v -1.5 3.1 -0.5
v -1.5 3.1 -0.6
v -1.4 0 0.3
v -1.4 0 -0.3
v -1.4 0.1 0.4
v -1.4 0.1 0.3
v -1.4 0.1 -0.3
v -1.4 0.1 -0.4
v -1.4 0.4 0.4
v -1.4 0.4 0.3
v -1.4 0.4 -0.3
v -1.4 0.4 -0.4
v -1.4 0.7 0.3
v -1.4 0.7 -0.3
v -1.4 0.9 0.2
v -1.4 0.9 -0.2
v -1.4 1 0.3
v -1.4 1 0.2
v -1.4 1 -0.2
v -1.4 1 -0.3
v -1.4 1.3 0.3
v -1.4 1.3 0.2
v -1.4 1.3 -0.2
v -1.4 1.3 -0.3
v -1.4 1.5 0.3
v -1.4 1.5 0.2
v -1.4 1.5 -0.2
v -1.4 1.5 -0.3
v -1.4 1.8 0.3
v -1.4 1.8 0.2
v -1.4 1.8 -0.2
v -1.4 1.8 -0.3
v -1.4 1.9 0.2
v -1.4 1.9 -0.2
v -1.4 2 0.6
v -1.4 2 0.3
v -1.4 2 -0.3
v -1.4 2 -0.6
v -1.4 2.1 0.3
v -1.4 2.1 0.2
v -1.4 2.1 -0.2
v -1.4 2.1 -0.3
v -1.4 2.3 0.3
v -1.4 2.3 0.2
v -1.4 2.3 -0.2
v -1.4 2.3 -0.3
v -1.4 2.6 0.3
v -1.4 2.6 0.2
v -1.4 2.6 -0.2
v -1.4 2.6 -0.3
v -1.4 2.7 0.4
v -1.4 2.7 0.2
v -1.4 2.7 -0.2
v -1.4 2.7 -0.4
v -1.4 3 0.6
v -1.4 3 0.5
v -1.4 3 0.4
v -1.4 3 -0.4
v -1.4 3 -0.5
v -1.4 3 -0.6
v -1.4 3.1 0.5
v -1.4 3.1 0.4
v -1.4 3.1 -0.4
v -1.4 3.1 -0.5
v -1.4 3.7 0.8
v -1.4 3.7 0.7
v -1.4 3.7 -0.7
v -1.4 3.7 -0.8
v -1.4 3.8 0.8
v -1.4 3.8 0.7
v -1.4 3.8 -0.7
v -1.4 3.8 -0.8
v -1.4 4.9 0.8
v -1.4 4.9 0.7
v -1.4 4.9 -0.7
v -1.4 4.9 -0.8
v -1.4 5.2 0.8
v -1.4 5.2 0.7
v -1.4 5.2 -0.7
v -1.4 5.2 -0.8
v -1.3 2 0.3
v -1.3 2 -0.3
v -1.3 2.1 0.3
v -1.3 2.1 0.2
v -1.3 2.1 -0.2
v -1.3 2.1 -0.3
v -1.3 2.3 0.3
v -1.3 2.3 0.2
v -1.3 2.3 -0.2
v -1.3 2.3 -0.3
v -1.3 2.6 0.3
v -1.3 2.6 0.2
v -1.3 2.6 -0.2
v -1.3 2.6 -0.3
v -1.3 2.7 0.4
v -1.3 2.7 0.2
v -1.3 2.7 -0.2
v -1.3 2.7 -0.4
v -1.3 3 0.4
v -1.3 3 -0.4
v -1.3 3.1 0.7
v -1.3 3.1 0.6
v -1.3 3.1 0.4
v -1.3 3.1 -0.4
v -1.3 3.1 -0.6
v -1.3 3.1 -0.7
v -1.3 3.2 0.8
v -1.3 3.2 0.7
v -1.3 3.2 0.6
v -1.3 3.2 -0.6
v -1.3 3.2 -0.7
v -1.3 3.2 -0.8
v -1.3 3.3 0.6
v -1.3 3.3 -0.6
v -1.3 3.4 0.7
v -1.3 3.4 0.6
v -1.3 3.4 -0.6
v -1.3 3.4 -0.7
v -1.3 3.7 0.8
v -1.3 3.7 0.7
v -1.3 3.7 -0.7
v -1.3 3.7 -0.8
v -1.3 4.8 0.8
v -1.3 4.8 0.7
v -1.3 4.8 -0.7
v -1.3 4.8 -0.8
v -1.3 4.9 0.8
v -1.3 4.9 0.7
v -1.3 4.9 -0.7
v -1.3 4.9 -0.8
v -1.2 3.1 0.6
v -1.2 3.1 0.3
v -1.2 3.1 -0.3
v -1.2 3.1 -0.6
v -1.2 3.2 0.4
v -1.2 3.2 0.3
v -1.2 3.2 -0.3
v -1.2 3.2 -0.4
v -1.2 3.3 0.6
v -1.2 3.3 0.4
v -1.2 3.3 0.3
v -1.2 3.3 -0.3
v -1.2 3.3 -0.4
v -1.2 3.3 -0.6
v -1.2 3.4 0.6
v -1.2 3.4 0.5
v -1.2 3.4 0.4
v -1.2 3.4 0.3
v -1.2 3.4 -0.3
v -1.2 3.4 -0.4
v -1.2 3.4 -0.5
v -1.2 3.4 -0.6
v -1.2 3.5 0.5
v -1.2 3.5 0.4
v -1.2 3.5 -0.4
v -1.2 3.5 -0.5
v -1.2 4.7 0.8
v -1.2 4.7 0.7
v -1.2 4.7 -0.7
v -1.2 4.7 -0.8
v -1.2 4.8 0.8
v -1.2 4.8 0.7
v -1.2 4.8 -0.7
v -1.2 4.8 -0.8
v -1.1 3.1 0.3
v -1.1 3.1 -0.3
v -1.1 3.2 0.4
v -1.1 3.2 0.3
v -1.1 3.2 -0.3
v -1.1 3.2 -0.4
v -1.1 3.3 0.4
v -1.1 3.3 0.3
v -1.1 3.3 -0.3
v -1.1 3.3 -0.4
v -1.1 3.4 0.7
v -1.1 3.4 0.5
v -1.1 3.4 0.3
v -1.1 3.4 -0.3
v -1.1 3.4 -0.5
v -1.1 3.4 -0.7
v -1.1 3.5 0.5
v -1.1 3.5 -0.5
v -1.1 3.6 0.7
v -1.1 3.6 0.5
v -1.1 3.6 -0.5
v -1.1 3.6 -0.7
v -1.1 4.5 0.8
v -1.1 4.5 0.7
v -1.1 4.5 -0.7
v -1.1 4.5 -0.8
v -1.1 4.7 0.8
v -1.1 4.7 0.7
v -1.1 4.7 -0.7
v -1.1 4.7 -0.8
v -1 3.4 0.4
v -1 3.4 -0.4
v -1 3.5 0.5
v -1 3.5 0.4
v -1 3.5 -0.4
v -1 3.5 -0.5
v -1 3.6 0.7
v -1 3.6 0.5
v -1 3.6 0.2
v -1 3.6 -0.2
v -1 3.6 -0.5
v -1 3.6 -0.7
v -1 3.7 0.6
v -1 3.7 0.2
v -1 3.7 -0.2
v -1 3.7 -0.6
v -1 3.8 0.7
v -1 3.8 0.6
v -1 3.8 0.4
v -1 3.8 -0.4
v -1 3.8 -0.6
v -1 3.8 -0.7
v -1 3.9 0.6
v -1 3.9 0.5
v -1 3.9 0.4
v -1 3.9 -0.4
v -1 3.9 -0.5
v -1 3.9 -0.6
v -1 4.4 0.8
v -1 4.4 0.7
v -1 4.4 -0.7
v -1 4.4 -0.8
v -1 4.5 0.8
v -1 4.5 0.7
v -1 4.5 -0.7
v -1 4.5 -0.8
v -0.9 3.6 0.8
v -0.9 3.6 0.7
v -0.9 3.6 0.2
v -0.9 3.6 -0.2
v -0.9 3.6 -0.7
v -0.9 3.6 -0.8
v -0.9 3.7 0.6
v -0.9 3.7 0.2
v -0.9 3.7 -0.2
v -0.9 3.7 -0.6
v -0.9 3.8 0.8
v -0.9 3.8 0.7
v -0.9 3.8 0.6
v -0.9 3.8 0.4
v -0.9 3.8 0.3
v -0.9 3.8 0.2
v -0.9 3.8 -0.2
v -0.9 3.8 -0.3
v -0.9 3.8 -0.4
v -0.9 3.8 -0.6
v -0.9 3.8 -0.7
v -0.9 3.8 -0.8
v -0.9 3.9 0.7
v -0.9 3.9 0.6
v -0.9 3.9 0.4
v -0.9 3.9 0.3
v -0.9 3.9 -0.3
v -0.9 3.9 -0.4
v -0.9 3.9 -0.6
v -0.9 3.9 -0.7
v -0.9 4.3 0.8
v -0.9 4.3 0.7
v -0.9 4.3 -0.7
v -0.9 4.3 -0.8
v -0.9 4.4 0.8
v -0.9 4.4 0.7
v -0.9 4.4 -0.7
v -0.9 4.4 -0.8
v -0.8 3.7 0.2
v -0.8 3.7 -0.2
v -0.8 3.8 0.8
v -0.8 3.8 0.7
v -0.8 3.8 0.3
v -0.8 3.8 0.2
v -0.8 3.8 0.1
v -0.8 3.8 -0.1
v -0.8 3.8 -0.2
v -0.8 3.8 -0.3
v -0.8 3.8 -0.7
v -0.8 3.8 -0.8
v -0.8 3.9 0.7
v -0.8 3.9 0.6
v -0.8 3.9 0.5
v -0.8 3.9 0.3
v -0.8 3.9 0.1
v -0.8 3.9 -0.1
v -0.8 3.9 -0.3
v -0.8 3.9 -0.5
v -0.8 3.9 -0.6
v -0.8 3.9 -0.7
v -0.8 4 0.6
v -0.8 4 0.5
v -0.8 4 0.4
v -0.8 4 0.3
v -0.8 4 -0.3
v -0.8 4 -0.4
v -0.8 4 -0.5
v -0.8 4 -0.6
v -0.8 4.1 0.7
v -0.8 4.1 0.6
v -0.8 4.1 0.5
v -0.8 4.1 0.4
v -0.8 4.1 -0.4
v -0.8 4.1 -0.5
v -0.8 4.1 -0.6
v -0.8 4.1 -0.7
v -0.8 4.2 0.5
v -0.8 4.2 0.4
v -0.8 4.2 -0.4
v -0.8 4.2 -0.5
v -0.8 4.3 0.8
v -0.8 4.3 0.7
v -0.8 4.3 0.6
v -0.8 4.3 0.5
v -0.8 4.3 0.4
v -0.8 4.3 -0.4
v -0.8 4.3 -0.5
v -0.8 4.3 -0.6
v -0.8 4.3 -0.7
v -0.8 4.3 -0.8
v -0.8 4.4 0.7
v -0.8 4.4 0.6
v -0.8 4.4 -0.6
v -0.8 4.4 -0.7
v -0.7 3.8 0.1
v -0.7 3.8 -0.1
v -0.7 3.9 0.6
v -0.7 3.9 0.5
v -0.7 3.9 0.3
v -0.7 3.9 0.1
v -0.7 3.9 -0.1
v -0.7 3.9 -0.3
v -0.7 3.9 -0.5
v -0.7 3.9 -0.6
v -0.7 4 0.6
v -0.7 4 0.5
v -0.7 4 0.4
v -0.7 4 0.3
v -0.7 4 -0.3
v -0.7 4 -0.4
v -0.7 4 -0.5
v -0.7 4 -0.6
v -0.7 4.1 0.5
v -0.7 4.1 0.4
v -0.7 4.1 0.3
v -0.7 4.1 -0.3
v -0.7 4.1 -0.4
v -0.7 4.1 -0.5
v -0.7 4.2 0.5
v -0.7 4.2 0.4
v -0.7 4.2 -0.4
v -0.7 4.2 -0.5
v -0.7 4.3 0.5
v -0.7 4.3 0.4
v -0.7 4.3 0.3
v -0.7 4.3 -0.3
v -0.7 4.3 -0.4
v -0.7 4.3 -0.5
v -0.7 4.4 0.5
v -0.7 4.4 0.4
v -0.7 4.4 -0.4
v -0.7 4.4 -0.5
v -0.6 4 0.3
v -0.6 4 -0.3
v -0.6 4.1 0.3
v -0.6 4.1 -0.3
v -0.6 5.5 0.6
v -0.6 5.5 0.2
v -0.6 5.5 -0.2
v -0.6 5.5 -0.6
v -0.6 5.6 0.6
v -0.6 5.6 0.2
v -0.6 5.6 -0.2
v -0.6 5.6 -0.6
v -0.5 4.1 0.4
v -0.5 4.1 -0.4
v -0.5 4.2 0.4
v -0.5 4.2 0.2
v -0.5 4.2 -0.2
v -0.5 4.2 -0.4
v -0.5 4.3 0.8
v -0.5 4.3 0.7
v -0.5 4.3 0.6
v -0.5 4.3 -0.6
v -0.5 4.3 -0.7
v -0.5 4.3 -0.8
v -0.5 4.4 0.7
v -0.5 4.4 0.6
v -0.5 4.4 -0.6
v -0.5 4.4 -0.7
v -0.5 4.6 0.8
v -0.5 4.6 0.6
v -0.5 4.6 -0.6
v -0.5 4.6 -0.8
v -0.5 5.5 0.2
v -0.5 5.5 -0.2
v -0.5 5.6 0.2
v -0.5 5.6 -0.2
v -0.4 4.2 0.4
v -0.4 4.2 0.2
v -0.4 4.2 -0.2
v -0.4 4.2 -0.4
v -0.4 4.3 0.6
v -0.4 4.3 0.4
v -0.4 4.3 0.2
v -0.4 4.3 -0.2
v -0.4 4.3 -0.4
v -0.4 4.3 -0.6
v -0.4 4.5 0.6
v -0.4 4.5 0.4
v -0.4 4.5 -0.4
v -0.4 4.5 -0.6
v -0.4 5.2 0.8
v -0.4 5.2 0.7
v -0.4 5.2 -0.7
v -0.4 5.2 -0.8
v -0.4 5.5 0.8
v -0.4 5.5 0.7
v -0.4 5.5 -0.7
v -0.4 5.5 -0.8
v -0.3 4.3 0.4
v -0.3 4.3 -0.4
v -0.3 4.4 0.4
v -0.3 4.4 -0.4
v -0.3 4.9 0.8
v -0.3 4.9 0.7
v -0.3 4.9 -0.7
v -0.3 4.9 -0.8
v -0.3 5.2 0.8
v -0.3 5.2 0.7
v -0.3 5.2 -0.7
v -0.3 5.2 -0.8
v -0.2 4.4 0.4
v -0.2 4.4 0.3
v -0.2 4.4 -0.3
v -0.2 4.4 -0.4
v -0.2 4.5 0.6
v -0.2 4.5 0.4
v -0.2 4.5 0.3
v -0.2 4.5 -0.3
v -0.2 4.5 -0.4
v -0.2 4.5 -0.6
v -0.2 4.6 0.8
v -0.2 4.6 0.6
v -0.2 4.6 0.4
v -0.2 4.6 -0.4
v -0.2 4.6 -0.6
v -0.2 4.6 -0.8
v -0.2 4.7 0.7
v -0.2 4.7 0.6
v -0.2 4.7 -0.6
v -0.2 4.7 -0.7
v -0.2 4.9 0.8
v -0.2 4.9 0.7
v -0.2 4.9 -0.7
v -0.2 4.9 -0.8
v -0.0999999 4.4 0.3
v -0.0999999 4.4 -0.3
v -0.0999999 4.5 0.3
v -0.0999999 4.5 -0.3
v 0.1 4.7 0.8
v 0.1 4.7 0.7
v 0.1 4.7 -0.7
v 0.1 4.7 -0.8
v 0.1 5 0.8
v 0.1 5 0.7
v 0.1 5 -0.7
v 0.1 5 -0.8
v 0.2 5 0.8
v 0.2 5 0.7
v 0.2 5 -0.7
v 0.2 5 -0.8
v 0.2 5.3 0.8
v 0.2 5.3 0.7
v 0.2 5.3 -0.7
v 0.2 5.3 -0.8
v 0.3 5.3 0.8
v 0.3 5.3 0.7
v 0.3 5.3 -0.7
v 0.3 5.3 -0.8
v 0.3 5.5 0.8
v 0.3 5.5 0.7
v 0.3 5.5 0.6
v 0.3 5.5 -0.6
v 0.3 5.5 -0.7
v 0.3 5.5 -0.8
v 0.3 5.6 0.6
v 0.3 5.6 -0.6
v 0.6 4.1 0.4
v 0.6 4.1 0.3
v 0.6 4.1 -0.3
v 0.6 4.1 -0.4
v 0.6 4.3 0.5
v 0.6 4.3 0.4
v 0.6 4.3 0.3
v 0.6 4.3 -0.3
v 0.6 4.3 -0.4
v 0.6 4.3 -0.5
v 0.6 4.4 0.5
v 0.6 4.4 0.4
v 0.6 4.4 -0.4
v 0.6 4.4 -0.5
v 0.7 4.3 0.8
v 0.7 4.3 0.7
v 0.7 4.3 0.6
v 0.7 4.3 -0.6
v 0.7 4.3 -0.7
v 0.7 4.3 -0.8
v 0.7 4.4 0.8
v 0.7 4.4 0.7
v 0.7 4.4 0.6
v 0.7 4.4 -0.6
v 0.7 4.4 -0.7
v 0.7 4.4 -0.8
v 0.8 4.4 0.8
v 0.8 4.4 0.7
v 0.8 4.4 -0.7
v 0.8 4.4 -0.8
v 0.8 4.5 0.8
v 0.8 4.5 0.7
v 0.8 4.5 -0.7
v 0.8 4.5 -0.8
v 0.9 4.5 0.8
v 0.9 4.5 0.7
v 0.9 4.5 -0.7
v 0.9 4.5 -0.8
v 0.9 4.6 0.8
v 0.9 4.6 0.7
v 0.9 4.6 -0.7
v 0.9 4.6 -0.8
v 1 4.6 0.8
v 1 4.6 0.7
v 1 4.6 -0.7
v 1 4.6 -0.8
v 1 4.7 0.8
v 1 4.7 0.7
v 1 4.7 -0.7
v 1 4.7 -0.8
v 1.1 4.7 0.8
v 1.1 4.7 0.7
v 1.1 4.7 -0.7
v 1.1 4.7 -0.8
v 1.1 4.8 0.8
v 1.1 4.8 0.7
v 1.1 4.8 -0.7
v 1.1 4.8 -0.8
v 1.2 3.6 0.8
v 1.2 3.6 0.7
v 1.2 3.6 -0.7
v 1.2 3.6 -0.8
v 1.2 3.7 0.8
v 1.2 3.7 0.7
v 1.2 3.7 -0.7
v 1.2 3.7 -0.8
v 1.2 4.8 0.8
v 1.2 4.8 0.7
v 1.2 4.8 -0.7
v 1.2 4.8 -0.8
v 1.2 5 0.8
v 1.2 5 0.7
v 1.2 5 -0.7
v 1.2 5 -0.8
v 1.3 3.7 0.8
v 1.3 3.7 0.7
v 1.3 3.7 -0.7
v 1.3 3.7 -0.8
v 1.3 3.9 0.8
v 1.3 3.9 0.7
v 1.3 3.9 -0.7
v 1.3 3.9 -0.8
v 1.3 5 0.8
v 1.3 5 0.7
v 1.3 5 -0.7
v 1.3 5 -0.8
v 1.3 5.3 0.8
v 1.3 5.3 0.7
v 1.3 5.3 -0.7
v 1.3 5.3 -0.8
v 1.4 5.3 0.8
v 1.4 5.3 0.7
v 1.4 5.3 0.6
v 1.4 5.3 0.4
v 1.4 5.3 -0.4
v 1.4 5.3 -0.6
v 1.4 5.3 -0.7
v 1.4 5.3 -0.8
v 1.4 5.4 0.6
v 1.4 5.4 0.4
v 1.4 5.4 0.3
v 1.4 5.4 0.2
v 1.4 5.4 -0.2
v 1.4 5.4 -0.3
v 1.4 5.4 -0.4
v 1.4 5.4 -0.6
v 1.4 5.5 0.8
v 1.4 5.5 0.6
v 1.4 5.5 0.4
v 1.4 5.5 0.2
v 1.4 5.5 -0.2
v 1.4 5.5 -0.4
v 1.4 5.5 -0.6
v 1.4 5.5 -0.8
v 1.4 5.6 0.6
v 1.4 5.6 0.3
v 1.4 5.6 -0.3
v 1.4 5.6 -0.6
v 1.5 3.9 0.8
v 1.5 3.9 0.7
v 1.5 3.9 -0.7
v 1.5 3.9 -0.8
v 1.5 4 0.8
v 1.5 4 0.7
v 1.5 4 -0.7
v 1.5 4 -0.8
v 1.5 5.3 0.4
v 1.5 5.3 -0.4
v 1.5 5.4 0.6
v 1.5 5.4 0.4
v 1.5 5.4 0.3
v 1.5 5.4 0.2
v 1.5 5.4 -0.2
v 1.5 5.4 -0.3
v 1.5 5.4 -0.4
v 1.5 5.4 -0.5
v 1.5 5.4 -0.6
v 1.5 5.5 0.6
v 1.5 5.5 0.4
v 1.5 5.5 0.2
v 1.5 5.5 -0.2
v 1.5 5.5 -0.5
v 1.5 5.5 -0.6
v 1.5 5.6 0.3
v 1.5 5.6 -0.3
v 1.6 5.2 0.6
v 1.6 5.2 -0.6
v 1.6 5.3 0.6
v 1.6 5.3 0.4
v 1.6 5.3 -0.6
v 1.6 5.4 -0.4
v 1.6 5.4 -0.5
v 1.6 5.6 -0.4
v 1.6 5.6 -0.5
v 1.7 4 0.8
v 1.7 4 0.7
v 1.7 4 -0.7
v 1.7 4 -0.8
v 1.7 4.1 0.8
v 1.7 4.1 0.7
v 1.7 4.1 -0.7
v 1.7 4.1 -0.8
v 1.7 5.1 0.8
v 1.7 5.1 0.5
v 1.7 5.1 -0.5
v 1.7 5.1 -0.8
v 1.7 5.2 0.8
v 1.7 5.2 0.7
v 1.7 5.2 0.6
v 1.7 5.2 0.5
v 1.7 5.2 -0.5
v 1.7 5.2 -0.8
v 1.7 5.3 0.7
v 1.7 5.3 0.6
v 1.7 5.3 0.4
v 1.7 5.3 0.2
v 1.7 5.3 0.1
v 1.7 5.3 -0.1
v 1.7 5.3 -0.5
v 1.7 5.3 -0.7
v 1.7 5.4 0.4
v 1.7 5.4 -0.1
v 1.7 5.4 -0.5
v 1.7 5.4 -0.7
v 1.8 5.1 0.5
v 1.8 5.1 0.4
v 1.8 5.2 0.5
v 1.8 5.2 0.4
v 1.8 5.2 0.2
v 1.8 5.2 0.1
v 1.8 5.2 -5.96046e-08
v 1.8 5.2 -0.4
v 1.8 5.2 -0.7
v 1.8 5.2 -0.8
v 1.8 5.3 0.4
v 1.8 5.3 0.2
v 1.8 5.3 0.1
v 1.8 5.3 -5.96046e-08
v 1.8 5.3 -0.1
v 1.8 5.3 -0.4
v 1.8 5.3 -0.5
v 1.8 5.3 -0.8
v 1.8 5.4 -0.1
v 1.8 5.4 -0.5
v 1.9 4.1 0.8
v 1.9 4.1 0.7
v 1.9 4.1 -0.7
v 1.9 4.1 -0.8
v 1.9 4.2 0.8
v 1.9 4.2 0.7
v 1.9 4.2 -0.7
v 1.9 4.2 -0.8
v 1.9 4.9 -0.5
v 1.9 4.9 -0.8
v 1.9 5 0.8
v 1.9 5 0.4
v 1.9 5 -0.1
v 1.9 5 -0.4
v 1.9 5 -0.5
v 1.9 5 -0.7
v 1.9 5.1 0.8
v 1.9 5.1 0.4
v 1.9 5.1 -5.96046e-08
v 1.9 5.1 -0.1
v 1.9 5.1 -0.4
v 1.9 5.1 -0.7
v 1.9 5.1 -0.8
v 1.9 5.2 0.4
v 1.9 5.2 -5.96046e-08
v 1.9 5.2 -0.4
v 1.9 5.2 -0.7
v 1.9 5.3 -5.96046e-08
v 1.9 5.3 -0.4
v 2 1.9 0.7
v 2 1.9 0.6
v 2 1.9 -0.6
v 2 1.9 -0.7
v 2 2 0.8
v 2 2 0.7
v 2 2 0.6
v 2 2 -0.6
v 2 2 -0.7
v 2 2 -0.8
v 2 2.1 0.8
v 2 2.1 0.7
v 2 2.1 -0.7
v 2 2.1 -0.8
v 2 4.2 0.8
v 2 4.2 0.7
v 2 4.2 -0.7
v 2 4.2 -0.8
v 2 4.3 0.8
v 2 4.3 0.7
v 2 4.3 -0.7
v 2 4.3 -0.8
v 2 4.8 0.8
v 2 4.8 0.7
v 2 4.8 -0.5
v 2 4.8 -0.8
v 2 4.9 0.7
v 2 4.9 0.5
v 2 4.9 -0.1
v 2 4.9 -0.5
v 2 4.9 -0.8
v 2 5 0.8
v 2 5 0.5
v 2 5 0.4
v 2 5 -0.1
v 2 5 -0.4
v 2 5 -0.5
v 2 5 -0.7
v 2 5.1 0.4
v 2 5.1 -5.96046e-08
v 2 5.1 -0.1
v 2 5.1 -0.4
v 2 5.1 -0.7
v 2 5.2 -5.96046e-08
v 2 5.2 -0.4
v 2.1 4.6 0.8
v 2.1 4.6 0.7
v 2.1 4.6 -0.7
v 2.1 4.6 -0.8
v 2.1 4.7 -0.5
v 2.1 4.7 -0.7
v 2.1 4.8 0.8
v 2.1 4.8 0.7
v 2.1 4.8 0.5
v 2.1 4.8 -0.1
v 2.1 4.8 -0.5
v 2.1 4.8 -0.8
v 2.1 4.9 0.7
v 2.1 4.9 0.5
v 2.1 4.9 -0.1
v 2.1 4.9 -0.5
v 2.1 5 0.5
v 2.1 5 -0.1
v 2.2 3.1 0.7
v 2.2 3.1 0.6
v 2.2 3.1 -0.6
v 2.2 3.1 -0.7
v 2.2 3.2 0.8
v 2.2 3.2 0.7
v 2.2 3.2 0.6
v 2.2 3.2 -0.6
v 2.2 3.2 -0.7
v 2.2 3.2 -0.8
v 2.2 3.3 0.7
v 2.2 3.3 0.6
v 2.2 3.3 -0.6
v 2.2 3.3 -0.7
v 2.2 3.4 0.8
v 2.2 3.4 0.7
v 2.2 3.4 -0.7
v 2.2 3.4 -0.8
v 2.2 3.5 0.7
v 2.2 3.5 0.6
v 2.2 3.5 -0.6
v 2.2 3.5 -0.7
v 2.2 3.6 0.7
v 2.2 3.6 0.6
v 2.2 3.6 -0.6
v 2.2 3.6 -0.7
v 2.2 3.8 0.8
v 2.2 3.8 0.7
v 2.2 3.8 -0.7
v 2.2 3.8 -0.8
v 2.2 4 0.8
v 2.2 4 0.7
v 2.2 4 -0.7
v 2.2 4 -0.8
v 2.2 4.1 0.8
v 2.2 4.1 0.7
v 2.2 4.1 -0.7
v 2.2 4.1 -0.8
v 2.2 4.2 0.8
v 2.2 4.2 0.7
v 2.2 4.2 0.5
v 2.2 4.2 -0.5
v 2.2 4.2 -0.7
v 2.2 4.2 -0.8
v 2.2 4.3 0.8
v 2.2 4.3 0.7
v 2.2 4.3 0.5
v 2.2 4.3 0.4
v 2.2 4.3 -0.4
v 2.2 4.3 -0.5
v 2.2 4.3 -0.7
v 2.2 4.3 -0.8
v 2.2 4.4 0.5
v 2.2 4.4 0.4
v 2.2 4.4 -0.4
v 2.2 4.4 -0.5
v 2.2 4.6 0.8
v 2.2 4.6 0.7
v 2.2 4.6 -0.5
v 2.2 4.6 -0.7
v 2.2 4.6 -0.8
v 2.2 4.7 0.7
v 2.2 4.7 0.5
v 2.2 4.7 -0.1
v 2.2 4.7 -0.5
v 2.2 4.7 -0.7
v 2.2 4.8 0.7
v 2.2 4.8 0.5
v 2.2 4.8 -0.1
v 2.2 4.8 -0.5
v 2.2 4.9 0.5
v 2.2 4.9 -0.1
v 2.3 0 0.8
v 2.3 0 0.7
v 2.3 0 -0.7
v 2.3 0 -0.8
v 2.3 0.1 0.8
v 2.3 0.1 0.7
v 2.3 0.1 -0.7
v 2.3 0.1 -0.8
v 2.3 1.8 0.8
v 2.3 1.8 0.7
v 2.3 1.8 -0.7
v 2.3 1.8 -0.8
v 2.3 1.9 0.8
v 2.3 1.9 0.7
v 2.3 1.9 -0.7
v 2.3 1.9 -0.8
v 2.3 3.1 0.6
v 2.3 3.1 0.5
v 2.3 3.1 0.3
v 2.3 3.1 -0.3
v 2.3 3.1 -0.5
v 2.3 3.1 -0.6
v 2.3 3.2 0.6
v 2.3 3.2 0.5
v 2.3 3.2 0.3
v 2.3 3.2 -0.3
v 2.3 3.2 -0.5
v 2.3 3.2 -0.6
v 2.3 3.3 0.7
v 2.3 3.3 0.6
v 2.3 3.3 0.5
v 2.3 3.3 -0.5
v 2.3 3.3 -0.6
v 2.3 3.3 -0.7
v 2.3 3.4 0.8
v 2.3 3.4 0.7
v 2.3 3.4 -0.7
v 2.3 3.4 -0.8
v 2.3 3.5 0.7
v 2.3 3.5 0.6
v 2.3 3.5 -0.6
v 2.3 3.5 -0.7
v 2.3 3.6 0.7
v 2.3 3.6 0.6
v 2.3 3.6 -0.6
v 2.3 3.6 -0.7
v 2.3 3.8 0.8
v 2.3 3.8 0.7
v 2.3 3.8 -0.7
v 2.3 3.8 -0.8
v 2.3 4 0.8
v 2.3 4 0.7
v 2.3 4 0.6
v 2.3 4 0.5
v 2.3 4 -0.5
v 2.3 4 -0.6
v 2.3 4 -0.7
v 2.3 4 -0.8
v 2.3 4.1 0.8
v 2.3 4.1 0.7
v 2.3 4.1 -0.7
v 2.3 4.1 -0.8
v 2.3 4.2 0.7
v 2.3 4.2 0.5
v 2.3 4.2 0.3
v 2.3 4.2 -0.3
v 2.3 4.2 -0.5
v 2.3 4.2 -0.7
v 2.3 4.3 0.7
v 2.3 4.3 0.5
v 2.3 4.3 0.4
v 2.3 4.3 0.3
v 2.3 4.3 -0.3
v 2.3 4.3 -0.4
v 2.3 4.3 -0.5
v 2.3 4.3 -0.7
v 2.3 4.4 0.6
v 2.3 4.4 0.5
v 2.3 4.4 0.4
v 2.3 4.4 0.3
v 2.3 4.4 -0.3
v 2.3 4.4 -0.4
v 2.3 4.4 -0.5
v 2.3 4.4 -0.6
v 2.3 4.5 0.3
v 2.3 4.5 -0.3
v 2.3 4.5 -0.5
v 2.3 4.5 -0.6
v 2.3 4.6 0.8
v 2.3 4.6 0.7
v 2.3 4.6 0.6
v 2.3 4.6 0.5
v 2.3 4.6 -0.1
v 2.3 4.6 -0.5
v 2.3 4.6 -0.7
v 2.3 4.7 0.8
v 2.3 4.7 0.5
v 2.3 4.7 -0.1
v 2.3 4.7 -0.5
v 2.3 4.8 0.5
v 2.3 4.8 -0.1
v 2.4 0 0.7
v 2.4 0 0.6
v 2.4 0 -0.6
v 2.4 0 -0.7
v 2.4 0.1 0.7
v 2.4 0.1 0.6
v 2.4 0.1 -0.6
v 2.4 0.1 -0.7
v 2.4 0.2 0.8
v 2.4 0.2 0.7
v 2.4 0.2 -0.7
v 2.4 0.2 -0.8
v 2.4 0.3 0.8
v 2.4 0.3 0.7
v 2.4 0.3 -0.7
v 2.4 0.3 -0.8
v 2.4 0.7 0.8
v 2.4 0.7 0.7
v 2.4 0.7 -0.7
v 2.4 0.7 -0.8
v 2.4 0.8 0.6
v 2.4 0.8 0.5
v 2.4 0.8 -0.5
v 2.4 0.8 -0.6
v 2.4 0.9 0.8
v 2.4 0.9 0.7
v 2.4 0.9 0.6
v 2.4 0.9 0.5
v 2.4 0.9 0.4
v 2.4 0.9 -0.4
v 2.4 0.9 -0.5
v 2.4 0.9 -0.6
v 2.4 0.9 -0.7
v 2.4 0.9 -0.8
v 2.4 1 0.8
v 2.4 1 0.7
v 2.4 1 0.5
v 2.4 1 0.4
v 2.4 1 -0.4
v 2.4 1 -0.5
v 2.4 1 -0.7
v 2.4 1 -0.8
v 2.4 1.1 0.8
v 2.4 1.1 0.5
v 2.4 1.1 -0.5
v 2.4 1.1 -0.8
v 2.4 1.6 0.8
v 2.4 1.6 0.7
v 2.4 1.6 -0.7
v 2.4 1.6 -0.8
v 2.4 1.7 0.7
v 2.4 1.7 -0.7
v 2.4 1.8 0.8
v 2.4 1.8 0.7
v 2.4 1.8 -0.7
v 2.4 1.8 -0.8
v 2.4 2 0.8
v 2.4 2 0.7
v 2.4 2 -0.7
v 2.4 2 -0.8
v 2.4 2.1 0.8
v 2.4 2.1 0.7
v 2.4 2.1 -0.7
v 2.4 2.1 -0.8
v 2.4 2.8 0.8
v 2.4 2.8 0.7
v 2.4 2.8 -0.7
v 2.4 2.8 -0.8
v 2.4 2.9 0.7
v 2.4 2.9 0.6
v 2.4 2.9 -0.6
v 2.4 2.9 -0.7
v 2.4 3 0.8
v 2.4 3 0.7
v 2.4 3 0.6
v 2.4 3 0.5
v 2.4 3 -0.5
v 2.4 3 -0.6
v 2.4 3 -0.7
v 2.4 3 -0.8
v 2.4 3.1 0.7
v 2.4 3.1 0.5
v 2.4 3.1 0.3
v 2.4 3.1 -0.3
v 2.4 3.1 -0.5
v 2.4 3.1 -0.7
v 2.4 3.2 0.5
v 2.4 3.2 0.3
v 2.4 3.2 -0.3
v 2.4 3.2 -0.5
v 2.4 3.3 0.6
v 2.4 3.3 0.5
v 2.4 3.3 -0.5
v 2.4 3.3 -0.6
v 2.4 4 0.6
v 2.4 4 0.5
v 2.4 4 -0.5
v 2.4 4 -0.6
v 2.4 4.2 0.5
v 2.4 4.2 0.3
v 2.4 4.2 -0.3
v 2.4 4.2 -0.5
v 2.4 4.3 0.3
v 2.4 4.3 -0.3
v 2.4 4.4 0.6
v 2.4 4.4 0.3
v 2.4 4.4 -0.3
v 2.4 4.4 -0.6
v 2.4 4.5 0.3
v 2.4 4.5 -0.3
v 2.4 4.5 -0.5
v 2.4 4.5 -0.6
v 2.4 4.6 0.6
v 2.4 4.6 0.5
v 2.4 4.6 -0.1
v 2.4 4.6 -0.5
v 2.4 4.7 0.5
v 2.4 4.7 -0.1
v 2.5 0 0.6
v 2.5 0 0.4
v 2.5 0 -0.4
v 2.5 0 -0.6
v 2.5 0.1 0.8
v 2.5 0.1 0.6
v 2.5 0.1 0.4
v 2.5 0.1 -0.4
v 2.5 0.1 -0.6
v 2.5 0.1 -0.8
v 2.5 0.2 0.8
v 2.5 0.2 0.7
v 2.5 0.2 0.6
v 2.5 0.2 0.5
v 2.5 0.2 -0.5
v 2.5 0.2 -0.6
v 2.5 0.2 -0.7
v 2.5 0.2 -0.8
v 2.5 0.3 0.8
v 2.5 0.3 0.7
v 2.5 0.3 0.5
v 2.5 0.3 0.4
v 2.5 0.3 -0.4
v 2.5 0.3 -0.5
v 2.5 0.3 -0.7
v 2.5 0.3 -0.8
v 2.5 0.5 0.6
v 2.5 0.5 0.4
v 2.5 0.5 -0.4
v 2.5 0.5 -0.6
v 2.5 0.6 0.6
v 2.5 0.6 0.5
v 2.5 0.6 -0.5
v 2.5 0.6 -0.6
v 2.5 0.7 0.8
v 2.5 0.7 0.7
v 2.5 0.7 -0.7
v 2.5 0.7 -0.8
v 2.5 0.8 0.6
v 2.5 0.8 0.5
v 2.5 0.8 -0.5
v 2.5 0.8 -0.6
v 2.5 0.9 0.7
v 2.5 0.9 0.6
v 2.5 0.9 0.4
v 2.5 0.9 -0.4
v 2.5 0.9 -0.6
v 2.5 0.9 -0.7
v 2.5 1 0.5
v 2.5 1 0.4
v 2.5 1 -0.4
v 2.5 1 -0.5
v 2.5 1.1 0.8
v 2.5 1.1 0.5
v 2.5 1.1 -0.5
v 2.5 1.1 -0.8
v 2.5 1.2 0.5
v 2.5 1.2 0.4
v 2.5 1.2 -0.4
v 2.5 1.2 -0.5
v 2.5 1.3 0.6
v 2.5 1.3 0.5
v 2.5 1.3 -0.5
v 2.5 1.3 -0.6
v 2.5 1.6 0.8
v 2.5 1.6 0.7
v 2.5 1.6 -0.7
v 2.5 1.6 -0.8
v 2.5 1.7 0.7
v 2.5 1.7 0.6
v 2.5 1.7 -0.6
v 2.5 1.7 -0.7
v 2.5 1.8 0.6
v 2.5 1.8 0.5
v 2.5 1.8 -0.5
v 2.5 1.8 -0.6
v 2.5 1.9 0.5
v 2.5 1.9 -0.5
v 2.5 2 0.7
v 2.5 2 0.3
v 2.5 2 -0.3
v 2.5 2 -0.7
v 2.5 2.1 0.8
v 2.5 2.1 0.7
v 2.5 2.1 0.4
v 2.5 2.1 0.3
v 2.5 2.1 -0.3
v 2.5 2.1 -0.4
v 2.5 2.1 -0.7
v 2.5 2.1 -0.8
v 2.5 2.3 0.6
v 2.5 2.3 0.4
v 2.5 2.3 -0.4
v 2.5 2.3 -0.6
v 2.5 2.8 0.8
v 2.5 2.8 0.7
v 2.5 2.8 0.6
v 2.5 2.8 0.5
v 2.5 2.8 -0.5
v 2.5 2.8 -0.6
v 2.5 2.8 -0.7
v 2.5 2.8 -0.8
v 2.5 2.9 0.7
v 2.5 2.9 0.6
v 2.5 2.9 0.5
v 2.5 2.9 0.4
v 2.5 2.9 -0.4
v 2.5 2.9 -0.5
v 2.5 2.9 -0.6
v 2.5 2.9 -0.7
v 2.5 3 0.6
v 2.5 3 0.5
v 2.5 3 0.4
v 2.5 3 -0.4
v 2.5 3 -0.5
v 2.5 3 -0.6
v 2.5 3.1 0.5
v 2.5 3.1 -0.5
v 2.6 0 0.4
v 2.6 0 -0.4
v 2.6 0.1 0.6
v 2.6 0.1 0.4
v 2.6 0.1 -0.4
v 2.6 0.1 -0.6
v 2.6 0.2 0.6
v 2.6 0.2 0.5
v 2.6 0.2 -0.5
v 2.6 0.2 -0.6
v 2.6 0.3 0.5
v 2.6 0.3 0.4
v 2.6 0.3 -0.4
v 2.6 0.3 -0.5
v 2.6 0.5 0.6
v 2.6 0.5 0.4
v 2.6 0.5 -0.4
v 2.6 0.5 -0.6
v 2.6 0.6 0.6
v 2.6 0.6 0.5
v 2.6 0.6 -0.5
v 2.6 0.6 -0.6
v 2.6 0.9 0.5
v 2.6 0.9 -0.5
v 2.6 1 0.4
v 2.6 1 -0.4
v 2.6 1.2 0.5
v 2.6 1.2 0.4
v 2.6 1.2 -0.4
v 2.6 1.2 -0.5
v 2.6 1.3 0.6
v 2.6 1.3 0.5
v 2.6 1.3 -0.5
v 2.6 1.3 -0.6
v 2.6 1.8 0.6
v 2.6 1.8 0.5
v 2.6 1.8 -0.5
v 2.6 1.8 -0.6
v 2.6 1.9 0.5
v 2.6 1.9 -0.5
v 2.6 2 0.3
v 2.6 2 -0.3
v 2.6 2.1 0.4
v 2.6 2.1 0.3
v 2.6 2.1 -0.3
v 2.6 2.1 -0.4
v 2.6 2.3 0.6
v 2.6 2.3 0.4
v 2.6 2.3 -0.4
v 2.6 2.3 -0.6
v 2.6 2.8 0.6
v 2.6 2.8 0.5
v 2.6 2.8 -0.5
v 2.6 2.8 -0.6
v 2.6 2.9 0.5
v 2.6 2.9 0.4
v 2.6 2.9 -0.4
v 2.6 2.9 -0.5
v 2.6 3 0.4
v 2.6 3 -0.4
v -2.6 0.1 0.8
v -2.6 0.2 0.8
v -2.6 0.3 0.8
v -2.6 0.7 0.8
v -2.6 1.1 0.8
v -2.6 1.6 0.8
v -2.5 0.2 0.8
v -2.5 0.3 0.8
v -2.5 0.7 0.8
v -2.5 0.9 0.8
v -2.5 1 0.8
v -2.5 1.1 0.8
v -2.5 1.6 0.8
v -2.5 1.8 0.8
v -2.5 2.1 0.8
v -2.5 2.8 0.8
v -2.4 0 0.8
v -2.4 0.1 0.8
v -2.4 1.8 0.8
v -2.4 1.9 0.8
v -2.4 2 0.8
v -2.4 2.1 0.8
v -2.4 2.8 0.8
v -2.4 3 0.8
v -2.3 1.8 0.8
v -2.3 1.9 0.8
v -2.3 2 0.8
v -2.3 2.1 0.8
v -2.3 3.4 0.8
v -2.3 3.8 0.8
v -2.3 4 0.8
v -2.3 4.1 0.8
v -2.3 4.6 0.8
v -2.3 4.7 0.8
v -2.2 3.2 0.8
v -2.2 3.4 0.8
v -2.2 3.8 0.8
v -2.2 4 0.8
v -2.2 4.1 0.8
v -2.2 4.2 0.8
v -2.2 4.3 0.8
v -2.2 4.6 0.8
v -2.2 4.7 0.8
v -2.1 4.1 0.8
v -2.1 4.2 0.8
v -2.1 4.6 0.8
v -2.1 4.8 0.8
v -2 2 0.8
v -2 2.1 0.8
v -2 4 0.8
v -2 4.1 0.8
v -2 4.2 0.8
v -2 4.3 0.8
v -2 4.8 0.8
v -2 5 0.8
v -1.9 4.1 0.8
v -1.9 4.2 0.8
v -1.9 5 0.8
v -1.9 5.1 0.8
v -1.8 3.9 0.8
v -1.8 4 0.8
v -1.7 0 0.8
v -1.7 0.1 0.8
v -1.7 0.8 0.8
v -1.7 0.9 0.8
v -1.7 1.7 0.8
v -1.7 1.9 0.8
v -1.7 4 0.8
v -1.7 4.1 0.8
v -1.7 5.1 0.8
v -1.7 5.2 0.8
v -1.6 0.1 0.8
v -1.6 0.8 0.8
v -1.6 1 0.8
v -1.6 1.7 0.8
v -1.6 2.2 0.8
v -1.6 2.4 0.8
v -1.6 2.7 0.8
v -1.6 3 0.8
v -1.6 3.8 0.8
v -1.6 3.9 0.8
v -1.5 2 0.8
v -1.5 2.2 0.8
v -1.5 2.4 0.8
v -1.5 2.7 0.8
v -1.5 3.9 0.8
v -1.5 4 0.8
v -1.4 3.7 0.8
v -1.4 3.8 0.8
v -1.4 4.9 0.8
v -1.4 5.2 0.8
v -1.4 5.3 0.8
v -1.4 5.5 0.8
v -1.3 3.2 0.8
v -1.3 3.7 0.8
v -1.3 3.9 0.8
v -1.3 4.8 0.8
v -1.3 4.9 0.8
v -1.3 5 0.8
v -1.3 5.3 0.8
v -1.2 3.6 0.8
v -1.2 3.7 0.8
v -1.2 4.7 0.8
v -1.2 4.8 0.8
v -1.2 5 0.8
v -1.1 4.5 0.8
v -1.1 4.7 0.8
v -1.1 4.8 0.8
v -1 4.4 0.8
v -1 4.5 0.8
v -1 4.6 0.8
v -1 4.7 0.8
v -0.9 3.6 0.8
v -0.9 3.8 0.8
v -0.9 4.3 0.8
v -0.9 4.4 0.8
v -0.9 4.5 0.8
v -0.9 4.6 0.8
v -0.8 3.8 0.8
v -0.8 4.3 0.8
v -0.8 4.4 0.8
v -0.8 4.5 0.8
v -0.7 4.3 0.8
v -0.7 4.4 0.8
v -0.5 4.3 0.8
v -0.5 4.6 0.8
v -0.4 5.2 0.8
v -0.4 5.5 0.8
v -0.3 4.9 0.8
v -0.3 5.2 0.8
v -0.3 5.3 0.8
v -0.3 5.5 0.8
v -0.2 4.6 0.8
v -0.2 4.9 0.8
v -0.2 5 0.8
v -0.2 5.3 0.8
v -0.0999999 4.7 0.8
v -0.0999999 5 0.8
v 0.1 4.7 0.8
v 0.1 5 0.8
v 0.2 4.6 0.8
v 0.2 4.9 0.8
v 0.2 5 0.8
v 0.2 5.3 0.8
v 0.3 4.9 0.8
v 0.3 5.2 0.8
v 0.3 5.3 0.8
v 0.3 5.5 0.8
v 0.4 5.2 0.8
v 0.4 5.5 0.8
v 0.5 4.3 0.8
v 0.5 4.6 0.8
v 0.7 4.3 0.8
v 0.7 4.4 0.8
v 0.8 3.8 0.8
v 0.8 4.3 0.8
v 0.8 4.4 0.8
v 0.8 4.5 0.8
v 0.9 3.6 0.8
v 0.9 3.8 0.8
v 0.9 4.3 0.8
v 0.9 4.4 0.8
v 0.9 4.5 0.8
v 0.9 4.6 0.8
v 1 4.4 0.8
v 1 4.5 0.8
v 1 4.6 0.8
v 1 4.7 0.8
v 1.1 4.5 0.8
v 1.1 4.7 0.8
v 1.1 4.8 0.8
v 1.2 3.6 0.8
v 1.2 3.7 0.8
v 1.2 4.7 0.8
v 1.2 4.8 0.8
v 1.2 5 0.8
v 1.3 3.2 0.8
v 1.3 3.7 0.8
v 1.3 3.9 0.8
v 1.3 4.8 0.8
v 1.3 4.9 0.8
v 1.3 5 0.8
v 1.3 5.3 0.8
v 1.4 3.7 0.8
v 1.4 3.8 0.8
v 1.4 4.9 0.8
v 1.4 5.2 0.8
v 1.4 5.3 0.8
v 1.4 5.5 0.8
v 1.5 0.1 0.8
v 1.5 0.8 0.8
v 1.5 1 0.8
v 1.5 1.7 0.8
v 1.5 2 0.8
v 1.5 2.2 0.8
v 1.5 2.4 0.8
v 1.5 2.7 0.8
v 1.5 3.9 0.8
v 1.5 4 0.8
v 1.6 0 0.8
v 1.6 0.1 0.8
v 1.6 0.8 0.8
v 1.6 0.9 0.8
v 1.6 1.7 0.8
v 1.6 1.9 0.8
v 1.6 2.2 0.8
v 1.6 2.4 0.8
v 1.6 2.7 0.8
v 1.6 3 0.8
v 1.6 3.8 0.8
v 1.6 3.9 0.8
v 1.7 4 0.8
v 1.7 4.1 0.8
v 1.7 5.1 0.8
v 1.7 5.2 0.8
v 1.8 3.9 0.8
v 1.8 4 0.8
v 1.9 4.1 0.8
v 1.9 4.2 0.8
v 1.9 5 0.8
v 1.9 5.1 0.8
v 2 2 0.8
v 2 2.1 0.8
v 2 4 0.8
v 2 4.1 0.8
v 2 4.2 0.8
v 2 4.3 0.8
v 2 4.8 0.8
v 2 5 0.8
v 2.1 4.1 0.8
v 2.1 4.2 0.8
v 2.1 4.6 0.8
v 2.1 4.8 0.8
v 2.2 1.8 0.8
v 2.2 1.9 0.8
v 2.2 3.2 0.8
v 2.2 3.4 0.8
v 2.2 3.8 0.8
v 2.2 4 0.8
v 2.2 4.1 0.8
v 2.2 4.2 0.8
v 2.2 4.3 0.8
v 2.2 4.6 0.8
v 2.2 4.7 0.8
v 2.3 0 0.8
v 2.3 0.1 0.8
v 2.3 1.8 0.8
v 2.3 1.9 0.8
v 2.3 2 0.8
v 2.3 2.1 0.8
v 2.3 3.4 0.8
v 2.3 3.8 0.8
v 2.3 4 0.8
v 2.3 4.1 0.8
v 2.3 4.6 0.8
v 2.3 4.7 0.8
v 2.4 0.2 0.8
v 2.4 0.3 0.8
v 2.4 0.7 0.8
v 2.4 0.9 0.8
v 2.4 1 0.8
v 2.4 1.1 0.8
v 2.4 1.6 0.8
v 2.4 1.8 0.8
v 2.4 2 0.8
v 2.4 2.1 0.8
v 2.4 2.8 0.8
v 2.4 3 0.8
v 2.5 0.1 0.8
v 2.5 0.2 0.8
v 2.5 0.3 0.8
v 2.5 0.7 0.8
v 2.5 1.1 0.8
v 2.5 1.6 0.8
v 2.5 2.1 0.8
v 2.5 2.8 0.8
v -2.6 0.2 0.7
v -2.6 0.3 0.7
v -2.6 0.7 0.7
v -2.6 0.9 0.7
v -2.6 1.6 0.7
v -2.6 1.7 0.7
v -2.6 2 0.7
v -2.5 0 0.7
v -2.5 0.1 0.7
v -2.5 0.2 0.7
v -2.5 0.3 0.7
v -2.5 0.7 0.7
v -2.5 0.9 0.7
v -2.5 1 0.7
v -2.5 1.6 0.7
v -2.5 1.7 0.7
v -2.5 1.8 0.7
v -2.5 2 0.7
v -2.5 2.1 0.7
v -2.5 2.8 0.7
v -2.5 2.9 0.7
v -2.4 0 0.7
v -2.4 0.1 0.7
v -2.4 1.8 0.7
v -2.4 1.9 0.7
v -2.4 2 0.7
v -2.4 2.1 0.7
v -2.4 2.8 0.7
v -2.4 2.9 0.7
v -2.4 3 0.7
v -2.4 3.1 0.7
v -2.3 1.9 0.7
v -2.3 2 0.7
v -2.3 2.1 0.7
v -2.3 3.3 0.7
v -2.3 3.4 0.7
v -2.3 3.8 0.7
v -2.3 4 0.7
v -2.3 4.1 0.7
v -2.3 4.2 0.7
v -2.3 4.3 0.7
v -2.3 4.6 0.7
v -2.2 3.1 0.7
v -2.2 3.2 0.7
v -2.2 3.3 0.7
v -2.2 3.4 0.7
v -2.2 3.8 0.7
v -2.2 4 0.7
v -2.2 4.1 0.7
v -2.2 4.2 0.7
v -2.2 4.3 0.7
v -2.2 4.6 0.7
v -2.2 4.7 0.7
v -2.2 4.8 0.7
v -2.1 1.9 0.7
v -2.1 2 0.7
v -2.1 4.1 0.7
v -2.1 4.2 0.7
v -2.1 4.6 0.7
v -2.1 4.8 0.7
v -2.1 4.9 0.7
v -2 2 0.7
v -2 2.1 0.7
v -2 4 0.7
v -2 4.1 0.7
v -2 4.2 0.7
v -2 4.3 0.7
v -2 4.8 0.7
v -2 4.9 0.7
v -1.9 4.1 0.7
v -1.9 4.2 0.7
v -1.8 3.9 0.7
v -1.8 4 0.7
v -1.7 0.9 0.7
v -1.7 1 0.7
v -1.7 1.8 0.7
v -1.7 1.9 0.7
v -1.7 4 0.7
v -1.7 4.1 0.7
v -1.7 5.2 0.7
v -1.7 5.3 0.7
v -1.6 1.8 0.7
v -1.6 1.9 0.7
v -1.6 2 0.7
v -1.6 2.2 0.7
v -1.6 2.4 0.7
v -1.6 2.7 0.7
v -1.6 3 0.7
v -1.6 3.1 0.7
v -1.6 3.8 0.7
v -1.6 3.9 0.7
v -1.5 2.2 0.7
v -1.5 2.4 0.7
v -1.5 2.7 0.7
v -1.5 3 0.7
v -1.5 3.9 0.7
v -1.5 4 0.7
v -1.4 3.7 0.7
v -1.4 3.8 0.7
v -1.4 4.9 0.7
v -1.4 5.2 0.7
v -1.4 5.3 0.7
v -1.3 3.1 0.7
v -1.3 3.2 0.7
v -1.3 3.4 0.7
v -1.3 3.7 0.7
v -1.3 3.9 0.7
v -1.3 4.8 0.7
v -1.3 4.9 0.7
v -1.3 5 0.7
v -1.3 5.3 0.7
v -1.2 3.6 0.7
v -1.2 3.7 0.7
v -1.2 4.7 0.7
v -1.2 4.8 0.7
v -1.2 5 0.7
v -1.1 3.4 0.7
v -1.1 3.6 0.7
v -1.1 4.5 0.7
v -1.1 4.7 0.7
v -1.1 4.8 0.7
v -1 4.4 0.7
v -1 4.5 0.7
v -1 4.6 0.7
v -1 4.7 0.7
v -0.9 4.3 0.7
v -0.9 4.4 0.7
v -0.9 4.5 0.7
v -0.9 4.6 0.7
v -0.8 4.3 0.7
v -0.8 4.4 0.7
v -0.8 4.5 0.7
v -0.4 5.2 0.7
v -0.4 5.5 0.7
v -0.3 4.9 0.7
v -0.3 5.2 0.7
v -0.3 5.3 0.7
v -0.3 5.5 0.7
v -0.2 4.7 0.7
v -0.2 4.9 0.7
v -0.2 5 0.7
v -0.2 5.3 0.7
v -0.0999999 4.7 0.7
v -0.0999999 5 0.7
v 0.1 4.7 0.7
v 0.1 5 0.7
v 0.2 4.7 0.7
v 0.2 4.9 0.7
v 0.2 5 0.7
v 0.2 5.3 0.7
v 0.3 4.9 0.7
v 0.3 5.2 0.7
v 0.3 5.3 0.7
v 0.3 5.5 0.7
v 0.4 5.2 0.7
v 0.4 5.5 0.7
v 0.8 4.3 0.7
v 0.8 4.4 0.7
v 0.8 4.5 0.7
v 0.9 4.3 0.7
v 0.9 4.4 0.7
v 0.9 4.5 0.7
v 0.9 4.6 0.7
v 1 4.4 0.7
v 1 4.5 0.7
v 1 4.6 0.7
v 1 4.7 0.7
v 1.1 3.4 0.7
v 1.1 3.6 0.7
v 1.1 4.5 0.7
v 1.1 4.7 0.7
v 1.1 4.8 0.7
v 1.2 3.6 0.7
v 1.2 3.7 0.7
v 1.2 4.7 0.7
v 1.2 4.8 0.7
v 1.2 5 0.7
v 1.3 3.1 0.7
v 1.3 3.2 0.7
v 1.3 3.4 0.7
v 1.3 3.7 0.7
v 1.3 3.9 0.7
v 1.3 4.8 0.7
v 1.3 4.9 0.7
v 1.3 5 0.7
v 1.3 5.3 0.7
v 1.4 3.7 0.7
v 1.4 3.8 0.7
v 1.4 4.9 0.7
v 1.4 5.2 0.7
v 1.4 5.3 0.7
v 1.5 1.8 0.7
v 1.5 1.9 0.7
v 1.5 2 0.7
v 1.5 2.2 0.7
v 1.5 2.4 0.7
v 1.5 2.7 0.7
v 1.5 3 0.7
v 1.5 3.9 0.7
v 1.5 4 0.7
v 1.6 0.9 0.7
v 1.6 1 0.7
v 1.6 1.8 0.7
v 1.6 1.9 0.7
v 1.6 2.2 0.7
v 1.6 2.4 0.7
v 1.6 2.7 0.7
v 1.6 3 0.7
v 1.6 3.1 0.7
v 1.6 3.8 0.7
v 1.6 3.9 0.7
v 1.7 4 0.7
v 1.7 4.1 0.7
v 1.7 5.2 0.7
v 1.7 5.3 0.7
v 1.8 3.9 0.7
v 1.8 4 0.7
v 1.9 4.1 0.7
v 1.9 4.2 0.7
v 2 1.9 0.7
v 2 2 0.7
v 2 2.1 0.7
v 2 4 0.7
v 2 4.1 0.7
v 2 4.2 0.7
v 2 4.3 0.7
v 2 4.8 0.7
v 2 4.9 0.7
v 2.1 4.1 0.7
v 2.1 4.2 0.7
v 2.1 4.6 0.7
v 2.1 4.8 0.7
v 2.1 4.9 0.7
v 2.2 1.9 0.7
v 2.2 2 0.7
v 2.2 3.1 0.7
v 2.2 3.2 0.7
v 2.2 3.3 0.7
v 2.2 3.4 0.7
v 2.2 3.8 0.7
v 2.2 4 0.7
v 2.2 4.1 0.7
v 2.2 4.2 0.7
v 2.2 4.3 0.7
v 2.2 4.6 0.7
v 2.2 4.7 0.7
v 2.2 4.8 0.7
v 2.3 0 0.7
v 2.3 0.1 0.7
v 2.3 1.8 0.7
v 2.3 1.9 0.7
v 2.3 2 0.7
v 2.3 2.1 0.7
v 2.3 3.3 0.7
v 2.3 3.4 0.7
v 2.3 3.8 0.7
v 2.3 4 0.7
v 2.3 4.1 0.7
v 2.3 4.2 0.7
v 2.3 4.3 0.7
v 2.3 4.6 0.7
v 2.4 0 0.7
v 2.4 0.1 0.7
v 2.4 0.2 0.7
v 2.4 0.3 0.7
v 2.4 0.7 0.7
v 2.4 0.9 0.7
v 2.4 1 0.7
v 2.4 1.6 0.7
v 2.4 1.7 0.7
v 2.4 1.8 0.7
v 2.4 2 0.7
v 2.4 2.1 0.7
v 2.4 2.8 0.7
v 2.4 2.9 0.7
v 2.4 3 0.7
v 2.4 3.1 0.7
v 2.5 0.2 0.7
v 2.5 0.3 0.7
v 2.5 0.7 0.7
v 2.5 0.9 0.7
v 2.5 1.6 0.7
v 2.5 1.7 0.7
v 2.5 2 0.7
v 2.5 2.1 0.7
v 2.5 2.8 0.7
v 2.5 2.9 0.7
v -2.7 0.1 0.6
v -2.7 0.2 0.6
v -2.7 0.5 0.6
v -2.7 0.6 0.6
v -2.7 1.3 0.6
v -2.7 1.8 0.6
v -2.6 0 0.6
v -2.6 0.1 0.6
v -2.6 0.2 0.6
v -2.6 0.5 0.6
v -2.6 0.6 0.6
v -2.6 1.3 0.6
v -2.6 1.7 0.6
v -2.6 1.8 0.6
v -2.6 2.3 0.6
v -2.6 2.8 0.6
v -2.5 0 0.6
v -2.5 0.1 0.6
v -2.5 2.3 0.6
v -2.5 2.8 0.6
v -2.5 2.9 0.6
v -2.5 3 0.6
v -2.4 2.9 0.6
v -2.4 3 0.6
v -2.4 3.3 0.6
v -2.4 4 0.6
v -2.4 4.4 0.6
v -2.4 4.6 0.6
v -2.3 1.9 0.6
v -2.3 2 0.6
v -2.3 3.1 0.6
v -2.3 3.2 0.6
v -2.3 3.3 0.6
v -2.3 3.5 0.6
v -2.3 3.6 0.6
v -2.3 4 0.6
v -2.3 4.4 0.6
v -2.3 4.6 0.6
v -2.2 1.9 0.6
v -2.2 2 0.6
v -2.2 3.1 0.6
v -2.2 3.2 0.6
v -2.2 3.3 0.6
v -2.2 3.5 0.6
v -2.2 3.6 0.6
v -2.1 1.9 0.6
v -2.1 2 0.6
v -1.7 0 0.6
v -1.7 0.1 0.6
v -1.7 0.8 0.6
v -1.7 0.9 0.6
v -1.7 1 0.6
v -1.7 1.7 0.6
v -1.7 1.8 0.6
v -1.6 0 0.6
v -1.6 0.1 0.6
v -1.6 0.7 0.6
v -1.6 0.8 0.6
v -1.6 0.9 0.6
v -1.6 1 0.6
v -1.6 1.1 0.6
v -1.6 1.7 0.6
v -1.6 1.8 0.6
v -1.6 3 0.6
v -1.6 3.1 0.6
v -1.5 0.1 0.6
v -1.5 0.7 0.6
v -1.5 1.1 0.6
v -1.5 1.8 0.6
v -1.5 2 0.6
v -1.5 3 0.6
v -1.5 3.1 0.6
v -1.5 5.4 0.6
v -1.5 5.5 0.6
v -1.4 2 0.6
v -1.4 3 0.6
v -1.4 5.4 0.6
v -1.4 5.5 0.6
v -1.4 5.6 0.6
v -1.3 3.1 0.6
v -1.3 3.2 0.6
v -1.3 3.3 0.6
v -1.3 3.4 0.6
v -1.2 3.1 0.6
v -1.2 3.3 0.6
v -1.2 3.4 0.6
v -1 3.7 0.6
v -1 3.8 0.6
v -0.9 3.7 0.6
v -0.9 3.8 0.6
v -0.8 3.9 0.6
v -0.8 4 0.6
v -0.8 4.3 0.6
v -0.8 4.4 0.6
v -0.7 3.9 0.6
v -0.7 4 0.6
v -0.7 4.3 0.6
v -0.7 4.4 0.6
v -0.6 5.5 0.6
v -0.6 5.6 0.6
v -0.5 4.3 0.6
v -0.5 4.4 0.6
v -0.5 4.6 0.6
v -0.4 4.3 0.6
v -0.4 4.5 0.6
v -0.3 5.5 0.6
v -0.3 5.6 0.6
v -0.2 4.5 0.6
v -0.2 4.6 0.6
v -0.2 4.7 0.6
v 0.2 4.5 0.6
v 0.2 4.6 0.6
v 0.2 4.7 0.6
v 0.3 5.5 0.6
v 0.3 5.6 0.6
v 0.4 4.3 0.6
v 0.4 4.5 0.6
v 0.5 4.3 0.6
v 0.5 4.4 0.6
v 0.5 4.6 0.6
v 0.6 5.5 0.6
v 0.6 5.6 0.6
v 0.7 3.9 0.6
v 0.7 4 0.6
v 0.7 4.3 0.6
v 0.7 4.4 0.6
v 0.8 3.9 0.6
v 0.8 4 0.6
v 0.8 4.3 0.6
v 0.8 4.4 0.6
v 0.9 3.7 0.6
v 0.9 3.8 0.6
v 1 3.7 0.6
v 1 3.8 0.6
v 1.2 3.1 0.6
v 1.2 3.3 0.6
v 1.2 3.4 0.6
v 1.3 3.1 0.6
v 1.3 3.2 0.6
v 1.3 3.3 0.6
v 1.3 3.4 0.6
v 1.4 0.1 0.6
v 1.4 0.7 0.6
v 1.4 1.1 0.6
v 1.4 1.8 0.6
v 1.4 2 0.6
v 1.4 3 0.6
v 1.4 5.4 0.6
v 1.4 5.5 0.6
v 1.4 5.6 0.6
v 1.5 0 0.6
v 1.5 0.1 0.6
v 1.5 0.7 0.6
v 1.5 0.8 0.6
v 1.5 0.9 0.6
v 1.5 1 0.6
v 1.5 1.1 0.6
v 1.5 1.7 0.6
v 1.5 1.8 0.6
v 1.5 2 0.6
v 1.5 3 0.6
v 1.5 3.1 0.6
v 1.5 5.4 0.6
v 1.5 5.5 0.6
v 1.6 0 0.6
v 1.6 0.1 0.6
v 1.6 0.8 0.6
v 1.6 0.9 0.6
v 1.6 1 0.6
v 1.6 1.7 0.6
v 1.6 1.8 0.6
v 1.6 3 0.6
v 1.6 3.1 0.6
v 2 1.9 0.6
v 2 2 0.6
v 2.1 1.9 0.6
v 2.1 2 0.6
v 2.2 1.9 0.6
v 2.2 2 0.6
v 2.2 3.1 0.6
v 2.2 3.2 0.6
v 2.2 3.3 0.6
v 2.2 3.5 0.6
v 2.2 3.6 0.6
v 2.3 3.1 0.6
v 2.3 3.2 0.6
v 2.3 3.3 0.6
v 2.3 3.5 0.6
v 2.3 3.6 0.6
v 2.3 4 0.6
v 2.3 4.4 0.6
v 2.3 4.6 0.6
v 2.4 0 0.6
v 2.4 0.1 0.6
v 2.4 2.9 0.6
v 2.4 3 0.6
v 2.4 3.3 0.6
v 2.4 4 0.6
v 2.4 4.4 0.6
v 2.4 4.6 0.6
v 2.5 0 0.6
v 2.5 0.1 0.6
v 2.5 0.2 0.6
v 2.5 0.5 0.6
v 2.5 0.6 0.6
v 2.5 1.3 0.6
v 2.5 1.7 0.6
v 2.5 1.8 0.6
v 2.5 2.3 0.6
v 2.5 2.8 0.6
v 2.5 2.9 0.6
v 2.5 3 0.6
v 2.6 0.1 0.6
v 2.6 0.2 0.6
v 2.6 0.5 0.6
v 2.6 0.6 0.6
v 2.6 1.3 0.6
v 2.6 1.8 0.6
v 2.6 2.3 0.6
v 2.6 2.8 0.6
v -2.7 0.2 0.5
v -2.7 0.3 0.5
v -2.7 0.6 0.5
v -2.7 0.9 0.5
v -2.7 1.2 0.5
v -2.7 1.3 0.5
v -2.7 1.8 0.5
v -2.7 1.9 0.5
v -2.6 0.2 0.5
v -2.6 0.3 0.5
v -2.6 0.6 0.5
v -2.6 0.8 0.5
v -2.6 1 0.5
v -2.6 1.1 0.5
v -2.6 1.2 0.5
v -2.6 1.3 0.5
v -2.6 1.8 0.5
v -2.6 1.9 0.5
v -2.6 2.8 0.5
v -2.6 2.9 0.5
v -2.5 0.8 0.5
v -2.5 0.9 0.5
v -2.5 1 0.5
v -2.5 1.1 0.5
v -2.5 2.8 0.5
v -2.5 2.9 0.5
v -2.5 3 0.5
v -2.5 3.1 0.5
v -2.4 3 0.5
v -2.4 3.1 0.5
v -2.4 3.2 0.5
v -2.4 3.3 0.5
v -2.4 4 0.5
v -2.4 4.2 0.5
v -2.3 3.2 0.5
v -2.3 3.3 0.5
v -2.3 4 0.5
v -2.3 4.2 0.5
v -2.3 4.3 0.5
v -2.2 4.2 0.5
v -2.2 4.3 0.5
v -1.8 5.1 0.5
v -1.8 5.2 0.5
v -1.7 5.1 0.5
v -1.7 5.2 0.5
v -1.6 0 0.5
v -1.6 0.1 0.5
v -1.6 0.7 0.5
v -1.6 0.9 0.5
v -1.6 1 0.5
v -1.6 1.1 0.5
v -1.5 0 0.5
v -1.5 0.1 0.5
v -1.5 0.7 0.5
v -1.5 0.9 0.5
v -1.5 1 0.5
v -1.5 1.1 0.5
v -1.5 3 0.5
v -1.5 3.1 0.5
v -1.4 3 0.5
v -1.4 3.1 0.5
v -1.1 3.5 0.5
v -1.1 3.6 0.5
v -1 3.5 0.5
v -1 3.6 0.5
v -0.8 4.1 0.5
v -0.8 4.2 0.5
v -0.7 4.1 0.5
v -0.7 4.2 0.5
v 0.7 4.1 0.5
v 0.7 4.2 0.5
v 0.8 4.1 0.5
v 0.8 4.2 0.5
v 1 3.5 0.5
v 1 3.6 0.5
v 1.1 3.5 0.5
v 1.1 3.6 0.5
v 1.4 0 0.5
v 1.4 0.1 0.5
v 1.4 0.7 0.5
v 1.4 0.9 0.5
v 1.4 1 0.5
v 1.4 1.1 0.5
v 1.4 3 0.5
v 1.4 3.1 0.5
v 1.5 0 0.5
v 1.5 0.1 0.5
v 1.5 0.7 0.5
v 1.5 0.9 0.5
v 1.5 1 0.5
v 1.5 1.1 0.5
v 1.5 3 0.5
v 1.5 3.1 0.5
v 1.7 5.1 0.5
v 1.7 5.2 0.5
v 1.8 5.1 0.5
v 1.8 5.2 0.5
v 2 4.9 0.5
v 2 5 0.5
v 2.1 4.8 0.5
v 2.1 4.9 0.5
v 2.1 5 0.5
v 2.2 4.2 0.5
v 2.2 4.3 0.5
v 2.2 4.7 0.5
v 2.2 4.8 0.5
v 2.2 4.9 0.5
v 2.3 3.2 0.5
v 2.3 3.3 0.5
v 2.3 4 0.5
v 2.3 4.2 0.5
v 2.3 4.3 0.5
v 2.3 4.6 0.5
v 2.3 4.7 0.5
v 2.3 4.8 0.5
v 2.4 0.8 0.5
v 2.4 0.9 0.5
v 2.4 1 0.5
v 2.4 1.1 0.5
v 2.4 3 0.5
v 2.4 3.1 0.5
v 2.4 3.2 0.5
v 2.4 3.3 0.5
v 2.4 4 0.5
v 2.4 4.2 0.5
v 2.4 4.6 0.5
v 2.4 4.7 0.5
v 2.5 0.2 0.5
v 2.5 0.3 0.5
v 2.5 0.6 0.5
v 2.5 0.8 0.5
v 2.5 1 0.5
v 2.5 1.1 0.5
v 2.5 1.2 0.5
v 2.5 1.3 0.5
v 2.5 1.8 0.5
v 2.5 1.9 0.5
v 2.5 2.8 0.5
v 2.5 2.9 0.5
v 2.5 3 0.5
v 2.5 3.1 0.5
v 2.6 0.2 0.5
v 2.6 0.3 0.5
v 2.6 0.6 0.5
v 2.6 0.9 0.5
v 2.6 1.2 0.5
v 2.6 1.3 0.5
v 2.6 1.8 0.5
v 2.6 1.9 0.5
v 2.6 2.8 0.5
v 2.6 2.9 0.5
v -2.7 0 0.4
v -2.7 0.1 0.4
v -2.7 0.3 0.4
v -2.7 0.5 0.4
v -2.7 1 0.4
v -2.7 1.2 0.4
v -2.6 0 0.4
v -2.6 0.1 0.4
v -2.6 0.3 0.4
v -2.6 0.5 0.4
v -2.6 0.9 0.4
v -2.6 1 0.4
v -2.6 1.2 0.4
v -2.6 2.1 0.4
v -2.6 2.3 0.4
v -2.6 2.9 0.4
v -2.6 3 0.4
v -2.5 0.9 0.4
v -2.5 1 0.4
v -2.5 2.1 0.4
v -2.5 2.3 0.4
v -2.5 2.9 0.4
v -2.5 3 0.4
v -2.3 4.3 0.4
v -2.3 4.4 0.4
v -2.2 4.3 0.4
v -2.2 4.4 0.4
v -1.5 0.1 0.4
v -1.5 0.4 0.4
v -1.5 5.3 0.4
v -1.5 5.4 0.4
v -1.4 0.1 0.4
v -1.4 0.4 0.4
v -1.4 2.7 0.4
v -1.4 3 0.4
v -1.4 3.1 0.4
v -1.4 5.3 0.4
v -1.4 5.4 0.4
v -1.3 2.7 0.4
v -1.3 3 0.4
v -1.3 3.1 0.4
v -1.2 3.2 0.4
v -1.2 3.3 0.4
v -1.2 3.4 0.4
v -1.2 3.5 0.4
v -1.1 3.2 0.4
v -1.1 3.3 0.4
v -1 3.4 0.4
v -1 3.5 0.4
v -1 3.8 0.4
v -1 3.9 0.4
v -0.9 3.8 0.4
v -0.9 3.9 0.4
v -0.8 4 0.4
v -0.8 4.1 0.4
v -0.8 4.2 0.4
v -0.8 4.3 0.4
v -0.7 4 0.4
v -0.7 4.1 0.4
v -0.7 4.2 0.4
v -0.7 4.3 0.4
v -0.7 4.4 0.4
v -0.6 4.1 0.4
v -0.6 4.3 0.4
v -0.6 4.4 0.4
v -0.5 4.1 0.4
v -0.5 4.2 0.4
v -0.5 4.3 0.4
v -0.4 4.2 0.4
v -0.4 4.3 0.4
v -0.4 4.5 0.4
v -0.3 4.3 0.4
v -0.3 4.4 0.4
v -0.2 4.4 0.4
v -0.2 4.5 0.4
v -0.2 4.6 0.4
v 0.2 4.4 0.4
v 0.2 4.5 0.4
v 0.2 4.6 0.4
v 0.3 4.3 0.4
v 0.3 4.4 0.4
v 0.4 4.2 0.4
v 0.4 4.3 0.4
v 0.4 4.5 0.4
v 0.5 4.1 0.4
v 0.5 4.2 0.4
v 0.5 4.3 0.4
v 0.6 4.1 0.4
v 0.6 4.3 0.4
v 0.6 4.4 0.4
v 0.7 4 0.4
v 0.7 4.1 0.4
v 0.7 4.2 0.4
v 0.7 4.3 0.4
v 0.7 4.4 0.4
v 0.8 4 0.4
v 0.8 4.1 0.4
v 0.8 4.2 0.4
v 0.8 4.3 0.4
v 0.9 3.8 0.4
v 0.9 3.9 0.4
v 1 3.4 0.4
v 1 3.5 0.4
v 1 3.8 0.4
v 1 3.9 0.4
v 1.1 3.2 0.4
v 1.1 3.3 0.4
v 1.2 3.2 0.4
v 1.2 3.3 0.4
v 1.2 3.4 0.4
v 1.2 3.5 0.4
v 1.3 0.1 0.4
v 1.3 0.4 0.4
v 1.3 2.7 0.4
v 1.3 3 0.4
v 1.3 3.1 0.4
v 1.4 0.1 0.4
v 1.4 0.4 0.4
v 1.4 2.7 0.4
v 1.4 3 0.4
v 1.4 3.1 0.4
v 1.4 5.3 0.4
v 1.4 5.4 0.4
v 1.5 5.3 0.4
v 1.5 5.4 0.4
v 1.6 5.3 0.4
v 1.6 5.4 0.4
v 1.7 5.2 0.4
v 1.7 5.3 0.4
v 1.7 5.4 0.4
v 1.8 5.1 0.4
v 1.8 5.2 0.4
v 1.8 5.3 0.4
v 1.9 5 0.4
v 1.9 5.1 0.4
v 1.9 5.2 0.4
v 2 5 0.4
v 2 5.1 0.4
v 2.2 4.3 0.4
v 2.2 4.4 0.4
v 2.3 4.3 0.4
v 2.3 4.4 0.4
v 2.4 0.9 0.4
v 2.4 1 0.4
v 2.5 0 0.4
v 2.5 0.1 0.4
v 2.5 0.3 0.4
v 2.5 0.5 0.4
v 2.5 0.9 0.4
v 2.5 1 0.4
v 2.5 1.2 0.4
v 2.5 2.1 0.4
v 2.5 2.3 0.4
v 2.5 2.9 0.4
v 2.5 3 0.4
v 2.6 0 0.4
v 2.6 0.1 0.4
v 2.6 0.3 0.4
v 2.6 0.5 0.4
v 2.6 1 0.4
v 2.6 1.2 0.4
v 2.6 2.1 0.4
v 2.6 2.3 0.4
v 2.6 2.9 0.4
v 2.6 3 0.4
v -2.6 2 0.3
v -2.6 2.1 0.3
v -2.5 2 0.3
v -2.5 2.1 0.3
v -2.4 3.1 0.3
v -2.4 3.2 0.3
v -2.4 4.2 0.3
v -2.4 4.3 0.3
v -2.3 3.1 0.3
v -2.3 3.2 0.3
v -2.3 4.2 0.3
v -2.3 4.3 0.3
v -1.6 0.9 0.3
v -1.6 1 0.3
v -1.6 1.8 0.3
v -1.6 1.9 0.3
v -1.6 2 0.3
v -1.5 0 0.3
v -1.5 0.1 0.3
v -1.5 0.4 0.3
v -1.5 0.7 0.3
v -1.5 0.9 0.3
v -1.5 1 0.3
v -1.5 1.3 0.3
v -1.5 1.5 0.3
v -1.5 1.8 0.3
v -1.5 1.9 0.3
v -1.5 2 0.3
v -1.5 5.4 0.3
v -1.5 5.5 0.3
v -1.4 0 0.3
v -1.4 0.1 0.3
v -1.4 0.4 0.3
v -1.4 0.7 0.3
v -1.4 1 0.3
v -1.4 1.3 0.3
v -1.4 1.5 0.3
v -1.4 1.8 0.3
v -1.4 2 0.3
v -1.4 2.1 0.3
v -1.4 2.3 0.3
v -1.4 2.6 0.3
v -1.4 5.4 0.3
v -1.4 5.5 0.3
v -1.3 2 0.3
v -1.3 2.1 0.3
v -1.3 2.3 0.3
v -1.3 2.6 0.3
v -1.2 3.1 0.3
v -1.2 3.2 0.3
v -1.2 3.3 0.3
v -1.2 3.4 0.3
v -1.1 3.1 0.3
v -1.1 3.2 0.3
v -1.1 3.3 0.3
v -1.1 3.4 0.3
v -0.9 3.8 0.3
v -0.9 3.9 0.3
v -0.8 3.8 0.3
v -0.8 3.9 0.3
v -0.8 4 0.3
v -0.7 3.9 0.3
v -0.7 4 0.3
v -0.7 4.1 0.3
v -0.7 4.3 0.3
v -0.6 4 0.3
v -0.6 4.1 0.3
v -0.6 4.3 0.3
v -0.2 4.4 0.3
v -0.2 4.5 0.3
v -0.0999999 4.4 0.3
v -0.0999999 4.5 0.3
v 0.1 4.4 0.3
v 0.1 4.5 0.3
v 0.2 4.4 0.3
v 0.2 4.5 0.3
v 0.6 4 0.3
v 0.6 4.1 0.3
v 0.6 4.3 0.3
v 0.7 3.9 0.3
v 0.7 4 0.3
v 0.7 4.1 0.3
v 0.7 4.3 0.3
v 0.8 3.8 0.3
v 0.8 3.9 0.3
v 0.8 4 0.3
v 0.9 3.8 0.3
v 0.9 3.9 0.3
v 1.1 3.1 0.3
v 1.1 3.2 0.3
v 1.1 3.3 0.3
v 1.1 3.4 0.3
v 1.2 3.1 0.3
v 1.2 3.2 0.3
v 1.2 3.3 0.3
v 1.2 3.4 0.3
v 1.3 0 0.3
v 1.3 0.1 0.3
v 1.3 0.4 0.3
v 1.3 0.7 0.3
v 1.3 1 0.3
v 1.3 1.3 0.3
v 1.3 1.5 0.3
v 1.3 1.8 0.3
v 1.3 2 0.3
v 1.3 2.1 0.3
v 1.3 2.3 0.3
v 1.3 2.6 0.3
v 1.4 0 0.3
v 1.4 0.1 0.3
v 1.4 0.4 0.3
v 1.4 0.7 0.3
v 1.4 0.9 0.3
v 1.4 1 0.3
v 1.4 1.3 0.3
v 1.4 1.5 0.3
v 1.4 1.8 0.3
v 1.4 1.9 0.3
v 1.4 2 0.3
v 1.4 2.1 0.3
v 1.4 2.3 0.3
v 1.4 2.6 0.3
v 1.4 5.4 0.3
v 1.4 5.6 0.3
v 1.5 0.9 0.3
v 1.5 1 0.3
v 1.5 1.8 0.3
v 1.5 1.9 0.3
v 1.5 2 0.3
v 1.5 5.4 0.3
v 1.5 5.6 0.3
v 2.3 3.1 0.3
v 2.3 3.2 0.3
v 2.3 4.2 0.3
v 2.3 4.3 0.3
v 2.4 3.1 0.3
v 2.4 3.2 0.3
v 2.4 4.2 0.3
v 2.4 4.3 0.3
v 2.5 2 0.3
v 2.5 2.1 0.3
v 2.6 2 0.3
v 2.6 2.1 0.3
v -1.5 0.9 0.2
v -1.5 1 0.2
v -1.5 1.3 0.2
v -1.5 1.5 0.2
v -1.5 1.8 0.2
v -1.5 1.9 0.2
v -1.4 0.9 0.2
v -1.4 1 0.2
v -1.4 1.3 0.2
v -1.4 1.5 0.2
v -1.4 1.8 0.2
v -1.4 1.9 0.2
v -1.4 2.1 0.2
v -1.4 2.3 0.2
v -1.4 2.6 0.2
v -1.4 2.7 0.2
v -1.3 2.1 0.2
v -1.3 2.3 0.2
v -1.3 2.6 0.2
v -1.3 2.7 0.2
v -1 3.6 0.2
v -1 3.7 0.2
v -0.9 3.6 0.2
v -0.9 3.7 0.2
v -0.9 3.8 0.2
v -0.8 3.7 0.2
v -0.8 3.8 0.2
v -0.6 5.5 0.2
v -0.6 5.6 0.2
v -0.5 5.5 0.2
v -0.5 5.6 0.2
v 0.5 5.5 0.2
v 0.5 5.6 0.2
v 0.6 5.5 0.2
v 0.6 5.6 0.2
v 0.8 3.7 0.2
v 0.8 3.8 0.2
v 0.9 3.6 0.2
v 0.9 3.7 0.2
v 0.9 3.8 0.2
v 1 3.6 0.2
v 1 3.7 0.2
v 1.3 0.9 0.2
v 1.3 1 0.2
v 1.3 1.3 0.2
v 1.3 1.5 0.2
v 1.3 1.8 0.2
v 1.3 1.9 0.2
v 1.3 2.1 0.2
v 1.3 2.3 0.2
v 1.3 2.6 0.2
v 1.3 2.7 0.2
v 1.4 0.9 0.2
v 1.4 1 0.2
v 1.4 1.3 0.2
v 1.4 1.5 0.2
v 1.4 1.8 0.2
v 1.4 1.9 0.2
v 1.4 2.1 0.2
v 1.4 2.3 0.2
v 1.4 2.6 0.2
v 1.4 2.7 0.2
v -0.8 3.8 0.1
v -0.8 3.9 0.1
v -0.7 3.8 0.1
v -0.7 3.9 0.1
v 0.7 3.8 0.1
v 0.7 3.9 0.1
v 0.8 3.8 0.1
v 0.8 3.9 0.1
v 1.7 5.2 0.1
v 1.7 5.3 0.1
v 1.8 5.2 0.1
v 1.8 5.3 0.1
v 1.8 5.2 -5.96046e-08
v 1.8 5.3 -5.96046e-08
v 1.9 5.1 -5.96046e-08
v 1.9 5.2 -5.96046e-08
v 1.9 5.3 -5.96046e-08
v 2 5.1 -5.96046e-08
v 2 5.2 -5.96046e-08
v 1.7 5.3 -0.1
v 1.7 5.4 -0.1
v 1.8 5.3 -0.1
v 1.8 5.4 -0.1
v -1.5 5.4 -0.2
v -1.5 5.5 -0.2
v -1.4 5.4 -0.2
v -1.4 5.5 -0.2
v 1.4 5.4 -0.2
v 1.4 5.5 -0.2
v 1.5 5.4 -0.2
v 1.5 5.5 -0.2
v 1.7 5.2 -0.2
v 1.7 5.3 -0.2
v 1.8 5.2 -0.2
v 1.8 5.3 -0.2
v -2.4 4.4 -0.3
v -2.4 4.5 -0.3
v -2.3 4.4 -0.3
v -2.3 4.5 -0.3
v 2.3 4.4 -0.3
v 2.3 4.5 -0.3
v 2.4 4.4 -0.3
v 2.4 4.5 -0.3
v -1.5 5.4 -0.4
v -1.5 5.5 -0.4
v -1.4 5.4 -0.4
v -1.4 5.5 -0.4
v 1.4 5.4 -0.4
v 1.4 5.5 -0.4
v 1.5 5.4 -0.4
v 1.5 5.5 -0.4
v 1.5 5.6 -0.4
v 1.6 5.4 -0.4
v 1.6 5.6 -0.4
v 1.9 5 -0.4
v 1.9 5.1 -0.4
v 2 5 -0.4
v 2 5.1 -0.4
v -2.3 4.3 -0.5
v -2.3 4.4 -0.5
v -2.2 4.3 -0.5
v -2.2 4.4 -0.5
v -1.2 3.4 -0.5
v -1.2 3.5 -0.5
v -1.1 3.4 -0.5
v -1.1 3.5 -0.5
v -0.8 3.9 -0.5
v -0.8 4 -0.5
v -0.7 3.9 -0.5
v -0.7 4 -0.5
v -0.7 4.3 -0.5
v -0.7 4.4 -0.5
v -0.6 4.3 -0.5
v -0.6 4.4 -0.5
v 0.6 4.3 -0.5
v 0.6 4.4 -0.5
v 0.7 3.9 -0.5
v 0.7 4 -0.5
v 0.7 4.3 -0.5
v 0.7 4.4 -0.5
v 0.8 3.9 -0.5
v 0.8 4 -0.5
v 1.1 3.4 -0.5
v 1.1 3.5 -0.5
v 1.2 3.4 -0.5
v 1.2 3.5 -0.5
v 2.2 4.3 -0.5
v 2.2 4.4 -0.5
v 2.3 4.3 -0.5
v 2.3 4.4 -0.5
v -2.6 0.8 -0.6
v -2.6 0.9 -0.6
v -2.5 0.8 -0.6
v -2.5 0.9 -0.6
v -1.7 5.2 -0.6
v -1.7 5.3 -0.6
v -1.6 5.2 -0.6
v -1.6 5.3 -0.6
v -1 3.8 -0.6
v -1 3.9 -0.6
v -0.9 3.8 -0.6
v -0.9 3.9 -0.6
v 0.9 3.8 -0.6
v 0.9 3.9 -0.6
v 1 3.8 -0.6
v 1 3.9 -0.6
v 1.6 5.2 -0.6
v 1.6 5.3 -0.6
v 1.7 5.2 -0.6
v 1.7 5.3 -0.6
v 2.4 0.8 -0.6
v 2.4 0.9 -0.6
v 2.5 0.8 -0.6
v 2.5 0.9 -0.6
v -2.3 3.5 -0.7
v -2.3 3.6 -0.7
v -2.2 3.5 -0.7
v -2.2 3.6 -0.7
v -1 3.6 -0.7
v -1 3.8 -0.7
v -0.9 3.6 -0.7
v -0.9 3.8 -0.7
v -0.9 3.9 -0.7
v -0.8 3.8 -0.7
v -0.8 3.9 -0.7
v 0.8 3.8 -0.7
v 0.8 3.9 -0.7
v 0.9 3.6 -0.7
v 0.9 3.8 -0.7
v 0.9 3.9 -0.7
v 1 3.6 -0.7
v 1 3.8 -0.7
v 2.2 3.5 -0.7
v 2.2 3.6 -0.7
v 2.3 3.5 -0.7
v 2.3 3.6 -0.7
v -2.3 3.5 0.7
v -2.3 3.6 0.7
v -2.2 3.5 0.7
v -2.2 3.6 0.7
v -1 3.6 0.7
v -1 3.8 0.7
v -0.9 3.6 0.7
v -0.9 3.8 0.7
v -0.9 3.9 0.7
v -0.8 3.8 0.7
v -0.8 3.9 0.7
v 0.8 3.8 0.7
v 0.8 3.9 0.7
v 0.9 3.6 0.7
v 0.9 3.8 0.7
v 0.9 3.9 0.7
v 1 3.6 0.7
v 1 3.8 0.7
v 2.2 3.5 0.7
v 2.2 3.6 0.7
v 2.3 3.5 0.7
v 2.3 3.6 0.7
v -2.6 0.8 0.6
v -2.6 0.9 0.6
v -2.5 0.8 0.6
v -2.5 0.9 0.6
v -1.7 5.2 0.6
v -1.7 5.3 0.6
v -1.6 5.2 0.6
v -1.6 5.3 0.6
v -1 3.8 0.6
v -1 3.9 0.6
v -0.9 3.8 0.6
v -0.9 3.9 0.6
v 0.9 3.8 0.6
v 0.9 3.9 0.6
v 1 3.8 0.6
v 1 3.9 0.6
v 1.6 5.2 0.6
v 1.6 5.3 0.6
v 1.7 5.2 0.6
v 1.7 5.3 0.6
v 2.4 0.8 0.6
v 2.4 0.9 0.6
v 2.5 0.8 0.6
v 2.5 0.9 0.6
v -2.3 4.3 0.5
v -2.3 4.4 0.5
v -2.2 4.3 0.5
v -2.2 4.4 0.5
v -1.2 3.4 0.5
v -1.2 3.5 0.5
v -1.1 3.4 0.5
v -1.1 3.5 0.5
v -0.8 3.9 0.5
v -0.8 4 0.5
v -0.7 3.9 0.5
v -0.7 4 0.5
v -0.7 4.3 0.5
v -0.7 4.4 0.5
v -0.6 4.3 0.5
v -0.6 4.4 0.5
v 0.6 4.3 0.5
v 0.6 4.4 0.5
v 0.7 3.9 0.5
v 0.7 4 0.5
v 0.7 4.3 0.5
v 0.7 4.4 0.5
v 0.8 3.9 0.5
v 0.8 4 0.5
v 1.1 3.4 0.5
v 1.1 3.5 0.5
v 1.2 3.4 0.5
v 1.2 3.5 0.5
v 2.2 4.3 0.5
v 2.2 4.4 0.5
v 2.3 4.3 0.5
v 2.3 4.4 0.5
v -1.5 5.4 0.4
v -1.5 5.5 0.4
v -1.4 5.4 0.4
v -1.4 5.5 0.4
v 1.4 5.4 0.4
v 1.4 5.5 0.4
v 1.5 5.4 0.4
v 1.5 5.5 0.4
v -2.4 4.4 0.3
v -2.4 4.5 0.3
v -2.3 4.4 0.3
v -2.3 4.5 0.3
v 2.3 4.4 0.3
v 2.3 4.5 0.3
v 2.4 4.4 0.3
v 2.4 4.5 0.3
v -1.5 5.4 0.2
v -1.5 5.5 0.2
v -1.4 5.4 0.2
v -1.4 5.5 0.2
v 1.4 5.4 0.2
v 1.4 5.5 0.2
v 1.5 5.4 0.2
v 1.5 5.5 0.2
v 1.7 5.2 0.2
v 1.7 5.3 0.2
v 1.8 5.2 0.2
v 1.8 5.3 0.2
v -0.8 3.8 -0.1
v -0.8 3.9 -0.1
v -0.7 3.8 -0.1
v -0.7 3.9 -0.1
v 0.7 3.8 -0.1
v 0.7 3.9 -0.1
v 0.8 3.8 -0.1
v 0.8 3.9 -0.1
v 1.7 5.2 -0.1
v 1.7 5.3 -0.1
v 1.8 5.2 -0.1
v 1.8 5.3 -0.1
v 1.9 5 -0.1
v 1.9 5.1 -0.1
v 2 4.9 -0.1
v 2 5 -0.1
v 2 5.1 -0.1
v 2.1 4.8 -0.1
v 2.1 4.9 -0.1
v 2.1 5 -0.1
v 2.2 4.7 -0.1
v 2.2 4.8 -0.1
v 2.2 4.9 -0.1
v 2.3 4.6 -0.1
v 2.3 4.7 -0.1
v 2.3 4.8 -0.1
v 2.4 4.6 -0.1
v 2.4 4.7 -0.1
v -1.5 0.9 -0.2
v -1.5 1 -0.2
v -1.5 1.3 -0.2
v -1.5 1.5 -0.2
v -1.5 1.8 -0.2
v -1.5 1.9 -0.2
v -1.4 0.9 -0.2
v -1.4 1 -0.2
v -1.4 1.3 -0.2
v -1.4 1.5 -0.2
v -1.4 1.8 -0.2
v -1.4 1.9 -0.2
v -1.4 2.1 -0.2
v -1.4 2.3 -0.2
v -1.4 2.6 -0.2
v -1.4 2.7 -0.2
v -1.3 2.1 -0.2
v -1.3 2.3 -0.2
v -1.3 2.6 -0.2
v -1.3 2.7 -0.2
v -1 3.6 -0.2
v -1 3.7 -0.2
v -0.9 3.6 -0.2
v -0.9 3.7 -0.2
v -0.9 3.8 -0.2
v -0.8 3.7 -0.2
v -0.8 3.8 -0.2
v -0.6 5.5 -0.2
v -0.6 5.6 -0.2
v -0.5 5.5 -0.2
v -0.5 5.6 -0.2
v 0.5 5.5 -0.2
v 0.5 5.6 -0.2
v 0.6 5.5 -0.2
v 0.6 5.6 -0.2
v 0.8 3.7 -0.2
v 0.8 3.8 -0.2
v 0.9 3.6 -0.2
v 0.9 3.7 -0.2
v 0.9 3.8 -0.2
v 1 3.6 -0.2
v 1 3.7 -0.2
v 1.3 0.9 -0.2
v 1.3 1 -0.2
v 1.3 1.3 -0.2
v 1.3 1.5 -0.2
v 1.3 1.8 -0.2
v 1.3 1.9 -0.2
v 1.3 2.1 -0.2
v 1.3 2.3 -0.2
v 1.3 2.6 -0.2
v 1.3 2.7 -0.2
v 1.4 0.9 -0.2
v 1.4 1 -0.2
v 1.4 1.3 -0.2
v 1.4 1.5 -0.2
v 1.4 1.8 -0.2
v 1.4 1.9 -0.2
v 1.4 2.1 -0.2
v 1.4 2.3 -0.2
v 1.4 2.6 -0.2
v 1.4 2.7 -0.2
v -2.6 2 -0.3
v -2.6 2.1 -0.3
v -2.5 2 -0.3
v -2.5 2.1 -0.3
v -2.4 3.1 -0.3
v -2.4 3.2 -0.3
v -2.4 4.2 -0.3
v -2.4 4.3 -0.3
v -2.3 3.1 -0.3
v -2.3 3.2 -0.3
v -2.3 4.2 -0.3
v -2.3 4.3 -0.3
v -1.6 0.9 -0.3
v -1.6 1 -0.3
v -1.6 1.8 -0.3
v -1.6 1.9 -0.3
v -1.6 2 -0.3
v -1.5 0 -0.3
v -1.5 0.1 -0.3
v -1.5 0.4 -0.3
v -1.5 0.7 -0.3
v -1.5 0.9 -0.3
v -1.5 1 -0.3
v -1.5 1.3 -0.3
v -1.5 1.5 -0.3
v -1.5 1.8 -0.3
v -1.5 1.9 -0.3
v -1.5 2 -0.3
v -1.5 5.4 -0.3
v -1.5 5.5 -0.3
v -1.4 0 -0.3
v -1.4 0.1 -0.3
v -1.4 0.4 -0.3
v -1.4 0.7 -0.3
v -1.4 1 -0.3
v -1.4 1.3 -0.3
v -1.4 1.5 -0.3
v -1.4 1.8 -0.3
v -1.4 2 -0.3
v -1.4 2.1 -0.3
v -1.4 2.3 -0.3
v -1.4 2.6 -0.3
v -1.4 5.4 -0.3
v -1.4 5.5 -0.3
v -1.3 2 -0.3
v -1.3 2.1 -0.3
v -1.3 2.3 -0.3
v -1.3 2.6 -0.3
v -1.2 3.1 -0.3
v -1.2 3.2 -0.3
v -1.2 3.3 -0.3
v -1.2 3.4 -0.3
v -1.1 3.1 -0.3
v -1.1 3.2 -0.3
v -1.1 3.3 -0.3
v -1.1 3.4 -0.3
v -0.9 3.8 -0.3
v -0.9 3.9 -0.3
v -0.8 3.8 -0.3
v -0.8 3.9 -0.3
v -0.8 4 -0.3
v -0.7 3.9 -0.3
v -0.7 4 -0.3
v -0.7 4.1 -0.3
v -0.7 4.3 -0.3
v -0.6 4 -0.3
v -0.6 4.1 -0.3
v -0.6 4.3 -0.3
v -0.2 4.4 -0.3
v -0.2 4.5 -0.3
v -0.0999999 4.4 -0.3
v -0.0999999 4.5 -0.3
v 0.1 4.4 -0.3
v 0.1 4.5 -0.3
v 0.2 4.4 -0.3
v 0.2 4.5 -0.3
v 0.6 4 -0.3
v 0.6 4.1 -0.3
v 0.6 4.3 -0.3
v 0.7 3.9 -0.3
v 0.7 4 -0.3
v 0.7 4.1 -0.3
v 0.7 4.3 -0.3
v 0.8 3.8 -0.3
v 0.8 3.9 -0.3
v 0.8 4 -0.3
v 0.9 3.8 -0.3
v 0.9 3.9 -0.3
v 1.1 3.1 -0.3
v 1.1 3.2 -0.3
v 1.1 3.3 -0.3
v 1.1 3.4 -0.3
v 1.2 3.1 -0.3
v 1.2 3.2 -0.3
v 1.2 3.3 -0.3
v 1.2 3.4 -0.3
v 1.3 0 -0.3
v 1.3 0.1 -0.3
v 1.3 0.4 -0.3
v 1.3 0.7 -0.3
v 1.3 1 -0.3
v 1.3 1.3 -0.3
v 1.3 1.5 -0.3
v 1.3 1.8 -0.3
v 1.3 2 -0.3
v 1.3 2.1 -0.3
v 1.3 2.3 -0.3
v 1.3 2.6 -0.3
v 1.4 0 -0.3
v 1.4 0.1 -0.3
v 1.4 0.4 -0.3
v 1.4 0.7 -0.3
v 1.4 0.9 -0.3
v 1.4 1 -0.3
v 1.4 1.3 -0.3
v 1.4 1.5 -0.3
v 1.4 1.8 -0.3
v 1.4 1.9 -0.3
v 1.4 2 -0.3
v 1.4 2.1 -0.3
v 1.4 2.3 -0.3
v 1.4 2.6 -0.3
v 1.4 5.4 -0.3
v 1.4 5.6 -0.3
v 1.5 0.9 -0.3
v 1.5 1 -0.3
v 1.5 1.8 -0.3
v 1.5 1.9 -0.3
v 1.5 2 -0.3
v 1.5 5.4 -0.3
v 1.5 5.6 -0.3
v 2.3 3.1 -0.3
v 2.3 3.2 -0.3
v 2.3 4.2 -0.3
v 2.3 4.3 -0.3
v 2.4 3.1 -0.3
v 2.4 3.2 -0.3
v 2.4 4.2 -0.3
v 2.4 4.3 -0.3
v 2.5 2 -0.3
v 2.5 2.1 -0.3
v 2.6 2 -0.3
v 2.6 2.1 -0.3
v -2.7 0 -0.4
v -2.7 0.1 -0.4
v -2.7 0.3 -0.4
v -2.7 0.5 -0.4
v -2.7 1 -0.4
v -2.7 1.2 -0.4
v -2.6 0 -0.4
v -2.6 0.1 -0.4
v -2.6 0.3 -0.4
v -2.6 0.5 -0.4
v -2.6 0.9 -0.4
v -2.6 1 -0.4
v -2.6 1.2 -0.4
v -2.6 2.1 -0.4
v -2.6 2.3 -0.4
v -2.6 2.9 -0.4
v -2.6 3 -0.4
v -2.5 0.9 -0.4
v -2.5 1 -0.4
v -2.5 2.1 -0.4
v -2.5 2.3 -0.4
v -2.5 2.9 -0.4
v -2.5 3 -0.4
v -2.3 4.3 -0.4
v -2.3 4.4 -0.4
v -2.2 4.3 -0.4
v -2.2 4.4 -0.4
v -1.5 0.1 -0.4
v -1.5 0.4 -0.4
v -1.5 5.3 -0.4
v -1.5 5.4 -0.4
v -1.4 0.1 -0.4
v -1.4 0.4 -0.4
v -1.4 2.7 -0.4
v -1.4 3 -0.4
v -1.4 3.1 -0.4
v -1.4 5.3 -0.4
v -1.4 5.4 -0.4
v -1.3 2.7 -0.4
v -1.3 3 -0.4
v -1.3 3.1 -0.4
v -1.2 3.2 -0.4
v -1.2 3.3 -0.4
v -1.2 3.4 -0.4
v -1.2 3.5 -0.4
v -1.1 3.2 -0.4
v -1.1 3.3 -0.4
v -1 3.4 -0.4
v -1 3.5 -0.4
v -1 3.8 -0.4
v -1 3.9 -0.4
v -0.9 3.8 -0.4
v -0.9 3.9 -0.4
v -0.8 4 -0.4
v -0.8 4.1 -0.4
v -0.8 4.2 -0.4
v -0.8 4.3 -0.4
v -0.7 4 -0.4
v -0.7 4.1 -0.4
v -0.7 4.2 -0.4
v -0.7 4.3 -0.4
v -0.7 4.4 -0.4
v -0.6 4.1 -0.4
v -0.6 4.3 -0.4
v -0.6 4.4 -0.4
v -0.5 4.1 -0.4
v -0.5 4.2 -0.4
v -0.5 4.3 -0.4
v -0.4 4.2 -0.4
v -0.4 4.3 -0.4
v -0.4 4.5 -0.4
v -0.3 4.3 -0.4
v -0.3 4.4 -0.4
v -0.2 4.4 -0.4
v -0.2 4.5 -0.4
v -0.2 4.6 -0.4
v 0.2 4.4 -0.4
v 0.2 4.5 -0.4
v 0.2 4.6 -0.4
v 0.3 4.3 -0.4
v 0.3 4.4 -0.4
v 0.4 4.2 -0.4
v 0.4 4.3 -0.4
v 0.4 4.5 -0.4
v 0.5 4.1 -0.4
v 0.5 4.2 -0.4
v 0.5 4.3 -0.4
v 0.6 4.1 -0.4
v 0.6 4.3 -0.4
v 0.6 4.4 -0.4
v 0.7 4 -0.4
v 0.7 4.1 -0.4
v 0.7 4.2 -0.4
v 0.7 4.3 -0.4
v 0.7 4.4 -0.4
v 0.8 4 -0.4
v 0.8 4.1 -0.4
v 0.8 4.2 -0.4
v 0.8 4.3 -0.4
v 0.9 3.8 -0.4
v 0.9 3.9 -0.4
v 1 3.4 -0.4
v 1 3.5 -0.4
v 1 3.8 -0.4
v 1 3.9 -0.4
v 1.1 3.2 -0.4
v 1.1 3.3 -0.4
v 1.2 3.2 -0.4
v 1.2 3.3 -0.4
v 1.2 3.4 -0.4
v 1.2 3.5 -0.4
v 1.3 0.1 -0.4
v 1.3 0.4 -0.4
v 1.3 2.7 -0.4
v 1.3 3 -0.4
v 1.3 3.1 -0.4
v 1.4 0.1 -0.4
v 1.4 0.4 -0.4
v 1.4 2.7 -0.4
v 1.4 3 -0.4
v 1.4 3.1 -0.4
v 1.4 5.3 -0.4
v 1.4 5.4 -0.4
v 1.5 5.3 -0.4
v 1.5 5.4 -0.4
v 1.8 5.2 -0.4
v 1.8 5.3 -0.4
v 1.9 5.1 -0.4
v 1.9 5.2 -0.4
v 1.9 5.3 -0.4
v 2 5.1 -0.4
v 2 5.2 -0.4
v 2.2 4.3 -0.4
v 2.2 4.4 -0.4
v 2.3 4.3 -0.4
v 2.3 4.4 -0.4
v 2.4 0.9 -0.4
v 2.4 1 -0.4
v 2.5 0 -0.4
v 2.5 0.1 -0.4
v 2.5 0.3 -0.4
v 2.5 0.5 -0.4
v 2.5 0.9 -0.4
v 2.5 1 -0.4
v 2.5 1.2 -0.4
v 2.5 2.1 -0.4
v 2.5 2.3 -0.4
v 2.5 2.9 -0.4
v 2.5 3 -0.4
v 2.6 0 -0.4
v 2.6 0.1 -0.4
v 2.6 0.3 -0.4
v 2.6 0.5 -0.4
v 2.6 1 -0.4
v 2.6 1.2 -0.4
v 2.6 2.1 -0.4
v 2.6 2.3 -0.4
v 2.6 2.9 -0.4
v 2.6 3 -0.4
v -2.7 0.2 -0.5
v -2.7 0.3 -0.5
v -2.7 0.6 -0.5
v -2.7 0.9 -0.5
v -2.7 1.2 -0.5
v -2.7 1.3 -0.5
v -2.7 1.8 -0.5
v -2.7 1.9 -0.5
v -2.6 0.2 -0.5
v -2.6 0.3 -0.5
v -2.6 0.6 -0.5
v -2.6 0.8 -0.5
v -2.6 1 -0.5
v -2.6 1.1 -0.5
v -2.6 1.2 -0.5
v -2.6 1.3 -0.5
v -2.6 1.8 -0.5
v -2.6 1.9 -0.5
v -2.6 2.8 -0.5
v -2.6 2.9 -0.5
v -2.5 0.8 -0.5
v -2.5 0.9 -0.5
v -2.5 1 -0.5
v -2.5 1.1 -0.5
v -2.5 2.8 -0.5
v -2.5 2.9 -0.5
v -2.5 3 -0.5
v -2.5 3.1 -0.5
v -2.4 3 -0.5
v -2.4 3.1 -0.5
v -2.4 3.2 -0.5
v -2.4 3.3 -0.5
v -2.4 4 -0.5
v -2.4 4.2 -0.5
v -2.3 3.2 -0.5
v -2.3 3.3 -0.5
v -2.3 4 -0.5
v -2.3 4.2 -0.5
v -2.3 4.3 -0.5
v -2.2 4.2 -0.5
v -2.2 4.3 -0.5
v -1.8 5.1 -0.5
v -1.8 5.2 -0.5
v -1.7 5.1 -0.5
v -1.7 5.2 -0.5
v -1.6 0 -0.5
v -1.6 0.1 -0.5
v -1.6 0.7 -0.5
v -1.6 0.9 -0.5
v -1.6 1 -0.5
v -1.6 1.1 -0.5
v -1.5 0 -0.5
v -1.5 0.1 -0.5
v -1.5 0.7 -0.5
v -1.5 0.9 -0.5
v -1.5 1 -0.5
v -1.5 1.1 -0.5
v -1.5 3 -0.5
v -1.5 3.1 -0.5
v -1.4 3 -0.5
v -1.4 3.1 -0.5
v -1.1 3.5 -0.5
v -1.1 3.6 -0.5
v -1 3.5 -0.5
v -1 3.6 -0.5
v -0.8 4.1 -0.5
v -0.8 4.2 -0.5
v -0.7 4.1 -0.5
v -0.7 4.2 -0.5
v 0.7 4.1 -0.5
v 0.7 4.2 -0.5
v 0.8 4.1 -0.5
v 0.8 4.2 -0.5
v 1 3.5 -0.5
v 1 3.6 -0.5
v 1.1 3.5 -0.5
v 1.1 3.6 -0.5
v 1.4 0 -0.5
v 1.4 0.1 -0.5
v 1.4 0.7 -0.5
v 1.4 0.9 -0.5
v 1.4 1 -0.5
v 1.4 1.1 -0.5
v 1.4 3 -0.5
v 1.4 3.1 -0.5
v 1.5 0 -0.5
v 1.5 0.1 -0.5
v 1.5 0.7 -0.5
v 1.5 0.9 -0.5
v 1.5 1 -0.5
v 1.5 1.1 -0.5
v 1.5 3 -0.5
v 1.5 3.1 -0.5
v 1.5 5.4 -0.5
v 1.5 5.5 -0.5
v 1.5 5.6 -0.5
v 1.6 5.4 -0.5
v 1.6 5.6 -0.5
v 1.7 5.1 -0.5
v 1.7 5.2 -0.5
v 1.7 5.3 -0.5
v 1.7 5.4 -0.5
v 1.8 5.1 -0.5
v 1.8 5.2 -0.5
v 1.8 5.3 -0.5
v 1.8 5.4 -0.5
v 1.9 4.9 -0.5
v 1.9 5 -0.5
v 2 4.8 -0.5
v 2 4.9 -0.5
v 2 5 -0.5
v 2.1 4.7 -0.5
v 2.1 4.8 -0.5
v 2.1 4.9 -0.5
v 2.2 4.2 -0.5
v 2.2 4.3 -0.5
v 2.2 4.6 -0.5
v 2.2 4.7 -0.5
v 2.2 4.8 -0.5
v 2.3 3.2 -0.5
v 2.3 3.3 -0.5
v 2.3 4 -0.5
v 2.3 4.2 -0.5
v 2.3 4.3 -0.5
v 2.3 4.5 -0.5
v 2.3 4.6 -0.5
v 2.3 4.7 -0.5
v 2.4 0.8 -0.5
v 2.4 0.9 -0.5
v 2.4 1 -0.5
v 2.4 1.1 -0.5
v 2.4 3 -0.5
v 2.4 3.1 -0.5
v 2.4 3.2 -0.5
v 2.4 3.3 -0.5
v 2.4 4 -0.5
v 2.4 4.2 -0.5
v 2.4 4.5 -0.5
v 2.4 4.6 -0.5
v 2.5 0.2 -0.5
v 2.5 0.3 -0.5
v 2.5 0.6 -0.5
v 2.5 0.8 -0.5
v 2.5 1 -0.5
v 2.5 1.1 -0.5
v 2.5 1.2 -0.5
v 2.5 1.3 -0.5
v 2.5 1.8 -0.5
v 2.5 1.9 -0.5
v 2.5 2.8 -0.5
v 2.5 2.9 -0.5
v 2.5 3 -0.5
v 2.5 3.1 -0.5
v 2.6 0.2 -0.5
v 2.6 0.3 -0.5
v 2.6 0.6 -0.5
v 2.6 0.9 -0.5
v 2.6 1.2 -0.5
v 2.6 1.3 -0.5
v 2.6 1.8 -0.5
v 2.6 1.9 -0.5
v 2.6 2.8 -0.5
v 2.6 2.9 -0.5
v -2.7 0.1 -0.6
v -2.7 0.2 -0.6
v -2.7 0.5 -0.6
v -2.7 0.6 -0.6
v -2.7 1.3 -0.6
v -2.7 1.8 -0.6
v -2.6 0 -0.6
v -2.6 0.1 -0.6
v -2.6 0.2 -0.6
v -2.6 0.5 -0.6
v -2.6 0.6 -0.6
v -2.6 1.3 -0.6
v -2.6 1.7 -0.6
v -2.6 1.8 -0.6
v -2.6 2.3 -0.6
v -2.6 2.8 -0.6
v -2.5 0 -0.6
v -2.5 0.1 -0.6
v -2.5 2.3 -0.6
v -2.5 2.8 -0.6
v -2.5 2.9 -0.6
v -2.5 3 -0.6
v -2.4 2.9 -0.6
v -2.4 3 -0.6
v -2.4 3.3 -0.6
v -2.4 4 -0.6
v -2.4 4.4 -0.6
v -2.4 4.6 -0.6
v -2.3 1.9 -0.6
v -2.3 2 -0.6
v -2.3 3.1 -0.6
v -2.3 3.2 -0.6
v -2.3 3.3 -0.6
v -2.3 3.5 -0.6
v -2.3 3.6 -0.6
v -2.3 4 -0.6
v -2.3 4.4 -0.6
v -2.3 4.6 -0.6
v -2.2 1.9 -0.6
v -2.2 2 -0.6
v -2.2 3.1 -0.6
v -2.2 3.2 -0.6
v -2.2 3.3 -0.6
v -2.2 3.5 -0.6
v -2.2 3.6 -0.6
v -2.1 1.9 -0.6
v -2.1 2 -0.6
v -1.7 0 -0.6
v -1.7 0.1 -0.6
v -1.7 0.8 -0.6
v -1.7 0.9 -0.6
v -1.7 1 -0.6
v -1.7 1.7 -0.6
v -1.7 1.8 -0.6
v -1.6 0 -0.6
v -1.6 0.1 -0.6
v -1.6 0.7 -0.6
v -1.6 0.8 -0.6
v -1.6 0.9 -0.6
v -1.6 1 -0.6
v -1.6 1.1 -0.6
v -1.6 1.7 -0.6
v -1.6 1.8 -0.6
v -1.6 3 -0.6
v -1.6 3.1 -0.6
v -1.5 0.1 -0.6
v -1.5 0.7 -0.6
v -1.5 1.1 -0.6
v -1.5 1.8 -0.6
v -1.5 2 -0.6
v -1.5 3 -0.6
v -1.5 3.1 -0.6
v -1.5 5.4 -0.6
v -1.5 5.5 -0.6
v -1.4 2 -0.6
v -1.4 3 -0.6
v -1.4 5.4 -0.6
v -1.4 5.5 -0.6
v -1.4 5.6 -0.6
v -1.3 3.1 -0.6
v -1.3 3.2 -0.6
v -1.3 3.3 -0.6
v -1.3 3.4 -0.6
v -1.2 3.1 -0.6
v -1.2 3.3 -0.6
v -1.2 3.4 -0.6
v -1 3.7 -0.6
v -1 3.8 -0.6
v -0.9 3.7 -0.6
v -0.9 3.8 -0.6
v -0.8 3.9 -0.6
v -0.8 4 -0.6
v -0.8 4.3 -0.6
v -0.8 4.4 -0.6
v -0.7 3.9 -0.6
v -0.7 4 -0.6
v -0.7 4.3 -0.6
v -0.7 4.4 -0.6
v -0.6 5.5 -0.6
v -0.6 5.6 -0.6
v -0.5 4.3 -0.6
v -0.5 4.4 -0.6
v -0.5 4.6 -0.6
v -0.4 4.3 -0.6
v -0.4 4.5 -0.6
v -0.3 5.5 -0.6
v -0.3 5.6 -0.6
v -0.2 4.5 -0.6
v -0.2 4.6 -0.6
v -0.2 4.7 -0.6
v 0.2 4.5 -0.6
v 0.2 4.6 -0.6
v 0.2 4.7 -0.6
v 0.3 5.5 -0.6
v 0.3 5.6 -0.6
v 0.4 4.3 -0.6
v 0.4 4.5 -0.6
v 0.5 4.3 -0.6
v 0.5 4.4 -0.6
v 0.5 4.6 -0.6
v 0.6 5.5 -0.6
v 0.6 5.6 -0.6
v 0.7 3.9 -0.6
v 0.7 4 -0.6
v 0.7 4.3 -0.6
v 0.7 4.4 -0.6
v 0.8 3.9 -0.6
v 0.8 4 -0.6
v 0.8 4.3 -0.6
v 0.8 4.4 -0.6
v 0.9 3.7 -0.6
v 0.9 3.8 -0.6
v 1 3.7 -0.6
v 1 3.8 -0.6
v 1.2 3.1 -0.6
v 1.2 3.3 -0.6
v 1.2 3.4 -0.6
v 1.3 3.1 -0.6
v 1.3 3.2 -0.6
v 1.3 3.3 -0.6
v 1.3 3.4 -0.6
v 1.4 0.1 -0.6
v 1.4 0.7 -0.6
v 1.4 1.1 -0.6
v 1.4 1.8 -0.6
v 1.4 2 -0.6
v 1.4 3 -0.6
v 1.4 5.4 -0.6
v 1.4 5.5 -0.6
v 1.4 5.6 -0.6
v 1.5 0 -0.6
v 1.5 0.1 -0.6
v 1.5 0.7 -0.6
v 1.5 0.8 -0.6
v 1.5 0.9 -0.6
v 1.5 1 -0.6
v 1.5 1.1 -0.6
v 1.5 1.7 -0.6
v 1.5 1.8 -0.6
v 1.5 2 -0.6
v 1.5 3 -0.6
v 1.5 3.1 -0.6
v 1.5 5.4 -0.6
v 1.5 5.5 -0.6
v 1.6 0 -0.6
v 1.6 0.1 -0.6
v 1.6 0.8 -0.6
v 1.6 0.9 -0.6
v 1.6 1 -0.6
v 1.6 1.7 -0.6
v 1.6 1.8 -0.6
v 1.6 3 -0.6
v 1.6 3.1 -0.6
v 2 1.9 -0.6
v 2 2 -0.6
v 2.1 1.9 -0.6
v 2.1 2 -0.6
v 2.2 1.9 -0.6
v 2.2 2 -0.6
v 2.2 3.1 -0.6
v 2.2 3.2 -0.6
v 2.2 3.3 -0.6
v 2.2 3.5 -0.6
v 2.2 3.6 -0.6
v 2.3 3.1 -0.6
v 2.3 3.2 -0.6
v 2.3 3.3 -0.6
v 2.3 3.5 -0.6
v 2.3 3.6 -0.6
v 2.3 4 -0.6
v 2.3 4.4 -0.6
v 2.3 4.5 -0.6
v 2.4 0 -0.6
v 2.4 0.1 -0.6
v 2.4 2.9 -0.6
v 2.4 3 -0.6
v 2.4 3.3 -0.6
v 2.4 4 -0.6
v 2.4 4.4 -0.6
v 2.4 4.5 -0.6
v 2.5 0 -0.6
v 2.5 0.1 -0.6
v 2.5 0.2 -0.6
v 2.5 0.5 -0.6
v 2.5 0.6 -0.6
v 2.5 1.3 -0.6
v 2.5 1.7 -0.6
v 2.5 1.8 -0.6
v 2.5 2.3 -0.6
v 2.5 2.8 -0.6
v 2.5 2.9 -0.6
v 2.5 3 -0.6
v 2.6 0.1 -0.6
v 2.6 0.2 -0.6
v 2.6 0.5 -0.6
v 2.6 0.6 -0.6
v 2.6 1.3 -0.6
v 2.6 1.8 -0.6
v 2.6 2.3 -0.6
v 2.6 2.8 -0.6
v -2.6 0.2 -0.7
v -2.6 0.3 -0.7
v -2.6 0.7 -0.7
v -2.6 0.9 -0.7
v -2.6 1.6 -0.7
v -2.6 1.7 -0.7
v -2.6 2 -0.7
v -2.5 0 -0.7
v -2.5 0.1 -0.7
v -2.5 0.2 -0.7
v -2.5 0.3 -0.7
v -2.5 0.7 -0.7
v -2.5 0.9 -0.7
v -2.5 1 -0.7
v -2.5 1.6 -0.7
v -2.5 1.7 -0.7
v -2.5 1.8 -0.7
v -2.5 2 -0.7
v -2.5 2.1 -0.7
v -2.5 2.8 -0.7
v -2.5 2.9 -0.7
v -2.4 0 -0.7
v -2.4 0.1 -0.7
v -2.4 1.8 -0.7
v -2.4 1.9 -0.7
v -2.4 2 -0.7
v -2.4 2.1 -0.7
v -2.4 2.8 -0.7
v -2.4 2.9 -0.7
v -2.4 3 -0.7
v -2.4 3.1 -0.7
v -2.3 1.9 -0.7
v -2.3 2 -0.7
v -2.3 2.1 -0.7
v -2.3 3.3 -0.7
v -2.3 3.4 -0.7
v -2.3 3.8 -0.7
v -2.3 4 -0.7
v -2.3 4.1 -0.7
v -2.3 4.2 -0.7
v -2.3 4.3 -0.7
v -2.3 4.6 -0.7
v -2.2 3.1 -0.7
v -2.2 3.2 -0.7
v -2.2 3.3 -0.7
v -2.2 3.4 -0.7
v -2.2 3.8 -0.7
v -2.2 4 -0.7
v -2.2 4.1 -0.7
v -2.2 4.2 -0.7
v -2.2 4.3 -0.7
v -2.2 4.6 -0.7
v -2.2 4.7 -0.7
v -2.2 4.8 -0.7
v -2.1 1.9 -0.7
v -2.1 2 -0.7
v -2.1 4.1 -0.7
v -2.1 4.2 -0.7
v -2.1 4.6 -0.7
v -2.1 4.8 -0.7
v -2.1 4.9 -0.7
v -2 2 -0.7
v -2 2.1 -0.7
v -2 4 -0.7
v -2 4.1 -0.7
v -2 4.2 -0.7
v -2 4.3 -0.7
v -2 4.8 -0.7
v -2 4.9 -0.7
v -1.9 4.1 -0.7
v -1.9 4.2 -0.7
v -1.8 3.9 -0.7
v -1.8 4 -0.7
v -1.7 0.9 -0.7
v -1.7 1 -0.7
v -1.7 1.8 -0.7
v -1.7 1.9 -0.7
v -1.7 4 -0.7
v -1.7 4.1 -0.7
v -1.7 5.2 -0.7
v -1.7 5.3 -0.7
v -1.6 1.8 -0.7
v -1.6 1.9 -0.7
v -1.6 2 -0.7
v -1.6 2.2 -0.7
v -1.6 2.4 -0.7
v -1.6 2.7 -0.7
v -1.6 3 -0.7
v -1.6 3.1 -0.7
v -1.6 3.8 -0.7
v -1.6 3.9 -0.7
v -1.5 2.2 -0.7
v -1.5 2.4 -0.7
v -1.5 2.7 -0.7
v -1.5 3 -0.7
v -1.5 3.9 -0.7
v -1.5 4 -0.7
v -1.4 3.7 -0.7
v -1.4 3.8 -0.7
v -1.4 4.9 -0.7
v -1.4 5.2 -0.7
v -1.4 5.3 -0.7
v -1.3 3.1 -0.7
v -1.3 3.2 -0.7
v -1.3 3.4 -0.7
v -1.3 3.7 -0.7
v -1.3 3.9 -0.7
v -1.3 4.8 -0.7
v -1.3 4.9 -0.7
v -1.3 5 -0.7
v -1.3 5.3 -0.7
v -1.2 3.6 -0.7
v -1.2 3.7 -0.7
v -1.2 4.7 -0.7
v -1.2 4.8 -0.7
v -1.2 5 -0.7
v -1.1 3.4 -0.7
v -1.1 3.6 -0.7
v -1.1 4.5 -0.7
v -1.1 4.7 -0.7
v -1.1 4.8 -0.7
v -1 4.4 -0.7
v -1 4.5 -0.7
v -1 4.6 -0.7
v -1 4.7 -0.7
v -0.9 4.3 -0.7
v -0.9 4.4 -0.7
v -0.9 4.5 -0.7
v -0.9 4.6 -0.7
v -0.8 4.3 -0.7
v -0.8 4.4 -0.7
v -0.8 4.5 -0.7
v -0.4 5.2 -0.7
v -0.4 5.5 -0.7
v -0.3 4.9 -0.7
v -0.3 5.2 -0.7
v -0.3 5.3 -0.7
v -0.3 5.5 -0.7
v -0.2 4.7 -0.7
v -0.2 4.9 -0.7
v -0.2 5 -0.7
v -0.2 5.3 -0.7
v -0.0999999 4.7 -0.7
v -0.0999999 5 -0.7
v 0.1 4.7 -0.7
v 0.1 5 -0.7
v 0.2 4.7 -0.7
v 0.2 4.9 -0.7
v 0.2 5 -0.7
v 0.2 5.3 -0.7
v 0.3 4.9 -0.7
v 0.3 5.2 -0.7
v 0.3 5.3 -0.7
v 0.3 5.5 -0.7
v 0.4 5.2 -0.7
v 0.4 5.5 -0.7
v 0.8 4.3 -0.7
v 0.8 4.4 -0.7
v 0.8 4.5 -0.7
v 0.9 4.3 -0.7
v 0.9 4.4 -0.7
v 0.9 4.5 -0.7
v 0.9 4.6 -0.7
v 1 4.4 -0.7
v 1 4.5 -0.7
v 1 4.6 -0.7
v 1 4.7 -0.7
v 1.1 3.4 -0.7
v 1.1 3.6 -0.7
v 1.1 4.5 -0.7
v 1.1 4.7 -0.7
v 1.1 4.8 -0.7
v 1.2 3.6 -0.7
v 1.2 3.7 -0.7
v 1.2 4.7 -0.7
v 1.2 4.8 -0.7
v 1.2 5 -0.7
v 1.3 3.1 -0.7
v 1.3 3.2 -0.7
v 1.3 3.4 -0.7
v 1.3 3.7 -0.7
v 1.3 3.9 -0.7
v 1.3 4.8 -0.7
v 1.3 4.9 -0.7
v 1.3 5 -0.7
v 1.3 5.3 -0.7
v 1.4 3.7 -0.7
v 1.4 3.8 -0.7
v 1.4 4.9 -0.7
v 1.4 5.2 -0.7
v 1.4 5.3 -0.7
v 1.5 1.8 -0.7
v 1.5 1.9 -0.7
v 1.5 2 -0.7
v 1.5 2.2 -0.7
v 1.5 2.4 -0.7
v 1.5 2.7 -0.7
v 1.5 3 -0.7
v 1.5 3.9 -0.7
v 1.5 4 -0.7
v 1.6 0.9 -0.7
v 1.6 1 -0.7
v 1.6 1.8 -0.7
v 1.6 1.9 -0.7
v 1.6 2.2 -0.7
v 1.6 2.4 -0.7
v 1.6 2.7 -0.7
v 1.6 3 -0.7
v 1.6 3.1 -0.7
v 1.6 3.8 -0.7
v 1.6 3.9 -0.7
v 1.6 5.3 -0.7
v 1.6 5.4 -0.7
v 1.7 4 -0.7
v 1.7 4.1 -0.7
v 1.7 5.2 -0.7
v 1.7 5.3 -0.7
v 1.7 5.4 -0.7
v 1.8 3.9 -0.7
v 1.8 4 -0.7
v 1.8 5.1 -0.7
v 1.8 5.2 -0.7
v 1.9 4.1 -0.7
v 1.9 4.2 -0.7
v 1.9 5 -0.7
v 1.9 5.1 -0.7
v 1.9 5.2 -0.7
v 2 1.9 -0.7
v 2 2 -0.7
v 2 2.1 -0.7
v 2 4 -0.7
v 2 4.1 -0.7
v 2 4.2 -0.7
v 2 4.3 -0.7
v 2 5 -0.7
v 2 5.1 -0.7
v 2.1 4.1 -0.7
v 2.1 4.2 -0.7
v 2.1 4.6 -0.7
v 2.1 4.7 -0.7
v 2.2 1.9 -0.7
v 2.2 2 -0.7
v 2.2 3.1 -0.7
v 2.2 3.2 -0.7
v 2.2 3.3 -0.7
v 2.2 3.4 -0.7
v 2.2 3.8 -0.7
v 2.2 4 -0.7
v 2.2 4.1 -0.7
v 2.2 4.2 -0.7
v 2.2 4.3 -0.7
v 2.2 4.6 -0.7
v 2.2 4.7 -0.7
v 2.3 0 -0.7
v 2.3 0.1 -0.7
v 2.3 1.8 -0.7
v 2.3 1.9 -0.7
v 2.3 2 -0.7
v 2.3 2.1 -0.7
v 2.3 3.3 -0.7
v 2.3 3.4 -0.7
v 2.3 3.8 -0.7
v 2.3 4 -0.7
v 2.3 4.1 -0.7
v 2.3 4.2 -0.7
v 2.3 4.3 -0.7
v 2.3 4.6 -0.7
v 2.4 0 -0.7
v 2.4 0.1 -0.7
v 2.4 0.2 -0.7
v 2.4 0.3 -0.7
v 2.4 0.7 -0.7
v 2.4 0.9 -0.7
v 2.4 1 -0.7
v 2.4 1.6 -0.7
v 2.4 1.7 -0.7
v 2.4 1.8 -0.7
v 2.4 2 -0.7
v 2.4 2.1 -0.7
v 2.4 2.8 -0.7
v 2.4 2.9 -0.7
v 2.4 3 -0.7
v 2.4 3.1 -0.7
v 2.5 0.2 -0.7
v 2.5 0.3 -0.7
v 2.5 0.7 -0.7
v 2.5 0.9 -0.7
v 2.5 1.6 -0.7
v 2.5 1.7 -0.7
v 2.5 2 -0.7
v 2.5 2.1 -0.7
v 2.5 2.8 -0.7
v 2.5 2.9 -0.7
v -2.6 0.1 -0.8
v -2.6 0.2 -0.8
v -2.6 0.3 -0.8
v -2.6 0.7 -0.8
v -2.6 1.1 -0.8
v -2.6 1.6 -0.8
v -2.5 0.2 -0.8
v -2.5 0.3 -0.8
v -2.5 0.7 -0.8
v -2.5 0.9 -0.8
v -2.5 1 -0.8
v -2.5 1.1 -0.8
v -2.5 1.6 -0.8
v -2.5 1.8 -0.8
v -2.5 2.1 -0.8
v -2.5 2.8 -0.8
v -2.4 0 -0.8
v -2.4 0.1 -0.8
v -2.4 1.8 -0.8
v -2.4 1.9 -0.8
v -2.4 2 -0.8
v -2.4 2.1 -0.8
v -2.4 2.8 -0.8
v -2.4 3 -0.8
v -2.3 1.8 -0.8
v -2.3 1.9 -0.8
v -2.3 2 -0.8
v -2.3 2.1 -0.8
v -2.3 3.4 -0.8
v -2.3 3.8 -0.8
v -2.3 4 -0.8
v -2.3 4.1 -0.8
v -2.3 4.6 -0.8
v -2.3 4.7 -0.8
v -2.2 3.2 -0.8
v -2.2 3.4 -0.8
v -2.2 3.8 -0.8
v -2.2 4 -0.8
v -2.2 4.1 -0.8
v -2.2 4.2 -0.8
v -2.2 4.3 -0.8
v -2.2 4.6 -0.8
v -2.2 4.7 -0.8
v -2.1 4.1 -0.8
v -2.1 4.2 -0.8
v -2.1 4.6 -0.8
v -2.1 4.8 -0.8
v -2 2 -0.8
v -2 2.1 -0.8
v -2 4 -0.8
v -2 4.1 -0.8
v -2 4.2 -0.8
v -2 4.3 -0.8
v -2 4.8 -0.8
v -2 5 -0.8
v -1.9 4.1 -0.8
v -1.9 4.2 -0.8
v -1.9 5 -0.8
v -1.9 5.1 -0.8
v -1.8 3.9 -0.8
v -1.8 4 -0.8
v -1.7 0 -0.8
v -1.7 0.1 -0.8
v -1.7 0.8 -0.8
v -1.7 0.9 -0.8
v -1.7 1.7 -0.8
v -1.7 1.9 -0.8
v -1.7 4 -0.8
v -1.7 4.1 -0.8
v -1.7 5.1 -0.8
v -1.7 5.2 -0.8
v -1.6 0.1 -0.8
v -1.6 0.8 -0.8
v -1.6 1 -0.8
v -1.6 1.7 -0.8
v -1.6 2.2 -0.8
v -1.6 2.4 -0.8
v -1.6 2.7 -0.8
v -1.6 3 -0.8
v -1.6 3.8 -0.8
v -1.6 3.9 -0.8
v -1.5 2 -0.8
v -1.5 2.2 -0.8
v -1.5 2.4 -0.8
v -1.5 2.7 -0.8
v -1.5 3.9 -0.8
v -1.5 4 -0.8
v -1.4 3.7 -0.8
v -1.4 3.8 -0.8
v -1.4 4.9 -0.8
v -1.4 5.2 -0.8
v -1.4 5.3 -0.8
v -1.4 5.5 -0.8
v -1.3 3.2 -0.8
v -1.3 3.7 -0.8
v -1.3 3.9 -0.8
v -1.3 4.8 -0.8
v -1.3 4.9 -0.8
v -1.3 5 -0.8
v -1.3 5.3 -0.8
v -1.2 3.6 -0.8
v -1.2 3.7 -0.8
v -1.2 4.7 -0.8
v -1.2 4.8 -0.8
v -1.2 5 -0.8
v -1.1 4.5 -0.8
v -1.1 4.7 -0.8
v -1.1 4.8 -0.8
v -1 4.4 -0.8
v -1 4.5 -0.8
v -1 4.6 -0.8
v -1 4.7 -0.8
v -0.9 3.6 -0.8
v -0.9 3.8 -0.8
v -0.9 4.3 -0.8
v -0.9 4.4 -0.8
v -0.9 4.5 -0.8
v -0.9 4.6 -0.8
v -0.8 3.8 -0.8
v -0.8 4.3 -0.8
v -0.8 4.4 -0.8
v -0.8 4.5 -0.8
v -0.7 4.3 -0.8
v -0.7 4.4 -0.8
v -0.5 4.3 -0.8
v -0.5 4.6 -0.8
v -0.4 5.2 -0.8
v -0.4 5.5 -0.8
v -0.3 4.9 -0.8
v -0.3 5.2 -0.8
v -0.3 5.3 -0.8
v -0.3 5.5 -0.8
v -0.2 4.6 -0.8
v -0.2 4.9 -0.8
v -0.2 5 -0.8
v -0.2 5.3 -0.8
v -0.0999999 4.7 -0.8
v -0.0999999 5 -0.8
v 0.1 4.7 -0.8
v 0.1 5 -0.8
v 0.2 4.6 -0.8
v 0.2 4.9 -0.8
v 0.2 5 -0.8
v 0.2 5.3 -0.8
v 0.3 4.9 -0.8
v 0.3 5.2 -0.8
v 0.3 5.3 -0.8
v 0.3 5.5 -0.8
v 0.4 5.2 -0.8
v 0.4 5.5 -0.8
v 0.5 4.3 -0.8
v 0.5 4.6 -0.8
v 0.7 4.3 -0.8
v 0.7 4.4 -0.8
v 0.8 3.8 -0.8
v 0.8 4.3 -0.8
v 0.8 4.4 -0.8
v 0.8 4.5 -0.8
v 0.9 3.6 -0.8
v 0.9 3.8 -0.8
v 0.9 4.3 -0.8
v 0.9 4.4 -0.8
v 0.9 4.5 -0.8
v 0.9 4.6 -0.8
v 1 4.4 -0.8
v 1 4.5 -0.8
v 1 4.6 -0.8
v 1 4.7 -0.8
v 1.1 4.5 -0.8
v 1.1 4.7 -0.8
v 1.1 4.8 -0.8
v 1.2 3.6 -0.8
v 1.2 3.7 -0.8
v 1.2 4.7 -0.8
v 1.2 4.8 -0.8
v 1.2 5 -0.8
v 1.3 3.2 -0.8
v 1.3 3.7 -0.8
v 1.3 3.9 -0.8
v 1.3 4.8 -0.8
v 1.3 4.9 -0.8
v 1.3 5 -0.8
v 1.3 5.3 -0.8
v 1.4 3.7 -0.8
v 1.4 3.8 -0.8
v 1.4 4.9 -0.8
v 1.4 5.2 -0.8
v 1.4 5.3 -0.8
v 1.4 5.5 -0.8
v 1.5 0.1 -0.8
v 1.5 0.8 -0.8
v 1.5 1 -0.8
v 1.5 1.7 -0.8
v 1.5 2 -0.8
v 1.5 2.2 -0.8
v 1.5 2.4 -0.8
v 1.5 2.7 -0.8
v 1.5 3.9 -0.8
v 1.5 4 -0.8
v 1.6 0 -0.8
v 1.6 0.1 -0.8
v 1.6 0.8 -0.8
v 1.6 0.9 -0.8
v 1.6 1.7 -0.8
v 1.6 1.9 -0.8
v 1.6 2.2 -0.8
v 1.6 2.4 -0.8
v 1.6 2.7 -0.8
v 1.6 3 -0.8
v 1.6 3.8 -0.8
v 1.6 3.9 -0.8
v 1.7 4 -0.8
v 1.7 4.1 -0.8
v 1.7 5.1 -0.8
v 1.7 5.2 -0.8
v 1.7 5.3 -0.8
v 1.8 3.9 -0.8
v 1.8 4 -0.8
v 1.8 5.2 -0.8
v 1.8 5.3 -0.8
v 1.9 4.1 -0.8
v 1.9 4.2 -0.8
v 1.9 4.9 -0.8
v 1.9 5.1 -0.8
v 2 2 -0.8
v 2 2.1 -0.8
v 2 4 -0.8
v 2 4.1 -0.8
v 2 4.2 -0.8
v 2 4.3 -0.8
v 2 4.8 -0.8
v 2 4.9 -0.8
v 2.1 4.1 -0.8
v 2.1 4.2 -0.8
v 2.1 4.6 -0.8
v 2.1 4.8 -0.8
v 2.2 1.8 -0.8
v 2.2 1.9 -0.8
v 2.2 3.2 -0.8
v 2.2 3.4 -0.8
v 2.2 3.8 -0.8
v 2.2 4 -0.8
v 2.2 4.1 -0.8
v 2.2 4.2 -0.8
v 2.2 4.3 -0.8
v 2.2 4.6 -0.8
v 2.3 0 -0.8
v 2.3 0.1 -0.8
v 2.3 1.8 -0.8
v 2.3 1.9 -0.8
v 2.3 2 -0.8
v 2.3 2.1 -0.8
v 2.3 3.4 -0.8
v 2.3 3.8 -0.8
v 2.3 4 -0.8
v 2.3 4.1 -0.8
v 2.4 0.2 -0.8
v 2.4 0.3 -0.8
v 2.4 0.7 -0.8
v 2.4 0.9 -0.8
v 2.4 1 -0.8
v 2.4 1.1 -0.8
v 2.4 1.6 -0.8
v 2.4 1.8 -0.8
v 2.4 2 -0.8
v 2.4 2.1 -0.8
v 2.4 2.8 -0.8
v 2.4 3 -0.8
v 2.5 0.1 -0.8
v 2.5 0.2 -0.8
v 2.5 0.3 -0.8
v 2.5 0.7 -0.8
v 2.5 1.1 -0.8
v 2.5 1.6 -0.8
v 2.5 2.1 -0.8
v 2.5 2.8 -0.8
v -2.4 0 0.8
v -1.7 0 0.8
v 1.6 0 0.8
v 2.3 0 0.8
v -2.5 0 0.7
v -2.4 0 0.7
v 2.3 0 0.7
v 2.4 0 0.7
v -2.6 0 0.6
v -2.5 0 0.6
v -1.7 0 0.6
v -1.6 0 0.6
v 1.5 0 0.6
v 1.6 0 0.6
v 2.4 0 0.6
v 2.5 0 0.6
v -1.6 0 0.5
v -1.5 0 0.5
v 1.4 0 0.5
v 1.5 0 0.5
v -2.7 0 0.4
v -2.6 0 0.4
v 2.5 0 0.4
v 2.6 0 0.4
v -1.5 0 0.3
v -1.4 0 0.3
v 1.3 0 0.3
v 1.4 0 0.3
v -1.5 0 -0.3
v -1.4 0 -0.3
v 1.3 0 -0.3
v 1.4 0 -0.3
v -2.7 0 -0.4
v -2.6 0 -0.4
v 2.5 0 -0.4
v 2.6 0 -0.4
v -1.6 0 -0.5
v -1.5 0 -0.5
v 1.4 0 -0.5
v 1.5 0 -0.5
v -2.6 0 -0.6
v -2.5 0 -0.6
v -1.7 0 -0.6
v -1.6 0 -0.6
v 1.5 0 -0.6
v 1.6 0 -0.6
v 2.4 0 -0.6
v 2.5 0 -0.6
v -2.5 0 -0.7
v -2.4 0 -0.7
v 2.3 0 -0.7
v 2.4 0 -0.7
v -2.4 0 -0.8
v -1.7 0 -0.8
v 1.6 0 -0.8
v 2.3 0 -0.8
v -2.6 0.1 0.8
v -2.4 0.1 0.8
v -1.7 0.1 0.8
v -1.6 0.1 0.8
v 1.5 0.1 0.8
v 1.6 0.1 0.8
v 2.3 0.1 0.8
v 2.5 0.1 0.8
v -2.5 0.1 0.7
v -2.4 0.1 0.7
v 2.3 0.1 0.7
v 2.4 0.1 0.7
v -2.7 0.1 0.6
v -2.6 0.1 0.6
v -2.5 0.1 0.6
v -1.7 0.1 0.6
v -1.6 0.1 0.6
v -1.5 0.1 0.6
v 1.4 0.1 0.6
v 1.5 0.1 0.6
v 1.6 0.1 0.6
v 2.4 0.1 0.6
v 2.5 0.1 0.6
v 2.6 0.1 0.6
v -1.6 0.1 0.5
v -1.5 0.1 0.5
v 1.4 0.1 0.5
v 1.5 0.1 0.5
v -2.7 0.1 0.4
v -2.6 0.1 0.4
v -1.5 0.1 0.4
v -1.4 0.1 0.4
v 1.3 0.1 0.4
v 1.4 0.1 0.4
v 2.5 0.1 0.4
v 2.6 0.1 0.4
v -1.5 0.1 0.3
v -1.4 0.1 0.3
v 1.3 0.1 0.3
v 1.4 0.1 0.3
v -1.5 0.1 -0.3
v -1.4 0.1 -0.3
v 1.3 0.1 -0.3
v 1.4 0.1 -0.3
v -2.7 0.1 -0.4
v -2.6 0.1 -0.4
v -1.5 0.1 -0.4
v -1.4 0.1 -0.4
v 1.3 0.1 -0.4
v 1.4 0.1 -0.4
v 2.5 0.1 -0.4
v 2.6 0.1 -0.4
v -1.6 0.1 -0.5
v -1.5 0.1 -0.5
v 1.4 0.1 -0.5
v 1.5 0.1 -0.5
v -2.7 0.1 -0.6
v -2.6 0.1 -0.6
v -2.5 0.1 -0.6
v -1.7 0.1 -0.6
v -1.6 0.1 -0.6
v -1.5 0.1 -0.6
v 1.4 0.1 -0.6
v 1.5 0.1 -0.6
v 1.6 0.1 -0.6
v 2.4 0.1 -0.6
v 2.5 0.1 -0.6
v 2.6 0.1 -0.6
v -2.5 0.1 -0.7
v -2.4 0.1 -0.7
v 2.3 0.1 -0.7
v 2.4 0.1 -0.7
v -2.6 0.1 -0.8
v -2.4 0.1 -0.8
v -1.7 0.1 -0.8
v -1.6 0.1 -0.8
v 1.5 0.1 -0.8
v 1.6 0.1 -0.8
v 2.3 0.1 -0.8
v 2.5 0.1 -0.8
v -2.6 0.3 0.8
v -2.5 0.3 0.8
v 2.4 0.3 0.8
v 2.5 0.3 0.8
v -2.6 0.3 0.7
v -2.5 0.3 0.7
v 2.4 0.3 0.7
v 2.5 0.3 0.7
v -2.6 0.3 -0.7
v -2.5 0.3 -0.7
v 2.4 0.3 -0.7
v 2.5 0.3 -0.7
v -2.6 0.3 -0.8
v -2.5 0.3 -0.8
v 2.4 0.3 -0.8
v 2.5 0.3 -0.8
v -2.7 0.5 0.6
v -2.6 0.5 0.6
v 2.5 0.5 0.6
v 2.6 0.5 0.6
v -2.7 0.5 0.4
v -2.6 0.5 0.4
v 2.5 0.5 0.4
v 2.6 0.5 0.4
v -2.7 0.5 -0.4
v -2.6 0.5 -0.4
v 2.5 0.5 -0.4
v 2.6 0.5 -0.4
v -2.7 0.5 -0.6
v -2.6 0.5 -0.6
v 2.5 0.5 -0.6
v 2.6 0.5 -0.6
v -1.5 0.9 0.2
v -1.4 0.9 0.2
v 1.3 0.9 0.2
v 1.4 0.9 0.2
v -1.5 0.9 -0.2
v -1.4 0.9 -0.2
v 1.3 0.9 -0.2
v 1.4 0.9 -0.2
v -2.5 1 0.8
v -1.6 1 0.8
v 1.5 1 0.8
v 2.4 1 0.8
v -2.5 1 0.7
v -1.7 1 0.7
v 1.6 1 0.7
v 2.4 1 0.7
v -1.7 1 0.6
v -1.6 1 0.6
v 1.5 1 0.6
v 1.6 1 0.6
v -2.6 1 0.5
v -2.5 1 0.5
v -1.6 1 0.5
v -1.5 1 0.5
v 1.4 1 0.5
v 1.5 1 0.5
v 2.4 1 0.5
v 2.5 1 0.5
v -2.7 1 0.4
v -2.6 1 0.4
v -2.5 1 0.4
v 2.4 1 0.4
v 2.5 1 0.4
v 2.6 1 0.4
v -1.6 1 0.3
v -1.5 1 0.3
v -1.4 1 0.3
v 1.3 1 0.3
v 1.4 1 0.3
v 1.5 1 0.3
v -1.5 1 0.2
v -1.4 1 0.2
v 1.3 1 0.2
v 1.4 1 0.2
v -1.5 1 -0.2
v -1.4 1 -0.2
v 1.3 1 -0.2
v 1.4 1 -0.2
v -1.6 1 -0.3
v -1.5 1 -0.3
v -1.4 1 -0.3
v 1.3 1 -0.3
v 1.4 1 -0.3
v 1.5 1 -0.3
v -2.7 1 -0.4
v -2.6 1 -0.4
v -2.5 1 -0.4
v 2.4 1 -0.4
v 2.5 1 -0.4
v 2.6 1 -0.4
v -2.6 1 -0.5
v -2.5 1 -0.5
v -1.6 1 -0.5
v -1.5 1 -0.5
v 1.4 1 -0.5
v 1.5 1 -0.5
v 2.4 1 -0.5
v 2.5 1 -0.5
v -1.7 1 -0.6
v -1.6 1 -0.6
v 1.5 1 -0.6
v 1.6 1 -0.6
v -2.5 1 -0.7
v -1.7 1 -0.7
v 1.6 1 -0.7
v 2.4 1 -0.7
v -2.5 1 -0.8
v -1.6 1 -0.8
v 1.5 1 -0.8
v 2.4 1 -0.8
v -2.6 1.1 0.8
v -2.5 1.1 0.8
v 2.4 1.1 0.8
v 2.5 1.1 0.8
v -1.6 1.1 0.6
v -1.5 1.1 0.6
v 1.4 1.1 0.6
v 1.5 1.1 0.6
v -2.6 1.1 0.5
v -2.5 1.1 0.5
v -1.6 1.1 0.5
v -1.5 1.1 0.5
v 1.4 1.1 0.5
v 1.5 1.1 0.5
v 2.4 1.1 0.5
v 2.5 1.1 0.5
v -2.6 1.1 -0.5
v -2.5 1.1 -0.5
v -1.6 1.1 -0.5
v -1.5 1.1 -0.5
v 1.4 1.1 -0.5
v 1.5 1.1 -0.5
v 2.4 1.1 -0.5
v 2.5 1.1 -0.5
v -1.6 1.1 -0.6
v -1.5 1.1 -0.6
v 1.4 1.1 -0.6
v 1.5 1.1 -0.6
v -2.6 1.1 -0.8
v -2.5 1.1 -0.8
v 2.4 1.1 -0.8
v 2.5 1.1 -0.8
v -2.7 1.2 0.5
v -2.6 1.2 0.5
v 2.5 1.2 0.5
v 2.6 1.2 0.5
v -2.7 1.2 0.4
v -2.6 1.2 0.4
v 2.5 1.2 0.4
v 2.6 1.2 0.4
v -2.7 1.2 -0.4
v -2.6 1.2 -0.4
v 2.5 1.2 -0.4
v 2.6 1.2 -0.4
v -2.7 1.2 -0.5
v -2.6 1.2 -0.5
v 2.5 1.2 -0.5
v 2.6 1.2 -0.5
v -2.7 1.3 0.6
v -2.6 1.3 0.6
v 2.5 1.3 0.6
v 2.6 1.3 0.6
v -2.7 1.3 0.5
v -2.6 1.3 0.5
v 2.5 1.3 0.5
v 2.6 1.3 0.5
v -2.7 1.3 -0.5
v -2.6 1.3 -0.5
v 2.5 1.3 -0.5
v 2.6 1.3 -0.5
v -2.7 1.3 -0.6
v -2.6 1.3 -0.6
v 2.5 1.3 -0.6
v 2.6 1.3 -0.6
v -1.5 1.5 0.3
v -1.4 1.5 0.3
v 1.3 1.5 0.3
v 1.4 1.5 0.3
v -1.5 1.5 0.2
v -1.4 1.5 0.2
v 1.3 1.5 0.2
v 1.4 1.5 0.2
v -1.5 1.5 -0.2
v -1.4 1.5 -0.2
v 1.3 1.5 -0.2
v 1.4 1.5 -0.2
v -1.5 1.5 -0.3
v -1.4 1.5 -0.3
v 1.3 1.5 -0.3
v 1.4 1.5 -0.3
v -1.7 1.8 0.7
v -1.6 1.8 0.7
v 1.5 1.8 0.7
v 1.6 1.8 0.7
v -1.7 1.8 0.6
v -1.6 1.8 0.6
v 1.5 1.8 0.6
v 1.6 1.8 0.6
v -1.7 1.8 -0.6
v -1.6 1.8 -0.6
v 1.5 1.8 -0.6
v 1.6 1.8 -0.6
v -1.7 1.8 -0.7
v -1.6 1.8 -0.7
v 1.5 1.8 -0.7
v 1.6 1.8 -0.7
v -2.4 2 0.8
v -2.3 2 0.8
v -2 2 0.8
v -1.5 2 0.8
v 1.5 2 0.8
v 2 2 0.8
v 2.3 2 0.8
v 2.4 2 0.8
v -2.4 2 0.7
v -2.3 2 0.7
v -2.1 2 0.7
v -2 2 0.7
v -1.6 2 0.7
v 1.5 2 0.7
v 2 2 0.7
v 2.2 2 0.7
v 2.3 2 0.7
v 2.4 2 0.7
v -2.3 2 0.6
v -2.2 2 0.6
v -2.1 2 0.6
v -1.5 2 0.6
v -1.4 2 0.6
v 1.4 2 0.6
v 1.5 2 0.6
v 2 2 0.6
v 2.1 2 0.6
v 2.2 2 0.6
v -1.6 2 0.3
v -1.5 2 0.3
v -1.4 2 0.3
v -1.3 2 0.3
v 1.3 2 0.3
v 1.4 2 0.3
v 1.5 2 0.3
v 2.5 2 0.3
v 2.6 2 0.3
v -1.6 2 -0.3
v -1.5 2 -0.3
v -1.4 2 -0.3
v -1.3 2 -0.3
v 1.3 2 -0.3
v 1.4 2 -0.3
v 1.5 2 -0.3
v 2.5 2 -0.3
v 2.6 2 -0.3
v -2.3 2 -0.6
v -2.2 2 -0.6
v -2.1 2 -0.6
v -1.5 2 -0.6
v -1.4 2 -0.6
v 1.4 2 -0.6
v 1.5 2 -0.6
v 2 2 -0.6
v 2.1 2 -0.6
v 2.2 2 -0.6
v -2.4 2 -0.7
v -2.3 2 -0.7
v -2.1 2 -0.7
v -2 2 -0.7
v -1.6 2 -0.7
v 1.5 2 -0.7
v 2 2 -0.7
v 2.2 2 -0.7
v 2.3 2 -0.7
v 2.4 2 -0.7
v -2.4 2 -0.8
v -2.3 2 -0.8
v -2 2 -0.8
v -1.5 2 -0.8
v 1.5 2 -0.8
v 2 2 -0.8
v 2.3 2 -0.8
v 2.4 2 -0.8
v -2.5 2.1 0.8
v -2.4 2.1 0.8
v -2.3 2.1 0.8
v -2 2.1 0.8
v 2 2.1 0.8
v 2.3 2.1 0.8
v 2.4 2.1 0.8
v 2.5 2.1 0.8
v -2.5 2.1 0.7
v -2.4 2.1 0.7
v -2.3 2.1 0.7
v -2 2.1 0.7
v 2 2.1 0.7
v 2.3 2.1 0.7
v 2.4 2.1 0.7
v 2.5 2.1 0.7
v -2.6 2.1 0.4
v -2.5 2.1 0.4
v 2.5 2.1 0.4
v 2.6 2.1 0.4
v -2.6 2.1 0.3
v -2.5 2.1 0.3
v 2.5 2.1 0.3
v 2.6 2.1 0.3
v -2.6 2.1 -0.3
v -2.5 2.1 -0.3
v 2.5 2.1 -0.3
v 2.6 2.1 -0.3
v -2.6 2.1 -0.4
v -2.5 2.1 -0.4
v 2.5 2.1 -0.4
v 2.6 2.1 -0.4
v -2.5 2.1 -0.7
v -2.4 2.1 -0.7
v -2.3 2.1 -0.7
v -2 2.1 -0.7
v 2 2.1 -0.7
v 2.3 2.1 -0.7
v 2.4 2.1 -0.7
v 2.5 2.1 -0.7
v -2.5 2.1 -0.8
v -2.4 2.1 -0.8
v -2.3 2.1 -0.8
v -2 2.1 -0.8
v 2 2.1 -0.8
v 2.3 2.1 -0.8
v 2.4 2.1 -0.8
v 2.5 2.1 -0.8
v -2.6 2.3 0.6
v -2.5 2.3 0.6
v 2.5 2.3 0.6
v 2.6 2.3 0.6
v -2.6 2.3 0.4
v -2.5 2.3 0.4
v 2.5 2.3 0.4
v 2.6 2.3 0.4
v -1.4 2.3 0.3
v -1.3 2.3 0.3
v 1.3 2.3 0.3
v 1.4 2.3 0.3
v -1.4 2.3 0.2
v -1.3 2.3 0.2
v 1.3 2.3 0.2
v 1.4 2.3 0.2
v -1.4 2.3 -0.2
v -1.3 2.3 -0.2
v 1.3 2.3 -0.2
v 1.4 2.3 -0.2
v -1.4 2.3 -0.3
v -1.3 2.3 -0.3
v 1.3 2.3 -0.3
v 1.4 2.3 -0.3
v -2.6 2.3 -0.4
v -2.5 2.3 -0.4
v 2.5 2.3 -0.4
v 2.6 2.3 -0.4
v -2.6 2.3 -0.6
v -2.5 2.3 -0.6
v 2.5 2.3 -0.6
v 2.6 2.3 -0.6
v -1.6 2.4 0.8
v -1.5 2.4 0.8
v 1.5 2.4 0.8
v 1.6 2.4 0.8
v -1.6 2.4 0.7
v -1.5 2.4 0.7
v 1.5 2.4 0.7
v 1.6 2.4 0.7
v -1.6 2.4 -0.7
v -1.5 2.4 -0.7
v 1.5 2.4 -0.7
v 1.6 2.4 -0.7
v -1.6 2.4 -0.8
v -1.5 2.4 -0.8
v 1.5 2.4 -0.8
v 1.6 2.4 -0.8
v -1.4 2.7 0.4
v -1.3 2.7 0.4
v 1.3 2.7 0.4
v 1.4 2.7 0.4
v -1.4 2.7 0.2
v -1.3 2.7 0.2
v 1.3 2.7 0.2
v 1.4 2.7 0.2
v -1.4 2.7 -0.2
v -1.3 2.7 -0.2
v 1.3 2.7 -0.2
v 1.4 2.7 -0.2
v -1.4 2.7 -0.4
v -1.3 2.7 -0.4
v 1.3 2.7 -0.4
v 1.4 2.7 -0.4
v -1.6 3.1 0.7
v -1.3 3.1 0.7
v 1.3 3.1 0.7
v 1.6 3.1 0.7
v -1.6 3.1 0.6
v -1.5 3.1 0.6
v -1.3 3.1 0.6
v -1.2 3.1 0.6
v 1.2 3.1 0.6
v 1.3 3.1 0.6
v 1.4 3.1 0.6
v 1.5 3.1 0.6
v 1.6 3.1 0.6
v -1.5 3.1 0.5
v -1.4 3.1 0.5
v 1.4 3.1 0.5
v 1.5 3.1 0.5
v -1.4 3.1 0.4
v -1.3 3.1 0.4
v 1.3 3.1 0.4
v 1.4 3.1 0.4
v -1.2 3.1 0.3
v -1.1 3.1 0.3
v 1.1 3.1 0.3
v 1.2 3.1 0.3
v -1.2 3.1 -0.3
v -1.1 3.1 -0.3
v 1.1 3.1 -0.3
v 1.2 3.1 -0.3
v -1.4 3.1 -0.4
v -1.3 3.1 -0.4
v 1.3 3.1 -0.4
v 1.4 3.1 -0.4
v -1.5 3.1 -0.5
v -1.4 3.1 -0.5
v 1.4 3.1 -0.5
v 1.5 3.1 -0.5
v -1.6 3.1 -0.6
v -1.5 3.1 -0.6
v -1.4 3.1 -0.6
v -1.3 3.1 -0.6
v -1.2 3.1 -0.6
v 1.2 3.1 -0.6
v 1.3 3.1 -0.6
v 1.4 3.1 -0.6
v 1.5 3.1 -0.6
v 1.6 3.1 -0.6
v -1.6 3.1 -0.7
v -1.3 3.1 -0.7
v 1.3 3.1 -0.7
v 1.6 3.1 -0.7
v -2.2 3.2 0.8
v -1.3 3.2 0.8
v 1.3 3.2 0.8
v 2.2 3.2 0.8
v -2.2 3.2 0.7
v -1.3 3.2 0.7
v 1.3 3.2 0.7
v 2.2 3.2 0.7
v -2.4 3.2 0.5
v -2.3 3.2 0.5
v 2.3 3.2 0.5
v 2.4 3.2 0.5
v -1.2 3.2 0.4
v -1.1 3.2 0.4
v 1.1 3.2 0.4
v 1.2 3.2 0.4
v -2.4 3.2 0.3
v -2.3 3.2 0.3
v -1.2 3.2 0.3
v -1.1 3.2 0.3
v 1.1 3.2 0.3
v 1.2 3.2 0.3
v 2.3 3.2 0.3
v 2.4 3.2 0.3
v -2.4 3.2 -0.3
v -2.3 3.2 -0.3
v -1.2 3.2 -0.3
v -1.1 3.2 -0.3
v 1.1 3.2 -0.3
v 1.2 3.2 -0.3
v 2.3 3.2 -0.3
v 2.4 3.2 -0.3
v -1.2 3.2 -0.4
v -1.1 3.2 -0.4
v 1.1 3.2 -0.4
v 1.2 3.2 -0.4
v -2.4 3.2 -0.5
v -2.3 3.2 -0.5
v 2.3 3.2 -0.5
v 2.4 3.2 -0.5
v -2.2 3.2 -0.7
v -1.3 3.2 -0.7
v 1.3 3.2 -0.7
v 2.2 3.2 -0.7
v -2.2 3.2 -0.8
v -1.3 3.2 -0.8
v 1.3 3.2 -0.8
v 2.2 3.2 -0.8
v -2.3 3.3 0.7
v -2.2 3.3 0.7
v 2.2 3.3 0.7
v 2.3 3.3 0.7
v -2.4 3.3 0.6
v -2.3 3.3 0.6
v -2.2 3.3 0.6
v 2.2 3.3 0.6
v 2.3 3.3 0.6
v 2.4 3.3 0.6
v -2.4 3.3 0.5
v -2.3 3.3 0.5
v 2.3 3.3 0.5
v 2.4 3.3 0.5
v -2.4 3.3 -0.5
v -2.3 3.3 -0.5
v 2.3 3.3 -0.5
v 2.4 3.3 -0.5
v -2.4 3.3 -0.6
v -2.3 3.3 -0.6
v -2.2 3.3 -0.6
v 2.2 3.3 -0.6
v 2.3 3.3 -0.6
v 2.4 3.3 -0.6
v -2.3 3.3 -0.7
v -2.2 3.3 -0.7
v 2.2 3.3 -0.7
v 2.3 3.3 -0.7
v -2.3 3.4 0.8
v -2.2 3.4 0.8
v 2.2 3.4 0.8
v 2.3 3.4 0.8
v -2.3 3.4 0.7
v -2.2 3.4 0.7
v -1.3 3.4 0.7
v -1.1 3.4 0.7
v 1.1 3.4 0.7
v 1.3 3.4 0.7
v 2.2 3.4 0.7
v 2.3 3.4 0.7
v -1.3 3.4 0.6
v -1.2 3.4 0.6
v 1.2 3.4 0.6
v 1.3 3.4 0.6
v -1.2 3.4 0.5
v -1.1 3.4 0.5
v 1.1 3.4 0.5
v 1.2 3.4 0.5
v -1.2 3.4 0.4
v -1 3.4 0.4
v 1 3.4 0.4
v 1.2 3.4 0.4
v -1.2 3.4 0.3
v -1.1 3.4 0.3
v 1.1 3.4 0.3
v 1.2 3.4 0.3
v -1.2 3.4 -0.3
v -1.1 3.4 -0.3
v 1.1 3.4 -0.3
v 1.2 3.4 -0.3
v -1.2 3.4 -0.4
v -1 3.4 -0.4
v 1 3.4 -0.4
v 1.2 3.4 -0.4
v -1.2 3.4 -0.5
v -1.1 3.4 -0.5
v 1.1 3.4 -0.5
v 1.2 3.4 -0.5
v -1.3 3.4 -0.6
v -1.2 3.4 -0.6
v 1.2 3.4 -0.6
v 1.3 3.4 -0.6
v -2.3 3.4 -0.7
v -2.2 3.4 -0.7
v -1.3 3.4 -0.7
v -1.1 3.4 -0.7
v 1.1 3.4 -0.7
v 1.3 3.4 -0.7
v 2.2 3.4 -0.7
v 2.3 3.4 -0.7
v -2.3 3.4 -0.8
v -2.2 3.4 -0.8
v 2.2 3.4 -0.8
v 2.3 3.4 -0.8
v -1.2 3.5 0.5
v -1.1 3.5 0.5
v -1 3.5 0.5
v 1 3.5 0.5
v 1.1 3.5 0.5
v 1.2 3.5 0.5
v -1.2 3.5 0.4
v -1 3.5 0.4
v 1 3.5 0.4
v 1.2 3.5 0.4
v -1.2 3.5 -0.4
v -1 3.5 -0.4
v 1 3.5 -0.4
v 1.2 3.5 -0.4
v -1.2 3.5 -0.5
v -1.1 3.5 -0.5
v -1 3.5 -0.5
v 1 3.5 -0.5
v 1.1 3.5 -0.5
v 1.2 3.5 -0.5
v -1.2 3.6 0.8
v -0.9 3.6 0.8
v 0.9 3.6 0.8
v 1.2 3.6 0.8
v -2.3 3.6 0.7
v -2.2 3.6 0.7
v -1.2 3.6 0.7
v -1.1 3.6 0.7
v -1 3.6 0.7
v -0.9 3.6 0.7
v 0.9 3.6 0.7
v 1 3.6 0.7
v 1.1 3.6 0.7
v 1.2 3.6 0.7
v 2.2 3.6 0.7
v 2.3 3.6 0.7
v -2.3 3.6 0.6
v -2.2 3.6 0.6
v 2.2 3.6 0.6
v 2.3 3.6 0.6
v -1.1 3.6 0.5
v -1 3.6 0.5
v 1 3.6 0.5
v 1.1 3.6 0.5
v -1 3.6 0.2
v -0.9 3.6 0.2
v 0.9 3.6 0.2
v 1 3.6 0.2
v -1 3.6 -0.2
v -0.9 3.6 -0.2
v 0.9 3.6 -0.2
v 1 3.6 -0.2
v -1.1 3.6 -0.5
v -1 3.6 -0.5
v 1 3.6 -0.5
v 1.1 3.6 -0.5
v -2.3 3.6 -0.6
v -2.2 3.6 -0.6
v 2.2 3.6 -0.6
v 2.3 3.6 -0.6
v -2.3 3.6 -0.7
v -2.2 3.6 -0.7
v -1.2 3.6 -0.7
v -1.1 3.6 -0.7
v -1 3.6 -0.7
v -0.9 3.6 -0.7
v 0.9 3.6 -0.7
v 1 3.6 -0.7
v 1.1 3.6 -0.7
v 1.2 3.6 -0.7
v 2.2 3.6 -0.7
v 2.3 3.6 -0.7
v -1.2 3.6 -0.8
v -0.9 3.6 -0.8
v 0.9 3.6 -0.8
v 1.2 3.6 -0.8
v -1.3 3.7 0.8
v -1.2 3.7 0.8
v 1.2 3.7 0.8
v 1.3 3.7 0.8
v -1.3 3.7 0.7
v -1.2 3.7 0.7
v 1.2 3.7 0.7
v 1.3 3.7 0.7
v -1 3.7 0.6
v -0.9 3.7 0.6
v 0.9 3.7 0.6
v 1 3.7 0.6
v -1 3.7 0.2
v -0.9 3.7 0.2
v -0.8 3.7 0.2
v 0.8 3.7 0.2
v 0.9 3.7 0.2
v 1 3.7 0.2
v -1 3.7 -0.2
v -0.9 3.7 -0.2
v -0.8 3.7 -0.2
v 0.8 3.7 -0.2
v 0.9 3.7 -0.2
v 1 3.7 -0.2
v -1 3.7 -0.6
v -0.9 3.7 -0.6
v 0.9 3.7 -0.6
v 1 3.7 -0.6
v -1.3 3.7 -0.7
v -1.2 3.7 -0.7
v 1.2 3.7 -0.7
v 1.3 3.7 -0.7
v -1.3 3.7 -0.8
v -1.2 3.7 -0.8
v 1.2 3.7 -0.8
v 1.3 3.7 -0.8
v -0.9 3.8 0.8
v -0.8 3.8 0.8
v 0.8 3.8 0.8
v 0.9 3.8 0.8
v -1 3.8 0.7
v -0.9 3.8 0.7
v -0.8 3.8 0.7
v 0.8 3.8 0.7
v 0.9 3.8 0.7
v 1 3.8 0.7
v -1 3.8 0.6
v -0.9 3.8 0.6
v 0.9 3.8 0.6
v 1 3.8 0.6
v -0.9 3.8 0.3
v -0.8 3.8 0.3
v 0.8 3.8 0.3
v 0.9 3.8 0.3
v -0.9 3.8 0.2
v -0.8 3.8 0.2
v 0.8 3.8 0.2
v 0.9 3.8 0.2
v -0.8 3.8 0.1
v -0.7 3.8 0.1
v 0.7 3.8 0.1
v 0.8 3.8 0.1
v -0.8 3.8 -0.1
v -0.7 3.8 -0.1
v 0.7 3.8 -0.1
v 0.8 3.8 -0.1
v -0.9 3.8 -0.2
v -0.8 3.8 -0.2
v 0.8 3.8 -0.2
v 0.9 3.8 -0.2
v -0.9 3.8 -0.3
v -0.8 3.8 -0.3
v 0.8 3.8 -0.3
v 0.9 3.8 -0.3
v -1 3.8 -0.6
v -0.9 3.8 -0.6
v 0.9 3.8 -0.6
v 1 3.8 -0.6
v -1 3.8 -0.7
v -0.9 3.8 -0.7
v -0.8 3.8 -0.7
v 0.8 3.8 -0.7
v 0.9 3.8 -0.7
v 1 3.8 -0.7
v -0.9 3.8 -0.8
v -0.8 3.8 -0.8
v 0.8 3.8 -0.8
v 0.9 3.8 -0.8
v -1.5 3.9 0.8
v -1.3 3.9 0.8
v 1.3 3.9 0.8
v 1.5 3.9 0.8
v -1.5 3.9 0.7
v -1.3 3.9 0.7
v -0.9 3.9 0.7
v -0.8 3.9 0.7
v 0.8 3.9 0.7
v 0.9 3.9 0.7
v 1.3 3.9 0.7
v 1.5 3.9 0.7
v -1 3.9 0.6
v -0.9 3.9 0.6
v -0.8 3.9 0.6
v -0.7 3.9 0.6
v 0.7 3.9 0.6
v 0.8 3.9 0.6
v 0.9 3.9 0.6
v 1 3.9 0.6
v -1 3.9 0.5
v -0.8 3.9 0.5
v -0.7 3.9 0.5
v 0.7 3.9 0.5
v 0.8 3.9 0.5
v 1 3.9 0.5
v -1 3.9 0.4
v -0.9 3.9 0.4
v 0.9 3.9 0.4
v 1 3.9 0.4
v -0.9 3.9 0.3
v -0.8 3.9 0.3
v -0.7 3.9 0.3
v 0.7 3.9 0.3
v 0.8 3.9 0.3
v 0.9 3.9 0.3
v -0.8 3.9 0.1
v -0.7 3.9 0.1
v 0.7 3.9 0.1
v 0.8 3.9 0.1
v -0.8 3.9 -0.1
v -0.7 3.9 -0.1
v 0.7 3.9 -0.1
v 0.8 3.9 -0.1
v -0.9 3.9 -0.3
v -0.8 3.9 -0.3
v -0.7 3.9 -0.3
v 0.7 3.9 -0.3
v 0.8 3.9 -0.3
v 0.9 3.9 -0.3
v -1 3.9 -0.4
v -0.9 3.9 -0.4
v 0.9 3.9 -0.4
v 1 3.9 -0.4
v -1 3.9 -0.5
v -0.8 3.9 -0.5
v -0.7 3.9 -0.5
v 0.7 3.9 -0.5
v 0.8 3.9 -0.5
v 1 3.9 -0.5
v -1 3.9 -0.6
v -0.9 3.9 -0.6
v -0.8 3.9 -0.6
v -0.7 3.9 -0.6
v 0.7 3.9 -0.6
v 0.8 3.9 -0.6
v 0.9 3.9 -0.6
v 1 3.9 -0.6
v -1.5 3.9 -0.7
v -1.3 3.9 -0.7
v -0.9 3.9 -0.7
v -0.8 3.9 -0.7
v 0.8 3.9 -0.7
v 0.9 3.9 -0.7
v 1.3 3.9 -0.7
v 1.5 3.9 -0.7
v -1.5 3.9 -0.8
v -1.3 3.9 -0.8
v 1.3 3.9 -0.8
v 1.5 3.9 -0.8
v -2.3 4 0.8
v -2.2 4 0.8
v -1.7 4 0.8
v -1.5 4 0.8
v 1.5 4 0.8
v 1.7 4 0.8
v 2.2 4 0.8
v 2.3 4 0.8
v -2.3 4 0.7
v -2.2 4 0.7
v -1.7 4 0.7
v -1.5 4 0.7
v 1.5 4 0.7
v 1.7 4 0.7
v 2.2 4 0.7
v 2.3 4 0.7
v -0.8 4 0.4
v -0.7 4 0.4
v 0.7 4 0.4
v 0.8 4 0.4
v -0.8 4 0.3
v -0.7 4 0.3
v -0.6 4 0.3
v 0.6 4 0.3
v 0.7 4 0.3
v 0.8 4 0.3
v -0.8 4 -0.3
v -0.7 4 -0.3
v -0.6 4 -0.3
v 0.6 4 -0.3
v 0.7 4 -0.3
v 0.8 4 -0.3
v -0.8 4 -0.4
v -0.7 4 -0.4
v 0.7 4 -0.4
v 0.8 4 -0.4
v -2.3 4 -0.7
v -2.2 4 -0.7
v -1.7 4 -0.7
v -1.5 4 -0.7
v 1.5 4 -0.7
v 1.7 4 -0.7
v 2.2 4 -0.7
v 2.3 4 -0.7
v -2.3 4 -0.8
v -2.2 4 -0.8
v -1.7 4 -0.8
v -1.5 4 -0.8
v 1.5 4 -0.8
v 1.7 4 -0.8
v 2.2 4 -0.8
v 2.3 4 -0.8
v -1.9 4.1 0.8
v -1.7 4.1 0.8
v 1.7 4.1 0.8
v 1.9 4.1 0.8
v -1.9 4.1 0.7
v -1.7 4.1 0.7
v 1.7 4.1 0.7
v 1.9 4.1 0.7
v -0.8 4.1 0.5
v -0.7 4.1 0.5
v 0.7 4.1 0.5
v 0.8 4.1 0.5
v -0.8 4.1 0.4
v -0.7 4.1 0.4
v -0.6 4.1 0.4
v -0.5 4.1 0.4
v 0.5 4.1 0.4
v 0.6 4.1 0.4
v 0.7 4.1 0.4
v 0.8 4.1 0.4
v -0.6 4.1 0.3
v 0.6 4.1 0.3
v -0.6 4.1 -0.3
v 0.6 4.1 -0.3
v -0.8 4.1 -0.4
v -0.7 4.1 -0.4
v -0.6 4.1 -0.4
v -0.5 4.1 -0.4
v 0.5 4.1 -0.4
v 0.6 4.1 -0.4
v 0.7 4.1 -0.4
v 0.8 4.1 -0.4
v -0.8 4.1 -0.5
v -0.7 4.1 -0.5
v 0.7 4.1 -0.5
v 0.8 4.1 -0.5
v -1.9 4.1 -0.7
v -1.7 4.1 -0.7
v 1.7 4.1 -0.7
v 1.9 4.1 -0.7
v -1.9 4.1 -0.8
v -1.7 4.1 -0.8
v 1.7 4.1 -0.8
v 1.9 4.1 -0.8
v -2 4.2 0.8
v -1.9 4.2 0.8
v 1.9 4.2 0.8
v 2 4.2 0.8
v -2 4.2 0.7
v -1.9 4.2 0.7
v 1.9 4.2 0.7
v 2 4.2 0.7
v -0.5 4.2 0.4
v -0.4 4.2 0.4
v 0.4 4.2 0.4
v 0.5 4.2 0.4
v -0.5 4.2 0.2
v -0.4 4.2 0.2
v 0.4 4.2 0.2
v 0.5 4.2 0.2
v -0.5 4.2 -0.2
v -0.4 4.2 -0.2
v 0.4 4.2 -0.2
v 0.5 4.2 -0.2
v -0.5 4.2 -0.4
v -0.4 4.2 -0.4
v 0.4 4.2 -0.4
v 0.5 4.2 -0.4
v -2 4.2 -0.7
v -1.9 4.2 -0.7
v 1.9 4.2 -0.7
v 2 4.2 -0.7
v -2 4.2 -0.8
v -1.9 4.2 -0.8
v 1.9 4.2 -0.8
v 2 4.2 -0.8
v -2.2 4.3 0.8
v -2 4.3 0.8
v -0.7 4.3 0.8
v -0.5 4.3 0.8
v 0.5 4.3 0.8
v 0.7 4.3 0.8
v 2 4.3 0.8
v 2.2 4.3 0.8
v -2.3 4.3 0.7
v -2.2 4.3 0.7
v -2 4.3 0.7
v -0.7 4.3 0.7
v -0.5 4.3 0.7
v 0.5 4.3 0.7
v 0.7 4.3 0.7
v 2 4.3 0.7
v 2.2 4.3 0.7
v 2.3 4.3 0.7
v -0.8 4.3 0.6
v -0.7 4.3 0.6
v -0.5 4.3 0.6
v -0.4 4.3 0.6
v 0.4 4.3 0.6
v 0.5 4.3 0.6
v 0.7 4.3 0.6
v 0.8 4.3 0.6
v -2.3 4.3 0.5
v -2.2 4.3 0.5
v -0.8 4.3 0.5
v -0.7 4.3 0.5
v -0.6 4.3 0.5
v 0.6 4.3 0.5
v 0.7 4.3 0.5
v 0.8 4.3 0.5
v 2.2 4.3 0.5
v 2.3 4.3 0.5
v -0.8 4.3 0.4
v -0.7 4.3 0.4
v -0.6 4.3 0.4
v -0.5 4.3 0.4
v -0.4 4.3 0.4
v -0.3 4.3 0.4
v 0.3 4.3 0.4
v 0.4 4.3 0.4
v 0.5 4.3 0.4
v 0.6 4.3 0.4
v 0.7 4.3 0.4
v 0.8 4.3 0.4
v -0.7 4.3 0.3
v -0.6 4.3 0.3
v 0.6 4.3 0.3
v 0.7 4.3 0.3
v -0.4 4.3 0.2
v 0.4 4.3 0.2
v -0.4 4.3 -0.2
v 0.4 4.3 -0.2
v -0.7 4.3 -0.3
v -0.6 4.3 -0.3
v 0.6 4.3 -0.3
v 0.7 4.3 -0.3
v -0.8 4.3 -0.4
v -0.7 4.3 -0.4
v -0.6 4.3 -0.4
v -0.5 4.3 -0.4
v -0.4 4.3 -0.4
v -0.3 4.3 -0.4
v 0.3 4.3 -0.4
v 0.4 4.3 -0.4
v 0.5 4.3 -0.4
v 0.6 4.3 -0.4
v 0.7 4.3 -0.4
v 0.8 4.3 -0.4
v -2.3 4.3 -0.5
v -2.2 4.3 -0.5
v -0.8 4.3 -0.5
v -0.7 4.3 -0.5
v -0.6 4.3 -0.5
v 0.6 4.3 -0.5
v 0.7 4.3 -0.5
v 0.8 4.3 -0.5
v 2.2 4.3 -0.5
v 2.3 4.3 -0.5
v -0.8 4.3 -0.6
v -0.7 4.3 -0.6
v -0.5 4.3 -0.6
v -0.4 4.3 -0.6
v 0.4 4.3 -0.6
v 0.5 4.3 -0.6
v 0.7 4.3 -0.6
v 0.8 4.3 -0.6
v -2.3 4.3 -0.7
v -2.2 4.3 -0.7
v -2 4.3 -0.7
v -0.7 4.3 -0.7
v -0.5 4.3 -0.7
v 0.5 4.3 -0.7
v 0.7 4.3 -0.7
v 2 4.3 -0.7
v 2.2 4.3 -0.7
v 2.3 4.3 -0.7
v -2.2 4.3 -0.8
v -2 4.3 -0.8
v -0.7 4.3 -0.8
v -0.5 4.3 -0.8
v 0.5 4.3 -0.8
v 0.7 4.3 -0.8
v 2 4.3 -0.8
v 2.2 4.3 -0.8
v -0.8 4.4 0.8
v -0.7 4.4 0.8
v 0.7 4.4 0.8
v 0.8 4.4 0.8
v -0.8 4.4 0.7
v -0.7 4.4 0.7
v 0.7 4.4 0.7
v 0.8 4.4 0.7
v -2.4 4.4 0.6
v -2.3 4.4 0.6
v -0.8 4.4 0.6
v -0.7 4.4 0.6
v 0.7 4.4 0.6
v 0.8 4.4 0.6
v 2.3 4.4 0.6
v 2.4 4.4 0.6
v -2.3 4.4 0.5
v -2.2 4.4 0.5
v -0.7 4.4 0.5
v -0.6 4.4 0.5
v 0.6 4.4 0.5
v 0.7 4.4 0.5
v 2.2 4.4 0.5
v 2.3 4.4 0.5
v -2.3 4.4 0.4
v -2.2 4.4 0.4
v -0.7 4.4 0.4
v -0.6 4.4 0.4
v -0.3 4.4 0.4
v -0.2 4.4 0.4
v 0.2 4.4 0.4
v 0.3 4.4 0.4
v 0.6 4.4 0.4
v 0.7 4.4 0.4
v 2.2 4.4 0.4
v 2.3 4.4 0.4
v -2.4 4.4 0.3
v -2.3 4.4 0.3
v -0.2 4.4 0.3
v -0.0999999 4.4 0.3
v 0.1 4.4 0.3
v 0.2 4.4 0.3
v 2.3 4.4 0.3
v 2.4 4.4 0.3
v -2.4 4.4 -0.3
v -2.3 4.4 -0.3
v -0.2 4.4 -0.3
v -0.0999999 4.4 -0.3
v 0.1 4.4 -0.3
v 0.2 4.4 -0.3
v 2.3 4.4 -0.3
v 2.4 4.4 -0.3
v -2.3 4.4 -0.4
v -2.2 4.4 -0.4
v -0.7 4.4 -0.4
v -0.6 4.4 -0.4
v -0.3 4.4 -0.4
v -0.2 4.4 -0.4
v 0.2 4.4 -0.4
v 0.3 4.4 -0.4
v 0.6 4.4 -0.4
v 0.7 4.4 -0.4
v 2.2 4.4 -0.4
v 2.3 4.4 -0.4
v -2.3 4.4 -0.5
v -2.2 4.4 -0.5
v -0.7 4.4 -0.5
v -0.6 4.4 -0.5
v 0.6 4.4 -0.5
v 0.7 4.4 -0.5
v 2.2 4.4 -0.5
v 2.3 4.4 -0.5
v -2.4 4.4 -0.6
v -2.3 4.4 -0.6
v -0.8 4.4 -0.6
v -0.7 4.4 -0.6
v 0.7 4.4 -0.6
v 0.8 4.4 -0.6
v 2.3 4.4 -0.6
v 2.4 4.4 -0.6
v -0.8 4.4 -0.7
v -0.7 4.4 -0.7
v 0.7 4.4 -0.7
v 0.8 4.4 -0.7
v -0.8 4.4 -0.8
v -0.7 4.4 -0.8
v 0.7 4.4 -0.8
v 0.8 4.4 -0.8
v -0.9 4.5 0.8
v -0.8 4.5 0.8
v 0.8 4.5 0.8
v 0.9 4.5 0.8
v -0.9 4.5 0.7
v -0.8 4.5 0.7
v 0.8 4.5 0.7
v 0.9 4.5 0.7
v -0.4 4.5 0.6
v -0.2 4.5 0.6
v 0.2 4.5 0.6
v 0.4 4.5 0.6
v -0.4 4.5 0.4
v -0.2 4.5 0.4
v 0.2 4.5 0.4
v 0.4 4.5 0.4
v -2.4 4.5 0.3
v -2.3 4.5 0.3
v -0.2 4.5 0.3
v -0.0999999 4.5 0.3
v 0.1 4.5 0.3
v 0.2 4.5 0.3
v 2.3 4.5 0.3
v 2.4 4.5 0.3
v -2.4 4.5 -0.3
v -2.3 4.5 -0.3
v -0.2 4.5 -0.3
v -0.0999999 4.5 -0.3
v 0.1 4.5 -0.3
v 0.2 4.5 -0.3
v 2.3 4.5 -0.3
v 2.4 4.5 -0.3
v -0.4 4.5 -0.4
v -0.2 4.5 -0.4
v 0.2 4.5 -0.4
v 0.4 4.5 -0.4
v -0.4 4.5 -0.6
v -0.2 4.5 -0.6
v 0.2 4.5 -0.6
v 0.4 4.5 -0.6
v -0.9 4.5 -0.7
v -0.8 4.5 -0.7
v 0.8 4.5 -0.7
v 0.9 4.5 -0.7
v -0.9 4.5 -0.8
v -0.8 4.5 -0.8
v 0.8 4.5 -0.8
v 0.9 4.5 -0.8
v -2.3 4.6 0.8
v -2.2 4.6 0.8
v -1 4.6 0.8
v -0.9 4.6 0.8
v -0.5 4.6 0.8
v -0.2 4.6 0.8
v 0.2 4.6 0.8
v 0.5 4.6 0.8
v 0.9 4.6 0.8
v 1 4.6 0.8
v 2.2 4.6 0.8
v 2.3 4.6 0.8
v -2.3 4.6 0.7
v -2.2 4.6 0.7
v -1 4.6 0.7
v -0.9 4.6 0.7
v 0.9 4.6 0.7
v 1 4.6 0.7
v 2.2 4.6 0.7
v 2.3 4.6 0.7
v -0.5 4.6 0.6
v -0.2 4.6 0.6
v 0.2 4.6 0.6
v 0.5 4.6 0.6
v -0.2 4.6 0.4
v 0.2 4.6 0.4
v -0.2 4.6 -0.4
v 0.2 4.6 -0.4
v -0.5 4.6 -0.6
v -0.2 4.6 -0.6
v 0.2 4.6 -0.6
v 0.5 4.6 -0.6
v -2.3 4.6 -0.7
v -2.2 4.6 -0.7
v -1 4.6 -0.7
v -0.9 4.6 -0.7
v 0.9 4.6 -0.7
v 1 4.6 -0.7
v -2.3 4.6 -0.8
v -2.2 4.6 -0.8
v -1 4.6 -0.8
v -0.9 4.6 -0.8
v -0.5 4.6 -0.8
v -0.2 4.6 -0.8
v 0.2 4.6 -0.8
v 0.5 4.6 -0.8
v 0.9 4.6 -0.8
v 1 4.6 -0.8
v -1.1 4.7 0.8
v -1 4.7 0.8
v -0.0999999 4.7 0.8
v 0.1 4.7 0.8
v 1 4.7 0.8
v 1.1 4.7 0.8
v -1.1 4.7 0.7
v -1 4.7 0.7
v -0.2 4.7 0.7
v -0.0999999 4.7 0.7
v 0.1 4.7 0.7
v 0.2 4.7 0.7
v 1 4.7 0.7
v 1.1 4.7 0.7
v -0.2 4.7 0.6
v 0.2 4.7 0.6
v -0.2 4.7 -0.6
v 0.2 4.7 -0.6
v -1.1 4.7 -0.7
v -1 4.7 -0.7
v -0.2 4.7 -0.7
v -0.0999999 4.7 -0.7
v 0.1 4.7 -0.7
v 0.2 4.7 -0.7
v 1 4.7 -0.7
v 1.1 4.7 -0.7
v -1.1 4.7 -0.8
v -1 4.7 -0.8
v -0.0999999 4.7 -0.8
v 0.1 4.7 -0.8
v 1 4.7 -0.8
v 1.1 4.7 -0.8
v -1.2 4.8 0.8
v -1.1 4.8 0.8
v 1.1 4.8 0.8
v 1.2 4.8 0.8
v -1.2 4.8 0.7
v -1.1 4.8 0.7
v 1.1 4.8 0.7
v 1.2 4.8 0.7
v -1.2 4.8 -0.7
v -1.1 4.8 -0.7
v 1.1 4.8 -0.7
v 1.2 4.8 -0.7
v -1.2 4.8 -0.8
v -1.1 4.8 -0.8
v 1.1 4.8 -0.8
v 1.2 4.8 -0.8
v -1.3 5 0.8
v -1.2 5 0.8
v -0.2 5 0.8
v -0.0999999 5 0.8
v 0.1 5 0.8
v 0.2 5 0.8
v 1.2 5 0.8
v 1.3 5 0.8
v -1.3 5 0.7
v -1.2 5 0.7
v -0.2 5 0.7
v -0.0999999 5 0.7
v 0.1 5 0.7
v 0.2 5 0.7
v 1.2 5 0.7
v 1.3 5 0.7
v 1.9 5 -0.5
v 2 5 -0.5
v -1.3 5 -0.7
v -1.2 5 -0.7
v -0.2 5 -0.7
v -0.0999999 5 -0.7
v 0.1 5 -0.7
v 0.2 5 -0.7
v 1.2 5 -0.7
v 1.3 5 -0.7
v 1.9 5 -0.7
v 2 5 -0.7
v -1.3 5 -0.8
v -1.2 5 -0.8
v -0.2 5 -0.8
v -0.0999999 5 -0.8
v 0.1 5 -0.8
v 0.2 5 -0.8
v 1.2 5 -0.8
v 1.3 5 -0.8
v 1.9 5.1 -0.1
v 2 5.1 -0.1
v 1.9 5.1 -0.4
v 2 5.1 -0.4
v 1.7 5.2 -0.5
v 1.8 5.2 -0.5
v 1.8 5.2 -0.7
v 1.7 5.2 -0.8
v 1.8 5.2 -0.8
v -1.4 5.3 0.8
v -1.3 5.3 0.8
v -0.3 5.3 0.8
v -0.2 5.3 0.8
v 0.2 5.3 0.8
v 0.3 5.3 0.8
v 1.3 5.3 0.8
v 1.4 5.3 0.8
v -1.4 5.3 0.7
v -1.3 5.3 0.7
v -0.3 5.3 0.7
v -0.2 5.3 0.7
v 0.2 5.3 0.7
v 0.3 5.3 0.7
v 1.3 5.3 0.7
v 1.4 5.3 0.7
v 1.6 5.3 0.4
v 1.7 5.3 0.4
v 1.7 5.3 0.2
v 1.7 5.3 0.1
v 1.7 5.3 -0.1
v 1.8 5.3 -0.1
v 1.7 5.3 -0.2
v 1.8 5.3 -0.2
v 1.6 5.3 -0.6
v 1.7 5.3 -0.6
v -1.4 5.3 -0.7
v -1.3 5.3 -0.7
v -0.3 5.3 -0.7
v -0.2 5.3 -0.7
v 0.2 5.3 -0.7
v 0.3 5.3 -0.7
v 1.3 5.3 -0.7
v 1.4 5.3 -0.7
v -1.4 5.3 -0.8
v -1.3 5.3 -0.8
v -0.3 5.3 -0.8
v -0.2 5.3 -0.8
v 0.2 5.3 -0.8
v 0.3 5.3 -0.8
v 1.3 5.3 -0.8
v 1.4 5.3 -0.8
v -1.5 5.4 0.6
v -1.4 5.4 0.6
v 1.4 5.4 0.6
v 1.5 5.4 0.6
v -1.5 5.4 0.4
v -1.4 5.4 0.4
v 1.4 5.4 0.4
v 1.5 5.4 0.4
v -1.5 5.4 -0.4
v -1.4 5.4 -0.4
v 1.4 5.4 -0.4
v 1.5 5.4 -0.4
v 1.6 5.4 -0.4
v 1.5 5.4 -0.5
v 1.6 5.4 -0.5
v -1.5 5.4 -0.6
v -1.4 5.4 -0.6
v 1.4 5.4 -0.6
v 1.5 5.4 -0.6
v 1.4 5.5 0.2
v 1.5 5.5 0.2
v 1.4 5.5 -0.2
v 1.5 5.5 -0.2
v -2.6 0.2 0.8
v -2.5 0.2 0.8
v 2.4 0.2 0.8
v 2.5 0.2 0.8
v -2.6 0.2 0.7
v -2.5 0.2 0.7
v 2.4 0.2 0.7
v 2.5 0.2 0.7
v -2.7 0.2 0.6
v -2.6 0.2 0.6
v 2.5 0.2 0.6
v 2.6 0.2 0.6
v -2.7 0.2 0.5
v -2.6 0.2 0.5
v 2.5 0.2 0.5
v 2.6 0.2 0.5
v -2.7 0.2 -0.5
v -2.6 0.2 -0.5
v 2.5 0.2 -0.5
v 2.6 0.2 -0.5
v -2.7 0.2 -0.6
v -2.6 0.2 -0.6
v 2.5 0.2 -0.6
v 2.6 0.2 -0.6
v -2.6 0.2 -0.7
v -2.5 0.2 -0.7
v 2.4 0.2 -0.7
v 2.5 0.2 -0.7
v -2.6 0.2 -0.8
v -2.5 0.2 -0.8
v 2.4 0.2 -0.8
v 2.5 0.2 -0.8
v -2.7 0.3 0.5
v -2.6 0.3 0.5
v 2.5 0.3 0.5
v 2.6 0.3 0.5
v -2.7 0.3 0.4
v -2.6 0.3 0.4
v 2.5 0.3 0.4
v 2.6 0.3 0.4
v -2.7 0.3 -0.4
v -2.6 0.3 -0.4
v 2.5 0.3 -0.4
v 2.6 0.3 -0.4
v -2.7 0.3 -0.5
v -2.6 0.3 -0.5
v 2.5 0.3 -0.5
v 2.6 0.3 -0.5
v -1.5 0.4 0.4
v -1.4 0.4 0.4
v 1.3 0.4 0.4
v 1.4 0.4 0.4
v -1.5 0.4 0.3
v -1.4 0.4 0.3
v 1.3 0.4 0.3
v 1.4 0.4 0.3
v -1.5 0.4 -0.3
v -1.4 0.4 -0.3
v 1.3 0.4 -0.3
v 1.4 0.4 -0.3
v -1.5 0.4 -0.4
v -1.4 0.4 -0.4
v 1.3 0.4 -0.4
v 1.4 0.4 -0.4
v -2.7 0.6 0.6
v -2.6 0.6 0.6
v 2.5 0.6 0.6
v 2.6 0.6 0.6
v -2.7 0.6 0.5
v -2.6 0.6 0.5
v 2.5 0.6 0.5
v 2.6 0.6 0.5
v -2.7 0.6 -0.5
v -2.6 0.6 -0.5
v 2.5 0.6 -0.5
v 2.6 0.6 -0.5
v -2.7 0.6 -0.6
v -2.6 0.6 -0.6
v 2.5 0.6 -0.6
v 2.6 0.6 -0.6
v -2.6 0.7 0.8
v -2.5 0.7 0.8
v 2.4 0.7 0.8
v 2.5 0.7 0.8
v -2.6 0.7 0.7
v -2.5 0.7 0.7
v 2.4 0.7 0.7
v 2.5 0.7 0.7
v -1.6 0.7 0.6
v -1.5 0.7 0.6
v 1.4 0.7 0.6
v 1.5 0.7 0.6
v -1.6 0.7 0.5
v -1.5 0.7 0.5
v 1.4 0.7 0.5
v 1.5 0.7 0.5
v -1.5 0.7 0.3
v -1.4 0.7 0.3
v 1.3 0.7 0.3
v 1.4 0.7 0.3
v -1.5 0.7 -0.3
v -1.4 0.7 -0.3
v 1.3 0.7 -0.3
v 1.4 0.7 -0.3
v -1.6 0.7 -0.5
v -1.5 0.7 -0.5
v 1.4 0.7 -0.5
v 1.5 0.7 -0.5
v -1.6 0.7 -0.6
v -1.5 0.7 -0.6
v 1.4 0.7 -0.6
v 1.5 0.7 -0.6
v -2.6 0.7 -0.7
v -2.5 0.7 -0.7
v 2.4 0.7 -0.7
v 2.5 0.7 -0.7
v -2.6 0.7 -0.8
v -2.5 0.7 -0.8
v 2.4 0.7 -0.8
v 2.5 0.7 -0.8
v -1.7 0.8 0.8
v -1.6 0.8 0.8
v 1.5 0.8 0.8
v 1.6 0.8 0.8
v -2.6 0.8 0.6
v -2.5 0.8 0.6
v -1.7 0.8 0.6
v -1.6 0.8 0.6
v 1.5 0.8 0.6
v 1.6 0.8 0.6
v 2.4 0.8 0.6
v 2.5 0.8 0.6
v -2.6 0.8 0.5
v -2.5 0.8 0.5
v 2.4 0.8 0.5
v 2.5 0.8 0.5
v -2.6 0.8 -0.5
v -2.5 0.8 -0.5
v 2.4 0.8 -0.5
v 2.5 0.8 -0.5
v -2.6 0.8 -0.6
v -2.5 0.8 -0.6
v -1.7 0.8 -0.6
v -1.6 0.8 -0.6
v 1.5 0.8 -0.6
v 1.6 0.8 -0.6
v 2.4 0.8 -0.6
v 2.5 0.8 -0.6
v -1.7 0.8 -0.8
v -1.6 0.8 -0.8
v 1.5 0.8 -0.8
v 1.6 0.8 -0.8
v -2.5 0.9 0.8
v -1.7 0.9 0.8
v 1.6 0.9 0.8
v 2.4 0.9 0.8
v -2.6 0.9 0.7
v -2.5 0.9 0.7
v -1.7 0.9 0.7
v 1.6 0.9 0.7
v 2.4 0.9 0.7
v 2.5 0.9 0.7
v -2.6 0.9 0.6
v -2.5 0.9 0.6
v 2.4 0.9 0.6
v 2.5 0.9 0.6
v -2.7 0.9 0.5
v -2.5 0.9 0.5
v -1.6 0.9 0.5
v -1.5 0.9 0.5
v 1.4 0.9 0.5
v 1.5 0.9 0.5
v 2.4 0.9 0.5
v 2.6 0.9 0.5
v -2.6 0.9 0.4
v -2.5 0.9 0.4
v 2.4 0.9 0.4
v 2.5 0.9 0.4
v -1.6 0.9 0.3
v -1.5 0.9 0.3
v 1.4 0.9 0.3
v 1.5 0.9 0.3
v -1.6 0.9 -0.3
v -1.5 0.9 -0.3
v 1.4 0.9 -0.3
v 1.5 0.9 -0.3
v -2.6 0.9 -0.4
v -2.5 0.9 -0.4
v 2.4 0.9 -0.4
v 2.5 0.9 -0.4
v -2.7 0.9 -0.5
v -2.5 0.9 -0.5
v -1.6 0.9 -0.5
v -1.5 0.9 -0.5
v 1.4 0.9 -0.5
v 1.5 0.9 -0.5
v 2.4 0.9 -0.5
v 2.6 0.9 -0.5
v -2.6 0.9 -0.6
v -2.5 0.9 -0.6
v 2.4 0.9 -0.6
v 2.5 0.9 -0.6
v -2.6 0.9 -0.7
v -2.5 0.9 -0.7
v -1.7 0.9 -0.7
v 1.6 0.9 -0.7
v 2.4 0.9 -0.7
v 2.5 0.9 -0.7
v -2.5 0.9 -0.8
v -1.7 0.9 -0.8
v 1.6 0.9 -0.8
v 2.4 0.9 -0.8
v -1.5 1.3 0.3
v -1.4 1.3 0.3
v 1.3 1.3 0.3
v 1.4 1.3 0.3
v -1.5 1.3 0.2
v -1.4 1.3 0.2
v 1.3 1.3 0.2
v 1.4 1.3 0.2
v -1.5 1.3 -0.2
v -1.4 1.3 -0.2
v 1.3 1.3 -0.2
v 1.4 1.3 -0.2
v -1.5 1.3 -0.3
v -1.4 1.3 -0.3
v 1.3 1.3 -0.3
v 1.4 1.3 -0.3
v -2.6 1.6 0.8
v -2.5 1.6 0.8
v 2.4 1.6 0.8
v 2.5 1.6 0.8
v -2.6 1.6 0.7
v -2.5 1.6 0.7
v 2.4 1.6 0.7
v 2.5 1.6 0.7
v -2.6 1.6 -0.7
v -2.5 1.6 -0.7
v 2.4 1.6 -0.7
v 2.5 1.6 -0.7
v -2.6 1.6 -0.8
v -2.5 1.6 -0.8
v 2.4 1.6 -0.8
v 2.5 1.6 -0.8
v -1.7 1.7 0.8
v -1.6 1.7 0.8
v 1.5 1.7 0.8
v 1.6 1.7 0.8
v -1.7 1.7 0.6
v -1.6 1.7 0.6
v 1.5 1.7 0.6
v 1.6 1.7 0.6
v -1.7 1.7 -0.6
v -1.6 1.7 -0.6
v 1.5 1.7 -0.6
v 1.6 1.7 -0.6
v -1.7 1.7 -0.8
v -1.6 1.7 -0.8
v 1.5 1.7 -0.8
v 1.6 1.7 -0.8
v -2.5 1.8 0.8
v -2.4 1.8 0.8
v 2.3 1.8 0.8
v 2.4 1.8 0.8
v -2.5 1.8 0.7
v -2.4 1.8 0.7
v 2.3 1.8 0.7
v 2.4 1.8 0.7
v -2.7 1.8 0.6
v -2.6 1.8 0.6
v -1.6 1.8 0.6
v -1.5 1.8 0.6
v 1.4 1.8 0.6
v 1.5 1.8 0.6
v 2.5 1.8 0.6
v 2.6 1.8 0.6
v -2.7 1.8 0.5
v -2.6 1.8 0.5
v 2.5 1.8 0.5
v 2.6 1.8 0.5
v -1.6 1.8 0.3
v -1.5 1.8 0.3
v -1.4 1.8 0.3
v 1.3 1.8 0.3
v 1.4 1.8 0.3
v 1.5 1.8 0.3
v -1.5 1.8 0.2
v -1.4 1.8 0.2
v 1.3 1.8 0.2
v 1.4 1.8 0.2
v -1.5 1.8 -0.2
v -1.4 1.8 -0.2
v 1.3 1.8 -0.2
v 1.4 1.8 -0.2
v -1.6 1.8 -0.3
v -1.5 1.8 -0.3
v -1.4 1.8 -0.3
v 1.3 1.8 -0.3
v 1.4 1.8 -0.3
v 1.5 1.8 -0.3
v -2.7 1.8 -0.5
v -2.6 1.8 -0.5
v 2.5 1.8 -0.5
v 2.6 1.8 -0.5
v -2.7 1.8 -0.6
v -2.6 1.8 -0.6
v -1.6 1.8 -0.6
v -1.5 1.8 -0.6
v 1.4 1.8 -0.6
v 1.5 1.8 -0.6
v 2.5 1.8 -0.6
v 2.6 1.8 -0.6
v -2.5 1.8 -0.7
v -2.4 1.8 -0.7
v 2.3 1.8 -0.7
v 2.4 1.8 -0.7
v -2.5 1.8 -0.8
v -2.4 1.8 -0.8
v 2.3 1.8 -0.8
v 2.4 1.8 -0.8
v -2.4 1.9 0.8
v -2.3 1.9 0.8
v -1.7 1.9 0.8
v 1.6 1.9 0.8
v 2.2 1.9 0.8
v 2.3 1.9 0.8
v -2.4 1.9 0.7
v -2.3 1.9 0.7
v -2.1 1.9 0.7
v -1.7 1.9 0.7
v 1.6 1.9 0.7
v 2 1.9 0.7
v 2.2 1.9 0.7
v 2.3 1.9 0.7
v -2.3 1.9 0.6
v -2.2 1.9 0.6
v -2.1 1.9 0.6
v 2 1.9 0.6
v 2.1 1.9 0.6
v 2.2 1.9 0.6
v -2.7 1.9 0.5
v -2.6 1.9 0.5
v 2.5 1.9 0.5
v 2.6 1.9 0.5
v -1.5 1.9 0.2
v -1.4 1.9 0.2
v 1.3 1.9 0.2
v 1.4 1.9 0.2
v -1.5 1.9 -0.2
v -1.4 1.9 -0.2
v 1.3 1.9 -0.2
v 1.4 1.9 -0.2
v -2.7 1.9 -0.5
v -2.6 1.9 -0.5
v 2.5 1.9 -0.5
v 2.6 1.9 -0.5
v -2.3 1.9 -0.6
v -2.2 1.9 -0.6
v -2.1 1.9 -0.6
v 2 1.9 -0.6
v 2.1 1.9 -0.6
v 2.2 1.9 -0.6
v -2.4 1.9 -0.7
v -2.3 1.9 -0.7
v -2.1 1.9 -0.7
v -1.7 1.9 -0.7
v 1.6 1.9 -0.7
v 2 1.9 -0.7
v 2.2 1.9 -0.7
v 2.3 1.9 -0.7
v -2.4 1.9 -0.8
v -2.3 1.9 -0.8
v -1.7 1.9 -0.8
v 1.6 1.9 -0.8
v 2.2 1.9 -0.8
v 2.3 1.9 -0.8
v -2.6 2 0.7
v -2.5 2 0.7
v -2.6 2 0.3
v -2.5 2 0.3
v -2.6 2 -0.3
v -2.5 2 -0.3
v -2.6 2 -0.7
v -2.5 2 -0.7
v -1.4 2.1 0.3
v -1.3 2.1 0.3
v 1.3 2.1 0.3
v 1.4 2.1 0.3
v -1.4 2.1 0.2
v -1.3 2.1 0.2
v 1.3 2.1 0.2
v 1.4 2.1 0.2
v -1.4 2.1 -0.2
v -1.3 2.1 -0.2
v 1.3 2.1 -0.2
v 1.4 2.1 -0.2
v -1.4 2.1 -0.3
v -1.3 2.1 -0.3
v 1.3 2.1 -0.3
v 1.4 2.1 -0.3
v -1.6 2.2 0.8
v -1.5 2.2 0.8
v 1.5 2.2 0.8
v 1.6 2.2 0.8
v -1.6 2.2 0.7
v -1.5 2.2 0.7
v 1.5 2.2 0.7
v 1.6 2.2 0.7
v -1.6 2.2 -0.7
v -1.5 2.2 -0.7
v 1.5 2.2 -0.7
v 1.6 2.2 -0.7
v -1.6 2.2 -0.8
v -1.5 2.2 -0.8
v 1.5 2.2 -0.8
v 1.6 2.2 -0.8
v -1.4 2.6 0.3
v -1.3 2.6 0.3
v 1.3 2.6 0.3
v 1.4 2.6 0.3
v -1.4 2.6 0.2
v -1.3 2.6 0.2
v 1.3 2.6 0.2
v 1.4 2.6 0.2
v -1.4 2.6 -0.2
v -1.3 2.6 -0.2
v 1.3 2.6 -0.2
v 1.4 2.6 -0.2
v -1.4 2.6 -0.3
v -1.3 2.6 -0.3
v 1.3 2.6 -0.3
v 1.4 2.6 -0.3
v -1.6 2.7 0.8
v -1.5 2.7 0.8
v 1.5 2.7 0.8
v 1.6 2.7 0.8
v -1.6 2.7 0.7
v -1.5 2.7 0.7
v 1.5 2.7 0.7
v 1.6 2.7 0.7
v -1.6 2.7 -0.7
v -1.5 2.7 -0.7
v 1.5 2.7 -0.7
v 1.6 2.7 -0.7
v -1.6 2.7 -0.8
v -1.5 2.7 -0.8
v 1.5 2.7 -0.8
v 1.6 2.7 -0.8
v -2.5 2.8 0.8
v -2.4 2.8 0.8
v 2.4 2.8 0.8
v 2.5 2.8 0.8
v -2.5 2.8 0.7
v -2.4 2.8 0.7
v 2.4 2.8 0.7
v 2.5 2.8 0.7
v -2.6 2.8 0.6
v -2.5 2.8 0.6
v 2.5 2.8 0.6
v 2.6 2.8 0.6
v -2.6 2.8 0.5
v -2.5 2.8 0.5
v 2.5 2.8 0.5
v 2.6 2.8 0.5
v -2.6 2.8 -0.5
v -2.5 2.8 -0.5
v 2.5 2.8 -0.5
v 2.6 2.8 -0.5
v -2.6 2.8 -0.6
v -2.5 2.8 -0.6
v 2.5 2.8 -0.6
v 2.6 2.8 -0.6
v -2.5 2.8 -0.7
v -2.4 2.8 -0.7
v 2.4 2.8 -0.7
v 2.5 2.8 -0.7
v -2.5 2.8 -0.8
v -2.4 2.8 -0.8
v 2.4 2.8 -0.8
v 2.5 2.8 -0.8
v -2.5 2.9 0.7
v -2.4 2.9 0.7
v 2.4 2.9 0.7
v 2.5 2.9 0.7
v -2.5 2.9 0.6
v -2.4 2.9 0.6
v 2.4 2.9 0.6
v 2.5 2.9 0.6
v -2.6 2.9 0.5
v -2.5 2.9 0.5
v 2.5 2.9 0.5
v 2.6 2.9 0.5
v -2.6 2.9 0.4
v -2.5 2.9 0.4
v 2.5 2.9 0.4
v 2.6 2.9 0.4
v -2.6 2.9 -0.4
v -2.5 2.9 -0.4
v 2.5 2.9 -0.4
v 2.6 2.9 -0.4
v -2.6 2.9 -0.5
v -2.5 2.9 -0.5
v 2.5 2.9 -0.5
v 2.6 2.9 -0.5
v -2.5 2.9 -0.6
v -2.4 2.9 -0.6
v 2.4 2.9 -0.6
v 2.5 2.9 -0.6
v -2.5 2.9 -0.7
v -2.4 2.9 -0.7
v 2.4 2.9 -0.7
v 2.5 2.9 -0.7
v -2.4 3 0.8
v -1.6 3 0.8
v 1.6 3 0.8
v 2.4 3 0.8
v -2.4 3 0.7
v -1.6 3 0.7
v -1.5 3 0.7
v 1.5 3 0.7
v 1.6 3 0.7
v 2.4 3 0.7
v -2.5 3 0.6
v -2.4 3 0.6
v -1.6 3 0.6
v -1.5 3 0.6
v -1.4 3 0.6
v 1.4 3 0.6
v 1.5 3 0.6
v 1.6 3 0.6
v 2.4 3 0.6
v 2.5 3 0.6
v -2.5 3 0.5
v -2.4 3 0.5
v -1.5 3 0.5
v -1.4 3 0.5
v 1.4 3 0.5
v 1.5 3 0.5
v 2.4 3 0.5
v 2.5 3 0.5
v -2.6 3 0.4
v -2.5 3 0.4
v 2.5 3 0.4
v 2.6 3 0.4
v -2.6 3 -0.4
v -2.5 3 -0.4
v 2.5 3 -0.4
v 2.6 3 -0.4
v -2.5 3 -0.5
v -2.4 3 -0.5
v -1.5 3 -0.5
v -1.4 3 -0.5
v 1.4 3 -0.5
v 1.5 3 -0.5
v 2.4 3 -0.5
v 2.5 3 -0.5
v -2.5 3 -0.6
v -2.4 3 -0.6
v -1.6 3 -0.6
v -1.5 3 -0.6
v -1.4 3 -0.6
v 1.4 3 -0.6
v 1.5 3 -0.6
v 1.6 3 -0.6
v 2.4 3 -0.6
v 2.5 3 -0.6
v -2.4 3 -0.7
v -1.6 3 -0.7
v -1.5 3 -0.7
v 1.5 3 -0.7
v 1.6 3 -0.7
v 2.4 3 -0.7
v -2.4 3 -0.8
v -1.6 3 -0.8
v 1.6 3 -0.8
v 2.4 3 -0.8
v -2.4 3.1 0.7
v -2.2 3.1 0.7
v 2.2 3.1 0.7
v 2.4 3.1 0.7
v -2.3 3.1 0.6
v -2.2 3.1 0.6
v 2.2 3.1 0.6
v 2.3 3.1 0.6
v -2.5 3.1 0.5
v -2.4 3.1 0.5
v -2.3 3.1 0.5
v 2.3 3.1 0.5
v 2.4 3.1 0.5
v 2.5 3.1 0.5
v -2.4 3.1 0.3
v -2.3 3.1 0.3
v 2.3 3.1 0.3
v 2.4 3.1 0.3
v -2.4 3.1 -0.3
v -2.3 3.1 -0.3
v 2.3 3.1 -0.3
v 2.4 3.1 -0.3
v -2.5 3.1 -0.5
v -2.4 3.1 -0.5
v -2.3 3.1 -0.5
v 2.3 3.1 -0.5
v 2.4 3.1 -0.5
v 2.5 3.1 -0.5
v -2.3 3.1 -0.6
v -2.2 3.1 -0.6
v 2.2 3.1 -0.6
v 2.3 3.1 -0.6
v -2.4 3.1 -0.7
v -2.2 3.1 -0.7
v 2.2 3.1 -0.7
v 2.4 3.1 -0.7
v -1.2 3.3 0.4
v -1.1 3.3 0.4
v 1.1 3.3 0.4
v 1.2 3.3 0.4
v -1.2 3.3 0.3
v -1.1 3.3 0.3
v 1.1 3.3 0.3
v 1.2 3.3 0.3
v -1.2 3.3 -0.3
v -1.1 3.3 -0.3
v 1.1 3.3 -0.3
v 1.2 3.3 -0.3
v -1.2 3.3 -0.4
v -1.1 3.3 -0.4
v 1.1 3.3 -0.4
v 1.2 3.3 -0.4
v -2.3 3.5 0.7
v -2.2 3.5 0.7
v 2.2 3.5 0.7
v 2.3 3.5 0.7
v -2.3 3.5 0.6
v -2.2 3.5 0.6
v 2.2 3.5 0.6
v 2.3 3.5 0.6
v -2.3 3.5 -0.6
v -2.2 3.5 -0.6
v 2.2 3.5 -0.6
v 2.3 3.5 -0.6
v -2.3 3.5 -0.7
v -2.2 3.5 -0.7
v 2.2 3.5 -0.7
v 2.3 3.5 -0.7
v -1.4 3.7 0.8
v -1.3 3.7 0.8
v 1.3 3.7 0.8
v 1.4 3.7 0.8
v -1.4 3.7 0.7
v -1.3 3.7 0.7
v 1.3 3.7 0.7
v 1.4 3.7 0.7
v -1.4 3.7 -0.7
v -1.3 3.7 -0.7
v 1.3 3.7 -0.7
v 1.4 3.7 -0.7
v -1.4 3.7 -0.8
v -1.3 3.7 -0.8
v 1.3 3.7 -0.8
v 1.4 3.7 -0.8
v -2.3 3.8 0.8
v -2.2 3.8 0.8
v -1.6 3.8 0.8
v -1.4 3.8 0.8
v 1.4 3.8 0.8
v 1.6 3.8 0.8
v 2.2 3.8 0.8
v 2.3 3.8 0.8
v -2.3 3.8 0.7
v -2.2 3.8 0.7
v -1.6 3.8 0.7
v -1.4 3.8 0.7
v 1.4 3.8 0.7
v 1.6 3.8 0.7
v 2.2 3.8 0.7
v 2.3 3.8 0.7
v -1 3.8 0.6
v -0.9 3.8 0.6
v 0.9 3.8 0.6
v 1 3.8 0.6
v -1 3.8 0.4
v -0.9 3.8 0.4
v 0.9 3.8 0.4
v 1 3.8 0.4
v -1 3.8 -0.4
v -0.9 3.8 -0.4
v 0.9 3.8 -0.4
v 1 3.8 -0.4
v -1 3.8 -0.6
v -0.9 3.8 -0.6
v 0.9 3.8 -0.6
v 1 3.8 -0.6
v -2.3 3.8 -0.7
v -2.2 3.8 -0.7
v -1.6 3.8 -0.7
v -1.4 3.8 -0.7
v 1.4 3.8 -0.7
v 1.6 3.8 -0.7
v 2.2 3.8 -0.7
v 2.3 3.8 -0.7
v -2.3 3.8 -0.8
v -2.2 3.8 -0.8
v -1.6 3.8 -0.8
v -1.4 3.8 -0.8
v 1.4 3.8 -0.8
v 1.6 3.8 -0.8
v 2.2 3.8 -0.8
v 2.3 3.8 -0.8
v -1.8 3.9 0.8
v -1.6 3.9 0.8
v 1.6 3.9 0.8
v 1.8 3.9 0.8
v -1.8 3.9 0.7
v -1.6 3.9 0.7
v 1.6 3.9 0.7
v 1.8 3.9 0.7
v -1.8 3.9 -0.7
v -1.6 3.9 -0.7
v 1.6 3.9 -0.7
v 1.8 3.9 -0.7
v -1.8 3.9 -0.8
v -1.6 3.9 -0.8
v 1.6 3.9 -0.8
v 1.8 3.9 -0.8
v -2 4 0.8
v -1.8 4 0.8
v 1.8 4 0.8
v 2 4 0.8
v -2 4 0.7
v -1.8 4 0.7
v 1.8 4 0.7
v 2 4 0.7
v -2.4 4 0.6
v -2.3 4 0.6
v -0.8 4 0.6
v -0.7 4 0.6
v 0.7 4 0.6
v 0.8 4 0.6
v 2.3 4 0.6
v 2.4 4 0.6
v -2.4 4 0.5
v -2.3 4 0.5
v -0.8 4 0.5
v -0.7 4 0.5
v 0.7 4 0.5
v 0.8 4 0.5
v 2.3 4 0.5
v 2.4 4 0.5
v -2.4 4 -0.5
v -2.3 4 -0.5
v -0.8 4 -0.5
v -0.7 4 -0.5
v 0.7 4 -0.5
v 0.8 4 -0.5
v 2.3 4 -0.5
v 2.4 4 -0.5
v -2.4 4 -0.6
v -2.3 4 -0.6
v -0.8 4 -0.6
v -0.7 4 -0.6
v 0.7 4 -0.6
v 0.8 4 -0.6
v 2.3 4 -0.6
v 2.4 4 -0.6
v -2 4 -0.7
v -1.8 4 -0.7
v 1.8 4 -0.7
v 2 4 -0.7
v -2 4 -0.8
v -1.8 4 -0.8
v 1.8 4 -0.8
v 2 4 -0.8
v -2.3 4.1 0.8
v -2.2 4.1 0.8
v -2.1 4.1 0.8
v -2 4.1 0.8
v 2 4.1 0.8
v 2.1 4.1 0.8
v 2.2 4.1 0.8
v 2.3 4.1 0.8
v -2.3 4.1 0.7
v -2.2 4.1 0.7
v -2.1 4.1 0.7
v -2 4.1 0.7
v 2 4.1 0.7
v 2.1 4.1 0.7
v 2.2 4.1 0.7
v 2.3 4.1 0.7
v -2.3 4.1 -0.7
v -2.2 4.1 -0.7
v -2.1 4.1 -0.7
v -2 4.1 -0.7
v 2 4.1 -0.7
v 2.1 4.1 -0.7
v 2.2 4.1 -0.7
v 2.3 4.1 -0.7
v -2.3 4.1 -0.8
v -2.2 4.1 -0.8
v -2.1 4.1 -0.8
v -2 4.1 -0.8
v 2 4.1 -0.8
v 2.1 4.1 -0.8
v 2.2 4.1 -0.8
v 2.3 4.1 -0.8
v -2.2 4.2 0.8
v -2.1 4.2 0.8
v 2.1 4.2 0.8
v 2.2 4.2 0.8
v -2.3 4.2 0.7
v -2.2 4.2 0.7
v -2.1 4.2 0.7
v 2.1 4.2 0.7
v 2.2 4.2 0.7
v 2.3 4.2 0.7
v -2.4 4.2 0.5
v -2.3 4.2 0.5
v -2.2 4.2 0.5
v -0.8 4.2 0.5
v -0.7 4.2 0.5
v 0.7 4.2 0.5
v 0.8 4.2 0.5
v 2.2 4.2 0.5
v 2.3 4.2 0.5
v 2.4 4.2 0.5
v -0.8 4.2 0.4
v -0.7 4.2 0.4
v 0.7 4.2 0.4
v 0.8 4.2 0.4
v -2.4 4.2 0.3
v -2.3 4.2 0.3
v 2.3 4.2 0.3
v 2.4 4.2 0.3
v -2.4 4.2 -0.3
v -2.3 4.2 -0.3
v 2.3 4.2 -0.3
v 2.4 4.2 -0.3
v -0.8 4.2 -0.4
v -0.7 4.2 -0.4
v 0.7 4.2 -0.4
v 0.8 4.2 -0.4
v -2.4 4.2 -0.5
v -2.3 4.2 -0.5
v -2.2 4.2 -0.5
v -0.8 4.2 -0.5
v -0.7 4.2 -0.5
v 0.7 4.2 -0.5
v 0.8 4.2 -0.5
v 2.2 4.2 -0.5
v 2.3 4.2 -0.5
v 2.4 4.2 -0.5
v -2.3 4.2 -0.7
v -2.2 4.2 -0.7
v -2.1 4.2 -0.7
v 2.1 4.2 -0.7
v 2.2 4.2 -0.7
v 2.3 4.2 -0.7
v -2.2 4.2 -0.8
v -2.1 4.2 -0.8
v 2.1 4.2 -0.8
v 2.2 4.2 -0.8
v -0.9 4.3 0.8
v -0.8 4.3 0.8
v 0.8 4.3 0.8
v 0.9 4.3 0.8
v -0.9 4.3 0.7
v -0.8 4.3 0.7
v 0.8 4.3 0.7
v 0.9 4.3 0.7
v -2.3 4.3 0.5
v -2.2 4.3 0.5
v 2.2 4.3 0.5
v 2.3 4.3 0.5
v -2.3 4.3 0.4
v -2.2 4.3 0.4
v 2.2 4.3 0.4
v 2.3 4.3 0.4
v -2.4 4.3 0.3
v -2.3 4.3 0.3
v 2.3 4.3 0.3
v 2.4 4.3 0.3
v -2.4 4.3 -0.3
v -2.3 4.3 -0.3
v 2.3 4.3 -0.3
v 2.4 4.3 -0.3
v -2.3 4.3 -0.4
v -2.2 4.3 -0.4
v 2.2 4.3 -0.4
v 2.3 4.3 -0.4
v -2.3 4.3 -0.5
v -2.2 4.3 -0.5
v 2.2 4.3 -0.5
v 2.3 4.3 -0.5
v -0.9 4.3 -0.7
v -0.8 4.3 -0.7
v 0.8 4.3 -0.7
v 0.9 4.3 -0.7
v -0.9 4.3 -0.8
v -0.8 4.3 -0.8
v 0.8 4.3 -0.8
v 0.9 4.3 -0.8
v -1 4.4 0.8
v -0.9 4.4 0.8
v 0.9 4.4 0.8
v 1 4.4 0.8
v -1 4.4 0.7
v -0.9 4.4 0.7
v 0.9 4.4 0.7
v 1 4.4 0.7
v -1 4.4 -0.7
v -0.9 4.4 -0.7
v 0.9 4.4 -0.7
v 1 4.4 -0.7
v -1 4.4 -0.8
v -0.9 4.4 -0.8
v 0.9 4.4 -0.8
v 1 4.4 -0.8
v -1.1 4.5 0.8
v -1 4.5 0.8
v 1 4.5 0.8
v 1.1 4.5 0.8
v -1.1 4.5 0.7
v -1 4.5 0.7
v 1 4.5 0.7
v 1.1 4.5 0.7
v 2.3 4.5 -0.5
v 2.4 4.5 -0.5
v 2.3 4.5 -0.6
v 2.4 4.5 -0.6
v -1.1 4.5 -0.7
v -1 4.5 -0.7
v 1 4.5 -0.7
v 1.1 4.5 -0.7
v -1.1 4.5 -0.8
v -1 4.5 -0.8
v 1 4.5 -0.8
v 1.1 4.5 -0.8
v -2.2 4.6 0.8
v -2.1 4.6 0.8
v 2.1 4.6 0.8
v 2.2 4.6 0.8
v -2.2 4.6 0.7
v -2.1 4.6 0.7
v 2.1 4.6 0.7
v 2.2 4.6 0.7
v -2.4 4.6 0.6
v -2.3 4.6 0.6
v 2.3 4.6 0.6
v 2.4 4.6 0.6
v 2.3 4.6 0.5
v 2.4 4.6 0.5
v 2.3 4.6 -0.1
v 2.4 4.6 -0.1
v 2.2 4.6 -0.5
v 2.3 4.6 -0.5
v 2.4 4.6 -0.5
v -2.4 4.6 -0.6
v -2.3 4.6 -0.6
v -2.2 4.6 -0.7
v -2.1 4.6 -0.7
v 2.1 4.6 -0.7
v 2.2 4.6 -0.7
v 2.3 4.6 -0.7
v -2.2 4.6 -0.8
v -2.1 4.6 -0.8
v 2.1 4.6 -0.8
v 2.2 4.6 -0.8
v -2.3 4.7 0.8
v -2.2 4.7 0.8
v -1.2 4.7 0.8
v -1.1 4.7 0.8
v 1.1 4.7 0.8
v 1.2 4.7 0.8
v 2.2 4.7 0.8
v 2.3 4.7 0.8
v -2.2 4.7 0.7
v -1.2 4.7 0.7
v -1.1 4.7 0.7
v 1.1 4.7 0.7
v 1.2 4.7 0.7
v 2.2 4.7 0.7
v 2.2 4.7 0.5
v 2.3 4.7 0.5
v 2.4 4.7 0.5
v 2.2 4.7 -0.1
v 2.3 4.7 -0.1
v 2.4 4.7 -0.1
v 2.1 4.7 -0.5
v 2.2 4.7 -0.5
v 2.3 4.7 -0.5
v -2.2 4.7 -0.7
v -1.2 4.7 -0.7
v -1.1 4.7 -0.7
v 1.1 4.7 -0.7
v 1.2 4.7 -0.7
v 2.1 4.7 -0.7
v 2.2 4.7 -0.7
v -2.3 4.7 -0.8
v -2.2 4.7 -0.8
v -1.2 4.7 -0.8
v -1.1 4.7 -0.8
v 1.1 4.7 -0.8
v 1.2 4.7 -0.8
v -2.1 4.8 0.8
v -2 4.8 0.8
v -1.3 4.8 0.8
v -1.2 4.8 0.8
v 1.2 4.8 0.8
v 1.3 4.8 0.8
v 2 4.8 0.8
v 2.1 4.8 0.8
v -2.2 4.8 0.7
v -2.1 4.8 0.7
v -2 4.8 0.7
v -1.3 4.8 0.7
v -1.2 4.8 0.7
v 1.2 4.8 0.7
v 1.3 4.8 0.7
v 2 4.8 0.7
v 2.1 4.8 0.7
v 2.2 4.8 0.7
v 2.1 4.8 0.5
v 2.2 4.8 0.5
v 2.3 4.8 0.5
v 2.1 4.8 -0.1
v 2.2 4.8 -0.1
v 2.3 4.8 -0.1
v 2 4.8 -0.5
v 2.1 4.8 -0.5
v 2.2 4.8 -0.5
v -2.2 4.8 -0.7
v -2.1 4.8 -0.7
v -2 4.8 -0.7
v -1.3 4.8 -0.7
v -1.2 4.8 -0.7
v 1.2 4.8 -0.7
v 1.3 4.8 -0.7
v -2.1 4.8 -0.8
v -2 4.8 -0.8
v -1.3 4.8 -0.8
v -1.2 4.8 -0.8
v 1.2 4.8 -0.8
v 1.3 4.8 -0.8
v 2 4.8 -0.8
v 2.1 4.8 -0.8
v -1.4 4.9 0.8
v -1.3 4.9 0.8
v -0.3 4.9 0.8
v -0.2 4.9 0.8
v 0.2 4.9 0.8
v 0.3 4.9 0.8
v 1.3 4.9 0.8
v 1.4 4.9 0.8
v -2.1 4.9 0.7
v -2 4.9 0.7
v -1.4 4.9 0.7
v -1.3 4.9 0.7
v -0.3 4.9 0.7
v -0.2 4.9 0.7
v 0.2 4.9 0.7
v 0.3 4.9 0.7
v 1.3 4.9 0.7
v 1.4 4.9 0.7
v 2 4.9 0.7
v 2.1 4.9 0.7
v 2 4.9 0.5
v 2.1 4.9 0.5
v 2.2 4.9 0.5
v 2 4.9 -0.1
v 2.1 4.9 -0.1
v 2.2 4.9 -0.1
v 1.9 4.9 -0.5
v 2 4.9 -0.5
v 2.1 4.9 -0.5
v -2.1 4.9 -0.7
v -2 4.9 -0.7
v -1.4 4.9 -0.7
v -1.3 4.9 -0.7
v -0.3 4.9 -0.7
v -0.2 4.9 -0.7
v 0.2 4.9 -0.7
v 0.3 4.9 -0.7
v 1.3 4.9 -0.7
v 1.4 4.9 -0.7
v -1.4 4.9 -0.8
v -1.3 4.9 -0.8
v -0.3 4.9 -0.8
v -0.2 4.9 -0.8
v 0.2 4.9 -0.8
v 0.3 4.9 -0.8
v 1.3 4.9 -0.8
v 1.4 4.9 -0.8
v 1.9 4.9 -0.8
v 2 4.9 -0.8
v -2 5 0.8
v -1.9 5 0.8
v 1.9 5 0.8
v 2 5 0.8
v 2 5 0.5
v 2.1 5 0.5
v 1.9 5 0.4
v 2 5 0.4
v 1.9 5 -0.1
v 2 5 -0.1
v 2.1 5 -0.1
v 1.9 5 -0.4
v 2 5 -0.4
v -2 5 -0.8
v -1.9 5 -0.8
v -1.9 5.1 0.8
v -1.7 5.1 0.8
v 1.7 5.1 0.8
v 1.9 5.1 0.8
v -1.8 5.1 0.5
v -1.7 5.1 0.5
v 1.7 5.1 0.5
v 1.8 5.1 0.5
v 1.8 5.1 0.4
v 1.9 5.1 0.4
v 2 5.1 0.4
v 1.9 5.1 -5.96046e-08
v 2 5.1 -5.96046e-08
v 1.9 5.1 -0.4
v 2 5.1 -0.4
v -1.8 5.1 -0.5
v -1.7 5.1 -0.5
v 1.7 5.1 -0.5
v 1.8 5.1 -0.5
v 1.8 5.1 -0.7
v 1.9 5.1 -0.7
v 2 5.1 -0.7
v -1.9 5.1 -0.8
v -1.7 5.1 -0.8
v 1.7 5.1 -0.8
v 1.9 5.1 -0.8
v -1.7 5.2 0.8
v -1.4 5.2 0.8
v -0.4 5.2 0.8
v -0.3 5.2 0.8
v 0.3 5.2 0.8
v 0.4 5.2 0.8
v 1.4 5.2 0.8
v 1.7 5.2 0.8
v -1.7 5.2 0.7
v -1.4 5.2 0.7
v -0.4 5.2 0.7
v -0.3 5.2 0.7
v 0.3 5.2 0.7
v 0.4 5.2 0.7
v 1.4 5.2 0.7
v 1.7 5.2 0.7
v -1.7 5.2 0.6
v -1.6 5.2 0.6
v 1.6 5.2 0.6
v 1.7 5.2 0.6
v -1.8 5.2 0.5
v -1.7 5.2 0.5
v 1.7 5.2 0.5
v 1.8 5.2 0.5
v 1.7 5.2 0.4
v 1.8 5.2 0.4
v 1.9 5.2 0.4
v 1.7 5.2 0.2
v 1.8 5.2 0.2
v 1.7 5.2 0.1
v 1.8 5.2 0.1
v 1.8 5.2 -5.96046e-08
v 1.9 5.2 -5.96046e-08
v 2 5.2 -5.96046e-08
v 1.7 5.2 -0.1
v 1.8 5.2 -0.1
v 1.7 5.2 -0.2
v 1.8 5.2 -0.2
v 1.8 5.2 -0.4
v 1.9 5.2 -0.4
v 2 5.2 -0.4
v -1.8 5.2 -0.5
v -1.7 5.2 -0.5
v -1.7 5.2 -0.6
v -1.6 5.2 -0.6
v 1.6 5.2 -0.6
v 1.7 5.2 -0.6
v -1.7 5.2 -0.7
v -1.4 5.2 -0.7
v -0.4 5.2 -0.7
v -0.3 5.2 -0.7
v 0.3 5.2 -0.7
v 0.4 5.2 -0.7
v 1.4 5.2 -0.7
v 1.7 5.2 -0.7
v 1.8 5.2 -0.7
v 1.9 5.2 -0.7
v -1.7 5.2 -0.8
v -1.4 5.2 -0.8
v -0.4 5.2 -0.8
v -0.3 5.2 -0.8
v 0.3 5.2 -0.8
v 0.4 5.2 -0.8
v 1.4 5.2 -0.8
v 1.7 5.2 -0.8
v -1.7 5.3 0.7
v -1.4 5.3 0.7
v 1.4 5.3 0.7
v 1.7 5.3 0.7
v -1.7 5.3 0.6
v -1.6 5.3 0.6
v -1.4 5.3 0.6
v 1.4 5.3 0.6
v 1.6 5.3 0.6
v 1.7 5.3 0.6
v -1.5 5.3 0.4
v -1.4 5.3 0.4
v 1.4 5.3 0.4
v 1.5 5.3 0.4
v 1.6 5.3 0.4
v 1.7 5.3 0.4
v 1.8 5.3 0.4
v 1.7 5.3 0.2
v 1.8 5.3 0.2
v 1.7 5.3 0.1
v 1.8 5.3 0.1
v 1.8 5.3 -5.96046e-08
v 1.9 5.3 -5.96046e-08
v 1.7 5.3 -0.1
v 1.8 5.3 -0.1
v -1.5 5.3 -0.4
v -1.4 5.3 -0.4
v 1.4 5.3 -0.4
v 1.5 5.3 -0.4
v 1.8 5.3 -0.4
v 1.9 5.3 -0.4
v 1.7 5.3 -0.5
v 1.8 5.3 -0.5
v -1.7 5.3 -0.6
v -1.6 5.3 -0.6
v -1.4 5.3 -0.6
v 1.4 5.3 -0.6
v -1.7 5.3 -0.7
v -1.4 5.3 -0.7
v 1.4 5.3 -0.7
v 1.6 5.3 -0.7
v 1.7 5.3 -0.7
v 1.7 5.3 -0.8
v 1.8 5.3 -0.8
v -1.5 5.4 0.4
v -1.4 5.4 0.4
v 1.4 5.4 0.4
v 1.5 5.4 0.4
v 1.6 5.4 0.4
v 1.7 5.4 0.4
v -1.5 5.4 0.3
v -1.4 5.4 0.3
v 1.4 5.4 0.3
v 1.5 5.4 0.3
v -1.5 5.4 0.2
v -1.4 5.4 0.2
v 1.4 5.4 0.2
v 1.5 5.4 0.2
v 1.7 5.4 -0.1
v 1.8 5.4 -0.1
v -1.5 5.4 -0.2
v -1.4 5.4 -0.2
v 1.4 5.4 -0.2
v 1.5 5.4 -0.2
v -1.5 5.4 -0.3
v -1.4 5.4 -0.3
v 1.4 5.4 -0.3
v 1.5 5.4 -0.3
v -1.5 5.4 -0.4
v -1.4 5.4 -0.4
v 1.4 5.4 -0.4
v 1.5 5.4 -0.4
v 1.6 5.4 -0.4
v 1.6 5.4 -0.5
v 1.7 5.4 -0.5
v 1.8 5.4 -0.5
v 1.6 5.4 -0.7
v 1.7 5.4 -0.7
v -1.4 5.5 0.8
v -0.4 5.5 0.8
v -0.3 5.5 0.8
v 0.3 5.5 0.8
v 0.4 5.5 0.8
v 1.4 5.5 0.8
v -0.5 5.5 0.7
v -0.4 5.5 0.7
v -0.3 5.5 0.7
v 0.3 5.5 0.7
v 0.4 5.5 0.7
v 0.5 5.5 0.7
v -1.5 5.5 0.6
v -1.4 5.5 0.6
v -0.6 5.5 0.6
v -0.3 5.5 0.6
v 0.3 5.5 0.6
v 0.6 5.5 0.6
v 1.4 5.5 0.6
v 1.5 5.5 0.6
v -1.5 5.5 0.4
v -1.4 5.5 0.4
v 1.4 5.5 0.4
v 1.5 5.5 0.4
v -1.5 5.5 0.3
v -1.4 5.5 0.3
v -1.5 5.5 0.2
v -1.4 5.5 0.2
v -0.6 5.5 0.2
v -0.5 5.5 0.2
v 0.5 5.5 0.2
v 0.6 5.5 0.2
v -1.5 5.5 -0.2
v -1.4 5.5 -0.2
v -0.6 5.5 -0.2
v -0.5 5.5 -0.2
v 0.5 5.5 -0.2
v 0.6 5.5 -0.2
v -1.5 5.5 -0.3
v -1.4 5.5 -0.3
v -1.5 5.5 -0.4
v -1.4 5.5 -0.4
v 1.4 5.5 -0.4
v 1.5 5.5 -0.4
v 1.5 5.5 -0.5
v -1.5 5.5 -0.6
v -1.4 5.5 -0.6
v -0.6 5.5 -0.6
v -0.3 5.5 -0.6
v 0.3 5.5 -0.6
v 0.6 5.5 -0.6
v 1.4 5.5 -0.6
v 1.5 5.5 -0.6
v -0.5 5.5 -0.7
v -0.4 5.5 -0.7
v -0.3 5.5 -0.7
v 0.3 5.5 -0.7
v 0.4 5.5 -0.7
v 0.5 5.5 -0.7
v -1.4 5.5 -0.8
v -0.4 5.5 -0.8
v -0.3 5.5 -0.8
v 0.3 5.5 -0.8
v 0.4 5.5 -0.8
v 1.4 5.5 -0.8
v -1.4 5.6 0.6
v -0.6 5.6 0.6
v -0.3 5.6 0.6
v 0.3 5.6 0.6
v 0.6 5.6 0.6
v 1.4 5.6 0.6
v 1.4 5.6 0.3
v 1.5 5.6 0.3
v -0.6 5.6 0.2
v -0.5 5.6 0.2
v 0.5 5.6 0.2
v 0.6 5.6 0.2
v -0.6 5.6 -0.2
v -0.5 5.6 -0.2
v 0.5 5.6 -0.2
v 0.6 5.6 -0.2
v 1.4 5.6 -0.3
v 1.5 5.6 -0.3
v 1.5 5.6 -0.4
v 1.6 5.6 -0.4
v 1.5 5.6 -0.5
v 1.6 5.6 -0.5
v -1.4 5.6 -0.6
v -0.6 5.6 -0.6
v -0.3 5.6 -0.6
v 0.3 5.6 -0.6
v 0.6 5.6 -0.6
v 1.4 5.6 -0.6

# faces
f 4/1/1 2/1/1 1/1/1
f 5/1/1 2/1/1 4/1/1
f 7/1/1 4/1/1 3/1/1
f 7/1/1 6/1/1 5/1/1
f 7/1/1 5/1/1 4/1/1
f 8/1/1 6/1/1 7/1/1
f 9/1/1 6/1/1 8/1/1
f 10/1/1 6/1/1 9/1/1
f 11/1/1 9/1/1 8/1/1
f 12/1/1 9/1/1 11/1/1
f 13/1/1 9/1/1 12/1/1
f 14/1/1 9/1/1 13/1/1
f 16/1/1 13/1/1 12/1/1
f 17/1/1 13/1/1 16/1/1
f 19/1/1 17/1/1 16/1/1
f 19/1/1 18/1/1 17/1/1
f 19/1/1 16/1/1 15/1/1
f 20/1/1 18/1/1 19/1/1
f 21/1/1 18/1/1 20/1/1
f 22/1/1 18/1/1 21/1/1
f 23/1/1 21/1/1 20/1/1
f 24/1/1 21/1/1 23/1/1
f 28/1/1 26/1/1 25/1/1
f 29/1/1 26/1/1 28/1/1
f 32/1/1 28/1/1 27/1/1
f 32/1/1 30/1/1 29/1/1
f 32/1/1 29/1/1 28/1/1
f 33/1/1 30/1/1 32/1/1
f 35/1/1 33/1/1 32/1/1
f 35/1/1 34/1/1 33/1/1
f 35/1/1 32/1/1 31/1/1
f 36/1/1 34/1/1 35/1/1
f 37/1/1 34/1/1 36/1/1
f 38/1/1 34/1/1 37/1/1
f 39/1/1 37/1/1 36/1/1
f 40/1/1 37/1/1 39/1/1
f 46/1/1 42/1/1 41/1/1
f 47/1/1 42/1/1 46/1/1
f 48/1/1 44/1/1 43/1/1
f 49/1/1 44/1/1 48/1/1
f 51/1/1 46/1/1 45/1/1
f 52/1/1 46/1/1 51/1/1
f 53/1/1 46/1/1 52/1/1
f 56/1/1 50/1/1 49/1/1
f 57/1/1 50/1/1 56/1/1
f 58/1/1 50/1/1 57/1/1
f 60/1/1 54/1/1 53/1/1
f 60/1/1 53/1/1 52/1/1
f 61/1/1 54/1/1 60/1/1
f 64/1/1 57/1/1 56/1/1
f 64/1/1 56/1/1 55/1/1
f 65/1/1 57/1/1 64/1/1
f 67/1/1 62/1/1 61/1/1
f 67/1/1 61/1/1 60/1/1
f 67/1/1 60/1/1 59/1/1
f 68/1/1 62/1/1 67/1/1
f 69/1/1 66/1/1 65/1/1
f 69/1/1 65/1/1 64/1/1
f 69/1/1 64/1/1 63/1/1
f 70/1/1 66/1/1 69/1/1
f 71/1/1 67/1/1 59/1/1
f 74/1/1 66/1/1 70/1/1
f 75/1/1 72/1/1 71/1/1
f 75/1/1 71/1/1 59/1/1
f 76/1/1 72/1/1 75/1/1
f 77/1/1 74/1/1 73/1/1
f 77/1/1 66/1/1 74/1/1
f 78/1/1 66/1/1 77/1/1
f 79/1/1 72/1/1 76/1/1
f 80/1/1 72/1/1 79/1/1
f 81/1/1 77/1/1 73/1/1
f 82/1/1 77/1/1 81/1/1
f 83/1/1 79/1/1 76/1/1
f 84/1/1 79/1/1 83/1/1
f 87/1/1 77/1/1 82/1/1
f 88/1/1 77/1/1 87/1/1
f 90/2/1 86/2/1 85/2/1
f 91/2/1 86/2/1 90/2/1
f 94/1/1 90/1/1 89/1/1
f 95/1/1 92/1/1 91/1/1
f 97/1/1 94/1/1 93/1/1
f 97/1/1 90/1/1 94/1/1
f 98/1/1 90/1/1 97/1/1
f 99/1/1 95/1/1 91/1/1
f 99/1/1 96/1/1 95/1/1
f 100/1/1 96/1/1 99/1/1
f 101/1/1 97/1/1 93/1/1
f 102/1/1 97/1/1 101/1/1
f 103/1/1 96/1/1 100/1/1
f 104/1/1 96/1/1 103/1/1
f 105/1/1 101/1/1 93/1/1
f 106/1/1 101/1/1 105/1/1
f 107/1/1 96/1/1 104/1/1
f 108/1/1 96/1/1 107/1/1
f 109/1/1 101/1/1 106/1/1
f 110/1/1 101/1/1 109/1/1
f 111/1/1 107/1/1 104/1/1
f 112/1/1 107/1/1 111/1/1
f 113/2/1 110/2/1 109/2/1
f 116/2/1 112/2/1 111/2/1
f 117/2/1 114/2/1 113/2/1
f 118/2/1 116/2/1 115/2/1
f 119/2/1 117/2/1 113/2/1
f 119/2/1 118/2/1 117/2/1
f 119/2/1 113/2/1 109/2/1
f 120/2/1 118/2/1 119/2/1
f 121/2/1 118/2/1 120/2/1
f 122/2/1 116/2/1 118/2/1
f 122/2/1 118/2/1 121/2/1
f 122/2/1 112/2/1 116/2/1
f 124/1/1 121/1/1 120/1/1
f 125/1/1 121/1/1 124/1/1
f 128/1/1 124/1/1 123/1/1
f 128/1/1 126/1/1 125/1/1
f 128/1/1 125/1/1 124/1/1
f 129/1/1 126/1/1 128/1/1
f 131/1/1 128/1/1 127/1/1
f 131/1/1 130/1/1 129/1/1
f 131/1/1 129/1/1 128/1/1
f 132/1/1 130/1/1 131/1/1
f 133/1/1 130/1/1 132/1/1
f 134/1/1 130/1/1 133/1/1
f 135/1/1 133/1/1 132/1/1
f 136/1/1 133/1/1 135/1/1
f 137/1/1 133/1/1 136/1/1
f 138/1/1 133/1/1 137/1/1
f 139/1/1 137/1/1 136/1/1
f 140/1/1 137/1/1 139/1/1
f 145/1/1 142/1/1 141/1/1
f 146/1/1 142/1/1 145/1/1
f 147/1/1 144/1/1 143/1/1
f 148/1/1 144/1/1 147/1/1
f 153/1/1 150/1/1 149/1/1
f 154/1/1 150/1/1 153/1/1
f 155/1/1 152/1/1 151/1/1
f 156/1/1 152/1/1 155/1/1
f 165/1/1 158/1/1 157/1/1
f 166/1/1 158/1/1 165/1/1
f 167/1/1 162/1/1 161/1/1
f 168/1/1 162/1/1 167/1/1
f 171/1/1 164/1/1 163/1/1
f 172/1/1 164/1/1 171/1/1
f 173/1/1 160/1/1 159/1/1
f 174/1/1 160/1/1 173/1/1
f 176/2/1 169/2/1 168/2/1
f 176/2/1 167/2/1 166/2/1
f 176/2/1 168/2/1 167/2/1
f 177/2/1 169/2/1 176/2/1
f 178/2/1 169/2/1 177/2/1
f 179/2/1 173/2/1 172/2/1
f 179/2/1 172/2/1 171/2/1
f 179/2/1 171/2/1 170/2/1
f 180/2/1 173/2/1 179/2/1
f 181/2/1 173/2/1 180/2/1
f 183/1/1 177/1/1 176/1/1
f 183/1/1 176/1/1 175/1/1
f 184/1/1 177/1/1 183/1/1
f 185/1/1 182/1/1 181/1/1
f 185/1/1 181/1/1 180/1/1
f 186/1/1 182/1/1 185/1/1
f 191/1/1 188/1/1 187/1/1
f 192/1/1 190/1/1 189/1/1
f 193/1/1 191/1/1 187/1/1
f 194/1/1 191/1/1 193/1/1
f 195/1/1 190/1/1 192/1/1
f 196/1/1 190/1/1 195/1/1
f 202/1/1 198/1/1 197/1/1
f 203/1/1 198/1/1 202/1/1
f 204/1/1 198/1/1 203/1/1
f 205/1/1 200/1/1 199/1/1
f 206/1/1 200/1/1 205/1/1
f 207/1/1 200/1/1 206/1/1
f 209/1/1 202/1/1 201/1/1
f 209/1/1 203/1/1 202/1/1
f 210/1/1 203/1/1 209/1/1
f 211/1/1 208/1/1 207/1/1
f 211/1/1 207/1/1 206/1/1
f 212/1/1 208/1/1 211/1/1
f 213/1/1 209/1/1 201/1/1
f 214/1/1 209/1/1 213/1/1
f 215/1/1 209/1/1 214/1/1
f 218/1/1 208/1/1 212/1/1
f 219/1/1 208/1/1 218/1/1
f 220/1/1 208/1/1 219/1/1
f 221/1/1 216/1/1 215/1/1
f 221/1/1 215/1/1 214/1/1
f 222/1/1 216/1/1 221/1/1
f 223/1/1 216/1/1 222/1/1
f 226/1/1 219/1/1 218/1/1
f 226/1/1 218/1/1 217/1/1
f 227/1/1 219/1/1 226/1/1
f 228/1/1 219/1/1 227/1/1
f 229/1/1 224/1/1 223/1/1
f 229/1/1 223/1/1 222/1/1
f 230/1/1 224/1/1 229/1/1
f 231/1/1 224/1/1 230/1/1
f 232/1/1 227/1/1 226/1/1
f 232/1/1 226/1/1 225/1/1
f 233/1/1 227/1/1 232/1/1
f 234/1/1 227/1/1 233/1/1
f 235/2/1 231/2/1 230/2/1
f 235/2/1 233/2/1 232/2/1
f 235/2/1 232/2/1 231/2/1
f 236/2/1 233/2/1 235/2/1
f 241/1/1 238/1/1 237/1/1
f 242/1/1 238/1/1 241/1/1
f 243/1/1 240/1/1 239/1/1
f 244/1/1 240/1/1 243/1/1
f 249/2/1 246/2/1 245/2/1
f 250/2/1 246/2/1 249/2/1
f 251/2/1 248/2/1 247/2/1
f 252/2/1 248/2/1 251/2/1
f 257/1/1 254/1/1 253/1/1
f 258/1/1 254/1/1 257/1/1
f 259/1/1 256/1/1 255/1/1
f 260/1/1 256/1/1 259/1/1
f 265/1/1 262/1/1 261/1/1
f 268/1/1 264/1/1 263/1/1
f 269/1/1 266/1/1 265/1/1
f 269/1/1 265/1/1 261/1/1
f 270/1/1 266/1/1 269/1/1
f 271/1/1 266/1/1 270/1/1
f 274/1/1 268/1/1 267/1/1
f 275/1/1 264/1/1 268/1/1
f 275/1/1 268/1/1 274/1/1
f 276/1/1 264/1/1 275/1/1
f 277/2/1 272/2/1 271/2/1
f 277/2/1 271/2/1 270/2/1
f 278/2/1 272/2/1 277/2/1
f 281/2/1 274/2/1 273/2/1
f 281/2/1 275/2/1 274/2/1
f 282/2/1 275/2/1 281/2/1
f 284/1/1 280/1/1 279/1/1
f 285/1/1 280/1/1 284/1/1
f 288/1/1 284/1/1 283/1/1
f 288/1/1 286/1/1 285/1/1
f 288/1/1 285/1/1 284/1/1
f 289/1/1 286/1/1 288/1/1
f 291/1/1 288/1/1 287/1/1
f 291/1/1 290/1/1 289/1/1
f 291/1/1 289/1/1 288/1/1
f 292/1/1 290/1/1 291/1/1
f 293/1/1 290/1/1 292/1/1
f 294/1/1 290/1/1 293/1/1
f 295/1/1 293/1/1 292/1/1
f 296/1/1 293/1/1 295/1/1
f 297/1/1 293/1/1 296/1/1
f 298/1/1 293/1/1 297/1/1
f 299/1/1 297/1/1 296/1/1
f 300/1/1 297/1/1 299/1/1
f 305/1/1 302/1/1 301/1/1
f 306/1/1 304/1/1 303/1/1
f 307/1/1 305/1/1 301/1/1
f 307/1/1 306/1/1 305/1/1
f 308/1/1 304/1/1 306/1/1
f 308/1/1 306/1/1 307/1/1
f 315/2/1 310/2/1 309/2/1
f 315/2/1 311/2/1 310/2/1
f 316/2/1 311/2/1 315/2/1
f 317/2/1 311/2/1 316/2/1
f 318/2/1 314/2/1 313/2/1
f 318/2/1 313/2/1 312/2/1
f 319/2/1 314/2/1 318/2/1
f 320/2/1 314/2/1 319/2/1
f 322/1/1 316/1/1 315/1/1
f 323/1/1 316/1/1 322/1/1
f 324/1/1 320/1/1 319/1/1
f 325/1/1 320/1/1 324/1/1
f 328/1/1 322/1/1 321/1/1
f 329/1/1 326/1/1 325/1/1
f 331/1/1 328/1/1 327/1/1
f 331/1/1 322/1/1 328/1/1
f 332/1/1 322/1/1 331/1/1
f 333/1/1 330/1/1 329/1/1
f 333/1/1 329/1/1 325/1/1
f 334/1/1 330/1/1 333/1/1
f 335/1/1 331/1/1 327/1/1
f 338/1/1 330/1/1 334/1/1
f 339/1/1 336/1/1 335/1/1
f 339/1/1 335/1/1 327/1/1
f 340/1/1 336/1/1 339/1/1
f 341/1/1 338/1/1 337/1/1
f 341/1/1 330/1/1 338/1/1
f 342/1/1 330/1/1 341/1/1
f 344/1/1 336/1/1 340/1/1
f 345/1/1 336/1/1 344/1/1
f 348/1/1 341/1/1 337/1/1
f 349/1/1 341/1/1 348/1/1
f 351/1/1 346/1/1 345/1/1
f 351/1/1 344/1/1 343/1/1
f 351/1/1 345/1/1 344/1/1
f 352/1/1 346/1/1 351/1/1
f 353/1/1 350/1/1 349/1/1
f 353/1/1 349/1/1 348/1/1
f 353/1/1 348/1/1 347/1/1
f 354/1/1 350/1/1 353/1/1
f 355/1/1 346/1/1 352/1/1
f 356/1/1 346/1/1 355/1/1
f 359/1/1 353/1/1 347/1/1
f 360/1/1 353/1/1 359/1/1
f 362/2/1 357/2/1 356/2/1
f 363/2/1 357/2/1 362/2/1
f 364/2/1 357/2/1 363/2/1
f 365/2/1 359/2/1 358/2/1
f 366/2/1 359/2/1 365/2/1
f 367/2/1 359/2/1 366/2/1
f 369/1/1 362/1/1 361/1/1
f 370/1/1 362/1/1 369/1/1
f 371/2/1 364/2/1 363/2/1
f 371/2/1 366/2/1 365/2/1
f 371/2/1 365/2/1 364/2/1
f 372/2/1 366/2/1 371/2/1
f 373/2/1 366/2/1 372/2/1
f 374/2/1 366/2/1 373/2/1
f 375/1/1 368/1/1 367/1/1
f 376/1/1 368/1/1 375/1/1
f 377/2/1 373/2/1 372/2/1
f 378/2/1 373/2/1 377/2/1
f 380/1/1 369/1/1 361/1/1
f 381/1/1 369/1/1 380/1/1
f 382/1/1 368/1/1 376/1/1
f 383/1/1 368/1/1 382/1/1
f 385/1/1 381/1/1 380/1/1
f 385/1/1 384/1/1 383/1/1
f 385/1/1 382/1/1 381/1/1
f 385/1/1 383/1/1 382/1/1
f 385/1/1 380/1/1 379/1/1
f 386/1/1 384/1/1 385/1/1
f 392/2/1 388/2/1 387/2/1
f 393/2/1 388/2/1 392/2/1
f 394/2/1 390/2/1 389/2/1
f 395/2/1 390/2/1 394/2/1
f 397/1/1 393/1/1 392/1/1
f 397/1/1 392/1/1 391/1/1
f 398/1/1 393/1/1 397/1/1
f 399/1/1 396/1/1 395/1/1
f 399/1/1 395/1/1 394/1/1
f 400/1/1 396/1/1 399/1/1
f 401/1/1 397/1/1 391/1/1
f 402/1/1 397/1/1 401/1/1
f 403/1/1 396/1/1 400/1/1
f 404/1/1 396/1/1 403/1/1
f 409/1/1 406/1/1 405/1/1
f 410/1/1 406/1/1 409/1/1
f 411/1/1 408/1/1 407/1/1
f 412/1/1 408/1/1 411/1/1
f 417/1/1 414/1/1 413/1/1
f 418/1/1 414/1/1 417/1/1
f 419/1/1 416/1/1 415/1/1
f 420/1/1 416/1/1 419/1/1
f 425/1/1 422/1/1 421/1/1
f 426/1/1 422/1/1 425/1/1
f 429/1/1 424/1/1 423/1/1
f 430/1/1 424/1/1 429/1/1
f 432/2/1 427/2/1 426/2/1
f 433/2/1 427/2/1 432/2/1
f 436/2/1 429/2/1 428/2/1
f 437/2/1 429/2/1 436/2/1
f 439/2/1 434/2/1 433/2/1
f 440/2/1 434/2/1 439/2/1
f 441/2/1 436/2/1 435/2/1
f 442/2/1 436/2/1 441/2/1
f 443/1/1 432/1/1 431/1/1
f 444/1/1 432/1/1 443/1/1
f 445/1/1 438/1/1 437/1/1
f 446/1/1 438/1/1 445/1/1
f 449/1/1 448/1/1 447/1/1
f 450/1/1 448/1/1 449/1/1
f 455/2/1 452/2/1 451/2/1
f 456/2/1 452/2/1 455/2/1
f 457/2/1 454/2/1 453/2/1
f 458/2/1 454/2/1 457/2/1
f 463/1/1 460/1/1 459/1/1
f 464/1/1 460/1/1 463/1/1
f 465/1/1 462/1/1 461/1/1
f 466/1/1 462/1/1 465/1/1
f 467/1/1 465/1/1 464/1/1
f 468/1/1 465/1/1 467/1/1
f 473/1/1 470/1/1 469/1/1
f 474/1/1 470/1/1 473/1/1
f 475/1/1 472/1/1 471/1/1
f 476/1/1 472/1/1 475/1/1
f 481/1/1 478/1/1 477/1/1
f 482/1/1 478/1/1 481/1/1
f 483/1/1 480/1/1 479/1/1
f 484/1/1 480/1/1 483/1/1
f 489/1/1 486/1/1 485/1/1
f 490/1/1 488/1/1 487/1/1
f 491/1/1 489/1/1 485/1/1
f 491/1/1 490/1/1 489/1/1
f 492/1/1 488/1/1 490/1/1
f 492/1/1 490/1/1 491/1/1
f 497/1/1 494/1/1 493/1/1
f 498/1/1 494/1/1 497/1/1
f 499/1/1 496/1/1 495/1/1
f 500/1/1 496/1/1 499/1/1
f 503/1/1 502/1/1 501/1/1
f 504/1/1 502/1/1 503/1/1
f 507/1/1 506/1/1 505/1/1
f 508/1/1 506/1/1 507/1/1
f 513/1/1 510/1/1 509/1/1
f 514/1/1 510/1/1 513/1/1
f 515/1/1 512/1/1 511/1/1
f 516/1/1 512/1/1 515/1/1
f 521/1/1 518/1/1 517/1/1
f 522/1/1 518/1/1 521/1/1
f 523/1/1 518/1/1 522/1/1
f 524/1/1 518/1/1 523/1/1
f 525/1/1 520/1/1 519/1/1
f 526/1/1 520/1/1 525/1/1
f 527/1/1 520/1/1 526/1/1
f 528/1/1 520/1/1 527/1/1
f 529/2/1 523/2/1 522/2/1
f 530/2/1 523/2/1 529/2/1
f 531/2/1 527/2/1 526/2/1
f 532/2/1 527/2/1 531/2/1
f 535/2/1 534/2/1 533/2/1
f 536/2/1 534/2/1 535/2/1
f 541/1/1 538/1/1 537/1/1
f 542/1/1 538/1/1 541/1/1
f 543/1/1 540/1/1 539/1/1
f 544/1/1 540/1/1 543/1/1
f 548/2/1 546/2/1 545/2/1
f 549/2/1 546/2/1 548/2/1
f 550/2/1 546/2/1 549/2/1
f 551/2/1 546/2/1 550/2/1
f 552/2/1 546/2/1 551/2/1
f 553/2/1 546/2/1 552/2/1
f 555/1/1 548/1/1 547/1/1
f 556/1/1 548/1/1 555/1/1
f 557/1/1 550/1/1 549/1/1
f 558/1/1 550/1/1 557/1/1
f 559/1/1 552/1/1 551/1/1
f 560/1/1 552/1/1 559/1/1
f 561/1/1 554/1/1 553/1/1
f 562/1/1 554/1/1 561/1/1
f 571/1/1 564/1/1 563/1/1
f 571/1/1 565/1/1 564/1/1
f 571/2/1 566/2/1 565/2/1
f 572/2/1 566/2/1 571/2/1
f 577/2/1 568/2/1 567/2/1
f 578/1/1 570/1/1 569/1/1
f 578/1/1 569/1/1 568/1/1
f 578/2/1 568/2/1 577/2/1
f 579/1/1 571/1/1 563/1/1
f 580/1/1 571/1/1 579/1/1
f 581/1/1 573/1/1 572/1/1
f 582/1/1 573/1/1 581/1/1
f 583/1/1 575/1/1 574/1/1
f 584/1/1 575/1/1 583/1/1
f 585/1/1 577/1/1 576/1/1
f 586/1/1 577/1/1 585/1/1
f 587/1/1 570/1/1 578/1/1
f 588/1/1 570/1/1 587/1/1
f 589/1/1 584/1/1 583/1/1
f 589/1/1 582/1/1 581/1/1
f 589/1/1 587/1/1 586/1/1
f 589/1/1 586/1/1 585/1/1
f 589/1/1 585/1/1 584/1/1
f 589/1/1 583/1/1 582/1/1
f 589/1/1 581/1/1 580/1/1
f 590/1/1 587/1/1 589/1/1
f 595/1/1 592/1/1 591/1/1
f 596/1/1 592/1/1 595/1/1
f 597/1/1 594/1/1 593/1/1
f 598/1/1 594/1/1 597/1/1
f 603/1/1 600/1/1 599/1/1
f 604/1/1 600/1/1 603/1/1
f 605/1/1 602/1/1 601/1/1
f 606/1/1 602/1/1 605/1/1
f 611/1/1 608/1/1 607/1/1
f 612/1/1 608/1/1 611/1/1
f 613/1/1 610/1/1 609/1/1
f 614/1/1 610/1/1 613/1/1
f 619/1/1 616/1/1 615/1/1
f 620/1/1 616/1/1 619/1/1
f 621/1/1 618/1/1 617/1/1
f 622/1/1 618/1/1 621/1/1
f 627/1/1 624/1/1 623/1/1
f 628/1/1 624/1/1 627/1/1
f 629/1/1 626/1/1 625/1/1
f 630/1/1 626/1/1 629/1/1
f 635/1/1 632/1/1 631/1/1
f 636/1/1 632/1/1 635/1/1
f 637/1/1 634/1/1 633/1/1
f 638/1/1 634/1/1 637/1/1
f 643/1/1 640/1/1 639/1/1
f 644/1/1 640/1/1 643/1/1
f 645/1/1 642/1/1 641/1/1
f 646/1/1 642/1/1 645/1/1
f 651/1/1 648/1/1 647/1/1
f 652/1/1 648/1/1 651/1/1
f 653/1/1 650/1/1 649/1/1
f 654/1/1 650/1/1 653/1/1
f 661/1/1 656/1/1 655/1/1
f 662/3/1 657/3/1 656/3/1
f 662/1/1 656/1/1 661/1/1
f 663/3/1 657/3/1 662/3/1
f 664/3/1 659/3/1 658/3/1
f 665/1/1 660/1/1 659/1/1
f 665/3/1 659/3/1 664/3/1
f 666/1/1 660/1/1 665/1/1
f 672/2/1 668/2/1 667/2/1
f 673/2/1 668/2/1 672/2/1
f 674/2/1 670/2/1 669/2/1
f 675/2/1 670/2/1 674/2/1
f 677/3/1 672/3/1 671/3/1
f 678/3/1 672/3/1 677/3/1
f 679/3/1 676/3/1 675/3/1
f 680/3/1 676/3/1 679/3/1
f 685/1/1 682/1/1 681/1/1
f 686/1/1 682/1/1 685/1/1
f 689/1/1 684/1/1 683/1/1
f 690/1/1 684/1/1 689/1/1
f 691/1/1 688/1/1 687/1/1
f 692/1/1 688/1/1 691/1/1
f 697/1/1 694/1/1 693/1/1
f 698/1/1 694/1/1 697/1/1
f 699/1/1 696/1/1 695/1/1
f 700/1/1 696/1/1 699/1/1
f 705/1/1 702/1/1 701/1/1
f 706/1/1 702/1/1 705/1/1
f 707/1/1 704/1/1 703/1/1
f 708/1/1 704/1/1 707/1/1
f 711/3/1 710/3/1 709/3/1
f 712/3/1 710/3/1 711/3/1
f 718/3/1 714/3/1 713/3/1
f 719/3/1 714/3/1 718/3/1
f 720/3/1 716/3/1 715/3/1
f 721/3/1 716/3/1 720/3/1
f 724/3/1 718/3/1 717/3/1
f 725/3/1 718/3/1 724/3/1
f 726/3/1 722/3/1 721/3/1
f 727/3/1 722/3/1 726/3/1
f 729/1/1 724/1/1 723/1/1
f 730/1/1 724/1/1 729/1/1
f 731/1/1 728/1/1 727/1/1
f 732/1/1 728/1/1 731/1/1
f 733/1/1 729/1/1 723/1/1
f 734/1/1 729/1/1 733/1/1
f 735/1/1 728/1/1 732/1/1
f 736/1/1 728/1/1 735/1/1
f 739/3/1 738/3/1 737/3/1
f 740/3/1 738/3/1 739/3/1
f 745/1/1 742/1/1 741/1/1
f 746/1/1 742/1/1 745/1/1
f 747/1/1 744/1/1 743/1/1
f 748/1/1 744/1/1 747/1/1
f 754/3/1 750/3/1 749/3/1
f 755/2/1 751/2/1 750/2/1
f 755/3/1 750/3/1 754/3/1
f 756/3/1 752/3/1 751/3/1
f 756/2/1 751/2/1 755/2/1
f 757/3/1 752/3/1 756/3/1
f 759/3/1 754/3/1 753/3/1
f 760/3/1 754/3/1 759/3/1
f 761/3/1 758/3/1 757/3/1
f 762/3/1 758/3/1 761/3/1
f 767/1/1 764/1/1 763/1/1
f 768/1/1 764/1/1 767/1/1
f 769/1/1 766/1/1 765/1/1
f 770/1/1 766/1/1 769/1/1
f 773/2/1 772/2/1 771/2/1
f 774/2/1 772/2/1 773/2/1
f 775/2/1 772/2/1 774/2/1
f 776/2/1 772/2/1 775/2/1
f 783/3/1 779/3/1 778/3/1
f 783/1/1 778/1/1 777/1/1
f 784/3/1 779/3/1 783/3/1
f 785/3/1 781/3/1 780/3/1
f 786/1/1 782/1/1 781/1/1
f 786/3/1 781/3/1 785/3/1
f 787/1/1 784/1/1 783/1/1
f 787/1/1 783/1/1 777/1/1
f 788/1/1 784/1/1 787/1/1
f 789/1/1 786/1/1 785/1/1
f 790/1/1 782/1/1 786/1/1
f 790/1/1 786/1/1 789/1/1
f 793/1/1 792/1/1 791/1/1
f 794/1/1 792/1/1 793/1/1
f 797/2/1 796/2/1 795/2/1
f 798/2/1 796/2/1 797/2/1
f 803/1/1 800/1/1 799/1/1
f 804/1/1 800/1/1 803/1/1
f 805/1/1 802/1/1 801/1/1
f 806/1/1 802/1/1 805/1/1
f 812/3/1 808/3/1 807/3/1
f 813/3/1 808/3/1 812/3/1
f 817/3/1 810/3/1 809/3/1
f 818/3/1 810/3/1 817/3/1
f 820/3/1 812/3/1 811/3/1
f 820/3/1 813/3/1 812/3/1
f 820/3/1 814/3/1 813/3/1
f 821/3/1 814/3/1 820/3/1
f 823/3/1 816/3/1 815/3/1
f 824/3/1 816/3/1 823/3/1
f 826/3/1 820/3/1 819/3/1
f 827/3/1 820/3/1 826/3/1
f 828/3/1 822/3/1 821/3/1
f 829/3/1 822/3/1 828/3/1
f 831/3/1 826/3/1 825/3/1
f 832/2/1 827/2/1 826/2/1
f 832/3/1 826/3/1 831/3/1
f 833/3/1 830/3/1 829/3/1
f 833/2/1 829/2/1 828/2/1
f 834/3/1 830/3/1 833/3/1
f 836/2/1 827/2/1 832/2/1
f 837/2/1 827/2/1 836/2/1
f 838/2/1 833/2/1 828/2/1
f 839/2/1 833/2/1 838/2/1
f 841/2/1 836/2/1 835/2/1
f 842/2/1 836/2/1 841/2/1
f 843/2/1 840/2/1 839/2/1
f 844/2/1 840/2/1 843/2/1
f 850/3/1 846/3/1 845/3/1
f 851/3/1 846/3/1 850/3/1
f 852/3/1 846/3/1 851/3/1
f 853/3/1 846/3/1 852/3/1
f 857/1/1 848/1/1 847/1/1
f 860/3/1 850/3/1 849/3/1
f 860/3/1 851/3/1 850/3/1
f 861/3/1 851/3/1 860/3/1
f 862/3/1 854/3/1 853/3/1
f 862/3/1 853/3/1 852/3/1
f 863/3/1 854/3/1 862/3/1
f 866/1/1 856/1/1 855/1/1
f 867/1/1 858/1/1 857/1/1
f 868/3/1 860/3/1 859/3/1
f 869/3/1 860/3/1 868/3/1
f 870/3/1 860/3/1 869/3/1
f 871/3/1 864/3/1 863/3/1
f 872/3/1 864/3/1 871/3/1
f 873/3/1 864/3/1 872/3/1
f 874/1/1 866/1/1 865/1/1
f 875/1/1 857/1/1 847/1/1
f 875/1/1 867/1/1 857/1/1
f 876/3/1 868/3/1 867/3/1
f 876/1/1 867/1/1 875/1/1
f 876/3/1 869/3/1 868/3/1
f 877/3/1 869/3/1 876/3/1
f 878/3/1 869/3/1 877/3/1
f 879/3/1 874/3/1 873/3/1
f 879/3/1 873/3/1 872/3/1
f 880/3/1 874/3/1 879/3/1
f 881/1/1 866/1/1 874/1/1
f 881/3/1 874/3/1 880/3/1
f 882/1/1 856/1/1 866/1/1
f 882/1/1 866/1/1 881/1/1
f 883/3/1 877/3/1 876/3/1
f 883/3/1 876/3/1 875/3/1
f 886/3/1 882/3/1 881/3/1
f 886/3/1 881/3/1 880/3/1
f 887/1/1 875/1/1 847/1/1
f 888/3/1 883/3/1 875/3/1
f 888/1/1 875/1/1 887/1/1
f 889/3/1 883/3/1 888/3/1
f 890/2/1 884/2/1 883/2/1
f 890/3/1 883/3/1 889/3/1
f 891/2/1 884/2/1 890/2/1
f 892/2/1 886/2/1 885/2/1
f 893/3/1 882/3/1 886/3/1
f 893/2/1 886/2/1 892/2/1
f 894/3/1 882/3/1 893/3/1
f 895/1/1 856/1/1 882/1/1
f 895/3/1 882/3/1 894/3/1
f 896/1/1 856/1/1 895/1/1
f 897/2/1 889/2/1 888/2/1
f 898/2/1 889/2/1 897/2/1
f 899/2/1 895/2/1 894/2/1
f 900/2/1 895/2/1 899/2/1
f 908/1/1 904/1/1 903/1/1
f 909/1/1 904/1/1 908/1/1
f 911/1/1 902/1/1 901/1/1
f 912/1/1 902/1/1 911/1/1
f 913/1/1 908/1/1 907/1/1
f 914/1/1 908/1/1 913/1/1
f 915/1/1 908/1/1 914/1/1
f 916/1/1 908/1/1 915/1/1
f 917/1/1 910/1/1 909/1/1
f 918/1/1 910/1/1 917/1/1
f 919/1/1 910/1/1 918/1/1
f 920/1/1 910/1/1 919/1/1
f 921/1/1 906/1/1 905/1/1
f 922/1/1 906/1/1 921/1/1
f 923/1/1 913/1/1 912/1/1
f 924/1/1 913/1/1 923/1/1
f 925/3/1 915/3/1 914/3/1
f 926/3/1 915/3/1 925/3/1
f 927/3/1 919/3/1 918/3/1
f 928/3/1 919/3/1 927/3/1
f 929/1/1 921/1/1 920/1/1
f 930/1/1 921/1/1 929/1/1
f 935/1/1 932/1/1 931/1/1
f 936/1/1 932/1/1 935/1/1
f 937/1/1 934/1/1 933/1/1
f 938/1/1 934/1/1 937/1/1
f 942/1/1 940/1/1 939/1/1
f 943/1/1 940/1/1 942/1/1
f 946/1/1 942/1/1 941/1/1
f 946/1/1 944/1/1 943/1/1
f 946/1/1 943/1/1 942/1/1
f 947/1/1 944/1/1 946/1/1
f 948/1/1 944/1/1 947/1/1
f 949/1/1 944/1/1 948/1/1
f 951/1/1 946/1/1 945/1/1
f 951/1/1 947/1/1 946/1/1
f 952/1/1 947/1/1 951/1/1
f 953/1/1 950/1/1 949/1/1
f 953/1/1 949/1/1 948/1/1
f 954/1/1 950/1/1 953/1/1
f 955/1/1 951/1/1 945/1/1
f 956/1/1 951/1/1 955/1/1
f 959/1/1 950/1/1 954/1/1
f 960/1/1 950/1/1 959/1/1
f 961/1/1 957/1/1 956/1/1
f 962/1/1 957/1/1 961/1/1
f 963/1/1 957/1/1 962/1/1
f 964/1/1 959/1/1 958/1/1
f 965/1/1 959/1/1 964/1/1
f 966/1/1 959/1/1 965/1/1
f 971/1/1 968/1/1 967/1/1
f 972/1/1 968/1/1 971/1/1
f 973/1/1 970/1/1 969/1/1
f 974/1/1 970/1/1 973/1/1
f 978/1/1 976/1/1 975/1/1
f 979/1/1 976/1/1 978/1/1
f 981/1/1 978/1/1 977/1/1
f 981/1/1 980/1/1 979/1/1
f 981/1/1 979/1/1 978/1/1
f 982/1/1 980/1/1 981/1/1
f 983/1/1 980/1/1 982/1/1
f 984/1/1 980/1/1 983/1/1
f 987/2/1 983/2/1 982/2/1
f 988/2/1 983/2/1 987/2/1
f 991/2/1 986/2/1 985/2/1
f 992/2/1 990/2/1 989/2/1
f 993/2/1 991/2/1 985/2/1
f 994/2/1 991/2/1 993/2/1
f 995/2/1 990/2/1 992/2/1
f 996/2/1 990/2/1 995/2/1
f 1001/1/1 998/1/1 997/1/1
f 1002/1/1 998/1/1 1001/1/1
f 1003/1/1 1000/1/1 999/1/1
f 1004/1/1 1000/1/1 1003/1/1
f 1009/1/1 1006/1/1 1005/1/1
f 1010/1/1 1006/1/1 1009/1/1
f 1011/1/1 1008/1/1 1007/1/1
f 1012/1/1 1008/1/1 1011/1/1
f 1013/1/1 1009/1/1 1005/1/1
f 1014/1/1 1009/1/1 1013/1/1
f 1017/1/1 1008/1/1 1012/1/1
f 1018/1/1 1008/1/1 1017/1/1
f 1019/2/1 1015/2/1 1014/2/1
f 1019/2/1 1014/2/1 1013/2/1
f 1020/2/1 1015/2/1 1019/2/1
f 1021/2/1 1015/2/1 1020/2/1
f 1022/2/1 1015/2/1 1021/2/1
f 1023/2/1 1018/2/1 1017/2/1
f 1023/2/1 1017/2/1 1016/2/1
f 1024/2/1 1018/2/1 1023/2/1
f 1025/2/1 1018/2/1 1024/2/1
f 1026/2/1 1018/2/1 1025/2/1
f 1027/2/1 1021/2/1 1020/2/1
f 1028/2/1 1021/2/1 1027/2/1
f 1029/2/1 1025/2/1 1024/2/1
f 1030/2/1 1025/2/1 1029/2/1
f 1035/1/1 1032/1/1 1031/1/1
f 1036/1/1 1032/1/1 1035/1/1
f 1037/1/1 1034/1/1 1033/1/1
f 1038/1/1 1034/1/1 1037/1/1
f 1042/1/1 1040/1/1 1039/1/1
f 1043/1/1 1040/1/1 1042/1/1
f 1045/1/1 1042/1/1 1041/1/1
f 1045/1/1 1044/1/1 1043/1/1
f 1045/1/1 1043/1/1 1042/1/1
f 1046/1/1 1044/1/1 1045/1/1
f 1047/1/1 1044/1/1 1046/1/1
f 1048/1/1 1044/1/1 1047/1/1
f 1049/1/1 1047/1/1 1046/1/1
f 1050/1/1 1047/1/1 1049/1/1
f 1054/2/1 1052/2/1 1051/2/1
f 1055/2/1 1052/2/1 1054/2/1
f 1057/1/1 1054/1/1 1053/1/1
f 1057/1/1 1056/1/1 1055/1/1
f 1057/1/1 1055/1/1 1054/1/1
f 1058/1/1 1056/1/1 1057/1/1
f 1059/1/1 1056/1/1 1058/1/1
f 1060/1/1 1056/1/1 1059/1/1
f 1062/1/1 1059/1/1 1058/1/1
f 1063/1/1 1059/1/1 1062/1/1
f 1065/1/1 1062/1/1 1061/1/1
f 1065/1/1 1064/1/1 1063/1/1
f 1065/1/1 1063/1/1 1062/1/1
f 1066/1/1 1064/1/1 1065/1/1
f 1067/1/1 1064/1/1 1066/1/1
f 1068/1/1 1064/1/1 1067/1/1
f 1069/1/1 1067/1/1 1066/1/1
f 1070/1/1 1067/1/1 1069/1/1
f 1073/1/1 1072/1/1 1071/1/1
f 1074/1/1 1072/1/1 1073/1/1
f 1075/1/1 1072/1/1 1074/1/1
f 1076/1/1 1072/1/1 1075/1/1
f 1078/1/1 1075/1/1 1074/1/1
f 1079/1/1 1075/1/1 1078/1/1
f 1081/1/1 1078/1/1 1077/1/1
f 1081/1/1 1080/1/1 1079/1/1
f 1081/1/1 1079/1/1 1078/1/1
f 1082/1/1 1080/1/1 1081/1/1
f 1083/1/1 1080/1/1 1082/1/1
f 1084/1/1 1080/1/1 1083/1/1
f 1086/1/1 1083/1/1 1082/1/1
f 1087/1/1 1083/1/1 1086/1/1
f 1089/1/1 1087/1/1 1086/1/1
f 1089/1/1 1088/1/1 1087/1/1
f 1089/1/1 1086/1/1 1085/1/1
f 1090/1/1 1088/1/1 1089/1/1
f 1093/2/1 1090/2/1 1089/2/1
f 1094/2/1 1090/2/1 1093/2/1
f 1098/2/1 1092/2/1 1091/2/1
f 1099/2/1 1092/2/1 1098/2/1
f 1100/2/1 1096/2/1 1095/2/1
f 1101/2/1 1096/2/1 1100/2/1
f 1103/1/1 1099/1/1 1098/1/1
f 1103/1/1 1098/1/1 1097/1/1
f 1104/1/1 1102/1/1 1101/1/1
f 1104/1/1 1101/1/1 1100/1/1
f 1105/1/1 1103/1/1 1097/1/1
f 1106/1/1 1103/1/1 1105/1/1
f 1107/1/1 1102/1/1 1104/1/1
f 1108/1/1 1102/1/1 1107/1/1
f 1109/1/1 1105/1/1 1097/1/1
f 1110/1/1 1105/1/1 1109/1/1
f 1111/1/1 1102/1/1 1108/1/1
f 1112/1/1 1102/1/1 1111/1/1
f 1117/1/1 1114/1/1 1113/1/1
f 1118/1/1 1114/1/1 1117/1/1
f 1119/1/1 1116/1/1 1115/1/1
f 1120/1/1 1116/1/1 1119/1/1
f 1126/1/1 1122/1/1 1121/1/1
f 1127/1/1 1122/1/1 1126/1/1
f 1128/1/1 1122/1/1 1127/1/1
f 1129/1/1 1124/1/1 1123/1/1
f 1130/1/1 1124/1/1 1129/1/1
f 1131/1/1 1124/1/1 1130/1/1
f 1133/1/1 1126/1/1 1125/1/1
f 1133/1/1 1127/1/1 1126/1/1
f 1136/1/1 1132/1/1 1131/1/1
f 1136/1/1 1131/1/1 1130/1/1
f 1137/1/1 1134/1/1 1133/1/1
f 1137/1/1 1133/1/1 1125/1/1
f 1138/1/1 1134/1/1 1137/1/1
f 1139/1/1 1134/1/1 1138/1/1
f 1140/1/1 1136/1/1 1135/1/1
f 1141/1/1 1132/1/1 1136/1/1
f 1141/1/1 1136/1/1 1140/1/1
f 1142/1/1 1132/1/1 1141/1/1
f 1143/1/1 1139/1/1 1138/1/1
f 1143/1/1 1140/1/1 1139/1/1
f 1143/1/1 1141/1/1 1140/1/1
f 1144/1/1 1141/1/1 1143/1/1
f 1145/1/1 1141/1/1 1144/1/1
f 1146/1/1 1141/1/1 1145/1/1
f 1147/1/1 1141/1/1 1146/1/1
f 1148/1/1 1141/1/1 1147/1/1
f 1150/2/1 1145/2/1 1144/2/1
f 1151/2/1 1145/2/1 1150/2/1
f 1152/2/1 1147/2/1 1146/2/1
f 1153/2/1 1147/2/1 1152/2/1
f 1156/1/1 1150/1/1 1149/1/1
f 1157/1/1 1154/1/1 1153/1/1
f 1159/1/1 1156/1/1 1155/1/1
f 1159/1/1 1150/1/1 1156/1/1
f 1162/1/1 1157/1/1 1153/1/1
f 1162/1/1 1158/1/1 1157/1/1
f 1163/1/1 1160/1/1 1159/1/1
f 1163/1/1 1159/1/1 1155/1/1
f 1164/1/1 1160/1/1 1163/1/1
f 1165/1/1 1162/1/1 1161/1/1
f 1166/1/1 1158/1/1 1162/1/1
f 1166/1/1 1162/1/1 1165/1/1
f 1167/1/1 1163/1/1 1155/1/1
f 1168/1/1 1163/1/1 1167/1/1
f 1171/1/1 1158/1/1 1166/1/1
f 1172/1/1 1158/1/1 1171/1/1
f 1173/1/1 1169/1/1 1168/1/1
f 1174/1/1 1169/1/1 1173/1/1
f 1175/1/1 1171/1/1 1170/1/1
f 1176/1/1 1171/1/1 1175/1/1
f 1178/2/1 1174/2/1 1173/2/1
f 1178/2/1 1175/2/1 1174/2/1
f 1178/2/1 1176/2/1 1175/2/1
f 1179/2/1 1176/2/1 1178/2/1
f 1181/1/1 1178/1/1 1177/1/1
f 1184/1/1 1180/1/1 1179/1/1
f 1185/1/1 1182/1/1 1181/1/1
f 1185/1/1 1181/1/1 1177/1/1
f 1186/1/1 1182/1/1 1185/1/1
f 1187/1/1 1184/1/1 1183/1/1
f 1188/1/1 1180/1/1 1184/1/1
f 1188/1/1 1184/1/1 1187/1/1
f 1189/1/1 1185/1/1 1177/1/1
f 1192/1/1 1180/1/1 1188/1/1
f 1193/1/1 1190/1/1 1189/1/1
f 1193/1/1 1189/1/1 1177/1/1
f 1194/1/1 1190/1/1 1193/1/1
f 1195/1/1 1192/1/1 1191/1/1
f 1196/1/1 1180/1/1 1192/1/1
f 1196/1/1 1192/1/1 1195/1/1
f 1197/1/1 1193/1/1 1177/1/1
f 1198/1/1 1193/1/1 1197/1/1
f 1199/1/1 1193/1/1 1198/1/1
f 1200/1/1 1180/1/1 1196/1/1
f 1201/1/1 1180/1/1 1200/1/1
f 1202/1/1 1180/1/1 1201/1/1
f 1203/2/1 1199/2/1 1198/2/1
f 1204/2/1 1199/2/1 1203/2/1
f 1205/2/1 1201/2/1 1200/2/1
f 1206/2/1 1201/2/1 1205/2/1
f 1211/1/1 1208/1/1 1207/1/1
f 1212/1/1 1208/1/1 1211/1/1
f 1213/1/1 1210/1/1 1209/1/1
f 1214/1/1 1210/1/1 1213/1/1
f 1219/1/1 1216/1/1 1215/1/1
f 1220/1/1 1216/1/1 1219/1/1
f 1221/1/1 1218/1/1 1217/1/1
f 1222/1/1 1218/1/1 1221/1/1
f 1228/1/1 1224/1/1 1223/1/1
f 1229/1/1 1224/1/1 1228/1/1
f 1230/1/1 1226/1/1 1225/1/1
f 1231/1/1 1226/1/1 1230/1/1
f 1233/1/1 1228/1/1 1227/1/1
f 1236/1/1 1232/1/1 1231/1/1
f 1237/1/1 1234/1/1 1233/1/1
f 1237/1/1 1233/1/1 1227/1/1
f 1238/1/1 1234/1/1 1237/1/1
f 1239/1/1 1236/1/1 1235/1/1
f 1239/1/1 1232/1/1 1236/1/1
f 1240/1/1 1232/1/1 1239/1/1
f 1241/1/1 1234/1/1 1238/1/1
f 1242/1/1 1234/1/1 1241/1/1
f 1245/1/1 1239/1/1 1235/1/1
f 1246/1/1 1239/1/1 1245/1/1
f 1248/2/1 1243/2/1 1242/2/1
f 1248/2/1 1242/2/1 1241/2/1
f 1249/2/1 1243/2/1 1248/2/1
f 1250/2/1 1243/2/1 1249/2/1
f 1251/2/1 1246/2/1 1245/2/1
f 1251/2/1 1245/2/1 1244/2/1
f 1252/2/1 1246/2/1 1251/2/1
f 1253/2/1 1246/2/1 1252/2/1
f 1255/1/1 1249/1/1 1248/1/1
f 1255/1/1 1248/1/1 1247/1/1
f 1256/1/1 1249/1/1 1255/1/1
f 1257/1/1 1253/1/1 1252/1/1
f 1257/1/1 1254/1/1 1253/1/1
f 1258/1/1 1254/1/1 1257/1/1
f 1259/1/1 1255/1/1 1247/1/1
f 1260/1/1 1255/1/1 1259/1/1
f 1261/1/1 1254/1/1 1258/1/1
f 1262/1/1 1254/1/1 1261/1/1
f 1269/1/1 1264/1/1 1263/1/1
f 1269/1/1 1265/1/1 1264/1/1
f 1270/1/1 1265/1/1 1269/1/1
f 1271/1/1 1268/1/1 1267/1/1
f 1271/1/1 1267/1/1 1266/1/1
f 1272/1/1 1268/1/1 1271/1/1
f 1274/2/1 1270/2/1 1269/2/1
f 1275/2/1 1270/2/1 1274/2/1
f 1276/2/1 1270/2/1 1275/2/1
f 1277/2/1 1272/2/1 1271/2/1
f 1278/2/1 1272/2/1 1277/2/1
f 1279/2/1 1272/2/1 1278/2/1
f 1281/1/1 1274/1/1 1273/1/1
f 1281/1/1 1275/1/1 1274/1/1
f 1282/1/1 1275/1/1 1281/1/1
f 1283/1/1 1279/1/1 1278/1/1
f 1283/1/1 1280/1/1 1279/1/1
f 1284/1/1 1280/1/1 1283/1/1
f 1286/1/1 1275/1/1 1282/1/1
f 1287/1/1 1283/1/1 1278/1/1
f 1289/1/1 1286/1/1 1285/1/1
f 1290/1/1 1275/1/1 1286/1/1
f 1290/1/1 1286/1/1 1289/1/1
f 1291/1/1 1288/1/1 1287/1/1
f 1291/1/1 1287/1/1 1278/1/1
f 1292/1/1 1288/1/1 1291/1/1
f 1293/1/1 1275/1/1 1290/1/1
f 1294/1/1 1275/1/1 1293/1/1
f 1297/1/1 1291/1/1 1278/1/1
f 1298/1/1 1291/1/1 1297/1/1
f 1299/2/1 1295/2/1 1294/2/1
f 1300/2/1 1295/2/1 1299/2/1
f 1301/2/1 1297/2/1 1296/2/1
f 1302/2/1 1297/2/1 1301/2/1
f 1305/1/1 1304/1/1 1303/1/1
f 1306/1/1 1304/1/1 1305/1/1
f 1311/1/1 1308/1/1 1307/1/1
f 1312/1/1 1308/1/1 1311/1/1
f 1313/1/1 1310/1/1 1309/1/1
f 1314/1/1 1310/1/1 1313/1/1
f 1319/1/1 1316/1/1 1315/1/1
f 1320/1/1 1316/1/1 1319/1/1
f 1321/1/1 1316/1/1 1320/1/1
f 1322/1/1 1318/1/1 1317/1/1
f 1323/1/1 1318/1/1 1322/1/1
f 1324/1/1 1318/1/1 1323/1/1
f 1325/2/1 1321/2/1 1320/2/1
f 1326/2/1 1321/2/1 1325/2/1
f 1327/2/1 1323/2/1 1322/2/1
f 1328/2/1 1323/2/1 1327/2/1
f 1333/1/1 1330/1/1 1329/1/1
f 1334/1/1 1330/1/1 1333/1/1
f 1335/1/1 1332/1/1 1331/1/1
f 1336/1/1 1332/1/1 1335/1/1
f 1337/1/1 1333/1/1 1329/1/1
f 1338/1/1 1333/1/1 1337/1/1
f 1339/1/1 1332/1/1 1336/1/1
f 1340/1/1 1332/1/1 1339/1/1
f 1345/1/1 1342/1/1 1341/1/1
f 1346/1/1 1342/1/1 1345/1/1
f 1347/1/1 1344/1/1 1343/1/1
f 1348/1/1 1344/1/1 1347/1/1
f 1353/1/1 1350/1/1 1349/1/1
f 1354/1/1 1350/1/1 1353/1/1
f 1357/1/1 1352/1/1 1351/1/1
f 1358/1/1 1352/1/1 1357/1/1
f 1359/2/1 1355/2/1 1354/2/1
f 1360/2/1 1355/2/1 1359/2/1
f 1361/2/1 1357/2/1 1356/2/1
f 1362/2/1 1357/2/1 1361/2/1
f 1367/1/1 1364/1/1 1363/1/1
f 1368/1/1 1364/1/1 1367/1/1
f 1369/1/1 1366/1/1 1365/1/1
f 1370/1/1 1366/1/1 1369/1/1
f 1373/1/1 1372/1/1 1371/1/1
f 1374/1/1 1372/1/1 1373/1/1
f 1375/1/1 1372/1/1 1374/1/1
f 1376/1/1 1372/1/1 1375/1/1
f 1385/1/1 1378/1/1 1377/1/1
f 1386/1/1 1378/1/1 1385/1/1
f 1387/1/1 1380/1/1 1379/1/1
f 1388/1/1 1380/1/1 1387/1/1
f 1389/1/1 1382/1/1 1381/1/1
f 1390/1/1 1382/1/1 1389/1/1
f 1391/1/1 1384/1/1 1383/1/1
f 1392/1/1 1384/1/1 1391/1/1
f 1397/1/1 1394/1/1 1393/1/1
f 1398/1/1 1394/1/1 1397/1/1
f 1399/1/1 1396/1/1 1395/1/1
f 1400/1/1 1396/1/1 1399/1/1
f 1405/1/1 1402/1/1 1401/1/1
f 1406/1/1 1402/1/1 1405/1/1
f 1407/1/1 1404/1/1 1403/1/1
f 1408/1/1 1404/1/1 1407/1/1
f 1413/1/1 1410/1/1 1409/1/1
f 1414/1/1 1410/1/1 1413/1/1
f 1415/1/1 1412/1/1 1411/1/1
f 1416/1/1 1412/1/1 1415/1/1
f 1421/1/1 1418/1/1 1417/1/1
f 1422/1/1 1418/1/1 1421/1/1
f 1423/1/1 1420/1/1 1419/1/1
f 1424/1/1 1420/1/1 1423/1/1
f 1429/2/1 1426/2/1 1425/2/1
f 1430/2/1 1426/2/1 1429/2/1
f 1431/2/1 1428/2/1 1427/2/1
f 1432/2/1 1428/2/1 1431/2/1
f 1435/1/1 1434/1/1 1433/1/1
f 1436/1/1 1434/1/1 1435/1/1
f 1441/1/1 1438/1/1 1437/1/1
f 1442/1/1 1438/1/1 1441/1/1
f 1443/1/1 1440/1/1 1439/1/1
f 1444/1/1 1440/1/1 1443/1/1
f 1445/2/2 1446/2/2 1450/2/2
f 1450/2/2 1446/2/2 1451/2/2
f 1447/2/2 1448/2/2 1452/2/2
f 1452/2/2 1448/2/2 1453/2/2
f 1449/1/2 1450/1/2 1455/1/2
f 1455/1/2 1450/1/2 1456/1/2
f 1453/1/2 1454/1/2 1457/1/2
f 1457/1/2 1454/1/2 1458/1/2
f 1459/1/2 1460/1/2 1463/1/2
f 1463/1/2 1460/1/2 1464/1/2
f 1461/1/2 1462/1/2 1465/1/2
f 1465/1/2 1462/1/2 1466/1/2
f 1467/1/2 1468/1/2 1471/1/2
f 1471/1/2 1468/1/2 1472/1/2
f 1469/1/2 1470/1/2 1473/1/2
f 1473/1/2 1470/1/2 1474/1/2
f 1475/1/2 1476/1/2 1479/1/2
f 1479/1/2 1476/1/2 1480/1/2
f 1477/1/2 1478/1/2 1481/1/2
f 1481/1/2 1478/1/2 1482/1/2
f 1483/1/2 1484/1/2 1487/1/2
f 1487/1/2 1484/1/2 1488/1/2
f 1485/1/2 1486/1/2 1489/1/2
f 1489/1/2 1486/1/2 1490/1/2
f 1491/1/2 1492/1/2 1495/1/2
f 1495/1/2 1492/1/2 1496/1/2
f 1493/1/2 1494/1/2 1497/1/2
f 1497/1/2 1494/1/2 1498/1/2
f 1499/1/2 1500/1/2 1503/1/2
f 1503/1/2 1500/1/2 1504/1/2
f 1504/1/2 1500/1/2 1505/1/2
f 1501/1/2 1502/1/2 1506/1/2
f 1506/1/2 1502/1/2 1507/1/2
f 1507/1/2 1502/1/2 1508/1/2
f 1504/2/2 1505/2/2 1509/2/2
f 1509/2/2 1505/2/2 1510/2/2
f 1506/2/2 1507/2/2 1511/2/2
f 1511/2/2 1507/2/2 1512/2/2
f 1513/1/2 1514/1/2 1517/1/2
f 1517/1/2 1514/1/2 1518/1/2
f 1515/1/2 1516/1/2 1519/1/2
f 1519/1/2 1516/1/2 1520/1/2
f 1513/1/2 1517/1/2 1521/1/2
f 1521/1/2 1517/1/2 1522/1/2
f 1520/1/2 1516/1/2 1523/1/2
f 1523/1/2 1516/1/2 1524/1/2
f 1525/1/2 1526/1/2 1530/1/2
f 1530/1/2 1526/1/2 1531/1/2
f 1527/1/2 1528/1/2 1532/1/2
f 1532/1/2 1528/1/2 1533/1/2
f 1529/1/2 1530/1/2 1535/1/2
f 1533/1/2 1534/1/2 1538/1/2
f 1535/1/2 1536/1/2 1539/1/2
f 1529/1/2 1535/1/2 1539/1/2
f 1539/1/2 1536/1/2 1540/1/2
f 1537/1/2 1538/1/2 1541/1/2
f 1538/1/2 1534/1/2 1541/1/2
f 1541/1/2 1534/1/2 1542/1/2
f 1540/1/2 1536/1/2 1543/1/2
f 1543/1/2 1536/1/2 1544/1/2
f 1537/1/2 1541/1/2 1547/1/2
f 1547/1/2 1541/1/2 1548/1/2
f 1544/2/2 1545/2/2 1550/2/2
f 1543/2/2 1544/2/2 1550/2/2
f 1550/2/2 1545/2/2 1551/2/2
f 1551/2/2 1545/2/2 1552/2/2
f 1547/2/2 1548/2/2 1553/2/2
f 1546/2/2 1547/2/2 1553/2/2
f 1553/2/2 1548/2/2 1554/2/2
f 1554/2/2 1548/2/2 1555/2/2
f 1550/1/2 1551/1/2 1557/1/2
f 1549/1/2 1550/1/2 1557/1/2
f 1557/1/2 1551/1/2 1558/1/2
f 1554/1/2 1555/1/2 1559/1/2
f 1555/1/2 1556/1/2 1559/1/2
f 1559/1/2 1556/1/2 1560/1/2
f 1549/1/2 1557/1/2 1561/1/2
f 1561/1/2 1557/1/2 1562/1/2
f 1560/1/2 1556/1/2 1563/1/2
f 1563/1/2 1556/1/2 1564/1/2
f 1565/1/2 1566/1/2 1571/1/2
f 1566/1/2 1567/1/2 1571/1/2
f 1571/1/2 1567/1/2 1572/1/2
f 1569/1/2 1570/1/2 1573/1/2
f 1568/1/2 1569/1/2 1573/1/2
f 1573/1/2 1570/1/2 1574/1/2
f 1571/2/2 1572/2/2 1575/2/2
f 1575/2/2 1572/2/2 1576/2/2
f 1573/2/2 1574/2/2 1577/2/2
f 1577/2/2 1574/2/2 1578/2/2
f 1579/1/2 1580/1/2 1583/1/2
f 1583/1/2 1580/1/2 1584/1/2
f 1581/1/2 1582/1/2 1585/1/2
f 1585/1/2 1582/1/2 1586/1/2
f 1587/1/2 1588/1/2 1591/1/2
f 1591/1/2 1588/1/2 1592/1/2
f 1589/1/2 1590/1/2 1595/1/2
f 1595/1/2 1590/1/2 1596/1/2
f 1592/2/2 1593/2/2 1597/2/2
f 1597/2/2 1593/2/2 1598/2/2
f 1594/2/2 1595/2/2 1599/2/2
f 1599/2/2 1595/2/2 1600/2/2
f 1601/1/2 1602/1/2 1605/1/2
f 1605/1/2 1602/1/2 1606/1/2
f 1603/1/2 1604/1/2 1607/1/2
f 1607/1/2 1604/1/2 1608/1/2
f 1609/1/2 1610/1/2 1614/1/2
f 1614/1/2 1610/1/2 1615/1/2
f 1615/1/2 1610/1/2 1616/1/2
f 1611/1/2 1612/1/2 1617/1/2
f 1617/1/2 1612/1/2 1618/1/2
f 1618/1/2 1612/1/2 1619/1/2
f 1613/1/2 1614/1/2 1621/1/2
f 1614/1/2 1615/1/2 1621/1/2
f 1619/1/2 1620/1/2 1624/1/2
f 1618/1/2 1619/1/2 1624/1/2
f 1621/1/2 1622/1/2 1625/1/2
f 1613/1/2 1621/1/2 1625/1/2
f 1625/1/2 1622/1/2 1626/1/2
f 1626/1/2 1622/1/2 1627/1/2
f 1623/1/2 1624/1/2 1628/1/2
f 1624/1/2 1620/1/2 1629/1/2
f 1628/1/2 1624/1/2 1629/1/2
f 1629/1/2 1620/1/2 1630/1/2
f 1626/1/2 1627/1/2 1631/1/2
f 1627/1/2 1628/1/2 1631/1/2
f 1628/1/2 1629/1/2 1631/1/2
f 1631/1/2 1629/1/2 1632/1/2
f 1632/1/2 1629/1/2 1633/1/2
f 1633/1/2 1629/1/2 1634/1/2
f 1634/1/2 1629/1/2 1635/1/2
f 1635/1/2 1629/1/2 1636/1/2
f 1632/2/2 1633/2/2 1638/2/2
f 1638/2/2 1633/2/2 1639/2/2
f 1634/2/2 1635/2/2 1640/2/2
f 1640/2/2 1635/2/2 1641/2/2
f 1637/1/2 1638/1/2 1644/1/2
f 1641/1/2 1642/1/2 1645/1/2
f 1643/1/2 1644/1/2 1647/1/2
f 1644/1/2 1638/1/2 1647/1/2
f 1641/1/2 1645/1/2 1650/1/2
f 1645/1/2 1646/1/2 1650/1/2
f 1647/1/2 1648/1/2 1651/1/2
f 1643/1/2 1647/1/2 1651/1/2
f 1651/1/2 1648/1/2 1652/1/2
f 1649/1/2 1650/1/2 1653/1/2
f 1650/1/2 1646/1/2 1654/1/2
f 1653/1/2 1650/1/2 1654/1/2
f 1643/1/2 1651/1/2 1655/1/2
f 1655/1/2 1651/1/2 1656/1/2
f 1654/1/2 1646/1/2 1659/1/2
f 1659/1/2 1646/1/2 1660/1/2
f 1656/1/2 1657/1/2 1661/1/2
f 1661/1/2 1657/1/2 1662/1/2
f 1658/1/2 1659/1/2 1663/1/2
f 1663/1/2 1659/1/2 1664/1/2
f 1661/2/2 1662/2/2 1667/2/2
f 1662/2/2 1663/2/2 1667/2/2
f 1663/2/2 1664/2/2 1667/2/2
f 1667/2/2 1664/2/2 1668/2/2
f 1665/1/2 1666/1/2 1671/1/2
f 1671/1/2 1666/1/2 1672/1/2
f 1669/1/2 1670/1/2 1673/1/2
f 1673/1/2 1670/1/2 1674/1/2
f 1672/1/2 1666/1/2 1676/1/2
f 1669/1/2 1673/1/2 1677/1/2
f 1675/1/2 1676/1/2 1679/1/2
f 1676/1/2 1666/1/2 1680/1/2
f 1679/1/2 1676/1/2 1680/1/2
f 1677/1/2 1678/1/2 1681/1/2
f 1669/1/2 1677/1/2 1681/1/2
f 1681/1/2 1678/1/2 1682/1/2
f 1680/1/2 1666/1/2 1683/1/2
f 1683/1/2 1666/1/2 1684/1/2
f 1669/1/2 1681/1/2 1687/1/2
f 1687/1/2 1681/1/2 1688/1/2
f 1684/2/2 1685/2/2 1689/2/2
f 1689/2/2 1685/2/2 1690/2/2
f 1686/2/2 1687/2/2 1691/2/2
f 1691/2/2 1687/2/2 1692/2/2
f 1693/1/2 1694/1/2 1696/1/2
f 1696/1/2 1694/1/2 1697/1/2
f 1695/1/2 1696/1/2 1699/1/2
f 1697/1/2 1698/1/2 1699/1/2
f 1696/1/2 1697/1/2 1699/1/2
f 1699/1/2 1698/1/2 1700/1/2
f 1700/1/2 1698/1/2 1701/1/2
f 1701/1/2 1698/1/2 1702/1/2
f 1700/1/2 1701/1/2 1703/1/2
f 1703/1/2 1701/1/2 1704/1/2
f 1705/2/2 1706/2/2 1708/2/2
f 1708/2/2 1706/2/2 1709/2/2
f 1707/1/2 1708/1/2 1711/1/2
f 1709/1/2 1710/1/2 1711/1/2
f 1708/1/2 1709/1/2 1711/1/2
f 1711/1/2 1710/1/2 1712/1/2
f 1712/1/2 1710/1/2 1713/1/2
f 1713/1/2 1710/1/2 1714/1/2
f 1712/1/2 1713/1/2 1716/1/2
f 1716/1/2 1713/1/2 1717/1/2
f 1715/1/2 1716/1/2 1719/1/2
f 1717/1/2 1718/1/2 1719/1/2
f 1716/1/2 1717/1/2 1719/1/2
f 1719/1/2 1718/1/2 1720/1/2
f 1720/1/2 1718/1/2 1721/1/2
f 1721/1/2 1718/1/2 1722/1/2
f 1720/1/2 1721/1/2 1723/1/2
f 1723/1/2 1721/1/2 1724/1/2
f 1725/1/2 1726/1/2 1729/1/2
f 1727/1/2 1728/1/2 1732/1/2
f 1729/1/2 1730/1/2 1733/1/2
f 1725/1/2 1729/1/2 1733/1/2
f 1733/1/2 1730/1/2 1734/1/2
f 1731/1/2 1732/1/2 1735/1/2
f 1732/1/2 1728/1/2 1736/1/2
f 1735/1/2 1732/1/2 1736/1/2
f 1725/1/2 1733/1/2 1737/1/2
f 1736/1/2 1728/1/2 1740/1/2
f 1737/1/2 1738/1/2 1741/1/2
f 1725/1/2 1737/1/2 1741/1/2
f 1741/1/2 1738/1/2 1742/1/2
f 1739/1/2 1740/1/2 1743/1/2
f 1740/1/2 1728/1/2 1744/1/2
f 1743/1/2 1740/1/2 1744/1/2
f 1725/1/2 1741/1/2 1745/1/2
f 1745/1/2 1741/1/2 1746/1/2
f 1746/1/2 1741/1/2 1747/1/2
f 1744/1/2 1728/1/2 1748/1/2
f 1748/1/2 1728/1/2 1749/1/2
f 1749/1/2 1728/1/2 1750/1/2
f 1746/2/2 1747/2/2 1751/2/2
f 1751/2/2 1747/2/2 1752/2/2
f 1748/2/2 1749/2/2 1753/2/2
f 1753/2/2 1749/2/2 1754/2/2
f 1755/1/2 1756/1/2 1759/1/2
f 1759/1/2 1756/1/2 1760/1/2
f 1757/1/2 1758/1/2 1761/1/2
f 1761/1/2 1758/1/2 1762/1/2
f 1763/1/2 1764/1/2 1767/1/2
f 1767/1/2 1764/1/2 1768/1/2
f 1765/1/2 1766/1/2 1769/1/2
f 1769/1/2 1766/1/2 1770/1/2
f 1771/1/2 1772/1/2 1773/1/2
f 1773/1/2 1772/1/2 1774/1/2
f 1774/1/2 1772/1/2 1775/1/2
f 1775/1/2 1772/1/2 1776/1/2
f 1774/1/2 1775/1/2 1778/1/2
f 1778/1/2 1775/1/2 1779/1/2
f 1777/1/2 1778/1/2 1781/1/2
f 1779/1/2 1780/1/2 1781/1/2
f 1778/1/2 1779/1/2 1781/1/2
f 1781/1/2 1780/1/2 1782/1/2
f 1782/1/2 1780/1/2 1783/1/2
f 1783/1/2 1780/1/2 1784/1/2
f 1782/1/2 1783/1/2 1786/1/2
f 1786/1/2 1783/1/2 1787/1/2
f 1786/1/2 1787/1/2 1789/1/2
f 1787/1/2 1788/1/2 1789/1/2
f 1785/1/2 1786/1/2 1789/1/2
f 1789/1/2 1788/1/2 1790/1/2
f 1789/2/2 1790/2/2 1793/2/2
f 1793/2/2 1790/2/2 1794/2/2
f 1791/2/2 1792/2/2 1798/2/2
f 1798/2/2 1792/2/2 1799/2/2
f 1795/2/2 1796/2/2 1800/2/2
f 1800/2/2 1796/2/2 1801/2/2
f 1798/1/2 1799/1/2 1803/1/2
f 1797/1/2 1798/1/2 1803/1/2
f 1801/1/2 1802/1/2 1804/1/2
f 1800/1/2 1801/1/2 1804/1/2
f 1797/1/2 1803/1/2 1805/1/2
f 1805/1/2 1803/1/2 1806/1/2
f 1804/1/2 1802/1/2 1807/1/2
f 1807/1/2 1802/1/2 1808/1/2
f 1797/1/2 1805/1/2 1809/1/2
f 1809/1/2 1805/1/2 1810/1/2
f 1808/1/2 1802/1/2 1811/1/2
f 1811/1/2 1802/1/2 1812/1/2
f 1813/1/2 1814/1/2 1817/1/2
f 1817/1/2 1814/1/2 1818/1/2
f 1815/1/2 1816/1/2 1819/1/2
f 1819/1/2 1816/1/2 1820/1/2
f 1821/1/2 1822/1/2 1825/1/2
f 1825/1/2 1822/1/2 1826/1/2
f 1823/1/2 1824/1/2 1827/1/2
f 1827/1/2 1824/1/2 1828/1/2
f 1821/1/2 1825/1/2 1829/1/2
f 1829/1/2 1825/1/2 1830/1/2
f 1828/1/2 1824/1/2 1833/1/2
f 1833/1/2 1824/1/2 1834/1/2
f 1830/2/2 1831/2/2 1835/2/2
f 1829/2/2 1830/2/2 1835/2/2
f 1835/2/2 1831/2/2 1836/2/2
f 1836/2/2 1831/2/2 1837/2/2
f 1837/2/2 1831/2/2 1838/2/2
f 1833/2/2 1834/2/2 1839/2/2
f 1832/2/2 1833/2/2 1839/2/2
f 1839/2/2 1834/2/2 1840/2/2
f 1840/2/2 1834/2/2 1841/2/2
f 1841/2/2 1834/2/2 1842/2/2
f 1836/2/2 1837/2/2 1843/2/2
f 1843/2/2 1837/2/2 1844/2/2
f 1840/2/2 1841/2/2 1845/2/2
f 1845/2/2 1841/2/2 1846/2/2
f 1847/1/2 1848/1/2 1851/1/2
f 1851/1/2 1848/1/2 1852/1/2
f 1849/1/2 1850/1/2 1853/1/2
f 1853/1/2 1850/1/2 1854/1/2
f 1855/1/2 1856/1/2 1858/1/2
f 1858/1/2 1856/1/2 1859/1/2
f 1857/1/2 1858/1/2 1861/1/2
f 1859/1/2 1860/1/2 1861/1/2
f 1858/1/2 1859/1/2 1861/1/2
f 1861/1/2 1860/1/2 1862/1/2
f 1862/1/2 1860/1/2 1863/1/2
f 1863/1/2 1860/1/2 1864/1/2
f 1862/2/2 1863/2/2 1867/2/2
f 1867/2/2 1863/2/2 1868/2/2
f 1865/2/2 1866/2/2 1871/2/2
f 1869/2/2 1870/2/2 1872/2/2
f 1865/2/2 1871/2/2 1873/2/2
f 1873/2/2 1871/2/2 1874/2/2
f 1872/2/2 1870/2/2 1875/2/2
f 1875/2/2 1870/2/2 1876/2/2
f 1877/1/2 1878/1/2 1881/1/2
f 1881/1/2 1878/1/2 1882/1/2
f 1879/1/2 1880/1/2 1883/1/2
f 1883/1/2 1880/1/2 1884/1/2
f 1885/1/2 1886/1/2 1888/1/2
f 1888/1/2 1886/1/2 1889/1/2
f 1887/1/2 1888/1/2 1892/1/2
f 1889/1/2 1890/1/2 1892/1/2
f 1888/1/2 1889/1/2 1892/1/2
f 1892/1/2 1890/1/2 1893/1/2
f 1893/1/2 1890/1/2 1894/1/2
f 1894/1/2 1890/1/2 1895/1/2
f 1891/1/2 1892/1/2 1897/1/2
f 1892/1/2 1893/1/2 1897/1/2
f 1897/1/2 1893/1/2 1898/1/2
f 1895/1/2 1896/1/2 1899/1/2
f 1894/1/2 1895/1/2 1899/1/2
f 1899/1/2 1896/1/2 1900/1/2
f 1891/1/2 1897/1/2 1901/1/2
f 1901/1/2 1897/1/2 1902/1/2
f 1900/1/2 1896/1/2 1905/1/2
f 1905/1/2 1896/1/2 1906/1/2
f 1902/1/2 1903/1/2 1907/1/2
f 1907/1/2 1903/1/2 1908/1/2
f 1908/1/2 1903/1/2 1909/1/2
f 1904/1/2 1905/1/2 1910/1/2
f 1910/1/2 1905/1/2 1911/1/2
f 1911/1/2 1905/1/2 1912/1/2
f 1913/1/2 1914/1/2 1917/1/2
f 1917/1/2 1914/1/2 1918/1/2
f 1915/1/2 1916/1/2 1919/1/2
f 1919/1/2 1916/1/2 1920/1/2
f 1923/1/2 1924/1/2 1928/1/2
f 1928/1/2 1924/1/2 1929/1/2
f 1921/1/2 1922/1/2 1931/1/2
f 1931/1/2 1922/1/2 1932/1/2
f 1927/1/2 1928/1/2 1933/1/2
f 1933/1/2 1928/1/2 1934/1/2
f 1934/1/2 1928/1/2 1935/1/2
f 1935/1/2 1928/1/2 1936/1/2
f 1929/1/2 1930/1/2 1937/1/2
f 1937/1/2 1930/1/2 1938/1/2
f 1938/1/2 1930/1/2 1939/1/2
f 1939/1/2 1930/1/2 1940/1/2
f 1925/1/2 1926/1/2 1941/1/2
f 1941/1/2 1926/1/2 1942/1/2
f 1932/1/2 1933/1/2 1943/1/2
f 1943/1/2 1933/1/2 1944/1/2
f 1934/3/2 1935/3/2 1945/3/2
f 1945/3/2 1935/3/2 1946/3/2
f 1938/3/2 1939/3/2 1947/3/2
f 1947/3/2 1939/3/2 1948/3/2
f 1940/1/2 1941/1/2 1949/1/2
f 1949/1/2 1941/1/2 1950/1/2
f 1951/1/2 1952/1/2 1955/1/2
f 1955/1/2 1952/1/2 1956/1/2
f 1953/1/2 1954/1/2 1957/1/2
f 1957/1/2 1954/1/2 1958/1/2
f 1959/3/2 1960/3/2 1964/3/2
f 1964/3/2 1960/3/2 1965/3/2
f 1965/3/2 1960/3/2 1966/3/2
f 1966/3/2 1960/3/2 1967/3/2
f 1961/1/2 1962/1/2 1971/1/2
f 1963/3/2 1964/3/2 1974/3/2
f 1964/3/2 1965/3/2 1974/3/2
f 1974/3/2 1965/3/2 1975/3/2
f 1967/3/2 1968/3/2 1976/3/2
f 1966/3/2 1967/3/2 1976/3/2
f 1976/3/2 1968/3/2 1977/3/2
f 1969/1/2 1970/1/2 1980/1/2
f 1971/1/2 1972/1/2 1981/1/2
f 1973/3/2 1974/3/2 1982/3/2
f 1982/3/2 1974/3/2 1983/3/2
f 1983/3/2 1974/3/2 1984/3/2
f 1977/3/2 1978/3/2 1985/3/2
f 1985/3/2 1978/3/2 1986/3/2
f 1986/3/2 1978/3/2 1987/3/2
f 1979/1/2 1980/1/2 1988/1/2
f 1961/1/2 1971/1/2 1989/1/2
f 1971/1/2 1981/1/2 1989/1/2
f 1981/3/2 1982/3/2 1990/3/2
f 1989/1/2 1981/1/2 1990/1/2
f 1982/3/2 1983/3/2 1990/3/2
f 1990/3/2 1983/3/2 1991/3/2
f 1991/3/2 1983/3/2 1992/3/2
f 1987/3/2 1988/3/2 1993/3/2
f 1986/3/2 1987/3/2 1993/3/2
f 1993/3/2 1988/3/2 1994/3/2
f 1988/1/2 1980/1/2 1995/1/2
f 1994/3/2 1988/3/2 1995/3/2
f 1980/1/2 1970/1/2 1996/1/2
f 1995/1/2 1980/1/2 1996/1/2
f 1990/3/2 1991/3/2 1997/3/2
f 1989/3/2 1990/3/2 1997/3/2
f 1995/3/2 1996/3/2 2000/3/2
f 1994/3/2 1995/3/2 2000/3/2
f 1961/1/2 1989/1/2 2001/1/2
f 1989/3/2 1997/3/2 2002/3/2
f 2001/1/2 1989/1/2 2002/1/2
f 2002/3/2 1997/3/2 2003/3/2
f 1997/2/2 1998/2/2 2004/2/2
f 2003/3/2 1997/3/2 2004/3/2
f 2004/2/2 1998/2/2 2005/2/2
f 1999/2/2 2000/2/2 2006/2/2
f 2000/3/2 1996/3/2 2007/3/2
f 2006/2/2 2000/2/2 2007/2/2
f 2007/3/2 1996/3/2 2008/3/2
f 1996/1/2 1970/1/2 2009/1/2
f 2008/3/2 1996/3/2 2009/3/2
f 2009/1/2 1970/1/2 2010/1/2
f 2002/2/2 2003/2/2 2011/2/2
f 2011/2/2 2003/2/2 2012/2/2
f 2008/2/2 2009/2/2 2013/2/2
f 2013/2/2 2009/2/2 2014/2/2
f 2015/3/2 2016/3/2 2020/3/2
f 2020/3/2 2016/3/2 2021/3/2
f 2017/3/2 2018/3/2 2025/3/2
f 2025/3/2 2018/3/2 2026/3/2
f 2019/3/2 2020/3/2 2028/3/2
f 2020/3/2 2021/3/2 2028/3/2
f 2021/3/2 2022/3/2 2028/3/2
f 2028/3/2 2022/3/2 2029/3/2
f 2023/3/2 2024/3/2 2031/3/2
f 2031/3/2 2024/3/2 2032/3/2
f 2027/3/2 2028/3/2 2034/3/2
f 2034/3/2 2028/3/2 2035/3/2
f 2029/3/2 2030/3/2 2036/3/2
f 2036/3/2 2030/3/2 2037/3/2
f 2033/3/2 2034/3/2 2039/3/2
f 2034/2/2 2035/2/2 2040/2/2
f 2039/3/2 2034/3/2 2040/3/2
f 2037/3/2 2038/3/2 2041/3/2
f 2036/2/2 2037/2/2 2041/2/2
f 2041/3/2 2038/3/2 2042/3/2
f 2040/2/2 2035/2/2 2044/2/2
f 2044/2/2 2035/2/2 2045/2/2
f 2036/2/2 2041/2/2 2046/2/2
f 2046/2/2 2041/2/2 2047/2/2
f 2043/2/2 2044/2/2 2049/2/2
f 2049/2/2 2044/2/2 2050/2/2
f 2047/2/2 2048/2/2 2051/2/2
f 2051/2/2 2048/2/2 2052/2/2
f 2053/2/2 2054/2/2 2055/2/2
f 2055/2/2 2054/2/2 2056/2/2
f 2057/1/2 2058/1/2 2061/1/2
f 2061/1/2 2058/1/2 2062/1/2
f 2059/1/2 2060/1/2 2063/1/2
f 2063/1/2 2060/1/2 2064/1/2
f 2065/2/2 2066/2/2 2067/2/2
f 2067/2/2 2066/2/2 2068/2/2
f 2068/2/2 2066/2/2 2069/2/2
f 2069/2/2 2066/2/2 2070/2/2
f 2072/3/2 2073/3/2 2077/3/2
f 2071/1/2 2072/1/2 2077/1/2
f 2077/3/2 2073/3/2 2078/3/2
f 2074/3/2 2075/3/2 2079/3/2
f 2075/1/2 2076/1/2 2080/1/2
f 2079/3/2 2075/3/2 2080/3/2
f 2077/1/2 2078/1/2 2081/1/2
f 2071/1/2 2077/1/2 2081/1/2
f 2081/1/2 2078/1/2 2082/1/2
f 2079/1/2 2080/1/2 2083/1/2
f 2080/1/2 2076/1/2 2084/1/2
f 2083/1/2 2080/1/2 2084/1/2
f 2085/1/2 2086/1/2 2087/1/2
f 2087/1/2 2086/1/2 2088/1/2
f 2089/3/2 2090/3/2 2094/3/2
f 2090/2/2 2091/2/2 2095/2/2
f 2094/3/2 2090/3/2 2095/3/2
f 2091/3/2 2092/3/2 2096/3/2
f 2095/2/2 2091/2/2 2096/2/2
f 2096/3/2 2092/3/2 2097/3/2
f 2093/3/2 2094/3/2 2099/3/2
f 2099/3/2 2094/3/2 2100/3/2
f 2097/3/2 2098/3/2 2101/3/2
f 2101/3/2 2098/3/2 2102/3/2
f 2103/1/2 2104/1/2 2107/1/2
f 2107/1/2 2104/1/2 2108/1/2
f 2105/1/2 2106/1/2 2109/1/2
f 2109/1/2 2106/1/2 2110/1/2
f 2111/3/2 2112/3/2 2113/3/2
f 2113/3/2 2112/3/2 2114/3/2
f 2115/1/2 2116/1/2 2119/1/2
f 2119/1/2 2116/1/2 2120/1/2
f 2117/1/2 2118/1/2 2121/1/2
f 2121/1/2 2118/1/2 2122/1/2
f 2123/3/2 2124/3/2 2128/3/2
f 2128/3/2 2124/3/2 2129/3/2
f 2125/3/2 2126/3/2 2130/3/2
f 2130/3/2 2126/3/2 2131/3/2
f 2127/3/2 2128/3/2 2134/3/2
f 2134/3/2 2128/3/2 2135/3/2
f 2131/3/2 2132/3/2 2136/3/2
f 2136/3/2 2132/3/2 2137/3/2
f 2133/1/2 2134/1/2 2139/1/2
f 2139/1/2 2134/1/2 2140/1/2
f 2137/1/2 2138/1/2 2141/1/2
f 2141/1/2 2138/1/2 2142/1/2
f 2133/1/2 2139/1/2 2143/1/2
f 2143/1/2 2139/1/2 2144/1/2
f 2142/1/2 2138/1/2 2145/1/2
f 2145/1/2 2138/1/2 2146/1/2
f 2147/3/2 2148/3/2 2149/3/2
f 2149/3/2 2148/3/2 2150/3/2
f 2151/1/2 2152/1/2 2155/1/2
f 2155/1/2 2152/1/2 2156/1/2
f 2153/1/2 2154/1/2 2157/1/2
f 2157/1/2 2154/1/2 2158/1/2
f 2159/1/2 2160/1/2 2163/1/2
f 2163/1/2 2160/1/2 2164/1/2
f 2161/1/2 2162/1/2 2165/1/2
f 2165/1/2 2162/1/2 2166/1/2
f 2167/1/2 2168/1/2 2171/1/2
f 2171/1/2 2168/1/2 2172/1/2
f 2169/1/2 2170/1/2 2175/1/2
f 2175/1/2 2170/1/2 2176/1/2
f 2173/1/2 2174/1/2 2177/1/2
f 2177/1/2 2174/1/2 2178/1/2
f 2179/2/2 2180/2/2 2184/2/2
f 2184/2/2 2180/2/2 2185/2/2
f 2181/2/2 2182/2/2 2186/2/2
f 2186/2/2 2182/2/2 2187/2/2
f 2183/3/2 2184/3/2 2189/3/2
f 2189/3/2 2184/3/2 2190/3/2
f 2187/3/2 2188/3/2 2191/3/2
f 2191/3/2 2188/3/2 2192/3/2
f 2193/1/2 2194/1/2 2199/1/2
f 2194/3/2 2195/3/2 2200/3/2
f 2199/1/2 2194/1/2 2200/1/2
f 2200/3/2 2195/3/2 2201/3/2
f 2196/3/2 2197/3/2 2202/3/2
f 2197/1/2 2198/1/2 2203/1/2
f 2202/3/2 2197/3/2 2203/3/2
f 2203/1/2 2198/1/2 2204/1/2
f 2205/1/2 2206/1/2 2209/1/2
f 2209/1/2 2206/1/2 2210/1/2
f 2207/1/2 2208/1/2 2211/1/2
f 2211/1/2 2208/1/2 2212/1/2
f 2213/1/2 2214/1/2 2217/1/2
f 2217/1/2 2214/1/2 2218/1/2
f 2215/1/2 2216/1/2 2219/1/2
f 2219/1/2 2216/1/2 2220/1/2
f 2221/1/2 2222/1/2 2225/1/2
f 2225/1/2 2222/1/2 2226/1/2
f 2223/1/2 2224/1/2 2227/1/2
f 2227/1/2 2224/1/2 2228/1/2
f 2229/1/2 2230/1/2 2233/1/2
f 2233/1/2 2230/1/2 2234/1/2
f 2231/1/2 2232/1/2 2235/1/2
f 2235/1/2 2232/1/2 2236/1/2
f 2237/1/2 2238/1/2 2241/1/2
f 2241/1/2 2238/1/2 2242/1/2
f 2239/1/2 2240/1/2 2243/1/2
f 2243/1/2 2240/1/2 2244/1/2
f 2245/1/2 2246/1/2 2249/1/2
f 2249/1/2 2246/1/2 2250/1/2
f 2247/1/2 2248/1/2 2251/1/2
f 2251/1/2 2248/1/2 2252/1/2
f 2253/1/2 2254/1/2 2257/1/2
f 2257/1/2 2254/1/2 2258/1/2
f 2255/1/2 2256/1/2 2259/1/2
f 2259/1/2 2256/1/2 2260/1/2
f 2261/1/2 2262/1/2 2265/1/2
f 2265/1/2 2262/1/2 2266/1/2
f 2263/1/2 2264/1/2 2267/1/2
f 2267/1/2 2264/1/2 2268/1/2
f 2269/1/2 2270/1/2 2277/1/2
f 2270/1/2 2271/1/2 2277/1/2
f 2271/2/2 2272/2/2 2277/2/2
f 2277/2/2 2272/2/2 2278/2/2
f 2273/2/2 2274/2/2 2283/2/2
f 2275/1/2 2276/1/2 2284/1/2
f 2274/1/2 2275/1/2 2284/1/2
f 2283/2/2 2274/2/2 2284/2/2
f 2269/1/2 2277/1/2 2285/1/2
f 2285/1/2 2277/1/2 2286/1/2
f 2278/1/2 2279/1/2 2287/1/2
f 2280/1/2 2281/1/2 2288/1/2
f 2288/1/2 2281/1/2 2289/1/2
f 2282/1/2 2283/1/2 2290/1/2
f 2284/1/2 2276/1/2 2291/1/2
f 2291/1/2 2276/1/2 2292/1/2
f 2286/1/2 2287/1/2 2293/1/2
f 2287/1/2 2279/1/2 2294/1/2
f 2293/1/2 2287/1/2 2294/1/2
f 2290/1/2 2291/1/2 2295/1/2
f 2282/1/2 2290/1/2 2295/1/2
f 2295/1/2 2291/1/2 2296/1/2
f 2297/1/2 2298/1/2 2301/1/2
f 2301/1/2 2298/1/2 2302/1/2
f 2299/1/2 2300/1/2 2303/1/2
f 2303/1/2 2300/1/2 2304/1/2
f 2305/2/2 2306/2/2 2308/2/2
f 2308/2/2 2306/2/2 2309/2/2
f 2309/2/2 2306/2/2 2310/2/2
f 2310/2/2 2306/2/2 2311/2/2
f 2311/2/2 2306/2/2 2312/2/2
f 2312/2/2 2306/2/2 2313/2/2
f 2307/1/2 2308/1/2 2316/1/2
f 2316/1/2 2308/1/2 2317/1/2
f 2309/1/2 2310/1/2 2318/1/2
f 2311/1/2 2312/1/2 2319/1/2
f 2314/1/2 2315/1/2 2320/1/2
f 2320/1/2 2315/1/2 2321/1/2
f 2318/1/2 2319/1/2 2322/1/2
f 2309/1/2 2318/1/2 2322/1/2
f 2319/1/2 2312/1/2 2323/1/2
f 2322/1/2 2319/1/2 2323/1/2
f 2324/2/2 2325/2/2 2326/2/2
f 2326/2/2 2325/2/2 2327/2/2
f 2327/2/2 2325/2/2 2328/2/2
f 2329/1/2 2330/1/2 2331/1/2
f 2331/1/2 2330/1/2 2332/1/2
f 2333/1/2 2334/1/2 2337/1/2
f 2337/1/2 2334/1/2 2338/1/2
f 2335/1/2 2336/1/2 2339/1/2
f 2339/1/2 2336/1/2 2340/1/2
f 2341/1/2 2342/1/2 2345/1/2
f 2345/1/2 2342/1/2 2346/1/2
f 2346/1/2 2342/1/2 2347/1/2
f 2347/1/2 2342/1/2 2348/1/2
f 2343/1/2 2344/1/2 2349/1/2
f 2349/1/2 2344/1/2 2350/1/2
f 2346/2/2 2347/2/2 2351/2/2
f 2351/2/2 2347/2/2 2352/2/2
f 2353/1/2 2354/1/2 2359/1/2
f 2355/1/2 2356/1/2 2359/1/2
f 2354/1/2 2355/1/2 2359/1/2
f 2359/1/2 2356/1/2 2360/1/2
f 2357/1/2 2358/1/2 2361/1/2
f 2361/1/2 2358/1/2 2362/1/2
f 2363/1/2 2364/1/2 2365/1/2
f 2365/1/2 2364/1/2 2366/1/2
f 2366/1/2 2367/1/2 2373/1/2
f 2373/1/2 2367/1/2 2374/1/2
f 2368/1/2 2369/1/2 2375/1/2
f 2375/1/2 2369/1/2 2376/1/2
f 2371/1/2 2372/1/2 2378/1/2
f 2370/1/2 2371/1/2 2378/1/2
f 2378/1/2 2372/1/2 2379/1/2
f 2379/1/2 2372/1/2 2380/1/2
f 2378/1/2 2379/1/2 2381/1/2
f 2377/1/2 2378/1/2 2381/1/2
f 2381/1/2 2379/1/2 2382/1/2
f 2383/1/2 2384/1/2 2387/1/2
f 2387/1/2 2384/1/2 2388/1/2
f 2385/1/2 2386/1/2 2389/1/2
f 2389/1/2 2386/1/2 2390/1/2
f 2391/1/2 2392/1/2 2397/1/2
f 2397/1/2 2392/1/2 2398/1/2
f 2393/1/2 2394/1/2 2399/1/2
f 2399/1/2 2394/1/2 2400/1/2
f 2395/1/2 2396/1/2 2402/1/2
f 2402/1/2 2396/1/2 2403/1/2
f 2398/1/2 2392/1/2 2404/1/2
f 2404/1/2 2392/1/2 2405/1/2
f 2400/1/2 2401/1/2 2406/1/2
f 2406/1/2 2401/1/2 2407/1/2
f 2403/1/2 2404/1/2 2408/1/2
f 2408/1/2 2404/1/2 2409/1/2
f 2407/1/2 2408/1/2 2410/1/2
f 2410/1/2 2408/1/2 2411/1/2
f 2412/2/2 2413/2/2 2417/2/2
f 2417/2/2 2413/2/2 2418/2/2
f 2414/2/2 2415/2/2 2419/2/2
f 2419/2/2 2415/2/2 2420/2/2
f 2416/1/2 2417/1/2 2422/1/2
f 2422/1/2 2417/1/2 2423/1/2
f 2420/1/2 2421/1/2 2424/1/2
f 2424/1/2 2421/1/2 2425/1/2
f 2426/1/2 2427/1/2 2430/1/2
f 2430/1/2 2427/1/2 2431/1/2
f 2428/1/2 2429/1/2 2432/1/2
f 2432/1/2 2429/1/2 2433/1/2
f 2434/1/2 2435/1/2 2438/1/2
f 2436/1/2 2437/1/2 2441/1/2
f 2441/1/2 2437/1/2 2442/1/2
f 2438/1/2 2439/1/2 2443/1/2
f 2434/1/2 2438/1/2 2443/1/2
f 2443/1/2 2439/1/2 2444/1/2
f 2440/1/2 2441/1/2 2446/1/2
f 2446/1/2 2441/1/2 2447/1/2
f 2447/1/2 2441/1/2 2448/1/2
f 2445/1/2 2446/1/2 2450/1/2
f 2450/1/2 2446/1/2 2451/1/2
f 2451/1/2 2446/1/2 2452/1/2
f 2448/1/2 2449/1/2 2453/1/2
f 2447/1/2 2448/1/2 2453/1/2
f 2453/1/2 2449/1/2 2454/1/2
f 2451/1/2 2452/1/2 2455/1/2
f 2452/1/2 2453/1/2 2455/1/2
f 2455/1/2 2453/1/2 2456/1/2
f 2459/1/2 2460/1/2 2462/1/2
f 2457/1/2 2458/1/2 2463/1/2
f 2463/1/2 2458/1/2 2464/1/2
f 2461/1/2 2462/1/2 2467/1/2
f 2462/1/2 2460/1/2 2468/1/2
f 2467/1/2 2462/1/2 2468/1/2
f 2464/1/2 2465/1/2 2469/1/2
f 2469/1/2 2465/1/2 2470/1/2
f 2466/1/2 2467/1/2 2471/1/2
f 2471/1/2 2467/1/2 2472/1/2
f 2470/1/2 2471/1/2 2473/1/2
f 2473/1/2 2471/1/2 2474/1/2
f 2475/2/2 2476/2/2 2480/2/2
f 2480/2/2 2476/2/2 2481/2/2
f 2477/2/2 2478/2/2 2482/2/2
f 2482/2/2 2478/2/2 2483/2/2
f 2480/1/2 2481/1/2 2485/1/2
f 2479/1/2 2480/1/2 2485/1/2
f 2485/1/2 2481/1/2 2486/1/2
f 2483/1/2 2484/1/2 2487/1/2
f 2482/1/2 2483/1/2 2487/1/2
f 2487/1/2 2484/1/2 2488/1/2
f 2479/1/2 2485/1/2 2489/1/2
f 2489/1/2 2485/1/2 2490/1/2
f 2488/1/2 2484/1/2 2491/1/2
f 2491/1/2 2484/1/2 2492/1/2
f 2493/1/2 2494/1/2 2497/1/2
f 2497/1/2 2494/1/2 2498/1/2
f 2495/1/2 2496/1/2 2499/1/2
f 2499/1/2 2496/1/2 2500/1/2
f 2501/1/2 2502/1/2 2505/1/2
f 2505/1/2 2502/1/2 2506/1/2
f 2503/1/2 2504/1/2 2507/1/2
f 2507/1/2 2504/1/2 2508/1/2
f 2509/1/2 2510/1/2 2513/1/2
f 2513/1/2 2510/1/2 2514/1/2
f 2511/1/2 2512/1/2 2517/1/2
f 2517/1/2 2512/1/2 2518/1/2
f 2514/2/2 2515/2/2 2520/2/2
f 2520/2/2 2515/2/2 2521/2/2
f 2516/2/2 2517/2/2 2524/2/2
f 2524/2/2 2517/2/2 2525/2/2
f 2521/2/2 2522/2/2 2527/2/2
f 2527/2/2 2522/2/2 2528/2/2
f 2523/2/2 2524/2/2 2529/2/2
f 2529/2/2 2524/2/2 2530/2/2
f 2519/1/2 2520/1/2 2531/1/2
f 2531/1/2 2520/1/2 2532/1/2
f 2525/1/2 2526/1/2 2534/1/2
f 2534/1/2 2526/1/2 2535/1/2
f 2533/1/2 2534/1/2 2539/1/2
f 2539/1/2 2534/1/2 2540/1/2
f 2536/1/2 2537/1/2 2541/1/2
f 2541/1/2 2537/1/2 2542/1/2
f 2538/1/2 2539/1/2 2543/1/2
f 2543/1/2 2539/1/2 2544/1/2
f 2542/1/2 2543/1/2 2545/1/2
f 2545/1/2 2543/1/2 2546/1/2
f 2547/1/2 2548/1/2 2551/1/2
f 2551/1/2 2548/1/2 2552/1/2
f 2549/1/2 2550/1/2 2553/1/2
f 2553/1/2 2550/1/2 2554/1/2
f 2555/2/2 2556/2/2 2559/2/2
f 2559/2/2 2556/2/2 2560/2/2
f 2557/2/2 2558/2/2 2561/2/2
f 2561/2/2 2558/2/2 2562/2/2
f 2563/2/2 2564/2/2 2569/2/2
f 2564/2/2 2565/2/2 2569/2/2
f 2569/2/2 2565/2/2 2570/2/2
f 2570/2/2 2565/2/2 2571/2/2
f 2567/2/2 2568/2/2 2572/2/2
f 2566/2/2 2567/2/2 2572/2/2
f 2572/2/2 2568/2/2 2573/2/2
f 2573/2/2 2568/2/2 2574/2/2
f 2569/1/2 2570/1/2 2576/1/2
f 2576/1/2 2570/1/2 2577/1/2
f 2573/1/2 2574/1/2 2578/1/2
f 2578/1/2 2574/1/2 2579/1/2
f 2575/1/2 2576/1/2 2582/1/2
f 2579/1/2 2580/1/2 2583/1/2
f 2581/1/2 2582/1/2 2585/1/2
f 2582/1/2 2576/1/2 2585/1/2
f 2585/1/2 2576/1/2 2586/1/2
f 2583/1/2 2584/1/2 2587/1/2
f 2579/1/2 2583/1/2 2587/1/2
f 2587/1/2 2584/1/2 2588/1/2
f 2581/1/2 2585/1/2 2589/1/2
f 2588/1/2 2584/1/2 2592/1/2
f 2589/1/2 2590/1/2 2593/1/2
f 2581/1/2 2589/1/2 2593/1/2
f 2593/1/2 2590/1/2 2594/1/2
f 2591/1/2 2592/1/2 2595/1/2
f 2592/1/2 2584/1/2 2595/1/2
f 2595/1/2 2584/1/2 2596/1/2
f 2594/1/2 2590/1/2 2598/1/2
f 2598/1/2 2590/1/2 2599/1/2
f 2591/1/2 2595/1/2 2602/1/2
f 2602/1/2 2595/1/2 2603/1/2
f 2599/1/2 2600/1/2 2605/1/2
f 2597/1/2 2598/1/2 2605/1/2
f 2598/1/2 2599/1/2 2605/1/2
f 2605/1/2 2600/1/2 2606/1/2
f 2603/1/2 2604/1/2 2607/1/2
f 2602/1/2 2603/1/2 2607/1/2
f 2601/1/2 2602/1/2 2607/1/2
f 2607/1/2 2604/1/2 2608/1/2
f 2606/1/2 2600/1/2 2609/1/2
f 2609/1/2 2600/1/2 2610/1/2
f 2601/1/2 2607/1/2 2613/1/2
f 2613/1/2 2607/1/2 2614/1/2
f 2610/2/2 2611/2/2 2616/2/2
f 2616/2/2 2611/2/2 2617/2/2
f 2617/2/2 2611/2/2 2618/2/2
f 2612/2/2 2613/2/2 2619/2/2
f 2619/2/2 2613/2/2 2620/2/2
f 2620/2/2 2613/2/2 2621/2/2
f 2615/1/2 2616/1/2 2623/1/2
f 2623/1/2 2616/1/2 2624/1/2
f 2617/2/2 2618/2/2 2625/2/2
f 2619/2/2 2620/2/2 2625/2/2
f 2618/2/2 2619/2/2 2625/2/2
f 2625/2/2 2620/2/2 2626/2/2
f 2626/2/2 2620/2/2 2627/2/2
f 2627/2/2 2620/2/2 2628/2/2
f 2621/1/2 2622/1/2 2629/1/2
f 2629/1/2 2622/1/2 2630/1/2
f 2626/2/2 2627/2/2 2631/2/2
f 2631/2/2 2627/2/2 2632/2/2
f 2630/1/2 2622/1/2 2634/1/2
f 2615/1/2 2623/1/2 2636/1/2
f 2636/1/2 2623/1/2 2637/1/2
f 2633/1/2 2634/1/2 2640/1/2
f 2634/1/2 2622/1/2 2641/1/2
f 2640/1/2 2634/1/2 2641/1/2
f 2637/1/2 2638/1/2 2642/1/2
f 2635/1/2 2636/1/2 2642/1/2
f 2636/1/2 2637/1/2 2642/1/2
f 2642/1/2 2638/1/2 2643/1/2
f 2639/1/2 2640/1/2 2644/1/2
f 2644/1/2 2640/1/2 2645/1/2
f 2643/1/2 2644/1/2 2646/1/2
f 2646/1/2 2644/1/2 2647/1/2
f 2648/1/2 2649/1/2 2652/1/2
f 2652/1/2 2649/1/2 2653/1/2
f 2650/1/2 2651/1/2 2654/1/2
f 2654/1/2 2651/1/2 2655/1/2
f 2656/1/2 2657/1/2 2660/1/2
f 2660/1/2 2657/1/2 2661/1/2
f 2658/1/2 2659/1/2 2662/1/2
f 2662/1/2 2659/1/2 2663/1/2
f 2664/1/2 2665/1/2 2672/1/2
f 2672/1/2 2665/1/2 2673/1/2
f 2668/1/2 2669/1/2 2674/1/2
f 2674/1/2 2669/1/2 2675/1/2
f 2670/1/2 2671/1/2 2678/1/2
f 2678/1/2 2671/1/2 2679/1/2
f 2666/1/2 2667/1/2 2680/1/2
f 2680/1/2 2667/1/2 2681/1/2
f 2675/2/2 2676/2/2 2683/2/2
f 2673/2/2 2674/2/2 2683/2/2
f 2674/2/2 2675/2/2 2683/2/2
f 2683/2/2 2676/2/2 2684/2/2
f 2684/2/2 2676/2/2 2685/2/2
f 2679/2/2 2680/2/2 2686/2/2
f 2678/2/2 2679/2/2 2686/2/2
f 2677/2/2 2678/2/2 2686/2/2
f 2686/2/2 2680/2/2 2687/2/2
f 2687/2/2 2680/2/2 2688/2/2
f 2683/1/2 2684/1/2 2690/1/2
f 2682/1/2 2683/1/2 2690/1/2
f 2690/1/2 2684/1/2 2691/1/2
f 2688/1/2 2689/1/2 2692/1/2
f 2687/1/2 2688/1/2 2692/1/2
f 2692/1/2 2689/1/2 2693/1/2
f 2694/1/2 2695/1/2 2698/1/2
f 2696/1/2 2697/1/2 2699/1/2
f 2694/1/2 2698/1/2 2700/1/2
f 2700/1/2 2698/1/2 2701/1/2
f 2699/1/2 2697/1/2 2702/1/2
f 2702/1/2 2697/1/2 2703/1/2
f 2704/1/2 2705/1/2 2708/1/2
f 2708/1/2 2705/1/2 2709/1/2
f 2706/1/2 2707/1/2 2710/1/2
f 2710/1/2 2707/1/2 2711/1/2
f 2712/1/2 2713/1/2 2716/1/2
f 2714/1/2 2715/1/2 2719/1/2
f 2716/1/2 2717/1/2 2720/1/2
f 2712/1/2 2716/1/2 2720/1/2
f 2720/1/2 2717/1/2 2721/1/2
f 2721/1/2 2717/1/2 2722/1/2
f 2718/1/2 2719/1/2 2725/1/2
f 2719/1/2 2715/1/2 2726/1/2
f 2725/1/2 2719/1/2 2726/1/2
f 2726/1/2 2715/1/2 2727/1/2
f 2722/2/2 2723/2/2 2728/2/2
f 2721/2/2 2722/2/2 2728/2/2
f 2728/2/2 2723/2/2 2729/2/2
f 2724/2/2 2725/2/2 2732/2/2
f 2725/2/2 2726/2/2 2732/2/2
f 2732/2/2 2726/2/2 2733/2/2
f 2730/1/2 2731/1/2 2735/1/2
f 2735/1/2 2731/1/2 2736/1/2
f 2734/1/2 2735/1/2 2739/1/2
f 2736/1/2 2737/1/2 2739/1/2
f 2735/1/2 2736/1/2 2739/1/2
f 2739/1/2 2737/1/2 2740/1/2
f 2738/1/2 2739/1/2 2742/1/2
f 2740/1/2 2741/1/2 2742/1/2
f 2739/1/2 2740/1/2 2742/1/2
f 2742/1/2 2741/1/2 2743/1/2
f 2743/1/2 2741/1/2 2744/1/2
f 2744/1/2 2741/1/2 2745/1/2
f 2743/1/2 2744/1/2 2746/1/2
f 2746/1/2 2744/1/2 2747/1/2
f 2747/1/2 2744/1/2 2748/1/2
f 2748/1/2 2744/1/2 2749/1/2
f 2747/1/2 2748/1/2 2750/1/2
f 2750/1/2 2748/1/2 2751/1/2
f 2752/1/2 2753/1/2 2756/1/2
f 2754/1/2 2755/1/2 2757/1/2
f 2757/1/2 2755/1/2 2758/1/2
f 2758/1/2 2755/1/2 2759/1/2
f 2752/1/2 2756/1/2 2760/1/2
f 2756/1/2 2757/1/2 2760/1/2
f 2757/1/2 2758/1/2 2760/1/2
f 2760/1/2 2758/1/2 2761/1/2
f 2761/1/2 2758/1/2 2762/1/2
f 2762/1/2 2758/1/2 2763/1/2
f 2761/1/2 2762/1/2 2764/1/2
f 2764/1/2 2762/1/2 2765/1/2
f 2766/1/2 2767/1/2 2771/1/2
f 2771/1/2 2767/1/2 2772/1/2
f 2768/1/2 2769/1/2 2773/1/2
f 2773/1/2 2769/1/2 2774/1/2
f 2770/1/2 2771/1/2 2776/1/2
f 2776/1/2 2771/1/2 2777/1/2
f 2777/1/2 2771/1/2 2778/1/2
f 2774/1/2 2775/1/2 2781/1/2
f 2781/1/2 2775/1/2 2782/1/2
f 2782/1/2 2775/1/2 2783/1/2
f 2778/1/2 2779/1/2 2785/1/2
f 2777/1/2 2778/1/2 2785/1/2
f 2785/1/2 2779/1/2 2786/1/2
f 2781/1/2 2782/1/2 2789/1/2
f 2780/1/2 2781/1/2 2789/1/2
f 2789/1/2 2782/1/2 2790/1/2
f 2786/1/2 2787/1/2 2792/1/2
f 2785/1/2 2786/1/2 2792/1/2
f 2784/1/2 2785/1/2 2792/1/2
f 2792/1/2 2787/1/2 2793/1/2
f 2790/1/2 2791/1/2 2794/1/2
f 2789/1/2 2790/1/2 2794/1/2
f 2788/1/2 2789/1/2 2794/1/2
f 2794/1/2 2791/1/2 2795/1/2
f 2784/1/2 2792/1/2 2796/1/2
f 2795/1/2 2791/1/2 2799/1/2
f 2796/1/2 2797/1/2 2800/1/2
f 2784/1/2 2796/1/2 2800/1/2
f 2800/1/2 2797/1/2 2801/1/2
f 2798/1/2 2799/1/2 2802/1/2
f 2799/1/2 2791/1/2 2802/1/2
f 2802/1/2 2791/1/2 2803/1/2
f 2801/1/2 2797/1/2 2804/1/2
f 2804/1/2 2797/1/2 2805/1/2
f 2798/1/2 2802/1/2 2806/1/2
f 2806/1/2 2802/1/2 2807/1/2
f 2801/1/2 2804/1/2 2808/1/2
f 2808/1/2 2804/1/2 2809/1/2
f 2807/1/2 2802/1/2 2812/1/2
f 2812/1/2 2802/1/2 2813/1/2
f 2810/2/2 2811/2/2 2815/2/2
f 2815/2/2 2811/2/2 2816/2/2
f 2814/1/2 2815/1/2 2819/1/2
f 2816/1/2 2817/1/2 2820/1/2
f 2818/1/2 2819/1/2 2822/1/2
f 2819/1/2 2815/1/2 2822/1/2
f 2822/1/2 2815/1/2 2823/1/2
f 2816/1/2 2820/1/2 2824/1/2
f 2820/1/2 2821/1/2 2824/1/2
f 2824/1/2 2821/1/2 2825/1/2
f 2818/1/2 2822/1/2 2826/1/2
f 2826/1/2 2822/1/2 2827/1/2
f 2825/1/2 2821/1/2 2828/1/2
f 2828/1/2 2821/1/2 2829/1/2
f 2818/1/2 2826/1/2 2830/1/2
f 2830/1/2 2826/1/2 2831/1/2
f 2829/1/2 2821/1/2 2832/1/2
f 2832/1/2 2821/1/2 2833/1/2
f 2831/1/2 2826/1/2 2834/1/2
f 2834/1/2 2826/1/2 2835/1/2
f 2829/1/2 2832/1/2 2836/1/2
f 2836/1/2 2832/1/2 2837/1/2
f 2834/2/2 2835/2/2 2838/2/2
f 2836/2/2 2837/2/2 2841/2/2
f 2838/2/2 2839/2/2 2842/2/2
f 2840/2/2 2841/2/2 2843/2/2
f 2838/2/2 2842/2/2 2844/2/2
f 2842/2/2 2843/2/2 2844/2/2
f 2834/2/2 2838/2/2 2844/2/2
f 2844/2/2 2843/2/2 2845/2/2
f 2845/2/2 2843/2/2 2846/2/2
f 2843/2/2 2841/2/2 2847/2/2
f 2846/2/2 2843/2/2 2847/2/2
f 2841/2/2 2837/2/2 2847/2/2
f 2844/1/2 2845/1/2 2849/1/2
f 2849/1/2 2845/1/2 2850/1/2
f 2850/1/2 2845/1/2 2851/1/2
f 2846/1/2 2847/1/2 2852/1/2
f 2852/1/2 2847/1/2 2853/1/2
f 2853/1/2 2847/1/2 2854/1/2
f 2848/1/2 2849/1/2 2856/1/2
f 2849/1/2 2850/1/2 2856/1/2
f 2856/1/2 2850/1/2 2857/1/2
f 2853/1/2 2854/1/2 2858/1/2
f 2854/1/2 2855/1/2 2858/1/2
f 2858/1/2 2855/1/2 2859/1/2
f 2848/1/2 2856/1/2 2860/1/2
f 2860/1/2 2856/1/2 2861/1/2
f 2861/1/2 2856/1/2 2862/1/2
f 2859/1/2 2855/1/2 2865/1/2
f 2865/1/2 2855/1/2 2866/1/2
f 2866/1/2 2855/1/2 2867/1/2
f 2862/1/2 2863/1/2 2868/1/2
f 2861/1/2 2862/1/2 2868/1/2
f 2868/1/2 2863/1/2 2869/1/2
f 2869/1/2 2863/1/2 2870/1/2
f 2865/1/2 2866/1/2 2873/1/2
f 2864/1/2 2865/1/2 2873/1/2
f 2873/1/2 2866/1/2 2874/1/2
f 2874/1/2 2866/1/2 2875/1/2
f 2870/1/2 2871/1/2 2876/1/2
f 2869/1/2 2870/1/2 2876/1/2
f 2876/1/2 2871/1/2 2877/1/2
f 2877/1/2 2871/1/2 2878/1/2
f 2873/1/2 2874/1/2 2879/1/2
f 2872/1/2 2873/1/2 2879/1/2
f 2879/1/2 2874/1/2 2880/1/2
f 2880/1/2 2874/1/2 2881/1/2
f 2877/2/2 2878/2/2 2882/2/2
f 2879/2/2 2880/2/2 2882/2/2
f 2878/2/2 2879/2/2 2882/2/2
f 2882/2/2 2880/2/2 2883/2/2
f 2884/1/2 2885/1/2 2887/1/2
f 2887/1/2 2885/1/2 2888/1/2
f 2886/1/2 2887/1/2 2890/1/2
f 2888/1/2 2889/1/2 2890/1/2
f 2887/1/2 2888/1/2 2890/1/2
f 2890/1/2 2889/1/2 2891/1/2
f 2891/1/2 2889/1/2 2892/1/2
f 2892/1/2 2889/1/2 2893/1/2
f 2891/1/2 2892/1/2 2894/1/2
f 2894/1/2 2892/1/2 2895/1/2
f 2895/1/2 2892/1/2 2896/1/2
f 2896/1/2 2892/1/2 2897/1/2
f 2895/1/2 2896/1/2 2899/1/2
f 2899/1/2 2896/1/2 2900/1/2
f 2899/1/2 2900/1/2 2902/1/2
f 2900/1/2 2901/1/2 2902/1/2
f 2898/1/2 2899/1/2 2902/1/2
f 2902/1/2 2901/1/2 2903/1/2
f 2903/1/2 2901/1/2 2904/1/2
f 2904/1/2 2901/1/2 2905/1/2
f 2903/1/2 2904/1/2 2906/1/2
f 2906/1/2 2904/1/2 2907/1/2
f 2908/1/2 2909/1/2 2911/1/2
f 2911/1/2 2909/1/2 2912/1/2
f 2910/1/2 2911/1/2 2915/1/2
f 2912/1/2 2913/1/2 2915/1/2
f 2911/1/2 2912/1/2 2915/1/2
f 2915/1/2 2913/1/2 2916/1/2
f 2915/1/2 2916/1/2 2918/1/2
f 2916/1/2 2917/1/2 2918/1/2
f 2914/1/2 2915/1/2 2918/1/2
f 2918/1/2 2917/1/2 2919/1/2
f 2919/1/2 2917/1/2 2920/1/2
f 2920/1/2 2917/1/2 2921/1/2
f 2919/1/2 2920/1/2 2922/1/2
f 2922/1/2 2920/1/2 2923/1/2
f 2924/1/2 2925/1/2 2927/1/2
f 2927/1/2 2925/1/2 2928/1/2
f 2926/1/2 2927/1/2 2931/1/2
f 2928/1/2 2929/1/2 2931/1/2
f 2927/1/2 2928/1/2 2931/1/2
f 2931/1/2 2929/1/2 2932/1/2
f 2931/1/2 2932/1/2 2934/1/2
f 2932/1/2 2933/1/2 2934/1/2
f 2930/1/2 2931/1/2 2934/1/2
f 2934/1/2 2933/1/2 2935/1/2
f 2935/1/2 2933/1/2 2936/1/2
f 2936/1/2 2933/1/2 2937/1/2
f 2935/1/2 2936/1/2 2938/1/2
f 2938/1/2 2936/1/2 2939/1/2
f 2939/1/2 2936/1/2 2940/1/2
f 2940/1/2 2936/1/2 2941/1/2
f 2939/1/2 2940/1/2 2942/1/2
f 2942/1/2 2940/1/2 2943/1/2
f 2950/1/3 2945/1/3 2944/1/3
f 2951/1/3 2947/1/3 2946/1/3
f 2952/1/3 2947/1/3 2951/1/3
f 2955/1/3 2949/1/3 2948/1/3
f 2956/1/3 2949/1/3 2955/1/3
f 2961/1/3 2953/1/3 2952/1/3
f 2961/1/3 2950/1/3 2944/1/3
f 2961/1/3 2951/1/3 2950/1/3
f 2961/1/3 2952/1/3 2951/1/3
f 2962/1/3 2957/1/3 2956/1/3
f 2962/1/3 2956/1/3 2955/1/3
f 2962/1/3 2955/1/3 2954/1/3
f 2965/1/3 2959/1/3 2958/1/3
f 2966/1/3 2959/1/3 2965/1/3
f 2968/2/3 2963/2/3 2962/2/3
f 2968/1/3 2962/1/3 2954/1/3
f 2969/2/3 2963/2/3 2968/2/3
f 2970/1/3 2967/1/3 2966/1/3
f 2970/1/3 2966/1/3 2965/1/3
f 2970/1/3 2965/1/3 2964/1/3
f 2971/1/3 2967/1/3 2970/1/3
f 2979/1/3 2973/1/3 2972/1/3
f 2980/1/3 2973/1/3 2979/1/3
f 2981/1/3 2975/1/3 2974/1/3
f 2982/1/3 2975/1/3 2981/1/3
f 2985/1/3 2977/1/3 2976/1/3
f 2986/1/3 2977/1/3 2985/1/3
f 2987/1/3 2983/1/3 2982/1/3
f 2987/1/3 2980/1/3 2979/1/3
f 2987/1/3 2979/1/3 2978/1/3
f 2987/1/3 2981/1/3 2980/1/3
f 2987/1/3 2982/1/3 2981/1/3
f 2988/1/3 2983/1/3 2987/1/3
f 2989/1/3 2985/1/3 2984/1/3
f 2992/1/3 2967/1/3 2971/1/3
f 2993/1/3 2987/1/3 2978/1/3
f 2994/1/3 2987/1/3 2993/1/3
f 2996/1/3 2989/1/3 2984/1/3
f 2996/1/3 2990/1/3 2989/1/3
f 2997/1/3 2990/1/3 2996/1/3
f 3000/1/3 2998/1/3 2997/1/3
f 3000/1/3 2997/1/3 2996/1/3
f 3000/1/3 2996/1/3 2995/1/3
f 3001/1/3 2998/1/3 3000/1/3
f 3003/1/3 2993/1/3 2978/1/3
f 3004/1/3 2993/1/3 3003/1/3
f 3005/1/3 2961/1/3 2960/1/3
f 3006/1/3 2953/1/3 2961/1/3
f 3006/1/3 2961/1/3 3005/1/3
f 3007/1/3 2953/1/3 3006/1/3
f 3008/1/3 2953/1/3 3007/1/3
f 3009/1/3 2969/1/3 2968/1/3
f 3009/1/3 2968/1/3 2954/1/3
f 3010/1/3 2969/1/3 3009/1/3
f 3012/1/3 3002/1/3 3001/1/3
f 3012/1/3 3000/1/3 2999/1/3
f 3012/1/3 3001/1/3 3000/1/3
f 3013/1/3 3002/1/3 3012/1/3
f 3015/1/3 3007/1/3 3006/1/3
f 3016/1/3 3007/1/3 3015/1/3
f 3017/1/3 3009/1/3 2954/1/3
f 3018/1/3 3009/1/3 3017/1/3
f 3019/1/3 2992/1/3 2991/1/3
f 3019/1/3 2967/1/3 2992/1/3
f 3020/1/3 2967/1/3 3019/1/3
f 3021/1/3 2967/1/3 3020/1/3
f 3022/1/3 2967/1/3 3021/1/3
f 3023/1/3 3003/1/3 2978/1/3
f 3024/1/3 3003/1/3 3023/1/3
f 3025/1/3 3019/1/3 2991/1/3
f 3026/1/3 3019/1/3 3025/1/3
f 3027/1/3 3021/1/3 3020/1/3
f 3028/1/3 3021/1/3 3027/1/3
f 3030/1/3 3014/1/3 3013/1/3
f 3030/1/3 3013/1/3 3012/1/3
f 3030/1/3 3012/1/3 3011/1/3
f 3031/1/3 3023/1/3 2978/1/3
f 3032/1/3 3023/1/3 3031/1/3
f 3033/1/3 3030/1/3 3029/1/3
f 3033/1/3 3014/1/3 3030/1/3
f 3034/1/3 3014/1/3 3033/1/3
f 3037/1/3 3031/1/3 2978/1/3
f 3038/1/3 3031/1/3 3037/1/3
f 3039/1/3 3033/1/3 3029/1/3
f 3040/1/3 3033/1/3 3039/1/3
f 3041/1/3 3033/1/3 3040/1/3
f 3043/1/3 3036/1/3 3035/1/3
f 3045/1/3 3039/1/3 3038/1/3
f 3045/1/3 3040/1/3 3039/1/3
f 3046/1/3 3040/1/3 3045/1/3
f 3047/1/3 3040/1/3 3046/1/3
f 3048/1/3 3043/1/3 3042/1/3
f 3049/1/3 3045/1/3 3044/1/3
f 3049/1/3 3046/1/3 3045/1/3
f 3050/1/3 3046/1/3 3049/1/3
f 3051/1/3 3048/1/3 3047/1/3
f 3052/1/3 3049/1/3 3044/1/3
f 3053/1/3 3049/1/3 3052/1/3
f 3055/1/3 3051/1/3 3050/1/3
f 3056/1/3 3052/1/3 3044/1/3
f 3057/1/3 3052/1/3 3056/1/3
f 3058/1/3 3052/1/3 3057/1/3
f 3059/1/3 3052/1/3 3058/1/3
f 3061/1/3 3055/1/3 3054/1/3
f 3062/1/3 3058/1/3 3057/1/3
f 3063/1/3 3058/1/3 3062/1/3
f 3065/1/3 3061/1/3 3060/1/3
f 3067/1/3 3065/1/3 3064/1/3
f 3068/1/3 3067/1/3 3066/1/3
f 3069/1/3 3061/1/3 3065/1/3
f 3069/1/3 3067/1/3 3068/1/3
f 3069/1/3 3055/1/3 3061/1/3
f 3069/1/3 3065/1/3 3067/1/3
f 3070/1/3 3043/1/3 3048/1/3
f 3070/1/3 3055/1/3 3069/1/3
f 3070/1/3 3048/1/3 3051/1/3
f 3070/1/3 3051/1/3 3055/1/3
f 3071/1/3 3036/1/3 3043/1/3
f 3071/1/3 3043/1/3 3070/1/3
f 3072/1/3 3070/1/3 3069/1/3
f 3073/1/3 3070/1/3 3072/1/3
f 3076/1/3 3072/1/3 3069/1/3
f 3077/1/3 3072/1/3 3076/1/3
f 3079/1/3 3075/1/3 3074/1/3
f 3081/1/3 3079/1/3 3078/1/3
f 3082/1/3 3081/1/3 3080/1/3
f 3083/1/3 3079/1/3 3081/1/3
f 3083/1/3 3081/1/3 3082/1/3
f 3086/1/3 3079/1/3 3083/1/3
f 3087/1/3 3075/1/3 3079/1/3
f 3087/1/3 3079/1/3 3086/1/3
f 3088/1/3 3085/1/3 3084/1/3
f 3090/1/3 3075/1/3 3087/1/3
f 3091/1/3 3075/1/3 3090/1/3
f 3092/1/3 3089/1/3 3088/1/3
f 3095/1/3 3088/1/3 3084/1/3
f 3095/1/3 3093/1/3 3092/1/3
f 3095/1/3 3092/1/3 3088/1/3
f 3096/1/3 3095/1/3 3094/1/3
f 3097/1/3 3095/1/3 3096/1/3
f 3100/1/3 3095/1/3 3097/1/3
f 3101/1/3 3095/1/3 3100/1/3
f 3103/1/3 3099/1/3 3098/1/3
f 3104/1/3 3099/1/3 3103/1/3
f 3106/1/3 3095/1/3 3101/1/3
f 3107/1/3 3093/1/3 3095/1/3
f 3107/1/3 3095/1/3 3106/1/3
f 3108/1/3 3105/1/3 3104/1/3
f 3108/1/3 3103/1/3 3102/1/3
f 3108/1/3 3104/1/3 3103/1/3
f 3110/1/3 3093/1/3 3107/1/3
f 3111/1/3 3093/1/3 3110/1/3
f 3112/1/3 3109/1/3 3108/1/3
f 3113/1/3 3093/1/3 3111/1/3
f 3114/1/3 3093/1/3 3113/1/3
f 3115/1/3 3112/1/3 3108/1/3
f 3115/1/3 3108/1/3 3102/1/3
f 3115/1/3 3113/1/3 3112/1/3
f 3116/1/3 3113/1/3 3115/1/3
f 3117/1/3 3113/1/3 3116/1/3
f 3118/1/3 3093/1/3 3114/1/3
f 3119/1/3 3093/1/3 3118/1/3
f 3121/1/3 3117/1/3 3116/1/3
f 3121/1/3 3118/1/3 3117/1/3
f 3122/1/3 3118/1/3 3121/1/3
f 3123/1/3 3118/1/3 3122/1/3
f 3125/1/3 3093/1/3 3119/1/3
f 3126/1/3 3093/1/3 3125/1/3
f 3127/1/3 3121/1/3 3120/1/3
f 3129/1/3 3124/1/3 3123/1/3
f 3129/1/3 3123/1/3 3122/1/3
f 3131/1/3 3093/1/3 3126/1/3
f 3132/1/3 3093/1/3 3131/1/3
f 3141/1/3 3130/1/3 3129/1/3
f 3141/1/3 3129/1/3 3122/1/3
f 3142/1/3 3130/1/3 3141/1/3
f 3144/1/3 3134/1/3 3133/1/3
f 3145/1/3 3134/1/3 3144/1/3
f 3147/1/3 3136/1/3 3135/1/3
f 3149/1/3 3138/1/3 3137/1/3
f 3150/1/3 3140/1/3 3139/1/3
f 3151/1/3 3140/1/3 3150/1/3
f 3153/1/3 3128/1/3 3127/1/3
f 3155/1/3 3130/1/3 3142/1/3
f 3156/1/3 3130/1/3 3155/1/3
f 3157/1/3 3130/1/3 3156/1/3
f 3158/1/3 3130/1/3 3157/1/3
f 3159/1/3 3154/1/3 3153/1/3
f 3161/1/3 3157/1/3 3156/1/3
f 3162/1/3 3157/1/3 3161/1/3
f 3163/1/3 3157/1/3 3162/1/3
f 3164/1/3 3157/1/3 3163/1/3
f 3165/1/3 3152/1/3 3151/1/3
f 3165/1/3 3149/1/3 3137/1/3
f 3165/1/3 3150/1/3 3149/1/3
f 3165/1/3 3151/1/3 3150/1/3
f 3166/1/3 3152/1/3 3165/1/3
f 3167/1/3 3160/1/3 3159/1/3
f 3169/1/3 3163/1/3 3162/1/3
f 3170/1/3 3163/1/3 3169/1/3
f 3171/1/3 3163/1/3 3170/1/3
f 3172/1/3 3163/1/3 3171/1/3
f 3173/1/3 3168/1/3 3167/1/3
f 3175/1/3 3171/1/3 3170/1/3
f 3176/1/3 3171/1/3 3175/1/3
f 3177/1/3 3148/1/3 3147/1/3
f 3178/1/3 3148/1/3 3177/1/3
f 3179/1/3 3127/1/3 3120/1/3
f 3179/1/3 3159/1/3 3153/1/3
f 3179/1/3 3153/1/3 3127/1/3
f 3179/1/3 3174/1/3 3173/1/3
f 3179/1/3 3173/1/3 3167/1/3
f 3179/1/3 3167/1/3 3159/1/3
f 3180/1/3 3174/1/3 3179/1/3
f 3181/1/3 3174/1/3 3180/1/3
f 3182/1/3 3174/1/3 3181/1/3
f 3183/1/3 3174/1/3 3182/1/3
f 3184/1/3 3174/1/3 3183/1/3
f 3185/1/3 3175/1/3 3170/1/3
f 3186/1/3 3175/1/3 3185/1/3
f 3188/1/3 3146/1/3 3145/1/3
f 3188/1/3 3144/1/3 3143/1/3
f 3188/1/3 3145/1/3 3144/1/3
f 3189/1/3 3146/1/3 3188/1/3
f 3190/2/3 3178/2/3 3177/2/3
f 3190/1/3 3177/1/3 3147/1/3
f 3191/2/3 3178/2/3 3190/2/3
f 3193/1/3 3152/1/3 3166/1/3
f 3194/1/3 3181/1/3 3180/1/3
f 3195/1/3 3181/1/3 3194/1/3
f 3196/1/3 3183/1/3 3182/1/3
f 3197/1/3 3183/1/3 3196/1/3
f 3198/1/3 3187/1/3 3186/1/3
f 3199/1/3 3187/1/3 3198/1/3
f 3200/1/3 3146/1/3 3189/1/3
f 3201/1/3 3146/1/3 3200/1/3
f 3202/1/3 3146/1/3 3201/1/3
f 3203/1/3 3146/1/3 3202/1/3
f 3204/1/3 3147/1/3 3135/1/3
f 3204/1/3 3190/1/3 3147/1/3
f 3205/1/3 3190/1/3 3204/1/3
f 3206/1/3 3190/1/3 3205/1/3
f 3207/1/3 3190/1/3 3206/1/3
f 3208/1/3 3193/1/3 3192/1/3
f 3209/1/3 3152/1/3 3193/1/3
f 3209/1/3 3193/1/3 3208/1/3
f 3210/1/3 3152/1/3 3209/1/3
f 3211/1/3 3152/1/3 3210/1/3
f 3212/1/3 3200/1/3 3189/1/3
f 3213/1/3 3200/1/3 3212/1/3
f 3214/1/3 3202/1/3 3201/1/3
f 3215/1/3 3202/1/3 3214/1/3
f 3216/1/3 3206/1/3 3205/1/3
f 3217/1/3 3206/1/3 3216/1/3
f 3218/1/3 3210/1/3 3209/1/3
f 3219/1/3 3210/1/3 3218/1/3
f 3229/1/3 3221/1/3 3220/1/3
f 3230/1/3 3221/1/3 3229/1/3
f 3231/1/3 3223/1/3 3222/1/3
f 3232/1/3 3223/1/3 3231/1/3
f 3234/1/3 3225/1/3 3224/1/3
f 3235/2/3 3226/2/3 3225/2/3
f 3235/1/3 3225/1/3 3234/1/3
f 3236/2/3 3226/2/3 3235/2/3
f 3237/2/3 3226/2/3 3236/2/3
f 3241/1/3 3228/1/3 3227/1/3
f 3242/1/3 3228/1/3 3241/1/3
f 3243/2/3 3237/2/3 3236/2/3
f 3244/2/3 3237/2/3 3243/2/3
f 3245/1/3 3238/1/3 3237/1/3
f 3245/2/3 3237/2/3 3244/2/3
f 3246/1/3 3238/1/3 3245/1/3
f 3247/1/3 3240/1/3 3239/1/3
f 3248/1/3 3240/1/3 3247/1/3
f 3251/2/3 3245/2/3 3244/2/3
f 3252/2/3 3245/2/3 3251/2/3
f 3262/2/3 3250/2/3 3249/2/3
f 3264/1/3 3255/1/3 3254/1/3
f 3265/1/3 3255/1/3 3264/1/3
f 3266/1/3 3257/1/3 3256/1/3
f 3267/1/3 3257/1/3 3266/1/3
f 3268/1/3 3259/1/3 3258/1/3
f 3269/1/3 3259/1/3 3268/1/3
f 3270/1/3 3261/1/3 3260/1/3
f 3271/1/3 3261/1/3 3270/1/3
f 3275/1/3 3253/1/3 3252/1/3
f 3277/2/3 3270/2/3 3269/2/3
f 3278/1/3 3273/1/3 3272/1/3
f 3278/1/3 3272/1/3 3271/1/3
f 3279/1/3 3273/1/3 3278/1/3
f 3281/2/3 3275/2/3 3274/2/3
f 3281/1/3 3253/1/3 3275/1/3
f 3282/1/3 3253/1/3 3281/1/3
f 3284/2/3 3277/2/3 3276/2/3
f 3285/2/3 3270/2/3 3277/2/3
f 3285/2/3 3277/2/3 3284/2/3
f 3286/2/3 3270/2/3 3285/2/3
f 3287/1/3 3280/1/3 3279/1/3
f 3288/1/3 3280/1/3 3287/1/3
f 3289/2/3 3284/2/3 3283/2/3
f 3289/2/3 3285/2/3 3284/2/3
f 3290/2/3 3285/2/3 3289/2/3
f 3292/2/3 3289/2/3 3283/2/3
f 3293/2/3 3233/2/3 3232/2/3
f 3294/2/3 3233/2/3 3293/2/3
f 3296/2/3 3281/2/3 3274/2/3
f 3297/2/3 3292/2/3 3291/2/3
f 3297/2/3 3289/2/3 3292/2/3
f 3298/2/3 3289/2/3 3297/2/3
f 3301/1/3 3296/1/3 3295/1/3
f 3302/2/3 3281/2/3 3296/2/3
f 3302/1/3 3296/1/3 3301/1/3
f 3303/2/3 3281/2/3 3302/2/3
f 3307/2/3 3263/2/3 3262/2/3
f 3307/2/3 3262/2/3 3249/2/3
f 3308/2/3 3263/2/3 3307/2/3
f 3310/2/3 3297/2/3 3291/2/3
f 3311/1/3 3305/1/3 3304/1/3
f 3312/1/3 3305/1/3 3311/1/3
f 3313/1/3 3307/1/3 3306/1/3
f 3314/1/3 3307/1/3 3313/1/3
f 3315/2/3 3310/2/3 3309/2/3
f 3315/2/3 3297/2/3 3310/2/3
f 3316/2/3 3297/2/3 3315/2/3
f 3318/2/3 3315/2/3 3309/2/3
f 3320/2/3 3300/2/3 3299/2/3
f 3321/2/3 3300/2/3 3320/2/3
f 3322/2/3 3263/2/3 3308/2/3
f 3323/2/3 3263/2/3 3322/2/3
f 3325/2/3 3318/2/3 3317/2/3
f 3326/2/3 3315/2/3 3318/2/3
f 3326/2/3 3318/2/3 3325/2/3
f 3328/2/3 3320/2/3 3319/2/3
f 3328/2/3 3321/2/3 3320/2/3
f 3329/2/3 3321/2/3 3328/2/3
f 3330/2/3 3321/2/3 3329/2/3
f 3331/2/3 3325/2/3 3324/2/3
f 3332/2/3 3325/2/3 3331/2/3
f 3334/2/3 3329/2/3 3328/2/3
f 3334/2/3 3328/2/3 3327/2/3
f 3335/2/3 3329/2/3 3334/2/3
f 3336/2/3 3331/2/3 3324/2/3
f 3337/2/3 3331/2/3 3336/2/3
f 3339/2/3 3334/2/3 3333/2/3
f 3340/2/3 3334/2/3 3339/2/3
f 3342/2/3 3339/2/3 3338/2/3
f 3343/2/3 3339/2/3 3342/2/3
f 3344/2/3 3339/2/3 3343/2/3
f 3346/2/3 3342/2/3 3341/2/3
f 3346/2/3 3343/2/3 3342/2/3
f 3347/2/3 3343/2/3 3346/2/3
f 3348/2/3 3343/2/3 3347/2/3
f 3349/2/3 3346/2/3 3345/2/3
f 3349/2/3 3347/2/3 3346/2/3
f 3350/2/3 3347/2/3 3349/2/3
f 3351/2/3 3347/2/3 3350/2/3
f 3355/2/3 3353/2/3 3352/2/3
f 3356/2/3 3353/2/3 3355/2/3
f 3357/2/3 3353/2/3 3356/2/3
f 3359/2/3 3355/2/3 3354/2/3
f 3359/2/3 3356/2/3 3355/2/3
f 3360/2/3 3356/2/3 3359/2/3
f 3361/2/3 3356/2/3 3360/2/3
f 3362/2/3 3359/2/3 3358/2/3
f 3362/2/3 3360/2/3 3359/2/3
f 3363/2/3 3360/2/3 3362/2/3
f 3366/2/3 3365/2/3 3364/2/3
f 3367/2/3 3365/2/3 3366/2/3
f 3368/2/3 3365/2/3 3367/2/3
f 3370/2/3 3368/2/3 3367/2/3
f 3370/2/3 3369/2/3 3368/2/3
f 3371/2/3 3369/2/3 3370/2/3
f 3372/2/3 3369/2/3 3371/2/3
f 3374/2/3 3372/2/3 3371/2/3
f 3374/2/3 3373/2/3 3372/2/3
f 3375/2/3 3373/2/3 3374/2/3
f 3379/2/3 3377/2/3 3376/2/3
f 3379/2/3 3378/2/3 3377/2/3
f 3380/2/3 3378/2/3 3379/2/3
f 3381/2/3 3378/2/3 3380/2/3
f 3383/2/3 3382/2/3 3381/2/3
f 3383/2/3 3381/2/3 3380/2/3
f 3384/2/3 3382/2/3 3383/2/3
f 3385/2/3 3382/2/3 3384/2/3
f 3389/2/3 3386/2/3 3385/2/3
f 3389/2/3 3385/2/3 3384/2/3
f 3390/2/3 3386/2/3 3389/2/3
f 3392/2/3 3388/2/3 3387/2/3
f 3394/2/3 3391/2/3 3390/2/3
f 3395/2/3 3391/2/3 3394/2/3
f 3399/2/3 3393/2/3 3392/2/3
f 3399/2/3 3392/2/3 3387/2/3
f 3400/2/3 3393/2/3 3399/2/3
f 3402/2/3 3396/2/3 3395/2/3
f 3403/2/3 3396/2/3 3402/2/3
f 3404/2/3 3396/2/3 3403/2/3
f 3406/2/3 3401/2/3 3400/2/3
f 3407/2/3 3401/2/3 3406/2/3
f 3408/2/3 3405/2/3 3404/2/3
f 3408/2/3 3404/2/3 3403/2/3
f 3409/2/3 3405/2/3 3408/2/3
f 3410/2/3 3405/2/3 3409/2/3
f 3418/2/3 3401/2/3 3407/2/3
f 3422/1/3 3412/1/3 3411/1/3
f 3423/2/3 3413/2/3 3412/2/3
f 3423/1/3 3412/1/3 3422/1/3
f 3424/1/3 3415/1/3 3414/1/3
f 3425/1/3 3415/1/3 3424/1/3
f 3426/1/3 3417/1/3 3416/1/3
f 3427/1/3 3417/1/3 3426/1/3
f 3428/2/3 3398/2/3 3397/2/3
f 3429/2/3 3418/2/3 3407/2/3
f 3429/2/3 3419/2/3 3418/2/3
f 3430/2/3 3419/2/3 3429/2/3
f 3431/2/3 3419/2/3 3430/2/3
f 3433/2/3 3410/2/3 3409/2/3
f 3434/2/3 3410/2/3 3433/2/3
f 3435/2/3 3432/2/3 3431/2/3
f 3435/2/3 3431/2/3 3430/2/3
f 3436/2/3 3432/2/3 3435/2/3
f 3437/2/3 3432/2/3 3436/2/3
f 3439/2/3 3413/2/3 3423/2/3
f 3440/2/3 3413/2/3 3439/2/3
f 3442/2/3 3438/2/3 3437/2/3
f 3442/2/3 3437/2/3 3436/2/3
f 3443/2/3 3438/2/3 3442/2/3
f 3444/2/3 3438/2/3 3443/2/3
f 3448/2/3 3445/2/3 3444/2/3
f 3448/2/3 3444/2/3 3443/2/3
f 3449/2/3 3445/2/3 3448/2/3
f 3451/1/3 3447/1/3 3446/1/3
f 3452/1/3 3447/1/3 3451/1/3
f 3454/1/3 3441/1/3 3440/1/3
f 3455/2/3 3428/2/3 3427/2/3
f 3455/2/3 3398/2/3 3428/2/3
f 3456/2/3 3398/2/3 3455/2/3
f 3462/2/3 3445/2/3 3449/2/3
f 3463/2/3 3445/2/3 3462/2/3
f 3464/1/3 3451/1/3 3450/1/3
f 3465/1/3 3451/1/3 3464/1/3
f 3466/1/3 3451/1/3 3465/1/3
f 3470/2/3 3454/2/3 3453/2/3
f 3471/1/3 3441/1/3 3454/1/3
f 3471/2/3 3454/2/3 3470/2/3
f 3472/1/3 3441/1/3 3471/1/3
f 3473/1/3 3458/1/3 3457/1/3
f 3474/1/3 3458/1/3 3473/1/3
f 3475/1/3 3460/1/3 3459/1/3
f 3476/1/3 3460/1/3 3475/1/3
f 3477/1/3 3462/1/3 3461/1/3
f 3478/1/3 3462/1/3 3477/1/3
f 3479/1/3 3464/1/3 3463/1/3
f 3480/1/3 3464/1/3 3479/1/3
f 3481/1/3 3468/1/3 3467/1/3
f 3482/1/3 3468/1/3 3481/1/3
f 3486/2/3 3421/2/3 3420/2/3
f 3487/2/3 3421/2/3 3486/2/3
f 3490/2/3 3470/2/3 3469/2/3
f 3490/2/3 3471/2/3 3470/2/3
f 3491/2/3 3471/2/3 3490/2/3
f 3495/2/3 3455/2/3 3427/2/3
f 3496/2/3 3455/2/3 3495/2/3
f 3497/1/3 3484/1/3 3483/1/3
f 3498/1/3 3484/1/3 3497/1/3
f 3499/1/3 3486/1/3 3485/1/3
f 3500/1/3 3486/1/3 3499/1/3
f 3501/1/3 3489/1/3 3488/1/3
f 3502/2/3 3490/2/3 3489/2/3
f 3502/1/3 3489/1/3 3501/1/3
f 3502/2/3 3491/2/3 3490/2/3
f 3503/1/3 3492/1/3 3491/1/3
f 3503/2/3 3491/2/3 3502/2/3
f 3504/1/3 3492/1/3 3503/1/3
f 3505/1/3 3494/1/3 3493/1/3
f 3506/1/3 3494/1/3 3505/1/3
f 3514/1/3 3508/1/3 3507/1/3
f 3515/1/3 3508/1/3 3514/1/3
f 3516/1/3 3510/1/3 3509/1/3
f 3517/1/3 3510/1/3 3516/1/3
f 3518/1/3 3512/1/3 3511/1/3
f 3519/1/3 3512/1/3 3518/1/3
f 3520/1/3 3512/1/3 3519/1/3
f 3523/1/3 3514/1/3 3513/1/3
f 3524/1/3 3514/1/3 3523/1/3
f 3525/1/3 3522/1/3 3521/1/3
f 3526/1/3 3522/1/3 3525/1/3
f 3529/1/3 3528/1/3 3527/1/3
f 3530/1/3 3528/1/3 3529/1/3
f 3539/1/3 3532/1/3 3531/1/3
f 3540/1/3 3532/1/3 3539/1/3
f 3541/1/3 3532/1/3 3540/1/3
f 3542/1/3 3532/1/3 3541/1/3
f 3543/1/3 3534/1/3 3533/1/3
f 3544/1/3 3534/1/3 3543/1/3
f 3545/2/3 3536/2/3 3535/2/3
f 3546/2/3 3536/2/3 3545/2/3
f 3547/2/3 3538/2/3 3537/2/3
f 3548/1/3 3539/1/3 3538/1/3
f 3548/2/3 3538/2/3 3547/2/3
f 3549/1/3 3539/1/3 3548/1/3
f 3550/1/3 3541/1/3 3540/1/3
f 3551/1/3 3541/1/3 3550/1/3
f 3552/3/3 3546/3/3 3545/3/3
f 3553/3/3 3546/3/3 3552/3/3
f 3561/1/3 3555/1/3 3554/1/3
f 3562/1/3 3555/1/3 3561/1/3
f 3564/1/3 3557/1/3 3556/1/3
f 3565/2/3 3558/2/3 3557/2/3
f 3565/1/3 3557/1/3 3564/1/3
f 3566/2/3 3558/2/3 3565/2/3
f 3568/1/3 3560/1/3 3559/1/3
f 3569/1/3 3560/1/3 3568/1/3
f 3572/1/3 3563/1/3 3562/1/3
f 3573/1/3 3563/1/3 3572/1/3
f 3574/1/3 3569/1/3 3568/1/3
f 3574/1/3 3568/1/3 3567/1/3
f 3575/1/3 3569/1/3 3574/1/3
f 3577/2/3 3571/2/3 3570/2/3
f 3578/2/3 3571/2/3 3577/2/3
f 3581/1/3 3577/1/3 3576/1/3
f 3582/1/3 3577/1/3 3581/1/3
f 3583/1/3 3580/1/3 3579/1/3
f 3584/1/3 3580/1/3 3583/1/3
f 3590/1/3 3587/1/3 3586/1/3
f 3590/1/3 3588/1/3 3587/1/3
f 3591/2/3 3589/2/3 3588/2/3
f 3591/1/3 3588/1/3 3590/1/3
f 3592/2/3 3589/2/3 3591/2/3
f 3595/1/3 3594/1/3 3593/1/3
f 3596/1/3 3594/1/3 3595/1/3
f 3601/3/3 3598/3/3 3597/3/3
f 3602/3/3 3598/3/3 3601/3/3
f 3603/2/3 3600/2/3 3599/2/3
f 3604/2/3 3600/2/3 3603/2/3
f 3605/1/3 3585/1/3 3584/1/3
f 3606/1/3 3585/1/3 3605/1/3
f 3610/3/3 3608/3/3 3607/3/3
f 3610/3/3 3609/3/3 3608/3/3
f 3611/3/3 3609/3/3 3610/3/3
f 3614/3/3 3609/3/3 3611/3/3
f 3615/3/3 3609/3/3 3614/3/3
f 3618/2/3 3616/2/3 3615/2/3
f 3619/2/3 3616/2/3 3618/2/3
f 3620/1/3 3613/1/3 3612/1/3
f 3621/1/3 3613/1/3 3620/1/3
f 3623/3/3 3618/3/3 3617/3/3
f 3624/3/3 3623/3/3 3622/3/3
f 3625/3/3 3623/3/3 3624/3/3
f 3626/3/3 3618/3/3 3623/3/3
f 3626/3/3 3623/3/3 3625/3/3
f 3633/3/3 3630/3/3 3629/3/3
f 3634/3/3 3630/3/3 3633/3/3
f 3635/2/3 3632/2/3 3631/2/3
f 3636/2/3 3632/2/3 3635/2/3
f 3639/1/3 3638/1/3 3637/1/3
f 3640/1/3 3638/1/3 3639/1/3
f 3644/1/3 3642/1/3 3641/1/3
f 3645/1/3 3642/1/3 3644/1/3
f 3646/2/3 3643/2/3 3642/2/3
f 3646/1/3 3642/1/3 3645/1/3
f 3647/2/3 3643/2/3 3646/2/3
f 3655/1/3 3628/1/3 3627/1/3
f 3656/1/3 3628/1/3 3655/1/3
f 3658/1/3 3649/1/3 3648/1/3
f 3659/1/3 3649/1/3 3658/1/3
f 3663/1/3 3651/1/3 3650/1/3
f 3664/1/3 3651/1/3 3663/1/3
f 3665/1/3 3651/1/3 3664/1/3
f 3666/1/3 3653/1/3 3652/1/3
f 3667/1/3 3653/1/3 3666/1/3
f 3669/1/3 3655/1/3 3654/1/3
f 3670/1/3 3655/1/3 3669/1/3
f 3671/1/3 3658/1/3 3657/1/3
f 3672/1/3 3658/1/3 3671/1/3
f 3673/1/3 3661/1/3 3660/1/3
f 3674/2/3 3662/2/3 3661/2/3
f 3674/1/3 3661/1/3 3673/1/3
f 3675/2/3 3662/2/3 3674/2/3
f 3676/1/3 3665/1/3 3664/1/3
f 3677/1/3 3665/1/3 3676/1/3
f 3678/2/3 3668/2/3 3667/2/3
f 3679/2/3 3668/2/3 3678/2/3
f 3682/3/3 3681/3/3 3680/3/3
f 3683/3/3 3681/3/3 3682/3/3
f 3684/2/3 3683/2/3 3682/2/3
f 3685/2/3 3683/2/3 3684/2/3
f 3691/2/3 3687/2/3 3686/2/3
f 3692/1/3 3688/1/3 3687/1/3
f 3692/2/3 3687/2/3 3691/2/3
f 3693/1/3 3688/1/3 3692/1/3
f 3694/1/3 3690/1/3 3689/1/3
f 3695/1/3 3690/1/3 3694/1/3
f 3703/1/3 3696/1/3 3695/1/3
f 3703/1/3 3694/1/3 3693/1/3
f 3703/1/3 3695/1/3 3694/1/3
f 3704/1/3 3696/1/3 3703/1/3
f 3705/1/3 3698/1/3 3697/1/3
f 3706/1/3 3698/1/3 3705/1/3
f 3707/1/3 3700/1/3 3699/1/3
f 3708/1/3 3700/1/3 3707/1/3
f 3717/1/3 3702/1/3 3701/1/3
f 3718/1/3 3702/1/3 3717/1/3
f 3719/1/3 3709/1/3 3708/1/3
f 3720/1/3 3709/1/3 3719/1/3
f 3721/1/3 3711/1/3 3710/1/3
f 3722/1/3 3711/1/3 3721/1/3
f 3723/1/3 3713/1/3 3712/1/3
f 3723/1/3 3714/1/3 3713/1/3
f 3724/1/3 3714/1/3 3723/1/3
f 3725/1/3 3716/1/3 3715/1/3
f 3726/1/3 3716/1/3 3725/1/3
f 3735/1/3 3728/1/3 3727/1/3
f 3736/1/3 3728/1/3 3735/1/3
f 3737/1/3 3730/1/3 3729/1/3
f 3738/1/3 3730/1/3 3737/1/3
f 3741/1/3 3732/1/3 3731/1/3
f 3742/1/3 3732/1/3 3741/1/3
f 3743/1/3 3734/1/3 3733/1/3
f 3744/1/3 3734/1/3 3743/1/3
f 3747/1/3 3730/1/3 3738/1/3
f 3748/1/3 3730/1/3 3747/1/3
f 3749/1/3 3740/1/3 3739/1/3
f 3750/1/3 3740/1/3 3749/1/3
f 3751/1/3 3746/1/3 3745/1/3
f 3752/1/3 3746/1/3 3751/1/3
f 3755/2/3 3754/2/3 3753/2/3
f 3756/2/3 3754/2/3 3755/2/3
f 3761/1/3 3758/1/3 3757/1/3
f 3762/1/3 3758/1/3 3761/1/3
f 3763/1/3 3760/1/3 3759/1/3
f 3764/1/3 3760/1/3 3763/1/3
f 3766/2/3 3765/2/3 3764/2/3
f 3767/2/3 3765/2/3 3766/2/3
f 3770/1/3 3769/1/3 3768/1/3
f 3771/1/3 3769/1/3 3770/1/3
f 3778/1/3 3773/1/3 3772/1/3
f 3779/1/3 3773/1/3 3778/1/3
f 3780/1/3 3775/1/3 3774/1/3
f 3781/1/3 3775/1/3 3780/1/3
f 3782/1/3 3777/1/3 3776/1/3
f 3783/1/3 3777/1/3 3782/1/3
f 3786/2/3 3785/2/3 3784/2/3
f 3787/2/3 3785/2/3 3786/2/3
f 3790/1/3 3789/1/3 3788/1/3
f 3791/1/3 3789/1/3 3790/1/3
f 3794/3/3 3793/3/3 3792/3/3
f 3795/3/3 3793/3/3 3794/3/3
f 3798/3/3 3797/3/3 3796/3/3
f 3799/3/3 3797/3/3 3798/3/3
f 3802/1/3 3801/1/3 3800/1/3
f 3803/1/3 3801/1/3 3802/1/3
f 3812/1/3 3805/1/3 3804/1/3
f 3813/1/3 3805/1/3 3812/1/3
f 3814/1/3 3807/1/3 3806/1/3
f 3815/1/3 3807/1/3 3814/1/3
f 3816/1/3 3809/1/3 3808/1/3
f 3817/1/3 3809/1/3 3816/1/3
f 3818/2/3 3811/2/3 3810/2/3
f 3819/2/3 3811/2/3 3818/2/3
f 3822/1/3 3821/1/3 3820/1/3
f 3823/1/3 3821/1/3 3822/1/3
f 3827/1/3 3825/1/3 3824/1/3
f 3828/1/3 3825/1/3 3827/1/3
f 3832/1/3 3827/1/3 3826/1/3
f 3833/1/3 3827/1/3 3832/1/3
f 3837/2/3 3830/2/3 3829/2/3
f 3838/2/3 3830/2/3 3837/2/3
f 3840/1/3 3832/1/3 3831/1/3
f 3841/1/3 3832/1/3 3840/1/3
f 3848/1/3 3835/1/3 3834/1/3
f 3849/1/3 3835/1/3 3848/1/3
f 3850/1/3 3837/1/3 3836/1/3
f 3851/1/3 3837/1/3 3850/1/3
f 3852/1/3 3840/1/3 3839/1/3
f 3853/1/3 3840/1/3 3852/1/3
f 3857/1/3 3843/1/3 3842/1/3
f 3858/1/3 3845/1/3 3844/1/3
f 3859/1/3 3845/1/3 3858/1/3
f 3866/2/3 3847/2/3 3846/2/3
f 3867/2/3 3847/2/3 3866/2/3
f 3868/1/3 3855/1/3 3854/1/3
f 3869/1/3 3855/1/3 3868/1/3
f 3870/1/3 3857/1/3 3856/1/3
f 3871/1/3 3843/1/3 3857/1/3
f 3871/1/3 3857/1/3 3870/1/3
f 3872/1/3 3861/1/3 3860/1/3
f 3873/1/3 3861/1/3 3872/1/3
f 3874/1/3 3863/1/3 3862/1/3
f 3875/1/3 3863/1/3 3874/1/3
f 3876/1/3 3865/1/3 3864/1/3
f 3877/1/3 3865/1/3 3876/1/3
f 3884/1/3 3879/1/3 3878/1/3
f 3885/1/3 3879/1/3 3884/1/3
f 3886/1/3 3881/1/3 3880/1/3
f 3887/1/3 3881/1/3 3886/1/3
f 3889/1/3 3883/1/3 3882/1/3
f 3890/1/3 3883/1/3 3889/1/3
f 3895/2/3 3889/2/3 3888/2/3
f 3896/2/3 3889/2/3 3895/2/3
f 3897/1/3 3892/1/3 3891/1/3
f 3898/1/3 3892/1/3 3897/1/3
f 3899/1/3 3894/1/3 3893/1/3
f 3900/1/3 3894/1/3 3899/1/3
f 3903/2/3 3902/2/3 3901/2/3
f 3904/2/3 3902/2/3 3903/2/3
f 3909/1/3 3906/1/3 3905/1/3
f 3910/1/3 3906/1/3 3909/1/3
f 3914/2/3 3908/2/3 3907/2/3
f 3915/2/3 3908/2/3 3914/2/3
f 3916/1/3 3912/1/3 3911/1/3
f 3917/2/3 3913/2/3 3912/2/3
f 3917/1/3 3912/1/3 3916/1/3
f 3918/2/3 3913/2/3 3917/2/3
f 3923/1/3 3920/1/3 3919/1/3
f 3924/1/3 3920/1/3 3923/1/3
f 3925/1/3 3922/1/3 3921/1/3
f 3926/1/3 3922/1/3 3925/1/3
f 3929/3/3 3928/3/3 3927/3/3
f 3930/3/3 3928/3/3 3929/3/3
f 3935/3/3 3932/3/3 3931/3/3
f 3936/3/3 3932/3/3 3935/3/3
f 3937/2/3 3934/2/3 3933/2/3
f 3938/2/3 3934/2/3 3937/2/3
f 3941/2/3 3939/2/3 3938/2/3
f 3942/2/3 3939/2/3 3941/2/3
f 3943/2/3 3941/2/3 3940/2/3
f 3944/2/3 3941/2/3 3943/2/3
f 3945/2/3 3941/2/3 3944/2/3
f 3946/3/3 3945/3/3 3944/3/3
f 3947/3/3 3945/3/3 3946/3/3
f 3949/3/3 3948/3/3 3947/3/3
f 3950/3/3 3948/3/3 3949/3/3
f 3951/3/3 3948/3/3 3950/3/3
f 3952/3/3 3948/3/3 3951/3/3
f 3955/2/3 3953/2/3 3952/2/3
f 3956/2/3 3953/2/3 3955/2/3
f 3958/3/3 3955/3/3 3954/3/3
f 3960/3/3 3958/3/3 3957/3/3
f 3961/3/3 3955/3/3 3958/3/3
f 3961/3/3 3958/3/3 3960/3/3
f 3963/3/3 3960/3/3 3959/3/3
f 3964/3/3 3960/3/3 3963/3/3
f 3965/2/3 3963/2/3 3962/2/3
f 3965/2/3 3964/2/3 3963/2/3
f 3966/2/3 3964/2/3 3965/2/3
f 3971/2/3 3967/2/3 3966/2/3
f 3972/2/3 3967/2/3 3971/2/3
f 3973/3/3 3969/3/3 3968/3/3
f 3974/3/3 3969/3/3 3973/3/3
f 3975/2/3 3971/2/3 3970/2/3
f 3976/2/3 3971/2/3 3975/2/3
f 3981/3/3 3978/3/3 3977/3/3
f 3982/3/3 3978/3/3 3981/3/3
f 3985/1/3 3984/1/3 3983/1/3
f 3986/1/3 3984/1/3 3985/1/3
f 3987/1/3 3980/1/3 3979/1/3
f 3988/1/3 3980/1/3 3987/1/3
f 3994/1/3 3990/1/3 3989/1/3
f 3995/1/3 3990/1/3 3994/1/3
f 3996/1/3 3992/1/3 3991/1/3
f 3997/2/3 3993/2/3 3992/2/3
f 3997/1/3 3992/1/3 3996/1/3
f 3998/2/3 3993/2/3 3997/2/3
f 4001/2/3 4000/2/3 3999/2/3
f 4002/2/3 4000/2/3 4001/2/3
f 4006/1/3 4004/1/3 4003/1/3
f 4007/1/3 4004/1/3 4006/1/3
f 4009/1/3 4006/1/3 4005/1/3
f 4010/1/3 4006/1/3 4009/1/3
f 4012/1/3 4009/1/3 4008/1/3
f 4013/1/3 4009/1/3 4012/1/3
f 4014/1/3 4012/1/3 4011/1/3
f 4015/1/3 4012/1/3 4014/1/3
f 4018/2/3 4017/2/3 4016/2/3
f 4019/2/3 4017/2/3 4018/2/3
f 4026/2/3 4021/2/3 4020/2/3
f 4027/2/3 4021/2/3 4026/2/3
f 4033/1/3 4023/1/3 4022/1/3
f 4034/1/3 4023/1/3 4033/1/3
f 4035/1/3 4025/1/3 4024/1/3
f 4036/1/3 4025/1/3 4035/1/3
f 4037/1/3 4028/1/3 4027/1/3
f 4038/1/3 4028/1/3 4037/1/3
f 4039/1/3 4030/1/3 4029/1/3
f 4040/1/3 4030/1/3 4039/1/3
f 4041/1/3 4032/1/3 4031/1/3
f 4042/1/3 4032/1/3 4041/1/3
f 4045/1/3 4044/1/3 4043/1/3
f 4046/1/3 4044/1/3 4045/1/3
f 4051/1/3 4048/1/3 4047/1/3
f 4052/1/3 4048/1/3 4051/1/3
f 4053/1/3 4050/1/3 4049/1/3
f 4054/1/3 4050/1/3 4053/1/3
f 4064/2/3 4056/2/3 4055/2/3
f 4065/2/3 4056/2/3 4064/2/3
f 4068/1/3 4058/1/3 4057/1/3
f 4069/2/3 4059/2/3 4058/2/3
f 4069/1/3 4058/1/3 4068/1/3
f 4070/2/3 4059/2/3 4069/2/3
f 4073/1/3 4061/1/3 4060/1/3
f 4074/1/3 4061/1/3 4073/1/3
f 4075/1/3 4063/1/3 4062/1/3
f 4076/1/3 4063/1/3 4075/1/3
f 4077/1/3 4066/1/3 4065/1/3
f 4078/1/3 4066/1/3 4077/1/3
f 4079/1/3 4068/1/3 4067/1/3
f 4080/1/3 4068/1/3 4079/1/3
f 4085/1/3 4072/1/3 4071/1/3
f 4086/1/3 4072/1/3 4085/1/3
f 4087/1/3 4082/1/3 4081/1/3
f 4088/1/3 4082/1/3 4087/1/3
f 4089/1/3 4084/1/3 4083/1/3
f 4090/1/3 4084/1/3 4089/1/3
f 4095/1/3 4092/1/3 4091/1/3
f 4096/1/3 4092/1/3 4095/1/3
f 4097/2/3 4094/2/3 4093/2/3
f 4098/2/3 4094/2/3 4097/2/3
f 4101/3/3 4100/3/3 4099/3/3
f 4102/3/3 4100/3/3 4101/3/3
f 4104/3/3 4103/3/3 4102/3/3
f 4105/3/3 4103/3/3 4104/3/3
f 4108/2/3 4107/2/3 4106/2/3
f 4108/2/3 4106/2/3 4105/2/3
f 4109/2/3 4107/2/3 4108/2/3
f 4110/2/3 4107/2/3 4109/2/3
f 4113/3/3 4112/3/3 4111/3/3
f 4114/3/3 4112/3/3 4113/3/3
f 4117/3/3 4116/3/3 4115/3/3
f 4118/3/3 4116/3/3 4117/3/3
f 4123/2/3 4120/2/3 4119/2/3
f 4123/2/3 4121/2/3 4120/2/3
f 4124/2/3 4121/2/3 4123/2/3
f 4125/2/3 4121/2/3 4124/2/3
f 4127/3/3 4123/3/3 4122/3/3
f 4128/3/3 4123/3/3 4127/3/3
f 4129/3/3 4127/3/3 4126/3/3
f 4130/3/3 4127/3/3 4129/3/3
f 4135/1/3 4132/1/3 4131/1/3
f 4136/1/3 4132/1/3 4135/1/3
f 4137/2/3 4134/2/3 4133/2/3
f 4138/2/3 4134/2/3 4137/2/3
f 4151/1/3 4140/1/3 4139/1/3
f 4152/1/3 4140/1/3 4151/1/3
f 4153/1/3 4142/1/3 4141/1/3
f 4154/1/3 4142/1/3 4153/1/3
f 4156/1/3 4144/1/3 4143/1/3
f 4157/1/3 4144/1/3 4156/1/3
f 4158/1/3 4146/1/3 4145/1/3
f 4159/1/3 4146/1/3 4158/1/3
f 4161/1/3 4148/1/3 4147/1/3
f 4162/1/3 4148/1/3 4161/1/3
f 4163/1/3 4150/1/3 4149/1/3
f 4164/1/3 4150/1/3 4163/1/3
f 4167/2/3 4156/2/3 4155/2/3
f 4168/2/3 4156/2/3 4167/2/3
f 4169/1/3 4160/1/3 4159/1/3
f 4170/2/3 4161/2/3 4160/2/3
f 4170/1/3 4160/1/3 4169/1/3
f 4171/2/3 4161/2/3 4170/2/3
f 4172/1/3 4166/1/3 4165/1/3
f 4173/1/3 4166/1/3 4172/1/3
f 4178/1/3 4175/1/3 4174/1/3
f 4179/1/3 4175/1/3 4178/1/3
f 4180/1/3 4177/1/3 4176/1/3
f 4181/1/3 4177/1/3 4180/1/3
f 4184/1/3 4183/1/3 4182/1/3
f 4185/1/3 4183/1/3 4184/1/3
f 4192/2/3 4187/2/3 4186/2/3
f 4193/2/3 4187/2/3 4192/2/3
f 4194/1/3 4189/1/3 4188/1/3
f 4195/1/3 4189/1/3 4194/1/3
f 4196/1/3 4191/1/3 4190/1/3
f 4197/1/3 4191/1/3 4196/1/3
f 4202/1/3 4199/1/3 4198/1/3
f 4203/1/3 4199/1/3 4202/1/3
f 4204/1/3 4201/1/3 4200/1/3
f 4205/1/3 4201/1/3 4204/1/3
f 4208/1/3 4207/1/3 4206/1/3
f 4209/1/3 4207/1/3 4208/1/3
f 4211/3/3 4210/3/3 4209/3/3
f 4212/3/3 4210/3/3 4211/3/3
f 4215/1/3 4214/1/3 4213/1/3
f 4216/1/3 4214/1/3 4215/1/3
f 4219/1/3 4218/1/3 4217/1/3
f 4220/1/3 4218/1/3 4219/1/3
f 4224/3/3 4222/3/3 4221/3/3
f 4225/3/3 4222/3/3 4224/3/3
f 4226/1/3 4224/1/3 4223/1/3
f 4227/1/3 4224/1/3 4226/1/3
f 4238/2/3 4229/2/3 4228/2/3
f 4239/2/3 4229/2/3 4238/2/3
f 4240/1/3 4231/1/3 4230/1/3
f 4241/1/3 4231/1/3 4240/1/3
f 4242/1/3 4233/1/3 4232/1/3
f 4243/1/3 4233/1/3 4242/1/3
f 4244/1/3 4235/1/3 4234/1/3
f 4245/1/3 4235/1/3 4244/1/3
f 4246/1/3 4237/1/3 4236/1/3
f 4247/1/3 4237/1/3 4246/1/3
f 4250/3/3 4249/3/3 4248/3/3
f 4251/3/3 4249/3/3 4250/3/3
f 4254/3/3 4253/3/3 4252/3/3
f 4255/3/3 4253/3/3 4254/3/3
f 4258/1/3 4257/1/3 4256/1/3
f 4259/1/3 4257/1/3 4258/1/3
f 4263/1/3 4261/1/3 4260/1/3
f 4264/1/3 4261/1/3 4263/1/3
f 4265/1/3 4263/1/3 4262/1/3
f 4266/1/3 4263/1/3 4265/1/3
f 4269/1/3 4268/1/3 4267/1/3
f 4270/1/3 4268/1/3 4269/1/3
f 4273/1/3 4272/1/3 4271/1/3
f 4274/1/3 4272/1/3 4273/1/3
f 4277/1/3 4276/1/3 4275/1/3
f 4278/1/3 4276/1/3 4277/1/3
f 4281/1/3 4280/1/3 4279/1/3
f 4282/1/3 4280/1/3 4281/1/3
f 4285/1/3 4284/1/3 4283/1/3
f 4286/1/3 4284/1/3 4285/1/3
f 4289/1/3 4288/1/3 4287/1/3
f 4290/1/3 4288/1/3 4289/1/3
f 4293/1/3 4292/1/3 4291/1/3
f 4294/1/3 4292/1/3 4293/1/3
f 4297/1/3 4296/1/3 4295/1/3
f 4298/1/3 4296/1/3 4297/1/3
f 4300/1/3 4298/1/3 4297/1/3
f 4300/1/3 4299/1/3 4298/1/3
f 4301/1/3 4299/1/3 4300/1/3
f 4304/1/3 4303/1/3 4302/1/3
f 4305/1/3 4303/1/3 4304/1/3
f 4308/1/3 4307/1/3 4306/1/3
f 4309/1/3 4307/1/3 4308/1/3
f 4312/2/3 4311/2/3 4310/2/3
f 4313/2/3 4311/2/3 4312/2/3
f 4316/3/3 4315/3/3 4314/3/3
f 4317/3/3 4315/3/3 4316/3/3
f 4320/3/3 4319/3/3 4318/3/3
f 4321/3/3 4319/3/3 4320/3/3
f 4326/3/3 4323/3/3 4322/3/3
f 4327/3/3 4323/3/3 4326/3/3
f 4328/3/3 4325/3/3 4324/3/3
f 4329/3/3 4325/3/3 4328/3/3
f 4332/2/3 4331/2/3 4330/2/3
f 4333/2/3 4331/2/3 4332/2/3
f 4336/1/3 4335/1/3 4334/1/3
f 4337/1/3 4335/1/3 4336/1/3
f 4340/1/3 4339/1/3 4338/1/3
f 4341/1/3 4339/1/3 4340/1/3
f 4344/2/3 4343/2/3 4342/2/3
f 4345/2/3 4343/2/3 4344/2/3
f 4348/1/3 4347/1/3 4346/1/3
f 4349/1/3 4347/1/3 4348/1/3
f 4352/1/3 4351/1/3 4350/1/3
f 4353/1/3 4351/1/3 4352/1/3
f 4356/2/3 4355/2/3 4354/2/3
f 4357/2/3 4355/2/3 4356/2/3
f 4360/1/3 4359/1/3 4358/1/3
f 4361/1/3 4359/1/3 4360/1/3
f 4364/1/3 4363/1/3 4362/1/3
f 4365/1/3 4363/1/3 4364/1/3
f 4368/1/3 4367/1/3 4366/1/3
f 4369/1/3 4367/1/3 4368/1/3
f 4371/1/3 4370/1/3 4369/1/3
f 4372/1/3 4370/1/3 4371/1/3
f 4376/1/3 4374/1/3 4373/1/3
f 4377/1/3 4374/1/3 4376/1/3
f 4378/1/3 4376/1/3 4375/1/3
f 4379/1/3 4376/1/3 4378/1/3
f 4382/1/3 4381/1/3 4380/1/3
f 4383/1/3 4381/1/3 4382/1/3
f 4384/1/4 4385/1/4 4386/1/4
f 4386/1/4 4385/1/4 4387/1/4
f 4388/1/4 4389/1/4 4390/1/4
f 4390/1/4 4389/1/4 4391/1/4
f 4391/1/4 4392/1/4 4393/1/4
f 4393/1/4 4392/1/4 4394/1/4
f 4395/1/4 4396/1/4 4398/1/4
f 4398/1/4 4396/1/4 4399/1/4
f 4397/1/4 4398/1/4 4400/1/4
f 4400/1/4 4398/1/4 4401/1/4
f 4402/1/4 4403/1/4 4404/1/4
f 4404/1/4 4403/1/4 4405/1/4
f 4406/1/4 4407/1/4 4408/1/4
f 4408/1/4 4407/1/4 4409/1/4
f 4410/2/4 4411/2/4 4412/2/4
f 4412/2/4 4411/2/4 4413/2/4
f 4414/1/4 4415/1/4 4416/1/4
f 4416/1/4 4415/1/4 4417/1/4
f 4418/1/4 4419/1/4 4420/1/4
f 4420/1/4 4419/1/4 4421/1/4
f 4422/2/4 4423/2/4 4424/2/4
f 4424/2/4 4423/2/4 4425/2/4
f 4426/1/4 4427/1/4 4428/1/4
f 4428/1/4 4427/1/4 4429/1/4
f 4430/1/4 4431/1/4 4432/1/4
f 4432/1/4 4431/1/4 4433/1/4
f 4434/2/4 4435/2/4 4436/2/4
f 4436/2/4 4435/2/4 4437/2/4
f 4438/3/4 4439/3/4 4440/3/4
f 4440/3/4 4439/3/4 4441/3/4
f 4442/3/4 4443/3/4 4444/3/4
f 4444/3/4 4443/3/4 4445/3/4
f 4446/3/4 4447/3/4 4450/3/4
f 4450/3/4 4447/3/4 4451/3/4
f 4448/3/4 4449/3/4 4452/3/4
f 4452/3/4 4449/3/4 4453/3/4
f 4454/2/4 4455/2/4 4456/2/4
f 4456/2/4 4455/2/4 4457/2/4
f 4458/1/4 4459/1/4 4460/1/4
f 4460/1/4 4459/1/4 4461/1/4
f 4462/1/4 4463/1/4 4464/1/4
f 4464/1/4 4463/1/4 4465/1/4
f 4466/1/4 4467/1/4 4468/1/4
f 4468/1/4 4467/1/4 4469/1/4
f 4470/1/4 4471/1/4 4472/1/4
f 4472/1/4 4471/1/4 4473/1/4
f 4474/1/4 4475/1/4 4476/1/4
f 4476/1/4 4475/1/4 4477/1/4
f 4478/1/4 4479/1/4 4480/1/4
f 4480/1/4 4479/1/4 4481/1/4
f 4482/1/4 4483/1/4 4484/1/4
f 4484/1/4 4483/1/4 4485/1/4
f 4486/1/4 4487/1/4 4488/1/4
f 4488/1/4 4487/1/4 4489/1/4
f 4490/3/4 4491/3/4 4492/3/4
f 4492/3/4 4491/3/4 4493/3/4
f 4494/3/4 4495/3/4 4496/3/4
f 4496/3/4 4495/3/4 4497/3/4
f 4498/1/4 4499/1/4 4500/1/4
f 4500/1/4 4499/1/4 4501/1/4
f 4502/1/4 4503/1/4 4505/1/4
f 4505/1/4 4503/1/4 4506/1/4
f 4504/1/4 4505/1/4 4508/1/4
f 4508/1/4 4505/1/4 4509/1/4
f 4507/1/4 4508/1/4 4511/1/4
f 4511/1/4 4508/1/4 4512/1/4
f 4510/1/4 4511/1/4 4514/1/4
f 4514/1/4 4511/1/4 4515/1/4
f 4513/1/4 4514/1/4 4516/1/4
f 4516/1/4 4514/1/4 4517/1/4
f 4518/2/4 4519/2/4 4524/2/4
f 4524/2/4 4519/2/4 4525/2/4
f 4520/1/4 4521/1/4 4526/1/4
f 4526/1/4 4521/1/4 4527/1/4
f 4522/1/4 4523/1/4 4528/1/4
f 4528/1/4 4523/1/4 4529/1/4
f 4530/1/4 4531/1/4 4534/1/4
f 4534/1/4 4531/1/4 4535/1/4
f 4532/1/4 4533/1/4 4536/1/4
f 4536/1/4 4533/1/4 4537/1/4
f 4538/1/4 4539/1/4 4540/1/4
f 4540/1/4 4539/1/4 4541/1/4
f 4541/3/4 4542/3/4 4543/3/4
f 4543/3/4 4542/3/4 4544/3/4
f 4545/1/4 4546/1/4 4547/1/4
f 4547/1/4 4546/1/4 4548/1/4
f 4549/1/4 4550/1/4 4551/1/4
f 4551/1/4 4550/1/4 4552/1/4
f 4553/3/4 4554/3/4 4556/3/4
f 4556/3/4 4554/3/4 4557/3/4
f 4555/1/4 4556/1/4 4558/1/4
f 4558/1/4 4556/1/4 4559/1/4
f 4560/2/4 4561/2/4 4570/2/4
f 4570/2/4 4561/2/4 4571/2/4
f 4562/1/4 4563/1/4 4572/1/4
f 4572/1/4 4563/1/4 4573/1/4
f 4564/1/4 4565/1/4 4574/1/4
f 4574/1/4 4565/1/4 4575/1/4
f 4566/1/4 4567/1/4 4576/1/4
f 4576/1/4 4567/1/4 4577/1/4
f 4568/1/4 4569/1/4 4578/1/4
f 4578/1/4 4569/1/4 4579/1/4
f 4580/1/4 4581/1/4 4582/1/4
f 4582/1/4 4581/1/4 4583/1/4
f 4584/1/4 4585/1/4 4588/1/4
f 4588/1/4 4585/1/4 4589/1/4
f 4586/1/4 4587/1/4 4590/1/4
f 4590/1/4 4587/1/4 4591/1/4
f 4592/2/4 4593/2/4 4601/2/4
f 4601/2/4 4593/2/4 4602/2/4
f 4594/1/4 4595/1/4 4605/1/4
f 4595/2/4 4596/2/4 4606/2/4
f 4605/1/4 4595/1/4 4606/1/4
f 4606/2/4 4596/2/4 4607/2/4
f 4597/1/4 4598/1/4 4610/1/4
f 4610/1/4 4598/1/4 4611/1/4
f 4599/1/4 4600/1/4 4612/1/4
f 4612/1/4 4600/1/4 4613/1/4
f 4602/1/4 4603/1/4 4614/1/4
f 4614/1/4 4603/1/4 4615/1/4
f 4604/1/4 4605/1/4 4616/1/4
f 4616/1/4 4605/1/4 4617/1/4
f 4608/1/4 4609/1/4 4622/1/4
f 4622/1/4 4609/1/4 4623/1/4
f 4618/1/4 4619/1/4 4624/1/4
f 4624/1/4 4619/1/4 4625/1/4
f 4620/1/4 4621/1/4 4626/1/4
f 4626/1/4 4621/1/4 4627/1/4
f 4628/1/4 4629/1/4 4632/1/4
f 4632/1/4 4629/1/4 4633/1/4
f 4630/2/4 4631/2/4 4634/2/4
f 4634/2/4 4631/2/4 4635/2/4
f 4636/3/4 4637/3/4 4638/3/4
f 4638/3/4 4637/3/4 4639/3/4
f 4639/3/4 4640/3/4 4641/3/4
f 4641/3/4 4640/3/4 4642/3/4
f 4643/2/4 4644/2/4 4645/2/4
f 4642/2/4 4643/2/4 4645/2/4
f 4645/2/4 4644/2/4 4646/2/4
f 4646/2/4 4644/2/4 4647/2/4
f 4648/3/4 4649/3/4 4650/3/4
f 4650/3/4 4649/3/4 4651/3/4
f 4652/3/4 4653/3/4 4654/3/4
f 4654/3/4 4653/3/4 4655/3/4
f 4656/2/4 4657/2/4 4660/2/4
f 4657/2/4 4658/2/4 4660/2/4
f 4660/2/4 4658/2/4 4661/2/4
f 4661/2/4 4658/2/4 4662/2/4
f 4659/3/4 4660/3/4 4664/3/4
f 4664/3/4 4660/3/4 4665/3/4
f 4663/3/4 4664/3/4 4666/3/4
f 4666/3/4 4664/3/4 4667/3/4
f 4668/1/4 4669/1/4 4672/1/4
f 4672/1/4 4669/1/4 4673/1/4
f 4670/2/4 4671/2/4 4674/2/4
f 4674/2/4 4671/2/4 4675/2/4
f 4676/1/4 4677/1/4 4688/1/4
f 4688/1/4 4677/1/4 4689/1/4
f 4678/1/4 4679/1/4 4690/1/4
f 4690/1/4 4679/1/4 4691/1/4
f 4680/1/4 4681/1/4 4693/1/4
f 4693/1/4 4681/1/4 4694/1/4
f 4682/1/4 4683/1/4 4695/1/4
f 4695/1/4 4683/1/4 4696/1/4
f 4684/1/4 4685/1/4 4698/1/4
f 4698/1/4 4685/1/4 4699/1/4
f 4686/1/4 4687/1/4 4700/1/4
f 4700/1/4 4687/1/4 4701/1/4
f 4692/2/4 4693/2/4 4704/2/4
f 4704/2/4 4693/2/4 4705/2/4
f 4696/1/4 4697/1/4 4706/1/4
f 4697/2/4 4698/2/4 4707/2/4
f 4706/1/4 4697/1/4 4707/1/4
f 4707/2/4 4698/2/4 4708/2/4
f 4702/1/4 4703/1/4 4709/1/4
f 4709/1/4 4703/1/4 4710/1/4
f 4711/1/4 4712/1/4 4715/1/4
f 4715/1/4 4712/1/4 4716/1/4
f 4713/1/4 4714/1/4 4717/1/4
f 4717/1/4 4714/1/4 4718/1/4
f 4719/1/4 4720/1/4 4721/1/4
f 4721/1/4 4720/1/4 4722/1/4
f 4723/1/4 4724/1/4 4729/1/4
f 4729/1/4 4724/1/4 4730/1/4
f 4725/1/4 4726/1/4 4731/1/4
f 4731/1/4 4726/1/4 4732/1/4
f 4727/1/4 4728/1/4 4734/1/4
f 4734/1/4 4728/1/4 4735/1/4
f 4733/2/4 4734/2/4 4740/2/4
f 4740/2/4 4734/2/4 4741/2/4
f 4736/1/4 4737/1/4 4742/1/4
f 4742/1/4 4737/1/4 4743/1/4
f 4738/1/4 4739/1/4 4744/1/4
f 4744/1/4 4739/1/4 4745/1/4
f 4746/2/4 4747/2/4 4748/2/4
f 4748/2/4 4747/2/4 4749/2/4
f 4750/1/4 4751/1/4 4754/1/4
f 4754/1/4 4751/1/4 4755/1/4
f 4752/2/4 4753/2/4 4759/2/4
f 4759/2/4 4753/2/4 4760/2/4
f 4756/1/4 4757/1/4 4761/1/4
f 4757/2/4 4758/2/4 4762/2/4
f 4761/1/4 4757/1/4 4762/1/4
f 4762/2/4 4758/2/4 4763/2/4
f 4764/1/4 4765/1/4 4768/1/4
f 4768/1/4 4765/1/4 4769/1/4
f 4766/1/4 4767/1/4 4770/1/4
f 4770/1/4 4767/1/4 4771/1/4
f 4772/3/4 4773/3/4 4774/3/4
f 4774/3/4 4773/3/4 4775/3/4
f 4776/3/4 4777/3/4 4780/3/4
f 4780/3/4 4777/3/4 4781/3/4
f 4778/2/4 4779/2/4 4782/2/4
f 4782/2/4 4779/2/4 4783/2/4
f 4783/2/4 4784/2/4 4786/2/4
f 4786/2/4 4784/2/4 4787/2/4
f 4785/2/4 4786/2/4 4788/2/4
f 4788/2/4 4786/2/4 4789/2/4
f 4789/2/4 4786/2/4 4790/2/4
f 4789/3/4 4790/3/4 4791/3/4
f 4791/3/4 4790/3/4 4792/3/4
f 4792/3/4 4793/3/4 4794/3/4
f 4794/3/4 4793/3/4 4795/3/4
f 4795/3/4 4793/3/4 4796/3/4
f 4796/3/4 4793/3/4 4797/3/4
f 4797/2/4 4798/2/4 4800/2/4
f 4800/2/4 4798/2/4 4801/2/4
f 4799/3/4 4800/3/4 4803/3/4
f 4802/3/4 4803/3/4 4805/3/4
f 4803/3/4 4800/3/4 4806/3/4
f 4805/3/4 4803/3/4 4806/3/4
f 4804/3/4 4805/3/4 4808/3/4
f 4808/3/4 4805/3/4 4809/3/4
f 4807/2/4 4808/2/4 4810/2/4
f 4808/2/4 4809/2/4 4810/2/4
f 4810/2/4 4809/2/4 4811/2/4
f 4811/2/4 4812/2/4 4816/2/4
f 4816/2/4 4812/2/4 4817/2/4
f 4813/3/4 4814/3/4 4818/3/4
f 4818/3/4 4814/3/4 4819/3/4
f 4815/2/4 4816/2/4 4820/2/4
f 4820/2/4 4816/2/4 4821/2/4
f 4822/3/4 4823/3/4 4826/3/4
f 4826/3/4 4823/3/4 4827/3/4
f 4828/1/4 4829/1/4 4830/1/4
f 4830/1/4 4829/1/4 4831/1/4
f 4824/1/4 4825/1/4 4832/1/4
f 4832/1/4 4825/1/4 4833/1/4
f 4834/1/4 4835/1/4 4839/1/4
f 4839/1/4 4835/1/4 4840/1/4
f 4836/1/4 4837/1/4 4841/1/4
f 4837/2/4 4838/2/4 4842/2/4
f 4841/1/4 4837/1/4 4842/1/4
f 4842/2/4 4838/2/4 4843/2/4
f 4844/2/4 4845/2/4 4846/2/4
f 4846/2/4 4845/2/4 4847/2/4
f 4848/1/4 4849/1/4 4851/1/4
f 4851/1/4 4849/1/4 4852/1/4
f 4850/1/4 4851/1/4 4853/1/4
f 4853/1/4 4851/1/4 4854/1/4
f 4855/2/4 4856/2/4 4857/2/4
f 4857/2/4 4856/2/4 4858/2/4
f 4859/2/4 4860/2/4 4865/2/4
f 4865/2/4 4860/2/4 4866/2/4
f 4861/1/4 4862/1/4 4872/1/4
f 4872/1/4 4862/1/4 4873/1/4
f 4863/1/4 4864/1/4 4874/1/4
f 4874/1/4 4864/1/4 4875/1/4
f 4866/1/4 4867/1/4 4876/1/4
f 4876/1/4 4867/1/4 4877/1/4
f 4868/1/4 4869/1/4 4878/1/4
f 4878/1/4 4869/1/4 4879/1/4
f 4870/1/4 4871/1/4 4880/1/4
f 4880/1/4 4871/1/4 4881/1/4
f 4882/1/4 4883/1/4 4890/1/4
f 4890/1/4 4883/1/4 4891/1/4
f 4884/1/4 4885/1/4 4892/1/4
f 4892/1/4 4885/1/4 4893/1/4
f 4886/1/4 4887/1/4 4896/1/4
f 4896/1/4 4887/1/4 4897/1/4
f 4888/1/4 4889/1/4 4898/1/4
f 4898/1/4 4889/1/4 4899/1/4
f 4893/1/4 4885/1/4 4902/1/4
f 4902/1/4 4885/1/4 4903/1/4
f 4894/1/4 4895/1/4 4904/1/4
f 4904/1/4 4895/1/4 4905/1/4
f 4900/1/4 4901/1/4 4906/1/4
f 4906/1/4 4901/1/4 4907/1/4
f 4908/2/4 4909/2/4 4910/2/4
f 4910/2/4 4909/2/4 4911/2/4
f 4912/1/4 4913/1/4 4916/1/4
f 4916/1/4 4913/1/4 4917/1/4
f 4914/1/4 4915/1/4 4918/1/4
f 4918/1/4 4915/1/4 4919/1/4
f 4919/2/4 4920/2/4 4921/2/4
f 4921/2/4 4920/2/4 4922/2/4
f 4923/1/4 4924/1/4 4925/1/4
f 4925/1/4 4924/1/4 4926/1/4
f 4927/1/4 4928/1/4 4933/1/4
f 4933/1/4 4928/1/4 4934/1/4
f 4929/1/4 4930/1/4 4935/1/4
f 4935/1/4 4930/1/4 4936/1/4
f 4931/1/4 4932/1/4 4937/1/4
f 4937/1/4 4932/1/4 4938/1/4
f 4939/2/4 4940/2/4 4941/2/4
f 4941/2/4 4940/2/4 4942/2/4
f 4943/1/4 4944/1/4 4945/1/4
f 4945/1/4 4944/1/4 4946/1/4
f 4947/3/4 4948/3/4 4949/3/4
f 4949/3/4 4948/3/4 4950/3/4
f 4951/3/4 4952/3/4 4953/3/4
f 4953/3/4 4952/3/4 4954/3/4
f 4955/1/4 4956/1/4 4957/1/4
f 4957/1/4 4956/1/4 4958/1/4
f 4959/1/4 4960/1/4 4967/1/4
f 4967/1/4 4960/1/4 4968/1/4
f 4961/1/4 4962/1/4 4969/1/4
f 4969/1/4 4962/1/4 4970/1/4
f 4963/1/4 4964/1/4 4971/1/4
f 4971/1/4 4964/1/4 4972/1/4
f 4965/2/4 4966/2/4 4973/2/4
f 4973/2/4 4966/2/4 4974/2/4
f 4976/1/4 4977/1/4 4978/1/4
f 4975/1/4 4976/1/4 4978/1/4
f 4978/1/4 4977/1/4 4979/1/4
f 4980/1/4 4981/1/4 4984/1/4
f 4984/1/4 4981/1/4 4985/1/4
f 4982/1/4 4983/1/4 4986/1/4
f 4986/1/4 4983/1/4 4987/1/4
f 4988/1/4 4989/1/4 4991/1/4
f 4991/1/4 4989/1/4 4992/1/4
f 4990/1/4 4991/1/4 4994/1/4
f 4994/1/4 4991/1/4 4995/1/4
f 4993/1/4 4994/1/4 4999/1/4
f 4999/1/4 4994/1/4 5000/1/4
f 4996/2/4 4997/2/4 5004/2/4
f 5004/2/4 4997/2/4 5005/2/4
f 4998/1/4 4999/1/4 5007/1/4
f 5007/1/4 4999/1/4 5008/1/4
f 5001/1/4 5002/1/4 5015/1/4
f 5015/1/4 5002/1/4 5016/1/4
f 5003/1/4 5004/1/4 5017/1/4
f 5017/1/4 5004/1/4 5018/1/4
f 5006/1/4 5007/1/4 5019/1/4
f 5019/1/4 5007/1/4 5020/1/4
f 5009/1/4 5010/1/4 5024/1/4
f 5011/1/4 5012/1/4 5025/1/4
f 5025/1/4 5012/1/4 5026/1/4
f 5013/2/4 5014/2/4 5033/2/4
f 5033/2/4 5014/2/4 5034/2/4
f 5021/1/4 5022/1/4 5035/1/4
f 5035/1/4 5022/1/4 5036/1/4
f 5023/1/4 5024/1/4 5037/1/4
f 5024/1/4 5010/1/4 5038/1/4
f 5037/1/4 5024/1/4 5038/1/4
f 5027/1/4 5028/1/4 5039/1/4
f 5039/1/4 5028/1/4 5040/1/4
f 5029/1/4 5030/1/4 5041/1/4
f 5041/1/4 5030/1/4 5042/1/4
f 5031/1/4 5032/1/4 5043/1/4
f 5043/1/4 5032/1/4 5044/1/4
f 5045/1/4 5046/1/4 5052/1/4
f 5052/1/4 5046/1/4 5053/1/4
f 5047/1/4 5048/1/4 5054/1/4
f 5054/1/4 5048/1/4 5055/1/4
f 5049/1/4 5050/1/4 5056/1/4
f 5056/1/4 5050/1/4 5057/1/4
f 5057/1/4 5050/1/4 5058/1/4
f 5051/1/4 5052/1/4 5061/1/4
f 5061/1/4 5052/1/4 5062/1/4
f 5059/1/4 5060/1/4 5063/1/4
f 5063/1/4 5060/1/4 5064/1/4
f 5065/1/4 5066/1/4 5067/1/4
f 5067/1/4 5066/1/4 5068/1/4
f 5069/1/4 5070/1/4 5077/1/4
f 5077/1/4 5070/1/4 5078/1/4
f 5078/1/4 5070/1/4 5079/1/4
f 5079/1/4 5070/1/4 5080/1/4
f 5071/1/4 5072/1/4 5081/1/4
f 5081/1/4 5072/1/4 5082/1/4
f 5073/2/4 5074/2/4 5083/2/4
f 5083/2/4 5074/2/4 5084/2/4
f 5075/2/4 5076/2/4 5085/2/4
f 5076/1/4 5077/1/4 5086/1/4
f 5085/2/4 5076/2/4 5086/2/4
f 5086/1/4 5077/1/4 5087/1/4
f 5078/1/4 5079/1/4 5088/1/4
f 5088/1/4 5079/1/4 5089/1/4
f 5083/3/4 5084/3/4 5090/3/4
f 5090/3/4 5084/3/4 5091/3/4
f 5092/1/4 5093/1/4 5099/1/4
f 5099/1/4 5093/1/4 5100/1/4
f 5094/1/4 5095/1/4 5102/1/4
f 5095/2/4 5096/2/4 5103/2/4
f 5102/1/4 5095/1/4 5103/1/4
f 5103/2/4 5096/2/4 5104/2/4
f 5097/1/4 5098/1/4 5106/1/4
f 5106/1/4 5098/1/4 5107/1/4
f 5100/1/4 5101/1/4 5110/1/4
f 5110/1/4 5101/1/4 5111/1/4
f 5106/1/4 5107/1/4 5112/1/4
f 5105/1/4 5106/1/4 5112/1/4
f 5112/1/4 5107/1/4 5113/1/4
f 5108/2/4 5109/2/4 5115/2/4
f 5115/2/4 5109/2/4 5116/2/4
f 5114/1/4 5115/1/4 5119/1/4
f 5119/1/4 5115/1/4 5120/1/4
f 5117/1/4 5118/1/4 5121/1/4
f 5121/1/4 5118/1/4 5122/1/4
f 5124/1/4 5125/1/4 5128/1/4
f 5125/1/4 5126/1/4 5128/1/4
f 5126/2/4 5127/2/4 5129/2/4
f 5128/1/4 5126/1/4 5129/1/4
f 5129/2/4 5127/2/4 5130/2/4
f 5131/1/4 5132/1/4 5133/1/4
f 5133/1/4 5132/1/4 5134/1/4
f 5135/3/4 5136/3/4 5139/3/4
f 5139/3/4 5136/3/4 5140/3/4
f 5137/2/4 5138/2/4 5141/2/4
f 5141/2/4 5138/2/4 5142/2/4
f 5122/1/4 5123/1/4 5143/1/4
f 5143/1/4 5123/1/4 5144/1/4
f 5145/3/4 5146/3/4 5148/3/4
f 5146/3/4 5147/3/4 5148/3/4
f 5148/3/4 5147/3/4 5149/3/4
f 5149/3/4 5147/3/4 5152/3/4
f 5152/3/4 5147/3/4 5153/3/4
f 5153/2/4 5154/2/4 5156/2/4
f 5156/2/4 5154/2/4 5157/2/4
f 5150/1/4 5151/1/4 5158/1/4
f 5158/1/4 5151/1/4 5159/1/4
f 5155/3/4 5156/3/4 5161/3/4
f 5160/3/4 5161/3/4 5162/3/4
f 5162/3/4 5161/3/4 5163/3/4
f 5161/3/4 5156/3/4 5164/3/4
f 5163/3/4 5161/3/4 5164/3/4
f 5167/3/4 5168/3/4 5171/3/4
f 5171/3/4 5168/3/4 5172/3/4
f 5169/2/4 5170/2/4 5173/2/4
f 5173/2/4 5170/2/4 5174/2/4
f 5175/1/4 5176/1/4 5177/1/4
f 5177/1/4 5176/1/4 5178/1/4
f 5179/1/4 5180/1/4 5182/1/4
f 5182/1/4 5180/1/4 5183/1/4
f 5180/2/4 5181/2/4 5184/2/4
f 5183/1/4 5180/1/4 5184/1/4
f 5184/2/4 5181/2/4 5185/2/4
f 5165/1/4 5166/1/4 5193/1/4
f 5193/1/4 5166/1/4 5194/1/4
f 5186/1/4 5187/1/4 5196/1/4
f 5196/1/4 5187/1/4 5197/1/4
f 5188/1/4 5189/1/4 5201/1/4
f 5201/1/4 5189/1/4 5202/1/4
f 5202/1/4 5189/1/4 5203/1/4
f 5190/1/4 5191/1/4 5204/1/4
f 5204/1/4 5191/1/4 5205/1/4
f 5192/1/4 5193/1/4 5207/1/4
f 5207/1/4 5193/1/4 5208/1/4
f 5195/1/4 5196/1/4 5209/1/4
f 5209/1/4 5196/1/4 5210/1/4
f 5198/1/4 5199/1/4 5211/1/4
f 5199/2/4 5200/2/4 5212/2/4
f 5211/1/4 5199/1/4 5212/1/4
f 5212/2/4 5200/2/4 5213/2/4
f 5202/1/4 5203/1/4 5214/1/4
f 5214/1/4 5203/1/4 5215/1/4
f 5205/2/4 5206/2/4 5216/2/4
f 5216/2/4 5206/2/4 5217/2/4
f 5218/3/4 5219/3/4 5220/3/4
f 5220/3/4 5219/3/4 5221/3/4
f 5220/2/4 5221/2/4 5222/2/4
f 5222/2/4 5221/2/4 5223/2/4
f 5224/2/4 5225/2/4 5229/2/4
f 5225/1/4 5226/1/4 5230/1/4
f 5229/2/4 5225/2/4 5230/2/4
f 5230/1/4 5226/1/4 5231/1/4
f 5227/1/4 5228/1/4 5232/1/4
f 5232/1/4 5228/1/4 5233/1/4
f 5233/1/4 5234/1/4 5241/1/4
f 5231/1/4 5232/1/4 5241/1/4
f 5232/1/4 5233/1/4 5241/1/4
f 5241/1/4 5234/1/4 5242/1/4
f 5235/1/4 5236/1/4 5243/1/4
f 5243/1/4 5236/1/4 5244/1/4
f 5237/1/4 5238/1/4 5245/1/4
f 5245/1/4 5238/1/4 5246/1/4
f 5239/1/4 5240/1/4 5255/1/4
f 5255/1/4 5240/1/4 5256/1/4
f 5246/1/4 5247/1/4 5257/1/4
f 5257/1/4 5247/1/4 5258/1/4
f 5248/1/4 5249/1/4 5259/1/4
f 5259/1/4 5249/1/4 5260/1/4
f 5250/1/4 5251/1/4 5261/1/4
f 5251/1/4 5252/1/4 5261/1/4
f 5261/1/4 5252/1/4 5262/1/4
f 5253/1/4 5254/1/4 5263/1/4
f 5263/1/4 5254/1/4 5264/1/4
f 5265/1/4 5266/1/4 5274/1/4
f 5274/1/4 5266/1/4 5275/1/4
f 5267/1/4 5268/1/4 5276/1/4
f 5276/1/4 5268/1/4 5277/1/4
f 5269/1/4 5270/1/4 5279/1/4
f 5270/2/4 5271/2/4 5280/2/4
f 5279/1/4 5270/1/4 5280/1/4
f 5280/2/4 5271/2/4 5281/2/4
f 5281/2/4 5271/2/4 5282/2/4
f 5272/1/4 5273/1/4 5286/1/4
f 5286/1/4 5273/1/4 5287/1/4
f 5281/2/4 5282/2/4 5288/2/4
f 5288/2/4 5282/2/4 5289/2/4
f 5282/1/4 5283/1/4 5290/1/4
f 5289/2/4 5282/2/4 5290/2/4
f 5290/1/4 5283/1/4 5291/1/4
f 5284/1/4 5285/1/4 5292/1/4
f 5292/1/4 5285/1/4 5293/1/4
f 5289/2/4 5290/2/4 5296/2/4
f 5296/2/4 5290/2/4 5297/2/4
f 5294/2/4 5295/2/4 5307/2/4
f 5299/1/4 5300/1/4 5309/1/4
f 5309/1/4 5300/1/4 5310/1/4
f 5301/1/4 5302/1/4 5311/1/4
f 5311/1/4 5302/1/4 5312/1/4
f 5303/1/4 5304/1/4 5313/1/4
f 5313/1/4 5304/1/4 5314/1/4
f 5305/1/4 5306/1/4 5315/1/4
f 5315/1/4 5306/1/4 5316/1/4
f 5297/1/4 5298/1/4 5320/1/4
f 5314/2/4 5315/2/4 5322/2/4
f 5317/1/4 5318/1/4 5323/1/4
f 5316/1/4 5317/1/4 5323/1/4
f 5323/1/4 5318/1/4 5324/1/4
f 5319/2/4 5320/2/4 5326/2/4
f 5320/1/4 5298/1/4 5326/1/4
f 5326/1/4 5298/1/4 5327/1/4
f 5321/2/4 5322/2/4 5329/2/4
f 5322/2/4 5315/2/4 5330/2/4
f 5329/2/4 5322/2/4 5330/2/4
f 5330/2/4 5315/2/4 5331/2/4
f 5324/1/4 5325/1/4 5332/1/4
f 5332/1/4 5325/1/4 5333/1/4
f 5328/2/4 5329/2/4 5334/2/4
f 5329/2/4 5330/2/4 5334/2/4
f 5334/2/4 5330/2/4 5335/2/4
f 5328/2/4 5334/2/4 5337/2/4
f 5277/2/4 5278/2/4 5338/2/4
f 5338/2/4 5278/2/4 5339/2/4
f 5319/2/4 5326/2/4 5341/2/4
f 5336/2/4 5337/2/4 5342/2/4
f 5337/2/4 5334/2/4 5342/2/4
f 5342/2/4 5334/2/4 5343/2/4
f 5340/1/4 5341/1/4 5346/1/4
f 5341/2/4 5326/2/4 5347/2/4
f 5346/1/4 5341/1/4 5347/1/4
f 5347/2/4 5326/2/4 5348/2/4
f 5307/2/4 5308/2/4 5352/2/4
f 5294/2/4 5307/2/4 5352/2/4
f 5352/2/4 5308/2/4 5353/2/4
f 5336/2/4 5342/2/4 5355/2/4
f 5349/1/4 5350/1/4 5356/1/4
f 5356/1/4 5350/1/4 5357/1/4
f 5351/1/4 5352/1/4 5358/1/4
f 5358/1/4 5352/1/4 5359/1/4
f 5354/2/4 5355/2/4 5360/2/4
f 5355/2/4 5342/2/4 5360/2/4
f 5360/2/4 5342/2/4 5361/2/4
f 5354/2/4 5360/2/4 5363/2/4
f 5344/2/4 5345/2/4 5365/2/4
f 5365/2/4 5345/2/4 5366/2/4
f 5353/2/4 5308/2/4 5367/2/4
f 5367/2/4 5308/2/4 5368/2/4
f 5362/2/4 5363/2/4 5370/2/4
f 5363/2/4 5360/2/4 5371/2/4
f 5370/2/4 5363/2/4 5371/2/4
f 5364/2/4 5365/2/4 5373/2/4
f 5365/2/4 5366/2/4 5373/2/4
f 5373/2/4 5366/2/4 5374/2/4
f 5374/2/4 5366/2/4 5375/2/4
f 5369/2/4 5370/2/4 5376/2/4
f 5376/2/4 5370/2/4 5377/2/4
f 5373/2/4 5374/2/4 5379/2/4
f 5372/2/4 5373/2/4 5379/2/4
f 5379/2/4 5374/2/4 5380/2/4
f 5369/2/4 5376/2/4 5381/2/4
f 5381/2/4 5376/2/4 5382/2/4
f 5378/2/4 5379/2/4 5384/2/4
f 5384/2/4 5379/2/4 5385/2/4
f 5383/2/4 5384/2/4 5387/2/4
f 5387/2/4 5384/2/4 5388/2/4
f 5388/2/4 5384/2/4 5389/2/4
f 5386/2/4 5387/2/4 5391/2/4
f 5387/2/4 5388/2/4 5391/2/4
f 5391/2/4 5388/2/4 5392/2/4
f 5392/2/4 5388/2/4 5393/2/4
f 5390/2/4 5391/2/4 5394/2/4
f 5391/2/4 5392/2/4 5394/2/4
f 5394/2/4 5392/2/4 5395/2/4
f 5395/2/4 5392/2/4 5396/2/4
f 5397/2/4 5398/2/4 5400/2/4
f 5400/2/4 5398/2/4 5401/2/4
f 5401/2/4 5398/2/4 5402/2/4
f 5399/2/4 5400/2/4 5404/2/4
f 5400/2/4 5401/2/4 5404/2/4
f 5404/2/4 5401/2/4 5405/2/4
f 5405/2/4 5401/2/4 5406/2/4
f 5403/2/4 5404/2/4 5407/2/4
f 5404/2/4 5405/2/4 5407/2/4
f 5407/2/4 5405/2/4 5408/2/4
f 5409/2/4 5410/2/4 5411/2/4
f 5411/2/4 5410/2/4 5412/2/4
f 5412/2/4 5410/2/4 5413/2/4
f 5412/2/4 5413/2/4 5415/2/4
f 5413/2/4 5414/2/4 5415/2/4
f 5415/2/4 5414/2/4 5416/2/4
f 5416/2/4 5414/2/4 5417/2/4
f 5416/2/4 5417/2/4 5419/2/4
f 5417/2/4 5418/2/4 5419/2/4
f 5419/2/4 5418/2/4 5420/2/4
f 5421/2/4 5422/2/4 5424/2/4
f 5422/2/4 5423/2/4 5424/2/4
f 5424/2/4 5423/2/4 5425/2/4
f 5425/2/4 5423/2/4 5426/2/4
f 5426/2/4 5427/2/4 5428/2/4
f 5425/2/4 5426/2/4 5428/2/4
f 5428/2/4 5427/2/4 5429/2/4
f 5429/2/4 5427/2/4 5430/2/4
f 5430/2/4 5431/2/4 5434/2/4
f 5429/2/4 5430/2/4 5434/2/4
f 5434/2/4 5431/2/4 5435/2/4
f 5432/2/4 5433/2/4 5437/2/4
f 5435/2/4 5436/2/4 5439/2/4
f 5439/2/4 5436/2/4 5440/2/4
f 5437/2/4 5438/2/4 5444/2/4
f 5432/2/4 5437/2/4 5444/2/4
f 5444/2/4 5438/2/4 5445/2/4
f 5440/2/4 5441/2/4 5447/2/4
f 5447/2/4 5441/2/4 5448/2/4
f 5448/2/4 5441/2/4 5449/2/4
f 5445/2/4 5446/2/4 5451/2/4
f 5451/2/4 5446/2/4 5452/2/4
f 5449/2/4 5450/2/4 5453/2/4
f 5448/2/4 5449/2/4 5453/2/4
f 5453/2/4 5450/2/4 5454/2/4
f 5454/2/4 5450/2/4 5455/2/4
f 5452/2/4 5446/2/4 5463/2/4
f 5456/1/4 5457/1/4 5467/1/4
f 5457/2/4 5458/2/4 5468/2/4
f 5467/1/4 5457/1/4 5468/1/4
f 5459/1/4 5460/1/4 5469/1/4
f 5469/1/4 5460/1/4 5470/1/4
f 5461/1/4 5462/1/4 5471/1/4
f 5471/1/4 5462/1/4 5472/1/4
f 5442/2/4 5443/2/4 5473/2/4
f 5452/2/4 5463/2/4 5474/2/4
f 5463/2/4 5464/2/4 5474/2/4
f 5474/2/4 5464/2/4 5475/2/4
f 5454/2/4 5455/2/4 5476/2/4
f 5475/2/4 5464/2/4 5478/2/4
f 5454/2/4 5476/2/4 5480/2/4
f 5476/1/4 5477/1/4 5481/1/4
f 5480/2/4 5476/2/4 5481/2/4
f 5481/1/4 5477/1/4 5482/1/4
f 5478/2/4 5479/2/4 5483/2/4
f 5475/2/4 5478/2/4 5483/2/4
f 5483/2/4 5479/2/4 5484/2/4
f 5484/2/4 5479/2/4 5487/2/4
f 5485/1/4 5486/1/4 5490/1/4
f 5490/1/4 5486/1/4 5491/1/4
f 5468/2/4 5458/2/4 5492/2/4
f 5492/2/4 5458/2/4 5493/2/4
f 5487/2/4 5488/2/4 5495/2/4
f 5484/2/4 5487/2/4 5495/2/4
f 5495/2/4 5488/2/4 5496/2/4
f 5496/2/4 5488/2/4 5497/2/4
f 5489/1/4 5490/1/4 5499/1/4
f 5499/1/4 5490/1/4 5500/1/4
f 5497/2/4 5498/2/4 5501/2/4
f 5496/2/4 5497/2/4 5501/2/4
f 5501/2/4 5498/2/4 5502/2/4
f 5493/1/4 5494/1/4 5506/1/4
f 5472/2/4 5473/2/4 5507/2/4
f 5473/2/4 5443/2/4 5507/2/4
f 5507/2/4 5443/2/4 5508/2/4
f 5502/2/4 5498/2/4 5514/2/4
f 5514/2/4 5498/2/4 5515/2/4
f 5503/1/4 5504/1/4 5516/1/4
f 5516/1/4 5504/1/4 5517/1/4
f 5505/2/4 5506/2/4 5521/2/4
f 5506/1/4 5494/1/4 5522/1/4
f 5521/2/4 5506/2/4 5522/2/4
f 5522/1/4 5494/1/4 5523/1/4
f 5509/1/4 5510/1/4 5524/1/4
f 5524/1/4 5510/1/4 5525/1/4
f 5511/1/4 5512/1/4 5526/1/4
f 5526/1/4 5512/1/4 5527/1/4
f 5513/1/4 5514/1/4 5528/1/4
f 5528/1/4 5514/1/4 5529/1/4
f 5515/1/4 5516/1/4 5530/1/4
f 5530/1/4 5516/1/4 5531/1/4
f 5518/1/4 5519/1/4 5532/1/4
f 5532/1/4 5519/1/4 5533/1/4
f 5465/2/4 5466/2/4 5537/2/4
f 5537/2/4 5466/2/4 5538/2/4
f 5520/2/4 5521/2/4 5541/2/4
f 5521/2/4 5522/2/4 5541/2/4
f 5541/2/4 5522/2/4 5542/2/4
f 5472/2/4 5507/2/4 5546/2/4
f 5546/2/4 5507/2/4 5547/2/4
f 5534/1/4 5535/1/4 5548/1/4
f 5548/1/4 5535/1/4 5549/1/4
f 5536/1/4 5537/1/4 5550/1/4
f 5550/1/4 5537/1/4 5551/1/4
f 5539/1/4 5540/1/4 5552/1/4
f 5540/2/4 5541/2/4 5553/2/4
f 5552/1/4 5540/1/4 5553/1/4
f 5541/2/4 5542/2/4 5553/2/4
f 5542/1/4 5543/1/4 5554/1/4
f 5553/2/4 5542/2/4 5554/2/4
f 5554/1/4 5543/1/4 5555/1/4
f 5544/1/4 5545/1/4 5556/1/4
f 5556/1/4 5545/1/4 5557/1/4
f 5558/1/4 5559/1/4 5564/1/4
f 5560/1/4 5561/1/4 5565/1/4
f 5565/1/4 5561/1/4 5566/1/4
f 5562/1/4 5563/1/4 5569/1/4
f 5569/1/4 5563/1/4 5570/1/4
f 5566/1/4 5567/1/4 5575/1/4
f 5558/1/4 5564/1/4 5575/1/4
f 5564/1/4 5565/1/4 5575/1/4
f 5565/1/4 5566/1/4 5575/1/4
f 5570/1/4 5571/1/4 5576/1/4
f 5569/1/4 5570/1/4 5576/1/4
f 5568/1/4 5569/1/4 5576/1/4
f 5572/1/4 5573/1/4 5579/1/4
f 5579/1/4 5573/1/4 5580/1/4
f 5576/2/4 5577/2/4 5582/2/4
f 5568/1/4 5576/1/4 5582/1/4
f 5582/2/4 5577/2/4 5583/2/4
f 5580/1/4 5581/1/4 5584/1/4
f 5579/1/4 5580/1/4 5584/1/4
f 5578/1/4 5579/1/4 5584/1/4
f 5584/1/4 5581/1/4 5585/1/4
f 5586/1/4 5587/1/4 5593/1/4
f 5593/1/4 5587/1/4 5594/1/4
f 5588/1/4 5589/1/4 5595/1/4
f 5595/1/4 5589/1/4 5596/1/4
f 5590/1/4 5591/1/4 5599/1/4
f 5599/1/4 5591/1/4 5600/1/4
f 5596/1/4 5597/1/4 5601/1/4
f 5593/1/4 5594/1/4 5601/1/4
f 5592/1/4 5593/1/4 5601/1/4
f 5594/1/4 5595/1/4 5601/1/4
f 5595/1/4 5596/1/4 5601/1/4
f 5601/1/4 5597/1/4 5602/1/4
f 5598/1/4 5599/1/4 5603/1/4
f 5585/1/4 5581/1/4 5606/1/4
f 5592/1/4 5601/1/4 5607/1/4
f 5607/1/4 5601/1/4 5608/1/4
f 5598/1/4 5603/1/4 5610/1/4
f 5603/1/4 5604/1/4 5610/1/4
f 5610/1/4 5604/1/4 5611/1/4
f 5611/1/4 5612/1/4 5614/1/4
f 5610/1/4 5611/1/4 5614/1/4
f 5609/1/4 5610/1/4 5614/1/4
f 5614/1/4 5612/1/4 5615/1/4
f 5592/1/4 5607/1/4 5617/1/4
f 5617/1/4 5607/1/4 5618/1/4
f 5574/1/4 5575/1/4 5619/1/4
f 5575/1/4 5567/1/4 5620/1/4
f 5619/1/4 5575/1/4 5620/1/4
f 5620/1/4 5567/1/4 5621/1/4
f 5621/1/4 5567/1/4 5622/1/4
f 5582/1/4 5583/1/4 5623/1/4
f 5568/1/4 5582/1/4 5623/1/4
f 5623/1/4 5583/1/4 5624/1/4
f 5615/1/4 5616/1/4 5626/1/4
f 5613/1/4 5614/1/4 5626/1/4
f 5614/1/4 5615/1/4 5626/1/4
f 5626/1/4 5616/1/4 5627/1/4
f 5620/1/4 5621/1/4 5629/1/4
f 5629/1/4 5621/1/4 5630/1/4
f 5568/1/4 5623/1/4 5631/1/4
f 5631/1/4 5623/1/4 5632/1/4
f 5605/1/4 5606/1/4 5633/1/4
f 5606/1/4 5581/1/4 5633/1/4
f 5633/1/4 5581/1/4 5634/1/4
f 5634/1/4 5581/1/4 5635/1/4
f 5635/1/4 5581/1/4 5636/1/4
f 5592/1/4 5617/1/4 5637/1/4
f 5637/1/4 5617/1/4 5638/1/4
f 5605/1/4 5633/1/4 5639/1/4
f 5639/1/4 5633/1/4 5640/1/4
f 5634/1/4 5635/1/4 5641/1/4
f 5641/1/4 5635/1/4 5642/1/4
f 5627/1/4 5628/1/4 5644/1/4
f 5626/1/4 5627/1/4 5644/1/4
f 5625/1/4 5626/1/4 5644/1/4
f 5592/1/4 5637/1/4 5645/1/4
f 5645/1/4 5637/1/4 5646/1/4
f 5643/1/4 5644/1/4 5647/1/4
f 5644/1/4 5628/1/4 5647/1/4
f 5647/1/4 5628/1/4 5648/1/4
f 5592/1/4 5645/1/4 5651/1/4
f 5651/1/4 5645/1/4 5652/1/4
f 5643/1/4 5647/1/4 5653/1/4
f 5653/1/4 5647/1/4 5654/1/4
f 5654/1/4 5647/1/4 5655/1/4
f 5649/1/4 5650/1/4 5657/1/4
f 5652/1/4 5653/1/4 5659/1/4
f 5653/1/4 5654/1/4 5659/1/4
f 5659/1/4 5654/1/4 5660/1/4
f 5660/1/4 5654/1/4 5661/1/4
f 5656/1/4 5657/1/4 5662/1/4
f 5658/1/4 5659/1/4 5663/1/4
f 5659/1/4 5660/1/4 5663/1/4
f 5663/1/4 5660/1/4 5664/1/4
f 5661/1/4 5662/1/4 5665/1/4
f 5658/1/4 5663/1/4 5666/1/4
f 5666/1/4 5663/1/4 5667/1/4
f 5664/1/4 5665/1/4 5669/1/4
f 5658/1/4 5666/1/4 5670/1/4
f 5670/1/4 5666/1/4 5671/1/4
f 5671/1/4 5666/1/4 5672/1/4
f 5672/1/4 5666/1/4 5673/1/4
f 5668/1/4 5669/1/4 5675/1/4
f 5671/1/4 5672/1/4 5676/1/4
f 5676/1/4 5672/1/4 5677/1/4
f 5674/1/4 5675/1/4 5679/1/4
f 5678/1/4 5679/1/4 5681/1/4
f 5680/1/4 5681/1/4 5682/1/4
f 5679/1/4 5675/1/4 5683/1/4
f 5682/1/4 5681/1/4 5683/1/4
f 5675/1/4 5669/1/4 5683/1/4
f 5681/1/4 5679/1/4 5683/1/4
f 5662/1/4 5657/1/4 5684/1/4
f 5683/1/4 5669/1/4 5684/1/4
f 5665/1/4 5662/1/4 5684/1/4
f 5669/1/4 5665/1/4 5684/1/4
f 5657/1/4 5650/1/4 5685/1/4
f 5684/1/4 5657/1/4 5685/1/4
f 5683/1/4 5684/1/4 5686/1/4
f 5686/1/4 5684/1/4 5687/1/4
f 5683/1/4 5686/1/4 5690/1/4
f 5690/1/4 5686/1/4 5691/1/4
f 5688/1/4 5689/1/4 5693/1/4
f 5692/1/4 5693/1/4 5695/1/4
f 5694/1/4 5695/1/4 5696/1/4
f 5695/1/4 5693/1/4 5697/1/4
f 5696/1/4 5695/1/4 5697/1/4
f 5697/1/4 5693/1/4 5700/1/4
f 5693/1/4 5689/1/4 5701/1/4
f 5700/1/4 5693/1/4 5701/1/4
f 5698/1/4 5699/1/4 5702/1/4
f 5701/1/4 5689/1/4 5704/1/4
f 5704/1/4 5689/1/4 5705/1/4
f 5702/1/4 5703/1/4 5706/1/4
f 5698/1/4 5702/1/4 5709/1/4
f 5706/1/4 5707/1/4 5709/1/4
f 5702/1/4 5706/1/4 5709/1/4
f 5708/1/4 5709/1/4 5710/1/4
f 5710/1/4 5709/1/4 5711/1/4
f 5711/1/4 5709/1/4 5714/1/4
f 5714/1/4 5709/1/4 5715/1/4
f 5712/1/4 5713/1/4 5717/1/4
f 5717/1/4 5713/1/4 5718/1/4
f 5715/1/4 5709/1/4 5720/1/4
f 5709/1/4 5707/1/4 5721/1/4
f 5720/1/4 5709/1/4 5721/1/4
f 5718/1/4 5719/1/4 5722/1/4
f 5716/1/4 5717/1/4 5722/1/4
f 5717/1/4 5718/1/4 5722/1/4
f 5721/1/4 5707/1/4 5724/1/4
f 5724/1/4 5707/1/4 5725/1/4
f 5722/1/4 5723/1/4 5726/1/4
f 5725/1/4 5707/1/4 5727/1/4
f 5727/1/4 5707/1/4 5728/1/4
f 5722/1/4 5726/1/4 5729/1/4
f 5716/1/4 5722/1/4 5729/1/4
f 5726/1/4 5727/1/4 5729/1/4
f 5729/1/4 5727/1/4 5730/1/4
f 5730/1/4 5727/1/4 5731/1/4
f 5728/1/4 5707/1/4 5732/1/4
f 5732/1/4 5707/1/4 5733/1/4
f 5730/1/4 5731/1/4 5735/1/4
f 5731/1/4 5732/1/4 5735/1/4
f 5735/1/4 5732/1/4 5736/1/4
f 5736/1/4 5732/1/4 5737/1/4
f 5733/1/4 5707/1/4 5739/1/4
f 5739/1/4 5707/1/4 5740/1/4
f 5734/1/4 5735/1/4 5741/1/4
f 5737/1/4 5738/1/4 5743/1/4
f 5736/1/4 5737/1/4 5743/1/4
f 5740/1/4 5707/1/4 5745/1/4
f 5745/1/4 5707/1/4 5746/1/4
f 5743/1/4 5744/1/4 5755/1/4
f 5736/1/4 5743/1/4 5755/1/4
f 5755/1/4 5744/1/4 5756/1/4
f 5747/1/4 5748/1/4 5758/1/4
f 5758/1/4 5748/1/4 5759/1/4
f 5749/1/4 5750/1/4 5761/1/4
f 5751/1/4 5752/1/4 5763/1/4
f 5753/1/4 5754/1/4 5764/1/4
f 5764/1/4 5754/1/4 5765/1/4
f 5741/1/4 5742/1/4 5767/1/4
f 5756/1/4 5744/1/4 5769/1/4
f 5769/1/4 5744/1/4 5770/1/4
f 5770/1/4 5744/1/4 5771/1/4
f 5771/1/4 5744/1/4 5772/1/4
f 5767/1/4 5768/1/4 5774/1/4
f 5772/1/4 5773/1/4 5776/1/4
f 5776/1/4 5773/1/4 5777/1/4
f 5770/1/4 5771/1/4 5778/1/4
f 5778/1/4 5771/1/4 5779/1/4
f 5779/1/4 5771/1/4 5780/1/4
f 5780/1/4 5771/1/4 5781/1/4
f 5765/1/4 5766/1/4 5782/1/4
f 5751/1/4 5763/1/4 5782/1/4
f 5763/1/4 5764/1/4 5782/1/4
f 5764/1/4 5765/1/4 5782/1/4
f 5782/1/4 5766/1/4 5783/1/4
f 5774/1/4 5775/1/4 5784/1/4
f 5779/1/4 5780/1/4 5786/1/4
f 5786/1/4 5780/1/4 5787/1/4
f 5787/1/4 5780/1/4 5788/1/4
f 5788/1/4 5780/1/4 5789/1/4
f 5784/1/4 5785/1/4 5790/1/4
f 5787/1/4 5788/1/4 5792/1/4
f 5792/1/4 5788/1/4 5793/1/4
f 5761/1/4 5762/1/4 5794/1/4
f 5794/1/4 5762/1/4 5795/1/4
f 5734/1/4 5741/1/4 5796/1/4
f 5741/1/4 5767/1/4 5796/1/4
f 5767/1/4 5774/1/4 5796/1/4
f 5790/1/4 5791/1/4 5796/1/4
f 5784/1/4 5790/1/4 5796/1/4
f 5774/1/4 5784/1/4 5796/1/4
f 5796/1/4 5791/1/4 5797/1/4
f 5797/1/4 5791/1/4 5798/1/4
f 5798/1/4 5791/1/4 5799/1/4
f 5799/1/4 5791/1/4 5800/1/4
f 5800/1/4 5791/1/4 5801/1/4
f 5787/1/4 5792/1/4 5802/1/4
f 5802/1/4 5792/1/4 5803/1/4
f 5759/1/4 5760/1/4 5804/1/4
f 5757/1/4 5758/1/4 5804/1/4
f 5758/1/4 5759/1/4 5804/1/4
f 5804/1/4 5760/1/4 5805/1/4
f 5794/2/4 5795/2/4 5806/2/4
f 5761/1/4 5794/1/4 5806/1/4
f 5806/2/4 5795/2/4 5807/2/4
f 5783/1/4 5766/1/4 5809/1/4
f 5797/1/4 5798/1/4 5810/1/4
f 5810/1/4 5798/1/4 5811/1/4
f 5799/1/4 5800/1/4 5812/1/4
f 5812/1/4 5800/1/4 5813/1/4
f 5805/1/4 5760/1/4 5814/1/4
f 5814/1/4 5760/1/4 5815/1/4
f 5815/1/4 5760/1/4 5816/1/4
f 5816/1/4 5760/1/4 5817/1/4
f 5749/1/4 5761/1/4 5818/1/4
f 5761/1/4 5806/1/4 5818/1/4
f 5818/1/4 5806/1/4 5819/1/4
f 5819/1/4 5806/1/4 5820/1/4
f 5820/1/4 5806/1/4 5821/1/4
f 5808/1/4 5809/1/4 5822/1/4
f 5809/1/4 5766/1/4 5823/1/4
f 5822/1/4 5809/1/4 5823/1/4
f 5823/1/4 5766/1/4 5824/1/4
f 5824/1/4 5766/1/4 5825/1/4
f 5805/1/4 5814/1/4 5826/1/4
f 5826/1/4 5814/1/4 5827/1/4
f 5815/1/4 5816/1/4 5828/1/4
f 5828/1/4 5816/1/4 5829/1/4
f 5819/1/4 5820/1/4 5830/1/4
f 5830/1/4 5820/1/4 5831/1/4
f 5823/1/4 5824/1/4 5832/1/4
f 5832/1/4 5824/1/4 5833/1/4
f 5839/1/5 5835/1/5 5834/1/5
f 5840/1/5 5837/1/5 5836/1/5
f 5843/1/5 5839/1/5 5838/1/5
f 5844/1/5 5835/1/5 5839/1/5
f 5844/1/5 5839/1/5 5843/1/5
f 5847/1/5 5841/1/5 5840/1/5
f 5847/1/5 5840/1/5 5836/1/5
f 5848/1/5 5841/1/5 5847/1/5
f 5850/1/5 5845/1/5 5844/1/5
f 5850/1/5 5843/1/5 5842/1/5
f 5850/1/5 5844/1/5 5843/1/5
f 5853/1/5 5849/1/5 5848/1/5
f 5853/1/5 5848/1/5 5847/1/5
f 5853/1/5 5847/1/5 5846/1/5
f 5855/1/5 5851/1/5 5850/1/5
f 5855/1/5 5850/1/5 5842/1/5
f 5856/1/5 5853/1/5 5852/1/5
f 5856/1/5 5849/1/5 5853/1/5
f 5858/1/5 5855/1/5 5854/1/5
f 5858/1/5 5851/1/5 5855/1/5
f 5861/1/5 5857/1/5 5856/1/5
f 5861/1/5 5856/1/5 5852/1/5
f 5862/1/5 5859/1/5 5858/1/5
f 5862/1/5 5858/1/5 5854/1/5
f 5863/1/5 5859/1/5 5862/1/5
f 5864/1/5 5861/1/5 5860/1/5
f 5865/1/5 5857/1/5 5861/1/5
f 5865/1/5 5861/1/5 5864/1/5
f 5866/1/5 5862/1/5 5854/1/5
f 5867/1/5 5862/1/5 5866/1/5
f 5868/1/5 5857/1/5 5865/1/5
f 5869/1/5 5857/1/5 5868/1/5
f 5870/1/5 5862/1/5 5867/1/5
f 5871/1/5 5862/1/5 5870/1/5
f 5872/1/5 5868/1/5 5865/1/5
f 5873/1/5 5868/1/5 5872/1/5
f 5874/1/5 5870/1/5 5867/1/5
f 5875/1/5 5870/1/5 5874/1/5
f 5876/1/5 5870/1/5 5875/1/5
f 5877/1/5 5870/1/5 5876/1/5
f 5878/1/5 5868/1/5 5873/1/5
f 5879/1/5 5868/1/5 5878/1/5
f 5880/1/5 5868/1/5 5879/1/5
f 5881/1/5 5868/1/5 5880/1/5
f 5882/1/5 5876/1/5 5875/1/5
f 5883/1/5 5876/1/5 5882/1/5
f 5884/1/5 5880/1/5 5879/1/5
f 5885/1/5 5880/1/5 5884/1/5
f 5886/1/5 5876/1/5 5883/1/5
f 5887/1/5 5876/1/5 5886/1/5
f 5888/1/5 5884/1/5 5879/1/5
f 5889/1/5 5884/1/5 5888/1/5
f 5898/1/5 5891/1/5 5890/1/5
f 5899/1/5 5891/1/5 5898/1/5
f 5900/1/5 5897/1/5 5896/1/5
f 5901/1/5 5897/1/5 5900/1/5
f 5903/1/5 5898/1/5 5890/1/5
f 5904/1/5 5898/1/5 5903/1/5
f 5905/1/5 5893/1/5 5892/1/5
f 5906/1/5 5893/1/5 5905/1/5
f 5909/1/5 5895/1/5 5894/1/5
f 5910/1/5 5895/1/5 5909/1/5
f 5911/1/5 5897/1/5 5901/1/5
f 5912/1/5 5897/1/5 5911/1/5
f 5914/1/5 5907/1/5 5906/1/5
f 5915/1/5 5907/1/5 5914/1/5
f 5916/1/5 5909/1/5 5908/1/5
f 5917/1/5 5909/1/5 5916/1/5
f 5918/1/5 5903/1/5 5902/1/5
f 5919/1/5 5903/1/5 5918/1/5
f 5924/1/5 5913/1/5 5912/1/5
f 5925/1/5 5913/1/5 5924/1/5
f 5926/1/5 5921/1/5 5920/1/5
f 5927/1/5 5921/1/5 5926/1/5
f 5928/1/5 5923/1/5 5922/1/5
f 5929/1/5 5923/1/5 5928/1/5
f 5936/1/5 5931/1/5 5930/1/5
f 5937/1/5 5931/1/5 5936/1/5
f 5938/1/5 5933/1/5 5932/1/5
f 5939/1/5 5933/1/5 5938/1/5
f 5946/1/5 5935/1/5 5934/1/5
f 5947/1/5 5935/1/5 5946/1/5
f 5950/1/5 5943/1/5 5942/1/5
f 5951/1/5 5943/1/5 5950/1/5
f 5952/1/5 5945/1/5 5944/1/5
f 5953/1/5 5945/1/5 5952/1/5
f 5956/1/5 5941/1/5 5940/1/5
f 5957/1/5 5941/1/5 5956/1/5
f 5958/1/5 5948/1/5 5947/1/5
f 5961/1/5 5956/1/5 5955/1/5
f 5962/1/5 5959/1/5 5958/1/5
f 5962/1/5 5958/1/5 5947/1/5
f 5963/1/5 5959/1/5 5962/1/5
f 5964/1/5 5950/1/5 5949/1/5
f 5965/1/5 5950/1/5 5964/1/5
f 5966/1/5 5954/1/5 5953/1/5
f 5967/1/5 5954/1/5 5966/1/5
f 5968/1/5 5961/1/5 5960/1/5
f 5969/1/5 5956/1/5 5961/1/5
f 5969/1/5 5961/1/5 5968/1/5
f 5974/1/5 5971/1/5 5970/1/5
f 5975/1/5 5971/1/5 5974/1/5
f 5976/1/5 5973/1/5 5972/1/5
f 5977/1/5 5973/1/5 5976/1/5
f 5982/1/5 5979/1/5 5978/1/5
f 5983/1/5 5979/1/5 5982/1/5
f 5984/1/5 5981/1/5 5980/1/5
f 5985/1/5 5981/1/5 5984/1/5
f 5990/1/5 5987/1/5 5986/1/5
f 5991/1/5 5987/1/5 5990/1/5
f 5992/1/5 5989/1/5 5988/1/5
f 5993/1/5 5989/1/5 5992/1/5
f 5998/1/5 5995/1/5 5994/1/5
f 5999/1/5 5995/1/5 5998/1/5
f 6000/1/5 5997/1/5 5996/1/5
f 6001/1/5 5997/1/5 6000/1/5
f 6006/2/5 6003/2/5 6002/2/5
f 6007/2/5 6003/2/5 6006/2/5
f 6008/2/5 6005/2/5 6004/2/5
f 6009/2/5 6005/2/5 6008/2/5
f 6014/1/5 6011/1/5 6010/1/5
f 6015/1/5 6011/1/5 6014/1/5
f 6016/1/5 6013/1/5 6012/1/5
f 6017/1/5 6013/1/5 6016/1/5
f 6018/1/5 6011/1/5 6015/1/5
f 6019/1/5 6011/1/5 6018/1/5
f 6020/1/5 6016/1/5 6012/1/5
f 6021/1/5 6016/1/5 6020/1/5
f 6031/1/5 6023/1/5 6022/1/5
f 6032/1/5 6023/1/5 6031/1/5
f 6033/1/5 6029/1/5 6028/1/5
f 6034/1/5 6029/1/5 6033/1/5
f 6036/1/5 6025/1/5 6024/1/5
f 6037/1/5 6025/1/5 6036/1/5
f 6040/1/5 6027/1/5 6026/1/5
f 6041/1/5 6027/1/5 6040/1/5
f 6042/1/5 6038/1/5 6037/1/5
f 6043/1/5 6038/1/5 6042/1/5
f 6044/1/5 6040/1/5 6039/1/5
f 6045/1/5 6040/1/5 6044/1/5
f 6051/1/5 6047/1/5 6046/1/5
f 6052/1/5 6047/1/5 6051/1/5
f 6053/1/5 6049/1/5 6048/1/5
f 6054/1/5 6049/1/5 6053/1/5
f 6056/1/5 6031/1/5 6030/1/5
f 6057/1/5 6031/1/5 6056/1/5
f 6060/1/5 6035/1/5 6034/1/5
f 6061/1/5 6035/1/5 6060/1/5
f 6062/1/5 6058/1/5 6057/1/5
f 6063/1/5 6058/1/5 6062/1/5
f 6064/1/5 6051/1/5 6050/1/5
f 6065/1/5 6051/1/5 6064/1/5
f 6066/1/5 6055/1/5 6054/1/5
f 6067/1/5 6055/1/5 6066/1/5
f 6068/1/5 6060/1/5 6059/1/5
f 6069/1/5 6060/1/5 6068/1/5
f 6075/1/5 6071/1/5 6070/1/5
f 6076/1/5 6073/1/5 6072/1/5
f 6078/1/5 6075/1/5 6074/1/5
f 6079/1/5 6071/1/5 6075/1/5
f 6079/1/5 6075/1/5 6078/1/5
f 6080/1/5 6077/1/5 6076/1/5
f 6080/1/5 6076/1/5 6072/1/5
f 6081/1/5 6077/1/5 6080/1/5
f 6090/1/5 6083/1/5 6082/1/5
f 6091/1/5 6083/1/5 6090/1/5
f 6092/1/5 6087/1/5 6086/1/5
f 6093/1/5 6087/1/5 6092/1/5
f 6094/1/5 6089/1/5 6088/1/5
f 6095/1/5 6089/1/5 6094/1/5
f 6096/1/5 6085/1/5 6084/1/5
f 6097/1/5 6085/1/5 6096/1/5
f 6106/1/5 6101/1/5 6100/1/5
f 6107/1/5 6101/1/5 6106/1/5
f 6108/1/5 6103/1/5 6102/1/5
f 6109/1/5 6103/1/5 6108/1/5
f 6110/1/5 6099/1/5 6098/1/5
f 6111/1/5 6099/1/5 6110/1/5
f 6112/1/5 6105/1/5 6104/1/5
f 6113/1/5 6105/1/5 6112/1/5
f 6118/1/5 6115/1/5 6114/1/5
f 6119/1/5 6115/1/5 6118/1/5
f 6120/1/5 6117/1/5 6116/1/5
f 6121/1/5 6117/1/5 6120/1/5
f 6126/1/5 6123/1/5 6122/1/5
f 6127/1/5 6123/1/5 6126/1/5
f 6128/1/5 6125/1/5 6124/1/5
f 6129/1/5 6125/1/5 6128/1/5
f 6134/1/5 6131/1/5 6130/1/5
f 6135/1/5 6131/1/5 6134/1/5
f 6136/1/5 6133/1/5 6132/1/5
f 6137/1/5 6133/1/5 6136/1/5
f 6142/1/5 6139/1/5 6138/1/5
f 6143/1/5 6139/1/5 6142/1/5
f 6144/1/5 6141/1/5 6140/1/5
f 6145/1/5 6141/1/5 6144/1/5
f 6150/1/5 6147/1/5 6146/1/5
f 6151/1/5 6147/1/5 6150/1/5
f 6152/1/5 6149/1/5 6148/1/5
f 6153/1/5 6149/1/5 6152/1/5
f 6158/1/5 6155/1/5 6154/1/5
f 6159/1/5 6155/1/5 6158/1/5
f 6160/1/5 6157/1/5 6156/1/5
f 6161/1/5 6157/1/5 6160/1/5
f 6166/1/5 6163/1/5 6162/1/5
f 6167/1/5 6163/1/5 6166/1/5
f 6168/1/5 6165/1/5 6164/1/5
f 6169/1/5 6165/1/5 6168/1/5
f 6174/1/5 6171/1/5 6170/1/5
f 6175/1/5 6171/1/5 6174/1/5
f 6176/1/5 6173/1/5 6172/1/5
f 6177/1/5 6173/1/5 6176/1/5
f 6186/1/5 6179/1/5 6178/1/5
f 6187/1/5 6179/1/5 6186/1/5
f 6189/1/5 6181/1/5 6180/1/5
f 6190/1/5 6181/1/5 6189/1/5
f 6191/1/5 6183/1/5 6182/1/5
f 6192/1/5 6183/1/5 6191/1/5
f 6194/1/5 6185/1/5 6184/1/5
f 6195/1/5 6185/1/5 6194/1/5
f 6196/1/5 6188/1/5 6187/1/5
f 6197/1/5 6188/1/5 6196/1/5
f 6198/1/5 6188/1/5 6197/1/5
f 6199/1/5 6181/1/5 6190/1/5
f 6203/1/5 6193/1/5 6192/1/5
f 6204/1/5 6193/1/5 6203/1/5
f 6205/1/5 6193/1/5 6204/1/5
f 6206/1/5 6199/1/5 6190/1/5
f 6206/1/5 6200/1/5 6199/1/5
f 6207/1/5 6200/1/5 6206/1/5
f 6208/1/5 6200/1/5 6207/1/5
f 6211/1/5 6202/1/5 6201/1/5
f 6212/1/5 6202/1/5 6211/1/5
f 6216/1/5 6209/1/5 6208/1/5
f 6216/1/5 6208/1/5 6207/1/5
f 6217/1/5 6209/1/5 6216/1/5
f 6218/1/5 6209/1/5 6217/1/5
f 6219/1/5 6211/1/5 6210/1/5
f 6220/1/5 6211/1/5 6219/1/5
f 6222/1/5 6214/1/5 6213/1/5
f 6223/1/5 6214/1/5 6222/1/5
f 6227/1/5 6216/1/5 6215/1/5
f 6227/1/5 6217/1/5 6216/1/5
f 6228/1/5 6217/1/5 6227/1/5
f 6229/1/5 6221/1/5 6220/1/5
f 6230/1/5 6221/1/5 6229/1/5
f 6235/1/5 6226/1/5 6225/1/5
f 6235/1/5 6225/1/5 6224/1/5
f 6236/1/5 6226/1/5 6235/1/5
f 6238/1/5 6227/1/5 6215/1/5
f 6240/1/5 6233/1/5 6232/1/5
f 6240/1/5 6232/1/5 6231/1/5
f 6241/1/5 6233/1/5 6240/1/5
f 6244/1/5 6235/1/5 6234/1/5
f 6245/1/5 6235/1/5 6244/1/5
f 6246/1/5 6238/1/5 6237/1/5
f 6247/1/5 6227/1/5 6238/1/5
f 6247/1/5 6238/1/5 6246/1/5
f 6248/1/5 6240/1/5 6239/1/5
f 6249/1/5 6240/1/5 6248/1/5
f 6250/1/5 6243/1/5 6242/1/5
f 6251/1/5 6243/1/5 6250/1/5
f 6260/1/5 6253/1/5 6252/1/5
f 6261/1/5 6253/1/5 6260/1/5
f 6262/1/5 6255/1/5 6254/1/5
f 6263/1/5 6255/1/5 6262/1/5
f 6264/1/5 6257/1/5 6256/1/5
f 6265/1/5 6257/1/5 6264/1/5
f 6266/1/5 6259/1/5 6258/1/5
f 6267/1/5 6259/1/5 6266/1/5
f 6272/1/5 6269/1/5 6268/1/5
f 6273/1/5 6269/1/5 6272/1/5
f 6274/1/5 6271/1/5 6270/1/5
f 6275/1/5 6271/1/5 6274/1/5
f 6280/1/5 6277/1/5 6276/1/5
f 6281/1/5 6277/1/5 6280/1/5
f 6282/1/5 6279/1/5 6278/1/5
f 6283/1/5 6279/1/5 6282/1/5
f 6292/1/5 6285/1/5 6284/1/5
f 6293/1/5 6285/1/5 6292/1/5
f 6294/1/5 6287/1/5 6286/1/5
f 6295/1/5 6287/1/5 6294/1/5
f 6296/1/5 6289/1/5 6288/1/5
f 6297/1/5 6289/1/5 6296/1/5
f 6298/1/5 6291/1/5 6290/1/5
f 6299/1/5 6291/1/5 6298/1/5
f 6304/1/5 6301/1/5 6300/1/5
f 6305/1/5 6301/1/5 6304/1/5
f 6306/1/5 6303/1/5 6302/1/5
f 6307/1/5 6303/1/5 6306/1/5
f 6312/1/5 6309/1/5 6308/1/5
f 6313/1/5 6309/1/5 6312/1/5
f 6314/1/5 6311/1/5 6310/1/5
f 6315/1/5 6311/1/5 6314/1/5
f 6320/1/5 6317/1/5 6316/1/5
f 6321/1/5 6317/1/5 6320/1/5
f 6322/1/5 6319/1/5 6318/1/5
f 6323/1/5 6319/1/5 6322/1/5
f 6328/1/5 6325/1/5 6324/1/5
f 6329/1/5 6325/1/5 6328/1/5
f 6330/1/5 6327/1/5 6326/1/5
f 6331/1/5 6327/1/5 6330/1/5
f 6336/1/5 6333/1/5 6332/1/5
f 6337/1/5 6333/1/5 6336/1/5
f 6338/1/5 6335/1/5 6334/1/5
f 6339/1/5 6335/1/5 6338/1/5
f 6344/1/5 6341/1/5 6340/1/5
f 6345/1/5 6341/1/5 6344/1/5
f 6346/1/5 6343/1/5 6342/1/5
f 6347/1/5 6343/1/5 6346/1/5
f 6352/1/5 6349/1/5 6348/1/5
f 6353/1/5 6349/1/5 6352/1/5
f 6354/1/5 6351/1/5 6350/1/5
f 6355/1/5 6351/1/5 6354/1/5
f 6360/1/5 6357/1/5 6356/1/5
f 6361/1/5 6357/1/5 6360/1/5
f 6362/1/5 6359/1/5 6358/1/5
f 6363/1/5 6359/1/5 6362/1/5
f 6368/2/5 6365/2/5 6364/2/5
f 6369/2/5 6365/2/5 6368/2/5
f 6370/2/5 6365/2/5 6369/2/5
f 6373/2/5 6367/2/5 6366/2/5
f 6374/2/5 6367/2/5 6373/2/5
f 6375/2/5 6367/2/5 6374/2/5
f 6376/2/5 6367/2/5 6375/2/5
f 6377/1/5 6371/1/5 6370/1/5
f 6377/1/5 6370/1/5 6369/1/5
f 6378/1/5 6371/1/5 6377/1/5
f 6379/3/5 6375/3/5 6374/3/5
f 6379/1/5 6374/1/5 6373/1/5
f 6379/1/5 6373/1/5 6372/1/5
f 6380/3/5 6375/3/5 6379/3/5
f 6381/1/5 6371/1/5 6378/1/5
f 6382/1/5 6371/1/5 6381/1/5
f 6383/1/5 6379/1/5 6372/1/5
f 6384/1/5 6379/1/5 6383/1/5
f 6385/1/5 6371/1/5 6382/1/5
f 6388/1/5 6383/1/5 6372/1/5
f 6389/1/5 6386/1/5 6385/1/5
f 6389/1/5 6385/1/5 6382/1/5
f 6390/1/5 6386/1/5 6389/1/5
f 6391/1/5 6388/1/5 6387/1/5
f 6392/1/5 6383/1/5 6388/1/5
f 6392/1/5 6388/1/5 6391/1/5
f 6394/1/5 6389/1/5 6382/1/5
f 6395/1/5 6383/1/5 6392/1/5
f 6398/1/5 6394/1/5 6393/1/5
f 6399/1/5 6396/1/5 6395/1/5
f 6402/3/5 6398/3/5 6397/3/5
f 6403/1/5 6394/1/5 6398/1/5
f 6403/3/5 6398/3/5 6402/3/5
f 6404/1/5 6389/1/5 6394/1/5
f 6404/1/5 6394/1/5 6403/1/5
f 6405/1/5 6389/1/5 6404/1/5
f 6406/1/5 6399/1/5 6395/1/5
f 6406/1/5 6395/1/5 6392/1/5
f 6407/1/5 6399/1/5 6406/1/5
f 6408/3/5 6400/3/5 6399/3/5
f 6408/1/5 6399/1/5 6407/1/5
f 6409/3/5 6400/3/5 6408/3/5
f 6411/2/5 6403/2/5 6402/2/5
f 6411/2/5 6404/2/5 6403/2/5
f 6411/2/5 6402/2/5 6401/2/5
f 6412/2/5 6404/2/5 6411/2/5
f 6413/2/5 6409/2/5 6408/2/5
f 6413/2/5 6410/2/5 6409/2/5
f 6413/2/5 6408/2/5 6407/2/5
f 6414/2/5 6410/2/5 6413/2/5
f 6419/1/5 6416/1/5 6415/1/5
f 6420/1/5 6416/1/5 6419/1/5
f 6421/1/5 6418/1/5 6417/1/5
f 6422/1/5 6418/1/5 6421/1/5
f 6431/1/5 6424/1/5 6423/1/5
f 6432/1/5 6424/1/5 6431/1/5
f 6433/1/5 6428/1/5 6427/1/5
f 6434/1/5 6428/1/5 6433/1/5
f 6435/1/5 6430/1/5 6429/1/5
f 6436/1/5 6430/1/5 6435/1/5
f 6437/1/5 6426/1/5 6425/1/5
f 6438/1/5 6426/1/5 6437/1/5
f 6447/1/5 6442/1/5 6441/1/5
f 6448/1/5 6442/1/5 6447/1/5
f 6449/1/5 6444/1/5 6443/1/5
f 6450/1/5 6444/1/5 6449/1/5
f 6451/1/5 6440/1/5 6439/1/5
f 6452/1/5 6440/1/5 6451/1/5
f 6453/1/5 6446/1/5 6445/1/5
f 6454/1/5 6446/1/5 6453/1/5
f 6459/1/5 6456/1/5 6455/1/5
f 6460/1/5 6456/1/5 6459/1/5
f 6461/1/5 6458/1/5 6457/1/5
f 6462/1/5 6458/1/5 6461/1/5
f 6468/1/5 6464/1/5 6463/1/5
f 6469/1/5 6464/1/5 6468/1/5
f 6470/1/5 6466/1/5 6465/1/5
f 6471/1/5 6466/1/5 6470/1/5
f 6473/1/5 6468/1/5 6467/1/5
f 6474/1/5 6468/1/5 6473/1/5
f 6475/1/5 6472/1/5 6471/1/5
f 6476/1/5 6472/1/5 6475/1/5
f 6481/1/5 6478/1/5 6477/1/5
f 6482/1/5 6478/1/5 6481/1/5
f 6485/1/5 6480/1/5 6479/1/5
f 6486/1/5 6480/1/5 6485/1/5
f 6487/1/5 6483/1/5 6482/1/5
f 6488/1/5 6483/1/5 6487/1/5
f 6489/1/5 6485/1/5 6484/1/5
f 6490/1/5 6485/1/5 6489/1/5
f 6495/1/5 6492/1/5 6491/1/5
f 6496/1/5 6492/1/5 6495/1/5
f 6501/1/5 6494/1/5 6493/1/5
f 6502/1/5 6494/1/5 6501/1/5
f 6503/2/5 6498/2/5 6497/2/5
f 6504/2/5 6498/2/5 6503/2/5
f 6505/2/5 6500/2/5 6499/2/5
f 6506/2/5 6500/2/5 6505/2/5
f 6507/2/5 6498/2/5 6504/2/5
f 6508/2/5 6498/2/5 6507/2/5
f 6509/2/5 6505/2/5 6499/2/5
f 6510/2/5 6505/2/5 6509/2/5
f 6515/1/5 6512/1/5 6511/1/5
f 6516/1/5 6512/1/5 6515/1/5
f 6517/1/5 6514/1/5 6513/1/5
f 6518/1/5 6514/1/5 6517/1/5
f 6520/1/5 6512/1/5 6516/1/5
f 6521/1/5 6517/1/5 6513/1/5
f 6523/1/5 6520/1/5 6519/1/5
f 6524/1/5 6512/1/5 6520/1/5
f 6524/1/5 6520/1/5 6523/1/5
f 6525/1/5 6522/1/5 6521/1/5
f 6525/1/5 6521/1/5 6513/1/5
f 6526/1/5 6522/1/5 6525/1/5
f 6532/2/5 6528/2/5 6527/2/5
f 6533/2/5 6530/2/5 6529/2/5
f 6537/2/5 6532/2/5 6531/2/5
f 6538/2/5 6528/2/5 6532/2/5
f 6538/2/5 6532/2/5 6537/2/5
f 6539/2/5 6533/2/5 6529/2/5
f 6539/2/5 6534/2/5 6533/2/5
f 6540/2/5 6534/2/5 6539/2/5
f 6543/1/5 6536/1/5 6535/1/5
f 6544/1/5 6536/1/5 6543/1/5
f 6545/1/5 6542/1/5 6541/1/5
f 6546/1/5 6542/1/5 6545/1/5
f 6553/1/5 6548/1/5 6547/1/5
f 6553/1/5 6549/1/5 6548/1/5
f 6554/1/5 6549/1/5 6553/1/5
f 6555/1/5 6552/1/5 6551/1/5
f 6555/1/5 6551/1/5 6550/1/5
f 6556/1/5 6552/1/5 6555/1/5
f 6561/1/5 6558/1/5 6557/1/5
f 6562/1/5 6558/1/5 6561/1/5
f 6563/1/5 6558/1/5 6562/1/5
f 6564/1/5 6560/1/5 6559/1/5
f 6565/1/5 6560/1/5 6564/1/5
f 6566/1/5 6560/1/5 6565/1/5
f 6573/1/5 6568/1/5 6567/1/5
f 6574/1/5 6568/1/5 6573/1/5
f 6575/1/5 6568/1/5 6574/1/5
f 6576/1/5 6568/1/5 6575/1/5
f 6577/1/5 6570/1/5 6569/1/5
f 6578/1/5 6570/1/5 6577/1/5
f 6579/1/5 6570/1/5 6578/1/5
f 6580/1/5 6570/1/5 6579/1/5
f 6583/1/5 6572/1/5 6571/1/5
f 6584/1/5 6572/1/5 6583/1/5
f 6585/1/5 6582/1/5 6581/1/5
f 6586/1/5 6582/1/5 6585/1/5
f 6587/1/5 6575/1/5 6574/1/5
f 6588/1/5 6575/1/5 6587/1/5
f 6589/1/5 6579/1/5 6578/1/5
f 6590/1/5 6579/1/5 6589/1/5
f 6595/1/5 6592/1/5 6591/1/5
f 6596/1/5 6592/1/5 6595/1/5
f 6597/1/5 6594/1/5 6593/1/5
f 6598/1/5 6594/1/5 6597/1/5
f 6607/1/5 6604/1/5 6603/1/5
f 6608/1/5 6604/1/5 6607/1/5
f 6610/1/5 6600/1/5 6599/1/5
f 6611/1/5 6600/1/5 6610/1/5
f 6614/1/5 6602/1/5 6601/1/5
f 6615/1/5 6602/1/5 6614/1/5
f 6617/1/5 6606/1/5 6605/1/5
f 6618/1/5 6606/1/5 6617/1/5
f 6619/1/5 6612/1/5 6611/1/5
f 6619/1/5 6610/1/5 6609/1/5
f 6619/1/5 6611/1/5 6610/1/5
f 6620/1/5 6612/1/5 6619/1/5
f 6621/1/5 6616/1/5 6615/1/5
f 6621/1/5 6615/1/5 6614/1/5
f 6621/1/5 6614/1/5 6613/1/5
f 6622/1/5 6616/1/5 6621/1/5
f 6627/1/5 6624/1/5 6623/1/5
f 6628/1/5 6624/1/5 6627/1/5
f 6629/1/5 6626/1/5 6625/1/5
f 6630/1/5 6626/1/5 6629/1/5
f 6635/1/5 6632/1/5 6631/1/5
f 6636/1/5 6632/1/5 6635/1/5
f 6639/1/5 6634/1/5 6633/1/5
f 6640/1/5 6634/1/5 6639/1/5
f 6642/3/5 6637/3/5 6636/3/5
f 6643/3/5 6637/3/5 6642/3/5
f 6644/3/5 6639/3/5 6638/3/5
f 6645/3/5 6639/3/5 6644/3/5
f 6647/1/5 6642/1/5 6641/1/5
f 6648/1/5 6642/1/5 6647/1/5
f 6649/1/5 6646/1/5 6645/1/5
f 6650/1/5 6646/1/5 6649/1/5
f 6655/1/5 6652/1/5 6651/1/5
f 6656/1/5 6652/1/5 6655/1/5
f 6657/1/5 6654/1/5 6653/1/5
f 6658/1/5 6654/1/5 6657/1/5
f 6664/1/5 6660/1/5 6659/1/5
f 6665/1/5 6660/1/5 6664/1/5
f 6666/1/5 6662/1/5 6661/1/5
f 6667/1/5 6662/1/5 6666/1/5
f 6669/1/5 6664/1/5 6663/1/5
f 6670/1/5 6664/1/5 6669/1/5
f 6671/1/5 6668/1/5 6667/1/5
f 6672/1/5 6668/1/5 6671/1/5
f 6677/3/5 6674/3/5 6673/3/5
f 6678/3/5 6674/3/5 6677/3/5
f 6679/3/5 6676/3/5 6675/3/5
f 6680/3/5 6676/3/5 6679/3/5
f 6685/3/5 6682/3/5 6681/3/5
f 6686/3/5 6682/3/5 6685/3/5
f 6687/3/5 6684/3/5 6683/3/5
f 6688/3/5 6684/3/5 6687/3/5
f 6693/3/5 6690/3/5 6689/3/5
f 6694/3/5 6690/3/5 6693/3/5
f 6695/3/5 6692/3/5 6691/3/5
f 6696/3/5 6692/3/5 6695/3/5
f 6701/1/5 6698/1/5 6697/1/5
f 6702/1/5 6698/1/5 6701/1/5
f 6705/1/5 6700/1/5 6699/1/5
f 6706/1/5 6700/1/5 6705/1/5
f 6707/1/5 6703/1/5 6702/1/5
f 6708/1/5 6703/1/5 6707/1/5
f 6709/1/5 6705/1/5 6704/1/5
f 6710/1/5 6705/1/5 6709/1/5
f 6715/1/5 6712/1/5 6711/1/5
f 6716/1/5 6712/1/5 6715/1/5
f 6721/1/5 6714/1/5 6713/1/5
f 6722/1/5 6714/1/5 6721/1/5
f 6724/1/5 6718/1/5 6717/1/5
f 6725/1/5 6718/1/5 6724/1/5
f 6728/1/5 6720/1/5 6719/1/5
f 6729/1/5 6720/1/5 6728/1/5
f 6731/1/5 6724/1/5 6723/1/5
f 6731/1/5 6725/1/5 6724/1/5
f 6732/3/5 6726/3/5 6725/3/5
f 6732/1/5 6725/1/5 6731/1/5
f 6733/3/5 6726/3/5 6732/3/5
f 6734/3/5 6728/3/5 6727/3/5
f 6735/1/5 6730/1/5 6729/1/5
f 6735/3/5 6728/3/5 6734/3/5
f 6735/1/5 6729/1/5 6728/1/5
f 6736/1/5 6730/1/5 6735/1/5
f 6737/3/5 6732/3/5 6731/3/5
f 6738/3/5 6732/3/5 6737/3/5
f 6739/3/5 6736/3/5 6735/3/5
f 6740/3/5 6736/3/5 6739/3/5
f 6741/3/5 6732/3/5 6738/3/5
f 6742/3/5 6732/3/5 6741/3/5
f 6745/3/5 6739/3/5 6735/3/5
f 6746/3/5 6739/3/5 6745/3/5
f 6747/3/5 6743/3/5 6742/3/5
f 6748/3/5 6743/3/5 6747/3/5
f 6749/3/5 6745/3/5 6744/3/5
f 6750/3/5 6745/3/5 6749/3/5
f 6756/3/5 6752/3/5 6751/3/5
f 6757/3/5 6752/3/5 6756/3/5
f 6758/3/5 6754/3/5 6753/3/5
f 6759/3/5 6754/3/5 6758/3/5
f 6762/3/5 6756/3/5 6755/3/5
f 6763/3/5 6760/3/5 6759/3/5
f 6765/3/5 6762/3/5 6761/3/5
f 6766/3/5 6756/3/5 6762/3/5
f 6766/3/5 6762/3/5 6765/3/5
f 6769/3/5 6763/3/5 6759/3/5
f 6769/3/5 6764/3/5 6763/3/5
f 6770/3/5 6764/3/5 6769/3/5
f 6771/1/5 6766/1/5 6765/1/5
f 6772/1/5 6766/1/5 6771/1/5
f 6773/3/5 6767/3/5 6766/3/5
f 6773/1/5 6766/1/5 6772/1/5
f 6774/3/5 6767/3/5 6773/3/5
f 6775/3/5 6769/3/5 6768/3/5
f 6776/1/5 6770/1/5 6769/1/5
f 6776/3/5 6769/3/5 6775/3/5
f 6777/1/5 6770/1/5 6776/1/5
f 6778/1/5 6770/1/5 6777/1/5
f 6781/1/5 6773/1/5 6772/1/5
f 6782/1/5 6773/1/5 6781/1/5
f 6783/1/5 6777/1/5 6776/1/5
f 6784/1/5 6777/1/5 6783/1/5
f 6787/1/5 6780/1/5 6779/1/5
f 6788/1/5 6780/1/5 6787/1/5
f 6789/1/5 6786/1/5 6785/1/5
f 6790/1/5 6786/1/5 6789/1/5
f 6799/1/5 6792/1/5 6791/1/5
f 6800/1/5 6792/1/5 6799/1/5
f 6801/1/5 6794/1/5 6793/1/5
f 6802/1/5 6794/1/5 6801/1/5
f 6803/1/5 6796/1/5 6795/1/5
f 6804/1/5 6796/1/5 6803/1/5
f 6805/1/5 6798/1/5 6797/1/5
f 6806/1/5 6798/1/5 6805/1/5
f 6811/3/5 6808/3/5 6807/3/5
f 6812/3/5 6808/3/5 6811/3/5
f 6815/3/5 6810/3/5 6809/3/5
f 6816/3/5 6810/3/5 6815/3/5
f 6818/2/5 6813/2/5 6812/2/5
f 6819/2/5 6813/2/5 6818/2/5
f 6820/2/5 6815/2/5 6814/2/5
f 6821/2/5 6815/2/5 6820/2/5
f 6823/3/5 6818/3/5 6817/3/5
f 6824/3/5 6818/3/5 6823/3/5
f 6825/3/5 6822/3/5 6821/3/5
f 6826/3/5 6822/3/5 6825/3/5
f 6835/1/5 6828/1/5 6827/1/5
f 6836/1/5 6828/1/5 6835/1/5
f 6837/1/5 6830/1/5 6829/1/5
f 6838/1/5 6830/1/5 6837/1/5
f 6839/1/5 6832/1/5 6831/1/5
f 6840/1/5 6832/1/5 6839/1/5
f 6841/1/5 6834/1/5 6833/1/5
f 6842/1/5 6834/1/5 6841/1/5
f 6847/1/5 6844/1/5 6843/1/5
f 6848/1/5 6844/1/5 6847/1/5
f 6849/1/5 6846/1/5 6845/1/5
f 6850/1/5 6846/1/5 6849/1/5
f 6855/3/5 6852/3/5 6851/3/5
f 6856/3/5 6852/3/5 6855/3/5
f 6861/3/5 6854/3/5 6853/3/5
f 6862/3/5 6854/3/5 6861/3/5
f 6863/2/5 6858/2/5 6857/2/5
f 6864/2/5 6860/2/5 6859/2/5
f 6865/2/5 6858/2/5 6863/2/5
f 6866/2/5 6864/2/5 6859/2/5
f 6869/2/5 6858/2/5 6865/2/5
f 6870/2/5 6858/2/5 6869/2/5
f 6871/2/5 6866/2/5 6859/2/5
f 6872/2/5 6866/2/5 6871/2/5
f 6875/3/5 6868/3/5 6867/3/5
f 6876/3/5 6868/3/5 6875/3/5
f 6877/3/5 6874/3/5 6873/3/5
f 6878/3/5 6874/3/5 6877/3/5
f 6883/1/5 6880/1/5 6879/1/5
f 6884/1/5 6880/1/5 6883/1/5
f 6885/1/5 6882/1/5 6881/1/5
f 6886/1/5 6882/1/5 6885/1/5
f 6891/1/5 6888/1/5 6887/1/5
f 6892/1/5 6888/1/5 6891/1/5
f 6893/1/5 6890/1/5 6889/1/5
f 6894/1/5 6890/1/5 6893/1/5
f 6899/3/5 6896/3/5 6895/3/5
f 6900/3/5 6896/3/5 6899/3/5
f 6901/3/5 6898/3/5 6897/3/5
f 6902/3/5 6898/3/5 6901/3/5
f 6903/2/5 6900/2/5 6899/2/5
f 6904/2/5 6900/2/5 6903/2/5
f 6905/2/5 6902/2/5 6901/2/5
f 6906/2/5 6902/2/5 6905/2/5
f 6907/3/5 6904/3/5 6903/3/5
f 6908/3/5 6904/3/5 6907/3/5
f 6909/3/5 6906/3/5 6905/3/5
f 6910/3/5 6906/3/5 6909/3/5
f 6915/1/5 6912/1/5 6911/1/5
f 6916/1/5 6912/1/5 6915/1/5
f 6917/1/5 6914/1/5 6913/1/5
f 6918/1/5 6914/1/5 6917/1/5
f 6928/1/5 6920/1/5 6919/1/5
f 6929/1/5 6920/1/5 6928/1/5
f 6930/1/5 6922/1/5 6921/1/5
f 6931/1/5 6922/1/5 6930/1/5
f 6932/1/5 6924/1/5 6923/1/5
f 6933/1/5 6924/1/5 6932/1/5
f 6934/1/5 6926/1/5 6925/1/5
f 6935/1/5 6926/1/5 6934/1/5
f 6938/3/5 6931/3/5 6930/3/5
f 6939/3/5 6931/3/5 6938/3/5
f 6942/3/5 6933/3/5 6932/3/5
f 6943/3/5 6933/3/5 6942/3/5
f 6945/1/5 6928/1/5 6927/1/5
f 6946/1/5 6928/1/5 6945/1/5
f 6947/2/5 6938/2/5 6937/2/5
f 6948/3/5 6940/3/5 6939/3/5
f 6948/2/5 6938/2/5 6947/2/5
f 6948/3/5 6939/3/5 6938/3/5
f 6949/3/5 6940/3/5 6948/3/5
f 6950/3/5 6942/3/5 6941/3/5
f 6950/3/5 6943/3/5 6942/3/5
f 6951/2/5 6944/2/5 6943/2/5
f 6951/3/5 6943/3/5 6950/3/5
f 6952/2/5 6944/2/5 6951/2/5
f 6953/1/5 6936/1/5 6935/1/5
f 6954/1/5 6936/1/5 6953/1/5
f 6955/2/5 6948/2/5 6947/2/5
f 6956/2/5 6948/2/5 6955/2/5
f 6957/3/5 6940/3/5 6949/3/5
f 6958/3/5 6940/3/5 6957/3/5
f 6959/3/5 6940/3/5 6958/3/5
f 6962/3/5 6950/3/5 6941/3/5
f 6963/3/5 6950/3/5 6962/3/5
f 6964/3/5 6950/3/5 6963/3/5
f 6965/2/5 6952/2/5 6951/2/5
f 6966/2/5 6952/2/5 6965/2/5
f 6967/2/5 6957/2/5 6956/2/5
f 6968/2/5 6957/2/5 6967/2/5
f 6969/2/5 6965/2/5 6964/2/5
f 6970/2/5 6965/2/5 6969/2/5
f 6971/3/5 6960/3/5 6959/3/5
f 6972/3/5 6962/3/5 6961/3/5
f 6973/3/5 6960/3/5 6971/3/5
f 6974/3/5 6972/3/5 6961/3/5
f 6980/2/5 6976/2/5 6975/2/5
f 6981/2/5 6976/2/5 6980/2/5
f 6983/3/5 6960/3/5 6973/3/5
f 6984/3/5 6960/3/5 6983/3/5
f 6985/3/5 6974/3/5 6961/3/5
f 6986/3/5 6974/3/5 6985/3/5
f 6988/2/5 6978/2/5 6977/2/5
f 6989/2/5 6978/2/5 6988/2/5
f 6993/2/5 6980/2/5 6979/2/5
f 6994/2/5 6980/2/5 6993/2/5
f 6995/3/5 6982/3/5 6981/3/5
f 6995/3/5 6983/3/5 6982/3/5
f 6996/3/5 6987/3/5 6986/3/5
f 6996/3/5 6988/3/5 6987/3/5
f 6997/2/5 6990/2/5 6989/2/5
f 6998/2/5 6990/2/5 6997/2/5
f 7001/2/5 6994/2/5 6993/2/5
f 7002/3/5 6995/3/5 6994/3/5
f 7002/2/5 6994/2/5 7001/2/5
f 7003/3/5 6983/3/5 6995/3/5
f 7003/3/5 6995/3/5 7002/3/5
f 7004/3/5 6983/3/5 7003/3/5
f 7005/3/5 6996/3/5 6986/3/5
f 7005/3/5 6997/3/5 6996/3/5
f 7006/3/5 6997/3/5 7005/3/5
f 7007/2/5 6998/2/5 6997/2/5
f 7007/3/5 6997/3/5 7006/3/5
f 7008/2/5 6998/2/5 7007/2/5
f 7009/1/5 6992/1/5 6991/1/5
f 7010/1/5 6992/1/5 7009/1/5
f 7012/3/5 7003/3/5 7002/3/5
f 7013/3/5 7003/3/5 7012/3/5
f 7014/3/5 7007/3/5 7006/3/5
f 7015/3/5 7007/3/5 7014/3/5
f 7017/1/5 7000/1/5 6999/1/5
f 7018/1/5 7000/1/5 7017/1/5
f 7019/1/5 7011/1/5 7010/1/5
f 7020/1/5 7011/1/5 7019/1/5
f 7021/1/5 7013/1/5 7012/1/5
f 7022/1/5 7013/1/5 7021/1/5
f 7023/1/5 7015/1/5 7014/1/5
f 7024/1/5 7015/1/5 7023/1/5
f 7025/1/5 7017/1/5 7016/1/5
f 7026/1/5 7017/1/5 7025/1/5
f 7031/1/5 7028/1/5 7027/1/5
f 7032/1/5 7028/1/5 7031/1/5
f 7033/1/5 7030/1/5 7029/1/5
f 7034/1/5 7030/1/5 7033/1/5
f 7037/1/5 7032/1/5 7031/1/5
f 7038/1/5 7032/1/5 7037/1/5
f 7039/1/5 7034/1/5 7033/1/5
f 7040/1/5 7034/1/5 7039/1/5
f 7043/1/5 7036/1/5 7035/1/5
f 7050/1/5 7042/1/5 7041/1/5
f 7051/1/5 7043/1/5 7035/1/5
f 7051/1/5 7044/1/5 7043/1/5
f 7052/1/5 7044/1/5 7051/1/5
f 7053/2/5 7046/2/5 7045/2/5
f 7054/2/5 7046/2/5 7053/2/5
f 7059/2/5 7048/2/5 7047/2/5
f 7060/2/5 7048/2/5 7059/2/5
f 7061/1/5 7050/1/5 7049/1/5
f 7062/1/5 7042/1/5 7050/1/5
f 7062/1/5 7050/1/5 7061/1/5
f 7063/1/5 7051/1/5 7035/1/5
f 7064/1/5 7051/1/5 7063/1/5
f 7065/3/5 7056/3/5 7055/3/5
f 7068/3/5 7058/3/5 7057/3/5
f 7069/1/5 7042/1/5 7062/1/5
f 7070/1/5 7042/1/5 7069/1/5
f 7073/3/5 7066/3/5 7065/3/5
f 7073/3/5 7065/3/5 7055/3/5
f 7074/3/5 7066/3/5 7073/3/5
f 7075/3/5 7068/3/5 7067/3/5
f 7076/3/5 7058/3/5 7068/3/5
f 7076/3/5 7068/3/5 7075/3/5
f 7079/1/5 7072/1/5 7071/1/5
f 7083/3/5 7073/3/5 7055/3/5
f 7084/3/5 7073/3/5 7083/3/5
f 7085/3/5 7058/3/5 7076/3/5
f 7086/3/5 7058/3/5 7085/3/5
f 7090/1/5 7078/1/5 7077/1/5
f 7091/1/5 7079/1/5 7071/1/5
f 7091/1/5 7080/1/5 7079/1/5
f 7092/1/5 7080/1/5 7091/1/5
f 7093/2/5 7082/2/5 7081/2/5
f 7094/2/5 7082/2/5 7093/2/5
f 7095/2/5 7088/2/5 7087/2/5
f 7096/2/5 7088/2/5 7095/2/5
f 7097/1/5 7090/1/5 7089/1/5
f 7098/1/5 7078/1/5 7090/1/5
f 7098/1/5 7090/1/5 7097/1/5
f 7099/1/5 7091/1/5 7071/1/5
f 7100/1/5 7091/1/5 7099/1/5
f 7105/1/5 7078/1/5 7098/1/5
f 7106/1/5 7078/1/5 7105/1/5
f 7107/1/5 7102/1/5 7101/1/5
f 7108/1/5 7102/1/5 7107/1/5
f 7109/1/5 7104/1/5 7103/1/5
f 7110/1/5 7104/1/5 7109/1/5
f 7111/1/5 7108/1/5 7107/1/5
f 7112/1/5 7108/1/5 7111/1/5
f 7113/1/5 7110/1/5 7109/1/5
f 7114/1/5 7110/1/5 7113/1/5
f 7119/1/5 7116/1/5 7115/1/5
f 7120/1/5 7116/1/5 7119/1/5
f 7121/1/5 7118/1/5 7117/1/5
f 7122/1/5 7118/1/5 7121/1/5
f 7127/3/5 7124/3/5 7123/3/5
f 7128/3/5 7124/3/5 7127/3/5
f 7129/3/5 7126/3/5 7125/3/5
f 7130/3/5 7126/3/5 7129/3/5
f 7133/2/5 7129/2/5 7128/2/5
f 7134/2/5 7129/2/5 7133/2/5
f 7135/2/5 7129/2/5 7134/2/5
f 7136/2/5 7129/2/5 7135/2/5
f 7139/1/5 7132/1/5 7131/1/5
f 7140/1/5 7132/1/5 7139/1/5
f 7142/2/5 7135/2/5 7134/2/5
f 7143/2/5 7135/2/5 7142/2/5
f 7145/1/5 7138/1/5 7137/1/5
f 7146/1/5 7138/1/5 7145/1/5
f 7148/2/5 7144/2/5 7143/2/5
f 7148/2/5 7142/2/5 7141/2/5
f 7148/2/5 7143/2/5 7142/2/5
f 7149/2/5 7144/2/5 7148/2/5
f 7151/3/5 7148/3/5 7147/3/5
f 7152/3/5 7148/3/5 7151/3/5
f 7153/3/5 7150/3/5 7149/3/5
f 7154/3/5 7150/3/5 7153/3/5
f 7159/1/5 7156/1/5 7155/1/5
f 7160/1/5 7156/1/5 7159/1/5
f 7161/1/5 7158/1/5 7157/1/5
f 7162/1/5 7158/1/5 7161/1/5
f 7175/1/5 7164/1/5 7163/1/5
f 7176/1/5 7164/1/5 7175/1/5
f 7177/1/5 7166/1/5 7165/1/5
f 7178/1/5 7166/1/5 7177/1/5
f 7179/1/5 7172/1/5 7171/1/5
f 7180/1/5 7172/1/5 7179/1/5
f 7181/1/5 7174/1/5 7173/1/5
f 7182/1/5 7174/1/5 7181/1/5
f 7183/1/5 7168/1/5 7167/1/5
f 7184/1/5 7168/1/5 7183/1/5
f 7185/1/5 7170/1/5 7169/1/5
f 7186/1/5 7170/1/5 7185/1/5
f 7187/2/5 7185/2/5 7184/2/5
f 7188/2/5 7185/2/5 7187/2/5
f 7192/2/5 7190/2/5 7189/2/5
f 7193/2/5 7190/2/5 7192/2/5
f 7201/1/5 7196/1/5 7195/1/5
f 7202/1/5 7196/1/5 7201/1/5
f 7203/1/5 7198/1/5 7197/1/5
f 7204/1/5 7198/1/5 7203/1/5
f 7205/1/5 7192/1/5 7191/1/5
f 7206/1/5 7192/1/5 7205/1/5
f 7207/1/5 7194/1/5 7193/1/5
f 7208/1/5 7194/1/5 7207/1/5
f 7209/1/5 7200/1/5 7199/1/5
f 7210/1/5 7200/1/5 7209/1/5
f 7217/1/5 7212/1/5 7211/1/5
f 7218/1/5 7212/1/5 7217/1/5
f 7220/1/5 7214/1/5 7213/1/5
f 7221/1/5 7214/1/5 7220/1/5
f 7223/1/5 7216/1/5 7215/1/5
f 7224/1/5 7216/1/5 7223/1/5
f 7225/2/5 7222/2/5 7221/2/5
f 7225/2/5 7220/2/5 7219/2/5
f 7225/2/5 7221/2/5 7220/2/5
f 7226/2/5 7222/2/5 7225/2/5
f 7231/2/5 7228/2/5 7227/2/5
f 7232/2/5 7228/2/5 7231/2/5
f 7233/2/5 7228/2/5 7232/2/5
f 7234/2/5 7228/2/5 7233/2/5
f 7237/1/5 7230/1/5 7229/1/5
f 7238/1/5 7230/1/5 7237/1/5
f 7239/1/5 7233/1/5 7232/1/5
f 7240/1/5 7233/1/5 7239/1/5
f 7241/1/5 7236/1/5 7235/1/5
f 7242/1/5 7236/1/5 7241/1/5
f 7247/1/5 7244/1/5 7243/1/5
f 7248/1/5 7244/1/5 7247/1/5
f 7249/1/5 7246/1/5 7245/1/5
f 7250/1/5 7246/1/5 7249/1/5
f 7255/1/5 7252/1/5 7251/1/5
f 7256/1/5 7252/1/5 7255/1/5
f 7257/1/5 7254/1/5 7253/1/5
f 7258/1/5 7254/1/5 7257/1/5
f 7267/1/5 7260/1/5 7259/1/5
f 7268/1/5 7260/1/5 7267/1/5
f 7269/1/5 7262/1/5 7261/1/5
f 7270/1/5 7262/1/5 7269/1/5
f 7271/1/5 7264/1/5 7263/1/5
f 7272/1/5 7264/1/5 7271/1/5
f 7273/1/5 7266/1/5 7265/1/5
f 7274/1/5 7266/1/5 7273/1/5
f 7285/1/5 7276/1/5 7275/1/5
f 7286/1/5 7276/1/5 7285/1/5
f 7287/1/5 7278/1/5 7277/1/5
f 7288/1/5 7278/1/5 7287/1/5
f 7289/1/5 7280/1/5 7279/1/5
f 7290/1/5 7280/1/5 7289/1/5
f 7291/1/5 7282/1/5 7281/1/5
f 7292/1/5 7282/1/5 7291/1/5
f 7293/1/5 7284/1/5 7283/1/5
f 7294/1/5 7284/1/5 7293/1/5
f 7297/1/5 7296/1/5 7295/1/5
f 7298/1/5 7296/1/5 7297/1/5
f 7301/1/5 7300/1/5 7299/1/5
f 7302/1/5 7301/1/5 7299/1/5
f 7303/1/5 7301/1/5 7302/1/5
f 7312/1/5 7305/1/5 7304/1/5
f 7313/1/5 7305/1/5 7312/1/5
f 7314/1/5 7307/1/5 7306/1/5
f 7315/1/5 7307/1/5 7314/1/5
f 7316/1/5 7309/1/5 7308/1/5
f 7317/1/5 7309/1/5 7316/1/5
f 7318/1/5 7311/1/5 7310/1/5
f 7319/1/5 7311/1/5 7318/1/5
f 7322/1/5 7321/1/5 7320/1/5
f 7323/1/5 7322/1/5 7320/1/5
f 7324/1/5 7323/1/5 7320/1/5
f 7326/1/5 7324/1/5 7320/1/5
f 7326/1/5 7325/1/5 7324/1/5
f 7327/1/5 7325/1/5 7326/1/5
f 7328/1/5 7326/1/5 7320/1/5
f 7329/1/5 7326/1/5 7328/1/5
f 7338/1/5 7331/1/5 7330/1/5
f 7339/1/5 7331/1/5 7338/1/5
f 7340/1/5 7333/1/5 7332/1/5
f 7341/1/5 7333/1/5 7340/1/5
f 7342/1/5 7335/1/5 7334/1/5
f 7343/1/5 7335/1/5 7342/1/5
f 7344/1/5 7337/1/5 7336/1/5
f 7345/1/5 7337/1/5 7344/1/5
f 7350/1/5 7347/1/5 7346/1/5
f 7351/1/5 7347/1/5 7350/1/5
f 7352/1/5 7349/1/5 7348/1/5
f 7353/1/5 7349/1/5 7352/1/5
f 7359/1/5 7357/1/5 7356/1/5
f 7359/1/5 7358/1/5 7357/1/5
f 7360/1/5 7358/1/5 7359/1/5
f 7361/1/5 7355/1/5 7354/1/5
f 7362/1/5 7355/1/5 7361/1/5
f 7363/1/5 7359/1/5 7356/1/5
f 7364/1/5 7359/1/5 7363/1/5
f 7367/1/5 7366/1/5 7365/1/5
f 7368/1/5 7366/1/5 7367/1/5
f 7369/1/6 7370/1/6 7373/1/6
f 7373/1/6 7370/1/6 7374/1/6
f 7371/1/6 7372/1/6 7375/1/6
f 7375/1/6 7372/1/6 7376/1/6
f 7377/1/6 7378/1/6 7381/1/6
f 7381/1/6 7378/1/6 7382/1/6
f 7379/1/6 7380/1/6 7383/1/6
f 7383/1/6 7380/1/6 7384/1/6
f 7385/1/6 7386/1/6 7389/1/6
f 7389/1/6 7386/1/6 7390/1/6
f 7387/1/6 7388/1/6 7391/1/6
f 7391/1/6 7388/1/6 7392/1/6
f 7393/1/6 7394/1/6 7397/1/6
f 7397/1/6 7394/1/6 7398/1/6
f 7395/1/6 7396/1/6 7399/1/6
f 7399/1/6 7396/1/6 7400/1/6
f 7401/1/6 7402/1/6 7405/1/6
f 7405/1/6 7402/1/6 7406/1/6
f 7403/1/6 7404/1/6 7407/1/6
f 7407/1/6 7404/1/6 7408/1/6
f 7409/1/6 7410/1/6 7413/1/6
f 7413/1/6 7410/1/6 7414/1/6
f 7411/1/6 7412/1/6 7415/1/6
f 7415/1/6 7412/1/6 7416/1/6
f 7417/1/6 7418/1/6 7421/1/6
f 7421/1/6 7418/1/6 7422/1/6
f 7419/1/6 7420/1/6 7423/1/6
f 7423/1/6 7420/1/6 7424/1/6
f 7425/1/6 7426/1/6 7429/1/6
f 7429/1/6 7426/1/6 7430/1/6
f 7427/1/6 7428/1/6 7431/1/6
f 7431/1/6 7428/1/6 7432/1/6
f 7433/1/6 7434/1/6 7437/1/6
f 7437/1/6 7434/1/6 7438/1/6
f 7435/1/6 7436/1/6 7439/1/6
f 7439/1/6 7436/1/6 7440/1/6
f 7441/1/6 7442/1/6 7445/1/6
f 7445/1/6 7442/1/6 7446/1/6
f 7443/1/6 7444/1/6 7447/1/6
f 7447/1/6 7444/1/6 7448/1/6
f 7449/1/6 7450/1/6 7453/1/6
f 7453/1/6 7450/1/6 7454/1/6
f 7451/1/6 7452/1/6 7455/1/6
f 7455/1/6 7452/1/6 7456/1/6
f 7457/1/6 7458/1/6 7461/1/6
f 7461/1/6 7458/1/6 7462/1/6
f 7459/1/6 7460/1/6 7463/1/6
f 7463/1/6 7460/1/6 7464/1/6
f 7465/1/6 7466/1/6 7469/1/6
f 7469/1/6 7466/1/6 7470/1/6
f 7467/1/6 7468/1/6 7471/1/6
f 7471/1/6 7468/1/6 7472/1/6
f 7473/1/6 7474/1/6 7477/1/6
f 7477/1/6 7474/1/6 7478/1/6
f 7475/1/6 7476/1/6 7479/1/6
f 7479/1/6 7476/1/6 7480/1/6
f 7481/1/6 7482/1/6 7485/1/6
f 7485/1/6 7482/1/6 7486/1/6
f 7483/1/6 7484/1/6 7487/1/6
f 7487/1/6 7484/1/6 7488/1/6
f 7489/1/6 7490/1/6 7495/1/6
f 7495/1/6 7490/1/6 7496/1/6
f 7491/1/6 7492/1/6 7497/1/6
f 7497/1/6 7492/1/6 7498/1/6
f 7493/1/6 7494/1/6 7501/1/6
f 7501/1/6 7494/1/6 7502/1/6
f 7499/1/6 7500/1/6 7503/1/6
f 7503/1/6 7500/1/6 7504/1/6
f 7505/1/6 7506/1/6 7509/1/6
f 7509/1/6 7506/1/6 7510/1/6
f 7507/1/6 7508/1/6 7515/1/6
f 7515/1/6 7508/1/6 7516/1/6
f 7511/1/6 7512/1/6 7517/1/6
f 7517/1/6 7512/1/6 7518/1/6
f 7513/1/6 7514/1/6 7519/1/6
f 7519/1/6 7514/1/6 7520/1/6
f 7521/1/6 7522/1/6 7526/1/6
f 7526/1/6 7522/1/6 7527/1/6
f 7523/1/6 7524/1/6 7528/1/6
f 7528/1/6 7524/1/6 7529/1/6
f 7525/1/6 7526/1/6 7531/1/6
f 7531/1/6 7526/1/6 7532/1/6
f 7529/1/6 7530/1/6 7533/1/6
f 7533/1/6 7530/1/6 7534/1/6
f 7535/1/6 7536/1/6 7543/1/6
f 7543/1/6 7536/1/6 7544/1/6
f 7541/1/6 7542/1/6 7545/1/6
f 7545/1/6 7542/1/6 7546/1/6
f 7537/1/6 7538/1/6 7547/1/6
f 7547/1/6 7538/1/6 7548/1/6
f 7539/1/6 7540/1/6 7549/1/6
f 7549/1/6 7540/1/6 7550/1/6
f 7535/1/6 7543/1/6 7555/1/6
f 7546/1/6 7542/1/6 7558/1/6
f 7555/1/6 7556/1/6 7559/1/6
f 7535/1/6 7555/1/6 7559/1/6
f 7559/1/6 7556/1/6 7560/1/6
f 7551/1/6 7552/1/6 7561/1/6
f 7561/1/6 7552/1/6 7562/1/6
f 7553/1/6 7554/1/6 7563/1/6
f 7563/1/6 7554/1/6 7564/1/6
f 7557/1/6 7558/1/6 7565/1/6
f 7558/1/6 7542/1/6 7566/1/6
f 7565/1/6 7558/1/6 7566/1/6
f 7567/1/6 7568/1/6 7571/1/6
f 7571/1/6 7568/1/6 7572/1/6
f 7569/1/6 7570/1/6 7575/1/6
f 7575/1/6 7570/1/6 7576/1/6
f 7572/1/6 7573/1/6 7577/1/6
f 7577/1/6 7573/1/6 7578/1/6
f 7574/1/6 7575/1/6 7579/1/6
f 7579/1/6 7575/1/6 7580/1/6
f 7581/1/6 7582/1/6 7585/1/6
f 7585/1/6 7582/1/6 7586/1/6
f 7583/1/6 7584/1/6 7587/1/6
f 7587/1/6 7584/1/6 7588/1/6
f 7589/1/6 7590/1/6 7593/1/6
f 7593/1/6 7590/1/6 7594/1/6
f 7591/1/6 7592/1/6 7595/1/6
f 7595/1/6 7592/1/6 7596/1/6
f 7597/1/6 7598/1/6 7601/1/6
f 7601/1/6 7598/1/6 7602/1/6
f 7599/1/6 7600/1/6 7603/1/6
f 7603/1/6 7600/1/6 7604/1/6
f 7605/1/6 7606/1/6 7609/1/6
f 7609/1/6 7606/1/6 7610/1/6
f 7607/1/6 7608/1/6 7611/1/6
f 7611/1/6 7608/1/6 7612/1/6
f 7613/1/6 7614/1/6 7617/1/6
f 7617/1/6 7614/1/6 7618/1/6
f 7615/1/6 7616/1/6 7619/1/6
f 7619/1/6 7616/1/6 7620/1/6
f 7621/1/6 7622/1/6 7625/1/6
f 7625/1/6 7622/1/6 7626/1/6
f 7623/1/6 7624/1/6 7627/1/6
f 7627/1/6 7624/1/6 7628/1/6
f 7629/1/6 7630/1/6 7633/1/6
f 7633/1/6 7630/1/6 7634/1/6
f 7631/1/6 7632/1/6 7635/1/6
f 7635/1/6 7632/1/6 7636/1/6
f 7637/1/6 7638/1/6 7645/1/6
f 7645/1/6 7638/1/6 7646/1/6
f 7643/1/6 7644/1/6 7647/1/6
f 7647/1/6 7644/1/6 7648/1/6
f 7639/1/6 7640/1/6 7649/1/6
f 7649/1/6 7640/1/6 7650/1/6
f 7641/1/6 7642/1/6 7653/1/6
f 7653/1/6 7642/1/6 7654/1/6
f 7650/1/6 7651/1/6 7655/1/6
f 7655/1/6 7651/1/6 7656/1/6
f 7652/1/6 7653/1/6 7657/1/6
f 7657/1/6 7653/1/6 7658/1/6
f 7659/1/6 7660/1/6 7664/1/6
f 7664/1/6 7660/1/6 7665/1/6
f 7661/1/6 7662/1/6 7666/1/6
f 7666/1/6 7662/1/6 7667/1/6
f 7669/1/6 7670/1/6 7673/1/6
f 7673/1/6 7670/1/6 7674/1/6
f 7663/1/6 7664/1/6 7675/1/6
f 7675/1/6 7664/1/6 7676/1/6
f 7667/1/6 7668/1/6 7677/1/6
f 7677/1/6 7668/1/6 7678/1/6
f 7671/1/6 7672/1/6 7679/1/6
f 7679/1/6 7672/1/6 7680/1/6
f 7681/1/6 7682/1/6 7685/1/6
f 7685/1/6 7682/1/6 7686/1/6
f 7683/1/6 7684/1/6 7687/1/6
f 7687/1/6 7684/1/6 7688/1/6
f 7689/2/6 7690/2/6 7695/2/6
f 7690/1/6 7691/1/6 7696/1/6
f 7695/2/6 7690/2/6 7696/2/6
f 7696/1/6 7691/1/6 7697/1/6
f 7697/1/6 7691/1/6 7698/1/6
f 7692/1/6 7693/1/6 7699/1/6
f 7699/1/6 7693/1/6 7700/1/6
f 7693/2/6 7694/2/6 7701/2/6
f 7700/1/6 7693/1/6 7701/1/6
f 7701/2/6 7694/2/6 7702/2/6
f 7696/1/6 7697/1/6 7703/1/6
f 7703/1/6 7697/1/6 7704/1/6
f 7704/1/6 7697/1/6 7705/1/6
f 7700/1/6 7701/1/6 7706/1/6
f 7706/1/6 7701/1/6 7707/1/6
f 7707/1/6 7701/1/6 7708/1/6
f 7713/1/6 7714/1/6 7717/1/6
f 7717/1/6 7714/1/6 7718/1/6
f 7715/1/6 7716/1/6 7719/1/6
f 7719/1/6 7716/1/6 7720/1/6
f 7709/1/6 7710/1/6 7721/1/6
f 7721/1/6 7710/1/6 7722/1/6
f 7711/1/6 7712/1/6 7723/1/6
f 7723/1/6 7712/1/6 7724/1/6
f 7725/1/6 7726/1/6 7732/1/6
f 7726/1/6 7727/1/6 7732/1/6
f 7732/1/6 7727/1/6 7733/1/6
f 7729/1/6 7730/1/6 7736/1/6
f 7728/1/6 7729/1/6 7736/1/6
f 7736/1/6 7730/1/6 7737/1/6
f 7731/2/6 7732/2/6 7739/2/6
f 7733/1/6 7734/1/6 7740/1/6
f 7739/2/6 7732/2/6 7740/2/6
f 7732/1/6 7733/1/6 7740/1/6
f 7740/1/6 7734/1/6 7741/1/6
f 7736/1/6 7737/1/6 7742/1/6
f 7735/1/6 7736/1/6 7742/1/6
f 7737/2/6 7738/2/6 7743/2/6
f 7742/1/6 7737/1/6 7743/1/6
f 7743/2/6 7738/2/6 7744/2/6
f 7745/2/6 7746/2/6 7747/2/6
f 7747/2/6 7746/2/6 7748/2/6
f 7749/2/6 7750/2/6 7751/2/6
f 7751/2/6 7750/2/6 7752/2/6
f 7753/1/6 7754/1/6 7757/1/6
f 7757/1/6 7754/1/6 7758/1/6
f 7755/1/6 7756/1/6 7759/1/6
f 7759/1/6 7756/1/6 7760/1/6
f 7761/1/6 7762/1/6 7765/1/6
f 7765/1/6 7762/1/6 7766/1/6
f 7763/1/6 7764/1/6 7767/1/6
f 7767/1/6 7764/1/6 7768/1/6
f 7769/1/6 7770/1/6 7773/1/6
f 7773/1/6 7770/1/6 7774/1/6
f 7771/1/6 7772/1/6 7775/1/6
f 7775/1/6 7772/1/6 7776/1/6
f 7777/1/6 7778/1/6 7781/1/6
f 7781/1/6 7778/1/6 7782/1/6
f 7779/1/6 7780/1/6 7783/1/6
f 7783/1/6 7780/1/6 7784/1/6
f 7785/1/6 7786/1/6 7789/1/6
f 7789/1/6 7786/1/6 7790/1/6
f 7787/1/6 7788/1/6 7791/1/6
f 7791/1/6 7788/1/6 7792/1/6
f 7793/1/6 7794/1/6 7797/1/6
f 7797/1/6 7794/1/6 7798/1/6
f 7795/1/6 7796/1/6 7799/1/6
f 7799/1/6 7796/1/6 7800/1/6
f 7801/1/6 7802/1/6 7805/1/6
f 7805/1/6 7802/1/6 7806/1/6
f 7803/1/6 7804/1/6 7807/1/6
f 7807/1/6 7804/1/6 7808/1/6
f 7809/1/6 7810/1/6 7813/1/6
f 7813/1/6 7810/1/6 7814/1/6
f 7811/1/6 7812/1/6 7815/1/6
f 7815/1/6 7812/1/6 7816/1/6
f 7817/1/6 7818/1/6 7821/1/6
f 7821/1/6 7818/1/6 7822/1/6
f 7819/1/6 7820/1/6 7823/1/6
f 7823/1/6 7820/1/6 7824/1/6
f 7825/1/6 7826/1/6 7829/1/6
f 7829/1/6 7826/1/6 7830/1/6
f 7827/1/6 7828/1/6 7831/1/6
f 7831/1/6 7828/1/6 7832/1/6
f 7833/1/6 7834/1/6 7837/1/6
f 7837/1/6 7834/1/6 7838/1/6
f 7835/1/6 7836/1/6 7839/1/6
f 7839/1/6 7836/1/6 7840/1/6
f 7841/1/6 7842/1/6 7845/1/6
f 7845/1/6 7842/1/6 7846/1/6
f 7843/1/6 7844/1/6 7847/1/6
f 7847/1/6 7844/1/6 7848/1/6
f 7849/1/6 7850/1/6 7853/1/6
f 7853/1/6 7850/1/6 7854/1/6
f 7851/1/6 7852/1/6 7855/1/6
f 7855/1/6 7852/1/6 7856/1/6
f 7857/1/6 7858/1/6 7861/1/6
f 7861/1/6 7858/1/6 7862/1/6
f 7859/1/6 7860/1/6 7863/1/6
f 7863/1/6 7860/1/6 7864/1/6
f 7865/1/6 7866/1/6 7869/1/6
f 7869/1/6 7866/1/6 7870/1/6
f 7867/1/6 7868/1/6 7871/1/6
f 7871/1/6 7868/1/6 7872/1/6
f 7873/1/6 7874/1/6 7877/1/6
f 7877/1/6 7874/1/6 7878/1/6
f 7875/1/6 7876/1/6 7879/1/6
f 7879/1/6 7876/1/6 7880/1/6
f 7881/1/6 7882/1/6 7885/1/6
f 7885/1/6 7882/1/6 7886/1/6
f 7883/1/6 7884/1/6 7889/1/6
f 7889/1/6 7884/1/6 7890/1/6
f 7886/1/6 7887/1/6 7893/1/6
f 7893/1/6 7887/1/6 7894/1/6
f 7888/1/6 7889/1/6 7897/1/6
f 7897/1/6 7889/1/6 7898/1/6
f 7891/1/6 7892/1/6 7901/1/6
f 7901/1/6 7892/1/6 7902/1/6
f 7894/1/6 7895/1/6 7903/1/6
f 7903/1/6 7895/1/6 7904/1/6
f 7896/1/6 7897/1/6 7905/1/6
f 7905/1/6 7897/1/6 7906/1/6
f 7899/1/6 7900/1/6 7907/1/6
f 7907/1/6 7900/1/6 7908/1/6
f 7909/1/6 7910/1/6 7913/1/6
f 7913/1/6 7910/1/6 7914/1/6
f 7911/1/6 7912/1/6 7915/1/6
f 7915/1/6 7912/1/6 7916/1/6
f 7917/1/6 7918/1/6 7925/1/6
f 7925/1/6 7918/1/6 7926/1/6
f 7919/1/6 7920/1/6 7928/1/6
f 7928/1/6 7920/1/6 7929/1/6
f 7921/1/6 7922/1/6 7930/1/6
f 7930/1/6 7922/1/6 7931/1/6
f 7923/1/6 7924/1/6 7933/1/6
f 7933/1/6 7924/1/6 7934/1/6
f 7927/1/6 7928/1/6 7936/1/6
f 7936/1/6 7928/1/6 7937/1/6
f 7931/1/6 7932/1/6 7938/1/6
f 7938/1/6 7932/1/6 7939/1/6
f 7935/1/6 7936/1/6 7941/1/6
f 7941/1/6 7936/1/6 7942/1/6
f 7939/1/6 7940/1/6 7943/1/6
f 7943/1/6 7940/1/6 7944/1/6
f 7945/2/6 7946/2/6 7949/2/6
f 7949/2/6 7946/2/6 7950/2/6
f 7947/2/6 7948/2/6 7951/2/6
f 7951/2/6 7948/2/6 7952/2/6
f 7945/2/6 7949/2/6 7954/2/6
f 7954/2/6 7949/2/6 7955/2/6
f 7952/2/6 7948/2/6 7956/2/6
f 7956/2/6 7948/2/6 7957/2/6
f 7954/1/6 7955/1/6 7959/1/6
f 7953/2/6 7954/2/6 7959/2/6
f 7959/1/6 7955/1/6 7960/1/6
f 7956/1/6 7957/1/6 7961/1/6
f 7957/2/6 7958/2/6 7962/2/6
f 7961/1/6 7957/1/6 7962/1/6
f 7953/2/6 7959/2/6 7963/2/6
f 7962/2/6 7958/2/6 7966/2/6
f 7953/2/6 7963/2/6 7967/2/6
f 7963/1/6 7964/1/6 7968/1/6
f 7967/2/6 7963/2/6 7968/2/6
f 7968/1/6 7964/1/6 7969/1/6
f 7965/1/6 7966/1/6 7970/1/6
f 7966/2/6 7958/2/6 7971/2/6
f 7970/1/6 7966/1/6 7971/1/6
f 7971/2/6 7958/2/6 7972/2/6
f 7968/2/6 7969/2/6 7973/2/6
f 7970/2/6 7971/2/6 7976/2/6
f 7973/2/6 7974/2/6 7977/2/6
f 7968/2/6 7973/2/6 7977/2/6
f 7977/2/6 7974/2/6 7978/2/6
f 7975/2/6 7976/2/6 7979/2/6
f 7976/2/6 7971/2/6 7980/2/6
f 7979/2/6 7976/2/6 7980/2/6
f 7981/1/6 7982/1/6 7985/1/6
f 7985/1/6 7982/1/6 7986/1/6
f 7983/1/6 7984/1/6 7987/1/6
f 7987/1/6 7984/1/6 7988/1/6
f 7989/1/6 7990/1/6 7993/1/6
f 7993/1/6 7990/1/6 7994/1/6
f 7991/1/6 7992/1/6 7995/1/6
f 7995/1/6 7992/1/6 7996/1/6
f 7997/1/6 7998/1/6 8001/1/6
f 8001/1/6 7998/1/6 8002/1/6
f 7999/1/6 8000/1/6 8003/1/6
f 8003/1/6 8000/1/6 8004/1/6
f 8005/1/6 8006/1/6 8009/1/6
f 8009/1/6 8006/1/6 8010/1/6
f 8007/1/6 8008/1/6 8011/1/6
f 8011/1/6 8008/1/6 8012/1/6
f 8013/1/6 8014/1/6 8017/1/6
f 8017/1/6 8014/1/6 8018/1/6
f 8015/1/6 8016/1/6 8019/1/6
f 8019/1/6 8016/1/6 8020/1/6
f 8021/1/6 8022/1/6 8025/1/6
f 8025/1/6 8022/1/6 8026/1/6
f 8023/1/6 8024/1/6 8027/1/6
f 8027/1/6 8024/1/6 8028/1/6
f 8029/1/6 8030/1/6 8037/1/6
f 8037/1/6 8030/1/6 8038/1/6
f 8031/1/6 8032/1/6 8039/1/6
f 8039/1/6 8032/1/6 8040/1/6
f 8033/1/6 8034/1/6 8041/1/6
f 8041/1/6 8034/1/6 8042/1/6
f 8035/1/6 8036/1/6 8043/1/6
f 8043/1/6 8036/1/6 8044/1/6
f 8045/1/6 8046/1/6 8049/1/6
f 8049/1/6 8046/1/6 8050/1/6
f 8047/1/6 8048/1/6 8051/1/6
f 8051/1/6 8048/1/6 8052/1/6
f 8053/1/6 8054/1/6 8057/1/6
f 8057/1/6 8054/1/6 8058/1/6
f 8055/1/6 8056/1/6 8059/1/6
f 8059/1/6 8056/1/6 8060/1/6
f 8061/1/6 8062/1/6 8069/1/6
f 8069/1/6 8062/1/6 8070/1/6
f 8063/1/6 8064/1/6 8071/1/6
f 8071/1/6 8064/1/6 8072/1/6
f 8065/1/6 8066/1/6 8073/1/6
f 8073/1/6 8066/1/6 8074/1/6
f 8067/1/6 8068/1/6 8075/1/6
f 8075/1/6 8068/1/6 8076/1/6
f 8077/1/6 8078/1/6 8081/1/6
f 8081/1/6 8078/1/6 8082/1/6
f 8079/1/6 8080/1/6 8083/1/6
f 8083/1/6 8080/1/6 8084/1/6
f 8085/1/6 8086/1/6 8089/1/6
f 8089/1/6 8086/1/6 8090/1/6
f 8087/1/6 8088/1/6 8091/1/6
f 8091/1/6 8088/1/6 8092/1/6
f 8093/1/6 8094/1/6 8097/1/6
f 8097/1/6 8094/1/6 8098/1/6
f 8095/1/6 8096/1/6 8099/1/6
f 8099/1/6 8096/1/6 8100/1/6
f 8101/1/6 8102/1/6 8109/1/6
f 8109/1/6 8102/1/6 8110/1/6
f 8103/3/6 8104/3/6 8111/3/6
f 8111/3/6 8104/3/6 8112/3/6
f 8105/3/6 8106/3/6 8113/3/6
f 8113/3/6 8106/3/6 8114/3/6
f 8107/1/6 8108/1/6 8115/1/6
f 8115/1/6 8108/1/6 8116/1/6
f 8117/1/6 8118/1/6 8125/1/6
f 8125/1/6 8118/1/6 8126/1/6
f 8119/3/6 8120/3/6 8127/3/6
f 8127/3/6 8120/3/6 8128/3/6
f 8121/3/6 8122/3/6 8129/3/6
f 8129/3/6 8122/3/6 8130/3/6
f 8123/1/6 8124/1/6 8131/1/6
f 8131/1/6 8124/1/6 8132/1/6
f 8133/1/6 8134/1/6 8137/1/6
f 8137/1/6 8134/1/6 8138/1/6
f 8135/1/6 8136/1/6 8139/1/6
f 8139/1/6 8136/1/6 8140/1/6
f 8141/1/6 8142/1/6 8149/1/6
f 8149/1/6 8142/1/6 8150/1/6
f 8143/1/6 8144/1/6 8151/1/6
f 8151/1/6 8144/1/6 8152/1/6
f 8145/1/6 8146/1/6 8153/1/6
f 8153/1/6 8146/1/6 8154/1/6
f 8147/1/6 8148/1/6 8155/1/6
f 8155/1/6 8148/1/6 8156/1/6
f 8157/1/6 8158/1/6 8165/1/6
f 8165/1/6 8158/1/6 8166/1/6
f 8159/1/6 8160/1/6 8167/1/6
f 8167/1/6 8160/1/6 8168/1/6
f 8161/1/6 8162/1/6 8169/1/6
f 8169/1/6 8162/1/6 8170/1/6
f 8163/1/6 8164/1/6 8171/1/6
f 8171/1/6 8164/1/6 8172/1/6
f 8173/1/6 8174/1/6 8178/1/6
f 8178/1/6 8174/1/6 8179/1/6
f 8175/1/6 8176/1/6 8180/1/6
f 8180/1/6 8176/1/6 8181/1/6
f 8177/1/6 8178/1/6 8184/1/6
f 8184/1/6 8178/1/6 8185/1/6
f 8181/1/6 8182/1/6 8190/1/6
f 8190/1/6 8182/1/6 8191/1/6
f 8186/3/6 8187/3/6 8193/3/6
f 8193/3/6 8187/3/6 8194/3/6
f 8188/3/6 8189/3/6 8195/3/6
f 8195/3/6 8189/3/6 8196/3/6
f 8183/1/6 8184/1/6 8197/1/6
f 8197/1/6 8184/1/6 8198/1/6
f 8191/1/6 8192/1/6 8199/1/6
f 8199/1/6 8192/1/6 8200/1/6
f 8201/1/6 8202/1/6 8209/1/6
f 8209/1/6 8202/1/6 8210/1/6
f 8205/3/6 8206/3/6 8212/3/6
f 8212/3/6 8206/3/6 8213/3/6
f 8207/3/6 8208/3/6 8214/3/6
f 8214/3/6 8208/3/6 8215/3/6
f 8203/1/6 8204/1/6 8217/1/6
f 8217/1/6 8204/1/6 8218/1/6
f 8210/1/6 8211/1/6 8219/1/6
f 8219/1/6 8211/1/6 8220/1/6
f 8216/1/6 8217/1/6 8223/1/6
f 8223/1/6 8217/1/6 8224/1/6
f 8220/1/6 8221/1/6 8225/1/6
f 8225/1/6 8221/1/6 8226/1/6
f 8222/1/6 8223/1/6 8227/1/6
f 8227/1/6 8223/1/6 8228/1/6
f 8229/1/6 8230/1/6 8233/1/6
f 8233/1/6 8230/1/6 8234/1/6
f 8231/1/6 8232/1/6 8235/1/6
f 8235/1/6 8232/1/6 8236/1/6
f 8237/2/6 8238/2/6 8241/2/6
f 8241/2/6 8238/2/6 8242/2/6
f 8239/2/6 8240/2/6 8243/2/6
f 8243/2/6 8240/2/6 8244/2/6
f 8245/1/6 8246/1/6 8249/1/6
f 8249/1/6 8246/1/6 8250/1/6
f 8247/1/6 8248/1/6 8251/1/6
f 8251/1/6 8248/1/6 8252/1/6
f 8253/2/6 8254/2/6 8257/2/6
f 8257/2/6 8254/2/6 8258/2/6
f 8255/2/6 8256/2/6 8259/2/6
f 8259/2/6 8256/2/6 8260/2/6
f 8261/1/6 8262/1/6 8265/1/6
f 8265/1/6 8262/1/6 8266/1/6
f 8263/1/6 8264/1/6 8267/1/6
f 8267/1/6 8264/1/6 8268/1/6
f 8269/1/6 8270/1/6 8273/1/6
f 8273/1/6 8270/1/6 8274/1/6
f 8271/1/6 8272/1/6 8275/1/6
f 8275/1/6 8272/1/6 8276/1/6
f 8277/1/6 8278/1/6 8281/1/6
f 8281/1/6 8278/1/6 8282/1/6
f 8279/1/6 8280/1/6 8283/1/6
f 8283/1/6 8280/1/6 8284/1/6
f 8285/1/6 8286/1/6 8289/1/6
f 8289/1/6 8286/1/6 8290/1/6
f 8287/1/6 8288/1/6 8291/1/6
f 8291/1/6 8288/1/6 8292/1/6
f 8293/1/6 8294/1/6 8295/1/6
f 8295/1/6 8294/1/6 8296/1/6
f 8297/1/6 8298/1/6 8301/1/6
f 8301/1/6 8298/1/6 8302/1/6
f 8299/1/6 8300/1/6 8303/1/6
f 8303/1/6 8300/1/6 8304/1/6
f 8305/1/6 8306/1/6 8309/1/6
f 8309/1/6 8306/1/6 8310/1/6
f 8307/1/6 8308/1/6 8311/1/6
f 8311/1/6 8308/1/6 8312/1/6
f 8315/1/6 8316/1/6 8317/1/6
f 8317/1/6 8316/1/6 8318/1/6
f 8319/1/6 8320/1/6 8322/1/6
f 8322/1/6 8320/1/6 8323/1/6
f 8313/1/6 8314/1/6 8324/1/6
f 8324/1/6 8314/1/6 8325/1/6
f 8321/1/6 8322/1/6 8329/1/6
f 8329/1/6 8322/1/6 8330/1/6
f 8326/1/6 8327/1/6 8331/1/6
f 8331/1/6 8327/1/6 8332/1/6
f 8328/1/6 8329/1/6 8333/1/6
f 8333/1/6 8329/1/6 8334/1/6
f 8335/1/6 8336/1/6 8343/1/6
f 8337/1/6 8338/1/6 8344/1/6
f 8344/1/6 8338/1/6 8345/1/6
f 8339/1/6 8340/1/6 8346/1/6
f 8346/1/6 8340/1/6 8347/1/6
f 8341/1/6 8342/1/6 8348/1/6
f 8348/1/6 8342/1/6 8349/1/6
f 8349/1/6 8342/1/6 8350/1/6
f 8350/1/6 8351/1/6 8353/1/6
f 8353/1/6 8351/1/6 8354/1/6
f 8352/1/6 8353/1/6 8356/1/6
f 8356/1/6 8353/1/6 8357/1/6
f 8335/1/6 8343/1/6 8358/1/6
f 8355/1/6 8356/1/6 8363/1/6
f 8363/1/6 8356/1/6 8364/1/6
f 8335/1/6 8358/1/6 8365/1/6
f 8365/1/6 8358/1/6 8366/1/6
f 8359/1/6 8360/1/6 8367/1/6
f 8367/1/6 8360/1/6 8368/1/6
f 8361/1/6 8362/1/6 8369/1/6
f 8369/1/6 8362/1/6 8370/1/6
f 8371/1/6 8372/1/6 8380/1/6
f 8380/1/6 8372/1/6 8381/1/6
f 8373/1/6 8374/1/6 8382/1/6
f 8382/1/6 8374/1/6 8383/1/6
f 8375/1/6 8376/1/6 8384/1/6
f 8384/1/6 8376/1/6 8385/1/6
f 8377/1/6 8378/1/6 8386/1/6
f 8386/1/6 8378/1/6 8387/1/6
f 8387/1/6 8388/1/6 8389/1/6
f 8389/1/6 8388/1/6 8390/1/6
f 8390/1/6 8391/1/6 8393/1/6
f 8393/1/6 8391/1/6 8394/1/6
f 8392/1/6 8393/1/6 8396/1/6
f 8396/1/6 8393/1/6 8397/1/6
f 8379/1/6 8380/1/6 8398/1/6
f 8398/1/6 8380/1/6 8399/1/6
f 8399/1/6 8400/1/6 8405/1/6
f 8405/1/6 8400/1/6 8406/1/6
f 8401/1/6 8402/1/6 8407/1/6
f 8407/1/6 8402/1/6 8408/1/6
f 8403/1/6 8404/1/6 8409/1/6
f 8409/1/6 8404/1/6 8410/1/6
f 8395/1/6 8396/1/6 8411/1/6
f 8411/1/6 8396/1/6 8412/1/6
f 8413/1/6 8414/1/6 8423/1/6
f 8423/1/6 8414/1/6 8424/1/6
f 8415/1/6 8416/1/6 8425/1/6
f 8425/1/6 8416/1/6 8426/1/6
f 8417/1/6 8418/1/6 8427/1/6
f 8427/1/6 8418/1/6 8428/1/6
f 8419/1/6 8420/1/6 8429/1/6
f 8429/1/6 8420/1/6 8430/1/6
f 8431/1/6 8432/1/6 8433/1/6
f 8433/1/6 8432/1/6 8434/1/6
f 8434/1/6 8435/1/6 8437/1/6
f 8437/1/6 8435/1/6 8438/1/6
f 8436/1/6 8437/1/6 8440/1/6
f 8440/1/6 8437/1/6 8441/1/6
f 8421/1/6 8422/1/6 8442/1/6
f 8442/1/6 8422/1/6 8443/1/6
f 8444/1/6 8445/1/6 8452/1/6
f 8452/1/6 8445/1/6 8453/1/6
f 8446/1/6 8447/1/6 8454/1/6
f 8454/1/6 8447/1/6 8455/1/6
f 8448/1/6 8449/1/6 8456/1/6
f 8456/1/6 8449/1/6 8457/1/6
f 8450/1/6 8451/1/6 8458/1/6
f 8458/1/6 8451/1/6 8459/1/6
f 8439/1/6 8440/1/6 8460/1/6
f 8460/1/6 8440/1/6 8461/1/6
f 8464/1/6 8465/1/6 8466/1/6
f 8464/1/6 8466/1/6 8468/1/6
f 8466/1/6 8467/1/6 8468/1/6
f 8468/1/6 8467/1/6 8469/1/6
f 8469/1/6 8467/1/6 8471/1/6
f 8471/1/6 8467/1/6 8472/1/6
f 8470/1/6 8471/1/6 8473/1/6
f 8473/1/6 8471/1/6 8474/1/6
f 8462/1/6 8463/1/6 8475/1/6
f 8475/1/6 8463/1/6 8476/1/6
f 8477/1/6 8478/1/6 8481/1/6
f 8481/1/6 8478/1/6 8482/1/6
f 8479/1/6 8480/1/6 8483/1/6
f 8483/1/6 8480/1/6 8484/1/6
f 8484/1/6 8480/1/6 8485/1/6
f 8485/1/6 8480/1/6 8486/1/6
f 8486/1/6 8487/1/6 8488/1/6
f 8488/1/6 8487/1/6 8489/1/6
f 8477/1/6 8481/1/6 8492/1/6
f 8494/1/6 8495/1/6 8496/1/6
f 8490/1/6 8491/1/6 8497/1/6
f 8497/1/6 8491/1/6 8498/1/6
f 8477/1/6 8492/1/6 8499/1/6
f 8492/1/6 8493/1/6 8499/1/6
f 8499/1/6 8493/1/6 8500/1/6
f 8494/1/6 8496/1/6 8501/1/6
f 8496/1/6 8497/1/6 8501/1/6
f 8501/1/6 8497/1/6 8502/1/6
f 8503/1/6 8504/1/6 8511/1/6
f 8511/1/6 8504/1/6 8512/1/6
f 8505/1/6 8506/1/6 8513/1/6
f 8513/1/6 8506/1/6 8514/1/6
f 8507/1/6 8508/1/6 8515/1/6
f 8515/1/6 8508/1/6 8516/1/6
f 8509/1/6 8510/1/6 8517/1/6
f 8517/1/6 8510/1/6 8518/1/6
f 8519/1/6 8520/1/6 8524/1/6
f 8521/1/6 8522/1/6 8525/1/6
f 8521/1/6 8525/1/6 8527/1/6
f 8525/1/6 8526/1/6 8527/1/6
f 8527/1/6 8526/1/6 8528/1/6
f 8521/1/6 8527/1/6 8530/1/6
f 8528/1/6 8529/1/6 8531/1/6
f 8521/1/6 8530/1/6 8532/1/6
f 8530/1/6 8531/1/6 8532/1/6
f 8531/1/6 8529/1/6 8533/1/6
f 8532/1/6 8531/1/6 8533/1/6
f 8533/1/6 8529/1/6 8534/1/6
f 8534/1/6 8529/1/6 8535/1/6
f 8521/1/6 8532/1/6 8537/1/6
f 8521/1/6 8537/1/6 8539/1/6
f 8537/1/6 8538/1/6 8539/1/6
f 8539/1/6 8538/1/6 8540/1/6
f 8535/1/6 8536/1/6 8542/1/6
f 8542/1/6 8536/1/6 8543/1/6
f 8523/1/6 8524/1/6 8544/1/6
f 8524/1/6 8520/1/6 8545/1/6
f 8544/1/6 8524/1/6 8545/1/6
f 8545/1/6 8520/1/6 8546/1/6
f 8546/1/6 8520/1/6 8547/1/6
f 8521/1/6 8539/1/6 8548/1/6
f 8548/1/6 8539/1/6 8549/1/6
f 8541/1/6 8542/1/6 8558/1/6
f 8558/1/6 8542/1/6 8559/1/6
f 8550/1/6 8551/1/6 8560/1/6
f 8560/1/6 8551/1/6 8561/1/6
f 8552/1/6 8553/1/6 8562/1/6
f 8562/1/6 8553/1/6 8563/1/6
f 8554/1/6 8555/1/6 8564/1/6
f 8564/1/6 8555/1/6 8565/1/6
f 8556/1/6 8557/1/6 8566/1/6
f 8566/1/6 8557/1/6 8567/1/6
f 8568/2/6 8569/2/6 8572/2/6
f 8572/2/6 8569/2/6 8573/2/6
f 8573/2/6 8569/2/6 8574/2/6
f 8570/2/6 8571/2/6 8575/2/6
f 8575/2/6 8571/2/6 8576/2/6
f 8576/2/6 8571/2/6 8577/2/6
f 8573/2/6 8574/2/6 8578/2/6
f 8578/2/6 8574/2/6 8579/2/6
f 8575/2/6 8576/2/6 8580/2/6
f 8580/2/6 8576/2/6 8581/2/6
f 8581/2/6 8576/2/6 8582/2/6
f 8583/1/6 8584/1/6 8585/1/6
f 8585/1/6 8584/1/6 8586/1/6
f 8587/1/6 8588/1/6 8589/1/6
f 8587/1/6 8589/1/6 8591/1/6
f 8589/1/6 8590/1/6 8591/1/6
f 8591/1/6 8590/1/6 8592/1/6
f 8573/2/6 8578/2/6 8593/2/6
f 8581/2/6 8582/2/6 8596/2/6
f 8592/1/6 8590/1/6 8597/1/6
f 8597/1/6 8590/1/6 8598/1/6
f 8593/2/6 8594/2/6 8602/2/6
f 8573/2/6 8593/2/6 8602/2/6
f 8602/2/6 8594/2/6 8603/2/6
f 8595/2/6 8596/2/6 8604/2/6
f 8602/2/6 8603/2/6 8605/2/6
f 8601/2/6 8602/2/6 8605/2/6
f 8605/2/6 8603/2/6 8606/2/6
f 8604/2/6 8596/2/6 8607/2/6
f 8596/2/6 8582/2/6 8608/2/6
f 8607/2/6 8596/2/6 8608/2/6
f 8599/1/6 8600/1/6 8609/1/6
f 8609/1/6 8600/1/6 8610/1/6
f 8610/1/6 8600/1/6 8611/1/6
f 8612/2/6 8613/2/6 8618/2/6
f 8618/2/6 8613/2/6 8619/2/6
f 8614/2/6 8615/2/6 8620/2/6
f 8620/2/6 8615/2/6 8621/2/6
f 8616/1/6 8617/1/6 8626/1/6
f 8622/2/6 8623/2/6 8628/2/6
f 8628/2/6 8623/2/6 8629/2/6
f 8624/2/6 8625/2/6 8630/2/6
f 8630/2/6 8625/2/6 8631/2/6
f 8632/2/6 8633/2/6 8636/2/6
f 8636/2/6 8633/2/6 8637/2/6
f 8634/2/6 8635/2/6 8638/2/6
f 8638/2/6 8635/2/6 8639/2/6
f 8626/1/6 8627/1/6 8640/1/6
f 8616/1/6 8626/1/6 8640/1/6
f 8640/1/6 8627/1/6 8641/1/6
f 8641/1/6 8627/1/6 8642/1/6
f 8642/1/6 8627/1/6 8643/1/6
f 8641/1/6 8642/1/6 8644/1/6
f 8644/1/6 8642/1/6 8645/1/6
f 8646/1/6 8647/1/6 8652/1/6
f 8652/1/6 8647/1/6 8653/1/6
f 8648/1/6 8649/1/6 8654/1/6
f 8654/1/6 8649/1/6 8655/1/6
f 8650/1/6 8651/1/6 8656/1/6
f 8656/1/6 8651/1/6 8657/1/6
f 8646/1/6 8652/1/6 8659/1/6
f 8659/1/6 8652/1/6 8660/1/6
f 8654/1/6 8655/1/6 8661/1/6
f 8652/2/6 8653/2/6 8661/2/6
f 8653/2/6 8654/2/6 8661/2/6
f 8655/2/6 8656/2/6 8662/2/6
f 8661/1/6 8655/1/6 8662/1/6
f 8656/2/6 8657/2/6 8662/2/6
f 8657/1/6 8651/1/6 8663/1/6
f 8663/1/6 8651/1/6 8664/1/6
f 8658/1/6 8659/1/6 8666/1/6
f 8666/1/6 8659/1/6 8667/1/6
f 8664/1/6 8665/1/6 8668/1/6
f 8668/1/6 8665/1/6 8669/1/6
f 8670/1/6 8671/1/6 8672/1/6
f 8672/1/6 8671/1/6 8673/1/6
f 8660/1/6 8652/1/6 8674/1/6
f 8652/2/6 8661/2/6 8675/2/6
f 8674/1/6 8652/1/6 8675/1/6
f 8662/2/6 8657/2/6 8676/2/6
f 8657/1/6 8663/1/6 8676/1/6
f 8676/1/6 8663/1/6 8677/1/6
f 8675/2/6 8661/2/6 8681/2/6
f 8662/2/6 8676/2/6 8682/2/6
f 8678/1/6 8679/1/6 8684/1/6
f 8684/1/6 8679/1/6 8685/1/6
f 8688/1/6 8689/1/6 8690/1/6
f 8686/1/6 8687/1/6 8691/1/6
f 8691/1/6 8687/1/6 8692/1/6
f 8680/1/6 8681/1/6 8693/1/6
f 8681/2/6 8661/2/6 8694/2/6
f 8662/2/6 8682/2/6 8695/2/6
f 8682/1/6 8683/1/6 8696/1/6
f 8688/1/6 8690/1/6 8697/1/6
f 8697/1/6 8690/1/6 8698/1/6
f 8692/1/6 8693/1/6 8699/1/6
f 8681/2/6 8694/2/6 8699/2/6
f 8693/1/6 8681/1/6 8699/1/6
f 8699/2/6 8694/2/6 8700/2/6
f 8694/1/6 8695/1/6 8701/1/6
f 8700/2/6 8694/2/6 8701/2/6
f 8695/2/6 8682/2/6 8702/2/6
f 8701/1/6 8695/1/6 8702/1/6
f 8702/2/6 8682/2/6 8703/2/6
f 8696/1/6 8697/1/6 8704/1/6
f 8703/2/6 8682/2/6 8704/2/6
f 8682/1/6 8696/1/6 8704/1/6
f 8699/1/6 8700/1/6 8705/1/6
f 8692/1/6 8699/1/6 8705/1/6
f 8705/1/6 8700/1/6 8706/1/6
f 8701/1/6 8702/1/6 8707/1/6
f 8707/1/6 8702/1/6 8708/1/6
f 8703/1/6 8704/1/6 8709/1/6
f 8704/1/6 8697/1/6 8710/1/6
f 8709/1/6 8704/1/6 8710/1/6
f 8715/1/6 8716/1/6 8717/1/6
f 8711/1/6 8712/1/6 8719/1/6
f 8717/1/6 8718/1/6 8722/1/6
f 8715/1/6 8717/1/6 8722/1/6
f 8719/1/6 8720/1/6 8723/1/6
f 8711/1/6 8719/1/6 8723/1/6
f 8723/1/6 8720/1/6 8724/1/6
f 8721/1/6 8722/1/6 8725/1/6
f 8722/1/6 8718/1/6 8726/1/6
f 8725/1/6 8722/1/6 8726/1/6
f 8726/1/6 8718/1/6 8727/1/6
f 8727/1/6 8718/1/6 8728/1/6
f 8729/1/6 8730/1/6 8731/1/6
f 8731/1/6 8730/1/6 8732/1/6
f 8711/1/6 8723/1/6 8733/1/6
f 8733/1/6 8723/1/6 8734/1/6
f 8713/1/6 8714/1/6 8735/1/6
f 8735/1/6 8714/1/6 8736/1/6
f 8726/1/6 8727/1/6 8737/1/6
f 8737/1/6 8727/1/6 8738/1/6
