# MagicaVoxel @ Ephtracy

# group
o 

# material
mtllib Exodia.mtl
usemtl palette

# normals
vn -1 0 0
vn 1 0 0
vn 0 0 1
vn 0 0 -1
vn 0 -1 0
vn 0 1 0

# texcoords
vt 0.0214844 0.5
vt 0.205078 0.5
vt 0.208984 0.5
vt 0.373047 0.5
vt 0.494141 0.5
vt 0.685547 0.5
vt 0.841797 0.5
vt 0.845703 0.5
vt 0.947266 0.5
vt 0.951172 0.5
vt 0.958984 0.5
vt 0.962891 0.5
vt 0.970703 0.5
vt 0.994141 0.5

# verts
v -2 0 2
v -2 0 -2
v -2 0.1 2
v -2 0.1 -2
v -1.9 0.9 0.3
v -1.9 0.9 -0.5
v -1.9 1.4 0.3
v -1.9 1.4 -0.5
v -1.9 1.6 0.3
v -1.9 1.6 -0.5
v -1.9 1.7 0.3
v -1.9 1.7 -0.5
v -1.9 1.8 0.3
v -1.9 1.8 -0.5
v -1.9 1.9 0.3
v -1.9 1.9 -0.5
v -1.9 2 0.3
v -1.9 2 -0.5
v -1.9 2.1 0.3
v -1.9 2.1 -0.5
v -1.9 2.7 0.3
v -1.9 2.7 -0.5
v -1.9 2.8 0.3
v -1.9 2.8 -0.5
v -1.9 2.9 0.3
v -1.9 2.9 -0.5
v -1.9 3 0.3
v -1.9 3 -0.5
v -1.9 3.1 0.3
v -1.9 3.1 -0.5
v -1.9 3.2 0.3
v -1.9 3.2 -0.5
v -1.9 3.3 0.3
v -1.9 3.3 -0.5
v -1.8 1.4 0.2
v -1.8 1.4 -0.4
v -1.8 1.6 0.2
v -1.8 1.6 -0.4
v -1.8 2.1 0.2
v -1.8 2.1 -0.4
v -1.8 2.7 0.2
v -1.8 2.7 -0.4
v -1.4 0.9 0.3
v -1.4 0.9 -0.5
v -1.4 1.3 0.3
v -1.4 1.3 -0.5
v -1.1 0.5 0.7
v -1.1 0.5 -0.9
v -1.1 0.8 0.7
v -1.1 0.8 0.6
v -1.1 0.8 -0.8
v -1.1 0.8 -0.9
v -1.1 0.9 0.6
v -1.1 0.9 0.3
v -1.1 0.9 -0.5
v -1.1 0.9 -0.8
v -1 0.8 0.7
v -1 0.8 0.6
v -1 0.8 -0.8
v -1 0.8 -0.9
v -1 0.9 0.7
v -1 0.9 0.6
v -1 0.9 -0.8
v -1 0.9 -0.9
v -1 1.2 0.6
v -1 1.2 -0.8
v -1 1.3 0.6
v -1 1.3 -0.8
v -1 1.4 0.6
v -1 1.4 -0.8
v -1 1.5 0.6
v -1 1.5 -0.8
v -1 1.6 0.6
v -1 1.6 -0.8
v -1 2 0.5
v -1 2 -0.7
v -1 2.6 0.2
v -1 2.6 -0.4
v -1 3.2 0.2
v -1 3.2 -0.4
v -1 3.3 0.5
v -1 3.3 -0.7
v -0.9 0.9 0.7
v -0.9 0.9 0.6
v -0.9 0.9 -0.8
v -0.9 0.9 -0.9
v -0.9 1 0.7
v -0.9 1 0.6
v -0.9 1 -0.8
v -0.9 1 -0.9
v -0.9 1.2 0.5
v -0.9 1.2 -0.7
v -0.9 1.3 0.5
v -0.9 1.3 -0.7
v -0.9 1.6 0.5
v -0.9 1.6 -0.6
v -0.9 2 0.5
v -0.9 2 -0.6
v -0.8 0.1 0.5
v -0.8 0.1 -0.5
v -0.8 0.3 0.5
v -0.8 0.3 0.3
v -0.8 0.3 -0.5
v -0.8 0.8 0.3
v -0.8 0.8 -0.5
v -0.8 3.3 0.5
v -0.8 3.3 -0.7
v -0.8 3.4 0.5
v -0.8 3.4 -0.7
v -0.7 1 0.7
v -0.7 1 0.6
v -0.7 1 -0.8
v -0.7 1 -0.9
v -0.7 1.1 0.7
v -0.7 1.1 0.6
v -0.7 1.1 -0.8
v -0.7 1.1 -0.9
v -0.7 2.2 -0.6
v -0.7 2.2 -0.7
v -0.7 2.4 -0.6
v -0.7 2.4 -0.7
v -0.7 2.5 -0.6
v -0.7 2.5 -0.7
v -0.7 2.6 -0.6
v -0.7 2.6 -0.7
v -0.7 2.8 0.6
v -0.7 2.8 0.5
v -0.7 2.9 0.6
v -0.7 2.9 0.5
v -0.7 3 -0.7
v -0.7 3 -0.8
v -0.7 3.1 0.6
v -0.7 3.1 0.5
v -0.7 3.1 -0.7
v -0.7 3.1 -0.8
v -0.7 3.1 -0.9
v -0.7 3.2 0.6
v -0.7 3.2 0.5
v -0.7 3.2 -0.7
v -0.7 3.2 -0.9
v -0.7 3.3 0.6
v -0.7 3.3 0.5
v -0.7 3.3 -0.7
v -0.7 3.3 -0.8
v -0.7 3.3 -0.9
v -0.7 3.4 0.6
v -0.7 3.4 0.5
v -0.7 3.4 -0.7
v -0.7 3.4 -0.8
v -0.7 3.5 0.6
v -0.7 3.5 -0.7
v -0.7 3.5 -0.8
v -0.7 3.6 0.6
v -0.7 3.6 -0.7
v -0.6 2.4 -0.6
v -0.6 2.4 -0.7
v -0.6 2.5 -0.6
v -0.6 2.5 -0.7
v -0.6 2.6 -0.6
v -0.6 2.6 -0.7
v -0.6 2.7 -0.6
v -0.6 2.7 -0.7
v -0.6 2.9 -0.7
v -0.6 2.9 -0.9
v -0.6 3 -0.7
v -0.6 3 -0.8
v -0.6 3 -0.9
v -0.6 3.1 -0.8
v -0.6 3.1 -0.9
v -0.6 3.6 0.6
v -0.6 3.6 -0.7
v -0.6 3.7 0.6
v -0.6 3.7 -0.7
v -0.6 3.8 0.6
v -0.6 3.8 -0.7
v -0.5 1.6 0.5
v -0.5 1.6 0.3
v -0.5 1.7 0.5
v -0.5 1.7 0.3
v -0.5 2.2 -0.6
v -0.5 2.2 -0.7
v -0.5 2.4 -0.6
v -0.5 2.4 -0.7
v -0.5 2.5 0.5
v -0.5 2.5 0.4
v -0.5 2.6 0.5
v -0.5 2.6 0.4
v -0.5 2.7 0.6
v -0.5 2.7 0.5
v -0.5 2.7 -0.6
v -0.5 2.7 -0.7
v -0.5 2.8 0.6
v -0.5 2.8 0.5
v -0.5 2.8 -0.6
v -0.5 2.8 -0.7
v -0.5 2.8 -0.8
v -0.5 2.9 0.7
v -0.5 2.9 0.6
v -0.5 2.9 -0.7
v -0.5 2.9 -0.8
v -0.5 3 0.6
v -0.5 3.1 0.6
v -0.5 3.2 0.6
v -0.5 3.3 0.6
v -0.5 3.4 0.6
v -0.5 3.5 0.6
v -0.5 3.6 0.8
v -0.5 3.6 0.7
v -0.5 3.6 0.6
v -0.5 3.7 0.8
v -0.5 3.7 0.6
v -0.4 0.6 0.8
v -0.4 0.6 0.6
v -0.4 0.6 -0.8
v -0.4 0.6 -1
v -0.4 0.7 0.7
v -0.4 0.7 0.6
v -0.4 0.7 -0.8
v -0.4 0.7 -0.9
v -0.4 1.1 0.7
v -0.4 1.1 0.6
v -0.4 1.1 -0.8
v -0.4 1.1 -0.9
v -0.4 1.2 0.8
v -0.4 1.2 0.6
v -0.4 1.2 -0.8
v -0.4 1.2 -1
v -0.4 1.7 0.5
v -0.4 1.7 0.3
v -0.4 1.8 0.5
v -0.4 1.8 0.3
v -0.4 2.4 0.5
v -0.4 2.4 0.4
v -0.4 2.5 0.5
v -0.4 2.5 0.4
v -0.4 2.5 -0.6
v -0.4 2.5 -0.7
v -0.4 2.6 -0.6
v -0.4 2.6 -0.7
v -0.4 2.8 -0.8
v -0.4 2.8 -0.9
v -0.4 2.9 -0.8
v -0.4 2.9 -0.9
v -0.4 3.5 0.8
v -0.4 3.5 0.7
v -0.4 3.6 0.8
v -0.4 3.6 0.7
v -0.4 3.7 0.8
v -0.4 3.7 0.6
v -0.4 3.8 0.8
v -0.4 3.8 0.6
v -0.3 0.2 0.8
v -0.3 0.2 0.6
v -0.3 0.2 -0.8
v -0.3 0.2 -1
v -0.3 0.4 0.8
v -0.3 0.4 0.6
v -0.3 0.5 0.8
v -0.3 0.5 0.6
v -0.3 0.6 0.8
v -0.3 0.6 0.6
v -0.3 0.6 -0.8
v -0.3 0.6 -1
v -0.3 2.5 0.6
v -0.3 2.5 0.5
v -0.3 2.6 0.6
v -0.3 2.6 0.5
v -0.3 2.6 -0.7
v -0.3 2.6 -0.8
v -0.3 2.7 0.6
v -0.3 2.7 0.5
v -0.3 2.7 -0.7
v -0.3 2.7 -0.8
v -0.3 2.8 -0.7
v -0.3 2.8 -0.8
v -0.3 3.8 0.8
v -0.3 3.8 -0.6
v -0.3 3.9 0.8
v -0.3 3.9 -0.6
v -0.3 4 0.8
v -0.3 4 -0.6
v -0.2 1.2 0.6
v -0.2 1.2 0.5
v -0.2 1.3 0.6
v -0.2 1.3 0.5
v -0.2 1.6 0.6
v -0.2 1.6 0.5
v -0.2 1.7 0.6
v -0.2 1.7 0.5
v -0.2 1.8 0.5
v -0.2 1.8 0.3
v -0.2 1.9 0.5
v -0.2 1.9 0.3
v -0.2 2.3 0.5
v -0.2 2.3 0.4
v -0.2 2.3 -0.6
v -0.2 2.3 -0.7
v -0.2 2.4 0.5
v -0.2 2.4 0.4
v -0.2 2.5 -0.6
v -0.2 2.5 -0.7
v -0.2 2.5 -0.9
v -0.2 2.6 -0.7
v -0.2 2.6 -0.8
v -0.2 2.6 -0.9
v -0.2 2.7 -0.8
v -0.2 2.7 -0.9
v -0.2 2.8 0.8
v -0.2 2.8 0.6
v -0.2 2.8 -0.8
v -0.2 2.8 -0.9
v -0.2 2.9 0.7
v -0.2 2.9 0.6
v -0.2 3 0.8
v -0.2 3 0.7
v -0.2 4 0.8
v -0.2 4 0.7
v -0.2 4 -0.6
v -0.2 4.1 0.8
v -0.2 4.1 0.7
v -0.2 4.1 -0.6
v -0.0999999 1.9 0.5
v -0.0999999 1.9 0.3
v -0.0999999 2 0.5
v -0.0999999 2 0.4
v -0.0999999 2 0.3
v -0.0999999 2.2 0.5
v -0.0999999 2.2 0.4
v -0.0999999 2.3 0.5
v -0.0999999 2.3 0.4
v -0.0999999 2.4 0.6
v -0.0999999 2.4 0.5
v -0.0999999 2.4 -0.7
v -0.0999999 2.4 -0.8
v -0.0999999 2.5 0.6
v -0.0999999 2.5 0.5
v -0.0999999 2.5 -0.7
v -0.0999999 2.5 -0.8
v -0.0999999 2.6 0.8
v -0.0999999 2.6 0.6
v -0.0999999 2.7 0.6
v -0.0999999 2.8 0.8
v -0.0999999 2.8 0.6
v -0.0999999 3.4 0.8
v -0.0999999 3.4 0.7
v -0.0999999 3.5 0.8
v -0.0999999 3.5 0.7
v 0.1 1.3 0.6
v 0.1 1.3 0.5
v 0.1 1.5 0.5
v 0.1 1.6 0.6
v 0.1 1.6 0.5
v 0.1 2 0.4
v 0.1 2 0.3
v 0.1 2.1 0.5
v 0.1 2.1 0.4
v 0.1 2.1 0.3
v 0.1 2.2 0.5
v 0.1 2.2 0.4
v 0.1 3.8 0.8
v 0.1 3.8 0.7
v 0.1 3.9 0.7
v 0.1 4 0.8
v 0.1 4 0.7
v 0.2 0.1 0.5
v 0.2 0.1 -0.5
v 0.2 0.3 0.5
v 0.2 0.3 0.3
v 0.2 0.3 -0.5
v 0.2 0.7 0.3
v 0.2 0.7 -0.5
v 0.2 1.9 0.5
v 0.2 1.9 0.3
v 0.2 2 0.4
v 0.2 2 0.3
v 0.2 2.1 0.5
v 0.2 2.1 0.4
v 0.2 2.2 0.5
v 0.2 2.2 0.4
v 0.2 2.3 0.5
v 0.2 2.3 0.4
v 0.3 2.3 -0.6
v 0.3 2.3 -0.7
v 0.3 2.4 -0.6
v 0.3 2.4 -0.7
v 0.4 1.8 0.5
v 0.4 1.8 0.3
v 0.4 1.9 0.5
v 0.4 1.9 0.3
v 0.4 2.3 0.5
v 0.4 2.3 0.4
v 0.4 2.4 0.5
v 0.4 2.4 0.4
v 0.5 1.7 0.5
v 0.5 1.7 0.3
v 0.5 1.8 0.5
v 0.5 1.8 0.3
v 0.5 2.4 0.5
v 0.5 2.4 0.4
v 0.5 2.4 -0.6
v 0.5 2.4 -0.7
v 0.5 2.5 0.5
v 0.5 2.5 0.4
v 0.5 2.6 -0.6
v 0.5 2.6 -0.7
v 0.6 2.2 -0.6
v 0.6 2.2 -0.7
v 0.6 2.4 -0.6
v 0.6 2.4 -0.7
v 0.6 2.7 -0.6
v 0.6 2.7 -0.7
v 0.6 2.8 -0.6
v 0.6 2.8 -0.7
v 0.7 1.6 0.5
v 0.7 1.6 0.3
v 0.7 1.7 0.5
v 0.7 1.7 0.3
v 0.7 2.4 -0.6
v 0.7 2.4 -0.7
v 0.7 2.5 0.5
v 0.7 2.5 0.4
v 0.7 2.5 -0.6
v 0.7 2.5 -0.7
v 0.7 2.6 0.5
v 0.7 2.6 0.4
v 0.7 2.6 -0.6
v 0.7 2.6 -0.7
v 0.7 2.7 -0.6
v 0.7 2.7 -0.7
v 0.8 2.2 -0.6
v 0.8 2.2 -0.7
v 0.8 2.4 -0.6
v 0.8 2.4 -0.7
v 0.8 2.5 -0.6
v 0.8 2.5 -0.7
v 0.8 2.6 -0.6
v 0.8 2.6 -0.7
v 0.9 0.6 0.7
v 0.9 0.6 -0.9
v 0.9 0.7 0.7
v 0.9 0.7 0.6
v 0.9 0.7 -0.8
v 0.9 0.7 -0.9
v 0.9 0.8 0.6
v 0.9 0.8 -0.7
v 0.9 0.8 -0.8
v 1 0.5 0.7
v 1 0.5 -0.9
v 1 0.6 0.7
v 1 0.6 -0.9
v 1.1 0.9 0.3
v 1.1 0.9 -0.5
v 1.1 1 0.2
v 1.1 1 0.0999999
v 1.1 1.2 0.2
v 1.1 1.2 0.0999999
v 1.1 1.4 0.3
v 1.1 1.4 -0.5
v 1.1 1.6 0.3
v 1.1 1.6 -0.5
v 1.1 1.7 0.3
v 1.1 1.7 -0.5
v 1.1 1.8 0.3
v 1.1 1.8 -0.5
v 1.1 1.9 0.3
v 1.1 1.9 -0.5
v 1.1 2 0.3
v 1.1 2 -0.5
v 1.1 2.1 0.3
v 1.1 2.1 -0.5
v 1.2 1.4 0.2
v 1.2 1.4 -0.4
v 1.2 1.6 0.2
v 1.2 1.6 -0.4
v 1.2 2.1 0.2
v 1.2 2.1 -0.4
v 1.2 2.6 0.2
v 1.2 2.6 -0.4
v 1.2 2.7 0.3
v 1.2 2.7 0.2
v 1.2 2.7 -0.4
v 1.2 2.7 -0.5
v 1.2 2.8 0.3
v 1.2 2.8 0.2
v 1.2 2.8 -0.4
v 1.2 2.8 -0.5
v 1.2 2.9 0.3
v 1.2 2.9 0.2
v 1.2 2.9 -0.4
v 1.2 2.9 -0.5
v 1.2 3 0.3
v 1.2 3 0.2
v 1.2 3 -0.4
v 1.2 3 -0.5
v 1.2 3.1 0.3
v 1.2 3.1 0.2
v 1.2 3.1 -0.4
v 1.2 3.1 -0.5
v 1.2 3.2 0.3
v 1.2 3.2 0.2
v 1.2 3.2 -0.4
v 1.2 3.2 -0.5
v 1.2 3.3 0.3
v 1.2 3.3 -0.5
v 1.6 0.9 0.3
v 1.6 0.9 -0.5
v 1.6 1.3 0.3
v 1.6 1.3 -0.5
v -1.6 0.9 0.3
v -1.6 0.9 -0.5
v -1.6 1.3 0.3
v -1.6 1.3 -0.5
v -1.2 1.4 0.2
v -1.2 1.4 -0.4
v -1.2 1.6 0.2
v -1.2 1.6 -0.4
v -1.2 2.1 0.2
v -1.2 2.1 -0.4
v -1.2 2.6 0.2
v -1.2 2.6 -0.4
v -1.2 2.7 0.3
v -1.2 2.7 0.2
v -1.2 2.7 -0.4
v -1.2 2.7 -0.5
v -1.2 2.8 0.3
v -1.2 2.8 0.2
v -1.2 2.8 -0.4
v -1.2 2.8 -0.5
v -1.2 2.9 0.3
v -1.2 2.9 0.2
v -1.2 2.9 -0.4
v -1.2 2.9 -0.5
v -1.2 3 0.3
v -1.2 3 0.2
v -1.2 3 -0.4
v -1.2 3 -0.5
v -1.2 3.1 0.3
v -1.2 3.1 0.2
v -1.2 3.1 -0.4
v -1.2 3.1 -0.5
v -1.2 3.2 0.3
v -1.2 3.2 0.2
v -1.2 3.2 -0.4
v -1.2 3.2 -0.5
v -1.2 3.3 0.3
v -1.2 3.3 -0.5
v -1.1 0.9 0.3
v -1.1 0.9 -0.5
v -1.1 1 0.2
v -1.1 1 0.0999999
v -1.1 1.2 0.2
v -1.1 1.2 0.0999999
v -1.1 1.4 0.3
v -1.1 1.4 -0.5
v -1.1 1.6 0.3
v -1.1 1.6 -0.5
v -1.1 1.7 0.3
v -1.1 1.7 -0.5
v -1.1 1.8 0.3
v -1.1 1.8 -0.5
v -1.1 1.9 0.3
v -1.1 1.9 -0.5
v -1.1 2 0.3
v -1.1 2 -0.5
v -1.1 2.1 0.3
v -1.1 2.1 -0.5
v -1 0.5 0.7
v -1 0.5 -0.9
v -1 0.6 0.7
v -1 0.6 -0.9
v -0.9 0.6 0.7
v -0.9 0.6 -0.9
v -0.9 0.7 0.7
v -0.9 0.7 0.6
v -0.9 0.7 -0.8
v -0.9 0.7 -0.9
v -0.9 0.8 0.6
v -0.9 0.8 -0.7
v -0.9 0.8 -0.8
v -0.8 2.2 -0.6
v -0.8 2.2 -0.7
v -0.8 2.4 -0.6
v -0.8 2.4 -0.7
v -0.8 2.5 -0.6
v -0.8 2.5 -0.7
v -0.8 2.6 -0.6
v -0.8 2.6 -0.7
v -0.7 1.6 0.5
v -0.7 1.6 0.3
v -0.7 1.7 0.5
v -0.7 1.7 0.3
v -0.7 2.4 -0.6
v -0.7 2.4 -0.7
v -0.7 2.5 0.5
v -0.7 2.5 0.4
v -0.7 2.5 -0.6
v -0.7 2.5 -0.7
v -0.7 2.6 0.5
v -0.7 2.6 0.4
v -0.7 2.6 -0.6
v -0.7 2.6 -0.7
v -0.7 2.7 -0.6
v -0.7 2.7 -0.7
v -0.6 2.2 -0.6
v -0.6 2.2 -0.7
v -0.6 2.4 -0.6
v -0.6 2.4 -0.7
v -0.6 2.7 -0.6
v -0.6 2.7 -0.7
v -0.6 2.8 -0.6
v -0.6 2.8 -0.7
v -0.5 1.7 0.5
v -0.5 1.7 0.3
v -0.5 1.8 0.5
v -0.5 1.8 0.3
v -0.5 2.4 0.5
v -0.5 2.4 0.4
v -0.5 2.4 -0.6
v -0.5 2.4 -0.7
v -0.5 2.5 0.5
v -0.5 2.5 0.4
v -0.5 2.6 -0.6
v -0.5 2.6 -0.7
v -0.4 1.8 0.5
v -0.4 1.8 0.3
v -0.4 1.9 0.5
v -0.4 1.9 0.3
v -0.4 2.3 0.5
v -0.4 2.3 0.4
v -0.4 2.4 0.5
v -0.4 2.4 0.4
v -0.3 2.3 -0.6
v -0.3 2.3 -0.7
v -0.3 2.4 -0.6
v -0.3 2.4 -0.7
v -0.2 0.1 0.5
v -0.2 0.1 -0.5
v -0.2 0.3 0.5
v -0.2 0.3 0.3
v -0.2 0.3 -0.5
v -0.2 0.7 0.3
v -0.2 0.7 -0.5
v -0.2 1.9 0.5
v -0.2 1.9 0.3
v -0.2 2 0.4
v -0.2 2 0.3
v -0.2 2.1 0.5
v -0.2 2.1 0.4
v -0.2 2.2 0.5
v -0.2 2.2 0.4
v -0.2 2.3 0.5
v -0.2 2.3 0.4
v -0.0999999 1.3 0.6
v -0.0999999 1.3 0.5
v -0.0999999 1.4 0.5
v -0.0999999 1.5 0.5
v -0.0999999 1.6 0.6
v -0.0999999 1.6 0.5
v -0.0999999 2 0.4
v -0.0999999 2 0.3
v -0.0999999 2.1 0.5
v -0.0999999 2.1 0.4
v -0.0999999 2.1 0.3
v -0.0999999 2.2 0.5
v -0.0999999 2.2 0.4
v -0.0999999 3.8 0.8
v -0.0999999 3.8 0.7
v -0.0999999 3.9 0.7
v -0.0999999 4 0.8
v -0.0999999 4 0.7
v 0.1 1.9 0.5
v 0.1 1.9 0.3
v 0.1 2 0.5
v 0.1 2 0.4
v 0.1 2 0.3
v 0.1 2.2 0.5
v 0.1 2.2 0.4
v 0.1 2.3 0.5
v 0.1 2.3 0.4
v 0.1 2.4 0.6
v 0.1 2.4 0.5
v 0.1 2.4 -0.7
v 0.1 2.4 -0.8
v 0.1 2.5 0.6
v 0.1 2.5 0.5
v 0.1 2.5 -0.7
v 0.1 2.5 -0.8
v 0.1 2.6 0.8
v 0.1 2.6 0.6
v 0.1 2.7 0.6
v 0.1 2.8 0.8
v 0.1 2.8 0.6
v 0.1 3.4 0.8
v 0.1 3.4 0.7
v 0.1 3.5 0.8
v 0.1 3.5 0.7
v 0.2 1.2 0.6
v 0.2 1.2 0.5
v 0.2 1.3 0.6
v 0.2 1.3 0.5
v 0.2 1.6 0.6
v 0.2 1.6 0.5
v 0.2 1.7 0.6
v 0.2 1.7 0.5
v 0.2 1.8 0.5
v 0.2 1.8 0.3
v 0.2 1.9 0.5
v 0.2 1.9 0.3
v 0.2 2.3 0.5
v 0.2 2.3 0.4
v 0.2 2.3 -0.6
v 0.2 2.3 -0.7
v 0.2 2.4 0.5
v 0.2 2.4 0.4
v 0.2 2.5 -0.6
v 0.2 2.5 -0.7
v 0.2 2.5 -0.9
v 0.2 2.6 -0.7
v 0.2 2.6 -0.8
v 0.2 2.6 -0.9
v 0.2 2.7 -0.8
v 0.2 2.7 -0.9
v 0.2 2.8 0.8
v 0.2 2.8 0.6
v 0.2 2.8 -0.8
v 0.2 2.8 -0.9
v 0.2 2.9 0.7
v 0.2 2.9 0.6
v 0.2 3 0.8
v 0.2 3 0.7
v 0.2 4 0.8
v 0.2 4 0.7
v 0.2 4 -0.6
v 0.2 4.1 0.8
v 0.2 4.1 0.7
v 0.2 4.1 -0.6
v 0.3 0.2 0.8
v 0.3 0.2 0.6
v 0.3 0.2 -0.8
v 0.3 0.2 -1
v 0.3 0.4 0.8
v 0.3 0.4 0.6
v 0.3 0.5 0.8
v 0.3 0.5 0.6
v 0.3 0.6 0.8
v 0.3 0.6 0.6
v 0.3 0.6 -0.8
v 0.3 0.6 -1
v 0.3 2.5 0.6
v 0.3 2.5 0.5
v 0.3 2.6 0.6
v 0.3 2.6 0.5
v 0.3 2.6 -0.7
v 0.3 2.6 -0.8
v 0.3 2.7 0.6
v 0.3 2.7 0.5
v 0.3 2.7 -0.7
v 0.3 2.7 -0.8
v 0.3 2.8 -0.7
v 0.3 2.8 -0.8
v 0.3 3.8 0.8
v 0.3 3.8 -0.6
v 0.3 3.9 0.8
v 0.3 3.9 -0.6
v 0.3 4 0.8
v 0.3 4 -0.6
v 0.4 0.6 0.8
v 0.4 0.6 0.6
v 0.4 0.6 -0.8
v 0.4 0.6 -1
v 0.4 0.7 0.7
v 0.4 0.7 0.6
v 0.4 0.7 -0.8
v 0.4 0.7 -0.9
v 0.4 1.1 0.7
v 0.4 1.1 0.6
v 0.4 1.1 -0.8
v 0.4 1.1 -0.9
v 0.4 1.2 0.8
v 0.4 1.2 0.6
v 0.4 1.2 -0.8
v 0.4 1.2 -1
v 0.4 1.7 0.5
v 0.4 1.7 0.3
v 0.4 1.8 0.5
v 0.4 1.8 0.3
v 0.4 2.4 0.5
v 0.4 2.4 0.4
v 0.4 2.5 0.5
v 0.4 2.5 0.4
v 0.4 2.5 -0.6
v 0.4 2.5 -0.7
v 0.4 2.6 -0.6
v 0.4 2.6 -0.7
v 0.4 2.8 -0.8
v 0.4 2.8 -0.9
v 0.4 2.9 -0.8
v 0.4 2.9 -0.9
v 0.4 3.5 0.8
v 0.4 3.5 0.7
v 0.4 3.6 0.8
v 0.4 3.6 0.7
v 0.4 3.7 0.8
v 0.4 3.7 0.6
v 0.4 3.8 0.8
v 0.4 3.8 0.6
v 0.5 1.6 0.5
v 0.5 1.6 0.3
v 0.5 1.7 0.5
v 0.5 1.7 0.3
v 0.5 2.2 -0.6
v 0.5 2.2 -0.7
v 0.5 2.4 -0.6
v 0.5 2.4 -0.7
v 0.5 2.5 0.5
v 0.5 2.5 0.4
v 0.5 2.6 0.5
v 0.5 2.6 0.4
v 0.5 2.7 0.6
v 0.5 2.7 0.5
v 0.5 2.7 -0.6
v 0.5 2.7 -0.7
v 0.5 2.8 0.6
v 0.5 2.8 0.5
v 0.5 2.8 -0.6
v 0.5 2.8 -0.7
v 0.5 2.8 -0.8
v 0.5 2.9 0.7
v 0.5 2.9 0.6
v 0.5 2.9 -0.7
v 0.5 2.9 -0.8
v 0.5 3 0.6
v 0.5 3.1 0.6
v 0.5 3.2 0.6
v 0.5 3.3 0.6
v 0.5 3.4 0.6
v 0.5 3.5 0.6
v 0.5 3.6 0.8
v 0.5 3.6 0.7
v 0.5 3.6 0.6
v 0.5 3.7 0.8
v 0.5 3.7 0.6
v 0.6 2.4 -0.6
v 0.6 2.4 -0.7
v 0.6 2.5 -0.6
v 0.6 2.5 -0.7
v 0.6 2.6 -0.6
v 0.6 2.6 -0.7
v 0.6 2.7 -0.6
v 0.6 2.7 -0.7
v 0.6 2.9 -0.7
v 0.6 2.9 -0.9
v 0.6 3 -0.7
v 0.6 3 -0.8
v 0.6 3 -0.9
v 0.6 3.1 -0.8
v 0.6 3.1 -0.9
v 0.6 3.6 0.6
v 0.6 3.6 -0.7
v 0.6 3.7 0.6
v 0.6 3.7 -0.7
v 0.6 3.8 0.6
v 0.6 3.8 -0.7
v 0.7 1 0.7
v 0.7 1 0.6
v 0.7 1 -0.8
v 0.7 1 -0.9
v 0.7 1.1 0.7
v 0.7 1.1 0.6
v 0.7 1.1 -0.8
v 0.7 1.1 -0.9
v 0.7 2.2 -0.6
v 0.7 2.2 -0.7
v 0.7 2.4 -0.6
v 0.7 2.4 -0.7
v 0.7 2.5 -0.6
v 0.7 2.5 -0.7
v 0.7 2.6 -0.6
v 0.7 2.6 -0.7
v 0.7 2.8 0.6
v 0.7 2.8 0.5
v 0.7 2.9 0.6
v 0.7 2.9 0.5
v 0.7 3 -0.7
v 0.7 3 -0.8
v 0.7 3.1 0.6
v 0.7 3.1 0.5
v 0.7 3.1 -0.7
v 0.7 3.1 -0.8
v 0.7 3.1 -0.9
v 0.7 3.2 0.6
v 0.7 3.2 0.5
v 0.7 3.2 -0.7
v 0.7 3.2 -0.9
v 0.7 3.3 0.6
v 0.7 3.3 0.5
v 0.7 3.3 -0.7
v 0.7 3.3 -0.8
v 0.7 3.3 -0.9
v 0.7 3.4 0.6
v 0.7 3.4 0.5
v 0.7 3.4 -0.7
v 0.7 3.4 -0.8
v 0.7 3.5 0.6
v 0.7 3.5 -0.7
v 0.7 3.5 -0.8
v 0.7 3.6 0.6
v 0.7 3.6 -0.7
v 0.8 0.1 0.5
v 0.8 0.1 -0.5
v 0.8 0.3 0.5
v 0.8 0.3 0.3
v 0.8 0.3 -0.5
v 0.8 0.8 0.3
v 0.8 0.8 -0.5
v 0.8 3.3 0.5
v 0.8 3.3 -0.7
v 0.8 3.4 0.5
v 0.8 3.4 -0.7
v 0.9 0.9 0.7
v 0.9 0.9 0.6
v 0.9 0.9 -0.8
v 0.9 0.9 -0.9
v 0.9 1 0.7
v 0.9 1 0.6
v 0.9 1 -0.8
v 0.9 1 -0.9
v 0.9 1.2 0.5
v 0.9 1.2 -0.7
v 0.9 1.3 0.5
v 0.9 1.3 -0.7
v 0.9 1.6 0.5
v 0.9 1.6 -0.6
v 0.9 2 0.5
v 0.9 2 -0.6
v 1 0.8 0.7
v 1 0.8 0.6
v 1 0.8 -0.8
v 1 0.8 -0.9
v 1 0.9 0.7
v 1 0.9 0.6
v 1 0.9 -0.8
v 1 0.9 -0.9
v 1 1.2 0.6
v 1 1.2 -0.8
v 1 1.3 0.6
v 1 1.3 -0.8
v 1 1.4 0.6
v 1 1.4 -0.8
v 1 1.5 0.6
v 1 1.5 -0.8
v 1 1.6 0.6
v 1 1.6 -0.8
v 1 2 0.5
v 1 2 -0.7
v 1 2.6 0.2
v 1 2.6 -0.4
v 1 3.2 0.2
v 1 3.2 -0.4
v 1 3.3 0.5
v 1 3.3 -0.7
v 1.1 0.5 0.7
v 1.1 0.5 -0.9
v 1.1 0.8 0.7
v 1.1 0.8 0.6
v 1.1 0.8 -0.8
v 1.1 0.8 -0.9
v 1.1 0.9 0.6
v 1.1 0.9 0.3
v 1.1 0.9 -0.5
v 1.1 0.9 -0.8
v 1.4 0.9 0.3
v 1.4 0.9 -0.5
v 1.4 1.3 0.3
v 1.4 1.3 -0.5
v 1.8 1.4 0.2
v 1.8 1.4 -0.4
v 1.8 1.6 0.2
v 1.8 1.6 -0.4
v 1.8 2.1 0.2
v 1.8 2.1 -0.4
v 1.8 2.7 0.2
v 1.8 2.7 -0.4
v 1.9 0.9 0.3
v 1.9 0.9 -0.5
v 1.9 1.4 0.3
v 1.9 1.4 -0.5
v 1.9 1.6 0.3
v 1.9 1.6 -0.5
v 1.9 1.7 0.3
v 1.9 1.7 -0.5
v 1.9 1.8 0.3
v 1.9 1.8 -0.5
v 1.9 1.9 0.3
v 1.9 1.9 -0.5
v 1.9 2 0.3
v 1.9 2 -0.5
v 1.9 2.1 0.3
v 1.9 2.1 -0.5
v 1.9 2.7 0.3
v 1.9 2.7 -0.5
v 1.9 2.8 0.3
v 1.9 2.8 -0.5
v 1.9 2.9 0.3
v 1.9 2.9 -0.5
v 1.9 3 0.3
v 1.9 3 -0.5
v 1.9 3.1 0.3
v 1.9 3.1 -0.5
v 1.9 3.2 0.3
v 1.9 3.2 -0.5
v 1.9 3.3 0.3
v 1.9 3.3 -0.5
v 2 0 2
v 2 0 -2
v 2 0.1 2
v 2 0.1 -2
v -2 0 2
v -2 0.1 2
v 2 0 2
v 2 0.1 2
v -0.5 3.6 0.8
v -0.5 3.7 0.8
v -0.4 0.6 0.8
v -0.4 1.2 0.8
v -0.4 3.5 0.8
v -0.4 3.6 0.8
v -0.4 3.7 0.8
v -0.4 3.8 0.8
v -0.3 0.2 0.8
v -0.3 0.4 0.8
v -0.3 0.5 0.8
v -0.3 0.6 0.8
v -0.3 0.7 0.8
v -0.3 1.1 0.8
v -0.3 3.8 0.8
v -0.3 3.9 0.8
v -0.3 4 0.8
v -0.2 0.3 0.8
v -0.2 0.4 0.8
v -0.2 0.5 0.8
v -0.2 0.7 0.8
v -0.2 0.8 0.8
v -0.2 1 0.8
v -0.2 2.8 0.8
v -0.2 3 0.8
v -0.2 3.7 0.8
v -0.2 3.8 0.8
v -0.2 3.9 0.8
v -0.2 4 0.8
v -0.2 4.1 0.8
v -0.0999999 0.3 0.8
v -0.0999999 0.5 0.8
v -0.0999999 0.6 0.8
v -0.0999999 0.7 0.8
v -0.0999999 0.8 0.8
v -0.0999999 0.9 0.8
v -0.0999999 2.6 0.8
v -0.0999999 2.8 0.8
v -0.0999999 3.4 0.8
v -0.0999999 3.5 0.8
v -0.0999999 3.8 0.8
v -0.0999999 4 0.8
v 0.1 0.3 0.8
v 0.1 0.5 0.8
v 0.1 0.6 0.8
v 0.1 0.7 0.8
v 0.1 0.8 0.8
v 0.1 0.9 0.8
v 0.1 2.6 0.8
v 0.1 2.8 0.8
v 0.1 3.4 0.8
v 0.1 3.5 0.8
v 0.1 3.8 0.8
v 0.1 4 0.8
v 0.2 0.3 0.8
v 0.2 0.4 0.8
v 0.2 0.5 0.8
v 0.2 0.7 0.8
v 0.2 0.8 0.8
v 0.2 1 0.8
v 0.2 2.8 0.8
v 0.2 3 0.8
v 0.2 3.7 0.8
v 0.2 3.8 0.8
v 0.2 3.9 0.8
v 0.2 4 0.8
v 0.2 4.1 0.8
v 0.3 0.2 0.8
v 0.3 0.4 0.8
v 0.3 0.5 0.8
v 0.3 0.6 0.8
v 0.3 0.7 0.8
v 0.3 1.1 0.8
v 0.3 3.8 0.8
v 0.3 3.9 0.8
v 0.3 4 0.8
v 0.4 0.6 0.8
v 0.4 1.2 0.8
v 0.4 3.5 0.8
v 0.4 3.6 0.8
v 0.4 3.7 0.8
v 0.4 3.8 0.8
v 0.5 3.6 0.8
v 0.5 3.7 0.8
v -1.1 0.5 0.7
v -1.1 0.8 0.7
v -1 0.5 0.7
v -1 0.6 0.7
v -1 0.8 0.7
v -1 0.9 0.7
v -0.9 0.6 0.7
v -0.9 0.7 0.7
v -0.9 0.9 0.7
v -0.9 1 0.7
v -0.7 1 0.7
v -0.7 1.1 0.7
v -0.5 2.9 0.7
v -0.5 3.6 0.7
v -0.4 0.7 0.7
v -0.4 1.1 0.7
v -0.4 3.1 0.7
v -0.4 3.2 0.7
v -0.4 3.3 0.7
v -0.4 3.5 0.7
v -0.4 3.6 0.7
v -0.3 3 0.7
v -0.3 3.1 0.7
v -0.3 3.2 0.7
v -0.3 3.3 0.7
v -0.3 3.4 0.7
v -0.3 3.5 0.7
v -0.2 2.9 0.7
v -0.2 3 0.7
v -0.2 3.1 0.7
v -0.2 3.2 0.7
v -0.2 3.3 0.7
v -0.2 3.4 0.7
v -0.0999999 3 0.7
v -0.0999999 3.1 0.7
v -0.0999999 3.2 0.7
v -0.0999999 3.3 0.7
v -0.0999999 3.4 0.7
v -0.0999999 3.5 0.7
v -0.0999999 3.8 0.7
v -0.0999999 3.9 0.7
v -0.0999999 4 0.7
v 2.38419e-07 3.8 0.7
v 2.38419e-07 3.9 0.7
v 2.38419e-07 4 0.7
v 0.1 3 0.7
v 0.1 3.1 0.7
v 0.1 3.2 0.7
v 0.1 3.3 0.7
v 0.1 3.4 0.7
v 0.1 3.5 0.7
v 0.1 3.8 0.7
v 0.1 3.9 0.7
v 0.1 4 0.7
v 0.2 2.9 0.7
v 0.2 3 0.7
v 0.2 3.1 0.7
v 0.2 3.2 0.7
v 0.2 3.3 0.7
v 0.2 3.4 0.7
v 0.3 3 0.7
v 0.3 3.1 0.7
v 0.3 3.2 0.7
v 0.3 3.3 0.7
v 0.3 3.4 0.7
v 0.3 3.5 0.7
v 0.4 0.7 0.7
v 0.4 1.1 0.7
v 0.4 3.1 0.7
v 0.4 3.2 0.7
v 0.4 3.3 0.7
v 0.4 3.5 0.7
v 0.4 3.6 0.7
v 0.5 2.9 0.7
v 0.5 3.6 0.7
v 0.7 1 0.7
v 0.7 1.1 0.7
v 0.9 0.6 0.7
v 0.9 0.7 0.7
v 0.9 0.9 0.7
v 0.9 1 0.7
v 1 0.5 0.7
v 1 0.6 0.7
v 1 0.8 0.7
v 1 0.9 0.7
v 1.1 0.5 0.7
v 1.1 0.8 0.7
v -1.1 0.8 0.6
v -1.1 0.9 0.6
v -1 0.8 0.6
v -1 0.9 0.6
v -1 1.2 0.6
v -1 1.3 0.6
v -1 1.4 0.6
v -1 1.5 0.6
v -1 1.6 0.6
v -0.9 0.9 0.6
v -0.9 1 0.6
v -0.7 1 0.6
v -0.7 1.1 0.6
v -0.7 2.8 0.6
v -0.7 2.9 0.6
v -0.7 3.1 0.6
v -0.7 3.2 0.6
v -0.7 3.3 0.6
v -0.7 3.4 0.6
v -0.7 3.5 0.6
v -0.7 3.6 0.6
v -0.6 2.8 0.6
v -0.6 2.9 0.6
v -0.6 3 0.6
v -0.6 3.6 0.6
v -0.6 3.7 0.6
v -0.6 3.8 0.6
v -0.5 2.7 0.6
v -0.5 2.8 0.6
v -0.5 2.9 0.6
v -0.5 3 0.6
v -0.5 3.1 0.6
v -0.5 3.2 0.6
v -0.5 3.3 0.6
v -0.5 3.4 0.6
v -0.5 3.5 0.6
v -0.5 3.6 0.6
v -0.5 3.7 0.6
v -0.4 1.1 0.6
v -0.4 1.2 0.6
v -0.4 2.7 0.6
v -0.4 2.8 0.6
v -0.4 2.9 0.6
v -0.4 3.7 0.6
v -0.4 3.8 0.6
v -0.3 2.5 0.6
v -0.3 2.6 0.6
v -0.3 2.7 0.6
v -0.3 2.8 0.6
v -0.3 2.9 0.6
v -0.2 1.2 0.6
v -0.2 1.3 0.6
v -0.2 1.4 0.6
v -0.2 1.5 0.6
v -0.2 1.6 0.6
v -0.2 1.7 0.6
v -0.2 2.6 0.6
v -0.2 2.7 0.6
v -0.2 2.8 0.6
v -0.2 2.9 0.6
v -0.0999999 1.3 0.6
v -0.0999999 1.6 0.6
v -0.0999999 2.4 0.6
v -0.0999999 2.5 0.6
v -0.0999999 2.6 0.6
v -0.0999999 2.7 0.6
v -0.0999999 2.8 0.6
v 0.1 1.3 0.6
v 0.1 1.6 0.6
v 0.1 2.4 0.6
v 0.1 2.5 0.6
v 0.1 2.6 0.6
v 0.1 2.7 0.6
v 0.1 2.8 0.6
v 0.2 1.2 0.6
v 0.2 1.3 0.6
v 0.2 1.4 0.6
v 0.2 1.5 0.6
v 0.2 1.6 0.6
v 0.2 1.7 0.6
v 0.2 2.6 0.6
v 0.2 2.7 0.6
v 0.2 2.8 0.6
v 0.2 2.9 0.6
v 0.3 2.5 0.6
v 0.3 2.6 0.6
v 0.3 2.7 0.6
v 0.3 2.8 0.6
v 0.3 2.9 0.6
v 0.4 1.1 0.6
v 0.4 1.2 0.6
v 0.4 2.7 0.6
v 0.4 2.8 0.6
v 0.4 2.9 0.6
v 0.4 3.7 0.6
v 0.4 3.8 0.6
v 0.5 2.7 0.6
v 0.5 2.8 0.6
v 0.5 2.9 0.6
v 0.5 3 0.6
v 0.5 3.1 0.6
v 0.5 3.2 0.6
v 0.5 3.3 0.6
v 0.5 3.4 0.6
v 0.5 3.5 0.6
v 0.5 3.6 0.6
v 0.5 3.7 0.6
v 0.6 2.8 0.6
v 0.6 2.9 0.6
v 0.6 3 0.6
v 0.6 3.6 0.6
v 0.6 3.7 0.6
v 0.6 3.8 0.6
v 0.7 1 0.6
v 0.7 1.1 0.6
v 0.7 2.8 0.6
v 0.7 2.9 0.6
v 0.7 3.1 0.6
v 0.7 3.2 0.6
v 0.7 3.3 0.6
v 0.7 3.4 0.6
v 0.7 3.5 0.6
v 0.7 3.6 0.6
v 0.9 0.9 0.6
v 0.9 1 0.6
v 1 0.8 0.6
v 1 0.9 0.6
v 1 1.2 0.6
v 1 1.3 0.6
v 1 1.4 0.6
v 1 1.5 0.6
v 1 1.6 0.6
v 1.1 0.8 0.6
v 1.1 0.9 0.6
v -1 2 0.5
v -1 3.3 0.5
v -0.9 1.2 0.5
v -0.9 1.3 0.5
v -0.9 1.6 0.5
v -0.9 2 0.5
v -0.8 0.1 0.5
v -0.8 0.3 0.5
v -0.8 3.3 0.5
v -0.8 3.4 0.5
v -0.7 1.6 0.5
v -0.7 1.7 0.5
v -0.7 2.5 0.5
v -0.7 2.6 0.5
v -0.7 2.8 0.5
v -0.7 2.9 0.5
v -0.7 3.1 0.5
v -0.7 3.2 0.5
v -0.7 3.3 0.5
v -0.7 3.4 0.5
v -0.6 2.8 0.5
v -0.5 1.6 0.5
v -0.5 1.7 0.5
v -0.5 1.8 0.5
v -0.5 2.4 0.5
v -0.5 2.5 0.5
v -0.5 2.6 0.5
v -0.5 2.7 0.5
v -0.5 2.8 0.5
v -0.4 1.2 0.5
v -0.4 1.7 0.5
v -0.4 1.8 0.5
v -0.4 1.9 0.5
v -0.4 2.3 0.5
v -0.4 2.4 0.5
v -0.4 2.5 0.5
v -0.4 2.7 0.5
v -0.3 2.5 0.5
v -0.3 2.6 0.5
v -0.3 2.7 0.5
v -0.2 0.1 0.5
v -0.2 0.3 0.5
v -0.2 1.2 0.5
v -0.2 1.3 0.5
v -0.2 1.6 0.5
v -0.2 1.7 0.5
v -0.2 1.8 0.5
v -0.2 1.9 0.5
v -0.2 2.1 0.5
v -0.2 2.2 0.5
v -0.2 2.3 0.5
v -0.2 2.4 0.5
v -0.0999999 1.3 0.5
v -0.0999999 1.4 0.5
v -0.0999999 1.5 0.5
v -0.0999999 1.6 0.5
v -0.0999999 1.9 0.5
v -0.0999999 2 0.5
v -0.0999999 2.1 0.5
v -0.0999999 2.2 0.5
v -0.0999999 2.3 0.5
v -0.0999999 2.4 0.5
v -0.0999999 2.5 0.5
v 2.38419e-07 1.4 0.5
v 2.38419e-07 1.5 0.5
v 2.38419e-07 1.6 0.5
v 0.1 1.3 0.5
v 0.1 1.5 0.5
v 0.1 1.6 0.5
v 0.1 1.9 0.5
v 0.1 2 0.5
v 0.1 2.1 0.5
v 0.1 2.2 0.5
v 0.1 2.3 0.5
v 0.1 2.4 0.5
v 0.1 2.5 0.5
v 0.2 0.1 0.5
v 0.2 0.3 0.5
v 0.2 1.2 0.5
v 0.2 1.3 0.5
v 0.2 1.6 0.5
v 0.2 1.7 0.5
v 0.2 1.8 0.5
v 0.2 1.9 0.5
v 0.2 2.1 0.5
v 0.2 2.2 0.5
v 0.2 2.3 0.5
v 0.2 2.4 0.5
v 0.3 2.5 0.5
v 0.3 2.6 0.5
v 0.3 2.7 0.5
v 0.4 1.2 0.5
v 0.4 1.7 0.5
v 0.4 1.8 0.5
v 0.4 1.9 0.5
v 0.4 2.3 0.5
v 0.4 2.4 0.5
v 0.4 2.5 0.5
v 0.4 2.7 0.5
v 0.5 1.6 0.5
v 0.5 1.7 0.5
v 0.5 1.8 0.5
v 0.5 2.4 0.5
v 0.5 2.5 0.5
v 0.5 2.6 0.5
v 0.5 2.7 0.5
v 0.5 2.8 0.5
v 0.6 2.8 0.5
v 0.7 1.6 0.5
v 0.7 1.7 0.5
v 0.7 2.5 0.5
v 0.7 2.6 0.5
v 0.7 2.8 0.5
v 0.7 2.9 0.5
v 0.7 3.1 0.5
v 0.7 3.2 0.5
v 0.7 3.3 0.5
v 0.7 3.4 0.5
v 0.8 0.1 0.5
v 0.8 0.3 0.5
v 0.8 3.3 0.5
v 0.8 3.4 0.5
v 0.9 1.2 0.5
v 0.9 1.3 0.5
v 0.9 1.6 0.5
v 0.9 2 0.5
v 1 2 0.5
v 1 3.3 0.5
v -0.7 2.5 0.4
v -0.7 2.6 0.4
v -0.5 2.4 0.4
v -0.5 2.5 0.4
v -0.5 2.6 0.4
v -0.4 2.3 0.4
v -0.4 2.4 0.4
v -0.4 2.5 0.4
v -0.2 2 0.4
v -0.2 2.1 0.4
v -0.2 2.2 0.4
v -0.2 2.3 0.4
v -0.2 2.4 0.4
v -0.0999999 2 0.4
v -0.0999999 2.1 0.4
v -0.0999999 2.2 0.4
v -0.0999999 2.3 0.4
v 0.1 2 0.4
v 0.1 2.1 0.4
v 0.1 2.2 0.4
v 0.1 2.3 0.4
v 0.2 2 0.4
v 0.2 2.1 0.4
v 0.2 2.2 0.4
v 0.2 2.3 0.4
v 0.2 2.4 0.4
v 0.4 2.3 0.4
v 0.4 2.4 0.4
v 0.4 2.5 0.4
v 0.5 2.4 0.4
v 0.5 2.5 0.4
v 0.5 2.6 0.4
v 0.7 2.5 0.4
v 0.7 2.6 0.4
v -1.9 0.9 0.3
v -1.9 1.4 0.3
v -1.9 1.6 0.3
v -1.9 1.7 0.3
v -1.9 1.8 0.3
v -1.9 1.9 0.3
v -1.9 2 0.3
v -1.9 2.1 0.3
v -1.9 2.7 0.3
v -1.9 2.8 0.3
v -1.9 2.9 0.3
v -1.9 3 0.3
v -1.9 3.1 0.3
v -1.9 3.2 0.3
v -1.9 3.3 0.3
v -1.6 0.9 0.3
v -1.6 1.3 0.3
v -1.4 0.9 0.3
v -1.4 1.3 0.3
v -1.2 2.7 0.3
v -1.2 2.8 0.3
v -1.2 2.9 0.3
v -1.2 3 0.3
v -1.2 3.1 0.3
v -1.2 3.2 0.3
v -1.2 3.3 0.3
v -1.1 0.9 0.3
v -1.1 1.4 0.3
v -1.1 1.6 0.3
v -1.1 1.7 0.3
v -1.1 1.8 0.3
v -1.1 1.9 0.3
v -1.1 2 0.3
v -1.1 2.1 0.3
v -0.8 0.3 0.3
v -0.8 0.8 0.3
v -0.7 1.6 0.3
v -0.7 1.7 0.3
v -0.5 1.6 0.3
v -0.5 1.7 0.3
v -0.5 1.8 0.3
v -0.4 1.7 0.3
v -0.4 1.8 0.3
v -0.4 1.9 0.3
v -0.2 0.3 0.3
v -0.2 0.7 0.3
v -0.2 1.8 0.3
v -0.2 1.9 0.3
v -0.2 2 0.3
v -0.0999999 1.9 0.3
v -0.0999999 2 0.3
v -0.0999999 2.1 0.3
v 0.1 1.9 0.3
v 0.1 2 0.3
v 0.1 2.1 0.3
v 0.2 0.3 0.3
v 0.2 0.7 0.3
v 0.2 1.8 0.3
v 0.2 1.9 0.3
v 0.2 2 0.3
v 0.4 1.7 0.3
v 0.4 1.8 0.3
v 0.4 1.9 0.3
v 0.5 1.6 0.3
v 0.5 1.7 0.3
v 0.5 1.8 0.3
v 0.7 1.6 0.3
v 0.7 1.7 0.3
v 0.8 0.3 0.3
v 0.8 0.8 0.3
v 1.1 0.9 0.3
v 1.1 1.4 0.3
v 1.1 1.6 0.3
v 1.1 1.7 0.3
v 1.1 1.8 0.3
v 1.1 1.9 0.3
v 1.1 2 0.3
v 1.1 2.1 0.3
v 1.2 2.7 0.3
v 1.2 2.8 0.3
v 1.2 2.9 0.3
v 1.2 3 0.3
v 1.2 3.1 0.3
v 1.2 3.2 0.3
v 1.2 3.3 0.3
v 1.4 0.9 0.3
v 1.4 1.3 0.3
v 1.6 0.9 0.3
v 1.6 1.3 0.3
v 1.9 0.9 0.3
v 1.9 1.4 0.3
v 1.9 1.6 0.3
v 1.9 1.7 0.3
v 1.9 1.8 0.3
v 1.9 1.9 0.3
v 1.9 2 0.3
v 1.9 2.1 0.3
v 1.9 2.7 0.3
v 1.9 2.8 0.3
v 1.9 2.9 0.3
v 1.9 3 0.3
v 1.9 3.1 0.3
v 1.9 3.2 0.3
v 1.9 3.3 0.3
v -1.8 1.4 0.2
v -1.8 1.6 0.2
v -1.8 2.1 0.2
v -1.8 2.7 0.2
v -1.2 1.4 0.2
v -1.2 1.6 0.2
v -1.2 2.1 0.2
v -1.2 2.6 0.2
v -1.2 2.7 0.2
v -1.2 2.8 0.2
v -1.2 2.9 0.2
v -1.2 3 0.2
v -1.2 3.1 0.2
v -1.2 3.2 0.2
v -1 2.6 0.2
v -1 3.2 0.2
v 1 2.6 0.2
v 1 3.2 0.2
v 1.2 1.4 0.2
v 1.2 1.6 0.2
v 1.2 2.1 0.2
v 1.2 2.6 0.2
v 1.2 2.7 0.2
v 1.2 2.8 0.2
v 1.2 2.9 0.2
v 1.2 3 0.2
v 1.2 3.1 0.2
v 1.2 3.2 0.2
v 1.8 1.4 0.2
v 1.8 1.6 0.2
v 1.8 2.1 0.2
v 1.8 2.7 0.2
v -0.9 0.7 -0.8
v -0.9 0.8 -0.8
v -0.4 0.6 -0.8
v -0.4 0.7 -0.8
v -0.4 0.8 -0.8
v -0.3 0.2 -0.8
v -0.3 0.6 -0.8
v 0.3 0.2 -0.8
v 0.3 0.6 -0.8
v 0.4 0.6 -0.8
v 0.4 0.7 -0.8
v 0.4 0.8 -0.8
v 0.9 0.7 -0.8
v 0.9 0.8 -0.8
v -0.9 0.7 0.6
v -0.9 0.8 0.6
v -0.4 0.6 0.6
v -0.4 0.7 0.6
v -0.4 0.8 0.6
v -0.3 0.2 0.6
v -0.3 0.4 0.6
v -0.3 0.5 0.6
v -0.3 0.6 0.6
v -0.3 0.7 0.6
v -0.3 0.8 0.6
v -0.2 0.3 0.6
v -0.2 0.4 0.6
v -0.2 0.5 0.6
v -0.2 0.7 0.6
v -0.0999999 0.3 0.6
v -0.0999999 0.5 0.6
v -0.0999999 0.6 0.6
v -0.0999999 0.7 0.6
v 0.1 0.3 0.6
v 0.1 0.5 0.6
v 0.1 0.6 0.6
v 0.1 0.7 0.6
v 0.2 0.3 0.6
v 0.2 0.4 0.6
v 0.2 0.5 0.6
v 0.2 0.7 0.6
v 0.3 0.2 0.6
v 0.3 0.4 0.6
v 0.3 0.5 0.6
v 0.3 0.6 0.6
v 0.3 0.7 0.6
v 0.3 0.8 0.6
v 0.4 0.6 0.6
v 0.4 0.7 0.6
v 0.4 0.8 0.6
v 0.9 0.7 0.6
v 0.9 0.8 0.6
v -1.8 1.4 -0.4
v -1.8 1.6 -0.4
v -1.8 2.1 -0.4
v -1.8 2.7 -0.4
v -1.2 1.4 -0.4
v -1.2 1.6 -0.4
v -1.2 2.1 -0.4
v -1.2 2.6 -0.4
v -1.2 2.7 -0.4
v -1.2 2.8 -0.4
v -1.2 2.9 -0.4
v -1.2 3 -0.4
v -1.2 3.1 -0.4
v -1.2 3.2 -0.4
v -1 2.6 -0.4
v -1 3.2 -0.4
v 1 2.6 -0.4
v 1 3.2 -0.4
v 1.2 1.4 -0.4
v 1.2 1.6 -0.4
v 1.2 2.1 -0.4
v 1.2 2.6 -0.4
v 1.2 2.7 -0.4
v 1.2 2.8 -0.4
v 1.2 2.9 -0.4
v 1.2 3 -0.4
v 1.2 3.1 -0.4
v 1.2 3.2 -0.4
v 1.8 1.4 -0.4
v 1.8 1.6 -0.4
v 1.8 2.1 -0.4
v 1.8 2.7 -0.4
v -1.9 0.9 -0.5
v -1.9 1.4 -0.5
v -1.9 1.6 -0.5
v -1.9 1.7 -0.5
v -1.9 1.8 -0.5
v -1.9 1.9 -0.5
v -1.9 2 -0.5
v -1.9 2.1 -0.5
v -1.9 2.7 -0.5
v -1.9 2.8 -0.5
v -1.9 2.9 -0.5
v -1.9 3 -0.5
v -1.9 3.1 -0.5
v -1.9 3.2 -0.5
v -1.9 3.3 -0.5
v -1.6 0.9 -0.5
v -1.6 1.3 -0.5
v -1.4 0.9 -0.5
v -1.4 1.3 -0.5
v -1.2 2.7 -0.5
v -1.2 2.8 -0.5
v -1.2 2.9 -0.5
v -1.2 3 -0.5
v -1.2 3.1 -0.5
v -1.2 3.2 -0.5
v -1.2 3.3 -0.5
v -1.1 0.9 -0.5
v -1.1 1.4 -0.5
v -1.1 1.6 -0.5
v -1.1 1.7 -0.5
v -1.1 1.8 -0.5
v -1.1 1.9 -0.5
v -1.1 2 -0.5
v -1.1 2.1 -0.5
v -0.8 0.1 -0.5
v -0.8 0.3 -0.5
v -0.8 0.8 -0.5
v -0.2 0.1 -0.5
v -0.2 0.3 -0.5
v -0.2 0.7 -0.5
v 0.2 0.1 -0.5
v 0.2 0.3 -0.5
v 0.2 0.7 -0.5
v 0.8 0.1 -0.5
v 0.8 0.3 -0.5
v 0.8 0.8 -0.5
v 1.1 0.9 -0.5
v 1.1 1.4 -0.5
v 1.1 1.6 -0.5
v 1.1 1.7 -0.5
v 1.1 1.8 -0.5
v 1.1 1.9 -0.5
v 1.1 2 -0.5
v 1.1 2.1 -0.5
v 1.2 2.7 -0.5
v 1.2 2.8 -0.5
v 1.2 2.9 -0.5
v 1.2 3 -0.5
v 1.2 3.1 -0.5
v 1.2 3.2 -0.5
v 1.2 3.3 -0.5
v 1.4 0.9 -0.5
v 1.4 1.3 -0.5
v 1.6 0.9 -0.5
v 1.6 1.3 -0.5
v 1.9 0.9 -0.5
v 1.9 1.4 -0.5
v 1.9 1.6 -0.5
v 1.9 1.7 -0.5
v 1.9 1.8 -0.5
v 1.9 1.9 -0.5
v 1.9 2 -0.5
v 1.9 2.1 -0.5
v 1.9 2.7 -0.5
v 1.9 2.8 -0.5
v 1.9 2.9 -0.5
v 1.9 3 -0.5
v 1.9 3.1 -0.5
v 1.9 3.2 -0.5
v 1.9 3.3 -0.5
v -0.9 1.6 -0.6
v -0.9 2 -0.6
v -0.8 2.2 -0.6
v -0.8 2.4 -0.6
v -0.8 2.5 -0.6
v -0.8 2.6 -0.6
v -0.7 2.2 -0.6
v -0.7 2.4 -0.6
v -0.7 2.5 -0.6
v -0.7 2.6 -0.6
v -0.7 2.7 -0.6
v -0.6 2.2 -0.6
v -0.6 2.4 -0.6
v -0.6 2.5 -0.6
v -0.6 2.6 -0.6
v -0.6 2.7 -0.6
v -0.6 2.8 -0.6
v -0.5 2.2 -0.6
v -0.5 2.4 -0.6
v -0.5 2.6 -0.6
v -0.5 2.7 -0.6
v -0.5 2.8 -0.6
v -0.4 2.5 -0.6
v -0.4 2.6 -0.6
v -0.3 2.3 -0.6
v -0.3 2.4 -0.6
v -0.3 3.8 -0.6
v -0.3 3.9 -0.6
v -0.3 4 -0.6
v -0.2 2.3 -0.6
v -0.2 2.5 -0.6
v -0.2 4 -0.6
v -0.2 4.1 -0.6
v 0.2 2.3 -0.6
v 0.2 2.5 -0.6
v 0.2 4 -0.6
v 0.2 4.1 -0.6
v 0.3 2.3 -0.6
v 0.3 2.4 -0.6
v 0.3 3.8 -0.6
v 0.3 3.9 -0.6
v 0.3 4 -0.6
v 0.4 2.5 -0.6
v 0.4 2.6 -0.6
v 0.5 2.2 -0.6
v 0.5 2.4 -0.6
v 0.5 2.6 -0.6
v 0.5 2.7 -0.6
v 0.5 2.8 -0.6
v 0.6 2.2 -0.6
v 0.6 2.4 -0.6
v 0.6 2.5 -0.6
v 0.6 2.6 -0.6
v 0.6 2.7 -0.6
v 0.6 2.8 -0.6
v 0.7 2.2 -0.6
v 0.7 2.4 -0.6
v 0.7 2.5 -0.6
v 0.7 2.6 -0.6
v 0.7 2.7 -0.6
v 0.8 2.2 -0.6
v 0.8 2.4 -0.6
v 0.8 2.5 -0.6
v 0.8 2.6 -0.6
v 0.9 1.6 -0.6
v 0.9 2 -0.6
v -1 2 -0.7
v -1 3.3 -0.7
v -0.9 1.2 -0.7
v -0.9 1.3 -0.7
v -0.8 2.2 -0.7
v -0.8 2.4 -0.7
v -0.8 2.5 -0.7
v -0.8 2.6 -0.7
v -0.8 3.3 -0.7
v -0.8 3.4 -0.7
v -0.7 2.2 -0.7
v -0.7 2.4 -0.7
v -0.7 2.5 -0.7
v -0.7 2.6 -0.7
v -0.7 2.7 -0.7
v -0.7 3 -0.7
v -0.7 3.1 -0.7
v -0.7 3.2 -0.7
v -0.7 3.3 -0.7
v -0.7 3.4 -0.7
v -0.7 3.5 -0.7
v -0.7 3.6 -0.7
v -0.6 2.2 -0.7
v -0.6 2.4 -0.7
v -0.6 2.5 -0.7
v -0.6 2.6 -0.7
v -0.6 2.7 -0.7
v -0.6 2.8 -0.7
v -0.6 2.9 -0.7
v -0.6 3 -0.7
v -0.6 3.6 -0.7
v -0.6 3.7 -0.7
v -0.6 3.8 -0.7
v -0.5 2.2 -0.7
v -0.5 2.4 -0.7
v -0.5 2.6 -0.7
v -0.5 2.7 -0.7
v -0.5 2.8 -0.7
v -0.5 2.9 -0.7
v -0.4 1.2 -0.7
v -0.4 2.5 -0.7
v -0.4 2.6 -0.7
v -0.3 2.3 -0.7
v -0.3 2.4 -0.7
v -0.3 2.6 -0.7
v -0.3 2.7 -0.7
v -0.3 2.8 -0.7
v -0.2 2.3 -0.7
v -0.2 2.5 -0.7
v -0.2 2.6 -0.7
v -0.0999999 2.4 -0.7
v -0.0999999 2.5 -0.7
v 0.1 2.4 -0.7
v 0.1 2.5 -0.7
v 0.2 2.3 -0.7
v 0.2 2.5 -0.7
v 0.2 2.6 -0.7
v 0.3 2.3 -0.7
v 0.3 2.4 -0.7
v 0.3 2.6 -0.7
v 0.3 2.7 -0.7
v 0.3 2.8 -0.7
v 0.4 1.2 -0.7
v 0.4 2.5 -0.7
v 0.4 2.6 -0.7
v 0.5 2.2 -0.7
v 0.5 2.4 -0.7
v 0.5 2.6 -0.7
v 0.5 2.7 -0.7
v 0.5 2.8 -0.7
v 0.5 2.9 -0.7
v 0.6 2.2 -0.7
v 0.6 2.4 -0.7
v 0.6 2.5 -0.7
v 0.6 2.6 -0.7
v 0.6 2.7 -0.7
v 0.6 2.8 -0.7
v 0.6 2.9 -0.7
v 0.6 3 -0.7
v 0.6 3.6 -0.7
v 0.6 3.7 -0.7
v 0.6 3.8 -0.7
v 0.7 2.2 -0.7
v 0.7 2.4 -0.7
v 0.7 2.5 -0.7
v 0.7 2.6 -0.7
v 0.7 2.7 -0.7
v 0.7 3 -0.7
v 0.7 3.1 -0.7
v 0.7 3.2 -0.7
v 0.7 3.3 -0.7
v 0.7 3.4 -0.7
v 0.7 3.5 -0.7
v 0.7 3.6 -0.7
v 0.8 2.2 -0.7
v 0.8 2.4 -0.7
v 0.8 2.5 -0.7
v 0.8 2.6 -0.7
v 0.8 3.3 -0.7
v 0.8 3.4 -0.7
v 0.9 1.2 -0.7
v 0.9 1.3 -0.7
v 1 2 -0.7
v 1 3.3 -0.7
v -1.1 0.8 -0.8
v -1.1 0.9 -0.8
v -1 0.8 -0.8
v -1 0.9 -0.8
v -1 1.2 -0.8
v -1 1.3 -0.8
v -1 1.4 -0.8
v -1 1.5 -0.8
v -1 1.6 -0.8
v -0.9 0.9 -0.8
v -0.9 1 -0.8
v -0.7 1 -0.8
v -0.7 1.1 -0.8
v -0.7 3 -0.8
v -0.7 3.1 -0.8
v -0.7 3.3 -0.8
v -0.7 3.4 -0.8
v -0.7 3.5 -0.8
v -0.6 3 -0.8
v -0.6 3.1 -0.8
v -0.5 2.8 -0.8
v -0.5 2.9 -0.8
v -0.4 1.1 -0.8
v -0.4 1.2 -0.8
v -0.4 2.8 -0.8
v -0.4 2.9 -0.8
v -0.3 2.6 -0.8
v -0.3 2.7 -0.8
v -0.3 2.8 -0.8
v -0.2 2.6 -0.8
v -0.2 2.7 -0.8
v -0.2 2.8 -0.8
v -0.0999999 2.4 -0.8
v -0.0999999 2.5 -0.8
v 0.1 2.4 -0.8
v 0.1 2.5 -0.8
v 0.2 2.6 -0.8
v 0.2 2.7 -0.8
v 0.2 2.8 -0.8
v 0.3 2.6 -0.8
v 0.3 2.7 -0.8
v 0.3 2.8 -0.8
v 0.4 1.1 -0.8
v 0.4 1.2 -0.8
v 0.4 2.8 -0.8
v 0.4 2.9 -0.8
v 0.5 2.8 -0.8
v 0.5 2.9 -0.8
v 0.6 3 -0.8
v 0.6 3.1 -0.8
v 0.7 1 -0.8
v 0.7 1.1 -0.8
v 0.7 3 -0.8
v 0.7 3.1 -0.8
v 0.7 3.3 -0.8
v 0.7 3.4 -0.8
v 0.7 3.5 -0.8
v 0.9 0.9 -0.8
v 0.9 1 -0.8
v 1 0.8 -0.8
v 1 0.9 -0.8
v 1 1.2 -0.8
v 1 1.3 -0.8
v 1 1.4 -0.8
v 1 1.5 -0.8
v 1 1.6 -0.8
v 1.1 0.8 -0.8
v 1.1 0.9 -0.8
v -1.1 0.5 -0.9
v -1.1 0.8 -0.9
v -1 0.5 -0.9
v -1 0.6 -0.9
v -1 0.8 -0.9
v -1 0.9 -0.9
v -0.9 0.6 -0.9
v -0.9 0.7 -0.9
v -0.9 0.9 -0.9
v -0.9 1 -0.9
v -0.7 1 -0.9
v -0.7 1.1 -0.9
v -0.7 3.1 -0.9
v -0.7 3.2 -0.9
v -0.7 3.3 -0.9
v -0.6 2.9 -0.9
v -0.6 3 -0.9
v -0.6 3.1 -0.9
v -0.4 0.7 -0.9
v -0.4 1.1 -0.9
v -0.4 2.8 -0.9
v -0.4 2.9 -0.9
v -0.2 2.5 -0.9
v -0.2 2.6 -0.9
v -0.2 2.7 -0.9
v -0.2 2.8 -0.9
v 0.2 2.5 -0.9
v 0.2 2.6 -0.9
v 0.2 2.7 -0.9
v 0.2 2.8 -0.9
v 0.4 0.7 -0.9
v 0.4 1.1 -0.9
v 0.4 2.8 -0.9
v 0.4 2.9 -0.9
v 0.6 2.9 -0.9
v 0.6 3 -0.9
v 0.6 3.1 -0.9
v 0.7 1 -0.9
v 0.7 1.1 -0.9
v 0.7 3.1 -0.9
v 0.7 3.2 -0.9
v 0.7 3.3 -0.9
v 0.9 0.6 -0.9
v 0.9 0.7 -0.9
v 0.9 0.9 -0.9
v 0.9 1 -0.9
v 1 0.5 -0.9
v 1 0.6 -0.9
v 1 0.8 -0.9
v 1 0.9 -0.9
v 1.1 0.5 -0.9
v 1.1 0.8 -0.9
v -0.4 0.6 -1
v -0.4 1.2 -1
v -0.3 0.2 -1
v -0.3 0.6 -1
v 0.3 0.2 -1
v 0.3 0.6 -1
v 0.4 0.6 -1
v 0.4 1.2 -1
v -2 0 -2
v -2 0.1 -2
v 2 0 -2
v 2 0.1 -2
v -2 0 2
v 2 0 2
v -2 0 -2
v 2 0 -2
v -0.3 0.2 0.8
v 0.3 0.2 0.8
v -0.3 0.2 0.6
v 0.3 0.2 0.6
v -0.3 0.2 -0.8
v 0.3 0.2 -0.8
v -0.3 0.2 -1
v 0.3 0.2 -1
v -1.1 0.5 0.7
v -1 0.5 0.7
v 1 0.5 0.7
v 1.1 0.5 0.7
v -1.1 0.5 -0.9
v -1 0.5 -0.9
v 1 0.5 -0.9
v 1.1 0.5 -0.9
v -0.4 0.6 0.8
v -0.3 0.6 0.8
v 0.3 0.6 0.8
v 0.4 0.6 0.8
v -1 0.6 0.7
v -0.9 0.6 0.7
v 0.9 0.6 0.7
v 1 0.6 0.7
v -0.4 0.6 0.6
v -0.3 0.6 0.6
v 0.3 0.6 0.6
v 0.4 0.6 0.6
v -0.4 0.6 -0.8
v -0.3 0.6 -0.8
v 0.3 0.6 -0.8
v 0.4 0.6 -0.8
v -1 0.6 -0.9
v -0.9 0.6 -0.9
v 0.9 0.6 -0.9
v 1 0.6 -0.9
v -0.4 0.6 -1
v -0.3 0.6 -1
v 0.3 0.6 -1
v 0.4 0.6 -1
v -0.9 0.7 0.7
v -0.4 0.7 0.7
v 0.4 0.7 0.7
v 0.9 0.7 0.7
v -0.9 0.7 0.6
v -0.4 0.7 0.6
v 0.4 0.7 0.6
v 0.9 0.7 0.6
v -0.2 0.7 0.3
v 0.2 0.7 0.3
v -0.2 0.7 -0.5
v 0.2 0.7 -0.5
v -0.9 0.7 -0.8
v -0.4 0.7 -0.8
v 0.4 0.7 -0.8
v 0.9 0.7 -0.8
v -0.9 0.7 -0.9
v -0.4 0.7 -0.9
v 0.4 0.7 -0.9
v 0.9 0.7 -0.9
v -0.9 0.8 0.6
v -0.4 0.8 0.6
v -0.3 0.8 0.6
v 0.3 0.8 0.6
v 0.4 0.8 0.6
v 0.9 0.8 0.6
v -0.8 0.8 0.3
v 0.8 0.8 0.3
v -0.8 0.8 -0.5
v 0.8 0.8 -0.5
v -0.9 0.8 -0.7
v 0.9 0.8 -0.7
v -0.9 0.8 -0.8
v -0.4 0.8 -0.8
v 0.4 0.8 -0.8
v 0.9 0.8 -0.8
v -1.9 0.9 0.3
v -1.6 0.9 0.3
v -1.4 0.9 0.3
v -1.1 0.9 0.3
v 1.1 0.9 0.3
v 1.4 0.9 0.3
v 1.6 0.9 0.3
v 1.9 0.9 0.3
v -1.9 0.9 -0.5
v -1.6 0.9 -0.5
v -1.4 0.9 -0.5
v -1.1 0.9 -0.5
v 1.1 0.9 -0.5
v 1.4 0.9 -0.5
v 1.6 0.9 -0.5
v 1.9 0.9 -0.5
v -1 1.3 0.6
v -0.2 1.3 0.6
v 0.2 1.3 0.6
v 1 1.3 0.6
v -0.9 1.3 0.5
v -0.2 1.3 0.5
v 0.2 1.3 0.5
v 0.9 1.3 0.5
v -1.6 1.3 0.3
v -1.4 1.3 0.3
v 1.4 1.3 0.3
v 1.6 1.3 0.3
v -1.6 1.3 -0.5
v -1.4 1.3 -0.5
v 1.4 1.3 -0.5
v 1.6 1.3 -0.5
v -0.9 1.3 -0.7
v 0.9 1.3 -0.7
v -1 1.3 -0.8
v 1 1.3 -0.8
v -0.0999999 1.6 0.6
v 0.1 1.6 0.6
v -0.0999999 1.6 0.5
v 2.38419e-07 1.6 0.5
v 0.1 1.6 0.5
v -1.9 1.6 0.3
v -1.1 1.6 0.3
v 1.1 1.6 0.3
v 1.9 1.6 0.3
v -1.8 1.6 0.2
v -1.2 1.6 0.2
v 1.2 1.6 0.2
v 1.8 1.6 0.2
v -1.8 1.6 -0.4
v -1.2 1.6 -0.4
v 1.2 1.6 -0.4
v 1.8 1.6 -0.4
v -1.9 1.6 -0.5
v -1.1 1.6 -0.5
v 1.1 1.6 -0.5
v 1.9 1.6 -0.5
v -0.7 1.7 0.5
v -0.5 1.7 0.5
v 0.5 1.7 0.5
v 0.7 1.7 0.5
v -0.7 1.7 0.3
v -0.5 1.7 0.3
v 0.5 1.7 0.3
v 0.7 1.7 0.3
v -0.5 1.8 0.5
v -0.4 1.8 0.5
v 0.4 1.8 0.5
v 0.5 1.8 0.5
v -0.5 1.8 0.3
v -0.4 1.8 0.3
v 0.4 1.8 0.3
v 0.5 1.8 0.3
v -0.4 1.9 0.5
v -0.2 1.9 0.5
v 0.2 1.9 0.5
v 0.4 1.9 0.5
v -0.4 1.9 0.3
v -0.2 1.9 0.3
v 0.2 1.9 0.3
v 0.4 1.9 0.3
v -1 2 0.5
v -0.9 2 0.5
v 0.9 2 0.5
v 1 2 0.5
v -0.2 2 0.4
v -0.0999999 2 0.4
v 0.1 2 0.4
v 0.2 2 0.4
v -0.2 2 0.3
v -0.0999999 2 0.3
v 0.1 2 0.3
v 0.2 2 0.3
v -0.9 2 -0.6
v 0.9 2 -0.6
v -1 2 -0.7
v 1 2 -0.7
v -0.2 2.1 0.5
v -0.0999999 2.1 0.5
v 0.1 2.1 0.5
v 0.2 2.1 0.5
v -0.2 2.1 0.4
v -0.0999999 2.1 0.4
v 0.1 2.1 0.4
v 0.2 2.1 0.4
v -0.0999999 2.1 0.3
v 0.1 2.1 0.3
v -0.0999999 2.2 0.5
v 0.1 2.2 0.5
v -0.0999999 2.2 0.4
v 0.1 2.2 0.4
v -0.2 2.3 0.5
v -0.0999999 2.3 0.5
v 0.1 2.3 0.5
v 0.2 2.3 0.5
v -0.2 2.3 0.4
v -0.0999999 2.3 0.4
v 0.1 2.3 0.4
v 0.2 2.3 0.4
v -0.0999999 2.4 0.6
v 0.1 2.4 0.6
v -0.4 2.4 0.5
v -0.2 2.4 0.5
v -0.0999999 2.4 0.5
v 0.1 2.4 0.5
v 0.2 2.4 0.5
v 0.4 2.4 0.5
v -0.4 2.4 0.4
v -0.2 2.4 0.4
v 0.2 2.4 0.4
v 0.4 2.4 0.4
v -0.8 2.4 -0.6
v -0.7 2.4 -0.6
v -0.6 2.4 -0.6
v -0.5 2.4 -0.6
v 0.5 2.4 -0.6
v 0.6 2.4 -0.6
v 0.7 2.4 -0.6
v 0.8 2.4 -0.6
v -0.8 2.4 -0.7
v -0.7 2.4 -0.7
v -0.6 2.4 -0.7
v -0.5 2.4 -0.7
v -0.0999999 2.4 -0.7
v 0.1 2.4 -0.7
v 0.5 2.4 -0.7
v 0.6 2.4 -0.7
v 0.7 2.4 -0.7
v 0.8 2.4 -0.7
v -0.0999999 2.4 -0.8
v 0.1 2.4 -0.8
v -0.3 2.5 0.6
v -0.0999999 2.5 0.6
v 0.1 2.5 0.6
v 0.3 2.5 0.6
v -0.5 2.5 0.5
v -0.4 2.5 0.5
v -0.3 2.5 0.5
v -0.0999999 2.5 0.5
v 0.1 2.5 0.5
v 0.3 2.5 0.5
v 0.4 2.5 0.5
v 0.5 2.5 0.5
v -0.5 2.5 0.4
v -0.4 2.5 0.4
v 0.4 2.5 0.4
v 0.5 2.5 0.4
v -0.7 2.5 -0.6
v -0.6 2.5 -0.6
v -0.4 2.5 -0.6
v -0.2 2.5 -0.6
v 0.2 2.5 -0.6
v 0.4 2.5 -0.6
v 0.6 2.5 -0.6
v 0.7 2.5 -0.6
v -0.7 2.5 -0.7
v -0.6 2.5 -0.7
v -0.4 2.5 -0.7
v -0.2 2.5 -0.7
v -0.0999999 2.5 -0.7
v 0.1 2.5 -0.7
v 0.2 2.5 -0.7
v 0.4 2.5 -0.7
v 0.6 2.5 -0.7
v 0.7 2.5 -0.7
v -0.0999999 2.5 -0.8
v 0.1 2.5 -0.8
v -0.2 2.5 -0.9
v 0.2 2.5 -0.9
v -0.0999999 2.6 0.8
v 0.1 2.6 0.8
v -0.0999999 2.6 0.6
v 0.1 2.6 0.6
v -0.7 2.6 0.5
v -0.5 2.6 0.5
v 0.5 2.6 0.5
v 0.7 2.6 0.5
v -0.7 2.6 0.4
v -0.5 2.6 0.4
v 0.5 2.6 0.4
v 0.7 2.6 0.4
v -1.2 2.6 0.2
v -1 2.6 0.2
v 1 2.6 0.2
v 1.2 2.6 0.2
v -1.2 2.6 -0.4
v -1 2.6 -0.4
v 1 2.6 -0.4
v 1.2 2.6 -0.4
v -0.8 2.6 -0.6
v -0.7 2.6 -0.6
v -0.5 2.6 -0.6
v -0.4 2.6 -0.6
v 0.4 2.6 -0.6
v 0.5 2.6 -0.6
v 0.7 2.6 -0.6
v 0.8 2.6 -0.6
v -0.8 2.6 -0.7
v -0.7 2.6 -0.7
v -0.5 2.6 -0.7
v -0.4 2.6 -0.7
v -0.3 2.6 -0.7
v -0.2 2.6 -0.7
v 0.2 2.6 -0.7
v 0.3 2.6 -0.7
v 0.4 2.6 -0.7
v 0.5 2.6 -0.7
v 0.7 2.6 -0.7
v 0.8 2.6 -0.7
v -0.3 2.6 -0.8
v -0.2 2.6 -0.8
v 0.2 2.6 -0.8
v 0.3 2.6 -0.8
v -0.5 2.7 0.6
v -0.4 2.7 0.6
v -0.3 2.7 0.6
v 0.3 2.7 0.6
v 0.4 2.7 0.6
v 0.5 2.7 0.6
v -0.5 2.7 0.5
v -0.4 2.7 0.5
v -0.3 2.7 0.5
v 0.3 2.7 0.5
v 0.4 2.7 0.5
v 0.5 2.7 0.5
v -1.9 2.7 0.3
v -1.2 2.7 0.3
v 1.2 2.7 0.3
v 1.9 2.7 0.3
v -1.8 2.7 0.2
v -1.2 2.7 0.2
v 1.2 2.7 0.2
v 1.8 2.7 0.2
v -1.8 2.7 -0.4
v -1.2 2.7 -0.4
v 1.2 2.7 -0.4
v 1.8 2.7 -0.4
v -1.9 2.7 -0.5
v -1.2 2.7 -0.5
v 1.2 2.7 -0.5
v 1.9 2.7 -0.5
v -0.7 2.7 -0.6
v -0.6 2.7 -0.6
v 0.6 2.7 -0.6
v 0.7 2.7 -0.6
v -0.7 2.7 -0.7
v -0.6 2.7 -0.7
v 0.6 2.7 -0.7
v 0.7 2.7 -0.7
v -0.2 2.8 0.8
v -0.0999999 2.8 0.8
v 0.1 2.8 0.8
v 0.2 2.8 0.8
v -0.7 2.8 0.6
v -0.6 2.8 0.6
v -0.5 2.8 0.6
v -0.2 2.8 0.6
v -0.0999999 2.8 0.6
v 0.1 2.8 0.6
v 0.2 2.8 0.6
v 0.5 2.8 0.6
v 0.6 2.8 0.6
v 0.7 2.8 0.6
v -0.7 2.8 0.5
v -0.6 2.8 0.5
v -0.5 2.8 0.5
v 0.5 2.8 0.5
v 0.6 2.8 0.5
v 0.7 2.8 0.5
v -0.6 2.8 -0.6
v -0.5 2.8 -0.6
v 0.5 2.8 -0.6
v 0.6 2.8 -0.6
v -0.6 2.8 -0.7
v -0.5 2.8 -0.7
v -0.3 2.8 -0.7
v 0.3 2.8 -0.7
v 0.5 2.8 -0.7
v 0.6 2.8 -0.7
v -0.5 2.8 -0.8
v -0.4 2.8 -0.8
v -0.3 2.8 -0.8
v -0.2 2.8 -0.8
v 0.2 2.8 -0.8
v 0.3 2.8 -0.8
v 0.4 2.8 -0.8
v 0.5 2.8 -0.8
v -0.4 2.8 -0.9
v -0.2 2.8 -0.9
v 0.2 2.8 -0.9
v 0.4 2.8 -0.9
v -0.5 2.9 0.7
v -0.2 2.9 0.7
v 0.2 2.9 0.7
v 0.5 2.9 0.7
v -0.5 2.9 0.6
v -0.4 2.9 0.6
v -0.3 2.9 0.6
v -0.2 2.9 0.6
v 0.2 2.9 0.6
v 0.3 2.9 0.6
v 0.4 2.9 0.6
v 0.5 2.9 0.6
v -0.6 2.9 -0.7
v -0.5 2.9 -0.7
v 0.5 2.9 -0.7
v 0.6 2.9 -0.7
v -0.5 2.9 -0.8
v -0.4 2.9 -0.8
v 0.4 2.9 -0.8
v 0.5 2.9 -0.8
v -0.6 2.9 -0.9
v -0.4 2.9 -0.9
v 0.4 2.9 -0.9
v 0.6 2.9 -0.9
v -0.7 3 -0.7
v -0.6 3 -0.7
v 0.6 3 -0.7
v 0.7 3 -0.7
v -0.7 3 -0.8
v -0.6 3 -0.8
v 0.6 3 -0.8
v 0.7 3 -0.8
v -0.7 3.1 -0.8
v -0.6 3.1 -0.8
v 0.6 3.1 -0.8
v 0.7 3.1 -0.8
v -0.7 3.1 -0.9
v -0.6 3.1 -0.9
v 0.6 3.1 -0.9
v 0.7 3.1 -0.9
v -0.0999999 3.4 0.8
v 0.1 3.4 0.8
v -0.0999999 3.4 0.7
v 0.1 3.4 0.7
v -0.4 3.5 0.8
v -0.0999999 3.5 0.8
v 0.1 3.5 0.8
v 0.4 3.5 0.8
v -0.4 3.5 0.7
v -0.3 3.5 0.7
v -0.0999999 3.5 0.7
v 0.1 3.5 0.7
v 0.3 3.5 0.7
v 0.4 3.5 0.7
v -0.5 3.6 0.8
v -0.4 3.6 0.8
v 0.4 3.6 0.8
v 0.5 3.6 0.8
v -0.5 3.6 0.7
v -0.4 3.6 0.7
v 0.4 3.6 0.7
v 0.5 3.6 0.7
v -0.0999999 4 0.8
v 0.1 4 0.8
v -0.0999999 4 0.7
v 2.38419e-07 4 0.7
v 0.1 4 0.7
v -2 0.1 2
v 2 0.1 2
v -0.8 0.1 0.5
v -0.2 0.1 0.5
v 0.2 0.1 0.5
v 0.8 0.1 0.5
v -0.8 0.1 -0.5
v -0.2 0.1 -0.5
v 0.2 0.1 -0.5
v 0.8 0.1 -0.5
v -2 0.1 -2
v 2 0.1 -2
v -0.8 0.3 0.5
v -0.2 0.3 0.5
v 0.2 0.3 0.5
v 0.8 0.3 0.5
v -0.8 0.3 0.3
v -0.2 0.3 0.3
v 0.2 0.3 0.3
v 0.8 0.3 0.3
v -1.1 0.8 0.7
v -1 0.8 0.7
v 1 0.8 0.7
v 1.1 0.8 0.7
v -1.1 0.8 0.6
v -1 0.8 0.6
v 1 0.8 0.6
v 1.1 0.8 0.6
v -1.1 0.8 -0.8
v -1 0.8 -0.8
v 1 0.8 -0.8
v 1.1 0.8 -0.8
v -1.1 0.8 -0.9
v -1 0.8 -0.9
v 1 0.8 -0.9
v 1.1 0.8 -0.9
v -1 0.9 0.7
v -0.9 0.9 0.7
v 0.9 0.9 0.7
v 1 0.9 0.7
v -1.1 0.9 0.6
v -1 0.9 0.6
v -0.9 0.9 0.6
v 0.9 0.9 0.6
v 1 0.9 0.6
v 1.1 0.9 0.6
v -1.1 0.9 0.3
v 1.1 0.9 0.3
v -1.1 0.9 -0.5
v 1.1 0.9 -0.5
v -1.1 0.9 -0.8
v -1 0.9 -0.8
v -0.9 0.9 -0.8
v 0.9 0.9 -0.8
v 1 0.9 -0.8
v 1.1 0.9 -0.8
v -1 0.9 -0.9
v -0.9 0.9 -0.9
v 0.9 0.9 -0.9
v 1 0.9 -0.9
v -0.9 1 0.7
v -0.7 1 0.7
v 0.7 1 0.7
v 0.9 1 0.7
v -0.9 1 0.6
v -0.7 1 0.6
v 0.7 1 0.6
v 0.9 1 0.6
v -0.9 1 -0.8
v -0.7 1 -0.8
v 0.7 1 -0.8
v 0.9 1 -0.8
v -0.9 1 -0.9
v -0.7 1 -0.9
v 0.7 1 -0.9
v 0.9 1 -0.9
v -0.7 1.1 0.7
v -0.4 1.1 0.7
v 0.4 1.1 0.7
v 0.7 1.1 0.7
v -0.7 1.1 0.6
v -0.4 1.1 0.6
v 0.4 1.1 0.6
v 0.7 1.1 0.6
v -0.7 1.1 -0.8
v -0.4 1.1 -0.8
v 0.4 1.1 -0.8
v 0.7 1.1 -0.8
v -0.7 1.1 -0.9
v -0.4 1.1 -0.9
v 0.4 1.1 -0.9
v 0.7 1.1 -0.9
v -0.4 1.2 0.8
v 0.4 1.2 0.8
v -1 1.2 0.6
v -0.4 1.2 0.6
v -0.2 1.2 0.6
v 0.2 1.2 0.6
v 0.4 1.2 0.6
v 1 1.2 0.6
v -0.9 1.2 0.5
v -0.4 1.2 0.5
v -0.2 1.2 0.5
v 0.2 1.2 0.5
v 0.4 1.2 0.5
v 0.9 1.2 0.5
v -0.9 1.2 -0.7
v -0.4 1.2 -0.7
v 0.4 1.2 -0.7
v 0.9 1.2 -0.7
v -1 1.2 -0.8
v -0.4 1.2 -0.8
v 0.4 1.2 -0.8
v 1 1.2 -0.8
v -0.4 1.2 -1
v 0.4 1.2 -1
v -0.0999999 1.3 0.6
v 0.1 1.3 0.6
v -0.0999999 1.3 0.5
v 0.1 1.3 0.5
v -1.9 1.4 0.3
v -1.1 1.4 0.3
v 1.1 1.4 0.3
v 1.9 1.4 0.3
v -1.8 1.4 0.2
v -1.2 1.4 0.2
v 1.2 1.4 0.2
v 1.8 1.4 0.2
v -1.8 1.4 -0.4
v -1.2 1.4 -0.4
v 1.2 1.4 -0.4
v 1.8 1.4 -0.4
v -1.9 1.4 -0.5
v -1.1 1.4 -0.5
v 1.1 1.4 -0.5
v 1.9 1.4 -0.5
v -1 1.6 0.6
v -0.2 1.6 0.6
v 0.2 1.6 0.6
v 1 1.6 0.6
v -0.9 1.6 0.5
v -0.7 1.6 0.5
v -0.5 1.6 0.5
v -0.2 1.6 0.5
v 0.2 1.6 0.5
v 0.5 1.6 0.5
v 0.7 1.6 0.5
v 0.9 1.6 0.5
v -0.7 1.6 0.3
v -0.5 1.6 0.3
v 0.5 1.6 0.3
v 0.7 1.6 0.3
v -0.9 1.6 -0.6
v 0.9 1.6 -0.6
v -0.9 1.6 -0.7
v 0.9 1.6 -0.7
v -1 1.6 -0.8
v 1 1.6 -0.8
v -0.2 1.7 0.6
v 0.2 1.7 0.6
v -0.5 1.7 0.5
v -0.4 1.7 0.5
v -0.2 1.7 0.5
v 0.2 1.7 0.5
v 0.4 1.7 0.5
v 0.5 1.7 0.5
v -0.5 1.7 0.3
v -0.4 1.7 0.3
v 0.4 1.7 0.3
v 0.5 1.7 0.3
v -0.4 1.8 0.5
v -0.2 1.8 0.5
v 0.2 1.8 0.5
v 0.4 1.8 0.5
v -0.4 1.8 0.3
v -0.2 1.8 0.3
v 0.2 1.8 0.3
v 0.4 1.8 0.3
v -0.2 1.9 0.5
v -0.0999999 1.9 0.5
v 0.1 1.9 0.5
v 0.2 1.9 0.5
v -0.2 1.9 0.3
v -0.0999999 1.9 0.3
v 0.1 1.9 0.3
v 0.2 1.9 0.3
v -0.0999999 2 0.5
v 0.1 2 0.5
v -0.0999999 2 0.4
v 0.1 2 0.4
v -0.0999999 2 0.3
v 0.1 2 0.3
v -1.9 2.1 0.3
v -1.1 2.1 0.3
v 1.1 2.1 0.3
v 1.9 2.1 0.3
v -1.8 2.1 0.2
v -1.2 2.1 0.2
v 1.2 2.1 0.2
v 1.8 2.1 0.2
v -1.8 2.1 -0.4
v -1.2 2.1 -0.4
v 1.2 2.1 -0.4
v 1.8 2.1 -0.4
v -1.9 2.1 -0.5
v -1.1 2.1 -0.5
v 1.1 2.1 -0.5
v 1.9 2.1 -0.5
v -0.2 2.2 0.5
v -0.0999999 2.2 0.5
v 0.1 2.2 0.5
v 0.2 2.2 0.5
v -0.2 2.2 0.4
v -0.0999999 2.2 0.4
v 0.1 2.2 0.4
v 0.2 2.2 0.4
v -0.8 2.2 -0.6
v -0.7 2.2 -0.6
v -0.6 2.2 -0.6
v -0.5 2.2 -0.6
v 0.5 2.2 -0.6
v 0.6 2.2 -0.6
v 0.7 2.2 -0.6
v 0.8 2.2 -0.6
v -0.8 2.2 -0.7
v -0.7 2.2 -0.7
v -0.6 2.2 -0.7
v -0.5 2.2 -0.7
v 0.5 2.2 -0.7
v 0.6 2.2 -0.7
v 0.7 2.2 -0.7
v 0.8 2.2 -0.7
v -0.4 2.3 0.5
v -0.2 2.3 0.5
v 0.2 2.3 0.5
v 0.4 2.3 0.5
v -0.4 2.3 0.4
v -0.2 2.3 0.4
v 0.2 2.3 0.4
v 0.4 2.3 0.4
v -0.3 2.3 -0.6
v -0.2 2.3 -0.6
v 0.2 2.3 -0.6
v 0.3 2.3 -0.6
v -0.3 2.3 -0.7
v -0.2 2.3 -0.7
v 0.2 2.3 -0.7
v 0.3 2.3 -0.7
v -0.5 2.4 0.5
v -0.4 2.4 0.5
v 0.4 2.4 0.5
v 0.5 2.4 0.5
v -0.5 2.4 0.4
v -0.4 2.4 0.4
v 0.4 2.4 0.4
v 0.5 2.4 0.4
v -0.7 2.4 -0.6
v -0.6 2.4 -0.6
v -0.5 2.4 -0.6
v -0.3 2.4 -0.6
v 0.3 2.4 -0.6
v 0.5 2.4 -0.6
v 0.6 2.4 -0.6
v 0.7 2.4 -0.6
v -0.7 2.4 -0.7
v -0.6 2.4 -0.7
v -0.5 2.4 -0.7
v -0.3 2.4 -0.7
v 0.3 2.4 -0.7
v 0.5 2.4 -0.7
v 0.6 2.4 -0.7
v 0.7 2.4 -0.7
v -0.7 2.5 0.5
v -0.5 2.5 0.5
v 0.5 2.5 0.5
v 0.7 2.5 0.5
v -0.7 2.5 0.4
v -0.5 2.5 0.4
v 0.5 2.5 0.4
v 0.7 2.5 0.4
v -0.8 2.5 -0.6
v -0.7 2.5 -0.6
v 0.7 2.5 -0.6
v 0.8 2.5 -0.6
v -0.8 2.5 -0.7
v -0.7 2.5 -0.7
v 0.7 2.5 -0.7
v 0.8 2.5 -0.7
v -0.7 2.6 -0.6
v -0.6 2.6 -0.6
v 0.6 2.6 -0.6
v 0.7 2.6 -0.6
v -0.7 2.6 -0.7
v -0.6 2.6 -0.7
v 0.6 2.6 -0.7
v 0.7 2.6 -0.7
v -0.6 2.7 -0.6
v -0.5 2.7 -0.6
v 0.5 2.7 -0.6
v 0.6 2.7 -0.6
v -0.6 2.7 -0.7
v -0.5 2.7 -0.7
v 0.5 2.7 -0.7
v 0.6 2.7 -0.7
v -0.2 3 0.8
v 0.2 3 0.8
v -0.2 3 0.7
v -0.0999999 3 0.7
v 0.1 3 0.7
v 0.2 3 0.7
v -1.2 3.2 0.2
v -1 3.2 0.2
v 1 3.2 0.2
v 1.2 3.2 0.2
v -1.2 3.2 -0.4
v -1 3.2 -0.4
v 1 3.2 -0.4
v 1.2 3.2 -0.4
v -1 3.3 0.5
v -0.8 3.3 0.5
v 0.8 3.3 0.5
v 1 3.3 0.5
v -1.9 3.3 0.3
v -1.2 3.3 0.3
v 1.2 3.3 0.3
v 1.9 3.3 0.3
v -1.9 3.3 -0.5
v -1.2 3.3 -0.5
v 1.2 3.3 -0.5
v 1.9 3.3 -0.5
v -1 3.3 -0.7
v -0.8 3.3 -0.7
v 0.8 3.3 -0.7
v 1 3.3 -0.7
v -0.7 3.3 -0.8
v 0.7 3.3 -0.8
v -0.7 3.3 -0.9
v 0.7 3.3 -0.9
v -0.8 3.4 0.5
v -0.7 3.4 0.5
v 0.7 3.4 0.5
v 0.8 3.4 0.5
v -0.8 3.4 -0.7
v -0.7 3.4 -0.7
v 0.7 3.4 -0.7
v 0.8 3.4 -0.7
v -0.7 3.5 -0.7
v 0.7 3.5 -0.7
v -0.7 3.5 -0.8
v 0.7 3.5 -0.8
v -0.7 3.6 0.6
v -0.6 3.6 0.6
v 0.6 3.6 0.6
v 0.7 3.6 0.6
v -0.7 3.6 -0.7
v -0.6 3.6 -0.7
v 0.6 3.6 -0.7
v 0.7 3.6 -0.7
v -0.5 3.7 0.8
v -0.4 3.7 0.8
v 0.4 3.7 0.8
v 0.5 3.7 0.8
v -0.5 3.7 0.6
v -0.4 3.7 0.6
v 0.4 3.7 0.6
v 0.5 3.7 0.6
v -0.4 3.8 0.8
v -0.3 3.8 0.8
v -0.0999999 3.8 0.8
v 0.1 3.8 0.8
v 0.3 3.8 0.8
v 0.4 3.8 0.8
v -0.0999999 3.8 0.7
v 2.38419e-07 3.8 0.7
v 0.1 3.8 0.7
v -0.6 3.8 0.6
v -0.4 3.8 0.6
v 0.4 3.8 0.6
v 0.6 3.8 0.6
v -0.3 3.8 -0.6
v 0.3 3.8 -0.6
v -0.6 3.8 -0.7
v 0.6 3.8 -0.7
v -0.3 4 0.8
v -0.2 4 0.8
v 0.2 4 0.8
v 0.3 4 0.8
v -0.2 4 0.7
v 0.2 4 0.7
v -0.3 4 -0.6
v -0.2 4 -0.6
v 0.2 4 -0.6
v 0.3 4 -0.6
v -0.2 4.1 0.8
v 0.2 4.1 0.8
v -0.2 4.1 0.7
v 0.2 4.1 0.7
v -0.2 4.1 -0.6
v 0.2 4.1 -0.6

# faces
f 3/4/1 2/4/1 1/4/1
f 4/4/1 2/4/1 3/4/1
f 7/3/1 6/3/1 5/3/1
f 8/3/1 6/3/1 7/3/1
f 11/3/1 10/3/1 9/3/1
f 12/3/1 10/3/1 11/3/1
f 13/6/1 12/6/1 11/6/1
f 14/6/1 12/6/1 13/6/1
f 15/3/1 14/3/1 13/3/1
f 16/3/1 14/3/1 15/3/1
f 17/6/1 16/6/1 15/6/1
f 18/6/1 16/6/1 17/6/1
f 19/3/1 18/3/1 17/3/1
f 20/3/1 18/3/1 19/3/1
f 23/6/1 22/6/1 21/6/1
f 24/6/1 22/6/1 23/6/1
f 25/3/1 24/3/1 23/3/1
f 26/3/1 24/3/1 25/3/1
f 27/6/1 26/6/1 25/6/1
f 28/6/1 26/6/1 27/6/1
f 29/3/1 28/3/1 27/3/1
f 30/3/1 28/3/1 29/3/1
f 31/6/1 30/6/1 29/6/1
f 32/6/1 30/6/1 31/6/1
f 33/3/1 32/3/1 31/3/1
f 34/3/1 32/3/1 33/3/1
f 37/3/1 36/3/1 35/3/1
f 38/3/1 36/3/1 37/3/1
f 41/3/1 40/3/1 39/3/1
f 42/3/1 40/3/1 41/3/1
f 45/3/1 44/3/1 43/3/1
f 46/3/1 44/3/1 45/3/1
f 49/2/1 48/2/1 47/2/1
f 50/2/1 48/2/1 49/2/1
f 51/2/1 48/2/1 50/2/1
f 52/2/1 48/2/1 51/2/1
f 53/2/1 51/2/1 50/2/1
f 54/2/1 51/2/1 53/2/1
f 55/2/1 51/2/1 54/2/1
f 56/2/1 51/2/1 55/2/1
f 61/2/1 58/2/1 57/2/1
f 62/2/1 58/2/1 61/2/1
f 63/2/1 60/2/1 59/2/1
f 64/2/1 60/2/1 63/2/1
f 65/2/1 63/2/1 62/2/1
f 66/2/1 63/2/1 65/2/1
f 69/13/1 68/13/1 67/13/1
f 70/13/1 68/13/1 69/13/1
f 71/6/1 70/6/1 69/6/1
f 72/6/1 70/6/1 71/6/1
f 73/13/1 72/13/1 71/13/1
f 74/13/1 72/13/1 73/13/1
f 77/3/1 76/3/1 75/3/1
f 78/3/1 76/3/1 77/3/1
f 79/3/1 77/3/1 75/3/1
f 80/3/1 76/3/1 78/3/1
f 81/3/1 79/3/1 75/3/1
f 81/3/1 80/3/1 79/3/1
f 82/3/1 76/3/1 80/3/1
f 82/3/1 80/3/1 81/3/1
f 87/2/1 84/2/1 83/2/1
f 88/2/1 84/2/1 87/2/1
f 89/2/1 86/2/1 85/2/1
f 90/2/1 86/2/1 89/2/1
f 93/3/1 92/3/1 91/3/1
f 94/3/1 92/3/1 93/3/1
f 97/3/1 96/3/1 95/3/1
f 98/3/1 96/3/1 97/3/1
f 101/2/1 100/2/1 99/2/1
f 102/2/1 100/2/1 101/2/1
f 103/2/1 100/2/1 102/2/1
f 104/3/1 103/3/1 102/3/1
f 105/3/1 103/3/1 104/3/1
f 108/6/1 107/6/1 106/6/1
f 109/6/1 107/6/1 108/6/1
f 114/2/1 111/2/1 110/2/1
f 115/2/1 111/2/1 114/2/1
f 116/2/1 113/2/1 112/2/1
f 117/2/1 113/2/1 116/2/1
f 120/3/1 119/3/1 118/3/1
f 121/3/1 119/3/1 120/3/1
f 124/3/1 123/3/1 122/3/1
f 125/3/1 123/3/1 124/3/1
f 128/6/1 127/6/1 126/6/1
f 129/6/1 127/6/1 128/6/1
f 132/3/1 129/3/1 128/3/1
f 133/3/1 129/3/1 132/3/1
f 134/3/1 131/3/1 130/3/1
f 135/3/1 131/3/1 134/3/1
f 137/6/1 133/6/1 132/6/1
f 138/6/1 133/6/1 137/6/1
f 139/6/1 136/6/1 135/6/1
f 139/6/1 135/6/1 134/6/1
f 140/6/1 136/6/1 139/6/1
f 141/3/1 138/3/1 137/3/1
f 142/3/1 138/3/1 141/3/1
f 143/3/1 140/3/1 139/3/1
f 144/3/1 140/3/1 143/3/1
f 145/3/1 140/3/1 144/3/1
f 146/6/1 142/6/1 141/6/1
f 147/6/1 142/6/1 146/6/1
f 148/6/1 144/6/1 143/6/1
f 149/6/1 144/6/1 148/6/1
f 150/3/1 147/3/1 146/3/1
f 150/3/1 148/3/1 147/3/1
f 150/3/1 149/3/1 148/3/1
f 151/3/1 149/3/1 150/3/1
f 152/3/1 149/3/1 151/3/1
f 153/6/1 151/6/1 150/6/1
f 154/6/1 151/6/1 153/6/1
f 157/3/1 156/3/1 155/3/1
f 158/3/1 156/3/1 157/3/1
f 161/3/1 160/3/1 159/3/1
f 162/3/1 160/3/1 161/3/1
f 165/6/1 164/6/1 163/6/1
f 166/6/1 164/6/1 165/6/1
f 167/6/1 164/6/1 166/6/1
f 168/3/1 167/3/1 166/3/1
f 169/3/1 167/3/1 168/3/1
f 172/3/1 171/3/1 170/3/1
f 173/3/1 171/3/1 172/3/1
f 174/6/1 173/6/1 172/6/1
f 175/6/1 173/6/1 174/6/1
f 178/3/1 177/3/1 176/3/1
f 179/3/1 177/3/1 178/3/1
f 182/3/1 181/3/1 180/3/1
f 183/3/1 181/3/1 182/3/1
f 186/3/1 185/3/1 184/3/1
f 187/3/1 185/3/1 186/3/1
f 192/6/1 189/6/1 188/6/1
f 193/6/1 189/6/1 192/6/1
f 194/3/1 191/3/1 190/3/1
f 195/3/1 191/3/1 194/3/1
f 199/3/1 196/3/1 195/3/1
f 200/3/1 196/3/1 199/3/1
f 201/3/1 198/3/1 197/3/1
f 202/3/1 201/3/1 197/3/1
f 203/3/1 202/3/1 197/3/1
f 204/3/1 203/3/1 197/3/1
f 205/3/1 204/3/1 197/3/1
f 206/3/1 205/3/1 197/3/1
f 208/3/1 206/3/1 197/3/1
f 209/3/1 206/3/1 208/3/1
f 210/3/1 208/3/1 207/3/1
f 210/3/1 209/3/1 208/3/1
f 211/3/1 209/3/1 210/3/1
f 216/5/1 213/5/1 212/5/1
f 217/5/1 213/5/1 216/5/1
f 218/5/1 215/5/1 214/5/1
f 219/5/1 215/5/1 218/5/1
f 220/5/1 216/5/1 212/5/1
f 223/5/1 215/5/1 219/5/1
f 224/5/1 221/5/1 220/5/1
f 224/5/1 220/5/1 212/5/1
f 225/5/1 221/5/1 224/5/1
f 226/5/1 223/5/1 222/5/1
f 227/5/1 215/5/1 223/5/1
f 227/5/1 223/5/1 226/5/1
f 230/3/1 229/3/1 228/3/1
f 231/3/1 229/3/1 230/3/1
f 234/3/1 233/3/1 232/3/1
f 235/3/1 233/3/1 234/3/1
f 238/3/1 237/3/1 236/3/1
f 239/3/1 237/3/1 238/3/1
f 242/3/1 241/3/1 240/3/1
f 243/3/1 241/3/1 242/3/1
f 246/3/1 245/3/1 244/3/1
f 247/3/1 245/3/1 246/3/1
f 250/6/1 249/6/1 248/6/1
f 251/6/1 249/6/1 250/6/1
f 256/5/1 253/5/1 252/5/1
f 257/5/1 253/5/1 256/5/1
f 258/1/1 257/1/1 256/1/1
f 259/1/1 257/1/1 258/1/1
f 260/5/1 259/5/1 258/5/1
f 261/5/1 259/5/1 260/5/1
f 262/5/1 255/5/1 254/5/1
f 263/5/1 255/5/1 262/5/1
f 266/3/1 265/3/1 264/3/1
f 267/3/1 265/3/1 266/3/1
f 270/6/1 267/6/1 266/6/1
f 271/6/1 267/6/1 270/6/1
f 272/3/1 269/3/1 268/3/1
f 273/3/1 269/3/1 272/3/1
f 274/6/1 273/6/1 272/6/1
f 275/6/1 273/6/1 274/6/1
f 278/3/1 277/3/1 276/3/1
f 279/3/1 277/3/1 278/3/1
f 280/6/1 279/6/1 278/6/1
f 281/6/1 279/6/1 280/6/1
f 284/13/1 283/13/1 282/13/1
f 285/13/1 283/13/1 284/13/1
f 288/13/1 287/13/1 286/13/1
f 289/13/1 287/13/1 288/13/1
f 292/3/1 291/3/1 290/3/1
f 293/3/1 291/3/1 292/3/1
f 298/3/1 295/3/1 294/3/1
f 299/3/1 295/3/1 298/3/1
f 300/3/1 297/3/1 296/3/1
f 301/3/1 297/3/1 300/3/1
f 303/6/1 302/6/1 301/6/1
f 304/6/1 302/6/1 303/6/1
f 305/6/1 302/6/1 304/6/1
f 306/3/1 305/3/1 304/3/1
f 307/3/1 305/3/1 306/3/1
f 310/6/1 307/6/1 306/6/1
f 311/6/1 307/6/1 310/6/1
f 312/3/1 309/3/1 308/3/1
f 313/3/1 309/3/1 312/3/1
f 314/3/1 312/3/1 308/3/1
f 315/3/1 312/3/1 314/3/1
f 319/13/1 317/13/1 316/13/1
f 320/3/1 318/3/1 317/3/1
f 320/13/1 317/13/1 319/13/1
f 321/3/1 318/3/1 320/3/1
f 324/3/1 323/3/1 322/3/1
f 325/3/1 323/3/1 324/3/1
f 326/3/1 323/3/1 325/3/1
f 329/3/1 328/3/1 327/3/1
f 330/3/1 328/3/1 329/3/1
f 335/6/1 332/6/1 331/6/1
f 336/6/1 332/6/1 335/6/1
f 337/3/1 334/3/1 333/3/1
f 338/3/1 334/3/1 337/3/1
f 341/3/1 340/3/1 339/3/1
f 342/3/1 341/3/1 339/3/1
f 343/3/1 341/3/1 342/3/1
f 346/3/1 345/3/1 344/3/1
f 347/3/1 345/3/1 346/3/1
f 350/13/1 349/13/1 348/13/1
f 351/13/1 350/13/1 348/13/1
f 352/13/1 350/13/1 351/13/1
f 356/1/1 354/1/1 353/1/1
f 357/1/1 354/1/1 356/1/1
f 358/3/1 356/3/1 355/3/1
f 359/3/1 356/3/1 358/3/1
f 362/13/1 361/13/1 360/13/1
f 363/13/1 362/13/1 360/13/1
f 364/13/1 362/13/1 363/13/1
f 367/2/1 366/2/1 365/2/1
f 368/2/1 366/2/1 367/2/1
f 369/2/1 366/2/1 368/2/1
f 370/3/1 369/3/1 368/3/1
f 371/3/1 369/3/1 370/3/1
f 374/3/1 373/3/1 372/3/1
f 375/3/1 373/3/1 374/3/1
f 376/3/1 374/3/1 372/3/1
f 377/3/1 374/3/1 376/3/1
f 380/3/1 379/3/1 378/3/1
f 381/3/1 379/3/1 380/3/1
f 384/3/1 383/3/1 382/3/1
f 385/3/1 383/3/1 384/3/1
f 388/3/1 387/3/1 386/3/1
f 389/3/1 387/3/1 388/3/1
f 392/3/1 391/3/1 390/3/1
f 393/3/1 391/3/1 392/3/1
f 396/3/1 395/3/1 394/3/1
f 397/3/1 395/3/1 396/3/1
f 402/3/1 399/3/1 398/3/1
f 403/3/1 399/3/1 402/3/1
f 404/3/1 401/3/1 400/3/1
f 405/3/1 401/3/1 404/3/1
f 408/3/1 407/3/1 406/3/1
f 409/3/1 407/3/1 408/3/1
f 412/3/1 411/3/1 410/3/1
f 413/3/1 411/3/1 412/3/1
f 416/3/1 415/3/1 414/3/1
f 417/3/1 415/3/1 416/3/1
f 422/3/1 419/3/1 418/3/1
f 423/3/1 419/3/1 422/3/1
f 424/3/1 421/3/1 420/3/1
f 425/3/1 421/3/1 424/3/1
f 428/3/1 427/3/1 426/3/1
f 429/3/1 427/3/1 428/3/1
f 432/3/1 431/3/1 430/3/1
f 433/3/1 431/3/1 432/3/1
f 436/3/1 435/3/1 434/3/1
f 437/3/1 435/3/1 436/3/1
f 440/2/1 439/2/1 438/2/1
f 441/2/1 439/2/1 440/2/1
f 442/2/1 439/2/1 441/2/1
f 443/2/1 439/2/1 442/2/1
f 444/2/1 442/2/1 441/2/1
f 445/2/1 442/2/1 444/2/1
f 446/2/1 442/2/1 445/2/1
f 449/2/1 448/2/1 447/2/1
f 450/2/1 448/2/1 449/2/1
f 453/3/1 452/3/1 451/3/1
f 454/3/1 452/3/1 453/3/1
f 455/3/1 453/3/1 451/3/1
f 455/2/1 454/2/1 453/2/1
f 456/3/1 452/3/1 454/3/1
f 456/2/1 454/2/1 455/2/1
f 457/3/1 455/3/1 451/3/1
f 457/3/1 456/3/1 455/3/1
f 458/3/1 452/3/1 456/3/1
f 458/3/1 456/3/1 457/3/1
f 461/3/1 460/3/1 459/3/1
f 462/3/1 460/3/1 461/3/1
f 463/6/1 462/6/1 461/6/1
f 464/6/1 462/6/1 463/6/1
f 465/3/1 464/3/1 463/3/1
f 466/3/1 464/3/1 465/3/1
f 467/6/1 466/6/1 465/6/1
f 468/6/1 466/6/1 467/6/1
f 469/3/1 468/3/1 467/3/1
f 470/3/1 468/3/1 469/3/1
f 473/3/1 472/3/1 471/3/1
f 474/3/1 472/3/1 473/3/1
f 477/3/1 476/3/1 475/3/1
f 478/3/1 476/3/1 477/3/1
f 483/6/1 480/6/1 479/6/1
f 484/6/1 480/6/1 483/6/1
f 485/6/1 482/6/1 481/6/1
f 486/6/1 482/6/1 485/6/1
f 487/3/1 484/3/1 483/3/1
f 488/3/1 484/3/1 487/3/1
f 489/3/1 486/3/1 485/3/1
f 490/3/1 486/3/1 489/3/1
f 491/6/1 488/6/1 487/6/1
f 492/6/1 488/6/1 491/6/1
f 493/6/1 490/6/1 489/6/1
f 494/6/1 490/6/1 493/6/1
f 495/3/1 492/3/1 491/3/1
f 496/3/1 492/3/1 495/3/1
f 497/3/1 494/3/1 493/3/1
f 498/3/1 494/3/1 497/3/1
f 499/6/1 496/6/1 495/6/1
f 500/6/1 496/6/1 499/6/1
f 501/6/1 498/6/1 497/6/1
f 502/6/1 498/6/1 501/6/1
f 503/3/1 500/3/1 499/3/1
f 503/3/1 501/3/1 500/3/1
f 503/3/1 502/3/1 501/3/1
f 504/3/1 502/3/1 503/3/1
f 507/3/1 506/3/1 505/3/1
f 508/3/1 506/3/1 507/3/1
f 509/3/2 510/3/2 511/3/2
f 511/3/2 510/3/2 512/3/2
f 513/3/2 514/3/2 515/3/2
f 515/3/2 514/3/2 516/3/2
f 517/3/2 518/3/2 519/3/2
f 519/3/2 518/3/2 520/3/2
f 521/6/2 522/6/2 525/6/2
f 525/6/2 522/6/2 526/6/2
f 523/6/2 524/6/2 527/6/2
f 527/6/2 524/6/2 528/6/2
f 525/3/2 526/3/2 529/3/2
f 529/3/2 526/3/2 530/3/2
f 527/3/2 528/3/2 531/3/2
f 531/3/2 528/3/2 532/3/2
f 529/6/2 530/6/2 533/6/2
f 533/6/2 530/6/2 534/6/2
f 531/6/2 532/6/2 535/6/2
f 535/6/2 532/6/2 536/6/2
f 533/3/2 534/3/2 537/3/2
f 537/3/2 534/3/2 538/3/2
f 535/3/2 536/3/2 539/3/2
f 539/3/2 536/3/2 540/3/2
f 537/6/2 538/6/2 541/6/2
f 541/6/2 538/6/2 542/6/2
f 539/6/2 540/6/2 543/6/2
f 543/6/2 540/6/2 544/6/2
f 541/3/2 542/3/2 545/3/2
f 542/3/2 543/3/2 545/3/2
f 543/3/2 544/3/2 545/3/2
f 545/3/2 544/3/2 546/3/2
f 547/3/2 548/3/2 549/3/2
f 549/3/2 548/3/2 550/3/2
f 547/3/2 549/3/2 551/3/2
f 549/2/2 550/2/2 551/2/2
f 550/3/2 548/3/2 552/3/2
f 551/2/2 550/2/2 552/2/2
f 547/3/2 551/3/2 553/3/2
f 551/3/2 552/3/2 553/3/2
f 552/3/2 548/3/2 554/3/2
f 553/3/2 552/3/2 554/3/2
f 555/3/2 556/3/2 557/3/2
f 557/3/2 556/3/2 558/3/2
f 557/6/2 558/6/2 559/6/2
f 559/6/2 558/6/2 560/6/2
f 559/3/2 560/3/2 561/3/2
f 561/3/2 560/3/2 562/3/2
f 561/6/2 562/6/2 563/6/2
f 563/6/2 562/6/2 564/6/2
f 563/3/2 564/3/2 565/3/2
f 565/3/2 564/3/2 566/3/2
f 567/2/2 568/2/2 569/2/2
f 569/2/2 568/2/2 570/2/2
f 571/2/2 572/2/2 573/2/2
f 573/2/2 572/2/2 574/2/2
f 574/2/2 572/2/2 575/2/2
f 575/2/2 572/2/2 576/2/2
f 574/2/2 575/2/2 577/2/2
f 577/2/2 575/2/2 578/2/2
f 578/2/2 575/2/2 579/2/2
f 580/3/2 581/3/2 582/3/2
f 582/3/2 581/3/2 583/3/2
f 584/3/2 585/3/2 586/3/2
f 586/3/2 585/3/2 587/3/2
f 588/3/2 589/3/2 590/3/2
f 590/3/2 589/3/2 591/3/2
f 592/3/2 593/3/2 596/3/2
f 596/3/2 593/3/2 597/3/2
f 594/3/2 595/3/2 598/3/2
f 598/3/2 595/3/2 599/3/2
f 600/3/2 601/3/2 602/3/2
f 602/3/2 601/3/2 603/3/2
f 604/3/2 605/3/2 606/3/2
f 606/3/2 605/3/2 607/3/2
f 608/3/2 609/3/2 610/3/2
f 610/3/2 609/3/2 611/3/2
f 612/3/2 613/3/2 614/3/2
f 614/3/2 613/3/2 615/3/2
f 616/3/2 617/3/2 620/3/2
f 620/3/2 617/3/2 621/3/2
f 618/3/2 619/3/2 622/3/2
f 622/3/2 619/3/2 623/3/2
f 624/3/2 625/3/2 626/3/2
f 626/3/2 625/3/2 627/3/2
f 628/3/2 629/3/2 630/3/2
f 630/3/2 629/3/2 631/3/2
f 632/3/2 633/3/2 634/3/2
f 634/3/2 633/3/2 635/3/2
f 636/2/2 637/2/2 638/2/2
f 638/2/2 637/2/2 639/2/2
f 639/2/2 637/2/2 640/2/2
f 639/3/2 640/3/2 641/3/2
f 641/3/2 640/3/2 642/3/2
f 643/3/2 644/3/2 645/3/2
f 645/3/2 644/3/2 646/3/2
f 643/3/2 645/3/2 647/3/2
f 647/3/2 645/3/2 648/3/2
f 649/3/2 650/3/2 651/3/2
f 651/3/2 650/3/2 652/3/2
f 653/13/2 654/13/2 655/13/2
f 653/13/2 655/13/2 656/13/2
f 653/13/2 656/13/2 657/13/2
f 657/13/2 656/13/2 658/13/2
f 659/1/2 660/1/2 662/1/2
f 662/1/2 660/1/2 663/1/2
f 661/3/2 662/3/2 664/3/2
f 664/3/2 662/3/2 665/3/2
f 666/13/2 667/13/2 668/13/2
f 666/13/2 668/13/2 669/13/2
f 669/13/2 668/13/2 670/13/2
f 671/3/2 672/3/2 673/3/2
f 673/3/2 672/3/2 674/3/2
f 674/3/2 672/3/2 675/3/2
f 676/3/2 677/3/2 678/3/2
f 678/3/2 677/3/2 679/3/2
f 680/6/2 681/6/2 684/6/2
f 684/6/2 681/6/2 685/6/2
f 682/3/2 683/3/2 686/3/2
f 686/3/2 683/3/2 687/3/2
f 688/3/2 689/3/2 690/3/2
f 688/3/2 690/3/2 691/3/2
f 691/3/2 690/3/2 692/3/2
f 693/3/2 694/3/2 695/3/2
f 695/3/2 694/3/2 696/3/2
f 697/13/2 698/13/2 699/13/2
f 699/13/2 698/13/2 700/13/2
f 701/13/2 702/13/2 703/13/2
f 703/13/2 702/13/2 704/13/2
f 705/3/2 706/3/2 707/3/2
f 707/3/2 706/3/2 708/3/2
f 709/3/2 710/3/2 713/3/2
f 713/3/2 710/3/2 714/3/2
f 711/3/2 712/3/2 715/3/2
f 715/3/2 712/3/2 716/3/2
f 716/6/2 717/6/2 718/6/2
f 718/6/2 717/6/2 719/6/2
f 719/6/2 717/6/2 720/6/2
f 719/3/2 720/3/2 721/3/2
f 721/3/2 720/3/2 722/3/2
f 721/6/2 722/6/2 725/6/2
f 725/6/2 722/6/2 726/6/2
f 723/3/2 724/3/2 727/3/2
f 727/3/2 724/3/2 728/3/2
f 723/3/2 727/3/2 729/3/2
f 729/3/2 727/3/2 730/3/2
f 731/13/2 732/13/2 734/13/2
f 732/3/2 733/3/2 735/3/2
f 734/13/2 732/13/2 735/13/2
f 735/3/2 733/3/2 736/3/2
f 737/5/2 738/5/2 741/5/2
f 741/5/2 738/5/2 742/5/2
f 741/1/2 742/1/2 743/1/2
f 743/1/2 742/1/2 744/1/2
f 743/5/2 744/5/2 745/5/2
f 745/5/2 744/5/2 746/5/2
f 739/5/2 740/5/2 747/5/2
f 747/5/2 740/5/2 748/5/2
f 749/3/2 750/3/2 751/3/2
f 751/3/2 750/3/2 752/3/2
f 751/6/2 752/6/2 755/6/2
f 755/6/2 752/6/2 756/6/2
f 753/3/2 754/3/2 757/3/2
f 757/3/2 754/3/2 758/3/2
f 757/6/2 758/6/2 759/6/2
f 759/6/2 758/6/2 760/6/2
f 761/3/2 762/3/2 763/3/2
f 763/3/2 762/3/2 764/3/2
f 763/6/2 764/6/2 765/6/2
f 765/6/2 764/6/2 766/6/2
f 767/5/2 768/5/2 771/5/2
f 771/5/2 768/5/2 772/5/2
f 769/5/2 770/5/2 773/5/2
f 773/5/2 770/5/2 774/5/2
f 767/5/2 771/5/2 775/5/2
f 774/5/2 770/5/2 778/5/2
f 775/5/2 776/5/2 779/5/2
f 767/5/2 775/5/2 779/5/2
f 779/5/2 776/5/2 780/5/2
f 777/5/2 778/5/2 781/5/2
f 778/5/2 770/5/2 782/5/2
f 781/5/2 778/5/2 782/5/2
f 783/3/2 784/3/2 785/3/2
f 785/3/2 784/3/2 786/3/2
f 787/3/2 788/3/2 789/3/2
f 789/3/2 788/3/2 790/3/2
f 791/3/2 792/3/2 793/3/2
f 793/3/2 792/3/2 794/3/2
f 795/3/2 796/3/2 797/3/2
f 797/3/2 796/3/2 798/3/2
f 799/3/2 800/3/2 801/3/2
f 801/3/2 800/3/2 802/3/2
f 803/6/2 804/6/2 805/6/2
f 805/6/2 804/6/2 806/6/2
f 807/3/2 808/3/2 809/3/2
f 809/3/2 808/3/2 810/3/2
f 811/3/2 812/3/2 813/3/2
f 813/3/2 812/3/2 814/3/2
f 815/3/2 816/3/2 817/3/2
f 817/3/2 816/3/2 818/3/2
f 819/6/2 820/6/2 823/6/2
f 823/6/2 820/6/2 824/6/2
f 821/3/2 822/3/2 825/3/2
f 825/3/2 822/3/2 826/3/2
f 826/3/2 827/3/2 830/3/2
f 830/3/2 827/3/2 831/3/2
f 828/3/2 829/3/2 832/3/2
f 828/3/2 832/3/2 833/3/2
f 828/3/2 833/3/2 834/3/2
f 828/3/2 834/3/2 835/3/2
f 828/3/2 835/3/2 836/3/2
f 828/3/2 836/3/2 837/3/2
f 828/3/2 837/3/2 839/3/2
f 839/3/2 837/3/2 840/3/2
f 838/3/2 839/3/2 841/3/2
f 839/3/2 840/3/2 841/3/2
f 841/3/2 840/3/2 842/3/2
f 843/3/2 844/3/2 845/3/2
f 845/3/2 844/3/2 846/3/2
f 847/3/2 848/3/2 849/3/2
f 849/3/2 848/3/2 850/3/2
f 851/6/2 852/6/2 853/6/2
f 853/6/2 852/6/2 854/6/2
f 854/6/2 852/6/2 855/6/2
f 854/3/2 855/3/2 856/3/2
f 856/3/2 855/3/2 857/3/2
f 858/3/2 859/3/2 860/3/2
f 860/3/2 859/3/2 861/3/2
f 860/6/2 861/6/2 862/6/2
f 862/6/2 861/6/2 863/6/2
f 864/2/2 865/2/2 868/2/2
f 868/2/2 865/2/2 869/2/2
f 866/2/2 867/2/2 870/2/2
f 870/2/2 867/2/2 871/2/2
f 872/3/2 873/3/2 874/3/2
f 874/3/2 873/3/2 875/3/2
f 876/3/2 877/3/2 878/3/2
f 878/3/2 877/3/2 879/3/2
f 880/6/2 881/6/2 882/6/2
f 882/6/2 881/6/2 883/6/2
f 882/3/2 883/3/2 886/3/2
f 886/3/2 883/3/2 887/3/2
f 884/3/2 885/3/2 888/3/2
f 888/3/2 885/3/2 889/3/2
f 886/6/2 887/6/2 891/6/2
f 891/6/2 887/6/2 892/6/2
f 889/6/2 890/6/2 893/6/2
f 888/6/2 889/6/2 893/6/2
f 893/6/2 890/6/2 894/6/2
f 891/3/2 892/3/2 895/3/2
f 895/3/2 892/3/2 896/3/2
f 893/3/2 894/3/2 897/3/2
f 897/3/2 894/3/2 898/3/2
f 898/3/2 894/3/2 899/3/2
f 895/6/2 896/6/2 900/6/2
f 900/6/2 896/6/2 901/6/2
f 897/6/2 898/6/2 902/6/2
f 902/6/2 898/6/2 903/6/2
f 900/3/2 901/3/2 904/3/2
f 901/3/2 902/3/2 904/3/2
f 902/3/2 903/3/2 904/3/2
f 904/3/2 903/3/2 905/3/2
f 905/3/2 903/3/2 906/3/2
f 904/6/2 905/6/2 907/6/2
f 907/6/2 905/6/2 908/6/2
f 909/2/2 910/2/2 911/2/2
f 911/2/2 910/2/2 912/2/2
f 912/2/2 910/2/2 913/2/2
f 912/3/2 913/3/2 914/3/2
f 914/3/2 913/3/2 915/3/2
f 916/6/2 917/6/2 918/6/2
f 918/6/2 917/6/2 919/6/2
f 920/2/2 921/2/2 924/2/2
f 924/2/2 921/2/2 925/2/2
f 922/2/2 923/2/2 926/2/2
f 926/2/2 923/2/2 927/2/2
f 928/3/2 929/3/2 930/3/2
f 930/3/2 929/3/2 931/3/2
f 932/3/2 933/3/2 934/3/2
f 934/3/2 933/3/2 935/3/2
f 936/2/2 937/2/2 940/2/2
f 940/2/2 937/2/2 941/2/2
f 938/2/2 939/2/2 942/2/2
f 942/2/2 939/2/2 943/2/2
f 941/2/2 942/2/2 944/2/2
f 944/2/2 942/2/2 945/2/2
f 946/13/2 947/13/2 948/13/2
f 948/13/2 947/13/2 949/13/2
f 948/6/2 949/6/2 950/6/2
f 950/6/2 949/6/2 951/6/2
f 950/13/2 951/13/2 952/13/2
f 952/13/2 951/13/2 953/13/2
f 954/3/2 955/3/2 956/3/2
f 956/3/2 955/3/2 957/3/2
f 954/3/2 956/3/2 958/3/2
f 957/3/2 955/3/2 959/3/2
f 954/3/2 958/3/2 960/3/2
f 958/3/2 959/3/2 960/3/2
f 959/3/2 955/3/2 961/3/2
f 960/3/2 959/3/2 961/3/2
f 962/2/2 963/2/2 964/2/2
f 964/2/2 963/2/2 965/2/2
f 965/2/2 963/2/2 966/2/2
f 966/2/2 963/2/2 967/2/2
f 965/2/2 966/2/2 968/2/2
f 968/2/2 966/2/2 969/2/2
f 969/2/2 966/2/2 970/2/2
f 970/2/2 966/2/2 971/2/2
f 972/3/2 973/3/2 974/3/2
f 974/3/2 973/3/2 975/3/2
f 976/3/2 977/3/2 978/3/2
f 978/3/2 977/3/2 979/3/2
f 980/3/2 981/3/2 982/3/2
f 982/3/2 981/3/2 983/3/2
f 984/3/2 985/3/2 986/3/2
f 986/3/2 985/3/2 987/3/2
f 988/3/2 989/3/2 990/3/2
f 990/3/2 989/3/2 991/3/2
f 990/6/2 991/6/2 992/6/2
f 992/6/2 991/6/2 993/6/2
f 992/3/2 993/3/2 994/3/2
f 994/3/2 993/3/2 995/3/2
f 994/6/2 995/6/2 996/6/2
f 996/6/2 995/6/2 997/6/2
f 996/3/2 997/3/2 998/3/2
f 998/3/2 997/3/2 999/3/2
f 1000/6/2 1001/6/2 1002/6/2
f 1002/6/2 1001/6/2 1003/6/2
f 1002/3/2 1003/3/2 1004/3/2
f 1004/3/2 1003/3/2 1005/3/2
f 1004/6/2 1005/6/2 1006/6/2
f 1006/6/2 1005/6/2 1007/6/2
f 1006/3/2 1007/3/2 1008/3/2
f 1008/3/2 1007/3/2 1009/3/2
f 1008/6/2 1009/6/2 1010/6/2
f 1010/6/2 1009/6/2 1011/6/2
f 1010/3/2 1011/3/2 1012/3/2
f 1012/3/2 1011/3/2 1013/3/2
f 1014/4/2 1015/4/2 1016/4/2
f 1016/4/2 1015/4/2 1017/4/2
f 1020/4/3 1019/4/3 1018/4/3
f 1021/4/3 1019/4/3 1020/4/3
f 1027/3/3 1023/3/3 1022/3/3
f 1028/3/3 1023/3/3 1027/3/3
f 1033/5/3 1025/5/3 1024/5/3
f 1034/5/3 1025/5/3 1033/5/3
f 1035/5/3 1025/5/3 1034/5/3
f 1036/6/3 1029/6/3 1028/6/3
f 1039/5/3 1031/5/3 1030/5/3
f 1040/1/3 1032/1/3 1031/1/3
f 1040/5/3 1031/5/3 1039/5/3
f 1041/5/3 1033/5/3 1032/5/3
f 1041/1/3 1032/1/3 1040/1/3
f 1041/5/3 1034/5/3 1033/5/3
f 1042/1/3 1035/1/3 1034/1/3
f 1042/5/3 1034/5/3 1041/5/3
f 1043/1/3 1035/1/3 1042/1/3
f 1044/1/3 1035/1/3 1043/1/3
f 1047/3/3 1027/3/3 1026/3/3
f 1047/3/3 1028/3/3 1027/3/3
f 1047/6/3 1036/6/3 1028/6/3
f 1048/3/3 1037/3/3 1036/3/3
f 1048/6/3 1036/6/3 1047/6/3
f 1049/6/3 1038/6/3 1037/6/3
f 1049/3/3 1037/3/3 1048/3/3
f 1050/6/3 1038/6/3 1049/6/3
f 1052/5/3 1039/5/3 1030/5/3
f 1052/1/3 1040/1/3 1039/1/3
f 1052/1/3 1041/1/3 1040/1/3
f 1052/1/3 1042/1/3 1041/1/3
f 1052/1/3 1043/1/3 1042/1/3
f 1053/1/3 1043/1/3 1052/1/3
f 1054/1/3 1043/1/3 1053/1/3
f 1055/1/3 1043/1/3 1054/1/3
f 1056/5/3 1044/5/3 1043/5/3
f 1056/1/3 1043/1/3 1055/1/3
f 1057/5/3 1044/5/3 1056/5/3
f 1059/3/3 1046/3/3 1045/3/3
f 1061/3/3 1047/3/3 1026/3/3
f 1062/13/3 1051/13/3 1050/13/3
f 1062/13/3 1048/13/3 1047/13/3
f 1062/13/3 1050/13/3 1049/13/3
f 1062/13/3 1049/13/3 1048/13/3
f 1063/13/3 1051/13/3 1062/13/3
f 1064/5/3 1052/5/3 1030/5/3
f 1064/5/3 1053/5/3 1052/5/3
f 1065/1/3 1054/1/3 1053/1/3
f 1065/5/3 1053/5/3 1064/5/3
f 1066/5/3 1055/5/3 1054/5/3
f 1066/1/3 1054/1/3 1065/1/3
f 1067/1/3 1056/1/3 1055/1/3
f 1067/5/3 1055/5/3 1066/5/3
f 1067/1/3 1057/1/3 1056/1/3
f 1068/1/3 1057/1/3 1067/1/3
f 1069/5/3 1044/5/3 1057/5/3
f 1069/1/3 1057/1/3 1068/1/3
f 1070/3/3 1059/3/3 1058/3/3
f 1071/3/3 1046/3/3 1059/3/3
f 1071/3/3 1059/3/3 1070/3/3
f 1072/3/3 1061/3/3 1060/3/3
f 1073/3/3 1047/3/3 1061/3/3
f 1073/3/3 1061/3/3 1072/3/3
f 1074/13/3 1062/13/3 1047/13/3
f 1075/13/3 1051/13/3 1063/13/3
f 1076/1/3 1068/1/3 1067/1/3
f 1076/1/3 1065/1/3 1064/1/3
f 1076/5/3 1064/5/3 1030/5/3
f 1076/1/3 1066/1/3 1065/1/3
f 1076/1/3 1067/1/3 1066/1/3
f 1077/1/3 1068/1/3 1076/1/3
f 1078/1/3 1068/1/3 1077/1/3
f 1079/1/3 1068/1/3 1078/1/3
f 1080/5/3 1069/5/3 1068/5/3
f 1080/1/3 1068/1/3 1079/1/3
f 1081/1/3 1035/1/3 1044/1/3
f 1081/5/3 1069/5/3 1080/5/3
f 1081/5/3 1044/5/3 1069/5/3
f 1082/3/3 1046/3/3 1071/3/3
f 1083/3/3 1046/3/3 1082/3/3
f 1084/13/3 1075/13/3 1074/13/3
f 1084/13/3 1074/13/3 1047/13/3
f 1084/3/3 1047/3/3 1073/3/3
f 1085/13/3 1075/13/3 1084/13/3
f 1086/13/3 1075/13/3 1085/13/3
f 1087/13/3 1051/13/3 1075/13/3
f 1087/13/3 1075/13/3 1086/13/3
f 1088/13/3 1051/13/3 1087/13/3
f 1089/5/3 1076/5/3 1030/5/3
f 1089/5/3 1077/5/3 1076/5/3
f 1090/1/3 1078/1/3 1077/1/3
f 1090/5/3 1077/5/3 1089/5/3
f 1091/5/3 1079/5/3 1078/5/3
f 1091/1/3 1078/1/3 1090/1/3
f 1092/5/3 1079/5/3 1091/5/3
f 1093/1/3 1080/1/3 1079/1/3
f 1093/5/3 1079/5/3 1092/5/3
f 1093/1/3 1081/1/3 1080/1/3
f 1094/1/3 1035/1/3 1081/1/3
f 1094/1/3 1081/1/3 1093/1/3
f 1094/5/3 1025/5/3 1035/5/3
f 1095/3/3 1086/3/3 1085/3/3
f 1095/6/3 1085/6/3 1084/6/3
f 1096/6/3 1087/6/3 1086/6/3
f 1096/3/3 1086/3/3 1095/3/3
f 1097/6/3 1087/6/3 1096/6/3
f 1098/5/3 1093/5/3 1092/5/3
f 1098/5/3 1094/5/3 1093/5/3
f 1099/5/3 1025/5/3 1094/5/3
f 1099/5/3 1094/5/3 1098/5/3
f 1100/3/3 1084/3/3 1073/3/3
f 1101/3/3 1084/3/3 1100/3/3
f 1102/6/3 1095/6/3 1084/6/3
f 1102/3/3 1084/3/3 1101/3/3
f 1103/6/3 1095/6/3 1102/6/3
f 1104/3/3 1102/3/3 1101/3/3
f 1105/3/3 1102/3/3 1104/3/3
f 1108/2/3 1107/2/3 1106/2/3
f 1109/2/3 1107/2/3 1108/2/3
f 1110/2/3 1107/2/3 1109/2/3
f 1112/2/3 1111/2/3 1110/2/3
f 1112/2/3 1110/2/3 1109/2/3
f 1113/2/3 1111/2/3 1112/2/3
f 1114/2/3 1111/2/3 1113/2/3
f 1116/2/3 1115/2/3 1114/2/3
f 1116/2/3 1114/2/3 1113/2/3
f 1120/2/3 1116/2/3 1113/2/3
f 1120/2/3 1117/2/3 1116/2/3
f 1121/2/3 1117/2/3 1120/2/3
f 1122/3/3 1119/3/3 1118/3/3
f 1123/3/3 1119/3/3 1122/3/3
f 1124/3/3 1119/3/3 1123/3/3
f 1125/3/3 1119/3/3 1124/3/3
f 1126/3/3 1119/3/3 1125/3/3
f 1127/3/3 1122/3/3 1118/3/3
f 1128/10/3 1123/10/3 1122/10/3
f 1128/3/3 1122/3/3 1127/3/3
f 1129/3/3 1124/3/3 1123/3/3
f 1129/10/3 1123/10/3 1128/10/3
f 1130/9/3 1125/9/3 1124/9/3
f 1130/3/3 1124/3/3 1129/3/3
f 1131/9/3 1125/9/3 1130/9/3
f 1132/9/3 1125/9/3 1131/9/3
f 1133/3/3 1127/3/3 1118/3/3
f 1134/10/3 1128/10/3 1127/10/3
f 1134/3/3 1127/3/3 1133/3/3
f 1135/12/3 1129/12/3 1128/12/3
f 1135/10/3 1128/10/3 1134/10/3
f 1136/3/3 1130/3/3 1129/3/3
f 1136/12/3 1129/12/3 1135/12/3
f 1137/11/3 1131/11/3 1130/11/3
f 1137/3/3 1130/3/3 1136/3/3
f 1138/3/3 1132/3/3 1131/3/3
f 1138/11/3 1131/11/3 1137/11/3
f 1139/12/3 1135/12/3 1134/12/3
f 1140/10/3 1136/10/3 1135/10/3
f 1140/12/3 1135/12/3 1139/12/3
f 1141/3/3 1137/3/3 1136/3/3
f 1141/10/3 1136/10/3 1140/10/3
f 1142/14/3 1138/14/3 1137/14/3
f 1142/3/3 1137/3/3 1141/3/3
f 1143/3/3 1132/3/3 1138/3/3
f 1143/14/3 1138/14/3 1142/14/3
f 1144/3/3 1132/3/3 1143/3/3
f 1148/8/3 1146/8/3 1145/8/3
f 1149/11/3 1147/11/3 1146/11/3
f 1149/8/3 1146/8/3 1148/8/3
f 1150/11/3 1147/11/3 1149/11/3
f 1151/10/3 1140/10/3 1139/10/3
f 1152/12/3 1141/12/3 1140/12/3
f 1152/10/3 1140/10/3 1151/10/3
f 1153/3/3 1142/3/3 1141/3/3
f 1153/12/3 1141/12/3 1152/12/3
f 1153/3/3 1143/3/3 1142/3/3
f 1154/3/3 1143/3/3 1153/3/3
f 1155/3/3 1143/3/3 1154/3/3
f 1157/7/3 1149/7/3 1148/7/3
f 1158/8/3 1150/8/3 1149/8/3
f 1158/7/3 1149/7/3 1157/7/3
f 1159/8/3 1150/8/3 1158/8/3
f 1161/12/3 1152/12/3 1151/12/3
f 1162/10/3 1153/10/3 1152/10/3
f 1162/12/3 1152/12/3 1161/12/3
f 1163/3/3 1154/3/3 1153/3/3
f 1163/10/3 1153/10/3 1162/10/3
f 1164/14/3 1155/14/3 1154/14/3
f 1164/3/3 1154/3/3 1163/3/3
f 1165/3/3 1156/3/3 1155/3/3
f 1165/14/3 1155/14/3 1164/14/3
f 1166/3/3 1161/3/3 1160/3/3
f 1166/10/3 1162/10/3 1161/10/3
f 1167/12/3 1163/12/3 1162/12/3
f 1167/10/3 1162/10/3 1166/10/3
f 1168/3/3 1164/3/3 1163/3/3
f 1168/12/3 1163/12/3 1167/12/3
f 1169/11/3 1165/11/3 1164/11/3
f 1169/3/3 1164/3/3 1168/3/3
f 1170/3/3 1156/3/3 1165/3/3
f 1170/11/3 1165/11/3 1169/11/3
f 1171/3/3 1156/3/3 1170/3/3
f 1174/3/3 1167/3/3 1166/3/3
f 1174/10/3 1168/10/3 1167/10/3
f 1175/3/3 1169/3/3 1168/3/3
f 1175/10/3 1168/10/3 1174/10/3
f 1176/9/3 1170/9/3 1169/9/3
f 1176/3/3 1169/3/3 1175/3/3
f 1176/9/3 1171/9/3 1170/9/3
f 1177/9/3 1171/9/3 1176/9/3
f 1179/3/3 1174/3/3 1166/3/3
f 1179/3/3 1178/3/3 1177/3/3
f 1179/3/3 1176/3/3 1175/3/3
f 1179/3/3 1175/3/3 1174/3/3
f 1179/3/3 1177/3/3 1176/3/3
f 1179/3/3 1166/3/3 1160/3/3
f 1180/3/3 1178/3/3 1179/3/3
f 1181/2/3 1173/2/3 1172/2/3
f 1182/2/3 1173/2/3 1181/2/3
f 1184/2/3 1181/2/3 1172/2/3
f 1185/2/3 1181/2/3 1184/2/3
f 1186/2/3 1181/2/3 1185/2/3
f 1188/2/3 1184/2/3 1183/2/3
f 1188/2/3 1185/2/3 1184/2/3
f 1189/2/3 1185/2/3 1188/2/3
f 1190/2/3 1185/2/3 1189/2/3
f 1191/2/3 1188/2/3 1187/2/3
f 1191/2/3 1189/2/3 1188/2/3
f 1192/2/3 1189/2/3 1191/2/3
f 1195/2/3 1194/2/3 1193/2/3
f 1196/2/3 1194/2/3 1195/2/3
f 1202/2/3 1197/2/3 1196/2/3
f 1203/2/3 1197/2/3 1202/2/3
f 1204/2/3 1197/2/3 1203/2/3
f 1205/2/3 1197/2/3 1204/2/3
f 1214/6/3 1207/6/3 1206/6/3
f 1215/3/3 1208/3/3 1207/3/3
f 1215/6/3 1207/6/3 1214/6/3
f 1216/3/3 1208/3/3 1215/3/3
f 1217/6/3 1213/6/3 1212/6/3
f 1221/3/3 1215/3/3 1214/3/3
f 1222/6/3 1216/6/3 1215/6/3
f 1222/3/3 1215/3/3 1221/3/3
f 1223/3/3 1208/3/3 1216/3/3
f 1223/6/3 1216/6/3 1222/6/3
f 1224/6/3 1209/6/3 1208/6/3
f 1224/3/3 1208/3/3 1223/3/3
f 1225/3/3 1210/3/3 1209/3/3
f 1225/6/3 1209/6/3 1224/6/3
f 1226/6/3 1211/6/3 1210/6/3
f 1226/3/3 1210/3/3 1225/3/3
f 1227/3/3 1212/3/3 1211/3/3
f 1227/6/3 1211/6/3 1226/6/3
f 1228/6/3 1217/6/3 1212/6/3
f 1228/3/3 1212/3/3 1227/3/3
f 1229/3/3 1218/3/3 1217/3/3
f 1229/6/3 1217/6/3 1228/6/3
f 1230/6/3 1219/6/3 1218/6/3
f 1230/3/3 1218/3/3 1229/3/3
f 1231/2/3 1197/2/3 1205/2/3
f 1232/2/3 1197/2/3 1231/2/3
f 1233/6/3 1221/6/3 1220/6/3
f 1234/3/3 1222/3/3 1221/3/3
f 1234/6/3 1221/6/3 1233/6/3
f 1235/3/3 1222/3/3 1234/3/3
f 1236/6/3 1219/6/3 1230/6/3
f 1237/6/3 1219/6/3 1236/6/3
f 1240/3/3 1234/3/3 1233/3/3
f 1241/6/3 1235/6/3 1234/6/3
f 1241/3/3 1234/3/3 1240/3/3
f 1242/6/3 1235/6/3 1241/6/3
f 1244/13/3 1199/13/3 1198/13/3
f 1245/6/3 1200/6/3 1199/6/3
f 1245/13/3 1199/13/3 1244/13/3
f 1246/13/3 1201/13/3 1200/13/3
f 1246/6/3 1200/6/3 1245/6/3
f 1247/13/3 1201/13/3 1246/13/3
f 1249/6/3 1240/6/3 1239/6/3
f 1249/3/3 1239/3/3 1238/3/3
f 1250/3/3 1241/3/3 1240/3/3
f 1250/6/3 1240/6/3 1249/6/3
f 1250/3/3 1242/3/3 1241/3/3
f 1251/3/3 1242/3/3 1250/3/3
f 1252/3/3 1242/3/3 1251/3/3
f 1253/13/3 1245/13/3 1244/13/3
f 1253/13/3 1244/13/3 1243/13/3
f 1253/13/3 1248/13/3 1247/13/3
f 1253/13/3 1247/13/3 1246/13/3
f 1253/13/3 1246/13/3 1245/13/3
f 1254/13/3 1248/13/3 1253/13/3
f 1256/3/3 1250/3/3 1249/3/3
f 1256/3/3 1249/3/3 1238/3/3
f 1257/3/3 1250/3/3 1256/3/3
f 1258/6/3 1251/6/3 1250/6/3
f 1258/3/3 1250/3/3 1257/3/3
f 1259/6/3 1251/6/3 1258/6/3
f 1260/13/3 1253/13/3 1243/13/3
f 1261/13/3 1248/13/3 1254/13/3
f 1262/6/3 1257/6/3 1256/6/3
f 1262/6/3 1256/6/3 1255/6/3
f 1263/6/3 1257/6/3 1262/6/3
f 1264/6/3 1257/6/3 1263/6/3
f 1267/13/3 1261/13/3 1260/13/3
f 1267/13/3 1260/13/3 1243/13/3
f 1268/13/3 1261/13/3 1267/13/3
f 1269/13/3 1261/13/3 1268/13/3
f 1270/13/3 1261/13/3 1269/13/3
f 1271/13/3 1248/13/3 1261/13/3
f 1271/13/3 1261/13/3 1270/13/3
f 1272/13/3 1248/13/3 1271/13/3
f 1273/3/3 1265/3/3 1264/3/3
f 1273/3/3 1264/3/3 1263/3/3
f 1274/6/3 1266/6/3 1265/6/3
f 1274/3/3 1265/3/3 1273/3/3
f 1275/6/3 1266/6/3 1274/6/3
f 1277/3/3 1273/3/3 1263/3/3
f 1278/6/3 1274/6/3 1273/6/3
f 1278/3/3 1273/3/3 1277/3/3
f 1279/3/3 1276/3/3 1275/3/3
f 1279/6/3 1274/6/3 1278/6/3
f 1279/3/3 1275/3/3 1274/3/3
f 1280/3/3 1276/3/3 1279/3/3
f 1281/3/3 1276/3/3 1280/3/3
f 1284/3/3 1280/3/3 1279/3/3
f 1285/6/3 1281/6/3 1280/6/3
f 1285/3/3 1280/3/3 1284/3/3
f 1286/6/3 1281/6/3 1285/6/3
f 1289/6/3 1285/6/3 1284/6/3
f 1290/3/3 1286/3/3 1285/3/3
f 1290/6/3 1285/6/3 1289/6/3
f 1291/3/3 1286/3/3 1290/3/3
f 1299/6/3 1288/6/3 1287/6/3
f 1300/3/3 1291/3/3 1290/3/3
f 1301/6/3 1292/6/3 1291/6/3
f 1301/3/3 1291/3/3 1300/3/3
f 1302/3/3 1293/3/3 1292/3/3
f 1302/6/3 1292/6/3 1301/6/3
f 1303/6/3 1298/6/3 1297/6/3
f 1303/3/3 1299/3/3 1298/3/3
f 1304/6/3 1288/6/3 1299/6/3
f 1304/3/3 1299/3/3 1303/3/3
f 1305/6/3 1288/6/3 1304/6/3
f 1307/2/3 1283/2/3 1282/2/3
f 1308/6/3 1301/6/3 1300/6/3
f 1309/3/3 1302/3/3 1301/3/3
f 1309/6/3 1301/6/3 1308/6/3
f 1310/3/3 1293/3/3 1302/3/3
f 1310/3/3 1302/3/3 1309/3/3
f 1310/6/3 1294/6/3 1293/6/3
f 1311/3/3 1295/3/3 1294/3/3
f 1311/6/3 1294/6/3 1310/6/3
f 1312/6/3 1296/6/3 1295/6/3
f 1312/3/3 1295/3/3 1311/3/3
f 1313/3/3 1297/3/3 1296/3/3
f 1313/6/3 1296/6/3 1312/6/3
f 1314/6/3 1303/6/3 1297/6/3
f 1314/3/3 1297/3/3 1313/3/3
f 1315/6/3 1303/6/3 1314/6/3
f 1317/2/3 1307/2/3 1306/2/3
f 1319/2/3 1317/2/3 1316/2/3
f 1320/2/3 1283/2/3 1307/2/3
f 1320/2/3 1307/2/3 1317/2/3
f 1320/2/3 1317/2/3 1319/2/3
f 1321/13/3 1269/13/3 1268/13/3
f 1322/6/3 1270/6/3 1269/6/3
f 1322/13/3 1269/13/3 1321/13/3
f 1323/13/3 1271/13/3 1270/13/3
f 1323/6/3 1270/6/3 1322/6/3
f 1324/13/3 1271/13/3 1323/13/3
f 1325/2/3 1319/2/3 1318/2/3
f 1326/2/3 1319/2/3 1325/2/3
f 1332/3/3 1328/3/3 1327/3/3
f 1335/3/3 1328/3/3 1332/3/3
f 1335/3/3 1332/3/3 1331/3/3
f 1337/3/3 1335/3/3 1331/3/3
f 1338/3/3 1335/3/3 1337/3/3
f 1339/3/3 1335/3/3 1338/3/3
f 1340/3/3 1335/3/3 1339/3/3
f 1341/3/3 1335/3/3 1340/3/3
f 1342/3/3 1335/3/3 1341/3/3
f 1343/3/3 1335/3/3 1342/3/3
f 1344/3/3 1335/3/3 1343/3/3
f 1345/6/3 1336/6/3 1335/6/3
f 1345/3/3 1335/3/3 1344/3/3
f 1346/6/3 1336/6/3 1345/6/3
f 1347/3/3 1341/3/3 1340/3/3
f 1349/3/3 1339/3/3 1338/3/3
f 1350/3/3 1339/3/3 1349/3/3
f 1351/3/3 1339/3/3 1350/3/3
f 1352/3/3 1339/3/3 1351/3/3
f 1353/3/3 1347/3/3 1340/3/3
f 1354/3/3 1347/3/3 1353/3/3
f 1355/3/3 1347/3/3 1354/3/3
f 1356/3/3 1330/3/3 1329/3/3
f 1357/3/3 1349/3/3 1348/3/3
f 1358/3/3 1351/3/3 1350/3/3
f 1359/3/3 1351/3/3 1358/3/3
f 1360/3/3 1351/3/3 1359/3/3
f 1361/3/3 1351/3/3 1360/3/3
f 1362/3/3 1354/3/3 1353/3/3
f 1362/3/3 1353/3/3 1352/3/3
f 1363/3/3 1354/3/3 1362/3/3
f 1364/3/3 1363/3/3 1362/3/3
f 1364/3/3 1362/3/3 1361/3/3
f 1365/3/3 1363/3/3 1364/3/3
f 1366/3/3 1363/3/3 1365/3/3
f 1367/2/3 1334/2/3 1333/2/3
f 1368/2/3 1334/2/3 1367/2/3
f 1369/3/3 1330/3/3 1356/3/3
f 1370/3/3 1330/3/3 1369/3/3
f 1371/3/3 1357/3/3 1348/3/3
f 1371/3/3 1358/3/3 1357/3/3
f 1372/3/3 1358/3/3 1371/3/3
f 1373/3/3 1358/3/3 1372/3/3
f 1374/3/3 1360/3/3 1359/3/3
f 1375/3/3 1360/3/3 1374/3/3
f 1376/3/3 1360/3/3 1375/3/3
f 1377/3/3 1360/3/3 1376/3/3
f 1378/3/3 1364/3/3 1361/3/3
f 1383/3/3 1373/3/3 1372/3/3
f 1383/3/3 1374/3/3 1373/3/3
f 1385/3/3 1376/3/3 1375/3/3
f 1386/3/3 1376/3/3 1385/3/3
f 1387/3/3 1378/3/3 1377/3/3
f 1388/3/3 1364/3/3 1378/3/3
f 1388/3/3 1378/3/3 1387/3/3
f 1389/3/3 1364/3/3 1388/3/3
f 1390/8/3 1381/8/3 1380/8/3
f 1390/7/3 1380/7/3 1379/7/3
f 1391/11/3 1382/11/3 1381/11/3
f 1391/8/3 1381/8/3 1390/8/3
f 1392/11/3 1382/11/3 1391/11/3
f 1393/7/3 1390/7/3 1379/7/3
f 1393/7/3 1391/7/3 1390/7/3
f 1394/8/3 1392/8/3 1391/8/3
f 1394/7/3 1391/7/3 1393/7/3
f 1395/8/3 1392/8/3 1394/8/3
f 1396/3/3 1384/3/3 1383/3/3
f 1396/3/3 1383/3/3 1372/3/3
f 1397/3/3 1384/3/3 1396/3/3
f 1399/3/3 1387/3/3 1386/3/3
f 1399/3/3 1388/3/3 1387/3/3
f 1400/3/3 1388/3/3 1399/3/3
f 1401/3/3 1388/3/3 1400/3/3
f 1408/3/3 1396/3/3 1372/3/3
f 1409/3/3 1396/3/3 1408/3/3
f 1410/3/3 1396/3/3 1409/3/3
f 1411/3/3 1399/3/3 1398/3/3
f 1412/3/3 1399/3/3 1411/3/3
f 1413/3/3 1402/3/3 1401/3/3
f 1413/3/3 1401/3/3 1400/3/3
f 1414/3/3 1402/3/3 1413/3/3
f 1415/3/3 1402/3/3 1414/3/3
f 1418/3/3 1406/3/3 1405/3/3
f 1419/3/3 1408/3/3 1407/3/3
f 1419/3/3 1409/3/3 1408/3/3
f 1420/3/3 1409/3/3 1419/3/3
f 1421/3/3 1412/3/3 1411/3/3
f 1421/3/3 1411/3/3 1410/3/3
f 1421/3/3 1413/3/3 1412/3/3
f 1422/3/3 1413/3/3 1421/3/3
f 1423/3/3 1415/3/3 1414/3/3
f 1423/3/3 1416/3/3 1415/3/3
f 1423/3/3 1417/3/3 1416/3/3
f 1424/3/3 1417/3/3 1423/3/3
f 1425/3/3 1417/3/3 1424/3/3
f 1426/3/3 1419/3/3 1407/3/3
f 1427/3/3 1419/3/3 1426/3/3
f 1428/3/3 1422/3/3 1421/3/3
f 1428/3/3 1421/3/3 1420/3/3
f 1428/3/3 1423/3/3 1422/3/3
f 1429/3/3 1423/3/3 1428/3/3
f 1430/3/3 1425/3/3 1424/3/3
f 1431/3/3 1425/3/3 1430/3/3
f 1432/3/3 1425/3/3 1431/3/3
f 1434/3/3 1432/3/3 1431/3/3
f 1434/3/3 1433/3/3 1432/3/3
f 1436/3/3 1428/3/3 1427/3/3
f 1436/3/3 1430/3/3 1429/3/3
f 1436/3/3 1429/3/3 1428/3/3
f 1437/3/3 1430/3/3 1436/3/3
f 1438/3/3 1434/3/3 1431/3/3
f 1439/3/3 1434/3/3 1438/3/3
f 1445/2/3 1404/2/3 1403/2/3
f 1446/2/3 1404/2/3 1445/2/3
f 1447/3/3 1439/3/3 1438/3/3
f 1447/3/3 1438/3/3 1437/3/3
f 1447/3/3 1437/3/3 1436/3/3
f 1447/3/3 1443/3/3 1442/3/3
f 1447/3/3 1442/3/3 1441/3/3
f 1447/3/3 1441/3/3 1440/3/3
f 1447/3/3 1440/3/3 1439/3/3
f 1447/3/3 1436/3/3 1435/3/3
f 1447/6/3 1444/6/3 1443/6/3
f 1448/6/3 1444/6/3 1447/6/3
f 1449/3/3 1406/3/3 1418/3/3
f 1450/3/3 1406/3/3 1449/3/3
f 1451/3/3 1447/3/3 1435/3/3
f 1452/3/3 1447/3/3 1451/3/3
f 1453/3/3 1447/3/3 1452/3/3
f 1454/3/3 1447/3/3 1453/3/3
f 1458/1/3 1456/1/3 1455/1/3
f 1459/1/3 1456/1/3 1458/1/3
f 1461/1/3 1458/1/3 1457/1/3
f 1462/1/3 1458/1/3 1461/1/3
f 1466/1/3 1461/1/3 1460/1/3
f 1467/1/3 1461/1/3 1466/1/3
f 1468/1/3 1464/1/3 1463/1/3
f 1469/1/3 1464/1/3 1468/1/3
f 1470/1/3 1466/1/3 1465/1/3
f 1471/1/3 1466/1/3 1470/1/3
f 1473/1/3 1470/1/3 1469/1/3
f 1474/1/3 1470/1/3 1473/1/3
f 1476/1/3 1473/1/3 1472/1/3
f 1477/1/3 1473/1/3 1476/1/3
f 1478/1/3 1475/1/3 1474/1/3
f 1479/1/3 1475/1/3 1478/1/3
f 1481/1/3 1480/1/3 1479/1/3
f 1482/1/3 1480/1/3 1481/1/3
f 1484/1/3 1483/1/3 1482/1/3
f 1485/1/3 1483/1/3 1484/1/3
f 1487/1/3 1486/1/3 1485/1/3
f 1488/1/3 1486/1/3 1487/1/3
f 1504/3/3 1490/3/3 1489/3/3
f 1505/3/3 1490/3/3 1504/3/3
f 1507/3/3 1490/3/3 1505/3/3
f 1508/6/3 1498/6/3 1497/6/3
f 1509/3/3 1499/3/3 1498/3/3
f 1509/6/3 1498/6/3 1508/6/3
f 1510/6/3 1500/6/3 1499/6/3
f 1510/3/3 1499/3/3 1509/3/3
f 1511/3/3 1501/3/3 1500/3/3
f 1511/6/3 1500/6/3 1510/6/3
f 1512/6/3 1502/6/3 1501/6/3
f 1512/3/3 1501/3/3 1511/3/3
f 1513/3/3 1503/3/3 1502/3/3
f 1513/6/3 1502/6/3 1512/6/3
f 1514/3/3 1503/3/3 1513/3/3
f 1515/3/3 1507/3/3 1506/3/3
f 1516/3/3 1490/3/3 1507/3/3
f 1516/3/3 1507/3/3 1515/3/3
f 1517/3/3 1492/3/3 1491/3/3
f 1518/6/3 1493/6/3 1492/6/3
f 1518/3/3 1492/3/3 1517/3/3
f 1519/3/3 1494/3/3 1493/3/3
f 1519/6/3 1493/6/3 1518/6/3
f 1520/6/3 1495/6/3 1494/6/3
f 1520/3/3 1494/3/3 1519/3/3
f 1521/3/3 1496/3/3 1495/3/3
f 1521/6/3 1495/6/3 1520/6/3
f 1522/3/3 1496/3/3 1521/3/3
f 1527/1/3 1526/1/3 1525/1/3
f 1528/1/3 1526/1/3 1527/1/3
f 1530/1/3 1529/1/3 1528/1/3
f 1531/1/3 1529/1/3 1530/1/3
f 1533/3/3 1524/3/3 1523/3/3
f 1534/3/3 1524/3/3 1533/3/3
f 1535/1/3 1532/1/3 1531/1/3
f 1536/1/3 1532/1/3 1535/1/3
f 1538/1/3 1537/1/3 1536/1/3
f 1539/1/3 1537/1/3 1538/1/3
f 1542/1/3 1540/1/3 1539/1/3
f 1543/1/3 1540/1/3 1542/1/3
f 1545/3/3 1524/3/3 1534/3/3
f 1547/1/3 1542/1/3 1541/1/3
f 1548/1/3 1542/1/3 1547/1/3
f 1550/1/3 1547/1/3 1546/1/3
f 1551/1/3 1547/1/3 1550/1/3
f 1553/1/3 1550/1/3 1549/1/3
f 1554/1/3 1550/1/3 1553/1/3
f 1555/1/3 1553/1/3 1552/1/3
f 1556/1/3 1553/1/3 1555/1/3
f 1557/3/3 1545/3/3 1544/3/3
f 1558/3/3 1524/3/3 1545/3/3
f 1558/3/3 1545/3/3 1557/3/3
f 1574/3/3 1560/3/3 1559/3/3
f 1575/3/3 1560/3/3 1574/3/3
f 1577/3/3 1560/3/3 1575/3/3
f 1578/3/3 1577/3/3 1576/3/3
f 1579/3/3 1560/3/3 1577/3/3
f 1579/3/3 1577/3/3 1578/3/3
f 1580/3/3 1562/3/3 1561/3/3
f 1581/6/3 1563/6/3 1562/6/3
f 1581/3/3 1562/3/3 1580/3/3
f 1582/3/3 1564/3/3 1563/3/3
f 1582/6/3 1563/6/3 1581/6/3
f 1583/6/3 1565/6/3 1564/6/3
f 1583/3/3 1564/3/3 1582/3/3
f 1584/3/3 1566/3/3 1565/3/3
f 1584/6/3 1565/6/3 1583/6/3
f 1585/3/3 1566/3/3 1584/3/3
f 1586/6/3 1568/6/3 1567/6/3
f 1587/3/3 1569/3/3 1568/3/3
f 1587/6/3 1568/6/3 1586/6/3
f 1588/6/3 1570/6/3 1569/6/3
f 1588/3/3 1569/3/3 1587/3/3
f 1589/3/3 1571/3/3 1570/3/3
f 1589/6/3 1570/6/3 1588/6/3
f 1590/6/3 1572/6/3 1571/6/3
f 1590/3/3 1571/3/3 1589/3/3
f 1591/3/3 1573/3/3 1572/3/3
f 1591/6/3 1572/6/3 1590/6/3
f 1592/3/3 1573/3/3 1591/3/3
f 1597/3/3 1594/3/3 1593/3/3
f 1598/3/3 1594/3/3 1597/3/3
f 1599/3/3 1596/3/3 1595/3/3
f 1600/3/3 1596/3/3 1599/3/3
f 1601/3/3 1596/3/3 1600/3/3
f 1607/3/3 1606/3/3 1605/3/3
f 1607/3/3 1605/3/3 1604/3/3
f 1607/3/3 1604/3/3 1603/3/3
f 1607/3/3 1603/3/3 1602/3/3
f 1607/3/3 1602/3/3 1601/3/3
f 1607/3/3 1601/3/3 1600/3/3
f 1608/3/3 1606/3/3 1607/3/3
f 1614/3/3 1610/3/3 1609/3/3
f 1615/3/3 1610/3/3 1614/3/3
f 1616/3/3 1610/3/3 1615/3/3
f 1617/3/3 1610/3/3 1616/3/3
f 1618/3/3 1610/3/3 1617/3/3
f 1619/3/3 1610/3/3 1618/3/3
f 1620/3/3 1610/3/3 1619/3/3
f 1621/3/3 1612/3/3 1611/3/3
f 1622/3/3 1612/3/3 1621/3/3
f 1623/3/3 1614/3/3 1613/3/3
f 1623/3/3 1615/3/3 1614/3/3
f 1624/3/3 1615/3/3 1623/3/3
f 1628/2/3 1626/2/3 1625/2/3
f 1629/2/3 1626/2/3 1628/2/3
f 1631/5/3 1628/5/3 1627/5/3
f 1631/5/3 1629/5/3 1628/5/3
f 1632/5/3 1631/5/3 1630/5/3
f 1633/5/3 1629/5/3 1631/5/3
f 1633/5/3 1631/5/3 1632/5/3
f 1634/5/3 1629/5/3 1633/5/3
f 1635/5/3 1629/5/3 1634/5/3
f 1636/5/3 1629/5/3 1635/5/3
f 1637/2/3 1636/2/3 1635/2/3
f 1638/2/3 1636/2/3 1637/2/3
f 1639/2/4 1640/2/4 1642/2/4
f 1642/2/4 1640/2/4 1643/2/4
f 1641/5/4 1642/5/4 1647/5/4
f 1642/5/4 1643/5/4 1647/5/4
f 1647/5/4 1643/5/4 1648/5/4
f 1648/5/4 1643/5/4 1649/5/4
f 1644/5/4 1645/5/4 1650/5/4
f 1645/1/4 1646/1/4 1651/1/4
f 1650/5/4 1645/5/4 1651/5/4
f 1646/5/4 1647/5/4 1652/5/4
f 1651/1/4 1646/1/4 1652/1/4
f 1647/5/4 1648/5/4 1652/5/4
f 1648/1/4 1649/1/4 1653/1/4
f 1652/5/4 1648/5/4 1653/5/4
f 1644/5/4 1650/5/4 1654/5/4
f 1650/1/4 1651/1/4 1654/1/4
f 1652/1/4 1653/1/4 1654/1/4
f 1651/1/4 1652/1/4 1654/1/4
f 1654/1/4 1653/1/4 1655/1/4
f 1655/1/4 1653/1/4 1656/1/4
f 1653/1/4 1649/1/4 1657/1/4
f 1656/1/4 1653/1/4 1657/1/4
f 1644/5/4 1654/5/4 1658/5/4
f 1654/5/4 1655/5/4 1658/5/4
f 1655/1/4 1656/1/4 1659/1/4
f 1658/5/4 1655/5/4 1659/5/4
f 1656/5/4 1657/5/4 1660/5/4
f 1659/1/4 1656/1/4 1660/1/4
f 1657/1/4 1649/1/4 1661/1/4
f 1660/5/4 1657/5/4 1661/5/4
f 1644/5/4 1658/5/4 1662/5/4
f 1659/1/4 1660/1/4 1662/1/4
f 1660/1/4 1661/1/4 1662/1/4
f 1658/1/4 1659/1/4 1662/1/4
f 1662/1/4 1661/1/4 1663/1/4
f 1663/1/4 1661/1/4 1664/1/4
f 1661/1/4 1649/1/4 1665/1/4
f 1664/1/4 1661/1/4 1665/1/4
f 1644/5/4 1662/5/4 1666/5/4
f 1662/5/4 1663/5/4 1666/5/4
f 1663/1/4 1664/1/4 1667/1/4
f 1666/5/4 1663/5/4 1667/5/4
f 1664/5/4 1665/5/4 1668/5/4
f 1667/1/4 1664/1/4 1668/1/4
f 1668/5/4 1665/5/4 1669/5/4
f 1665/1/4 1649/1/4 1670/1/4
f 1669/5/4 1665/5/4 1670/5/4
f 1670/1/4 1649/1/4 1671/1/4
f 1670/5/4 1671/5/4 1672/5/4
f 1669/5/4 1670/5/4 1672/5/4
f 1672/5/4 1671/5/4 1673/5/4
f 1673/5/4 1671/5/4 1674/5/4
f 1673/2/4 1674/2/4 1675/2/4
f 1675/2/4 1674/2/4 1676/2/4
f 1677/3/4 1678/3/4 1681/3/4
f 1681/3/4 1678/3/4 1682/3/4
f 1679/3/4 1680/3/4 1683/3/4
f 1683/3/4 1680/3/4 1684/3/4
f 1684/3/4 1680/3/4 1685/3/4
f 1689/3/4 1690/3/4 1691/3/4
f 1688/3/4 1689/3/4 1691/3/4
f 1687/3/4 1688/3/4 1691/3/4
f 1686/3/4 1687/3/4 1691/3/4
f 1685/3/4 1686/3/4 1691/3/4
f 1684/3/4 1685/3/4 1691/3/4
f 1691/3/4 1690/3/4 1692/3/4
f 1693/3/4 1694/3/4 1698/3/4
f 1698/3/4 1694/3/4 1699/3/4
f 1699/3/4 1694/3/4 1700/3/4
f 1700/3/4 1694/3/4 1701/3/4
f 1701/3/4 1694/3/4 1702/3/4
f 1702/3/4 1694/3/4 1703/3/4
f 1703/3/4 1694/3/4 1704/3/4
f 1695/3/4 1696/3/4 1705/3/4
f 1705/3/4 1696/3/4 1706/3/4
f 1697/3/4 1698/3/4 1707/3/4
f 1698/3/4 1699/3/4 1707/3/4
f 1707/3/4 1699/3/4 1708/3/4
f 1709/3/4 1710/3/4 1724/3/4
f 1724/3/4 1710/3/4 1725/3/4
f 1725/3/4 1710/3/4 1727/3/4
f 1717/6/4 1718/6/4 1728/6/4
f 1718/3/4 1719/3/4 1729/3/4
f 1728/6/4 1718/6/4 1729/6/4
f 1719/6/4 1720/6/4 1730/6/4
f 1729/3/4 1719/3/4 1730/3/4
f 1720/3/4 1721/3/4 1731/3/4
f 1730/6/4 1720/6/4 1731/6/4
f 1721/6/4 1722/6/4 1732/6/4
f 1731/3/4 1721/3/4 1732/3/4
f 1722/3/4 1723/3/4 1733/3/4
f 1732/6/4 1722/6/4 1733/6/4
f 1733/3/4 1723/3/4 1734/3/4
f 1726/3/4 1727/3/4 1735/3/4
f 1727/3/4 1710/3/4 1736/3/4
f 1735/3/4 1727/3/4 1736/3/4
f 1711/3/4 1712/3/4 1737/3/4
f 1712/6/4 1713/6/4 1738/6/4
f 1737/3/4 1712/3/4 1738/3/4
f 1713/3/4 1714/3/4 1739/3/4
f 1738/6/4 1713/6/4 1739/6/4
f 1714/6/4 1715/6/4 1740/6/4
f 1739/3/4 1714/3/4 1740/3/4
f 1715/3/4 1716/3/4 1741/3/4
f 1740/6/4 1715/6/4 1741/6/4
f 1741/3/4 1716/3/4 1742/3/4
f 1743/2/4 1744/2/4 1746/2/4
f 1744/3/4 1745/3/4 1747/3/4
f 1746/2/4 1744/2/4 1747/2/4
f 1747/3/4 1745/3/4 1748/3/4
f 1748/3/4 1745/3/4 1751/3/4
f 1749/2/4 1750/2/4 1752/2/4
f 1750/3/4 1751/3/4 1753/3/4
f 1752/2/4 1750/2/4 1753/2/4
f 1751/3/4 1745/3/4 1754/3/4
f 1753/3/4 1751/3/4 1754/3/4
f 1755/3/4 1756/3/4 1770/3/4
f 1770/3/4 1756/3/4 1771/3/4
f 1771/3/4 1756/3/4 1773/3/4
f 1772/3/4 1773/3/4 1774/3/4
f 1773/3/4 1756/3/4 1775/3/4
f 1774/3/4 1773/3/4 1775/3/4
f 1757/3/4 1758/3/4 1776/3/4
f 1758/6/4 1759/6/4 1777/6/4
f 1776/3/4 1758/3/4 1777/3/4
f 1759/3/4 1760/3/4 1778/3/4
f 1777/6/4 1759/6/4 1778/6/4
f 1760/6/4 1761/6/4 1779/6/4
f 1778/3/4 1760/3/4 1779/3/4
f 1761/3/4 1762/3/4 1780/3/4
f 1779/6/4 1761/6/4 1780/6/4
f 1780/3/4 1762/3/4 1781/3/4
f 1763/6/4 1764/6/4 1782/6/4
f 1764/3/4 1765/3/4 1783/3/4
f 1782/6/4 1764/6/4 1783/6/4
f 1765/6/4 1766/6/4 1784/6/4
f 1783/3/4 1765/3/4 1784/3/4
f 1766/3/4 1767/3/4 1785/3/4
f 1784/6/4 1766/6/4 1785/6/4
f 1767/6/4 1768/6/4 1786/6/4
f 1785/3/4 1767/3/4 1786/3/4
f 1768/3/4 1769/3/4 1787/3/4
f 1786/6/4 1768/6/4 1787/6/4
f 1787/3/4 1769/3/4 1788/3/4
f 1791/1/4 1792/1/4 1795/1/4
f 1795/1/4 1792/1/4 1796/1/4
f 1793/1/4 1794/1/4 1797/1/4
f 1797/1/4 1794/1/4 1798/1/4
f 1796/1/4 1797/1/4 1801/1/4
f 1801/1/4 1797/1/4 1802/1/4
f 1798/1/4 1799/1/4 1803/1/4
f 1803/1/4 1799/1/4 1804/1/4
f 1800/1/4 1801/1/4 1806/1/4
f 1806/1/4 1801/1/4 1807/1/4
f 1804/1/4 1805/1/4 1809/1/4
f 1809/1/4 1805/1/4 1810/1/4
f 1807/1/4 1808/1/4 1811/1/4
f 1811/1/4 1808/1/4 1812/1/4
f 1807/1/4 1811/1/4 1814/1/4
f 1813/1/4 1814/1/4 1818/1/4
f 1814/1/4 1811/1/4 1819/1/4
f 1818/1/4 1814/1/4 1819/1/4
f 1816/6/4 1817/6/4 1820/6/4
f 1820/3/4 1821/3/4 1824/3/4
f 1816/6/4 1820/6/4 1824/6/4
f 1824/3/4 1821/3/4 1825/3/4
f 1822/1/4 1823/1/4 1826/1/4
f 1826/1/4 1823/1/4 1827/1/4
f 1815/3/4 1816/3/4 1828/3/4
f 1816/6/4 1824/6/4 1829/6/4
f 1828/3/4 1816/3/4 1829/3/4
f 1829/6/4 1824/6/4 1830/6/4
f 1827/1/4 1823/1/4 1831/1/4
f 1827/1/4 1831/1/4 1834/1/4
f 1831/1/4 1832/1/4 1834/1/4
f 1834/1/4 1832/1/4 1835/1/4
f 1833/1/4 1834/1/4 1838/1/4
f 1838/1/4 1834/1/4 1839/1/4
f 1836/1/4 1837/1/4 1842/1/4
f 1842/1/4 1837/1/4 1843/1/4
f 1839/1/4 1840/1/4 1845/1/4
f 1845/1/4 1840/1/4 1846/1/4
f 1841/1/4 1842/1/4 1847/1/4
f 1847/1/4 1842/1/4 1848/1/4
f 1844/1/4 1845/1/4 1849/1/4
f 1849/1/4 1845/1/4 1850/1/4
f 1846/1/4 1847/1/4 1851/1/4
f 1851/1/4 1847/1/4 1852/1/4
f 1789/3/4 1790/3/4 1853/3/4
f 1853/3/4 1790/3/4 1854/3/4
f 1855/3/4 1856/3/4 1859/3/4
f 1859/3/4 1856/3/4 1860/3/4
f 1860/3/4 1856/3/4 1861/3/4
f 1861/3/4 1856/3/4 1862/3/4
f 1862/3/4 1856/3/4 1863/3/4
f 1855/3/4 1859/3/4 1865/3/4
f 1860/3/4 1861/3/4 1866/3/4
f 1866/3/4 1861/3/4 1867/3/4
f 1862/3/4 1863/3/4 1868/3/4
f 1868/3/4 1863/3/4 1869/3/4
f 1869/3/4 1863/3/4 1870/3/4
f 1870/3/4 1863/3/4 1871/3/4
f 1871/3/4 1863/3/4 1872/3/4
f 1863/6/4 1864/6/4 1873/6/4
f 1872/3/4 1863/3/4 1873/3/4
f 1873/6/4 1864/6/4 1874/6/4
f 1855/3/4 1865/3/4 1877/3/4
f 1865/3/4 1866/3/4 1877/3/4
f 1877/3/4 1866/3/4 1878/3/4
f 1867/3/4 1868/3/4 1879/3/4
f 1879/3/4 1868/3/4 1880/3/4
f 1869/3/4 1870/3/4 1881/3/4
f 1881/3/4 1870/3/4 1882/3/4
f 1882/3/4 1870/3/4 1883/3/4
f 1883/3/4 1870/3/4 1884/3/4
f 1875/6/4 1876/6/4 1885/6/4
f 1855/3/4 1877/3/4 1888/3/4
f 1879/3/4 1880/3/4 1889/3/4
f 1878/3/4 1879/3/4 1889/3/4
f 1880/3/4 1881/3/4 1889/3/4
f 1889/3/4 1881/3/4 1890/3/4
f 1890/3/4 1881/3/4 1891/3/4
f 1882/3/4 1883/3/4 1892/3/4
f 1892/3/4 1883/3/4 1893/3/4
f 1857/3/4 1858/3/4 1894/3/4
f 1890/3/4 1891/3/4 1896/3/4
f 1891/3/4 1892/3/4 1896/3/4
f 1888/3/4 1889/3/4 1897/3/4
f 1897/3/4 1889/3/4 1898/3/4
f 1895/3/4 1896/3/4 1899/3/4
f 1896/3/4 1892/3/4 1899/3/4
f 1899/3/4 1892/3/4 1900/3/4
f 1900/3/4 1892/3/4 1901/3/4
f 1888/3/4 1897/3/4 1902/3/4
f 1895/3/4 1899/3/4 1903/3/4
f 1903/3/4 1899/3/4 1904/3/4
f 1902/3/4 1903/3/4 1905/3/4
f 1905/3/4 1903/3/4 1906/3/4
f 1902/3/4 1905/3/4 1907/3/4
f 1888/3/4 1902/3/4 1909/3/4
f 1907/3/4 1908/3/4 1909/3/4
f 1902/3/4 1907/3/4 1909/3/4
f 1909/3/4 1908/3/4 1910/3/4
f 1888/3/4 1909/3/4 1912/3/4
f 1910/3/4 1911/3/4 1914/3/4
f 1894/3/4 1858/3/4 1917/3/4
f 1915/3/4 1916/3/4 1918/3/4
f 1910/3/4 1914/3/4 1918/3/4
f 1914/3/4 1915/3/4 1918/3/4
f 1918/3/4 1916/3/4 1919/3/4
f 1855/3/4 1888/3/4 1920/3/4
f 1912/3/4 1913/3/4 1920/3/4
f 1888/3/4 1912/3/4 1920/3/4
f 1920/3/4 1913/3/4 1921/3/4
f 1919/3/4 1916/3/4 1922/3/4
f 1922/3/4 1916/3/4 1923/3/4
f 1923/3/4 1916/3/4 1924/3/4
f 1855/3/4 1920/3/4 1926/3/4
f 1922/3/4 1923/3/4 1927/3/4
f 1921/3/4 1922/3/4 1927/3/4
f 1927/3/4 1923/3/4 1928/3/4
f 1928/3/4 1923/3/4 1929/3/4
f 1929/3/4 1923/3/4 1930/3/4
f 1924/3/4 1925/3/4 1931/3/4
f 1931/3/4 1925/3/4 1932/3/4
f 1885/3/4 1886/3/4 1934/3/4
f 1875/6/4 1885/6/4 1934/6/4
f 1886/6/4 1887/6/4 1935/6/4
f 1934/3/4 1886/3/4 1935/3/4
f 1935/6/4 1887/6/4 1936/6/4
f 1855/3/4 1926/3/4 1937/3/4
f 1926/3/4 1927/3/4 1937/3/4
f 1937/3/4 1927/3/4 1938/3/4
f 1928/3/4 1929/3/4 1939/3/4
f 1939/3/4 1929/3/4 1940/3/4
f 1931/3/4 1932/3/4 1941/3/4
f 1932/3/4 1933/3/4 1941/3/4
f 1930/3/4 1931/3/4 1941/3/4
f 1941/3/4 1933/3/4 1942/3/4
f 1875/6/4 1934/6/4 1947/6/4
f 1947/6/4 1934/6/4 1948/6/4
f 1855/3/4 1937/3/4 1949/3/4
f 1938/3/4 1939/3/4 1950/3/4
f 1950/3/4 1939/3/4 1951/3/4
f 1944/3/4 1945/3/4 1952/3/4
f 1940/3/4 1941/3/4 1952/3/4
f 1941/3/4 1942/3/4 1952/3/4
f 1942/3/4 1943/3/4 1952/3/4
f 1943/3/4 1944/3/4 1952/3/4
f 1945/6/4 1946/6/4 1953/6/4
f 1952/3/4 1945/3/4 1953/3/4
f 1953/6/4 1946/6/4 1954/6/4
f 1917/3/4 1858/3/4 1955/3/4
f 1955/3/4 1858/3/4 1956/3/4
f 1951/3/4 1952/3/4 1957/3/4
f 1855/3/4 1949/3/4 1957/3/4
f 1952/3/4 1953/3/4 1957/3/4
f 1950/3/4 1951/3/4 1957/3/4
f 1949/3/4 1950/3/4 1957/3/4
f 1957/3/4 1953/3/4 1958/3/4
f 1959/2/4 1960/2/4 1961/2/4
f 1961/2/4 1960/2/4 1962/2/4
f 1962/2/4 1963/2/4 1968/2/4
f 1968/2/4 1963/2/4 1969/2/4
f 1969/2/4 1963/2/4 1970/2/4
f 1970/2/4 1963/2/4 1971/2/4
f 1972/3/4 1973/3/4 1977/3/4
f 1977/3/4 1973/3/4 1978/3/4
f 1971/2/4 1963/2/4 1981/2/4
f 1981/2/4 1963/2/4 1982/2/4
f 1979/3/4 1980/3/4 1983/3/4
f 1983/3/4 1980/3/4 1984/3/4
f 1985/3/4 1986/3/4 1988/3/4
f 1986/6/4 1987/6/4 1989/6/4
f 1988/3/4 1986/3/4 1989/3/4
f 1989/6/4 1987/6/4 1990/6/4
f 1991/3/4 1992/3/4 1993/3/4
f 1993/3/4 1992/3/4 1994/3/4
f 1995/3/4 1996/3/4 1998/3/4
f 1996/6/4 1997/6/4 1999/6/4
f 1998/3/4 1996/3/4 1999/3/4
f 1999/6/4 1997/6/4 2000/6/4
f 2003/3/4 2004/3/4 2005/3/4
f 2005/3/4 2004/3/4 2006/3/4
f 2001/2/4 2002/2/4 2010/2/4
f 2007/3/4 2008/3/4 2011/3/4
f 2011/3/4 2008/3/4 2012/3/4
f 1974/6/4 1975/6/4 2013/6/4
f 1975/3/4 1976/3/4 2014/3/4
f 2013/6/4 1975/6/4 2014/6/4
f 2014/3/4 1976/3/4 2015/3/4
f 2009/2/4 2010/2/4 2017/2/4
f 2016/2/4 2017/2/4 2019/2/4
f 2010/2/4 2002/2/4 2020/2/4
f 2017/2/4 2010/2/4 2020/2/4
f 2019/2/4 2017/2/4 2020/2/4
f 1964/13/4 1965/13/4 2021/13/4
f 1965/6/4 1966/6/4 2022/6/4
f 2021/13/4 1965/13/4 2022/13/4
f 1966/13/4 1967/13/4 2023/13/4
f 2022/6/4 1966/6/4 2023/6/4
f 2023/13/4 1967/13/4 2024/13/4
f 2018/2/4 2019/2/4 2025/2/4
f 2025/2/4 2019/2/4 2026/2/4
f 2027/2/4 2028/2/4 2029/2/4
f 2029/2/4 2028/2/4 2030/2/4
f 2030/2/4 2028/2/4 2031/2/4
f 2031/2/4 2032/2/4 2033/2/4
f 2030/2/4 2031/2/4 2033/2/4
f 2033/2/4 2032/2/4 2034/2/4
f 2034/2/4 2032/2/4 2035/2/4
f 2035/2/4 2036/2/4 2037/2/4
f 2034/2/4 2035/2/4 2037/2/4
f 2039/6/4 2040/6/4 2044/6/4
f 2034/2/4 2037/2/4 2045/2/4
f 2037/2/4 2038/2/4 2045/2/4
f 2045/2/4 2038/2/4 2046/2/4
f 2042/6/4 2043/6/4 2048/6/4
f 2047/3/4 2048/3/4 2052/3/4
f 2049/6/4 2050/6/4 2053/6/4
f 2050/3/4 2051/3/4 2054/3/4
f 2053/6/4 2050/6/4 2054/6/4
f 2051/6/4 2052/6/4 2055/6/4
f 2054/3/4 2051/3/4 2055/3/4
f 2052/3/4 2048/3/4 2056/3/4
f 2055/6/4 2052/6/4 2056/6/4
f 2056/3/4 2048/3/4 2059/3/4
f 2048/6/4 2043/6/4 2060/6/4
f 2059/3/4 2048/3/4 2060/3/4
f 2060/6/4 2043/6/4 2061/6/4
f 2043/3/4 2044/3/4 2062/3/4
f 2061/6/4 2043/6/4 2062/6/4
f 2044/6/4 2040/6/4 2063/6/4
f 2062/3/4 2044/3/4 2063/3/4
f 2057/2/4 2058/2/4 2064/2/4
f 2064/2/4 2058/2/4 2065/2/4
f 2063/6/4 2040/6/4 2066/6/4
f 2040/3/4 2041/3/4 2067/3/4
f 2066/6/4 2040/6/4 2067/6/4
f 2067/3/4 2041/3/4 2068/3/4
f 2057/2/4 2064/2/4 2070/2/4
f 2070/2/4 2064/2/4 2071/2/4
f 2071/2/4 2064/2/4 2072/2/4
f 2069/2/4 2070/2/4 2074/2/4
f 2070/2/4 2071/2/4 2074/2/4
f 2074/2/4 2071/2/4 2075/2/4
f 2075/2/4 2071/2/4 2076/2/4
f 2073/2/4 2074/2/4 2077/2/4
f 2074/2/4 2075/2/4 2077/2/4
f 2077/2/4 2075/2/4 2078/2/4
f 2079/5/4 2080/5/4 2082/5/4
f 2081/5/4 2082/5/4 2083/5/4
f 2082/5/4 2080/5/4 2084/5/4
f 2083/5/4 2082/5/4 2084/5/4
f 2084/5/4 2080/5/4 2085/5/4
f 2085/5/4 2080/5/4 2086/5/4
f 2087/4/4 2088/4/4 2089/4/4
f 2089/4/4 2088/4/4 2090/4/4
f 2093/4/5 2092/4/5 2091/4/5
f 2094/4/5 2092/4/5 2093/4/5
f 2097/5/5 2096/5/5 2095/5/5
f 2098/5/5 2096/5/5 2097/5/5
f 2101/5/5 2100/5/5 2099/5/5
f 2102/5/5 2100/5/5 2101/5/5
f 2107/2/5 2104/2/5 2103/2/5
f 2108/2/5 2104/2/5 2107/2/5
f 2109/2/5 2106/2/5 2105/2/5
f 2110/2/5 2106/2/5 2109/2/5
f 2119/5/5 2112/5/5 2111/5/5
f 2120/5/5 2112/5/5 2119/5/5
f 2121/5/5 2114/5/5 2113/5/5
f 2122/5/5 2114/5/5 2121/5/5
f 2127/2/5 2116/2/5 2115/2/5
f 2128/2/5 2116/2/5 2127/2/5
f 2129/2/5 2118/2/5 2117/2/5
f 2130/2/5 2118/2/5 2129/2/5
f 2131/5/5 2124/5/5 2123/5/5
f 2132/5/5 2124/5/5 2131/5/5
f 2133/5/5 2126/5/5 2125/5/5
f 2134/5/5 2126/5/5 2133/5/5
f 2139/2/5 2136/2/5 2135/2/5
f 2140/2/5 2136/2/5 2139/2/5
f 2141/2/5 2138/2/5 2137/2/5
f 2142/2/5 2138/2/5 2141/2/5
f 2145/3/5 2144/3/5 2143/3/5
f 2146/3/5 2144/3/5 2145/3/5
f 2151/2/5 2148/2/5 2147/2/5
f 2152/2/5 2148/2/5 2151/2/5
f 2153/2/5 2150/2/5 2149/2/5
f 2154/2/5 2150/2/5 2153/2/5
f 2161/3/5 2156/3/5 2155/3/5
f 2161/3/5 2160/3/5 2159/3/5
f 2161/3/5 2159/3/5 2158/3/5
f 2161/3/5 2158/3/5 2157/3/5
f 2161/3/5 2157/3/5 2156/3/5
f 2162/3/5 2160/3/5 2161/3/5
f 2163/3/5 2161/3/5 2155/3/5
f 2164/3/5 2160/3/5 2162/3/5
f 2165/3/5 2163/3/5 2155/3/5
f 2165/3/5 2164/3/5 2163/3/5
f 2166/3/5 2160/3/5 2164/3/5
f 2166/3/5 2164/3/5 2165/3/5
f 2167/2/5 2166/2/5 2165/2/5
f 2168/2/5 2166/2/5 2167/2/5
f 2169/2/5 2166/2/5 2168/2/5
f 2170/2/5 2166/2/5 2169/2/5
f 2179/3/5 2172/3/5 2171/3/5
f 2180/3/5 2172/3/5 2179/3/5
f 2181/3/5 2174/3/5 2173/3/5
f 2182/3/5 2174/3/5 2181/3/5
f 2183/3/5 2176/3/5 2175/3/5
f 2184/3/5 2176/3/5 2183/3/5
f 2185/3/5 2178/3/5 2177/3/5
f 2186/3/5 2178/3/5 2185/3/5
f 2191/13/5 2188/13/5 2187/13/5
f 2192/13/5 2188/13/5 2191/13/5
f 2193/13/5 2190/13/5 2189/13/5
f 2194/13/5 2190/13/5 2193/13/5
f 2199/3/5 2196/3/5 2195/3/5
f 2200/3/5 2196/3/5 2199/3/5
f 2201/3/5 2198/3/5 2197/3/5
f 2202/3/5 2198/3/5 2201/3/5
f 2203/13/5 2191/13/5 2187/13/5
f 2204/13/5 2190/13/5 2194/13/5
f 2205/13/5 2203/13/5 2187/13/5
f 2205/13/5 2204/13/5 2203/13/5
f 2206/13/5 2190/13/5 2204/13/5
f 2206/13/5 2204/13/5 2205/13/5
f 2209/13/5 2208/13/5 2207/13/5
f 2210/13/5 2208/13/5 2209/13/5
f 2211/13/5 2208/13/5 2210/13/5
f 2216/3/5 2213/3/5 2212/3/5
f 2217/3/5 2213/3/5 2216/3/5
f 2218/3/5 2215/3/5 2214/3/5
f 2219/3/5 2215/3/5 2218/3/5
f 2220/3/5 2216/3/5 2212/3/5
f 2221/3/5 2213/3/5 2217/3/5
f 2222/3/5 2218/3/5 2214/3/5
f 2223/3/5 2215/3/5 2219/3/5
f 2224/3/5 2220/3/5 2212/3/5
f 2224/3/5 2221/3/5 2220/3/5
f 2225/3/5 2213/3/5 2221/3/5
f 2225/3/5 2221/3/5 2224/3/5
f 2226/3/5 2223/3/5 2222/3/5
f 2226/3/5 2222/3/5 2214/3/5
f 2227/3/5 2215/3/5 2223/3/5
f 2227/3/5 2223/3/5 2226/3/5
f 2232/3/5 2229/3/5 2228/3/5
f 2233/3/5 2229/3/5 2232/3/5
f 2234/3/5 2231/3/5 2230/3/5
f 2235/3/5 2231/3/5 2234/3/5
f 2240/3/5 2237/3/5 2236/3/5
f 2241/3/5 2237/3/5 2240/3/5
f 2242/3/5 2239/3/5 2238/3/5
f 2243/3/5 2239/3/5 2242/3/5
f 2248/3/5 2245/3/5 2244/3/5
f 2249/3/5 2245/3/5 2248/3/5
f 2250/3/5 2247/3/5 2246/3/5
f 2251/3/5 2247/3/5 2250/3/5
f 2260/1/5 2257/1/5 2256/1/5
f 2261/1/5 2257/1/5 2260/1/5
f 2262/1/5 2259/1/5 2258/1/5
f 2263/1/5 2259/1/5 2262/1/5
f 2264/3/5 2253/3/5 2252/3/5
f 2265/3/5 2255/3/5 2254/3/5
f 2266/3/5 2264/3/5 2252/3/5
f 2266/3/5 2265/3/5 2264/3/5
f 2267/3/5 2255/3/5 2265/3/5
f 2267/3/5 2265/3/5 2266/3/5
f 2272/3/5 2269/3/5 2268/3/5
f 2273/3/5 2269/3/5 2272/3/5
f 2274/3/5 2271/3/5 2270/3/5
f 2275/3/5 2271/3/5 2274/3/5
f 2276/1/5 2274/1/5 2273/1/5
f 2277/1/5 2274/1/5 2276/1/5
f 2280/3/5 2279/3/5 2278/3/5
f 2281/3/5 2279/3/5 2280/3/5
f 2286/3/5 2283/3/5 2282/3/5
f 2287/3/5 2283/3/5 2286/3/5
f 2288/3/5 2285/3/5 2284/3/5
f 2289/3/5 2285/3/5 2288/3/5
f 2294/6/5 2291/6/5 2290/6/5
f 2295/6/5 2291/6/5 2294/6/5
f 2298/3/5 2293/3/5 2292/3/5
f 2299/3/5 2293/3/5 2298/3/5
f 2300/3/5 2297/3/5 2296/3/5
f 2301/3/5 2297/3/5 2300/3/5
f 2310/3/5 2303/3/5 2302/3/5
f 2311/3/5 2303/3/5 2310/3/5
f 2312/3/5 2305/3/5 2304/3/5
f 2313/3/5 2305/3/5 2312/3/5
f 2316/3/5 2307/3/5 2306/3/5
f 2317/3/5 2307/3/5 2316/3/5
f 2318/3/5 2309/3/5 2308/3/5
f 2319/3/5 2309/3/5 2318/3/5
f 2320/3/5 2315/3/5 2314/3/5
f 2321/3/5 2315/3/5 2320/3/5
f 2328/3/5 2323/3/5 2322/3/5
f 2329/3/5 2323/3/5 2328/3/5
f 2330/3/5 2325/3/5 2324/3/5
f 2331/3/5 2325/3/5 2330/3/5
f 2334/3/5 2327/3/5 2326/3/5
f 2335/3/5 2327/3/5 2334/3/5
f 2336/3/5 2333/3/5 2332/3/5
f 2337/3/5 2333/3/5 2336/3/5
f 2346/3/5 2339/3/5 2338/3/5
f 2347/3/5 2339/3/5 2346/3/5
f 2348/3/5 2341/3/5 2340/3/5
f 2349/3/5 2341/3/5 2348/3/5
f 2352/3/5 2343/3/5 2342/3/5
f 2353/3/5 2343/3/5 2352/3/5
f 2354/3/5 2345/3/5 2344/3/5
f 2355/3/5 2345/3/5 2354/3/5
f 2356/6/5 2350/6/5 2349/6/5
f 2357/6/5 2352/6/5 2351/6/5
f 2358/6/5 2356/6/5 2349/6/5
f 2358/6/5 2357/6/5 2356/6/5
f 2359/6/5 2352/6/5 2357/6/5
f 2359/6/5 2357/6/5 2358/6/5
f 2362/3/5 2361/3/5 2360/3/5
f 2363/3/5 2361/3/5 2362/3/5
f 2368/3/5 2365/3/5 2364/3/5
f 2369/3/5 2365/3/5 2368/3/5
f 2370/3/5 2367/3/5 2366/3/5
f 2371/3/5 2367/3/5 2370/3/5
f 2376/3/5 2373/3/5 2372/3/5
f 2377/3/5 2373/3/5 2376/3/5
f 2378/3/5 2375/3/5 2374/3/5
f 2379/3/5 2375/3/5 2378/3/5
f 2388/3/5 2381/3/5 2380/3/5
f 2389/3/5 2381/3/5 2388/3/5
f 2390/3/5 2383/3/5 2382/3/5
f 2391/3/5 2383/3/5 2390/3/5
f 2396/3/5 2385/3/5 2384/3/5
f 2397/3/5 2385/3/5 2396/3/5
f 2398/3/5 2387/3/5 2386/3/5
f 2399/3/5 2387/3/5 2398/3/5
f 2400/3/5 2393/3/5 2392/3/5
f 2401/3/5 2393/3/5 2400/3/5
f 2402/3/5 2395/3/5 2394/3/5
f 2403/3/5 2395/3/5 2402/3/5
f 2410/6/5 2405/6/5 2404/6/5
f 2411/3/5 2406/3/5 2405/3/5
f 2411/6/5 2405/6/5 2410/6/5
f 2412/3/5 2406/3/5 2411/3/5
f 2413/3/5 2408/3/5 2407/3/5
f 2414/6/5 2409/6/5 2408/6/5
f 2414/3/5 2408/3/5 2413/3/5
f 2415/6/5 2409/6/5 2414/6/5
f 2420/6/5 2417/6/5 2416/6/5
f 2421/6/5 2417/6/5 2420/6/5
f 2422/6/5 2419/6/5 2418/6/5
f 2423/6/5 2419/6/5 2422/6/5
f 2424/6/5 2420/6/5 2416/6/5
f 2427/6/5 2419/6/5 2423/6/5
f 2428/6/5 2425/6/5 2424/6/5
f 2428/6/5 2424/6/5 2416/6/5
f 2429/6/5 2425/6/5 2428/6/5
f 2430/6/5 2427/6/5 2426/6/5
f 2431/6/5 2419/6/5 2427/6/5
f 2431/6/5 2427/6/5 2430/6/5
f 2436/3/5 2433/3/5 2432/3/5
f 2437/3/5 2433/3/5 2436/3/5
f 2438/3/5 2435/3/5 2434/3/5
f 2439/3/5 2435/3/5 2438/3/5
f 2447/3/5 2441/3/5 2440/3/5
f 2448/3/5 2441/3/5 2447/3/5
f 2449/3/5 2443/3/5 2442/3/5
f 2450/3/5 2443/3/5 2449/3/5
f 2454/6/5 2445/6/5 2444/6/5
f 2455/3/5 2446/3/5 2445/3/5
f 2455/6/5 2445/6/5 2454/6/5
f 2456/3/5 2446/3/5 2455/3/5
f 2457/3/5 2452/3/5 2451/3/5
f 2458/6/5 2453/6/5 2452/6/5
f 2458/3/5 2452/3/5 2457/3/5
f 2459/6/5 2453/6/5 2458/6/5
f 2464/3/5 2461/3/5 2460/3/5
f 2465/3/5 2461/3/5 2464/3/5
f 2468/3/5 2463/3/5 2462/3/5
f 2469/3/5 2463/3/5 2468/3/5
f 2470/3/5 2466/3/5 2465/3/5
f 2471/3/5 2466/3/5 2470/3/5
f 2472/3/5 2466/3/5 2471/3/5
f 2475/3/5 2468/3/5 2467/3/5
f 2476/3/5 2468/3/5 2475/3/5
f 2477/3/5 2468/3/5 2476/3/5
f 2478/3/5 2473/3/5 2472/3/5
f 2478/3/5 2472/3/5 2471/3/5
f 2479/3/5 2473/3/5 2478/3/5
f 2480/3/5 2476/3/5 2475/3/5
f 2480/3/5 2475/3/5 2474/3/5
f 2481/3/5 2476/3/5 2480/3/5
f 2486/3/5 2483/3/5 2482/3/5
f 2487/3/5 2483/3/5 2486/3/5
f 2488/3/5 2483/3/5 2487/3/5
f 2489/3/5 2483/3/5 2488/3/5
f 2490/3/5 2485/3/5 2484/3/5
f 2491/3/5 2485/3/5 2490/3/5
f 2492/3/5 2485/3/5 2491/3/5
f 2493/3/5 2485/3/5 2492/3/5
f 2498/6/5 2495/6/5 2494/6/5
f 2501/6/5 2497/6/5 2496/6/5
f 2502/6/5 2499/6/5 2498/6/5
f 2502/6/5 2498/6/5 2494/6/5
f 2503/6/5 2499/6/5 2502/6/5
f 2504/6/5 2501/6/5 2500/6/5
f 2505/6/5 2497/6/5 2501/6/5
f 2505/6/5 2501/6/5 2504/6/5
f 2510/3/5 2507/3/5 2506/3/5
f 2511/3/5 2507/3/5 2510/3/5
f 2512/3/5 2509/3/5 2508/3/5
f 2513/3/5 2509/3/5 2512/3/5
f 2518/6/5 2515/6/5 2514/6/5
f 2519/6/5 2515/6/5 2518/6/5
f 2520/6/5 2517/6/5 2516/6/5
f 2521/6/5 2517/6/5 2520/6/5
f 2524/3/5 2523/3/5 2522/3/5
f 2525/3/5 2523/3/5 2524/3/5
f 2530/3/5 2527/3/5 2526/3/5
f 2531/3/5 2527/3/5 2530/3/5
f 2532/3/5 2527/3/5 2531/3/5
f 2533/3/5 2529/3/5 2528/3/5
f 2534/3/5 2529/3/5 2533/3/5
f 2535/3/5 2529/3/5 2534/3/5
f 2540/3/5 2537/3/5 2536/3/5
f 2541/3/5 2537/3/5 2540/3/5
f 2542/3/5 2539/3/5 2538/3/5
f 2543/3/5 2539/3/5 2542/3/5
f 2546/13/5 2545/13/5 2544/13/5
f 2547/13/5 2545/13/5 2546/13/5
f 2548/13/5 2545/13/5 2547/13/5
f 2549/4/6 2550/4/6 2551/4/6
f 2551/4/6 2550/4/6 2552/4/6
f 2552/4/6 2550/4/6 2553/4/6
f 2553/4/6 2550/4/6 2554/4/6
f 2549/4/6 2551/4/6 2555/4/6
f 2552/4/6 2553/4/6 2556/4/6
f 2556/4/6 2553/4/6 2557/4/6
f 2554/4/6 2550/4/6 2558/4/6
f 2556/4/6 2557/4/6 2559/4/6
f 2557/4/6 2558/4/6 2559/4/6
f 2549/4/6 2555/4/6 2559/4/6
f 2555/4/6 2556/4/6 2559/4/6
f 2558/4/6 2550/4/6 2560/4/6
f 2559/4/6 2558/4/6 2560/4/6
f 2561/2/6 2562/2/6 2565/2/6
f 2565/2/6 2562/2/6 2566/2/6
f 2563/2/6 2564/2/6 2567/2/6
f 2567/2/6 2564/2/6 2568/2/6
f 2569/2/6 2570/2/6 2573/2/6
f 2573/2/6 2570/2/6 2574/2/6
f 2571/2/6 2572/2/6 2575/2/6
f 2575/2/6 2572/2/6 2576/2/6
f 2577/2/6 2578/2/6 2581/2/6
f 2581/2/6 2578/2/6 2582/2/6
f 2579/2/6 2580/2/6 2583/2/6
f 2583/2/6 2580/2/6 2584/2/6
f 2585/2/6 2586/2/6 2590/2/6
f 2590/2/6 2586/2/6 2591/2/6
f 2587/2/6 2588/2/6 2592/2/6
f 2592/2/6 2588/2/6 2593/2/6
f 2589/2/6 2590/2/6 2595/2/6
f 2593/2/6 2594/2/6 2596/2/6
f 2595/2/6 2590/2/6 2597/2/6
f 2593/2/6 2596/2/6 2598/2/6
f 2597/2/6 2590/2/6 2599/2/6
f 2599/2/6 2590/2/6 2600/2/6
f 2593/2/6 2598/2/6 2603/2/6
f 2603/2/6 2598/2/6 2604/2/6
f 2600/2/6 2601/2/6 2605/2/6
f 2605/2/6 2601/2/6 2606/2/6
f 2602/2/6 2603/2/6 2607/2/6
f 2607/2/6 2603/2/6 2608/2/6
f 2609/2/6 2610/2/6 2613/2/6
f 2613/2/6 2610/2/6 2614/2/6
f 2611/2/6 2612/2/6 2615/2/6
f 2615/2/6 2612/2/6 2616/2/6
f 2617/2/6 2618/2/6 2621/2/6
f 2621/2/6 2618/2/6 2622/2/6
f 2619/2/6 2620/2/6 2623/2/6
f 2623/2/6 2620/2/6 2624/2/6
f 2625/2/6 2626/2/6 2629/2/6
f 2629/2/6 2626/2/6 2630/2/6
f 2627/2/6 2628/2/6 2631/2/6
f 2631/2/6 2628/2/6 2632/2/6
f 2633/2/6 2634/2/6 2637/2/6
f 2637/2/6 2634/2/6 2638/2/6
f 2635/2/6 2636/2/6 2639/2/6
f 2639/2/6 2636/2/6 2640/2/6
f 2641/5/6 2642/5/6 2644/5/6
f 2644/5/6 2642/5/6 2645/5/6
f 2645/5/6 2642/5/6 2646/5/6
f 2646/5/6 2642/5/6 2647/5/6
f 2643/2/6 2644/2/6 2649/2/6
f 2644/5/6 2645/5/6 2650/5/6
f 2649/2/6 2644/2/6 2650/2/6
f 2650/5/6 2645/5/6 2651/5/6
f 2646/5/6 2647/5/6 2652/5/6
f 2647/2/6 2648/2/6 2653/2/6
f 2652/5/6 2647/5/6 2653/5/6
f 2653/2/6 2648/2/6 2654/2/6
f 2643/2/6 2649/2/6 2655/2/6
f 2654/2/6 2648/2/6 2658/2/6
f 2643/2/6 2655/2/6 2659/2/6
f 2655/2/6 2656/2/6 2659/2/6
f 2656/5/6 2657/5/6 2660/5/6
f 2659/2/6 2656/2/6 2660/2/6
f 2657/2/6 2658/2/6 2661/2/6
f 2660/5/6 2657/5/6 2661/5/6
f 2658/2/6 2648/2/6 2662/2/6
f 2661/2/6 2658/2/6 2662/2/6
f 2660/5/6 2661/5/6 2663/5/6
f 2663/5/6 2661/5/6 2664/5/6
f 2665/13/6 2666/13/6 2667/13/6
f 2667/13/6 2666/13/6 2668/13/6
f 2669/3/6 2670/3/6 2673/3/6
f 2673/3/6 2670/3/6 2674/3/6
f 2671/3/6 2672/3/6 2675/3/6
f 2675/3/6 2672/3/6 2676/3/6
f 2669/3/6 2673/3/6 2677/3/6
f 2674/3/6 2670/3/6 2678/3/6
f 2671/3/6 2675/3/6 2679/3/6
f 2676/3/6 2672/3/6 2680/3/6
f 2669/3/6 2677/3/6 2681/3/6
f 2677/3/6 2678/3/6 2681/3/6
f 2678/3/6 2670/3/6 2682/3/6
f 2681/3/6 2678/3/6 2682/3/6
f 2679/3/6 2680/3/6 2683/3/6
f 2671/3/6 2679/3/6 2683/3/6
f 2680/3/6 2672/3/6 2684/3/6
f 2683/3/6 2680/3/6 2684/3/6
f 2685/13/6 2686/13/6 2689/13/6
f 2689/13/6 2686/13/6 2690/13/6
f 2690/13/6 2686/13/6 2691/13/6
f 2691/13/6 2686/13/6 2692/13/6
f 2687/13/6 2688/13/6 2693/13/6
f 2693/13/6 2688/13/6 2694/13/6
f 2694/13/6 2688/13/6 2695/13/6
f 2695/13/6 2688/13/6 2696/13/6
f 2690/3/6 2691/3/6 2697/3/6
f 2697/3/6 2691/3/6 2698/3/6
f 2694/3/6 2695/3/6 2699/3/6
f 2699/3/6 2695/3/6 2700/3/6
f 2685/13/6 2689/13/6 2701/13/6
f 2696/13/6 2688/13/6 2702/13/6
f 2685/13/6 2701/13/6 2703/13/6
f 2701/3/6 2702/3/6 2703/3/6
f 2702/13/6 2688/13/6 2704/13/6
f 2703/3/6 2702/3/6 2704/3/6
f 2685/13/6 2703/13/6 2705/13/6
f 2703/13/6 2704/13/6 2705/13/6
f 2704/13/6 2688/13/6 2706/13/6
f 2705/13/6 2704/13/6 2706/13/6
f 2707/13/6 2708/13/6 2711/13/6
f 2711/13/6 2708/13/6 2712/13/6
f 2709/3/6 2710/3/6 2715/3/6
f 2715/3/6 2710/3/6 2716/3/6
f 2713/3/6 2714/3/6 2717/3/6
f 2717/3/6 2714/3/6 2718/3/6
f 2719/3/6 2720/3/6 2723/3/6
f 2723/3/6 2720/3/6 2724/3/6
f 2721/3/6 2722/3/6 2725/3/6
f 2725/3/6 2722/3/6 2726/3/6
f 2727/3/6 2728/3/6 2731/3/6
f 2731/3/6 2728/3/6 2732/3/6
f 2729/3/6 2730/3/6 2733/3/6
f 2733/3/6 2730/3/6 2734/3/6
f 2735/3/6 2736/3/6 2737/3/6
f 2737/3/6 2736/3/6 2738/3/6
f 2737/3/6 2738/3/6 2739/3/6
f 2739/3/6 2738/3/6 2740/3/6
f 2741/3/6 2742/3/6 2745/3/6
f 2745/3/6 2742/3/6 2746/3/6
f 2743/3/6 2744/3/6 2747/3/6
f 2747/3/6 2744/3/6 2748/3/6
f 2741/3/6 2745/3/6 2749/3/6
f 2746/3/6 2742/3/6 2750/3/6
f 2743/3/6 2747/3/6 2751/3/6
f 2748/3/6 2744/3/6 2752/3/6
f 2741/3/6 2749/3/6 2753/3/6
f 2749/3/6 2750/3/6 2753/3/6
f 2750/3/6 2742/3/6 2754/3/6
f 2753/3/6 2750/3/6 2754/3/6
f 2751/3/6 2752/3/6 2755/3/6
f 2743/3/6 2751/3/6 2755/3/6
f 2752/3/6 2744/3/6 2756/3/6
f 2755/3/6 2752/3/6 2756/3/6
f 2757/3/6 2758/3/6 2761/3/6
f 2761/3/6 2758/3/6 2762/3/6
f 2759/3/6 2760/3/6 2763/3/6
f 2763/3/6 2760/3/6 2764/3/6
f 2765/3/6 2766/3/6 2773/3/6
f 2773/3/6 2766/3/6 2774/3/6
f 2767/3/6 2768/3/6 2775/3/6
f 2775/3/6 2768/3/6 2776/3/6
f 2769/3/6 2770/3/6 2777/3/6
f 2777/3/6 2770/3/6 2778/3/6
f 2771/3/6 2772/3/6 2779/3/6
f 2779/3/6 2772/3/6 2780/3/6
f 2781/3/6 2782/3/6 2785/3/6
f 2785/3/6 2782/3/6 2786/3/6
f 2783/3/6 2784/3/6 2787/3/6
f 2787/3/6 2784/3/6 2788/3/6
f 2789/3/6 2790/3/6 2793/3/6
f 2793/3/6 2790/3/6 2794/3/6
f 2791/3/6 2792/3/6 2795/3/6
f 2795/3/6 2792/3/6 2796/3/6
f 2797/3/6 2798/3/6 2801/3/6
f 2801/3/6 2798/3/6 2802/3/6
f 2799/3/6 2800/3/6 2803/3/6
f 2803/3/6 2800/3/6 2804/3/6
f 2805/3/6 2806/3/6 2813/3/6
f 2813/3/6 2806/3/6 2814/3/6
f 2807/3/6 2808/3/6 2815/3/6
f 2815/3/6 2808/3/6 2816/3/6
f 2809/3/6 2810/3/6 2817/3/6
f 2817/3/6 2810/3/6 2818/3/6
f 2811/3/6 2812/3/6 2819/3/6
f 2819/3/6 2812/3/6 2820/3/6
f 2821/3/6 2822/3/6 2825/3/6
f 2825/3/6 2822/3/6 2826/3/6
f 2823/3/6 2824/3/6 2827/3/6
f 2827/3/6 2824/3/6 2828/3/6
f 2829/3/6 2830/3/6 2833/3/6
f 2833/3/6 2830/3/6 2834/3/6
f 2831/3/6 2832/3/6 2835/3/6
f 2835/3/6 2832/3/6 2836/3/6
f 2837/3/6 2838/3/6 2841/3/6
f 2841/3/6 2838/3/6 2842/3/6
f 2839/3/6 2840/3/6 2843/3/6
f 2843/3/6 2840/3/6 2844/3/6
f 2845/3/6 2846/3/6 2849/3/6
f 2849/3/6 2846/3/6 2850/3/6
f 2847/3/6 2848/3/6 2851/3/6
f 2851/3/6 2848/3/6 2852/3/6
f 2853/3/6 2854/3/6 2855/3/6
f 2855/3/6 2854/3/6 2856/3/6
f 2856/3/6 2854/3/6 2857/3/6
f 2857/3/6 2854/3/6 2858/3/6
f 2859/3/6 2860/3/6 2863/3/6
f 2863/3/6 2860/3/6 2864/3/6
f 2861/3/6 2862/3/6 2865/3/6
f 2865/3/6 2862/3/6 2866/3/6
f 2871/3/6 2872/3/6 2875/3/6
f 2875/3/6 2872/3/6 2876/3/6
f 2873/3/6 2874/3/6 2877/3/6
f 2877/3/6 2874/3/6 2878/3/6
f 2867/3/6 2868/3/6 2879/3/6
f 2879/3/6 2868/3/6 2880/3/6
f 2869/3/6 2870/3/6 2881/3/6
f 2881/3/6 2870/3/6 2882/3/6
f 2883/3/6 2884/3/6 2885/3/6
f 2885/3/6 2884/3/6 2886/3/6
f 2887/6/6 2888/6/6 2891/6/6
f 2891/6/6 2888/6/6 2892/6/6
f 2889/6/6 2890/6/6 2893/6/6
f 2893/6/6 2890/6/6 2894/6/6
f 2895/3/6 2896/3/6 2897/3/6
f 2897/3/6 2896/3/6 2898/3/6
f 2899/6/6 2900/6/6 2903/6/6
f 2903/6/6 2900/6/6 2904/6/6
f 2901/6/6 2902/6/6 2905/6/6
f 2905/6/6 2902/6/6 2906/6/6
f 2907/3/6 2908/3/6 2911/3/6
f 2911/3/6 2908/3/6 2912/3/6
f 2909/3/6 2910/3/6 2913/3/6
f 2913/3/6 2910/3/6 2914/3/6
f 2917/13/6 2918/13/6 2921/13/6
f 2921/13/6 2918/13/6 2922/13/6
f 2922/13/6 2918/13/6 2923/13/6
f 2915/6/6 2916/6/6 2925/6/6
f 2919/6/6 2920/6/6 2926/6/6
f 2924/6/6 2925/6/6 2928/6/6
f 2925/6/6 2916/6/6 2928/6/6
f 2926/6/6 2927/6/6 2929/6/6
f 2919/6/6 2926/6/6 2929/6/6
f 2924/6/6 2928/6/6 2930/6/6
f 2928/6/6 2929/6/6 2930/6/6
f 2929/6/6 2927/6/6 2931/6/6
f 2930/6/6 2929/6/6 2931/6/6
f 2932/6/6 2933/6/6 2936/6/6
f 2934/6/6 2935/6/6 2937/6/6
f 2932/6/6 2936/6/6 2938/6/6
f 2938/6/6 2936/6/6 2939/6/6
f 2937/6/6 2935/6/6 2940/6/6
f 2940/6/6 2935/6/6 2941/6/6
f 2942/13/6 2943/13/6 2944/13/6
f 2944/13/6 2943/13/6 2945/13/6
f 2944/3/6 2945/3/6 2946/3/6
f 2946/3/6 2945/3/6 2947/3/6
