# MagicaVoxel @ Ephtracy

# group
o 

# material
mtllib palmTree.mtl
usemtl palette

# normals
vn -1 0 0
vn 1 0 0
vn 0 0 1
vn 0 0 -1
vn 0 -1 0
vn 0 1 0

# texcoords
vt 0.537109 0.5
vt 0.607422 0.5

# verts
v -3.8 7.3 -0.7
v -3.8 7.3 -0.8
v -3.8 7.5 -0.7
v -3.8 7.5 -0.8
v -3.7 7.3 -0.6
v -3.7 7.3 -0.7
v -3.7 7.5 -0.6
v -3.7 7.5 -0.7
v -3.7 7.5 -0.8
v -3.7 7.9 -0.7
v -3.7 7.9 -0.8
v -3.6 7.5 -0.6
v -3.6 7.5 -0.7
v -3.6 7.9 -0.7
v -3.6 7.9 -0.8
v -3.6 8 -0.6
v -3.6 8 -0.8
v -3.5 7.5 -0.8
v -3.5 7.5 -0.9
v -3.5 7.7 -0.5
v -3.5 7.7 -0.6
v -3.5 7.9 -0.4
v -3.5 7.9 -0.5
v -3.5 8 -0.4
v -3.5 8 -0.6
v -3.5 8 -0.8
v -3.5 8 -0.9
v -3.4 7.5 -0.5
v -3.4 7.5 -0.6
v -3.4 7.7 -0.5
v -3.4 7.7 -0.6
v -3.4 7.9 -0.3
v -3.4 7.9 -0.4
v -3.4 7.9 -0.9
v -3.4 7.9 -1.1
v -3.4 8 -0.3
v -3.4 8 -0.4
v -3.4 8 -0.6
v -3.4 8 -0.7
v -3.4 8 -0.8
v -3.4 8 -0.9
v -3.4 8 -1.1
v -3.4 8.2 -0.4
v -3.4 8.2 -0.6
v -3.4 8.2 -0.7
v -3.4 8.2 -0.8
v -3.3 7.5 -0.9
v -3.3 7.5 -1
v -3.3 7.9 -0.9
v -3.3 7.9 -1
v -3.3 8 -0.6
v -3.3 8 -0.7
v -3.3 8 -0.8
v -3.3 8 -0.9
v -3.3 8.2 -0.6
v -3.3 8.2 -0.7
v -3.3 8.2 -0.8
v -3.3 8.2 -0.9
v -3.2 8 -0.9
v -3.2 8 -1
v -3.2 8.2 -0.9
v -3.2 8.2 -1
v -3.1 7.5 -1
v -3.1 7.5 -1.1
v -3.1 7.9 -1
v -3.1 7.9 -1.1
v -3.1 8 -0.3
v -3.1 8 -0.4
v -3.1 8.2 -0.3
v -3.1 8.2 -0.4
v -3 8 -1
v -3 8 -1.1
v -3 8.2 -0.3
v -3 8.2 -0.9
v -3 8.2 -1
v -3 8.2 -1.1
v -3 8.5 -0.7
v -3 8.5 -0.9
v -3 8.7 -0.3
v -3 8.7 -0.7
v -2.9 6.5 2.2
v -2.9 6.5 2
v -2.9 6.7 2.2
v -2.9 6.7 2.1
v -2.9 6.9 2
v -2.9 6.9 1.9
v -2.9 7 2.1
v -2.9 7 2
v -2.9 7 1.9
v -2.9 7 1.6
v -2.9 7.2 2
v -2.9 7.2 1.8
v -2.9 7.2 1.7
v -2.9 7.2 1.6
v -2.9 7.3 1.8
v -2.9 7.3 1.7
v -2.9 8.2 -0.2
v -2.9 8.2 -0.3
v -2.9 8.2 -0.9
v -2.9 8.2 -1.1
v -2.9 8.5 -0.2
v -2.9 8.5 -0.3
v -2.9 8.5 -0.7
v -2.9 8.5 -0.9
v -2.9 8.5 -1.1
v -2.9 8.7 -0.6
v -2.9 8.7 -0.7
v -2.9 8.7 -0.9
v -2.9 8.9 -0.6
v -2.9 8.9 -0.7
v -2.8 6.7 2.2
v -2.8 6.7 2.1
v -2.8 6.7 2
v -2.8 6.7 1.9
v -2.8 6.8 2.2
v -2.8 6.8 2.1
v -2.8 6.8 1.9
v -2.8 6.8 1.8
v -2.8 6.9 2
v -2.8 6.9 1.9
v -2.8 6.9 1.8
v -2.8 6.9 1.7
v -2.8 7 2.1
v -2.8 7 2
v -2.8 7 1.9
v -2.8 7 1.7
v -2.8 7 1.6
v -2.8 7 1.5
v -2.8 7.2 2
v -2.8 7.2 1.8
v -2.8 7.2 1.7
v -2.8 7.2 1.6
v -2.8 7.2 1.5
v -2.8 7.2 1.4
v -2.8 7.3 2.1
v -2.8 7.3 1.9
v -2.8 7.3 1.8
v -2.8 7.3 1.7
v -2.8 7.3 1.4
v -2.8 7.4 1.9
v -2.8 7.4 1.7
v -2.8 8.2 -0.1
v -2.8 8.2 -0.2
v -2.8 8.5 -0.1
v -2.8 8.5 -0.2
v -2.7 6.8 1.8
v -2.7 6.8 1.6
v -2.7 6.9 1.8
v -2.7 6.9 1.7
v -2.7 6.9 1.6
v -2.7 6.9 1.5
v -2.7 7 1.7
v -2.7 7 1.5
v -2.7 7.2 1.4
v -2.7 7.2 1.3
v -2.7 7.3 2
v -2.7 7.3 1.9
v -2.7 7.3 1.7
v -2.7 7.3 1.4
v -2.7 7.4 2
v -2.7 7.4 1.9
v -2.7 7.4 1.7
v -2.7 7.4 1.5
v -2.7 7.4 1.4
v -2.7 7.5 1.9
v -2.7 7.5 1.5
v -2.7 7.5 1.4
v -2.7 7.5 1.3
v -2.7 8.5 -0.2
v -2.7 8.5 -0.3
v -2.7 8.7 -0.2
v -2.7 8.7 -0.3
v -2.7 8.7 -0.5
v -2.7 8.7 -0.6
v -2.7 8.7 -0.7
v -2.7 8.7 -0.8
v -2.7 8.9 -0.5
v -2.7 8.9 -0.6
v -2.7 8.9 -0.7
v -2.7 8.9 -0.8
v -2.6 6.8 1.6
v -2.6 6.8 1.4
v -2.6 6.9 1.6
v -2.6 6.9 1.5
v -2.6 7.2 2.2
v -2.6 7.2 2.1
v -2.6 7.2 1.5
v -2.6 7.2 1.4
v -2.6 7.3 2.2
v -2.6 7.3 2.1
v -2.6 7.3 2
v -2.6 7.3 1.3
v -2.6 7.3 1.2
v -2.6 7.4 2
v -2.6 7.4 1.9
v -2.6 7.4 1.5
v -2.6 7.4 1.4
v -2.6 7.5 2.1
v -2.6 7.5 1.9
v -2.6 7.5 1.7
v -2.6 7.5 1.5
v -2.6 7.5 1.4
v -2.6 7.5 1.3
v -2.6 7.6 1.7
v -2.6 7.6 1.4
v -2.6 7.9 1.3
v -2.6 7.9 1.2
v -2.6 8.2 -1.1
v -2.6 8.2 -1.2
v -2.6 8.5 -0.9
v -2.6 8.5 -1.1
v -2.6 8.5 -1.2
v -2.6 8.7 -0.2
v -2.6 8.7 -0.5
v -2.6 8.7 -0.8
v -2.6 8.7 -0.9
v -2.6 8.7 -1.1
v -2.6 8.9 -0.2
v -2.6 8.9 -0.5
v -2.6 8.9 -0.8
v -2.6 8.9 -0.9
v -2.6 9.2 -0.5
v -2.6 9.2 -0.8
v -2.5 7.5 1.8
v -2.5 7.5 1.7
v -2.5 7.5 1.4
v -2.5 7.5 1.3
v -2.5 7.6 1.8
v -2.5 7.6 1.7
v -2.5 7.6 1.4
v -2.5 7.7 1.7
v -2.5 7.7 1.6
v -2.5 7.9 1.6
v -2.5 7.9 1.3
v -2.5 8.5 -0.1
v -2.5 8.5 -0.2
v -2.5 8.7 -0.1
v -2.5 8.7 -0.2
v -2.5 8.9 -0.4
v -2.5 8.9 -0.5
v -2.5 9.2 -0.4
v -2.5 9.2 -0.5
v -2.4 7.3 1.2
v -2.4 7.3 1.1
v -2.4 7.5 1.1
v -2.4 7.5 0.9
v -2.4 7.6 1.8
v -2.4 7.6 1.7
v -2.4 7.7 1.8
v -2.4 7.7 1.7
v -2.4 7.7 1.6
v -2.4 7.9 1.6
v -2.4 7.9 1.5
v -2.4 7.9 1.3
v -2.4 7.9 1.2
v -2.4 7.9 1.1
v -2.4 7.9 1
v -2.4 7.9 0.9
v -2.4 8 1.7
v -2.4 8 1.6
v -2.4 8 1.5
v -2.4 8 1.3
v -2.4 8 1.1
v -2.4 8 1
v -2.4 8.5 -2.38419e-07
v -2.4 8.5 -0.1
v -2.4 8.7 -2.38419e-07
v -2.4 8.7 -0.1
v -2.4 8.7 -0.7
v -2.4 8.7 -0.8
v -2.4 8.7 -0.9
v -2.4 8.7 -1
v -2.4 8.9 -0.3
v -2.4 8.9 -0.4
v -2.4 8.9 -0.7
v -2.4 8.9 -0.8
v -2.4 8.9 -0.9
v -2.4 8.9 -1
v -2.4 9.2 -0.3
v -2.4 9.2 -0.4
v -2.4 9.2 -0.8
v -2.4 9.2 -0.9
v -2.3 7.5 1.9
v -2.3 7.5 1.8
v -2.3 7.7 1.9
v -2.3 7.7 1.8
v -2.3 7.7 1.7
v -2.3 7.7 0.9
v -2.3 7.7 0.8
v -2.3 7.9 1.6
v -2.3 7.9 1.5
v -2.3 7.9 1.3
v -2.3 7.9 1.1
v -2.3 7.9 1
v -2.3 7.9 0.9
v -2.3 8 1.7
v -2.3 8 1.6
v -2.3 8 1.5
v -2.3 8 1.3
v -2.3 8 1.1
v -2.3 8 1
v -2.3 8 0.8
v -2.3 8.2 1.8
v -2.3 8.2 1.6
v -2.3 8.2 1.2
v -2.3 8.2 1
v -2.3 8.2 -0.1
v -2.3 8.2 -0.3
v -2.3 8.4 1.6
v -2.3 8.4 1.2
v -2.3 8.5 -0.1
v -2.3 8.5 -0.3
v -2.3 9.2 -0.6
v -2.3 9.2 -0.8
v -2.3 9.4 -0.6
v -2.3 9.4 -0.8
v -2.2 7.3 2
v -2.2 7.3 1.9
v -2.2 7.7 2
v -2.2 7.7 1.9
v -2.2 7.7 1.8
v -2.2 8 1
v -2.2 8 0.9
v -2.2 8.2 1.9
v -2.2 8.2 1.8
v -2.2 8.2 1.2
v -2.2 8.2 1
v -2.2 8.4 1.4
v -2.2 8.4 1.2
v -2.2 8.4 0.9
v -2.2 8.7 1.4
v -2.2 8.7 1.2
v -2.2 8.7 -1
v -2.2 8.7 -1.1
v -2.2 8.9 -1
v -2.2 8.9 -1.1
v -2.2 9.2 -0.4
v -2.2 9.2 -0.6
v -2.2 9.2 -0.8
v -2.2 9.2 -0.9
v -2.2 9.4 -0.4
v -2.2 9.4 -0.6
v -2.2 9.4 -0.8
v -2.2 9.4 -0.9
v -2.1 7.1 -3.5
v -2.1 7.1 -3.6
v -2.1 7.2 -3.2
v -2.1 7.2 -3.5
v -2.1 7.3 -3.4
v -2.1 7.3 -3.6
v -2.1 7.5 -3.2
v -2.1 7.5 -3.3
v -2.1 7.7 0.8
v -2.1 7.7 0.7
v -2.1 7.7 -3.3
v -2.1 7.7 -3.4
v -2.1 8 0.9
v -2.1 8 0.8
v -2.1 8 0.7
v -2.1 8.2 0.8
v -2.1 8.2 0.7
v -2.1 8.4 1.5
v -2.1 8.4 1.4
v -2.1 8.4 1.2
v -2.1 8.4 1
v -2.1 8.4 0.9
v -2.1 8.4 0.7
v -2.1 8.7 1.5
v -2.1 8.7 1.4
v -2.1 8.7 1.2
v -2.1 8.7 1
v -2.1 8.9 -0.9
v -2.1 8.9 -1
v -2.1 9.2 -0.9
v -2.1 9.2 -1
v -2 7.3 -3.1
v -2 7.3 -3.2
v -2 7.3 -3.4
v -2 7.3 -3.5
v -2 7.5 -3
v -2 7.5 -3.1
v -2 7.5 -3.2
v -2 7.5 -3.3
v -2 7.5 -3.4
v -2 7.5 -3.5
v -2 7.7 0.7
v -2 7.7 0.6
v -2 7.7 -3.3
v -2 7.7 -3.4
v -2 7.8 -3.3
v -2 7.8 -3.4
v -2 7.9 -2.9
v -2 7.9 -3
v -2 8 0.8
v -2 8 0.7
v -2 8 0.6
v -2 8 -2.6
v -2 8 -2.9
v -2 8 -3
v -2 8 -3.1
v -2 8 -3.2
v -2 8 -3.3
v -2 8.2 1.6
v -2 8.2 1.5
v -2 8.2 0.8
v -2 8.2 0.7
v -2 8.2 0.6
v -2 8.2 -2.6
v -2 8.2 -3
v -2 8.4 1.6
v -2 8.4 1.5
v -2 8.4 1
v -2 8.4 0.7
v -2 8.7 1.2
v -2 8.7 1
v -2 8.7 0.9
v -2 8.7 0.6
v -2 8.7 -2.38419e-07
v -2 8.7 -0.2
v -2 8.7 -0.3
v -2 8.7 -0.4
v -2 8.9 1.2
v -2 8.9 0.9
v -2 8.9 -2.38419e-07
v -2 8.9 -0.2
v -2 8.9 -0.3
v -2 8.9 -0.4
v -2 8.9 -1
v -2 8.9 -1.1
v -2 9.2 -1
v -2 9.2 -1.1
v -1.9 7.5 -3.1
v -1.9 7.5 -3.2
v -1.9 7.8 -3.3
v -1.9 7.8 -3.4
v -1.9 7.9 -2.6
v -1.9 7.9 -2.7
v -1.9 7.9 -2.8
v -1.9 7.9 -2.9
v -1.9 7.9 -3.3
v -1.9 7.9 -3.4
v -1.9 8 -2.5
v -1.9 8 -2.6
v -1.9 8 -2.7
v -1.9 8 -2.8
v -1.9 8 -2.9
v -1.9 8 -3
v -1.9 8 -3.1
v -1.9 8 -3.2
v -1.9 8.2 1.7
v -1.9 8.2 1.6
v -1.9 8.2 0.6
v -1.9 8.2 0.5
v -1.9 8.2 -2.3
v -1.9 8.2 -2.4
v -1.9 8.2 -2.5
v -1.9 8.2 -2.6
v -1.9 8.2 -3
v -1.9 8.2 -3.1
v -1.9 8.4 1.7
v -1.9 8.4 1.6
v -1.9 8.5 -2.3
v -1.9 8.5 -2.4
v -1.9 8.7 0.9
v -1.9 8.7 0.8
v -1.9 8.7 0.6
v -1.9 8.7 0.5
v -1.9 8.9 0.9
v -1.9 8.9 0.8
v -1.8 7.9 -2.7
v -1.8 7.9 -2.8
v -1.8 7.9 -3.2
v -1.8 7.9 -3.3
v -1.8 8 0.5
v -1.8 8 0.4
v -1.8 8 -2.7
v -1.8 8 -2.8
v -1.8 8 -3.1
v -1.8 8 -3.2
v -1.8 8 -3.3
v -1.8 8.2 1.5
v -1.8 8.2 1.4
v -1.8 8.2 0.5
v -1.8 8.2 -2.2
v -1.8 8.2 -2.3
v -1.8 8.2 -2.4
v -1.8 8.2 -2.5
v -1.8 8.2 -2.9
v -1.8 8.2 -3
v -1.8 8.2 -3.1
v -1.8 8.2 -3.2
v -1.8 8.4 1.5
v -1.8 8.4 1.4
v -1.8 8.5 -1.1
v -1.8 8.5 -1.2
v -1.8 8.5 -2.3
v -1.8 8.5 -2.4
v -1.8 8.5 -2.6
v -1.8 8.5 -2.9
v -1.8 8.5 -3
v -1.8 8.5 -3.1
v -1.8 8.7 1.3
v -1.8 8.7 1.2
v -1.8 8.7 0.8
v -1.8 8.7 0.7
v -1.8 8.7 0.5
v -1.8 8.7 0.4
v -1.8 8.7 -0.4
v -1.8 8.7 -0.8
v -1.8 8.7 -1.1
v -1.8 8.7 -1.2
v -1.8 8.7 -2.2
v -1.8 8.7 -2.6
v -1.8 8.9 1.3
v -1.8 8.9 1.2
v -1.8 8.9 0.8
v -1.8 8.9 0.7
v -1.8 8.9 -0.4
v -1.8 8.9 -0.8
v -1.8 9.2 -0.3
v -1.8 9.2 -0.4
v -1.8 9.4 -0.3
v -1.8 9.4 -0.4
v -1.7 8 1.8
v -1.7 8 1.7
v -1.7 8 -3.2
v -1.7 8 -3.3
v -1.7 8.2 1.8
v -1.7 8.2 1.7
v -1.7 8.2 1.6
v -1.7 8.2 -2.9
v -1.7 8.2 -3
v -1.7 8.2 -3.2
v -1.7 8.2 -3.3
v -1.7 8.4 1.7
v -1.7 8.4 1.6
v -1.7 8.4 1.5
v -1.7 8.4 0.4
v -1.7 8.4 0.3
v -1.7 8.5 1.6
v -1.7 8.5 1.5
v -1.7 8.5 0.4
v -1.7 8.5 0.3
v -1.7 8.5 -2.6
v -1.7 8.5 -2.9
v -1.7 8.5 -3
v -1.7 8.7 1.4
v -1.7 8.7 1.3
v -1.7 8.7 0.7
v -1.7 8.7 0.5
v -1.7 8.7 -2.1
v -1.7 8.7 -2.2
v -1.7 8.7 -2.3
v -1.7 8.7 -2.6
v -1.7 8.7 -2.9
v -1.7 8.9 1.4
v -1.7 8.9 1.3
v -1.7 8.9 0.7
v -1.7 8.9 0.6
v -1.7 8.9 0.5
v -1.7 8.9 -2.38419e-07
v -1.7 8.9 -0.3
v -1.7 8.9 -2.1
v -1.7 8.9 -2.3
v -1.7 9.1 1.3
v -1.7 9.1 0.6
v -1.7 9.2 -2.38419e-07
v -1.7 9.2 -0.3
v -1.6 7.9 1.5
v -1.6 7.9 1.4
v -1.6 8.2 1.5
v -1.6 8.2 1.4
v -1.6 8.2 1.3
v -1.6 8.4 0.9
v -1.6 8.4 0.8
v -1.6 8.5 1.4
v -1.6 8.5 1.3
v -1.6 8.5 0.9
v -1.6 8.5 0.8
v -1.6 8.5 0.5
v -1.6 8.5 0.4
v -1.6 8.5 -1.8
v -1.6 8.5 -1.9
v -1.6 8.5 -2.1
v -1.6 8.5 -2.2
v -1.6 8.7 -1.8
v -1.6 8.7 -1.9
v -1.6 8.7 -2
v -1.6 8.7 -2.1
v -1.6 8.7 -2.2
v -1.6 8.7 -2.3
v -1.6 8.7 -2.4
v -1.6 8.7 -2.6
v -1.6 8.7 -2.8
v -1.6 8.9 0.5
v -1.6 8.9 0.4
v -1.6 8.9 0.0999997
v -1.6 8.9 -2.38419e-07
v -1.6 8.9 -2
v -1.6 8.9 -2.1
v -1.6 8.9 -2.3
v -1.6 8.9 -2.4
v -1.6 8.9 -2.6
v -1.6 8.9 -2.8
v -1.6 9.2 0.0999997
v -1.6 9.2 -2.38419e-07
v -1.6 9.2 -2.1
v -1.6 9.2 -2.3
v -1.5 7.9 1.6
v -1.5 7.9 1.5
v -1.5 7.9 1.4
v -1.5 7.9 1.3
v -1.5 8 -3.2
v -1.5 8 -3.3
v -1.5 8.2 1.6
v -1.5 8.2 1.5
v -1.5 8.2 1.4
v -1.5 8.2 1.3
v -1.5 8.2 0.6
v -1.5 8.2 0.3
v -1.5 8.2 -3.2
v -1.5 8.2 -3.3
v -1.5 8.4 1.3
v -1.5 8.4 1.1
v -1.5 8.4 1
v -1.5 8.4 0.9
v -1.5 8.4 0.6
v -1.5 8.4 0.3
v -1.5 8.4 0.2
v -1.5 8.5 1.3
v -1.5 8.5 1.1
v -1.5 8.5 1
v -1.5 8.5 0.9
v -1.5 8.5 0.4
v -1.5 8.5 0.3
v -1.5 8.5 0.2
v -1.5 8.5 -0.8
v -1.5 8.5 -0.9
v -1.5 8.5 -1.7
v -1.5 8.5 -1.8
v -1.5 8.5 -2.9
v -1.5 8.5 -3
v -1.5 8.7 -0.1
v -1.5 8.7 -0.2
v -1.5 8.7 -0.8
v -1.5 8.7 -0.9
v -1.5 8.7 -1.7
v -1.5 8.7 -1.8
v -1.5 8.7 -1.9
v -1.5 8.7 -2
v -1.5 8.7 -2.4
v -1.5 8.7 -2.6
v -1.5 8.7 -2.9
v -1.5 8.7 -3
v -1.5 8.9 0.7
v -1.5 8.9 0.6
v -1.5 8.9 0.4
v -1.5 8.9 0.3
v -1.5 8.9 -0.1
v -1.5 8.9 -0.2
v -1.5 8.9 -1.8
v -1.5 8.9 -2
v -1.5 8.9 -2.1
v -1.5 8.9 -2.3
v -1.5 8.9 -2.4
v -1.5 8.9 -2.6
v -1.5 9.1 0.7
v -1.5 9.1 0.6
v -1.5 9.2 -2
v -1.5 9.2 -2.1
v -1.5 9.2 -2.3
v -1.5 9.2 -2.4
v -1.4 0 0.5
v -1.4 0 -0.6
v -1.4 0.1 0.5
v -1.4 0.1 -0.6
v -1.4 8.2 0.3
v -1.4 8.2 0.0999997
v -1.4 8.2 -3
v -1.4 8.2 -3.1
v -1.4 8.4 1.1
v -1.4 8.4 1
v -1.4 8.4 0.3
v -1.4 8.4 0.2
v -1.4 8.4 0.0999997
v -1.4 8.5 1.1
v -1.4 8.5 1
v -1.4 8.5 0.3
v -1.4 8.5 0.2
v -1.4 8.5 -0.1
v -1.4 8.5 -0.2
v -1.4 8.5 -0.7
v -1.4 8.5 -0.8
v -1.4 8.5 -0.9
v -1.4 8.5 -1
v -1.4 8.5 -3
v -1.4 8.5 -3.1
v -1.4 8.7 -2.38419e-07
v -1.4 8.7 -0.1
v -1.4 8.7 -0.2
v -1.4 8.7 -0.7
v -1.4 8.7 -0.8
v -1.4 8.7 -0.9
v -1.4 8.7 -1
v -1.4 8.7 -1.7
v -1.4 8.7 -1.8
v -1.4 8.7 -2.8
v -1.4 8.7 -2.9
v -1.4 8.9 0.3
v -1.4 8.9 0.2
v -1.4 8.9 -2.38419e-07
v -1.4 8.9 -0.1
v -1.4 8.9 -1.8
v -1.4 8.9 -2
v -1.4 8.9 -2.4
v -1.4 8.9 -2.6
v -1.4 8.9 -2.8
v -1.4 8.9 -2.9
v -1.4 9.2 -1.7
v -1.4 9.2 -2
v -1.4 9.2 -2.4
v -1.4 9.2 -2.5
v -1.4 9.4 -2.5
v -1.4 9.4 -2.6
v -1.3 0 0.6
v -1.3 0 0.5
v -1.3 0 -0.6
v -1.3 0 -0.7
v -1.3 0.1 0.5
v -1.3 0.1 -0.6
v -1.3 0.2 0.6
v -1.3 0.2 -0.7
v -1.3 7.9 0.2
v -1.3 7.9 0.0999997
v -1.3 8 -3
v -1.3 8 -3.1
v -1.3 8.2 0.2
v -1.3 8.2 0.0999997
v -1.3 8.2 -3
v -1.3 8.2 -3.1
v -1.3 8.2 -3.2
v -1.3 8.4 1.5
v -1.3 8.4 1.4
v -1.3 8.5 1.5
v -1.3 8.5 1.4
v -1.3 8.5 -2.38419e-07
v -1.3 8.5 -0.1
v -1.3 8.5 -0.2
v -1.3 8.5 -0.3
v -1.3 8.5 -0.5
v -1.3 8.5 -0.6
v -1.3 8.5 -2.4
v -1.3 8.5 -2.5
v -1.3 8.5 -3.1
v -1.3 8.5 -3.2
v -1.3 8.7 -2.38419e-07
v -1.3 8.7 -0.1
v -1.3 8.7 -0.2
v -1.3 8.7 -0.3
v -1.3 8.7 -0.5
v -1.3 8.7 -0.6
v -1.3 8.7 -1.6
v -1.3 8.7 -1.7
v -1.3 8.7 -2.4
v -1.3 8.7 -2.5
v -1.3 8.9 0.6
v -1.3 8.9 0.5
v -1.3 8.9 -2.6
v -1.3 8.9 -2.7
v -1.3 9.1 0.6
v -1.3 9.1 0.5
v -1.3 9.2 -1.6
v -1.3 9.2 -1.7
v -1.3 9.2 -2.2
v -1.3 9.2 -2.5
v -1.3 9.4 -2.2
v -1.3 9.4 -2.5
v -1.3 9.4 -2.6
v -1.3 9.4 -2.7
v -1.2 0 0.9
v -1.2 0 0.6
v -1.2 0.1 0.9
v -1.2 0.1 0.6
v -1.2 0.2 0.4
v -1.2 0.2 -0.5
v -1.2 0.3 0.4
v -1.2 0.3 -0.5
v -1.2 7.9 0.3
v -1.2 7.9 0.2
v -1.2 7.9 0.0999997
v -1.2 7.9 -2.38419e-07
v -1.2 8.2 0.3
v -1.2 8.2 0.2
v -1.2 8.2 -0.7
v -1.2 8.2 -1.1
v -1.2 8.2 -1.3
v -1.2 8.2 -1.5
v -1.2 8.4 0.0999997
v -1.2 8.4 -2.38419e-07
v -1.2 8.5 1.4
v -1.2 8.5 1.2
v -1.2 8.5 -0.4
v -1.2 8.5 -0.5
v -1.2 8.5 -0.6
v -1.2 8.5 -0.7
v -1.2 8.5 -1
v -1.2 8.5 -1.3
v -1.2 8.5 -1.5
v -1.2 8.5 -1.6
v -1.2 8.7 1.4
v -1.2 8.7 1.2
v -1.2 8.7 1.1
v -1.2 8.7 -0.4
v -1.2 8.7 -0.5
v -1.2 8.7 -0.6
v -1.2 8.7 -0.7
v -1.2 8.7 -1
v -1.2 8.7 -1.1
v -1.2 8.7 -1.6
v -1.2 8.9 0.5
v -1.2 8.9 0.4
v -1.2 8.9 -1.5
v -1.2 8.9 -1.6
v -1.2 9.1 1.2
v -1.2 9.1 1.1
v -1.2 9.1 1
v -1.2 9.1 0.6
v -1.2 9.1 0.5
v -1.2 9.1 0.4
v -1.2 9.2 1
v -1.2 9.2 0.6
v -1.2 9.2 -1.8
v -1.2 9.2 -2.2
v -1.2 9.4 -1.8
v -1.2 9.4 -2.2
v -1.1 0 1
v -1.1 0 0.9
v -1.1 0 -0.7
v -1.1 0 -0.8
v -1.1 0.1 1
v -1.1 0.1 0.9
v -1.1 0.1 0.8
v -1.1 0.1 0.6
v -1.1 0.2 0.8
v -1.1 0.2 0.7
v -1.1 0.2 0.6
v -1.1 0.2 0.4
v -1.1 0.2 -0.5
v -1.1 0.2 -0.7
v -1.1 0.3 0.4
v -1.1 0.3 -0.5
v -1.1 0.4 0.7
v -1.1 0.4 -0.8
v -1.1 8 0.4
v -1.1 8 0.3
v -1.1 8.2 0.4
v -1.1 8.2 0.3
v -1.1 8.2 -0.1
v -1.1 8.2 -0.7
v -1.1 8.2 -1.2
v -1.1 8.2 -1.3
v -1.1 8.4 0.3
v -1.1 8.4 -2.38419e-07
v -1.1 8.5 0.3
v -1.1 8.5 0.2
v -1.1 8.5 0.0999997
v -1.1 8.5 -2.38419e-07
v -1.1 8.5 -0.1
v -1.1 8.5 -0.3
v -1.1 8.5 -0.4
v -1.1 8.5 -0.7
v -1.1 8.5 -1.2
v -1.1 8.5 -1.3
v -1.1 8.5 -1.4
v -1.1 8.5 -1.5
v -1.1 8.5 -2.6
v -1.1 8.5 -2.7
v -1.1 8.5 -3
v -1.1 8.5 -3.1
v -1.1 8.7 1.3
v -1.1 8.7 1.2
v -1.1 8.7 0.2
v -1.1 8.7 0.0999997
v -1.1 8.7 -0.3
v -1.1 8.7 -0.4
v -1.1 8.7 -2.6
v -1.1 8.7 -2.7
v -1.1 8.7 -3
v -1.1 8.7 -3.1
v -1.1 8.9 -1.4
v -1.1 8.9 -1.5
v -1.1 8.9 -1.6
v -1.1 9.1 1.3
v -1.1 9.1 1.2
v -1.1 9.1 0.6
v -1.1 9.1 0.5
v -1.1 9.2 0.6
v -1.1 9.2 0.5
v -1.1 9.2 -1.5
v -1.1 9.2 -1.6
v -1.1 9.2 -1.7
v -1.1 9.2 -1.8
v -1.1 9.4 -1.7
v -1.1 9.4 -1.8
v -1 0 1.1
v -1 0 1
v -1 0 -0.8
v -1 0 -0.9
v -1 0.1 1.1
v -1 0.1 1
v -1 0.1 0.9
v -1 0.1 0.8
v -1 0.2 0.8
v -1 0.2 0.7
v -1 0.3 0.9
v -1 0.3 0.8
v -1 0.4 0.7
v -1 0.4 -0.8
v -1 0.6 0.8
v -1 0.6 -0.9
v -1 7.9 0.2
v -1 7.9 0.0999997
v -1 7.9 -2.38419e-07
v -1 7.9 -0.1
v -1 8 0.2
v -1 8 0.0999997
v -1 8 -2.38419e-07
v -1 8 -0.1
v -1 8 -0.8
v -1 8 -0.9
v -1 8.2 -0.8
v -1 8.2 -0.9
v -1 8.2 -1.1
v -1 8.2 -1.2
v -1 8.4 1
v -1 8.4 0.9
v -1 8.4 0.7
v -1 8.4 0.6
v -1 8.5 1.1
v -1 8.5 1
v -1 8.5 0.9
v -1 8.5 0.7
v -1 8.5 0.6
v -1 8.5 -1.1
v -1 8.5 -1.2
v -1 8.5 -1.3
v -1 8.5 -1.4
v -1 8.5 -1.5
v -1 8.5 -1.6
v -1 8.7 1.1
v -1 8.7 1
v -1 8.7 0.5
v -1 8.7 0.4
v -1 8.7 -0.8
v -1 8.7 -0.9
v -1 8.7 -1.3
v -1 8.7 -1.4
v -1 8.7 -1.5
v -1 8.7 -1.6
v -1 8.7 -2.8
v -1 8.7 -2.9
v -1 8.9 -0.8
v -1 8.9 -0.9
v -1 8.9 -2.8
v -1 8.9 -2.9
v -1 9.1 0.5
v -1 9.1 0.4
v -1 9.2 -1.6
v -1 9.2 -1.7
v -1 9.4 -1.6
v -1 9.4 -1.7
v -0.9 0 1.2
v -0.9 0 1.1
v -0.9 0 -0.9
v -0.9 0 -1
v -0.9 0.1 1.2
v -0.9 0.1 1.1
v -0.9 0.1 1
v -0.9 0.1 0.9
v -0.9 0.2 1
v -0.9 0.2 0.9
v -0.9 0.3 0.9
v -0.9 0.3 0.8
v -0.9 0.4 0.9
v -0.9 0.4 0.8
v -0.9 0.4 -0.9
v -0.9 0.4 -1
v -0.9 7.7 0.0999997
v -0.9 7.7 -2.38419e-07
v -0.9 7.9 0.0999997
v -0.9 7.9 -2.38419e-07
v -0.9 7.9 -0.1
v -0.9 7.9 -0.2
v -0.9 8 0.5
v -0.9 8 0.4
v -0.9 8 0.0999997
v -0.9 8 -2.38419e-07
v -0.9 8 -0.1
v -0.9 8 -0.7
v -0.9 8 -0.8
v -0.9 8.2 -2.38419e-07
v -0.9 8.2 -0.1
v -0.9 8.2 -0.2
v -0.9 8.2 -0.7
v -0.9 8.2 -0.8
v -0.9 8.4 0.9
v -0.9 8.4 0.7
v -0.9 8.4 0.5
v -0.9 8.4 0.4
v -0.9 8.4 -2.38419e-07
v -0.9 8.5 0.9
v -0.9 8.5 0.7
v -0.9 8.5 -2.38419e-07
v -0.9 8.5 -0.1
v -0.9 8.5 -1.2
v -0.9 8.5 -1.3
v -0.9 8.7 -1.2
v -0.9 8.7 -1.3
v -0.9 8.7 -1.4
v -0.9 8.9 -1.3
v -0.9 8.9 -1.4
v -0.9 8.9 -1.5
v -0.9 8.9 -1.6
v -0.9 8.9 -2.7
v -0.9 8.9 -2.8
v -0.9 9.2 -1.5
v -0.9 9.2 -1.6
v -0.9 9.2 -2.7
v -0.9 9.2 -2.8
v -0.8 0 1.3
v -0.8 0 1.2
v -0.8 0 -1
v -0.8 0 -1.1
v -0.8 0.1 1.3
v -0.8 0.1 1.2
v -0.8 0.1 1.1
v -0.8 0.1 1
v -0.8 0.2 1.1
v -0.8 0.2 1
v -0.8 0.2 0.9
v -0.8 0.4 0.9
v -0.8 0.4 0.8
v -0.8 0.4 -0.9
v -0.8 0.4 -1
v -0.8 0.5 1
v -0.8 0.5 0.8
v -0.8 0.6 0.8
v -0.8 0.6 -0.9
v -0.8 0.6 -1.1
v -0.8 0.7 -0.8
v -0.8 0.7 -0.9
v -0.8 0.9 0.8
v -0.8 0.9 -0.8
v -0.8 7.7 0.2
v -0.8 7.7 0.0999997
v -0.8 7.9 0.2
v -0.8 7.9 0.0999997
v -0.8 7.9 -0.7
v -0.8 7.9 -0.9
v -0.8 8 0.6
v -0.8 8 0.5
v -0.8 8 0.0999997
v -0.8 8 -2.38419e-07
v -0.8 8 -0.6
v -0.8 8 -0.7
v -0.8 8 -0.9
v -0.8 8 -1.2
v -0.8 8.2 -2.38419e-07
v -0.8 8.2 -0.6
v -0.8 8.2 -0.7
v -0.8 8.2 -0.9
v -0.8 8.2 -1.2
v -0.8 8.2 -1.3
v -0.8 8.4 0.7
v -0.8 8.4 0.6
v -0.8 8.4 0.5
v -0.8 8.4 0.2
v -0.8 8.4 0.0999997
v -0.8 8.4 -2.38419e-07
v -0.8 8.5 0.7
v -0.8 8.5 0.6
v -0.8 8.5 0.2
v -0.8 8.5 0.0999997
v -0.8 8.5 -1.1
v -0.8 8.5 -1.2
v -0.8 8.5 -1.3
v -0.8 8.7 -1.1
v -0.8 8.7 -1.2
v -0.8 8.9 -1.4
v -0.8 8.9 -1.5
v -0.8 9.2 -1.4
v -0.8 9.2 -1.5
v -0.8 9.2 -1.6
v -0.8 9.4 -1.5
v -0.8 9.4 -1.6
v -0.7 0 1.4
v -0.7 0 1.3
v -0.7 0 -1.1
v -0.7 0 -1.2
v -0.7 0.1 1.4
v -0.7 0.1 1.3
v -0.7 0.1 1.2
v -0.7 0.1 1.1
v -0.7 0.2 1.1
v -0.7 0.2 1
v -0.7 0.2 -1.1
v -0.7 0.2 -1.2
v -0.7 0.3 1.2
v -0.7 0.3 1
v -0.7 0.5 0.9
v -0.7 0.5 0.8
v -0.7 0.7 0.9
v -0.7 0.7 0.8
v -0.7 0.7 -0.8
v -0.7 0.7 -0.9
v -0.7 0.8 -0.8
v -0.7 0.8 -0.9
v -0.7 0.9 0.7
v -0.7 0.9 -0.8
v -0.7 1 0.7
v -0.7 1 -0.8
v -0.7 7.7 -2.38419e-07
v -0.7 7.7 -0.1
v -0.7 7.9 -2.38419e-07
v -0.7 7.9 -0.1
v -0.7 7.9 -0.3
v -0.7 7.9 -0.6
v -0.7 7.9 -0.7
v -0.7 8 0.7
v -0.7 8 0.6
v -0.7 8 -2.38419e-07
v -0.7 8 -0.1
v -0.7 8 -0.2
v -0.7 8 -0.3
v -0.7 8 -0.6
v -0.7 8 -0.7
v -0.7 8.2 -2.38419e-07
v -0.7 8.2 -0.1
v -0.7 8.2 -0.2
v -0.7 8.2 -0.6
v -0.7 8.2 -0.9
v -0.7 8.2 -1
v -0.7 8.4 0.7
v -0.7 8.4 0.6
v -0.7 8.5 -0.9
v -0.7 8.5 -1
v -0.7 8.7 -1.2
v -0.7 8.7 -1.3
v -0.7 8.7 -2
v -0.7 8.7 -2.1
v -0.7 8.9 -1.2
v -0.7 8.9 -1.3
v -0.7 8.9 -2
v -0.7 8.9 -2.1
v -0.7 8.9 -2.7
v -0.7 8.9 -2.8
v -0.7 9.2 -2.7
v -0.7 9.2 -2.8
v -0.6 0 -1.2
v -0.6 0 -1.3
v -0.6 0.1 1.3
v -0.6 0.1 1.2
v -0.6 0.2 1.3
v -0.6 0.2 1.2
v -0.6 0.2 -1.1
v -0.6 0.2 -1.2
v -0.6 0.4 -1.1
v -0.6 0.4 -1.3
v -0.6 1 0.5
v -0.6 1 -0.8
v -0.6 1.1 0.5
v -0.6 1.1 -0.8
v -0.6 7.7 -0.1
v -0.6 7.7 -0.2
v -0.6 7.9 0.3
v -0.6 7.9 0.2
v -0.6 7.9 -0.1
v -0.6 7.9 -0.2
v -0.6 7.9 -0.3
v -0.6 7.9 -0.4
v -0.6 7.9 -0.5
v -0.6 7.9 -0.6
v -0.6 7.9 -0.8
v -0.6 7.9 -0.9
v -0.6 8 0.3
v -0.6 8 0.2
v -0.6 8 0.0999997
v -0.6 8 -2.38419e-07
v -0.6 8 -0.3
v -0.6 8 -0.4
v -0.6 8 -0.5
v -0.6 8 -0.6
v -0.6 8 -0.8
v -0.6 8 -0.9
v -0.6 8.2 0.8
v -0.6 8.2 0.7
v -0.6 8.2 0.0999997
v -0.6 8.2 -2.38419e-07
v -0.6 8.2 -1.2
v -0.6 8.2 -1.3
v -0.6 8.4 0.8
v -0.6 8.4 0.7
v -0.6 8.4 0.3
v -0.6 8.4 0.0999997
v -0.6 8.4 -2.38419e-07
v -0.6 8.5 0.8
v -0.6 8.5 0.7
v -0.6 8.5 0.6
v -0.6 8.5 0.5
v -0.6 8.5 0.3
v -0.6 8.5 -2.38419e-07
v -0.6 8.5 -1.1
v -0.6 8.5 -1.2
v -0.6 8.5 -1.3
v -0.6 8.5 -2
v -0.6 8.5 -2.1
v -0.6 8.7 0.8
v -0.6 8.7 0.7
v -0.6 8.7 0.6
v -0.6 8.7 0.5
v -0.6 8.7 -1.1
v -0.6 8.7 -1.2
v -0.6 8.7 -2
v -0.6 8.7 -2.1
v -0.6 8.7 -2.4
v -0.6 8.7 -2.5
v -0.6 8.9 -1.3
v -0.6 8.9 -1.4
v -0.6 8.9 -2.4
v -0.6 8.9 -2.5
v -0.6 9.2 -1.3
v -0.6 9.2 -1.4
v -0.5 0 -1.3
v -0.5 0 -1.4
v -0.5 0.1 -1.3
v -0.5 0.1 -1.4
v -0.5 0.4 -1.1
v -0.5 0.4 -1.2
v -0.5 0.5 -1.1
v -0.5 0.5 -1.2
v -0.5 0.6 -0.9
v -0.5 0.6 -1.1
v -0.5 0.8 -0.8
v -0.5 0.8 -0.9
v -0.5 0.8 -1.1
v -0.5 0.9 -0.8
v -0.5 0.9 -0.9
v -0.5 1.1 0.4
v -0.5 1.1 -0.8
v -0.5 1.2 0.4
v -0.5 1.2 -0.8
v -0.5 7.3 -0.1
v -0.5 7.3 -0.2
v -0.5 7.5 -0.7
v -0.5 7.5 -0.9
v -0.5 7.7 -0.1
v -0.5 7.7 -0.2
v -0.5 7.9 -0.4
v -0.5 7.9 -0.5
v -0.5 7.9 -0.7
v -0.5 7.9 -0.9
v -0.5 7.9 -1
v -0.5 8 0.7
v -0.5 8 0.6
v -0.5 8 0.4
v -0.5 8 0.3
v -0.5 8 -0.4
v -0.5 8 -0.5
v -0.5 8 -0.9
v -0.5 8 -1
v -0.5 8.2 0.7
v -0.5 8.2 0.6
v -0.5 8.2 0.4
v -0.5 8.2 0.3
v -0.5 8.2 0.0999997
v -0.5 8.2 -2.38419e-07
v -0.5 8.2 -1.3
v -0.5 8.2 -1.5
v -0.5 8.2 -1.9
v -0.5 8.2 -2
v -0.5 8.4 0.0999997
v -0.5 8.4 -2.38419e-07
v -0.5 8.5 2
v -0.5 8.5 1.8
v -0.5 8.5 -1
v -0.5 8.5 -1.1
v -0.5 8.5 -1.3
v -0.5 8.5 -1.4
v -0.5 8.5 -2
v -0.5 8.5 -2.1
v -0.5 8.5 -2.2
v -0.5 8.7 -1
v -0.5 8.7 -1.1
v -0.5 8.7 -1.2
v -0.5 8.7 -1.3
v -0.5 8.7 -2.1
v -0.5 8.7 -2.2
v -0.5 8.9 2
v -0.5 8.9 1.8
v -0.5 8.9 -1.2
v -0.5 8.9 -1.3
v -0.5 8.9 -1.4
v -0.5 8.9 -1.5
v -0.5 8.9 -1.9
v -0.5 8.9 -2
v -0.4 0 -1.4
v -0.4 0 -1.8
v -0.4 0.1 -1.3
v -0.4 0.1 -1.4
v -0.4 0.1 -1.8
v -0.4 0.3 1.1
v -0.4 0.3 1
v -0.4 0.3 -1.3
v -0.4 0.3 -1.4
v -0.4 0.4 1.1
v -0.4 0.4 1
v -0.4 0.4 -1.2
v -0.4 0.4 -1.3
v -0.4 0.5 -1.1
v -0.4 0.5 -1.2
v -0.4 0.6 -1.2
v -0.4 0.6 -1.3
v -0.4 0.7 -1.1
v -0.4 0.7 -1.2
v -0.4 0.8 -0.9
v -0.4 0.8 -1
v -0.4 0.9 -0.8
v -0.4 0.9 -0.9
v -0.4 0.9 -1
v -0.4 1 -0.8
v -0.4 1 -0.9
v -0.4 1.2 0.3
v -0.4 1.2 -0.8
v -0.4 1.3 0.3
v -0.4 1.3 0.2
v -0.4 1.3 -0.7
v -0.4 1.3 -0.8
v -0.4 1.6 0.2
v -0.4 1.6 0.0999997
v -0.4 2 0.0999997
v -0.4 2 -0.7
v -0.4 7.3 -0.2
v -0.4 7.3 -0.4
v -0.4 7.3 -0.5
v -0.4 7.3 -0.8
v -0.4 7.5 -2.38419e-07
v -0.4 7.5 -0.1
v -0.4 7.5 -0.4
v -0.4 7.5 -0.5
v -0.4 7.5 -0.7
v -0.4 7.5 -0.8
v -0.4 7.7 2.8
v -0.4 7.7 2.7
v -0.4 7.9 2.8
v -0.4 7.9 2.7
v -0.4 7.9 2.5
v -0.4 7.9 0.5
v -0.4 7.9 0.2
v -0.4 7.9 -2.38419e-07
v -0.4 7.9 -0.1
v -0.4 7.9 -0.2
v -0.4 7.9 -0.7
v -0.4 7.9 -1
v -0.4 7.9 -1.1
v -0.4 8 0.6
v -0.4 8 0.5
v -0.4 8 0.4
v -0.4 8 0.2
v -0.4 8 -1
v -0.4 8 -1.1
v -0.4 8 -1.2
v -0.4 8.2 2.7
v -0.4 8.2 2.5
v -0.4 8.2 2.1
v -0.4 8.2 1.4
v -0.4 8.2 1
v -0.4 8.2 0.6
v -0.4 8.2 0.4
v -0.4 8.2 -0.9
v -0.4 8.2 -1
v -0.4 8.2 -1.1
v -0.4 8.2 -1.2
v -0.4 8.2 -1.5
v -0.4 8.2 -1.6
v -0.4 8.4 2.5
v -0.4 8.4 2.3
v -0.4 8.4 2.1
v -0.4 8.4 2
v -0.4 8.4 1.7
v -0.4 8.4 1.4
v -0.4 8.4 1
v -0.4 8.5 2.3
v -0.4 8.5 2.1
v -0.4 8.5 2
v -0.4 8.5 1.8
v -0.4 8.5 1.7
v -0.4 8.5 1.4
v -0.4 8.5 -0.9
v -0.4 8.5 -1
v -0.4 8.5 -1.6
v -0.4 8.5 -1.7
v -0.4 8.5 -1.8
v -0.4 8.5 -1.9
v -0.4 8.5 -2.2
v -0.4 8.5 -2.3
v -0.4 8.7 -1.7
v -0.4 8.7 -1.8
v -0.4 8.7 -2.2
v -0.4 8.7 -2.3
v -0.4 8.9 2.1
v -0.4 8.9 2
v -0.4 8.9 1.8
v -0.4 8.9 1.7
v -0.4 8.9 -1.5
v -0.4 8.9 -1.9
v -0.3 0.1 -1.4
v -0.3 0.1 -1.7
v -0.3 0.2 -1.4
v -0.3 0.2 -1.7
v -0.3 0.3 -1.3
v -0.3 0.3 -1.4
v -0.3 0.5 -1.3
v -0.3 0.5 -1.4
v -0.3 1 -0.8
v -0.3 1 -0.9
v -0.3 1.3 0.3
v -0.3 1.3 0.2
v -0.3 1.3 -0.7
v -0.3 1.3 -0.8
v -0.3 1.4 0.3
v -0.3 1.4 0.2
v -0.3 1.6 0.2
v -0.3 1.6 0.0999997
v -0.3 1.6 -0.8
v -0.3 1.6 -0.9
v -0.3 2 0.2
v -0.3 2 0.0999997
v -0.3 2 -2.38419e-07
v -0.3 2 -0.7
v -0.3 2.1 -2.38419e-07
v -0.3 2.1 -0.1
v -0.3 2.3 -0.8
v -0.3 2.3 -0.9
v -0.3 2.8 -0.8
v -0.3 2.8 -0.9
v -0.3 3 -0.1
v -0.3 3 -0.8
v -0.3 7.1 -0.3
v -0.3 7.1 -0.6
v -0.3 7.2 -0.2
v -0.3 7.2 -0.3
v -0.3 7.2 -0.7
v -0.3 7.2 -0.8
v -0.3 7.3 -2.38419e-07
v -0.3 7.3 -0.1
v -0.3 7.3 -0.2
v -0.3 7.3 -0.3
v -0.3 7.3 -0.4
v -0.3 7.3 -0.5
v -0.3 7.3 -0.6
v -0.3 7.3 -0.7
v -0.3 7.3 -0.8
v -0.3 7.5 0.0999997
v -0.3 7.5 -2.38419e-07
v -0.3 7.5 -0.1
v -0.3 7.5 -0.2
v -0.3 7.5 -0.4
v -0.3 7.5 -0.5
v -0.3 7.5 -0.9
v -0.3 7.5 -1
v -0.3 7.7 2.9
v -0.3 7.7 2.8
v -0.3 7.7 2.7
v -0.3 7.7 2.5
v -0.3 7.8 0.5
v -0.3 7.8 0.4
v -0.3 7.9 2.9
v -0.3 7.9 2.8
v -0.3 7.9 2.7
v -0.3 7.9 2.5
v -0.3 7.9 2.3
v -0.3 7.9 1.2
v -0.3 7.9 1.1
v -0.3 7.9 0.9
v -0.3 7.9 0.6
v -0.3 7.9 0.5
v -0.3 7.9 0.4
v -0.3 7.9 0.0999997
v -0.3 7.9 -2.38419e-07
v -0.3 7.9 -0.2
v -0.3 7.9 -0.3
v -0.3 7.9 -0.4
v -0.3 7.9 -0.9
v -0.3 7.9 -1
v -0.3 8 0.6
v -0.3 8 -0.1
v -0.3 8 -0.2
v -0.3 8 -0.3
v -0.3 8 -0.4
v -0.3 8.2 2.5
v -0.3 8.2 2.3
v -0.3 8.2 2.1
v -0.3 8.2 2
v -0.3 8.2 1.2
v -0.3 8.2 1.1
v -0.3 8.2 1
v -0.3 8.2 0.9
v -0.3 8.2 0.7
v -0.3 8.2 0.6
v -0.3 8.2 -1.6
v -0.3 8.2 -1.7
v -0.3 8.4 2.1
v -0.3 8.4 2
v -0.3 8.4 1.9
v -0.3 8.4 1
v -0.3 8.4 0.9
v -0.3 8.5 2
v -0.3 8.5 1.9
v -0.3 8.5 -1.6
v -0.3 8.5 -1.7
v -0.3 8.5 -1.8
v -0.3 8.7 -1.7
v -0.3 8.7 -1.8
v -0.2 0.2 -1.4
v -0.2 0.2 -1.6
v -0.2 0.3 -1.4
v -0.2 0.3 -1.6
v -0.2 0.7 0.9
v -0.2 0.7 0.8
v -0.2 0.8 0.9
v -0.2 0.8 0.8
v -0.2 1.6 -0.8
v -0.2 1.6 -0.9
v -0.2 2 0.0999997
v -0.2 2 -2.38419e-07
v -0.2 2.1 -2.38419e-07
v -0.2 2.1 -0.1
v -0.2 2.3 -0.8
v -0.2 2.3 -0.9
v -0.2 2.4 0.0999997
v -0.2 2.4 -2.38419e-07
v -0.2 2.5 -0.9
v -0.2 2.5 -1
v -0.2 2.8 -0.8
v -0.2 2.8 -0.9
v -0.2 2.9 -0.9
v -0.2 2.9 -1
v -0.2 3 -2.38419e-07
v -0.2 3 -0.1
v -0.2 3 -0.2
v -0.2 3 -0.8
v -0.2 3.5 -0.9
v -0.2 3.5 -1
v -0.2 3.7 -0.8
v -0.2 3.7 -1
v -0.2 4 -0.2
v -0.2 4 -0.8
v -0.2 6.8 3.2
v -0.2 6.8 3.1
v -0.2 7 3.1
v -0.2 7 3
v -0.2 7 -0.2
v -0.2 7 -0.7
v -0.2 7.1 -0.3
v -0.2 7.1 -0.6
v -0.2 7.2 3.2
v -0.2 7.2 3.1
v -0.2 7.2 -0.2
v -0.2 7.2 -0.3
v -0.2 7.2 -0.6
v -0.2 7.2 -0.7
v -0.2 7.3 -0.6
v -0.2 7.3 -0.7
v -0.2 7.4 -0.8
v -0.2 7.4 -0.9
v -0.2 7.5 3.1
v -0.2 7.5 3
v -0.2 7.5 2.7
v -0.2 7.5 0.2
v -0.2 7.5 0.0999997
v -0.2 7.5 -0.8
v -0.2 7.5 -0.9
v -0.2 7.5 -1
v -0.2 7.5 -1.1
v -0.2 7.7 3
v -0.2 7.7 2.9
v -0.2 7.7 2.7
v -0.2 7.8 0.4
v -0.2 7.8 0.3
v -0.2 7.8 -0.2
v -0.2 7.8 -0.3
v -0.2 7.9 1.3
v -0.2 7.9 1.2
v -0.2 7.9 0.6
v -0.2 7.9 0.5
v -0.2 7.9 0.4
v -0.2 7.9 0.3
v -0.2 7.9 0.2
v -0.2 7.9 0.0999997
v -0.2 7.9 -1
v -0.2 7.9 -1.1
v -0.2 7.9 -1.8
v -0.2 7.9 -2.4
v -0.2 8 0.6
v -0.2 8 0.5
v -0.2 8 -0.2
v -0.2 8 -0.3
v -0.2 8 -0.5
v -0.2 8 -0.7
v -0.2 8 -0.8
v -0.2 8.1 -0.2
v -0.2 8.1 -0.5
v -0.2 8.2 2.6
v -0.2 8.2 2.5
v -0.2 8.2 1.3
v -0.2 8.2 1.2
v -0.2 8.2 0.9
v -0.2 8.2 0.7
v -0.2 8.2 -0.7
v -0.2 8.2 -0.8
v -0.2 8.2 -1.7
v -0.2 8.2 -1.8
v -0.2 8.2 -2.4
v -0.2 8.2 -2.6
v -0.2 8.2 -2.9
v -0.2 8.4 2.6
v -0.2 8.4 2.5
v -0.2 8.4 1.9
v -0.2 8.4 1.7
v -0.2 8.4 1.4
v -0.2 8.4 0.9
v -0.2 8.4 0.8
v -0.2 8.4 0.7
v -0.2 8.4 -2.6
v -0.2 8.4 -2.9
v -0.2 8.5 2.2
v -0.2 8.5 2.1
v -0.2 8.5 1.9
v -0.2 8.5 1.7
v -0.2 8.5 1.4
v -0.2 8.5 0.8
v -0.2 8.5 -1.7
v -0.2 8.5 -1.8
v -0.2 8.9 2.2
v -0.2 8.9 2.1
v -0.1 2 -0.9
v -0.1 2 -1
v -0.1 2.4 0.0999997
v -0.1 2.4 -2.38419e-07
v -0.1 2.5 -0.9
v -0.1 2.5 -1
v -0.1 2.9 -0.9
v -0.1 2.9 -1
v -0.1 3 0.0999997
v -0.1 3 -2.38419e-07
v -0.1 3 -0.1
v -0.1 3 -0.2
v -0.1 3.3 -1
v -0.1 3.3 -1.1
v -0.1 3.5 -0.9
v -0.1 3.5 -1
v -0.1 3.7 -0.8
v -0.1 3.7 -1
v -0.1 3.9 -0.9
v -0.1 3.9 -1.1
v -0.1 4 -0.1
v -0.1 4 -0.2
v -0.1 4 -0.3
v -0.1 4 -0.8
v -0.1 4.5 -0.9
v -0.1 4.5 -1.1
v -0.1 4.7 -1.1
v -0.1 4.7 -1.2
v -0.1 4.8 -0.3
v -0.1 4.8 -0.4
v -0.1 5 -0.3
v -0.1 5 -0.4
v -0.1 5 -1.1
v -0.1 5 -1.2
v -0.1 5.3 -0.2
v -0.1 5.3 -0.3
v -0.1 5.7 -0.1
v -0.1 5.7 -0.2
v -0.1 5.7 -1
v -0.1 5.7 -1.1
v -0.1 5.8 -0.9
v -0.1 5.8 -1
v -0.1 5.9 -0.8
v -0.1 5.9 -0.9
v -0.1 6.1 -0.1
v -0.1 6.1 -0.2
v -0.1 6.1 -0.7
v -0.1 6.1 -0.8
v -0.1 6.3 -0.2
v -0.1 6.3 -0.3
v -0.1 6.3 -0.7
v -0.1 6.3 -0.8
v -0.1 6.5 -0.2
v -0.1 6.5 -0.3
v -0.1 6.5 -0.8
v -0.1 6.5 -0.9
v -0.1 6.6 -0.1
v -0.1 6.6 -0.2
v -0.1 6.7 3.5
v -0.1 6.7 3.4
v -0.1 6.8 3.5
v -0.1 6.8 3.4
v -0.1 6.8 3.2
v -0.1 6.8 -0.7
v -0.1 6.8 -0.9
v -0.1 6.9 -0.1
v -0.1 6.9 -0.2
v -0.1 6.9 -0.5
v -0.1 6.9 -0.7
v -0.1 7 3.4
v -0.1 7 3.3
v -0.1 7 -2.38419e-07
v -0.1 7 -0.2
v -0.1 7 -0.5
v -0.1 7 -0.7
v -0.1 7 -0.8
v -0.1 7.2 3.3
v -0.1 7.2 3.2
v -0.1 7.2 3.1
v -0.1 7.2 -2.38419e-07
v -0.1 7.2 -0.1
v -0.1 7.2 -0.2
v -0.1 7.2 -0.7
v -0.1 7.2 -0.8
v -0.1 7.2 -1.3
v -0.1 7.2 -1.4
v -0.1 7.3 0.2
v -0.1 7.3 -2.38419e-07
v -0.1 7.3 -0.1
v -0.1 7.3 -0.2
v -0.1 7.5 3.2
v -0.1 7.5 3.1
v -0.1 7.5 0.4
v -0.1 7.5 0.2
v -0.1 7.5 -2.38419e-07
v -0.1 7.5 -1.1
v -0.1 7.5 -1.3
v -0.1 7.5 -1.4
v -0.1 7.5 -1.5
v -0.1 7.7 3
v -0.1 7.7 2.9
v -0.1 7.7 0.5
v -0.1 7.7 0.4
v -0.1 7.7 0.3
v -0.1 7.7 0.2
v -0.1 7.7 -1.3
v -0.1 7.7 -1.4
v -0.1 7.7 -1.5
v -0.1 7.7 -1.9
v -0.1 7.8 0.5
v -0.1 7.8 0.3
v -0.1 7.8 0.2
v -0.1 7.8 -1.2
v -0.1 7.8 -1.3
v -0.1 7.9 3
v -0.1 7.9 2.9
v -0.1 7.9 0.5
v -0.1 7.9 0.4
v -0.1 7.9 0.3
v -0.1 7.9 0.2
v -0.1 7.9 -0.1
v -0.1 7.9 -0.2
v -0.1 7.9 -1.4
v -0.1 7.9 -1.5
v -0.1 7.9 -1.8
v -0.1 7.9 -1.9
v -0.1 7.9 -3.2
v -0.1 7.9 -3.5
v -0.1 8 -0.1
v -0.1 8 -0.2
v -0.1 8 -1.2
v -0.1 8 -1.3
v -0.1 8.2 2.7
v -0.1 8.2 2.6
v -0.1 8.2 0.7
v -0.1 8.2 0.5
v -0.1 8.2 -1.1
v -0.1 8.2 -1.3
v -0.1 8.2 -1.5
v -0.1 8.2 -1.8
v -0.1 8.2 -2.4
v -0.1 8.2 -3.4
v -0.1 8.2 -3.5
v -0.1 8.4 2.7
v -0.1 8.4 2.6
v -0.1 8.4 2.5
v -0.1 8.4 2.3
v -0.1 8.4 0.7
v -0.1 8.4 0.4
v -0.1 8.4 -1.8
v -0.1 8.4 -2.2
v -0.1 8.4 -2.4
v -0.1 8.4 -2.6
v -0.1 8.4 -2.9
v -0.1 8.4 -3.2
v -0.1 8.4 -3.4
v -0.1 8.5 2.5
v -0.1 8.5 2.3
v -0.1 8.5 2.2
v -0.1 8.5 1.7
v -0.1 8.5 1
v -0.1 8.5 -2.2
v -0.1 8.5 -2.4
v -0.1 8.5 -2.8
v -0.1 8.5 -3.2
v -0.1 8.9 2.3
v -0.1 8.9 2.2
v -0.1 8.9 2.1
v -0.1 8.9 1.7
v -0.1 8.9 1.6
v -0.1 8.9 1
v -0.1 8.9 -2.4
v -0.1 8.9 -2.8
v -0.1 9.1 2.1
v -0.1 9.1 1.6
v 0 1.4 0.3
v 0 1.4 0.2
v 0 1.5 -0.8
v 0 1.5 -0.9
v 0 1.6 -0.8
v 0 1.6 -0.9
v 0 2 0.3
v 0 2 0.2
v 0 3 -1
v 0 3 -1.1
v 0 3.3 -1
v 0 3.3 -1.1
v 0 3.4 -1.1
v 0 3.4 -1.2
v 0 3.8 -1.1
v 0 3.8 -1.2
v 0 3.9 -0.9
v 0 3.9 -1.1
v 0 4 -0.2
v 0 4 -0.3
v 0 4 -1.1
v 0 4 -1.2
v 0 4.4 -0.2
v 0 4.4 -0.3
v 0 4.4 -1.2
v 0 4.4 -1.3
v 0 4.5 -0.9
v 0 4.5 -1.1
v 0 4.7 -1.1
v 0 4.7 -1.2
v 0 4.8 -0.3
v 0 4.8 -0.4
v 0 4.8 -1.2
v 0 4.8 -1.3
v 0 5 -0.2
v 0 5 -0.3
v 0 5 -0.4
v 0 5 -1.1
v 0 5 -1.2
v 0 5.3 -0.2
v 0 5.3 -0.3
v 0 5.5 -0.1
v 0 5.5 -0.2
v 0 5.5 -1.1
v 0 5.5 -1.2
v 0 5.7 -0.1
v 0 5.7 -0.2
v 0 5.7 -1
v 0 5.7 -1.1
v 0 5.8 -0.9
v 0 5.8 -1
v 0 5.9 -0.8
v 0 5.9 -0.9
v 0 5.9 -1
v 0 5.9 -1.1
v 0 6.1 -0.1
v 0 6.1 -0.2
v 0 6.1 -0.7
v 0 6.1 -0.8
v 0 6.2 -0.9
v 0 6.2 -1
v 0 6.3 -2.38419e-07
v 0 6.3 -0.1
v 0 6.3 -0.2
v 0 6.3 -0.3
v 0 6.3 -0.7
v 0 6.3 -0.8
v 0 6.5 3.6
v 0 6.5 3.5
v 0 6.5 -0.2
v 0 6.5 -0.3
v 0 6.5 -0.8
v 0 6.5 -0.9
v 0 6.6 -2.38419e-07
v 0 6.6 -0.1
v 0 6.6 -0.2
v 0 6.7 3.5
v 0 6.8 3.6
v 0 6.8 3.5
v 0 6.8 3.4
v 0 6.8 -2.38419e-07
v 0 6.8 -0.1
v 0 6.8 -0.7
v 0 6.8 -0.9
v 0 6.9 -2.38419e-07
v 0 6.9 -0.1
v 0 6.9 -0.2
v 0 6.9 -0.5
v 0 6.9 -0.7
v 0 6.9 -0.8
v 0 6.9 -0.9
v 0 7 3.5
v 0 7 3.4
v 0 7 3.3
v 0 7 -0.1
v 0 7 -0.2
v 0 7 -0.5
v 0 7 -0.8
v 0 7 -0.9
v 0 7.2 3.4
v 0 7.2 3.3
v 0 7.2 3.2
v 0 7.2 0.2
v 0 7.2 -2.38419e-07
v 0 7.2 -0.1
v 0 7.2 -1.1
v 0 7.2 -1.3
v 0 7.3 0.2
v 0 7.3 -0.1
v 0 7.4 -0.8
v 0 7.4 -0.9
v 0 7.5 3.3
v 0 7.5 3.2
v 0 7.5 3.1
v 0 7.5 3
v 0 7.5 -1.1
v 0 7.5 -1.3
v 0 7.6 -0.1
v 0 7.6 -0.2
v 0 7.7 3.1
v 0 7.7 3
v 0 7.7 0.3
v 0 7.7 -2.38419e-07
v 0 7.7 -1.3
v 0 7.7 -1.4
v 0 7.7 -3.6
v 0 7.7 -3.8
v 0 7.8 0.3
v 0 7.8 0.2
v 0 7.8 -0.1
v 0 7.8 -0.2
v 0 7.8 -1
v 0 7.8 -1.1
v 0 7.8 -1.2
v 0 7.8 -1.3
v 0 7.9 2.8
v 0 7.9 2.7
v 0 7.9 0.2
v 0 7.9 -2.38419e-07
v 0 7.9 -1
v 0 7.9 -1.1
v 0 7.9 -1.4
v 0 7.9 -3.5
v 0 7.9 -3.6
v 0 7.9 -3.8
v 0 8 -0.5
v 0 8 -0.6
v 0 8 -1.2
v 0 8 -1.3
v 0 8 -1.4
v 0 8 -1.5
v 0 8.1 -0.4
v 0 8.1 -0.5
v 0 8.1 -0.6
v 0 8.1 -1.4
v 0 8.1 -1.5
v 0 8.2 2.8
v 0 8.2 2.7
v 0 8.2 2.3
v 0 8.2 2.2
v 0 8.2 -1.3
v 0 8.2 -1.4
v 0 8.2 -3
v 0 8.2 -3.2
v 0 8.2 -3.4
v 0 8.2 -3.5
v 0 8.4 2.3
v 0 8.4 2.2
v 0 8.4 -0.4
v 0 8.4 -0.5
v 0 8.4 -2
v 0 8.4 -2.2
v 0 8.4 -3
v 0 8.4 -3.2
v 0 8.4 -3.3
v 0 8.4 -3.4
v 0 8.4 -3.6
v 0 8.5 1
v 0 8.5 0.9
v 0 8.5 -2
v 0 8.5 -2.2
v 0 8.5 -2.3
v 0 8.5 -2.4
v 0 8.5 -2.8
v 0 8.5 -3.2
v 0 8.5 -3.3
v 0 8.9 2.3
v 0 8.9 2.1
v 0 8.9 1.6
v 0 8.9 1.2
v 0 8.9 1
v 0 8.9 0.9
v 0 8.9 -2.3
v 0 8.9 -2.4
v 0 8.9 -2.8
v 0 8.9 -3.2
v 0 9.1 2.3
v 0 9.1 2.1
v 0 9.1 1.6
v 0 9.1 1.2
v 0.0999999 3.2 -1.1
v 0.0999999 3.2 -1.2
v 0.0999999 3.4 -1.1
v 0.0999999 3.4 -1.2
v 0.0999999 3.8 -1.1
v 0.0999999 3.8 -1.2
v 0.0999999 4 -1.1
v 0.0999999 4 -1.2
v 0.0999999 4.2 -1.2
v 0.0999999 4.2 -1.3
v 0.0999999 4.4 -0.2
v 0.0999999 4.4 -0.3
v 0.0999999 4.4 -1.2
v 0.0999999 4.4 -1.3
v 0.0999999 4.8 -1.2
v 0.0999999 4.8 -1.3
v 0.0999999 5 -0.2
v 0.0999999 5 -0.3
v 0.0999999 5 -1.2
v 0.0999999 5 -1.3
v 0.0999999 5.4 -0.1
v 0.0999999 5.4 -0.2
v 0.0999999 5.5 -0.1
v 0.0999999 5.5 -0.2
v 0.0999999 5.5 -1.1
v 0.0999999 5.5 -1.2
v 0.0999999 5.7 -1.1
v 0.0999999 5.7 -1.2
v 0.0999999 5.9 -2.38419e-07
v 0.0999999 5.9 -0.1
v 0.0999999 5.9 -1
v 0.0999999 5.9 -1.1
v 0.0999999 6 -1
v 0.0999999 6 -1.1
v 0.0999999 6.2 -0.9
v 0.0999999 6.2 -1
v 0.0999999 6.3 -2.38419e-07
v 0.0999999 6.3 -0.1
v 0.0999999 6.4 -0.9
v 0.0999999 6.4 -1
v 0.0999999 6.6 -2.38419e-07
v 0.0999999 6.6 -0.1
v 0.0999999 6.8 -2.38419e-07
v 0.0999999 6.8 -0.1
v 0.0999999 6.8 -0.9
v 0.0999999 6.8 -1
v 0.0999999 6.9 -2.38419e-07
v 0.0999999 6.9 -0.1
v 0.0999999 6.9 -0.8
v 0.0999999 6.9 -0.9
v 0.0999999 7 3.1
v 0.0999999 7 3
v 0.0999999 7 -2.38419e-07
v 0.0999999 7 -0.1
v 0.0999999 7 -0.8
v 0.0999999 7 -0.9
v 0.0999999 7 -1
v 0.0999999 7.1 0.0999997
v 0.0999999 7.1 -2.38419e-07
v 0.0999999 7.2 3.4
v 0.0999999 7.2 3.3
v 0.0999999 7.2 3.1
v 0.0999999 7.2 3
v 0.0999999 7.2 0.0999997
v 0.0999999 7.2 -2.38419e-07
v 0.0999999 7.2 -0.9
v 0.0999999 7.2 -1.1
v 0.0999999 7.5 3.4
v 0.0999999 7.5 3.3
v 0.0999999 7.5 3.2
v 0.0999999 7.5 3.1
v 0.0999999 7.5 2.9
v 0.0999999 7.5 2.8
v 0.0999999 7.5 -0.9
v 0.0999999 7.5 -1.1
v 0.0999999 7.5 -3.6
v 0.0999999 7.5 -3.7
v 0.0999999 7.7 3.2
v 0.0999999 7.7 3.1
v 0.0999999 7.7 2.9
v 0.0999999 7.7 2.8
v 0.0999999 7.7 -1.1
v 0.0999999 7.7 -1.2
v 0.0999999 7.7 -3.4
v 0.0999999 7.7 -3.6
v 0.0999999 7.7 -3.7
v 0.0999999 7.7 -3.8
v 0.0999999 7.7 -3.9
v 0.0999999 7.8 -1.1
v 0.0999999 7.8 -1.2
v 0.0999999 7.9 3
v 0.0999999 7.9 2.8
v 0.0999999 7.9 -1.4
v 0.0999999 7.9 -1.5
v 0.0999999 7.9 -3.4
v 0.0999999 7.9 -3.6
v 0.0999999 7.9 -3.8
v 0.0999999 7.9 -3.9
v 0.0999999 8 0.0999997
v 0.0999999 8 -0.1
v 0.0999999 8 -0.2
v 0.0999999 8 -0.8
v 0.0999999 8 -0.9
v 0.0999999 8 -1.4
v 0.0999999 8 -1.5
v 0.0999999 8.1 0.3
v 0.0999999 8.1 0.2
v 0.0999999 8.1 0.0999997
v 0.0999999 8.1 -2.38419e-07
v 0.0999999 8.1 -0.2
v 0.0999999 8.1 -0.3
v 0.0999999 8.1 -0.4
v 0.0999999 8.1 -1.4
v 0.0999999 8.1 -1.5
v 0.0999999 8.2 3
v 0.0999999 8.2 2.8
v 0.0999999 8.2 2.2
v 0.0999999 8.2 2.1
v 0.0999999 8.2 0.2
v 0.0999999 8.2 -2.38419e-07
v 0.0999999 8.2 -0.8
v 0.0999999 8.2 -0.9
v 0.0999999 8.2 -1.4
v 0.0999999 8.2 -1.5
v 0.0999999 8.2 -1.8
v 0.0999999 8.2 -2.9
v 0.0999999 8.2 -3
v 0.0999999 8.4 2.6
v 0.0999999 8.4 2.5
v 0.0999999 8.4 2.2
v 0.0999999 8.4 2.1
v 0.0999999 8.4 0.8
v 0.0999999 8.4 0.7
v 0.0999999 8.4 0.3
v 0.0999999 8.4 -0.2
v 0.0999999 8.4 -0.3
v 0.0999999 8.4 -0.4
v 0.0999999 8.4 -1.5
v 0.0999999 8.4 -1.8
v 0.0999999 8.4 -2
v 0.0999999 8.4 -2.9
v 0.0999999 8.4 -3
v 0.0999999 8.4 -3.4
v 0.0999999 8.4 -3.5
v 0.0999999 8.5 2.6
v 0.0999999 8.5 2.5
v 0.0999999 8.5 2.4
v 0.0999999 8.5 2.3
v 0.0999999 8.5 0.9
v 0.0999999 8.5 0.8
v 0.0999999 8.5 0.7
v 0.0999999 8.5 -1.8
v 0.0999999 8.5 -2
v 0.0999999 8.5 -2.3
v 0.0999999 8.5 -3.4
v 0.0999999 8.5 -3.5
v 0.0999999 8.9 2.4
v 0.0999999 8.9 2.3
v 0.0999999 8.9 0.9
v 0.0999999 8.9 0.8
v 0.0999999 8.9 -2
v 0.0999999 8.9 -2.2
v 0.0999999 8.9 -2.3
v 0.0999999 8.9 -2.7
v 0.0999999 9.1 -2.2
v 0.0999999 9.1 -2.7
v 0.2 4 -1.2
v 0.2 4 -1.3
v 0.2 4.2 -1.2
v 0.2 4.2 -1.3
v 0.2 5 -0.1
v 0.2 5 -0.2
v 0.2 5.4 -0.1
v 0.2 5.4 -0.2
v 0.2 5.6 -2.38419e-07
v 0.2 5.6 -0.1
v 0.2 5.7 -1.1
v 0.2 5.7 -1.2
v 0.2 5.9 -2.38419e-07
v 0.2 5.9 -0.1
v 0.2 6 -1.1
v 0.2 6 -1.2
v 0.2 6.1 0.0999997
v 0.2 6.1 -2.38419e-07
v 0.2 6.4 -0.9
v 0.2 6.4 -1
v 0.2 6.8 -0.9
v 0.2 6.8 -1
v 0.2 6.8 -4.1
v 0.2 6.8 -4.2
v 0.2 7 0.0999997
v 0.2 7 -2.38419e-07
v 0.2 7 -4
v 0.2 7 -4.1
v 0.2 7.2 0.4
v 0.2 7.2 0.2
v 0.2 7.2 -4.1
v 0.2 7.2 -4.2
v 0.2 7.5 2.8
v 0.2 7.5 2.7
v 0.2 7.5 0.4
v 0.2 7.5 0.2
v 0.2 7.5 -3.7
v 0.2 7.5 -4
v 0.2 7.5 -4.1
v 0.2 7.7 2.8
v 0.2 7.7 2.7
v 0.2 7.7 2.6
v 0.2 7.7 0.6
v 0.2 7.7 0.4
v 0.2 7.7 -0.9
v 0.2 7.7 -1
v 0.2 7.7 -3.7
v 0.2 7.7 -3.9
v 0.2 7.8 -0.9
v 0.2 7.8 -1
v 0.2 7.9 2.7
v 0.2 7.9 2.6
v 0.2 7.9 0.6
v 0.2 7.9 0.4
v 0.2 7.9 0.3
v 0.2 7.9 0.2
v 0.2 7.9 0.0999997
v 0.2 7.9 -0.1
v 0.2 7.9 -3.6
v 0.2 7.9 -3.7
v 0.2 7.9 -3.9
v 0.2 7.9 -4
v 0.2 8 0.4
v 0.2 8 0.3
v 0.2 8 0.0999997
v 0.2 8 -0.1
v 0.2 8 -0.6
v 0.2 8 -0.8
v 0.2 8.1 0.3
v 0.2 8.1 0.2
v 0.2 8.1 0.0999997
v 0.2 8.1 -2.38419e-07
v 0.2 8.1 -0.2
v 0.2 8.1 -0.3
v 0.2 8.1 -0.6
v 0.2 8.1 -0.8
v 0.2 8.2 0.4
v 0.2 8.2 0.3
v 0.2 8.2 0.0999997
v 0.2 8.2 -2.38419e-07
v 0.2 8.2 -3.6
v 0.2 8.2 -3.7
v 0.2 8.4 0.7
v 0.2 8.4 0.5
v 0.2 8.4 -0.2
v 0.2 8.4 -0.3
v 0.2 8.4 -1.7
v 0.2 8.4 -1.8
v 0.2 8.5 0.7
v 0.2 8.5 0.5
v 0.2 8.5 -1.7
v 0.2 8.5 -1.8
v 0.2 8.5 -2
v 0.2 8.9 1.2
v 0.2 8.9 1.1
v 0.2 8.9 -1.8
v 0.2 8.9 -2
v 0.2 8.9 -2.1
v 0.2 8.9 -2.2
v 0.2 8.9 -2.7
v 0.2 8.9 -2.9
v 0.2 9.1 1.2
v 0.2 9.1 1.1
v 0.2 9.1 -2.1
v 0.2 9.1 -2.2
v 0.2 9.1 -2.7
v 0.2 9.1 -2.9
v 0.3 5.4 -2.38419e-07
v 0.3 5.4 -0.1
v 0.3 5.6 -2.38419e-07
v 0.3 5.6 -0.1
v 0.3 6.8 3.2
v 0.3 6.8 3.1
v 0.3 6.8 -4.2
v 0.3 6.8 -4.3
v 0.3 7 3.2
v 0.3 7 3.1
v 0.3 7 0.0999997
v 0.3 7 -2.38419e-07
v 0.3 7.1 0.0999997
v 0.3 7.1 -2.38419e-07
v 0.3 7.2 -4.2
v 0.3 7.2 -4.3
v 0.3 7.5 2.7
v 0.3 7.5 2.6
v 0.3 7.5 0.5
v 0.3 7.5 0.4
v 0.3 7.5 -4
v 0.3 7.5 -4.1
v 0.3 7.7 2.7
v 0.3 7.7 2.6
v 0.3 7.7 2.5
v 0.3 7.7 0.5
v 0.3 7.7 0.4
v 0.3 7.7 0.0999997
v 0.3 7.7 -2.38419e-07
v 0.3 7.7 -4
v 0.3 7.7 -4.1
v 0.3 7.8 0.0999997
v 0.3 7.8 -2.38419e-07
v 0.3 7.8 -0.8
v 0.3 7.8 -0.9
v 0.3 7.9 2.6
v 0.3 7.9 2.5
v 0.3 7.9 2.3
v 0.3 7.9 2.2
v 0.3 7.9 0.2
v 0.3 7.9 0.0999997
v 0.3 7.9 -0.8
v 0.3 7.9 -0.9
v 0.3 7.9 -1.8
v 0.3 7.9 -1.9
v 0.3 7.9 -3.7
v 0.3 7.9 -3.8
v 0.3 8.2 2.3
v 0.3 8.2 2.2
v 0.3 8.2 2
v 0.3 8.2 1
v 0.3 8.2 0.9
v 0.3 8.2 0.4
v 0.3 8.2 0.2
v 0.3 8.2 0.0999997
v 0.3 8.2 -0.3
v 0.3 8.2 -0.4
v 0.3 8.2 -1.4
v 0.3 8.2 -1.5
v 0.3 8.2 -1.8
v 0.3 8.2 -1.9
v 0.3 8.2 -3.6
v 0.3 8.2 -3.7
v 0.3 8.2 -3.8
v 0.3 8.4 2.2
v 0.3 8.4 2
v 0.3 8.4 1.2
v 0.3 8.4 1
v 0.3 8.4 0.9
v 0.3 8.4 0.4
v 0.3 8.4 0.2
v 0.3 8.4 -0.3
v 0.3 8.4 -0.4
v 0.3 8.4 -1.4
v 0.3 8.4 -1.5
v 0.3 8.4 -1.7
v 0.3 8.4 -3.3
v 0.3 8.4 -3.5
v 0.3 8.4 -3.6
v 0.3 8.4 -3.7
v 0.3 8.5 1.2
v 0.3 8.5 1
v 0.3 8.5 -1.5
v 0.3 8.5 -1.7
v 0.3 8.5 -3.3
v 0.3 8.5 -3.5
v 0.3 8.9 -2.9
v 0.3 8.9 -3.1
v 0.3 9.1 -2.9
v 0.3 9.1 -3.1
v 0.4 5.2 -2.38419e-07
v 0.4 5.2 -0.1
v 0.4 5.4 -2.38419e-07
v 0.4 5.4 -0.1
v 0.4 6.7 -4.4
v 0.4 6.7 -4.5
v 0.4 6.8 -4.3
v 0.4 6.8 -4.4
v 0.4 6.8 -4.5
v 0.4 7.1 0.0999997
v 0.4 7.1 -2.38419e-07
v 0.4 7.2 0.0999997
v 0.4 7.2 -2.38419e-07
v 0.4 7.2 -4.1
v 0.4 7.2 -4.3
v 0.4 7.5 -4.2
v 0.4 7.5 -4.4
v 0.4 7.7 2.5
v 0.4 7.7 2.4
v 0.4 7.7 -0.9
v 0.4 7.7 -1.1
v 0.4 7.7 -4.1
v 0.4 7.7 -4.2
v 0.4 7.9 2.5
v 0.4 7.9 2.4
v 0.4 7.9 -0.9
v 0.4 7.9 -1.1
v 0.4 7.9 -1.3
v 0.4 7.9 -3.8
v 0.4 7.9 -4
v 0.4 8 -0.2
v 0.4 8 -0.3
v 0.4 8 -0.7
v 0.4 8 -1
v 0.4 8 -1.1
v 0.4 8 -1.2
v 0.4 8 -1.3
v 0.4 8.2 2
v 0.4 8.2 1.9
v 0.4 8.2 1.1
v 0.4 8.2 1
v 0.4 8.2 -0.2
v 0.4 8.2 -0.3
v 0.4 8.2 -0.7
v 0.4 8.2 -1
v 0.4 8.2 -1.1
v 0.4 8.2 -1.2
v 0.4 8.2 -3.1
v 0.4 8.2 -3.2
v 0.4 8.2 -3.8
v 0.4 8.2 -4
v 0.4 8.4 2.5
v 0.4 8.4 2.4
v 0.4 8.4 2
v 0.4 8.4 1.9
v 0.4 8.4 1.6
v 0.4 8.4 1.2
v 0.4 8.4 1.1
v 0.4 8.4 1
v 0.4 8.4 0.9
v 0.4 8.4 0.7
v 0.4 8.4 0.0999997
v 0.4 8.4 -2.38419e-07
v 0.4 8.4 -0.1
v 0.4 8.4 -3.1
v 0.4 8.4 -3.2
v 0.4 8.4 -3.5
v 0.4 8.4 -3.6
v 0.4 8.5 2.5
v 0.4 8.5 2.4
v 0.4 8.5 1.6
v 0.4 8.5 1.2
v 0.4 8.5 1
v 0.4 8.5 0.9
v 0.4 8.5 0.7
v 0.4 8.5 0.5
v 0.4 8.5 0.4
v 0.4 8.5 0.0999997
v 0.4 8.5 -3.2
v 0.4 8.5 -3.4
v 0.4 8.5 -3.5
v 0.4 8.5 -3.6
v 0.4 8.7 0.5
v 0.4 8.7 0.4
v 0.4 8.7 -2.38419e-07
v 0.4 8.7 -0.1
v 0.4 8.9 -3.1
v 0.4 8.9 -3.2
v 0.4 8.9 -3.3
v 0.4 8.9 -3.4
v 0.4 9.1 -3.1
v 0.4 9.1 -3.3
v 0.5 5.1 -2.38419e-07
v 0.5 5.1 -0.1
v 0.5 5.2 -2.38419e-07
v 0.5 5.2 -0.1
v 0.5 6.5 -4.5
v 0.5 6.5 -4.6
v 0.5 6.7 -4.5
v 0.5 6.8 -4.4
v 0.5 6.8 -4.5
v 0.5 6.8 -4.6
v 0.5 7 -4.4
v 0.5 7 -4.5
v 0.5 7.7 0.8
v 0.5 7.7 0.6
v 0.5 7.7 -1.4
v 0.5 7.7 -1.5
v 0.5 7.9 0.9
v 0.5 7.9 0.8
v 0.5 7.9 0.6
v 0.5 7.9 -1.4
v 0.5 7.9 -1.5
v 0.5 8 -0.3
v 0.5 8 -0.4
v 0.5 8 -0.6
v 0.5 8 -0.7
v 0.5 8 -1
v 0.5 8 -1.1
v 0.5 8 -1.2
v 0.5 8 -1.3
v 0.5 8.2 1.3
v 0.5 8.2 1.1
v 0.5 8.2 0.9
v 0.5 8.2 0.8
v 0.5 8.2 -0.3
v 0.5 8.2 -0.4
v 0.5 8.2 -0.6
v 0.5 8.2 -0.7
v 0.5 8.2 -1
v 0.5 8.2 -1.1
v 0.5 8.2 -1.2
v 0.5 8.2 -1.3
v 0.5 8.3 0.0999997
v 0.5 8.3 -2.38419e-07
v 0.5 8.4 1.3
v 0.5 8.4 1.1
v 0.5 8.5 0.9
v 0.5 8.5 0.7
v 0.5 8.5 0.4
v 0.5 8.5 0.0999997
v 0.5 8.7 0.9
v 0.5 8.7 0.7
v 0.5 8.7 0.4
v 0.5 8.7 -2.38419e-07
v 0.6 6.5 -2.38419e-07
v 0.6 6.5 -0.1
v 0.6 6.8 -2.38419e-07
v 0.6 6.8 -0.1
v 0.6 7 -4
v 0.6 7 -4.1
v 0.6 7.2 -4
v 0.6 7.2 -4.1
v 0.6 7.5 -3.8
v 0.6 7.5 -3.9
v 0.6 7.7 0.9
v 0.6 7.7 0.8
v 0.6 7.7 -3.8
v 0.6 7.7 -3.9
v 0.6 7.9 0.9
v 0.6 7.9 0.8
v 0.6 7.9 -1.3
v 0.6 7.9 -1.4
v 0.6 8 1.3
v 0.6 8 1.2
v 0.6 8 0.4
v 0.6 8 0.3
v 0.6 8 -0.4
v 0.6 8 -0.6
v 0.6 8 -0.7
v 0.6 8 -0.8
v 0.6 8 -1.3
v 0.6 8 -1.4
v 0.6 8.1 -0.1
v 0.6 8.1 -0.2
v 0.6 8.2 1.4
v 0.6 8.2 1.3
v 0.6 8.2 1.2
v 0.6 8.2 0.8
v 0.6 8.2 0.7
v 0.6 8.2 0.4
v 0.6 8.2 0.3
v 0.6 8.2 -0.1
v 0.6 8.2 -0.2
v 0.6 8.2 -0.4
v 0.6 8.2 -0.6
v 0.6 8.2 -0.7
v 0.6 8.2 -0.8
v 0.6 8.2 -1
v 0.6 8.2 -1.3
v 0.6 8.2 -1.9
v 0.6 8.2 -2
v 0.6 8.4 1.4
v 0.6 8.4 1.3
v 0.6 8.4 1
v 0.6 8.4 0.9
v 0.6 8.4 0.8
v 0.6 8.4 0.7
v 0.6 8.4 -2
v 0.6 8.4 -2.1
v 0.6 8.4 -2.4
v 0.6 8.4 -2.6
v 0.6 8.5 1
v 0.6 8.5 0.9
v 0.6 8.5 0.7
v 0.6 8.5 0.6
v 0.6 8.5 -1
v 0.6 8.5 -1.3
v 0.6 8.5 -1.9
v 0.6 8.5 -2.1
v 0.6 8.5 -2.4
v 0.6 8.5 -2.6
v 0.6 8.7 1
v 0.6 8.7 0.9
v 0.6 8.7 0.7
v 0.6 8.7 0.6
v 0.6 8.7 0.4
v 0.6 8.7 0.2
v 0.6 8.9 1
v 0.6 8.9 0.7
v 0.6 8.9 0.4
v 0.6 8.9 0.2
v 0.7 6.1 -0.1
v 0.7 6.1 -0.2
v 0.7 6.3 -0.1
v 0.7 6.3 -0.2
v 0.7 6.4 -2.38419e-07
v 0.7 6.4 -0.1
v 0.7 6.5 -2.38419e-07
v 0.7 6.5 -0.1
v 0.7 6.8 -4.1
v 0.7 6.8 -4.2
v 0.7 7 -4.1
v 0.7 7 -4.2
v 0.7 7.5 -3.7
v 0.7 7.5 -3.8
v 0.7 7.7 -3.7
v 0.7 7.7 -3.8
v 0.7 7.9 1.4
v 0.7 7.9 0.9
v 0.7 7.9 -2.1
v 0.7 7.9 -2.3
v 0.7 8 1.3
v 0.7 8 1.2
v 0.7 8 -0.3
v 0.7 8 -0.4
v 0.7 8 -1.3
v 0.7 8 -1.4
v 0.7 8.2 1.9
v 0.7 8.2 1.6
v 0.7 8.2 1.4
v 0.7 8.2 1.3
v 0.7 8.2 1.2
v 0.7 8.2 0.9
v 0.7 8.2 -0.3
v 0.7 8.2 -0.4
v 0.7 8.2 -0.9
v 0.7 8.2 -1
v 0.7 8.2 -2
v 0.7 8.2 -2.1
v 0.7 8.2 -2.3
v 0.7 8.2 -2.4
v 0.7 8.2 -3.1
v 0.7 8.2 -3.3
v 0.7 8.3 -2.38419e-07
v 0.7 8.3 -0.1
v 0.7 8.4 1.9
v 0.7 8.4 1.6
v 0.7 8.4 1.1
v 0.7 8.4 1
v 0.7 8.4 -2.38419e-07
v 0.7 8.4 -0.1
v 0.7 8.4 -1.4
v 0.7 8.4 -2
v 0.7 8.4 -2.1
v 0.7 8.4 -2.4
v 0.7 8.4 -3.1
v 0.7 8.4 -3.3
v 0.7 8.5 1.1
v 0.7 8.5 1
v 0.7 8.5 0.9
v 0.7 8.5 0.6
v 0.7 8.5 0.4
v 0.7 8.5 0.0999997
v 0.7 8.5 -2.38419e-07
v 0.7 8.5 -0.9
v 0.7 8.5 -1
v 0.7 8.5 -1.1
v 0.7 8.5 -1.2
v 0.7 8.5 -1.3
v 0.7 8.5 -1.4
v 0.7 8.5 -2.1
v 0.7 8.5 -2.4
v 0.7 8.7 1.1
v 0.7 8.7 1
v 0.7 8.7 0.9
v 0.7 8.7 0.7
v 0.7 8.7 0.6
v 0.7 8.7 0.4
v 0.7 8.7 0.0999997
v 0.7 8.7 -2.38419e-07
v 0.7 8.7 -1.1
v 0.7 8.7 -1.2
v 0.7 8.9 1.1
v 0.7 8.9 1
v 0.7 8.9 0.8
v 0.7 8.9 0.7
v 0.7 8.9 0.6
v 0.7 9.1 0.8
v 0.7 9.1 0.7
v 0.8 7.7 -3.5
v 0.8 7.7 -3.7
v 0.8 7.9 -3.5
v 0.8 7.9 -3.7
v 0.8 8.1 -1.4
v 0.8 8.1 -1.5
v 0.8 8.2 1.3
v 0.8 8.2 1.2
v 0.8 8.2 1.1
v 0.8 8.2 1
v 0.8 8.2 -0.1
v 0.8 8.2 -0.2
v 0.8 8.2 -0.8
v 0.8 8.2 -0.9
v 0.8 8.2 -1.5
v 0.8 8.2 -1.6
v 0.8 8.2 -3
v 0.8 8.2 -3.1
v 0.8 8.4 1.2
v 0.8 8.4 1.1
v 0.8 8.4 1
v 0.8 8.4 -2.38419e-07
v 0.8 8.4 -0.1
v 0.8 8.4 -0.2
v 0.8 8.4 -3
v 0.8 8.4 -3.1
v 0.8 8.5 1.1
v 0.8 8.5 1
v 0.8 8.5 -2.38419e-07
v 0.8 8.5 -0.1
v 0.8 8.5 -0.9
v 0.8 8.5 -1.1
v 0.8 8.5 -1.4
v 0.8 8.5 -1.6
v 0.8 8.7 1.3
v 0.8 8.7 1.1
v 0.8 8.7 1
v 0.8 8.7 0.6
v 0.8 8.7 0.4
v 0.8 8.7 0.2
v 0.8 8.7 0.0999997
v 0.8 8.7 -0.8
v 0.8 8.7 -0.9
v 0.8 8.7 -1
v 0.8 8.7 -1.1
v 0.8 8.9 0.7
v 0.8 8.9 0.6
v 0.8 8.9 0.5
v 0.8 8.9 0.4
v 0.8 8.9 0.2
v 0.8 8.9 0.0999997
v 0.8 8.9 -0.9
v 0.8 8.9 -1
v 0.8 9.1 0.7
v 0.8 9.1 0.6
v 0.8 9.2 0.6
v 0.8 9.2 0.5
v 0.9 7.5 1.6
v 0.9 7.5 1.4
v 0.9 7.5 -0.7
v 0.9 7.5 -0.8
v 0.9 7.9 1.6
v 0.9 7.9 1.4
v 0.9 7.9 1.3
v 0.9 7.9 -0.7
v 0.9 7.9 -0.8
v 0.9 8 1.5
v 0.9 8 1.4
v 0.9 8 -2.38419e-07
v 0.9 8 -0.1
v 0.9 8 -1.5
v 0.9 8 -1.6
v 0.9 8.2 1.5
v 0.9 8.2 1.4
v 0.9 8.2 1.3
v 0.9 8.2 1
v 0.9 8.2 0.9
v 0.9 8.2 -2.38419e-07
v 0.9 8.2 -0.1
v 0.9 8.2 -0.6
v 0.9 8.2 -0.8
v 0.9 8.2 -1.5
v 0.9 8.2 -1.6
v 0.9 8.2 -1.7
v 0.9 8.4 1
v 0.9 8.4 0.9
v 0.9 8.4 0.6
v 0.9 8.4 0.5
v 0.9 8.4 -0.1
v 0.9 8.4 -0.2
v 0.9 8.5 0.6
v 0.9 8.5 0.5
v 0.9 8.5 -0.1
v 0.9 8.5 -0.2
v 0.9 8.5 -1.4
v 0.9 8.5 -1.6
v 0.9 8.5 -1.7
v 0.9 8.7 1.4
v 0.9 8.7 1.3
v 0.9 8.7 0.4
v 0.9 8.7 0.3
v 0.9 8.7 -0.6
v 0.9 8.7 -0.8
v 0.9 8.7 -1
v 0.9 8.7 -1.2
v 0.9 8.7 -1.4
v 0.9 8.7 -1.6
v 0.9 8.9 0.9
v 0.9 8.9 0.7
v 0.9 8.9 0.5
v 0.9 8.9 0.4
v 0.9 8.9 0.3
v 0.9 8.9 -1
v 0.9 8.9 -1.2
v 0.9 9.1 0.9
v 0.9 9.1 0.7
v 0.9 9.2 0.5
v 0.9 9.2 0.4
v 1 7.3 1.7
v 1 7.3 1.6
v 1 7.5 1.6
v 1 7.7 1.7
v 1 7.7 1.6
v 1 7.9 1.6
v 1 7.9 1.5
v 1 8 1.6
v 1 8 1.5
v 1 8 1.3
v 1 8 1.2
v 1 8.2 1.3
v 1 8.2 1.2
v 1 8.2 -0.2
v 1 8.2 -0.6
v 1 8.2 -1.7
v 1 8.2 -1.8
v 1 8.5 -2.38419e-07
v 1 8.5 -0.2
v 1 8.5 -0.4
v 1 8.5 -0.6
v 1 8.5 -1.2
v 1 8.5 -1.4
v 1 8.5 -1.6
v 1 8.5 -1.7
v 1 8.5 -1.8
v 1 8.7 1.3
v 1 8.7 1
v 1 8.7 -2.38419e-07
v 1 8.7 -0.4
v 1 8.7 -1.4
v 1 8.7 -1.6
v 1 8.7 -1.7
v 1 8.9 1.3
v 1 8.9 1
v 1 8.9 -1.1
v 1 8.9 -1.2
v 1 8.9 -1.4
v 1 9.2 -1.1
v 1 9.2 -1.2
v 1.1 7.3 1.8
v 1.1 7.3 1.7
v 1.1 7.7 1.8
v 1.1 7.7 1.7
v 1.1 7.9 1.5
v 1.1 7.9 1.4
v 1.1 8 1.6
v 1.1 8 1.5
v 1.1 8 1.4
v 1.1 8.2 1.6
v 1.1 8.2 1.5
v 1.1 8.2 1.4
v 1.1 8.2 0.9
v 1.1 8.2 0.8
v 1.1 8.2 0.0999997
v 1.1 8.2 -2.38419e-07
v 1.1 8.2 -0.6
v 1.1 8.2 -0.7
v 1.1 8.2 -1.8
v 1.1 8.2 -2
v 1.1 8.4 0.9
v 1.1 8.4 0.8
v 1.1 8.4 0.5
v 1.1 8.4 0.3
v 1.1 8.4 0.0999997
v 1.1 8.4 -2.38419e-07
v 1.1 8.5 1.5
v 1.1 8.5 1.4
v 1.1 8.5 1.3
v 1.1 8.5 0.5
v 1.1 8.5 0.3
v 1.1 8.5 -0.4
v 1.1 8.5 -0.6
v 1.1 8.5 -0.7
v 1.1 8.5 -1.7
v 1.1 8.5 -1.8
v 1.1 8.5 -2
v 1.1 8.7 1.4
v 1.1 8.7 1.3
v 1.1 8.7 -0.3
v 1.1 8.7 -0.4
v 1.1 8.7 -0.6
v 1.1 8.7 -1
v 1.1 8.7 -1.1
v 1.1 8.7 -1.4
v 1.1 8.7 -1.7
v 1.1 8.9 -0.3
v 1.1 8.9 -0.4
v 1.1 8.9 -1
v 1.1 8.9 -1.1
v 1.1 8.9 -1.2
v 1.1 8.9 -1.3
v 1.1 8.9 -1.4
v 1.1 8.9 -1.5
v 1.1 8.9 -1.8
v 1.1 9.2 -1.2
v 1.1 9.2 -1.3
v 1.1 9.2 -1.4
v 1.1 9.2 -1.5
v 1.2 7.2 1.9
v 1.2 7.2 1.8
v 1.2 7.3 1.8
v 1.2 7.5 1.9
v 1.2 7.5 1.8
v 1.2 7.7 1.7
v 1.2 7.7 1.6
v 1.2 8 1.7
v 1.2 8 1.6
v 1.2 8.2 1.2
v 1.2 8.2 1.1
v 1.2 8.2 0.8
v 1.2 8.2 0.7
v 1.2 8.2 0.2
v 1.2 8.2 0.0999997
v 1.2 8.4 1.2
v 1.2 8.4 1.1
v 1.2 8.4 0.8
v 1.2 8.4 0.7
v 1.2 8.4 0.2
v 1.2 8.4 0.0999997
v 1.2 8.5 1.5
v 1.2 8.5 1.4
v 1.2 8.5 0.2
v 1.2 8.5 0.0999997
v 1.2 8.5 -1.8
v 1.2 8.5 -1.9
v 1.2 8.7 1.5
v 1.2 8.7 1.4
v 1.2 8.7 0.2
v 1.2 8.7 0.0999997
v 1.2 8.7 -0.9
v 1.2 8.7 -1
v 1.2 8.9 -0.9
v 1.2 8.9 -1
v 1.2 8.9 -1.3
v 1.2 8.9 -1.4
v 1.2 8.9 -1.5
v 1.2 8.9 -1.6
v 1.2 8.9 -1.8
v 1.2 8.9 -1.9
v 1.2 9.2 -1.3
v 1.2 9.2 -1.4
v 1.2 9.2 -1.5
v 1.2 9.2 -1.6
v 1.3 7 1.8
v 1.3 7 1.7
v 1.3 7.2 1.8
v 1.3 7.3 1.8
v 1.3 7.3 1.7
v 1.3 7.3 1.6
v 1.3 7.7 1.8
v 1.3 7.7 1.7
v 1.3 7.7 1.6
v 1.3 7.7 1.5
v 1.3 7.7 1.4
v 1.3 7.9 1.8
v 1.3 7.9 1.7
v 1.3 8 1.5
v 1.3 8 1.4
v 1.3 8.2 1.5
v 1.3 8.2 1.4
v 1.3 8.2 0.4
v 1.3 8.2 0.3
v 1.3 8.4 0.4
v 1.3 8.4 0.3
v 1.3 8.5 1.5
v 1.3 8.5 1.4
v 1.3 8.5 0.0999997
v 1.3 8.5 -2.38419e-07
v 1.3 8.5 -0.7
v 1.3 8.5 -0.9
v 1.3 8.7 0.3
v 1.3 8.7 0.2
v 1.3 8.7 0.0999997
v 1.3 8.7 -2.38419e-07
v 1.3 8.7 -0.2
v 1.3 8.7 -0.3
v 1.3 8.7 -0.4
v 1.3 8.7 -0.5
v 1.3 8.7 -0.7
v 1.3 8.7 -0.8
v 1.3 8.9 0.4
v 1.3 8.9 0.3
v 1.3 8.9 0.2
v 1.3 8.9 -0.2
v 1.3 8.9 -0.3
v 1.3 8.9 -0.4
v 1.3 8.9 -0.5
v 1.3 8.9 -0.8
v 1.3 8.9 -0.9
v 1.3 8.9 -1.7
v 1.3 8.9 -1.9
v 1.3 9.1 0.4
v 1.3 9.1 0.3
v 1.3 9.2 -1.4
v 1.3 9.2 -1.6
v 1.3 9.2 -1.7
v 1.3 9.2 -1.9
v 1.3 9.4 -1.4
v 1.3 9.4 -1.6
v 1.4 6.8 2
v 1.4 6.8 1.9
v 1.4 7 1.9
v 1.4 7 1.8
v 1.4 7 1.7
v 1.4 7 1.6
v 1.4 7.2 1.9
v 1.4 7.2 1.8
v 1.4 7.2 1.7
v 1.4 7.2 1.6
v 1.4 7.5 2
v 1.4 7.5 1.9
v 1.4 8 1.6
v 1.4 8 1.5
v 1.4 8.2 1.1
v 1.4 8.2 1
v 1.4 8.2 0.7
v 1.4 8.2 0.6
v 1.4 8.2 -0.8
v 1.4 8.2 -0.9
v 1.4 8.4 1.6
v 1.4 8.4 1.5
v 1.4 8.4 1.1
v 1.4 8.4 1
v 1.4 8.4 0.7
v 1.4 8.4 0.6
v 1.4 8.5 -0.6
v 1.4 8.5 -0.7
v 1.4 8.5 -0.8
v 1.4 8.5 -0.9
v 1.4 8.7 0.0999997
v 1.4 8.7 -0.2
v 1.4 8.7 -0.5
v 1.4 8.7 -0.6
v 1.4 8.7 -0.7
v 1.4 8.7 -0.8
v 1.4 8.9 0.0999997
v 1.4 8.9 -0.2
v 1.4 8.9 -0.5
v 1.4 8.9 -0.6
v 1.4 8.9 -0.7
v 1.4 8.9 -0.8
v 1.4 8.9 -1
v 1.4 8.9 -1.1
v 1.4 8.9 -1.6
v 1.4 8.9 -1.7
v 1.4 9.2 -0.2
v 1.4 9.2 -0.5
v 1.4 9.2 -1
v 1.4 9.2 -1.1
v 1.4 9.2 -1.2
v 1.4 9.2 -1.4
v 1.4 9.2 -1.7
v 1.4 9.4 -1.2
v 1.4 9.4 -1.4
v 1.4 9.4 -1.6
v 1.4 9.4 -1.7
v 1.5 6.3 2.1
v 1.5 6.3 1.9
v 1.5 6.8 2.1
v 1.5 6.8 2
v 1.5 6.8 1.9
v 1.5 6.8 1.8
v 1.5 7 1.9
v 1.5 7 1.8
v 1.5 7.2 1.7
v 1.5 7.2 1.6
v 1.5 7.7 1.7
v 1.5 7.7 1.6
v 1.5 7.9 1
v 1.5 7.9 0.9
v 1.5 8 1.4
v 1.5 8 1.3
v 1.5 8.2 1.4
v 1.5 8.2 1.3
v 1.5 8.2 1
v 1.5 8.2 0.9
v 1.5 8.4 1
v 1.5 8.4 0.9
v 1.5 8.5 0.3
v 1.5 8.5 0.2
v 1.5 8.5 0.0999997
v 1.5 8.5 -2
v 1.5 8.5 -2.1
v 1.5 8.7 0.4
v 1.5 8.7 0.3
v 1.5 8.7 0.0999997
v 1.5 8.7 -1.9
v 1.5 8.7 -2
v 1.5 8.7 -2.1
v 1.5 8.9 0.4
v 1.5 8.9 0.3
v 1.5 8.9 -0.1
v 1.5 8.9 -0.2
v 1.5 9.2 -0.1
v 1.5 9.2 -0.2
v 1.5 9.2 -1.7
v 1.5 9.2 -1.8
v 1.5 9.2 -1.9
v 1.5 9.2 -2
v 1.5 9.4 -1.7
v 1.5 9.4 -1.8
v 1.6 6.7 2.2
v 1.6 6.7 2.1
v 1.6 6.8 2.2
v 1.6 6.8 2.1
v 1.6 6.8 2
v 1.6 6.8 1.8
v 1.6 6.8 1.7
v 1.6 7 2.1
v 1.6 7 2
v 1.6 7 1.8
v 1.6 7 1.7
v 1.6 7.2 1.6
v 1.6 7.2 1.5
v 1.6 7.3 1.5
v 1.6 7.3 1.4
v 1.6 7.5 1.9
v 1.6 7.5 1.8
v 1.6 7.5 1
v 1.6 7.5 0.9
v 1.6 7.7 1.9
v 1.6 7.7 1.8
v 1.6 7.7 1.6
v 1.6 7.7 1.5
v 1.6 7.9 1.8
v 1.6 7.9 1.7
v 1.6 7.9 1.6
v 1.6 7.9 1.5
v 1.6 7.9 1.4
v 1.6 7.9 1.1
v 1.6 7.9 1
v 1.6 7.9 0.9
v 1.6 7.9 0.8
v 1.6 8 1.7
v 1.6 8 1.6
v 1.6 8 1.5
v 1.6 8 1.3
v 1.6 8 1.2
v 1.6 8 1.1
v 1.6 8 1
v 1.6 8 0.9
v 1.6 8 0.8
v 1.6 8.2 1.7
v 1.6 8.2 1.6
v 1.6 8.2 1.3
v 1.6 8.2 1.2
v 1.6 8.2 0.6
v 1.6 8.2 0.5
v 1.6 8.2 -0.9
v 1.6 8.2 -1.1
v 1.6 8.4 0.6
v 1.6 8.4 0.5
v 1.6 8.5 -0.9
v 1.6 8.5 -1
v 1.6 8.5 -1.1
v 1.6 8.5 -1.2
v 1.6 8.5 -2.1
v 1.6 8.5 -2.2
v 1.6 8.7 -0.4
v 1.6 8.7 -0.5
v 1.6 8.7 -0.6
v 1.6 8.7 -0.7
v 1.6 8.7 -2.1
v 1.6 8.7 -2.2
v 1.6 8.9 -2.38419e-07
v 1.6 8.9 -0.1
v 1.6 8.9 -0.4
v 1.6 8.9 -0.5
v 1.6 8.9 -0.6
v 1.6 8.9 -0.7
v 1.6 8.9 -1
v 1.6 8.9 -1.2
v 1.6 9.2 -2.38419e-07
v 1.6 9.2 -0.1
v 1.6 9.2 -0.5
v 1.6 9.2 -0.6
v 1.6 9.2 -1.8
v 1.6 9.2 -1.9
v 1.6 9.4 -1.8
v 1.6 9.4 -1.9
v 1.7 6.3 2.2
v 1.7 6.3 2.1
v 1.7 6.3 1.9
v 1.7 6.3 1.8
v 1.7 6.5 2.3
v 1.7 6.5 2.2
v 1.7 6.7 2.3
v 1.7 6.7 2.2
v 1.7 6.7 2.1
v 1.7 6.8 1.9
v 1.7 6.8 1.8
v 1.7 7 2
v 1.7 7 1.9
v 1.7 7 1.8
v 1.7 7 1.7
v 1.7 7.2 1.8
v 1.7 7.2 1.7
v 1.7 7.3 2
v 1.7 7.3 1.9
v 1.7 7.3 1.4
v 1.7 7.3 1.3
v 1.7 7.7 1.3
v 1.7 7.7 1.2
v 1.7 7.9 1.5
v 1.7 7.9 1.4
v 1.7 7.9 1.2
v 1.7 7.9 1.1
v 1.7 8 1.5
v 1.7 8 1.2
v 1.7 8 1.1
v 1.7 8 1
v 1.7 8 0.8
v 1.7 8 0.7
v 1.7 8.2 1.1
v 1.7 8.2 1
v 1.7 8.2 0.8
v 1.7 8.2 0.7
v 1.7 8.2 0.2
v 1.7 8.2 -2.38419e-07
v 1.7 8.5 0.2
v 1.7 8.5 -2.38419e-07
v 1.7 8.7 -2
v 1.7 8.7 -2.2
v 1.7 8.9 -2.1
v 1.7 8.9 -2.2
v 1.7 9.2 -0.3
v 1.7 9.2 -0.5
v 1.7 9.2 -2
v 1.7 9.2 -2.1
v 1.7 9.4 -0.3
v 1.7 9.4 -0.5
v 1.8 6.3 1.8
v 1.8 6.3 1.7
v 1.8 6.8 2.1
v 1.8 6.8 2
v 1.8 6.8 1.8
v 1.8 6.8 1.7
v 1.8 7 2.1
v 1.8 7 2
v 1.8 7.2 1.5
v 1.8 7.2 1.4
v 1.8 7.3 1.5
v 1.8 7.3 1.4
v 1.8 7.3 1.3
v 1.8 7.3 1.2
v 1.8 7.7 1.3
v 1.8 7.7 1.2
v 1.8 7.7 1.1
v 1.8 7.9 1.2
v 1.8 7.9 1.1
v 1.8 8.7 -0.7
v 1.8 8.7 -0.8
v 1.8 8.7 -1.2
v 1.8 8.7 -1.7
v 1.8 8.9 -0.7
v 1.8 8.9 -0.8
v 1.8 8.9 -1.2
v 1.8 8.9 -1.7
v 1.8 9.2 -0.1
v 1.8 9.2 -0.3
v 1.8 9.2 -0.5
v 1.8 9.2 -0.6
v 1.8 9.2 -1.8
v 1.8 9.2 -1.9
v 1.8 9.4 -0.1
v 1.8 9.4 -0.3
v 1.8 9.4 -0.5
v 1.8 9.4 -0.6
v 1.8 9.4 -1.8
v 1.8 9.4 -1.9
v 1.9 6.1 2.3
v 1.9 6.1 2
v 1.9 6.3 2.1
v 1.9 6.3 2
v 1.9 6.5 2.2
v 1.9 6.5 2.1
v 1.9 6.7 2.3
v 1.9 6.7 2.2
v 1.9 6.8 1.7
v 1.9 6.8 1.6
v 1.9 7 1.7
v 1.9 7 1.6
v 1.9 7.2 1.4
v 1.9 7.2 1.3
v 1.9 7.3 1.4
v 1.9 7.3 1.3
v 1.9 7.3 1.2
v 1.9 7.3 1.1
v 1.9 7.7 1.2
v 1.9 7.7 1.1
v 1.9 7.7 1
v 1.9 7.9 1.1
v 1.9 7.9 1
v 1.9 8.5 -2
v 1.9 8.5 -2.3
v 1.9 8.7 -2
v 1.9 8.7 -2.2
v 1.9 8.7 -2.3
v 1.9 8.7 -2.4
v 1.9 8.9 -0.6
v 1.9 8.9 -0.7
v 1.9 8.9 -2.1
v 1.9 8.9 -2.2
v 1.9 8.9 -2.3
v 1.9 8.9 -2.4
v 1.9 9.2 -0.6
v 1.9 9.2 -0.7
v 1.9 9.2 -2.1
v 1.9 9.2 -2.3
v 2 6.1 2
v 2 6.1 1.9
v 2 6.3 2
v 2 6.3 1.9
v 2 6.7 1.7
v 2 6.7 1.6
v 2 6.8 1.7
v 2 6.8 1.6
v 2 6.8 1.5
v 2 7 1.7
v 2 7 1.6
v 2 7 1.5
v 2 7.2 1.7
v 2 7.2 1.6
v 2 8.2 -2.2
v 2 8.2 -2.4
v 2 8.5 -2.2
v 2 8.5 -2.3
v 2 8.7 0.3
v 2 8.7 0.0999997
v 2 8.7 -2.38419e-07
v 2 8.7 -0.1
v 2 8.7 -2.3
v 2 8.7 -2.4
v 2 8.9 0.3
v 2 8.9 0.0999997
v 2 8.9 -2.38419e-07
v 2 8.9 -0.1
v 2 8.9 -0.7
v 2 8.9 -0.8
v 2 9.2 -0.7
v 2 9.2 -0.8
v 2.1 6 2.2
v 2.1 6 2
v 2.1 6.1 2.3
v 2.1 6.1 2.2
v 2.1 6.1 2
v 2.1 6.5 2.3
v 2.1 6.5 2.2
v 2.1 8.2 -2
v 2.1 8.2 -2.2
v 2.1 8.2 -2.4
v 2.1 8.2 -2.5
v 2.1 8.5 -1.9
v 2.1 8.5 -2
v 2.1 8.5 -2.2
v 2.1 8.7 -1.9
v 2.1 8.7 -2
v 2.1 8.7 -2.4
v 2.1 8.7 -2.5
v 2.1 8.9 -1.1
v 2.1 8.9 -1.4
v 2.1 9.2 -1.1
v 2.1 9.2 -1.4
v 2.2 5.8 2.3
v 2.2 5.8 2.1
v 2.2 6 2.3
v 2.2 6 2.2
v 2.2 6 2.1
v 2.2 6 2
v 2.2 6 1.9
v 2.2 6.1 2
v 2.2 6.1 1.9
v 2.2 6.5 1.9
v 2.2 6.5 1.8
v 2.2 6.7 1.9
v 2.2 6.7 1.8
v 2.2 8 -2.2
v 2.2 8 -2.3
v 2.2 8.2 -2.2
v 2.2 8.2 -2.3
v 2.2 8.5 -0.8
v 2.2 8.5 -0.9
v 2.2 8.5 -1.8
v 2.2 8.5 -1.9
v 2.2 8.7 -0.1
v 2.2 8.7 -0.5
v 2.2 8.7 -0.8
v 2.2 8.7 -0.9
v 2.2 8.7 -1.8
v 2.2 8.7 -1.9
v 2.2 8.9 -0.1
v 2.2 8.9 -0.5
v 2.2 9.2 -2.38419e-07
v 2.2 9.2 -0.1
v 2.2 9.4 -2.38419e-07
v 2.2 9.4 -0.1
v 2.3 8 -2.5
v 2.3 8 -2.6
v 2.3 8.2 -1.9
v 2.3 8.2 -2
v 2.3 8.2 -2.5
v 2.3 8.2 -2.6
v 2.3 8.5 -1.4
v 2.3 8.5 -1.5
v 2.3 8.5 -1.9
v 2.3 8.5 -2
v 2.3 8.7 -1.3
v 2.3 8.7 -1.4
v 2.3 8.7 -1.5
v 2.3 8.9 0.3
v 2.3 8.9 -2.38419e-07
v 2.3 8.9 -1.3
v 2.3 8.9 -1.4
v 2.3 8.9 -1.9
v 2.3 8.9 -2
v 2.3 9.2 0.3
v 2.3 9.2 -2.38419e-07
v 2.3 9.2 -1.9
v 2.3 9.2 -2
v 2.4 7.9 -2.3
v 2.4 7.9 -2.5
v 2.4 8 -2.3
v 2.4 8 -2.5
v 2.4 8.2 -1.8
v 2.4 8.2 -1.9
v 2.4 8.2 -2.3
v 2.4 8.2 -2.4
v 2.4 8.2 -2.5
v 2.4 8.5 -1.5
v 2.4 8.5 -1.8
v 2.4 8.5 -1.9
v 2.4 8.7 -1.5
v 2.4 8.7 -1.8
v 2.4 8.7 -2.1
v 2.4 8.7 -2.2
v 2.4 8.9 0.4
v 2.4 8.9 0.3
v 2.4 8.9 -1.1
v 2.4 8.9 -1.2
v 2.4 8.9 -2.1
v 2.4 8.9 -2.2
v 2.4 9.2 0.4
v 2.4 9.2 0.3
v 2.4 9.2 -1.1
v 2.4 9.2 -1.2
v 2.5 8 -2.2
v 2.5 8 -2.3
v 2.5 8.2 -1.7
v 2.5 8.2 -1.8
v 2.5 8.2 -2.2
v 2.5 8.2 -2.3
v 2.5 8.5 -0.5
v 2.5 8.5 -0.6
v 2.5 8.5 -1.7
v 2.5 8.5 -1.8
v 2.5 8.7 0.2
v 2.5 8.7 0.0999997
v 2.5 8.7 -0.5
v 2.5 8.7 -0.6
v 2.5 8.9 0.2
v 2.5 8.9 0.0999997
v 2.5 8.9 -1.4
v 2.5 8.9 -1.5
v 2.5 9.2 -1.4
v 2.5 9.2 -1.5
v 2.6 7.9 -2.4
v 2.6 7.9 -2.6
v 2.6 8 -2.4
v 2.6 8 -2.6
v 2.6 8.2 -1.6
v 2.6 8.2 -1.7
v 2.6 8.2 -2.3
v 2.6 8.2 -2.4
v 2.6 8.5 0.2
v 2.6 8.5 0.0999997
v 2.6 8.5 -0.4
v 2.6 8.5 -0.5
v 2.6 8.5 -0.6
v 2.6 8.5 -0.7
v 2.6 8.5 -1.6
v 2.6 8.5 -1.7
v 2.6 8.5 -2.3
v 2.6 8.5 -2.4
v 2.6 8.7 0.3
v 2.6 8.7 0.2
v 2.6 8.7 0.0999997
v 2.6 8.7 -0.4
v 2.6 8.7 -0.5
v 2.6 8.7 -0.6
v 2.6 8.7 -0.7
v 2.6 8.9 0.3
v 2.6 8.9 0.2
v 2.7 7.3 -2.5
v 2.7 7.3 -2.6
v 2.7 7.9 -2.5
v 2.7 7.9 -2.6
v 2.7 8.5 0.3
v 2.7 8.5 0.2
v 2.7 8.5 0.0999997
v 2.7 8.5 -2.38419e-07
v 2.7 8.5 -0.2
v 2.7 8.5 -0.3
v 2.7 8.7 0.3
v 2.7 8.7 0.2
v 2.7 8.7 0.0999997
v 2.7 8.7 -2.38419e-07
v 2.7 8.7 -0.2
v 2.7 8.7 -0.3
v 2.8 7.9 -2
v 2.8 7.9 -2.1
v 2.8 8 -1.7
v 2.8 8 -1.8
v 2.8 8 -2.1
v 2.8 8 -2.2
v 2.8 8.2 -0.4
v 2.8 8.2 -0.8
v 2.8 8.2 -1.6
v 2.8 8.2 -1.7
v 2.8 8.2 -1.8
v 2.8 8.2 -2
v 2.8 8.2 -2.2
v 2.8 8.5 -0.1
v 2.8 8.5 -0.2
v 2.8 8.5 -0.3
v 2.8 8.5 -0.4
v 2.8 8.5 -0.7
v 2.8 8.5 -1.6
v 2.8 8.5 -1.8
v 2.8 8.7 -0.1
v 2.8 8.7 -0.2
v 2.8 8.7 -0.3
v 2.8 8.7 -0.4
v 2.8 8.7 -0.7
v 2.8 8.7 -0.8
v 2.9 7.2 -2.6
v 2.9 7.2 -2.7
v 2.9 7.3 -2.4
v 2.9 7.3 -2.5
v 2.9 7.3 -2.6
v 2.9 7.5 -2.2
v 2.9 7.5 -2.4
v 2.9 7.5 -2.6
v 2.9 7.5 -2.7
v 2.9 7.9 -1.8
v 2.9 7.9 -2
v 2.9 7.9 -2.1
v 2.9 7.9 -2.2
v 2.9 7.9 -2.3
v 2.9 7.9 -2.5
v 2.9 8 -1.8
v 2.9 8 -2.1
v 2.9 8 -2.3
v 2.9 8.2 0.2
v 2.9 8.2 -0.4
v 2.9 8.2 -1.8
v 2.9 8.2 -2
v 2.9 8.5 0.2
v 2.9 8.5 -2.38419e-07
v 2.9 8.5 -0.1
v 2.9 8.5 -0.4
v 2.9 8.7 -2.38419e-07
v 2.9 8.7 -0.1
v 3 7.2 -2.5
v 3 7.2 -2.6
v 3 7.3 -2.2
v 3 7.3 -2.4
v 3 7.3 -2.5
v 3 7.3 -2.6
v 3 7.5 -2.2
v 3 7.5 -2.4
v 3 8 -0.5
v 3 8 -0.6
v 3 8.2 -0.5
v 3 8.2 -0.6
v 3 8.7 -0.5
v 3 8.7 -0.6
v 3 8.9 -0.5
v 3 8.9 -0.6
v 3.1 7.2 -2.4
v 3.1 7.2 -2.5
v 3.1 7.3 -2.1
v 3.1 7.3 -2.2
v 3.1 7.3 -2.4
v 3.1 7.3 -2.5
v 3.1 7.7 -2
v 3.1 7.7 -2.1
v 3.1 7.9 -2
v 3.1 7.9 -2.2
v 3.1 8 0.2
v 3.1 8 0.0999997
v 3.1 8 -0.4
v 3.1 8 -0.5
v 3.1 8.2 0.3
v 3.1 8.2 0.2
v 3.1 8.2 0.0999997
v 3.1 8.2 -0.4
v 3.1 8.2 -0.5
v 3.1 8.5 0.3
v 3.1 8.5 0.2
v 3.2 7.2 -2.6
v 3.2 7.2 -2.7
v 3.2 7.4 -2.6
v 3.2 7.4 -2.7
v 3.2 7.9 -0.4
v 3.2 7.9 -0.6
v 3.2 8 -0.3
v 3.2 8 -0.4
v 3.2 8 -0.6
v 3.2 8 -0.7
v 3.2 8.2 -0.3
v 3.2 8.2 -0.4
v 3.2 8.2 -0.6
v 3.2 8.2 -0.7
v 3.3 7 -2.4
v 3.3 7 -2.7
v 3.3 7.2 -2.4
v 3.3 7.2 -2.7
v 3.3 7.9 0.0999997
v 3.3 7.9 -2.38419e-07
v 3.3 7.9 -0.3
v 3.3 7.9 -0.4
v 3.3 8 0.3
v 3.3 8 0.2
v 3.3 8 0.0999997
v 3.3 8 -2.38419e-07
v 3.3 8 -0.3
v 3.3 8 -0.4
v 3.3 8.2 0.3
v 3.3 8.2 0.2
v 3.3 8.2 0.0999997
v 3.3 8.2 -0.3
v 3.4 6.8 -2.7
v 3.4 6.8 -2.8
v 3.4 7 -2.7
v 3.4 7.2 -2.7
v 3.4 7.2 -2.8
v 3.4 7.9 -2.38419e-07
v 3.4 7.9 -0.1
v 3.4 7.9 -0.2
v 3.4 7.9 -0.3
v 3.4 8 -2.38419e-07
v 3.4 8 -0.1
v 3.4 8 -0.2
v 3.4 8 -0.3
v 3.5 7.9 -0.1
v 3.5 7.9 -0.2
v 3.5 8 -0.1
v 3.5 8 -0.2
v 3.6 7.3 0.0999997
v 3.6 7.3 -0.1
v 3.6 7.3 -0.2
v 3.6 7.3 -0.5
v 3.6 7.5 -0.1
v 3.6 7.5 -0.2
v 3.6 7.9 0.0999997
v 3.6 7.9 -0.5
v 3.7 7.2 0.0999997
v 3.7 7.2 -2.38419e-07
v 3.7 7.2 -0.4
v 3.7 7.2 -0.5
v 3.7 7.3 0.0999997
v 3.7 7.3 -2.38419e-07
v 3.7 7.3 -0.1
v 3.7 7.3 -0.2
v 3.7 7.3 -0.4
v 3.7 7.3 -0.5
v 3.7 7.5 -0.1
v 3.7 7.5 -0.2
v 3.8 7.2 -2.38419e-07
v 3.8 7.2 -0.4
v 3.8 7.3 -2.38419e-07
v 3.8 7.3 -0.4
v 4 7 -2.38419e-07
v 4 7 -0.3
v 4 7.2 -2.38419e-07
v 4 7.2 -0.3
v 4.1 6.8 -0.1
v 4.1 6.8 -0.2
v 4.1 7 -0.1
v 4.1 7 -0.2
v -3.5 7.3 -0.6
v -3.5 7.3 -0.8
v -3.5 7.5 -0.6
v -3.5 7.5 -0.8
v -3.2 7.5 -0.5
v -3.2 7.5 -0.6
v -3.2 7.9 -0.5
v -3.2 7.9 -0.6
v -3 7.5 -0.6
v -3 7.5 -1.1
v -3 7.9 -0.3
v -3 7.9 -0.6
v -3 7.9 -0.7
v -3 7.9 -1.1
v -3 8 -0.3
v -3 8 -0.5
v -3 8 -0.6
v -3 8 -0.7
v -3 8.2 -0.5
v -3 8.2 -0.6
v -2.9 7.9 -0.7
v -2.9 7.9 -1.1
v -2.9 8 -0.3
v -2.9 8 -0.5
v -2.9 8 -0.7
v -2.9 8 -1.1
v -2.9 8.2 -0.3
v -2.9 8.2 -0.5
v -2.8 6.5 2.2
v -2.8 6.5 2
v -2.8 6.7 2.2
v -2.8 6.7 2
v -2.8 8 -0.6
v -2.8 8 -0.9
v -2.8 8.2 -0.6
v -2.8 8.2 -0.9
v -2.7 6.7 2
v -2.7 6.7 1.9
v -2.7 6.8 2
v -2.7 6.8 1.9
v -2.6 6.7 2.2
v -2.6 6.7 2
v -2.6 6.8 2.2
v -2.6 6.8 2.1
v -2.6 6.8 2
v -2.6 8 -0.9
v -2.6 8 -1
v -2.6 8.2 -0.7
v -2.6 8.2 -0.9
v -2.6 8.2 -1
v -2.6 8.5 -0.7
v -2.6 8.5 -0.9
v -2.5 6.8 1.5
v -2.5 6.8 1.4
v -2.5 7.2 1.5
v -2.5 7.2 1.4
v -2.5 7.2 1.3
v -2.5 7.3 1.4
v -2.5 7.3 1.3
v -2.5 8 -1
v -2.5 8 -1.1
v -2.5 8.2 -0.1
v -2.5 8.2 -0.7
v -2.5 8.2 -0.9
v -2.5 8.2 -1
v -2.5 8.2 -1.1
v -2.5 8.5 -0.1
v -2.5 8.5 -0.4
v -2.5 8.5 -0.7
v -2.5 8.5 -0.9
v -2.5 8.5 -1.1
v -2.5 8.7 -0.7
v -2.5 8.7 -0.8
v -2.5 8.9 -0.4
v -2.5 8.9 -0.8
v -2.4 6.8 2.1
v -2.4 6.8 2
v -2.4 6.8 1.9
v -2.4 6.8 1.8
v -2.4 6.8 1.6
v -2.4 6.8 1.5
v -2.4 7.2 2.2
v -2.4 7.2 2.1
v -2.4 7.2 2
v -2.4 7.2 1.9
v -2.4 7.2 1.8
v -2.4 7.2 1.7
v -2.4 7.2 1.6
v -2.4 7.2 1.5
v -2.4 7.2 1.4
v -2.4 7.3 2.2
v -2.4 7.3 2.1
v -2.4 7.3 2
v -2.4 7.3 1.7
v -2.4 7.3 1.6
v -2.4 7.3 1.5
v -2.4 7.3 1.4
v -2.4 7.3 1.3
v -2.4 7.5 2.1
v -2.4 7.5 2
v -2.4 7.5 1.4
v -2.4 7.5 1.3
v -2.4 8.5 -0.3
v -2.4 8.5 -0.4
v -2.4 8.5 -0.7
v -2.4 8.5 -0.8
v -2.4 8.7 -0.3
v -2.4 8.7 -0.4
v -2.4 8.7 -0.7
v -2.4 8.7 -0.8
v -2.3 6.8 2
v -2.3 6.8 1.9
v -2.3 6.8 1.8
v -2.3 6.8 1.6
v -2.3 7.2 2
v -2.3 7.2 1.9
v -2.3 7.2 1.8
v -2.3 7.2 1.7
v -2.3 7.2 1.6
v -2.3 7.2 1.5
v -2.3 7.3 2
v -2.3 7.3 1.9
v -2.3 7.3 1.7
v -2.3 7.3 1.6
v -2.3 7.3 1.5
v -2.3 7.3 1.4
v -2.3 7.3 1.3
v -2.3 7.3 1.1
v -2.3 7.5 2
v -2.3 7.5 1.9
v -2.3 7.5 1.4
v -2.3 7.5 1.3
v -2.3 7.5 1.1
v -2.3 7.5 0.9
v -2.3 7.7 1.8
v -2.3 7.7 1.6
v -2.3 7.7 1.5
v -2.3 7.7 1.1
v -2.3 7.7 1
v -2.3 7.7 0.9
v -2.3 8 1.1
v -2.3 8 1
v -2.3 8.5 -0.8
v -2.3 8.5 -0.9
v -2.3 8.7 -0.3
v -2.3 8.7 -0.4
v -2.3 8.7 -0.8
v -2.3 8.7 -0.9
v -2.3 8.9 -0.3
v -2.3 8.9 -0.4
v -2.2 7.2 2.1
v -2.2 7.2 1.8
v -2.2 7.3 2.1
v -2.2 7.3 2
v -2.2 7.3 1.9
v -2.2 7.3 1.6
v -2.2 7.3 1.5
v -2.2 7.5 1.9
v -2.2 7.5 1.8
v -2.2 7.7 1.6
v -2.2 7.7 1.5
v -2.2 7.7 1.3
v -2.2 7.7 1.1
v -2.2 7.7 1
v -2.2 7.7 0.9
v -2.2 8 1.3
v -2.2 8 1.1
v -2.2 8 1
v -2.2 8 0.9
v -2.2 8.2 1.3
v -2.2 8.2 1.2
v -2.2 8.2 -0.1
v -2.2 8.2 -0.2
v -2.2 8.4 1.3
v -2.2 8.4 1.2
v -2.2 8.5 -0.1
v -2.2 8.5 -0.2
v -2.2 8.7 -0.7
v -2.2 8.7 -0.8
v -2.2 8.9 -0.7
v -2.2 8.9 -0.8
v -2.1 7.3 2
v -2.1 7.3 1.9
v -2.1 7.5 1.9
v -2.1 7.5 1.8
v -2.1 7.7 2
v -2.1 7.7 1.9
v -2.1 7.7 1.8
v -2.1 7.7 0.9
v -2.1 7.7 0.8
v -2.1 8 0.9
v -2.1 8 0.8
v -2.1 8.2 1.6
v -2.1 8.2 1.5
v -2.1 8.2 1.4
v -2.1 8.2 1.3
v -2.1 8.2 -0.2
v -2.1 8.2 -0.3
v -2.1 8.4 1.6
v -2.1 8.4 1.5
v -2.1 8.4 1.4
v -2.1 8.4 1.3
v -2.1 8.5 -0.2
v -2.1 8.5 -0.3
v -2.1 8.5 -0.9
v -2.1 8.5 -1
v -2.1 8.7 -0.9
v -2.1 8.7 -1
v -2 7.2 -3.2
v -2 7.2 -3.3
v -2 7.2 -3.5
v -2 7.2 -3.6
v -2 7.3 -3.2
v -2 7.3 -3.3
v -2 7.3 -3.5
v -2 7.3 -3.6
v -2 7.7 1.4
v -2 7.7 1.3
v -2 7.7 0.8
v -2 7.7 0.7
v -2 8 1.9
v -2 8 1.8
v -2 8 1.3
v -2 8 1
v -2 8 0.8
v -2 8 0.7
v -2 8.2 1.9
v -2 8.2 1.8
v -2 8.2 1.5
v -2 8.2 1.4
v -2 8.2 1.2
v -2 8.2 1
v -2 8.2 -1.1
v -2 8.2 -1.2
v -2 8.4 1.5
v -2 8.4 1.4
v -2 8.5 -2.38419e-07
v -2 8.5 -0.3
v -2 8.5 -1
v -2 8.5 -1.1
v -2 8.5 -1.2
v -2 8.7 -2.38419e-07
v -2 8.7 -0.3
v -2 8.7 -1
v -2 8.7 -1.1
v -1.9 7.1 -3.5
v -1.9 7.1 -3.6
v -1.9 7.2 -3.5
v -1.9 7.2 -3.6
v -1.9 7.5 -3
v -1.9 7.5 -3.1
v -1.9 7.7 1.5
v -1.9 7.7 1.4
v -1.9 7.7 0.7
v -1.9 7.7 0.6
v -1.9 7.9 -3
v -1.9 7.9 -3.1
v -1.9 7.9 -3.2
v -1.9 7.9 -3.3
v -1.9 8 1
v -1.9 8 0.7
v -1.9 8 0.6
v -1.9 8 -3.2
v -1.9 8 -3.3
v -1.9 8.2 1.5
v -1.9 8.2 1.4
v -1.9 8.2 1.2
v -1.9 8.2 1
v -1.9 8.2 0.9
v -1.9 8.2 0.7
v -1.9 8.4 1.2
v -1.9 8.4 0.9
v -1.8 7.2 -3.3
v -1.8 7.2 -3.5
v -1.8 7.3 -3.1
v -1.8 7.3 -3.3
v -1.8 7.3 -3.4
v -1.8 7.5 -3.2
v -1.8 7.5 -3.3
v -1.8 7.5 -3.4
v -1.8 7.5 -3.5
v -1.8 7.7 1.6
v -1.8 7.7 1.5
v -1.8 7.9 -3.1
v -1.8 7.9 -3.2
v -1.8 8 1.8
v -1.8 8 1.7
v -1.8 8 1.6
v -1.8 8 1.5
v -1.8 8.2 1.8
v -1.8 8.2 1.7
v -1.8 8.2 1.6
v -1.8 8.2 0.9
v -1.8 8.2 0.8
v -1.8 8.4 1.7
v -1.8 8.4 1.6
v -1.8 8.4 0.9
v -1.8 8.4 0.8
v -1.7 7.5 -3.2
v -1.7 7.5 -3.3
v -1.7 7.7 1.9
v -1.7 7.7 1.6
v -1.7 7.9 1.8
v -1.7 7.9 1.7
v -1.7 7.9 -2.6
v -1.7 7.9 -3.1
v -1.7 7.9 -3.2
v -1.7 7.9 -3.3
v -1.7 8 1.9
v -1.7 8 1.8
v -1.7 8 1.6
v -1.7 8 1.5
v -1.7 8 0.5
v -1.7 8 0.4
v -1.7 8 -2.5
v -1.7 8 -2.6
v -1.7 8 -2.8
v -1.7 8 -2.9
v -1.7 8 -3.1
v -1.7 8.2 1.7
v -1.7 8.2 1.5
v -1.7 8.2 0.8
v -1.7 8.2 0.5
v -1.7 8.2 -2.5
v -1.7 8.2 -2.6
v -1.7 8.2 -2.8
v -1.7 8.2 -2.9
v -1.7 8.2 -3
v -1.7 8.2 -3.1
v -1.7 8.4 1.4
v -1.7 8.4 0.8
v -1.7 8.4 0.4
v -1.7 8.5 1.5
v -1.7 8.5 1.4
v -1.7 8.5 0.8
v -1.7 8.5 0.5
v -1.7 8.5 0.4
v -1.7 8.5 -3
v -1.7 8.5 -3.1
v -1.7 8.7 1.5
v -1.7 8.7 1.4
v -1.7 8.7 0.5
v -1.7 8.7 0.4
v -1.7 8.7 -2.38419e-07
v -1.7 8.7 -0.2
v -1.7 8.9 -2.38419e-07
v -1.7 8.9 -0.2
v -1.7 9.2 -0.8
v -1.7 9.2 -0.9
v -1.7 9.4 -0.8
v -1.7 9.4 -0.9
v -1.6 7.3 -3.3
v -1.6 7.3 -3.4
v -1.6 7.9 1.8
v -1.6 7.9 1.7
v -1.6 7.9 -3.3
v -1.6 7.9 -3.4
v -1.6 8 -2.6
v -1.6 8 -2.8
v -1.6 8 -3.2
v -1.6 8 -3.3
v -1.6 8.2 1.8
v -1.6 8.2 1.7
v -1.6 8.2 -2.2
v -1.6 8.2 -2.3
v -1.6 8.2 -2.6
v -1.6 8.2 -2.8
v -1.6 8.2 -3.2
v -1.6 8.2 -3.3
v -1.6 8.4 1.6
v -1.6 8.4 1.5
v -1.6 8.5 1.6
v -1.6 8.5 1.5
v -1.6 8.5 1.4
v -1.6 8.5 1.3
v -1.6 8.5 -2.2
v -1.6 8.5 -2.3
v -1.6 8.9 1.4
v -1.6 8.9 1.3
v -1.6 8.9 1.2
v -1.6 8.9 0.7
v -1.6 8.9 0.6
v -1.6 8.9 -1
v -1.6 8.9 -1.1
v -1.6 9.1 1.3
v -1.6 9.1 1.2
v -1.6 9.1 0.7
v -1.6 9.1 0.6
v -1.6 9.2 -1
v -1.6 9.2 -1.1
v -1.5 7.9 -3.2
v -1.5 7.9 -3.3
v -1.5 8 -2.9
v -1.5 8 -3
v -1.5 8 -3.2
v -1.5 8 -3.3
v -1.5 8.2 1.7
v -1.5 8.2 1.6
v -1.5 8.2 -2.3
v -1.5 8.2 -2.4
v -1.5 8.2 -2.9
v -1.5 8.2 -3
v -1.5 8.4 1.7
v -1.5 8.4 1.6
v -1.5 8.4 1.5
v -1.5 8.4 1.4
v -1.5 8.5 1.5
v -1.5 8.5 1.4
v -1.5 8.5 1.3
v -1.5 8.5 1.2
v -1.5 8.5 -1.1
v -1.5 8.5 -1.2
v -1.5 8.5 -1.8
v -1.5 8.5 -1.9
v -1.5 8.5 -2.3
v -1.5 8.5 -2.4
v -1.5 8.7 -1.1
v -1.5 8.7 -1.2
v -1.5 8.7 -1.8
v -1.5 8.7 -1.9
v -1.5 8.9 1.3
v -1.5 8.9 1.2
v -1.5 8.9 1.1
v -1.5 9.1 1.2
v -1.5 9.1 1.1
v -1.5 9.2 -0.7
v -1.5 9.2 -0.8
v -1.5 9.4 -0.7
v -1.5 9.4 -0.8
v -1.4 7.9 1.6
v -1.4 7.9 1.3
v -1.4 7.9 -3.1
v -1.4 7.9 -3.2
v -1.4 8 -3
v -1.4 8 -3.1
v -1.4 8 -3.2
v -1.4 8.2 1.6
v -1.4 8.2 1.4
v -1.4 8.2 0.6
v -1.4 8.2 0.5
v -1.4 8.2 -2.4
v -1.4 8.2 -2.6
v -1.4 8.2 -3
v -1.4 8.2 -3.1
v -1.4 8.4 1.4
v -1.4 8.4 1.3
v -1.4 8.4 0.6
v -1.4 8.4 0.5
v -1.4 8.5 -1.7
v -1.4 8.5 -1.8
v -1.4 8.5 -2.3
v -1.4 8.5 -2.4
v -1.4 8.5 -2.5
v -1.4 8.5 -2.6
v -1.4 8.7 -1.7
v -1.4 8.7 -1.8
v -1.4 8.7 -2.3
v -1.4 8.7 -2.5
v -1.4 8.9 0.0999997
v -1.4 8.9 -2.38419e-07
v -1.4 9.2 0.0999997
v -1.4 9.2 -2.38419e-07
v -1.3 8 -3.1
v -1.3 8 -3.2
v -1.3 8.2 -2.6
v -1.3 8.2 -2.7
v -1.3 8.2 -3.1
v -1.3 8.2 -3.2
v -1.3 8.5 1.2
v -1.3 8.5 1.1
v -1.3 8.5 0.3
v -1.3 8.5 0.2
v -1.3 8.5 -2.1
v -1.3 8.5 -2.3
v -1.3 8.5 -2.6
v -1.3 8.5 -2.7
v -1.3 8.7 -2.1
v -1.3 8.7 -2.3
v -1.3 8.7 -2.8
v -1.3 8.7 -2.9
v -1.3 8.9 1.2
v -1.3 8.9 1.1
v -1.3 8.9 0.3
v -1.3 8.9 0.2
v -1.3 8.9 -2.38419e-07
v -1.3 8.9 -0.2
v -1.3 8.9 -2.8
v -1.3 8.9 -2.9
v -1.3 9.2 -2.38419e-07
v -1.3 9.2 -0.2
v -1.3 9.2 -0.3
v -1.3 9.2 -0.4
v -1.3 9.2 -0.6
v -1.3 9.2 -0.7
v -1.3 9.4 -0.3
v -1.3 9.4 -0.4
v -1.3 9.4 -0.6
v -1.3 9.4 -0.7
v -1.2 8 -3
v -1.2 8 -3.1
v -1.2 8 -3.2
v -1.2 8 -3.3
v -1.2 8.2 1.6
v -1.2 8.2 1.4
v -1.2 8.2 -2.7
v -1.2 8.2 -2.8
v -1.2 8.2 -3
v -1.2 8.2 -3.1
v -1.2 8.2 -3.2
v -1.2 8.2 -3.3
v -1.2 8.4 1.6
v -1.2 8.4 1.5
v -1.2 8.4 1.4
v -1.2 8.4 1.2
v -1.2 8.4 1.1
v -1.2 8.4 0.3
v -1.2 8.4 0.2
v -1.2 8.5 1.5
v -1.2 8.5 1.4
v -1.2 8.5 1.2
v -1.2 8.5 1.1
v -1.2 8.5 0.3
v -1.2 8.5 0.2
v -1.2 8.5 -2.4
v -1.2 8.5 -2.7
v -1.2 8.5 -2.8
v -1.2 8.7 0.4
v -1.2 8.7 0.3
v -1.2 8.7 -1
v -1.2 8.7 -1.1
v -1.2 8.7 -2.4
v -1.2 8.7 -2.7
v -1.2 8.9 0.4
v -1.2 8.9 0.3
v -1.2 8.9 -0.2
v -1.2 8.9 -0.3
v -1.2 8.9 -0.6
v -1.2 8.9 -1
v -1.2 8.9 -1.1
v -1.2 9.2 -0.2
v -1.2 9.2 -0.3
v -1.2 9.2 -0.6
v -1.2 9.2 -1
v -1.2 9.2 -2.6
v -1.2 9.2 -2.7
v -1.2 9.4 -2.6
v -1.2 9.4 -2.7
v -1.1 7.9 0.3
v -1.1 7.9 -2.38419e-07
v -1.1 8 0.3
v -1.1 8 -2.38419e-07
v -1.1 8.2 0.5
v -1.1 8.2 0.4
v -1.1 8.2 -1.4
v -1.1 8.2 -1.5
v -1.1 8.2 -2.9
v -1.1 8.2 -3.2
v -1.1 8.4 1.4
v -1.1 8.4 1.2
v -1.1 8.4 1.1
v -1.1 8.4 0.6
v -1.1 8.4 0.5
v -1.1 8.4 0.4
v -1.1 8.5 1
v -1.1 8.5 0.6
v -1.1 8.5 -1.4
v -1.1 8.5 -1.5
v -1.1 8.5 -1.6
v -1.1 8.5 -2.9
v -1.1 8.5 -3.1
v -1.1 8.5 -3.2
v -1.1 8.7 1.4
v -1.1 8.7 1.3
v -1.1 8.7 1.2
v -1.1 8.7 1.1
v -1.1 8.7 1
v -1.1 8.7 0.5
v -1.1 8.7 0.4
v -1.1 8.7 -2.38419e-07
v -1.1 8.7 -0.3
v -1.1 8.7 -0.7
v -1.1 8.7 -1
v -1.1 8.7 -1.5
v -1.1 8.7 -1.6
v -1.1 8.7 -1.8
v -1.1 8.7 -1.9
v -1.1 8.9 -2.38419e-07
v -1.1 8.9 -0.3
v -1.1 8.9 -0.5
v -1.1 8.9 -0.7
v -1.1 8.9 -1
v -1.1 8.9 -1.8
v -1.1 8.9 -1.9
v -1.1 9.1 1
v -1.1 9.1 0.9
v -1.1 9.1 0.5
v -1.1 9.1 0.4
v -1.1 9.2 1
v -1.1 9.2 0.9
v -1.1 9.2 -0.3
v -1.1 9.2 -0.4
v -1.1 9.2 -0.5
v -1.1 9.2 -0.6
v -1.1 9.4 -0.4
v -1.1 9.4 -0.6
v -1 8.2 -1.3
v -1 8.2 -1.4
v -1 8.2 -2.8
v -1 8.2 -2.9
v -1 8.4 0.0999997
v -1 8.4 -2.38419e-07
v -1 8.5 0.2
v -1 8.5 0.0999997
v -1 8.5 -2.38419e-07
v -1 8.5 -1
v -1 8.5 -1.1
v -1 8.5 -1.3
v -1 8.5 -1.4
v -1 8.5 -2.8
v -1 8.5 -2.9
v -1 8.5 -3.1
v -1 8.7 0.2
v -1 8.7 0.0999997
v -1 8.7 -1
v -1 8.7 -1.1
v -1 8.7 -1.7
v -1 8.7 -1.8
v -1 8.7 -1.9
v -1 8.7 -2
v -1 8.7 -2.9
v -1 8.7 -3.1
v -1 8.9 -0.5
v -1 8.9 -0.6
v -1 8.9 -1.5
v -1 8.9 -1.6
v -1 8.9 -1.7
v -1 8.9 -1.8
v -1 8.9 -1.9
v -1 8.9 -2
v -1 9.1 0.9
v -1 9.1 0.7
v -1 9.2 0.9
v -1 9.2 0.7
v -1 9.2 -0.5
v -1 9.2 -0.6
v -1 9.2 -1.5
v -1 9.2 -1.6
v -1 9.2 -2.5
v -1 9.2 -2.6
v -1 9.4 -2.5
v -1 9.4 -2.6
v -0.9 8 0.0999997
v -0.9 8 -2.38419e-07
v -0.9 8.2 -2.38419e-07
v -0.9 8.2 -1.2
v -0.9 8.2 -1.3
v -0.9 8.4 0.7
v -0.9 8.4 0.6
v -0.9 8.4 0.2
v -0.9 8.4 0.0999997
v -0.9 8.4 -2.38419e-07
v -0.9 8.5 0.7
v -0.9 8.5 0.6
v -0.9 8.5 0.2
v -0.9 8.5 0.0999997
v -0.9 8.5 -2.38419e-07
v -0.9 8.5 -0.2
v -0.9 8.5 -1.2
v -0.9 8.5 -1.3
v -0.9 8.5 -1.5
v -0.9 8.5 -1.6
v -0.9 8.5 -2.7
v -0.9 8.5 -2.9
v -0.9 8.7 1.3
v -0.9 8.7 1.2
v -0.9 8.7 0.9
v -0.9 8.7 0.7
v -0.9 8.7 0.6
v -0.9 8.7 0.4
v -0.9 8.7 -2.38419e-07
v -0.9 8.7 -0.2
v -0.9 8.7 -0.3
v -0.9 8.7 -0.5
v -0.9 8.7 -0.6
v -0.9 8.7 -0.7
v -0.9 8.7 -0.8
v -0.9 8.7 -0.9
v -0.9 8.7 -1.5
v -0.9 8.7 -1.6
v -0.9 8.7 -1.7
v -0.9 8.7 -2
v -0.9 8.7 -2.1
v -0.9 8.7 -2.7
v -0.9 8.7 -2.8
v -0.9 8.9 -0.3
v -0.9 8.9 -0.5
v -0.9 8.9 -0.6
v -0.9 8.9 -0.7
v -0.9 8.9 -0.8
v -0.9 8.9 -0.9
v -0.9 8.9 -1.6
v -0.9 8.9 -1.7
v -0.9 8.9 -2
v -0.9 8.9 -2.1
v -0.9 8.9 -2.8
v -0.9 8.9 -2.9
v -0.9 9.1 1.3
v -0.9 9.1 1.2
v -0.9 9.1 0.9
v -0.9 9.1 0.7
v -0.9 9.1 0.6
v -0.9 9.1 0.5
v -0.9 9.1 0.4
v -0.9 9.2 0.7
v -0.9 9.2 0.5
v -0.9 9.2 -2.4
v -0.9 9.2 -2.5
v -0.9 9.4 -2.4
v -0.9 9.4 -2.5
v -0.8 7.9 -0.1
v -0.8 7.9 -0.2
v -0.8 8 -0.1
v -0.8 8 -0.2
v -0.8 8.2 -0.8
v -0.8 8.2 -1
v -0.8 8.5 1.1
v -0.8 8.5 1
v -0.8 8.5 0.7
v -0.8 8.5 0.6
v -0.8 8.5 0.4
v -0.8 8.5 0.3
v -0.8 8.5 -0.2
v -0.8 8.5 -0.3
v -0.8 8.5 -0.7
v -0.8 8.5 -0.8
v -0.8 8.5 -1
v -0.8 8.5 -2.6
v -0.8 8.5 -2.7
v -0.8 8.7 1.2
v -0.8 8.7 1.1
v -0.8 8.7 1
v -0.8 8.7 0.9
v -0.8 8.7 0.7
v -0.8 8.7 0.6
v -0.8 8.7 0.4
v -0.8 8.7 0.3
v -0.8 8.7 -0.2
v -0.8 8.7 -0.3
v -0.8 8.7 -0.5
v -0.8 8.7 -0.6
v -0.8 8.7 -0.7
v -0.8 8.7 -1
v -0.8 8.7 -2.4
v -0.8 8.7 -2.6
v -0.8 8.7 -2.7
v -0.8 8.7 -2.8
v -0.8 8.9 -0.5
v -0.8 8.9 -0.6
v -0.8 8.9 -2.4
v -0.8 8.9 -2.7
v -0.8 9.1 1.2
v -0.8 9.1 0.9
v -0.8 9.1 0.7
v -0.8 9.1 0.6
v -0.8 9.2 -2.1
v -0.8 9.2 -2.2
v -0.8 9.2 -2.3
v -0.8 9.2 -2.4
v -0.8 9.2 -2.7
v -0.8 9.2 -2.8
v -0.8 9.4 -2.1
v -0.8 9.4 -2.2
v -0.8 9.4 -2.3
v -0.8 9.4 -2.4
v -0.7 7.7 0.2
v -0.7 7.7 0.0999997
v -0.7 7.9 0.2
v -0.7 7.9 0.0999997
v -0.7 7.9 -0.8
v -0.7 7.9 -0.9
v -0.7 8 0.0999997
v -0.7 8 -2.38419e-07
v -0.7 8 -0.8
v -0.7 8 -0.9
v -0.7 8.2 -2.38419e-07
v -0.7 8.2 -0.4
v -0.7 8.2 -0.7
v -0.7 8.2 -0.8
v -0.7 8.2 -1.2
v -0.7 8.2 -1.3
v -0.7 8.4 1
v -0.7 8.4 0.9
v -0.7 8.4 0.3
v -0.7 8.4 0.0999997
v -0.7 8.4 -2.38419e-07
v -0.7 8.5 0.8
v -0.7 8.5 0.7
v -0.7 8.5 0.6
v -0.7 8.5 0.4
v -0.7 8.5 0.3
v -0.7 8.5 0.0999997
v -0.7 8.5 -2.38419e-07
v -0.7 8.5 -0.3
v -0.7 8.5 -0.4
v -0.7 8.5 -0.7
v -0.7 8.5 -0.8
v -0.7 8.5 -1.1
v -0.7 8.5 -1.2
v -0.7 8.5 -1.3
v -0.7 8.7 1
v -0.7 8.7 0.9
v -0.7 8.7 0.8
v -0.7 8.7 0.7
v -0.7 8.7 0.6
v -0.7 8.7 0.4
v -0.7 8.7 -0.3
v -0.7 8.7 -0.7
v -0.7 8.7 -1.1
v -0.7 8.7 -1.2
v -0.7 8.7 -1.4
v -0.7 8.7 -1.5
v -0.7 8.7 -1.6
v -0.7 8.9 -1.4
v -0.7 8.9 -1.6
v -0.7 8.9 -2.1
v -0.7 8.9 -2.4
v -0.7 9.2 -1.5
v -0.7 9.2 -1.6
v -0.7 9.2 -2
v -0.7 9.2 -2.1
v -0.7 9.2 -2.2
v -0.7 9.2 -2.3
v -0.7 9.2 -2.4
v -0.7 9.4 -1.5
v -0.7 9.4 -1.6
v -0.7 9.4 -2
v -0.7 9.4 -2.1
v -0.7 9.4 -2.2
v -0.7 9.4 -2.3
v -0.6 8 0.7
v -0.6 8 0.3
v -0.6 8 -1.1
v -0.6 8 -1.2
v -0.6 8.2 0.7
v -0.6 8.2 0.3
v -0.6 8.2 -0.4
v -0.6 8.2 -0.5
v -0.6 8.2 -0.6
v -0.6 8.2 -0.7
v -0.6 8.2 -1.1
v -0.6 8.2 -1.2
v -0.6 8.4 0.9
v -0.6 8.4 0.8
v -0.6 8.4 0.7
v -0.6 8.4 0.4
v -0.6 8.4 0.3
v -0.6 8.5 0.8
v -0.6 8.5 0.7
v -0.6 8.5 0.4
v -0.6 8.5 0.3
v -0.6 8.5 -0.4
v -0.6 8.5 -0.5
v -0.6 8.5 -0.6
v -0.6 8.5 -0.7
v -0.6 8.5 -1.4
v -0.6 8.5 -1.5
v -0.6 8.7 0.9
v -0.6 8.7 0.8
v -0.6 8.7 -1.2
v -0.6 8.7 -1.3
v -0.6 8.7 -1.4
v -0.6 8.7 -1.5
v -0.6 8.9 -1.2
v -0.6 8.9 -1.3
v -0.6 8.9 -2
v -0.6 8.9 -2.1
v -0.6 8.9 -2.4
v -0.6 8.9 -2.5
v -0.6 8.9 -2.8
v -0.6 9.2 -1.6
v -0.6 9.2 -1.8
v -0.6 9.2 -1.9
v -0.6 9.2 -2
v -0.6 9.2 -2.1
v -0.6 9.2 -2.4
v -0.6 9.2 -2.8
v -0.6 9.4 -1.6
v -0.6 9.4 -1.8
v -0.6 9.4 -1.9
v -0.6 9.4 -2
v -0.5 7.7 0.0999997
v -0.5 7.7 -0.1
v -0.5 7.9 0.3
v -0.5 7.9 0.2
v -0.5 7.9 0.0999997
v -0.5 7.9 -0.1
v -0.5 7.9 -0.2
v -0.5 8 0.3
v -0.5 8 0.2
v -0.5 8 -0.2
v -0.5 8 -0.3
v -0.5 8.2 0.8
v -0.5 8.2 0.7
v -0.5 8.2 0.4
v -0.5 8.2 0.3
v -0.5 8.2 -0.1
v -0.5 8.2 -0.3
v -0.5 8.2 -0.9
v -0.5 8.2 -1
v -0.5 8.4 0.8
v -0.5 8.4 0.7
v -0.5 8.4 0.5
v -0.5 8.4 0.4
v -0.5 8.4 0.3
v -0.5 8.4 0.0999997
v -0.5 8.5 0.8
v -0.5 8.5 0.7
v -0.5 8.5 0.6
v -0.5 8.5 0.5
v -0.5 8.5 0.4
v -0.5 8.5 0.3
v -0.5 8.5 0.0999997
v -0.5 8.5 -0.9
v -0.5 8.5 -1
v -0.5 8.7 0.8
v -0.5 8.7 0.7
v -0.5 8.7 0.6
v -0.5 8.7 0.5
v -0.5 8.7 -2.1
v -0.5 8.7 -2.2
v -0.5 8.7 -2.4
v -0.5 8.7 -2.5
v -0.5 8.9 -1.3
v -0.5 8.9 -1.4
v -0.5 8.9 -1.9
v -0.5 8.9 -2
v -0.5 8.9 -2.1
v -0.5 8.9 -2.2
v -0.5 8.9 -2.4
v -0.5 8.9 -2.5
v -0.5 9.2 -1.3
v -0.5 9.2 -1.4
v -0.5 9.2 -1.8
v -0.5 9.2 -1.9
v -0.5 9.2 -2
v -0.5 9.4 -1.8
v -0.5 9.4 -1.9
v -0.4 7.5 -0.1
v -0.4 7.5 -0.2
v -0.4 7.9 -0.1
v -0.4 7.9 -0.2
v -0.4 7.9 -0.4
v -0.4 8 0.7
v -0.4 8 0.6
v -0.4 8 -2.38419e-07
v -0.4 8 -0.1
v -0.4 8 -0.2
v -0.4 8 -0.3
v -0.4 8 -0.4
v -0.4 8 -0.7
v -0.4 8.2 0.7
v -0.4 8.2 0.6
v -0.4 8.2 0.5
v -0.4 8.2 0.4
v -0.4 8.2 0.3
v -0.4 8.2 0.0999997
v -0.4 8.2 -2.38419e-07
v -0.4 8.2 -0.1
v -0.4 8.2 -0.3
v -0.4 8.2 -0.5
v -0.4 8.2 -0.6
v -0.4 8.2 -0.7
v -0.4 8.4 0.6
v -0.4 8.4 0.5
v -0.4 8.4 0.4
v -0.4 8.4 0.3
v -0.4 8.4 0.0999997
v -0.4 8.4 -2.38419e-07
v -0.4 8.5 0.6
v -0.4 8.5 0.5
v -0.4 8.5 0.0999997
v -0.4 8.5 -2.38419e-07
v -0.4 8.5 -0.5
v -0.4 8.5 -0.6
v -0.4 8.5 -1
v -0.4 8.5 -1.1
v -0.4 8.7 -1
v -0.4 8.7 -1.1
v -0.4 8.7 -2
v -0.4 8.7 -2.1
v -0.4 8.7 -2.2
v -0.4 8.7 -2.3
v -0.4 8.7 -2.4
v -0.4 8.9 -1.4
v -0.4 8.9 -1.7
v -0.4 8.9 -1.8
v -0.4 8.9 -1.9
v -0.4 8.9 -2
v -0.4 8.9 -2.1
v -0.4 8.9 -2.2
v -0.4 8.9 -2.4
v -0.4 9.2 -1.4
v -0.4 9.2 -1.7
v -0.4 9.2 -1.8
v -0.4 9.2 -1.9
v -0.3 7.8 -0.2
v -0.3 7.8 -0.3
v -0.3 7.9 -0.2
v -0.3 7.9 -0.3
v -0.3 8 0.0999997
v -0.3 8 -2.38419e-07
v -0.3 8 -0.7
v -0.3 8 -0.8
v -0.3 8.2 0.6
v -0.3 8.2 0.5
v -0.3 8.2 0.0999997
v -0.3 8.2 -0.7
v -0.3 8.2 -0.8
v -0.3 8.2 -0.9
v -0.3 8.2 -1
v -0.3 8.2 -1.9
v -0.3 8.2 -2
v -0.3 8.4 0.7
v -0.3 8.4 0.6
v -0.3 8.4 0.5
v -0.3 8.4 0.0999997
v -0.3 8.4 -2.38419e-07
v -0.3 8.5 0.7
v -0.3 8.5 0.6
v -0.3 8.5 -0.9
v -0.3 8.5 -1
v -0.3 8.5 -1.9
v -0.3 8.5 -2
v -0.3 8.5 -2.1
v -0.3 8.5 -2.3
v -0.3 8.7 -1.2
v -0.3 8.7 -1.6
v -0.3 8.7 -1.8
v -0.3 8.7 -2
v -0.3 8.7 -2.1
v -0.3 8.7 -2.3
v -0.3 8.9 -1.2
v -0.3 8.9 -1.6
v -0.3 8.9 -1.7
v -0.3 8.9 -1.8
v -0.3 8.9 -2
v -0.3 9.2 -1.7
v -0.3 9.2 -1.8
v -0.2 7.7 2.7
v -0.2 7.7 2.5
v -0.2 7.9 2.7
v -0.2 7.9 2.5
v -0.2 7.9 0.5
v -0.2 7.9 0.3
v -0.2 7.9 0.2
v -0.2 7.9 -0.2
v -0.2 8 0.3
v -0.2 8 0.2
v -0.2 8 0.0999997
v -0.2 8 -0.2
v -0.2 8 -1.1
v -0.2 8 -1.2
v -0.2 8.2 2.1
v -0.2 8.2 2
v -0.2 8.2 0.7
v -0.2 8.2 0.6
v -0.2 8.2 0.5
v -0.2 8.2 0.0999997
v -0.2 8.2 -1
v -0.2 8.2 -1.1
v -0.2 8.2 -1.2
v -0.2 8.4 2.1
v -0.2 8.4 2
v -0.2 8.4 0.7
v -0.2 8.4 0.6
v -0.2 8.5 -1
v -0.2 8.5 -1.1
v -0.2 8.5 -1.7
v -0.2 8.5 -1.8
v -0.2 8.5 -2
v -0.2 8.5 -2.1
v -0.2 8.7 -1.8
v -0.2 8.7 -2
v -0.2 8.7 -2.1
v -0.2 8.9 -1.7
v -0.2 8.9 -1.8
v -0.1 1 -0.8
v -0.1 1 -0.9
v -0.1 1.6 -0.8
v -0.1 1.6 -0.9
v -0.1 6.8 3.2
v -0.1 6.8 3.1
v -0.1 7 3.2
v -0.1 7 3.1
v -0.1 7.5 2.8
v -0.1 7.5 2.7
v -0.1 7.6 -0.1
v -0.1 7.6 -0.2
v -0.1 7.7 2.8
v -0.1 7.7 2.7
v -0.1 7.7 0.2
v -0.1 7.7 -2.38419e-07
v -0.1 7.8 0.2
v -0.1 7.8 -0.1
v -0.1 7.8 -0.2
v -0.1 7.8 -1
v -0.1 7.8 -1.1
v -0.1 7.9 1.3
v -0.1 7.9 1.1
v -0.1 7.9 0.3
v -0.1 7.9 0.2
v -0.1 7.9 -2.38419e-07
v -0.1 7.9 -1
v -0.1 7.9 -1.1
v -0.1 7.9 -1.9
v -0.1 7.9 -2.4
v -0.1 8 0.3
v -0.1 8 0.2
v -0.1 8.2 2.3
v -0.1 8.2 2.1
v -0.1 8.2 1.4
v -0.1 8.2 1.3
v -0.1 8.2 1.1
v -0.1 8.2 1
v -0.1 8.2 -1.1
v -0.1 8.2 -1.2
v -0.1 8.2 -1.9
v -0.1 8.2 -2.4
v -0.1 8.2 -2.6
v -0.1 8.2 -2.9
v -0.1 8.4 2.3
v -0.1 8.4 2.1
v -0.1 8.4 1.4
v -0.1 8.4 1.1
v -0.1 8.4 1
v -0.1 8.4 -2.6
v -0.1 8.4 -2.9
v -0.1 8.5 1.4
v -0.1 8.5 1.1
v -0.1 8.5 -1.5
v -0.1 8.5 -1.7
v -0.1 8.5 -1.8
v -0.1 8.5 -2
v -0.1 8.7 -1.1
v -0.1 8.7 -1.2
v -0.1 8.7 -1.5
v -0.1 8.7 -1.6
v -0.1 8.7 -1.8
v -0.1 8.7 -2
v -0.1 8.9 -1.6
v -0.1 8.9 -1.7
v 0 7 3.1
v 0 7 3
v 0 7.2 3.1
v 0 7.2 3
v 0 7.5 2.9
v 0 7.5 2.8
v 0 7.7 2.9
v 0 7.7 2.8
v 0 7.7 -1.1
v 0 7.7 -1.2
v 0 7.7 -1.8
v 0 7.7 -1.9
v 0 7.8 -1.1
v 0 7.8 -1.2
v 0 7.9 -1.8
v 0 7.9 -1.9
v 0 8 -0.7
v 0 8 -0.9
v 0 8.2 1
v 0 8.2 0.9
v 0 8.2 -0.7
v 0 8.2 -0.9
v 0 8.2 -1.2
v 0 8.2 -1.4
v 0 8.2 -1.5
v 0 8.2 -1.8
v 0 8.2 -2.3
v 0 8.2 -2.4
v 0 8.4 1.6
v 0 8.4 1.4
v 0 8.4 1.1
v 0 8.4 1
v 0 8.4 -1.8
v 0 8.4 -2.3
v 0 8.4 -2.4
v 0 8.5 1.6
v 0 8.5 1.4
v 0 8.5 1.1
v 0 8.5 0.9
v 0 8.5 -1.4
v 0 8.5 -1.5
v 0 8.5 -1.8
v 0 8.7 -1.2
v 0 8.7 -1.5
v 0.0999999 0.2 -1.5
v 0.0999999 0.2 -1.6
v 0.0999999 0.3 -1.5
v 0.0999999 0.3 -1.6
v 0.0999999 6.5 3.6
v 0.0999999 6.5 3.5
v 0.0999999 6.7 3.5
v 0.0999999 6.8 3.6
v 0.0999999 6.8 3.5
v 0.0999999 6.8 3.4
v 0.0999999 7 3.5
v 0.0999999 7 3.4
v 0.0999999 7.7 0.5
v 0.0999999 7.7 0.4
v 0.0999999 7.7 -0.9
v 0.0999999 7.7 -1
v 0.0999999 7.7 -1.6
v 0.0999999 7.7 -1.8
v 0.0999999 7.9 0.5
v 0.0999999 7.9 0.4
v 0.0999999 7.9 -0.9
v 0.0999999 7.9 -1
v 0.0999999 7.9 -1.2
v 0.0999999 7.9 -1.3
v 0.0999999 7.9 -1.6
v 0.0999999 7.9 -1.8
v 0.0999999 7.9 -1.9
v 0.0999999 8 -1.1
v 0.0999999 8 -1.2
v 0.0999999 8 -1.3
v 0.0999999 8 -1.4
v 0.0999999 8.2 -0.4
v 0.0999999 8.2 -0.5
v 0.0999999 8.2 -1.1
v 0.0999999 8.2 -1.4
v 0.0999999 8.2 -1.5
v 0.0999999 8.2 -1.8
v 0.0999999 8.2 -1.9
v 0.0999999 8.2 -2.1
v 0.0999999 8.2 -2.3
v 0.0999999 8.4 -0.4
v 0.0999999 8.4 -0.5
v 0.0999999 8.4 -1.5
v 0.0999999 8.4 -2.1
v 0.0999999 8.4 -2.3
v 0.0999999 8.5 -1.4
v 0.0999999 8.5 -1.5
v 0.2 0.1 -1.6
v 0.2 0.1 -1.7
v 0.2 0.2 -1.4
v 0.2 0.2 -1.5
v 0.2 0.2 -1.6
v 0.2 0.2 -1.7
v 0.2 0.3 -1.4
v 0.2 0.3 -1.5
v 0.2 1.5 -0.8
v 0.2 1.5 -0.9
v 0.2 1.6 -0.8
v 0.2 1.6 -0.9
v 0.2 6.7 3.5
v 0.2 6.7 3.4
v 0.2 6.8 3.5
v 0.2 6.8 3.4
v 0.2 6.8 3.3
v 0.2 7.1 0.0999997
v 0.2 7.1 -2.38419e-07
v 0.2 7.2 3.3
v 0.2 7.2 3.1
v 0.2 7.2 0.0999997
v 0.2 7.2 -2.38419e-07
v 0.2 7.5 3.4
v 0.2 7.5 3.2
v 0.2 7.7 3.2
v 0.2 7.7 3.1
v 0.2 7.7 0.0999997
v 0.2 7.7 -2.38419e-07
v 0.2 7.7 -3.4
v 0.2 7.7 -3.5
v 0.2 7.8 0.0999997
v 0.2 7.8 -2.38419e-07
v 0.2 7.8 -0.8
v 0.2 7.8 -0.9
v 0.2 7.9 3
v 0.2 7.9 2.8
v 0.2 7.9 -0.8
v 0.2 7.9 -0.9
v 0.2 7.9 -1.1
v 0.2 7.9 -1.2
v 0.2 7.9 -1.3
v 0.2 7.9 -1.4
v 0.2 7.9 -3.4
v 0.2 7.9 -3.5
v 0.2 8 -0.8
v 0.2 8 -0.9
v 0.2 8 -1
v 0.2 8 -1.1
v 0.2 8 -1.2
v 0.2 8 -1.3
v 0.2 8 -1.4
v 0.2 8.1 -0.8
v 0.2 8.2 3
v 0.2 8.2 2.8
v 0.2 8.2 2.2
v 0.2 8.2 2.1
v 0.2 8.2 0.3
v 0.2 8.2 0.2
v 0.2 8.2 -0.3
v 0.2 8.2 -0.4
v 0.2 8.2 -0.8
v 0.2 8.2 -0.9
v 0.2 8.2 -1
v 0.2 8.2 -1.1
v 0.2 8.2 -2
v 0.2 8.2 -2.1
v 0.2 8.2 -2.9
v 0.2 8.2 -3
v 0.2 8.4 2.6
v 0.2 8.4 2.5
v 0.2 8.4 2.2
v 0.2 8.4 2.1
v 0.2 8.4 0.3
v 0.2 8.4 0.2
v 0.2 8.4 -0.3
v 0.2 8.4 -0.4
v 0.2 8.4 -1.9
v 0.2 8.4 -2
v 0.2 8.4 -2.1
v 0.2 8.4 -2.2
v 0.2 8.4 -2.6
v 0.2 8.4 -2.9
v 0.2 8.4 -3
v 0.2 8.4 -3.4
v 0.2 8.4 -3.5
v 0.2 8.5 2.6
v 0.2 8.5 2.5
v 0.2 8.5 2.4
v 0.2 8.5 2.2
v 0.2 8.5 -1.9
v 0.2 8.5 -2
v 0.2 8.5 -2.2
v 0.2 8.5 -2.6
v 0.2 8.5 -3.4
v 0.2 8.5 -3.5
v 0.2 8.9 2.4
v 0.2 8.9 2.3
v 0.2 8.9 2.2
v 0.2 8.9 2.1
v 0.2 9.1 2.3
v 0.2 9.1 2.1
v 0.3 0 -1.7
v 0.3 0 -1.8
v 0.3 0.1 -1.4
v 0.3 0.1 -1.6
v 0.3 0.1 -1.7
v 0.3 0.1 -1.8
v 0.3 0.2 -1.3
v 0.3 0.2 -1.4
v 0.3 0.2 -1.6
v 0.3 0.5 -1.3
v 0.3 0.5 -1.4
v 0.3 1.6 0.3
v 0.3 1.6 0.2
v 0.3 2 0.3
v 0.3 2 0.2
v 0.3 3.2 -1.1
v 0.3 3.2 -1.2
v 0.3 3.6 -1.1
v 0.3 3.6 -1.2
v 0.3 6.1 0.0999997
v 0.3 6.1 -2.38419e-07
v 0.3 6.5 0.0999997
v 0.3 6.5 -2.38419e-07
v 0.3 6.8 3.3
v 0.3 6.8 3.2
v 0.3 6.8 -4.1
v 0.3 6.8 -4.2
v 0.3 7 -4.1
v 0.3 7 -4.2
v 0.3 7.2 3.3
v 0.3 7.2 3.2
v 0.3 7.5 3.1
v 0.3 7.5 3
v 0.3 7.5 -1.4
v 0.3 7.5 -1.5
v 0.3 7.5 -3.6
v 0.3 7.5 -3.7
v 0.3 7.7 3.1
v 0.3 7.7 3
v 0.3 7.7 -0.9
v 0.3 7.7 -1.1
v 0.3 7.7 -1.4
v 0.3 7.7 -1.5
v 0.3 7.7 -3.5
v 0.3 7.7 -3.6
v 0.3 7.7 -3.7
v 0.3 7.8 -0.9
v 0.3 7.8 -1
v 0.3 7.9 2.8
v 0.3 7.9 2.7
v 0.3 7.9 0.9
v 0.3 7.9 0.8
v 0.3 7.9 -1
v 0.3 7.9 -1.1
v 0.3 7.9 -3.2
v 0.3 7.9 -3.3
v 0.3 7.9 -3.5
v 0.3 7.9 -3.6
v 0.3 8 -0.2
v 0.3 8 -0.3
v 0.3 8 -0.5
v 0.3 8 -0.8
v 0.3 8 -0.9
v 0.3 8 -1
v 0.3 8.1 -0.5
v 0.3 8.1 -0.8
v 0.3 8.2 2.8
v 0.3 8.2 2.7
v 0.3 8.2 2.6
v 0.3 8.2 0.9
v 0.3 8.2 0.8
v 0.3 8.2 -0.2
v 0.3 8.2 -0.3
v 0.3 8.2 -0.9
v 0.3 8.2 -1
v 0.3 8.2 -1.9
v 0.3 8.2 -2
v 0.3 8.2 -3
v 0.3 8.2 -3.2
v 0.3 8.2 -3.3
v 0.3 8.4 2.7
v 0.3 8.4 2.6
v 0.3 8.4 2.5
v 0.3 8.4 2.3
v 0.3 8.4 0.7
v 0.3 8.4 0.5
v 0.3 8.4 -1.9
v 0.3 8.4 -2
v 0.3 8.4 -2.2
v 0.3 8.4 -3
v 0.3 8.4 -3.2
v 0.3 8.5 2.5
v 0.3 8.5 2.3
v 0.3 8.5 0.7
v 0.3 8.5 0.5
v 0.3 8.5 -2
v 0.3 8.5 -2.2
v 0.3 8.9 2.1
v 0.3 8.9 1.9
v 0.3 9.1 2.1
v 0.3 9.1 1.9
v 0.4 0 -1.4
v 0.4 0 -1.7
v 0.4 0.1 -1.3
v 0.4 0.1 -1.4
v 0.4 0.1 -1.7
v 0.4 0.2 -1.3
v 0.4 0.2 -1.4
v 0.4 0.3 -1.2
v 0.4 0.3 -1.3
v 0.4 0.6 -1.2
v 0.4 0.6 -1.3
v 0.4 1.6 -0.8
v 0.4 1.6 -0.9
v 0.4 1.8 -0.8
v 0.4 1.8 -0.9
v 0.4 2.7 0.0999997
v 0.4 2.7 -2.38419e-07
v 0.4 3 0.0999997
v 0.4 3 -2.38419e-07
v 0.4 5.8 -2.38419e-07
v 0.4 5.8 -0.1
v 0.4 6.4 -2.38419e-07
v 0.4 6.4 -0.1
v 0.4 6.5 0.0999997
v 0.4 6.5 -2.38419e-07
v 0.4 6.8 3.2
v 0.4 6.8 3.1
v 0.4 6.8 0.0999997
v 0.4 6.8 -2.38419e-07
v 0.4 7 3.1
v 0.4 7 3
v 0.4 7.2 3.2
v 0.4 7.2 3.1
v 0.4 7.2 -1.2
v 0.4 7.2 -1.4
v 0.4 7.5 3.1
v 0.4 7.5 3
v 0.4 7.5 2.7
v 0.4 7.5 -1.2
v 0.4 7.5 -1.4
v 0.4 7.5 -3.7
v 0.4 7.5 -3.8
v 0.4 7.7 2.9
v 0.4 7.7 2.7
v 0.4 7.7 0.0999997
v 0.4 7.7 -2.38419e-07
v 0.4 7.7 -1.4
v 0.4 7.7 -1.6
v 0.4 7.7 -3.6
v 0.4 7.7 -3.7
v 0.4 7.7 -3.8
v 0.4 7.8 0.0999997
v 0.4 7.8 -2.38419e-07
v 0.4 7.9 3
v 0.4 7.9 2.9
v 0.4 7.9 2.7
v 0.4 7.9 2.6
v 0.4 7.9 0.3
v 0.4 7.9 0.0999997
v 0.4 7.9 -1.4
v 0.4 7.9 -1.6
v 0.4 7.9 -3.6
v 0.4 7.9 -3.7
v 0.4 8 0.4
v 0.4 8 0.3
v 0.4 8 0.0999997
v 0.4 8 -2.38419e-07
v 0.4 8 -0.3
v 0.4 8 -0.4
v 0.4 8.1 -2.38419e-07
v 0.4 8.1 -0.1
v 0.4 8.2 2.7
v 0.4 8.2 2.6
v 0.4 8.2 0.4
v 0.4 8.2 0.3
v 0.4 8.2 0.0999997
v 0.4 8.2 -0.1
v 0.4 8.2 -0.3
v 0.4 8.2 -0.4
v 0.4 8.3 0.0999997
v 0.4 8.3 -2.38419e-07
v 0.4 8.4 0.0999997
v 0.4 8.4 -2.38419e-07
v 0.4 8.4 -1.5
v 0.4 8.4 -1.7
v 0.4 8.5 1
v 0.4 8.5 0.8
v 0.4 8.5 -1.5
v 0.4 8.5 -1.7
v 0.4 8.9 1.9
v 0.4 8.9 1.7
v 0.4 8.9 1.2
v 0.4 8.9 1.1
v 0.4 8.9 1
v 0.4 8.9 0.8
v 0.4 8.9 -2.1
v 0.4 8.9 -2.2
v 0.4 9.1 1.9
v 0.4 9.1 1.7
v 0.4 9.1 1.2
v 0.4 9.1 1.1
v 0.4 9.1 -2.1
v 0.4 9.1 -2.2
v 0.5 0.1 1.3
v 0.5 0.1 1.2
v 0.5 0.2 1.3
v 0.5 0.2 1.2
v 0.5 0.2 -1.2
v 0.5 0.2 -1.3
v 0.5 0.3 -1.2
v 0.5 0.3 -1.3
v 0.5 0.4 -1.1
v 0.5 0.4 -1.2
v 0.5 0.7 0.9
v 0.5 0.7 0.8
v 0.5 0.7 -1.1
v 0.5 0.7 -1.2
v 0.5 0.8 0.9
v 0.5 0.8 0.8
v 0.5 0.8 -0.9
v 0.5 0.8 -1
v 0.5 0.9 -0.8
v 0.5 0.9 -0.9
v 0.5 0.9 -1
v 0.5 1 -0.8
v 0.5 1 -0.9
v 0.5 1.3 0.3
v 0.5 1.3 0.2
v 0.5 1.5 0.2
v 0.5 1.5 -2.38419e-07
v 0.5 1.6 0.3
v 0.5 1.6 0.2
v 0.5 1.8 -0.8
v 0.5 1.8 -0.9
v 0.5 1.9 -0.8
v 0.5 1.9 -0.9
v 0.5 2 0.2
v 0.5 2 0.0999997
v 0.5 2 -2.38419e-07
v 0.5 2 -0.9
v 0.5 2 -1
v 0.5 2.6 -0.9
v 0.5 2.6 -1
v 0.5 3 -1
v 0.5 3 -1.1
v 0.5 3.5 -1
v 0.5 3.5 -1.1
v 0.5 3.6 -1.1
v 0.5 3.6 -1.2
v 0.5 4 -1.1
v 0.5 4 -1.2
v 0.5 5.7 -2.38419e-07
v 0.5 5.7 -0.1
v 0.5 5.8 -2.38419e-07
v 0.5 5.8 -0.1
v 0.5 5.9 -0.1
v 0.5 5.9 -0.2
v 0.5 6.2 -0.1
v 0.5 6.2 -0.2
v 0.5 6.4 -2.38419e-07
v 0.5 6.4 -0.1
v 0.5 6.8 0.0999997
v 0.5 6.8 -2.38419e-07
v 0.5 6.8 -0.1
v 0.5 7 0.0999997
v 0.5 7 -2.38419e-07
v 0.5 7 -0.8
v 0.5 7 -0.9
v 0.5 7 -4
v 0.5 7 -4.1
v 0.5 7.2 0.0999997
v 0.5 7.2 -2.38419e-07
v 0.5 7.2 -0.8
v 0.5 7.2 -0.9
v 0.5 7.2 -1.2
v 0.5 7.2 -4
v 0.5 7.2 -4.1
v 0.5 7.2 -4.3
v 0.5 7.2 -4.4
v 0.5 7.5 2.7
v 0.5 7.5 2.6
v 0.5 7.5 0.0999997
v 0.5 7.5 -2.38419e-07
v 0.5 7.5 -0.9
v 0.5 7.5 -1.2
v 0.5 7.5 -3.8
v 0.5 7.5 -3.9
v 0.5 7.5 -4.1
v 0.5 7.5 -4.2
v 0.5 7.5 -4.3
v 0.5 7.5 -4.4
v 0.5 7.7 2.9
v 0.5 7.7 2.8
v 0.5 7.7 2.7
v 0.5 7.7 2.6
v 0.5 7.7 2.4
v 0.5 7.7 0.2
v 0.5 7.7 0.0999997
v 0.5 7.7 -3.8
v 0.5 7.7 -3.9
v 0.5 7.7 -4.1
v 0.5 7.7 -4.2
v 0.5 7.8 0.0999997
v 0.5 7.8 -2.38419e-07
v 0.5 7.9 2.9
v 0.5 7.9 2.8
v 0.5 7.9 2.6
v 0.5 7.9 2.4
v 0.5 7.9 0.5
v 0.5 7.9 0.4
v 0.5 7.9 0.2
v 0.5 7.9 0.0999997
v 0.5 7.9 -2.38419e-07
v 0.5 7.9 -3.8
v 0.5 7.9 -4
v 0.5 8 0.5
v 0.5 8 0.4
v 0.5 8 0.3
v 0.5 8 0.0999997
v 0.5 8 -2.38419e-07
v 0.5 8 -0.1
v 0.5 8 -0.4
v 0.5 8 -0.5
v 0.5 8 -0.7
v 0.5 8 -0.8
v 0.5 8.1 -2.38419e-07
v 0.5 8.1 -0.1
v 0.5 8.1 -0.2
v 0.5 8.2 2
v 0.5 8.2 1.9
v 0.5 8.2 0.8
v 0.5 8.2 0.7
v 0.5 8.2 0.3
v 0.5 8.2 0.0999997
v 0.5 8.2 -0.1
v 0.5 8.2 -0.2
v 0.5 8.2 -0.4
v 0.5 8.2 -0.5
v 0.5 8.2 -0.7
v 0.5 8.2 -0.8
v 0.5 8.2 -3.1
v 0.5 8.2 -3.2
v 0.5 8.2 -3.8
v 0.5 8.2 -4
v 0.5 8.4 2.5
v 0.5 8.4 2.4
v 0.5 8.4 2
v 0.5 8.4 1.9
v 0.5 8.4 1
v 0.5 8.4 0.9
v 0.5 8.4 0.8
v 0.5 8.4 0.7
v 0.5 8.4 -2.38419e-07
v 0.5 8.4 -0.1
v 0.5 8.4 -1.7
v 0.5 8.4 -1.8
v 0.5 8.4 -3.1
v 0.5 8.4 -3.2
v 0.5 8.4 -3.5
v 0.5 8.4 -3.6
v 0.5 8.5 2.5
v 0.5 8.5 2.4
v 0.5 8.5 1.3
v 0.5 8.5 1
v 0.5 8.5 0.9
v 0.5 8.5 -1.7
v 0.5 8.5 -1.8
v 0.5 8.5 -1.9
v 0.5 8.5 -3.3
v 0.5 8.5 -3.4
v 0.5 8.5 -3.5
v 0.5 8.5 -3.6
v 0.5 8.7 -2.38419e-07
v 0.5 8.7 -0.1
v 0.5 8.9 1.7
v 0.5 8.9 1.3
v 0.5 8.9 1.2
v 0.5 8.9 1
v 0.5 8.9 -1.8
v 0.5 8.9 -1.9
v 0.5 8.9 -3.3
v 0.5 8.9 -3.4
v 0.5 9.1 1.7
v 0.5 9.1 1.2
v 0.6 0.2 -1.1
v 0.6 0.2 -1.2
v 0.6 0.4 -1.1
v 0.6 0.4 -1.2
v 0.6 0.6 -0.9
v 0.6 0.6 -1.1
v 0.6 0.8 -0.8
v 0.6 0.8 -0.9
v 0.6 0.8 -1.1
v 0.6 0.9 -0.8
v 0.6 0.9 -0.9
v 0.6 1.2 0.3
v 0.6 1.2 -0.8
v 0.6 1.3 0.3
v 0.6 1.3 0.2
v 0.6 1.5 0.2
v 0.6 1.5 -2.38419e-07
v 0.6 1.9 -0.8
v 0.6 1.9 -0.9
v 0.6 2 0.0999997
v 0.6 2 -2.38419e-07
v 0.6 2 -0.7
v 0.6 2.3 -0.7
v 0.6 2.3 -0.9
v 0.6 2.4 -2.38419e-07
v 0.6 2.4 -0.1
v 0.6 2.6 -0.9
v 0.6 2.6 -1
v 0.6 2.7 0.0999997
v 0.6 2.7 -2.38419e-07
v 0.6 3 -2.38419e-07
v 0.6 3 -0.1
v 0.6 3 -0.9
v 0.6 3 -1
v 0.6 3.5 -0.1
v 0.6 3.5 -0.2
v 0.6 4 -0.1
v 0.6 4 -0.2
v 0.6 4.2 -1.2
v 0.6 4.2 -1.3
v 0.6 4.3 -1.2
v 0.6 4.3 -1.3
v 0.6 5.1 -2.38419e-07
v 0.6 5.1 -0.1
v 0.6 5.7 -2.38419e-07
v 0.6 5.7 -0.1
v 0.6 6.2 -0.1
v 0.6 6.2 -0.2
v 0.6 6.3 -0.1
v 0.6 6.3 -0.2
v 0.6 6.5 -4.5
v 0.6 6.5 -4.6
v 0.6 6.7 -4.5
v 0.6 6.8 -4.4
v 0.6 6.8 -4.5
v 0.6 6.8 -4.6
v 0.6 7 0.0999997
v 0.6 7 -2.38419e-07
v 0.6 7 -0.7
v 0.6 7 -0.8
v 0.6 7 -4.3
v 0.6 7 -4.4
v 0.6 7 -4.5
v 0.6 7.1 -0.7
v 0.6 7.1 -0.8
v 0.6 7.2 0.3
v 0.6 7.2 0.0999997
v 0.6 7.2 -2.38419e-07
v 0.6 7.2 -0.8
v 0.6 7.2 -0.9
v 0.6 7.2 -4.2
v 0.6 7.2 -4.3
v 0.6 7.2 -4.4
v 0.6 7.3 -0.8
v 0.6 7.3 -0.9
v 0.6 7.5 0.3
v 0.6 7.5 0.0999997
v 0.6 7.5 -4
v 0.6 7.5 -4.1
v 0.6 7.5 -4.2
v 0.6 7.5 -4.3
v 0.6 7.7 2.8
v 0.6 7.7 2.6
v 0.6 7.7 0.4
v 0.6 7.7 0.2
v 0.6 7.7 -1
v 0.6 7.7 -1.3
v 0.6 7.7 -4
v 0.6 7.7 -4.1
v 0.6 7.8 -2.38419e-07
v 0.6 7.8 -0.1
v 0.6 7.9 2.8
v 0.6 7.9 2.6
v 0.6 7.9 2.5
v 0.6 7.9 0.4
v 0.6 7.9 0.2
v 0.6 7.9 -2.38419e-07
v 0.6 7.9 -0.1
v 0.6 7.9 -1
v 0.6 7.9 -1.3
v 0.6 7.9 -3.7
v 0.6 7.9 -3.8
v 0.6 8 -0.3
v 0.6 8 -0.4
v 0.6 8.2 2.5
v 0.6 8.2 2.4
v 0.6 8.2 2.2
v 0.6 8.2 2
v 0.6 8.2 0.7
v 0.6 8.2 0.6
v 0.6 8.2 -0.3
v 0.6 8.2 -0.4
v 0.6 8.2 -3.2
v 0.6 8.2 -3.3
v 0.6 8.2 -3.7
v 0.6 8.2 -3.8
v 0.6 8.3 -2.38419e-07
v 0.6 8.3 -0.1
v 0.6 8.4 2.6
v 0.6 8.4 2.4
v 0.6 8.4 2.3
v 0.6 8.4 2.2
v 0.6 8.4 2
v 0.6 8.4 1.2
v 0.6 8.4 1
v 0.6 8.4 0.7
v 0.6 8.4 0.6
v 0.6 8.4 -2.38419e-07
v 0.6 8.4 -0.1
v 0.6 8.4 -3.2
v 0.6 8.4 -3.3
v 0.6 8.5 2.3
v 0.6 8.5 2.2
v 0.6 8.5 1.8
v 0.6 8.5 1.4
v 0.6 8.5 1.3
v 0.6 8.5 1.2
v 0.6 8.5 1
v 0.6 8.5 0.5
v 0.6 8.5 0.4
v 0.6 8.5 0.0999997
v 0.6 8.5 -2.38419e-07
v 0.6 8.5 -1.9
v 0.6 8.5 -2
v 0.6 8.7 0.5
v 0.6 8.7 0.4
v 0.6 8.7 0.0999997
v 0.6 8.7 -2.38419e-07
v 0.6 8.9 2.2
v 0.6 8.9 1.8
v 0.6 8.9 1.4
v 0.6 8.9 1.3
v 0.6 8.9 -1.9
v 0.6 8.9 -2
v 0.6 8.9 -2.2
v 0.6 8.9 -2.6
v 0.6 8.9 -3.1
v 0.6 8.9 -3.3
v 0.6 9.1 -2.2
v 0.6 9.1 -2.6
v 0.6 9.1 -3.1
v 0.6 9.1 -3.3
v 0.7 0 1.4
v 0.7 0 1.3
v 0.7 0.1 1.4
v 0.7 0.1 1.3
v 0.7 0.1 1.2
v 0.7 0.1 1.1
v 0.7 0.1 -1.2
v 0.7 0.1 -1.3
v 0.7 0.2 -0.9
v 0.7 0.2 -1.1
v 0.7 0.2 -1.2
v 0.7 0.2 -1.3
v 0.7 0.3 1.2
v 0.7 0.3 1.1
v 0.7 0.3 1
v 0.7 0.4 1.1
v 0.7 0.4 1
v 0.7 0.5 0.9
v 0.7 0.5 0.8
v 0.7 0.6 -0.8
v 0.7 0.6 -0.9
v 0.7 0.6 -1.1
v 0.7 0.7 0.9
v 0.7 0.7 0.8
v 0.7 0.8 -0.8
v 0.7 0.8 -0.9
v 0.7 0.9 0.7
v 0.7 0.9 0.6
v 0.7 0.9 -0.7
v 0.7 0.9 -0.8
v 0.7 1 0.7
v 0.7 1 0.6
v 0.7 1 0.5
v 0.7 1 -0.7
v 0.7 1.1 0.5
v 0.7 1.1 0.4
v 0.7 1.2 0.4
v 0.7 1.2 -0.8
v 0.7 2 -2.38419e-07
v 0.7 2 -0.7
v 0.7 2.3 -0.7
v 0.7 2.3 -0.9
v 0.7 2.4 -2.38419e-07
v 0.7 2.4 -0.1
v 0.7 3 -0.2
v 0.7 3 -0.8
v 0.7 3 -0.9
v 0.7 3 -1
v 0.7 3.5 -0.1
v 0.7 3.5 -0.2
v 0.7 3.5 -0.8
v 0.7 3.5 -1
v 0.7 3.5 -1.1
v 0.7 3.7 -0.2
v 0.7 3.7 -0.4
v 0.7 4 -1
v 0.7 4 -1.1
v 0.7 4 -1.2
v 0.7 4 -1.3
v 0.7 4.1 -0.2
v 0.7 4.1 -0.4
v 0.7 4.2 -1.2
v 0.7 4.2 -1.3
v 0.7 4.3 -1.2
v 0.7 4.3 -1.3
v 0.7 4.4 -1.2
v 0.7 4.4 -1.3
v 0.7 4.7 -1.2
v 0.7 4.7 -1.3
v 0.7 5 -0.1
v 0.7 5 -0.2
v 0.7 5 -1.2
v 0.7 5 -1.3
v 0.7 5.3 -0.1
v 0.7 5.3 -0.2
v 0.7 5.8 -0.1
v 0.7 5.8 -0.2
v 0.7 5.9 -0.1
v 0.7 5.9 -0.2
v 0.7 5.9 -1.1
v 0.7 5.9 -1.2
v 0.7 6 -1.1
v 0.7 6 -1.2
v 0.7 6.1 -0.9
v 0.7 6.1 -1
v 0.7 6.5 -0.9
v 0.7 6.5 -1
v 0.7 6.7 -0.9
v 0.7 6.7 -1
v 0.7 6.7 -4.4
v 0.7 6.7 -4.5
v 0.7 6.8 -0.8
v 0.7 6.8 -0.9
v 0.7 6.8 -4.2
v 0.7 6.8 -4.4
v 0.7 6.8 -4.5
v 0.7 6.9 -0.8
v 0.7 6.9 -0.9
v 0.7 7 -2.38419e-07
v 0.7 7 -0.2
v 0.7 7 -0.6
v 0.7 7 -0.7
v 0.7 7 -0.9
v 0.7 7 -1
v 0.7 7 -4.3
v 0.7 7 -4.4
v 0.7 7.1 -0.6
v 0.7 7.1 -0.7
v 0.7 7.1 -0.8
v 0.7 7.2 0.4
v 0.7 7.2 0.3
v 0.7 7.2 -0.1
v 0.7 7.2 -0.2
v 0.7 7.2 -4.1
v 0.7 7.2 -4.2
v 0.7 7.2 -4.3
v 0.7 7.3 -0.7
v 0.7 7.3 -0.8
v 0.7 7.3 -0.9
v 0.7 7.5 0.5
v 0.7 7.5 0.4
v 0.7 7.5 0.3
v 0.7 7.5 -2.38419e-07
v 0.7 7.5 -0.1
v 0.7 7.5 -0.8
v 0.7 7.5 -0.9
v 0.7 7.5 -1.4
v 0.7 7.5 -4.1
v 0.7 7.5 -4.2
v 0.7 7.7 0.9
v 0.7 7.7 0.5
v 0.7 7.7 0.4
v 0.7 7.7 -2.38419e-07
v 0.7 7.7 -0.1
v 0.7 7.7 -0.7
v 0.7 7.7 -0.8
v 0.7 7.7 -1
v 0.7 7.7 -1.3
v 0.7 7.7 -1.4
v 0.7 7.7 -1.5
v 0.7 7.7 -3.9
v 0.7 7.7 -4
v 0.7 7.8 -2.38419e-07
v 0.7 7.8 -0.1
v 0.7 7.9 2.5
v 0.7 7.9 2.2
v 0.7 7.9 0.9
v 0.7 7.9 0.8
v 0.7 7.9 0.5
v 0.7 7.9 0.4
v 0.7 7.9 -0.7
v 0.7 7.9 -0.8
v 0.7 7.9 -0.9
v 0.7 7.9 -1
v 0.7 7.9 -1.1
v 0.7 7.9 -1.3
v 0.7 7.9 -1.5
v 0.7 7.9 -3.9
v 0.7 7.9 -4
v 0.7 8 0.5
v 0.7 8 0.3
v 0.7 8 -1.1
v 0.7 8 -1.5
v 0.7 8.1 -1.4
v 0.7 8.1 -1.5
v 0.7 8.2 2.5
v 0.7 8.2 2.4
v 0.7 8.2 1.4
v 0.7 8.2 1.2
v 0.7 8.2 1.1
v 0.7 8.2 0.9
v 0.7 8.2 0.8
v 0.7 8.2 0.7
v 0.7 8.2 0.6
v 0.7 8.2 0.4
v 0.7 8.2 0.3
v 0.7 8.2 -0.1
v 0.7 8.2 -0.2
v 0.7 8.2 -1.5
v 0.7 8.2 -1.7
v 0.7 8.2 -3.6
v 0.7 8.2 -3.7
v 0.7 8.4 2.4
v 0.7 8.4 2.2
v 0.7 8.4 1.9
v 0.7 8.4 1.6
v 0.7 8.4 1.4
v 0.7 8.4 1.2
v 0.7 8.4 1.1
v 0.7 8.4 0.9
v 0.7 8.4 0.6
v 0.7 8.4 0.4
v 0.7 8.4 -0.1
v 0.7 8.4 -0.2
v 0.7 8.4 -1.4
v 0.7 8.4 -1.7
v 0.7 8.4 -3.3
v 0.7 8.4 -3.5
v 0.7 8.4 -3.6
v 0.7 8.4 -3.7
v 0.7 8.5 2.2
v 0.7 8.5 1.8
v 0.7 8.5 1.4
v 0.7 8.5 1.2
v 0.7 8.5 -2
v 0.7 8.5 -2.7
v 0.7 8.5 -3.2
v 0.7 8.5 -3.3
v 0.7 8.5 -3.5
v 0.7 8.9 1.8
v 0.7 8.9 1.4
v 0.7 8.9 -2
v 0.7 8.9 -2.6
v 0.7 8.9 -2.7
v 0.7 8.9 -3.1
v 0.7 8.9 -3.2
v 0.7 8.9 -3.3
v 0.7 9.1 -2.6
v 0.7 9.1 -3.1
v 0.8 0 1.3
v 0.8 0 1.2
v 0.8 0 -1.2
v 0.8 0 -1.4
v 0.8 0.1 1.3
v 0.8 0.1 1.2
v 0.8 0.1 1.1
v 0.8 0.1 1
v 0.8 0.1 -1
v 0.8 0.1 -1.2
v 0.8 0.1 -1.4
v 0.8 0.2 1
v 0.8 0.2 0.9
v 0.8 0.2 -0.8
v 0.8 0.2 -0.9
v 0.8 0.2 -1
v 0.8 0.2 -1.2
v 0.8 0.3 1.1
v 0.8 0.3 1
v 0.8 0.5 1
v 0.8 0.5 0.9
v 0.8 0.5 0.8
v 0.8 0.5 0.7
v 0.8 0.5 -0.7
v 0.8 0.5 -0.8
v 0.8 0.6 -0.8
v 0.8 0.6 -0.9
v 0.8 0.8 0.7
v 0.8 0.8 0.2
v 0.8 0.8 -0.6
v 0.8 0.8 -0.7
v 0.8 0.9 0.8
v 0.8 0.9 0.6
v 0.8 0.9 0.2
v 0.8 0.9 -0.6
v 0.8 0.9 -0.7
v 0.8 0.9 -0.8
v 0.8 1 0.6
v 0.8 1 -0.7
v 0.8 3 -0.2
v 0.8 3 -0.8
v 0.8 3.5 -0.8
v 0.8 3.5 -1
v 0.8 3.7 -0.2
v 0.8 3.7 -0.4
v 0.8 4 -0.5
v 0.8 4 -0.9
v 0.8 4 -1
v 0.8 4 -1.2
v 0.8 4.1 -0.2
v 0.8 4.1 -0.4
v 0.8 4.3 -0.3
v 0.8 4.3 -0.5
v 0.8 4.4 -0.9
v 0.8 4.4 -1.1
v 0.8 4.4 -1.2
v 0.8 4.4 -1.3
v 0.8 4.5 -1.1
v 0.8 4.5 -1.2
v 0.8 4.7 -1.2
v 0.8 4.7 -1.3
v 0.8 5 -0.2
v 0.8 5 -0.3
v 0.8 5.2 -1.1
v 0.8 5.2 -1.2
v 0.8 5.6 -0.1
v 0.8 5.6 -0.2
v 0.8 5.6 -1.1
v 0.8 5.6 -1.2
v 0.8 5.8 -0.1
v 0.8 5.8 -0.2
v 0.8 5.9 -0.8
v 0.8 5.9 -0.9
v 0.8 6 -0.9
v 0.8 6 -1
v 0.8 6.1 -0.1
v 0.8 6.1 -0.2
v 0.8 6.1 -0.9
v 0.8 6.1 -1
v 0.8 6.2 -0.8
v 0.8 6.2 -0.9
v 0.8 6.3 -0.1
v 0.8 6.3 -0.2
v 0.8 6.4 -2.38419e-07
v 0.8 6.4 -0.1
v 0.8 6.5 -0.9
v 0.8 6.5 -1
v 0.8 6.7 -0.9
v 0.8 6.7 -1
v 0.8 6.8 -4.1
v 0.8 6.8 -4.2
v 0.8 6.9 -0.8
v 0.8 6.9 -0.9
v 0.8 7 -2.38419e-07
v 0.8 7 -0.1
v 0.8 7 -0.2
v 0.8 7 -0.6
v 0.8 7 -0.8
v 0.8 7 -0.9
v 0.8 7 -4
v 0.8 7 -4.1
v 0.8 7.1 -0.6
v 0.8 7.1 -0.7
v 0.8 7.2 -0.1
v 0.8 7.2 -0.2
v 0.8 7.2 -4.1
v 0.8 7.2 -4.2
v 0.8 7.3 -0.7
v 0.8 7.3 -0.8
v 0.8 7.5 -2.38419e-07
v 0.8 7.5 -0.1
v 0.8 7.5 -0.2
v 0.8 7.5 -0.3
v 0.8 7.5 -0.7
v 0.8 7.5 -0.8
v 0.8 7.5 -0.9
v 0.8 7.5 -3.7
v 0.8 7.5 -4
v 0.8 7.5 -4.1
v 0.8 7.7 -2.38419e-07
v 0.8 7.7 -0.1
v 0.8 7.7 -0.7
v 0.8 7.7 -0.8
v 0.8 7.7 -3.7
v 0.8 7.7 -3.9
v 0.8 7.7 -4
v 0.8 7.9 1.4
v 0.8 7.9 0.8
v 0.8 7.9 -0.1
v 0.8 7.9 -0.2
v 0.8 7.9 -0.3
v 0.8 7.9 -0.8
v 0.8 7.9 -0.9
v 0.8 7.9 -1.1
v 0.8 7.9 -1.5
v 0.8 7.9 -1.6
v 0.8 7.9 -2.2
v 0.8 7.9 -2.3
v 0.8 8 -0.9
v 0.8 8 -1.1
v 0.8 8 -1.2
v 0.8 8 -1.5
v 0.8 8.2 1.9
v 0.8 8.2 1.6
v 0.8 8.2 1.4
v 0.8 8.2 1.3
v 0.8 8.2 1
v 0.8 8.2 0.9
v 0.8 8.2 0.8
v 0.8 8.2 0.4
v 0.8 8.2 0.3
v 0.8 8.2 -0.2
v 0.8 8.2 -0.3
v 0.8 8.2 -0.8
v 0.8 8.2 -0.9
v 0.8 8.2 -1.1
v 0.8 8.2 -1.2
v 0.8 8.2 -1.5
v 0.8 8.2 -1.6
v 0.8 8.2 -1.7
v 0.8 8.2 -1.9
v 0.8 8.2 -2.2
v 0.8 8.2 -2.3
v 0.8 8.2 -3.5
v 0.8 8.2 -3.6
v 0.8 8.4 1.9
v 0.8 8.4 1.6
v 0.8 8.4 0.6
v 0.8 8.4 0.5
v 0.8 8.4 0.4
v 0.8 8.4 0.3
v 0.8 8.4 -0.2
v 0.8 8.4 -0.3
v 0.8 8.4 -1.7
v 0.8 8.4 -1.8
v 0.8 8.4 -1.9
v 0.8 8.4 -2.4
v 0.8 8.4 -2.7
v 0.8 8.4 -2.9
v 0.8 8.4 -3.5
v 0.8 8.4 -3.6
v 0.8 8.5 0.6
v 0.8 8.5 0.5
v 0.8 8.5 -1.8
v 0.8 8.5 -2.4
v 0.8 8.5 -2.7
v 0.8 8.5 -2.9
v 0.8 8.5 -3.1
v 0.8 8.5 -3.2
v 0.8 8.7 0.4
v 0.8 8.7 0.3
v 0.8 8.9 0.8
v 0.8 8.9 0.7
v 0.8 8.9 0.4
v 0.8 8.9 0.3
v 0.8 8.9 -3.1
v 0.8 8.9 -3.2
v 0.8 9.1 0.8
v 0.8 9.1 0.7
v 0.9 0 1.2
v 0.9 0 1.1
v 0.9 0 -1.1
v 0.9 0 -1.2
v 0.9 0.1 1.2
v 0.9 0.1 1.1
v 0.9 0.1 1
v 0.9 0.1 0.9
v 0.9 0.1 -0.7
v 0.9 0.1 -1
v 0.9 0.1 -1.1
v 0.9 0.1 -1.2
v 0.9 0.2 1
v 0.9 0.2 0.9
v 0.9 0.2 -0.8
v 0.9 0.2 -1
v 0.9 0.3 0.9
v 0.9 0.3 0.8
v 0.9 0.4 0.8
v 0.9 0.4 0.6
v 0.9 0.4 -0.6
v 0.9 0.4 -0.7
v 0.9 0.5 0.9
v 0.9 0.5 0.7
v 0.9 0.5 -0.7
v 0.9 0.5 -0.8
v 0.9 0.7 0.6
v 0.9 0.7 0.5
v 0.9 0.7 0.0999997
v 0.9 0.7 -0.6
v 0.9 0.8 0.7
v 0.9 0.8 0.5
v 0.9 0.8 0.2
v 0.9 0.8 0.0999997
v 0.9 0.8 -0.6
v 0.9 0.8 -0.7
v 0.9 0.9 0.2
v 0.9 0.9 -0.6
v 0.9 4 -0.5
v 0.9 4 -0.9
v 0.9 4.3 -0.3
v 0.9 4.3 -0.5
v 0.9 4.4 -0.9
v 0.9 4.4 -1.1
v 0.9 4.5 -1.1
v 0.9 4.5 -1.2
v 0.9 5 -0.2
v 0.9 5 -0.3
v 0.9 5 -0.5
v 0.9 5 -0.9
v 0.9 5.1 -0.2
v 0.9 5.1 -0.5
v 0.9 5.2 -1.1
v 0.9 5.2 -1.2
v 0.9 5.3 -0.1
v 0.9 5.3 -0.2
v 0.9 5.3 -0.9
v 0.9 5.3 -1.1
v 0.9 5.6 -0.1
v 0.9 5.6 -0.2
v 0.9 5.6 -1.1
v 0.9 5.6 -1.2
v 0.9 5.7 -0.2
v 0.9 5.7 -0.3
v 0.9 5.7 -1
v 0.9 5.7 -1.1
v 0.9 5.8 -0.9
v 0.9 5.8 -1
v 0.9 5.9 -0.9
v 0.9 5.9 -1.1
v 0.9 5.9 -1.2
v 0.9 6 -0.3
v 0.9 6 -0.8
v 0.9 6 -0.9
v 0.9 6 -1.1
v 0.9 6.2 -0.8
v 0.9 6.2 -0.9
v 0.9 6.3 -0.1
v 0.9 6.3 -0.2
v 0.9 6.8 -0.8
v 0.9 6.8 -0.9
v 0.9 7 -0.1
v 0.9 7 -0.8
v 0.9 7.7 -3.5
v 0.9 7.7 -3.7
v 0.9 7.7 -3.8
v 0.9 7.7 -3.9
v 0.9 7.9 -1.6
v 0.9 7.9 -1.9
v 0.9 7.9 -2.1
v 0.9 7.9 -2.2
v 0.9 7.9 -3.3
v 0.9 7.9 -3.5
v 0.9 7.9 -3.7
v 0.9 7.9 -3.8
v 0.9 7.9 -3.9
v 0.9 8 -0.9
v 0.9 8 -1.1
v 0.9 8 -1.4
v 0.9 8 -1.5
v 0.9 8 -1.6
v 0.9 8.2 0.9
v 0.9 8.2 0.7
v 0.9 8.2 0.3
v 0.9 8.2 0.2
v 0.9 8.2 -0.3
v 0.9 8.2 -0.4
v 0.9 8.2 -0.9
v 0.9 8.2 -1.1
v 0.9 8.2 -1.4
v 0.9 8.2 -1.5
v 0.9 8.2 -1.6
v 0.9 8.2 -1.7
v 0.9 8.2 -1.9
v 0.9 8.2 -2
v 0.9 8.2 -2.1
v 0.9 8.2 -2.2
v 0.9 8.2 -3
v 0.9 8.2 -3.1
v 0.9 8.2 -3.3
v 0.9 8.2 -3.5
v 0.9 8.4 0.9
v 0.9 8.4 0.7
v 0.9 8.4 0.3
v 0.9 8.4 0.2
v 0.9 8.4 -0.3
v 0.9 8.4 -0.4
v 0.9 8.4 -1.9
v 0.9 8.4 -2
v 0.9 8.4 -2.9
v 0.9 8.4 -3
v 0.9 8.4 -3.1
v 0.9 8.5 -2.9
v 0.9 8.5 -3
v 0.9 8.7 1.1
v 0.9 8.7 1
v 0.9 8.7 0.3
v 0.9 8.7 0.0999997
v 0.9 8.7 -0.9
v 0.9 8.7 -1
v 0.9 8.9 1.1
v 0.9 8.9 1
v 0.9 8.9 0.3
v 0.9 8.9 0.0999997
v 0.9 8.9 -0.9
v 0.9 8.9 -1
v 1 0 -0.9
v 1 0 -1.1
v 1 0.1 0.9
v 1 0.1 0.8
v 1 0.1 -0.9
v 1 0.1 -1.1
v 1 0.3 0.9
v 1 0.3 0.8
v 1 0.4 0.6
v 1 0.4 0.3
v 1 0.4 -0.4
v 1 0.4 -0.6
v 1 0.5 0.3
v 1 0.5 0.2
v 1 0.5 -0.2
v 1 0.5 -0.4
v 1 0.6 0.2
v 1 0.6 -0.2
v 1 0.7 0.6
v 1 0.7 0.5
v 1 0.7 0.0999997
v 1 0.7 -0.6
v 1 0.8 0.5
v 1 0.8 0.0999997
v 1 5 -0.5
v 1 5 -0.9
v 1 5.1 -0.2
v 1 5.1 -0.5
v 1 5.3 -0.9
v 1 5.3 -1.1
v 1 5.7 -0.2
v 1 5.7 -0.3
v 1 5.7 -1
v 1 5.7 -1.1
v 1 5.8 -0.9
v 1 5.8 -1
v 1 5.9 -0.8
v 1 5.9 -0.9
v 1 6 -0.3
v 1 6 -0.8
v 1 7.5 1.5
v 1 7.5 1.4
v 1 7.5 -0.3
v 1 7.5 -0.8
v 1 7.7 -3.7
v 1 7.7 -3.8
v 1 7.9 1.5
v 1 7.9 1.4
v 1 7.9 1.3
v 1 7.9 -2.38419e-07
v 1 7.9 -0.3
v 1 7.9 -0.4
v 1 7.9 -0.8
v 1 7.9 -3.5
v 1 7.9 -3.7
v 1 7.9 -3.8
v 1 8 1.4
v 1 8 1.3
v 1 8 -2.38419e-07
v 1 8 -0.2
v 1 8 -0.3
v 1 8 -0.4
v 1 8 -1.2
v 1 8 -1.4
v 1 8 -1.5
v 1 8 -1.6
v 1 8.2 0.0999997
v 1 8.2 -2.38419e-07
v 1 8.2 -0.2
v 1 8.2 -0.3
v 1 8.2 -0.6
v 1 8.2 -0.7
v 1 8.2 -1.2
v 1 8.2 -1.3
v 1 8.2 -1.4
v 1 8.2 -1.5
v 1 8.2 -1.6
v 1 8.2 -1.7
v 1 8.2 -2
v 1 8.2 -2.4
v 1 8.2 -3.1
v 1 8.2 -3.5
v 1 8.2 -3.7
v 1 8.4 0.5
v 1 8.4 0.3
v 1 8.4 0.0999997
v 1 8.4 -2.38419e-07
v 1 8.4 -2
v 1 8.4 -2.4
v 1 8.4 -2.7
v 1 8.4 -3
v 1 8.4 -3.1
v 1 8.4 -3.3
v 1 8.4 -3.5
v 1 8.5 1.4
v 1 8.5 1.3
v 1 8.5 0.5
v 1 8.5 0.3
v 1 8.5 0.2
v 1 8.5 0.0999997
v 1 8.5 -0.6
v 1 8.5 -1.3
v 1 8.5 -1.7
v 1 8.5 -2.4
v 1 8.5 -2.7
v 1 8.5 -2.8
v 1 8.5 -3
v 1 8.5 -3.1
v 1 8.5 -3.3
v 1 8.7 1.4
v 1 8.7 1.3
v 1 8.7 0.2
v 1 8.7 0.0999997
v 1 8.7 -0.6
v 1 8.7 -0.7
v 1 8.7 -1
v 1 8.7 -1.1
v 1 8.9 -1
v 1 8.9 -1.1
v 1 8.9 -2.7
v 1 8.9 -2.8
v 1 8.9 -3
v 1 8.9 -3.1
v 1 9.1 0.5
v 1 9.1 0.4
v 1 9.2 0.5
v 1 9.2 0.4
v 1.1 0 1.1
v 1.1 0 1
v 1.1 0.1 1.1
v 1.1 0.1 1
v 1.1 0.1 0.8
v 1.1 0.1 0.6
v 1.1 0.1 -0.6
v 1.1 0.1 -0.7
v 1.1 0.2 0.6
v 1.1 0.2 0.4
v 1.1 0.2 -0.1
v 1.1 0.2 -0.6
v 1.1 0.3 0.4
v 1.1 0.3 -0.1
v 1.1 0.4 0.8
v 1.1 0.4 0.3
v 1.1 0.4 -0.4
v 1.1 0.4 -0.7
v 1.1 0.5 0.3
v 1.1 0.5 0.2
v 1.1 0.5 -0.2
v 1.1 0.5 -0.4
v 1.1 0.6 0.2
v 1.1 0.6 -0.2
v 1.1 7.5 1.6
v 1.1 7.5 1.5
v 1.1 7.7 1.6
v 1.1 7.7 1.5
v 1.1 7.9 -0.4
v 1.1 7.9 -0.8
v 1.1 8 1.3
v 1.1 8 1.2
v 1.1 8 -2.38419e-07
v 1.1 8 -0.2
v 1.1 8 -0.4
v 1.1 8 -0.8
v 1.1 8.2 1.3
v 1.1 8.2 1.2
v 1.1 8.2 1.1
v 1.1 8.2 0.2
v 1.1 8.2 0.0999997
v 1.1 8.2 -2.38419e-07
v 1.1 8.2 -0.2
v 1.1 8.2 -1.2
v 1.1 8.2 -1.3
v 1.1 8.2 -1.7
v 1.1 8.2 -1.8
v 1.1 8.4 1.2
v 1.1 8.4 1.1
v 1.1 8.4 0.2
v 1.1 8.4 0.0999997
v 1.1 8.5 -1.2
v 1.1 8.5 -1.3
v 1.1 8.5 -1.7
v 1.1 8.5 -1.8
v 1.1 8.5 -2.8
v 1.1 8.5 -3
v 1.1 8.9 -2.8
v 1.1 8.9 -3
v 1.1 9.1 0.6
v 1.1 9.1 0.5
v 1.1 9.2 0.6
v 1.1 9.2 0.5
v 1.2 0 1
v 1.2 0 0.8
v 1.2 0 -0.8
v 1.2 0 -0.9
v 1.2 0.1 1
v 1.2 0.1 0.8
v 1.2 0.1 0.6
v 1.2 0.1 0.2
v 1.2 0.1 -0.4
v 1.2 0.1 -0.6
v 1.2 0.1 -0.8
v 1.2 0.1 -0.9
v 1.2 0.2 0.6
v 1.2 0.2 0.4
v 1.2 0.2 0.2
v 1.2 0.2 -0.1
v 1.2 0.2 -0.4
v 1.2 0.2 -0.6
v 1.2 0.3 0.4
v 1.2 0.3 -0.1
v 1.2 7.3 1.7
v 1.2 7.3 1.6
v 1.2 7.7 1.7
v 1.2 7.7 1.6
v 1.2 7.9 1.5
v 1.2 7.9 1.4
v 1.2 8 1.6
v 1.2 8 1.5
v 1.2 8 1.4
v 1.2 8 -0.3
v 1.2 8 -0.6
v 1.2 8.2 1.6
v 1.2 8.2 1.5
v 1.2 8.2 1.4
v 1.2 8.2 1.1
v 1.2 8.2 1
v 1.2 8.2 -0.3
v 1.2 8.2 -0.6
v 1.2 8.2 -1.8
v 1.2 8.2 -1.9
v 1.2 8.4 1.1
v 1.2 8.4 1
v 1.2 8.5 1.5
v 1.2 8.5 1.4
v 1.2 8.5 0.0999997
v 1.2 8.5 -2.38419e-07
v 1.2 8.5 -0.7
v 1.2 8.5 -0.9
v 1.2 8.5 -1.2
v 1.2 8.5 -1.3
v 1.2 8.5 -1.4
v 1.2 8.5 -1.6
v 1.2 8.5 -1.8
v 1.2 8.5 -1.9
v 1.2 8.7 1.3
v 1.2 8.7 1.2
v 1.2 8.7 0.0999997
v 1.2 8.7 -2.38419e-07
v 1.2 8.7 -0.7
v 1.2 8.7 -0.9
v 1.2 8.7 -1.3
v 1.2 8.7 -1.4
v 1.2 8.7 -1.6
v 1.2 8.9 1.3
v 1.2 8.9 1.2
v 1.2 8.9 0.9
v 1.2 8.9 0.8
v 1.2 8.9 0.6
v 1.2 8.9 0.4
v 1.2 8.9 -1.2
v 1.2 8.9 -1.4
v 1.2 9.1 0.9
v 1.2 9.1 0.8
v 1.2 9.1 0.6
v 1.2 9.1 0.4
v 1.3 0 0.8
v 1.3 0 0.4
v 1.3 0 -0.6
v 1.3 0 -0.8
v 1.3 0.1 0.8
v 1.3 0.1 0.4
v 1.3 0.1 0.2
v 1.3 0.1 -0.4
v 1.3 0.1 -0.6
v 1.3 0.1 -0.8
v 1.3 0.2 0.2
v 1.3 0.2 -0.4
v 1.3 8 1.4
v 1.3 8 1.3
v 1.3 8.2 1.4
v 1.3 8.2 1.3
v 1.3 8.2 1
v 1.3 8.2 0.9
v 1.3 8.2 -0.8
v 1.3 8.2 -1.2
v 1.3 8.2 -1.9
v 1.3 8.2 -2
v 1.3 8.4 1
v 1.3 8.4 0.9
v 1.3 8.4 0.3
v 1.3 8.4 0.2
v 1.3 8.5 0.3
v 1.3 8.5 0.2
v 1.3 8.5 0.0999997
v 1.3 8.5 -0.8
v 1.3 8.5 -1.1
v 1.3 8.5 -1.3
v 1.3 8.5 -1.4
v 1.3 8.5 -1.7
v 1.3 8.5 -1.9
v 1.3 8.5 -2
v 1.3 8.7 1.2
v 1.3 8.7 1.1
v 1.3 8.7 0.2
v 1.3 8.7 0.0999997
v 1.3 8.7 -1.3
v 1.3 8.7 -1.4
v 1.3 8.7 -1.7
v 1.3 8.7 -1.9
v 1.3 8.9 1.2
v 1.3 8.9 1.1
v 1.3 8.9 0.8
v 1.3 8.9 0.6
v 1.3 8.9 -1.1
v 1.3 8.9 -1.2
v 1.3 9.1 0.8
v 1.3 9.1 0.6
v 1.4 0 0.4
v 1.4 0 -0.6
v 1.4 0.1 0.4
v 1.4 0.1 -0.6
v 1.4 7.3 1.7
v 1.4 7.3 1.6
v 1.4 7.7 1.8
v 1.4 7.7 1.7
v 1.4 7.7 1.6
v 1.4 7.9 1.8
v 1.4 7.9 1.7
v 1.4 7.9 1.6
v 1.4 7.9 1.4
v 1.4 8 1.6
v 1.4 8 1.4
v 1.4 8 -0.6
v 1.4 8 -0.7
v 1.4 8.2 0.4
v 1.4 8.2 0.3
v 1.4 8.2 -0.4
v 1.4 8.2 -0.6
v 1.4 8.2 -0.7
v 1.4 8.4 0.6
v 1.4 8.4 0.4
v 1.4 8.5 1.5
v 1.4 8.5 1.4
v 1.4 8.5 0.6
v 1.4 8.5 0.3
v 1.4 8.5 0.2
v 1.4 8.5 -0.4
v 1.4 8.5 -0.6
v 1.4 8.5 -1
v 1.4 8.5 -1.1
v 1.4 8.5 -1.6
v 1.4 8.5 -1.7
v 1.4 8.7 1.5
v 1.4 8.7 1.4
v 1.4 8.7 1
v 1.4 8.7 0.9
v 1.4 8.7 0.8
v 1.4 8.7 0.7
v 1.4 8.7 0.4
v 1.4 8.7 0.3
v 1.4 8.7 -0.8
v 1.4 8.7 -0.9
v 1.4 8.7 -1
v 1.4 8.7 -1.1
v 1.4 8.7 -1.4
v 1.4 8.7 -1.6
v 1.4 8.7 -1.7
v 1.4 8.9 1
v 1.4 8.9 0.9
v 1.4 8.9 0.8
v 1.4 8.9 0.7
v 1.4 8.9 0.4
v 1.4 8.9 0.3
v 1.4 8.9 0.2
v 1.4 8.9 -0.8
v 1.4 8.9 -0.9
v 1.4 8.9 -1.4
v 1.4 8.9 -1.6
v 1.4 9.1 0.4
v 1.4 9.1 0.3
v 1.5 7 1.7
v 1.5 7 1.6
v 1.5 7.2 1.7
v 1.5 7.2 1.6
v 1.5 7.7 1.7
v 1.5 7.7 1.6
v 1.5 7.7 1.5
v 1.5 7.7 1.4
v 1.5 7.9 1.7
v 1.5 7.9 1.6
v 1.5 7.9 1.5
v 1.5 7.9 1.4
v 1.5 8 -0.7
v 1.5 8 -0.8
v 1.5 8.2 0.2
v 1.5 8.2 -0.4
v 1.5 8.2 -0.6
v 1.5 8.2 -0.7
v 1.5 8.2 -0.8
v 1.5 8.4 1.5
v 1.5 8.4 1.4
v 1.5 8.4 0.9
v 1.5 8.4 0.6
v 1.5 8.5 1.5
v 1.5 8.5 1.4
v 1.5 8.5 1.1
v 1.5 8.5 0.9
v 1.5 8.5 0.6
v 1.5 8.5 0.2
v 1.5 8.5 -0.1
v 1.5 8.5 -0.4
v 1.5 8.5 -0.6
v 1.5 8.5 -0.8
v 1.5 8.7 1.1
v 1.5 8.7 1
v 1.5 8.7 0.9
v 1.5 8.7 0.8
v 1.5 8.7 0.7
v 1.5 8.7 -0.4
v 1.5 8.7 -0.5
v 1.5 8.7 -0.7
v 1.5 8.7 -0.8
v 1.5 8.7 -1
v 1.5 8.7 -1.1
v 1.5 8.7 -1.6
v 1.5 8.7 -1.7
v 1.5 8.9 1.1
v 1.5 8.9 1
v 1.5 8.9 0.9
v 1.5 8.9 0.8
v 1.5 8.9 0.7
v 1.5 8.9 0.6
v 1.5 8.9 -0.1
v 1.5 8.9 -0.5
v 1.5 8.9 -0.7
v 1.5 8.9 -0.8
v 1.5 8.9 -1
v 1.5 8.9 -1.1
v 1.5 8.9 -1.6
v 1.5 8.9 -1.7
v 1.6 7 2
v 1.6 7 1.9
v 1.6 7 1.8
v 1.6 7 1.7
v 1.6 7.2 1.8
v 1.6 7.2 1.7
v 1.6 7.5 2
v 1.6 7.5 1.9
v 1.6 7.9 1.7
v 1.6 7.9 1.6
v 1.6 8 1.7
v 1.6 8 1.6
v 1.6 8.2 1
v 1.6 8.2 0.9
v 1.6 8.4 1.4
v 1.6 8.4 1.3
v 1.6 8.4 0.9
v 1.6 8.5 1.2
v 1.6 8.5 1.1
v 1.6 8.5 1
v 1.6 8.5 0.9
v 1.6 8.5 0.6
v 1.6 8.5 0.3
v 1.6 8.5 -2.38419e-07
v 1.6 8.5 -0.1
v 1.6 8.5 -0.4
v 1.6 8.5 -0.5
v 1.6 8.7 1.4
v 1.6 8.7 1.3
v 1.6 8.7 1.2
v 1.6 8.7 1.1
v 1.6 8.7 0.3
v 1.6 8.7 -2.38419e-07
v 1.6 8.7 -0.1
v 1.6 8.7 -0.4
v 1.6 8.7 -0.5
v 1.6 8.7 -0.9
v 1.6 8.7 -1
v 1.6 8.9 0.6
v 1.6 8.9 0.3
v 1.6 8.9 -0.9
v 1.6 8.9 -1
v 1.6 8.9 -1.2
v 1.6 9.2 -1
v 1.6 9.2 -1.2
v 1.7 6.8 2.1
v 1.7 6.8 2
v 1.7 7 2.1
v 1.7 7 2
v 1.7 7.5 1.9
v 1.7 7.5 1.8
v 1.7 7.7 1.9
v 1.7 7.7 1.8
v 1.7 7.9 1.6
v 1.7 7.9 1.5
v 1.7 8 1.7
v 1.7 8 1.6
v 1.7 8 1.5
v 1.7 8.2 1.7
v 1.7 8.2 1.6
v 1.7 8.2 1.1
v 1.7 8.2 1
v 1.7 8.2 0.9
v 1.7 8.2 0.8
v 1.7 8.2 0.6
v 1.7 8.2 0.5
v 1.7 8.2 -0.9
v 1.7 8.2 -1.1
v 1.7 8.4 1.3
v 1.7 8.4 1.2
v 1.7 8.4 0.9
v 1.7 8.4 0.8
v 1.7 8.4 0.6
v 1.7 8.4 0.5
v 1.7 8.5 1.2
v 1.7 8.5 1.1
v 1.7 8.5 1
v 1.7 8.5 -0.5
v 1.7 8.5 -0.6
v 1.7 8.5 -0.8
v 1.7 8.5 -0.9
v 1.7 8.5 -1.1
v 1.7 8.5 -2
v 1.7 8.5 -2.2
v 1.7 8.7 1.3
v 1.7 8.7 1.2
v 1.7 8.7 -2.38419e-07
v 1.7 8.7 -0.1
v 1.7 8.7 -0.5
v 1.7 8.7 -0.6
v 1.7 8.7 -0.8
v 1.7 8.7 -0.9
v 1.7 8.7 -1
v 1.7 8.7 -1.1
v 1.7 8.7 -2
v 1.7 8.7 -2.2
v 1.7 8.9 -2.38419e-07
v 1.7 8.9 -0.1
v 1.7 8.9 -1
v 1.7 8.9 -1.1
v 1.7 9.2 -1.2
v 1.7 9.2 -1.3
v 1.7 9.2 -1.8
v 1.7 9.2 -1.9
v 1.7 9.4 -1.2
v 1.7 9.4 -1.3
v 1.7 9.4 -1.8
v 1.7 9.4 -1.9
v 1.8 6.3 2.2
v 1.8 6.3 2.1
v 1.8 6.5 2.3
v 1.8 6.5 2.2
v 1.8 6.5 2.1
v 1.8 6.7 2.3
v 1.8 6.7 2.2
v 1.8 6.7 2.1
v 1.8 6.8 2.2
v 1.8 6.8 2.1
v 1.8 7 2
v 1.8 7 1.9
v 1.8 7.3 2
v 1.8 7.3 1.9
v 1.8 7.3 1.8
v 1.8 7.5 1.9
v 1.8 7.5 1.8
v 1.8 7.5 1
v 1.8 7.5 0.9
v 1.8 7.7 1.8
v 1.8 7.7 1.4
v 1.8 7.9 1.8
v 1.8 7.9 1.5
v 1.8 7.9 1.2
v 1.8 7.9 1.1
v 1.8 7.9 1
v 1.8 7.9 0.9
v 1.8 7.9 0.8
v 1.8 8 1.6
v 1.8 8 1.5
v 1.8 8 1.4
v 1.8 8 1.3
v 1.8 8 1.2
v 1.8 8 1.1
v 1.8 8 1
v 1.8 8 0.9
v 1.8 8 0.8
v 1.8 8 0.7
v 1.8 8.2 1.2
v 1.8 8.2 1.1
v 1.8 8.2 1
v 1.8 8.2 0.9
v 1.8 8.2 0.7
v 1.8 8.2 0.6
v 1.8 8.2 0.2
v 1.8 8.2 0.0999997
v 1.8 8.4 1.6
v 1.8 8.4 1.3
v 1.8 8.4 1.2
v 1.8 8.4 0.8
v 1.8 8.4 0.6
v 1.8 8.5 1.2
v 1.8 8.5 1.1
v 1.8 8.5 0.2
v 1.8 8.5 0.0999997
v 1.8 8.5 -1.1
v 1.8 8.5 -1.2
v 1.8 8.7 -0.4
v 1.8 8.7 -0.5
v 1.8 8.7 -1.1
v 1.8 8.7 -1.2
v 1.8 8.9 -0.4
v 1.8 8.9 -0.5
v 1.8 8.9 -1.2
v 1.8 8.9 -1.3
v 1.8 9.2 -1.2
v 1.8 9.2 -1.3
v 1.8 9.2 -1.4
v 1.8 9.4 -1.3
v 1.8 9.4 -1.4
v 1.9 6.3 1.8
v 1.9 6.3 1.7
v 1.9 6.7 1.8
v 1.9 6.7 1.7
v 1.9 7 1.9
v 1.9 7 1.8
v 1.9 7.3 1.9
v 1.9 7.3 1.8
v 1.9 7.7 1.2
v 1.9 7.7 1.1
v 1.9 7.9 1.3
v 1.9 7.9 1.2
v 1.9 7.9 1.1
v 1.9 7.9 1
v 1.9 7.9 0.9
v 1.9 8 1.3
v 1.9 8 1
v 1.9 8 0.9
v 1.9 8.2 1.1
v 1.9 8.2 1
v 1.9 8.2 0.0999997
v 1.9 8.2 -2.38419e-07
v 1.9 8.4 1.3
v 1.9 8.4 1.2
v 1.9 8.5 0.0999997
v 1.9 8.5 -2.38419e-07
v 1.9 8.5 -0.6
v 1.9 8.5 -0.7
v 1.9 8.5 -0.9
v 1.9 8.5 -1.1
v 1.9 8.7 -0.6
v 1.9 8.7 -0.7
v 1.9 8.7 -0.9
v 1.9 8.7 -1.1
v 2 6.1 2.3
v 2 6.1 2.2
v 2 6.7 2.3
v 2 6.7 2.2
v 2 6.7 2.1
v 2 6.7 2
v 2 7 2.1
v 2 7 2
v 2 7 1.8
v 2 7 1.7
v 2 7.5 1.4
v 2 7.5 1.3
v 2 7.7 1.8
v 2 7.7 1.7
v 2 7.7 1.4
v 2 7.7 1.3
v 2 7.7 1.2
v 2 7.7 1.1
v 2 7.7 1
v 2 7.9 1.3
v 2 7.9 1.2
v 2 7.9 1.1
v 2 7.9 1
v 2 8 1.4
v 2 8 1.3
v 2 8.2 -0.8
v 2 8.2 -0.9
v 2 8.5 0.3
v 2 8.5 -2.38419e-07
v 2 8.5 -0.7
v 2 8.5 -0.8
v 2 8.5 -0.9
v 2 8.7 0.3
v 2 8.7 -2.38419e-07
v 2 8.7 -0.7
v 2 8.7 -0.8
v 2 8.7 -2.3
v 2 8.7 -2.4
v 2 8.9 -1.3
v 2 8.9 -1.4
v 2 8.9 -2.2
v 2 8.9 -2.3
v 2 8.9 -2.4
v 2 9.2 -1.3
v 2 9.2 -1.4
v 2 9.2 -2.2
v 2 9.2 -2.3
v 2.1 6.3 1.9
v 2.1 6.3 1.8
v 2.1 6.7 1.9
v 2.1 6.7 1.8
v 2.1 6.8 2
v 2.1 6.8 1.9
v 2.1 6.8 1.7
v 2.1 6.8 1.6
v 2.1 6.8 1.5
v 2.1 7 2
v 2.1 7 1.9
v 2.1 7 1.7
v 2.1 7 1.6
v 2.1 7 1.5
v 2.1 7.2 1.6
v 2.1 7.2 1.5
v 2.1 7.2 1.4
v 2.1 7.2 1.3
v 2.1 7.3 1.3
v 2.1 7.3 1.1
v 2.1 7.5 1.5
v 2.1 7.5 1.4
v 2.1 7.5 1.3
v 2.1 7.7 1.7
v 2.1 7.7 1.4
v 2.1 7.7 1.3
v 2.1 7.7 1.1
v 2.1 8.7 -1.1
v 2.1 8.7 -1.3
v 2.1 8.9 -1.1
v 2.1 8.9 -1.3
v 2.1 8.9 -2
v 2.1 8.9 -2.2
v 2.1 9.2 -2
v 2.1 9.2 -2.2
v 2.2 6.1 2.3
v 2.2 6.1 2.2
v 2.2 6.1 1.9
v 2.2 6.5 2.3
v 2.2 6.5 2.2
v 2.2 6.5 2
v 2.2 6.5 1.9
v 2.2 6.7 2.2
v 2.2 6.7 2
v 2.2 6.7 1.9
v 2.2 6.7 1.7
v 2.2 6.7 1.6
v 2.2 6.8 2
v 2.2 6.8 1.9
v 2.2 6.8 1.7
v 2.2 6.8 1.6
v 2.2 7.2 1.5
v 2.2 7.2 1.4
v 2.2 7.5 1.5
v 2.2 7.5 1.4
v 2.2 8.2 -2.4
v 2.2 8.2 -2.5
v 2.2 8.7 -1.3
v 2.2 8.7 -1.4
v 2.2 8.7 -2.4
v 2.2 8.7 -2.5
v 2.2 8.9 -1.1
v 2.2 8.9 -1.2
v 2.2 8.9 -1.3
v 2.2 8.9 -1.4
v 2.2 8.9 -1.9
v 2.2 8.9 -2
v 2.2 9.2 -1.1
v 2.2 9.2 -1.2
v 2.2 9.2 -1.4
v 2.2 9.2 -1.6
v 2.2 9.2 -1.9
v 2.2 9.2 -2
v 2.2 9.4 -1.4
v 2.2 9.4 -1.6
v 2.3 5.8 2.3
v 2.3 5.8 2.1
v 2.3 6 2.3
v 2.3 6 2.2
v 2.3 6 2.1
v 2.3 6 2
v 2.3 6 1.9
v 2.3 6.1 2.2
v 2.3 6.1 2.1
v 2.3 6.1 2
v 2.3 6.1 1.9
v 2.3 6.5 2
v 2.3 6.5 1.8
v 2.3 6.7 2
v 2.3 6.7 1.9
v 2.3 6.7 1.8
v 2.3 6.7 1.7
v 2.3 7 1.9
v 2.3 7 1.7
v 2.3 8.7 0.3
v 2.3 8.7 0.0999997
v 2.3 8.7 -2.1
v 2.3 8.7 -2.3
v 2.3 8.9 0.3
v 2.3 8.9 0.0999997
v 2.3 8.9 -2.1
v 2.3 8.9 -2.3
v 2.3 9.2 -0.5
v 2.3 9.2 -0.6
v 2.3 9.2 -1.6
v 2.3 9.2 -1.8
v 2.3 9.4 -0.5
v 2.3 9.4 -0.6
v 2.3 9.4 -1.6
v 2.3 9.4 -1.8
v 2.4 6 2.1
v 2.4 6 2
v 2.4 6.1 2.1
v 2.4 6.1 2
v 2.4 8 -2.2
v 2.4 8 -2.3
v 2.4 8.2 -2.2
v 2.4 8.2 -2.3
v 2.4 8.5 -2.3
v 2.4 8.5 -2.4
v 2.4 8.7 -1.3
v 2.4 8.7 -1.4
v 2.4 8.7 -2.3
v 2.4 8.7 -2.4
v 2.4 8.9 -0.7
v 2.4 8.9 -0.8
v 2.4 8.9 -1.3
v 2.4 8.9 -1.4
v 2.4 8.9 -1.6
v 2.4 8.9 -1.7
v 2.4 8.9 -1.9
v 2.4 9.2 -0.7
v 2.4 9.2 -0.8
v 2.4 9.2 -1.4
v 2.4 9.2 -1.6
v 2.4 9.2 -1.7
v 2.4 9.2 -1.8
v 2.4 9.2 -1.9
v 2.4 9.4 -1.8
v 2.4 9.4 -1.9
v 2.5 7.9 -2.4
v 2.5 7.9 -2.5
v 2.5 8 -2.4
v 2.5 8 -2.5
v 2.5 8.2 -2.3
v 2.5 8.2 -2.4
v 2.5 8.5 -0.8
v 2.5 8.5 -0.9
v 2.5 8.5 -1.4
v 2.5 8.5 -1.5
v 2.5 8.5 -2.3
v 2.5 8.5 -2.4
v 2.5 8.7 -0.8
v 2.5 8.7 -0.9
v 2.5 8.7 -1.4
v 2.5 8.7 -1.5
v 2.5 8.7 -1.7
v 2.5 8.7 -1.8
v 2.5 8.9 -1.1
v 2.5 8.9 -1.4
v 2.5 8.9 -1.6
v 2.5 8.9 -1.7
v 2.5 8.9 -1.8
v 2.5 8.9 -1.9
v 2.5 8.9 -2
v 2.5 9.2 -0.4
v 2.5 9.2 -0.5
v 2.5 9.2 -1.1
v 2.5 9.2 -1.4
v 2.5 9.2 -1.6
v 2.5 9.2 -1.7
v 2.5 9.2 -1.9
v 2.5 9.2 -2
v 2.5 9.4 -0.4
v 2.5 9.4 -0.5
v 2.6 8.7 -1.4
v 2.6 8.7 -1.5
v 2.6 8.7 -1.7
v 2.6 8.7 -2
v 2.6 8.7 -2.2
v 2.6 8.9 0.4
v 2.6 8.9 0.3
v 2.6 8.9 -1.5
v 2.6 8.9 -1.7
v 2.6 8.9 -2
v 2.6 8.9 -2.2
v 2.6 9.2 0.4
v 2.6 9.2 0.3
v 2.6 9.2 -1.4
v 2.6 9.2 -1.5
v 2.7 7.9 -2.5
v 2.7 7.9 -2.6
v 2.7 8.2 -1.6
v 2.7 8.2 -1.8
v 2.7 8.2 -2.5
v 2.7 8.2 -2.6
v 2.7 8.5 -1.5
v 2.7 8.5 -1.6
v 2.7 8.5 -1.8
v 2.7 8.5 -2.2
v 2.7 8.5 -2.3
v 2.7 8.7 -1.5
v 2.7 8.7 -1.6
v 2.7 8.7 -1.8
v 2.7 8.7 -2
v 2.7 8.7 -2.2
v 2.7 8.7 -2.3
v 2.7 8.9 0.3
v 2.7 8.9 0.0999997
v 2.7 8.9 -1.8
v 2.7 8.9 -2
v 2.7 9.2 0.3
v 2.7 9.2 0.0999997
v 2.7 9.2 -2.38419e-07
v 2.7 9.2 -0.1
v 2.7 9.2 -0.3
v 2.7 9.2 -0.4
v 2.7 9.4 -2.38419e-07
v 2.7 9.4 -0.1
v 2.7 9.4 -0.3
v 2.7 9.4 -0.4
v 2.8 8.2 -2
v 2.8 8.2 -2.3
v 2.8 8.5 -1.6
v 2.8 8.5 -2
v 2.8 8.5 -2.2
v 2.8 8.5 -2.3
v 2.8 8.7 -0.7
v 2.8 8.7 -0.8
v 2.8 8.7 -1.6
v 2.8 8.7 -2.2
v 2.8 8.9 0.0999997
v 2.8 8.9 -2.38419e-07
v 2.8 8.9 -0.3
v 2.8 8.9 -0.7
v 2.8 8.9 -0.8
v 2.8 9.2 0.0999997
v 2.8 9.2 -2.38419e-07
v 2.8 9.2 -0.3
v 2.8 9.2 -0.7
v 2.9 7.5 -2.5
v 2.9 7.5 -2.6
v 2.9 7.9 -2.5
v 2.9 7.9 -2.6
v 2.9 8 -1.7
v 2.9 8 -1.8
v 2.9 8 -2.2
v 2.9 8 -2.5
v 2.9 8.2 -1.6
v 2.9 8.2 -1.7
v 2.9 8.2 -1.8
v 2.9 8.2 -2
v 2.9 8.2 -2.2
v 2.9 8.2 -2.3
v 2.9 8.2 -2.4
v 2.9 8.2 -2.5
v 2.9 8.5 -1.6
v 2.9 8.5 -2
v 2.9 8.5 -2.3
v 2.9 8.5 -2.4
v 2.9 8.7 0.3
v 2.9 8.7 -2.38419e-07
v 2.9 8.7 -0.4
v 2.9 8.7 -0.7
v 2.9 8.9 0.3
v 2.9 8.9 -2.38419e-07
v 2.9 8.9 -0.2
v 2.9 8.9 -0.4
v 2.9 8.9 -0.7
v 2.9 9.2 -2.38419e-07
v 2.9 9.2 -0.1
v 2.9 9.2 -0.2
v 2.9 9.2 -0.3
v 2.9 9.4 -0.1
v 2.9 9.4 -0.3
v 3 7.2 -2.6
v 3 7.2 -2.7
v 3 7.5 -2.6
v 3 7.5 -2.7
v 3 7.9 -1.8
v 3 7.9 -2
v 3 7.9 -2.2
v 3 7.9 -2.4
v 3 8 -1.8
v 3 8 -2
v 3 8 -2.1
v 3 8 -2.2
v 3 8 -2.4
v 3 8.2 -2
v 3 8.2 -2.1
v 3 8.5 -0.7
v 3 8.5 -0.8
v 3 8.7 -0.7
v 3 8.7 -0.8
v 3 8.9 -0.2
v 3 8.9 -0.3
v 3 9.2 -0.2
v 3 9.2 -0.3
v 3.1 7.9 -2.1
v 3.1 7.9 -2.2
v 3.1 7.9 -2.4
v 3.1 7.9 -2.5
v 3.1 8 -1.8
v 3.1 8 -1.9
v 3.1 8 -2.1
v 3.1 8 -2.4
v 3.1 8 -2.5
v 3.1 8.2 -0.7
v 3.1 8.2 -0.8
v 3.1 8.2 -1.8
v 3.1 8.2 -1.9
v 3.1 8.2 -2.1
v 3.1 8.2 -2.2
v 3.1 8.5 0.3
v 3.1 8.5 0.0999997
v 3.1 8.5 -0.7
v 3.1 8.5 -0.8
v 3.1 8.7 0.3
v 3.1 8.7 0.0999997
v 3.1 8.7 -2.38419e-07
v 3.1 8.7 -0.2
v 3.1 8.7 -0.3
v 3.1 8.7 -0.4
v 3.1 8.7 -0.5
v 3.1 8.7 -0.6
v 3.1 8.9 -2.38419e-07
v 3.1 8.9 -0.2
v 3.1 8.9 -0.3
v 3.1 8.9 -0.4
v 3.1 8.9 -0.5
v 3.1 8.9 -0.6
v 3.2 7.3 -2.1
v 3.2 7.3 -2.2
v 3.2 7.3 -2.3
v 3.2 7.3 -2.4
v 3.2 7.3 -2.5
v 3.2 7.5 -2.2
v 3.2 7.5 -2.3
v 3.2 7.5 -2.5
v 3.2 7.7 -2
v 3.2 7.7 -2.1
v 3.2 7.9 -2.1
v 3.2 7.9 -2.5
v 3.2 8 -1.9
v 3.2 8 -2
v 3.2 8 -2.1
v 3.2 8.2 -0.5
v 3.2 8.2 -0.7
v 3.2 8.2 -1.9
v 3.2 8.2 -2
v 3.2 8.5 0.0999997
v 3.2 8.5 -2.38419e-07
v 3.2 8.5 -0.4
v 3.2 8.5 -0.5
v 3.2 8.7 0.0999997
v 3.2 8.7 -2.38419e-07
v 3.2 8.7 -0.2
v 3.2 8.7 -0.3
v 3.2 8.7 -0.4
v 3.2 8.7 -0.7
v 3.2 8.9 -0.2
v 3.2 8.9 -0.3
v 3.3 7.2 -2.4
v 3.3 7.2 -2.5
v 3.3 7.2 -2.6
v 3.3 7.2 -2.7
v 3.3 7.3 -2.2
v 3.3 7.3 -2.3
v 3.3 7.3 -2.4
v 3.3 7.3 -2.5
v 3.3 7.3 -2.6
v 3.3 7.4 -2.6
v 3.3 7.4 -2.7
v 3.3 7.5 -2.2
v 3.3 7.5 -2.3
v 3.3 7.5 -2.5
v 3.3 7.5 -2.6
v 3.3 7.9 -0.5
v 3.3 7.9 -0.6
v 3.3 8 -0.5
v 3.3 8 -0.6
v 3.3 8.2 0.3
v 3.3 8.2 -0.1
v 3.3 8.2 -0.4
v 3.3 8.2 -0.5
v 3.3 8.5 0.3
v 3.3 8.5 -2.38419e-07
v 3.3 8.5 -0.1
v 3.3 8.5 -0.4
v 3.3 8.5 -0.5
v 3.3 8.7 -2.38419e-07
v 3.3 8.7 -0.4
v 3.4 7 -2.4
v 3.4 7 -2.5
v 3.4 7 -2.6
v 3.4 7 -2.7
v 3.4 7.2 -2.4
v 3.4 7.2 -2.5
v 3.4 7.2 -2.6
v 3.4 7.2 -2.7
v 3.4 8 0.3
v 3.4 8 0.2
v 3.4 8 -0.6
v 3.4 8 -0.7
v 3.4 8.2 0.3
v 3.4 8.2 0.2
v 3.4 8.2 -0.1
v 3.4 8.2 -0.2
v 3.4 8.2 -0.3
v 3.4 8.2 -0.4
v 3.4 8.2 -0.6
v 3.4 8.2 -0.7
v 3.4 8.5 -0.1
v 3.4 8.5 -0.2
v 3.4 8.5 -0.3
v 3.4 8.5 -0.4
v 3.5 6.8 -2.7
v 3.5 6.8 -2.8
v 3.5 7 -2.5
v 3.5 7 -2.6
v 3.5 7.2 -2.7
v 3.5 7.2 -2.8
v 3.5 7.3 -2.5
v 3.5 7.3 -2.6
v 3.5 8 0.2
v 3.5 8 0.0999997
v 3.5 8 -2.38419e-07
v 3.5 8 -0.5
v 3.5 8 -0.6
v 3.5 8.2 0.2
v 3.5 8.2 -2.38419e-07
v 3.5 8.2 -0.5
v 3.5 8.2 -0.6
v 3.6 7.9 0.0999997
v 3.6 7.9 -0.1
v 3.6 7.9 -0.4
v 3.6 7.9 -0.5
v 3.6 8 0.0999997
v 3.6 8 -2.38419e-07
v 3.6 8 -0.1
v 3.6 8 -0.4
v 3.6 8.2 -2.38419e-07
v 3.6 8.2 -0.2
v 3.6 8.2 -0.3
v 3.6 8.2 -0.5
v 3.6 8.5 -0.2
v 3.6 8.5 -0.3
v 3.7 7.5 0.0999997
v 3.7 7.5 -2.38419e-07
v 3.7 7.5 -0.3
v 3.7 7.5 -0.5
v 3.7 7.9 0.0999997
v 3.7 7.9 -2.38419e-07
v 3.7 7.9 -0.1
v 3.7 7.9 -0.2
v 3.7 7.9 -0.4
v 3.7 7.9 -0.5
v 3.7 8 -0.1
v 3.7 8 -0.2
v 3.7 8 -0.3
v 3.7 8 -0.4
v 3.8 7.2 0.0999997
v 3.8 7.2 -2.38419e-07
v 3.8 7.2 -0.4
v 3.8 7.2 -0.5
v 3.8 7.5 0.0999997
v 3.8 7.5 -2.38419e-07
v 3.8 7.5 -0.1
v 3.8 7.5 -0.4
v 3.8 7.5 -0.5
v 3.8 7.9 -2.38419e-07
v 3.8 7.9 -0.1
v 3.8 7.9 -0.2
v 3.8 7.9 -0.3
v 3.8 8 -0.2
v 3.8 8 -0.3
v 3.9 7.2 -0.3
v 3.9 7.2 -0.4
v 3.9 7.3 -2.38419e-07
v 3.9 7.3 -0.1
v 3.9 7.5 -2.38419e-07
v 3.9 7.5 -0.1
v 3.9 7.5 -0.2
v 3.9 7.5 -0.3
v 3.9 7.5 -0.4
v 3.9 7.9 -0.1
v 3.9 7.9 -0.2
v 4 7.2 -2.38419e-07
v 4 7.2 -0.1
v 4 7.2 -0.2
v 4 7.2 -0.3
v 4 7.3 -2.38419e-07
v 4 7.3 -0.1
v 4 7.3 -0.2
v 4 7.5 -0.1
v 4 7.5 -0.2
v 4 7.9 -0.2
v 4 7.9 -0.3
v 4.1 7 -2.38419e-07
v 4.1 7 -0.1
v 4.1 7 -0.2
v 4.1 7 -0.3
v 4.1 7.2 -2.38419e-07
v 4.1 7.2 -0.1
v 4.1 7.2 -0.2
v 4.1 7.2 -0.3
v 4.1 7.3 -0.1
v 4.1 7.3 -0.2
v 4.2 6.8 -0.1
v 4.2 6.8 -0.2
v 4.2 7.2 -0.1
v 4.2 7.2 -0.2
v 0 6.5 3.6
v 0 6.8 3.6
v 0.0999999 6.5 3.6
v 0.0999999 6.8 3.6
v -0.1 6.7 3.5
v -0.1 6.8 3.5
v 0 6.7 3.5
v 0 6.8 3.5
v 0 7 3.5
v 0.0999999 6.7 3.5
v 0.0999999 6.8 3.5
v 0.0999999 7 3.5
v 0.2 6.7 3.5
v 0.2 6.8 3.5
v -0.1 6.8 3.4
v -0.1 7 3.4
v 0 6.8 3.4
v 0 7 3.4
v 0 7.2 3.4
v 0.0999999 6.8 3.4
v 0.0999999 7 3.4
v 0.0999999 7.2 3.4
v 0.0999999 7.5 3.4
v 0.2 6.8 3.4
v 0.2 7.5 3.4
v -0.1 7 3.3
v -0.1 7.2 3.3
v 0 7 3.3
v 0 7.2 3.3
v 0 7.5 3.3
v 0.0999999 7.2 3.3
v 0.0999999 7.5 3.3
v 0.2 6.8 3.3
v 0.2 7.2 3.3
v 0.3 6.8 3.3
v 0.3 7.2 3.3
v -0.2 6.8 3.2
v -0.2 7.2 3.2
v -0.1 6.8 3.2
v -0.1 7.2 3.2
v -0.1 7.5 3.2
v 0 7.2 3.2
v 0 7.5 3.2
v 0.0999999 7.5 3.2
v 0.0999999 7.7 3.2
v 0.2 7.5 3.2
v 0.2 7.7 3.2
v 0.3 6.8 3.2
v 0.3 7.2 3.2
v 0.4 6.8 3.2
v 0.4 7.2 3.2
v -0.2 7.2 3.1
v -0.2 7.5 3.1
v -0.1 7.2 3.1
v -0.1 7.5 3.1
v 0 7.5 3.1
v 0 7.7 3.1
v 0.0999999 7.5 3.1
v 0.0999999 7.7 3.1
v 0.2 7.2 3.1
v 0.2 7.7 3.1
v 0.3 7.5 3.1
v 0.3 7.7 3.1
v 0.4 7.2 3.1
v 0.4 7.5 3.1
v -0.2 7.5 3
v -0.2 7.7 3
v -0.1 7.7 3
v -0.1 7.9 3
v 0 7.5 3
v 0 7.7 3
v 0.0999999 7.9 3
v 0.0999999 8.2 3
v 0.2 7.9 3
v 0.2 8.2 3
v 0.3 7.5 3
v 0.3 7.7 3
v 0.4 7.5 3
v 0.4 7.9 3
v -0.3 7.7 2.9
v -0.3 7.9 2.9
v -0.2 7.7 2.9
v -0.1 7.7 2.9
v -0.1 7.9 2.9
v 0.4 7.7 2.9
v 0.4 7.9 2.9
v 0.5 7.7 2.9
v 0.5 7.9 2.9
v -0.4 7.7 2.8
v -0.4 7.9 2.8
v -0.3 7.7 2.8
v -0.3 7.9 2.8
v 0 7.9 2.8
v 0 8.2 2.8
v 0.0999999 7.9 2.8
v 0.0999999 8.2 2.8
v 0.2 7.9 2.8
v 0.2 8.2 2.8
v 0.3 7.9 2.8
v 0.3 8.2 2.8
v 0.5 7.7 2.8
v 0.5 7.9 2.8
v 0.6 7.7 2.8
v 0.6 7.9 2.8
v -0.4 7.9 2.7
v -0.4 8.2 2.7
v -0.1 8.2 2.7
v -0.1 8.4 2.7
v 0 7.9 2.7
v 0 8.2 2.7
v 0.3 7.9 2.7
v 0.3 8.2 2.7
v 0.3 8.4 2.7
v 0.4 7.5 2.7
v 0.4 7.7 2.7
v 0.4 7.9 2.7
v 0.4 8.2 2.7
v 0.5 7.5 2.7
v 0.5 7.7 2.7
v -0.2 8.2 2.6
v -0.2 8.4 2.6
v -0.1 8.2 2.6
v -0.1 8.4 2.6
v 0.0999999 8.4 2.6
v 0.0999999 8.5 2.6
v 0.2 8.4 2.6
v 0.2 8.5 2.6
v 0.3 8.2 2.6
v 0.3 8.4 2.6
v 0.4 7.9 2.6
v 0.4 8.2 2.6
v 0.6 7.9 2.6
v 0.6 8.4 2.6
v -0.4 8.2 2.5
v -0.4 8.4 2.5
v -0.2 8.2 2.5
v -0.2 8.4 2.5
v -0.1 8.4 2.5
v -0.1 8.5 2.5
v 0.0999999 8.4 2.5
v 0.0999999 8.5 2.5
v 0.2 8.4 2.5
v 0.2 8.5 2.5
v 0.3 8.4 2.5
v 0.3 8.5 2.5
v 0.4 8.4 2.5
v 0.4 8.5 2.5
v 0.5 8.4 2.5
v 0.5 8.5 2.5
v 0.6 7.9 2.5
v 0.6 8.2 2.5
v 0.7 7.9 2.5
v 0.7 8.2 2.5
v 0.0999999 8.5 2.4
v 0.0999999 8.9 2.4
v 0.2 8.5 2.4
v 0.2 8.9 2.4
v 0.6 8.2 2.4
v 0.6 8.4 2.4
v 0.7 8.2 2.4
v 0.7 8.4 2.4
v -0.4 8.4 2.3
v -0.4 8.5 2.3
v -0.1 8.4 2.3
v -0.1 8.5 2.3
v -0.1 8.9 2.3
v 0 8.9 2.3
v 0 9.1 2.3
v 0.0999999 8.5 2.3
v 0.0999999 8.9 2.3
v 0.2 8.9 2.3
v 0.2 9.1 2.3
v 0.3 8.4 2.3
v 0.3 8.5 2.3
v 0.6 8.4 2.3
v 0.6 8.5 2.3
v 1.7 6.5 2.3
v 1.7 6.7 2.3
v 1.8 6.5 2.3
v 1.8 6.7 2.3
v 1.9 6.1 2.3
v 1.9 6.7 2.3
v 2 6.1 2.3
v 2 6.7 2.3
v 2.1 6.1 2.3
v 2.1 6.5 2.3
v 2.2 5.8 2.3
v 2.2 6 2.3
v 2.2 6.1 2.3
v 2.2 6.5 2.3
v 2.3 5.8 2.3
v 2.3 6 2.3
v -2.9 6.5 2.2
v -2.9 6.7 2.2
v -2.8 6.5 2.2
v -2.8 6.7 2.2
v -2.8 6.8 2.2
v -2.6 6.7 2.2
v -2.6 6.8 2.2
v -2.6 7.2 2.2
v -2.6 7.3 2.2
v -2.4 7.2 2.2
v -2.4 7.3 2.2
v -0.2 8.5 2.2
v -0.2 8.9 2.2
v -0.1 8.5 2.2
v -0.1 8.9 2.2
v 0.2 8.5 2.2
v 0.2 8.9 2.2
v 0.6 8.4 2.2
v 0.6 8.5 2.2
v 0.6 8.9 2.2
v 0.7 8.4 2.2
v 0.7 8.5 2.2
v 1.6 6.7 2.2
v 1.6 6.8 2.2
v 1.7 6.3 2.2
v 1.7 6.5 2.2
v 1.7 6.7 2.2
v 1.8 6.3 2.2
v 1.8 6.5 2.2
v 1.8 6.7 2.2
v 1.8 6.8 2.2
v 1.9 6.5 2.2
v 1.9 6.7 2.2
v 2 6.1 2.2
v 2 6.7 2.2
v 2.1 6 2.2
v 2.1 6.1 2.2
v 2.1 6.5 2.2
v 2.2 6 2.2
v 2.2 6.1 2.2
v 2.2 6.5 2.2
v 2.2 6.7 2.2
v 2.3 6 2.2
v 2.3 6.1 2.2
v -2.9 6.7 2.1
v -2.9 7 2.1
v -2.8 6.7 2.1
v -2.8 6.8 2.1
v -2.8 7 2.1
v -2.8 7.3 2.1
v -2.6 6.8 2.1
v -2.6 7.2 2.1
v -2.6 7.3 2.1
v -2.6 7.5 2.1
v -2.4 6.8 2.1
v -2.4 7.2 2.1
v -2.4 7.3 2.1
v -2.4 7.5 2.1
v -2.2 7.2 2.1
v -2.2 7.3 2.1
v -0.4 8.5 2.1
v -0.4 8.9 2.1
v -0.2 8.5 2.1
v -0.2 8.9 2.1
v -0.1 8.9 2.1
v -0.1 9.1 2.1
v 0 8.9 2.1
v 0 9.1 2.1
v 0.2 8.9 2.1
v 0.2 9.1 2.1
v 0.3 8.9 2.1
v 0.3 9.1 2.1
v 1.5 6.3 2.1
v 1.5 6.8 2.1
v 1.6 6.7 2.1
v 1.6 6.8 2.1
v 1.6 7 2.1
v 1.7 6.3 2.1
v 1.7 6.7 2.1
v 1.7 6.8 2.1
v 1.7 7 2.1
v 1.8 6.3 2.1
v 1.8 6.5 2.1
v 1.8 6.7 2.1
v 1.8 6.8 2.1
v 1.8 7 2.1
v 1.9 6.3 2.1
v 1.9 6.5 2.1
v 2 6.7 2.1
v 2 7 2.1
v 2.3 6 2.1
v 2.3 6.1 2.1
v 2.4 6 2.1
v 2.4 6.1 2.1
v -2.9 7 2
v -2.9 7.2 2
v -2.8 7 2
v -2.8 7.2 2
v -2.7 7.3 2
v -2.7 7.4 2
v -2.6 7.3 2
v -2.6 7.4 2
v -2.4 6.8 2
v -2.4 7.2 2
v -2.4 7.3 2
v -2.4 7.5 2
v -2.3 6.8 2
v -2.3 7.2 2
v -2.3 7.3 2
v -2.3 7.5 2
v -2.2 7.3 2
v -2.2 7.7 2
v -2.1 7.3 2
v -2.1 7.7 2
v -0.5 8.5 2
v -0.5 8.9 2
v -0.4 8.5 2
v -0.4 8.9 2
v 1.4 6.8 2
v 1.4 7.5 2
v 1.5 6.8 2
v 1.6 6.8 2
v 1.6 7 2
v 1.6 7.5 2
v 1.7 6.8 2
v 1.7 7 2
v 1.7 7.3 2
v 1.8 6.8 2
v 1.8 7 2
v 1.8 7.3 2
v 2 6.7 2
v 2 7 2
v 2.1 6.8 2
v 2.1 7 2
v 2.2 6.5 2
v 2.2 6.7 2
v 2.2 6.8 2
v 2.3 6.5 2
v 2.3 6.7 2
v -2.8 7.3 1.9
v -2.8 7.4 1.9
v -2.7 7.3 1.9
v -2.7 7.4 1.9
v -2.7 7.5 1.9
v -2.6 7.4 1.9
v -2.6 7.5 1.9
v -2.3 7.3 1.9
v -2.3 7.5 1.9
v -2.3 7.7 1.9
v -2.2 7.3 1.9
v -2.2 7.7 1.9
v -2.2 8.2 1.9
v -2.1 7.7 1.9
v -2 8 1.9
v -2 8.2 1.9
v -1.7 7.7 1.9
v -1.7 8 1.9
v 0.3 8.9 1.9
v 0.3 9.1 1.9
v 0.4 8.9 1.9
v 0.4 9.1 1.9
v 0.7 8.2 1.9
v 0.7 8.4 1.9
v 0.8 8.2 1.9
v 0.8 8.4 1.9
v 1.2 7.2 1.9
v 1.2 7.5 1.9
v 1.4 7.2 1.9
v 1.4 7.5 1.9
v 1.6 7 1.9
v 1.6 7.5 1.9
v 1.6 7.7 1.9
v 1.7 7 1.9
v 1.7 7.3 1.9
v 1.7 7.5 1.9
v 1.7 7.7 1.9
v 1.8 7 1.9
v 1.8 7.3 1.9
v 1.8 7.5 1.9
v 1.9 7 1.9
v 1.9 7.3 1.9
v 2.1 6.8 1.9
v 2.1 7 1.9
v 2.2 6.7 1.9
v 2.2 6.8 1.9
v 2.3 6.7 1.9
v 2.3 7 1.9
v -2.9 7.2 1.8
v -2.9 7.3 1.8
v -2.8 7.2 1.8
v -2.8 7.3 1.8
v -2.5 7.5 1.8
v -2.5 7.6 1.8
v -2.4 6.8 1.8
v -2.4 7.2 1.8
v -2.4 7.6 1.8
v -2.4 7.7 1.8
v -2.3 6.8 1.8
v -2.3 7.2 1.8
v -2.3 7.5 1.8
v -2.3 7.7 1.8
v -2.3 8.2 1.8
v -2.2 7.7 1.8
v -2.2 8.2 1.8
v -2 8 1.8
v -2 8.2 1.8
v -1.8 8 1.8
v -1.8 8.2 1.8
v -1.7 7.9 1.8
v -1.7 8 1.8
v -1.7 8.2 1.8
v -1.6 7.9 1.8
v -1.6 8.2 1.8
v 0.6 8.5 1.8
v 0.6 8.9 1.8
v 0.7 8.5 1.8
v 0.7 8.9 1.8
v 1.1 7.3 1.8
v 1.1 7.7 1.8
v 1.2 7.3 1.8
v 1.2 7.5 1.8
v 1.3 7 1.8
v 1.3 7.2 1.8
v 1.3 7.7 1.8
v 1.3 7.9 1.8
v 1.4 7 1.8
v 1.4 7.2 1.8
v 1.4 7.7 1.8
v 1.4 7.9 1.8
v 1.6 7.5 1.8
v 1.6 7.7 1.8
v 1.6 7.9 1.8
v 1.7 7.5 1.8
v 1.7 7.7 1.8
v 1.8 7.3 1.8
v 1.8 7.5 1.8
v 1.8 7.7 1.8
v 1.8 7.9 1.8
v 1.9 7 1.8
v 1.9 7.3 1.8
v 2 7 1.8
v 2 7.7 1.8
v -2.6 7.5 1.7
v -2.6 7.6 1.7
v -2.5 7.5 1.7
v -2.5 7.6 1.7
v -2.5 7.7 1.7
v -2.4 7.6 1.7
v -2.4 7.7 1.7
v -2.4 8 1.7
v -2.3 7.7 1.7
v -2.3 8 1.7
v -1.9 8.2 1.7
v -1.9 8.4 1.7
v -1.8 8 1.7
v -1.8 8.2 1.7
v -1.8 8.4 1.7
v -1.7 8 1.7
v -1.7 8.2 1.7
v -1.7 8.4 1.7
v -1.6 8.2 1.7
v -1.5 8.2 1.7
v -1.5 8.4 1.7
v -0.4 8.4 1.7
v -0.4 8.5 1.7
v -0.2 8.4 1.7
v -0.2 8.5 1.7
v 0.4 8.9 1.7
v 0.4 9.1 1.7
v 0.5 8.9 1.7
v 0.5 9.1 1.7
v 1 7.3 1.7
v 1 7.7 1.7
v 1.1 7.3 1.7
v 1.1 7.7 1.7
v 1.2 7.7 1.7
v 1.2 8 1.7
v 1.3 7.7 1.7
v 1.3 7.9 1.7
v 1.4 7.7 1.7
v 1.4 7.9 1.7
v 1.5 7.7 1.7
v 1.5 7.9 1.7
v 1.6 7.9 1.7
v 1.6 8 1.7
v 1.6 8.2 1.7
v 1.7 8 1.7
v 1.7 8.2 1.7
v 2 7 1.7
v 2 7.7 1.7
v 2.1 7 1.7
v 2.1 7.7 1.7
v -2.5 7.7 1.6
v -2.5 7.9 1.6
v -2.4 7.2 1.6
v -2.4 7.3 1.6
v -2.4 7.7 1.6
v -2.4 7.9 1.6
v -2.3 7.2 1.6
v -2.3 7.3 1.6
v -2.3 7.7 1.6
v -2.3 8.2 1.6
v -2.3 8.4 1.6
v -2.2 7.3 1.6
v -2.2 7.7 1.6
v -2.1 8.2 1.6
v -2.1 8.4 1.6
v -2 8.2 1.6
v -2 8.4 1.6
v -1.9 8.2 1.6
v -1.9 8.4 1.6
v -1.8 8.2 1.6
v -1.8 8.4 1.6
v -1.7 8.2 1.6
v -1.7 8.4 1.6
v -1.7 8.5 1.6
v -1.6 8.4 1.6
v -1.6 8.5 1.6
v -1.5 7.9 1.6
v -1.5 8.2 1.6
v -1.5 8.4 1.6
v -1.4 7.9 1.6
v -1.4 8.2 1.6
v -1.2 8.2 1.6
v -1.2 8.4 1.6
v 0.9 7.5 1.6
v 0.9 7.9 1.6
v 1 7.5 1.6
v 1 7.7 1.6
v 1 7.9 1.6
v 1 8 1.6
v 1.1 8 1.6
v 1.1 8.2 1.6
v 1.2 7.7 1.6
v 1.2 8 1.6
v 1.2 8.2 1.6
v 1.4 8 1.6
v 1.4 8.4 1.6
v 1.5 7.7 1.6
v 1.5 7.9 1.6
v 1.6 7.7 1.6
v 1.6 7.9 1.6
v 1.6 8 1.6
v 1.6 8.2 1.6
v 1.7 7.9 1.6
v 1.7 8 1.6
v 1.7 8.2 1.6
v 1.8 8 1.6
v 1.8 8.4 1.6
v -2.4 7.9 1.5
v -2.4 8 1.5
v -2.3 7.9 1.5
v -2.3 8 1.5
v -2.1 8.2 1.5
v -2.1 8.4 1.5
v -2.1 8.7 1.5
v -2 8.2 1.5
v -2 8.4 1.5
v -1.7 8.4 1.5
v -1.7 8.5 1.5
v -1.7 8.7 1.5
v -1.6 7.9 1.5
v -1.6 8.2 1.5
v -1.6 8.4 1.5
v -1.6 8.5 1.5
v -1.5 7.9 1.5
v -1.5 8.2 1.5
v -1.5 8.4 1.5
v -1.5 8.5 1.5
v -1.3 8.4 1.5
v -1.3 8.5 1.5
v -1.2 8.4 1.5
v -1.2 8.5 1.5
v 0.9 8 1.5
v 0.9 8.2 1.5
v 1 8 1.5
v 1.1 8 1.5
v 1.1 8.2 1.5
v 1.1 8.5 1.5
v 1.2 8 1.5
v 1.2 8.2 1.5
v 1.2 8.5 1.5
v 1.2 8.7 1.5
v 1.3 8.2 1.5
v 1.3 8.5 1.5
v 1.4 8 1.5
v 1.4 8.4 1.5
v 1.4 8.5 1.5
v 1.4 8.7 1.5
v 1.5 8.4 1.5
v 1.5 8.5 1.5
v 1.7 7.9 1.5
v 1.7 8 1.5
v 1.8 7.9 1.5
v 1.8 8 1.5
v 2.1 7.2 1.5
v 2.1 7.5 1.5
v 2.2 7.2 1.5
v 2.2 7.5 1.5
v -2.7 7.4 1.4
v -2.7 7.5 1.4
v -2.6 7.4 1.4
v -2.6 7.5 1.4
v -2.2 8.4 1.4
v -2.2 8.7 1.4
v -2.1 8.4 1.4
v -2.1 8.7 1.4
v -1.7 8.5 1.4
v -1.7 8.7 1.4
v -1.7 8.9 1.4
v -1.6 8.5 1.4
v -1.6 8.9 1.4
v -1.5 8.4 1.4
v -1.5 8.5 1.4
v -1.3 8.4 1.4
v -1.3 8.5 1.4
v -1.2 8.4 1.4
v -1.2 8.5 1.4
v -1.2 8.7 1.4
v -1.1 8.4 1.4
v -1.1 8.7 1.4
v -0.7 0 1.4
v -0.7 0.1 1.4
v -0.4 8.2 1.4
v -0.4 8.4 1.4
v -0.1 8.2 1.4
v -0.1 8.4 1.4
v 0.6 8.2 1.4
v 0.6 8.4 1.4
v 0.7 0 1.4
v 0.7 0.1 1.4
v 0.7 7.9 1.4
v 0.7 8.2 1.4
v 0.7 8.4 1.4
v 0.8 7.9 1.4
v 0.8 8.2 1.4
v 0.9 7.9 1.4
v 0.9 8 1.4
v 0.9 8.2 1.4
v 0.9 8.7 1.4
v 1 7.9 1.4
v 1 8 1.4
v 1 8.5 1.4
v 1 8.7 1.4
v 1.1 8.2 1.4
v 1.1 8.5 1.4
v 1.1 8.7 1.4
v 1.2 8.2 1.4
v 1.2 8.5 1.4
v 1.2 8.7 1.4
v 1.3 8.2 1.4
v 1.3 8.5 1.4
v 1.4 8.5 1.4
v 1.4 8.7 1.4
v 1.5 8.4 1.4
v 1.5 8.5 1.4
v 1.6 8.4 1.4
v 1.6 8.7 1.4
v 1.8 7.7 1.4
v 1.8 8 1.4
v 2 7.7 1.4
v 2 8 1.4
v -2.6 7.5 1.3
v -2.6 7.9 1.3
v -2.5 7.5 1.3
v -2.5 7.9 1.3
v -2.4 7.3 1.3
v -2.4 7.5 1.3
v -2.3 7.3 1.3
v -2.3 7.5 1.3
v -1.8 8.7 1.3
v -1.8 8.9 1.3
v -1.7 8.7 1.3
v -1.7 8.9 1.3
v -1.7 9.1 1.3
v -1.6 8.5 1.3
v -1.6 8.9 1.3
v -1.6 9.1 1.3
v -1.5 8.5 1.3
v -1.5 8.9 1.3
v -1.1 8.7 1.3
v -1.1 9.1 1.3
v -0.9 8.7 1.3
v -0.9 9.1 1.3
v -0.8 0 1.3
v -0.8 0.1 1.3
v -0.7 0 1.3
v -0.7 0.1 1.3
v -0.6 0.1 1.3
v -0.6 0.2 1.3
v -0.2 7.9 1.3
v -0.2 8.2 1.3
v -0.1 7.9 1.3
v -0.1 8.2 1.3
v 0.5 0.1 1.3
v 0.5 0.2 1.3
v 0.5 8.2 1.3
v 0.5 8.4 1.3
v 0.6 8 1.3
v 0.6 8.2 1.3
v 0.6 8.4 1.3
v 0.7 0 1.3
v 0.7 0.1 1.3
v 0.7 8 1.3
v 0.7 8.2 1.3
v 0.8 0 1.3
v 0.8 0.1 1.3
v 0.8 8.2 1.3
v 0.8 8.7 1.3
v 0.9 8.2 1.3
v 0.9 8.7 1.3
v 1 8.5 1.3
v 1 8.7 1.3
v 1 8.9 1.3
v 1.1 8.5 1.3
v 1.1 8.7 1.3
v 1.2 8.7 1.3
v 1.2 8.9 1.3
v 1.6 8.4 1.3
v 1.6 8.7 1.3
v 1.7 8.4 1.3
v 1.7 8.7 1.3
v 1.8 8 1.3
v 1.8 8.4 1.3
v 1.9 8 1.3
v 1.9 8.4 1.3
v 2 7.5 1.3
v 2 7.7 1.3
v 2.1 7.5 1.3
v 2.1 7.7 1.3
v -2.2 8.2 1.2
v -2.2 8.4 1.2
v -2 8.2 1.2
v -2 8.7 1.2
v -2 8.9 1.2
v -1.9 8.2 1.2
v -1.9 8.4 1.2
v -1.8 8.7 1.2
v -1.8 8.9 1.2
v -1.6 8.9 1.2
v -1.6 9.1 1.2
v -1.5 8.5 1.2
v -1.5 8.9 1.2
v -1.5 9.1 1.2
v -1.3 8.5 1.2
v -1.3 8.9 1.2
v -1.2 8.7 1.2
v -1.2 9.1 1.2
v -1.1 8.7 1.2
v -1.1 9.1 1.2
v -0.9 0 1.2
v -0.9 0.1 1.2
v -0.9 8.7 1.2
v -0.9 9.1 1.2
v -0.8 0 1.2
v -0.8 0.1 1.2
v -0.8 8.7 1.2
v -0.8 9.1 1.2
v -0.7 0.1 1.2
v -0.7 0.3 1.2
v -0.6 0.1 1.2
v -0.6 0.2 1.2
v -0.3 7.9 1.2
v -0.3 8.2 1.2
v -0.2 7.9 1.2
v -0.2 8.2 1.2
v 0.3 8.4 1.2
v 0.3 8.5 1.2
v 0.4 8.4 1.2
v 0.4 8.5 1.2
v 0.5 0.1 1.2
v 0.5 0.2 1.2
v 0.7 0.1 1.2
v 0.7 0.3 1.2
v 0.7 8.2 1.2
v 0.7 8.4 1.2
v 0.8 0 1.2
v 0.8 0.1 1.2
v 0.8 8.2 1.2
v 0.8 8.4 1.2
v 0.9 0 1.2
v 0.9 0.1 1.2
v 1.2 8.7 1.2
v 1.2 8.9 1.2
v 1.3 8.7 1.2
v 1.3 8.9 1.2
v 1.7 8.4 1.2
v 1.7 8.5 1.2
v 1.8 8.4 1.2
v 1.8 8.5 1.2
v -2.4 7.9 1.1
v -2.4 8 1.1
v -2.3 7.9 1.1
v -2.3 8 1.1
v -1.5 8.9 1.1
v -1.5 9.1 1.1
v -1.3 8.5 1.1
v -1.3 8.9 1.1
v -1.2 8.4 1.1
v -1.2 8.5 1.1
v -1.2 8.7 1.1
v -1.2 9.1 1.1
v -1.1 8.4 1.1
v -1.1 8.7 1.1
v -1 0 1.1
v -1 0.1 1.1
v -1 8.5 1.1
v -1 8.7 1.1
v -0.9 0 1.1
v -0.9 0.1 1.1
v -0.8 0.1 1.1
v -0.8 0.2 1.1
v -0.8 8.5 1.1
v -0.8 8.7 1.1
v -0.7 0.1 1.1
v -0.7 0.2 1.1
v -0.4 0.3 1.1
v -0.4 0.4 1.1
v -0.1 8.4 1.1
v -0.1 8.5 1.1
v 0 8.4 1.1
v 0 8.5 1.1
v 0.4 8.2 1.1
v 0.4 8.4 1.1
v 0.5 8.2 1.1
v 0.5 8.4 1.1
v 0.7 0.1 1.1
v 0.7 0.3 1.1
v 0.7 0.4 1.1
v 0.7 8.4 1.1
v 0.7 8.5 1.1
v 0.7 8.7 1.1
v 0.7 8.9 1.1
v 0.8 0.1 1.1
v 0.8 0.3 1.1
v 0.8 8.4 1.1
v 0.8 8.5 1.1
v 0.8 8.7 1.1
v 0.9 0 1.1
v 0.9 0.1 1.1
v 0.9 8.7 1.1
v 0.9 8.9 1.1
v 1.1 0 1.1
v 1.1 0.1 1.1
v 1.1 8.2 1.1
v 1.1 8.4 1.1
v 1.2 8.2 1.1
v 1.2 8.4 1.1
v 1.3 8.7 1.1
v 1.3 8.9 1.1
v 1.5 8.7 1.1
v 1.5 8.9 1.1
v 1.6 7.9 1.1
v 1.6 8 1.1
v 1.7 7.9 1.1
v 1.7 8 1.1
v 1.7 8.2 1.1
v 1.8 7.9 1.1
v 1.8 8 1.1
v 1.8 8.2 1.1
v 1.9 7.7 1.1
v 1.9 7.9 1.1
v 1.9 8.2 1.1
v 2 7.7 1.1
v 2 7.9 1.1
v -2.3 7.7 1
v -2.3 8 1
v -2.2 7.7 1
v -2.2 8 1
v -2 8 1
v -2 8.2 1
v -1.9 8 1
v -1.9 8.2 1
v -1.5 8.4 1
v -1.5 8.5 1
v -1.4 8.4 1
v -1.4 8.5 1
v -1.2 9.1 1
v -1.2 9.2 1
v -1.1 0 1
v -1.1 0.1 1
v -1.1 8.5 1
v -1.1 8.7 1
v -1.1 9.1 1
v -1.1 9.2 1
v -1 0 1
v -1 0.1 1
v -1 8.4 1
v -1 8.5 1
v -1 8.7 1
v -0.9 0.1 1
v -0.9 0.2 1
v -0.8 0.1 1
v -0.8 0.2 1
v -0.8 0.5 1
v -0.8 8.5 1
v -0.8 8.7 1
v -0.7 0.2 1
v -0.7 0.3 1
v -0.7 8.4 1
v -0.7 8.7 1
v -0.4 0.3 1
v -0.4 0.4 1
v -0.1 8.2 1
v -0.1 8.4 1
v 0 8.2 1
v 0 8.4 1
v 0.3 8.2 1
v 0.3 8.4 1
v 0.4 8.2 1
v 0.4 8.4 1
v 0.6 8.4 1
v 0.6 8.5 1
v 0.6 8.7 1
v 0.6 8.9 1
v 0.7 0.3 1
v 0.7 0.4 1
v 0.7 8.4 1
v 0.7 8.5 1
v 0.7 8.7 1
v 0.7 8.9 1
v 0.8 0.1 1
v 0.8 0.2 1
v 0.8 0.3 1
v 0.8 0.5 1
v 0.8 8.5 1
v 0.8 8.7 1
v 0.9 0.1 1
v 0.9 0.2 1
v 0.9 8.7 1
v 0.9 8.9 1
v 1 8.7 1
v 1 8.9 1
v 1.1 0 1
v 1.1 0.1 1
v 1.2 0 1
v 1.2 0.1 1
v 1.2 8.2 1
v 1.2 8.4 1
v 1.3 8.2 1
v 1.3 8.4 1
v 1.5 7.9 1
v 1.5 8.2 1
v 1.6 7.5 1
v 1.6 7.9 1
v 1.6 8 1
v 1.7 8 1
v 1.7 8.2 1
v 1.8 7.5 1
v 1.8 7.9 1
v -2.2 7.7 0.9
v -2.2 8 0.9
v -2.1 7.7 0.9
v -2.1 8 0.9
v -1.9 8.2 0.9
v -1.9 8.4 0.9
v -1.8 8.2 0.9
v -1.8 8.4 0.9
v -1.6 8.4 0.9
v -1.6 8.5 0.9
v -1.5 8.4 0.9
v -1.5 8.5 0.9
v -1.2 0 0.9
v -1.2 0.1 0.9
v -1.1 0 0.9
v -1.1 0.1 0.9
v -1.1 9.1 0.9
v -1.1 9.2 0.9
v -1 0.1 0.9
v -1 0.3 0.9
v -1 9.1 0.9
v -1 9.2 0.9
v -0.9 0.1 0.9
v -0.9 0.2 0.9
v -0.9 0.3 0.9
v -0.9 0.4 0.9
v -0.8 0.2 0.9
v -0.8 0.4 0.9
v -0.7 0.5 0.9
v -0.7 0.7 0.9
v -0.7 8.4 0.9
v -0.7 8.7 0.9
v -0.6 8.4 0.9
v -0.6 8.7 0.9
v -0.3 7.9 0.9
v -0.3 8.2 0.9
v -0.2 0.7 0.9
v -0.2 0.8 0.9
v 0 8.2 0.9
v 0 8.5 0.9
v 0.3 7.9 0.9
v 0.3 8.2 0.9
v 0.3 8.4 0.9
v 0.4 8.4 0.9
v 0.4 8.5 0.9
v 0.5 0.7 0.9
v 0.5 0.8 0.9
v 0.5 7.9 0.9
v 0.5 8.2 0.9
v 0.5 8.4 0.9
v 0.5 8.5 0.9
v 0.5 8.7 0.9
v 0.6 7.7 0.9
v 0.6 7.9 0.9
v 0.6 8.4 0.9
v 0.6 8.5 0.9
v 0.6 8.7 0.9
v 0.7 0.5 0.9
v 0.7 0.7 0.9
v 0.7 7.7 0.9
v 0.7 7.9 0.9
v 0.7 8.2 0.9
v 0.7 8.4 0.9
v 0.7 8.5 0.9
v 0.7 8.7 0.9
v 0.8 0.2 0.9
v 0.8 0.5 0.9
v 0.8 8.2 0.9
v 0.9 0.1 0.9
v 0.9 0.2 0.9
v 0.9 0.3 0.9
v 0.9 0.5 0.9
v 0.9 8.2 0.9
v 0.9 8.4 0.9
v 0.9 8.9 0.9
v 0.9 9.1 0.9
v 1 0.1 0.9
v 1 0.3 0.9
v 1.2 8.9 0.9
v 1.2 9.1 0.9
v 1.3 8.2 0.9
v 1.3 8.4 0.9
v 1.4 8.7 0.9
v 1.4 8.9 0.9
v 1.5 8.2 0.9
v 1.5 8.4 0.9
v 1.5 8.7 0.9
v 1.5 8.9 0.9
v 1.6 8.2 0.9
v 1.6 8.4 0.9
v 1.7 8.2 0.9
v 1.7 8.4 0.9
v -2.1 7.7 0.8
v -2.1 8 0.8
v -2 7.7 0.8
v -2 8 0.8
v -1.8 8.2 0.8
v -1.8 8.4 0.8
v -1.7 8.2 0.8
v -1.7 8.4 0.8
v -1.7 8.5 0.8
v -1.6 8.4 0.8
v -1.6 8.5 0.8
v -1.1 0.1 0.8
v -1.1 0.2 0.8
v -1 0.1 0.8
v -1 0.2 0.8
v -1 0.3 0.8
v -1 0.6 0.8
v -0.9 0.3 0.8
v -0.9 0.4 0.8
v -0.8 0.4 0.8
v -0.8 0.5 0.8
v -0.8 0.6 0.8
v -0.8 0.9 0.8
v -0.7 0.5 0.8
v -0.7 0.7 0.8
v -0.6 8.2 0.8
v -0.6 8.4 0.8
v -0.6 8.5 0.8
v -0.6 8.7 0.8
v -0.5 8.2 0.8
v -0.5 8.4 0.8
v -0.5 8.5 0.8
v -0.5 8.7 0.8
v -0.2 0.7 0.8
v -0.2 0.8 0.8
v 0.3 7.9 0.8
v 0.3 8.2 0.8
v 0.5 0.7 0.8
v 0.5 0.8 0.8
v 0.5 7.7 0.8
v 0.5 7.9 0.8
v 0.5 8.2 0.8
v 0.6 7.7 0.8
v 0.6 7.9 0.8
v 0.7 0.5 0.8
v 0.7 0.7 0.8
v 0.7 8.9 0.8
v 0.7 9.1 0.8
v 0.8 0.5 0.8
v 0.8 0.9 0.8
v 0.8 8.9 0.8
v 0.8 9.1 0.8
v 0.9 0.3 0.8
v 0.9 0.4 0.8
v 1 0.1 0.8
v 1 0.3 0.8
v 1.1 0.1 0.8
v 1.1 0.4 0.8
v 1.2 0 0.8
v 1.2 0.1 0.8
v 1.2 8.9 0.8
v 1.2 9.1 0.8
v 1.3 0 0.8
v 1.3 0.1 0.8
v 1.3 8.9 0.8
v 1.3 9.1 0.8
v 1.7 8 0.8
v 1.7 8.2 0.8
v 1.7 8.4 0.8
v 1.8 8 0.8
v 1.8 8.4 0.8
v -2 7.7 0.7
v -2 8 0.7
v -1.9 7.7 0.7
v -1.9 8 0.7
v -1.1 0.2 0.7
v -1.1 0.4 0.7
v -1 0.2 0.7
v -1 0.4 0.7
v -1 8.4 0.7
v -1 8.5 0.7
v -1 9.1 0.7
v -1 9.2 0.7
v -0.9 8.4 0.7
v -0.9 8.5 0.7
v -0.9 8.7 0.7
v -0.9 9.1 0.7
v -0.9 9.2 0.7
v -0.8 8.7 0.7
v -0.8 9.1 0.7
v -0.7 0.9 0.7
v -0.7 1 0.7
v -0.7 8 0.7
v -0.7 8.4 0.7
v -0.6 8 0.7
v -0.6 8.2 0.7
v -0.6 8.4 0.7
v -0.6 8.5 0.7
v -0.5 8 0.7
v -0.5 8.2 0.7
v -0.5 8.4 0.7
v -0.5 8.5 0.7
v -0.4 8 0.7
v -0.4 8.2 0.7
v -0.3 8.2 0.7
v -0.3 8.4 0.7
v -0.3 8.5 0.7
v -0.2 8.2 0.7
v -0.2 8.4 0.7
v 0.5 8.2 0.7
v 0.5 8.4 0.7
v 0.6 8.2 0.7
v 0.6 8.4 0.7
v 0.7 0.9 0.7
v 0.7 1 0.7
v 0.8 0.5 0.7
v 0.8 0.8 0.7
v 0.8 8.9 0.7
v 0.8 9.1 0.7
v 0.9 0.5 0.7
v 0.9 0.8 0.7
v 0.9 8.9 0.7
v 0.9 9.1 0.7
v 1.4 8.7 0.7
v 1.4 8.9 0.7
v 1.5 8.7 0.7
v 1.5 8.9 0.7
v -1.5 8.2 0.6
v -1.5 8.4 0.6
v -1.4 8.2 0.6
v -1.4 8.4 0.6
v -1.3 0 0.6
v -1.3 0.2 0.6
v -1.2 0 0.6
v -1.2 0.1 0.6
v -1.1 0.1 0.6
v -1.1 0.2 0.6
v -1.1 8.4 0.6
v -1.1 8.5 0.6
v -1 8.4 0.6
v -1 8.5 0.6
v -0.9 8.4 0.6
v -0.9 8.5 0.6
v -0.8 8 0.6
v -0.8 8.4 0.6
v -0.8 8.5 0.6
v -0.8 8.7 0.6
v -0.7 8 0.6
v -0.7 8.4 0.6
v -0.7 8.5 0.6
v -0.7 8.7 0.6
v -0.6 8.5 0.6
v -0.6 8.7 0.6
v -0.5 8.5 0.6
v -0.5 8.7 0.6
v -0.4 8 0.6
v -0.4 8.2 0.6
v -0.3 8 0.6
v -0.3 8.2 0.6
v 0.2 7.7 0.6
v 0.2 7.9 0.6
v 0.5 7.7 0.6
v 0.5 7.9 0.6
v 0.6 8.2 0.6
v 0.6 8.4 0.6
v 0.7 0.9 0.6
v 0.7 1 0.6
v 0.7 8.2 0.6
v 0.7 8.4 0.6
v 0.8 0.9 0.6
v 0.8 1 0.6
v 0.8 9.1 0.6
v 0.8 9.2 0.6
v 0.9 0.4 0.6
v 0.9 0.7 0.6
v 1 0.4 0.6
v 1 0.7 0.6
v 1.1 0.1 0.6
v 1.1 0.2 0.6
v 1.1 9.1 0.6
v 1.1 9.2 0.6
v 1.2 0.1 0.6
v 1.2 0.2 0.6
v 1.5 8.5 0.6
v 1.5 8.9 0.6
v 1.6 8.5 0.6
v 1.6 8.9 0.6
v -1.8 8 0.5
v -1.8 8.2 0.5
v -1.7 8 0.5
v -1.7 8.2 0.5
v -1.4 0 0.5
v -1.4 0.1 0.5
v -1.4 8.2 0.5
v -1.4 8.4 0.5
v -1.3 0 0.5
v -1.3 0.1 0.5
v -1.1 8.2 0.5
v -1.1 8.4 0.5
v -0.9 8 0.5
v -0.9 8.4 0.5
v -0.8 8 0.5
v -0.8 8.4 0.5
v -0.6 1 0.5
v -0.6 1.1 0.5
v -0.4 7.9 0.5
v -0.4 8 0.5
v -0.3 7.8 0.5
v -0.3 7.9 0.5
v -0.2 7.9 0.5
v -0.2 8 0.5
v -0.1 7.7 0.5
v -0.1 7.8 0.5
v 0.0999999 7.7 0.5
v 0.0999999 7.9 0.5
v 0.3 7.5 0.5
v 0.3 7.7 0.5
v 0.4 8.5 0.5
v 0.4 8.7 0.5
v 0.6 8.5 0.5
v 0.6 8.7 0.5
v 0.7 1 0.5
v 0.7 1.1 0.5
v 0.7 7.5 0.5
v 0.7 7.7 0.5
v 0.8 8.4 0.5
v 0.8 8.5 0.5
v 0.9 0.7 0.5
v 0.9 0.8 0.5
v 0.9 8.4 0.5
v 0.9 8.5 0.5
v 1 0.7 0.5
v 1 0.8 0.5
v -1.2 0.2 0.4
v -1.2 0.3 0.4
v -1.1 0.2 0.4
v -1.1 0.3 0.4
v -1.1 8 0.4
v -1.1 8.2 0.4
v -1.1 8.4 0.4
v -0.9 8 0.4
v -0.9 8.4 0.4
v -0.5 1.1 0.4
v -0.5 1.2 0.4
v -0.5 8 0.4
v -0.5 8.2 0.4
v -0.4 8 0.4
v -0.4 8.2 0.4
v -0.1 7.5 0.4
v -0.1 7.7 0.4
v 0.0999999 7.7 0.4
v 0.0999999 7.9 0.4
v 0.2 7.2 0.4
v 0.2 7.5 0.4
v 0.2 7.7 0.4
v 0.2 7.9 0.4
v 0.3 7.5 0.4
v 0.3 7.7 0.4
v 0.6 8.5 0.4
v 0.6 8.7 0.4
v 0.6 8.9 0.4
v 0.7 1.1 0.4
v 0.7 1.2 0.4
v 0.7 7.2 0.4
v 0.7 7.5 0.4
v 0.7 8.2 0.4
v 0.7 8.4 0.4
v 0.7 8.5 0.4
v 0.7 8.7 0.4
v 0.8 8.2 0.4
v 0.8 8.4 0.4
v 0.8 8.7 0.4
v 0.8 8.9 0.4
v 1.1 0.2 0.4
v 1.1 0.3 0.4
v 1.2 0.2 0.4
v 1.2 0.3 0.4
v 1.3 0 0.4
v 1.3 0.1 0.4
v 1.3 8.2 0.4
v 1.3 8.4 0.4
v 1.3 8.9 0.4
v 1.3 9.1 0.4
v 1.4 0 0.4
v 1.4 0.1 0.4
v 1.4 8.2 0.4
v 1.4 8.4 0.4
v 1.4 8.9 0.4
v 1.4 9.1 0.4
v 2.4 8.9 0.4
v 2.4 9.2 0.4
v 2.6 8.9 0.4
v 2.6 9.2 0.4
v -1.2 7.9 0.3
v -1.2 8.2 0.3
v -1.1 7.9 0.3
v -1.1 8 0.3
v -1.1 8.2 0.3
v -0.6 7.9 0.3
v -0.6 8 0.3
v -0.6 8.2 0.3
v -0.6 8.4 0.3
v -0.6 8.5 0.3
v -0.5 7.9 0.3
v -0.5 8 0.3
v -0.5 8.2 0.3
v -0.5 8.4 0.3
v -0.5 8.5 0.3
v -0.4 1.2 0.3
v -0.4 1.3 0.3
v -0.4 8.2 0.3
v -0.4 8.4 0.3
v -0.3 1.3 0.3
v -0.3 1.4 0.3
v -0.2 7.9 0.3
v -0.2 8 0.3
v -0.1 7.9 0.3
v -0.1 8 0.3
v 0 1.4 0.3
v 0 2 0.3
v 0.0999999 8.1 0.3
v 0.0999999 8.4 0.3
v 0.2 7.9 0.3
v 0.2 8 0.3
v 0.2 8.1 0.3
v 0.2 8.2 0.3
v 0.2 8.4 0.3
v 0.3 1.6 0.3
v 0.3 2 0.3
v 0.4 7.9 0.3
v 0.4 8 0.3
v 0.4 8.2 0.3
v 0.5 1.3 0.3
v 0.5 1.6 0.3
v 0.5 8 0.3
v 0.5 8.2 0.3
v 0.6 1.2 0.3
v 0.6 1.3 0.3
v 0.8 8.2 0.3
v 0.8 8.4 0.3
v 0.8 8.7 0.3
v 0.8 8.9 0.3
v 0.9 8.2 0.3
v 0.9 8.4 0.3
v 0.9 8.7 0.3
v 0.9 8.9 0.3
v 1 0.4 0.3
v 1 0.5 0.3
v 1 8.4 0.3
v 1 8.5 0.3
v 1.1 0.4 0.3
v 1.1 0.5 0.3
v 1.1 8.4 0.3
v 1.1 8.5 0.3
v 1.6 8.5 0.3
v 1.6 8.7 0.3
v 2 8.5 0.3
v 2 8.7 0.3
v 2 8.9 0.3
v 2.3 8.7 0.3
v 2.3 8.9 0.3
v 2.3 9.2 0.3
v 2.4 8.9 0.3
v 2.4 9.2 0.3
v 2.6 8.7 0.3
v 2.6 8.9 0.3
v 2.6 9.2 0.3
v 2.7 8.5 0.3
v 2.7 8.7 0.3
v 2.7 8.9 0.3
v 2.7 9.2 0.3
v 2.9 8.7 0.3
v 2.9 8.9 0.3
v 3.1 8.2 0.3
v 3.1 8.5 0.3
v 3.1 8.7 0.3
v 3.3 8 0.3
v 3.3 8.2 0.3
v 3.3 8.5 0.3
v 3.4 8 0.3
v 3.4 8.2 0.3
v -1.3 7.9 0.2
v -1.3 8.2 0.2
v -1.2 7.9 0.2
v -1.2 8.2 0.2
v -1.1 8.5 0.2
v -1.1 8.7 0.2
v -1 7.9 0.2
v -1 8 0.2
v -1 8.5 0.2
v -1 8.7 0.2
v -0.8 7.7 0.2
v -0.8 7.9 0.2
v -0.7 7.7 0.2
v -0.7 7.9 0.2
v -0.6 7.9 0.2
v -0.6 8 0.2
v -0.5 7.9 0.2
v -0.5 8 0.2
v -0.4 1.3 0.2
v -0.4 1.6 0.2
v -0.4 7.9 0.2
v -0.4 8 0.2
v -0.3 1.3 0.2
v -0.3 1.4 0.2
v -0.3 1.6 0.2
v -0.3 2 0.2
v -0.2 7.5 0.2
v -0.2 7.9 0.2
v -0.1 7.3 0.2
v -0.1 7.5 0.2
v -0.1 7.7 0.2
v -0.1 7.8 0.2
v -0.1 7.9 0.2
v 0 1.4 0.2
v 0 2 0.2
v 0 7.2 0.2
v 0 7.3 0.2
v 0.2 7.2 0.2
v 0.2 7.5 0.2
v 0.2 8.2 0.2
v 0.2 8.4 0.2
v 0.3 1.6 0.2
v 0.3 2 0.2
v 0.3 8.2 0.2
v 0.3 8.4 0.2
v 0.5 1.3 0.2
v 0.5 1.5 0.2
v 0.5 1.6 0.2
v 0.5 2 0.2
v 0.6 1.3 0.2
v 0.6 1.5 0.2
v 0.8 0.8 0.2
v 0.8 0.9 0.2
v 0.9 0.8 0.2
v 0.9 0.9 0.2
v 0.9 8.2 0.2
v 0.9 8.4 0.2
v 1 0.5 0.2
v 1 0.6 0.2
v 1.1 0.5 0.2
v 1.1 0.6 0.2
v 1.1 8.2 0.2
v 1.1 8.4 0.2
v 1.2 0.1 0.2
v 1.2 0.2 0.2
v 1.2 8.2 0.2
v 1.2 8.4 0.2
v 1.3 0.1 0.2
v 1.3 0.2 0.2
v 1.3 8.4 0.2
v 1.3 8.5 0.2
v 1.4 8.5 0.2
v 1.5 8.2 0.2
v 1.5 8.5 0.2
v 1.7 8.2 0.2
v 1.7 8.5 0.2
v 1.8 8.2 0.2
v 1.8 8.5 0.2
v 2.5 8.7 0.2
v 2.5 8.9 0.2
v 2.6 8.5 0.2
v 2.6 8.7 0.2
v 2.6 8.9 0.2
v 2.7 8.5 0.2
v 2.7 8.7 0.2
v 2.9 8.2 0.2
v 2.9 8.5 0.2
v 3.1 8 0.2
v 3.1 8.2 0.2
v 3.1 8.5 0.2
v 3.3 8 0.2
v 3.3 8.2 0.2
v 3.4 8 0.2
v 3.4 8.2 0.2
v 3.5 8 0.2
v 3.5 8.2 0.2
v -1.6 8.9 0.0999997
v -1.6 9.2 0.0999997
v -1.4 8.9 0.0999997
v -1.4 9.2 0.0999997
v -0.9 7.7 0.0999997
v -0.9 7.9 0.0999997
v -0.8 7.7 0.0999997
v -0.8 7.9 0.0999997
v -0.7 7.7 0.0999997
v -0.7 7.9 0.0999997
v -0.5 7.7 0.0999997
v -0.5 7.9 0.0999997
v -0.5 8.4 0.0999997
v -0.5 8.5 0.0999997
v -0.4 1.6 0.0999997
v -0.4 2 0.0999997
v -0.4 8.2 0.0999997
v -0.4 8.4 0.0999997
v -0.4 8.5 0.0999997
v -0.3 1.6 0.0999997
v -0.3 2 0.0999997
v -0.3 7.5 0.0999997
v -0.3 7.9 0.0999997
v -0.3 8.2 0.0999997
v -0.3 8.4 0.0999997
v -0.2 2 0.0999997
v -0.2 2.4 0.0999997
v -0.2 7.5 0.0999997
v -0.2 7.9 0.0999997
v -0.1 2.4 0.0999997
v -0.1 3 0.0999997
v 0.0999999 7.1 0.0999997
v 0.0999999 7.2 0.0999997
v 0.0999999 8 0.0999997
v 0.0999999 8.1 0.0999997
v 0.2 6.1 0.0999997
v 0.2 7 0.0999997
v 0.2 7.1 0.0999997
v 0.2 7.2 0.0999997
v 0.2 7.9 0.0999997
v 0.2 8 0.0999997
v 0.2 8.1 0.0999997
v 0.2 8.2 0.0999997
v 0.3 6.1 0.0999997
v 0.3 6.5 0.0999997
v 0.3 7 0.0999997
v 0.3 7.1 0.0999997
v 0.3 7.9 0.0999997
v 0.3 8.2 0.0999997
v 0.4 2.7 0.0999997
v 0.4 3 0.0999997
v 0.4 6.5 0.0999997
v 0.4 6.8 0.0999997
v 0.4 7.1 0.0999997
v 0.4 7.2 0.0999997
v 0.4 7.9 0.0999997
v 0.4 8 0.0999997
v 0.5 2 0.0999997
v 0.5 6.8 0.0999997
v 0.5 7 0.0999997
v 0.5 7.9 0.0999997
v 0.5 8 0.0999997
v 0.6 2 0.0999997
v 0.6 2.7 0.0999997
v 0.6 7 0.0999997
v 0.6 7.2 0.0999997
v 1 8.5 0.0999997
v 1 8.7 0.0999997
v 1.1 8.2 0.0999997
v 1.1 8.4 0.0999997
v 1.2 8.2 0.0999997
v 1.2 8.4 0.0999997
v 1.2 8.5 0.0999997
v 1.2 8.7 0.0999997
v 1.3 8.5 0.0999997
v 1.3 8.7 0.0999997
v 1.4 8.7 0.0999997
v 1.4 8.9 0.0999997
v 1.5 8.5 0.0999997
v 1.5 8.7 0.0999997
v 1.8 8.2 0.0999997
v 1.8 8.5 0.0999997
v 1.9 8.2 0.0999997
v 1.9 8.5 0.0999997
v 2 8.7 0.0999997
v 2 8.9 0.0999997
v 2.3 8.7 0.0999997
v 2.3 8.9 0.0999997
v 2.5 8.7 0.0999997
v 2.5 8.9 0.0999997
v 2.7 8.9 0.0999997
v 2.7 9.2 0.0999997
v 2.8 8.9 0.0999997
v 2.8 9.2 0.0999997
v 3.1 8.5 0.0999997
v 3.1 8.7 0.0999997
v 3.2 8.5 0.0999997
v 3.2 8.7 0.0999997
v 3.3 7.9 0.0999997
v 3.3 8 0.0999997
v 3.5 8 0.0999997
v 3.6 7.3 0.0999997
v 3.6 7.9 0.0999997
v 3.6 8 0.0999997
v 3.7 7.2 0.0999997
v 3.7 7.3 0.0999997
v 3.7 7.5 0.0999997
v 3.7 7.9 0.0999997
v 3.8 7.2 0.0999997
v 3.8 7.5 0.0999997
v -2.4 8.5 -2.38419e-07
v -2.4 8.7 -2.38419e-07
v -2 8.5 -2.38419e-07
v -2 8.7 -2.38419e-07
v -2 8.9 -2.38419e-07
v -1.7 8.7 -2.38419e-07
v -1.7 8.9 -2.38419e-07
v -1.7 9.2 -2.38419e-07
v -1.6 8.9 -2.38419e-07
v -1.6 9.2 -2.38419e-07
v -1.4 8.7 -2.38419e-07
v -1.4 8.9 -2.38419e-07
v -1.4 9.2 -2.38419e-07
v -1.3 8.5 -2.38419e-07
v -1.3 8.7 -2.38419e-07
v -1.3 8.9 -2.38419e-07
v -1.3 9.2 -2.38419e-07
v -1.1 8.5 -2.38419e-07
v -1.1 8.7 -2.38419e-07
v -1.1 8.9 -2.38419e-07
v -1 7.9 -2.38419e-07
v -1 8 -2.38419e-07
v -1 8.5 -2.38419e-07
v -0.9 7.9 -2.38419e-07
v -0.9 8 -2.38419e-07
v -0.9 8.2 -2.38419e-07
v -0.9 8.4 -2.38419e-07
v -0.9 8.5 -2.38419e-07
v -0.9 8.7 -2.38419e-07
v -0.8 8.2 -2.38419e-07
v -0.8 8.4 -2.38419e-07
v -0.7 8 -2.38419e-07
v -0.7 8.2 -2.38419e-07
v -0.7 8.4 -2.38419e-07
v -0.7 8.5 -2.38419e-07
v -0.6 8 -2.38419e-07
v -0.6 8.2 -2.38419e-07
v -0.4 7.5 -2.38419e-07
v -0.4 7.9 -2.38419e-07
v -0.3 2 -2.38419e-07
v -0.3 2.1 -2.38419e-07
v -0.3 7.3 -2.38419e-07
v -0.3 7.5 -2.38419e-07
v -0.3 7.9 -2.38419e-07
v -0.2 2 -2.38419e-07
v -0.2 2.1 -2.38419e-07
v -0.2 2.4 -2.38419e-07
v -0.2 3 -2.38419e-07
v -0.1 2.4 -2.38419e-07
v -0.1 3 -2.38419e-07
v -0.1 7 -2.38419e-07
v -0.1 7.2 -2.38419e-07
v -0.1 7.3 -2.38419e-07
v -0.1 7.5 -2.38419e-07
v -0.1 7.7 -2.38419e-07
v -0.1 7.9 -2.38419e-07
v 0 6.3 -2.38419e-07
v 0 6.6 -2.38419e-07
v 0 6.8 -2.38419e-07
v 0 6.9 -2.38419e-07
v 0 7.2 -2.38419e-07
v 0 7.7 -2.38419e-07
v 0 7.9 -2.38419e-07
v 0.0999999 5.9 -2.38419e-07
v 0.0999999 6.3 -2.38419e-07
v 0.0999999 6.6 -2.38419e-07
v 0.0999999 6.8 -2.38419e-07
v 0.0999999 6.9 -2.38419e-07
v 0.0999999 7 -2.38419e-07
v 0.0999999 7.1 -2.38419e-07
v 0.0999999 7.2 -2.38419e-07
v 0.0999999 8.1 -2.38419e-07
v 0.0999999 8.2 -2.38419e-07
v 0.2 5.6 -2.38419e-07
v 0.2 5.9 -2.38419e-07
v 0.2 6.1 -2.38419e-07
v 0.2 7 -2.38419e-07
v 0.2 7.1 -2.38419e-07
v 0.2 7.2 -2.38419e-07
v 0.2 7.7 -2.38419e-07
v 0.2 7.8 -2.38419e-07
v 0.2 8.1 -2.38419e-07
v 0.2 8.2 -2.38419e-07
v 0.3 5.4 -2.38419e-07
v 0.3 5.6 -2.38419e-07
v 0.3 6.1 -2.38419e-07
v 0.3 6.5 -2.38419e-07
v 0.3 7 -2.38419e-07
v 0.3 7.1 -2.38419e-07
v 0.3 7.7 -2.38419e-07
v 0.3 7.8 -2.38419e-07
v 0.4 2.7 -2.38419e-07
v 0.4 3 -2.38419e-07
v 0.4 5.2 -2.38419e-07
v 0.4 5.4 -2.38419e-07
v 0.4 5.8 -2.38419e-07
v 0.4 6.4 -2.38419e-07
v 0.4 6.5 -2.38419e-07
v 0.4 6.8 -2.38419e-07
v 0.4 7.1 -2.38419e-07
v 0.4 7.2 -2.38419e-07
v 0.4 7.7 -2.38419e-07
v 0.4 7.8 -2.38419e-07
v 0.4 8 -2.38419e-07
v 0.4 8.1 -2.38419e-07
v 0.4 8.3 -2.38419e-07
v 0.4 8.4 -2.38419e-07
v 0.4 8.7 -2.38419e-07
v 0.5 1.5 -2.38419e-07
v 0.5 2 -2.38419e-07
v 0.5 5.1 -2.38419e-07
v 0.5 5.2 -2.38419e-07
v 0.5 5.7 -2.38419e-07
v 0.5 5.8 -2.38419e-07
v 0.5 6.4 -2.38419e-07
v 0.5 6.8 -2.38419e-07
v 0.5 7 -2.38419e-07
v 0.5 7.2 -2.38419e-07
v 0.5 7.5 -2.38419e-07
v 0.5 7.8 -2.38419e-07
v 0.5 7.9 -2.38419e-07
v 0.5 8 -2.38419e-07
v 0.5 8.1 -2.38419e-07
v 0.5 8.3 -2.38419e-07
v 0.5 8.7 -2.38419e-07
v 0.6 1.5 -2.38419e-07
v 0.6 2 -2.38419e-07
v 0.6 2.4 -2.38419e-07
v 0.6 2.7 -2.38419e-07
v 0.6 3 -2.38419e-07
v 0.6 5.1 -2.38419e-07
v 0.6 5.7 -2.38419e-07
v 0.6 6.5 -2.38419e-07
v 0.6 6.8 -2.38419e-07
v 0.6 7 -2.38419e-07
v 0.6 7.2 -2.38419e-07
v 0.6 7.8 -2.38419e-07
v 0.6 7.9 -2.38419e-07
v 0.7 2 -2.38419e-07
v 0.7 2.4 -2.38419e-07
v 0.7 6.4 -2.38419e-07
v 0.7 6.5 -2.38419e-07
v 0.7 7 -2.38419e-07
v 0.7 7.5 -2.38419e-07
v 0.7 7.7 -2.38419e-07
v 0.7 7.8 -2.38419e-07
v 0.8 6.4 -2.38419e-07
v 0.8 7 -2.38419e-07
v 0.8 7.5 -2.38419e-07
v 0.8 7.7 -2.38419e-07
v 0.9 8 -2.38419e-07
v 0.9 8.2 -2.38419e-07
v 1 7.9 -2.38419e-07
v 1 8 -2.38419e-07
v 1 8.2 -2.38419e-07
v 1 8.4 -2.38419e-07
v 1.1 8 -2.38419e-07
v 1.1 8.2 -2.38419e-07
v 1.1 8.4 -2.38419e-07
v 1.2 8.5 -2.38419e-07
v 1.2 8.7 -2.38419e-07
v 1.3 8.5 -2.38419e-07
v 1.3 8.7 -2.38419e-07
v 1.6 8.9 -2.38419e-07
v 1.6 9.2 -2.38419e-07
v 2.2 9.2 -2.38419e-07
v 2.2 9.4 -2.38419e-07
v 2.3 8.9 -2.38419e-07
v 2.3 9.2 -2.38419e-07
v 2.7 9.2 -2.38419e-07
v 2.7 9.4 -2.38419e-07
v 2.8 8.9 -2.38419e-07
v 2.8 9.2 -2.38419e-07
v 2.9 8.7 -2.38419e-07
v 2.9 8.9 -2.38419e-07
v 2.9 9.2 -2.38419e-07
v 3.1 8.7 -2.38419e-07
v 3.1 8.9 -2.38419e-07
v 3.2 8.5 -2.38419e-07
v 3.2 8.7 -2.38419e-07
v 3.3 8.5 -2.38419e-07
v 3.3 8.7 -2.38419e-07
v 3.5 8 -2.38419e-07
v 3.5 8.2 -2.38419e-07
v 3.6 8 -2.38419e-07
v 3.6 8.2 -2.38419e-07
v 3.7 7.5 -2.38419e-07
v 3.7 7.9 -2.38419e-07
v 3.8 7.2 -2.38419e-07
v 3.8 7.5 -2.38419e-07
v 3.8 7.9 -2.38419e-07
v 3.9 7.3 -2.38419e-07
v 3.9 7.5 -2.38419e-07
v 4 7 -2.38419e-07
v 4 7.2 -2.38419e-07
v 4 7.3 -2.38419e-07
v 4.1 7 -2.38419e-07
v 4.1 7.2 -2.38419e-07
v -2.8 8.2 -0.1
v -2.8 8.5 -0.1
v -2.5 8.2 -0.1
v -2.5 8.5 -0.1
v -2.5 8.7 -0.1
v -2.4 8.5 -0.1
v -2.4 8.7 -0.1
v -2.3 8.2 -0.1
v -2.3 8.5 -0.1
v -2.2 8.2 -0.1
v -2.2 8.5 -0.1
v -1.5 8.7 -0.1
v -1.5 8.9 -0.1
v -1.4 8.5 -0.1
v -1.4 8.7 -0.1
v -1.4 8.9 -0.1
v -1.3 8.5 -0.1
v -1.3 8.7 -0.1
v -1.1 8.2 -0.1
v -1.1 8.5 -0.1
v -0.9 8 -0.1
v -0.9 8.2 -0.1
v -0.9 8.5 -0.1
v -0.7 8 -0.1
v -0.7 8.2 -0.1
v -0.5 7.3 -0.1
v -0.5 7.7 -0.1
v -0.5 7.9 -0.1
v -0.4 7.5 -0.1
v -0.4 7.9 -0.1
v -0.3 2.1 -0.1
v -0.3 3 -0.1
v -0.3 7.3 -0.1
v -0.3 7.5 -0.1
v -0.2 2.1 -0.1
v -0.2 3 -0.1
v -0.1 3 -0.1
v -0.1 4 -0.1
v -0.1 5.7 -0.1
v -0.1 6.1 -0.1
v -0.1 6.6 -0.1
v -0.1 6.9 -0.1
v -0.1 7.2 -0.1
v -0.1 7.3 -0.1
v -0.1 7.9 -0.1
v -0.1 8 -0.1
v 0 5.5 -0.1
v 0 5.7 -0.1
v 0 6.1 -0.1
v 0 6.3 -0.1
v 0 6.6 -0.1
v 0 6.8 -0.1
v 0 6.9 -0.1
v 0 7 -0.1
v 0 7.2 -0.1
v 0 7.3 -0.1
v 0.0999999 5.4 -0.1
v 0.0999999 5.5 -0.1
v 0.0999999 5.9 -0.1
v 0.0999999 6.3 -0.1
v 0.0999999 6.6 -0.1
v 0.0999999 6.8 -0.1
v 0.0999999 6.9 -0.1
v 0.0999999 7 -0.1
v 0.0999999 8 -0.1
v 0.2 5 -0.1
v 0.2 5.4 -0.1
v 0.2 5.6 -0.1
v 0.2 5.9 -0.1
v 0.2 7.9 -0.1
v 0.2 8 -0.1
v 0.3 5.4 -0.1
v 0.3 5.6 -0.1
v 0.4 5.2 -0.1
v 0.4 5.4 -0.1
v 0.4 5.8 -0.1
v 0.4 6.4 -0.1
v 0.4 8.1 -0.1
v 0.4 8.2 -0.1
v 0.5 5.1 -0.1
v 0.5 5.2 -0.1
v 0.5 5.7 -0.1
v 0.5 5.8 -0.1
v 0.5 5.9 -0.1
v 0.5 6.2 -0.1
v 0.5 6.4 -0.1
v 0.5 6.8 -0.1
v 0.5 8 -0.1
v 0.5 8.1 -0.1
v 0.5 8.2 -0.1
v 0.6 2.4 -0.1
v 0.6 3 -0.1
v 0.6 3.5 -0.1
v 0.6 4 -0.1
v 0.6 5.1 -0.1
v 0.6 5.7 -0.1
v 0.6 6.2 -0.1
v 0.6 6.3 -0.1
v 0.6 6.5 -0.1
v 0.6 6.8 -0.1
v 0.6 7.8 -0.1
v 0.6 7.9 -0.1
v 0.6 8.1 -0.1
v 0.6 8.2 -0.1
v 0.6 8.3 -0.1
v 0.6 8.4 -0.1
v 0.7 2.4 -0.1
v 0.7 3.5 -0.1
v 0.7 5 -0.1
v 0.7 5.3 -0.1
v 0.7 5.8 -0.1
v 0.7 5.9 -0.1
v 0.7 6.1 -0.1
v 0.7 6.3 -0.1
v 0.7 6.4 -0.1
v 0.7 6.5 -0.1
v 0.7 7.2 -0.1
v 0.7 7.5 -0.1
v 0.7 7.7 -0.1
v 0.7 7.8 -0.1
v 0.7 8.3 -0.1
v 0.7 8.4 -0.1
v 0.8 5.6 -0.1
v 0.8 5.8 -0.1
v 0.8 6.1 -0.1
v 0.8 6.3 -0.1
v 0.8 6.4 -0.1
v 0.8 7 -0.1
v 0.8 7.2 -0.1
v 0.8 7.5 -0.1
v 0.8 7.7 -0.1
v 0.8 7.9 -0.1
v 0.9 5.3 -0.1
v 0.9 5.6 -0.1
v 0.9 6.3 -0.1
v 0.9 7 -0.1
v 0.9 8 -0.1
v 0.9 8.2 -0.1
v 1.5 8.9 -0.1
v 1.5 9.2 -0.1
v 1.6 8.9 -0.1
v 1.6 9.2 -0.1
v 1.8 9.2 -0.1
v 1.8 9.4 -0.1
v 2.2 9.2 -0.1
v 2.2 9.4 -0.1
v 2.7 9.2 -0.1
v 2.7 9.4 -0.1
v 2.8 8.5 -0.1
v 2.8 8.7 -0.1
v 2.9 8.5 -0.1
v 2.9 8.7 -0.1
v 2.9 9.2 -0.1
v 2.9 9.4 -0.1
v 3.3 8.2 -0.1
v 3.3 8.5 -0.1
v 3.4 8.2 -0.1
v 3.4 8.5 -0.1
v 3.6 7.9 -0.1
v 3.6 8 -0.1
v 3.7 7.9 -0.1
v 3.7 8 -0.1
v 3.8 7.5 -0.1
v 3.8 7.9 -0.1
v 3.9 7.3 -0.1
v 3.9 7.5 -0.1
v 3.9 7.9 -0.1
v 4 7.2 -0.1
v 4 7.3 -0.1
v 4 7.5 -0.1
v 4.1 6.8 -0.1
v 4.1 7 -0.1
v 4.1 7.2 -0.1
v 4.1 7.3 -0.1
v 4.2 6.8 -0.1
v 4.2 7.2 -0.1
v -2.9 8.2 -0.2
v -2.9 8.5 -0.2
v -2.8 8.2 -0.2
v -2.8 8.5 -0.2
v -2.7 8.5 -0.2
v -2.7 8.7 -0.2
v -2.6 8.7 -0.2
v -2.6 8.9 -0.2
v -2.5 8.5 -0.2
v -2.5 8.7 -0.2
v -2.2 8.2 -0.2
v -2.2 8.5 -0.2
v -2.1 8.2 -0.2
v -2.1 8.5 -0.2
v -2 8.7 -0.2
v -2 8.9 -0.2
v -1.7 8.7 -0.2
v -1.7 8.9 -0.2
v -1.5 8.7 -0.2
v -1.5 8.9 -0.2
v -1.3 8.9 -0.2
v -1.3 9.2 -0.2
v -1.2 8.9 -0.2
v -1.2 9.2 -0.2
v -0.9 8.5 -0.2
v -0.9 8.7 -0.2
v -0.8 8.5 -0.2
v -0.8 8.7 -0.2
v -0.5 7.9 -0.2
v -0.5 8 -0.2
v -0.4 7.5 -0.2
v -0.4 7.9 -0.2
v -0.4 8 -0.2
v -0.3 7.2 -0.2
v -0.3 7.3 -0.2
v -0.3 7.5 -0.2
v -0.3 7.9 -0.2
v -0.2 3 -0.2
v -0.2 4 -0.2
v -0.2 7 -0.2
v -0.2 7.2 -0.2
v -0.2 7.9 -0.2
v -0.2 8 -0.2
v -0.2 8.1 -0.2
v -0.1 3 -0.2
v -0.1 4 -0.2
v -0.1 5.3 -0.2
v -0.1 5.7 -0.2
v -0.1 6.1 -0.2
v -0.1 6.3 -0.2
v -0.1 6.5 -0.2
v -0.1 6.6 -0.2
v -0.1 6.9 -0.2
v -0.1 7 -0.2
v -0.1 7.2 -0.2
v -0.1 7.3 -0.2
v -0.1 7.6 -0.2
v -0.1 7.8 -0.2
v -0.1 7.9 -0.2
v -0.1 8 -0.2
v 0 4 -0.2
v 0 4.4 -0.2
v 0 5 -0.2
v 0 5.3 -0.2
v 0 5.5 -0.2
v 0 5.7 -0.2
v 0 6.1 -0.2
v 0 6.3 -0.2
v 0 6.5 -0.2
v 0 6.6 -0.2
v 0 6.9 -0.2
v 0 7 -0.2
v 0 7.6 -0.2
v 0 7.8 -0.2
v 0.0999999 4.4 -0.2
v 0.0999999 5 -0.2
v 0.0999999 5.4 -0.2
v 0.0999999 5.5 -0.2
v 0.0999999 8 -0.2
v 0.0999999 8.1 -0.2
v 0.2 5 -0.2
v 0.2 5.4 -0.2
v 0.5 5.9 -0.2
v 0.5 6.2 -0.2
v 0.5 8.1 -0.2
v 0.5 8.2 -0.2
v 0.6 3.5 -0.2
v 0.6 4 -0.2
v 0.6 6.2 -0.2
v 0.6 6.3 -0.2
v 0.6 8.1 -0.2
v 0.6 8.2 -0.2
v 0.7 3 -0.2
v 0.7 3.5 -0.2
v 0.7 3.7 -0.2
v 0.7 4.1 -0.2
v 0.7 5 -0.2
v 0.7 5.3 -0.2
v 0.7 5.8 -0.2
v 0.7 5.9 -0.2
v 0.7 6.1 -0.2
v 0.7 6.3 -0.2
v 0.7 7 -0.2
v 0.7 7.2 -0.2
v 0.7 8.2 -0.2
v 0.7 8.4 -0.2
v 0.8 3 -0.2
v 0.8 3.7 -0.2
v 0.8 4.1 -0.2
v 0.8 5 -0.2
v 0.8 5.6 -0.2
v 0.8 5.8 -0.2
v 0.8 6.1 -0.2
v 0.8 6.3 -0.2
v 0.8 7 -0.2
v 0.8 7.2 -0.2
v 0.8 8.2 -0.2
v 0.8 8.4 -0.2
v 0.9 5 -0.2
v 0.9 5.1 -0.2
v 0.9 5.3 -0.2
v 0.9 5.6 -0.2
v 0.9 5.7 -0.2
v 0.9 6.3 -0.2
v 1 5.1 -0.2
v 1 5.7 -0.2
v 1.3 8.7 -0.2
v 1.3 8.9 -0.2
v 1.4 8.7 -0.2
v 1.4 8.9 -0.2
v 1.4 9.2 -0.2
v 1.5 8.9 -0.2
v 1.5 9.2 -0.2
v 2.7 8.5 -0.2
v 2.7 8.7 -0.2
v 2.8 8.5 -0.2
v 2.8 8.7 -0.2
v 2.9 8.9 -0.2
v 2.9 9.2 -0.2
v 3 8.9 -0.2
v 3 9.2 -0.2
v 3.1 8.7 -0.2
v 3.1 8.9 -0.2
v 3.2 8.7 -0.2
v 3.2 8.9 -0.2
v 3.4 7.9 -0.2
v 3.4 8 -0.2
v 3.4 8.2 -0.2
v 3.4 8.5 -0.2
v 3.5 7.9 -0.2
v 3.5 8 -0.2
v 3.6 7.3 -0.2
v 3.6 7.5 -0.2
v 3.6 8.2 -0.2
v 3.6 8.5 -0.2
v 3.7 7.3 -0.2
v 3.7 7.5 -0.2
v 3.7 7.9 -0.2
v 3.7 8 -0.2
v 3.8 7.9 -0.2
v 3.8 8 -0.2
v 3.9 7.5 -0.2
v 3.9 7.9 -0.2
v 4 7.5 -0.2
v 4 7.9 -0.2
v -3.4 7.9 -0.3
v -3.4 8 -0.3
v -3.1 8 -0.3
v -3.1 8.2 -0.3
v -3 7.9 -0.3
v -3 8 -0.3
v -3 8.2 -0.3
v -3 8.7 -0.3
v -2.9 8 -0.3
v -2.9 8.2 -0.3
v -2.9 8.5 -0.3
v -2.7 8.5 -0.3
v -2.7 8.7 -0.3
v -2.4 8.9 -0.3
v -2.4 9.2 -0.3
v -1.8 9.2 -0.3
v -1.8 9.4 -0.3
v -1.7 8.9 -0.3
v -1.7 9.2 -0.3
v -1.3 9.2 -0.3
v -1.3 9.4 -0.3
v -1.2 8.9 -0.3
v -1.2 9.2 -0.3
v -1.1 8.7 -0.3
v -1.1 8.9 -0.3
v -1.1 9.2 -0.3
v -0.9 8.7 -0.3
v -0.9 8.9 -0.3
v -0.8 8.5 -0.3
v -0.8 8.7 -0.3
v -0.7 8.5 -0.3
v -0.7 8.7 -0.3
v -0.5 8 -0.3
v -0.5 8.2 -0.3
v -0.4 8 -0.3
v -0.4 8.2 -0.3
v -0.3 7.1 -0.3
v -0.3 7.2 -0.3
v -0.3 7.8 -0.3
v -0.3 7.9 -0.3
v -0.3 8 -0.3
v -0.2 7.1 -0.3
v -0.2 7.2 -0.3
v -0.2 7.8 -0.3
v -0.2 8 -0.3
v -0.1 4 -0.3
v -0.1 4.8 -0.3
v -0.1 5 -0.3
v -0.1 5.3 -0.3
v -0.1 6.3 -0.3
v -0.1 6.5 -0.3
v 0 4 -0.3
v 0 4.4 -0.3
v 0 4.8 -0.3
v 0 5 -0.3
v 0 5.3 -0.3
v 0 6.3 -0.3
v 0 6.5 -0.3
v 0.0999999 4.4 -0.3
v 0.0999999 5 -0.3
v 0.0999999 8.1 -0.3
v 0.0999999 8.4 -0.3
v 0.2 8.1 -0.3
v 0.2 8.4 -0.3
v 0.3 8 -0.3
v 0.3 8.2 -0.3
v 0.4 8 -0.3
v 0.4 8.2 -0.3
v 0.8 4.3 -0.3
v 0.8 5 -0.3
v 0.8 7.5 -0.3
v 0.8 7.9 -0.3
v 0.8 8.2 -0.3
v 0.8 8.4 -0.3
v 0.9 4.3 -0.3
v 0.9 5 -0.3
v 0.9 5.7 -0.3
v 0.9 6 -0.3
v 0.9 8.2 -0.3
v 0.9 8.4 -0.3
v 1 5.7 -0.3
v 1 6 -0.3
v 1 7.5 -0.3
v 1 7.9 -0.3
v 1 8 -0.3
v 1 8.2 -0.3
v 1.1 8.7 -0.3
v 1.1 8.9 -0.3
v 1.2 8 -0.3
v 1.2 8.2 -0.3
v 1.3 8.7 -0.3
v 1.3 8.9 -0.3
v 1.7 9.2 -0.3
v 1.7 9.4 -0.3
v 1.8 9.2 -0.3
v 1.8 9.4 -0.3
v 3.2 8 -0.3
v 3.2 8.2 -0.3
v 3.3 7.9 -0.3
v 3.3 8 -0.3
v 3.3 8.2 -0.3
v 3.4 7.9 -0.3
v 3.4 8 -0.3
v -3.5 7.9 -0.4
v -3.5 8 -0.4
v -3.4 7.9 -0.4
v -3.4 8 -0.4
v -3.4 8.2 -0.4
v -3.1 8 -0.4
v -3.1 8.2 -0.4
v -2.5 8.9 -0.4
v -2.5 9.2 -0.4
v -2.4 8.9 -0.4
v -2.4 9.2 -0.4
v -2.2 9.2 -0.4
v -2.2 9.4 -0.4
v -1.8 9.2 -0.4
v -1.8 9.4 -0.4
v -1.3 9.2 -0.4
v -1.3 9.4 -0.4
v -1.2 8.5 -0.4
v -1.2 8.7 -0.4
v -1.1 8.5 -0.4
v -1.1 8.7 -0.4
v -1.1 9.2 -0.4
v -1.1 9.4 -0.4
v -0.7 8.2 -0.4
v -0.7 8.5 -0.4
v -0.6 8.2 -0.4
v -0.6 8.5 -0.4
v -0.4 7.9 -0.4
v -0.4 8 -0.4
v -0.3 7.9 -0.4
v -0.3 8 -0.4
v -0.1 4.8 -0.4
v -0.1 5 -0.4
v 0 4.8 -0.4
v 0 5 -0.4
v 0 8.1 -0.4
v 0 8.4 -0.4
v 0.0999999 8.1 -0.4
v 0.0999999 8.4 -0.4
v 0.4 8 -0.4
v 0.4 8.2 -0.4
v 0.5 8 -0.4
v 0.5 8.2 -0.4
v 0.6 8 -0.4
v 0.6 8.2 -0.4
v 0.7 3.7 -0.4
v 0.7 4.1 -0.4
v 0.7 8 -0.4
v 0.7 8.2 -0.4
v 0.8 3.7 -0.4
v 0.8 4.1 -0.4
v 1 7.9 -0.4
v 1 8 -0.4
v 1.1 7.9 -0.4
v 1.1 8 -0.4
v 1.5 8.5 -0.4
v 1.5 8.7 -0.4
v 1.6 8.5 -0.4
v 1.6 8.7 -0.4
v 1.6 8.9 -0.4
v 1.8 8.7 -0.4
v 1.8 8.9 -0.4
v 2.6 8.5 -0.4
v 2.6 8.7 -0.4
v 2.8 8.2 -0.4
v 2.8 8.5 -0.4
v 2.8 8.7 -0.4
v 2.9 8.2 -0.4
v 2.9 8.5 -0.4
v 3.1 8 -0.4
v 3.1 8.2 -0.4
v 3.2 7.9 -0.4
v 3.2 8 -0.4
v 3.2 8.2 -0.4
v 3.3 7.9 -0.4
v 3.3 8 -0.4
v 3.7 7.2 -0.4
v 3.7 7.3 -0.4
v 3.8 7.2 -0.4
v 3.8 7.3 -0.4
v -3.5 7.7 -0.5
v -3.5 7.9 -0.5
v -3.4 7.5 -0.5
v -3.4 7.7 -0.5
v -3.2 7.5 -0.5
v -3.2 7.9 -0.5
v -2.7 8.7 -0.5
v -2.7 8.9 -0.5
v -2.6 8.7 -0.5
v -2.6 8.9 -0.5
v -2.6 9.2 -0.5
v -2.5 8.9 -0.5
v -2.5 9.2 -0.5
v -1.3 8.5 -0.5
v -1.3 8.7 -0.5
v -1.2 8.5 -0.5
v -1.2 8.7 -0.5
v -1.1 8.9 -0.5
v -1.1 9.2 -0.5
v -1 8.9 -0.5
v -1 9.2 -0.5
v -0.9 8.7 -0.5
v -0.9 8.9 -0.5
v -0.8 8.7 -0.5
v -0.8 8.9 -0.5
v -0.6 7.9 -0.5
v -0.6 8 -0.5
v -0.6 8.2 -0.5
v -0.6 8.5 -0.5
v -0.5 7.9 -0.5
v -0.5 8 -0.5
v -0.4 7.3 -0.5
v -0.4 7.5 -0.5
v -0.4 8.2 -0.5
v -0.4 8.5 -0.5
v -0.3 7.3 -0.5
v -0.3 7.5 -0.5
v 0.8 4 -0.5
v 0.8 4.3 -0.5
v 0.9 4 -0.5
v 0.9 4.3 -0.5
v 0.9 5 -0.5
v 0.9 5.1 -0.5
v 1 5 -0.5
v 1 5.1 -0.5
v 1.5 8.7 -0.5
v 1.5 8.9 -0.5
v 1.6 8.5 -0.5
v 1.6 8.7 -0.5
v 1.6 8.9 -0.5
v 1.7 8.5 -0.5
v 1.7 8.7 -0.5
v 1.8 8.7 -0.5
v 1.8 8.9 -0.5
v 2.2 8.7 -0.5
v 2.2 8.9 -0.5
v 2.5 8.5 -0.5
v 2.5 8.7 -0.5
v 2.6 8.5 -0.5
v 2.6 8.7 -0.5
v 3 8 -0.5
v 3 8.2 -0.5
v 3 8.7 -0.5
v 3 8.9 -0.5
v 3.1 8 -0.5
v 3.1 8.2 -0.5
v 3.1 8.7 -0.5
v 3.1 8.9 -0.5
v -3.7 7.3 -0.6
v -3.7 7.5 -0.6
v -3.6 7.5 -0.6
v -3.6 8 -0.6
v -3.5 7.3 -0.6
v -3.5 7.5 -0.6
v -3.5 7.7 -0.6
v -3.5 8 -0.6
v -3.4 7.5 -0.6
v -3.4 7.7 -0.6
v -3.2 7.5 -0.6
v -3.2 7.9 -0.6
v -3 7.5 -0.6
v -3 7.9 -0.6
v -3 8 -0.6
v -3 8.2 -0.6
v -2.9 8.7 -0.6
v -2.9 8.9 -0.6
v -2.8 8 -0.6
v -2.8 8.2 -0.6
v -2.7 8.7 -0.6
v -2.7 8.9 -0.6
v -2.3 9.2 -0.6
v -2.3 9.4 -0.6
v -2.2 9.2 -0.6
v -2.2 9.4 -0.6
v -0.8 8 -0.6
v -0.8 8.2 -0.6
v -0.7 7.9 -0.6
v -0.7 8 -0.6
v -0.7 8.2 -0.6
v -0.6 7.9 -0.6
v -0.6 8 -0.6
v 0.5 8 -0.6
v 0.5 8.2 -0.6
v 0.6 8 -0.6
v 0.6 8.2 -0.6
v 0.9 8.2 -0.6
v 0.9 8.7 -0.6
v 1 8.2 -0.6
v 1 8.5 -0.6
v 1 8.7 -0.6
v 1.2 8 -0.6
v 1.2 8.2 -0.6
v 1.4 8 -0.6
v 1.4 8.2 -0.6
v 1.4 8.5 -0.6
v 1.5 8.2 -0.6
v 1.5 8.5 -0.6
v 1.7 8.5 -0.6
v 1.7 8.7 -0.6
v 1.9 8.5 -0.6
v 1.9 8.7 -0.6
v -3.8 7.3 -0.7
v -3.8 7.5 -0.7
v -3.7 7.3 -0.7
v -3.7 7.5 -0.7
v -3.7 7.9 -0.7
v -3.6 7.5 -0.7
v -3.6 7.9 -0.7
v -3.4 8 -0.7
v -3.4 8.2 -0.7
v -3.3 8 -0.7
v -3.3 8.2 -0.7
v -3 7.9 -0.7
v -3 8 -0.7
v -2.9 7.9 -0.7
v -2.9 8 -0.7
v -2.5 8.5 -0.7
v -2.5 8.7 -0.7
v -2.4 8.5 -0.7
v -2.4 8.7 -0.7
v -2.4 8.9 -0.7
v -2.2 8.7 -0.7
v -2.2 8.9 -0.7
v -1.4 8.5 -0.7
v -1.4 8.7 -0.7
v -1.2 8.2 -0.7
v -1.2 8.5 -0.7
v -1.2 8.7 -0.7
v -1.1 8.2 -0.7
v -1.1 8.5 -0.7
v -0.9 8 -0.7
v -0.9 8.2 -0.7
v -0.8 7.9 -0.7
v -0.8 8 -0.7
v -0.8 8.2 -0.7
v -0.7 7.9 -0.7
v -0.7 8 -0.7
v -0.5 7.5 -0.7
v -0.5 7.9 -0.7
v -0.4 7.5 -0.7
v -0.4 7.9 -0.7
v -0.4 8 -0.7
v -0.4 8.2 -0.7
v -0.3 7.2 -0.7
v -0.3 7.3 -0.7
v -0.3 8 -0.7
v -0.3 8.2 -0.7
v -0.2 7.2 -0.7
v -0.2 7.3 -0.7
v -0.2 8 -0.7
v -0.2 8.2 -0.7
v 0 8 -0.7
v 0 8.2 -0.7
v 0.4 8 -0.7
v 0.4 8.2 -0.7
v 0.5 8 -0.7
v 0.5 8.2 -0.7
v 1 8.2 -0.7
v 1 8.7 -0.7
v 1.1 8.2 -0.7
v 1.1 8.5 -0.7
v 1.2 8.5 -0.7
v 1.2 8.7 -0.7
v 1.3 8.5 -0.7
v 1.3 8.7 -0.7
v 1.4 8 -0.7
v 1.4 8.2 -0.7
v 1.4 8.5 -0.7
v 1.4 8.7 -0.7
v 1.4 8.9 -0.7
v 1.5 8 -0.7
v 1.5 8.2 -0.7
v 1.5 8.7 -0.7
v 1.5 8.9 -0.7
v 1.9 8.5 -0.7
v 1.9 8.7 -0.7
v 2 8.5 -0.7
v 2 8.7 -0.7
v -2.5 8.7 -0.8
v -2.5 8.9 -0.8
v -2.4 8.5 -0.8
v -2.4 8.7 -0.8
v -2.4 8.9 -0.8
v -2.3 8.5 -0.8
v -2.3 8.7 -0.8
v -2.2 8.7 -0.8
v -2.2 8.9 -0.8
v -1.8 8.7 -0.8
v -1.8 8.9 -0.8
v -1.5 8.5 -0.8
v -1.5 8.7 -0.8
v -1.4 8.5 -0.8
v -1.4 8.7 -0.8
v -1 8 -0.8
v -1 8.2 -0.8
v -1 8.7 -0.8
v -1 8.9 -0.8
v -0.9 8 -0.8
v -0.9 8.2 -0.8
v -0.9 8.7 -0.8
v -0.9 8.9 -0.8
v -0.3 8 -0.8
v -0.3 8.2 -0.8
v -0.2 8 -0.8
v -0.2 8.2 -0.8
v 0.0999999 8 -0.8
v 0.0999999 8.2 -0.8
v 0.2 8 -0.8
v 0.2 8.1 -0.8
v 0.2 8.2 -0.8
v 0.5 8 -0.8
v 0.5 8.2 -0.8
v 0.6 8 -0.8
v 0.6 8.2 -0.8
v 0.7 7.7 -0.8
v 0.7 7.9 -0.8
v 0.8 7.7 -0.8
v 0.8 7.9 -0.8
v 0.8 8.2 -0.8
v 0.8 8.7 -0.8
v 0.9 8.2 -0.8
v 0.9 8.7 -0.8
v 1.3 8.7 -0.8
v 1.3 8.9 -0.8
v 1.4 8.7 -0.8
v 1.4 8.9 -0.8
v 1.5 8.2 -0.8
v 1.5 8.5 -0.8
v 2 8.2 -0.8
v 2 8.5 -0.8
v 2.2 8.5 -0.8
v 2.2 8.7 -0.8
v 2.5 8.5 -0.8
v 2.5 8.7 -0.8
v -2.8 8 -0.9
v -2.8 8.2 -0.9
v -2.6 8 -0.9
v -2.6 8.2 -0.9
v -2.6 8.5 -0.9
v -2.5 8.2 -0.9
v -2.5 8.5 -0.9
v -2.3 8.5 -0.9
v -2.3 8.7 -0.9
v -2.1 8.5 -0.9
v -2.1 8.7 -0.9
v -0.7 8.2 -0.9
v -0.7 8.5 -0.9
v -0.5 8.2 -0.9
v -0.5 8.5 -0.9
v -0.4 8.2 -0.9
v -0.4 8.5 -0.9
v -0.3 8.2 -0.9
v -0.3 8.5 -0.9
v 0 8 -0.9
v 0 8.2 -0.9
v 0.0999999 8 -0.9
v 0.0999999 8.2 -0.9
v 0.2 8 -0.9
v 0.2 8.2 -0.9
v 0.3 8 -0.9
v 0.3 8.2 -0.9
v 0.7 8.2 -0.9
v 0.7 8.5 -0.9
v 0.8 5.9 -0.9
v 0.8 6 -0.9
v 0.8 8 -0.9
v 0.8 8.2 -0.9
v 0.8 8.5 -0.9
v 0.8 8.7 -0.9
v 0.8 8.9 -0.9
v 0.9 5.9 -0.9
v 0.9 6 -0.9
v 0.9 8 -0.9
v 0.9 8.2 -0.9
v 0.9 8.7 -0.9
v 0.9 8.9 -0.9
v 1.2 8.5 -0.9
v 1.2 8.7 -0.9
v 1.2 8.9 -0.9
v 1.3 8.5 -0.9
v 1.3 8.9 -0.9
v 1.4 8.7 -0.9
v 1.4 8.9 -0.9
v 1.6 8.7 -0.9
v 1.6 8.9 -0.9
v 1.7 8.5 -0.9
v 1.7 8.7 -0.9
v 1.9 8.5 -0.9
v 1.9 8.7 -0.9
v -2.6 8 -1
v -2.6 8.2 -1
v -2.5 8 -1
v -2.5 8.2 -1
v -2.1 8.5 -1
v -2.1 8.7 -1
v -2 8.5 -1
v -2 8.7 -1
v -0.8 8.2 -1
v -0.8 8.5 -1
v -0.7 8.2 -1
v -0.7 8.5 -1
v -0.5 8.2 -1
v -0.5 8.5 -1
v -0.5 8.7 -1
v -0.4 8.2 -1
v -0.4 8.5 -1
v -0.4 8.7 -1
v -0.3 8.2 -1
v -0.3 8.5 -1
v -0.2 8.2 -1
v -0.2 8.5 -1
v 0.0999999 7.7 -1
v 0.0999999 7.9 -1
v 0.2 7.7 -1
v 0.2 7.8 -1
v 0.3 7.8 -1
v 0.3 7.9 -1
v 0.6 8.2 -1
v 0.6 8.5 -1
v 0.7 8.2 -1
v 0.7 8.5 -1
v 0.9 8.7 -1
v 0.9 8.9 -1
v 1 8.7 -1
v 1 8.9 -1
v 1.1 8.7 -1
v 1.1 8.9 -1
v 1.2 8.7 -1
v 1.2 8.9 -1
v 1.4 8.9 -1
v 1.4 9.2 -1
v 1.6 8.7 -1
v 1.6 8.9 -1
v 1.6 9.2 -1
v 1.7 8.7 -1
v 1.7 8.9 -1
v -2.5 8.2 -1.1
v -2.5 8.5 -1.1
v -2 8.2 -1.1
v -2 8.5 -1.1
v -1.8 8.5 -1.1
v -1.8 8.7 -1.1
v -1.5 8.5 -1.1
v -1.5 8.7 -1.1
v -0.8 8.5 -1.1
v -0.8 8.7 -1.1
v -0.7 8.5 -1.1
v -0.7 8.7 -1.1
v -0.6 8.5 -1.1
v -0.6 8.7 -1.1
v -0.5 8.5 -1.1
v -0.5 8.7 -1.1
v -0.4 8.5 -1.1
v -0.4 8.7 -1.1
v -0.2 8.2 -1.1
v -0.2 8.5 -1.1
v -0.1 7.8 -1.1
v -0.1 7.9 -1.1
v -0.1 8.2 -1.1
v -0.1 8.7 -1.1
v 0 7.2 -1.1
v 0 7.5 -1.1
v 0 7.8 -1.1
v 0 7.9 -1.1
v 0.0999999 7.2 -1.1
v 0.0999999 7.5 -1.1
v 0.3 7.7 -1.1
v 0.3 7.9 -1.1
v 0.4 7.7 -1.1
v 0.4 7.9 -1.1
v 0.4 8 -1.1
v 0.4 8.2 -1.1
v 0.5 8 -1.1
v 0.5 8.2 -1.1
v 0.7 8.5 -1.1
v 0.7 8.7 -1.1
v 0.8 8.5 -1.1
v 0.8 8.7 -1.1
v 1 8.7 -1.1
v 1 8.9 -1.1
v 1 9.2 -1.1
v 1.1 8.7 -1.1
v 1.1 8.9 -1.1
v 1.4 8.9 -1.1
v 1.4 9.2 -1.1
v 1.7 8.7 -1.1
v 1.7 8.9 -1.1
v 1.9 8.7 -1.1
v 2.1 8.7 -1.1
v 2.1 8.9 -1.1
v 2.1 9.2 -1.1
v 2.2 8.9 -1.1
v 2.2 9.2 -1.1
v 2.4 8.9 -1.1
v 2.4 9.2 -1.1
v 2.5 8.9 -1.1
v 2.5 9.2 -1.1
v -1.1 8.2 -1.2
v -1.1 8.5 -1.2
v -1 8.2 -1.2
v -1 8.5 -1.2
v -0.9 8.5 -1.2
v -0.9 8.7 -1.2
v -0.8 8.5 -1.2
v -0.8 8.7 -1.2
v -0.7 8.5 -1.2
v -0.7 8.7 -1.2
v -0.7 8.9 -1.2
v -0.6 8.5 -1.2
v -0.6 8.7 -1.2
v -0.6 8.9 -1.2
v -0.5 8.7 -1.2
v -0.5 8.9 -1.2
v -0.3 8.7 -1.2
v -0.3 8.9 -1.2
v -0.1 8.2 -1.2
v -0.1 8.7 -1.2
v 0 7.7 -1.2
v 0 7.8 -1.2
v 0 8.2 -1.2
v 0 8.7 -1.2
v 0.0999999 7.7 -1.2
v 0.0999999 7.8 -1.2
v 0.8 8 -1.2
v 0.8 8.2 -1.2
v 1 8 -1.2
v 1 8.2 -1.2
v 1.4 9.2 -1.2
v 1.4 9.4 -1.2
v 1.6 8.9 -1.2
v 1.6 9.2 -1.2
v 1.7 9.2 -1.2
v 1.7 9.4 -1.2
v 1.8 8.9 -1.2
v 1.8 9.2 -1.2
v 2.2 8.9 -1.2
v 2.2 9.2 -1.2
v 2.4 8.9 -1.2
v 2.4 9.2 -1.2
v -1.2 8.2 -1.3
v -1.2 8.5 -1.3
v -1.1 8.2 -1.3
v -1.1 8.5 -1.3
v -1 8.5 -1.3
v -1 8.7 -1.3
v -0.9 8.5 -1.3
v -0.9 8.7 -1.3
v -0.9 8.9 -1.3
v -0.7 8.7 -1.3
v -0.7 8.9 -1.3
v -0.6 8.7 -1.3
v -0.6 8.9 -1.3
v -0.6 9.2 -1.3
v -0.5 8.7 -1.3
v -0.5 8.9 -1.3
v -0.5 9.2 -1.3
v -0.1 7.2 -1.3
v -0.1 7.5 -1.3
v 0 7.2 -1.3
v 0 7.5 -1.3
v 0.0999999 7.9 -1.3
v 0.0999999 8 -1.3
v 0.2 7.9 -1.3
v 0.2 8 -1.3
v 0.6 7.7 -1.3
v 0.6 7.9 -1.3
v 0.7 7.7 -1.3
v 0.7 7.9 -1.3
v 1.2 8.5 -1.3
v 1.2 8.7 -1.3
v 1.3 8.5 -1.3
v 1.3 8.7 -1.3
v 1.7 9.2 -1.3
v 1.7 9.4 -1.3
v 1.8 8.9 -1.3
v 1.8 9.2 -1.3
v 1.8 9.4 -1.3
v 2 8.9 -1.3
v 2 9.2 -1.3
v 2.1 8.7 -1.3
v 2.1 8.9 -1.3
v 2.2 8.7 -1.3
v 2.2 8.9 -1.3
v 2.3 8.7 -1.3
v 2.3 8.9 -1.3
v 2.4 8.7 -1.3
v 2.4 8.9 -1.3
v -1.1 8.5 -1.4
v -1.1 8.9 -1.4
v -1 8.5 -1.4
v -1 8.7 -1.4
v -0.9 8.7 -1.4
v -0.9 8.9 -1.4
v -0.8 8.9 -1.4
v -0.8 9.2 -1.4
v -0.6 8.9 -1.4
v -0.6 9.2 -1.4
v -0.5 8.9 -1.4
v -0.5 9.2 -1.4
v -0.4 8.9 -1.4
v -0.4 9.2 -1.4
v -0.1 7.7 -1.4
v -0.1 7.9 -1.4
v 0 7.7 -1.4
v 0 7.9 -1.4
v 0 8.2 -1.4
v 0 8.5 -1.4
v 0.0999999 8 -1.4
v 0.0999999 8.2 -1.4
v 0.0999999 8.5 -1.4
v 0.2 7.9 -1.4
v 0.2 8 -1.4
v 0.3 8.2 -1.4
v 0.3 8.4 -1.4
v 0.6 7.9 -1.4
v 0.6 8 -1.4
v 0.7 8 -1.4
v 0.7 8.4 -1.4
v 0.9 8.5 -1.4
v 0.9 8.7 -1.4
v 1 8.5 -1.4
v 1 8.7 -1.4
v 1.1 8.9 -1.4
v 1.1 9.2 -1.4
v 1.2 8.7 -1.4
v 1.2 8.9 -1.4
v 1.2 9.2 -1.4
v 1.3 8.7 -1.4
v 1.3 9.2 -1.4
v 1.3 9.4 -1.4
v 1.4 8.7 -1.4
v 1.4 8.9 -1.4
v 1.4 9.2 -1.4
v 1.4 9.4 -1.4
v 1.8 9.2 -1.4
v 1.8 9.4 -1.4
v 2 8.9 -1.4
v 2 9.2 -1.4
v 2.1 8.9 -1.4
v 2.1 9.2 -1.4
v 2.2 8.7 -1.4
v 2.2 8.9 -1.4
v 2.2 9.2 -1.4
v 2.2 9.4 -1.4
v 2.3 8.5 -1.4
v 2.3 8.7 -1.4
v 2.3 8.9 -1.4
v 2.4 8.7 -1.4
v 2.4 8.9 -1.4
v 2.5 8.5 -1.4
v 2.5 8.7 -1.4
v 2.5 8.9 -1.4
v 2.5 9.2 -1.4
v 2.6 8.7 -1.4
v 2.6 9.2 -1.4
v -1.2 8.5 -1.5
v -1.2 8.9 -1.5
v -1.1 8.5 -1.5
v -1.1 8.9 -1.5
v -1.1 9.2 -1.5
v -1 8.9 -1.5
v -1 9.2 -1.5
v -0.9 8.9 -1.5
v -0.9 9.2 -1.5
v -0.8 8.9 -1.5
v -0.8 9.2 -1.5
v -0.8 9.4 -1.5
v -0.7 9.2 -1.5
v -0.7 9.4 -1.5
v -0.1 7.9 -1.5
v -0.1 8.2 -1.5
v 0 8 -1.5
v 0 8.1 -1.5
v 0.0999999 7.9 -1.5
v 0.0999999 8 -1.5
v 0.0999999 8.1 -1.5
v 0.0999999 8.2 -1.5
v 0.0999999 8.4 -1.5
v 0.3 8.2 -1.5
v 0.3 8.4 -1.5
v 0.3 8.5 -1.5
v 0.4 8.4 -1.5
v 0.4 8.5 -1.5
v 0.7 7.9 -1.5
v 0.7 8 -1.5
v 0.7 8.1 -1.5
v 0.7 8.2 -1.5
v 0.8 7.9 -1.5
v 0.8 8 -1.5
v 0.8 8.1 -1.5
v 0.8 8.2 -1.5
v 0.9 8 -1.5
v 0.9 8.2 -1.5
v 1 8 -1.5
v 1 8.2 -1.5
v 2.5 8.5 -1.5
v 2.5 8.7 -1.5
v 2.6 8.7 -1.5
v 2.7 8.5 -1.5
v 2.7 8.7 -1.5
v -1.3 8.7 -1.6
v -1.3 9.2 -1.6
v -1.2 8.7 -1.6
v -1.2 8.9 -1.6
v -1.1 8.9 -1.6
v -1.1 9.2 -1.6
v -1 8.9 -1.6
v -1 9.2 -1.6
v -1 9.4 -1.6
v -0.9 8.9 -1.6
v -0.9 9.2 -1.6
v -0.8 9.2 -1.6
v -0.8 9.4 -1.6
v -0.7 9.2 -1.6
v -0.7 9.4 -1.6
v -0.6 9.2 -1.6
v -0.6 9.4 -1.6
v -0.3 8.7 -1.6
v -0.3 8.9 -1.6
v -0.1 8.7 -1.6
v -0.1 8.9 -1.6
v 0.8 7.9 -1.6
v 0.8 8.2 -1.6
v 0.9 7.9 -1.6
v 0.9 8 -1.6
v 0.9 8.2 -1.6
v 1.2 8.5 -1.6
v 1.2 8.7 -1.6
v 1.4 8.5 -1.6
v 1.4 8.7 -1.6
v 1.4 8.9 -1.6
v 1.5 8.7 -1.6
v 1.5 8.9 -1.6
v 2.2 9.2 -1.6
v 2.2 9.4 -1.6
v 2.3 9.2 -1.6
v 2.3 9.4 -1.6
v 2.4 8.9 -1.6
v 2.4 9.2 -1.6
v 2.5 8.9 -1.6
v 2.5 9.2 -1.6
v 2.6 8.2 -1.6
v 2.6 8.5 -1.6
v 2.7 8.2 -1.6
v 2.7 8.5 -1.6
v 2.7 8.7 -1.6
v 2.8 8.2 -1.6
v 2.8 8.5 -1.6
v 2.8 8.7 -1.6
v 2.9 8.2 -1.6
v 2.9 8.5 -1.6
v -1.5 8.5 -1.7
v -1.5 8.7 -1.7
v -1.4 8.5 -1.7
v -1.4 8.7 -1.7
v -1.4 9.2 -1.7
v -1.3 8.7 -1.7
v -1.3 9.2 -1.7
v -1.1 9.2 -1.7
v -1.1 9.4 -1.7
v -1 9.2 -1.7
v -1 9.4 -1.7
v -0.4 8.9 -1.7
v -0.4 9.2 -1.7
v -0.3 8.9 -1.7
v -0.3 9.2 -1.7
v 0.2 8.4 -1.7
v 0.2 8.5 -1.7
v 0.3 8.4 -1.7
v 0.3 8.5 -1.7
v 0.4 8.4 -1.7
v 0.4 8.5 -1.7
v 0.5 8.4 -1.7
v 0.5 8.5 -1.7
v 0.7 8.2 -1.7
v 0.7 8.4 -1.7
v 0.8 8.2 -1.7
v 0.8 8.4 -1.7
v 1 8.2 -1.7
v 1 8.5 -1.7
v 1.1 8.2 -1.7
v 1.1 8.5 -1.7
v 1.3 8.9 -1.7
v 1.3 9.2 -1.7
v 1.4 8.9 -1.7
v 1.4 9.2 -1.7
v 1.5 8.7 -1.7
v 1.5 8.9 -1.7
v 1.8 8.7 -1.7
v 1.8 8.9 -1.7
v 2.5 8.2 -1.7
v 2.5 8.5 -1.7
v 2.6 8.2 -1.7
v 2.6 8.5 -1.7
v 2.8 8 -1.7
v 2.8 8.2 -1.7
v 2.9 8 -1.7
v 2.9 8.2 -1.7
v -1.6 8.5 -1.8
v -1.6 8.7 -1.8
v -1.5 8.5 -1.8
v -1.5 8.7 -1.8
v -1.5 8.9 -1.8
v -1.4 8.7 -1.8
v -1.4 8.9 -1.8
v -1.2 9.2 -1.8
v -1.2 9.4 -1.8
v -1.1 9.2 -1.8
v -1.1 9.4 -1.8
v -0.6 9.2 -1.8
v -0.6 9.4 -1.8
v -0.5 9.2 -1.8
v -0.5 9.4 -1.8
v -0.4 8.5 -1.8
v -0.4 8.7 -1.8
v -0.3 8.5 -1.8
v -0.3 8.7 -1.8
v -0.2 7.9 -1.8
v -0.2 8.2 -1.8
v -0.2 8.5 -1.8
v -0.2 8.7 -1.8
v -0.1 7.9 -1.8
v -0.1 8.2 -1.8
v -0.1 8.5 -1.8
v -0.1 8.7 -1.8
v 0 8.2 -1.8
v 0 8.4 -1.8
v 0.0999999 8.2 -1.8
v 0.0999999 8.4 -1.8
v 0.0999999 8.5 -1.8
v 0.2 8.4 -1.8
v 0.2 8.5 -1.8
v 0.2 8.9 -1.8
v 0.5 8.4 -1.8
v 0.5 8.5 -1.8
v 0.5 8.9 -1.8
v 0.8 8.4 -1.8
v 0.8 8.5 -1.8
v 1.1 8.2 -1.8
v 1.1 8.5 -1.8
v 1.2 8.2 -1.8
v 1.2 8.5 -1.8
v 2.2 8.5 -1.8
v 2.2 8.7 -1.8
v 2.3 9.2 -1.8
v 2.3 9.4 -1.8
v 2.4 8.2 -1.8
v 2.4 8.5 -1.8
v 2.4 8.7 -1.8
v 2.4 9.2 -1.8
v 2.4 9.4 -1.8
v 2.5 8.2 -1.8
v 2.5 8.5 -1.8
v 2.5 8.7 -1.8
v 2.5 8.9 -1.8
v 2.7 8.2 -1.8
v 2.7 8.5 -1.8
v 2.7 8.7 -1.8
v 2.7 8.9 -1.8
v 2.8 8.2 -1.8
v 2.8 8.5 -1.8
v 2.9 7.9 -1.8
v 2.9 8 -1.8
v 2.9 8.2 -1.8
v 3 7.9 -1.8
v 3 8 -1.8
v 3.1 8 -1.8
v 3.1 8.2 -1.8
v -1.1 8.7 -1.9
v -1.1 8.9 -1.9
v -1 8.7 -1.9
v -1 8.9 -1.9
v -0.5 8.2 -1.9
v -0.5 8.9 -1.9
v -0.4 8.5 -1.9
v -0.4 8.9 -1.9
v -0.3 8.2 -1.9
v -0.3 8.5 -1.9
v 0.5 8.5 -1.9
v 0.5 8.9 -1.9
v 0.6 8.5 -1.9
v 0.6 8.9 -1.9
v 0.8 8.2 -1.9
v 0.8 8.4 -1.9
v 0.9 8.2 -1.9
v 0.9 8.4 -1.9
v 1.2 8.2 -1.9
v 1.2 8.5 -1.9
v 1.3 8.2 -1.9
v 1.3 8.5 -1.9
v 2.1 8.5 -1.9
v 2.1 8.7 -1.9
v 2.2 8.5 -1.9
v 2.2 8.7 -1.9
v 2.3 8.2 -1.9
v 2.3 8.5 -1.9
v 2.4 8.2 -1.9
v 2.4 8.5 -1.9
v 2.4 8.9 -1.9
v 2.4 9.2 -1.9
v 2.5 8.9 -1.9
v 2.5 9.2 -1.9
v 3.1 8 -1.9
v 3.1 8.2 -1.9
v 3.2 8 -1.9
v 3.2 8.2 -1.9
v -1.6 8.7 -2
v -1.6 8.9 -2
v -1.5 8.7 -2
v -1.5 8.9 -2
v -1.5 9.2 -2
v -1.4 8.9 -2
v -1.4 9.2 -2
v -1 8.7 -2
v -1 8.9 -2
v -0.9 8.7 -2
v -0.9 8.9 -2
v -0.7 8.7 -2
v -0.7 8.9 -2
v -0.6 8.5 -2
v -0.6 8.7 -2
v -0.5 8.5 -2
v -0.5 8.9 -2
v 0 8.4 -2
v 0 8.5 -2
v 0.0999999 8.4 -2
v 0.0999999 8.5 -2
v 0.0999999 8.9 -2
v 0.2 8.4 -2
v 0.2 8.5 -2
v 0.2 8.9 -2
v 0.3 8.4 -2
v 0.3 8.5 -2
v 0.6 8.5 -2
v 0.6 8.9 -2
v 0.7 8.5 -2
v 0.7 8.9 -2
v 0.9 8.2 -2
v 0.9 8.4 -2
v 1 8.2 -2
v 1 8.4 -2
v 1.5 8.5 -2
v 1.5 8.7 -2
v 1.7 8.5 -2
v 1.7 8.7 -2
v 1.9 8.5 -2
v 1.9 8.7 -2
v 2.1 8.2 -2
v 2.1 8.5 -2
v 2.1 8.7 -2
v 2.3 8.2 -2
v 2.3 8.5 -2
v 2.8 7.9 -2
v 2.8 8.2 -2
v 2.9 7.9 -2
v 2.9 8.2 -2
v 3 7.9 -2
v 3 8 -2
v 3.1 7.7 -2
v 3.1 7.9 -2
v 3.2 7.7 -2
v 3.2 8 -2
v -1.7 8.7 -2.1
v -1.7 8.9 -2.1
v -1.6 8.5 -2.1
v -1.6 8.7 -2.1
v -1.6 8.9 -2.1
v -1.6 9.2 -2.1
v -1.5 8.9 -2.1
v -1.5 9.2 -2.1
v -1.3 8.5 -2.1
v -1.3 8.7 -2.1
v -0.9 8.7 -2.1
v -0.9 8.9 -2.1
v -0.7 8.7 -2.1
v -0.7 8.9 -2.1
v 0.2 8.9 -2.1
v 0.2 9.1 -2.1
v 0.4 8.9 -2.1
v 0.4 9.1 -2.1
v 0.7 7.9 -2.1
v 0.7 8.2 -2.1
v 0.9 7.9 -2.1
v 0.9 8.2 -2.1
v 3 8 -2.1
v 3 8.2 -2.1
v 3.1 7.3 -2.1
v 3.1 7.7 -2.1
v 3.1 8 -2.1
v 3.1 8.2 -2.1
v 3.2 7.3 -2.1
v 3.2 7.7 -2.1
v -1.8 8.2 -2.2
v -1.8 8.7 -2.2
v -1.7 8.7 -2.2
v -1.6 8.2 -2.2
v -1.6 8.5 -2.2
v -1.6 8.7 -2.2
v -1.3 9.2 -2.2
v -1.3 9.4 -2.2
v -1.2 9.2 -2.2
v -1.2 9.4 -2.2
v -0.8 9.2 -2.2
v -0.8 9.4 -2.2
v -0.7 9.2 -2.2
v -0.7 9.4 -2.2
v -0.5 8.7 -2.2
v -0.5 8.9 -2.2
v -0.4 8.7 -2.2
v -0.4 8.9 -2.2
v -0.1 8.4 -2.2
v -0.1 8.5 -2.2
v 0 8.4 -2.2
v 0 8.5 -2.2
v 0.0999999 8.9 -2.2
v 0.0999999 9.1 -2.2
v 0.2 8.9 -2.2
v 0.2 9.1 -2.2
v 0.4 8.9 -2.2
v 0.4 9.1 -2.2
v 0.6 8.9 -2.2
v 0.6 9.1 -2.2
v 2 8.2 -2.2
v 2 8.5 -2.2
v 2.1 8.2 -2.2
v 2.1 8.5 -2.2
v 2.2 8 -2.2
v 2.2 8.2 -2.2
v 2.4 8 -2.2
v 2.4 8.2 -2.2
v 2.5 8 -2.2
v 2.5 8.2 -2.2
v 2.8 8 -2.2
v 2.8 8.2 -2.2
v 2.9 7.5 -2.2
v 2.9 7.9 -2.2
v 3 7.3 -2.2
v 3 7.5 -2.2
v 3.1 7.3 -2.2
v 3.1 7.9 -2.2
v 3.2 7.3 -2.2
v 3.2 7.5 -2.2
v 3.3 7.3 -2.2
v 3.3 7.5 -2.2
v -1.9 8.2 -2.3
v -1.9 8.5 -2.3
v -1.8 8.2 -2.3
v -1.8 8.5 -2.3
v -1.6 8.2 -2.3
v -1.6 8.5 -2.3
v -1.5 8.2 -2.3
v -1.5 8.5 -2.3
v 0 8.5 -2.3
v 0 8.9 -2.3
v 0.0999999 8.5 -2.3
v 0.0999999 8.9 -2.3
v 2.4 7.9 -2.3
v 2.4 8 -2.3
v 2.4 8.2 -2.3
v 2.5 8 -2.3
v 2.5 8.2 -2.3
v 2.8 8.2 -2.3
v 2.8 8.5 -2.3
v 2.9 7.9 -2.3
v 2.9 8 -2.3
v 2.9 8.2 -2.3
v 2.9 8.5 -2.3
v -1.5 8.2 -2.4
v -1.5 8.5 -2.4
v -1.4 8.2 -2.4
v -1.4 8.5 -2.4
v -1.3 8.5 -2.4
v -1.3 8.7 -2.4
v -1.2 8.5 -2.4
v -1.2 8.7 -2.4
v -0.7 8.9 -2.4
v -0.7 9.2 -2.4
v -0.6 8.9 -2.4
v -0.6 9.2 -2.4
v -0.1 8.5 -2.4
v -0.1 8.9 -2.4
v 0 8.5 -2.4
v 0 8.9 -2.4
v 0.6 8.4 -2.4
v 0.6 8.5 -2.4
v 0.7 8.4 -2.4
v 0.7 8.5 -2.4
v 0.8 8.4 -2.4
v 0.8 8.5 -2.4
v 1 8.4 -2.4
v 1 8.5 -2.4
v 2.9 7.3 -2.4
v 2.9 7.5 -2.4
v 3 7.3 -2.4
v 3 7.5 -2.4
v 3 7.9 -2.4
v 3 8 -2.4
v 3.1 7.2 -2.4
v 3.1 7.3 -2.4
v 3.1 7.9 -2.4
v 3.1 8 -2.4
v 3.2 7.3 -2.4
v 3.3 7 -2.4
v 3.3 7.2 -2.4
v 3.3 7.3 -2.4
v 3.4 7 -2.4
v 3.4 7.2 -2.4
v -1.9 8 -2.5
v -1.9 8.2 -2.5
v -1.8 8.2 -2.5
v -1.7 8 -2.5
v -1.7 8.2 -2.5
v -1.4 8.5 -2.5
v -1.4 8.7 -2.5
v -1.4 9.2 -2.5
v -1.4 9.4 -2.5
v -1.3 8.5 -2.5
v -1.3 8.7 -2.5
v -1.3 9.2 -2.5
v -1.3 9.4 -2.5
v 2.3 8 -2.5
v 2.3 8.2 -2.5
v 2.4 8 -2.5
v 2.4 8.2 -2.5
v 2.7 7.3 -2.5
v 2.7 7.9 -2.5
v 2.9 7.3 -2.5
v 2.9 7.9 -2.5
v 3 7.2 -2.5
v 3 7.3 -2.5
v 3.1 7.2 -2.5
v 3.1 7.3 -2.5
v 3.2 7.3 -2.5
v 3.2 7.5 -2.5
v 3.3 7.2 -2.5
v 3.3 7.3 -2.5
v 3.3 7.5 -2.5
v 3.4 7 -2.5
v 3.4 7.2 -2.5
v 3.5 7 -2.5
v 3.5 7.3 -2.5
v -2 8 -2.6
v -2 8.2 -2.6
v -1.9 7.9 -2.6
v -1.9 8 -2.6
v -1.9 8.2 -2.6
v -1.7 7.9 -2.6
v -1.7 8 -2.6
v -1.7 8.2 -2.6
v -1.6 8 -2.6
v -1.6 8.2 -2.6
v -1.6 8.7 -2.6
v -1.6 8.9 -2.6
v -1.5 8.7 -2.6
v -1.5 8.9 -2.6
v -1.4 8.2 -2.6
v -1.4 8.5 -2.6
v -1.3 8.2 -2.6
v -1.3 8.5 -2.6
v -1.1 8.5 -2.6
v -1.1 8.7 -2.6
v -0.8 8.5 -2.6
v -0.8 8.7 -2.6
v -0.2 8.2 -2.6
v -0.2 8.4 -2.6
v -0.1 8.2 -2.6
v -0.1 8.4 -2.6
v 0.2 8.4 -2.6
v 0.2 8.5 -2.6
v 0.6 8.4 -2.6
v 0.6 8.5 -2.6
v 0.6 8.9 -2.6
v 0.6 9.1 -2.6
v 0.7 8.9 -2.6
v 0.7 9.1 -2.6
v 2.9 7.2 -2.6
v 2.9 7.3 -2.6
v 3 7.2 -2.6
v 3 7.3 -2.6
v -1.3 8.2 -2.7
v -1.3 8.5 -2.7
v -1.2 8.2 -2.7
v -1.2 8.5 -2.7
v -1.2 8.7 -2.7
v -1.1 8.5 -2.7
v -1.1 8.7 -2.7
v 0.7 8.5 -2.7
v 0.7 8.9 -2.7
v 1 8.5 -2.7
v 1 8.9 -2.7
v 3.4 6.8 -2.7
v 3.4 7 -2.7
v 3.4 7.2 -2.7
v 3.5 6.8 -2.7
v 3.5 7.2 -2.7
v -1.9 7.9 -2.8
v -1.9 8 -2.8
v -1.8 7.9 -2.8
v -1.8 8 -2.8
v -1.2 8.2 -2.8
v -1.2 8.5 -2.8
v -1 8.2 -2.8
v -1 8.5 -2.8
v 1 8.5 -2.8
v 1 8.9 -2.8
v 1.1 8.5 -2.8
v 1.1 8.9 -2.8
v -2 7.9 -2.9
v -2 8 -2.9
v -1.9 7.9 -2.9
v -1.9 8 -2.9
v -1.7 8 -2.9
v -1.7 8.2 -2.9
v -1.5 8 -2.9
v -1.5 8.2 -2.9
v 0.0999999 8.2 -2.9
v 0.0999999 8.4 -2.9
v 0.2 8.2 -2.9
v 0.2 8.4 -2.9
v 0.8 8.4 -2.9
v 0.8 8.5 -2.9
v 0.9 8.4 -2.9
v 0.9 8.5 -2.9
v -2 7.5 -3
v -2 7.9 -3
v -1.9 7.5 -3
v -1.9 7.9 -3
v -1.8 8.2 -3
v -1.8 8.5 -3
v -1.7 8.2 -3
v -1.7 8.5 -3
v -1.5 8 -3
v -1.5 8.2 -3
v -1.4 8 -3
v -1.4 8.2 -3
v -1.3 8 -3
v -1.3 8.2 -3
v -1.2 8 -3
v -1.2 8.2 -3
v 0 8.2 -3
v 0 8.4 -3
v 0.0999999 8.2 -3
v 0.0999999 8.4 -3
v 0.2 8.2 -3
v 0.2 8.4 -3
v 0.3 8.2 -3
v 0.3 8.4 -3
v 0.8 8.2 -3
v 0.8 8.4 -3
v 0.9 8.2 -3
v 0.9 8.4 -3
v 0.9 8.5 -3
v 1 8.4 -3
v 1 8.5 -3
v -2 7.3 -3.1
v -2 7.5 -3.1
v -1.9 7.5 -3.1
v -1.9 7.9 -3.1
v -1.8 7.3 -3.1
v -1.8 7.9 -3.1
v -1.7 7.9 -3.1
v -1.7 8 -3.1
v -1.4 7.9 -3.1
v -1.4 8 -3.1
v -1.4 8.2 -3.1
v -1.3 8 -3.1
v -1.3 8.2 -3.1
v 0.4 8.2 -3.1
v 0.4 8.4 -3.1
v 0.5 8.2 -3.1
v 0.5 8.4 -3.1
v 0.7 8.2 -3.1
v 0.7 8.4 -3.1
v 0.8 8.2 -3.1
v 0.8 8.4 -3.1
v 0.9 8.2 -3.1
v 0.9 8.4 -3.1
v 1 8.2 -3.1
v 1 8.4 -3.1
v -2.1 7.2 -3.2
v -2.1 7.5 -3.2
v -2 7.2 -3.2
v -2 7.3 -3.2
v -2 7.5 -3.2
v -2 8 -3.2
v -1.9 7.5 -3.2
v -1.9 8 -3.2
v -1.8 7.5 -3.2
v -1.8 7.9 -3.2
v -1.7 7.5 -3.2
v -1.7 7.9 -3.2
v -1.3 8 -3.2
v -1.3 8.2 -3.2
v -1.2 8 -3.2
v -1.2 8.2 -3.2
v -0.1 7.9 -3.2
v -0.1 8.4 -3.2
v 0 8.2 -3.2
v 0 8.4 -3.2
v 0.3 7.9 -3.2
v 0.3 8.2 -3.2
v 0.3 8.4 -3.2
v 0.4 8.2 -3.2
v 0.4 8.4 -3.2
v 0.5 8.2 -3.2
v 0.5 8.4 -3.2
v 0.6 8.2 -3.2
v 0.6 8.4 -3.2
v -2.1 7.5 -3.3
v -2.1 7.7 -3.3
v -2 7.2 -3.3
v -2 7.3 -3.3
v -2 7.5 -3.3
v -2 7.7 -3.3
v -1.8 7.2 -3.3
v -1.8 7.3 -3.3
v -1.8 7.5 -3.3
v -1.7 7.5 -3.3
v -1.7 7.9 -3.3
v -1.6 7.3 -3.3
v -1.6 7.9 -3.3
v 0.3 7.9 -3.3
v 0.3 8.2 -3.3
v 0.6 8.2 -3.3
v 0.6 8.4 -3.3
v 0.7 8.2 -3.3
v 0.7 8.4 -3.3
v 0.9 7.9 -3.3
v 0.9 8.2 -3.3
v 0.0999999 7.7 -3.4
v 0.0999999 7.9 -3.4
v 0.0999999 8.4 -3.4
v 0.0999999 8.5 -3.4
v 0.2 7.7 -3.4
v 0.2 7.9 -3.4
v 0.2 8.4 -3.4
v 0.2 8.5 -3.4
v -2.1 7.1 -3.5
v -2.1 7.2 -3.5
v -1.9 7.1 -3.5
v -1.9 7.2 -3.5
v 0.2 7.7 -3.5
v 0.2 7.9 -3.5
v 0.3 7.7 -3.5
v 0.3 7.9 -3.5
v 0.8 7.7 -3.5
v 0.8 7.9 -3.5
v 0.9 7.7 -3.5
v 0.9 7.9 -3.5
v 0.9 8.2 -3.5
v 1 7.9 -3.5
v 1 8.2 -3.5
v 0 7.7 -3.6
v 0 7.9 -3.6
v 0.0999999 7.5 -3.6
v 0.0999999 7.7 -3.6
v 0.0999999 7.9 -3.6
v 0.3 7.5 -3.6
v 0.3 7.7 -3.6
v 0.3 7.9 -3.6
v 0.4 7.7 -3.6
v 0.4 7.9 -3.6
v 0.3 7.5 -3.7
v 0.3 7.7 -3.7
v 0.4 7.5 -3.7
v 0.4 7.7 -3.7
v 0.4 7.9 -3.7
v 0.7 7.5 -3.7
v 0.7 7.7 -3.7
v 0.8 7.5 -3.7
v 0.8 7.7 -3.7
v 0.8 7.9 -3.7
v 0.9 7.7 -3.7
v 0.9 7.9 -3.7
v 1 7.7 -3.7
v 1 7.9 -3.7
v 0.4 7.5 -3.8
v 0.4 7.7 -3.8
v 0.5 7.5 -3.8
v 0.5 7.7 -3.8
v 0.6 7.5 -3.8
v 0.6 7.7 -3.8
v 0.7 7.5 -3.8
v 0.7 7.7 -3.8
v 0.5 7.5 -3.9
v 0.5 7.7 -3.9
v 0.6 7.5 -3.9
v 0.6 7.7 -3.9
v 0.2 7 -4
v 0.2 7.5 -4
v 0.5 7 -4
v 0.5 7.2 -4
v 0.6 7 -4
v 0.6 7.2 -4
v 0.8 7 -4
v 0.8 7.5 -4
v 0.2 6.8 -4.1
v 0.2 7 -4.1
v 0.3 6.8 -4.1
v 0.3 7 -4.1
v 0.5 7 -4.1
v 0.5 7.2 -4.1
v 0.6 7 -4.1
v 0.6 7.2 -4.1
v 0.7 6.8 -4.1
v 0.7 7 -4.1
v 0.8 6.8 -4.1
v 0.8 7 -4.1
v 0.3 6.8 -4.2
v 0.3 7 -4.2
v 0.7 6.8 -4.2
v 0.7 7 -4.2
v 0.4 6.7 -4.4
v 0.4 6.8 -4.4
v 0.7 6.7 -4.4
v 0.7 6.8 -4.4
v 0.5 6.5 -4.5
v 0.5 6.7 -4.5
v 0.6 6.5 -4.5
v 0.6 6.7 -4.5
v 0 6.5 3.5
v 0 6.7 3.5
v 0.0999999 6.5 3.5
v 0.0999999 6.7 3.5
v -0.1 6.7 3.4
v -0.1 6.8 3.4
v 0.2 6.7 3.4
v 0.2 6.8 3.4
v -0.1 6.8 3.2
v -0.1 7 3.2
v 0.3 6.8 3.2
v 0.3 7 3.2
v -0.2 6.8 3.1
v -0.2 7 3.1
v -0.1 6.8 3.1
v -0.1 7 3.1
v 0 7 3.1
v 0 7.2 3.1
v 0.0999999 7 3.1
v 0.0999999 7.2 3.1
v 0.3 6.8 3.1
v 0.3 7 3.1
v 0.4 6.8 3.1
v 0.4 7 3.1
v -0.2 7 3
v -0.2 7.5 3
v 0 7 3
v 0 7.2 3
v 0.0999999 7 3
v 0.0999999 7.2 3
v 0.4 7 3
v 0.4 7.5 3
v 0 7.5 2.9
v 0 7.7 2.9
v 0.0999999 7.5 2.9
v 0.0999999 7.7 2.9
v -0.1 7.5 2.8
v -0.1 7.7 2.8
v 0 7.5 2.8
v 0 7.7 2.8
v 0.0999999 7.5 2.8
v 0.0999999 7.7 2.8
v 0.2 7.5 2.8
v 0.2 7.7 2.8
v -0.4 7.7 2.7
v -0.4 7.9 2.7
v -0.3 7.7 2.7
v -0.3 7.9 2.7
v -0.2 7.5 2.7
v -0.2 7.7 2.7
v -0.2 7.9 2.7
v -0.1 7.5 2.7
v -0.1 7.7 2.7
v 0.2 7.5 2.7
v 0.2 7.7 2.7
v 0.2 7.9 2.7
v 0.3 7.5 2.7
v 0.3 7.7 2.7
v 0.2 7.7 2.6
v 0.2 7.9 2.6
v 0.3 7.5 2.6
v 0.3 7.7 2.6
v 0.3 7.9 2.6
v 0.5 7.5 2.6
v 0.5 7.7 2.6
v 0.5 7.9 2.6
v 0.6 7.7 2.6
v 0.6 7.9 2.6
v -0.4 7.9 2.5
v -0.4 8.2 2.5
v -0.3 7.7 2.5
v -0.3 7.9 2.5
v -0.3 8.2 2.5
v -0.2 7.7 2.5
v -0.2 7.9 2.5
v 0.3 7.7 2.5
v 0.3 7.9 2.5
v 0.4 7.7 2.5
v 0.4 7.9 2.5
v 0.4 7.7 2.4
v 0.4 7.9 2.4
v 0.4 8.4 2.4
v 0.4 8.5 2.4
v 0.5 7.7 2.4
v 0.5 7.9 2.4
v 0.5 8.4 2.4
v 0.5 8.5 2.4
v -0.3 7.9 2.3
v -0.3 8.2 2.3
v -0.1 8.2 2.3
v -0.1 8.4 2.3
v 0 8.2 2.3
v 0 8.4 2.3
v 0.3 7.9 2.3
v 0.3 8.2 2.3
v 0 8.2 2.2
v 0 8.4 2.2
v 0.0999999 8.2 2.2
v 0.0999999 8.4 2.2
v 0.2 8.2 2.2
v 0.2 8.4 2.2
v 0.3 7.9 2.2
v 0.3 8.2 2.2
v 0.3 8.4 2.2
v 0.6 8.2 2.2
v 0.6 8.4 2.2
v 0.7 7.9 2.2
v 0.7 8.4 2.2
v -0.4 8.2 2.1
v -0.4 8.4 2.1
v -0.3 8.2 2.1
v -0.3 8.4 2.1
v -0.2 8.2 2.1
v -0.2 8.4 2.1
v -0.1 8.2 2.1
v -0.1 8.4 2.1
v 0.0999999 8.2 2.1
v 0.0999999 8.4 2.1
v 0.2 8.2 2.1
v 0.2 8.4 2.1
v 2.2 5.8 2.1
v 2.2 6 2.1
v 2.3 5.8 2.1
v 2.3 6 2.1
v -2.9 6.5 2
v -2.9 6.9 2
v -2.8 6.5 2
v -2.8 6.7 2
v -2.8 6.9 2
v -2.7 6.7 2
v -2.7 6.8 2
v -2.6 6.7 2
v -2.6 6.8 2
v -0.4 8.4 2
v -0.4 8.5 2
v -0.3 8.2 2
v -0.3 8.4 2
v -0.3 8.5 2
v -0.2 8.2 2
v -0.2 8.4 2
v 0.3 8.2 2
v 0.3 8.4 2
v 0.4 8.2 2
v 0.4 8.4 2
v 0.5 8.2 2
v 0.5 8.4 2
v 0.6 8.2 2
v 0.6 8.4 2
v 1.9 6.1 2
v 1.9 6.3 2
v 2 6.1 2
v 2 6.3 2
v 2.1 6 2
v 2.1 6.1 2
v 2.2 6 2
v 2.2 6.1 2
v 2.3 6 2
v 2.3 6.1 2
v 2.4 6 2
v 2.4 6.1 2
v -2.9 6.9 1.9
v -2.9 7 1.9
v -2.8 6.7 1.9
v -2.8 6.8 1.9
v -2.8 6.9 1.9
v -2.8 7 1.9
v -2.7 6.7 1.9
v -2.7 6.8 1.9
v -2.4 6.8 1.9
v -2.4 7.2 1.9
v -2.3 6.8 1.9
v -2.3 7.2 1.9
v -2.2 7.3 1.9
v -2.2 7.5 1.9
v -2.1 7.3 1.9
v -2.1 7.5 1.9
v -0.3 8.4 1.9
v -0.3 8.5 1.9
v -0.2 8.4 1.9
v -0.2 8.5 1.9
v 0.4 8.2 1.9
v 0.4 8.4 1.9
v 0.5 8.2 1.9
v 0.5 8.4 1.9
v 1.4 6.8 1.9
v 1.4 7 1.9
v 1.5 6.3 1.9
v 1.5 6.8 1.9
v 1.5 7 1.9
v 1.7 6.3 1.9
v 1.7 6.8 1.9
v 2 6.1 1.9
v 2 6.3 1.9
v 2.1 6.3 1.9
v 2.1 6.7 1.9
v 2.2 6 1.9
v 2.2 6.1 1.9
v 2.2 6.5 1.9
v 2.2 6.7 1.9
v 2.3 6 1.9
v 2.3 6.1 1.9
v -2.8 6.8 1.8
v -2.8 6.9 1.8
v -2.7 6.8 1.8
v -2.7 6.9 1.8
v -2.3 7.2 1.8
v -2.3 7.7 1.8
v -2.2 7.2 1.8
v -2.2 7.5 1.8
v -2.1 7.5 1.8
v -2.1 7.7 1.8
v -0.5 8.5 1.8
v -0.5 8.9 1.8
v -0.4 8.5 1.8
v -0.4 8.9 1.8
v 1.2 7.2 1.8
v 1.2 7.3 1.8
v 1.3 7.2 1.8
v 1.3 7.3 1.8
v 1.5 6.8 1.8
v 1.5 7 1.8
v 1.6 6.8 1.8
v 1.6 7 1.8
v 1.6 7.2 1.8
v 1.7 6.3 1.8
v 1.7 6.8 1.8
v 1.7 7 1.8
v 1.7 7.2 1.8
v 1.8 6.3 1.8
v 1.8 6.8 1.8
v 1.9 6.3 1.8
v 1.9 6.7 1.8
v 2.1 6.3 1.8
v 2.1 6.7 1.8
v 2.2 6.5 1.8
v 2.2 6.7 1.8
v 2.3 6.5 1.8
v 2.3 6.7 1.8
v -2.9 7.2 1.7
v -2.9 7.3 1.7
v -2.8 6.9 1.7
v -2.8 7 1.7
v -2.8 7.2 1.7
v -2.8 7.3 1.7
v -2.8 7.4 1.7
v -2.7 6.9 1.7
v -2.7 7 1.7
v -2.7 7.3 1.7
v -2.7 7.4 1.7
v -2.4 7.2 1.7
v -2.4 7.3 1.7
v -2.3 7.2 1.7
v -2.3 7.3 1.7
v -1.7 7.9 1.7
v -1.7 8.2 1.7
v -1.6 7.9 1.7
v -1.6 8.2 1.7
v -0.4 8.5 1.7
v -0.4 8.9 1.7
v -0.1 8.5 1.7
v -0.1 8.9 1.7
v 1.2 7.3 1.7
v 1.2 7.7 1.7
v 1.3 7 1.7
v 1.3 7.3 1.7
v 1.3 7.7 1.7
v 1.4 7 1.7
v 1.4 7.2 1.7
v 1.4 7.3 1.7
v 1.4 7.7 1.7
v 1.5 7 1.7
v 1.5 7.2 1.7
v 1.5 7.7 1.7
v 1.6 6.8 1.7
v 1.6 7 1.7
v 1.6 7.2 1.7
v 1.7 7 1.7
v 1.7 7.2 1.7
v 1.8 6.3 1.7
v 1.8 6.8 1.7
v 1.9 6.3 1.7
v 1.9 6.7 1.7
v 1.9 6.8 1.7
v 1.9 7 1.7
v 2 6.7 1.7
v 2 6.8 1.7
v 2 7 1.7
v 2 7.2 1.7
v 2.1 6.8 1.7
v 2.1 7 1.7
v 2.2 6.7 1.7
v 2.2 6.8 1.7
v 2.3 6.7 1.7
v 2.3 7 1.7
v -2.9 7 1.6
v -2.9 7.2 1.6
v -2.8 7 1.6
v -2.8 7.2 1.6
v -2.7 6.8 1.6
v -2.7 6.9 1.6
v -2.6 6.8 1.6
v -2.6 6.9 1.6
v -2.4 6.8 1.6
v -2.4 7.2 1.6
v -2.4 7.9 1.6
v -2.4 8 1.6
v -2.3 6.8 1.6
v -2.3 7.2 1.6
v -2.3 7.9 1.6
v -2.3 8 1.6
v -1.8 7.7 1.6
v -1.8 8 1.6
v -1.7 7.7 1.6
v -1.7 8 1.6
v -0.1 8.9 1.6
v -0.1 9.1 1.6
v 0 8.4 1.6
v 0 8.5 1.6
v 0 8.9 1.6
v 0 9.1 1.6
v 0.4 8.4 1.6
v 0.4 8.5 1.6
v 0.7 8.2 1.6
v 0.7 8.4 1.6
v 0.8 8.2 1.6
v 0.8 8.4 1.6
v 1 7.3 1.6
v 1 7.5 1.6
v 1.1 7.5 1.6
v 1.1 7.7 1.6
v 1.2 7.3 1.6
v 1.2 7.7 1.6
v 1.3 7.3 1.6
v 1.3 7.7 1.6
v 1.4 7 1.6
v 1.4 7.2 1.6
v 1.4 7.3 1.6
v 1.4 7.7 1.6
v 1.4 7.9 1.6
v 1.4 8 1.6
v 1.5 7 1.6
v 1.5 7.2 1.6
v 1.5 7.7 1.6
v 1.6 7.2 1.6
v 1.6 7.7 1.6
v 1.6 7.9 1.6
v 1.6 8 1.6
v 1.9 6.8 1.6
v 1.9 7 1.6
v 2 6.7 1.6
v 2 6.8 1.6
v 2 7 1.6
v 2 7.2 1.6
v 2.1 6.8 1.6
v 2.1 7 1.6
v 2.1 7.2 1.6
v 2.2 6.7 1.6
v 2.2 6.8 1.6
v -2.8 7 1.5
v -2.8 7.2 1.5
v -2.7 6.9 1.5
v -2.7 7 1.5
v -2.7 7.4 1.5
v -2.7 7.5 1.5
v -2.6 6.9 1.5
v -2.6 7.2 1.5
v -2.6 7.4 1.5
v -2.6 7.5 1.5
v -2.5 6.8 1.5
v -2.5 7.2 1.5
v -2.4 6.8 1.5
v -2.4 7.2 1.5
v -2.4 7.3 1.5
v -2.3 7.2 1.5
v -2.3 7.3 1.5
v -2.3 7.7 1.5
v -2.2 7.3 1.5
v -2.2 7.7 1.5
v -2 8.2 1.5
v -2 8.4 1.5
v -1.9 7.7 1.5
v -1.9 8.2 1.5
v -1.8 7.7 1.5
v -1.8 8 1.5
v -1.8 8.2 1.5
v -1.8 8.4 1.5
v -1.7 8 1.5
v -1.7 8.2 1.5
v 1 7.5 1.5
v 1 7.9 1.5
v 1 8 1.5
v 1.1 7.5 1.5
v 1.1 7.7 1.5
v 1.1 7.9 1.5
v 1.1 8 1.5
v 1.2 7.9 1.5
v 1.2 8 1.5
v 1.3 7.7 1.5
v 1.3 8 1.5
v 1.5 7.7 1.5
v 1.5 7.9 1.5
v 1.6 7.2 1.5
v 1.6 7.3 1.5
v 1.6 7.7 1.5
v 1.6 7.9 1.5
v 1.6 8 1.5
v 1.7 7.9 1.5
v 1.7 8 1.5
v 1.8 7.2 1.5
v 1.8 7.3 1.5
v 2 6.8 1.5
v 2 7 1.5
v 2.1 6.8 1.5
v 2.1 7 1.5
v -2.8 7.2 1.4
v -2.8 7.3 1.4
v -2.7 7.2 1.4
v -2.7 7.3 1.4
v -2.6 6.8 1.4
v -2.6 7.2 1.4
v -2.6 7.5 1.4
v -2.6 7.6 1.4
v -2.5 6.8 1.4
v -2.5 7.2 1.4
v -2.5 7.3 1.4
v -2.5 7.5 1.4
v -2.5 7.6 1.4
v -2.4 7.2 1.4
v -2.4 7.3 1.4
v -2.4 7.5 1.4
v -2.3 7.3 1.4
v -2.3 7.5 1.4
v -2.1 8.2 1.4
v -2.1 8.4 1.4
v -2 7.7 1.4
v -2 8.2 1.4
v -2 8.4 1.4
v -1.9 7.7 1.4
v -1.9 8.2 1.4
v -1.8 8.2 1.4
v -1.8 8.4 1.4
v -1.7 8.4 1.4
v -1.7 8.5 1.4
v -1.6 7.9 1.4
v -1.6 8.2 1.4
v -1.6 8.5 1.4
v -1.5 7.9 1.4
v -1.5 8.2 1.4
v -1.4 8.2 1.4
v -1.4 8.4 1.4
v -1.2 8.2 1.4
v -1.2 8.4 1.4
v -0.4 8.4 1.4
v -0.4 8.5 1.4
v -0.2 8.4 1.4
v -0.2 8.5 1.4
v -0.1 8.4 1.4
v -0.1 8.5 1.4
v 0 8.4 1.4
v 0 8.5 1.4
v 0.6 8.5 1.4
v 0.6 8.9 1.4
v 0.7 8.5 1.4
v 0.7 8.9 1.4
v 0.9 7.5 1.4
v 0.9 7.9 1.4
v 1 7.5 1.4
v 1 7.9 1.4
v 1.1 7.9 1.4
v 1.1 8 1.4
v 1.2 7.9 1.4
v 1.2 8 1.4
v 1.3 7.7 1.4
v 1.3 8 1.4
v 1.3 8.2 1.4
v 1.4 7.9 1.4
v 1.4 8 1.4
v 1.5 7.7 1.4
v 1.5 7.9 1.4
v 1.5 8 1.4
v 1.5 8.2 1.4
v 1.6 7.3 1.4
v 1.6 7.9 1.4
v 1.7 7.3 1.4
v 1.7 7.9 1.4
v 1.8 7.2 1.4
v 1.8 7.3 1.4
v 1.9 7.2 1.4
v 1.9 7.3 1.4
v 2 7.5 1.4
v 2 7.7 1.4
v 2.1 7.2 1.4
v 2.1 7.5 1.4
v 2.1 7.7 1.4
v 2.2 7.2 1.4
v 2.2 7.5 1.4
v -2.7 7.2 1.3
v -2.7 7.5 1.3
v -2.6 7.3 1.3
v -2.6 7.5 1.3
v -2.5 7.2 1.3
v -2.5 7.3 1.3
v -2.4 7.9 1.3
v -2.4 8 1.3
v -2.3 7.9 1.3
v -2.3 8 1.3
v -2.2 7.7 1.3
v -2.2 8 1.3
v -2.2 8.2 1.3
v -2.2 8.4 1.3
v -2.1 8.2 1.3
v -2.1 8.4 1.3
v -2 7.7 1.3
v -2 8 1.3
v -1.6 8.2 1.3
v -1.6 8.5 1.3
v -1.5 7.9 1.3
v -1.5 8.2 1.3
v -1.5 8.4 1.3
v -1.5 8.5 1.3
v -1.4 7.9 1.3
v -1.4 8.4 1.3
v 0.5 8.5 1.3
v 0.5 8.9 1.3
v 0.6 8.5 1.3
v 0.6 8.9 1.3
v 0.9 7.9 1.3
v 0.9 8.2 1.3
v 1 7.9 1.3
v 1 8 1.3
v 1 8.2 1.3
v 1.1 8 1.3
v 1.1 8.2 1.3
v 1.3 8 1.3
v 1.3 8.2 1.3
v 1.5 8 1.3
v 1.5 8.2 1.3
v 1.6 8 1.3
v 1.6 8.2 1.3
v 1.7 7.3 1.3
v 1.7 7.7 1.3
v 1.8 7.3 1.3
v 1.8 7.7 1.3
v 1.9 7.2 1.3
v 1.9 7.3 1.3
v 1.9 7.9 1.3
v 1.9 8 1.3
v 2 7.9 1.3
v 2 8 1.3
v 2.1 7.2 1.3
v 2.1 7.3 1.3
v -2.6 7.3 1.2
v -2.6 7.9 1.2
v -2.4 7.3 1.2
v -2.4 7.9 1.2
v -2.3 8.2 1.2
v -2.3 8.4 1.2
v -2.2 8.2 1.2
v -2.2 8.4 1.2
v -2.2 8.7 1.2
v -2.1 8.4 1.2
v -2.1 8.7 1.2
v -1.2 8.4 1.2
v -1.2 8.5 1.2
v -1.2 8.7 1.2
v -1.1 8.4 1.2
v -1.1 8.7 1.2
v 0 8.9 1.2
v 0 9.1 1.2
v 0.2 8.9 1.2
v 0.2 9.1 1.2
v 0.4 8.9 1.2
v 0.4 9.1 1.2
v 0.5 8.9 1.2
v 0.5 9.1 1.2
v 0.6 8 1.2
v 0.6 8.2 1.2
v 0.6 8.4 1.2
v 0.6 8.5 1.2
v 0.7 8 1.2
v 0.7 8.2 1.2
v 0.7 8.4 1.2
v 0.7 8.5 1.2
v 1 8 1.2
v 1 8.2 1.2
v 1.1 8 1.2
v 1.1 8.2 1.2
v 1.1 8.4 1.2
v 1.2 8.2 1.2
v 1.2 8.4 1.2
v 1.6 8 1.2
v 1.6 8.2 1.2
v 1.6 8.5 1.2
v 1.6 8.7 1.2
v 1.7 7.7 1.2
v 1.7 7.9 1.2
v 1.7 8 1.2
v 1.7 8.5 1.2
v 1.7 8.7 1.2
v 1.8 7.3 1.2
v 1.8 7.7 1.2
v 1.8 7.9 1.2
v 1.8 8 1.2
v 1.8 8.2 1.2
v 1.8 8.4 1.2
v 1.9 7.3 1.2
v 1.9 7.7 1.2
v 1.9 7.9 1.2
v 1.9 8.4 1.2
v 2 7.7 1.2
v 2 7.9 1.2
v -2.4 7.3 1.1
v -2.4 7.5 1.1
v -2.3 7.3 1.1
v -2.3 7.5 1.1
v -2.3 7.7 1.1
v -2.3 8 1.1
v -2.2 7.7 1.1
v -2.2 8 1.1
v -1.5 8.4 1.1
v -1.5 8.5 1.1
v -1.4 8.4 1.1
v -1.4 8.5 1.1
v -0.3 7.9 1.1
v -0.3 8.2 1.1
v -0.1 7.9 1.1
v -0.1 8.2 1.1
v 0.2 8.9 1.1
v 0.2 9.1 1.1
v 0.4 8.9 1.1
v 0.4 9.1 1.1
v 0.7 8.2 1.1
v 0.7 8.4 1.1
v 0.8 8.2 1.1
v 0.8 8.4 1.1
v 1.2 8.2 1.1
v 1.2 8.4 1.1
v 1.4 8.2 1.1
v 1.4 8.4 1.1
v 1.5 8.5 1.1
v 1.5 8.7 1.1
v 1.6 8.5 1.1
v 1.6 8.7 1.1
v 1.7 8.2 1.1
v 1.7 8.5 1.1
v 1.8 7.7 1.1
v 1.8 7.9 1.1
v 1.8 8.2 1.1
v 1.8 8.5 1.1
v 1.9 7.3 1.1
v 1.9 7.7 1.1
v 1.9 7.9 1.1
v 2 7.7 1.1
v 2.1 7.3 1.1
v 2.1 7.7 1.1
v -2.4 7.9 1
v -2.4 8 1
v -2.3 7.9 1
v -2.3 8 1
v -2.3 8.2 1
v -2.2 8 1
v -2.2 8.2 1
v -2.1 8.4 1
v -2.1 8.7 1
v -2 8.4 1
v -2 8.7 1
v -0.4 8.2 1
v -0.4 8.4 1
v -0.3 8.2 1
v -0.3 8.4 1
v -0.1 8.5 1
v -0.1 8.9 1
v 0 8.5 1
v 0 8.9 1
v 0.3 8.4 1
v 0.3 8.5 1
v 0.4 8.4 1
v 0.4 8.5 1
v 0.4 8.9 1
v 0.5 8.4 1
v 0.5 8.5 1
v 0.5 8.9 1
v 0.6 8.4 1
v 0.6 8.5 1
v 0.8 8.2 1
v 0.8 8.4 1
v 0.9 8.2 1
v 0.9 8.4 1
v 1.4 8.2 1
v 1.4 8.4 1
v 1.4 8.7 1
v 1.4 8.9 1
v 1.5 8.2 1
v 1.5 8.4 1
v 1.5 8.7 1
v 1.5 8.9 1
v 1.6 8.2 1
v 1.6 8.5 1
v 1.7 8.2 1
v 1.7 8.5 1
v 1.8 8 1
v 1.8 8.2 1
v 1.9 7.7 1
v 1.9 7.9 1
v 1.9 8 1
v 1.9 8.2 1
v 2 7.7 1
v 2 7.9 1
v -2.4 7.5 0.9
v -2.4 7.9 0.9
v -2.3 7.5 0.9
v -2.3 7.7 0.9
v -2.3 7.9 0.9
v -2.2 8 0.9
v -2.2 8.4 0.9
v -2.1 8 0.9
v -2.1 8.4 0.9
v -2 8.7 0.9
v -2 8.9 0.9
v -1.9 8.7 0.9
v -1.9 8.9 0.9
v -1 8.4 0.9
v -1 8.5 0.9
v -0.9 8.4 0.9
v -0.9 8.5 0.9
v -0.9 8.7 0.9
v -0.9 9.1 0.9
v -0.8 8.7 0.9
v -0.8 9.1 0.9
v -0.3 8.2 0.9
v -0.3 8.4 0.9
v -0.2 8.2 0.9
v -0.2 8.4 0.9
v 0 8.5 0.9
v 0 8.9 0.9
v 0.0999999 8.5 0.9
v 0.0999999 8.9 0.9
v 0.9 8.2 0.9
v 0.9 8.4 0.9
v 1.1 8.2 0.9
v 1.1 8.4 0.9
v 1.5 7.9 0.9
v 1.5 8.2 0.9
v 1.5 8.4 0.9
v 1.5 8.5 0.9
v 1.6 7.5 0.9
v 1.6 7.9 0.9
v 1.6 8 0.9
v 1.6 8.4 0.9
v 1.6 8.5 0.9
v 1.7 8.2 0.9
v 1.8 7.5 0.9
v 1.8 7.9 0.9
v 1.8 8 0.9
v 1.8 8.2 0.9
v 1.9 7.9 0.9
v 1.9 8 0.9
v -2.3 7.7 0.8
v -2.3 8 0.8
v -2.1 7.7 0.8
v -2.1 8 0.8
v -2.1 8.2 0.8
v -2 8 0.8
v -2 8.2 0.8
v -1.9 8.7 0.8
v -1.9 8.9 0.8
v -1.8 8.7 0.8
v -1.8 8.9 0.8
v -0.7 8.5 0.8
v -0.7 8.7 0.8
v -0.6 8.5 0.8
v -0.6 8.7 0.8
v -0.2 8.4 0.8
v -0.2 8.5 0.8
v 0.0999999 8.4 0.8
v 0.0999999 8.5 0.8
v 0.0999999 8.9 0.8
v 0.4 8.5 0.8
v 0.4 8.9 0.8
v 0.5 8.2 0.8
v 0.5 8.4 0.8
v 0.6 8.2 0.8
v 0.6 8.4 0.8
v 0.7 7.9 0.8
v 0.7 8.2 0.8
v 0.8 7.9 0.8
v 0.8 8.2 0.8
v 1.1 8.2 0.8
v 1.1 8.4 0.8
v 1.2 8.2 0.8
v 1.2 8.4 0.8
v 1.4 8.7 0.8
v 1.4 8.9 0.8
v 1.5 8.7 0.8
v 1.5 8.9 0.8
v 1.6 7.9 0.8
v 1.6 8 0.8
v 1.7 8 0.8
v 1.8 7.9 0.8
v 1.8 8 0.8
v -2.1 7.7 0.7
v -2.1 8 0.7
v -2.1 8.2 0.7
v -2.1 8.4 0.7
v -2 7.7 0.7
v -2 8 0.7
v -2 8.2 0.7
v -2 8.4 0.7
v -1.9 8 0.7
v -1.9 8.2 0.7
v -1.8 8.7 0.7
v -1.8 8.9 0.7
v -1.7 8.7 0.7
v -1.7 8.9 0.7
v -1.6 8.9 0.7
v -1.6 9.1 0.7
v -1.5 8.9 0.7
v -1.5 9.1 0.7
v -0.9 8.4 0.7
v -0.9 8.5 0.7
v -0.8 8.4 0.7
v -0.8 8.5 0.7
v -0.8 8.7 0.7
v -0.7 8.5 0.7
v -0.7 8.7 0.7
v -0.6 8.5 0.7
v -0.6 8.7 0.7
v -0.5 8.5 0.7
v -0.5 8.7 0.7
v -0.2 8.2 0.7
v -0.2 8.4 0.7
v -0.1 8.2 0.7
v -0.1 8.4 0.7
v 0.0999999 8.4 0.7
v 0.0999999 8.5 0.7
v 0.2 8.4 0.7
v 0.2 8.5 0.7
v 0.3 8.4 0.7
v 0.3 8.5 0.7
v 0.4 8.4 0.7
v 0.4 8.5 0.7
v 0.5 8.5 0.7
v 0.5 8.7 0.7
v 0.6 8.2 0.7
v 0.6 8.4 0.7
v 0.6 8.5 0.7
v 0.6 8.7 0.7
v 0.6 8.9 0.7
v 0.7 8.2 0.7
v 0.7 8.7 0.7
v 0.7 8.9 0.7
v 0.7 9.1 0.7
v 0.8 8.9 0.7
v 0.8 9.1 0.7
v 0.9 8.2 0.7
v 0.9 8.4 0.7
v 1.2 8.2 0.7
v 1.2 8.4 0.7
v 1.4 8.2 0.7
v 1.4 8.4 0.7
v 1.7 8 0.7
v 1.7 8.2 0.7
v 1.8 8 0.7
v 1.8 8.2 0.7
v -2 7.7 0.6
v -2 8 0.6
v -2 8.2 0.6
v -2 8.7 0.6
v -1.9 7.7 0.6
v -1.9 8 0.6
v -1.9 8.2 0.6
v -1.9 8.7 0.6
v -1.7 8.9 0.6
v -1.7 9.1 0.6
v -1.6 8.9 0.6
v -1.6 9.1 0.6
v -1.5 8.9 0.6
v -1.5 9.1 0.6
v -1.3 8.9 0.6
v -1.3 9.1 0.6
v -1.2 9.1 0.6
v -1.2 9.2 0.6
v -1.1 9.1 0.6
v -1.1 9.2 0.6
v -0.9 8.7 0.6
v -0.9 9.1 0.6
v -0.8 8.7 0.6
v -0.8 9.1 0.6
v -0.5 8 0.6
v -0.5 8.2 0.6
v -0.4 8 0.6
v -0.4 8.2 0.6
v -0.4 8.4 0.6
v -0.4 8.5 0.6
v -0.3 7.9 0.6
v -0.3 8 0.6
v -0.3 8.2 0.6
v -0.3 8.4 0.6
v -0.3 8.5 0.6
v -0.2 7.9 0.6
v -0.2 8 0.6
v -0.2 8.2 0.6
v -0.2 8.4 0.6
v 0.6 8.5 0.6
v 0.6 8.7 0.6
v 0.7 8.5 0.6
v 0.7 8.7 0.6
v 0.7 8.9 0.6
v 0.8 8.4 0.6
v 0.8 8.5 0.6
v 0.8 8.7 0.6
v 0.8 8.9 0.6
v 0.9 8.4 0.6
v 0.9 8.5 0.6
v 1.2 8.9 0.6
v 1.2 9.1 0.6
v 1.3 8.9 0.6
v 1.3 9.1 0.6
v 1.4 8.2 0.6
v 1.4 8.4 0.6
v 1.4 8.5 0.6
v 1.5 8.4 0.6
v 1.5 8.5 0.6
v 1.6 8.2 0.6
v 1.6 8.4 0.6
v 1.7 8.2 0.6
v 1.7 8.4 0.6
v 1.8 8.2 0.6
v 1.8 8.4 0.6
v -1.9 8.2 0.5
v -1.9 8.7 0.5
v -1.8 8.2 0.5
v -1.8 8.7 0.5
v -1.7 8.5 0.5
v -1.7 8.7 0.5
v -1.7 8.9 0.5
v -1.6 8.5 0.5
v -1.6 8.9 0.5
v -1.3 8.9 0.5
v -1.3 9.1 0.5
v -1.2 8.9 0.5
v -1.2 9.1 0.5
v -1.1 8.7 0.5
v -1.1 9.1 0.5
v -1.1 9.2 0.5
v -1 8.7 0.5
v -1 9.1 0.5
v -0.9 9.1 0.5
v -0.9 9.2 0.5
v -0.6 8.5 0.5
v -0.6 8.7 0.5
v -0.5 8.4 0.5
v -0.5 8.5 0.5
v -0.5 8.7 0.5
v -0.4 8.2 0.5
v -0.4 8.4 0.5
v -0.4 8.5 0.5
v -0.3 8.2 0.5
v -0.3 8.4 0.5
v -0.2 7.9 0.5
v -0.2 8.2 0.5
v -0.1 7.9 0.5
v -0.1 8.2 0.5
v 0.2 8.4 0.5
v 0.2 8.5 0.5
v 0.3 8.4 0.5
v 0.3 8.5 0.5
v 0.5 7.9 0.5
v 0.5 8 0.5
v 0.7 7.9 0.5
v 0.7 8 0.5
v 0.8 8.9 0.5
v 0.8 9.2 0.5
v 0.9 8.9 0.5
v 0.9 9.2 0.5
v 1 8.4 0.5
v 1 8.5 0.5
v 1 9.1 0.5
v 1 9.2 0.5
v 1.1 8.4 0.5
v 1.1 8.5 0.5
v 1.1 9.1 0.5
v 1.1 9.2 0.5
v 1.6 8.2 0.5
v 1.6 8.4 0.5
v 1.7 8.2 0.5
v 1.7 8.4 0.5
v -1.8 8 0.4
v -1.8 8.7 0.4
v -1.7 8 0.4
v -1.7 8.4 0.4
v -1.7 8.5 0.4
v -1.7 8.7 0.4
v -1.6 8.5 0.4
v -1.6 8.9 0.4
v -1.5 8.5 0.4
v -1.5 8.9 0.4
v -1.2 8.7 0.4
v -1.2 8.9 0.4
v -1.2 9.1 0.4
v -1.1 8.7 0.4
v -1.1 9.1 0.4
v -1 8.7 0.4
v -1 9.1 0.4
v -0.9 8.7 0.4
v -0.9 9.1 0.4
v -0.8 8.5 0.4
v -0.8 8.7 0.4
v -0.7 8.5 0.4
v -0.7 8.7 0.4
v -0.6 8.4 0.4
v -0.6 8.5 0.4
v -0.5 8.2 0.4
v -0.5 8.4 0.4
v -0.5 8.5 0.4
v -0.4 8.2 0.4
v -0.4 8.4 0.4
v -0.3 7.8 0.4
v -0.3 7.9 0.4
v -0.2 7.8 0.4
v -0.2 7.9 0.4
v -0.1 7.9 0.4
v -0.1 8.4 0.4
v 0.2 8 0.4
v 0.2 8.2 0.4
v 0.3 8.2 0.4
v 0.3 8.4 0.4
v 0.4 8 0.4
v 0.4 8.2 0.4
v 0.4 8.5 0.4
v 0.4 8.7 0.4
v 0.5 7.9 0.4
v 0.5 8 0.4
v 0.5 8.5 0.4
v 0.5 8.7 0.4
v 0.6 7.7 0.4
v 0.6 7.9 0.4
v 0.6 8 0.4
v 0.6 8.2 0.4
v 0.7 7.7 0.4
v 0.7 7.9 0.4
v 0.8 8.7 0.4
v 0.8 8.9 0.4
v 0.9 8.7 0.4
v 0.9 8.9 0.4
v 0.9 9.2 0.4
v 1 9.1 0.4
v 1 9.2 0.4
v 1.2 8.9 0.4
v 1.2 9.1 0.4
v 1.4 8.7 0.4
v 1.4 8.9 0.4
v 1.5 8.7 0.4
v 1.5 8.9 0.4
v -1.7 8.4 0.3
v -1.7 8.5 0.3
v -1.5 8.2 0.3
v -1.5 8.4 0.3
v -1.5 8.5 0.3
v -1.5 8.9 0.3
v -1.4 8.2 0.3
v -1.4 8.4 0.3
v -1.4 8.5 0.3
v -1.4 8.9 0.3
v -1.3 8.5 0.3
v -1.3 8.9 0.3
v -1.2 8.4 0.3
v -1.2 8.5 0.3
v -1.2 8.7 0.3
v -1.2 8.9 0.3
v -1.1 8.4 0.3
v -1.1 8.5 0.3
v -0.8 8.5 0.3
v -0.8 8.7 0.3
v -0.7 8.4 0.3
v -0.7 8.5 0.3
v -0.6 8.4 0.3
v -0.6 8.5 0.3
v -0.2 7.8 0.3
v -0.2 7.9 0.3
v -0.1 7.7 0.3
v -0.1 7.8 0.3
v -0.1 7.9 0.3
v 0 7.7 0.3
v 0 7.8 0.3
v 0.6 7.2 0.3
v 0.6 7.5 0.3
v 0.6 8 0.3
v 0.6 8.2 0.3
v 0.7 7.2 0.3
v 0.7 7.5 0.3
v 0.7 8 0.3
v 0.7 8.2 0.3
v 0.9 8.7 0.3
v 0.9 8.9 0.3
v 1.3 8.2 0.3
v 1.3 8.4 0.3
v 1.3 8.5 0.3
v 1.3 8.7 0.3
v 1.3 8.9 0.3
v 1.3 9.1 0.3
v 1.4 8.2 0.3
v 1.4 8.5 0.3
v 1.4 8.7 0.3
v 1.4 8.9 0.3
v 1.4 9.1 0.3
v 1.5 8.5 0.3
v 1.5 8.7 0.3
v 1.5 8.9 0.3
v 1.6 8.7 0.3
v 1.6 8.9 0.3
v -1.5 8.4 0.2
v -1.5 8.5 0.2
v -1.4 8.4 0.2
v -1.4 8.5 0.2
v -1.4 8.9 0.2
v -1.3 8.5 0.2
v -1.3 8.9 0.2
v -1.2 8.4 0.2
v -1.2 8.5 0.2
v -0.9 8.4 0.2
v -0.9 8.5 0.2
v -0.8 8.4 0.2
v -0.8 8.5 0.2
v -0.2 7.9 0.2
v -0.2 8 0.2
v -0.1 7.8 0.2
v -0.1 7.9 0.2
v -0.1 8 0.2
v 0 7.8 0.2
v 0 7.9 0.2
v 0.0999999 8.1 0.2
v 0.0999999 8.2 0.2
v 0.2 7.9 0.2
v 0.2 8.1 0.2
v 0.3 7.9 0.2
v 0.3 8.2 0.2
v 0.5 7.7 0.2
v 0.5 7.9 0.2
v 0.6 7.7 0.2
v 0.6 7.9 0.2
v 0.6 8.7 0.2
v 0.6 8.9 0.2
v 0.8 8.7 0.2
v 0.8 8.9 0.2
v 1 8.5 0.2
v 1 8.7 0.2
v 1.2 8.5 0.2
v 1.2 8.7 0.2
v 1.3 8.5 0.2
v 1.3 8.7 0.2
v 1.3 8.9 0.2
v 1.4 8.5 0.2
v 1.4 8.9 0.2
v -1.4 8.2 0.0999997
v -1.4 8.4 0.0999997
v -1.3 7.9 0.0999997
v -1.3 8.2 0.0999997
v -1.2 7.9 0.0999997
v -1.2 8.4 0.0999997
v -1.1 8.5 0.0999997
v -1.1 8.7 0.0999997
v -1 7.9 0.0999997
v -1 8 0.0999997
v -1 8.4 0.0999997
v -1 8.5 0.0999997
v -1 8.7 0.0999997
v -0.9 7.9 0.0999997
v -0.9 8 0.0999997
v -0.9 8.4 0.0999997
v -0.9 8.5 0.0999997
v -0.8 8 0.0999997
v -0.8 8.4 0.0999997
v -0.8 8.5 0.0999997
v -0.7 8 0.0999997
v -0.7 8.4 0.0999997
v -0.7 8.5 0.0999997
v -0.6 8 0.0999997
v -0.6 8.2 0.0999997
v -0.6 8.4 0.0999997
v -0.5 8.2 0.0999997
v -0.5 8.4 0.0999997
v -0.3 8 0.0999997
v -0.3 8.2 0.0999997
v -0.2 8 0.0999997
v -0.2 8.2 0.0999997
v 0.2 7.7 0.0999997
v 0.2 7.8 0.0999997
v 0.3 7.7 0.0999997
v 0.3 7.8 0.0999997
v 0.4 7.7 0.0999997
v 0.4 7.8 0.0999997
v 0.4 8 0.0999997
v 0.4 8.2 0.0999997
v 0.4 8.3 0.0999997
v 0.4 8.4 0.0999997
v 0.4 8.5 0.0999997
v 0.5 7.2 0.0999997
v 0.5 7.5 0.0999997
v 0.5 7.7 0.0999997
v 0.5 7.8 0.0999997
v 0.5 8 0.0999997
v 0.5 8.2 0.0999997
v 0.5 8.3 0.0999997
v 0.5 8.5 0.0999997
v 0.6 7.2 0.0999997
v 0.6 7.5 0.0999997
v 0.6 8.5 0.0999997
v 0.6 8.7 0.0999997
v 0.7 8.5 0.0999997
v 0.7 8.7 0.0999997
v 0.8 8.7 0.0999997
v 0.8 8.9 0.0999997
v 0.9 0.7 0.0999997
v 0.9 0.8 0.0999997
v 0.9 8.7 0.0999997
v 0.9 8.9 0.0999997
v 1 0.7 0.0999997
v 1 0.8 0.0999997
v 1 8.2 0.0999997
v 1 8.4 0.0999997
v 1.1 8.2 0.0999997
v 1.1 8.4 0.0999997
v 1.2 8.5 0.0999997
v 1.2 8.7 0.0999997
v 1.3 8.5 0.0999997
v 1.3 8.7 0.0999997
v 2.6 8.5 0.0999997
v 2.6 8.7 0.0999997
v 2.7 8.5 0.0999997
v 2.7 8.7 0.0999997
v 3.1 8 0.0999997
v 3.1 8.2 0.0999997
v 3.3 8 0.0999997
v 3.3 8.2 0.0999997
v -1.2 7.9 -2.38419e-07
v -1.2 8.4 -2.38419e-07
v -1.1 7.9 -2.38419e-07
v -1.1 8 -2.38419e-07
v -1.1 8.4 -2.38419e-07
v -1.1 8.5 -2.38419e-07
v -1 8 -2.38419e-07
v -1 8.4 -2.38419e-07
v -1 8.5 -2.38419e-07
v -0.9 7.7 -2.38419e-07
v -0.9 7.9 -2.38419e-07
v -0.9 8 -2.38419e-07
v -0.9 8.2 -2.38419e-07
v -0.9 8.4 -2.38419e-07
v -0.8 8 -2.38419e-07
v -0.8 8.2 -2.38419e-07
v -0.7 7.7 -2.38419e-07
v -0.7 7.9 -2.38419e-07
v -0.7 8 -2.38419e-07
v -0.7 8.2 -2.38419e-07
v -0.6 8.4 -2.38419e-07
v -0.6 8.5 -2.38419e-07
v -0.5 8.2 -2.38419e-07
v -0.5 8.4 -2.38419e-07
v -0.4 8 -2.38419e-07
v -0.4 8.2 -2.38419e-07
v -0.4 8.4 -2.38419e-07
v -0.4 8.5 -2.38419e-07
v -0.3 8 -2.38419e-07
v -0.3 8.4 -2.38419e-07
v 0.5 8.4 -2.38419e-07
v 0.5 8.7 -2.38419e-07
v 0.6 8.3 -2.38419e-07
v 0.6 8.4 -2.38419e-07
v 0.6 8.5 -2.38419e-07
v 0.6 8.7 -2.38419e-07
v 0.7 8.3 -2.38419e-07
v 0.7 8.4 -2.38419e-07
v 0.7 8.5 -2.38419e-07
v 0.7 8.7 -2.38419e-07
v 0.8 8.4 -2.38419e-07
v 0.8 8.5 -2.38419e-07
v 1 8.5 -2.38419e-07
v 1 8.7 -2.38419e-07
v 1.6 8.5 -2.38419e-07
v 1.6 8.7 -2.38419e-07
v 1.7 8.2 -2.38419e-07
v 1.7 8.5 -2.38419e-07
v 1.7 8.7 -2.38419e-07
v 1.7 8.9 -2.38419e-07
v 1.9 8.2 -2.38419e-07
v 1.9 8.5 -2.38419e-07
v 2 8.5 -2.38419e-07
v 2 8.7 -2.38419e-07
v 2 8.9 -2.38419e-07
v 2.7 8.5 -2.38419e-07
v 2.7 8.7 -2.38419e-07
v 2.9 8.5 -2.38419e-07
v 2.9 8.7 -2.38419e-07
v 3.3 7.9 -2.38419e-07
v 3.3 8 -2.38419e-07
v 3.4 7.9 -2.38419e-07
v 3.4 8 -2.38419e-07
v 3.7 7.2 -2.38419e-07
v 3.7 7.3 -2.38419e-07
v 3.8 7.2 -2.38419e-07
v 3.8 7.3 -2.38419e-07
v -1 7.9 -0.1
v -1 8 -0.1
v -0.9 7.9 -0.1
v -0.9 8 -0.1
v -0.8 7.9 -0.1
v -0.8 8 -0.1
v -0.7 7.7 -0.1
v -0.7 7.9 -0.1
v -0.7 8 -0.1
v -0.6 7.7 -0.1
v -0.6 7.9 -0.1
v -0.5 7.9 -0.1
v -0.5 8.2 -0.1
v -0.4 7.5 -0.1
v -0.4 7.9 -0.1
v -0.4 8 -0.1
v -0.4 8.2 -0.1
v -0.3 7.5 -0.1
v -0.3 8 -0.1
v -0.1 7.6 -0.1
v -0.1 7.8 -0.1
v 0 7.6 -0.1
v 0 7.8 -0.1
v 0.4 8.4 -0.1
v 0.4 8.7 -0.1
v 0.5 8.4 -0.1
v 0.5 8.7 -0.1
v 0.7 8.2 -0.1
v 0.7 8.4 -0.1
v 0.8 8.2 -0.1
v 0.8 8.4 -0.1
v 0.8 8.5 -0.1
v 0.9 8.4 -0.1
v 0.9 8.5 -0.1
v 1.1 0.2 -0.1
v 1.1 0.3 -0.1
v 1.2 0.2 -0.1
v 1.2 0.3 -0.1
v 1.5 8.5 -0.1
v 1.5 8.9 -0.1
v 1.6 8.5 -0.1
v 1.6 8.7 -0.1
v 1.7 8.7 -0.1
v 1.7 8.9 -0.1
v 2 8.7 -0.1
v 2 8.9 -0.1
v 2.2 8.7 -0.1
v 2.2 8.9 -0.1
v 3.4 7.9 -0.1
v 3.4 8 -0.1
v 3.5 7.9 -0.1
v 3.5 8 -0.1
v 3.6 7.3 -0.1
v 3.6 7.5 -0.1
v 3.7 7.3 -0.1
v 3.7 7.5 -0.1
v -1.4 8.5 -0.2
v -1.4 8.7 -0.2
v -1.3 8.5 -0.2
v -1.3 8.7 -0.2
v -0.9 7.9 -0.2
v -0.9 8.2 -0.2
v -0.8 7.9 -0.2
v -0.8 8 -0.2
v -0.7 8 -0.2
v -0.7 8.2 -0.2
v -0.6 7.7 -0.2
v -0.6 7.9 -0.2
v -0.5 7.3 -0.2
v -0.5 7.7 -0.2
v -0.4 7.3 -0.2
v -0.4 7.9 -0.2
v -0.3 7.8 -0.2
v -0.3 7.9 -0.2
v -0.3 8 -0.2
v -0.2 7.8 -0.2
v -0.2 8 -0.2
v 0.0999999 8.1 -0.2
v 0.0999999 8.4 -0.2
v 0.2 8.1 -0.2
v 0.2 8.4 -0.2
v 0.3 8 -0.2
v 0.3 8.2 -0.2
v 0.4 8 -0.2
v 0.4 8.2 -0.2
v 0.8 8.2 -0.2
v 0.8 8.4 -0.2
v 0.9 8.4 -0.2
v 0.9 8.5 -0.2
v 1 0.5 -0.2
v 1 0.6 -0.2
v 1 8 -0.2
v 1 8.2 -0.2
v 1 8.5 -0.2
v 1.1 0.5 -0.2
v 1.1 0.6 -0.2
v 1.1 8 -0.2
v 1.1 8.2 -0.2
v 4 7.2 -0.2
v 4 7.3 -0.2
v 4.1 6.8 -0.2
v 4.1 7 -0.2
v 4.1 7.2 -0.2
v 4.1 7.3 -0.2
v 4.2 6.8 -0.2
v 4.2 7.2 -0.2
v -2.4 8.5 -0.3
v -2.4 8.7 -0.3
v -2.3 8.2 -0.3
v -2.3 8.5 -0.3
v -2.3 8.7 -0.3
v -2.3 8.9 -0.3
v -2.1 8.2 -0.3
v -2.1 8.5 -0.3
v -2 8.5 -0.3
v -2 8.7 -0.3
v -2 8.9 -0.3
v -1.3 8.5 -0.3
v -1.3 8.7 -0.3
v -1.1 8.5 -0.3
v -1.1 8.7 -0.3
v -0.7 7.9 -0.3
v -0.7 8 -0.3
v -0.6 7.9 -0.3
v -0.6 8 -0.3
v 0.2 8.2 -0.3
v 0.2 8.4 -0.3
v 0.3 8.2 -0.3
v 0.3 8.4 -0.3
v 0.4 8 -0.3
v 0.4 8.2 -0.3
v 0.5 8 -0.3
v 0.5 8.2 -0.3
v 0.6 8 -0.3
v 0.6 8.2 -0.3
v 0.7 8 -0.3
v 0.7 8.2 -0.3
v 2.7 8.5 -0.3
v 2.7 8.7 -0.3
v 2.7 9.2 -0.3
v 2.7 9.4 -0.3
v 2.8 8.5 -0.3
v 2.8 8.7 -0.3
v 2.8 8.9 -0.3
v 2.8 9.2 -0.3
v 2.9 9.2 -0.3
v 2.9 9.4 -0.3
v 3 8.9 -0.3
v 3 9.2 -0.3
v 3.1 8.7 -0.3
v 3.1 8.9 -0.3
v 3.2 8.7 -0.3
v 3.2 8.9 -0.3
v 3.4 8.2 -0.3
v 3.4 8.5 -0.3
v 3.6 8.2 -0.3
v 3.6 8.5 -0.3
v 3.7 7.5 -0.3
v 3.7 8 -0.3
v 3.8 7.9 -0.3
v 3.8 8 -0.3
v 3.9 7.2 -0.3
v 3.9 7.5 -0.3
v 4 7 -0.3
v 4 7.2 -0.3
v 4 7.9 -0.3
v 4.1 7 -0.3
v 4.1 7.2 -0.3
v -2.5 8.5 -0.4
v -2.5 8.9 -0.4
v -2.4 8.5 -0.4
v -2.4 8.7 -0.4
v -2.3 8.7 -0.4
v -2.3 8.9 -0.4
v -2 8.7 -0.4
v -2 8.9 -0.4
v -1.8 8.7 -0.4
v -1.8 8.9 -0.4
v -0.6 7.9 -0.4
v -0.6 8 -0.4
v -0.5 7.9 -0.4
v -0.5 8 -0.4
v -0.4 7.3 -0.4
v -0.4 7.5 -0.4
v -0.3 7.3 -0.4
v -0.3 7.5 -0.4
v 0.0999999 8.2 -0.4
v 0.0999999 8.4 -0.4
v 0.2 8.2 -0.4
v 0.2 8.4 -0.4
v 0.3 8.2 -0.4
v 0.3 8.4 -0.4
v 0.5 8 -0.4
v 0.5 8.2 -0.4
v 0.6 8 -0.4
v 0.6 8.2 -0.4
v 0.9 8.2 -0.4
v 0.9 8.4 -0.4
v 1 0.4 -0.4
v 1 0.5 -0.4
v 1 8.5 -0.4
v 1 8.7 -0.4
v 1.1 0.4 -0.4
v 1.1 0.5 -0.4
v 1.1 8.5 -0.4
v 1.1 8.7 -0.4
v 1.1 8.9 -0.4
v 1.2 0.1 -0.4
v 1.2 0.2 -0.4
v 1.3 0.1 -0.4
v 1.3 0.2 -0.4
v 1.3 8.7 -0.4
v 1.3 8.9 -0.4
v 1.4 8.2 -0.4
v 1.4 8.5 -0.4
v 1.5 8.2 -0.4
v 1.5 8.5 -0.4
v 2.5 9.2 -0.4
v 2.5 9.4 -0.4
v 2.7 9.2 -0.4
v 2.7 9.4 -0.4
v 2.9 8.7 -0.4
v 2.9 8.9 -0.4
v 3.1 8.7 -0.4
v 3.1 8.9 -0.4
v 3.2 8.5 -0.4
v 3.2 8.7 -0.4
v 3.3 8.2 -0.4
v 3.3 8.5 -0.4
v 3.3 8.7 -0.4
v 3.4 8.2 -0.4
v 3.4 8.5 -0.4
v 3.6 7.9 -0.4
v 3.6 8 -0.4
v 3.7 7.9 -0.4
v 3.7 8 -0.4
v 3.8 7.2 -0.4
v 3.8 7.5 -0.4
v 3.9 7.2 -0.4
v 3.9 7.5 -0.4
v -3 8 -0.5
v -3 8.2 -0.5
v -2.9 8 -0.5
v -2.9 8.2 -0.5
v -1.2 0.2 -0.5
v -1.2 0.3 -0.5
v -1.1 0.2 -0.5
v -1.1 0.3 -0.5
v -0.2 8 -0.5
v -0.2 8.1 -0.5
v -0.1 6.9 -0.5
v -0.1 7 -0.5
v 0 6.9 -0.5
v 0 7 -0.5
v 0 8 -0.5
v 0 8.1 -0.5
v 0 8.4 -0.5
v 0.0999999 8.2 -0.5
v 0.0999999 8.4 -0.5
v 0.3 8 -0.5
v 0.3 8.1 -0.5
v 0.5 8 -0.5
v 0.5 8.2 -0.5
v 1.3 8.7 -0.5
v 1.3 8.9 -0.5
v 1.4 8.7 -0.5
v 1.4 8.9 -0.5
v 1.4 9.2 -0.5
v 1.6 8.9 -0.5
v 1.6 9.2 -0.5
v 1.7 9.2 -0.5
v 1.7 9.4 -0.5
v 1.8 9.2 -0.5
v 1.8 9.4 -0.5
v 2.3 9.2 -0.5
v 2.3 9.4 -0.5
v 2.5 9.2 -0.5
v 2.5 9.4 -0.5
v 3.2 8.2 -0.5
v 3.2 8.5 -0.5
v 3.3 7.9 -0.5
v 3.3 8 -0.5
v 3.3 8.2 -0.5
v 3.3 8.5 -0.5
v 3.5 8 -0.5
v 3.5 8.2 -0.5
v 3.6 7.3 -0.5
v 3.6 7.9 -0.5
v 3.6 8.2 -0.5
v 3.7 7.2 -0.5
v 3.7 7.3 -0.5
v 3.7 7.5 -0.5
v 3.7 7.9 -0.5
v 3.8 7.2 -0.5
v 3.8 7.5 -0.5
v -3.4 8 -0.6
v -3.4 8.2 -0.6
v -3.3 8 -0.6
v -3.3 8.2 -0.6
v -1.4 0 -0.6
v -1.4 0.1 -0.6
v -1.3 0 -0.6
v -1.3 0.1 -0.6
v -1.3 8.5 -0.6
v -1.3 8.7 -0.6
v -1.3 9.2 -0.6
v -1.3 9.4 -0.6
v -1.2 8.5 -0.6
v -1.2 8.7 -0.6
v -1.2 8.9 -0.6
v -1.2 9.2 -0.6
v -1.1 9.2 -0.6
v -1.1 9.4 -0.6
v -1 8.9 -0.6
v -1 9.2 -0.6
v -0.9 8.7 -0.6
v -0.9 8.9 -0.6
v -0.8 8.7 -0.6
v -0.8 8.9 -0.6
v -0.6 8.2 -0.6
v -0.6 8.5 -0.6
v -0.4 8.2 -0.6
v -0.4 8.5 -0.6
v -0.3 7.1 -0.6
v -0.3 7.3 -0.6
v -0.2 7.1 -0.6
v -0.2 7.2 -0.6
v -0.2 7.3 -0.6
v 0 8 -0.6
v 0 8.1 -0.6
v 0.2 8 -0.6
v 0.2 8.1 -0.6
v 0.7 7 -0.6
v 0.7 7.1 -0.6
v 0.8 0.8 -0.6
v 0.8 0.9 -0.6
v 0.8 7 -0.6
v 0.8 7.1 -0.6
v 0.9 0.4 -0.6
v 0.9 0.7 -0.6
v 0.9 0.8 -0.6
v 0.9 0.9 -0.6
v 1 0.4 -0.6
v 1 0.7 -0.6
v 1 8.2 -0.6
v 1 8.5 -0.6
v 1.1 0.1 -0.6
v 1.1 0.2 -0.6
v 1.1 8.2 -0.6
v 1.1 8.5 -0.6
v 1.1 8.7 -0.6
v 1.2 0.1 -0.6
v 1.2 0.2 -0.6
v 1.3 0 -0.6
v 1.3 0.1 -0.6
v 1.4 0 -0.6
v 1.4 0.1 -0.6
v 1.4 8.5 -0.6
v 1.4 8.7 -0.6
v 1.4 8.9 -0.6
v 1.6 8.7 -0.6
v 1.6 8.9 -0.6
v 1.6 9.2 -0.6
v 1.8 9.2 -0.6
v 1.8 9.4 -0.6
v 1.9 8.9 -0.6
v 1.9 9.2 -0.6
v 2.3 9.2 -0.6
v 2.3 9.4 -0.6
v 2.5 8.5 -0.6
v 2.5 8.7 -0.6
v 2.6 8.5 -0.6
v 2.6 8.7 -0.6
v 3 8 -0.6
v 3 8.2 -0.6
v 3 8.7 -0.6
v 3 8.9 -0.6
v 3.1 8.7 -0.6
v 3.1 8.9 -0.6
v 3.2 7.9 -0.6
v 3.2 8 -0.6
v 3.2 8.2 -0.6
v 3.3 7.9 -0.6
v 3.3 8 -0.6
v 3.4 8 -0.6
v 3.4 8.2 -0.6
v 3.5 8 -0.6
v 3.5 8.2 -0.6
v -3 8.5 -0.7
v -3 8.7 -0.7
v -2.9 8.5 -0.7
v -2.9 8.7 -0.7
v -2.9 8.9 -0.7
v -2.7 8.7 -0.7
v -2.7 8.9 -0.7
v -2.6 8.2 -0.7
v -2.6 8.5 -0.7
v -2.5 8.2 -0.7
v -2.5 8.5 -0.7
v -1.5 9.2 -0.7
v -1.5 9.4 -0.7
v -1.3 0 -0.7
v -1.3 0.2 -0.7
v -1.3 9.2 -0.7
v -1.3 9.4 -0.7
v -1.1 0 -0.7
v -1.1 0.2 -0.7
v -1.1 8.7 -0.7
v -1.1 8.9 -0.7
v -0.9 8.7 -0.7
v -0.9 8.9 -0.7
v -0.8 8.5 -0.7
v -0.8 8.7 -0.7
v -0.7 8.2 -0.7
v -0.7 8.5 -0.7
v -0.7 8.7 -0.7
v -0.6 8.2 -0.7
v -0.6 8.5 -0.7
v -0.4 1.3 -0.7
v -0.4 2 -0.7
v -0.3 1.3 -0.7
v -0.3 2 -0.7
v -0.2 7 -0.7
v -0.2 7.2 -0.7
v -0.1 6.1 -0.7
v -0.1 6.3 -0.7
v -0.1 6.8 -0.7
v -0.1 6.9 -0.7
v -0.1 7 -0.7
v -0.1 7.2 -0.7
v 0 6.1 -0.7
v 0 6.3 -0.7
v 0 6.8 -0.7
v 0 6.9 -0.7
v 0.5 8 -0.7
v 0.5 8.2 -0.7
v 0.6 2 -0.7
v 0.6 2.3 -0.7
v 0.6 7 -0.7
v 0.6 7.1 -0.7
v 0.6 8 -0.7
v 0.6 8.2 -0.7
v 0.7 0.9 -0.7
v 0.7 1 -0.7
v 0.7 2 -0.7
v 0.7 2.3 -0.7
v 0.7 7 -0.7
v 0.7 7.1 -0.7
v 0.7 7.3 -0.7
v 0.7 7.7 -0.7
v 0.7 7.9 -0.7
v 0.8 0.5 -0.7
v 0.8 0.8 -0.7
v 0.8 0.9 -0.7
v 0.8 1 -0.7
v 0.8 7.1 -0.7
v 0.8 7.3 -0.7
v 0.8 7.5 -0.7
v 0.8 7.7 -0.7
v 0.9 0.1 -0.7
v 0.9 0.4 -0.7
v 0.9 0.5 -0.7
v 0.9 0.8 -0.7
v 0.9 7.5 -0.7
v 0.9 7.9 -0.7
v 1.1 0.1 -0.7
v 1.1 0.4 -0.7
v 1.6 8.7 -0.7
v 1.6 8.9 -0.7
v 1.8 8.7 -0.7
v 1.8 8.9 -0.7
v 1.9 8.9 -0.7
v 1.9 9.2 -0.7
v 2 8.9 -0.7
v 2 9.2 -0.7
v 2.4 8.9 -0.7
v 2.4 9.2 -0.7
v 2.6 8.5 -0.7
v 2.6 8.7 -0.7
v 2.8 8.5 -0.7
v 2.8 8.7 -0.7
v 2.8 8.9 -0.7
v 2.8 9.2 -0.7
v 2.9 8.7 -0.7
v 2.9 8.9 -0.7
v 3 8.5 -0.7
v 3 8.7 -0.7
v 3.1 8.2 -0.7
v 3.1 8.5 -0.7
v 3.2 8 -0.7
v 3.2 8.2 -0.7
v 3.2 8.7 -0.7
v 3.4 8 -0.7
v 3.4 8.2 -0.7
v -3.8 7.3 -0.8
v -3.8 7.5 -0.8
v -3.7 7.5 -0.8
v -3.7 7.9 -0.8
v -3.6 7.9 -0.8
v -3.6 8 -0.8
v -3.5 7.3 -0.8
v -3.5 7.5 -0.8
v -3.5 8 -0.8
v -3.4 8 -0.8
v -3.4 8.2 -0.8
v -3.3 8 -0.8
v -3.3 8.2 -0.8
v -2.7 8.7 -0.8
v -2.7 8.9 -0.8
v -2.6 8.7 -0.8
v -2.6 8.9 -0.8
v -2.6 9.2 -0.8
v -2.4 8.9 -0.8
v -2.4 9.2 -0.8
v -2.3 9.2 -0.8
v -2.3 9.4 -0.8
v -2.2 9.2 -0.8
v -2.2 9.4 -0.8
v -1.7 9.2 -0.8
v -1.7 9.4 -0.8
v -1.5 9.2 -0.8
v -1.5 9.4 -0.8
v -1.1 0 -0.8
v -1.1 0.4 -0.8
v -1 0 -0.8
v -1 0.4 -0.8
v -0.8 0.7 -0.8
v -0.8 0.9 -0.8
v -0.8 8.2 -0.8
v -0.8 8.5 -0.8
v -0.7 0.7 -0.8
v -0.7 0.8 -0.8
v -0.7 0.9 -0.8
v -0.7 1 -0.8
v -0.7 7.9 -0.8
v -0.7 8 -0.8
v -0.7 8.2 -0.8
v -0.7 8.5 -0.8
v -0.6 1 -0.8
v -0.6 1.1 -0.8
v -0.6 7.9 -0.8
v -0.6 8 -0.8
v -0.5 0.8 -0.8
v -0.5 0.9 -0.8
v -0.5 1.1 -0.8
v -0.5 1.2 -0.8
v -0.4 0.9 -0.8
v -0.4 1 -0.8
v -0.4 1.2 -0.8
v -0.4 1.3 -0.8
v -0.4 7.3 -0.8
v -0.4 7.5 -0.8
v -0.3 1 -0.8
v -0.3 1.3 -0.8
v -0.3 1.6 -0.8
v -0.3 2.3 -0.8
v -0.3 2.8 -0.8
v -0.3 3 -0.8
v -0.3 7.2 -0.8
v -0.3 7.3 -0.8
v -0.2 1.6 -0.8
v -0.2 2.3 -0.8
v -0.2 2.8 -0.8
v -0.2 3 -0.8
v -0.2 3.7 -0.8
v -0.2 4 -0.8
v -0.2 7.2 -0.8
v -0.2 7.4 -0.8
v -0.2 7.5 -0.8
v -0.1 1 -0.8
v -0.1 1.6 -0.8
v -0.1 3.7 -0.8
v -0.1 4 -0.8
v -0.1 5.9 -0.8
v -0.1 6.1 -0.8
v -0.1 6.3 -0.8
v -0.1 6.5 -0.8
v -0.1 7 -0.8
v -0.1 7.2 -0.8
v 0 1.5 -0.8
v 0 1.6 -0.8
v 0 5.9 -0.8
v 0 6.1 -0.8
v 0 6.3 -0.8
v 0 6.5 -0.8
v 0 6.9 -0.8
v 0 7 -0.8
v 0 7.4 -0.8
v 0.0999999 6.9 -0.8
v 0.0999999 7 -0.8
v 0.2 1.5 -0.8
v 0.2 1.6 -0.8
v 0.2 7.8 -0.8
v 0.2 7.9 -0.8
v 0.2 8 -0.8
v 0.2 8.1 -0.8
v 0.3 7.8 -0.8
v 0.3 7.9 -0.8
v 0.3 8 -0.8
v 0.3 8.1 -0.8
v 0.4 1.6 -0.8
v 0.4 1.8 -0.8
v 0.5 0.9 -0.8
v 0.5 1 -0.8
v 0.5 1.8 -0.8
v 0.5 1.9 -0.8
v 0.5 7 -0.8
v 0.5 7.2 -0.8
v 0.6 0.8 -0.8
v 0.6 0.9 -0.8
v 0.6 1.2 -0.8
v 0.6 1.9 -0.8
v 0.6 7 -0.8
v 0.6 7.1 -0.8
v 0.6 7.2 -0.8
v 0.6 7.3 -0.8
v 0.7 0.6 -0.8
v 0.7 0.8 -0.8
v 0.7 0.9 -0.8
v 0.7 1.2 -0.8
v 0.7 3 -0.8
v 0.7 3.5 -0.8
v 0.7 6.8 -0.8
v 0.7 6.9 -0.8
v 0.7 7.1 -0.8
v 0.7 7.3 -0.8
v 0.7 7.5 -0.8
v 0.8 0.2 -0.8
v 0.8 0.5 -0.8
v 0.8 0.6 -0.8
v 0.8 0.9 -0.8
v 0.8 3 -0.8
v 0.8 3.5 -0.8
v 0.8 5.9 -0.8
v 0.8 6.2 -0.8
v 0.8 6.9 -0.8
v 0.8 7 -0.8
v 0.8 7.3 -0.8
v 0.8 7.5 -0.8
v 0.8 7.9 -0.8
v 0.8 8.2 -0.8
v 0.9 0.2 -0.8
v 0.9 0.5 -0.8
v 0.9 6 -0.8
v 0.9 6.2 -0.8
v 0.9 6.8 -0.8
v 0.9 7 -0.8
v 0.9 7.5 -0.8
v 0.9 7.9 -0.8
v 1 5.9 -0.8
v 1 6 -0.8
v 1 7.5 -0.8
v 1 7.9 -0.8
v 1.1 7.9 -0.8
v 1.1 8 -0.8
v 1.2 0 -0.8
v 1.2 0.1 -0.8
v 1.3 0 -0.8
v 1.3 0.1 -0.8
v 1.3 8.2 -0.8
v 1.3 8.5 -0.8
v 1.4 8.2 -0.8
v 1.4 8.5 -0.8
v 1.4 8.7 -0.8
v 1.4 8.9 -0.8
v 1.5 8 -0.8
v 1.5 8.2 -0.8
v 1.5 8.7 -0.8
v 1.5 8.9 -0.8
v 1.7 8.5 -0.8
v 1.7 8.7 -0.8
v 1.8 8.7 -0.8
v 1.8 8.9 -0.8
v 2 8.5 -0.8
v 2 8.7 -0.8
v 2 8.9 -0.8
v 2 9.2 -0.8
v 2.2 8.7 -0.8
v 2.4 8.9 -0.8
v 2.4 9.2 -0.8
v 2.5 8.7 -0.8
v 2.8 8.2 -0.8
v 2.8 8.7 -0.8
v 2.8 8.9 -0.8
v 3 8.5 -0.8
v 3 8.7 -0.8
v 3.1 8.2 -0.8
v 3.1 8.5 -0.8
v -3.5 7.5 -0.9
v -3.5 8 -0.9
v -3.4 7.9 -0.9
v -3.4 8 -0.9
v -3.3 7.5 -0.9
v -3.3 7.9 -0.9
v -3.3 8 -0.9
v -3.3 8.2 -0.9
v -3.2 8 -0.9
v -3.2 8.2 -0.9
v -3 8.2 -0.9
v -3 8.5 -0.9
v -2.9 8.2 -0.9
v -2.9 8.5 -0.9
v -2.9 8.7 -0.9
v -2.6 8.5 -0.9
v -2.6 8.7 -0.9
v -2.6 8.9 -0.9
v -2.4 8.7 -0.9
v -2.4 8.9 -0.9
v -2.4 9.2 -0.9
v -2.2 9.2 -0.9
v -2.2 9.4 -0.9
v -2.1 8.9 -0.9
v -2.1 9.2 -0.9
v -1.7 9.2 -0.9
v -1.7 9.4 -0.9
v -1.5 8.5 -0.9
v -1.5 8.7 -0.9
v -1.4 8.5 -0.9
v -1.4 8.7 -0.9
v -1 0 -0.9
v -1 0.6 -0.9
v -1 8 -0.9
v -1 8.2 -0.9
v -1 8.7 -0.9
v -1 8.9 -0.9
v -0.9 0 -0.9
v -0.9 0.4 -0.9
v -0.9 8.7 -0.9
v -0.9 8.9 -0.9
v -0.8 0.4 -0.9
v -0.8 0.6 -0.9
v -0.8 0.7 -0.9
v -0.8 7.9 -0.9
v -0.8 8 -0.9
v -0.8 8.2 -0.9
v -0.7 0.7 -0.9
v -0.7 0.8 -0.9
v -0.7 7.9 -0.9
v -0.7 8 -0.9
v -0.6 7.9 -0.9
v -0.6 8 -0.9
v -0.5 0.6 -0.9
v -0.5 0.8 -0.9
v -0.5 0.9 -0.9
v -0.5 7.5 -0.9
v -0.5 7.9 -0.9
v -0.5 8 -0.9
v -0.4 0.8 -0.9
v -0.4 0.9 -0.9
v -0.4 1 -0.9
v -0.3 1 -0.9
v -0.3 1.6 -0.9
v -0.3 2.3 -0.9
v -0.3 2.8 -0.9
v -0.3 7.5 -0.9
v -0.3 7.9 -0.9
v -0.2 1.6 -0.9
v -0.2 2.3 -0.9
v -0.2 2.5 -0.9
v -0.2 2.8 -0.9
v -0.2 2.9 -0.9
v -0.2 3.5 -0.9
v -0.2 7.4 -0.9
v -0.2 7.5 -0.9
v -0.1 1 -0.9
v -0.1 1.6 -0.9
v -0.1 2 -0.9
v -0.1 2.5 -0.9
v -0.1 2.9 -0.9
v -0.1 3.5 -0.9
v -0.1 3.9 -0.9
v -0.1 4.5 -0.9
v -0.1 5.8 -0.9
v -0.1 5.9 -0.9
v -0.1 6.5 -0.9
v -0.1 6.8 -0.9
v 0 1.5 -0.9
v 0 1.6 -0.9
v 0 3.9 -0.9
v 0 4.5 -0.9
v 0 5.8 -0.9
v 0 5.9 -0.9
v 0 6.2 -0.9
v 0 6.5 -0.9
v 0 6.8 -0.9
v 0 6.9 -0.9
v 0 7 -0.9
v 0 7.4 -0.9
v 0.0999999 6.2 -0.9
v 0.0999999 6.4 -0.9
v 0.0999999 6.8 -0.9
v 0.0999999 6.9 -0.9
v 0.0999999 7 -0.9
v 0.0999999 7.2 -0.9
v 0.0999999 7.5 -0.9
v 0.0999999 7.7 -0.9
v 0.0999999 7.9 -0.9
v 0.2 1.5 -0.9
v 0.2 1.6 -0.9
v 0.2 6.4 -0.9
v 0.2 6.8 -0.9
v 0.2 7 -0.9
v 0.2 7.2 -0.9
v 0.2 7.7 -0.9
v 0.2 7.8 -0.9
v 0.2 7.9 -0.9
v 0.3 7.7 -0.9
v 0.3 7.8 -0.9
v 0.3 7.9 -0.9
v 0.4 1.6 -0.9
v 0.4 1.8 -0.9
v 0.4 7.7 -0.9
v 0.4 7.9 -0.9
v 0.5 0.8 -0.9
v 0.5 0.9 -0.9
v 0.5 1 -0.9
v 0.5 1.8 -0.9
v 0.5 1.9 -0.9
v 0.5 2 -0.9
v 0.5 2.6 -0.9
v 0.5 7 -0.9
v 0.5 7.2 -0.9
v 0.5 7.5 -0.9
v 0.6 0.6 -0.9
v 0.6 0.8 -0.9
v 0.6 0.9 -0.9
v 0.6 1.9 -0.9
v 0.6 2.3 -0.9
v 0.6 2.6 -0.9
v 0.6 3 -0.9
v 0.6 7.2 -0.9
v 0.6 7.3 -0.9
v 0.7 0.2 -0.9
v 0.7 0.6 -0.9
v 0.7 0.8 -0.9
v 0.7 2.3 -0.9
v 0.7 3 -0.9
v 0.7 6.1 -0.9
v 0.7 6.5 -0.9
v 0.7 6.7 -0.9
v 0.7 6.8 -0.9
v 0.7 6.9 -0.9
v 0.7 7 -0.9
v 0.7 7.3 -0.9
v 0.7 7.5 -0.9
v 0.7 7.9 -0.9
v 0.8 0.2 -0.9
v 0.8 0.6 -0.9
v 0.8 4 -0.9
v 0.8 4.4 -0.9
v 0.8 6.1 -0.9
v 0.8 6.2 -0.9
v 0.8 6.5 -0.9
v 0.8 6.7 -0.9
v 0.8 6.9 -0.9
v 0.8 7 -0.9
v 0.8 7.5 -0.9
v 0.8 7.9 -0.9
v 0.9 4 -0.9
v 0.9 4.4 -0.9
v 0.9 5 -0.9
v 0.9 5.3 -0.9
v 0.9 5.8 -0.9
v 0.9 5.9 -0.9
v 0.9 6.2 -0.9
v 0.9 6.8 -0.9
v 1 0 -0.9
v 1 0.1 -0.9
v 1 5 -0.9
v 1 5.3 -0.9
v 1 5.8 -0.9
v 1 5.9 -0.9
v 1.2 0 -0.9
v 1.2 0.1 -0.9
v 1.4 8.2 -0.9
v 1.4 8.5 -0.9
v 1.6 8.2 -0.9
v 1.6 8.5 -0.9
v 1.7 8.2 -0.9
v 1.7 8.5 -0.9
v 1.9 8.5 -0.9
v 2 8.2 -0.9
v 2 8.5 -0.9
v 2.2 8.5 -0.9
v 2.2 8.7 -0.9
v 2.5 8.5 -0.9
v 2.5 8.7 -0.9
v -3.3 7.5 -1
v -3.3 7.9 -1
v -3.2 8 -1
v -3.2 8.2 -1
v -3.1 7.5 -1
v -3.1 7.9 -1
v -3 8 -1
v -3 8.2 -1
v -2.4 8.7 -1
v -2.4 8.9 -1
v -2.2 8.7 -1
v -2.2 8.9 -1
v -2.1 8.9 -1
v -2.1 9.2 -1
v -2 8.9 -1
v -2 9.2 -1
v -1.6 8.9 -1
v -1.6 9.2 -1
v -1.4 8.5 -1
v -1.4 8.7 -1
v -1.2 8.5 -1
v -1.2 8.7 -1
v -1.2 8.9 -1
v -1.2 9.2 -1
v -1.1 8.7 -1
v -1.1 8.9 -1
v -1 8.5 -1
v -1 8.7 -1
v -0.9 0 -1
v -0.9 0.4 -1
v -0.8 0 -1
v -0.8 0.4 -1
v -0.8 8.5 -1
v -0.8 8.7 -1
v -0.5 7.9 -1
v -0.5 8 -1
v -0.4 0.8 -1
v -0.4 0.9 -1
v -0.4 7.9 -1
v -0.4 8 -1
v -0.3 7.5 -1
v -0.3 7.9 -1
v -0.2 2.5 -1
v -0.2 2.9 -1
v -0.2 3.5 -1
v -0.2 3.7 -1
v -0.2 7.5 -1
v -0.2 7.9 -1
v -0.1 2 -1
v -0.1 2.5 -1
v -0.1 2.9 -1
v -0.1 3.3 -1
v -0.1 3.5 -1
v -0.1 3.7 -1
v -0.1 5.7 -1
v -0.1 5.8 -1
v -0.1 7.8 -1
v -0.1 7.9 -1
v 0 3 -1
v 0 3.3 -1
v 0 5.7 -1
v 0 5.8 -1
v 0 5.9 -1
v 0 6.2 -1
v 0 7.8 -1
v 0 7.9 -1
v 0.0999999 5.9 -1
v 0.0999999 6 -1
v 0.0999999 6.2 -1
v 0.0999999 6.4 -1
v 0.0999999 6.8 -1
v 0.0999999 7 -1
v 0.2 6.4 -1
v 0.2 6.8 -1
v 0.2 8 -1
v 0.2 8.2 -1
v 0.3 8 -1
v 0.3 8.2 -1
v 0.4 8 -1
v 0.4 8.2 -1
v 0.5 0.8 -1
v 0.5 0.9 -1
v 0.5 2 -1
v 0.5 2.6 -1
v 0.5 3 -1
v 0.5 3.5 -1
v 0.5 8 -1
v 0.5 8.2 -1
v 0.6 2.6 -1
v 0.6 3 -1
v 0.6 7.7 -1
v 0.6 7.9 -1
v 0.7 3 -1
v 0.7 3.5 -1
v 0.7 4 -1
v 0.7 6.1 -1
v 0.7 6.5 -1
v 0.7 6.7 -1
v 0.7 7 -1
v 0.7 7.7 -1
v 0.7 7.9 -1
v 0.8 0.1 -1
v 0.8 0.2 -1
v 0.8 3.5 -1
v 0.8 4 -1
v 0.8 6 -1
v 0.8 6.1 -1
v 0.8 6.5 -1
v 0.8 6.7 -1
v 0.8 8.7 -1
v 0.8 8.9 -1
v 0.9 0.1 -1
v 0.9 0.2 -1
v 0.9 5.7 -1
v 0.9 5.8 -1
v 0.9 8.7 -1
v 0.9 8.9 -1
v 1 5.7 -1
v 1 5.8 -1
v 1.4 8.5 -1
v 1.4 8.7 -1
v 1.5 8.7 -1
v 1.5 8.9 -1
v 1.6 8.5 -1
v 1.6 8.9 -1
v -3.4 7.9 -1.1
v -3.4 8 -1.1
v -3.1 7.5 -1.1
v -3.1 7.9 -1.1
v -3 7.5 -1.1
v -3 7.9 -1.1
v -3 8 -1.1
v -3 8.2 -1.1
v -2.9 7.9 -1.1
v -2.9 8 -1.1
v -2.9 8.2 -1.1
v -2.9 8.5 -1.1
v -2.6 8.2 -1.1
v -2.6 8.5 -1.1
v -2.6 8.7 -1.1
v -2.5 8 -1.1
v -2.5 8.2 -1.1
v -2.2 8.7 -1.1
v -2.2 8.9 -1.1
v -2 8.5 -1.1
v -2 8.7 -1.1
v -2 8.9 -1.1
v -2 9.2 -1.1
v -1.8 8.7 -1.1
v -1.6 8.9 -1.1
v -1.6 9.2 -1.1
v -1.5 8.7 -1.1
v -1.2 8.2 -1.1
v -1.2 8.7 -1.1
v -1.2 8.9 -1.1
v -1 8.2 -1.1
v -1 8.5 -1.1
v -1 8.7 -1.1
v -0.8 0 -1.1
v -0.8 0.6 -1.1
v -0.7 0 -1.1
v -0.7 0.2 -1.1
v -0.6 0.2 -1.1
v -0.6 0.4 -1.1
v -0.6 8 -1.1
v -0.6 8.2 -1.1
v -0.5 0.4 -1.1
v -0.5 0.5 -1.1
v -0.5 0.6 -1.1
v -0.5 0.8 -1.1
v -0.4 0.5 -1.1
v -0.4 0.7 -1.1
v -0.4 7.9 -1.1
v -0.4 8 -1.1
v -0.4 8.2 -1.1
v -0.2 7.5 -1.1
v -0.2 7.9 -1.1
v -0.2 8 -1.1
v -0.2 8.2 -1.1
v -0.1 3.3 -1.1
v -0.1 3.9 -1.1
v -0.1 4.5 -1.1
v -0.1 4.7 -1.1
v -0.1 5 -1.1
v -0.1 5.7 -1.1
v -0.1 7.5 -1.1
v -0.1 8.2 -1.1
v 0 3 -1.1
v 0 3.3 -1.1
v 0 3.4 -1.1
v 0 3.8 -1.1
v 0 3.9 -1.1
v 0 4 -1.1
v 0 4.5 -1.1
v 0 4.7 -1.1
v 0 5 -1.1
v 0 5.5 -1.1
v 0 5.7 -1.1
v 0 5.9 -1.1
v 0 7.7 -1.1
v 0 7.8 -1.1
v 0.0999999 3.2 -1.1
v 0.0999999 3.4 -1.1
v 0.0999999 3.8 -1.1
v 0.0999999 4 -1.1
v 0.0999999 5.5 -1.1
v 0.0999999 5.7 -1.1
v 0.0999999 5.9 -1.1
v 0.0999999 6 -1.1
v 0.0999999 7.7 -1.1
v 0.0999999 7.8 -1.1
v 0.0999999 8 -1.1
v 0.0999999 8.2 -1.1
v 0.2 5.7 -1.1
v 0.2 6 -1.1
v 0.2 7.9 -1.1
v 0.2 8 -1.1
v 0.2 8.2 -1.1
v 0.3 3.2 -1.1
v 0.3 3.6 -1.1
v 0.4 7.9 -1.1
v 0.4 8 -1.1
v 0.5 0.4 -1.1
v 0.5 0.7 -1.1
v 0.5 3 -1.1
v 0.5 3.5 -1.1
v 0.5 3.6 -1.1
v 0.5 4 -1.1
v 0.6 0.2 -1.1
v 0.6 0.4 -1.1
v 0.6 0.6 -1.1
v 0.6 0.8 -1.1
v 0.7 0.2 -1.1
v 0.7 0.6 -1.1
v 0.7 3.5 -1.1
v 0.7 4 -1.1
v 0.7 5.9 -1.1
v 0.7 6 -1.1
v 0.7 7.9 -1.1
v 0.7 8 -1.1
v 0.8 4.4 -1.1
v 0.8 4.5 -1.1
v 0.8 5.2 -1.1
v 0.8 5.6 -1.1
v 0.8 7.9 -1.1
v 0.8 8 -1.1
v 0.8 8.2 -1.1
v 0.9 0 -1.1
v 0.9 0.1 -1.1
v 0.9 4.4 -1.1
v 0.9 4.5 -1.1
v 0.9 5.2 -1.1
v 0.9 5.3 -1.1
v 0.9 5.6 -1.1
v 0.9 5.7 -1.1
v 0.9 5.9 -1.1
v 0.9 6 -1.1
v 0.9 8 -1.1
v 0.9 8.2 -1.1
v 1 0 -1.1
v 1 0.1 -1.1
v 1 5.3 -1.1
v 1 5.7 -1.1
v 1.3 8.5 -1.1
v 1.3 8.9 -1.1
v 1.4 8.5 -1.1
v 1.4 8.7 -1.1
v 1.5 8.7 -1.1
v 1.5 8.9 -1.1
v 1.6 8.2 -1.1
v 1.6 8.5 -1.1
v 1.7 8.2 -1.1
v 1.7 8.5 -1.1
v 1.8 8.5 -1.1
v 1.8 8.7 -1.1
v 1.9 8.5 -1.1
v 1.9 8.7 -1.1
v -2.6 8.2 -1.2
v -2.6 8.5 -1.2
v -2 8.2 -1.2
v -2 8.5 -1.2
v -1.8 8.5 -1.2
v -1.8 8.7 -1.2
v -1.5 8.5 -1.2
v -1.5 8.7 -1.2
v -0.9 8.2 -1.2
v -0.9 8.5 -1.2
v -0.8 8 -1.2
v -0.8 8.2 -1.2
v -0.8 8.5 -1.2
v -0.7 0 -1.2
v -0.7 0.2 -1.2
v -0.7 8.2 -1.2
v -0.7 8.5 -1.2
v -0.6 0 -1.2
v -0.6 0.2 -1.2
v -0.6 8 -1.2
v -0.6 8.2 -1.2
v -0.6 8.5 -1.2
v -0.5 0.4 -1.2
v -0.5 0.5 -1.2
v -0.4 0.4 -1.2
v -0.4 0.5 -1.2
v -0.4 0.6 -1.2
v -0.4 0.7 -1.2
v -0.4 8 -1.2
v -0.4 8.2 -1.2
v -0.2 8 -1.2
v -0.2 8.2 -1.2
v -0.1 4.7 -1.2
v -0.1 5 -1.2
v -0.1 7.8 -1.2
v -0.1 8 -1.2
v 0 3.4 -1.2
v 0 3.8 -1.2
v 0 4 -1.2
v 0 4.4 -1.2
v 0 4.7 -1.2
v 0 4.8 -1.2
v 0 5 -1.2
v 0 5.5 -1.2
v 0 7.8 -1.2
v 0 8 -1.2
v 0.0999999 3.2 -1.2
v 0.0999999 3.4 -1.2
v 0.0999999 3.8 -1.2
v 0.0999999 4 -1.2
v 0.0999999 4.2 -1.2
v 0.0999999 4.4 -1.2
v 0.0999999 4.8 -1.2
v 0.0999999 5 -1.2
v 0.0999999 5.5 -1.2
v 0.0999999 5.7 -1.2
v 0.0999999 7.9 -1.2
v 0.0999999 8 -1.2
v 0.2 4 -1.2
v 0.2 4.2 -1.2
v 0.2 5.7 -1.2
v 0.2 6 -1.2
v 0.2 7.9 -1.2
v 0.2 8 -1.2
v 0.3 3.2 -1.2
v 0.3 3.6 -1.2
v 0.4 0.3 -1.2
v 0.4 0.6 -1.2
v 0.4 7.2 -1.2
v 0.4 7.5 -1.2
v 0.4 8 -1.2
v 0.4 8.2 -1.2
v 0.5 0.2 -1.2
v 0.5 0.3 -1.2
v 0.5 0.4 -1.2
v 0.5 0.7 -1.2
v 0.5 3.6 -1.2
v 0.5 4 -1.2
v 0.5 7.2 -1.2
v 0.5 7.5 -1.2
v 0.5 8 -1.2
v 0.5 8.2 -1.2
v 0.6 0.2 -1.2
v 0.6 0.4 -1.2
v 0.6 4.2 -1.2
v 0.6 4.3 -1.2
v 0.7 0.1 -1.2
v 0.7 0.2 -1.2
v 0.7 4 -1.2
v 0.7 4.2 -1.2
v 0.7 4.3 -1.2
v 0.7 4.4 -1.2
v 0.7 4.7 -1.2
v 0.7 5 -1.2
v 0.7 5.9 -1.2
v 0.7 6 -1.2
v 0.7 8.5 -1.2
v 0.7 8.7 -1.2
v 0.8 0 -1.2
v 0.8 0.1 -1.2
v 0.8 0.2 -1.2
v 0.8 4 -1.2
v 0.8 4.4 -1.2
v 0.8 4.5 -1.2
v 0.8 4.7 -1.2
v 0.8 5.2 -1.2
v 0.8 5.6 -1.2
v 0.9 0 -1.2
v 0.9 0.1 -1.2
v 0.9 4.5 -1.2
v 0.9 5.2 -1.2
v 0.9 5.6 -1.2
v 0.9 5.9 -1.2
v 0.9 8.7 -1.2
v 0.9 8.9 -1.2
v 1 8.5 -1.2
v 1 8.9 -1.2
v 1 9.2 -1.2
v 1.1 8.2 -1.2
v 1.1 8.5 -1.2
v 1.1 8.9 -1.2
v 1.1 9.2 -1.2
v 1.2 8.5 -1.2
v 1.2 8.9 -1.2
v 1.3 8.2 -1.2
v 1.3 8.9 -1.2
v 1.6 8.5 -1.2
v 1.6 8.9 -1.2
v 1.8 8.5 -1.2
v 1.8 8.7 -1.2
v 1.8 8.9 -1.2
v -1 8.2 -1.3
v -1 8.5 -1.3
v -0.9 8.2 -1.3
v -0.9 8.5 -1.3
v -0.8 8.2 -1.3
v -0.8 8.5 -1.3
v -0.7 8.2 -1.3
v -0.7 8.5 -1.3
v -0.6 0 -1.3
v -0.6 0.4 -1.3
v -0.6 8.2 -1.3
v -0.6 8.5 -1.3
v -0.5 0 -1.3
v -0.5 0.1 -1.3
v -0.5 8.2 -1.3
v -0.5 8.5 -1.3
v -0.4 0.1 -1.3
v -0.4 0.3 -1.3
v -0.4 0.4 -1.3
v -0.4 0.6 -1.3
v -0.3 0.3 -1.3
v -0.3 0.5 -1.3
v -0.1 7.7 -1.3
v -0.1 7.8 -1.3
v -0.1 8 -1.3
v -0.1 8.2 -1.3
v 0 4.4 -1.3
v 0 4.8 -1.3
v 0 7.7 -1.3
v 0 7.8 -1.3
v 0 8 -1.3
v 0 8.2 -1.3
v 0.0999999 4.2 -1.3
v 0.0999999 4.4 -1.3
v 0.0999999 4.8 -1.3
v 0.0999999 5 -1.3
v 0.2 4 -1.3
v 0.2 4.2 -1.3
v 0.3 0.2 -1.3
v 0.3 0.5 -1.3
v 0.4 0.1 -1.3
v 0.4 0.2 -1.3
v 0.4 0.3 -1.3
v 0.4 0.6 -1.3
v 0.4 7.9 -1.3
v 0.4 8 -1.3
v 0.5 0.2 -1.3
v 0.5 0.3 -1.3
v 0.5 8 -1.3
v 0.5 8.2 -1.3
v 0.6 4.2 -1.3
v 0.6 4.3 -1.3
v 0.6 7.9 -1.3
v 0.6 8 -1.3
v 0.6 8.2 -1.3
v 0.6 8.5 -1.3
v 0.7 0.1 -1.3
v 0.7 0.2 -1.3
v 0.7 4 -1.3
v 0.7 4.2 -1.3
v 0.7 4.3 -1.3
v 0.7 4.4 -1.3
v 0.7 4.7 -1.3
v 0.7 5 -1.3
v 0.7 8 -1.3
v 0.7 8.5 -1.3
v 0.8 4.4 -1.3
v 0.8 4.7 -1.3
v 1 8.2 -1.3
v 1 8.5 -1.3
v 1.1 8.2 -1.3
v 1.1 8.5 -1.3
v 1.1 8.9 -1.3
v 1.1 9.2 -1.3
v 1.2 8.9 -1.3
v 1.2 9.2 -1.3
v -1.1 8.2 -1.4
v -1.1 8.5 -1.4
v -1 8.2 -1.4
v -1 8.5 -1.4
v -0.7 8.7 -1.4
v -0.7 8.9 -1.4
v -0.6 8.5 -1.4
v -0.6 8.7 -1.4
v -0.5 0 -1.4
v -0.5 0.1 -1.4
v -0.5 8.5 -1.4
v -0.5 8.9 -1.4
v -0.4 0 -1.4
v -0.4 0.1 -1.4
v -0.4 0.3 -1.4
v -0.3 0.1 -1.4
v -0.3 0.2 -1.4
v -0.3 0.3 -1.4
v -0.3 0.5 -1.4
v -0.2 0.2 -1.4
v -0.2 0.3 -1.4
v -0.1 7.2 -1.4
v -0.1 7.5 -1.4
v 0 7.9 -1.4
v 0 8 -1.4
v 0 8.1 -1.4
v 0 8.2 -1.4
v 0.0999999 7.9 -1.4
v 0.0999999 8 -1.4
v 0.0999999 8.1 -1.4
v 0.0999999 8.2 -1.4
v 0.2 0.2 -1.4
v 0.2 0.3 -1.4
v 0.3 0.1 -1.4
v 0.3 0.2 -1.4
v 0.3 0.5 -1.4
v 0.3 7.5 -1.4
v 0.3 7.7 -1.4
v 0.4 0 -1.4
v 0.4 0.1 -1.4
v 0.4 0.2 -1.4
v 0.4 7.2 -1.4
v 0.4 7.5 -1.4
v 0.4 7.7 -1.4
v 0.4 7.9 -1.4
v 0.5 7.7 -1.4
v 0.5 7.9 -1.4
v 0.7 7.5 -1.4
v 0.7 7.7 -1.4
v 0.7 8.1 -1.4
v 0.7 8.4 -1.4
v 0.7 8.5 -1.4
v 0.8 0 -1.4
v 0.8 0.1 -1.4
v 0.8 8.1 -1.4
v 0.8 8.5 -1.4
v 0.9 8 -1.4
v 0.9 8.2 -1.4
v 1 8 -1.4
v 1 8.2 -1.4
v 1 8.7 -1.4
v 1 8.9 -1.4
v 1.1 8.7 -1.4
v 1.1 8.9 -1.4
v 1.2 8.5 -1.4
v 1.2 8.7 -1.4
v 1.3 8.5 -1.4
v 1.3 8.7 -1.4
v 2.4 8.9 -1.4
v 2.4 9.2 -1.4
v 2.5 8.9 -1.4
v 2.5 9.2 -1.4
v -1.2 8.2 -1.5
v -1.2 8.5 -1.5
v -1.1 8.2 -1.5
v -1.1 8.5 -1.5
v -1.1 8.7 -1.5
v -1 8.5 -1.5
v -1 8.7 -1.5
v -0.9 8.5 -1.5
v -0.9 8.7 -1.5
v -0.7 8.7 -1.5
v -0.6 8.5 -1.5
v -0.6 8.7 -1.5
v -0.5 8.2 -1.5
v -0.5 8.9 -1.5
v -0.4 8.2 -1.5
v -0.4 8.9 -1.5
v -0.1 7.5 -1.5
v -0.1 7.7 -1.5
v -0.1 8.5 -1.5
v -0.1 8.7 -1.5
v 0 8.2 -1.5
v 0 8.5 -1.5
v 0 8.7 -1.5
v 0.0999999 0.2 -1.5
v 0.0999999 0.3 -1.5
v 0.0999999 8.2 -1.5
v 0.0999999 8.4 -1.5
v 0.0999999 8.5 -1.5
v 0.2 0.2 -1.5
v 0.2 0.3 -1.5
v 0.3 7.5 -1.5
v 0.3 7.7 -1.5
v 0.5 7.7 -1.5
v 0.5 7.9 -1.5
v 0.7 7.7 -1.5
v 0.7 7.9 -1.5
v 0.8 8 -1.5
v 0.8 8.2 -1.5
v 0.9 8 -1.5
v 0.9 8.2 -1.5
v 1.1 8.9 -1.5
v 1.1 9.2 -1.5
v 1.2 8.9 -1.5
v 1.2 9.2 -1.5
v 2.3 8.5 -1.5
v 2.3 8.7 -1.5
v 2.4 8.5 -1.5
v 2.4 8.7 -1.5
v 2.5 8.9 -1.5
v 2.5 9.2 -1.5
v 2.6 8.9 -1.5
v 2.6 9.2 -1.5
v -1.2 8.5 -1.6
v -1.2 8.7 -1.6
v -1.1 8.5 -1.6
v -1.1 8.7 -1.6
v -1 8.5 -1.6
v -1 8.7 -1.6
v -0.9 8.5 -1.6
v -0.9 8.7 -1.6
v -0.9 8.9 -1.6
v -0.7 8.7 -1.6
v -0.7 8.9 -1.6
v -0.4 8.2 -1.6
v -0.4 8.5 -1.6
v -0.3 8.2 -1.6
v -0.3 8.5 -1.6
v -0.2 0.2 -1.6
v -0.2 0.3 -1.6
v 0.0999999 0.2 -1.6
v 0.0999999 0.3 -1.6
v 0.0999999 7.7 -1.6
v 0.0999999 7.9 -1.6
v 0.2 0.1 -1.6
v 0.2 0.2 -1.6
v 0.3 0.1 -1.6
v 0.3 0.2 -1.6
v 0.4 7.7 -1.6
v 0.4 7.9 -1.6
v 0.8 8.2 -1.6
v 0.8 8.5 -1.6
v 0.9 8 -1.6
v 0.9 8.2 -1.6
v 0.9 8.5 -1.6
v 0.9 8.7 -1.6
v 1 8 -1.6
v 1 8.2 -1.6
v 1 8.5 -1.6
v 1 8.7 -1.6
v 1.2 8.9 -1.6
v 1.2 9.2 -1.6
v 1.3 9.2 -1.6
v 1.3 9.4 -1.6
v 1.4 8.9 -1.6
v 1.4 9.4 -1.6
v -1 8.7 -1.7
v -1 8.9 -1.7
v -0.9 8.7 -1.7
v -0.9 8.9 -1.7
v -0.4 8.5 -1.7
v -0.4 8.7 -1.7
v -0.3 0.1 -1.7
v -0.3 0.2 -1.7
v -0.3 8.2 -1.7
v -0.3 8.5 -1.7
v -0.3 8.7 -1.7
v -0.2 8.2 -1.7
v -0.2 8.5 -1.7
v -0.2 8.9 -1.7
v -0.1 8.5 -1.7
v -0.1 8.9 -1.7
v 0.2 0.1 -1.7
v 0.2 0.2 -1.7
v 0.3 0 -1.7
v 0.3 0.1 -1.7
v 0.4 0 -1.7
v 0.4 0.1 -1.7
v 0.9 8.2 -1.7
v 0.9 8.5 -1.7
v 1 8.2 -1.7
v 1 8.5 -1.7
v 1 8.7 -1.7
v 1.1 8.5 -1.7
v 1.1 8.7 -1.7
v 1.3 8.5 -1.7
v 1.3 8.7 -1.7
v 1.4 8.5 -1.7
v 1.4 8.7 -1.7
v 1.4 9.2 -1.7
v 1.4 9.4 -1.7
v 1.5 9.2 -1.7
v 1.5 9.4 -1.7
v 2.4 8.9 -1.7
v 2.4 9.2 -1.7
v 2.5 8.7 -1.7
v 2.5 8.9 -1.7
v 2.5 9.2 -1.7
v 2.6 8.7 -1.7
v 2.6 8.9 -1.7
v -1.5 8.5 -1.8
v -1.5 8.7 -1.8
v -1.4 8.5 -1.8
v -1.4 8.7 -1.8
v -1.1 8.7 -1.8
v -1.1 8.9 -1.8
v -1 8.7 -1.8
v -1 8.9 -1.8
v -0.4 0 -1.8
v -0.4 0.1 -1.8
v -0.4 8.9 -1.8
v -0.4 9.2 -1.8
v -0.3 8.7 -1.8
v -0.3 8.9 -1.8
v -0.3 9.2 -1.8
v -0.2 8.2 -1.8
v -0.2 8.5 -1.8
v -0.2 8.7 -1.8
v -0.2 8.9 -1.8
v -0.1 8.2 -1.8
v -0.1 8.4 -1.8
v -0.1 8.5 -1.8
v 0 7.7 -1.8
v 0 7.9 -1.8
v 0 8.4 -1.8
v 0 8.5 -1.8
v 0.0999999 7.7 -1.8
v 0.0999999 7.9 -1.8
v 0.0999999 8.2 -1.8
v 0.3 0 -1.8
v 0.3 0.1 -1.8
v 0.3 7.9 -1.8
v 0.3 8.2 -1.8
v 1 8.2 -1.8
v 1 8.5 -1.8
v 1.1 8.2 -1.8
v 1.1 8.5 -1.8
v 1.1 8.9 -1.8
v 1.2 8.5 -1.8
v 1.2 8.9 -1.8
v 1.5 9.2 -1.8
v 1.5 9.4 -1.8
v 1.6 9.2 -1.8
v 1.6 9.4 -1.8
v 1.7 9.2 -1.8
v 1.7 9.4 -1.8
v 1.8 9.2 -1.8
v 1.8 9.4 -1.8
v 2.8 8 -1.8
v 2.8 8.2 -1.8
v 2.9 8 -1.8
v 2.9 8.2 -1.8
v -1.6 8.5 -1.9
v -1.6 8.7 -1.9
v -1.5 8.5 -1.9
v -1.5 8.7 -1.9
v -0.6 9.2 -1.9
v -0.6 9.4 -1.9
v -0.5 8.9 -1.9
v -0.5 9.2 -1.9
v -0.5 9.4 -1.9
v -0.4 8.9 -1.9
v -0.4 9.2 -1.9
v -0.1 7.7 -1.9
v -0.1 7.9 -1.9
v -0.1 8.2 -1.9
v 0 7.7 -1.9
v 0 7.9 -1.9
v 0.0999999 7.9 -1.9
v 0.0999999 8.2 -1.9
v 0.2 8.4 -1.9
v 0.2 8.5 -1.9
v 0.3 7.9 -1.9
v 0.3 8.2 -1.9
v 0.3 8.4 -1.9
v 0.6 8.2 -1.9
v 0.6 8.5 -1.9
v 0.9 7.9 -1.9
v 0.9 8.2 -1.9
v 1.2 8.5 -1.9
v 1.2 8.9 -1.9
v 1.3 8.5 -1.9
v 1.3 8.7 -1.9
v 1.3 8.9 -1.9
v 1.3 9.2 -1.9
v 1.5 8.7 -1.9
v 1.5 9.2 -1.9
v 1.6 9.2 -1.9
v 1.6 9.4 -1.9
v 1.7 9.2 -1.9
v 1.7 9.4 -1.9
v 1.8 9.2 -1.9
v 1.8 9.4 -1.9
v 2.2 8.9 -1.9
v 2.2 9.2 -1.9
v 2.3 8.9 -1.9
v 2.3 9.2 -1.9
v 2.4 9.2 -1.9
v 2.4 9.4 -1.9
v -0.7 9.2 -2
v -0.7 9.4 -2
v -0.6 8.9 -2
v -0.6 9.2 -2
v -0.6 9.4 -2
v -0.5 8.2 -2
v -0.5 8.5 -2
v -0.5 8.9 -2
v -0.5 9.2 -2
v -0.4 8.7 -2
v -0.4 8.9 -2
v -0.3 8.2 -2
v -0.3 8.5 -2
v -0.3 8.7 -2
v -0.3 8.9 -2
v -0.2 8.5 -2
v -0.2 8.7 -2
v -0.1 8.5 -2
v -0.1 8.7 -2
v 0.2 8.2 -2
v 0.2 8.4 -2
v 0.3 8.2 -2
v 0.3 8.4 -2
v 0.6 8.2 -2
v 0.6 8.4 -2
v 0.7 8.2 -2
v 0.7 8.4 -2
v 1.1 8.2 -2
v 1.1 8.5 -2
v 1.3 8.2 -2
v 1.3 8.5 -2
v 1.5 8.7 -2
v 1.5 9.2 -2
v 1.7 8.7 -2
v 1.7 9.2 -2
v 2.1 8.9 -2
v 2.1 9.2 -2
v 2.2 8.9 -2
v 2.2 9.2 -2
v 2.3 8.9 -2
v 2.3 9.2 -2
v 2.5 8.9 -2
v 2.5 9.2 -2
v 2.6 8.7 -2
v 2.6 8.9 -2
v 2.7 8.7 -2
v 2.7 8.9 -2
v 2.8 8.2 -2
v 2.8 8.5 -2
v 2.9 8.2 -2
v 2.9 8.5 -2
v 3 8 -2
v 3 8.2 -2
v 3.2 8 -2
v 3.2 8.2 -2
v -0.8 9.2 -2.1
v -0.8 9.4 -2.1
v -0.7 8.9 -2.1
v -0.7 9.2 -2.1
v -0.7 9.4 -2.1
v -0.6 8.5 -2.1
v -0.6 8.7 -2.1
v -0.6 8.9 -2.1
v -0.6 9.2 -2.1
v -0.5 8.5 -2.1
v -0.5 8.7 -2.1
v -0.5 8.9 -2.1
v -0.4 8.7 -2.1
v -0.4 8.9 -2.1
v -0.3 8.5 -2.1
v -0.3 8.7 -2.1
v -0.2 8.5 -2.1
v -0.2 8.7 -2.1
v 0.0999999 8.2 -2.1
v 0.0999999 8.4 -2.1
v 0.2 8.2 -2.1
v 0.2 8.4 -2.1
v 0.6 8.4 -2.1
v 0.6 8.5 -2.1
v 0.7 8.4 -2.1
v 0.7 8.5 -2.1
v 1.5 8.5 -2.1
v 1.5 8.7 -2.1
v 1.6 8.5 -2.1
v 1.6 8.7 -2.1
v 1.7 8.9 -2.1
v 1.7 9.2 -2.1
v 1.9 8.9 -2.1
v 1.9 9.2 -2.1
v 2.3 8.7 -2.1
v 2.3 8.9 -2.1
v 2.4 8.7 -2.1
v 2.4 8.9 -2.1
v 2.8 7.9 -2.1
v 2.8 8 -2.1
v 2.9 7.9 -2.1
v 2.9 8 -2.1
v 3.1 7.9 -2.1
v 3.1 8 -2.1
v 3.2 7.9 -2.1
v 3.2 8 -2.1
v -0.5 8.5 -2.2
v -0.5 8.7 -2.2
v -0.4 8.5 -2.2
v -0.4 8.7 -2.2
v 0.2 8.4 -2.2
v 0.2 8.5 -2.2
v 0.3 8.4 -2.2
v 0.3 8.5 -2.2
v 0.8 7.9 -2.2
v 0.8 8.2 -2.2
v 0.9 7.9 -2.2
v 0.9 8.2 -2.2
v 1.6 8.5 -2.2
v 1.6 8.7 -2.2
v 1.7 8.5 -2.2
v 1.7 8.7 -2.2
v 1.7 8.9 -2.2
v 1.9 8.7 -2.2
v 1.9 8.9 -2.2
v 2 8.9 -2.2
v 2 9.2 -2.2
v 2.1 8.9 -2.2
v 2.1 9.2 -2.2
v 2.4 8.7 -2.2
v 2.4 8.9 -2.2
v 2.6 8.7 -2.2
v 2.6 8.9 -2.2
v 2.7 8.5 -2.2
v 2.7 8.7 -2.2
v 2.8 8.5 -2.2
v 2.8 8.7 -2.2
v 2.9 8 -2.2
v 2.9 8.2 -2.2
v 3 7.9 -2.2
v 3 8 -2.2
v 3.1 7.9 -2.2
v 3.1 8.2 -2.2
v -1.7 8.7 -2.3
v -1.7 8.9 -2.3
v -1.6 8.7 -2.3
v -1.6 8.9 -2.3
v -1.6 9.2 -2.3
v -1.5 8.9 -2.3
v -1.5 9.2 -2.3
v -1.4 8.5 -2.3
v -1.4 8.7 -2.3
v -1.3 8.5 -2.3
v -1.3 8.7 -2.3
v -0.8 9.2 -2.3
v -0.8 9.4 -2.3
v -0.7 9.2 -2.3
v -0.7 9.4 -2.3
v -0.4 8.5 -2.3
v -0.4 8.7 -2.3
v -0.3 8.5 -2.3
v -0.3 8.7 -2.3
v 0 8.2 -2.3
v 0 8.4 -2.3
v 0.0999999 8.2 -2.3
v 0.0999999 8.4 -2.3
v 0.7 7.9 -2.3
v 0.7 8.2 -2.3
v 0.8 7.9 -2.3
v 0.8 8.2 -2.3
v 1.9 8.5 -2.3
v 1.9 8.7 -2.3
v 1.9 8.9 -2.3
v 1.9 9.2 -2.3
v 2 8.5 -2.3
v 2 8.7 -2.3
v 2 8.9 -2.3
v 2 9.2 -2.3
v 2.2 8 -2.3
v 2.2 8.2 -2.3
v 2.3 8.7 -2.3
v 2.3 8.9 -2.3
v 2.4 8 -2.3
v 2.4 8.2 -2.3
v 2.4 8.5 -2.3
v 2.4 8.7 -2.3
v 2.5 8.2 -2.3
v 2.5 8.5 -2.3
v 2.6 8.2 -2.3
v 2.6 8.5 -2.3
v 2.7 8.5 -2.3
v 2.7 8.7 -2.3
v 3.2 7.3 -2.3
v 3.2 7.5 -2.3
v 3.3 7.3 -2.3
v 3.3 7.5 -2.3
v -1.9 8.2 -2.4
v -1.9 8.5 -2.4
v -1.8 8.2 -2.4
v -1.8 8.5 -2.4
v -1.6 8.7 -2.4
v -1.6 8.9 -2.4
v -1.5 8.7 -2.4
v -1.5 8.9 -2.4
v -1.5 9.2 -2.4
v -1.4 8.9 -2.4
v -1.4 9.2 -2.4
v -0.9 9.2 -2.4
v -0.9 9.4 -2.4
v -0.8 8.7 -2.4
v -0.8 8.9 -2.4
v -0.8 9.2 -2.4
v -0.8 9.4 -2.4
v -0.6 8.7 -2.4
v -0.6 8.9 -2.4
v -0.5 8.7 -2.4
v -0.5 8.9 -2.4
v -0.4 8.7 -2.4
v -0.4 8.9 -2.4
v -0.2 7.9 -2.4
v -0.2 8.2 -2.4
v -0.1 7.9 -2.4
v -0.1 8.2 -2.4
v -0.1 8.4 -2.4
v 0 8.2 -2.4
v 0 8.4 -2.4
v 0.7 8.2 -2.4
v 0.7 8.4 -2.4
v 1 8.2 -2.4
v 1 8.4 -2.4
v 1.9 8.7 -2.4
v 1.9 8.9 -2.4
v 2 8.2 -2.4
v 2 8.7 -2.4
v 2 8.9 -2.4
v 2.1 8.2 -2.4
v 2.1 8.7 -2.4
v 2.2 8.2 -2.4
v 2.2 8.7 -2.4
v 2.4 8.2 -2.4
v 2.4 8.5 -2.4
v 2.4 8.7 -2.4
v 2.5 7.9 -2.4
v 2.5 8 -2.4
v 2.5 8.2 -2.4
v 2.5 8.5 -2.4
v 2.6 7.9 -2.4
v 2.6 8 -2.4
v 2.6 8.2 -2.4
v 2.6 8.5 -2.4
v 2.9 8.2 -2.4
v 2.9 8.5 -2.4
v -1 9.2 -2.5
v -1 9.4 -2.5
v -0.9 9.2 -2.5
v -0.9 9.4 -2.5
v -0.6 8.7 -2.5
v -0.6 8.9 -2.5
v -0.5 8.7 -2.5
v -0.5 8.9 -2.5
v 2.1 8.2 -2.5
v 2.1 8.7 -2.5
v 2.2 8.2 -2.5
v 2.2 8.7 -2.5
v 2.4 7.9 -2.5
v 2.4 8 -2.5
v 2.5 7.9 -2.5
v 2.5 8 -2.5
v 2.7 7.9 -2.5
v 2.7 8.2 -2.5
v 2.9 7.5 -2.5
v 2.9 7.9 -2.5
v 2.9 8 -2.5
v 2.9 8.2 -2.5
v 3.1 7.9 -2.5
v 3.1 8 -2.5
v 3.2 7.5 -2.5
v 3.2 7.9 -2.5
v -1.8 8.5 -2.6
v -1.8 8.7 -2.6
v -1.7 8.5 -2.6
v -1.7 8.7 -2.6
v -1.4 8.9 -2.6
v -1.4 9.4 -2.6
v -1.3 8.9 -2.6
v -1.3 9.4 -2.6
v -1.2 9.2 -2.6
v -1.2 9.4 -2.6
v -1 9.2 -2.6
v -1 9.4 -2.6
v 2.3 8 -2.6
v 2.3 8.2 -2.6
v 2.6 7.9 -2.6
v 2.6 8 -2.6
v 2.7 7.3 -2.6
v 2.7 7.9 -2.6
v 2.7 8.2 -2.6
v 2.9 7.3 -2.6
v 2.9 7.5 -2.6
v 2.9 7.9 -2.6
v 3 7.2 -2.6
v 3 7.5 -2.6
v 3.2 7.2 -2.6
v 3.2 7.4 -2.6
v 3.3 7.2 -2.6
v 3.3 7.3 -2.6
v 3.3 7.4 -2.6
v 3.3 7.5 -2.6
v 3.4 7 -2.6
v 3.4 7.2 -2.6
v 3.5 7 -2.6
v 3.5 7.3 -2.6
v -1.9 7.9 -2.7
v -1.9 8 -2.7
v -1.8 7.9 -2.7
v -1.8 8 -2.7
v -1.3 8.9 -2.7
v -1.3 9.4 -2.7
v -1.2 9.2 -2.7
v -1.2 9.4 -2.7
v -0.9 8.5 -2.7
v -0.9 8.7 -2.7
v -0.9 8.9 -2.7
v -0.9 9.2 -2.7
v -0.8 8.5 -2.7
v -0.8 8.7 -2.7
v -0.8 8.9 -2.7
v -0.8 9.2 -2.7
v -0.7 8.9 -2.7
v -0.7 9.2 -2.7
v 0.0999999 8.9 -2.7
v 0.0999999 9.1 -2.7
v 0.2 8.9 -2.7
v 0.2 9.1 -2.7
v 0.8 8.4 -2.7
v 0.8 8.5 -2.7
v 1 8.4 -2.7
v 1 8.5 -2.7
v 2.9 7.2 -2.7
v 2.9 7.5 -2.7
v 3 7.2 -2.7
v 3 7.5 -2.7
v 3.2 7.2 -2.7
v 3.2 7.4 -2.7
v 3.3 7 -2.7
v 3.3 7.2 -2.7
v 3.3 7.4 -2.7
v 3.4 7 -2.7
v 3.4 7.2 -2.7
v -1.7 8 -2.8
v -1.7 8.2 -2.8
v -1.6 8 -2.8
v -1.6 8.2 -2.8
v -1.6 8.7 -2.8
v -1.6 8.9 -2.8
v -1.4 8.7 -2.8
v -1.4 8.9 -2.8
v -1.3 8.7 -2.8
v -1.3 8.9 -2.8
v -1 8.7 -2.8
v -1 8.9 -2.8
v -0.9 8.7 -2.8
v -0.9 8.9 -2.8
v -0.9 9.2 -2.8
v -0.8 8.7 -2.8
v -0.8 9.2 -2.8
v -0.7 8.9 -2.8
v -0.7 9.2 -2.8
v -0.6 8.9 -2.8
v -0.6 9.2 -2.8
v -0.1 8.5 -2.8
v -0.1 8.9 -2.8
v 0 8.5 -2.8
v 0 8.9 -2.8
v 3.4 6.8 -2.8
v 3.4 7.2 -2.8
v 3.5 6.8 -2.8
v 3.5 7.2 -2.8
v -1.8 8.2 -2.9
v -1.8 8.5 -2.9
v -1.7 8.2 -2.9
v -1.7 8.5 -2.9
v -1.7 8.7 -2.9
v -1.5 8.5 -2.9
v -1.5 8.7 -2.9
v -1.4 8.7 -2.9
v -1.4 8.9 -2.9
v -1.3 8.7 -2.9
v -1.3 8.9 -2.9
v -1.1 8.2 -2.9
v -1.1 8.5 -2.9
v -1 8.2 -2.9
v -1 8.5 -2.9
v -1 8.7 -2.9
v -1 8.9 -2.9
v -0.9 8.5 -2.9
v -0.9 8.9 -2.9
v -0.2 8.2 -2.9
v -0.2 8.4 -2.9
v -0.1 8.2 -2.9
v -0.1 8.4 -2.9
v 0.2 8.9 -2.9
v 0.2 9.1 -2.9
v 0.3 8.9 -2.9
v 0.3 9.1 -2.9
v -2 8 -3
v -2 8.2 -3
v -1.9 8 -3
v -1.9 8.2 -3
v -1.7 8.2 -3
v -1.7 8.5 -3
v -1.5 8.5 -3
v -1.5 8.7 -3
v -1.4 8.2 -3
v -1.4 8.5 -3
v -1.1 8.5 -3
v -1.1 8.7 -3
v 1 8.5 -3
v 1 8.9 -3
v 1.1 8.5 -3
v 1.1 8.9 -3
v -2 7.5 -3.1
v -2 8 -3.1
v -1.9 7.5 -3.1
v -1.9 8 -3.1
v -1.9 8.2 -3.1
v -1.8 8 -3.1
v -1.8 8.2 -3.1
v -1.8 8.5 -3.1
v -1.7 8.2 -3.1
v -1.7 8.5 -3.1
v -1.4 8.2 -3.1
v -1.4 8.5 -3.1
v -1.3 8 -3.1
v -1.3 8.2 -3.1
v -1.3 8.5 -3.1
v -1.2 8 -3.1
v -1.2 8.2 -3.1
v -1.1 8.5 -3.1
v -1.1 8.7 -3.1
v -1 8.5 -3.1
v -1 8.7 -3.1
v 0.3 8.9 -3.1
v 0.3 9.1 -3.1
v 0.4 8.9 -3.1
v 0.4 9.1 -3.1
v 0.6 8.9 -3.1
v 0.6 9.1 -3.1
v 0.7 8.9 -3.1
v 0.7 9.1 -3.1
v 0.8 8.5 -3.1
v 0.8 8.9 -3.1
v 1 8.5 -3.1
v 1 8.9 -3.1
v -1.9 7.9 -3.2
v -1.9 8 -3.2
v -1.8 7.9 -3.2
v -1.8 8 -3.2
v -1.8 8.2 -3.2
v -1.7 8 -3.2
v -1.7 8.2 -3.2
v -1.6 8 -3.2
v -1.6 8.2 -3.2
v -1.5 7.9 -3.2
v -1.5 8 -3.2
v -1.5 8.2 -3.2
v -1.4 7.9 -3.2
v -1.4 8 -3.2
v -1.3 8.2 -3.2
v -1.3 8.5 -3.2
v -1.2 8.2 -3.2
v -1.1 8.2 -3.2
v -1.1 8.5 -3.2
v -0.1 8.4 -3.2
v -0.1 8.5 -3.2
v 0 8.4 -3.2
v 0 8.5 -3.2
v 0 8.9 -3.2
v 0.4 8.5 -3.2
v 0.4 8.9 -3.2
v 0.7 8.5 -3.2
v 0.7 8.9 -3.2
v 0.8 8.5 -3.2
v 0.8 8.9 -3.2
v -2 7.8 -3.3
v -2 8 -3.3
v -1.9 7.8 -3.3
v -1.9 7.9 -3.3
v -1.9 8 -3.3
v -1.8 7.9 -3.3
v -1.8 8 -3.3
v -1.7 8 -3.3
v -1.7 8.2 -3.3
v -1.6 7.9 -3.3
v -1.6 8 -3.3
v -1.6 8.2 -3.3
v -1.5 7.9 -3.3
v -1.5 8 -3.3
v -1.5 8.2 -3.3
v -1.2 8 -3.3
v -1.2 8.2 -3.3
v 0 8.4 -3.3
v 0 8.5 -3.3
v 0.3 8.4 -3.3
v 0.3 8.5 -3.3
v 0.4 8.9 -3.3
v 0.4 9.1 -3.3
v 0.5 8.5 -3.3
v 0.5 8.9 -3.3
v 0.6 8.9 -3.3
v 0.6 9.1 -3.3
v 0.7 8.4 -3.3
v 0.7 8.5 -3.3
v 0.7 8.9 -3.3
v 1 8.4 -3.3
v 1 8.5 -3.3
v -2.1 7.3 -3.4
v -2.1 7.7 -3.4
v -2 7.3 -3.4
v -2 7.5 -3.4
v -2 7.7 -3.4
v -2 7.8 -3.4
v -1.9 7.8 -3.4
v -1.9 7.9 -3.4
v -1.8 7.3 -3.4
v -1.8 7.5 -3.4
v -1.6 7.3 -3.4
v -1.6 7.9 -3.4
v -0.1 8.2 -3.4
v -0.1 8.4 -3.4
v 0 8.2 -3.4
v 0 8.4 -3.4
v 0.4 8.5 -3.4
v 0.4 8.9 -3.4
v 0.5 8.5 -3.4
v 0.5 8.9 -3.4
v -2 7.2 -3.5
v -2 7.3 -3.5
v -2 7.5 -3.5
v -1.9 7.2 -3.5
v -1.8 7.2 -3.5
v -1.8 7.5 -3.5
v -0.1 7.9 -3.5
v -0.1 8.2 -3.5
v 0 7.9 -3.5
v 0 8.2 -3.5
v 0.0999999 8.4 -3.5
v 0.0999999 8.5 -3.5
v 0.2 8.4 -3.5
v 0.2 8.5 -3.5
v 0.3 8.4 -3.5
v 0.3 8.5 -3.5
v 0.4 8.4 -3.5
v 0.4 8.5 -3.5
v 0.5 8.4 -3.5
v 0.5 8.5 -3.5
v 0.7 8.4 -3.5
v 0.7 8.5 -3.5
v 0.8 8.2 -3.5
v 0.8 8.4 -3.5
v 1 8.2 -3.5
v 1 8.4 -3.5
v -2.1 7.1 -3.6
v -2.1 7.3 -3.6
v -2 7.2 -3.6
v -2 7.3 -3.6
v -1.9 7.1 -3.6
v -1.9 7.2 -3.6
v 0 7.9 -3.6
v 0 8.4 -3.6
v 0.2 7.9 -3.6
v 0.2 8.2 -3.6
v 0.3 8.2 -3.6
v 0.3 8.4 -3.6
v 0.4 8.4 -3.6
v 0.4 8.5 -3.6
v 0.5 8.4 -3.6
v 0.5 8.5 -3.6
v 0.7 8.2 -3.6
v 0.7 8.4 -3.6
v 0.8 8.2 -3.6
v 0.8 8.4 -3.6
v 0.0999999 7.5 -3.7
v 0.0999999 7.7 -3.7
v 0.2 7.5 -3.7
v 0.2 7.7 -3.7
v 0.2 7.9 -3.7
v 0.2 8.2 -3.7
v 0.3 7.9 -3.7
v 0.3 8.2 -3.7
v 0.3 8.4 -3.7
v 0.6 7.9 -3.7
v 0.6 8.2 -3.7
v 0.7 8.2 -3.7
v 0.7 8.4 -3.7
v 1 7.9 -3.7
v 1 8.2 -3.7
v 0 7.7 -3.8
v 0 7.9 -3.8
v 0.0999999 7.7 -3.8
v 0.0999999 7.9 -3.8
v 0.3 7.9 -3.8
v 0.3 8.2 -3.8
v 0.4 7.9 -3.8
v 0.4 8.2 -3.8
v 0.5 7.9 -3.8
v 0.5 8.2 -3.8
v 0.6 7.9 -3.8
v 0.6 8.2 -3.8
v 0.9 7.7 -3.8
v 0.9 7.9 -3.8
v 1 7.7 -3.8
v 1 7.9 -3.8
v 0.0999999 7.7 -3.9
v 0.0999999 7.9 -3.9
v 0.2 7.7 -3.9
v 0.2 7.9 -3.9
v 0.7 7.7 -3.9
v 0.7 7.9 -3.9
v 0.8 7.7 -3.9
v 0.9 7.7 -3.9
v 0.9 7.9 -3.9
v 0.2 7.5 -4
v 0.2 7.9 -4
v 0.3 7.5 -4
v 0.3 7.7 -4
v 0.4 7.9 -4
v 0.4 8.2 -4
v 0.5 7.9 -4
v 0.5 8.2 -4
v 0.6 7.5 -4
v 0.6 7.7 -4
v 0.7 7.7 -4
v 0.7 7.9 -4
v 0.8 7.5 -4
v 0.8 7.7 -4
v 0.2 7.2 -4.1
v 0.2 7.5 -4.1
v 0.3 7.5 -4.1
v 0.3 7.7 -4.1
v 0.4 7.2 -4.1
v 0.4 7.7 -4.1
v 0.5 7.5 -4.1
v 0.5 7.7 -4.1
v 0.6 7.5 -4.1
v 0.6 7.7 -4.1
v 0.7 7.2 -4.1
v 0.7 7.5 -4.1
v 0.8 7.2 -4.1
v 0.8 7.5 -4.1
v 0.2 6.8 -4.2
v 0.2 7.2 -4.2
v 0.3 6.8 -4.2
v 0.3 7.2 -4.2
v 0.4 7.5 -4.2
v 0.4 7.7 -4.2
v 0.5 7.5 -4.2
v 0.5 7.7 -4.2
v 0.6 7.2 -4.2
v 0.6 7.5 -4.2
v 0.7 6.8 -4.2
v 0.7 7.2 -4.2
v 0.7 7.5 -4.2
v 0.8 6.8 -4.2
v 0.8 7.2 -4.2
v 0.3 6.8 -4.3
v 0.3 7.2 -4.3
v 0.4 6.8 -4.3
v 0.4 7.2 -4.3
v 0.5 7.2 -4.3
v 0.5 7.5 -4.3
v 0.6 7 -4.3
v 0.6 7.2 -4.3
v 0.6 7.5 -4.3
v 0.7 7 -4.3
v 0.7 7.2 -4.3
v 0.4 6.8 -4.4
v 0.4 7.5 -4.4
v 0.5 6.8 -4.4
v 0.5 7 -4.4
v 0.5 7.2 -4.4
v 0.5 7.5 -4.4
v 0.6 6.8 -4.4
v 0.6 7 -4.4
v 0.6 7.2 -4.4
v 0.7 6.8 -4.4
v 0.7 7 -4.4
v 0.4 6.7 -4.5
v 0.4 6.8 -4.5
v 0.5 6.7 -4.5
v 0.5 6.8 -4.5
v 0.5 7 -4.5
v 0.6 6.7 -4.5
v 0.6 6.8 -4.5
v 0.6 7 -4.5
v 0.7 6.7 -4.5
v 0.7 6.8 -4.5
v 0.5 6.5 -4.6
v 0.5 6.8 -4.6
v 0.6 6.5 -4.6
v 0.6 6.8 -4.6
v -0.7 0 1.4
v 0.7 0 1.4
v -0.8 0 1.3
v -0.7 0 1.3
v 0.7 0 1.3
v 0.8 0 1.3
v -0.9 0 1.2
v -0.8 0 1.2
v 0.8 0 1.2
v 0.9 0 1.2
v -1 0 1.1
v -0.9 0 1.1
v 0.9 0 1.1
v 1.1 0 1.1
v -1.1 0 1
v -1 0 1
v 1.1 0 1
v 1.2 0 1
v -1.2 0 0.9
v -1.1 0 0.9
v 1.2 0 0.8
v 1.3 0 0.8
v -1.3 0 0.6
v -1.2 0 0.6
v -1.4 0 0.5
v -1.3 0 0.5
v 1.3 0 0.4
v 1.4 0 0.4
v -1.4 0 -0.6
v -1.3 0 -0.6
v 1.3 0 -0.6
v 1.4 0 -0.6
v -1.3 0 -0.7
v -1.1 0 -0.7
v -1.1 0 -0.8
v -1 0 -0.8
v 1.2 0 -0.8
v 1.3 0 -0.8
v -1 0 -0.9
v -0.9 0 -0.9
v 1 0 -0.9
v 1.2 0 -0.9
v -0.9 0 -1
v -0.8 0 -1
v -0.8 0 -1.1
v -0.7 0 -1.1
v 0.9 0 -1.1
v 1 0 -1.1
v -0.7 0 -1.2
v -0.6 0 -1.2
v 0.8 0 -1.2
v 0.9 0 -1.2
v -0.6 0 -1.3
v -0.5 0 -1.3
v -0.5 0 -1.4
v -0.4 0 -1.4
v 0.4 0 -1.4
v 0.8 0 -1.4
v 0.3 0 -1.7
v 0.4 0 -1.7
v -0.4 0 -1.8
v 0.3 0 -1.8
v 0 1.5 -0.8
v 0.2 1.5 -0.8
v 0 1.5 -0.9
v 0.2 1.5 -0.9
v -0.1 1.6 -0.8
v 0 1.6 -0.8
v 0.2 1.6 -0.8
v 0.4 1.6 -0.8
v -0.1 1.6 -0.9
v 0 1.6 -0.9
v 0.2 1.6 -0.9
v 0.4 1.6 -0.9
v 0.4 1.8 -0.8
v 0.5 1.8 -0.8
v 0.4 1.8 -0.9
v 0.5 1.8 -0.9
v 0.5 1.9 -0.8
v 0.6 1.9 -0.8
v 0.5 1.9 -0.9
v 0.6 1.9 -0.9
v 0.5 2 0.0999997
v 0.6 2 0.0999997
v 0.5 2 -2.38419e-07
v 0.6 2 -2.38419e-07
v 0.7 2 -2.38419e-07
v 0.6 2 -0.7
v 0.7 2 -0.7
v -0.1 2 -0.9
v 0.5 2 -0.9
v -0.1 2 -1
v 0.5 2 -1
v 0.6 2.3 -0.7
v 0.7 2.3 -0.7
v -0.3 2.3 -0.8
v -0.2 2.3 -0.8
v -0.3 2.3 -0.9
v -0.2 2.3 -0.9
v 0.6 2.3 -0.9
v 0.7 2.3 -0.9
v -0.2 2.5 -0.9
v -0.1 2.5 -0.9
v -0.2 2.5 -1
v -0.1 2.5 -1
v 0.5 2.6 -0.9
v 0.6 2.6 -0.9
v 0.5 2.6 -1
v 0.6 2.6 -1
v 0.7 3 -0.2
v 0.8 3 -0.2
v 0.7 3 -0.8
v 0.8 3 -0.8
v 0.6 3 -0.9
v 0.7 3 -0.9
v 0 3 -1
v 0.5 3 -1
v 0.6 3 -1
v 0.7 3 -1
v 0 3 -1.1
v 0.5 3 -1.1
v 0.0999999 3.2 -1.1
v 0.3 3.2 -1.1
v 0.0999999 3.2 -1.2
v 0.3 3.2 -1.2
v -0.1 3.3 -1
v 0 3.3 -1
v -0.1 3.3 -1.1
v 0 3.3 -1.1
v 0 3.4 -1.1
v 0.0999999 3.4 -1.1
v 0 3.4 -1.2
v 0.0999999 3.4 -1.2
v 0.7 3.5 -0.8
v 0.8 3.5 -0.8
v -0.2 3.5 -0.9
v -0.1 3.5 -0.9
v -0.2 3.5 -1
v -0.1 3.5 -1
v 0.5 3.5 -1
v 0.7 3.5 -1
v 0.8 3.5 -1
v 0.5 3.5 -1.1
v 0.7 3.5 -1.1
v 0.3 3.6 -1.1
v 0.5 3.6 -1.1
v 0.3 3.6 -1.2
v 0.5 3.6 -1.2
v 0.8 4 -0.5
v 0.9 4 -0.5
v 0.8 4 -0.9
v 0.9 4 -0.9
v 0.7 4 -1
v 0.8 4 -1
v 0 4 -1.1
v 0.0999999 4 -1.1
v 0.5 4 -1.1
v 0.7 4 -1.1
v 0 4 -1.2
v 0.0999999 4 -1.2
v 0.2 4 -1.2
v 0.5 4 -1.2
v 0.7 4 -1.2
v 0.8 4 -1.2
v 0.2 4 -1.3
v 0.7 4 -1.3
v 0.7 4.1 -0.2
v 0.8 4.1 -0.2
v 0.7 4.1 -0.4
v 0.8 4.1 -0.4
v 0.0999999 4.2 -1.2
v 0.2 4.2 -1.2
v 0.0999999 4.2 -1.3
v 0.2 4.2 -1.3
v 0.8 4.3 -0.3
v 0.9 4.3 -0.3
v 0.8 4.3 -0.5
v 0.9 4.3 -0.5
v 0.6 4.3 -1.2
v 0.7 4.3 -1.2
v 0.6 4.3 -1.3
v 0.7 4.3 -1.3
v 0.8 4.4 -0.9
v 0.9 4.4 -0.9
v 0.8 4.4 -1.1
v 0.9 4.4 -1.1
v 0 4.4 -1.2
v 0.0999999 4.4 -1.2
v 0.7 4.4 -1.2
v 0.8 4.4 -1.2
v 0 4.4 -1.3
v 0.0999999 4.4 -1.3
v 0.7 4.4 -1.3
v 0.8 4.4 -1.3
v -0.1 4.5 -0.9
v 0 4.5 -0.9
v -0.1 4.5 -1.1
v 0 4.5 -1.1
v 0.8 4.5 -1.1
v 0.9 4.5 -1.1
v 0.8 4.5 -1.2
v 0.9 4.5 -1.2
v -0.1 4.7 -1.1
v 0 4.7 -1.1
v -0.1 4.7 -1.2
v 0 4.7 -1.2
v 0.2 5 -0.1
v 0.7 5 -0.1
v 0 5 -0.2
v 0.0999999 5 -0.2
v 0.2 5 -0.2
v 0.7 5 -0.2
v 0.8 5 -0.2
v 0.9 5 -0.2
v -0.1 5 -0.3
v 0 5 -0.3
v 0.0999999 5 -0.3
v 0.8 5 -0.3
v 0.9 5 -0.3
v -0.1 5 -0.4
v 0 5 -0.4
v 0.9 5 -0.5
v 1 5 -0.5
v 0.9 5 -0.9
v 1 5 -0.9
v 0.5 5.1 -2.38419e-07
v 0.6 5.1 -2.38419e-07
v 0.5 5.1 -0.1
v 0.6 5.1 -0.1
v 0.9 5.1 -0.2
v 1 5.1 -0.2
v 0.9 5.1 -0.5
v 1 5.1 -0.5
v 0.4 5.2 -2.38419e-07
v 0.5 5.2 -2.38419e-07
v 0.4 5.2 -0.1
v 0.5 5.2 -0.1
v 0.7 5.3 -0.1
v 0.9 5.3 -0.1
v -0.1 5.3 -0.2
v 0 5.3 -0.2
v 0.7 5.3 -0.2
v 0.9 5.3 -0.2
v -0.1 5.3 -0.3
v 0 5.3 -0.3
v 0.9 5.3 -0.9
v 1 5.3 -0.9
v 0.9 5.3 -1.1
v 1 5.3 -1.1
v 0.3 5.4 -2.38419e-07
v 0.4 5.4 -2.38419e-07
v 0.0999999 5.4 -0.1
v 0.2 5.4 -0.1
v 0.3 5.4 -0.1
v 0.4 5.4 -0.1
v 0.0999999 5.4 -0.2
v 0.2 5.4 -0.2
v 0 5.5 -0.1
v 0.0999999 5.5 -0.1
v 0 5.5 -0.2
v 0.0999999 5.5 -0.2
v 0.2 5.6 -2.38419e-07
v 0.3 5.6 -2.38419e-07
v 0.2 5.6 -0.1
v 0.3 5.6 -0.1
v 0.8 5.6 -1.1
v 0.9 5.6 -1.1
v 0.8 5.6 -1.2
v 0.9 5.6 -1.2
v -0.1 5.7 -0.1
v 0 5.7 -0.1
v -0.1 5.7 -0.2
v 0 5.7 -0.2
v 2.2 5.8 2.3
v 2.3 5.8 2.3
v 2.2 5.8 2.1
v 2.3 5.8 2.1
v 0.0999999 5.9 -2.38419e-07
v 0.2 5.9 -2.38419e-07
v 0.0999999 5.9 -0.1
v 0.2 5.9 -0.1
v 2.1 6 2.2
v 2.2 6 2.2
v 2.2 6 2.1
v 2.3 6 2.1
v 2.4 6 2.1
v 2.1 6 2
v 2.2 6 2
v 2.3 6 2
v 2.4 6 2
v 2.2 6 1.9
v 2.3 6 1.9
v 1.9 6.1 2.3
v 2 6.1 2.3
v 2.1 6.1 2.3
v 2.2 6.1 2.3
v 2 6.1 2.2
v 2.1 6.1 2.2
v 2.2 6.1 2.2
v 1.9 6.1 2
v 2 6.1 2
v 2.1 6.1 2
v 2.2 6.1 2
v 2 6.1 1.9
v 2.2 6.1 1.9
v 0.2 6.1 0.0999997
v 0.3 6.1 0.0999997
v 0.2 6.1 -2.38419e-07
v 0.3 6.1 -2.38419e-07
v 0.7 6.1 -0.1
v 0.8 6.1 -0.1
v 0.7 6.1 -0.2
v 0.8 6.1 -0.2
v 0.5 6.2 -0.1
v 0.6 6.2 -0.1
v 0.5 6.2 -0.2
v 0.6 6.2 -0.2
v 0.8 6.2 -0.8
v 0.9 6.2 -0.8
v 0.8 6.2 -0.9
v 0.9 6.2 -0.9
v 1.7 6.3 2.2
v 1.8 6.3 2.2
v 1.5 6.3 2.1
v 1.7 6.3 2.1
v 1.8 6.3 2.1
v 1.9 6.3 2.1
v 1.9 6.3 2
v 2 6.3 2
v 1.5 6.3 1.9
v 1.7 6.3 1.9
v 2 6.3 1.9
v 2.1 6.3 1.9
v 1.7 6.3 1.8
v 1.8 6.3 1.8
v 1.9 6.3 1.8
v 2.1 6.3 1.8
v 1.8 6.3 1.7
v 1.9 6.3 1.7
v 0 6.3 -2.38419e-07
v 0.0999999 6.3 -2.38419e-07
v 0 6.3 -0.1
v 0.0999999 6.3 -0.1
v 0.6 6.3 -0.1
v 0.7 6.3 -0.1
v 0.8 6.3 -0.1
v 0.9 6.3 -0.1
v 0.6 6.3 -0.2
v 0.7 6.3 -0.2
v 0.8 6.3 -0.2
v 0.9 6.3 -0.2
v -0.1 6.3 -0.7
v 0 6.3 -0.7
v -0.1 6.3 -0.8
v 0 6.3 -0.8
v 0.4 6.4 -2.38419e-07
v 0.5 6.4 -2.38419e-07
v 0.7 6.4 -2.38419e-07
v 0.8 6.4 -2.38419e-07
v 0.4 6.4 -0.1
v 0.5 6.4 -0.1
v 0.7 6.4 -0.1
v 0.8 6.4 -0.1
v 0 6.5 3.6
v 0.0999999 6.5 3.6
v 0 6.5 3.5
v 0.0999999 6.5 3.5
v 1.7 6.5 2.3
v 1.8 6.5 2.3
v -2.9 6.5 2.2
v -2.8 6.5 2.2
v 1.7 6.5 2.2
v 1.8 6.5 2.2
v 1.9 6.5 2.2
v 1.8 6.5 2.1
v 1.9 6.5 2.1
v -2.9 6.5 2
v -2.8 6.5 2
v 2.2 6.5 2
v 2.3 6.5 2
v 2.2 6.5 1.9
v 2.2 6.5 1.8
v 2.3 6.5 1.8
v 0.3 6.5 0.0999997
v 0.4 6.5 0.0999997
v 0.3 6.5 -2.38419e-07
v 0.4 6.5 -2.38419e-07
v 0.6 6.5 -2.38419e-07
v 0.7 6.5 -2.38419e-07
v 0.6 6.5 -0.1
v 0.7 6.5 -0.1
v -0.1 6.5 -0.2
v 0 6.5 -0.2
v -0.1 6.5 -0.3
v 0 6.5 -0.3
v -0.1 6.5 -0.8
v 0 6.5 -0.8
v -0.1 6.5 -0.9
v 0 6.5 -0.9
v 0.7 6.5 -0.9
v 0.8 6.5 -0.9
v 0.7 6.5 -1
v 0.8 6.5 -1
v 0.5 6.5 -4.5
v 0.6 6.5 -4.5
v 0.5 6.5 -4.6
v 0.6 6.5 -4.6
v -0.1 6.6 -0.1
v 0 6.6 -0.1
v -0.1 6.6 -0.2
v 0 6.6 -0.2
v -0.1 6.7 3.5
v 0 6.7 3.5
v 0.0999999 6.7 3.5
v 0.2 6.7 3.5
v -0.1 6.7 3.4
v 0.2 6.7 3.4
v -2.8 6.7 2.2
v -2.6 6.7 2.2
v 1.6 6.7 2.2
v 1.7 6.7 2.2
v 1.6 6.7 2.1
v 1.7 6.7 2.1
v -2.8 6.7 2
v -2.7 6.7 2
v -2.6 6.7 2
v -2.8 6.7 1.9
v -2.7 6.7 1.9
v 2.1 6.7 1.9
v 2.2 6.7 1.9
v 1.9 6.7 1.8
v 2.1 6.7 1.8
v 2.2 6.7 1.8
v 2.3 6.7 1.8
v 1.9 6.7 1.7
v 2 6.7 1.7
v 2.2 6.7 1.7
v 2.3 6.7 1.7
v 2 6.7 1.6
v 2.2 6.7 1.6
v 0.4 6.7 -4.4
v 0.7 6.7 -4.4
v 0.4 6.7 -4.5
v 0.5 6.7 -4.5
v 0.6 6.7 -4.5
v 0.7 6.7 -4.5
v -0.1 6.8 3.4
v 0.2 6.8 3.4
v 0.2 6.8 3.3
v 0.3 6.8 3.3
v -0.2 6.8 3.2
v -0.1 6.8 3.2
v 0.3 6.8 3.2
v 0.4 6.8 3.2
v -0.2 6.8 3.1
v -0.1 6.8 3.1
v 0.3 6.8 3.1
v 0.4 6.8 3.1
v -2.6 6.8 2.1
v -2.4 6.8 2.1
v -2.7 6.8 2
v -2.6 6.8 2
v -2.4 6.8 2
v -2.3 6.8 2
v 1.4 6.8 2
v 1.5 6.8 2
v -2.8 6.8 1.9
v -2.7 6.8 1.9
v -2.4 6.8 1.9
v -2.3 6.8 1.9
v 1.4 6.8 1.9
v 1.5 6.8 1.9
v 1.7 6.8 1.9
v -2.8 6.8 1.8
v -2.7 6.8 1.8
v -2.4 6.8 1.8
v -2.3 6.8 1.8
v 1.5 6.8 1.8
v 1.6 6.8 1.8
v 1.7 6.8 1.8
v 1.8 6.8 1.8
v 1.6 6.8 1.7
v 1.8 6.8 1.7
v 1.9 6.8 1.7
v 2 6.8 1.7
v -2.7 6.8 1.6
v -2.6 6.8 1.6
v -2.4 6.8 1.6
v -2.3 6.8 1.6
v 1.9 6.8 1.6
v 2 6.8 1.6
v 2.1 6.8 1.6
v -2.5 6.8 1.5
v -2.4 6.8 1.5
v 2 6.8 1.5
v 2.1 6.8 1.5
v -2.6 6.8 1.4
v -2.5 6.8 1.4
v 0.4 6.8 0.0999997
v 0.5 6.8 0.0999997
v 0 6.8 -2.38419e-07
v 0.0999999 6.8 -2.38419e-07
v 0.4 6.8 -2.38419e-07
v 0.5 6.8 -2.38419e-07
v 0.6 6.8 -2.38419e-07
v 0 6.8 -0.1
v 0.0999999 6.8 -0.1
v 0.5 6.8 -0.1
v 0.6 6.8 -0.1
v 4.1 6.8 -0.1
v 4.2 6.8 -0.1
v 4.1 6.8 -0.2
v 4.2 6.8 -0.2
v 0.0999999 6.8 -0.9
v 0.2 6.8 -0.9
v 0.0999999 6.8 -1
v 0.2 6.8 -1
v 3.4 6.8 -2.7
v 3.5 6.8 -2.7
v 3.4 6.8 -2.8
v 3.5 6.8 -2.8
v 0.2 6.8 -4.1
v 0.3 6.8 -4.1
v 0.7 6.8 -4.1
v 0.8 6.8 -4.1
v 0.2 6.8 -4.2
v 0.3 6.8 -4.2
v 0.7 6.8 -4.2
v 0.8 6.8 -4.2
v 0.3 6.8 -4.3
v 0.4 6.8 -4.3
v 0.4 6.8 -4.4
v 0.7 6.8 -4.4
v -2.9 6.9 2
v -2.8 6.9 2
v -2.9 6.9 1.9
v -2.8 6.9 1.9
v -2.8 6.9 1.8
v -2.7 6.9 1.8
v -2.8 6.9 1.7
v -2.7 6.9 1.7
v -2.7 6.9 1.6
v -2.6 6.9 1.6
v -2.7 6.9 1.5
v -2.6 6.9 1.5
v 0.7 6.9 -0.8
v 0.8 6.9 -0.8
v 0.7 6.9 -0.9
v 0.8 6.9 -0.9
v -0.1 7 3.2
v 0.3 7 3.2
v -0.2 7 3.1
v -0.1 7 3.1
v 0 7 3.1
v 0.0999999 7 3.1
v 0.3 7 3.1
v 0.4 7 3.1
v -0.2 7 3
v 0 7 3
v 0.0999999 7 3
v 0.4 7 3
v -2.9 7 1.9
v -2.8 7 1.9
v 1.4 7 1.9
v 1.5 7 1.9
v 1.3 7 1.8
v 1.4 7 1.8
v 1.5 7 1.8
v 1.6 7 1.8
v -2.8 7 1.7
v -2.7 7 1.7
v 1.3 7 1.7
v 1.4 7 1.7
v 1.5 7 1.7
v 1.6 7 1.7
v -2.9 7 1.6
v -2.8 7 1.6
v 1.4 7 1.6
v 1.5 7 1.6
v -2.8 7 1.5
v -2.7 7 1.5
v 0.5 7 0.0999997
v 0.6 7 0.0999997
v -0.1 7 -2.38419e-07
v 0.0999999 7 -2.38419e-07
v 0.5 7 -2.38419e-07
v 0.6 7 -2.38419e-07
v 4 7 -2.38419e-07
v 4.1 7 -2.38419e-07
v 0 7 -0.1
v 0.0999999 7 -0.1
v 4.1 7 -0.1
v -0.2 7 -0.2
v -0.1 7 -0.2
v 0 7 -0.2
v 4.1 7 -0.2
v 4 7 -0.3
v 4.1 7 -0.3
v -0.1 7 -0.5
v 0 7 -0.5
v -0.2 7 -0.7
v -0.1 7 -0.7
v -0.1 7 -0.8
v 0 7 -0.8
v 0.0999999 7 -0.8
v 0 7 -0.9
v 0.0999999 7 -0.9
v 3.3 7 -2.4
v 3.4 7 -2.4
v 3.4 7 -2.5
v 3.5 7 -2.5
v 3.4 7 -2.6
v 3.5 7 -2.6
v 3.3 7 -2.7
v 3.4 7 -2.7
v 0.2 7 -4
v 0.5 7 -4
v 0.6 7 -4
v 0.8 7 -4
v 0.2 7 -4.1
v 0.3 7 -4.1
v 0.5 7 -4.1
v 0.6 7 -4.1
v 0.7 7 -4.1
v 0.8 7 -4.1
v 0.3 7 -4.2
v 0.7 7 -4.2
v 0.0999999 7.1 0.0999997
v 0.2 7.1 0.0999997
v 0.0999999 7.1 -2.38419e-07
v 0.2 7.1 -2.38419e-07
v -0.3 7.1 -0.3
v -0.2 7.1 -0.3
v -0.3 7.1 -0.6
v -0.2 7.1 -0.6
v 0.7 7.1 -0.6
v 0.8 7.1 -0.6
v 0.6 7.1 -0.7
v 0.7 7.1 -0.7
v 0.8 7.1 -0.7
v 0.6 7.1 -0.8
v 0.7 7.1 -0.8
v -2.1 7.1 -3.5
v -1.9 7.1 -3.5
v -2.1 7.1 -3.6
v -1.9 7.1 -3.6
v 0 7.2 3.1
v 0.0999999 7.2 3.1
v 0 7.2 3
v 0.0999999 7.2 3
v -2.6 7.2 2.2
v -2.4 7.2 2.2
v -2.6 7.2 2.1
v -2.4 7.2 2.1
v -2.2 7.2 2.1
v -2.4 7.2 2
v -2.3 7.2 2
v -2.4 7.2 1.9
v -2.3 7.2 1.9
v 1.2 7.2 1.9
v 1.4 7.2 1.9
v -2.4 7.2 1.8
v -2.3 7.2 1.8
v -2.2 7.2 1.8
v 1.2 7.2 1.8
v 1.3 7.2 1.8
v 1.4 7.2 1.8
v 1.6 7.2 1.8
v 1.7 7.2 1.8
v 1.5 7.2 1.7
v 1.6 7.2 1.7
v 1.7 7.2 1.7
v 2 7.2 1.7
v -2.4 7.2 1.6
v -2.3 7.2 1.6
v 1.5 7.2 1.6
v 1.6 7.2 1.6
v 2 7.2 1.6
v 2.1 7.2 1.6
v -2.8 7.2 1.5
v -2.6 7.2 1.5
v -2.5 7.2 1.5
v -2.4 7.2 1.5
v -2.3 7.2 1.5
v 1.6 7.2 1.5
v 1.8 7.2 1.5
v 2.1 7.2 1.5
v 2.2 7.2 1.5
v -2.8 7.2 1.4
v -2.7 7.2 1.4
v -2.6 7.2 1.4
v -2.5 7.2 1.4
v -2.4 7.2 1.4
v 1.8 7.2 1.4
v 1.9 7.2 1.4
v 2.1 7.2 1.4
v 2.2 7.2 1.4
v -2.7 7.2 1.3
v -2.5 7.2 1.3
v 1.9 7.2 1.3
v 2.1 7.2 1.3
v 0.2 7.2 0.4
v 0.7 7.2 0.4
v 0.6 7.2 0.3
v 0.7 7.2 0.3
v 0 7.2 0.2
v 0.2 7.2 0.2
v 0.0999999 7.2 0.0999997
v 0.2 7.2 0.0999997
v 0.4 7.2 0.0999997
v 0.6 7.2 0.0999997
v 3.7 7.2 0.0999997
v 3.8 7.2 0.0999997
v 0 7.2 -2.38419e-07
v 0.0999999 7.2 -2.38419e-07
v 0.2 7.2 -2.38419e-07
v 0.4 7.2 -2.38419e-07
v 3.7 7.2 -2.38419e-07
v 3.8 7.2 -2.38419e-07
v 4 7.2 -2.38419e-07
v 0.7 7.2 -0.1
v 0.8 7.2 -0.1
v -0.3 7.2 -0.2
v -0.2 7.2 -0.2
v 0.7 7.2 -0.2
v 0.8 7.2 -0.2
v -0.3 7.2 -0.3
v -0.2 7.2 -0.3
v 3.9 7.2 -0.3
v 4 7.2 -0.3
v 3.7 7.2 -0.4
v 3.8 7.2 -0.4
v 3.9 7.2 -0.4
v 3.7 7.2 -0.5
v 3.8 7.2 -0.5
v -0.3 7.2 -0.7
v -0.2 7.2 -0.7
v -0.1 7.2 -0.7
v -0.3 7.2 -0.8
v -0.2 7.2 -0.8
v -0.1 7.2 -0.8
v 0.5 7.2 -0.8
v 0.6 7.2 -0.8
v 0.0999999 7.2 -0.9
v 0.2 7.2 -0.9
v 0.5 7.2 -0.9
v 0.6 7.2 -0.9
v 0 7.2 -1.1
v 0.0999999 7.2 -1.1
v 0.4 7.2 -1.2
v 0.5 7.2 -1.2
v -0.1 7.2 -1.3
v 0 7.2 -1.3
v -0.1 7.2 -1.4
v 0.4 7.2 -1.4
v 3.1 7.2 -2.4
v 3.3 7.2 -2.4
v 3 7.2 -2.5
v 3.1 7.2 -2.5
v 2.9 7.2 -2.6
v 3 7.2 -2.6
v 3.2 7.2 -2.6
v 2.9 7.2 -2.7
v 3 7.2 -2.7
v 3.2 7.2 -2.7
v 3.3 7.2 -2.7
v -2.1 7.2 -3.2
v -2 7.2 -3.2
v -2 7.2 -3.3
v -1.8 7.2 -3.3
v -2.1 7.2 -3.5
v -1.9 7.2 -3.5
v -1.8 7.2 -3.5
v 0.5 7.2 -4
v 0.6 7.2 -4
v 0.5 7.2 -4.1
v 0.6 7.2 -4.1
v -2.2 7.3 2
v -2.1 7.3 2
v -2.2 7.3 1.9
v -2.1 7.3 1.9
v 1.1 7.3 1.8
v 1.2 7.3 1.8
v 1.3 7.3 1.8
v -2.4 7.3 1.7
v -2.3 7.3 1.7
v 1 7.3 1.7
v 1.1 7.3 1.7
v 1.2 7.3 1.7
v 1.3 7.3 1.7
v 1.4 7.3 1.7
v -2.4 7.3 1.6
v -2.3 7.3 1.6
v -2.2 7.3 1.6
v 1 7.3 1.6
v 1.2 7.3 1.6
v 1.3 7.3 1.6
v 1.4 7.3 1.6
v -2.4 7.3 1.5
v -2.3 7.3 1.5
v -2.2 7.3 1.5
v 1.6 7.3 1.5
v 1.8 7.3 1.5
v -2.5 7.3 1.4
v -2.4 7.3 1.4
v -2.3 7.3 1.4
v 1.6 7.3 1.4
v 1.7 7.3 1.4
v 1.8 7.3 1.4
v 1.9 7.3 1.4
v -2.6 7.3 1.3
v -2.5 7.3 1.3
v -2.4 7.3 1.3
v -2.3 7.3 1.3
v 1.7 7.3 1.3
v 1.8 7.3 1.3
v 1.9 7.3 1.3
v 2.1 7.3 1.3
v -2.6 7.3 1.2
v -2.4 7.3 1.2
v 1.8 7.3 1.2
v 1.9 7.3 1.2
v -2.4 7.3 1.1
v -2.3 7.3 1.1
v 1.9 7.3 1.1
v 2.1 7.3 1.1
v -0.1 7.3 0.2
v 0 7.3 0.2
v 3.6 7.3 0.0999997
v 3.7 7.3 0.0999997
v -0.3 7.3 -2.38419e-07
v -0.1 7.3 -2.38419e-07
v 3.7 7.3 -2.38419e-07
v 3.8 7.3 -2.38419e-07
v -0.5 7.3 -0.1
v -0.3 7.3 -0.1
v -0.1 7.3 -0.1
v 0 7.3 -0.1
v 3.6 7.3 -0.1
v 3.7 7.3 -0.1
v -0.5 7.3 -0.2
v -0.4 7.3 -0.2
v -0.3 7.3 -0.2
v -0.1 7.3 -0.2
v 3.6 7.3 -0.2
v 3.7 7.3 -0.2
v -0.3 7.3 -0.3
v -0.4 7.3 -0.4
v -0.3 7.3 -0.4
v 3.7 7.3 -0.4
v 3.8 7.3 -0.4
v -0.4 7.3 -0.5
v -0.3 7.3 -0.5
v 3.6 7.3 -0.5
v 3.7 7.3 -0.5
v -3.7 7.3 -0.6
v -3.5 7.3 -0.6
v -0.3 7.3 -0.6
v -0.2 7.3 -0.6
v -3.8 7.3 -0.7
v -3.7 7.3 -0.7
v -0.3 7.3 -0.7
v -0.2 7.3 -0.7
v 0.7 7.3 -0.7
v 0.8 7.3 -0.7
v -3.8 7.3 -0.8
v -3.5 7.3 -0.8
v -0.4 7.3 -0.8
v -0.3 7.3 -0.8
v 0.6 7.3 -0.8
v 0.7 7.3 -0.8
v 0.8 7.3 -0.8
v 0.6 7.3 -0.9
v 0.7 7.3 -0.9
v 3.1 7.3 -2.1
v 3.2 7.3 -2.1
v 3 7.3 -2.2
v 3.1 7.3 -2.2
v 3.2 7.3 -2.2
v 3.3 7.3 -2.2
v 3.2 7.3 -2.3
v 3.3 7.3 -2.3
v 2.9 7.3 -2.4
v 3 7.3 -2.4
v 3.1 7.3 -2.4
v 3.2 7.3 -2.4
v 2.7 7.3 -2.5
v 2.9 7.3 -2.5
v 3 7.3 -2.5
v 3.1 7.3 -2.5
v 2.7 7.3 -2.6
v 2.9 7.3 -2.6
v 3 7.3 -2.6
v -2 7.3 -3.1
v -1.8 7.3 -3.1
v -2 7.3 -3.2
v -2 7.3 -3.3
v -1.8 7.3 -3.3
v -1.6 7.3 -3.3
v -1.8 7.3 -3.4
v -1.6 7.3 -3.4
v -0.2 7.4 -0.8
v 0 7.4 -0.8
v -0.2 7.4 -0.9
v 0 7.4 -0.9
v -0.2 7.5 3
v 0.4 7.5 3
v 0 7.5 2.9
v 0.0999999 7.5 2.9
v -0.1 7.5 2.8
v 0 7.5 2.8
v 0.0999999 7.5 2.8
v 0.2 7.5 2.8
v -0.2 7.5 2.7
v -0.1 7.5 2.7
v 0.2 7.5 2.7
v 0.3 7.5 2.7
v 0.4 7.5 2.7
v 0.5 7.5 2.7
v 0.3 7.5 2.6
v 0.5 7.5 2.6
v -2.2 7.5 1.9
v -2.1 7.5 1.9
v -2.2 7.5 1.8
v -2.1 7.5 1.8
v 0.9 7.5 1.6
v 1 7.5 1.6
v 1.1 7.5 1.6
v 1 7.5 1.5
v 1.1 7.5 1.5
v -2.4 7.5 1.4
v -2.3 7.5 1.4
v 0.9 7.5 1.4
v 1 7.5 1.4
v -2.4 7.5 1.3
v -2.3 7.5 1.3
v -2.4 7.5 1.1
v -2.3 7.5 1.1
v 1.6 7.5 1
v 1.8 7.5 1
v -2.4 7.5 0.9
v -2.3 7.5 0.9
v 1.6 7.5 0.9
v 1.8 7.5 0.9
v 0.3 7.5 0.5
v 0.7 7.5 0.5
v -0.1 7.5 0.4
v 0.2 7.5 0.4
v 0.3 7.5 0.4
v 0.7 7.5 0.4
v 0.6 7.5 0.3
v 0.7 7.5 0.3
v -0.2 7.5 0.2
v -0.1 7.5 0.2
v 0.2 7.5 0.2
v -0.3 7.5 0.0999997
v -0.2 7.5 0.0999997
v 0.5 7.5 0.0999997
v 0.6 7.5 0.0999997
v -0.4 7.5 -2.38419e-07
v -0.3 7.5 -2.38419e-07
v -0.1 7.5 -2.38419e-07
v 0.5 7.5 -2.38419e-07
v 0.7 7.5 -2.38419e-07
v 0.8 7.5 -2.38419e-07
v -0.4 7.5 -0.1
v -0.3 7.5 -0.1
v 0.7 7.5 -0.1
v 0.8 7.5 -0.1
v 3.6 7.5 -0.1
v 3.7 7.5 -0.1
v 3.6 7.5 -0.2
v 3.7 7.5 -0.2
v 0.8 7.5 -0.3
v 1 7.5 -0.3
v -0.4 7.5 -0.4
v -0.3 7.5 -0.4
v -3.4 7.5 -0.5
v -3.2 7.5 -0.5
v -0.4 7.5 -0.5
v -0.3 7.5 -0.5
v -3.5 7.5 -0.6
v -3.4 7.5 -0.6
v -3.2 7.5 -0.6
v -3 7.5 -0.6
v -0.5 7.5 -0.7
v -0.4 7.5 -0.7
v 0.8 7.5 -0.7
v 0.9 7.5 -0.7
v -3.5 7.5 -0.8
v -0.4 7.5 -0.8
v -0.2 7.5 -0.8
v 0.7 7.5 -0.8
v 0.8 7.5 -0.8
v 0.9 7.5 -0.8
v 1 7.5 -0.8
v -3.5 7.5 -0.9
v -3.3 7.5 -0.9
v -0.5 7.5 -0.9
v -0.3 7.5 -0.9
v -0.2 7.5 -0.9
v 0.0999999 7.5 -0.9
v 0.5 7.5 -0.9
v 0.7 7.5 -0.9
v 0.8 7.5 -0.9
v -3.3 7.5 -1
v -3.1 7.5 -1
v -0.3 7.5 -1
v -0.2 7.5 -1
v -3.1 7.5 -1.1
v -3 7.5 -1.1
v -0.2 7.5 -1.1
v -0.1 7.5 -1.1
v 0 7.5 -1.1
v 0.0999999 7.5 -1.1
v 0.4 7.5 -1.2
v 0.5 7.5 -1.2
v -0.1 7.5 -1.3
v 0 7.5 -1.3
v -0.1 7.5 -1.4
v 0.3 7.5 -1.4
v 0.4 7.5 -1.4
v 0.7 7.5 -1.4
v -0.1 7.5 -1.5
v 0.3 7.5 -1.5
v 2.9 7.5 -2.2
v 3 7.5 -2.2
v 2.9 7.5 -2.4
v 3 7.5 -2.4
v -2 7.5 -3
v -1.9 7.5 -3
v -2 7.5 -3.1
v -1.9 7.5 -3.1
v -1.8 7.5 -3.2
v -1.7 7.5 -3.2
v -1.8 7.5 -3.3
v -1.7 7.5 -3.3
v 0.0999999 7.5 -3.6
v 0.3 7.5 -3.6
v 0.0999999 7.5 -3.7
v 0.2 7.5 -3.7
v 0.3 7.5 -3.7
v 0.4 7.5 -3.7
v 0.7 7.5 -3.7
v 0.8 7.5 -3.7
v 0.4 7.5 -3.8
v 0.5 7.5 -3.8
v 0.6 7.5 -3.8
v 0.7 7.5 -3.8
v 0.5 7.5 -3.9
v 0.6 7.5 -3.9
v 0.2 7.5 -4
v 0.8 7.5 -4
v -0.3 7.7 2.9
v -0.2 7.7 2.9
v 0 7.7 2.9
v 0.0999999 7.7 2.9
v 0.4 7.7 2.9
v 0.5 7.7 2.9
v -0.4 7.7 2.8
v -0.3 7.7 2.8
v -0.1 7.7 2.8
v 0 7.7 2.8
v 0.0999999 7.7 2.8
v 0.2 7.7 2.8
v 0.5 7.7 2.8
v 0.6 7.7 2.8
v -0.4 7.7 2.7
v -0.3 7.7 2.7
v -0.2 7.7 2.7
v -0.1 7.7 2.7
v 0.2 7.7 2.7
v 0.3 7.7 2.7
v 0.4 7.7 2.7
v 0.5 7.7 2.7
v 0.2 7.7 2.6
v 0.3 7.7 2.6
v 0.5 7.7 2.6
v 0.6 7.7 2.6
v -0.3 7.7 2.5
v -0.2 7.7 2.5
v 0.3 7.7 2.5
v 0.4 7.7 2.5
v 0.4 7.7 2.4
v 0.5 7.7 2.4
v -2.1 7.7 1.9
v -1.7 7.7 1.9
v -2.3 7.7 1.8
v -2.1 7.7 1.8
v 1.2 7.7 1.7
v 1.3 7.7 1.7
v 1.4 7.7 1.7
v 1.5 7.7 1.7
v -2.3 7.7 1.6
v -2.2 7.7 1.6
v -1.8 7.7 1.6
v -1.7 7.7 1.6
v 1.1 7.7 1.6
v 1.2 7.7 1.6
v 1.3 7.7 1.6
v 1.4 7.7 1.6
v 1.5 7.7 1.6
v 1.6 7.7 1.6
v -2.3 7.7 1.5
v -2.2 7.7 1.5
v -1.9 7.7 1.5
v -1.8 7.7 1.5
v 1.1 7.7 1.5
v 1.3 7.7 1.5
v 1.5 7.7 1.5
v 1.6 7.7 1.5
v -2 7.7 1.4
v -1.9 7.7 1.4
v 1.3 7.7 1.4
v 1.5 7.7 1.4
v -2.2 7.7 1.3
v -2 7.7 1.3
v 1.7 7.7 1.3
v 1.8 7.7 1.3
v 1.7 7.7 1.2
v 1.8 7.7 1.2
v 1.9 7.7 1.2
v -2.3 7.7 1.1
v -2.2 7.7 1.1
v 1.8 7.7 1.1
v 1.9 7.7 1.1
v 2 7.7 1.1
v -2.3 7.7 1
v -2.2 7.7 1
v 1.9 7.7 1
v 2 7.7 1
v -2.3 7.7 0.9
v -2.2 7.7 0.9
v -2.1 7.7 0.9
v 0.6 7.7 0.9
v 0.7 7.7 0.9
v -2.3 7.7 0.8
v -2.1 7.7 0.8
v -2 7.7 0.8
v 0.5 7.7 0.8
v 0.6 7.7 0.8
v -2.1 7.7 0.7
v -2 7.7 0.7
v -1.9 7.7 0.7
v -2 7.7 0.6
v -1.9 7.7 0.6
v 0.2 7.7 0.6
v 0.5 7.7 0.6
v -0.1 7.7 0.5
v 0.0999999 7.7 0.5
v 0.3 7.7 0.5
v 0.7 7.7 0.5
v -0.1 7.7 0.4
v 0.0999999 7.7 0.4
v 0.2 7.7 0.4
v 0.3 7.7 0.4
v -0.8 7.7 0.2
v -0.7 7.7 0.2
v -0.9 7.7 0.0999997
v -0.8 7.7 0.0999997
v -0.7 7.7 0.0999997
v -0.5 7.7 0.0999997
v -0.9 7.7 -2.38419e-07
v -0.7 7.7 -2.38419e-07
v -0.7 7.7 -0.1
v -0.6 7.7 -0.1
v -0.5 7.7 -0.1
v -0.6 7.7 -0.2
v -0.5 7.7 -0.2
v -3.5 7.7 -0.5
v -3.4 7.7 -0.5
v -3.5 7.7 -0.6
v -3.4 7.7 -0.6
v 0.3 7.7 -1.4
v 0.4 7.7 -1.4
v 0.5 7.7 -1.4
v 0.7 7.7 -1.4
v -0.1 7.7 -1.5
v 0.3 7.7 -1.5
v 0.5 7.7 -1.5
v 0.7 7.7 -1.5
v 0.0999999 7.7 -1.6
v 0.4 7.7 -1.6
v 0 7.7 -1.8
v 0.0999999 7.7 -1.8
v -0.1 7.7 -1.9
v 0 7.7 -1.9
v 3.1 7.7 -2
v 3.2 7.7 -2
v 3.1 7.7 -2.1
v 3.2 7.7 -2.1
v 0.0999999 7.7 -3.4
v 0.2 7.7 -3.4
v 0.2 7.7 -3.5
v 0.3 7.7 -3.5
v 0.8 7.7 -3.5
v 0.9 7.7 -3.5
v 0 7.7 -3.6
v 0.0999999 7.7 -3.6
v 0.3 7.7 -3.6
v 0.4 7.7 -3.6
v 0.0999999 7.7 -3.7
v 0.2 7.7 -3.7
v 0.3 7.7 -3.7
v 0.4 7.7 -3.7
v 0.7 7.7 -3.7
v 0.8 7.7 -3.7
v 0.9 7.7 -3.7
v 1 7.7 -3.7
v 0 7.7 -3.8
v 0.0999999 7.7 -3.8
v 0.4 7.7 -3.8
v 0.5 7.7 -3.8
v 0.6 7.7 -3.8
v 0.7 7.7 -3.8
v 0.9 7.7 -3.8
v 1 7.7 -3.8
v 0.0999999 7.7 -3.9
v 0.2 7.7 -3.9
v 0.5 7.7 -3.9
v 0.6 7.7 -3.9
v 0.8 7.7 -3.9
v 0.9 7.7 -3.9
v -0.3 7.8 0.5
v -0.1 7.8 0.5
v -0.3 7.8 0.4
v -0.2 7.8 0.4
v -0.2 7.8 0.3
v -0.1 7.8 0.3
v 0 7.8 0.3
v -0.1 7.8 0.2
v 0 7.8 0.2
v 0.2 7.8 0.0999997
v 0.3 7.8 0.0999997
v 0.4 7.8 0.0999997
v 0.5 7.8 0.0999997
v 0.2 7.8 -2.38419e-07
v 0.3 7.8 -2.38419e-07
v 0.4 7.8 -2.38419e-07
v 0.5 7.8 -2.38419e-07
v -0.1 7.8 -0.1
v 0 7.8 -0.1
v -0.1 7.8 -0.2
v 0 7.8 -0.2
v 0 7.8 -1.1
v 0.0999999 7.8 -1.1
v 0 7.8 -1.2
v 0.0999999 7.8 -1.2
v -0.4 7.9 2.7
v -0.3 7.9 2.7
v -0.2 7.9 2.7
v 0.2 7.9 2.7
v 0.2 7.9 2.6
v 0.3 7.9 2.6
v 0.5 7.9 2.6
v 0.6 7.9 2.6
v -0.4 7.9 2.5
v -0.3 7.9 2.5
v -0.2 7.9 2.5
v 0.3 7.9 2.5
v 0.4 7.9 2.5
v 0.6 7.9 2.5
v 0.7 7.9 2.5
v 0.4 7.9 2.4
v 0.5 7.9 2.4
v -0.3 7.9 2.3
v 0.3 7.9 2.3
v 0.3 7.9 2.2
v 0.7 7.9 2.2
v -1.7 7.9 1.8
v -1.6 7.9 1.8
v -1.7 7.9 1.7
v -1.6 7.9 1.7
v 1.5 7.9 1.7
v 1.6 7.9 1.7
v -1.5 7.9 1.6
v -1.4 7.9 1.6
v 1.5 7.9 1.6
v 1.6 7.9 1.6
v -1.6 7.9 1.5
v -1.5 7.9 1.5
v 1.1 7.9 1.5
v 1.2 7.9 1.5
v -1.6 7.9 1.4
v -1.5 7.9 1.4
v 0.7 7.9 1.4
v 0.8 7.9 1.4
v 0.9 7.9 1.4
v 1 7.9 1.4
v 1.1 7.9 1.4
v 1.2 7.9 1.4
v -1.5 7.9 1.3
v -1.4 7.9 1.3
v -0.2 7.9 1.3
v -0.1 7.9 1.3
v 0.9 7.9 1.3
v 1 7.9 1.3
v -0.3 7.9 1.2
v -0.2 7.9 1.2
v 1.7 7.9 1.2
v 1.8 7.9 1.2
v -0.3 7.9 1.1
v -0.1 7.9 1.1
v 1.6 7.9 1.1
v 1.7 7.9 1.1
v 1.8 7.9 1.1
v 1.9 7.9 1.1
v 1.5 7.9 1
v 1.6 7.9 1
v 1.8 7.9 1
v 1.9 7.9 1
v -0.3 7.9 0.9
v 0.3 7.9 0.9
v 0.5 7.9 0.9
v 0.6 7.9 0.9
v 0.7 7.9 0.9
v 1.5 7.9 0.9
v 1.6 7.9 0.9
v 1.8 7.9 0.9
v 1.9 7.9 0.9
v 0.3 7.9 0.8
v 0.5 7.9 0.8
v 0.6 7.9 0.8
v 0.7 7.9 0.8
v 0.8 7.9 0.8
v 1.6 7.9 0.8
v 1.8 7.9 0.8
v -0.3 7.9 0.6
v -0.2 7.9 0.6
v 0.2 7.9 0.6
v 0.5 7.9 0.6
v -0.4 7.9 0.5
v -0.3 7.9 0.5
v -0.2 7.9 0.5
v 0.0999999 7.9 0.5
v -0.3 7.9 0.4
v -0.2 7.9 0.4
v 0.0999999 7.9 0.4
v 0.2 7.9 0.4
v -1.2 7.9 0.3
v -1.1 7.9 0.3
v -0.6 7.9 0.3
v -0.5 7.9 0.3
v -0.2 7.9 0.3
v -0.1 7.9 0.3
v -1.3 7.9 0.2
v -1.2 7.9 0.2
v -1 7.9 0.2
v -0.8 7.9 0.2
v -0.7 7.9 0.2
v -0.6 7.9 0.2
v -0.5 7.9 0.2
v -0.4 7.9 0.2
v -0.2 7.9 0.2
v -0.1 7.9 0.2
v -1.3 7.9 0.0999997
v -1.2 7.9 0.0999997
v -1 7.9 0.0999997
v -0.9 7.9 0.0999997
v -0.8 7.9 0.0999997
v -0.7 7.9 0.0999997
v -0.5 7.9 0.0999997
v -0.3 7.9 0.0999997
v -0.2 7.9 0.0999997
v 3.3 7.9 0.0999997
v 3.6 7.9 0.0999997
v -1.2 7.9 -2.38419e-07
v -1.1 7.9 -2.38419e-07
v -1 7.9 -2.38419e-07
v -0.9 7.9 -2.38419e-07
v -0.7 7.9 -2.38419e-07
v -0.4 7.9 -2.38419e-07
v -0.3 7.9 -2.38419e-07
v 0.6 7.9 -2.38419e-07
v 1 7.9 -2.38419e-07
v 3.3 7.9 -2.38419e-07
v 3.4 7.9 -2.38419e-07
v -1 7.9 -0.1
v -0.9 7.9 -0.1
v -0.8 7.9 -0.1
v -0.7 7.9 -0.1
v -0.6 7.9 -0.1
v -0.5 7.9 -0.1
v -0.4 7.9 -0.1
v 0.6 7.9 -0.1
v 0.8 7.9 -0.1
v 3.4 7.9 -0.1
v 3.5 7.9 -0.1
v -0.9 7.9 -0.2
v -0.8 7.9 -0.2
v -0.6 7.9 -0.2
v -0.4 7.9 -0.2
v 0.8 7.9 -0.2
v 3.4 7.9 -0.2
v 3.5 7.9 -0.2
v -3.4 7.9 -0.3
v -3 7.9 -0.3
v -0.7 7.9 -0.3
v -0.6 7.9 -0.3
v 0.8 7.9 -0.3
v 1 7.9 -0.3
v 3.3 7.9 -0.3
v 3.4 7.9 -0.3
v -3.5 7.9 -0.4
v -3.4 7.9 -0.4
v -0.6 7.9 -0.4
v -0.5 7.9 -0.4
v 1 7.9 -0.4
v 1.1 7.9 -0.4
v 3.2 7.9 -0.4
v 3.3 7.9 -0.4
v -3.5 7.9 -0.5
v -3.2 7.9 -0.5
v -0.6 7.9 -0.5
v -0.5 7.9 -0.5
v 3.3 7.9 -0.5
v 3.6 7.9 -0.5
v -3.2 7.9 -0.6
v -3 7.9 -0.6
v -0.7 7.9 -0.6
v -0.6 7.9 -0.6
v 3.2 7.9 -0.6
v 3.3 7.9 -0.6
v -3 7.9 -0.7
v -2.9 7.9 -0.7
v -0.8 7.9 -0.7
v -0.7 7.9 -0.7
v -0.5 7.9 -0.7
v -0.4 7.9 -0.7
v 0.7 7.9 -0.7
v 0.9 7.9 -0.7
v -0.7 7.9 -0.8
v -0.6 7.9 -0.8
v 0.2 7.9 -0.8
v 0.3 7.9 -0.8
v 0.7 7.9 -0.8
v 0.8 7.9 -0.8
v 0.9 7.9 -0.8
v 1 7.9 -0.8
v 1.1 7.9 -0.8
v -3.4 7.9 -0.9
v -3.3 7.9 -0.9
v -0.8 7.9 -0.9
v -0.7 7.9 -0.9
v -0.6 7.9 -0.9
v -0.5 7.9 -0.9
v -0.3 7.9 -0.9
v 0.0999999 7.9 -0.9
v 0.2 7.9 -0.9
v 0.3 7.9 -0.9
v 0.4 7.9 -0.9
v 0.7 7.9 -0.9
v 0.8 7.9 -0.9
v -3.3 7.9 -1
v -3.1 7.9 -1
v -0.5 7.9 -1
v -0.4 7.9 -1
v -0.3 7.9 -1
v -0.2 7.9 -1
v -0.1 7.9 -1
v 0 7.9 -1
v 0.0999999 7.9 -1
v 0.3 7.9 -1
v 0.6 7.9 -1
v 0.7 7.9 -1
v -3.4 7.9 -1.1
v -3.1 7.9 -1.1
v -3 7.9 -1.1
v -2.9 7.9 -1.1
v -0.4 7.9 -1.1
v -0.2 7.9 -1.1
v -0.1 7.9 -1.1
v 0 7.9 -1.1
v 0.3 7.9 -1.1
v 0.4 7.9 -1.1
v 0.7 7.9 -1.1
v 0.8 7.9 -1.1
v 0.6 7.9 -1.3
v 0.7 7.9 -1.3
v 0.4 7.9 -1.4
v 0.5 7.9 -1.4
v 0.5 7.9 -1.5
v 0.7 7.9 -1.5
v 0.8 7.9 -1.5
v 0.0999999 7.9 -1.6
v 0.4 7.9 -1.6
v 0.8 7.9 -1.6
v 0.9 7.9 -1.6
v -0.2 7.9 -1.8
v -0.1 7.9 -1.8
v 0 7.9 -1.8
v 0.0999999 7.9 -1.8
v 0.3 7.9 -1.8
v 2.9 7.9 -1.8
v 3 7.9 -1.8
v -0.1 7.9 -1.9
v 0 7.9 -1.9
v 0.0999999 7.9 -1.9
v 0.3 7.9 -1.9
v 0.9 7.9 -1.9
v 2.8 7.9 -2
v 2.9 7.9 -2
v 3 7.9 -2
v 3.1 7.9 -2
v 0.7 7.9 -2.1
v 0.9 7.9 -2.1
v 2.8 7.9 -2.1
v 2.9 7.9 -2.1
v 0.8 7.9 -2.2
v 0.9 7.9 -2.2
v 2.9 7.9 -2.2
v 3.1 7.9 -2.2
v 0.7 7.9 -2.3
v 0.8 7.9 -2.3
v 2.4 7.9 -2.3
v 2.9 7.9 -2.3
v -0.2 7.9 -2.4
v -0.1 7.9 -2.4
v 2.5 7.9 -2.4
v 2.6 7.9 -2.4
v 2.4 7.9 -2.5
v 2.5 7.9 -2.5
v 2.7 7.9 -2.5
v 2.9 7.9 -2.5
v -1.9 7.9 -2.6
v -1.7 7.9 -2.6
v 2.6 7.9 -2.6
v 2.7 7.9 -2.6
v -1.9 7.9 -2.7
v -1.8 7.9 -2.7
v -1.9 7.9 -2.8
v -1.8 7.9 -2.8
v -2 7.9 -2.9
v -1.9 7.9 -2.9
v -2 7.9 -3
v -1.9 7.9 -3
v -1.9 7.9 -3.1
v -1.8 7.9 -3.1
v -1.7 7.9 -3.1
v -1.4 7.9 -3.1
v -1.8 7.9 -3.2
v -1.7 7.9 -3.2
v -1.5 7.9 -3.2
v -1.4 7.9 -3.2
v -0.1 7.9 -3.2
v 0.3 7.9 -3.2
v -1.7 7.9 -3.3
v -1.6 7.9 -3.3
v -1.5 7.9 -3.3
v 0.3 7.9 -3.3
v 0.9 7.9 -3.3
v 0.0999999 7.9 -3.4
v 0.2 7.9 -3.4
v -0.1 7.9 -3.5
v 0 7.9 -3.5
v 0.2 7.9 -3.5
v 0.3 7.9 -3.5
v 0.8 7.9 -3.5
v 0.9 7.9 -3.5
v 1 7.9 -3.5
v 0 7.9 -3.6
v 0.0999999 7.9 -3.6
v 0.3 7.9 -3.6
v 0.4 7.9 -3.6
v 0.4 7.9 -3.7
v 0.8 7.9 -3.7
v 0.9 7.9 -3.7
v 1 7.9 -3.7
v 1.6 8 1.7
v 1.7 8 1.7
v -1.8 8 1.6
v -1.7 8 1.6
v 1.4 8 1.6
v 1.6 8 1.6
v 1.7 8 1.6
v 1.8 8 1.6
v -1.8 8 1.5
v -1.7 8 1.5
v 0.9 8 1.5
v 1 8 1.5
v 1.1 8 1.5
v 1.2 8 1.5
v 1.3 8 1.5
v 1.6 8 1.5
v 1.7 8 1.5
v 1.8 8 1.5
v 0.9 8 1.4
v 1 8 1.4
v 1.1 8 1.4
v 1.2 8 1.4
v 1.3 8 1.4
v 1.4 8 1.4
v 1.5 8 1.4
v -2.2 8 1.3
v -2 8 1.3
v 0.6 8 1.3
v 0.7 8 1.3
v 1 8 1.3
v 1.1 8 1.3
v 1.3 8 1.3
v 1.5 8 1.3
v 1.6 8 1.3
v 0.6 8 1.2
v 0.7 8 1.2
v 1 8 1.2
v 1.1 8 1.2
v 1.6 8 1.2
v 1.7 8 1.2
v -2.3 8 1.1
v -2.2 8 1.1
v -2.3 8 1
v -2.2 8 1
v -2 8 1
v -1.9 8 1
v -2.2 8 0.9
v -2.1 8 0.9
v -2.1 8 0.8
v -2 8 0.8
v 1.7 8 0.8
v 1.8 8 0.8
v -2 8 0.7
v -1.9 8 0.7
v -0.7 8 0.7
v -0.6 8 0.7
v -0.5 8 0.7
v -0.4 8 0.7
v 1.7 8 0.7
v 1.8 8 0.7
v -0.8 8 0.6
v -0.7 8 0.6
v -0.5 8 0.6
v -0.4 8 0.6
v -0.3 8 0.6
v -0.2 8 0.6
v -1.8 8 0.5
v -1.7 8 0.5
v -0.9 8 0.5
v -0.8 8 0.5
v -0.4 8 0.5
v -0.2 8 0.5
v 0.5 8 0.5
v 0.7 8 0.5
v -1.8 8 0.4
v -1.7 8 0.4
v -1.1 8 0.4
v -0.9 8 0.4
v -0.5 8 0.4
v -0.4 8 0.4
v 0.2 8 0.4
v 0.4 8 0.4
v 0.5 8 0.4
v 0.6 8 0.4
v -1.1 8 0.3
v -0.6 8 0.3
v -0.5 8 0.3
v 0.2 8 0.3
v 0.4 8 0.3
v 0.5 8 0.3
v 0.6 8 0.3
v 0.7 8 0.3
v 3.3 8 0.3
v 3.4 8 0.3
v -1 8 0.2
v -0.6 8 0.2
v -0.5 8 0.2
v -0.4 8 0.2
v 3.1 8 0.2
v 3.3 8 0.2
v 3.4 8 0.2
v 3.5 8 0.2
v -1 8 0.0999997
v -0.9 8 0.0999997
v 0.0999999 8 0.0999997
v 0.2 8 0.0999997
v 0.4 8 0.0999997
v 0.5 8 0.0999997
v 3.1 8 0.0999997
v 3.3 8 0.0999997
v 3.5 8 0.0999997
v -1.1 8 -2.38419e-07
v -1 8 -2.38419e-07
v -0.9 8 -2.38419e-07
v 1 8 -2.38419e-07
v 1.1 8 -2.38419e-07
v 3.3 8 -2.38419e-07
v 3.4 8 -2.38419e-07
v -0.8 8 -0.1
v -0.7 8 -0.1
v 0.0999999 8 -0.1
v 0.2 8 -0.1
v 3.4 8 -0.1
v 3.5 8 -0.1
v -0.8 8 -0.2
v -0.7 8 -0.2
v 1 8 -0.2
v 1.1 8 -0.2
v 3.4 8 -0.2
v 3.5 8 -0.2
v -3 8 -0.3
v -2.9 8 -0.3
v -0.7 8 -0.3
v -0.6 8 -0.3
v 1 8 -0.3
v 1.2 8 -0.3
v 3.2 8 -0.3
v 3.3 8 -0.3
v 3.4 8 -0.3
v -0.6 8 -0.4
v -0.5 8 -0.4
v 1 8 -0.4
v 1.1 8 -0.4
v 3.1 8 -0.4
v 3.2 8 -0.4
v 3.3 8 -0.4
v -3 8 -0.5
v -2.9 8 -0.5
v -0.6 8 -0.5
v -0.5 8 -0.5
v 3 8 -0.5
v 3.1 8 -0.5
v 3.3 8 -0.5
v 3.5 8 -0.5
v -3 8 -0.6
v -2.8 8 -0.6
v -0.8 8 -0.6
v -0.7 8 -0.6
v -0.6 8 -0.6
v 1.2 8 -0.6
v 1.4 8 -0.6
v 3 8 -0.6
v 3.2 8 -0.6
v 3.3 8 -0.6
v 3.4 8 -0.6
v 3.5 8 -0.6
v -3 8 -0.7
v -2.9 8 -0.7
v -0.9 8 -0.7
v -0.8 8 -0.7
v -0.7 8 -0.7
v 1.4 8 -0.7
v 1.5 8 -0.7
v 3.2 8 -0.7
v 3.4 8 -0.7
v -1 8 -0.8
v -0.9 8 -0.8
v -0.7 8 -0.8
v -0.6 8 -0.8
v 1.1 8 -0.8
v 1.5 8 -0.8
v -2.8 8 -0.9
v -2.6 8 -0.9
v -1 8 -0.9
v -0.8 8 -0.9
v -0.7 8 -0.9
v -0.6 8 -0.9
v -0.5 8 -0.9
v 0.8 8 -0.9
v 0.9 8 -0.9
v -2.6 8 -1
v -2.5 8 -1
v -0.5 8 -1
v -0.4 8 -1
v -2.9 8 -1.1
v -2.5 8 -1.1
v -0.6 8 -1.1
v -0.4 8 -1.1
v -0.2 8 -1.1
v 0.7 8 -1.1
v 0.8 8 -1.1
v 0.9 8 -1.1
v -0.8 8 -1.2
v -0.6 8 -1.2
v -0.4 8 -1.2
v -0.2 8 -1.2
v -0.1 8 -1.2
v 0 8 -1.2
v 0.8 8 -1.2
v 1 8 -1.2
v -0.1 8 -1.3
v 0 8 -1.3
v 0 8 -1.4
v 0.0999999 8 -1.4
v 0.9 8 -1.4
v 1 8 -1.4
v 0 8 -1.5
v 0.0999999 8 -1.5
v 0.7 8 -1.5
v 0.8 8 -1.5
v 0.9 8 -1.5
v 1 8 -1.5
v 0.9 8 -1.6
v 1 8 -1.6
v 2.8 8 -1.7
v 2.9 8 -1.7
v 2.8 8 -1.8
v 2.9 8 -1.8
v 3 8 -1.8
v 3.1 8 -1.8
v 3.1 8 -1.9
v 3.2 8 -1.9
v 3 8 -2
v 3.2 8 -2
v 2.8 8 -2.1
v 2.9 8 -2.1
v 2.2 8 -2.2
v 2.4 8 -2.2
v 2.5 8 -2.2
v 2.8 8 -2.2
v 2.2 8 -2.3
v 2.4 8 -2.3
v 2.5 8 -2.3
v 2.9 8 -2.3
v 2.5 8 -2.4
v 2.6 8 -2.4
v -1.9 8 -2.5
v -1.7 8 -2.5
v 2.3 8 -2.5
v 2.4 8 -2.5
v 2.5 8 -2.5
v -2 8 -2.6
v -1.9 8 -2.6
v -1.7 8 -2.6
v -1.6 8 -2.6
v 2.3 8 -2.6
v 2.6 8 -2.6
v -1.9 8 -2.7
v -1.8 8 -2.7
v -1.9 8 -2.8
v -1.8 8 -2.8
v -1.7 8 -2.8
v -1.6 8 -2.8
v -2 8 -2.9
v -1.9 8 -2.9
v -1.7 8 -2.9
v -1.5 8 -2.9
v -1.5 8 -3
v -1.4 8 -3
v -1.3 8 -3
v -1.2 8 -3
v -1.7 8 -3.1
v -1.4 8 -3.1
v -1.3 8 -3.1
v -1.2 8 -3.1
v -1.5 8 -3.2
v -1.4 8 -3.2
v -1.3 8 -3.2
v -1.2 8 -3.2
v -1.5 8 -3.3
v -1.2 8 -3.3
v 0.0999999 8.1 0.3
v 0.2 8.1 0.3
v 0.0999999 8.1 0.2
v 0.2 8.1 0.2
v -0.4 8.2 2.5
v -0.3 8.2 2.5
v -0.3 8.2 2.3
v -0.1 8.2 2.3
v 0 8.2 2.3
v 0.3 8.2 2.3
v 0 8.2 2.2
v 0.0999999 8.2 2.2
v 0.2 8.2 2.2
v 0.3 8.2 2.2
v 0.6 8.2 2.2
v -0.4 8.2 2.1
v -0.3 8.2 2.1
v -0.2 8.2 2.1
v -0.1 8.2 2.1
v 0.0999999 8.2 2.1
v 0.2 8.2 2.1
v -0.3 8.2 2
v -0.2 8.2 2
v 0.3 8.2 2
v 0.4 8.2 2
v 0.5 8.2 2
v 0.6 8.2 2
v 0.4 8.2 1.9
v 0.5 8.2 1.9
v 0.7 8.2 1.9
v 0.8 8.2 1.9
v -1.7 8.2 1.7
v -1.6 8.2 1.7
v -1.5 8.2 1.7
v -1.5 8.2 1.6
v -1.4 8.2 1.6
v -1.2 8.2 1.6
v 0.7 8.2 1.6
v 0.8 8.2 1.6
v -1.8 8.2 1.5
v -1.7 8.2 1.5
v -1.6 8.2 1.5
v -1.5 8.2 1.5
v -1.8 8.2 1.4
v -1.6 8.2 1.4
v -1.5 8.2 1.4
v -1.4 8.2 1.4
v -1.2 8.2 1.4
v -0.4 8.2 1.4
v -0.1 8.2 1.4
v 0.6 8.2 1.4
v 0.7 8.2 1.4
v 1.3 8.2 1.4
v 1.5 8.2 1.4
v -1.6 8.2 1.3
v -1.5 8.2 1.3
v -0.2 8.2 1.3
v -0.1 8.2 1.3
v 0.5 8.2 1.3
v 0.6 8.2 1.3
v 0.7 8.2 1.3
v 0.8 8.2 1.3
v 0.9 8.2 1.3
v 1 8.2 1.3
v 1.1 8.2 1.3
v 1.3 8.2 1.3
v 1.5 8.2 1.3
v 1.6 8.2 1.3
v -2 8.2 1.2
v -1.9 8.2 1.2
v -0.3 8.2 1.2
v -0.2 8.2 1.2
v 0.6 8.2 1.2
v 0.7 8.2 1.2
v 1 8.2 1.2
v 1.1 8.2 1.2
v 1.2 8.2 1.2
v 1.6 8.2 1.2
v 1.8 8.2 1.2
v -0.3 8.2 1.1
v -0.1 8.2 1.1
v 0.4 8.2 1.1
v 0.5 8.2 1.1
v 1.1 8.2 1.1
v 1.2 8.2 1.1
v 1.4 8.2 1.1
v 1.7 8.2 1.1
v 1.8 8.2 1.1
v -2 8.2 1
v -1.9 8.2 1
v -0.4 8.2 1
v -0.3 8.2 1
v -0.1 8.2 1
v 0 8.2 1
v 0.3 8.2 1
v 0.4 8.2 1
v 0.8 8.2 1
v 0.9 8.2 1
v 1.2 8.2 1
v 1.3 8.2 1
v 1.4 8.2 1
v 1.5 8.2 1
v 1.7 8.2 1
v -1.9 8.2 0.9
v -1.8 8.2 0.9
v -0.3 8.2 0.9
v 0 8.2 0.9
v 0.3 8.2 0.9
v 0.5 8.2 0.9
v 0.7 8.2 0.9
v 0.8 8.2 0.9
v 0.9 8.2 0.9
v 1.1 8.2 0.9
v 1.3 8.2 0.9
v 1.5 8.2 0.9
v 1.7 8.2 0.9
v -2.1 8.2 0.8
v -2 8.2 0.8
v -1.8 8.2 0.8
v -1.7 8.2 0.8
v -0.6 8.2 0.8
v -0.5 8.2 0.8
v 0.3 8.2 0.8
v 0.5 8.2 0.8
v 0.7 8.2 0.8
v 0.8 8.2 0.8
v 1.1 8.2 0.8
v 1.2 8.2 0.8
v 1.7 8.2 0.8
v -2.1 8.2 0.7
v -2 8.2 0.7
v -1.9 8.2 0.7
v -0.6 8.2 0.7
v -0.5 8.2 0.7
v -0.4 8.2 0.7
v -0.3 8.2 0.7
v 0.7 8.2 0.7
v 0.9 8.2 0.7
v 1.2 8.2 0.7
v 1.4 8.2 0.7
v 1.7 8.2 0.7
v 1.8 8.2 0.7
v -2 8.2 0.6
v -1.9 8.2 0.6
v -1.5 8.2 0.6
v -1.4 8.2 0.6
v -0.5 8.2 0.6
v -0.4 8.2 0.6
v -0.3 8.2 0.6
v 1.4 8.2 0.6
v 1.6 8.2 0.6
v 1.7 8.2 0.6
v 1.8 8.2 0.6
v -1.9 8.2 0.5
v -1.8 8.2 0.5
v -1.7 8.2 0.5
v -1.4 8.2 0.5
v -1.1 8.2 0.5
v 1.6 8.2 0.5
v 1.7 8.2 0.5
v -1.1 8.2 0.4
v -0.5 8.2 0.4
v -0.4 8.2 0.4
v 0.4 8.2 0.4
v 0.6 8.2 0.4
v 0.7 8.2 0.4
v 0.8 8.2 0.4
v 1.3 8.2 0.4
v 1.4 8.2 0.4
v -1.5 8.2 0.3
v -1.4 8.2 0.3
v -1.2 8.2 0.3
v -1.1 8.2 0.3
v -0.6 8.2 0.3
v -0.5 8.2 0.3
v 0.4 8.2 0.3
v 0.5 8.2 0.3
v 0.6 8.2 0.3
v 0.7 8.2 0.3
v 0.8 8.2 0.3
v 0.9 8.2 0.3
v 1.3 8.2 0.3
v 1.4 8.2 0.3
v 3.1 8.2 0.3
v 3.3 8.2 0.3
v -1.3 8.2 0.2
v -1.2 8.2 0.2
v 0.0999999 8.2 0.2
v 0.3 8.2 0.2
v 0.9 8.2 0.2
v 1.1 8.2 0.2
v 1.2 8.2 0.2
v 1.5 8.2 0.2
v 1.7 8.2 0.2
v 1.8 8.2 0.2
v 2.9 8.2 0.2
v 3.1 8.2 0.2
v 3.3 8.2 0.2
v -1.4 8.2 0.0999997
v -1.3 8.2 0.0999997
v 0.2 8.2 0.0999997
v 0.3 8.2 0.0999997
v 0.4 8.2 0.0999997
v 0.5 8.2 0.0999997
v 1 8.2 0.0999997
v 1.1 8.2 0.0999997
v 1.2 8.2 0.0999997
v 1.8 8.2 0.0999997
v 1.9 8.2 0.0999997
v 3.1 8.2 0.0999997
v 3.3 8.2 0.0999997
v -0.9 8.2 -2.38419e-07
v -0.8 8.2 -2.38419e-07
v -0.7 8.2 -2.38419e-07
v 0.0999999 8.2 -2.38419e-07
v 0.2 8.2 -2.38419e-07
v 0.9 8.2 -2.38419e-07
v 1 8.2 -2.38419e-07
v 1.1 8.2 -2.38419e-07
v 1.7 8.2 -2.38419e-07
v 1.9 8.2 -2.38419e-07
v -2.8 8.2 -0.1
v -2.5 8.2 -0.1
v -2.3 8.2 -0.1
v -2.2 8.2 -0.1
v -1.1 8.2 -0.1
v -0.9 8.2 -0.1
v -0.7 8.2 -0.1
v 0.4 8.2 -0.1
v 0.5 8.2 -0.1
v 0.6 8.2 -0.1
v 0.9 8.2 -0.1
v -2.9 8.2 -0.2
v -2.8 8.2 -0.2
v -2.2 8.2 -0.2
v -2.1 8.2 -0.2
v -0.9 8.2 -0.2
v -0.7 8.2 -0.2
v 0.3 8.2 -0.2
v 0.4 8.2 -0.2
v 0.5 8.2 -0.2
v 0.6 8.2 -0.2
v 1 8.2 -0.2
v 1.1 8.2 -0.2
v -2.9 8.2 -0.3
v -2.3 8.2 -0.3
v -2.1 8.2 -0.3
v 0.3 8.2 -0.3
v 0.4 8.2 -0.3
v 0.5 8.2 -0.3
v 0.6 8.2 -0.3
v 0.7 8.2 -0.3
v 1 8.2 -0.3
v 1.2 8.2 -0.3
v 3.2 8.2 -0.3
v 3.3 8.2 -0.3
v 0.4 8.2 -0.4
v 0.5 8.2 -0.4
v 0.6 8.2 -0.4
v 0.7 8.2 -0.4
v 1.4 8.2 -0.4
v 1.5 8.2 -0.4
v 2.8 8.2 -0.4
v 2.9 8.2 -0.4
v 3.1 8.2 -0.4
v 3.2 8.2 -0.4
v -3 8.2 -0.5
v -2.9 8.2 -0.5
v 3 8.2 -0.5
v 3.1 8.2 -0.5
v -3 8.2 -0.6
v -2.8 8.2 -0.6
v -0.8 8.2 -0.6
v -0.7 8.2 -0.6
v 1.2 8.2 -0.6
v 1.4 8.2 -0.6
v 1.5 8.2 -0.6
v 3 8.2 -0.6
v 3.2 8.2 -0.6
v -2.6 8.2 -0.7
v -2.5 8.2 -0.7
v -1.2 8.2 -0.7
v -1.1 8.2 -0.7
v -0.9 8.2 -0.7
v -0.8 8.2 -0.7
v 1.4 8.2 -0.7
v 1.5 8.2 -0.7
v 3.1 8.2 -0.7
v 3.2 8.2 -0.7
v -1 8.2 -0.8
v -0.9 8.2 -0.8
v 0.8 8.2 -0.8
v 1.3 8.2 -0.8
v 1.4 8.2 -0.8
v 1.5 8.2 -0.8
v 2 8.2 -0.8
v 2.8 8.2 -0.8
v 3.1 8.2 -0.8
v -2.8 8.2 -0.9
v -2.6 8.2 -0.9
v -2.5 8.2 -0.9
v -1 8.2 -0.9
v -0.8 8.2 -0.9
v 0.8 8.2 -0.9
v 0.9 8.2 -0.9
v 1.4 8.2 -0.9
v 1.6 8.2 -0.9
v 1.7 8.2 -0.9
v 2 8.2 -0.9
v -2.6 8.2 -1
v -2.5 8.2 -1
v -2.6 8.2 -1.1
v -2.5 8.2 -1.1
v -2 8.2 -1.1
v -1.2 8.2 -1.1
v -1 8.2 -1.1
v -0.6 8.2 -1.1
v -0.4 8.2 -1.1
v -0.2 8.2 -1.1
v -0.1 8.2 -1.1
v 0.8 8.2 -1.1
v 0.9 8.2 -1.1
v 1.6 8.2 -1.1
v 1.7 8.2 -1.1
v -2.6 8.2 -1.2
v -2 8.2 -1.2
v -1.1 8.2 -1.2
v -1 8.2 -1.2
v -0.9 8.2 -1.2
v -0.8 8.2 -1.2
v -0.7 8.2 -1.2
v -0.6 8.2 -1.2
v -0.4 8.2 -1.2
v -0.2 8.2 -1.2
v 0.8 8.2 -1.2
v 1 8.2 -1.2
v 1.1 8.2 -1.2
v 1.3 8.2 -1.2
v -1.2 8.2 -1.3
v -1.1 8.2 -1.3
v -1 8.2 -1.3
v -0.9 8.2 -1.3
v -0.8 8.2 -1.3
v -0.7 8.2 -1.3
v -0.6 8.2 -1.3
v -0.5 8.2 -1.3
v -0.1 8.2 -1.3
v 0 8.2 -1.3
v 1 8.2 -1.3
v 1.1 8.2 -1.3
v -1.1 8.2 -1.4
v -1 8.2 -1.4
v 0 8.2 -1.4
v 0.0999999 8.2 -1.4
v 0.9 8.2 -1.4
v 1 8.2 -1.4
v -1.2 8.2 -1.5
v -1.1 8.2 -1.5
v -0.5 8.2 -1.5
v -0.4 8.2 -1.5
v -0.1 8.2 -1.5
v 0.0999999 8.2 -1.5
v 0.8 8.2 -1.5
v 0.9 8.2 -1.5
v 1 8.2 -1.5
v -0.4 8.2 -1.6
v -0.3 8.2 -1.6
v 0.8 8.2 -1.6
v 0.9 8.2 -1.6
v 1 8.2 -1.6
v 2.6 8.2 -1.6
v 2.7 8.2 -1.6
v 2.8 8.2 -1.6
v 2.9 8.2 -1.6
v -0.3 8.2 -1.7
v -0.2 8.2 -1.7
v 0.9 8.2 -1.7
v 1 8.2 -1.7
v 1.1 8.2 -1.7
v 2.5 8.2 -1.7
v 2.6 8.2 -1.7
v 2.8 8.2 -1.7
v 2.9 8.2 -1.7
v -0.2 8.2 -1.8
v -0.1 8.2 -1.8
v 0.0999999 8.2 -1.8
v 0.3 8.2 -1.8
v 1 8.2 -1.8
v 1.1 8.2 -1.8
v 1.2 8.2 -1.8
v 2.4 8.2 -1.8
v 2.5 8.2 -1.8
v 2.7 8.2 -1.8
v 2.8 8.2 -1.8
v 2.9 8.2 -1.8
v -0.5 8.2 -1.9
v -0.3 8.2 -1.9
v -0.1 8.2 -1.9
v 0.0999999 8.2 -1.9
v 0.3 8.2 -1.9
v 0.6 8.2 -1.9
v 0.9 8.2 -1.9
v 1.2 8.2 -1.9
v 1.3 8.2 -1.9
v 2.3 8.2 -1.9
v 2.4 8.2 -1.9
v -0.5 8.2 -2
v -0.3 8.2 -2
v 0.2 8.2 -2
v 0.3 8.2 -2
v 0.6 8.2 -2
v 0.7 8.2 -2
v 0.9 8.2 -2
v 1 8.2 -2
v 1.1 8.2 -2
v 1.3 8.2 -2
v 2.1 8.2 -2
v 2.3 8.2 -2
v 2.8 8.2 -2
v 2.9 8.2 -2
v 0.0999999 8.2 -2.1
v 0.2 8.2 -2.1
v 0.7 8.2 -2.1
v 0.9 8.2 -2.1
v -1.8 8.2 -2.2
v -1.6 8.2 -2.2
v 0.8 8.2 -2.2
v 0.9 8.2 -2.2
v 2 8.2 -2.2
v 2.1 8.2 -2.2
v 2.2 8.2 -2.2
v 2.4 8.2 -2.2
v 2.5 8.2 -2.2
v 2.8 8.2 -2.2
v -1.9 8.2 -2.3
v -1.8 8.2 -2.3
v -1.6 8.2 -2.3
v -1.5 8.2 -2.3
v 0 8.2 -2.3
v 0.0999999 8.2 -2.3
v 0.7 8.2 -2.3
v 0.8 8.2 -2.3
v 2.2 8.2 -2.3
v 2.4 8.2 -2.3
v 2.5 8.2 -2.3
v -1.9 8.2 -2.4
v -1.8 8.2 -2.4
v -1.5 8.2 -2.4
v -1.4 8.2 -2.4
v -0.1 8.2 -2.4
v 0 8.2 -2.4
v 0.7 8.2 -2.4
v 1 8.2 -2.4
v 2 8.2 -2.4
v 2.1 8.2 -2.4
v 2.2 8.2 -2.4
v 2.4 8.2 -2.4
v -1.8 8.2 -2.5
v -1.7 8.2 -2.5
v 2.1 8.2 -2.5
v 2.2 8.2 -2.5
v -1.7 8.2 -2.6
v -1.6 8.2 -2.6
v -1.4 8.2 -2.6
v -1.3 8.2 -2.6
v -0.2 8.2 -2.6
v -0.1 8.2 -2.6
v -1.3 8.2 -2.7
v -1.2 8.2 -2.7
v -1.7 8.2 -2.8
v -1.6 8.2 -2.8
v -1.2 8.2 -2.8
v -1 8.2 -2.8
v -1.7 8.2 -2.9
v -1.5 8.2 -2.9
v -1.1 8.2 -2.9
v -1 8.2 -2.9
v -0.2 8.2 -2.9
v -0.1 8.2 -2.9
v 0.0999999 8.2 -2.9
v 0.2 8.2 -2.9
v -1.5 8.2 -3
v -1.4 8.2 -3
v -1.3 8.2 -3
v -1.2 8.2 -3
v 0 8.2 -3
v 0.0999999 8.2 -3
v 0.2 8.2 -3
v 0.3 8.2 -3
v 0.8 8.2 -3
v 0.9 8.2 -3
v -1.4 8.2 -3.1
v -1.3 8.2 -3.1
v -1.2 8.2 -3.1
v 0.4 8.2 -3.1
v 0.5 8.2 -3.1
v 0.7 8.2 -3.1
v 0.8 8.2 -3.1
v 0.9 8.2 -3.1
v 1 8.2 -3.1
v -1.3 8.2 -3.2
v -1.2 8.2 -3.2
v -1.1 8.2 -3.2
v 0 8.2 -3.2
v 0.3 8.2 -3.2
v 0.4 8.2 -3.2
v 0.5 8.2 -3.2
v 0.6 8.2 -3.2
v 0.3 8.2 -3.3
v 0.6 8.2 -3.3
v 0.7 8.2 -3.3
v 0.9 8.2 -3.3
v 0.9 8.2 -3.5
v 1 8.2 -3.5
v -0.1 8.4 2.3
v 0 8.4 2.3
v 0 8.4 2.2
v 0.0999999 8.4 2.2
v 0.2 8.4 2.2
v 0.3 8.4 2.2
v 0.6 8.4 2.2
v 0.7 8.4 2.2
v -0.4 8.4 2.1
v -0.3 8.4 2.1
v -0.2 8.4 2.1
v -0.1 8.4 2.1
v 0.0999999 8.4 2.1
v 0.2 8.4 2.1
v -0.4 8.4 2
v -0.3 8.4 2
v -0.2 8.4 2
v 0.3 8.4 2
v 0.4 8.4 2
v 0.5 8.4 2
v 0.6 8.4 2
v -0.3 8.4 1.9
v -0.2 8.4 1.9
v 0.4 8.4 1.9
v 0.5 8.4 1.9
v 0.7 8.4 1.9
v -0.4 8.4 1.7
v -0.2 8.4 1.7
v 0 8.4 1.6
v 0.4 8.4 1.6
v 0.7 8.4 1.6
v -2 8.4 1.5
v -1.8 8.4 1.5
v -2.1 8.4 1.4
v -2 8.4 1.4
v -1.8 8.4 1.4
v -1.7 8.4 1.4
v -1.4 8.4 1.4
v -1.2 8.4 1.4
v -1.1 8.4 1.4
v -0.4 8.4 1.4
v -0.1 8.4 1.4
v 0 8.4 1.4
v 0.6 8.4 1.4
v 0.7 8.4 1.4
v -2.2 8.4 1.3
v -2.1 8.4 1.3
v -1.5 8.4 1.3
v -1.4 8.4 1.3
v 0.5 8.4 1.3
v 0.6 8.4 1.3
v -2.2 8.4 1.2
v -1.9 8.4 1.2
v -1.2 8.4 1.2
v -1.1 8.4 1.2
v 0.3 8.4 1.2
v 0.4 8.4 1.2
v 1.1 8.4 1.2
v 1.2 8.4 1.2
v -1.5 8.4 1.1
v -1.4 8.4 1.1
v -1.2 8.4 1.1
v -1.1 8.4 1.1
v -0.1 8.4 1.1
v 0 8.4 1.1
v 0.4 8.4 1.1
v 0.5 8.4 1.1
v 0.7 8.4 1.1
v 0.8 8.4 1.1
v 1.1 8.4 1.1
v 1.2 8.4 1.1
v 1.4 8.4 1.1
v -1.5 8.4 1
v -1.4 8.4 1
v -1 8.4 1
v -0.7 8.4 1
v -0.1 8.4 1
v 0 8.4 1
v 0.3 8.4 1
v 0.4 8.4 1
v 0.8 8.4 1
v 0.9 8.4 1
v 1.2 8.4 1
v 1.3 8.4 1
v 1.4 8.4 1
v 1.5 8.4 1
v -1.9 8.4 0.9
v -1.8 8.4 0.9
v -1.6 8.4 0.9
v -1.5 8.4 0.9
v -1 8.4 0.9
v -0.9 8.4 0.9
v -0.7 8.4 0.9
v -0.6 8.4 0.9
v 0.7 8.4 0.9
v 0.9 8.4 0.9
v 1.1 8.4 0.9
v 1.3 8.4 0.9
v 1.5 8.4 0.9
v -1.8 8.4 0.8
v -1.7 8.4 0.8
v -1.6 8.4 0.8
v -0.6 8.4 0.8
v 0.5 8.4 0.8
v 0.6 8.4 0.8
v 1.1 8.4 0.8
v 1.2 8.4 0.8
v -1 8.4 0.7
v -0.9 8.4 0.7
v -0.8 8.4 0.7
v -0.7 8.4 0.7
v -0.6 8.4 0.7
v 0.5 8.4 0.7
v 0.6 8.4 0.7
v 0.9 8.4 0.7
v 1.2 8.4 0.7
v 1.4 8.4 0.7
v -1.5 8.4 0.6
v -1.4 8.4 0.6
v -1.1 8.4 0.6
v -1 8.4 0.6
v -0.9 8.4 0.6
v -0.8 8.4 0.6
v -0.7 8.4 0.6
v 0.6 8.4 0.6
v 0.7 8.4 0.6
v 0.8 8.4 0.6
v 0.9 8.4 0.6
v 1.4 8.4 0.6
v -1.4 8.4 0.5
v -1.1 8.4 0.5
v -0.9 8.4 0.5
v -0.8 8.4 0.5
v 0.8 8.4 0.5
v 0.9 8.4 0.5
v 1 8.4 0.5
v 1.1 8.4 0.5
v -1.7 8.4 0.4
v -1.1 8.4 0.4
v -0.9 8.4 0.4
v 0.7 8.4 0.4
v 0.8 8.4 0.4
v 1.3 8.4 0.4
v 1.4 8.4 0.4
v -1.7 8.4 0.3
v -1.5 8.4 0.3
v -1.4 8.4 0.3
v 0.8 8.4 0.3
v 0.9 8.4 0.3
v 1 8.4 0.3
v 1.1 8.4 0.3
v 1.3 8.4 0.3
v -1.5 8.4 0.2
v -1.4 8.4 0.2
v 0.9 8.4 0.2
v 1.1 8.4 0.2
v 1.2 8.4 0.2
v 1.3 8.4 0.2
v -0.6 8.4 0.0999997
v -0.5 8.4 0.0999997
v 1 8.4 0.0999997
v 1.1 8.4 0.0999997
v 1.2 8.4 0.0999997
v -0.6 8.4 -2.38419e-07
v -0.5 8.4 -2.38419e-07
v 1 8.4 -2.38419e-07
v 1.1 8.4 -2.38419e-07
v 0.2 8.4 -2
v 0.3 8.4 -2
v 0.6 8.4 -2
v 0.7 8.4 -2
v 0.0999999 8.4 -2.1
v 0.2 8.4 -2.1
v 0.6 8.4 -2.1
v 0.7 8.4 -2.1
v 0.2 8.4 -2.2
v 0.3 8.4 -2.2
v 0 8.4 -2.3
v 0.0999999 8.4 -2.3
v -0.1 8.4 -2.4
v 0 8.4 -2.4
v 0.6 8.4 -2.4
v 0.7 8.4 -2.4
v 1 8.4 -2.4
v -0.1 8.4 -2.6
v 0.2 8.4 -2.6
v 0.6 8.4 -2.6
v 0.8 8.4 -2.7
v 1 8.4 -2.7
v -0.1 8.4 -2.9
v 0.0999999 8.4 -2.9
v 0.2 8.4 -2.9
v 0.8 8.4 -2.9
v 0.9 8.4 -2.9
v 0 8.4 -3
v 0.0999999 8.4 -3
v 0.2 8.4 -3
v 0.3 8.4 -3
v 0.8 8.4 -3
v 0.9 8.4 -3
v 1 8.4 -3
v 0.4 8.4 -3.1
v 0.5 8.4 -3.1
v 0.7 8.4 -3.1
v 0.8 8.4 -3.1
v 0.9 8.4 -3.1
v 1 8.4 -3.1
v -0.1 8.4 -3.2
v 0 8.4 -3.2
v 0.3 8.4 -3.2
v 0.4 8.4 -3.2
v 0.5 8.4 -3.2
v 0.6 8.4 -3.2
v 0.6 8.4 -3.3
v 0.7 8.4 -3.3
v -0.5 8.5 2
v -0.4 8.5 2
v -0.3 8.5 2
v -0.3 8.5 1.9
v -0.2 8.5 1.9
v -0.5 8.5 1.8
v -0.4 8.5 1.8
v -0.4 8.5 1.7
v -0.2 8.5 1.7
v 0 8.5 1.6
v 0.4 8.5 1.6
v 1.2 8.5 1.5
v 1.3 8.5 1.5
v -1.7 8.5 1.4
v -1.6 8.5 1.4
v -0.1 8.5 1.4
v 0 8.5 1.4
v 1.2 8.5 1.4
v 1.3 8.5 1.4
v -1.6 8.5 1.3
v -1.5 8.5 1.3
v 0.3 8.5 1.2
v 0.4 8.5 1.2
v -1.5 8.5 1.1
v -1.4 8.5 1.1
v -1 8.5 1.1
v -0.8 8.5 1.1
v -0.1 8.5 1.1
v 0 8.5 1.1
v -1.5 8.5 1
v -1.4 8.5 1
v -1.1 8.5 1
v -1 8.5 1
v -0.8 8.5 1
v 0.3 8.5 1
v 0.4 8.5 1
v -1.6 8.5 0.9
v -1.5 8.5 0.9
v -1 8.5 0.9
v -0.9 8.5 0.9
v 0 8.5 0.9
v 0.4 8.5 0.9
v -1.7 8.5 0.8
v -1.6 8.5 0.8
v -0.6 8.5 0.8
v -0.5 8.5 0.8
v -1 8.5 0.7
v -0.9 8.5 0.7
v -0.8 8.5 0.7
v -0.6 8.5 0.7
v -0.5 8.5 0.7
v -1.1 8.5 0.6
v -1 8.5 0.6
v -0.9 8.5 0.6
v -0.8 8.5 0.6
v 0.8 8.5 0.6
v 0.9 8.5 0.6
v 1.4 8.5 0.6
v 1.5 8.5 0.6
v 1.6 8.5 0.6
v 0.8 8.5 0.5
v 0.9 8.5 0.5
v 1 8.5 0.5
v 1.1 8.5 0.5
v 1 8.5 0.3
v 1.1 8.5 0.3
v 1.3 8.5 0.3
v 1.4 8.5 0.3
v 1.5 8.5 0.3
v 1.6 8.5 0.3
v 2 8.5 0.3
v 2.7 8.5 0.3
v 3.1 8.5 0.3
v 1.3 8.5 0.2
v 1.4 8.5 0.2
v 1.5 8.5 0.2
v 1.7 8.5 0.2
v 1.8 8.5 0.2
v 2.6 8.5 0.2
v 2.7 8.5 0.2
v 2.9 8.5 0.2
v 3.1 8.5 0.2
v 1.8 8.5 0.0999997
v 1.9 8.5 0.0999997
v 2.6 8.5 0.0999997
v 2.7 8.5 0.0999997
v -2.4 8.5 -2.38419e-07
v -2 8.5 -2.38419e-07
v -1.3 8.5 -2.38419e-07
v -1.1 8.5 -2.38419e-07
v -1 8.5 -2.38419e-07
v -0.9 8.5 -2.38419e-07
v 1.6 8.5 -2.38419e-07
v 1.7 8.5 -2.38419e-07
v 1.9 8.5 -2.38419e-07
v 2 8.5 -2.38419e-07
v 2.7 8.5 -2.38419e-07
v 2.9 8.5 -2.38419e-07
v -2.5 8.5 -0.1
v -2.4 8.5 -0.1
v -2.3 8.5 -0.1
v -2.2 8.5 -0.1
v -1.4 8.5 -0.1
v -1.3 8.5 -0.1
v -1.1 8.5 -0.1
v -0.9 8.5 -0.1
v 1.5 8.5 -0.1
v 1.6 8.5 -0.1
v 2.8 8.5 -0.1
v 2.9 8.5 -0.1
v -2.2 8.5 -0.2
v -2.1 8.5 -0.2
v -1.4 8.5 -0.2
v -1.3 8.5 -0.2
v 2.7 8.5 -0.2
v 2.8 8.5 -0.2
v -2.4 8.5 -0.3
v -2.3 8.5 -0.3
v -2.1 8.5 -0.3
v -2 8.5 -0.3
v -1.3 8.5 -0.3
v -1.1 8.5 -0.3
v 2.7 8.5 -0.3
v 2.8 8.5 -0.3
v -2.5 8.5 -0.4
v -2.4 8.5 -0.4
v -1.2 8.5 -0.4
v -1.1 8.5 -0.4
v 1.4 8.5 -0.4
v 1.5 8.5 -0.4
v 1.6 8.5 -0.4
v 2.6 8.5 -0.4
v 2.8 8.5 -0.4
v 2.9 8.5 -0.4
v -1.3 8.5 -0.5
v -1.2 8.5 -0.5
v 1.6 8.5 -0.5
v 1.7 8.5 -0.5
v 2.5 8.5 -0.5
v 2.6 8.5 -0.5
v -1.3 8.5 -0.6
v -1.2 8.5 -0.6
v 1.4 8.5 -0.6
v 1.5 8.5 -0.6
v 1.7 8.5 -0.6
v 1.9 8.5 -0.6
v 2.5 8.5 -0.6
v 2.6 8.5 -0.6
v -2.6 8.5 -0.7
v -2.5 8.5 -0.7
v -2.4 8.5 -0.7
v -1.4 8.5 -0.7
v -1.2 8.5 -0.7
v -1.1 8.5 -0.7
v 1.9 8.5 -0.7
v 2 8.5 -0.7
v 2.6 8.5 -0.7
v 2.8 8.5 -0.7
v -2.4 8.5 -0.8
v -2.3 8.5 -0.8
v -1.5 8.5 -0.8
v -1.4 8.5 -0.8
v 1.3 8.5 -0.8
v 1.4 8.5 -0.8
v 1.5 8.5 -0.8
v 2 8.5 -0.8
v 2.2 8.5 -0.8
v 2.5 8.5 -0.8
v -2.6 8.5 -0.9
v -2.5 8.5 -0.9
v -2.3 8.5 -0.9
v -2.1 8.5 -0.9
v -1.5 8.5 -0.9
v -1.4 8.5 -0.9
v 1.4 8.5 -0.9
v 1.6 8.5 -0.9
v 1.7 8.5 -0.9
v 1.9 8.5 -0.9
v 2.2 8.5 -0.9
v 2.5 8.5 -0.9
v -2.1 8.5 -1
v -2 8.5 -1
v -1.4 8.5 -1
v -1.2 8.5 -1
v 1.4 8.5 -1
v 1.6 8.5 -1
v -2.5 8.5 -1.1
v -2 8.5 -1.1
v -1.8 8.5 -1.1
v -1.5 8.5 -1.1
v 1.3 8.5 -1.1
v 1.4 8.5 -1.1
v 1.6 8.5 -1.1
v 1.7 8.5 -1.1
v 1.8 8.5 -1.1
v 1.9 8.5 -1.1
v -1.8 8.5 -1.2
v -1.5 8.5 -1.2
v -0.9 8.5 -1.2
v -0.8 8.5 -1.2
v -0.7 8.5 -1.2
v -0.6 8.5 -1.2
v 1.1 8.5 -1.2
v 1.2 8.5 -1.2
v 1.6 8.5 -1.2
v 1.8 8.5 -1.2
v -1 8.5 -1.3
v -0.9 8.5 -1.3
v -0.8 8.5 -1.3
v -0.7 8.5 -1.3
v -0.6 8.5 -1.3
v -0.5 8.5 -1.3
v 1 8.5 -1.3
v 1.1 8.5 -1.3
v 1.2 8.5 -1.3
v 1.3 8.5 -1.3
v -1.1 8.5 -1.4
v -1 8.5 -1.4
v -0.6 8.5 -1.4
v -0.5 8.5 -1.4
v 1.2 8.5 -1.4
v 1.3 8.5 -1.4
v 2.3 8.5 -1.4
v 2.5 8.5 -1.4
v -1.2 8.5 -1.5
v -1.1 8.5 -1.5
v -1 8.5 -1.5
v -0.9 8.5 -1.5
v -0.6 8.5 -1.5
v 2.3 8.5 -1.5
v 2.4 8.5 -1.5
v 2.5 8.5 -1.5
v 2.7 8.5 -1.5
v -1.2 8.5 -1.6
v -1.1 8.5 -1.6
v -1 8.5 -1.6
v -0.9 8.5 -1.6
v -0.4 8.5 -1.6
v -0.3 8.5 -1.6
v 1.2 8.5 -1.6
v 1.4 8.5 -1.6
v 2.6 8.5 -1.6
v 2.7 8.5 -1.6
v 2.8 8.5 -1.6
v -1.5 8.5 -1.7
v -1.4 8.5 -1.7
v -0.4 8.5 -1.7
v -0.3 8.5 -1.7
v -0.2 8.5 -1.7
v 1 8.5 -1.7
v 1.1 8.5 -1.7
v 1.3 8.5 -1.7
v 1.4 8.5 -1.7
v 2.5 8.5 -1.7
v 2.6 8.5 -1.7
v -1.6 8.5 -1.8
v -1.5 8.5 -1.8
v -1.4 8.5 -1.8
v -0.4 8.5 -1.8
v -0.3 8.5 -1.8
v -0.2 8.5 -1.8
v -0.1 8.5 -1.8
v 1.1 8.5 -1.8
v 1.2 8.5 -1.8
v 2.2 8.5 -1.8
v 2.4 8.5 -1.8
v 2.5 8.5 -1.8
v 2.7 8.5 -1.8
v 2.8 8.5 -1.8
v -1.6 8.5 -1.9
v -1.5 8.5 -1.9
v -0.4 8.5 -1.9
v -0.3 8.5 -1.9
v 0.2 8.5 -1.9
v 0.6 8.5 -1.9
v 1.2 8.5 -1.9
v 1.3 8.5 -1.9
v 2.1 8.5 -1.9
v 2.2 8.5 -1.9
v 2.3 8.5 -1.9
v 2.4 8.5 -1.9
v -0.6 8.5 -2
v -0.5 8.5 -2
v -0.3 8.5 -2
v -0.2 8.5 -2
v -0.1 8.5 -2
v 0.2 8.5 -2
v 0.3 8.5 -2
v 1.5 8.5 -2
v 1.7 8.5 -2
v 1.9 8.5 -2
v 2.1 8.5 -2
v 2.3 8.5 -2
v -1.6 8.5 -2.1
v -1.3 8.5 -2.1
v -0.6 8.5 -2.1
v -0.5 8.5 -2.1
v -0.3 8.5 -2.1
v -0.2 8.5 -2.1
v 0.6 8.5 -2.1
v 0.7 8.5 -2.1
v 1.5 8.5 -2.1
v 1.6 8.5 -2.1
v -1.6 8.5 -2.2
v -0.5 8.5 -2.2
v -0.4 8.5 -2.2
v 0.2 8.5 -2.2
v 0.3 8.5 -2.2
v 1.6 8.5 -2.2
v 1.7 8.5 -2.2
v 2 8.5 -2.2
v 2.1 8.5 -2.2
v -1.6 8.5 -2.3
v -1.5 8.5 -2.3
v -1.4 8.5 -2.3
v -1.3 8.5 -2.3
v -0.4 8.5 -2.3
v -0.3 8.5 -2.3
v 1.9 8.5 -2.3
v 2 8.5 -2.3
v -1.5 8.5 -2.4
v -1.4 8.5 -2.4
v -1.3 8.5 -2.4
v -1.2 8.5 -2.4
v 0.6 8.5 -2.4
v 0.7 8.5 -2.4
v -1.4 8.5 -2.5
v -1.3 8.5 -2.5
v -1.4 8.5 -2.6
v -1.3 8.5 -2.6
v -1.1 8.5 -2.6
v -0.8 8.5 -2.6
v 0.2 8.5 -2.6
v 0.6 8.5 -2.6
v -1.3 8.5 -2.7
v -1.2 8.5 -2.7
v -1.1 8.5 -2.7
v -0.9 8.5 -2.7
v -0.8 8.5 -2.7
v 0.8 8.5 -2.7
v 1 8.5 -2.7
v -1.2 8.5 -2.8
v -1 8.5 -2.8
v 1 8.5 -2.8
v 1.1 8.5 -2.8
v -1.1 8.5 -2.9
v -1 8.5 -2.9
v -0.9 8.5 -2.9
v 0.8 8.5 -2.9
v 0.9 8.5 -2.9
v 0.9 8.5 -3
v 1 8.5 -3
v 1.1 8.5 -3
v -1.1 8.5 -3.1
v -1 8.5 -3.1
v -1.1 8.7 1.3
v -0.9 8.7 1.3
v -1.2 8.7 1.2
v -1.1 8.7 1.2
v -0.9 8.7 1.2
v -0.8 8.7 1.2
v -1.2 8.7 1.1
v -1.1 8.7 1.1
v -1 8.7 1.1
v -0.8 8.7 1.1
v 0.7 8.7 1.1
v 0.8 8.7 1.1
v -1.1 8.7 1
v -1 8.7 1
v 0.6 8.7 1
v 0.7 8.7 1
v 0.8 8.7 1
v 0.6 8.7 0.9
v 0.7 8.7 0.9
v 2 8.7 0.3
v 2.3 8.7 0.3
v 2.6 8.7 0.3
v 2.7 8.7 0.3
v 2.5 8.7 0.2
v 2.6 8.7 0.2
v 2.7 8.7 0.2
v 2.3 8.7 0.0999997
v 2.5 8.7 0.0999997
v 2.6 8.7 0.0999997
v 2.7 8.7 0.0999997
v -2 8.7 -2.38419e-07
v -1.7 8.7 -2.38419e-07
v -1.4 8.7 -2.38419e-07
v -1.3 8.7 -2.38419e-07
v 1.6 8.7 -2.38419e-07
v 1.7 8.7 -2.38419e-07
v 2 8.7 -2.38419e-07
v 2.7 8.7 -2.38419e-07
v 2.9 8.7 -2.38419e-07
v -1.5 8.7 -0.1
v -1.4 8.7 -0.1
v -1.3 8.7 -0.1
v 1.6 8.7 -0.1
v 1.7 8.7 -0.1
v 2 8.7 -0.1
v 2.2 8.7 -0.1
v 2.8 8.7 -0.1
v 2.9 8.7 -0.1
v -1.7 8.7 -0.2
v -1.5 8.7 -0.2
v -1.4 8.7 -0.2
v -1.3 8.7 -0.2
v 2.7 8.7 -0.2
v 2.8 8.7 -0.2
v -2.4 8.7 -0.3
v -2.3 8.7 -0.3
v -2 8.7 -0.3
v -1.3 8.7 -0.3
v -1.1 8.7 -0.3
v 2.7 8.7 -0.3
v 2.8 8.7 -0.3
v -2.4 8.7 -0.4
v -2.3 8.7 -0.4
v -2 8.7 -0.4
v -1.8 8.7 -0.4
v -1.2 8.7 -0.4
v -1.1 8.7 -0.4
v 1.6 8.7 -0.4
v 1.8 8.7 -0.4
v 2.6 8.7 -0.4
v 2.8 8.7 -0.4
v -1.3 8.7 -0.5
v -1.2 8.7 -0.5
v 1.6 8.7 -0.5
v 1.7 8.7 -0.5
v 1.8 8.7 -0.5
v 2.2 8.7 -0.5
v 2.5 8.7 -0.5
v 2.6 8.7 -0.5
v -1.3 8.7 -0.6
v -1.2 8.7 -0.6
v 1.7 8.7 -0.6
v 1.9 8.7 -0.6
v 2.5 8.7 -0.6
v 2.6 8.7 -0.6
v -2.4 8.7 -0.7
v -2.2 8.7 -0.7
v -1.4 8.7 -0.7
v -1.2 8.7 -0.7
v 1.9 8.7 -0.7
v 2 8.7 -0.7
v 2.6 8.7 -0.7
v 2.8 8.7 -0.7
v -2.4 8.7 -0.8
v -2.3 8.7 -0.8
v -2.2 8.7 -0.8
v -1.8 8.7 -0.8
v -1.5 8.7 -0.8
v -1.4 8.7 -0.8
v 2 8.7 -0.8
v 2.2 8.7 -0.8
v 2.5 8.7 -0.8
v 2.8 8.7 -0.8
v -2.3 8.7 -0.9
v -2.1 8.7 -0.9
v -1.5 8.7 -0.9
v -1.4 8.7 -0.9
v -2.1 8.7 -1
v -2 8.7 -1
v -1.4 8.7 -1
v -1.2 8.7 -1
v 1.4 8.7 -1
v 1.5 8.7 -1
v -2 8.7 -1.1
v -1.8 8.7 -1.1
v -1.5 8.7 -1.1
v -1.2 8.7 -1.1
v 1.4 8.7 -1.1
v 1.5 8.7 -1.1
v 1.8 8.7 -1.1
v 1.9 8.7 -1.1
v 2.1 8.7 -1.1
v 1.8 8.7 -1.2
v 2.1 8.7 -1.3
v 2.2 8.7 -1.3
v 2.3 8.7 -1.3
v 2.4 8.7 -1.3
v 1.2 8.7 -1.4
v 1.3 8.7 -1.4
v 1.4 8.7 -1.4
v 2.2 8.7 -1.4
v 2.3 8.7 -1.4
v 2.4 8.7 -1.4
v 2.5 8.7 -1.4
v 2.6 8.7 -1.4
v -1.1 8.7 -1.5
v -1 8.7 -1.5
v -0.9 8.7 -1.5
v -0.7 8.7 -1.5
v 2.3 8.7 -1.5
v 2.4 8.7 -1.5
v 2.5 8.7 -1.5
v 2.6 8.7 -1.5
v -1.3 8.7 -1.6
v -1.2 8.7 -1.6
v -1.1 8.7 -1.6
v -1 8.7 -1.6
v -0.9 8.7 -1.6
v -0.7 8.7 -1.6
v 1.2 8.7 -1.6
v 1.4 8.7 -1.6
v 1.5 8.7 -1.6
v -1.4 8.7 -1.7
v -1.3 8.7 -1.7
v -1 8.7 -1.7
v -0.9 8.7 -1.7
v -0.4 8.7 -1.7
v -0.3 8.7 -1.7
v 1.3 8.7 -1.7
v 1.4 8.7 -1.7
v 1.5 8.7 -1.7
v 1.8 8.7 -1.7
v -1.5 8.7 -1.8
v -1.4 8.7 -1.8
v -1.1 8.7 -1.8
v -1 8.7 -1.8
v -0.4 8.7 -1.8
v -0.3 8.7 -1.8
v 2.2 8.7 -1.8
v 2.4 8.7 -1.8
v -1.5 8.7 -1.9
v -1.1 8.7 -1.9
v -1 8.7 -1.9
v 1.3 8.7 -1.9
v 1.5 8.7 -1.9
v 2.1 8.7 -1.9
v 2.2 8.7 -1.9
v -1.6 8.7 -2
v -1.5 8.7 -2
v -1 8.7 -2
v -0.9 8.7 -2
v -0.7 8.7 -2
v -0.6 8.7 -2
v 1.5 8.7 -2
v 1.7 8.7 -2
v 1.9 8.7 -2
v 2.1 8.7 -2
v -1.7 8.7 -2.1
v -1.6 8.7 -2.1
v -1.3 8.7 -2.1
v -0.9 8.7 -2.1
v -0.7 8.7 -2.1
v -0.6 8.7 -2.1
v -0.5 8.7 -2.1
v -1.7 8.7 -2.2
v -1.6 8.7 -2.2
v -0.5 8.7 -2.2
v -0.4 8.7 -2.2
v 1.7 8.7 -2.2
v 1.9 8.7 -2.2
v -1.4 8.7 -2.3
v -1.3 8.7 -2.3
v -0.4 8.7 -2.3
v 1.9 8.7 -2.3
v 2 8.7 -2.3
v -1.3 8.7 -2.4
v -1.2 8.7 -2.4
v -0.8 8.7 -2.4
v -0.6 8.7 -2.4
v -0.5 8.7 -2.4
v -0.4 8.7 -2.4
v 1.9 8.7 -2.4
v 2 8.7 -2.4
v -1.4 8.7 -2.5
v -1.3 8.7 -2.5
v -0.6 8.7 -2.5
v -0.5 8.7 -2.5
v -1.1 8.7 -2.6
v -0.8 8.7 -2.6
v -1.2 8.7 -2.7
v -1.1 8.7 -2.7
v -0.9 8.7 -2.7
v -0.8 8.7 -2.7
v -0.9 8.7 -2.8
v -0.8 8.7 -2.8
v 2.4 8.9 0.4
v 2.6 8.9 0.4
v 2.3 8.9 0.3
v 2.4 8.9 0.3
v 2.6 8.9 0.3
v 2.5 8.9 0.2
v 2.6 8.9 0.2
v -1.6 8.9 0.0999997
v -1.4 8.9 0.0999997
v 2.3 8.9 0.0999997
v 2.5 8.9 0.0999997
v -1.7 8.9 -2.38419e-07
v -1.6 8.9 -2.38419e-07
v -1.4 8.9 -2.38419e-07
v 1.7 8.9 -2.38419e-07
v 2 8.9 -2.38419e-07
v -1.5 8.9 -0.1
v -1.4 8.9 -0.1
v 1.5 8.9 -0.1
v 1.7 8.9 -0.1
v 2 8.9 -0.1
v 2.2 8.9 -0.1
v -1.7 8.9 -0.2
v -1.5 8.9 -0.2
v -2.3 8.9 -0.3
v -2 8.9 -0.3
v -2.5 8.9 -0.4
v -2.3 8.9 -0.4
v -2 8.9 -0.4
v -1.8 8.9 -0.4
v 1.6 8.9 -0.4
v 1.8 8.9 -0.4
v 1.5 8.9 -0.5
v 1.6 8.9 -0.5
v 1.8 8.9 -0.5
v 2.2 8.9 -0.5
v -2.4 8.9 -0.7
v -2.2 8.9 -0.7
v -2.5 8.9 -0.8
v -2.4 8.9 -0.8
v -2.2 8.9 -0.8
v -1.8 8.9 -0.8
v 1.5 8.9 -1
v 1.6 8.9 -1
v 1.3 8.9 -1.1
v 1.5 8.9 -1.1
v 2.1 8.9 -1.1
v 2.2 8.9 -1.1
v 2.4 8.9 -1.1
v 2.5 8.9 -1.1
v 1.2 8.9 -1.2
v 1.3 8.9 -1.2
v 1.6 8.9 -1.2
v 1.8 8.9 -1.2
v 2.2 8.9 -1.2
v 2.4 8.9 -1.2
v 2.1 8.9 -1.3
v 2.2 8.9 -1.3
v 2.3 8.9 -1.3
v 2.4 8.9 -1.3
v -0.7 8.9 -1.4
v -0.5 8.9 -1.4
v 1.2 8.9 -1.4
v 1.4 8.9 -1.4
v 2.2 8.9 -1.4
v 2.3 8.9 -1.4
v 2.4 8.9 -1.4
v 2.5 8.9 -1.4
v -0.5 8.9 -1.5
v -0.4 8.9 -1.5
v -0.9 8.9 -1.6
v -0.7 8.9 -1.6
v 1.4 8.9 -1.6
v 1.5 8.9 -1.6
v -1 8.9 -1.7
v -0.9 8.9 -1.7
v 1.5 8.9 -1.7
v 1.8 8.9 -1.7
v -1.1 8.9 -1.8
v -1 8.9 -1.8
v -1.1 8.9 -1.9
v -1 8.9 -1.9
v -0.5 8.9 -1.9
v -0.4 8.9 -1.9
v -1 8.9 -2
v -0.9 8.9 -2
v -0.7 8.9 -2
v -0.5 8.9 -2
v -0.9 8.9 -2.1
v -0.7 8.9 -2.1
v -0.8 8.9 -2.4
v -0.6 8.9 -2.4
v -0.6 8.9 -2.5
v -0.8 8.9 -2.7
v -0.7 8.9 -2.7
v -0.7 8.9 -2.8
v -0.6 8.9 -2.8
v -0.7 0.1 1.4
v 0.7 0.1 1.4
v -0.8 0.1 1.3
v -0.7 0.1 1.3
v -0.6 0.1 1.3
v 0.5 0.1 1.3
v 0.7 0.1 1.3
v 0.8 0.1 1.3
v -0.9 0.1 1.2
v -0.8 0.1 1.2
v -0.7 0.1 1.2
v -0.6 0.1 1.2
v 0.5 0.1 1.2
v 0.7 0.1 1.2
v 0.8 0.1 1.2
v 0.9 0.1 1.2
v -1 0.1 1.1
v -0.9 0.1 1.1
v -0.8 0.1 1.1
v -0.7 0.1 1.1
v 0.7 0.1 1.1
v 0.8 0.1 1.1
v 0.9 0.1 1.1
v 1.1 0.1 1.1
v -1.1 0.1 1
v -1 0.1 1
v -0.9 0.1 1
v -0.8 0.1 1
v 0.8 0.1 1
v 0.9 0.1 1
v 1.1 0.1 1
v 1.2 0.1 1
v -1.2 0.1 0.9
v -1.1 0.1 0.9
v -1 0.1 0.9
v -0.9 0.1 0.9
v 0.9 0.1 0.9
v 1 0.1 0.9
v -1.1 0.1 0.8
v -1 0.1 0.8
v 1 0.1 0.8
v 1.1 0.1 0.8
v 1.2 0.1 0.8
v 1.3 0.1 0.8
v -1.2 0.1 0.6
v -1.1 0.1 0.6
v 1.1 0.1 0.6
v 1.2 0.1 0.6
v -1.4 0.1 0.5
v -1.3 0.1 0.5
v 1.3 0.1 0.4
v 1.4 0.1 0.4
v 1.2 0.1 0.2
v 1.3 0.1 0.2
v 1.2 0.1 -0.4
v 1.3 0.1 -0.4
v -1.4 0.1 -0.6
v -1.3 0.1 -0.6
v 1.1 0.1 -0.6
v 1.2 0.1 -0.6
v 1.3 0.1 -0.6
v 1.4 0.1 -0.6
v 0.9 0.1 -0.7
v 1.1 0.1 -0.7
v 1.2 0.1 -0.8
v 1.3 0.1 -0.8
v 1 0.1 -0.9
v 1.2 0.1 -0.9
v 0.8 0.1 -1
v 0.9 0.1 -1
v 0.9 0.1 -1.1
v 1 0.1 -1.1
v 0.7 0.1 -1.2
v 0.8 0.1 -1.2
v 0.9 0.1 -1.2
v -0.5 0.1 -1.3
v -0.4 0.1 -1.3
v 0.4 0.1 -1.3
v 0.7 0.1 -1.3
v -0.5 0.1 -1.4
v -0.4 0.1 -1.4
v -0.3 0.1 -1.4
v 0.3 0.1 -1.4
v 0.4 0.1 -1.4
v 0.8 0.1 -1.4
v 0.2 0.1 -1.6
v 0.3 0.1 -1.6
v -0.3 0.1 -1.7
v 0.2 0.1 -1.7
v 0.3 0.1 -1.7
v 0.4 0.1 -1.7
v -0.4 0.1 -1.8
v 0.3 0.1 -1.8
v -0.6 0.2 1.3
v 0.5 0.2 1.3
v -0.6 0.2 1.2
v 0.5 0.2 1.2
v -0.8 0.2 1.1
v -0.7 0.2 1.1
v -0.9 0.2 1
v -0.8 0.2 1
v -0.7 0.2 1
v 0.8 0.2 1
v 0.9 0.2 1
v -0.9 0.2 0.9
v -0.8 0.2 0.9
v 0.8 0.2 0.9
v 0.9 0.2 0.9
v -1.1 0.2 0.8
v -1 0.2 0.8
v -1.1 0.2 0.7
v -1 0.2 0.7
v -1.3 0.2 0.6
v -1.1 0.2 0.6
v 1.1 0.2 0.6
v 1.2 0.2 0.6
v -1.2 0.2 0.4
v -1.1 0.2 0.4
v 1.1 0.2 0.4
v 1.2 0.2 0.4
v 1.2 0.2 0.2
v 1.3 0.2 0.2
v 1.1 0.2 -0.1
v 1.2 0.2 -0.1
v 1.2 0.2 -0.4
v 1.3 0.2 -0.4
v -1.2 0.2 -0.5
v -1.1 0.2 -0.5
v 1.1 0.2 -0.6
v 1.2 0.2 -0.6
v -1.3 0.2 -0.7
v -1.1 0.2 -0.7
v 0.8 0.2 -0.8
v 0.9 0.2 -0.8
v 0.7 0.2 -0.9
v 0.8 0.2 -0.9
v 0.8 0.2 -1
v 0.9 0.2 -1
v -0.7 0.2 -1.1
v -0.6 0.2 -1.1
v 0.6 0.2 -1.1
v 0.7 0.2 -1.1
v -0.7 0.2 -1.2
v -0.6 0.2 -1.2
v 0.5 0.2 -1.2
v 0.6 0.2 -1.2
v 0.7 0.2 -1.2
v 0.8 0.2 -1.2
v 0.3 0.2 -1.3
v 0.4 0.2 -1.3
v 0.5 0.2 -1.3
v 0.7 0.2 -1.3
v -0.3 0.2 -1.4
v -0.2 0.2 -1.4
v 0.2 0.2 -1.4
v 0.3 0.2 -1.4
v 0.4 0.2 -1.4
v 0.0999999 0.2 -1.5
v 0.2 0.2 -1.5
v -0.2 0.2 -1.6
v 0.0999999 0.2 -1.6
v 0.2 0.2 -1.6
v 0.3 0.2 -1.6
v -0.3 0.2 -1.7
v 0.2 0.2 -1.7
v -0.7 0.3 1.2
v 0.7 0.3 1.2
v -0.4 0.3 1.1
v 0.7 0.3 1.1
v 0.8 0.3 1.1
v -0.7 0.3 1
v -0.4 0.3 1
v 0.7 0.3 1
v 0.8 0.3 1
v -1 0.3 0.9
v -0.9 0.3 0.9
v 0.9 0.3 0.9
v 1 0.3 0.9
v -1 0.3 0.8
v -0.9 0.3 0.8
v 0.9 0.3 0.8
v 1 0.3 0.8
v -1.2 0.3 0.4
v -1.1 0.3 0.4
v 1.1 0.3 0.4
v 1.2 0.3 0.4
v 1.1 0.3 -0.1
v 1.2 0.3 -0.1
v -1.2 0.3 -0.5
v -1.1 0.3 -0.5
v 0.4 0.3 -1.2
v 0.5 0.3 -1.2
v -0.4 0.3 -1.3
v -0.3 0.3 -1.3
v 0.4 0.3 -1.3
v 0.5 0.3 -1.3
v -0.4 0.3 -1.4
v -0.3 0.3 -1.4
v -0.2 0.3 -1.4
v 0.2 0.3 -1.4
v 0.0999999 0.3 -1.5
v 0.2 0.3 -1.5
v -0.2 0.3 -1.6
v 0.0999999 0.3 -1.6
v -0.4 0.4 1.1
v 0.7 0.4 1.1
v -0.4 0.4 1
v 0.7 0.4 1
v -0.9 0.4 0.9
v -0.8 0.4 0.9
v -0.9 0.4 0.8
v -0.8 0.4 0.8
v 0.9 0.4 0.8
v 1.1 0.4 0.8
v -1.1 0.4 0.7
v -1 0.4 0.7
v 0.9 0.4 0.6
v 1 0.4 0.6
v 1 0.4 0.3
v 1.1 0.4 0.3
v 1 0.4 -0.4
v 1.1 0.4 -0.4
v 0.9 0.4 -0.6
v 1 0.4 -0.6
v 0.9 0.4 -0.7
v 1.1 0.4 -0.7
v -1.1 0.4 -0.8
v -1 0.4 -0.8
v -0.9 0.4 -0.9
v -0.8 0.4 -0.9
v -0.9 0.4 -1
v -0.8 0.4 -1
v -0.6 0.4 -1.1
v -0.5 0.4 -1.1
v 0.5 0.4 -1.1
v 0.6 0.4 -1.1
v -0.5 0.4 -1.2
v -0.4 0.4 -1.2
v 0.5 0.4 -1.2
v 0.6 0.4 -1.2
v -0.6 0.4 -1.3
v -0.4 0.4 -1.3
v -0.8 0.5 1
v 0.8 0.5 1
v -0.7 0.5 0.9
v 0.7 0.5 0.9
v 0.8 0.5 0.9
v 0.9 0.5 0.9
v -0.8 0.5 0.8
v -0.7 0.5 0.8
v 0.7 0.5 0.8
v 0.8 0.5 0.8
v 0.8 0.5 0.7
v 0.9 0.5 0.7
v 1 0.5 0.3
v 1.1 0.5 0.3
v 1 0.5 0.2
v 1.1 0.5 0.2
v 1 0.5 -0.2
v 1.1 0.5 -0.2
v 1 0.5 -0.4
v 1.1 0.5 -0.4
v 0.8 0.5 -0.7
v 0.9 0.5 -0.7
v 0.8 0.5 -0.8
v 0.9 0.5 -0.8
v -0.5 0.5 -1.1
v -0.4 0.5 -1.1
v -0.5 0.5 -1.2
v -0.4 0.5 -1.2
v -0.3 0.5 -1.3
v 0.3 0.5 -1.3
v -0.3 0.5 -1.4
v 0.3 0.5 -1.4
v -1 0.6 0.8
v -0.8 0.6 0.8
v 1 0.6 0.2
v 1.1 0.6 0.2
v 1 0.6 -0.2
v 1.1 0.6 -0.2
v 0.7 0.6 -0.8
v 0.8 0.6 -0.8
v -1 0.6 -0.9
v -0.8 0.6 -0.9
v -0.5 0.6 -0.9
v 0.6 0.6 -0.9
v 0.7 0.6 -0.9
v 0.8 0.6 -0.9
v -0.8 0.6 -1.1
v -0.5 0.6 -1.1
v 0.6 0.6 -1.1
v 0.7 0.6 -1.1
v -0.4 0.6 -1.2
v 0.4 0.6 -1.2
v -0.4 0.6 -1.3
v 0.4 0.6 -1.3
v -0.7 0.7 0.9
v -0.2 0.7 0.9
v 0.5 0.7 0.9
v 0.7 0.7 0.9
v -0.7 0.7 0.8
v -0.2 0.7 0.8
v 0.5 0.7 0.8
v 0.7 0.7 0.8
v 0.9 0.7 0.6
v 1 0.7 0.6
v 0.9 0.7 0.5
v 1 0.7 0.5
v 0.9 0.7 0.0999997
v 1 0.7 0.0999997
v 0.9 0.7 -0.6
v 1 0.7 -0.6
v -0.8 0.7 -0.8
v -0.7 0.7 -0.8
v -0.8 0.7 -0.9
v -0.7 0.7 -0.9
v -0.4 0.7 -1.1
v 0.5 0.7 -1.1
v -0.4 0.7 -1.2
v 0.5 0.7 -1.2
v -0.2 0.8 0.9
v 0.5 0.8 0.9
v -0.2 0.8 0.8
v 0.5 0.8 0.8
v 0.8 0.8 0.7
v 0.9 0.8 0.7
v 0.9 0.8 0.5
v 1 0.8 0.5
v 0.8 0.8 0.2
v 0.9 0.8 0.2
v 0.9 0.8 0.0999997
v 1 0.8 0.0999997
v 0.8 0.8 -0.6
v 0.9 0.8 -0.6
v 0.8 0.8 -0.7
v 0.9 0.8 -0.7
v -0.7 0.8 -0.8
v -0.5 0.8 -0.8
v 0.6 0.8 -0.8
v 0.7 0.8 -0.8
v -0.7 0.8 -0.9
v -0.5 0.8 -0.9
v -0.4 0.8 -0.9
v 0.5 0.8 -0.9
v 0.6 0.8 -0.9
v 0.7 0.8 -0.9
v -0.4 0.8 -1
v 0.5 0.8 -1
v -0.5 0.8 -1.1
v 0.6 0.8 -1.1
v -0.8 0.9 0.8
v 0.8 0.9 0.8
v -0.7 0.9 0.7
v 0.7 0.9 0.7
v 0.7 0.9 0.6
v 0.8 0.9 0.6
v 0.8 0.9 0.2
v 0.9 0.9 0.2
v 0.8 0.9 -0.6
v 0.9 0.9 -0.6
v 0.7 0.9 -0.7
v 0.8 0.9 -0.7
v -0.8 0.9 -0.8
v -0.7 0.9 -0.8
v -0.5 0.9 -0.8
v -0.4 0.9 -0.8
v 0.5 0.9 -0.8
v 0.6 0.9 -0.8
v 0.7 0.9 -0.8
v 0.8 0.9 -0.8
v -0.5 0.9 -0.9
v -0.4 0.9 -0.9
v 0.5 0.9 -0.9
v 0.6 0.9 -0.9
v -0.4 0.9 -1
v 0.5 0.9 -1
v -0.7 1 0.7
v 0.7 1 0.7
v 0.7 1 0.6
v 0.8 1 0.6
v -0.6 1 0.5
v 0.7 1 0.5
v 0.7 1 -0.7
v 0.8 1 -0.7
v -0.7 1 -0.8
v -0.6 1 -0.8
v -0.4 1 -0.8
v -0.3 1 -0.8
v -0.1 1 -0.8
v 0.5 1 -0.8
v -0.4 1 -0.9
v -0.3 1 -0.9
v -0.1 1 -0.9
v 0.5 1 -0.9
v -0.6 1.1 0.5
v 0.7 1.1 0.5
v -0.5 1.1 0.4
v 0.7 1.1 0.4
v -0.6 1.1 -0.8
v -0.5 1.1 -0.8
v -0.5 1.2 0.4
v 0.7 1.2 0.4
v -0.4 1.2 0.3
v 0.6 1.2 0.3
v -0.5 1.2 -0.8
v -0.4 1.2 -0.8
v 0.6 1.2 -0.8
v 0.7 1.2 -0.8
v -0.4 1.3 0.3
v -0.3 1.3 0.3
v 0.5 1.3 0.3
v 0.6 1.3 0.3
v -0.4 1.3 0.2
v -0.3 1.3 0.2
v 0.5 1.3 0.2
v 0.6 1.3 0.2
v -0.4 1.3 -0.7
v -0.3 1.3 -0.7
v -0.4 1.3 -0.8
v -0.3 1.3 -0.8
v -0.3 1.4 0.3
v 0 1.4 0.3
v -0.3 1.4 0.2
v 0 1.4 0.2
v 0.5 1.5 0.2
v 0.6 1.5 0.2
v 0.5 1.5 -2.38419e-07
v 0.6 1.5 -2.38419e-07
v 0.3 1.6 0.3
v 0.5 1.6 0.3
v -0.4 1.6 0.2
v -0.3 1.6 0.2
v 0.3 1.6 0.2
v 0.5 1.6 0.2
v -0.4 1.6 0.0999997
v -0.3 1.6 0.0999997
v -0.3 1.6 -0.8
v -0.2 1.6 -0.8
v -0.3 1.6 -0.9
v -0.2 1.6 -0.9
v 0 2 0.3
v 0.3 2 0.3
v -0.3 2 0.2
v 0 2 0.2
v 0.3 2 0.2
v 0.5 2 0.2
v -0.4 2 0.0999997
v -0.3 2 0.0999997
v -0.2 2 0.0999997
v 0.5 2 0.0999997
v -0.3 2 -2.38419e-07
v -0.2 2 -2.38419e-07
v -0.4 2 -0.7
v -0.3 2 -0.7
v -0.3 2.1 -2.38419e-07
v -0.2 2.1 -2.38419e-07
v -0.3 2.1 -0.1
v -0.2 2.1 -0.1
v -0.2 2.4 0.0999997
v -0.1 2.4 0.0999997
v -0.2 2.4 -2.38419e-07
v -0.1 2.4 -2.38419e-07
v 0.6 2.4 -2.38419e-07
v 0.7 2.4 -2.38419e-07
v 0.6 2.4 -0.1
v 0.7 2.4 -0.1
v 0.4 2.7 0.0999997
v 0.6 2.7 0.0999997
v 0.4 2.7 -2.38419e-07
v 0.6 2.7 -2.38419e-07
v -0.3 2.8 -0.8
v -0.2 2.8 -0.8
v -0.3 2.8 -0.9
v -0.2 2.8 -0.9
v -0.2 2.9 -0.9
v -0.1 2.9 -0.9
v -0.2 2.9 -1
v -0.1 2.9 -1
v -0.1 3 0.0999997
v 0.4 3 0.0999997
v -0.2 3 -2.38419e-07
v -0.1 3 -2.38419e-07
v 0.4 3 -2.38419e-07
v 0.6 3 -2.38419e-07
v -0.3 3 -0.1
v -0.2 3 -0.1
v -0.1 3 -0.1
v 0.6 3 -0.1
v -0.2 3 -0.2
v -0.1 3 -0.2
v -0.3 3 -0.8
v -0.2 3 -0.8
v 0.6 3.5 -0.1
v 0.7 3.5 -0.1
v 0.6 3.5 -0.2
v 0.7 3.5 -0.2
v 0.7 3.7 -0.2
v 0.8 3.7 -0.2
v 0.7 3.7 -0.4
v 0.8 3.7 -0.4
v -0.2 3.7 -0.8
v -0.1 3.7 -0.8
v -0.2 3.7 -1
v -0.1 3.7 -1
v 0 3.8 -1.1
v 0.0999999 3.8 -1.1
v 0 3.8 -1.2
v 0.0999999 3.8 -1.2
v -0.1 3.9 -0.9
v 0 3.9 -0.9
v -0.1 3.9 -1.1
v 0 3.9 -1.1
v -0.1 4 -0.1
v 0.6 4 -0.1
v -0.2 4 -0.2
v -0.1 4 -0.2
v 0 4 -0.2
v 0.6 4 -0.2
v -0.1 4 -0.3
v 0 4 -0.3
v -0.2 4 -0.8
v -0.1 4 -0.8
v 0.6 4.2 -1.2
v 0.7 4.2 -1.2
v 0.6 4.2 -1.3
v 0.7 4.2 -1.3
v 0 4.4 -0.2
v 0.0999999 4.4 -0.2
v 0 4.4 -0.3
v 0.0999999 4.4 -0.3
v 0.7 4.7 -1.2
v 0.8 4.7 -1.2
v 0.7 4.7 -1.3
v 0.8 4.7 -1.3
v -0.1 4.8 -0.3
v 0 4.8 -0.3
v -0.1 4.8 -0.4
v 0 4.8 -0.4
v 0 4.8 -1.2
v 0.0999999 4.8 -1.2
v 0 4.8 -1.3
v 0.0999999 4.8 -1.3
v -0.1 5 -1.1
v 0 5 -1.1
v -0.1 5 -1.2
v 0 5 -1.2
v 0.0999999 5 -1.2
v 0.7 5 -1.2
v 0.0999999 5 -1.3
v 0.7 5 -1.3
v 0.8 5.2 -1.1
v 0.9 5.2 -1.1
v 0.8 5.2 -1.2
v 0.9 5.2 -1.2
v 0 5.5 -1.1
v 0.0999999 5.5 -1.1
v 0 5.5 -1.2
v 0.0999999 5.5 -1.2
v 0.8 5.6 -0.1
v 0.9 5.6 -0.1
v 0.8 5.6 -0.2
v 0.9 5.6 -0.2
v 0.5 5.7 -2.38419e-07
v 0.6 5.7 -2.38419e-07
v 0.5 5.7 -0.1
v 0.6 5.7 -0.1
v 0.9 5.7 -0.2
v 1 5.7 -0.2
v 0.9 5.7 -0.3
v 1 5.7 -0.3
v -0.1 5.7 -1
v 0 5.7 -1
v 0.9 5.7 -1
v 1 5.7 -1
v -0.1 5.7 -1.1
v 0 5.7 -1.1
v 0.0999999 5.7 -1.1
v 0.2 5.7 -1.1
v 0.9 5.7 -1.1
v 1 5.7 -1.1
v 0.0999999 5.7 -1.2
v 0.2 5.7 -1.2
v 0.4 5.8 -2.38419e-07
v 0.5 5.8 -2.38419e-07
v 0.4 5.8 -0.1
v 0.5 5.8 -0.1
v 0.7 5.8 -0.1
v 0.8 5.8 -0.1
v 0.7 5.8 -0.2
v 0.8 5.8 -0.2
v -0.1 5.8 -0.9
v 0 5.8 -0.9
v 0.9 5.8 -0.9
v 1 5.8 -0.9
v -0.1 5.8 -1
v 0 5.8 -1
v 0.9 5.8 -1
v 1 5.8 -1
v 0.5 5.9 -0.1
v 0.7 5.9 -0.1
v 0.5 5.9 -0.2
v 0.7 5.9 -0.2
v -0.1 5.9 -0.8
v 0 5.9 -0.8
v 0.8 5.9 -0.8
v 1 5.9 -0.8
v -0.1 5.9 -0.9
v 0 5.9 -0.9
v 0.8 5.9 -0.9
v 0.9 5.9 -0.9
v 1 5.9 -0.9
v 0 5.9 -1
v 0.0999999 5.9 -1
v 0 5.9 -1.1
v 0.0999999 5.9 -1.1
v 0.7 5.9 -1.1
v 0.9 5.9 -1.1
v 0.7 5.9 -1.2
v 0.9 5.9 -1.2
v 2.2 6 2.3
v 2.3 6 2.3
v 2.2 6 2.2
v 2.3 6 2.2
v 0.9 6 -0.3
v 1 6 -0.3
v 0.9 6 -0.8
v 1 6 -0.8
v 0.8 6 -0.9
v 0.9 6 -0.9
v 0.0999999 6 -1
v 0.8 6 -1
v 0.0999999 6 -1.1
v 0.2 6 -1.1
v 0.7 6 -1.1
v 0.9 6 -1.1
v 0.2 6 -1.2
v 0.7 6 -1.2
v 2.2 6.1 2.2
v 2.3 6.1 2.2
v 2.3 6.1 2.1
v 2.4 6.1 2.1
v 2.3 6.1 2
v 2.4 6.1 2
v 2.2 6.1 1.9
v 2.3 6.1 1.9
v -0.1 6.1 -0.1
v 0 6.1 -0.1
v -0.1 6.1 -0.2
v 0 6.1 -0.2
v -0.1 6.1 -0.7
v 0 6.1 -0.7
v -0.1 6.1 -0.8
v 0 6.1 -0.8
v 0.7 6.1 -0.9
v 0.8 6.1 -0.9
v 0.7 6.1 -1
v 0.8 6.1 -1
v 0 6.2 -0.9
v 0.0999999 6.2 -0.9
v 0 6.2 -1
v 0.0999999 6.2 -1
v -0.1 6.3 -0.2
v 0 6.3 -0.2
v -0.1 6.3 -0.3
v 0 6.3 -0.3
v 0.0999999 6.4 -0.9
v 0.2 6.4 -0.9
v 0.0999999 6.4 -1
v 0.2 6.4 -1
v 2.1 6.5 2.3
v 2.2 6.5 2.3
v 2.1 6.5 2.2
v 2.2 6.5 2.2
v 0 6.6 -2.38419e-07
v 0.0999999 6.6 -2.38419e-07
v 0 6.6 -0.1
v 0.0999999 6.6 -0.1
v 1.7 6.7 2.3
v 1.8 6.7 2.3
v 1.9 6.7 2.3
v 2 6.7 2.3
v -2.9 6.7 2.2
v -2.8 6.7 2.2
v 1.7 6.7 2.2
v 1.8 6.7 2.2
v 1.9 6.7 2.2
v 2 6.7 2.2
v 2.2 6.7 2.2
v -2.9 6.7 2.1
v -2.8 6.7 2.1
v 1.8 6.7 2.1
v 2 6.7 2.1
v 2 6.7 2
v 2.2 6.7 2
v 2.3 6.7 2
v 2.2 6.7 1.9
v 2.3 6.7 1.9
v 0.7 6.7 -0.9
v 0.8 6.7 -0.9
v 0.7 6.7 -1
v 0.8 6.7 -1
v 0 6.8 3.6
v 0.0999999 6.8 3.6
v -0.1 6.8 3.5
v 0 6.8 3.5
v 0.0999999 6.8 3.5
v 0.2 6.8 3.5
v -0.1 6.8 3.4
v 0 6.8 3.4
v 0.0999999 6.8 3.4
v 0.2 6.8 3.4
v -2.8 6.8 2.2
v -2.6 6.8 2.2
v 1.6 6.8 2.2
v 1.8 6.8 2.2
v -2.8 6.8 2.1
v -2.6 6.8 2.1
v 1.5 6.8 2.1
v 1.6 6.8 2.1
v 1.7 6.8 2.1
v 1.8 6.8 2.1
v 1.5 6.8 2
v 1.6 6.8 2
v 1.7 6.8 2
v 1.8 6.8 2
v 2.1 6.8 2
v 2.2 6.8 2
v 2.1 6.8 1.9
v 2.2 6.8 1.9
v 2.1 6.8 1.7
v 2.2 6.8 1.7
v 2.1 6.8 1.6
v 2.2 6.8 1.6
v -0.1 6.8 -0.7
v 0 6.8 -0.7
v 0.7 6.8 -0.8
v 0.9 6.8 -0.8
v -0.1 6.8 -0.9
v 0 6.8 -0.9
v 0.7 6.8 -0.9
v 0.9 6.8 -0.9
v 0.4 6.8 -4.4
v 0.5 6.8 -4.4
v 0.6 6.8 -4.4
v 0.7 6.8 -4.4
v 0.4 6.8 -4.5
v 0.5 6.8 -4.5
v 0.6 6.8 -4.5
v 0.7 6.8 -4.5
v 0.5 6.8 -4.6
v 0.6 6.8 -4.6
v 0 6.9 -2.38419e-07
v 0.0999999 6.9 -2.38419e-07
v -0.1 6.9 -0.1
v 0 6.9 -0.1
v 0.0999999 6.9 -0.1
v -0.1 6.9 -0.2
v 0 6.9 -0.2
v -0.1 6.9 -0.5
v 0 6.9 -0.5
v -0.1 6.9 -0.7
v 0 6.9 -0.7
v 0 6.9 -0.8
v 0.0999999 6.9 -0.8
v 0 6.9 -0.9
v 0.0999999 6.9 -0.9
v 0 7 3.5
v 0.0999999 7 3.5
v -0.1 7 3.4
v 0 7 3.4
v 0.0999999 7 3.4
v -0.1 7 3.3
v 0 7 3.3
v -2.9 7 2.1
v -2.8 7 2.1
v 1.6 7 2.1
v 1.7 7 2.1
v 1.8 7 2.1
v 2 7 2.1
v -2.9 7 2
v -2.8 7 2
v 1.6 7 2
v 1.7 7 2
v 1.8 7 2
v 2 7 2
v 2.1 7 2
v 1.6 7 1.9
v 1.7 7 1.9
v 1.8 7 1.9
v 1.9 7 1.9
v 2.1 7 1.9
v 2.3 7 1.9
v 1.6 7 1.8
v 1.7 7 1.8
v 1.9 7 1.8
v 2 7 1.8
v 1.6 7 1.7
v 1.7 7 1.7
v 1.9 7 1.7
v 2 7 1.7
v 2.1 7 1.7
v 2.3 7 1.7
v 1.9 7 1.6
v 2 7 1.6
v 2.1 7 1.6
v 2 7 1.5
v 2.1 7 1.5
v 0.2 7 0.0999997
v 0.3 7 0.0999997
v 0.2 7 -2.38419e-07
v 0.3 7 -2.38419e-07
v 0.7 7 -2.38419e-07
v 0.8 7 -2.38419e-07
v 0.8 7 -0.1
v 0.9 7 -0.1
v 0.7 7 -0.2
v 0.8 7 -0.2
v 0.7 7 -0.6
v 0.8 7 -0.6
v 0.6 7 -0.7
v 0.7 7 -0.7
v 0.5 7 -0.8
v 0.6 7 -0.8
v 0.8 7 -0.8
v 0.9 7 -0.8
v 0.0999999 7 -0.9
v 0.2 7 -0.9
v 0.5 7 -0.9
v 0.7 7 -0.9
v 0.8 7 -0.9
v 0.0999999 7 -1
v 0.7 7 -1
v 0.6 7 -4.3
v 0.7 7 -4.3
v 0.5 7 -4.4
v 0.6 7 -4.4
v 0.7 7 -4.4
v 0.5 7 -4.5
v 0.6 7 -4.5
v 0.3 7.1 0.0999997
v 0.4 7.1 0.0999997
v 0.3 7.1 -2.38419e-07
v 0.4 7.1 -2.38419e-07
v 0 7.2 3.4
v 0.0999999 7.2 3.4
v -0.1 7.2 3.3
v 0 7.2 3.3
v 0.0999999 7.2 3.3
v 0.2 7.2 3.3
v 0.3 7.2 3.3
v -0.2 7.2 3.2
v -0.1 7.2 3.2
v 0 7.2 3.2
v 0.3 7.2 3.2
v 0.4 7.2 3.2
v -0.2 7.2 3.1
v -0.1 7.2 3.1
v 0.2 7.2 3.1
v 0.4 7.2 3.1
v -2.9 7.2 2
v -2.8 7.2 2
v -2.9 7.2 1.8
v -2.8 7.2 1.8
v -2.9 7.2 1.7
v -2.8 7.2 1.7
v -2.4 7.2 1.7
v -2.3 7.2 1.7
v 1.4 7.2 1.7
v 1.5 7.2 1.7
v -2.9 7.2 1.6
v -2.8 7.2 1.6
v -2.4 7.2 1.6
v -2.3 7.2 1.6
v 1.4 7.2 1.6
v 1.5 7.2 1.6
v 0.5 7.2 0.0999997
v 0.6 7.2 0.0999997
v -0.1 7.2 -2.38419e-07
v 0 7.2 -2.38419e-07
v 0.5 7.2 -2.38419e-07
v 0.6 7.2 -2.38419e-07
v 4 7.2 -2.38419e-07
v 4.1 7.2 -2.38419e-07
v -0.1 7.2 -0.1
v 0 7.2 -0.1
v 4 7.2 -0.1
v 4.1 7.2 -0.1
v 4.2 7.2 -0.1
v 4 7.2 -0.2
v 4.1 7.2 -0.2
v 4.2 7.2 -0.2
v 4 7.2 -0.3
v 4.1 7.2 -0.3
v 3.3 7.2 -2.4
v 3.4 7.2 -2.4
v 3.3 7.2 -2.5
v 3.4 7.2 -2.5
v 3.3 7.2 -2.6
v 3.4 7.2 -2.6
v 3.3 7.2 -2.7
v 3.4 7.2 -2.7
v 3.5 7.2 -2.7
v 3.4 7.2 -2.8
v 3.5 7.2 -2.8
v -2 7.2 -3.5
v -1.9 7.2 -3.5
v -2 7.2 -3.6
v -1.9 7.2 -3.6
v 0.2 7.2 -4.1
v 0.4 7.2 -4.1
v 0.7 7.2 -4.1
v 0.8 7.2 -4.1
v 0.2 7.2 -4.2
v 0.3 7.2 -4.2
v 0.6 7.2 -4.2
v 0.7 7.2 -4.2
v 0.8 7.2 -4.2
v 0.3 7.2 -4.3
v 0.4 7.2 -4.3
v 0.5 7.2 -4.3
v 0.6 7.2 -4.3
v 0.7 7.2 -4.3
v 0.5 7.2 -4.4
v 0.6 7.2 -4.4
v -2.6 7.3 2.2
v -2.4 7.3 2.2
v -2.8 7.3 2.1
v -2.6 7.3 2.1
v -2.4 7.3 2.1
v -2.2 7.3 2.1
v -2.7 7.3 2
v -2.6 7.3 2
v -2.4 7.3 2
v -2.3 7.3 2
v -2.2 7.3 2
v 1.7 7.3 2
v 1.8 7.3 2
v -2.8 7.3 1.9
v -2.7 7.3 1.9
v -2.3 7.3 1.9
v -2.2 7.3 1.9
v 1.7 7.3 1.9
v 1.8 7.3 1.9
v 1.9 7.3 1.9
v -2.9 7.3 1.8
v -2.8 7.3 1.8
v 1.8 7.3 1.8
v 1.9 7.3 1.8
v -2.9 7.3 1.7
v -2.8 7.3 1.7
v -2.7 7.3 1.7
v -2.8 7.3 1.4
v -2.7 7.3 1.4
v 3.9 7.3 -2.38419e-07
v 4 7.3 -2.38419e-07
v 3.9 7.3 -0.1
v 4 7.3 -0.1
v 4.1 7.3 -0.1
v 4 7.3 -0.2
v 4.1 7.3 -0.2
v 3.2 7.3 -2.4
v 3.3 7.3 -2.4
v 3.2 7.3 -2.5
v 3.3 7.3 -2.5
v 3.5 7.3 -2.5
v 3.3 7.3 -2.6
v 3.5 7.3 -2.6
v -2.1 7.3 -3.4
v -2 7.3 -3.4
v -2 7.3 -3.5
v -2.1 7.3 -3.6
v -2 7.3 -3.6
v -2.7 7.4 2
v -2.6 7.4 2
v -2.8 7.4 1.9
v -2.7 7.4 1.9
v -2.6 7.4 1.9
v -2.8 7.4 1.7
v -2.7 7.4 1.7
v -2.7 7.4 1.5
v -2.6 7.4 1.5
v -2.7 7.4 1.4
v -2.6 7.4 1.4
v 3.2 7.4 -2.6
v 3.3 7.4 -2.6
v 3.2 7.4 -2.7
v 3.3 7.4 -2.7
v 0.0999999 7.5 3.4
v 0.2 7.5 3.4
v 0 7.5 3.3
v 0.0999999 7.5 3.3
v -0.1 7.5 3.2
v 0 7.5 3.2
v 0.0999999 7.5 3.2
v 0.2 7.5 3.2
v -0.2 7.5 3.1
v -0.1 7.5 3.1
v 0 7.5 3.1
v 0.0999999 7.5 3.1
v 0.3 7.5 3.1
v 0.4 7.5 3.1
v -0.2 7.5 3
v 0 7.5 3
v 0.3 7.5 3
v 0.4 7.5 3
v -2.6 7.5 2.1
v -2.4 7.5 2.1
v -2.4 7.5 2
v -2.3 7.5 2
v 1.4 7.5 2
v 1.6 7.5 2
v -2.7 7.5 1.9
v -2.6 7.5 1.9
v -2.3 7.5 1.9
v 1.2 7.5 1.9
v 1.4 7.5 1.9
v 1.6 7.5 1.9
v 1.7 7.5 1.9
v 1.8 7.5 1.9
v -2.5 7.5 1.8
v -2.3 7.5 1.8
v 1.2 7.5 1.8
v 1.6 7.5 1.8
v 1.7 7.5 1.8
v 1.8 7.5 1.8
v -2.6 7.5 1.7
v -2.5 7.5 1.7
v -2.7 7.5 1.5
v -2.6 7.5 1.5
v 2.1 7.5 1.5
v 2.2 7.5 1.5
v -2.7 7.5 1.4
v -2.6 7.5 1.4
v -2.5 7.5 1.4
v 2 7.5 1.4
v 2.1 7.5 1.4
v 2.2 7.5 1.4
v -2.7 7.5 1.3
v -2.6 7.5 1.3
v -2.5 7.5 1.3
v 2 7.5 1.3
v 2.1 7.5 1.3
v 3.7 7.5 0.0999997
v 3.8 7.5 0.0999997
v 3.7 7.5 -2.38419e-07
v 3.8 7.5 -2.38419e-07
v 3.9 7.5 -2.38419e-07
v -0.4 7.5 -0.1
v -0.3 7.5 -0.1
v 3.8 7.5 -0.1
v 3.9 7.5 -0.1
v 4 7.5 -0.1
v -0.4 7.5 -0.2
v -0.3 7.5 -0.2
v 3.9 7.5 -0.2
v 4 7.5 -0.2
v 3.7 7.5 -0.3
v 3.9 7.5 -0.3
v 3.8 7.5 -0.4
v 3.9 7.5 -0.4
v 3.7 7.5 -0.5
v 3.8 7.5 -0.5
v -3.7 7.5 -0.6
v -3.6 7.5 -0.6
v -3.8 7.5 -0.7
v -3.7 7.5 -0.7
v -3.6 7.5 -0.7
v -3.8 7.5 -0.8
v -3.7 7.5 -0.8
v 3.2 7.5 -2.2
v 3.3 7.5 -2.2
v 3.2 7.5 -2.3
v 3.3 7.5 -2.3
v 2.9 7.5 -2.5
v 3.2 7.5 -2.5
v 3.3 7.5 -2.5
v 2.9 7.5 -2.6
v 3 7.5 -2.6
v 3.3 7.5 -2.6
v 2.9 7.5 -2.7
v 3 7.5 -2.7
v -2 7.5 -3.1
v -1.9 7.5 -3.1
v -2.1 7.5 -3.2
v -2 7.5 -3.2
v -1.9 7.5 -3.2
v -2.1 7.5 -3.3
v -2 7.5 -3.3
v -2 7.5 -3.4
v -1.8 7.5 -3.4
v -2 7.5 -3.5
v -1.8 7.5 -3.5
v 0.2 7.5 -4
v 0.3 7.5 -4
v 0.6 7.5 -4
v 0.8 7.5 -4
v 0.2 7.5 -4.1
v 0.3 7.5 -4.1
v 0.5 7.5 -4.1
v 0.6 7.5 -4.1
v 0.7 7.5 -4.1
v 0.8 7.5 -4.1
v 0.4 7.5 -4.2
v 0.5 7.5 -4.2
v 0.6 7.5 -4.2
v 0.7 7.5 -4.2
v 0.5 7.5 -4.3
v 0.6 7.5 -4.3
v 0.4 7.5 -4.4
v 0.5 7.5 -4.4
v -2.5 7.6 1.8
v -2.4 7.6 1.8
v -2.6 7.6 1.7
v -2.5 7.6 1.7
v -2.4 7.6 1.7
v -2.6 7.6 1.4
v -2.5 7.6 1.4
v -0.1 7.6 -0.1
v 0 7.6 -0.1
v -0.1 7.6 -0.2
v 0 7.6 -0.2
v 0.0999999 7.7 3.2
v 0.2 7.7 3.2
v 0 7.7 3.1
v 0.0999999 7.7 3.1
v 0.2 7.7 3.1
v 0.3 7.7 3.1
v -0.2 7.7 3
v -0.1 7.7 3
v 0 7.7 3
v 0.3 7.7 3
v -0.2 7.7 2.9
v -0.1 7.7 2.9
v -2.2 7.7 2
v -2.1 7.7 2
v -2.3 7.7 1.9
v -2.2 7.7 1.9
v -2.1 7.7 1.9
v 1.6 7.7 1.9
v 1.7 7.7 1.9
v -2.4 7.7 1.8
v -2.3 7.7 1.8
v -2.2 7.7 1.8
v 1.1 7.7 1.8
v 1.3 7.7 1.8
v 1.4 7.7 1.8
v 1.6 7.7 1.8
v 1.7 7.7 1.8
v 1.8 7.7 1.8
v 2 7.7 1.8
v -2.5 7.7 1.7
v -2.4 7.7 1.7
v -2.3 7.7 1.7
v 1 7.7 1.7
v 1.1 7.7 1.7
v 1.2 7.7 1.7
v 1.3 7.7 1.7
v 1.4 7.7 1.7
v 1.5 7.7 1.7
v 2 7.7 1.7
v 2.1 7.7 1.7
v -2.5 7.7 1.6
v -2.4 7.7 1.6
v 1 7.7 1.6
v 1.2 7.7 1.6
v 1.5 7.7 1.6
v 1.6 7.7 1.6
v 1.8 7.7 1.4
v 2 7.7 1.4
v 2.1 7.7 1.4
v 2 7.7 1.3
v 2.1 7.7 1.3
v 1.9 7.7 1.2
v 2 7.7 1.2
v 1.9 7.7 1.1
v 2 7.7 1.1
v 2.1 7.7 1.1
v 0.6 7.7 0.4
v 0.7 7.7 0.4
v -0.1 7.7 0.3
v 0 7.7 0.3
v -0.1 7.7 0.2
v 0.5 7.7 0.2
v 0.6 7.7 0.2
v 0.2 7.7 0.0999997
v 0.3 7.7 0.0999997
v 0.4 7.7 0.0999997
v 0.5 7.7 0.0999997
v -0.1 7.7 -2.38419e-07
v 0 7.7 -2.38419e-07
v 0.2 7.7 -2.38419e-07
v 0.3 7.7 -2.38419e-07
v 0.4 7.7 -2.38419e-07
v 0.7 7.7 -2.38419e-07
v 0.8 7.7 -2.38419e-07
v 0.7 7.7 -0.1
v 0.8 7.7 -0.1
v 0.7 7.7 -0.7
v 0.8 7.7 -0.7
v 0.7 7.7 -0.8
v 0.8 7.7 -0.8
v 0.0999999 7.7 -0.9
v 0.2 7.7 -0.9
v 0.3 7.7 -0.9
v 0.4 7.7 -0.9
v 0.0999999 7.7 -1
v 0.2 7.7 -1
v 0.6 7.7 -1
v 0.7 7.7 -1
v 0 7.7 -1.1
v 0.0999999 7.7 -1.1
v 0.3 7.7 -1.1
v 0.4 7.7 -1.1
v 0 7.7 -1.2
v 0.0999999 7.7 -1.2
v -0.1 7.7 -1.3
v 0 7.7 -1.3
v 0.6 7.7 -1.3
v 0.7 7.7 -1.3
v -0.1 7.7 -1.4
v 0 7.7 -1.4
v -2.1 7.7 -3.3
v -2 7.7 -3.3
v -2.1 7.7 -3.4
v -2 7.7 -3.4
v 0.7 7.7 -3.9
v 0.8 7.7 -3.9
v 0.3 7.7 -4
v 0.6 7.7 -4
v 0.7 7.7 -4
v 0.8 7.7 -4
v 0.3 7.7 -4.1
v 0.4 7.7 -4.1
v 0.5 7.7 -4.1
v 0.6 7.7 -4.1
v 0.4 7.7 -4.2
v 0.5 7.7 -4.2
v 0.6 7.8 -2.38419e-07
v 0.7 7.8 -2.38419e-07
v 0.6 7.8 -0.1
v 0.7 7.8 -0.1
v -0.3 7.8 -0.2
v -0.2 7.8 -0.2
v -0.3 7.8 -0.3
v -0.2 7.8 -0.3
v 0.2 7.8 -0.8
v 0.3 7.8 -0.8
v 0.2 7.8 -0.9
v 0.3 7.8 -0.9
v -0.1 7.8 -1
v 0 7.8 -1
v 0.2 7.8 -1
v 0.3 7.8 -1
v -0.1 7.8 -1.1
v 0 7.8 -1.1
v -0.1 7.8 -1.2
v 0 7.8 -1.2
v -0.1 7.8 -1.3
v 0 7.8 -1.3
v -2 7.8 -3.3
v -1.9 7.8 -3.3
v -2 7.8 -3.4
v -1.9 7.8 -3.4
v -0.1 7.9 3
v 0.0999999 7.9 3
v 0.2 7.9 3
v 0.4 7.9 3
v -0.3 7.9 2.9
v -0.1 7.9 2.9
v 0.4 7.9 2.9
v 0.5 7.9 2.9
v -0.4 7.9 2.8
v -0.3 7.9 2.8
v 0 7.9 2.8
v 0.0999999 7.9 2.8
v 0.2 7.9 2.8
v 0.3 7.9 2.8
v 0.5 7.9 2.8
v 0.6 7.9 2.8
v -0.4 7.9 2.7
v 0 7.9 2.7
v 0.3 7.9 2.7
v 0.4 7.9 2.7
v 0.4 7.9 2.6
v 0.6 7.9 2.6
v 1.3 7.9 1.8
v 1.4 7.9 1.8
v 1.6 7.9 1.8
v 1.8 7.9 1.8
v 1.3 7.9 1.7
v 1.4 7.9 1.7
v 1.6 7.9 1.7
v -2.5 7.9 1.6
v -2.4 7.9 1.6
v -2.3 7.9 1.6
v 0.9 7.9 1.6
v 1 7.9 1.6
v 1.4 7.9 1.6
v 1.6 7.9 1.6
v 1.7 7.9 1.6
v -2.4 7.9 1.5
v -2.3 7.9 1.5
v 1 7.9 1.5
v 1.5 7.9 1.5
v 1.6 7.9 1.5
v 1.7 7.9 1.5
v 1.8 7.9 1.5
v 0.9 7.9 1.4
v 1 7.9 1.4
v 1.4 7.9 1.4
v 1.5 7.9 1.4
v 1.6 7.9 1.4
v 1.7 7.9 1.4
v -2.6 7.9 1.3
v -2.5 7.9 1.3
v -2.4 7.9 1.3
v -2.3 7.9 1.3
v 1.9 7.9 1.3
v 2 7.9 1.3
v -2.6 7.9 1.2
v -2.4 7.9 1.2
v 1.8 7.9 1.2
v 1.9 7.9 1.2
v 2 7.9 1.2
v -2.4 7.9 1.1
v -2.3 7.9 1.1
v 1.8 7.9 1.1
v 1.9 7.9 1.1
v 2 7.9 1.1
v -2.4 7.9 1
v -2.3 7.9 1
v 1.9 7.9 1
v 2 7.9 1
v -2.4 7.9 0.9
v -2.3 7.9 0.9
v -0.2 7.9 0.5
v -0.1 7.9 0.5
v 0.5 7.9 0.5
v 0.7 7.9 0.5
v -0.1 7.9 0.4
v 0.5 7.9 0.4
v 0.6 7.9 0.4
v 0.7 7.9 0.4
v -0.2 7.9 0.3
v -0.1 7.9 0.3
v 0.2 7.9 0.3
v 0.4 7.9 0.3
v -0.2 7.9 0.2
v -0.1 7.9 0.2
v 0 7.9 0.2
v 0.2 7.9 0.2
v 0.3 7.9 0.2
v 0.5 7.9 0.2
v 0.6 7.9 0.2
v 0.2 7.9 0.0999997
v 0.3 7.9 0.0999997
v 0.4 7.9 0.0999997
v 0.5 7.9 0.0999997
v 3.6 7.9 0.0999997
v 3.7 7.9 0.0999997
v -0.1 7.9 -2.38419e-07
v 0 7.9 -2.38419e-07
v 3.7 7.9 -2.38419e-07
v 3.8 7.9 -2.38419e-07
v -0.5 7.9 -0.1
v -0.4 7.9 -0.1
v -0.1 7.9 -0.1
v 0.2 7.9 -0.1
v 3.6 7.9 -0.1
v 3.7 7.9 -0.1
v 3.8 7.9 -0.1
v 3.9 7.9 -0.1
v -0.5 7.9 -0.2
v -0.4 7.9 -0.2
v -0.3 7.9 -0.2
v -0.2 7.9 -0.2
v -0.1 7.9 -0.2
v 3.7 7.9 -0.2
v 3.8 7.9 -0.2
v 3.9 7.9 -0.2
v 4 7.9 -0.2
v -0.3 7.9 -0.3
v 3.8 7.9 -0.3
v 4 7.9 -0.3
v -0.4 7.9 -0.4
v -0.3 7.9 -0.4
v 3.6 7.9 -0.4
v 3.7 7.9 -0.4
v 3.6 7.9 -0.5
v 3.7 7.9 -0.5
v -3.7 7.9 -0.7
v -3.6 7.9 -0.7
v -3.7 7.9 -0.8
v -3.6 7.9 -0.8
v 0.2 7.9 -1.1
v 0.4 7.9 -1.1
v 0.0999999 7.9 -1.2
v 0.2 7.9 -1.2
v 0.0999999 7.9 -1.3
v 0.2 7.9 -1.3
v 0.4 7.9 -1.3
v 0.6 7.9 -1.3
v -0.1 7.9 -1.4
v 0 7.9 -1.4
v 0.0999999 7.9 -1.4
v 0.2 7.9 -1.4
v 0.6 7.9 -1.4
v -0.1 7.9 -1.5
v 0.0999999 7.9 -1.5
v 3.1 7.9 -2.1
v 3.2 7.9 -2.1
v 3 7.9 -2.2
v 3.1 7.9 -2.2
v 3 7.9 -2.4
v 3.1 7.9 -2.4
v 2.7 7.9 -2.5
v 2.9 7.9 -2.5
v 3.1 7.9 -2.5
v 3.2 7.9 -2.5
v 2.7 7.9 -2.6
v 2.9 7.9 -2.6
v -1.9 7.9 -3.2
v -1.8 7.9 -3.2
v -1.9 7.9 -3.3
v -1.8 7.9 -3.3
v -1.6 7.9 -3.3
v -1.9 7.9 -3.4
v -1.6 7.9 -3.4
v 0 7.9 -3.6
v 0.2 7.9 -3.6
v 0.2 7.9 -3.7
v 0.3 7.9 -3.7
v 0.6 7.9 -3.7
v 1 7.9 -3.7
v 0 7.9 -3.8
v 0.0999999 7.9 -3.8
v 0.3 7.9 -3.8
v 0.4 7.9 -3.8
v 0.5 7.9 -3.8
v 0.6 7.9 -3.8
v 0.9 7.9 -3.8
v 1 7.9 -3.8
v 0.0999999 7.9 -3.9
v 0.2 7.9 -3.9
v 0.7 7.9 -3.9
v 0.9 7.9 -3.9
v 0.2 7.9 -4
v 0.4 7.9 -4
v 0.5 7.9 -4
v 0.7 7.9 -4
v -2 8 1.9
v -1.7 8 1.9
v -2 8 1.8
v -1.8 8 1.8
v -1.7 8 1.8
v -2.4 8 1.7
v -2.3 8 1.7
v -1.8 8 1.7
v -1.7 8 1.7
v 1.2 8 1.7
v 1.6 8 1.7
v -2.4 8 1.6
v -2.3 8 1.6
v 1 8 1.6
v 1.1 8 1.6
v 1.2 8 1.6
v 1.4 8 1.6
v 1.6 8 1.6
v -2.4 8 1.5
v -2.3 8 1.5
v 1 8 1.5
v 1.1 8 1.5
v 1.2 8 1.5
v 1.4 8 1.5
v 1.8 8 1.4
v 2 8 1.4
v -2.4 8 1.3
v -2.3 8 1.3
v 1.8 8 1.3
v 1.9 8 1.3
v 2 8 1.3
v 1.7 8 1.2
v 1.8 8 1.2
v -2.4 8 1.1
v -2.3 8 1.1
v 1.6 8 1.1
v 1.7 8 1.1
v 1.8 8 1.1
v -2.4 8 1
v -2.3 8 1
v -2.2 8 1
v 1.6 8 1
v 1.7 8 1
v 1.8 8 1
v 1.9 8 1
v -2.2 8 0.9
v -2.1 8 0.9
v 1.6 8 0.9
v 1.8 8 0.9
v 1.9 8 0.9
v -2.3 8 0.8
v -2.1 8 0.8
v -2 8 0.8
v 1.6 8 0.8
v 1.7 8 0.8
v 1.8 8 0.8
v -2.1 8 0.7
v -2 8 0.7
v -1.9 8 0.7
v -2 8 0.6
v -1.9 8 0.6
v -0.2 8 0.3
v -0.1 8 0.3
v -0.2 8 0.2
v -0.1 8 0.2
v -0.9 8 0.0999997
v -0.8 8 0.0999997
v -0.7 8 0.0999997
v -0.6 8 0.0999997
v -0.3 8 0.0999997
v -0.2 8 0.0999997
v 0.4 8 0.0999997
v 0.5 8 0.0999997
v 3.5 8 0.0999997
v 3.6 8 0.0999997
v -1 8 -2.38419e-07
v -0.9 8 -2.38419e-07
v -0.8 8 -2.38419e-07
v -0.7 8 -2.38419e-07
v -0.6 8 -2.38419e-07
v -0.4 8 -2.38419e-07
v -0.3 8 -2.38419e-07
v 0.4 8 -2.38419e-07
v 0.5 8 -2.38419e-07
v 0.9 8 -2.38419e-07
v 3.5 8 -2.38419e-07
v 3.6 8 -2.38419e-07
v -1 8 -0.1
v -0.9 8 -0.1
v -0.7 8 -0.1
v -0.4 8 -0.1
v -0.3 8 -0.1
v -0.1 8 -0.1
v 0.0999999 8 -0.1
v 0.5 8 -0.1
v 0.9 8 -0.1
v 3.6 8 -0.1
v 3.7 8 -0.1
v -0.5 8 -0.2
v -0.4 8 -0.2
v -0.3 8 -0.2
v -0.2 8 -0.2
v -0.1 8 -0.2
v 0.0999999 8 -0.2
v 0.3 8 -0.2
v 0.4 8 -0.2
v 3.7 8 -0.2
v 3.8 8 -0.2
v -3.4 8 -0.3
v -3.1 8 -0.3
v -0.5 8 -0.3
v -0.4 8 -0.3
v -0.3 8 -0.3
v -0.2 8 -0.3
v 0.3 8 -0.3
v 0.4 8 -0.3
v 0.5 8 -0.3
v 0.6 8 -0.3
v 0.7 8 -0.3
v 3.7 8 -0.3
v 3.8 8 -0.3
v -3.5 8 -0.4
v -3.4 8 -0.4
v -3.1 8 -0.4
v -0.4 8 -0.4
v -0.3 8 -0.4
v 0.4 8 -0.4
v 0.5 8 -0.4
v 0.6 8 -0.4
v 0.7 8 -0.4
v 3.6 8 -0.4
v 3.7 8 -0.4
v -0.2 8 -0.5
v 0 8 -0.5
v 0.3 8 -0.5
v 0.5 8 -0.5
v -3.6 8 -0.6
v -3.5 8 -0.6
v -3.4 8 -0.6
v -3.3 8 -0.6
v 0 8 -0.6
v 0.2 8 -0.6
v 0.5 8 -0.6
v 0.6 8 -0.6
v -3.4 8 -0.7
v -3.3 8 -0.7
v -0.4 8 -0.7
v -0.3 8 -0.7
v -0.2 8 -0.7
v 0 8 -0.7
v 0.4 8 -0.7
v 0.5 8 -0.7
v 0.6 8 -0.7
v -3.6 8 -0.8
v -3.5 8 -0.8
v -3.4 8 -0.8
v -3.3 8 -0.8
v -0.3 8 -0.8
v -0.2 8 -0.8
v 0.0999999 8 -0.8
v 0.2 8 -0.8
v 0.3 8 -0.8
v 0.5 8 -0.8
v 0.6 8 -0.8
v -3.5 8 -0.9
v -3.4 8 -0.9
v -3.3 8 -0.9
v -3.2 8 -0.9
v 0 8 -0.9
v 0.0999999 8 -0.9
v 0.2 8 -0.9
v 0.3 8 -0.9
v -3.2 8 -1
v -3 8 -1
v 0.2 8 -1
v 0.3 8 -1
v 0.4 8 -1
v 0.5 8 -1
v -3.4 8 -1.1
v -3 8 -1.1
v 0.0999999 8 -1.1
v 0.2 8 -1.1
v 0.4 8 -1.1
v 0.5 8 -1.1
v 0.0999999 8 -1.2
v 0.2 8 -1.2
v 0.4 8 -1.2
v 0.5 8 -1.2
v 0.0999999 8 -1.3
v 0.2 8 -1.3
v 0.4 8 -1.3
v 0.5 8 -1.3
v 0.6 8 -1.3
v 0.7 8 -1.3
v 0.0999999 8 -1.4
v 0.2 8 -1.4
v 0.6 8 -1.4
v 0.7 8 -1.4
v 3 8 -2
v 3.2 8 -2
v 3 8 -2.1
v 3.1 8 -2.1
v 3.2 8 -2.1
v 2.9 8 -2.2
v 3 8 -2.2
v 3 8 -2.4
v 3.1 8 -2.4
v 2.9 8 -2.5
v 3.1 8 -2.5
v -2 8 -3
v -1.9 8 -3
v -2 8 -3.1
v -1.9 8 -3.1
v -1.8 8 -3.1
v -2 8 -3.2
v -1.9 8 -3.2
v -1.8 8 -3.2
v -1.7 8 -3.2
v -1.6 8 -3.2
v -1.5 8 -3.2
v -2 8 -3.3
v -1.9 8 -3.3
v -1.8 8 -3.3
v -1.7 8 -3.3
v -1.6 8 -3.3
v -1.5 8 -3.3
v 0.0999999 8.1 0.0999997
v 0.2 8.1 0.0999997
v 0.0999999 8.1 -2.38419e-07
v 0.2 8.1 -2.38419e-07
v 0.4 8.1 -2.38419e-07
v 0.5 8.1 -2.38419e-07
v 0.4 8.1 -0.1
v 0.5 8.1 -0.1
v 0.6 8.1 -0.1
v -0.2 8.1 -0.2
v 0.0999999 8.1 -0.2
v 0.2 8.1 -0.2
v 0.5 8.1 -0.2
v 0.6 8.1 -0.2
v 0.0999999 8.1 -0.3
v 0.2 8.1 -0.3
v 0 8.1 -0.4
v 0.0999999 8.1 -0.4
v -0.2 8.1 -0.5
v 0 8.1 -0.5
v 0.3 8.1 -0.5
v 0 8.1 -0.6
v 0.2 8.1 -0.6
v 0.2 8.1 -0.8
v 0.3 8.1 -0.8
v 0 8.1 -1.4
v 0.0999999 8.1 -1.4
v 0.7 8.1 -1.4
v 0.8 8.1 -1.4
v 0 8.1 -1.5
v 0.0999999 8.1 -1.5
v 0.7 8.1 -1.5
v 0.8 8.1 -1.5
v 0.0999999 8.2 3
v 0.2 8.2 3
v 0 8.2 2.8
v 0.0999999 8.2 2.8
v 0.2 8.2 2.8
v 0.3 8.2 2.8
v -0.4 8.2 2.7
v -0.1 8.2 2.7
v 0 8.2 2.7
v 0.3 8.2 2.7
v 0.4 8.2 2.7
v -0.2 8.2 2.6
v -0.1 8.2 2.6
v 0.3 8.2 2.6
v 0.4 8.2 2.6
v -0.4 8.2 2.5
v -0.2 8.2 2.5
v 0.6 8.2 2.5
v 0.7 8.2 2.5
v 0.6 8.2 2.4
v 0.7 8.2 2.4
v -2.2 8.2 1.9
v -2 8.2 1.9
v -2.3 8.2 1.8
v -2.2 8.2 1.8
v -2 8.2 1.8
v -1.8 8.2 1.8
v -1.7 8.2 1.8
v -1.6 8.2 1.8
v -1.9 8.2 1.7
v -1.8 8.2 1.7
v -1.7 8.2 1.7
v -1.6 8.2 1.7
v 1.6 8.2 1.7
v 1.7 8.2 1.7
v -2.3 8.2 1.6
v -2.1 8.2 1.6
v -2 8.2 1.6
v -1.9 8.2 1.6
v -1.8 8.2 1.6
v -1.7 8.2 1.6
v 1.1 8.2 1.6
v 1.2 8.2 1.6
v 1.6 8.2 1.6
v 1.7 8.2 1.6
v -2.1 8.2 1.5
v -2 8.2 1.5
v -1.9 8.2 1.5
v 0.9 8.2 1.5
v 1.1 8.2 1.5
v 1.2 8.2 1.5
v 1.3 8.2 1.5
v -2.1 8.2 1.4
v -2 8.2 1.4
v -1.9 8.2 1.4
v 0.7 8.2 1.4
v 0.8 8.2 1.4
v 0.9 8.2 1.4
v 1.1 8.2 1.4
v 1.2 8.2 1.4
v 1.3 8.2 1.4
v -2.2 8.2 1.3
v -2.1 8.2 1.3
v 0.8 8.2 1.3
v -2.3 8.2 1.2
v -2.2 8.2 1.2
v -2 8.2 1.2
v 0.7 8.2 1.2
v 0.8 8.2 1.2
v 0.7 8.2 1.1
v 0.8 8.2 1.1
v 1.7 8.2 1.1
v 1.8 8.2 1.1
v 1.9 8.2 1.1
v -2.3 8.2 1
v -2.2 8.2 1
v 0.8 8.2 1
v 1.6 8.2 1
v 1.7 8.2 1
v 1.8 8.2 1
v 1.9 8.2 1
v -0.3 8.2 0.9
v -0.2 8.2 0.9
v 0.7 8.2 0.9
v 0.8 8.2 0.9
v 1.6 8.2 0.9
v 1.7 8.2 0.9
v 1.8 8.2 0.9
v 0.5 8.2 0.8
v 0.6 8.2 0.8
v -0.3 8.2 0.7
v -0.2 8.2 0.7
v -0.1 8.2 0.7
v 0.5 8.2 0.7
v 0.6 8.2 0.7
v 0.7 8.2 0.7
v -0.3 8.2 0.6
v -0.2 8.2 0.6
v 0.6 8.2 0.6
v 0.7 8.2 0.6
v -0.4 8.2 0.5
v -0.3 8.2 0.5
v -0.2 8.2 0.5
v -0.1 8.2 0.5
v -0.5 8.2 0.4
v -0.4 8.2 0.4
v 0.2 8.2 0.4
v 0.3 8.2 0.4
v -0.5 8.2 0.3
v -0.4 8.2 0.3
v 0.2 8.2 0.3
v 3.3 8.2 0.3
v 3.4 8.2 0.3
v 0.2 8.2 0.2
v 0.3 8.2 0.2
v 3.4 8.2 0.2
v 3.5 8.2 0.2
v -0.6 8.2 0.0999997
v -0.5 8.2 0.0999997
v -0.4 8.2 0.0999997
v -0.3 8.2 0.0999997
v -0.2 8.2 0.0999997
v -0.7 8.2 -2.38419e-07
v -0.6 8.2 -2.38419e-07
v -0.5 8.2 -2.38419e-07
v -0.4 8.2 -2.38419e-07
v 3.5 8.2 -2.38419e-07
v 3.6 8.2 -2.38419e-07
v -0.5 8.2 -0.1
v -0.4 8.2 -0.1
v 0.7 8.2 -0.1
v 0.8 8.2 -0.1
v 3.3 8.2 -0.1
v 3.4 8.2 -0.1
v 0.7 8.2 -0.2
v 0.8 8.2 -0.2
v 1 8.2 -0.2
v 3.4 8.2 -0.2
v 3.6 8.2 -0.2
v -3.1 8.2 -0.3
v -3 8.2 -0.3
v -0.5 8.2 -0.3
v -0.4 8.2 -0.3
v 0.2 8.2 -0.3
v 0.3 8.2 -0.3
v 0.8 8.2 -0.3
v 0.9 8.2 -0.3
v 3.4 8.2 -0.3
v 3.6 8.2 -0.3
v -3.4 8.2 -0.4
v -3.1 8.2 -0.4
v -0.7 8.2 -0.4
v -0.6 8.2 -0.4
v 0.0999999 8.2 -0.4
v 0.2 8.2 -0.4
v 0.3 8.2 -0.4
v 0.5 8.2 -0.4
v 0.6 8.2 -0.4
v 0.9 8.2 -0.4
v 3.3 8.2 -0.4
v 3.4 8.2 -0.4
v -0.6 8.2 -0.5
v -0.4 8.2 -0.5
v 0.0999999 8.2 -0.5
v 0.5 8.2 -0.5
v 3.2 8.2 -0.5
v 3.3 8.2 -0.5
v 3.5 8.2 -0.5
v 3.6 8.2 -0.5
v -3.4 8.2 -0.6
v -3.3 8.2 -0.6
v -0.6 8.2 -0.6
v -0.4 8.2 -0.6
v 0.5 8.2 -0.6
v 0.6 8.2 -0.6
v 0.9 8.2 -0.6
v 1 8.2 -0.6
v 1.1 8.2 -0.6
v 3.4 8.2 -0.6
v 3.5 8.2 -0.6
v -3.4 8.2 -0.7
v -3.3 8.2 -0.7
v -0.7 8.2 -0.7
v -0.6 8.2 -0.7
v -0.4 8.2 -0.7
v -0.3 8.2 -0.7
v -0.2 8.2 -0.7
v 0 8.2 -0.7
v 0.4 8.2 -0.7
v 0.5 8.2 -0.7
v 0.6 8.2 -0.7
v 1 8.2 -0.7
v 1.1 8.2 -0.7
v 3.2 8.2 -0.7
v 3.4 8.2 -0.7
v -3.4 8.2 -0.8
v -3.3 8.2 -0.8
v -0.8 8.2 -0.8
v -0.7 8.2 -0.8
v -0.3 8.2 -0.8
v -0.2 8.2 -0.8
v 0.0999999 8.2 -0.8
v 0.2 8.2 -0.8
v 0.5 8.2 -0.8
v 0.6 8.2 -0.8
v 0.8 8.2 -0.8
v 0.9 8.2 -0.8
v -3.3 8.2 -0.9
v -3.2 8.2 -0.9
v -3 8.2 -0.9
v -2.9 8.2 -0.9
v -0.7 8.2 -0.9
v -0.5 8.2 -0.9
v -0.4 8.2 -0.9
v -0.3 8.2 -0.9
v 0 8.2 -0.9
v 0.0999999 8.2 -0.9
v 0.2 8.2 -0.9
v 0.3 8.2 -0.9
v 0.7 8.2 -0.9
v 0.8 8.2 -0.9
v -3.2 8.2 -1
v -3 8.2 -1
v -0.8 8.2 -1
v -0.7 8.2 -1
v -0.5 8.2 -1
v -0.4 8.2 -1
v -0.3 8.2 -1
v -0.2 8.2 -1
v 0.2 8.2 -1
v 0.3 8.2 -1
v 0.4 8.2 -1
v 0.5 8.2 -1
v 0.6 8.2 -1
v 0.7 8.2 -1
v -3 8.2 -1.1
v -2.9 8.2 -1.1
v -0.2 8.2 -1.1
v -0.1 8.2 -1.1
v 0.0999999 8.2 -1.1
v 0.2 8.2 -1.1
v 0.4 8.2 -1.1
v 0.5 8.2 -1.1
v -0.1 8.2 -1.2
v 0 8.2 -1.2
v 0.4 8.2 -1.2
v 0.5 8.2 -1.2
v 0.5 8.2 -1.3
v 0.6 8.2 -1.3
v 0 8.2 -1.4
v 0.0999999 8.2 -1.4
v 0.3 8.2 -1.4
v 0 8.2 -1.5
v 0.0999999 8.2 -1.5
v 0.3 8.2 -1.5
v 0.7 8.2 -1.5
v 0.8 8.2 -1.5
v 0.8 8.2 -1.6
v 0.9 8.2 -1.6
v 0.7 8.2 -1.7
v 0.8 8.2 -1.7
v 0.9 8.2 -1.7
v -0.2 8.2 -1.8
v -0.1 8.2 -1.8
v 0 8.2 -1.8
v 0.0999999 8.2 -1.8
v 2.9 8.2 -1.8
v 3.1 8.2 -1.8
v 0.8 8.2 -1.9
v 0.9 8.2 -1.9
v 3.1 8.2 -1.9
v 3.2 8.2 -1.9
v 2.8 8.2 -2
v 2.9 8.2 -2
v 3 8.2 -2
v 3.2 8.2 -2
v 3 8.2 -2.1
v 3.1 8.2 -2.1
v 2.9 8.2 -2.2
v 3.1 8.2 -2.2
v 2.5 8.2 -2.3
v 2.6 8.2 -2.3
v 2.8 8.2 -2.3
v 2.9 8.2 -2.3
v -0.2 8.2 -2.4
v -0.1 8.2 -2.4
v 2.4 8.2 -2.4
v 2.5 8.2 -2.4
v 2.6 8.2 -2.4
v 2.9 8.2 -2.4
v -1.9 8.2 -2.5
v -1.8 8.2 -2.5
v 2.3 8.2 -2.5
v 2.4 8.2 -2.5
v 2.7 8.2 -2.5
v 2.9 8.2 -2.5
v -2 8.2 -2.6
v -1.9 8.2 -2.6
v 2.3 8.2 -2.6
v 2.7 8.2 -2.6
v -1.8 8.2 -2.9
v -1.7 8.2 -2.9
v -2 8.2 -3
v -1.9 8.2 -3
v -1.8 8.2 -3
v -1.7 8.2 -3
v -1.4 8.2 -3
v -1.9 8.2 -3.1
v -1.8 8.2 -3.1
v -1.7 8.2 -3.1
v -1.4 8.2 -3.1
v -1.3 8.2 -3.1
v -1.8 8.2 -3.2
v -1.7 8.2 -3.2
v -1.6 8.2 -3.2
v -1.5 8.2 -3.2
v -1.3 8.2 -3.2
v -1.2 8.2 -3.2
v -1.7 8.2 -3.3
v -1.6 8.2 -3.3
v -1.5 8.2 -3.3
v -1.2 8.2 -3.3
v -0.1 8.2 -3.4
v 0 8.2 -3.4
v -0.1 8.2 -3.5
v 0 8.2 -3.5
v 0.8 8.2 -3.5
v 1 8.2 -3.5
v 0.2 8.2 -3.6
v 0.3 8.2 -3.6
v 0.7 8.2 -3.6
v 0.8 8.2 -3.6
v 0.2 8.2 -3.7
v 0.3 8.2 -3.7
v 0.6 8.2 -3.7
v 0.7 8.2 -3.7
v 1 8.2 -3.7
v 0.3 8.2 -3.8
v 0.4 8.2 -3.8
v 0.5 8.2 -3.8
v 0.6 8.2 -3.8
v 0.4 8.2 -4
v 0.5 8.2 -4
v 0.4 8.3 0.0999997
v 0.5 8.3 0.0999997
v 0.4 8.3 -2.38419e-07
v 0.5 8.3 -2.38419e-07
v 0.6 8.3 -2.38419e-07
v 0.7 8.3 -2.38419e-07
v 0.6 8.3 -0.1
v 0.7 8.3 -0.1
v -0.1 8.4 2.7
v 0.3 8.4 2.7
v -0.2 8.4 2.6
v -0.1 8.4 2.6
v 0.0999999 8.4 2.6
v 0.2 8.4 2.6
v 0.3 8.4 2.6
v 0.6 8.4 2.6
v -0.4 8.4 2.5
v -0.2 8.4 2.5
v -0.1 8.4 2.5
v 0.0999999 8.4 2.5
v 0.2 8.4 2.5
v 0.3 8.4 2.5
v 0.4 8.4 2.5
v 0.5 8.4 2.5
v 0.4 8.4 2.4
v 0.5 8.4 2.4
v 0.6 8.4 2.4
v 0.7 8.4 2.4
v -0.4 8.4 2.3
v -0.1 8.4 2.3
v 0.3 8.4 2.3
v 0.6 8.4 2.3
v 0.6 8.4 2.2
v 0.7 8.4 2.2
v 0.7 8.4 1.9
v 0.8 8.4 1.9
v -1.9 8.4 1.7
v -1.8 8.4 1.7
v -1.7 8.4 1.7
v -1.5 8.4 1.7
v -2.3 8.4 1.6
v -2.1 8.4 1.6
v -2 8.4 1.6
v -1.9 8.4 1.6
v -1.8 8.4 1.6
v -1.7 8.4 1.6
v -1.6 8.4 1.6
v -1.5 8.4 1.6
v -1.2 8.4 1.6
v 0.7 8.4 1.6
v 0.8 8.4 1.6
v 1.4 8.4 1.6
v 1.8 8.4 1.6
v -2.1 8.4 1.5
v -2 8.4 1.5
v -1.7 8.4 1.5
v -1.6 8.4 1.5
v -1.5 8.4 1.5
v -1.3 8.4 1.5
v -1.2 8.4 1.5
v 1.4 8.4 1.5
v 1.5 8.4 1.5
v -2.2 8.4 1.4
v -2.1 8.4 1.4
v -1.5 8.4 1.4
v -1.3 8.4 1.4
v -0.4 8.4 1.4
v -0.2 8.4 1.4
v 1.5 8.4 1.4
v 1.6 8.4 1.4
v 1.6 8.4 1.3
v 1.7 8.4 1.3
v 1.8 8.4 1.3
v 1.9 8.4 1.3
v -2.3 8.4 1.2
v -2.2 8.4 1.2
v -2.1 8.4 1.2
v 0.6 8.4 1.2
v 0.7 8.4 1.2
v 0.8 8.4 1.2
v 1.7 8.4 1.2
v 1.8 8.4 1.2
v 1.9 8.4 1.2
v 0.7 8.4 1.1
v 0.8 8.4 1.1
v -2.1 8.4 1
v -2 8.4 1
v -0.4 8.4 1
v -0.3 8.4 1
v 0.3 8.4 1
v 0.4 8.4 1
v 0.5 8.4 1
v 0.6 8.4 1
v 0.7 8.4 1
v -2.2 8.4 0.9
v -2.1 8.4 0.9
v -0.3 8.4 0.9
v -0.2 8.4 0.9
v 0.3 8.4 0.9
v 0.4 8.4 0.9
v 0.5 8.4 0.9
v 0.6 8.4 0.9
v 1.5 8.4 0.9
v 1.6 8.4 0.9
v 1.7 8.4 0.9
v -0.6 8.4 0.8
v -0.5 8.4 0.8
v -0.2 8.4 0.8
v 0.0999999 8.4 0.8
v 1.7 8.4 0.8
v 1.8 8.4 0.8
v -2.1 8.4 0.7
v -2 8.4 0.7
v -0.6 8.4 0.7
v -0.5 8.4 0.7
v -0.3 8.4 0.7
v -0.2 8.4 0.7
v -0.1 8.4 0.7
v 0.0999999 8.4 0.7
v 0.2 8.4 0.7
v 0.3 8.4 0.7
v 0.4 8.4 0.7
v -0.4 8.4 0.6
v -0.3 8.4 0.6
v -0.2 8.4 0.6
v 1.5 8.4 0.6
v 1.6 8.4 0.6
v 1.7 8.4 0.6
v 1.8 8.4 0.6
v -0.5 8.4 0.5
v -0.4 8.4 0.5
v -0.3 8.4 0.5
v 0.2 8.4 0.5
v 0.3 8.4 0.5
v 1.6 8.4 0.5
v 1.7 8.4 0.5
v -0.6 8.4 0.4
v -0.5 8.4 0.4
v -0.4 8.4 0.4
v -0.1 8.4 0.4
v 0.3 8.4 0.4
v -1.2 8.4 0.3
v -1.1 8.4 0.3
v -0.7 8.4 0.3
v -0.6 8.4 0.3
v -0.5 8.4 0.3
v -0.4 8.4 0.3
v 0.0999999 8.4 0.3
v 0.2 8.4 0.3
v -1.4 8.4 0.2
v -1.2 8.4 0.2
v -0.9 8.4 0.2
v -0.8 8.4 0.2
v 0.2 8.4 0.2
v 0.3 8.4 0.2
v -1.4 8.4 0.0999997
v -1.2 8.4 0.0999997
v -1 8.4 0.0999997
v -0.9 8.4 0.0999997
v -0.8 8.4 0.0999997
v -0.7 8.4 0.0999997
v -0.6 8.4 0.0999997
v -0.5 8.4 0.0999997
v -0.4 8.4 0.0999997
v -0.3 8.4 0.0999997
v 0.4 8.4 0.0999997
v -1.2 8.4 -2.38419e-07
v -1.1 8.4 -2.38419e-07
v -1 8.4 -2.38419e-07
v -0.9 8.4 -2.38419e-07
v -0.8 8.4 -2.38419e-07
v -0.7 8.4 -2.38419e-07
v -0.4 8.4 -2.38419e-07
v -0.3 8.4 -2.38419e-07
v 0.4 8.4 -2.38419e-07
v 0.5 8.4 -2.38419e-07
v 0.6 8.4 -2.38419e-07
v 0.7 8.4 -2.38419e-07
v 0.8 8.4 -2.38419e-07
v 0.4 8.4 -0.1
v 0.5 8.4 -0.1
v 0.6 8.4 -0.1
v 0.7 8.4 -0.1
v 0.8 8.4 -0.1
v 0.9 8.4 -0.1
v 0.0999999 8.4 -0.2
v 0.2 8.4 -0.2
v 0.7 8.4 -0.2
v 0.8 8.4 -0.2
v 0.9 8.4 -0.2
v 0.0999999 8.4 -0.3
v 0.2 8.4 -0.3
v 0.3 8.4 -0.3
v 0.8 8.4 -0.3
v 0.9 8.4 -0.3
v 0 8.4 -0.4
v 0.0999999 8.4 -0.4
v 0.2 8.4 -0.4
v 0.3 8.4 -0.4
v 0.9 8.4 -0.4
v 0 8.4 -0.5
v 0.0999999 8.4 -0.5
v 0.3 8.4 -1.4
v 0.7 8.4 -1.4
v 0.0999999 8.4 -1.5
v 0.3 8.4 -1.5
v 0.4 8.4 -1.5
v 0.2 8.4 -1.7
v 0.3 8.4 -1.7
v 0.4 8.4 -1.7
v 0.5 8.4 -1.7
v 0.7 8.4 -1.7
v 0.8 8.4 -1.7
v -0.1 8.4 -1.8
v 0 8.4 -1.8
v 0.0999999 8.4 -1.8
v 0.2 8.4 -1.8
v 0.5 8.4 -1.8
v 0.8 8.4 -1.8
v 0.2 8.4 -1.9
v 0.3 8.4 -1.9
v 0.8 8.4 -1.9
v 0.9 8.4 -1.9
v 0 8.4 -2
v 0.0999999 8.4 -2
v 0.2 8.4 -2
v 0.3 8.4 -2
v 0.9 8.4 -2
v 1 8.4 -2
v -0.1 8.4 -2.2
v 0 8.4 -2.2
v 0.8 8.4 -2.4
v 1 8.4 -2.4
v -0.2 8.4 -2.6
v -0.1 8.4 -2.6
v -0.2 8.4 -2.9
v -0.1 8.4 -2.9
v -0.1 8.4 -3.2
v 0 8.4 -3.2
v 0 8.4 -3.3
v 0.3 8.4 -3.3
v 0.7 8.4 -3.3
v 1 8.4 -3.3
v -0.1 8.4 -3.4
v 0 8.4 -3.4
v 0.0999999 8.4 -3.4
v 0.2 8.4 -3.4
v 0.0999999 8.4 -3.5
v 0.2 8.4 -3.5
v 0.3 8.4 -3.5
v 0.4 8.4 -3.5
v 0.5 8.4 -3.5
v 0.7 8.4 -3.5
v 0.8 8.4 -3.5
v 1 8.4 -3.5
v 0 8.4 -3.6
v 0.3 8.4 -3.6
v 0.4 8.4 -3.6
v 0.5 8.4 -3.6
v 0.7 8.4 -3.6
v 0.8 8.4 -3.6
v 0.3 8.4 -3.7
v 0.7 8.4 -3.7
v 0.0999999 8.5 2.6
v 0.2 8.5 2.6
v -0.1 8.5 2.5
v 0.0999999 8.5 2.5
v 0.2 8.5 2.5
v 0.3 8.5 2.5
v 0.4 8.5 2.5
v 0.5 8.5 2.5
v 0.0999999 8.5 2.4
v 0.2 8.5 2.4
v 0.4 8.5 2.4
v 0.5 8.5 2.4
v -0.4 8.5 2.3
v -0.1 8.5 2.3
v 0.0999999 8.5 2.3
v 0.3 8.5 2.3
v 0.6 8.5 2.3
v -0.2 8.5 2.2
v -0.1 8.5 2.2
v 0.2 8.5 2.2
v 0.6 8.5 2.2
v 0.7 8.5 2.2
v -0.4 8.5 2.1
v -0.2 8.5 2.1
v 0.6 8.5 1.8
v 0.7 8.5 1.8
v -0.4 8.5 1.7
v -0.1 8.5 1.7
v -1.7 8.5 1.6
v -1.6 8.5 1.6
v -1.7 8.5 1.5
v -1.6 8.5 1.5
v -1.5 8.5 1.5
v -1.3 8.5 1.5
v -1.2 8.5 1.5
v 1.1 8.5 1.5
v 1.2 8.5 1.5
v 1.4 8.5 1.5
v 1.5 8.5 1.5
v -1.7 8.5 1.4
v -1.6 8.5 1.4
v -1.5 8.5 1.4
v -1.3 8.5 1.4
v -1.2 8.5 1.4
v -0.4 8.5 1.4
v -0.2 8.5 1.4
v 0.6 8.5 1.4
v 0.7 8.5 1.4
v 1 8.5 1.4
v 1.1 8.5 1.4
v 1.2 8.5 1.4
v 1.4 8.5 1.4
v 1.5 8.5 1.4
v -1.6 8.5 1.3
v -1.5 8.5 1.3
v 0.5 8.5 1.3
v 0.6 8.5 1.3
v 1 8.5 1.3
v 1.1 8.5 1.3
v -1.5 8.5 1.2
v -1.3 8.5 1.2
v -1.2 8.5 1.2
v 0.6 8.5 1.2
v 0.7 8.5 1.2
v 1.6 8.5 1.2
v 1.7 8.5 1.2
v 1.8 8.5 1.2
v -1.3 8.5 1.1
v -1.2 8.5 1.1
v 0.7 8.5 1.1
v 0.8 8.5 1.1
v 1.5 8.5 1.1
v 1.6 8.5 1.1
v 1.7 8.5 1.1
v 1.8 8.5 1.1
v -0.1 8.5 1
v 0 8.5 1
v 0.4 8.5 1
v 0.5 8.5 1
v 0.6 8.5 1
v 0.7 8.5 1
v 0.8 8.5 1
v 1.6 8.5 1
v 1.7 8.5 1
v 0 8.5 0.9
v 0.0999999 8.5 0.9
v 0.5 8.5 0.9
v 0.6 8.5 0.9
v 0.7 8.5 0.9
v 1.5 8.5 0.9
v 1.6 8.5 0.9
v -0.7 8.5 0.8
v -0.6 8.5 0.8
v -0.2 8.5 0.8
v 0.0999999 8.5 0.8
v 0.4 8.5 0.8
v -0.8 8.5 0.7
v -0.7 8.5 0.7
v -0.6 8.5 0.7
v -0.5 8.5 0.7
v -0.3 8.5 0.7
v 0.0999999 8.5 0.7
v 0.2 8.5 0.7
v 0.3 8.5 0.7
v 0.4 8.5 0.7
v 0.5 8.5 0.7
v 0.6 8.5 0.7
v -0.8 8.5 0.6
v -0.7 8.5 0.6
v -0.6 8.5 0.6
v -0.5 8.5 0.6
v -0.4 8.5 0.6
v -0.3 8.5 0.6
v 0.6 8.5 0.6
v 0.7 8.5 0.6
v -1.7 8.5 0.5
v -1.6 8.5 0.5
v -0.6 8.5 0.5
v -0.5 8.5 0.5
v -0.4 8.5 0.5
v 0.2 8.5 0.5
v 0.3 8.5 0.5
v 0.4 8.5 0.5
v 0.6 8.5 0.5
v -1.7 8.5 0.4
v -1.6 8.5 0.4
v -1.5 8.5 0.4
v -0.8 8.5 0.4
v -0.7 8.5 0.4
v -0.6 8.5 0.4
v -0.5 8.5 0.4
v 0.4 8.5 0.4
v 0.5 8.5 0.4
v 0.6 8.5 0.4
v 0.7 8.5 0.4
v -1.7 8.5 0.3
v -1.5 8.5 0.3
v -1.4 8.5 0.3
v -1.3 8.5 0.3
v -1.2 8.5 0.3
v -1.1 8.5 0.3
v -0.8 8.5 0.3
v -0.7 8.5 0.3
v -0.6 8.5 0.3
v -0.5 8.5 0.3
v 3.1 8.5 0.3
v 3.3 8.5 0.3
v -1.5 8.5 0.2
v -1.4 8.5 0.2
v -1.3 8.5 0.2
v -1.2 8.5 0.2
v -1.1 8.5 0.2
v -1 8.5 0.2
v -0.9 8.5 0.2
v -0.8 8.5 0.2
v 1 8.5 0.2
v 1.2 8.5 0.2
v 1.3 8.5 0.2
v 1.4 8.5 0.2
v 1.5 8.5 0.2
v -1.1 8.5 0.0999997
v -1 8.5 0.0999997
v -0.9 8.5 0.0999997
v -0.8 8.5 0.0999997
v -0.7 8.5 0.0999997
v -0.5 8.5 0.0999997
v -0.4 8.5 0.0999997
v 0.4 8.5 0.0999997
v 0.5 8.5 0.0999997
v 0.6 8.5 0.0999997
v 0.7 8.5 0.0999997
v 1 8.5 0.0999997
v 1.2 8.5 0.0999997
v 1.3 8.5 0.0999997
v 1.5 8.5 0.0999997
v 3.1 8.5 0.0999997
v 3.2 8.5 0.0999997
v -1.1 8.5 -2.38419e-07
v -1 8.5 -2.38419e-07
v -0.9 8.5 -2.38419e-07
v -0.7 8.5 -2.38419e-07
v -0.6 8.5 -2.38419e-07
v -0.4 8.5 -2.38419e-07
v 0.6 8.5 -2.38419e-07
v 0.7 8.5 -2.38419e-07
v 0.8 8.5 -2.38419e-07
v 1 8.5 -2.38419e-07
v 1.2 8.5 -2.38419e-07
v 1.3 8.5 -2.38419e-07
v 3.2 8.5 -2.38419e-07
v 3.3 8.5 -2.38419e-07
v -2.8 8.5 -0.1
v -2.5 8.5 -0.1
v 0.8 8.5 -0.1
v 0.9 8.5 -0.1
v 3.3 8.5 -0.1
v 3.4 8.5 -0.1
v -2.9 8.5 -0.2
v -2.8 8.5 -0.2
v -2.7 8.5 -0.2
v -2.5 8.5 -0.2
v -0.9 8.5 -0.2
v -0.8 8.5 -0.2
v 0.9 8.5 -0.2
v 1 8.5 -0.2
v 3.4 8.5 -0.2
v 3.6 8.5 -0.2
v -2.9 8.5 -0.3
v -2.7 8.5 -0.3
v -0.8 8.5 -0.3
v -0.7 8.5 -0.3
v 3.4 8.5 -0.3
v 3.6 8.5 -0.3
v -0.7 8.5 -0.4
v -0.6 8.5 -0.4
v 1 8.5 -0.4
v 1.1 8.5 -0.4
v 3.2 8.5 -0.4
v 3.3 8.5 -0.4
v 3.4 8.5 -0.4
v -0.6 8.5 -0.5
v -0.4 8.5 -0.5
v 3.2 8.5 -0.5
v 3.3 8.5 -0.5
v -0.6 8.5 -0.6
v -0.4 8.5 -0.6
v 1 8.5 -0.6
v 1.1 8.5 -0.6
v 1.4 8.5 -0.6
v -3 8.5 -0.7
v -2.9 8.5 -0.7
v -0.8 8.5 -0.7
v -0.7 8.5 -0.7
v -0.6 8.5 -0.7
v 1.1 8.5 -0.7
v 1.2 8.5 -0.7
v 1.3 8.5 -0.7
v 1.4 8.5 -0.7
v 3 8.5 -0.7
v 3.1 8.5 -0.7
v -0.8 8.5 -0.8
v -0.7 8.5 -0.8
v 1.7 8.5 -0.8
v 2 8.5 -0.8
v 3 8.5 -0.8
v 3.1 8.5 -0.8
v -3 8.5 -0.9
v -2.9 8.5 -0.9
v -2.6 8.5 -0.9
v -0.7 8.5 -0.9
v -0.5 8.5 -0.9
v -0.4 8.5 -0.9
v -0.3 8.5 -0.9
v 0.7 8.5 -0.9
v 0.8 8.5 -0.9
v 1.2 8.5 -0.9
v 1.3 8.5 -0.9
v 1.7 8.5 -0.9
v 1.9 8.5 -0.9
v 2 8.5 -0.9
v -1 8.5 -1
v -0.8 8.5 -1
v -0.7 8.5 -1
v -0.5 8.5 -1
v -0.4 8.5 -1
v -0.3 8.5 -1
v -0.2 8.5 -1
v 0.6 8.5 -1
v 0.7 8.5 -1
v -2.9 8.5 -1.1
v -2.6 8.5 -1.1
v -2 8.5 -1.1
v -1 8.5 -1.1
v -0.8 8.5 -1.1
v -0.7 8.5 -1.1
v -0.6 8.5 -1.1
v -0.5 8.5 -1.1
v -0.4 8.5 -1.1
v -0.2 8.5 -1.1
v 0.7 8.5 -1.1
v 0.8 8.5 -1.1
v -2.6 8.5 -1.2
v -2 8.5 -1.2
v -1.1 8.5 -1.2
v -1 8.5 -1.2
v -0.9 8.5 -1.2
v -0.8 8.5 -1.2
v -0.7 8.5 -1.2
v -0.6 8.5 -1.2
v 0.7 8.5 -1.2
v 1 8.5 -1.2
v -1.2 8.5 -1.3
v -1.1 8.5 -1.3
v -1 8.5 -1.3
v -0.9 8.5 -1.3
v 0.6 8.5 -1.3
v 0.7 8.5 -1.3
v -1.1 8.5 -1.4
v -1 8.5 -1.4
v 0 8.5 -1.4
v 0.0999999 8.5 -1.4
v 0.7 8.5 -1.4
v 0.8 8.5 -1.4
v 0.9 8.5 -1.4
v 1 8.5 -1.4
v -1.2 8.5 -1.5
v -1.1 8.5 -1.5
v -0.1 8.5 -1.5
v 0 8.5 -1.5
v 0.0999999 8.5 -1.5
v 0.3 8.5 -1.5
v 0.4 8.5 -1.5
v 0.8 8.5 -1.6
v 0.9 8.5 -1.6
v 1 8.5 -1.6
v 2.8 8.5 -1.6
v 2.9 8.5 -1.6
v -0.2 8.5 -1.7
v -0.1 8.5 -1.7
v 0.2 8.5 -1.7
v 0.3 8.5 -1.7
v 0.4 8.5 -1.7
v 0.5 8.5 -1.7
v 0.9 8.5 -1.7
v 1 8.5 -1.7
v 1.1 8.5 -1.7
v -0.2 8.5 -1.8
v -0.1 8.5 -1.8
v 0 8.5 -1.8
v 0.0999999 8.5 -1.8
v 0.2 8.5 -1.8
v 0.5 8.5 -1.8
v 0.8 8.5 -1.8
v 1 8.5 -1.8
v 1.1 8.5 -1.8
v 1.2 8.5 -1.8
v 0.5 8.5 -1.9
v 0.6 8.5 -1.9
v 1.2 8.5 -1.9
v 1.3 8.5 -1.9
v 0 8.5 -2
v 0.0999999 8.5 -2
v 0.2 8.5 -2
v 0.6 8.5 -2
v 0.7 8.5 -2
v 1.1 8.5 -2
v 1.3 8.5 -2
v 2.8 8.5 -2
v 2.9 8.5 -2
v -0.1 8.5 -2.2
v 0 8.5 -2.2
v 2.7 8.5 -2.2
v 2.8 8.5 -2.2
v -1.9 8.5 -2.3
v -1.8 8.5 -2.3
v 0 8.5 -2.3
v 0.0999999 8.5 -2.3
v 2.4 8.5 -2.3
v 2.5 8.5 -2.3
v 2.6 8.5 -2.3
v 2.7 8.5 -2.3
v 2.8 8.5 -2.3
v 2.9 8.5 -2.3
v -1.9 8.5 -2.4
v -1.8 8.5 -2.4
v -0.1 8.5 -2.4
v 0 8.5 -2.4
v 0.8 8.5 -2.4
v 1 8.5 -2.4
v 2.4 8.5 -2.4
v 2.5 8.5 -2.4
v 2.6 8.5 -2.4
v 2.9 8.5 -2.4
v -1.8 8.5 -2.6
v -1.7 8.5 -2.6
v 0.7 8.5 -2.7
v 1 8.5 -2.7
v -0.1 8.5 -2.8
v 0 8.5 -2.8
v -1.8 8.5 -2.9
v -1.7 8.5 -2.9
v -1.5 8.5 -2.9
v -1.8 8.5 -3
v -1.7 8.5 -3
v -1.5 8.5 -3
v -1.4 8.5 -3
v -1.1 8.5 -3
v -1.8 8.5 -3.1
v -1.7 8.5 -3.1
v -1.4 8.5 -3.1
v -1.3 8.5 -3.1
v -1.1 8.5 -3.1
v 0.8 8.5 -3.1
v 1 8.5 -3.1
v -1.3 8.5 -3.2
v -1.1 8.5 -3.2
v -0.1 8.5 -3.2
v 0 8.5 -3.2
v 0.4 8.5 -3.2
v 0.7 8.5 -3.2
v 0.8 8.5 -3.2
v 0 8.5 -3.3
v 0.3 8.5 -3.3
v 0.5 8.5 -3.3
v 0.7 8.5 -3.3
v 1 8.5 -3.3
v 0.0999999 8.5 -3.4
v 0.2 8.5 -3.4
v 0.4 8.5 -3.4
v 0.5 8.5 -3.4
v 0.0999999 8.5 -3.5
v 0.2 8.5 -3.5
v 0.3 8.5 -3.5
v 0.4 8.5 -3.5
v 0.5 8.5 -3.5
v 0.7 8.5 -3.5
v 0.4 8.5 -3.6
v 0.5 8.5 -3.6
v -2.1 8.7 1.5
v -1.7 8.7 1.5
v 1.2 8.7 1.5
v 1.4 8.7 1.5
v -2.2 8.7 1.4
v -2.1 8.7 1.4
v -1.7 8.7 1.4
v -1.2 8.7 1.4
v -1.1 8.7 1.4
v 0.9 8.7 1.4
v 1 8.7 1.4
v 1.1 8.7 1.4
v 1.2 8.7 1.4
v 1.4 8.7 1.4
v 1.6 8.7 1.4
v -1.8 8.7 1.3
v -1.7 8.7 1.3
v -1.1 8.7 1.3
v 0.8 8.7 1.3
v 0.9 8.7 1.3
v 1 8.7 1.3
v 1.1 8.7 1.3
v 1.2 8.7 1.3
v 1.6 8.7 1.3
v 1.7 8.7 1.3
v -2.2 8.7 1.2
v -2.1 8.7 1.2
v -2 8.7 1.2
v -1.8 8.7 1.2
v -1.2 8.7 1.2
v -1.1 8.7 1.2
v 1.2 8.7 1.2
v 1.3 8.7 1.2
v 1.6 8.7 1.2
v 1.7 8.7 1.2
v 0.8 8.7 1.1
v 0.9 8.7 1.1
v 1.3 8.7 1.1
v 1.5 8.7 1.1
v 1.6 8.7 1.1
v -2.1 8.7 1
v -2 8.7 1
v -0.8 8.7 1
v -0.7 8.7 1
v 0.9 8.7 1
v 1 8.7 1
v 1.4 8.7 1
v 1.5 8.7 1
v -2 8.7 0.9
v -1.9 8.7 0.9
v -0.9 8.7 0.9
v -0.8 8.7 0.9
v -0.7 8.7 0.9
v -0.6 8.7 0.9
v 0.5 8.7 0.9
v 0.6 8.7 0.9
v 1.4 8.7 0.9
v 1.5 8.7 0.9
v -1.9 8.7 0.8
v -1.8 8.7 0.8
v -0.7 8.7 0.8
v -0.6 8.7 0.8
v -0.5 8.7 0.8
v 1.4 8.7 0.8
v 1.5 8.7 0.8
v -1.8 8.7 0.7
v -1.7 8.7 0.7
v -0.9 8.7 0.7
v -0.8 8.7 0.7
v -0.7 8.7 0.7
v -0.6 8.7 0.7
v -0.5 8.7 0.7
v 0.5 8.7 0.7
v 0.6 8.7 0.7
v 0.7 8.7 0.7
v 1.4 8.7 0.7
v 1.5 8.7 0.7
v -2 8.7 0.6
v -1.9 8.7 0.6
v -0.9 8.7 0.6
v -0.8 8.7 0.6
v -0.7 8.7 0.6
v -0.6 8.7 0.6
v -0.5 8.7 0.6
v 0.6 8.7 0.6
v 0.7 8.7 0.6
v 0.8 8.7 0.6
v -1.9 8.7 0.5
v -1.8 8.7 0.5
v -1.7 8.7 0.5
v -1.1 8.7 0.5
v -1 8.7 0.5
v -0.6 8.7 0.5
v -0.5 8.7 0.5
v 0.4 8.7 0.5
v 0.6 8.7 0.5
v -1.8 8.7 0.4
v -1.7 8.7 0.4
v -1.2 8.7 0.4
v -1.1 8.7 0.4
v -1 8.7 0.4
v -0.9 8.7 0.4
v -0.8 8.7 0.4
v -0.7 8.7 0.4
v 0.4 8.7 0.4
v 0.5 8.7 0.4
v 0.6 8.7 0.4
v 0.7 8.7 0.4
v 0.8 8.7 0.4
v 0.9 8.7 0.4
v 1.4 8.7 0.4
v 1.5 8.7 0.4
v -1.2 8.7 0.3
v -0.8 8.7 0.3
v 0.8 8.7 0.3
v 0.9 8.7 0.3
v 1.3 8.7 0.3
v 1.4 8.7 0.3
v 1.5 8.7 0.3
v 1.6 8.7 0.3
v 2 8.7 0.3
v 2.9 8.7 0.3
v 3.1 8.7 0.3
v -1.1 8.7 0.2
v -1 8.7 0.2
v 0.6 8.7 0.2
v 0.8 8.7 0.2
v 1 8.7 0.2
v 1.2 8.7 0.2
v 1.3 8.7 0.2
v -1.1 8.7 0.0999997
v -1 8.7 0.0999997
v 0.6 8.7 0.0999997
v 0.7 8.7 0.0999997
v 0.8 8.7 0.0999997
v 0.9 8.7 0.0999997
v 1 8.7 0.0999997
v 1.2 8.7 0.0999997
v 1.3 8.7 0.0999997
v 1.4 8.7 0.0999997
v 1.5 8.7 0.0999997
v 2 8.7 0.0999997
v 3.1 8.7 0.0999997
v 3.2 8.7 0.0999997
v -2.4 8.7 -2.38419e-07
v -2 8.7 -2.38419e-07
v -1.1 8.7 -2.38419e-07
v -0.9 8.7 -2.38419e-07
v 0.4 8.7 -2.38419e-07
v 0.5 8.7 -2.38419e-07
v 0.6 8.7 -2.38419e-07
v 0.7 8.7 -2.38419e-07
v 1 8.7 -2.38419e-07
v 1.2 8.7 -2.38419e-07
v 1.3 8.7 -2.38419e-07
v 2.9 8.7 -2.38419e-07
v 3.1 8.7 -2.38419e-07
v 3.2 8.7 -2.38419e-07
v 3.3 8.7 -2.38419e-07
v -2.5 8.7 -0.1
v -2.4 8.7 -0.1
v 0.4 8.7 -0.1
v 0.5 8.7 -0.1
v -2.7 8.7 -0.2
v -2.6 8.7 -0.2
v -2.5 8.7 -0.2
v -2 8.7 -0.2
v -0.9 8.7 -0.2
v -0.8 8.7 -0.2
v 1.3 8.7 -0.2
v 1.4 8.7 -0.2
v 3.1 8.7 -0.2
v 3.2 8.7 -0.2
v -3 8.7 -0.3
v -2.7 8.7 -0.3
v -1.1 8.7 -0.3
v -0.9 8.7 -0.3
v -0.8 8.7 -0.3
v -0.7 8.7 -0.3
v 1.1 8.7 -0.3
v 1.3 8.7 -0.3
v 3.1 8.7 -0.3
v 3.2 8.7 -0.3
v 1 8.7 -0.4
v 1.1 8.7 -0.4
v 1.3 8.7 -0.4
v 1.5 8.7 -0.4
v 1.6 8.7 -0.4
v 2.9 8.7 -0.4
v 3.1 8.7 -0.4
v 3.2 8.7 -0.4
v 3.3 8.7 -0.4
v -2.7 8.7 -0.5
v -2.6 8.7 -0.5
v -0.9 8.7 -0.5
v -0.8 8.7 -0.5
v 1.3 8.7 -0.5
v 1.4 8.7 -0.5
v 1.5 8.7 -0.5
v 1.6 8.7 -0.5
v 3 8.7 -0.5
v 3.1 8.7 -0.5
v -2.9 8.7 -0.6
v -2.7 8.7 -0.6
v -0.9 8.7 -0.6
v -0.8 8.7 -0.6
v 0.9 8.7 -0.6
v 1 8.7 -0.6
v 1.1 8.7 -0.6
v 1.4 8.7 -0.6
v 1.6 8.7 -0.6
v 3 8.7 -0.6
v 3.1 8.7 -0.6
v -3 8.7 -0.7
v -2.9 8.7 -0.7
v -2.7 8.7 -0.7
v -2.5 8.7 -0.7
v -2.4 8.7 -0.7
v -1.1 8.7 -0.7
v -0.9 8.7 -0.7
v -0.8 8.7 -0.7
v -0.7 8.7 -0.7
v 1 8.7 -0.7
v 1.2 8.7 -0.7
v 1.3 8.7 -0.7
v 1.4 8.7 -0.7
v 1.5 8.7 -0.7
v 1.6 8.7 -0.7
v 1.8 8.7 -0.7
v 2.8 8.7 -0.7
v 2.9 8.7 -0.7
v 3 8.7 -0.7
v 3.2 8.7 -0.7
v -2.7 8.7 -0.8
v -2.6 8.7 -0.8
v -2.5 8.7 -0.8
v -2.4 8.7 -0.8
v -1 8.7 -0.8
v -0.9 8.7 -0.8
v 0.8 8.7 -0.8
v 0.9 8.7 -0.8
v 1.3 8.7 -0.8
v 1.4 8.7 -0.8
v 1.5 8.7 -0.8
v 1.7 8.7 -0.8
v 1.8 8.7 -0.8
v 2.2 8.7 -0.8
v 2.5 8.7 -0.8
v 2.8 8.7 -0.8
v 3 8.7 -0.8
v -2.9 8.7 -0.9
v -2.6 8.7 -0.9
v -2.4 8.7 -0.9
v -1 8.7 -0.9
v -0.9 8.7 -0.9
v 0.8 8.7 -0.9
v 0.9 8.7 -0.9
v 1.2 8.7 -0.9
v 1.4 8.7 -0.9
v 1.6 8.7 -0.9
v 1.7 8.7 -0.9
v 1.9 8.7 -0.9
v 2.2 8.7 -0.9
v 2.5 8.7 -0.9
v -2.4 8.7 -1
v -2.2 8.7 -1
v -1.2 8.7 -1
v -1.1 8.7 -1
v -1 8.7 -1
v -0.8 8.7 -1
v -0.5 8.7 -1
v -0.4 8.7 -1
v 0.8 8.7 -1
v 0.9 8.7 -1
v 1 8.7 -1
v 1.1 8.7 -1
v 1.2 8.7 -1
v 1.6 8.7 -1
v 1.7 8.7 -1
v -2.6 8.7 -1.1
v -2.2 8.7 -1.1
v -1.8 8.7 -1.1
v -1.5 8.7 -1.1
v -1.2 8.7 -1.1
v -1 8.7 -1.1
v -0.8 8.7 -1.1
v -0.7 8.7 -1.1
v -0.6 8.7 -1.1
v -0.5 8.7 -1.1
v -0.4 8.7 -1.1
v -0.1 8.7 -1.1
v 0.7 8.7 -1.1
v 0.8 8.7 -1.1
v 1 8.7 -1.1
v 1.1 8.7 -1.1
v 1.7 8.7 -1.1
v 1.9 8.7 -1.1
v -1.8 8.7 -1.2
v -1.5 8.7 -1.2
v -0.9 8.7 -1.2
v -0.8 8.7 -1.2
v -0.7 8.7 -1.2
v -0.6 8.7 -1.2
v -0.5 8.7 -1.2
v -0.3 8.7 -1.2
v -0.1 8.7 -1.2
v 0 8.7 -1.2
v 0.7 8.7 -1.2
v 0.9 8.7 -1.2
v -1 8.7 -1.3
v -0.9 8.7 -1.3
v -0.7 8.7 -1.3
v -0.6 8.7 -1.3
v -0.5 8.7 -1.3
v 1.2 8.7 -1.3
v 1.3 8.7 -1.3
v -1 8.7 -1.4
v -0.9 8.7 -1.4
v -0.7 8.7 -1.4
v -0.6 8.7 -1.4
v 0.9 8.7 -1.4
v 1 8.7 -1.4
v 1.1 8.7 -1.4
v 1.2 8.7 -1.4
v 1.3 8.7 -1.4
v -0.7 8.7 -1.5
v -0.6 8.7 -1.5
v -0.1 8.7 -1.5
v 0 8.7 -1.5
v 2.6 8.7 -1.5
v 2.7 8.7 -1.5
v -0.3 8.7 -1.6
v -0.1 8.7 -1.6
v 0.9 8.7 -1.6
v 1 8.7 -1.6
v 2.7 8.7 -1.6
v 2.8 8.7 -1.6
v -1.5 8.7 -1.7
v -1.4 8.7 -1.7
v 1 8.7 -1.7
v 1.1 8.7 -1.7
v 2.5 8.7 -1.7
v 2.6 8.7 -1.7
v -1.6 8.7 -1.8
v -1.5 8.7 -1.8
v -1.4 8.7 -1.8
v -0.3 8.7 -1.8
v -0.2 8.7 -1.8
v -0.1 8.7 -1.8
v 2.5 8.7 -1.8
v 2.7 8.7 -1.8
v -1.6 8.7 -1.9
v -1.5 8.7 -1.9
v -0.4 8.7 -2
v -0.3 8.7 -2
v -0.2 8.7 -2
v -0.1 8.7 -2
v 1.5 8.7 -2
v 1.7 8.7 -2
v 2.6 8.7 -2
v 2.7 8.7 -2
v -0.5 8.7 -2.1
v -0.4 8.7 -2.1
v -0.3 8.7 -2.1
v -0.2 8.7 -2.1
v 1.5 8.7 -2.1
v 1.6 8.7 -2.1
v 2.3 8.7 -2.1
v 2.4 8.7 -2.1
v -1.8 8.7 -2.2
v -1.7 8.7 -2.2
v -0.5 8.7 -2.2
v -0.4 8.7 -2.2
v 1.6 8.7 -2.2
v 1.7 8.7 -2.2
v 2.4 8.7 -2.2
v 2.6 8.7 -2.2
v 2.7 8.7 -2.2
v 2.8 8.7 -2.2
v -1.7 8.7 -2.3
v -1.6 8.7 -2.3
v -0.4 8.7 -2.3
v -0.3 8.7 -2.3
v 2 8.7 -2.3
v 2.3 8.7 -2.3
v 2.4 8.7 -2.3
v 2.7 8.7 -2.3
v -1.6 8.7 -2.4
v -1.5 8.7 -2.4
v 2 8.7 -2.4
v 2.1 8.7 -2.4
v 2.2 8.7 -2.4
v 2.4 8.7 -2.4
v 2.1 8.7 -2.5
v 2.2 8.7 -2.5
v -1.8 8.7 -2.6
v -1.7 8.7 -2.6
v -1.6 8.7 -2.6
v -1.5 8.7 -2.6
v -1.6 8.7 -2.8
v -1.4 8.7 -2.8
v -1.3 8.7 -2.8
v -1 8.7 -2.8
v -1.7 8.7 -2.9
v -1.5 8.7 -2.9
v -1.4 8.7 -2.9
v -1.3 8.7 -2.9
v -1 8.7 -2.9
v -1.5 8.7 -3
v -1.1 8.7 -3
v -1.1 8.7 -3.1
v -1 8.7 -3.1
v 0.0999999 8.9 2.4
v 0.2 8.9 2.4
v -0.1 8.9 2.3
v 0 8.9 2.3
v 0.0999999 8.9 2.3
v 0.2 8.9 2.3
v -0.2 8.9 2.2
v -0.1 8.9 2.2
v 0.2 8.9 2.2
v 0.6 8.9 2.2
v -0.4 8.9 2.1
v -0.2 8.9 2.1
v -0.1 8.9 2.1
v 0 8.9 2.1
v 0.2 8.9 2.1
v 0.3 8.9 2.1
v -0.5 8.9 2
v -0.4 8.9 2
v 0.3 8.9 1.9
v 0.4 8.9 1.9
v -0.5 8.9 1.8
v -0.4 8.9 1.8
v 0.6 8.9 1.8
v 0.7 8.9 1.8
v -0.4 8.9 1.7
v -0.1 8.9 1.7
v 0.4 8.9 1.7
v 0.5 8.9 1.7
v -0.1 8.9 1.6
v 0 8.9 1.6
v -1.7 8.9 1.4
v -1.6 8.9 1.4
v 0.6 8.9 1.4
v 0.7 8.9 1.4
v -1.8 8.9 1.3
v -1.7 8.9 1.3
v -1.6 8.9 1.3
v -1.5 8.9 1.3
v 0.5 8.9 1.3
v 0.6 8.9 1.3
v 1 8.9 1.3
v 1.2 8.9 1.3
v -2 8.9 1.2
v -1.8 8.9 1.2
v -1.6 8.9 1.2
v -1.5 8.9 1.2
v -1.3 8.9 1.2
v 0 8.9 1.2
v 0.2 8.9 1.2
v 0.4 8.9 1.2
v 0.5 8.9 1.2
v 1.2 8.9 1.2
v 1.3 8.9 1.2
v -1.5 8.9 1.1
v -1.3 8.9 1.1
v 0.2 8.9 1.1
v 0.4 8.9 1.1
v 0.7 8.9 1.1
v 0.9 8.9 1.1
v 1.3 8.9 1.1
v 1.5 8.9 1.1
v -0.1 8.9 1
v 0 8.9 1
v 0.4 8.9 1
v 0.5 8.9 1
v 0.6 8.9 1
v 0.7 8.9 1
v 0.9 8.9 1
v 1 8.9 1
v 1.4 8.9 1
v 1.5 8.9 1
v -2 8.9 0.9
v -1.9 8.9 0.9
v 0 8.9 0.9
v 0.0999999 8.9 0.9
v 0.9 8.9 0.9
v 1.2 8.9 0.9
v 1.4 8.9 0.9
v 1.5 8.9 0.9
v -1.9 8.9 0.8
v -1.8 8.9 0.8
v 0.0999999 8.9 0.8
v 0.4 8.9 0.8
v 0.7 8.9 0.8
v 0.8 8.9 0.8
v 1.2 8.9 0.8
v 1.3 8.9 0.8
v 1.4 8.9 0.8
v 1.5 8.9 0.8
v -1.8 8.9 0.7
v -1.7 8.9 0.7
v -1.6 8.9 0.7
v -1.5 8.9 0.7
v 0.6 8.9 0.7
v 0.7 8.9 0.7
v 0.8 8.9 0.7
v 0.9 8.9 0.7
v 1.4 8.9 0.7
v 1.5 8.9 0.7
v -1.7 8.9 0.6
v -1.6 8.9 0.6
v -1.5 8.9 0.6
v -1.3 8.9 0.6
v 0.7 8.9 0.6
v 0.8 8.9 0.6
v 1.2 8.9 0.6
v 1.3 8.9 0.6
v 1.5 8.9 0.6
v 1.6 8.9 0.6
v -1.7 8.9 0.5
v -1.6 8.9 0.5
v -1.3 8.9 0.5
v -1.2 8.9 0.5
v 0.8 8.9 0.5
v 0.9 8.9 0.5
v -1.6 8.9 0.4
v -1.5 8.9 0.4
v -1.2 8.9 0.4
v 0.6 8.9 0.4
v 0.8 8.9 0.4
v 0.9 8.9 0.4
v 1.2 8.9 0.4
v 1.3 8.9 0.4
v 1.4 8.9 0.4
v 1.5 8.9 0.4
v -1.5 8.9 0.3
v -1.4 8.9 0.3
v -1.3 8.9 0.3
v -1.2 8.9 0.3
v 0.8 8.9 0.3
v 0.9 8.9 0.3
v 1.3 8.9 0.3
v 1.4 8.9 0.3
v 1.5 8.9 0.3
v 1.6 8.9 0.3
v 2 8.9 0.3
v 2.3 8.9 0.3
v 2.7 8.9 0.3
v 2.9 8.9 0.3
v -1.4 8.9 0.2
v -1.3 8.9 0.2
v 0.6 8.9 0.2
v 0.8 8.9 0.2
v 1.3 8.9 0.2
v 1.4 8.9 0.2
v 0.8 8.9 0.0999997
v 0.9 8.9 0.0999997
v 1.4 8.9 0.0999997
v 2 8.9 0.0999997
v 2.7 8.9 0.0999997
v 2.8 8.9 0.0999997
v -2 8.9 -2.38419e-07
v -1.7 8.9 -2.38419e-07
v -1.3 8.9 -2.38419e-07
v -1.1 8.9 -2.38419e-07
v 1.6 8.9 -2.38419e-07
v 2.3 8.9 -2.38419e-07
v 2.8 8.9 -2.38419e-07
v 2.9 8.9 -2.38419e-07
v 3.1 8.9 -2.38419e-07
v 1.5 8.9 -0.1
v 1.6 8.9 -0.1
v -2.6 8.9 -0.2
v -2 8.9 -0.2
v -1.3 8.9 -0.2
v -1.2 8.9 -0.2
v 1.3 8.9 -0.2
v 1.4 8.9 -0.2
v 1.5 8.9 -0.2
v 2.9 8.9 -0.2
v 3 8.9 -0.2
v 3.1 8.9 -0.2
v 3.2 8.9 -0.2
v -2.4 8.9 -0.3
v -1.7 8.9 -0.3
v -1.2 8.9 -0.3
v -1.1 8.9 -0.3
v -0.9 8.9 -0.3
v 1.1 8.9 -0.3
v 1.3 8.9 -0.3
v 2.8 8.9 -0.3
v 3 8.9 -0.3
v 3.1 8.9 -0.3
v 3.2 8.9 -0.3
v -2.5 8.9 -0.4
v -2.4 8.9 -0.4
v 1.1 8.9 -0.4
v 1.3 8.9 -0.4
v 2.9 8.9 -0.4
v 3.1 8.9 -0.4
v -2.7 8.9 -0.5
v -2.6 8.9 -0.5
v -2.5 8.9 -0.5
v -1.1 8.9 -0.5
v -1 8.9 -0.5
v -0.9 8.9 -0.5
v -0.8 8.9 -0.5
v 1.3 8.9 -0.5
v 1.4 8.9 -0.5
v 1.6 8.9 -0.5
v 3 8.9 -0.5
v 3.1 8.9 -0.5
v -2.9 8.9 -0.6
v -2.7 8.9 -0.6
v -1.2 8.9 -0.6
v -1 8.9 -0.6
v -0.9 8.9 -0.6
v -0.8 8.9 -0.6
v 1.4 8.9 -0.6
v 1.6 8.9 -0.6
v 1.9 8.9 -0.6
v 3 8.9 -0.6
v 3.1 8.9 -0.6
v -2.9 8.9 -0.7
v -2.7 8.9 -0.7
v -1.1 8.9 -0.7
v -0.9 8.9 -0.7
v 1.4 8.9 -0.7
v 1.5 8.9 -0.7
v 1.6 8.9 -0.7
v 1.8 8.9 -0.7
v 1.9 8.9 -0.7
v 2 8.9 -0.7
v 2.4 8.9 -0.7
v 2.8 8.9 -0.7
v 2.9 8.9 -0.7
v -2.7 8.9 -0.8
v -2.6 8.9 -0.8
v -2.4 8.9 -0.8
v -1 8.9 -0.8
v -0.9 8.9 -0.8
v 1.3 8.9 -0.8
v 1.4 8.9 -0.8
v 1.5 8.9 -0.8
v 1.8 8.9 -0.8
v 2 8.9 -0.8
v 2.4 8.9 -0.8
v 2.8 8.9 -0.8
v -2.6 8.9 -0.9
v -2.4 8.9 -0.9
v -2.1 8.9 -0.9
v -1 8.9 -0.9
v -0.9 8.9 -0.9
v 0.8 8.9 -0.9
v 0.9 8.9 -0.9
v 1.2 8.9 -0.9
v 1.3 8.9 -0.9
v 1.4 8.9 -0.9
v 1.6 8.9 -0.9
v -2.4 8.9 -1
v -2.2 8.9 -1
v -2.1 8.9 -1
v -2 8.9 -1
v -1.6 8.9 -1
v -1.2 8.9 -1
v -1.1 8.9 -1
v 0.8 8.9 -1
v 0.9 8.9 -1
v 1 8.9 -1
v 1.1 8.9 -1
v 1.2 8.9 -1
v 1.4 8.9 -1
v 1.6 8.9 -1
v 1.7 8.9 -1
v -2.2 8.9 -1.1
v -2 8.9 -1.1
v -1.6 8.9 -1.1
v -1.2 8.9 -1.1
v 1 8.9 -1.1
v 1.1 8.9 -1.1
v 1.4 8.9 -1.1
v 1.7 8.9 -1.1
v 2.1 8.9 -1.1
v -0.7 8.9 -1.2
v -0.6 8.9 -1.2
v -0.5 8.9 -1.2
v -0.3 8.9 -1.2
v 0.9 8.9 -1.2
v 1 8.9 -1.2
v 1.1 8.9 -1.2
v 1.6 8.9 -1.2
v 1.8 8.9 -1.2
v -0.9 8.9 -1.3
v -0.7 8.9 -1.3
v -0.6 8.9 -1.3
v -0.5 8.9 -1.3
v 1.1 8.9 -1.3
v 1.2 8.9 -1.3
v 1.8 8.9 -1.3
v 2 8.9 -1.3
v -1.1 8.9 -1.4
v -0.9 8.9 -1.4
v -0.8 8.9 -1.4
v -0.6 8.9 -1.4
v -0.5 8.9 -1.4
v -0.4 8.9 -1.4
v 1 8.9 -1.4
v 1.1 8.9 -1.4
v 1.2 8.9 -1.4
v 2 8.9 -1.4
v 2.1 8.9 -1.4
v 2.4 8.9 -1.4
v 2.5 8.9 -1.4
v -1.2 8.9 -1.5
v -1.1 8.9 -1.5
v -1 8.9 -1.5
v -0.9 8.9 -1.5
v -0.8 8.9 -1.5
v 1.1 8.9 -1.5
v 1.2 8.9 -1.5
v 2.5 8.9 -1.5
v 2.6 8.9 -1.5
v -1.2 8.9 -1.6
v -1.1 8.9 -1.6
v -1 8.9 -1.6
v -0.9 8.9 -1.6
v -0.3 8.9 -1.6
v -0.1 8.9 -1.6
v 1.2 8.9 -1.6
v 1.4 8.9 -1.6
v 2.4 8.9 -1.6
v 2.5 8.9 -1.6
v -0.4 8.9 -1.7
v -0.3 8.9 -1.7
v -0.2 8.9 -1.7
v -0.1 8.9 -1.7
v 1.3 8.9 -1.7
v 1.4 8.9 -1.7
v 2.4 8.9 -1.7
v 2.5 8.9 -1.7
v 2.6 8.9 -1.7
v -1.5 8.9 -1.8
v -1.4 8.9 -1.8
v -0.4 8.9 -1.8
v -0.3 8.9 -1.8
v -0.2 8.9 -1.8
v 0.2 8.9 -1.8
v 0.5 8.9 -1.8
v 1.1 8.9 -1.8
v 1.2 8.9 -1.8
v 2.5 8.9 -1.8
v 2.7 8.9 -1.8
v -0.5 8.9 -1.9
v -0.4 8.9 -1.9
v 0.5 8.9 -1.9
v 0.6 8.9 -1.9
v 1.2 8.9 -1.9
v 1.3 8.9 -1.9
v 2.2 8.9 -1.9
v 2.3 8.9 -1.9
v 2.4 8.9 -1.9
v 2.5 8.9 -1.9
v -1.6 8.9 -2
v -1.5 8.9 -2
v -1.4 8.9 -2
v -0.6 8.9 -2
v -0.5 8.9 -2
v -0.4 8.9 -2
v -0.3 8.9 -2
v 0.0999999 8.9 -2
v 0.2 8.9 -2
v 0.6 8.9 -2
v 0.7 8.9 -2
v 2.1 8.9 -2
v 2.2 8.9 -2
v 2.3 8.9 -2
v 2.5 8.9 -2
v 2.6 8.9 -2
v 2.7 8.9 -2
v -1.7 8.9 -2.1
v -1.6 8.9 -2.1
v -1.5 8.9 -2.1
v -0.7 8.9 -2.1
v -0.6 8.9 -2.1
v -0.5 8.9 -2.1
v -0.4 8.9 -2.1
v 0.2 8.9 -2.1
v 0.4 8.9 -2.1
v 1.7 8.9 -2.1
v 1.9 8.9 -2.1
v 2.3 8.9 -2.1
v 2.4 8.9 -2.1
v -0.5 8.9 -2.2
v -0.4 8.9 -2.2
v 0.0999999 8.9 -2.2
v 0.2 8.9 -2.2
v 0.4 8.9 -2.2
v 0.6 8.9 -2.2
v 1.7 8.9 -2.2
v 1.9 8.9 -2.2
v 2 8.9 -2.2
v 2.1 8.9 -2.2
v 2.4 8.9 -2.2
v 2.6 8.9 -2.2
v -1.7 8.9 -2.3
v -1.6 8.9 -2.3
v -1.5 8.9 -2.3
v 0 8.9 -2.3
v 0.0999999 8.9 -2.3
v 1.9 8.9 -2.3
v 2 8.9 -2.3
v 2.3 8.9 -2.3
v -1.6 8.9 -2.4
v -1.5 8.9 -2.4
v -1.4 8.9 -2.4
v -0.7 8.9 -2.4
v -0.6 8.9 -2.4
v -0.5 8.9 -2.4
v -0.4 8.9 -2.4
v -0.1 8.9 -2.4
v 0 8.9 -2.4
v 1.9 8.9 -2.4
v 2 8.9 -2.4
v -0.6 8.9 -2.5
v -0.5 8.9 -2.5
v -1.6 8.9 -2.6
v -1.5 8.9 -2.6
v -1.4 8.9 -2.6
v -1.3 8.9 -2.6
v 0.6 8.9 -2.6
v 0.7 8.9 -2.6
v -1.3 8.9 -2.7
v -0.9 8.9 -2.7
v 0.0999999 8.9 -2.7
v 0.2 8.9 -2.7
v 0.7 8.9 -2.7
v 1 8.9 -2.7
v -1.6 8.9 -2.8
v -1.4 8.9 -2.8
v -1.3 8.9 -2.8
v -1 8.9 -2.8
v -0.9 8.9 -2.8
v -0.1 8.9 -2.8
v 0 8.9 -2.8
v 1 8.9 -2.8
v 1.1 8.9 -2.8
v -1.4 8.9 -2.9
v -1.3 8.9 -2.9
v -1 8.9 -2.9
v -0.9 8.9 -2.9
v 0.2 8.9 -2.9
v 0.3 8.9 -2.9
v 1 8.9 -3
v 1.1 8.9 -3
v 0.3 8.9 -3.1
v 0.4 8.9 -3.1
v 0.6 8.9 -3.1
v 0.7 8.9 -3.1
v 0.8 8.9 -3.1
v 1 8.9 -3.1
v 0 8.9 -3.2
v 0.4 8.9 -3.2
v 0.7 8.9 -3.2
v 0.8 8.9 -3.2
v 0.4 8.9 -3.3
v 0.5 8.9 -3.3
v 0.6 8.9 -3.3
v 0.7 8.9 -3.3
v 0.4 8.9 -3.4
v 0.5 8.9 -3.4
v 0 9.1 2.3
v 0.2 9.1 2.3
v -0.1 9.1 2.1
v 0 9.1 2.1
v 0.2 9.1 2.1
v 0.3 9.1 2.1
v 0.3 9.1 1.9
v 0.4 9.1 1.9
v 0.4 9.1 1.7
v 0.5 9.1 1.7
v -0.1 9.1 1.6
v 0 9.1 1.6
v -1.7 9.1 1.3
v -1.6 9.1 1.3
v -1.1 9.1 1.3
v -0.9 9.1 1.3
v -1.6 9.1 1.2
v -1.5 9.1 1.2
v -1.2 9.1 1.2
v -1.1 9.1 1.2
v -0.9 9.1 1.2
v -0.8 9.1 1.2
v 0 9.1 1.2
v 0.2 9.1 1.2
v 0.4 9.1 1.2
v 0.5 9.1 1.2
v -1.5 9.1 1.1
v -1.2 9.1 1.1
v 0.2 9.1 1.1
v 0.4 9.1 1.1
v -1.2 9.1 1
v -1.1 9.1 1
v -1.1 9.1 0.9
v -1 9.1 0.9
v -0.9 9.1 0.9
v -0.8 9.1 0.9
v 0.9 9.1 0.9
v 1.2 9.1 0.9
v 0.7 9.1 0.8
v 0.8 9.1 0.8
v 1.2 9.1 0.8
v 1.3 9.1 0.8
v -1.6 9.1 0.7
v -1.5 9.1 0.7
v -1 9.1 0.7
v -0.9 9.1 0.7
v -0.8 9.1 0.7
v 0.7 9.1 0.7
v 0.8 9.1 0.7
v 0.9 9.1 0.7
v -1.7 9.1 0.6
v -1.6 9.1 0.6
v -1.5 9.1 0.6
v -1.3 9.1 0.6
v -1.2 9.1 0.6
v -1.1 9.1 0.6
v -0.9 9.1 0.6
v -0.8 9.1 0.6
v 0.8 9.1 0.6
v 1.1 9.1 0.6
v 1.2 9.1 0.6
v 1.3 9.1 0.6
v -1.3 9.1 0.5
v -1.2 9.1 0.5
v -1.1 9.1 0.5
v -1 9.1 0.5
v -0.9 9.1 0.5
v 1 9.1 0.5
v 1.1 9.1 0.5
v -1.2 9.1 0.4
v -1.1 9.1 0.4
v -1 9.1 0.4
v -0.9 9.1 0.4
v 1 9.1 0.4
v 1.2 9.1 0.4
v 1.3 9.1 0.4
v 1.4 9.1 0.4
v 1.3 9.1 0.3
v 1.4 9.1 0.3
v 0.2 9.1 -2.1
v 0.4 9.1 -2.1
v 0.0999999 9.1 -2.2
v 0.2 9.1 -2.2
v 0.4 9.1 -2.2
v 0.6 9.1 -2.2
v 0.6 9.1 -2.6
v 0.7 9.1 -2.6
v 0.0999999 9.1 -2.7
v 0.2 9.1 -2.7
v 0.2 9.1 -2.9
v 0.3 9.1 -2.9
v 0.3 9.1 -3.1
v 0.4 9.1 -3.1
v 0.6 9.1 -3.1
v 0.7 9.1 -3.1
v 0.4 9.1 -3.3
v 0.6 9.1 -3.3
v -1.2 9.2 1
v -1.1 9.2 1
v -1.1 9.2 0.9
v -1 9.2 0.9
v -1 9.2 0.7
v -0.9 9.2 0.7
v -1.2 9.2 0.6
v -1.1 9.2 0.6
v 0.8 9.2 0.6
v 1.1 9.2 0.6
v -1.1 9.2 0.5
v -0.9 9.2 0.5
v 0.8 9.2 0.5
v 0.9 9.2 0.5
v 1 9.2 0.5
v 1.1 9.2 0.5
v 0.9 9.2 0.4
v 1 9.2 0.4
v 2.4 9.2 0.4
v 2.6 9.2 0.4
v 2.3 9.2 0.3
v 2.4 9.2 0.3
v 2.6 9.2 0.3
v 2.7 9.2 0.3
v -1.6 9.2 0.0999997
v -1.4 9.2 0.0999997
v 2.7 9.2 0.0999997
v 2.8 9.2 0.0999997
v -1.7 9.2 -2.38419e-07
v -1.6 9.2 -2.38419e-07
v -1.4 9.2 -2.38419e-07
v -1.3 9.2 -2.38419e-07
v 1.6 9.2 -2.38419e-07
v 2.2 9.2 -2.38419e-07
v 2.3 9.2 -2.38419e-07
v 2.7 9.2 -2.38419e-07
v 2.8 9.2 -2.38419e-07
v 2.9 9.2 -2.38419e-07
v 1.5 9.2 -0.1
v 1.6 9.2 -0.1
v 1.8 9.2 -0.1
v 2.2 9.2 -0.1
v 2.7 9.2 -0.1
v 2.9 9.2 -0.1
v -1.3 9.2 -0.2
v -1.2 9.2 -0.2
v 1.4 9.2 -0.2
v 1.5 9.2 -0.2
v 2.9 9.2 -0.2
v 3 9.2 -0.2
v -2.4 9.2 -0.3
v -1.8 9.2 -0.3
v -1.7 9.2 -0.3
v -1.3 9.2 -0.3
v -1.2 9.2 -0.3
v -1.1 9.2 -0.3
v 1.7 9.2 -0.3
v 1.8 9.2 -0.3
v 2.7 9.2 -0.3
v 2.8 9.2 -0.3
v 2.9 9.2 -0.3
v 3 9.2 -0.3
v -2.5 9.2 -0.4
v -2.4 9.2 -0.4
v -2.2 9.2 -0.4
v -1.8 9.2 -0.4
v -1.3 9.2 -0.4
v -1.1 9.2 -0.4
v 2.5 9.2 -0.4
v 2.7 9.2 -0.4
v -2.6 9.2 -0.5
v -2.5 9.2 -0.5
v -1.1 9.2 -0.5
v -1 9.2 -0.5
v 1.4 9.2 -0.5
v 1.6 9.2 -0.5
v 1.7 9.2 -0.5
v 1.8 9.2 -0.5
v 2.3 9.2 -0.5
v 2.5 9.2 -0.5
v -2.3 9.2 -0.6
v -2.2 9.2 -0.6
v -1.3 9.2 -0.6
v -1.2 9.2 -0.6
v -1.1 9.2 -0.6
v -1 9.2 -0.6
v 1.6 9.2 -0.6
v 1.8 9.2 -0.6
v 1.9 9.2 -0.6
v 2.3 9.2 -0.6
v -1.5 9.2 -0.7
v -1.3 9.2 -0.7
v 1.9 9.2 -0.7
v 2 9.2 -0.7
v 2.4 9.2 -0.7
v 2.8 9.2 -0.7
v -2.6 9.2 -0.8
v -2.4 9.2 -0.8
v -2.3 9.2 -0.8
v -2.2 9.2 -0.8
v -1.7 9.2 -0.8
v -1.5 9.2 -0.8
v 2 9.2 -0.8
v 2.4 9.2 -0.8
v -2.4 9.2 -0.9
v -2.2 9.2 -0.9
v -2.1 9.2 -0.9
v -1.7 9.2 -0.9
v -2.1 9.2 -1
v -2 9.2 -1
v -1.6 9.2 -1
v -1.2 9.2 -1
v 1.4 9.2 -1
v 1.6 9.2 -1
v -2 9.2 -1.1
v -1.6 9.2 -1.1
v 1 9.2 -1.1
v 1.4 9.2 -1.1
v 2.1 9.2 -1.1
v 2.2 9.2 -1.1
v 2.4 9.2 -1.1
v 2.5 9.2 -1.1
v 1 9.2 -1.2
v 1.1 9.2 -1.2
v 1.4 9.2 -1.2
v 1.6 9.2 -1.2
v 1.7 9.2 -1.2
v 1.8 9.2 -1.2
v 2.2 9.2 -1.2
v 2.4 9.2 -1.2
v -0.6 9.2 -1.3
v -0.5 9.2 -1.3
v 1.1 9.2 -1.3
v 1.2 9.2 -1.3
v 1.7 9.2 -1.3
v 1.8 9.2 -1.3
v 2 9.2 -1.3
v -0.8 9.2 -1.4
v -0.6 9.2 -1.4
v -0.5 9.2 -1.4
v -0.4 9.2 -1.4
v 1.1 9.2 -1.4
v 1.2 9.2 -1.4
v 1.3 9.2 -1.4
v 1.4 9.2 -1.4
v 1.8 9.2 -1.4
v 2 9.2 -1.4
v 2.1 9.2 -1.4
v 2.2 9.2 -1.4
v 2.4 9.2 -1.4
v 2.5 9.2 -1.4
v 2.6 9.2 -1.4
v -1.1 9.2 -1.5
v -1 9.2 -1.5
v -0.9 9.2 -1.5
v -0.8 9.2 -1.5
v -0.7 9.2 -1.5
v 1.1 9.2 -1.5
v 1.2 9.2 -1.5
v 2.5 9.2 -1.5
v 2.6 9.2 -1.5
v -1.3 9.2 -1.6
v -1.1 9.2 -1.6
v -1 9.2 -1.6
v -0.9 9.2 -1.6
v -0.8 9.2 -1.6
v -0.7 9.2 -1.6
v -0.6 9.2 -1.6
v 1.2 9.2 -1.6
v 1.3 9.2 -1.6
v 2.2 9.2 -1.6
v 2.3 9.2 -1.6
v 2.4 9.2 -1.6
v 2.5 9.2 -1.6
v -1.4 9.2 -1.7
v -1.3 9.2 -1.7
v -1.1 9.2 -1.7
v -1 9.2 -1.7
v -0.4 9.2 -1.7
v -0.3 9.2 -1.7
v 1.3 9.2 -1.7
v 1.4 9.2 -1.7
v 1.5 9.2 -1.7
v 2.4 9.2 -1.7
v 2.5 9.2 -1.7
v -1.2 9.2 -1.8
v -1.1 9.2 -1.8
v -0.6 9.2 -1.8
v -0.5 9.2 -1.8
v -0.4 9.2 -1.8
v -0.3 9.2 -1.8
v 1.5 9.2 -1.8
v 1.6 9.2 -1.8
v 1.7 9.2 -1.8
v 1.8 9.2 -1.8
v 2.3 9.2 -1.8
v 2.4 9.2 -1.8
v -0.6 9.2 -1.9
v -0.5 9.2 -1.9
v -0.4 9.2 -1.9
v 1.3 9.2 -1.9
v 1.5 9.2 -1.9
v 1.6 9.2 -1.9
v 1.7 9.2 -1.9
v 1.8 9.2 -1.9
v 2.2 9.2 -1.9
v 2.3 9.2 -1.9
v 2.4 9.2 -1.9
v 2.5 9.2 -1.9
v -1.5 9.2 -2
v -1.4 9.2 -2
v -0.7 9.2 -2
v -0.6 9.2 -2
v -0.5 9.2 -2
v 1.5 9.2 -2
v 1.7 9.2 -2
v 2.1 9.2 -2
v 2.2 9.2 -2
v 2.3 9.2 -2
v 2.5 9.2 -2
v -1.6 9.2 -2.1
v -1.5 9.2 -2.1
v -0.8 9.2 -2.1
v -0.7 9.2 -2.1
v -0.6 9.2 -2.1
v 1.7 9.2 -2.1
v 1.9 9.2 -2.1
v -1.3 9.2 -2.2
v -1.2 9.2 -2.2
v -0.8 9.2 -2.2
v -0.7 9.2 -2.2
v 2 9.2 -2.2
v 2.1 9.2 -2.2
v -1.6 9.2 -2.3
v -1.5 9.2 -2.3
v -0.8 9.2 -2.3
v -0.7 9.2 -2.3
v 1.9 9.2 -2.3
v 2 9.2 -2.3
v -1.5 9.2 -2.4
v -1.4 9.2 -2.4
v -0.9 9.2 -2.4
v -0.8 9.2 -2.4
v -0.7 9.2 -2.4
v -0.6 9.2 -2.4
v -1.4 9.2 -2.5
v -1.3 9.2 -2.5
v -1 9.2 -2.5
v -0.9 9.2 -2.5
v -1.2 9.2 -2.6
v -1 9.2 -2.6
v -1.2 9.2 -2.7
v -0.9 9.2 -2.7
v -0.8 9.2 -2.7
v -0.7 9.2 -2.7
v -0.9 9.2 -2.8
v -0.8 9.2 -2.8
v -0.7 9.2 -2.8
v -0.6 9.2 -2.8
v 2.2 9.4 -2.38419e-07
v 2.7 9.4 -2.38419e-07
v 1.8 9.4 -0.1
v 2.2 9.4 -0.1
v 2.7 9.4 -0.1
v 2.9 9.4 -0.1
v -1.8 9.4 -0.3
v -1.3 9.4 -0.3
v 1.7 9.4 -0.3
v 1.8 9.4 -0.3
v 2.7 9.4 -0.3
v 2.9 9.4 -0.3
v -2.2 9.4 -0.4
v -1.8 9.4 -0.4
v -1.3 9.4 -0.4
v -1.1 9.4 -0.4
v 2.5 9.4 -0.4
v 2.7 9.4 -0.4
v 1.7 9.4 -0.5
v 1.8 9.4 -0.5
v 2.3 9.4 -0.5
v 2.5 9.4 -0.5
v -2.3 9.4 -0.6
v -2.2 9.4 -0.6
v -1.3 9.4 -0.6
v -1.1 9.4 -0.6
v 1.8 9.4 -0.6
v 2.3 9.4 -0.6
v -1.5 9.4 -0.7
v -1.3 9.4 -0.7
v -2.3 9.4 -0.8
v -2.2 9.4 -0.8
v -1.7 9.4 -0.8
v -1.5 9.4 -0.8
v -2.2 9.4 -0.9
v -1.7 9.4 -0.9
v 1.4 9.4 -1.2
v 1.7 9.4 -1.2
v 1.7 9.4 -1.3
v 1.8 9.4 -1.3
v 1.3 9.4 -1.4
v 1.4 9.4 -1.4
v 1.8 9.4 -1.4
v 2.2 9.4 -1.4
v -0.8 9.4 -1.5
v -0.7 9.4 -1.5
v -1 9.4 -1.6
v -0.8 9.4 -1.6
v -0.7 9.4 -1.6
v -0.6 9.4 -1.6
v 1.3 9.4 -1.6
v 1.4 9.4 -1.6
v 2.2 9.4 -1.6
v 2.3 9.4 -1.6
v -1.1 9.4 -1.7
v -1 9.4 -1.7
v 1.4 9.4 -1.7
v 1.5 9.4 -1.7
v -1.2 9.4 -1.8
v -1.1 9.4 -1.8
v -0.6 9.4 -1.8
v -0.5 9.4 -1.8
v 1.5 9.4 -1.8
v 1.6 9.4 -1.8
v 1.7 9.4 -1.8
v 1.8 9.4 -1.8
v 2.3 9.4 -1.8
v 2.4 9.4 -1.8
v -0.6 9.4 -1.9
v -0.5 9.4 -1.9
v 1.6 9.4 -1.9
v 1.7 9.4 -1.9
v 1.8 9.4 -1.9
v 2.4 9.4 -1.9
v -0.7 9.4 -2
v -0.6 9.4 -2
v -0.8 9.4 -2.1
v -0.7 9.4 -2.1
v -1.3 9.4 -2.2
v -1.2 9.4 -2.2
v -0.8 9.4 -2.2
v -0.7 9.4 -2.2
v -0.8 9.4 -2.3
v -0.7 9.4 -2.3
v -0.9 9.4 -2.4
v -0.8 9.4 -2.4
v -1.4 9.4 -2.5
v -1.3 9.4 -2.5
v -1 9.4 -2.5
v -0.9 9.4 -2.5
v -1.4 9.4 -2.6
v -1.3 9.4 -2.6
v -1.2 9.4 -2.6
v -1 9.4 -2.6
v -1.3 9.4 -2.7
v -1.2 9.4 -2.7

# faces
f 3/2/1 2/2/1 1/2/1
f 4/2/1 2/2/1 3/2/1
f 7/2/1 6/2/1 5/2/1
f 8/2/1 6/2/1 7/2/1
f 10/2/1 9/2/1 8/2/1
f 11/2/1 9/2/1 10/2/1
f 14/2/1 13/2/1 12/2/1
f 16/2/1 14/2/1 12/2/1
f 16/2/1 15/2/1 14/2/1
f 17/2/1 15/2/1 16/2/1
f 23/2/1 21/2/1 20/2/1
f 24/2/1 23/2/1 22/2/1
f 25/2/1 21/2/1 23/2/1
f 25/2/1 23/2/1 24/2/1
f 26/2/1 19/2/1 18/2/1
f 27/2/1 19/2/1 26/2/1
f 30/2/1 29/2/1 28/2/1
f 31/2/1 29/2/1 30/2/1
f 36/2/1 33/2/1 32/2/1
f 37/2/1 33/2/1 36/2/1
f 41/2/1 35/2/1 34/2/1
f 42/2/1 35/2/1 41/2/1
f 43/2/1 38/2/1 37/2/1
f 44/2/1 38/2/1 43/2/1
f 45/2/1 40/2/1 39/2/1
f 46/2/1 40/2/1 45/2/1
f 49/2/1 48/2/1 47/2/1
f 50/2/1 48/2/1 49/2/1
f 55/2/1 52/2/1 51/2/1
f 56/2/1 52/2/1 55/2/1
f 57/2/1 54/2/1 53/2/1
f 58/2/1 54/2/1 57/2/1
f 61/2/1 60/2/1 59/2/1
f 62/2/1 60/2/1 61/2/1
f 65/2/1 64/2/1 63/2/1
f 66/2/1 64/2/1 65/2/1
f 69/2/1 68/2/1 67/2/1
f 70/2/1 68/2/1 69/2/1
f 75/2/1 72/2/1 71/2/1
f 76/2/1 72/2/1 75/2/1
f 77/2/1 74/2/1 73/2/1
f 78/2/1 74/2/1 77/2/1
f 79/2/1 77/2/1 73/2/1
f 80/2/1 77/2/1 79/2/1
f 83/2/1 82/2/1 81/2/1
f 84/2/1 82/2/1 83/2/1
f 85/2/1 82/2/1 84/2/1
f 87/2/1 85/2/1 84/2/1
f 87/2/1 86/2/1 85/2/1
f 88/2/1 86/2/1 87/2/1
f 89/2/1 86/2/1 88/2/1
f 91/2/1 90/2/1 89/2/1
f 91/2/1 89/2/1 88/2/1
f 92/2/1 90/2/1 91/2/1
f 93/2/1 90/2/1 92/2/1
f 94/2/1 90/2/1 93/2/1
f 95/2/1 93/2/1 92/2/1
f 96/2/1 93/2/1 95/2/1
f 101/2/1 98/2/1 97/2/1
f 102/2/1 98/2/1 101/2/1
f 104/2/1 100/2/1 99/2/1
f 105/2/1 100/2/1 104/2/1
f 107/2/1 104/2/1 103/2/1
f 108/2/1 104/2/1 107/2/1
f 109/2/1 107/2/1 106/2/1
f 110/2/1 107/2/1 109/2/1
f 115/2/1 112/2/1 111/2/1
f 116/2/1 112/2/1 115/2/1
f 117/2/1 114/2/1 113/2/1
f 119/2/1 118/2/1 117/2/1
f 119/2/1 117/2/1 113/2/1
f 120/2/1 118/2/1 119/2/1
f 121/2/1 118/2/1 120/2/1
f 125/2/1 122/2/1 121/2/1
f 125/2/1 121/2/1 120/2/1
f 126/2/1 122/2/1 125/2/1
f 129/2/1 124/2/1 123/2/1
f 132/2/1 128/2/1 127/2/1
f 133/2/1 128/2/1 132/2/1
f 135/2/1 130/2/1 129/2/1
f 135/2/1 129/2/1 123/2/1
f 136/2/1 130/2/1 135/2/1
f 137/2/1 130/2/1 136/2/1
f 138/2/1 134/2/1 133/2/1
f 138/2/1 133/2/1 132/2/1
f 138/2/1 132/2/1 131/2/1
f 139/2/1 134/2/1 138/2/1
f 140/2/1 137/2/1 136/2/1
f 140/2/1 138/2/1 137/2/1
f 141/2/1 138/2/1 140/2/1
f 144/2/1 143/2/1 142/2/1
f 145/2/1 143/2/1 144/2/1
f 148/2/1 147/2/1 146/2/1
f 149/2/1 147/2/1 148/2/1
f 150/2/1 147/2/1 149/2/1
f 152/2/1 151/2/1 150/2/1
f 152/2/1 150/2/1 149/2/1
f 153/2/1 151/2/1 152/2/1
f 159/2/1 155/2/1 154/2/1
f 160/2/1 157/2/1 156/2/1
f 161/2/1 157/2/1 160/2/1
f 162/2/1 159/2/1 158/2/1
f 163/2/1 159/2/1 162/2/1
f 164/2/1 155/2/1 159/2/1
f 164/2/1 159/2/1 163/2/1
f 165/2/1 163/2/1 162/2/1
f 165/2/1 162/2/1 161/2/1
f 166/2/1 163/2/1 165/2/1
f 167/2/1 155/2/1 164/2/1
f 168/2/1 155/2/1 167/2/1
f 171/2/1 170/2/1 169/2/1
f 172/2/1 170/2/1 171/2/1
f 177/2/1 174/2/1 173/2/1
f 178/2/1 174/2/1 177/2/1
f 179/2/1 176/2/1 175/2/1
f 180/2/1 176/2/1 179/2/1
f 183/2/1 182/2/1 181/2/1
f 184/2/1 182/2/1 183/2/1
f 187/2/1 182/2/1 184/2/1
f 188/2/1 182/2/1 187/2/1
f 189/2/1 186/2/1 185/2/1
f 190/2/1 186/2/1 189/2/1
f 194/2/1 191/2/1 190/2/1
f 198/2/1 194/2/1 190/2/1
f 198/2/1 195/2/1 194/2/1
f 199/2/1 195/2/1 198/2/1
f 201/2/1 197/2/1 196/2/1
f 202/2/1 197/2/1 201/2/1
f 203/2/1 193/2/1 192/2/1
f 204/2/1 202/2/1 201/2/1
f 204/2/1 201/2/1 200/2/1
f 205/2/1 202/2/1 204/2/1
f 206/2/1 193/2/1 203/2/1
f 207/2/1 193/2/1 206/2/1
f 211/2/1 209/2/1 208/2/1
f 212/2/1 209/2/1 211/2/1
f 216/2/1 211/2/1 210/2/1
f 217/2/1 211/2/1 216/2/1
f 218/2/1 214/2/1 213/2/1
f 219/2/1 214/2/1 218/2/1
f 220/2/1 216/2/1 215/2/1
f 221/2/1 216/2/1 220/2/1
f 222/2/1 220/2/1 219/2/1
f 223/2/1 220/2/1 222/2/1
f 228/2/1 225/2/1 224/2/1
f 229/2/1 225/2/1 228/2/1
f 230/2/1 227/2/1 226/2/1
f 231/2/1 230/2/1 229/2/1
f 232/2/1 230/2/1 231/2/1
f 233/2/1 230/2/1 232/2/1
f 234/2/1 227/2/1 230/2/1
f 234/2/1 230/2/1 233/2/1
f 237/2/1 236/2/1 235/2/1
f 238/2/1 236/2/1 237/2/1
f 241/2/1 240/2/1 239/2/1
f 242/2/1 240/2/1 241/2/1
f 245/2/1 244/2/1 243/2/1
f 249/2/1 248/2/1 247/2/1
f 250/2/1 248/2/1 249/2/1
f 252/2/1 251/2/1 250/2/1
f 255/2/1 245/2/1 243/2/1
f 255/2/1 246/2/1 245/2/1
f 256/2/1 246/2/1 255/2/1
f 257/2/1 246/2/1 256/2/1
f 258/2/1 246/2/1 257/2/1
f 259/2/1 252/2/1 250/2/1
f 260/2/1 252/2/1 259/2/1
f 261/2/1 254/2/1 253/2/1
f 262/2/1 254/2/1 261/2/1
f 263/2/1 257/2/1 256/2/1
f 264/2/1 257/2/1 263/2/1
f 267/2/1 266/2/1 265/2/1
f 268/2/1 266/2/1 267/2/1
f 275/2/1 270/2/1 269/2/1
f 276/2/1 270/2/1 275/2/1
f 277/2/1 272/2/1 271/2/1
f 278/2/1 272/2/1 277/2/1
f 279/2/1 274/2/1 273/2/1
f 280/2/1 274/2/1 279/2/1
f 281/2/1 277/2/1 276/2/1
f 282/2/1 277/2/1 281/2/1
f 285/2/1 284/2/1 283/2/1
f 286/2/1 284/2/1 285/2/1
f 295/2/1 289/2/1 288/2/1
f 296/2/1 287/2/1 286/2/1
f 297/2/1 291/2/1 290/2/1
f 298/2/1 291/2/1 297/2/1
f 299/2/1 293/2/1 292/2/1
f 300/2/1 293/2/1 299/2/1
f 301/2/1 295/2/1 294/2/1
f 302/2/1 289/2/1 295/2/1
f 302/2/1 295/2/1 301/2/1
f 303/2/1 298/2/1 297/2/1
f 303/2/1 300/2/1 299/2/1
f 303/2/1 296/2/1 286/2/1
f 303/2/1 299/2/1 298/2/1
f 303/2/1 301/2/1 300/2/1
f 303/2/1 297/2/1 296/2/1
f 304/2/1 301/2/1 303/2/1
f 305/2/1 301/2/1 304/2/1
f 306/2/1 301/2/1 305/2/1
f 309/2/1 305/2/1 304/2/1
f 310/2/1 305/2/1 309/2/1
f 311/2/1 308/2/1 307/2/1
f 312/2/1 308/2/1 311/2/1
f 315/2/1 314/2/1 313/2/1
f 316/2/1 314/2/1 315/2/1
f 319/2/1 318/2/1 317/2/1
f 320/2/1 318/2/1 319/2/1
f 324/2/1 321/2/1 320/2/1
f 325/2/1 321/2/1 324/2/1
f 327/2/1 323/2/1 322/2/1
f 329/2/1 327/2/1 326/2/1
f 330/2/1 323/2/1 327/2/1
f 330/2/1 327/2/1 329/2/1
f 331/2/1 329/2/1 328/2/1
f 332/2/1 329/2/1 331/2/1
f 335/2/1 334/2/1 333/2/1
f 336/2/1 334/2/1 335/2/1
f 341/2/1 338/2/1 337/2/1
f 342/2/1 338/2/1 341/2/1
f 343/2/1 340/2/1 339/2/1
f 344/2/1 340/2/1 343/2/1
f 348/2/1 346/2/1 345/2/1
f 349/2/1 348/2/1 347/2/1
f 350/2/1 346/2/1 348/2/1
f 350/2/1 348/2/1 349/2/1
f 351/2/1 349/2/1 347/2/1
f 352/2/1 349/2/1 351/2/1
f 355/2/1 349/2/1 352/2/1
f 356/2/1 349/2/1 355/2/1
f 358/2/1 354/2/1 353/2/1
f 359/2/1 354/2/1 358/2/1
f 360/2/1 358/2/1 357/2/1
f 366/2/1 360/2/1 357/2/1
f 366/2/1 361/2/1 360/2/1
f 367/2/1 361/2/1 366/2/1
f 368/2/1 363/2/1 362/2/1
f 369/2/1 363/2/1 368/2/1
f 370/2/1 365/2/1 364/2/1
f 371/2/1 365/2/1 370/2/1
f 374/2/1 373/2/1 372/2/1
f 375/2/1 373/2/1 374/2/1
f 381/2/1 377/2/1 376/2/1
f 382/2/1 377/2/1 381/2/1
f 384/2/1 379/2/1 378/2/1
f 385/2/1 379/2/1 384/2/1
f 388/2/1 383/2/1 382/2/1
f 390/2/1 388/2/1 382/2/1
f 390/2/1 389/2/1 388/2/1
f 391/2/1 389/2/1 390/2/1
f 393/2/1 381/2/1 380/2/1
f 395/2/1 387/2/1 386/2/1
f 396/2/1 387/2/1 395/2/1
f 398/2/1 393/2/1 392/2/1
f 399/2/1 381/2/1 393/2/1
f 399/2/1 393/2/1 398/2/1
f 400/2/1 381/2/1 399/2/1
f 401/2/1 390/2/1 382/2/1
f 402/2/1 390/2/1 401/2/1
f 405/2/1 395/2/1 394/2/1
f 406/2/1 395/2/1 405/2/1
f 408/2/1 398/2/1 397/2/1
f 408/2/1 399/2/1 398/2/1
f 409/2/1 399/2/1 408/2/1
f 410/2/1 404/2/1 403/2/1
f 411/2/1 404/2/1 410/2/1
f 413/2/1 407/2/1 406/2/1
f 415/2/1 413/2/1 412/2/1
f 416/2/1 413/2/1 415/2/1
f 417/2/1 407/2/1 413/2/1
f 417/2/1 413/2/1 416/2/1
f 422/2/1 416/2/1 415/2/1
f 422/2/1 415/2/1 414/2/1
f 423/2/1 416/2/1 422/2/1
f 424/2/1 419/2/1 418/2/1
f 425/2/1 419/2/1 424/2/1
f 426/2/1 421/2/1 420/2/1
f 427/2/1 421/2/1 426/2/1
f 430/2/1 429/2/1 428/2/1
f 431/2/1 429/2/1 430/2/1
f 440/2/1 435/2/1 434/2/1
f 441/2/1 435/2/1 440/2/1
f 443/2/1 437/2/1 436/2/1
f 444/2/1 437/2/1 443/2/1
f 445/2/1 439/2/1 438/2/1
f 446/2/1 439/2/1 445/2/1
f 448/2/1 433/2/1 432/2/1
f 449/2/1 433/2/1 448/2/1
f 456/2/1 443/2/1 442/2/1
f 457/2/1 443/2/1 456/2/1
f 458/2/1 448/2/1 447/2/1
f 459/2/1 448/2/1 458/2/1
f 460/2/1 451/2/1 450/2/1
f 461/2/1 451/2/1 460/2/1
f 462/2/1 455/2/1 454/2/1
f 463/2/1 455/2/1 462/2/1
f 466/2/1 453/2/1 452/2/1
f 467/2/1 453/2/1 466/2/1
f 468/2/1 465/2/1 464/2/1
f 469/2/1 465/2/1 468/2/1
f 476/2/1 471/2/1 470/2/1
f 477/2/1 471/2/1 476/2/1
f 479/2/1 473/2/1 472/2/1
f 480/2/1 473/2/1 479/2/1
f 483/2/1 475/2/1 474/2/1
f 490/2/1 479/2/1 478/2/1
f 491/2/1 479/2/1 490/2/1
f 492/2/1 482/2/1 481/2/1
f 493/2/1 482/2/1 492/2/1
f 496/2/1 485/2/1 484/2/1
f 497/2/1 488/2/1 487/2/1
f 497/2/1 487/2/1 486/2/1
f 498/2/1 488/2/1 497/2/1
f 499/2/1 488/2/1 498/2/1
f 500/2/1 490/2/1 489/2/1
f 501/2/1 490/2/1 500/2/1
f 506/2/1 475/2/1 483/2/1
f 507/2/1 475/2/1 506/2/1
f 510/2/1 495/2/1 494/2/1
f 511/2/1 495/2/1 510/2/1
f 512/2/1 496/2/1 484/2/1
f 512/2/1 497/2/1 496/2/1
f 512/2/1 498/2/1 497/2/1
f 513/2/1 498/2/1 512/2/1
f 514/2/1 503/2/1 502/2/1
f 515/2/1 503/2/1 514/2/1
f 516/2/1 505/2/1 504/2/1
f 517/2/1 505/2/1 516/2/1
f 518/2/1 509/2/1 508/2/1
f 519/2/1 509/2/1 518/2/1
f 522/2/1 521/2/1 520/2/1
f 523/2/1 521/2/1 522/2/1
f 528/2/1 525/2/1 524/2/1
f 529/2/1 525/2/1 528/2/1
f 533/2/1 527/2/1 526/2/1
f 534/2/1 527/2/1 533/2/1
f 535/2/1 530/2/1 529/2/1
f 536/2/1 530/2/1 535/2/1
f 540/2/1 537/2/1 536/2/1
f 541/2/1 537/2/1 540/2/1
f 542/2/1 539/2/1 538/2/1
f 543/2/1 539/2/1 542/2/1
f 545/2/1 532/2/1 531/2/1
f 546/2/1 532/2/1 545/2/1
f 554/2/1 545/2/1 544/2/1
f 555/2/1 545/2/1 554/2/1
f 556/2/1 548/2/1 547/2/1
f 557/2/1 548/2/1 556/2/1
f 558/2/1 550/2/1 549/2/1
f 559/2/1 550/2/1 558/2/1
f 560/2/1 550/2/1 559/2/1
f 563/2/1 553/2/1 552/2/1
f 563/2/1 552/2/1 551/2/1
f 564/2/1 553/2/1 563/2/1
f 565/2/1 558/2/1 557/2/1
f 565/2/1 559/2/1 558/2/1
f 566/2/1 559/2/1 565/2/1
f 567/2/1 562/2/1 561/2/1
f 568/2/1 562/2/1 567/2/1
f 571/2/1 570/2/1 569/2/1
f 572/2/1 570/2/1 571/2/1
f 576/2/1 573/2/1 572/2/1
f 577/2/1 573/2/1 576/2/1
f 578/2/1 575/2/1 574/2/1
f 579/2/1 575/2/1 578/2/1
f 586/2/1 583/2/1 582/2/1
f 587/2/1 583/2/1 586/2/1
f 589/2/1 585/2/1 584/2/1
f 590/2/1 585/2/1 589/2/1
f 595/2/1 581/2/1 580/2/1
f 596/2/1 581/2/1 595/2/1
f 599/2/1 589/2/1 588/2/1
f 600/2/1 589/2/1 599/2/1
f 601/2/1 592/2/1 591/2/1
f 602/2/1 592/2/1 601/2/1
f 603/2/1 594/2/1 593/2/1
f 604/2/1 594/2/1 603/2/1
f 605/2/1 598/2/1 597/2/1
f 606/2/1 598/2/1 605/2/1
f 607/2/1 601/2/1 600/2/1
f 608/2/1 601/2/1 607/2/1
f 615/2/1 610/2/1 609/2/1
f 616/2/1 610/2/1 615/2/1
f 617/2/1 612/2/1 611/2/1
f 618/2/1 612/2/1 617/2/1
f 621/2/1 614/2/1 613/2/1
f 622/2/1 614/2/1 621/2/1
f 627/2/1 620/2/1 619/2/1
f 628/2/1 620/2/1 627/2/1
f 630/2/1 624/2/1 623/2/1
f 631/2/1 624/2/1 630/2/1
f 632/2/1 626/2/1 625/2/1
f 633/2/1 626/2/1 632/2/1
f 635/2/1 629/2/1 628/2/1
f 636/2/1 629/2/1 635/2/1
f 645/2/1 638/2/1 637/2/1
f 646/2/1 638/2/1 645/2/1
f 647/2/1 640/2/1 639/2/1
f 648/2/1 640/2/1 647/2/1
f 653/2/1 642/2/1 641/2/1
f 654/2/1 642/2/1 653/2/1
f 657/2/1 635/2/1 634/2/1
f 658/2/1 635/2/1 657/2/1
f 659/2/1 644/2/1 643/2/1
f 660/2/1 644/2/1 659/2/1
f 661/2/1 649/2/1 648/2/1
f 661/2/1 650/2/1 649/2/1
f 662/2/1 650/2/1 661/2/1
f 665/2/1 652/2/1 651/2/1
f 666/2/1 652/2/1 665/2/1
f 667/2/1 656/2/1 655/2/1
f 668/2/1 656/2/1 667/2/1
f 669/2/1 663/2/1 662/2/1
f 670/2/1 663/2/1 669/2/1
f 671/2/1 665/2/1 664/2/1
f 672/2/1 665/2/1 671/2/1
f 675/1/1 674/1/1 673/1/1
f 676/1/1 674/1/1 675/1/1
f 683/2/1 678/2/1 677/2/1
f 684/2/1 678/2/1 683/2/1
f 685/2/1 678/2/1 684/2/1
f 686/2/1 682/2/1 681/2/1
f 687/2/1 682/2/1 686/2/1
f 696/2/1 680/2/1 679/2/1
f 697/2/1 680/2/1 696/2/1
f 699/2/1 691/2/1 690/2/1
f 700/2/1 691/2/1 699/2/1
f 701/2/1 693/2/1 692/2/1
f 702/2/1 693/2/1 701/2/1
f 703/2/1 695/2/1 694/2/1
f 704/2/1 695/2/1 703/2/1
f 709/2/1 689/2/1 688/2/1
f 710/2/1 689/2/1 709/2/1
f 711/2/1 699/2/1 698/2/1
f 712/2/1 699/2/1 711/2/1
f 713/2/1 706/2/1 705/2/1
f 717/2/1 708/2/1 707/2/1
f 718/2/1 708/2/1 717/2/1
f 719/2/1 713/2/1 705/2/1
f 719/2/1 714/2/1 713/2/1
f 720/2/1 714/2/1 719/2/1
f 721/2/1 716/2/1 715/2/1
f 722/2/1 716/2/1 721/2/1
f 723/2/1 716/2/1 722/2/1
f 724/2/1 716/2/1 723/2/1
f 729/1/1 726/1/1 725/1/1
f 730/1/1 728/1/1 727/1/1
f 731/1/1 729/1/1 725/1/1
f 731/1/1 730/1/1 729/1/1
f 732/1/1 728/1/1 730/1/1
f 732/1/1 730/1/1 731/1/1
f 737/2/1 734/2/1 733/2/1
f 738/2/1 734/2/1 737/2/1
f 739/2/1 736/2/1 735/2/1
f 740/2/1 736/2/1 739/2/1
f 744/2/1 743/2/1 742/2/1
f 745/2/1 743/2/1 744/2/1
f 754/2/1 741/2/1 740/2/1
f 755/2/1 741/2/1 754/2/1
f 756/2/1 747/2/1 746/2/1
f 757/2/1 747/2/1 756/2/1
f 758/2/1 749/2/1 748/2/1
f 759/2/1 749/2/1 758/2/1
f 760/2/1 751/2/1 750/2/1
f 761/2/1 751/2/1 760/2/1
f 764/2/1 753/2/1 752/2/1
f 765/2/1 753/2/1 764/2/1
f 770/2/1 767/2/1 766/2/1
f 771/2/1 767/2/1 770/2/1
f 772/2/1 763/2/1 762/2/1
f 773/2/1 763/2/1 772/2/1
f 776/2/1 775/2/1 774/2/1
f 777/2/1 775/2/1 776/2/1
f 778/2/1 769/2/1 768/2/1
f 779/2/1 769/2/1 778/2/1
f 782/1/1 781/1/1 780/1/1
f 783/1/1 781/1/1 782/1/1
f 786/1/1 785/1/1 784/1/1
f 787/1/1 785/1/1 786/1/1
f 792/2/1 789/2/1 788/2/1
f 793/2/1 789/2/1 792/2/1
f 798/2/1 791/2/1 790/2/1
f 799/2/1 791/2/1 798/2/1
f 805/2/1 795/2/1 794/2/1
f 806/2/1 795/2/1 805/2/1
f 807/2/1 797/2/1 796/2/1
f 808/2/1 797/2/1 807/2/1
f 810/2/1 801/2/1 800/2/1
f 811/2/1 801/2/1 810/2/1
f 813/2/1 803/2/1 802/2/1
f 814/2/1 803/2/1 813/2/1
f 815/2/1 805/2/1 804/2/1
f 816/2/1 805/2/1 815/2/1
f 817/2/1 795/2/1 806/2/1
f 818/2/1 795/2/1 817/2/1
f 819/2/1 809/2/1 808/2/1
f 822/2/1 819/2/1 808/2/1
f 823/2/1 819/2/1 822/2/1
f 824/2/1 812/2/1 811/2/1
f 825/2/1 812/2/1 824/2/1
f 828/2/1 821/2/1 820/2/1
f 829/2/1 821/2/1 828/2/1
f 830/2/1 827/2/1 826/2/1
f 831/2/1 827/2/1 830/2/1
f 834/2/1 833/2/1 832/2/1
f 835/2/1 833/2/1 834/2/1
f 840/1/1 837/1/1 836/1/1
f 841/1/1 837/1/1 840/1/1
f 844/1/1 843/1/1 842/1/1
f 845/1/1 843/1/1 844/1/1
f 846/1/1 843/1/1 845/1/1
f 849/1/1 839/1/1 838/1/1
f 850/1/1 847/1/1 846/1/1
f 850/1/1 846/1/1 845/1/1
f 851/1/1 849/1/1 848/1/1
f 852/1/1 850/1/1 845/1/1
f 852/1/1 851/1/1 850/1/1
f 853/1/1 849/1/1 851/1/1
f 853/1/1 851/1/1 852/1/1
f 853/1/1 839/1/1 849/1/1
f 856/2/1 855/2/1 854/2/1
f 857/2/1 855/2/1 856/2/1
f 864/2/1 863/2/1 862/2/1
f 865/2/1 863/2/1 864/2/1
f 866/2/1 863/2/1 865/2/1
f 867/2/1 863/2/1 866/2/1
f 868/2/1 859/2/1 858/2/1
f 869/2/1 859/2/1 868/2/1
f 870/2/1 859/2/1 869/2/1
f 871/2/1 859/2/1 870/2/1
f 872/2/1 861/2/1 860/2/1
f 873/2/1 861/2/1 872/2/1
f 882/2/1 866/2/1 865/2/1
f 883/2/1 866/2/1 882/2/1
f 884/2/1 870/2/1 869/2/1
f 885/2/1 870/2/1 884/2/1
f 886/2/1 877/2/1 876/2/1
f 887/2/1 877/2/1 886/2/1
f 888/2/1 879/2/1 878/2/1
f 889/2/1 879/2/1 888/2/1
f 890/2/1 875/2/1 874/2/1
f 891/2/1 875/2/1 890/2/1
f 893/2/1 881/2/1 880/2/1
f 894/2/1 881/2/1 893/2/1
f 897/2/1 896/2/1 895/2/1
f 898/2/1 896/2/1 897/2/1
f 899/2/1 892/2/1 891/2/1
f 900/2/1 892/2/1 899/2/1
f 903/2/1 902/2/1 901/2/1
f 904/2/1 902/2/1 903/2/1
f 909/1/1 906/1/1 905/1/1
f 910/1/1 906/1/1 909/1/1
f 913/1/1 912/1/1 911/1/1
f 915/1/1 913/1/1 911/1/1
f 915/1/1 914/1/1 913/1/1
f 916/1/1 914/1/1 915/1/1
f 917/1/1 914/1/1 916/1/1
f 918/1/1 908/1/1 907/1/1
f 919/1/1 917/1/1 916/1/1
f 919/1/1 918/1/1 917/1/1
f 920/1/1 908/1/1 918/1/1
f 920/1/1 918/1/1 919/1/1
f 925/2/1 922/2/1 921/2/1
f 926/2/1 922/2/1 925/2/1
f 927/2/1 924/2/1 923/2/1
f 928/2/1 924/2/1 927/2/1
f 931/2/1 930/2/1 929/2/1
f 932/2/1 930/2/1 931/2/1
f 940/2/1 936/2/1 935/2/1
f 941/2/1 936/2/1 940/2/1
f 942/2/1 938/2/1 937/2/1
f 943/2/1 938/2/1 942/2/1
f 944/2/1 934/2/1 933/2/1
f 945/2/1 934/2/1 944/2/1
f 950/2/1 940/2/1 939/2/1
f 951/2/1 940/2/1 950/2/1
f 956/2/1 947/2/1 946/2/1
f 957/2/1 947/2/1 956/2/1
f 958/2/1 949/2/1 948/2/1
f 959/2/1 949/2/1 958/2/1
f 962/2/1 955/2/1 954/2/1
f 963/2/1 955/2/1 962/2/1
f 964/2/1 961/2/1 960/2/1
f 965/2/1 961/2/1 964/2/1
f 966/2/1 953/2/1 952/2/1
f 967/2/1 953/2/1 966/2/1
f 970/2/1 969/2/1 968/2/1
f 971/2/1 969/2/1 970/2/1
f 976/1/1 973/1/1 972/1/1
f 977/1/1 973/1/1 976/1/1
f 980/1/1 979/1/1 978/1/1
f 981/1/1 979/1/1 980/1/1
f 984/1/1 983/1/1 982/1/1
f 985/1/1 983/1/1 984/1/1
f 986/1/1 975/1/1 974/1/1
f 987/1/1 975/1/1 986/1/1
f 990/2/1 989/2/1 988/2/1
f 991/2/1 989/2/1 990/2/1
f 996/2/1 991/2/1 990/2/1
f 997/2/1 991/2/1 996/2/1
f 998/2/1 993/2/1 992/2/1
f 1002/2/1 993/2/1 998/2/1
f 1003/2/1 993/2/1 1002/2/1
f 1004/2/1 1000/2/1 999/2/1
f 1005/2/1 1000/2/1 1004/2/1
f 1008/2/1 995/2/1 994/2/1
f 1009/2/1 995/2/1 1008/2/1
f 1010/2/1 1002/2/1 1001/2/1
f 1011/2/1 1007/2/1 1006/2/1
f 1012/2/1 1007/2/1 1011/2/1
f 1013/2/1 1002/2/1 1010/2/1
f 1014/2/1 1002/2/1 1013/2/1
f 1017/2/1 1016/2/1 1015/2/1
f 1018/2/1 1016/2/1 1017/2/1
f 1020/2/1 1019/2/1 1018/2/1
f 1021/2/1 1019/2/1 1020/2/1
f 1026/2/1 1023/2/1 1022/2/1
f 1027/2/1 1023/2/1 1026/2/1
f 1028/2/1 1025/2/1 1024/2/1
f 1029/2/1 1025/2/1 1028/2/1
f 1034/1/1 1031/1/1 1030/1/1
f 1035/1/1 1031/1/1 1034/1/1
f 1038/1/1 1037/1/1 1036/1/1
f 1039/1/1 1037/1/1 1038/1/1
f 1041/1/1 1040/1/1 1039/1/1
f 1044/1/1 1033/1/1 1032/1/1
f 1045/1/1 1042/1/1 1041/1/1
f 1045/1/1 1041/1/1 1039/1/1
f 1046/1/1 1042/1/1 1045/1/1
f 1048/1/1 1044/1/1 1043/1/1
f 1049/1/1 1033/1/1 1044/1/1
f 1049/1/1 1044/1/1 1048/1/1
f 1050/1/1 1048/1/1 1047/1/1
f 1051/1/1 1048/1/1 1050/1/1
f 1052/1/1 1050/1/1 1047/1/1
f 1053/1/1 1050/1/1 1052/1/1
f 1056/2/1 1055/2/1 1054/2/1
f 1057/2/1 1055/2/1 1056/2/1
f 1065/2/1 1059/2/1 1058/2/1
f 1066/2/1 1059/2/1 1065/2/1
f 1068/2/1 1063/2/1 1062/2/1
f 1069/2/1 1065/2/1 1064/2/1
f 1070/2/1 1065/2/1 1069/2/1
f 1071/2/1 1067/2/1 1066/2/1
f 1072/2/1 1067/2/1 1071/2/1
f 1075/2/1 1061/2/1 1060/2/1
f 1076/2/1 1061/2/1 1075/2/1
f 1078/2/1 1068/2/1 1062/2/1
f 1079/2/1 1068/2/1 1078/2/1
f 1080/2/1 1075/2/1 1074/2/1
f 1081/2/1 1075/2/1 1080/2/1
f 1082/2/1 1078/2/1 1077/2/1
f 1083/2/1 1078/2/1 1082/2/1
f 1085/2/1 1073/2/1 1072/2/1
f 1086/2/1 1073/2/1 1085/2/1
f 1087/2/1 1085/2/1 1084/2/1
f 1088/2/1 1085/2/1 1087/2/1
f 1091/2/1 1090/2/1 1089/2/1
f 1092/2/1 1090/2/1 1091/2/1
f 1094/2/1 1093/2/1 1092/2/1
f 1095/2/1 1093/2/1 1094/2/1
f 1100/1/1 1097/1/1 1096/1/1
f 1101/1/1 1097/1/1 1100/1/1
f 1104/1/1 1103/1/1 1102/1/1
f 1106/1/1 1099/1/1 1098/1/1
f 1107/1/1 1099/1/1 1106/1/1
f 1108/1/1 1105/1/1 1104/1/1
f 1108/1/1 1104/1/1 1102/1/1
f 1109/1/1 1105/1/1 1108/1/1
f 1112/1/1 1111/1/1 1110/1/1
f 1113/1/1 1111/1/1 1112/1/1
f 1116/1/1 1115/1/1 1114/1/1
f 1117/1/1 1115/1/1 1116/1/1
f 1120/1/1 1119/1/1 1118/1/1
f 1121/1/1 1119/1/1 1120/1/1
f 1124/2/1 1123/2/1 1122/2/1
f 1125/2/1 1123/2/1 1124/2/1
f 1132/2/1 1126/2/1 1125/2/1
f 1133/2/1 1126/2/1 1132/2/1
f 1134/2/1 1126/2/1 1133/2/1
f 1135/2/1 1128/2/1 1127/2/1
f 1136/2/1 1128/2/1 1135/2/1
f 1137/2/1 1132/2/1 1131/2/1
f 1138/2/1 1132/2/1 1137/2/1
f 1139/2/1 1134/2/1 1133/2/1
f 1139/2/1 1135/2/1 1134/2/1
f 1140/2/1 1135/2/1 1139/2/1
f 1143/2/1 1130/2/1 1129/2/1
f 1144/2/1 1130/2/1 1143/2/1
f 1145/2/1 1142/2/1 1141/2/1
f 1146/2/1 1142/2/1 1145/2/1
f 1151/2/1 1148/2/1 1147/2/1
f 1152/2/1 1148/2/1 1151/2/1
f 1153/2/1 1150/2/1 1149/2/1
f 1154/2/1 1150/2/1 1153/2/1
f 1157/2/1 1156/2/1 1155/2/1
f 1158/2/1 1156/2/1 1157/2/1
f 1163/1/1 1162/1/1 1161/1/1
f 1164/1/1 1162/1/1 1163/1/1
f 1166/1/1 1160/1/1 1159/1/1
f 1167/1/1 1166/1/1 1165/1/1
f 1168/1/1 1160/1/1 1166/1/1
f 1168/1/1 1166/1/1 1167/1/1
f 1171/1/1 1170/1/1 1169/1/1
f 1172/1/1 1170/1/1 1171/1/1
f 1177/2/1 1174/2/1 1173/2/1
f 1178/2/1 1174/2/1 1177/2/1
f 1185/2/1 1176/2/1 1175/2/1
f 1186/2/1 1176/2/1 1185/2/1
f 1189/2/1 1180/2/1 1179/2/1
f 1190/2/1 1180/2/1 1189/2/1
f 1191/2/1 1182/2/1 1181/2/1
f 1192/2/1 1182/2/1 1191/2/1
f 1193/2/1 1184/2/1 1183/2/1
f 1194/2/1 1184/2/1 1193/2/1
f 1197/2/1 1188/2/1 1187/2/1
f 1198/2/1 1188/2/1 1197/2/1
f 1201/2/1 1196/2/1 1195/2/1
f 1202/2/1 1196/2/1 1201/2/1
f 1210/2/1 1205/2/1 1204/2/1
f 1210/2/1 1204/2/1 1203/2/1
f 1211/2/1 1205/2/1 1210/2/1
f 1213/2/1 1200/2/1 1199/2/1
f 1214/2/1 1200/2/1 1213/2/1
f 1217/2/1 1207/2/1 1206/2/1
f 1218/2/1 1207/2/1 1217/2/1
f 1219/2/1 1209/2/1 1208/2/1
f 1220/2/1 1209/2/1 1219/2/1
f 1221/2/1 1213/2/1 1212/2/1
f 1222/2/1 1213/2/1 1221/2/1
f 1223/2/1 1216/2/1 1215/2/1
f 1224/2/1 1216/2/1 1223/2/1
f 1229/2/1 1226/2/1 1225/2/1
f 1230/2/1 1226/2/1 1229/2/1
f 1231/2/1 1228/2/1 1227/2/1
f 1232/2/1 1228/2/1 1231/2/1
f 1235/1/1 1234/1/1 1233/1/1
f 1236/1/1 1234/1/1 1235/1/1
f 1239/1/1 1238/1/1 1237/1/1
f 1240/1/1 1238/1/1 1239/1/1
f 1244/1/1 1242/1/1 1241/1/1
f 1245/1/1 1242/1/1 1244/1/1
f 1246/1/1 1244/1/1 1243/1/1
f 1247/1/1 1244/1/1 1246/1/1
f 1250/1/1 1249/1/1 1248/1/1
f 1251/1/1 1249/1/1 1250/1/1
f 1256/2/1 1253/2/1 1252/2/1
f 1257/2/1 1253/2/1 1256/2/1
f 1260/2/1 1255/2/1 1254/2/1
f 1261/2/1 1255/2/1 1260/2/1
f 1267/2/1 1259/2/1 1258/2/1
f 1268/2/1 1259/2/1 1267/2/1
f 1269/2/1 1262/2/1 1261/2/1
f 1270/2/1 1262/2/1 1269/2/1
f 1271/2/1 1264/2/1 1263/2/1
f 1272/2/1 1264/2/1 1271/2/1
f 1273/2/1 1266/2/1 1265/2/1
f 1274/2/1 1266/2/1 1273/2/1
f 1281/2/1 1276/2/1 1275/2/1
f 1282/2/1 1276/2/1 1281/2/1
f 1287/2/1 1278/2/1 1277/2/1
f 1288/2/1 1278/2/1 1287/2/1
f 1289/2/1 1280/2/1 1279/2/1
f 1292/2/1 1286/2/1 1285/2/1
f 1293/2/1 1286/2/1 1292/2/1
f 1296/2/1 1291/2/1 1290/2/1
f 1297/2/1 1291/2/1 1296/2/1
f 1298/2/1 1284/2/1 1283/2/1
f 1299/2/1 1284/2/1 1298/2/1
f 1300/2/1 1295/2/1 1294/2/1
f 1301/2/1 1295/2/1 1300/2/1
f 1302/2/1 1278/2/1 1288/2/1
f 1303/2/1 1278/2/1 1302/2/1
f 1304/2/1 1289/2/1 1279/2/1
f 1305/2/1 1289/2/1 1304/2/1
f 1309/1/1 1307/1/1 1306/1/1
f 1310/1/1 1307/1/1 1309/1/1
f 1313/1/1 1309/1/1 1308/1/1
f 1314/1/1 1309/1/1 1313/1/1
f 1315/1/1 1312/1/1 1311/1/1
f 1316/1/1 1312/1/1 1315/1/1
f 1320/1/1 1318/1/1 1317/1/1
f 1321/1/1 1318/1/1 1320/1/1
f 1321/1/1 1320/1/1 1319/1/1
f 1322/1/1 1318/1/1 1321/1/1
f 1323/1/1 1321/1/1 1319/1/1
f 1324/1/1 1321/1/1 1323/1/1
f 1328/1/1 1326/1/1 1325/1/1
f 1329/1/1 1326/1/1 1328/1/1
f 1330/1/1 1328/1/1 1327/1/1
f 1331/1/1 1328/1/1 1330/1/1
f 1334/1/1 1333/1/1 1332/1/1
f 1335/1/1 1333/1/1 1334/1/1
f 1336/1/1 1333/1/1 1335/1/1
f 1337/1/1 1333/1/1 1336/1/1
f 1338/1/1 1336/1/1 1335/1/1
f 1339/1/1 1336/1/1 1338/1/1
f 1340/1/1 1336/1/1 1339/1/1
f 1341/1/1 1336/1/1 1340/1/1
f 1348/2/1 1343/2/1 1342/2/1
f 1349/2/1 1345/2/1 1344/2/1
f 1350/2/1 1345/2/1 1349/2/1
f 1351/2/1 1345/2/1 1350/2/1
f 1354/2/1 1353/2/1 1352/2/1
f 1355/2/1 1353/2/1 1354/2/1
f 1359/2/1 1347/2/1 1346/2/1
f 1360/2/1 1347/2/1 1359/2/1
f 1361/2/1 1348/2/1 1342/2/1
f 1361/2/1 1349/2/1 1348/2/1
f 1361/2/1 1350/2/1 1349/2/1
f 1362/2/1 1350/2/1 1361/2/1
f 1366/2/1 1358/2/1 1357/2/1
f 1367/2/1 1358/2/1 1366/2/1
f 1368/2/1 1358/2/1 1367/2/1
f 1369/2/1 1364/2/1 1363/2/1
f 1370/2/1 1364/2/1 1369/2/1
f 1372/2/1 1356/2/1 1355/2/1
f 1373/2/1 1356/2/1 1372/2/1
f 1377/2/1 1366/2/1 1365/2/1
f 1377/2/1 1367/2/1 1366/2/1
f 1378/2/1 1367/2/1 1377/2/1
f 1381/2/1 1371/2/1 1370/2/1
f 1382/2/1 1371/2/1 1381/2/1
f 1385/2/1 1374/2/1 1373/2/1
f 1386/2/1 1374/2/1 1385/2/1
f 1387/2/1 1374/2/1 1386/2/1
f 1390/2/1 1376/2/1 1375/2/1
f 1391/2/1 1376/2/1 1390/2/1
f 1392/2/1 1388/2/1 1387/2/1
f 1392/2/1 1387/2/1 1386/2/1
f 1393/2/1 1388/2/1 1392/2/1
f 1394/2/1 1388/2/1 1393/2/1
f 1396/2/1 1390/2/1 1389/2/1
f 1397/2/1 1390/2/1 1396/2/1
f 1398/2/1 1380/2/1 1379/2/1
f 1399/2/1 1380/2/1 1398/2/1
f 1400/2/1 1384/2/1 1383/2/1
f 1406/2/1 1401/2/1 1400/2/1
f 1407/2/1 1403/2/1 1402/2/1
f 1408/2/1 1405/2/1 1404/2/1
f 1409/2/1 1405/2/1 1408/2/1
f 1410/2/1 1394/2/1 1393/2/1
f 1411/2/1 1394/2/1 1410/2/1
f 1412/2/1 1396/2/1 1395/2/1
f 1413/2/1 1396/2/1 1412/2/1
f 1414/2/1 1407/2/1 1406/2/1
f 1414/2/1 1406/2/1 1400/2/1
f 1414/2/1 1400/2/1 1383/2/1
f 1415/2/1 1403/2/1 1407/2/1
f 1415/2/1 1407/2/1 1414/2/1
f 1418/1/1 1417/1/1 1416/1/1
f 1419/1/1 1417/1/1 1418/1/1
f 1422/1/1 1421/1/1 1420/1/1
f 1423/1/1 1421/1/1 1422/1/1
f 1429/1/1 1425/1/1 1424/1/1
f 1430/1/1 1427/1/1 1426/1/1
f 1431/1/1 1427/1/1 1430/1/1
f 1434/1/1 1429/1/1 1428/1/1
f 1434/1/1 1425/1/1 1429/1/1
f 1435/1/1 1425/1/1 1434/1/1
f 1436/1/1 1433/1/1 1432/1/1
f 1437/1/1 1433/1/1 1436/1/1
f 1439/1/1 1434/1/1 1428/1/1
f 1440/1/1 1439/1/1 1438/1/1
f 1441/1/1 1439/1/1 1440/1/1
f 1442/1/1 1434/1/1 1439/1/1
f 1442/1/1 1439/1/1 1441/1/1
f 1444/1/1 1442/1/1 1441/1/1
f 1444/1/1 1443/1/1 1442/1/1
f 1445/1/1 1443/1/1 1444/1/1
f 1446/1/1 1444/1/1 1441/1/1
f 1447/1/1 1444/1/1 1446/1/1
f 1451/1/1 1449/1/1 1448/1/1
f 1456/2/1 1451/2/1 1450/2/1
f 1457/1/1 1449/1/1 1451/1/1
f 1457/2/1 1451/2/1 1456/2/1
f 1458/1/1 1449/1/1 1457/1/1
f 1459/1/1 1449/1/1 1458/1/1
f 1460/1/1 1449/1/1 1459/1/1
f 1461/2/1 1453/2/1 1452/2/1
f 1462/2/1 1453/2/1 1461/2/1
f 1464/2/1 1455/2/1 1454/2/1
f 1465/2/1 1455/2/1 1464/2/1
f 1467/2/1 1459/2/1 1458/2/1
f 1468/2/1 1459/2/1 1467/2/1
f 1477/2/1 1472/2/1 1471/2/1
f 1478/2/1 1472/2/1 1477/2/1
f 1479/2/1 1474/2/1 1473/2/1
f 1480/2/1 1474/2/1 1479/2/1
f 1486/2/1 1476/2/1 1475/2/1
f 1487/2/1 1476/2/1 1486/2/1
f 1488/2/1 1464/2/1 1463/2/1
f 1489/2/1 1464/2/1 1488/2/1
f 1490/2/1 1466/2/1 1465/2/1
f 1493/2/1 1470/2/1 1469/2/1
f 1494/2/1 1470/2/1 1493/2/1
f 1495/2/1 1485/2/1 1484/2/1
f 1496/2/1 1490/2/1 1465/2/1
f 1497/2/1 1490/2/1 1496/2/1
f 1498/2/1 1492/2/1 1491/2/1
f 1499/2/1 1492/2/1 1498/2/1
f 1500/2/1 1481/2/1 1480/2/1
f 1501/2/1 1481/2/1 1500/2/1
f 1504/2/1 1483/2/1 1482/2/1
f 1505/2/1 1483/2/1 1504/2/1
f 1507/2/1 1495/2/1 1484/2/1
f 1508/2/1 1495/2/1 1507/2/1
f 1509/2/1 1495/2/1 1508/2/1
f 1512/2/1 1503/2/1 1502/2/1
f 1513/2/1 1503/2/1 1512/2/1
f 1515/2/1 1507/2/1 1506/2/1
f 1516/2/1 1507/2/1 1515/2/1
f 1517/2/1 1514/2/1 1513/2/1
f 1518/2/1 1514/2/1 1517/2/1
f 1519/2/1 1511/2/1 1510/2/1
f 1520/2/1 1511/2/1 1519/2/1
f 1522/2/1 1521/2/1 1520/2/1
f 1523/2/1 1521/2/1 1522/2/1
f 1526/1/1 1525/1/1 1524/1/1
f 1527/1/1 1525/1/1 1526/1/1
f 1530/1/1 1529/1/1 1528/1/1
f 1531/1/1 1529/1/1 1530/1/1
f 1536/1/1 1535/1/1 1534/1/1
f 1538/1/1 1533/1/1 1532/1/1
f 1539/1/1 1533/1/1 1538/1/1
f 1540/1/1 1537/1/1 1536/1/1
f 1540/1/1 1536/1/1 1534/1/1
f 1541/1/1 1537/1/1 1540/1/1
f 1545/1/1 1543/1/1 1542/1/1
f 1546/1/1 1543/1/1 1545/1/1
f 1546/1/1 1545/1/1 1544/1/1
f 1547/1/1 1543/1/1 1546/1/1
f 1548/1/1 1537/1/1 1541/1/1
f 1549/1/1 1537/1/1 1548/1/1
f 1551/1/1 1546/1/1 1544/1/1
f 1552/1/1 1551/1/1 1550/1/1
f 1552/1/1 1546/1/1 1551/1/1
f 1554/1/1 1552/1/1 1550/1/1
f 1554/1/1 1553/1/1 1552/1/1
f 1555/1/1 1553/1/1 1554/1/1
f 1556/1/1 1554/1/1 1550/1/1
f 1557/1/1 1554/1/1 1556/1/1
f 1560/2/1 1559/2/1 1558/2/1
f 1564/1/1 1563/1/1 1562/1/1
f 1565/1/1 1563/1/1 1564/1/1
f 1566/2/1 1560/2/1 1558/2/1
f 1566/2/1 1561/2/1 1560/2/1
f 1567/2/1 1561/2/1 1566/2/1
f 1568/1/1 1564/1/1 1562/1/1
f 1569/1/1 1564/1/1 1568/1/1
f 1570/1/1 1563/1/1 1565/1/1
f 1571/1/1 1563/1/1 1570/1/1
f 1572/2/1 1571/2/1 1570/2/1
f 1573/2/1 1571/2/1 1572/2/1
f 1576/2/1 1561/2/1 1567/2/1
f 1577/2/1 1561/2/1 1576/2/1
f 1581/1/1 1575/1/1 1574/1/1
f 1582/1/1 1575/1/1 1581/1/1
f 1585/2/1 1578/2/1 1577/2/1
f 1586/2/1 1578/2/1 1585/2/1
f 1587/2/1 1578/2/1 1586/2/1
f 1596/2/1 1589/2/1 1588/2/1
f 1597/2/1 1589/2/1 1596/2/1
f 1598/2/1 1580/2/1 1579/2/1
f 1599/2/1 1580/2/1 1598/2/1
f 1600/2/1 1584/2/1 1583/2/1
f 1601/2/1 1584/2/1 1600/2/1
f 1604/2/1 1595/2/1 1594/2/1
f 1605/2/1 1595/2/1 1604/2/1
f 1606/2/1 1591/2/1 1590/2/1
f 1607/2/1 1591/2/1 1606/2/1
f 1611/2/1 1607/2/1 1606/2/1
f 1611/2/1 1608/2/1 1607/2/1
f 1612/2/1 1608/2/1 1611/2/1
f 1615/2/1 1593/2/1 1592/2/1
f 1616/2/1 1593/2/1 1615/2/1
f 1619/2/1 1610/2/1 1609/2/1
f 1620/2/1 1610/2/1 1619/2/1
f 1622/2/1 1603/2/1 1602/2/1
f 1623/2/1 1603/2/1 1622/2/1
f 1626/2/1 1614/2/1 1613/2/1
f 1627/2/1 1614/2/1 1626/2/1
f 1631/2/1 1618/2/1 1617/2/1
f 1632/2/1 1618/2/1 1631/2/1
f 1633/2/1 1618/2/1 1632/2/1
f 1634/2/1 1625/2/1 1624/2/1
f 1635/2/1 1625/2/1 1634/2/1
f 1638/2/1 1629/2/1 1628/2/1
f 1639/2/1 1629/2/1 1638/2/1
f 1640/2/1 1631/2/1 1630/2/1
f 1640/2/1 1632/2/1 1631/2/1
f 1641/2/1 1632/2/1 1640/2/1
f 1642/2/1 1622/2/1 1621/2/1
f 1643/2/1 1622/2/1 1642/2/1
f 1644/2/1 1637/2/1 1636/2/1
f 1645/2/1 1637/2/1 1644/2/1
f 1650/1/1 1647/1/1 1646/1/1
f 1651/1/1 1647/1/1 1650/1/1
f 1654/1/1 1649/1/1 1648/1/1
f 1655/1/1 1649/1/1 1654/1/1
f 1658/1/1 1653/1/1 1652/1/1
f 1660/1/1 1658/1/1 1652/1/1
f 1660/1/1 1659/1/1 1658/1/1
f 1661/1/1 1659/1/1 1660/1/1
f 1663/1/1 1659/1/1 1661/1/1
f 1664/1/1 1663/1/1 1662/1/1
f 1665/1/1 1659/1/1 1663/1/1
f 1665/1/1 1663/1/1 1664/1/1
f 1666/1/1 1657/1/1 1656/1/1
f 1667/1/1 1657/1/1 1666/1/1
f 1669/1/1 1664/1/1 1662/1/1
f 1670/1/1 1669/1/1 1668/1/1
f 1670/1/1 1664/1/1 1669/1/1
f 1672/1/1 1671/1/1 1670/1/1
f 1674/1/1 1672/1/1 1670/1/1
f 1674/1/1 1673/1/1 1672/1/1
f 1674/1/1 1670/1/1 1668/1/1
f 1675/1/1 1673/1/1 1674/1/1
f 1677/1/1 1673/1/1 1675/1/1
f 1678/1/1 1673/1/1 1677/1/1
f 1679/1/1 1673/1/1 1678/1/1
f 1681/1/1 1677/1/1 1676/1/1
f 1681/1/1 1678/1/1 1677/1/1
f 1683/1/1 1681/1/1 1680/1/1
f 1684/1/1 1678/1/1 1681/1/1
f 1684/1/1 1681/1/1 1683/1/1
f 1685/1/1 1678/1/1 1684/1/1
f 1686/1/1 1683/1/1 1682/1/1
f 1686/1/1 1684/1/1 1683/1/1
f 1687/1/1 1684/1/1 1686/1/1
f 1688/1/1 1686/1/1 1682/1/1
f 1689/1/1 1686/1/1 1688/1/1
f 1690/1/1 1688/1/1 1682/1/1
f 1691/1/1 1688/1/1 1690/1/1
f 1692/1/1 1688/1/1 1691/1/1
f 1693/1/1 1688/1/1 1692/1/1
f 1694/1/1 1692/1/1 1691/1/1
f 1695/1/1 1692/1/1 1694/1/1
f 1696/1/1 1692/1/1 1695/1/1
f 1699/1/1 1697/1/1 1696/1/1
f 1699/1/1 1696/1/1 1695/1/1
f 1700/1/1 1697/1/1 1699/1/1
f 1703/1/1 1700/1/1 1699/1/1
f 1703/1/1 1701/1/1 1700/1/1
f 1703/1/1 1699/1/1 1698/1/1
f 1706/2/1 1705/2/1 1704/2/1
f 1707/2/1 1705/2/1 1706/2/1
f 1709/1/1 1701/1/1 1703/1/1
f 1709/1/1 1703/1/1 1702/1/1
f 1710/1/1 1701/1/1 1709/1/1
f 1711/1/1 1709/1/1 1702/1/1
f 1712/1/1 1709/1/1 1711/1/1
f 1713/1/1 1709/1/1 1712/1/1
f 1714/1/1 1709/1/1 1713/1/1
f 1715/2/1 1708/2/1 1707/2/1
f 1716/2/1 1708/2/1 1715/2/1
f 1718/1/1 1713/1/1 1712/1/1
f 1719/1/1 1713/1/1 1718/1/1
f 1722/2/1 1708/2/1 1716/2/1
f 1723/2/1 1708/2/1 1722/2/1
f 1725/1/1 1718/1/1 1717/1/1
f 1726/1/1 1718/1/1 1725/1/1
f 1727/1/1 1718/1/1 1726/1/1
f 1728/1/1 1721/1/1 1720/1/1
f 1729/1/1 1721/1/1 1728/1/1
f 1734/2/1 1727/2/1 1726/2/1
f 1735/2/1 1727/2/1 1734/2/1
f 1736/2/1 1724/2/1 1723/2/1
f 1737/2/1 1724/2/1 1736/2/1
f 1739/2/1 1733/2/1 1732/2/1
f 1740/2/1 1733/2/1 1739/2/1
f 1742/2/1 1731/2/1 1730/2/1
f 1743/2/1 1731/2/1 1742/2/1
f 1748/2/1 1739/2/1 1738/2/1
f 1749/2/1 1739/2/1 1748/2/1
f 1750/2/1 1739/2/1 1749/2/1
f 1751/2/1 1744/2/1 1743/2/1
f 1751/2/1 1743/2/1 1742/2/1
f 1751/2/1 1742/2/1 1741/2/1
f 1752/2/1 1744/2/1 1751/2/1
f 1753/2/1 1744/2/1 1752/2/1
f 1755/2/1 1749/2/1 1748/2/1
f 1755/2/1 1748/2/1 1747/2/1
f 1756/2/1 1749/2/1 1755/2/1
f 1758/2/1 1751/2/1 1741/2/1
f 1759/2/1 1751/2/1 1758/2/1
f 1760/2/1 1746/2/1 1745/2/1
f 1761/2/1 1746/2/1 1760/2/1
f 1764/2/1 1757/2/1 1756/2/1
f 1765/2/1 1757/2/1 1764/2/1
f 1768/2/1 1754/2/1 1753/2/1
f 1768/2/1 1753/2/1 1752/2/1
f 1769/2/1 1754/2/1 1768/2/1
f 1770/2/1 1754/2/1 1769/2/1
f 1771/2/1 1754/2/1 1770/2/1
f 1774/2/1 1767/2/1 1766/2/1
f 1775/2/1 1767/2/1 1774/2/1
f 1776/2/1 1758/2/1 1741/2/1
f 1781/2/1 1763/2/1 1762/2/1
f 1782/2/1 1777/2/1 1776/2/1
f 1782/2/1 1776/2/1 1741/2/1
f 1783/2/1 1777/2/1 1782/2/1
f 1784/2/1 1770/2/1 1769/2/1
f 1785/2/1 1770/2/1 1784/2/1
f 1787/2/1 1773/2/1 1772/2/1
f 1788/2/1 1773/2/1 1787/2/1
f 1789/2/1 1779/2/1 1778/2/1
f 1790/2/1 1779/2/1 1789/2/1
f 1793/2/1 1781/2/1 1780/2/1
f 1794/2/1 1763/2/1 1781/2/1
f 1794/2/1 1781/2/1 1793/2/1
f 1795/2/1 1786/2/1 1785/2/1
f 1796/2/1 1786/2/1 1795/2/1
f 1797/2/1 1786/2/1 1796/2/1
f 1800/2/1 1787/2/1 1772/2/1
f 1801/2/1 1787/2/1 1800/2/1
f 1802/2/1 1792/2/1 1791/2/1
f 1803/2/1 1792/2/1 1802/2/1
f 1807/2/1 1799/2/1 1798/2/1
f 1807/2/1 1800/2/1 1799/2/1
f 1807/2/1 1798/2/1 1797/2/1
f 1807/2/1 1797/2/1 1796/2/1
f 1808/2/1 1800/2/1 1807/2/1
f 1809/2/1 1800/2/1 1808/2/1
f 1810/2/1 1800/2/1 1809/2/1
f 1811/2/1 1804/2/1 1803/2/1
f 1812/2/1 1804/2/1 1811/2/1
f 1814/2/1 1806/2/1 1805/2/1
f 1815/2/1 1806/2/1 1814/2/1
f 1816/2/1 1806/2/1 1815/2/1
f 1817/2/1 1809/2/1 1808/2/1
f 1818/2/1 1809/2/1 1817/2/1
f 1819/2/1 1814/2/1 1813/2/1
f 1819/2/1 1815/2/1 1814/2/1
f 1820/2/1 1815/2/1 1819/2/1
f 1825/1/1 1824/1/1 1823/1/1
f 1826/1/1 1824/1/1 1825/1/1
f 1827/1/1 1822/1/1 1821/1/1
f 1828/1/1 1822/1/1 1827/1/1
f 1831/1/1 1830/1/1 1829/1/1
f 1832/1/1 1830/1/1 1831/1/1
f 1835/1/1 1834/1/1 1833/1/1
f 1836/1/1 1834/1/1 1835/1/1
f 1841/1/1 1838/1/1 1837/1/1
f 1843/1/1 1840/1/1 1839/1/1
f 1844/1/1 1840/1/1 1843/1/1
f 1845/1/1 1842/1/1 1841/1/1
f 1847/1/1 1845/1/1 1841/1/1
f 1847/1/1 1846/1/1 1845/1/1
f 1847/1/1 1841/1/1 1837/1/1
f 1848/1/1 1846/1/1 1847/1/1
f 1849/1/1 1846/1/1 1848/1/1
f 1850/1/1 1846/1/1 1849/1/1
f 1853/1/1 1846/1/1 1850/1/1
f 1854/1/1 1846/1/1 1853/1/1
f 1856/1/1 1852/1/1 1851/1/1
f 1857/1/1 1852/1/1 1856/1/1
f 1860/1/1 1856/1/1 1855/1/1
f 1861/1/1 1856/1/1 1860/1/1
f 1864/1/1 1859/1/1 1858/1/1
f 1865/1/1 1859/1/1 1864/1/1
f 1866/1/1 1863/1/1 1862/1/1
f 1867/1/1 1863/1/1 1866/1/1
f 1871/1/1 1869/1/1 1868/1/1
f 1873/1/1 1871/1/1 1870/1/1
f 1874/1/1 1869/1/1 1871/1/1
f 1874/1/1 1871/1/1 1873/1/1
f 1875/1/1 1869/1/1 1874/1/1
f 1879/1/1 1873/1/1 1872/1/1
f 1879/1/1 1874/1/1 1873/1/1
f 1880/1/1 1874/1/1 1879/1/1
f 1880/1/1 1879/1/1 1878/1/1
f 1881/1/1 1874/1/1 1880/1/1
f 1883/1/1 1877/1/1 1876/1/1
f 1884/1/1 1877/1/1 1883/1/1
f 1886/1/1 1880/1/1 1878/1/1
f 1887/1/1 1880/1/1 1886/1/1
f 1890/1/1 1885/1/1 1884/1/1
f 1890/1/1 1883/1/1 1882/1/1
f 1890/1/1 1884/1/1 1883/1/1
f 1891/1/1 1885/1/1 1890/1/1
f 1892/1/1 1880/1/1 1887/1/1
f 1893/1/1 1880/1/1 1892/1/1
f 1894/1/1 1890/1/1 1882/1/1
f 1895/1/1 1890/1/1 1894/1/1
f 1896/1/1 1890/1/1 1895/1/1
f 1897/2/1 1889/2/1 1888/2/1
f 1898/2/1 1897/2/1 1888/2/1
f 1899/2/1 1897/2/1 1898/2/1
f 1905/1/1 1902/1/1 1901/1/1
f 1906/1/1 1902/1/1 1905/1/1
f 1909/1/1 1904/1/1 1903/1/1
f 1910/1/1 1904/1/1 1909/1/1
f 1911/1/1 1904/1/1 1910/1/1
f 1912/2/1 1900/2/1 1899/2/1
f 1913/2/1 1900/2/1 1912/2/1
f 1915/1/1 1907/1/1 1906/1/1
f 1916/1/1 1907/1/1 1915/1/1
f 1917/1/1 1910/1/1 1909/1/1
f 1917/1/1 1909/1/1 1908/1/1
f 1918/1/1 1910/1/1 1917/1/1
f 1920/2/1 1914/2/1 1913/2/1
f 1921/2/1 1914/2/1 1920/2/1
f 1928/2/1 1925/2/1 1924/2/1
f 1928/2/1 1924/2/1 1923/2/1
f 1929/2/1 1925/2/1 1928/2/1
f 1930/1/1 1919/1/1 1918/1/1
f 1931/1/1 1919/1/1 1930/1/1
f 1932/2/1 1922/2/1 1921/2/1
f 1933/2/1 1922/2/1 1932/2/1
f 1936/2/1 1927/2/1 1926/2/1
f 1937/2/1 1927/2/1 1936/2/1
f 1940/2/1 1935/2/1 1934/2/1
f 1941/2/1 1935/2/1 1940/2/1
f 1948/2/1 1943/2/1 1942/2/1
f 1949/2/1 1943/2/1 1948/2/1
f 1950/1/1 1939/1/1 1938/1/1
f 1951/1/1 1939/1/1 1950/1/1
f 1955/2/1 1945/2/1 1944/2/1
f 1958/2/1 1943/2/1 1949/2/1
f 1959/2/1 1943/2/1 1958/2/1
f 1960/2/1 1953/2/1 1952/2/1
f 1961/2/1 1953/2/1 1960/2/1
f 1962/2/1 1955/2/1 1954/2/1
f 1962/2/1 1945/2/1 1955/2/1
f 1964/2/1 1947/2/1 1946/2/1
f 1965/2/1 1947/2/1 1964/2/1
f 1968/2/1 1962/2/1 1954/2/1
f 1969/2/1 1962/2/1 1968/2/1
f 1970/2/1 1962/2/1 1969/2/1
f 1973/2/1 1967/2/1 1966/2/1
f 1974/2/1 1967/2/1 1973/2/1
f 1975/2/1 1970/2/1 1969/2/1
f 1975/2/1 1971/2/1 1970/2/1
f 1976/2/1 1971/2/1 1975/2/1
f 1977/2/1 1957/2/1 1956/2/1
f 1978/2/1 1957/2/1 1977/2/1
f 1981/2/1 1975/2/1 1969/2/1
f 1982/2/1 1975/2/1 1981/2/1
f 1986/2/1 1964/2/1 1963/2/1
f 1987/2/1 1980/2/1 1979/2/1
f 1988/2/1 1980/2/1 1987/2/1
f 1989/2/1 1973/2/1 1972/2/1
f 1990/2/1 1973/2/1 1989/2/1
f 1993/2/1 1984/2/1 1983/2/1
f 1994/2/1 1984/2/1 1993/2/1
f 1996/2/1 1986/2/1 1985/2/1
f 1997/2/1 1964/2/1 1986/2/1
f 1997/2/1 1986/2/1 1996/2/1
f 2000/2/1 1992/2/1 1991/2/1
f 2001/2/1 1992/2/1 2000/2/1
f 2005/2/1 1995/2/1 1994/2/1
f 2006/2/1 1995/2/1 2005/2/1
f 2011/2/1 1999/2/1 1998/2/1
f 2012/2/1 1999/2/1 2011/2/1
f 2013/2/1 2003/2/1 2002/2/1
f 2014/2/1 2003/2/1 2013/2/1
f 2015/2/1 2005/2/1 2004/2/1
f 2016/2/1 2005/2/1 2015/2/1
f 2017/2/1 2008/2/1 2007/2/1
f 2018/2/1 2008/2/1 2017/2/1
f 2019/2/1 2010/2/1 2009/2/1
f 2020/2/1 2010/2/1 2019/2/1
f 2023/1/1 2022/1/1 2021/1/1
f 2024/1/1 2022/1/1 2023/1/1
f 2027/1/1 2026/1/1 2025/1/1
f 2028/1/1 2026/1/1 2027/1/1
f 2033/1/1 2030/1/1 2029/1/1
f 2034/1/1 2030/1/1 2033/1/1
f 2037/1/1 2032/1/1 2031/1/1
f 2038/1/1 2032/1/1 2037/1/1
f 2039/1/1 2036/1/1 2035/1/1
f 2040/1/1 2036/1/1 2039/1/1
f 2043/1/1 2042/1/1 2041/1/1
f 2044/1/1 2042/1/1 2043/1/1
f 2047/1/1 2046/1/1 2045/1/1
f 2048/1/1 2046/1/1 2047/1/1
f 2053/1/1 2052/1/1 2051/1/1
f 2054/1/1 2052/1/1 2053/1/1
f 2057/1/1 2050/1/1 2049/1/1
f 2058/1/1 2050/1/1 2057/1/1
f 2059/1/1 2056/1/1 2055/1/1
f 2060/1/1 2056/1/1 2059/1/1
f 2063/1/1 2062/1/1 2061/1/1
f 2064/1/1 2062/1/1 2063/1/1
f 2070/1/1 2066/1/1 2065/1/1
f 2073/1/1 2068/1/1 2067/1/1
f 2074/1/1 2068/1/1 2073/1/1
f 2075/1/1 2070/1/1 2069/1/1
f 2076/1/1 2066/1/1 2070/1/1
f 2076/1/1 2070/1/1 2075/1/1
f 2077/1/1 2066/1/1 2076/1/1
f 2082/2/1 2072/2/1 2071/2/1
f 2083/2/1 2072/2/1 2082/2/1
f 2084/1/1 2079/1/1 2078/1/1
f 2085/1/1 2079/1/1 2084/1/1
f 2088/2/1 2081/2/1 2080/2/1
f 2089/2/1 2081/2/1 2088/2/1
f 2094/2/1 2087/2/1 2086/2/1
f 2095/2/1 2087/2/1 2094/2/1
f 2098/2/1 2091/2/1 2090/2/1
f 2099/2/1 2091/2/1 2098/2/1
f 2100/2/1 2093/2/1 2092/2/1
f 2101/2/1 2093/2/1 2100/2/1
f 2105/2/1 2097/2/1 2096/2/1
f 2106/2/1 2097/2/1 2105/2/1
f 2109/2/1 2103/2/1 2102/2/1
f 2110/2/1 2103/2/1 2109/2/1
f 2115/2/1 2105/2/1 2104/2/1
f 2116/2/1 2105/2/1 2115/2/1
f 2117/2/1 2108/2/1 2107/2/1
f 2118/2/1 2108/2/1 2117/2/1
f 2124/2/1 2114/2/1 2113/2/1
f 2125/2/1 2114/2/1 2124/2/1
f 2128/2/1 2120/2/1 2119/2/1
f 2128/2/1 2121/2/1 2120/2/1
f 2129/2/1 2121/2/1 2128/2/1
f 2130/2/1 2121/2/1 2129/2/1
f 2135/2/1 2112/2/1 2111/2/1
f 2136/2/1 2112/2/1 2135/2/1
f 2139/2/1 2127/2/1 2126/2/1
f 2140/2/1 2130/2/1 2129/2/1
f 2141/2/1 2123/2/1 2122/2/1
f 2142/2/1 2123/2/1 2141/2/1
f 2143/2/1 2134/2/1 2133/2/1
f 2144/2/1 2134/2/1 2143/2/1
f 2150/2/1 2138/2/1 2137/2/1
f 2151/2/1 2138/2/1 2150/2/1
f 2154/2/1 2140/2/1 2139/2/1
f 2154/2/1 2139/2/1 2126/2/1
f 2155/2/1 2130/2/1 2140/2/1
f 2155/2/1 2140/2/1 2154/2/1
f 2156/2/1 2132/2/1 2131/2/1
f 2157/2/1 2132/2/1 2156/2/1
f 2158/2/1 2145/2/1 2144/2/1
f 2159/2/1 2145/2/1 2158/2/1
f 2161/2/1 2147/2/1 2146/2/1
f 2162/2/1 2147/2/1 2161/2/1
f 2165/2/1 2149/2/1 2148/2/1
f 2166/2/1 2149/2/1 2165/2/1
f 2170/2/1 2153/2/1 2152/2/1
f 2171/2/1 2153/2/1 2170/2/1
f 2172/2/1 2160/2/1 2159/2/1
f 2173/2/1 2160/2/1 2172/2/1
f 2175/2/1 2164/2/1 2163/2/1
f 2176/2/1 2164/2/1 2175/2/1
f 2177/2/1 2168/2/1 2167/2/1
f 2178/2/1 2168/2/1 2177/2/1
f 2179/2/1 2170/2/1 2169/2/1
f 2180/2/1 2170/2/1 2179/2/1
f 2181/2/1 2174/2/1 2173/2/1
f 2182/2/1 2174/2/1 2181/2/1
f 2183/2/1 2174/2/1 2182/2/1
f 2185/2/1 2184/2/1 2183/2/1
f 2185/2/1 2183/2/1 2182/2/1
f 2186/2/1 2184/2/1 2185/2/1
f 2189/1/1 2188/1/1 2187/1/1
f 2190/1/1 2188/1/1 2189/1/1
f 2193/1/1 2192/1/1 2191/1/1
f 2194/1/1 2192/1/1 2193/1/1
f 2199/1/1 2196/1/1 2195/1/1
f 2200/1/1 2196/1/1 2199/1/1
f 2201/1/1 2198/1/1 2197/1/1
f 2202/1/1 2198/1/1 2201/1/1
f 2207/1/1 2206/1/1 2205/1/1
f 2208/1/1 2206/1/1 2207/1/1
f 2211/1/1 2204/1/1 2203/1/1
f 2212/1/1 2204/1/1 2211/1/1
f 2214/2/1 2210/2/1 2209/2/1
f 2217/2/1 2214/2/1 2213/2/1
f 2217/2/1 2210/2/1 2214/2/1
f 2218/2/1 2210/2/1 2217/2/1
f 2221/2/1 2216/2/1 2215/2/1
f 2222/2/1 2216/2/1 2221/2/1
f 2224/2/1 2217/2/1 2213/2/1
f 2225/2/1 2217/2/1 2224/2/1
f 2226/2/1 2220/2/1 2219/2/1
f 2227/2/1 2220/2/1 2226/2/1
f 2233/2/1 2224/2/1 2223/2/1
f 2234/2/1 2224/2/1 2233/2/1
f 2235/2/1 2232/2/1 2231/2/1
f 2236/2/1 2232/2/1 2235/2/1
f 2237/2/1 2228/2/1 2227/2/1
f 2238/2/1 2228/2/1 2237/2/1
f 2239/2/1 2230/2/1 2229/2/1
f 2240/2/1 2230/2/1 2239/2/1
f 2247/2/1 2224/2/1 2234/2/1
f 2248/2/1 2224/2/1 2247/2/1
f 2250/2/1 2242/2/1 2241/2/1
f 2251/2/1 2244/2/1 2243/2/1
f 2252/2/1 2244/2/1 2251/2/1
f 2255/2/1 2250/2/1 2249/2/1
f 2255/2/1 2242/2/1 2250/2/1
f 2256/2/1 2242/2/1 2255/2/1
f 2261/2/1 2254/2/1 2253/2/1
f 2262/2/1 2254/2/1 2261/2/1
f 2263/2/1 2255/2/1 2249/2/1
f 2264/2/1 2255/2/1 2263/2/1
f 2265/2/1 2258/2/1 2257/2/1
f 2266/2/1 2258/2/1 2265/2/1
f 2267/2/1 2246/2/1 2245/2/1
f 2268/2/1 2246/2/1 2267/2/1
f 2271/2/1 2260/2/1 2259/2/1
f 2272/2/1 2260/2/1 2271/2/1
f 2275/2/1 2270/2/1 2269/2/1
f 2276/2/1 2270/2/1 2275/2/1
f 2277/2/1 2274/2/1 2273/2/1
f 2278/2/1 2274/2/1 2277/2/1
f 2282/2/1 2279/2/1 2278/2/1
f 2283/2/1 2279/2/1 2282/2/1
f 2288/2/1 2281/2/1 2280/2/1
f 2289/2/1 2281/2/1 2288/2/1
f 2290/2/1 2285/2/1 2284/2/1
f 2291/2/1 2285/2/1 2290/2/1
f 2292/2/1 2287/2/1 2286/2/1
f 2293/2/1 2287/2/1 2292/2/1
f 2296/1/1 2295/1/1 2294/1/1
f 2297/1/1 2295/1/1 2296/1/1
f 2302/2/1 2299/2/1 2298/2/1
f 2303/2/1 2299/2/1 2302/2/1
f 2306/1/1 2305/1/1 2304/1/1
f 2307/1/1 2305/1/1 2306/1/1
f 2308/2/1 2301/2/1 2300/2/1
f 2309/2/1 2301/2/1 2308/2/1
f 2316/2/1 2311/2/1 2310/2/1
f 2317/2/1 2311/2/1 2316/2/1
f 2319/2/1 2313/2/1 2312/2/1
f 2320/2/1 2313/2/1 2319/2/1
f 2323/2/1 2315/2/1 2314/2/1
f 2324/2/1 2315/2/1 2323/2/1
f 2325/2/1 2322/2/1 2321/2/1
f 2326/2/1 2322/2/1 2325/2/1
f 2329/2/1 2318/2/1 2317/2/1
f 2330/2/1 2318/2/1 2329/2/1
f 2335/2/1 2328/2/1 2327/2/1
f 2336/2/1 2328/2/1 2335/2/1
f 2341/2/1 2332/2/1 2331/2/1
f 2342/2/1 2332/2/1 2341/2/1
f 2347/2/1 2334/2/1 2333/2/1
f 2348/2/1 2334/2/1 2347/2/1
f 2353/2/1 2338/2/1 2337/2/1
f 2354/2/1 2338/2/1 2353/2/1
f 2356/2/1 2340/2/1 2339/2/1
f 2357/2/1 2340/2/1 2356/2/1
f 2358/2/1 2343/2/1 2342/2/1
f 2359/2/1 2343/2/1 2358/2/1
f 2361/2/1 2345/2/1 2344/2/1
f 2362/2/1 2345/2/1 2361/2/1
f 2363/2/1 2347/2/1 2346/2/1
f 2364/2/1 2347/2/1 2363/2/1
f 2365/2/1 2350/2/1 2349/2/1
f 2366/2/1 2350/2/1 2365/2/1
f 2367/2/1 2352/2/1 2351/2/1
f 2368/2/1 2352/2/1 2367/2/1
f 2372/2/1 2356/2/1 2355/2/1
f 2373/2/1 2356/2/1 2372/2/1
f 2374/2/1 2361/2/1 2360/2/1
f 2375/2/1 2361/2/1 2374/2/1
f 2376/2/1 2369/2/1 2368/2/1
f 2377/2/1 2369/2/1 2376/2/1
f 2378/2/1 2371/2/1 2370/2/1
f 2379/2/1 2371/2/1 2378/2/1
f 2382/2/1 2381/2/1 2380/2/1
f 2383/2/1 2381/2/1 2382/2/1
f 2386/1/1 2385/1/1 2384/1/1
f 2387/1/1 2385/1/1 2386/1/1
f 2391/2/1 2389/2/1 2388/2/1
f 2392/2/1 2389/2/1 2391/2/1
f 2395/1/1 2394/1/1 2393/1/1
f 2396/1/1 2394/1/1 2395/1/1
f 2398/2/1 2391/2/1 2390/2/1
f 2399/2/1 2398/2/1 2397/2/1
f 2400/2/1 2391/2/1 2398/2/1
f 2400/2/1 2398/2/1 2399/2/1
f 2405/2/1 2399/2/1 2397/2/1
f 2406/2/1 2399/2/1 2405/2/1
f 2407/2/1 2402/2/1 2401/2/1
f 2408/2/1 2402/2/1 2407/2/1
f 2409/2/1 2404/2/1 2403/2/1
f 2410/2/1 2404/2/1 2409/2/1
f 2418/2/1 2411/2/1 2410/2/1
f 2419/2/1 2411/2/1 2418/2/1
f 2420/2/1 2411/2/1 2419/2/1
f 2425/2/1 2415/2/1 2414/2/1
f 2426/2/1 2415/2/1 2425/2/1
f 2427/2/1 2417/2/1 2416/2/1
f 2428/2/1 2417/2/1 2427/2/1
f 2429/2/1 2419/2/1 2418/2/1
f 2430/2/1 2419/2/1 2429/2/1
f 2433/2/1 2413/2/1 2412/2/1
f 2434/2/1 2413/2/1 2433/2/1
f 2437/2/1 2422/2/1 2421/2/1
f 2438/2/1 2422/2/1 2437/2/1
f 2441/2/1 2424/2/1 2423/2/1
f 2442/2/1 2424/2/1 2441/2/1
f 2448/2/1 2432/2/1 2431/2/1
f 2449/2/1 2432/2/1 2448/2/1
f 2452/2/1 2436/2/1 2435/2/1
f 2453/2/1 2436/2/1 2452/2/1
f 2454/2/1 2440/2/1 2439/2/1
f 2455/2/1 2440/2/1 2454/2/1
f 2456/2/1 2443/2/1 2442/2/1
f 2457/2/1 2443/2/1 2456/2/1
f 2458/2/1 2445/2/1 2444/2/1
f 2459/2/1 2445/2/1 2458/2/1
f 2460/2/1 2445/2/1 2459/2/1
f 2461/2/1 2445/2/1 2460/2/1
f 2464/2/1 2451/2/1 2450/2/1
f 2465/2/1 2451/2/1 2464/2/1
f 2466/2/1 2460/2/1 2459/2/1
f 2467/2/1 2460/2/1 2466/2/1
f 2468/2/1 2447/2/1 2446/2/1
f 2469/2/1 2447/2/1 2468/2/1
f 2471/2/1 2463/2/1 2462/2/1
f 2472/2/1 2463/2/1 2471/2/1
f 2473/2/1 2463/2/1 2472/2/1
f 2474/2/1 2471/2/1 2470/2/1
f 2474/2/1 2472/2/1 2471/2/1
f 2475/2/1 2472/2/1 2474/2/1
f 2478/1/1 2477/1/1 2476/1/1
f 2479/1/1 2477/1/1 2478/1/1
f 2482/2/1 2481/2/1 2480/2/1
f 2484/2/1 2481/2/1 2482/2/1
f 2485/2/1 2481/2/1 2484/2/1
f 2486/2/1 2484/2/1 2483/2/1
f 2487/2/1 2484/2/1 2486/2/1
f 2493/2/1 2489/2/1 2488/2/1
f 2494/2/1 2489/2/1 2493/2/1
f 2495/2/1 2491/2/1 2490/2/1
f 2496/2/1 2491/2/1 2495/2/1
f 2507/2/1 2493/2/1 2492/2/1
f 2508/2/1 2493/2/1 2507/2/1
f 2509/2/1 2498/2/1 2497/2/1
f 2510/2/1 2498/2/1 2509/2/1
f 2511/2/1 2500/2/1 2499/2/1
f 2512/2/1 2500/2/1 2511/2/1
f 2513/2/1 2502/2/1 2501/2/1
f 2514/2/1 2502/2/1 2513/2/1
f 2515/2/1 2504/2/1 2503/2/1
f 2516/2/1 2504/2/1 2515/2/1
f 2519/2/1 2506/2/1 2505/2/1
f 2520/2/1 2506/2/1 2519/2/1
f 2524/2/1 2518/2/1 2517/2/1
f 2525/2/1 2522/2/1 2521/2/1
f 2526/2/1 2522/2/1 2525/2/1
f 2527/2/1 2524/2/1 2523/2/1
f 2528/2/1 2518/2/1 2524/2/1
f 2528/2/1 2524/2/1 2527/2/1
f 2531/1/1 2530/1/1 2529/1/1
f 2532/1/1 2530/1/1 2531/1/1
f 2535/2/1 2534/2/1 2533/2/1
f 2536/2/1 2534/2/1 2535/2/1
f 2541/2/1 2538/2/1 2537/2/1
f 2542/2/1 2538/2/1 2541/2/1
f 2543/2/1 2540/2/1 2539/2/1
f 2544/2/1 2540/2/1 2543/2/1
f 2555/2/1 2546/2/1 2545/2/1
f 2556/2/1 2546/2/1 2555/2/1
f 2560/2/1 2548/2/1 2547/2/1
f 2561/2/1 2548/2/1 2560/2/1
f 2564/2/1 2550/2/1 2549/2/1
f 2565/2/1 2550/2/1 2564/2/1
f 2566/2/1 2558/2/1 2557/2/1
f 2567/2/1 2558/2/1 2566/2/1
f 2568/2/1 2552/2/1 2551/2/1
f 2569/2/1 2552/2/1 2568/2/1
f 2570/2/1 2554/2/1 2553/2/1
f 2571/2/1 2554/2/1 2570/2/1
f 2576/2/1 2560/2/1 2559/2/1
f 2577/2/1 2560/2/1 2576/2/1
f 2580/2/1 2563/2/1 2562/2/1
f 2581/2/1 2563/2/1 2580/2/1
f 2582/2/1 2575/2/1 2574/2/1
f 2586/2/1 2579/2/1 2578/2/1
f 2587/2/1 2579/2/1 2586/2/1
f 2590/2/1 2573/2/1 2572/2/1
f 2591/2/1 2573/2/1 2590/2/1
f 2592/2/1 2583/2/1 2582/2/1
f 2592/2/1 2582/2/1 2574/2/1
f 2593/2/1 2583/2/1 2592/2/1
f 2594/2/1 2585/2/1 2584/2/1
f 2595/2/1 2585/2/1 2594/2/1
f 2598/2/1 2589/2/1 2588/2/1
f 2599/2/1 2589/2/1 2598/2/1
f 2602/2/1 2597/2/1 2596/2/1
f 2602/2/1 2598/2/1 2597/2/1
f 2603/2/1 2598/2/1 2602/2/1
f 2604/2/1 2601/2/1 2600/2/1
f 2605/2/1 2601/2/1 2604/2/1
f 2608/1/1 2607/1/1 2606/1/1
f 2609/1/1 2607/1/1 2608/1/1
f 2612/1/1 2611/1/1 2610/1/1
f 2613/1/1 2611/1/1 2612/1/1
f 2616/2/1 2615/2/1 2614/2/1
f 2617/2/1 2615/2/1 2616/2/1
f 2620/2/1 2619/2/1 2618/2/1
f 2621/2/1 2619/2/1 2620/2/1
f 2626/2/1 2623/2/1 2622/2/1
f 2627/2/1 2623/2/1 2626/2/1
f 2634/2/1 2626/2/1 2622/2/1
f 2635/2/1 2626/2/1 2634/2/1
f 2636/2/1 2623/2/1 2627/2/1
f 2637/2/1 2623/2/1 2636/2/1
f 2638/2/1 2629/2/1 2628/2/1
f 2639/2/1 2629/2/1 2638/2/1
f 2643/2/1 2625/2/1 2624/2/1
f 2644/2/1 2625/2/1 2643/2/1
f 2650/2/1 2633/2/1 2632/2/1
f 2651/2/1 2633/2/1 2650/2/1
f 2654/2/1 2649/2/1 2648/2/1
f 2655/2/1 2649/2/1 2654/2/1
f 2656/2/1 2631/2/1 2630/2/1
f 2657/2/1 2645/2/1 2644/2/1
f 2657/2/1 2644/2/1 2643/2/1
f 2657/2/1 2643/2/1 2642/2/1
f 2658/2/1 2645/2/1 2657/2/1
f 2659/2/1 2645/2/1 2658/2/1
f 2660/2/1 2647/2/1 2646/2/1
f 2661/2/1 2647/2/1 2660/2/1
f 2662/2/1 2653/2/1 2652/2/1
f 2663/2/1 2653/2/1 2662/2/1
f 2669/2/1 2641/2/1 2640/2/1
f 2670/2/1 2641/2/1 2669/2/1
f 2673/2/1 2656/2/1 2630/2/1
f 2674/2/1 2656/2/1 2673/2/1
f 2675/2/1 2659/2/1 2658/2/1
f 2676/2/1 2659/2/1 2675/2/1
f 2678/2/1 2664/2/1 2663/2/1
f 2679/2/1 2664/2/1 2678/2/1
f 2681/2/1 2666/2/1 2665/2/1
f 2682/2/1 2666/2/1 2681/2/1
f 2683/2/1 2668/2/1 2667/2/1
f 2684/2/1 2668/2/1 2683/2/1
f 2685/2/1 2672/2/1 2671/2/1
f 2686/2/1 2672/2/1 2685/2/1
f 2687/2/1 2678/2/1 2677/2/1
f 2688/2/1 2678/2/1 2687/2/1
f 2690/2/1 2681/2/1 2680/2/1
f 2691/2/1 2681/2/1 2690/2/1
f 2692/2/1 2690/2/1 2689/2/1
f 2693/2/1 2690/2/1 2692/2/1
f 2696/2/1 2695/2/1 2694/2/1
f 2697/2/1 2695/2/1 2696/2/1
f 2708/2/1 2699/2/1 2698/2/1
f 2712/2/1 2701/2/1 2700/2/1
f 2713/2/1 2703/2/1 2702/2/1
f 2714/2/1 2703/2/1 2713/2/1
f 2716/2/1 2705/2/1 2704/2/1
f 2717/2/1 2705/2/1 2716/2/1
f 2718/2/1 2711/2/1 2710/2/1
f 2719/2/1 2711/2/1 2718/2/1
f 2720/2/1 2713/2/1 2712/2/1
f 2722/2/1 2716/2/1 2715/2/1
f 2723/2/1 2716/2/1 2722/2/1
f 2724/2/1 2707/2/1 2706/2/1
f 2726/2/1 2708/2/1 2698/2/1
f 2726/2/1 2709/2/1 2708/2/1
f 2727/2/1 2709/2/1 2726/2/1
f 2728/2/1 2712/2/1 2700/2/1
f 2728/2/1 2721/2/1 2720/2/1
f 2728/2/1 2720/2/1 2712/2/1
f 2729/2/1 2721/2/1 2728/2/1
f 2730/2/1 2721/2/1 2729/2/1
f 2735/2/1 2725/2/1 2724/2/1
f 2735/2/1 2724/2/1 2706/2/1
f 2736/2/1 2725/2/1 2735/2/1
f 2737/2/1 2725/2/1 2736/2/1
f 2738/2/1 2725/2/1 2737/2/1
f 2740/2/1 2732/2/1 2731/2/1
f 2741/2/1 2732/2/1 2740/2/1
f 2742/2/1 2732/2/1 2741/2/1
f 2743/2/1 2734/2/1 2733/2/1
f 2744/2/1 2734/2/1 2743/2/1
f 2745/2/1 2737/2/1 2736/2/1
f 2746/2/1 2737/2/1 2745/2/1
f 2747/2/1 2740/2/1 2739/2/1
f 2747/2/1 2741/2/1 2740/2/1
f 2748/2/1 2741/2/1 2747/2/1
f 2749/2/1 2741/2/1 2748/2/1
f 2750/2/1 2741/2/1 2749/2/1
f 2755/2/1 2752/2/1 2751/2/1
f 2756/2/1 2752/2/1 2755/2/1
f 2758/2/1 2754/2/1 2753/2/1
f 2759/2/1 2754/2/1 2758/2/1
f 2761/2/1 2757/2/1 2756/2/1
f 2766/2/1 2761/2/1 2760/2/1
f 2767/2/1 2757/2/1 2761/2/1
f 2767/2/1 2761/2/1 2766/2/1
f 2768/2/1 2757/2/1 2767/2/1
f 2771/2/1 2763/2/1 2762/2/1
f 2772/2/1 2763/2/1 2771/2/1
f 2775/2/1 2765/2/1 2764/2/1
f 2776/2/1 2765/2/1 2775/2/1
f 2778/2/1 2770/2/1 2769/2/1
f 2779/2/1 2770/2/1 2778/2/1
f 2784/2/1 2781/2/1 2780/2/1
f 2785/2/1 2781/2/1 2784/2/1
f 2786/2/1 2783/2/1 2782/2/1
f 2787/2/1 2783/2/1 2786/2/1
f 2789/2/1 2777/2/1 2776/2/1
f 2790/2/1 2777/2/1 2789/2/1
f 2791/2/1 2768/2/1 2767/2/1
f 2792/2/1 2768/2/1 2791/2/1
f 2795/2/1 2774/2/1 2773/2/1
f 2796/2/1 2774/2/1 2795/2/1
f 2799/2/1 2789/2/1 2788/2/1
f 2800/2/1 2789/2/1 2799/2/1
f 2804/2/1 2794/2/1 2793/2/1
f 2805/2/1 2794/2/1 2804/2/1
f 2806/2/1 2798/2/1 2797/2/1
f 2807/2/1 2798/2/1 2806/2/1
f 2808/2/1 2802/2/1 2801/2/1
f 2809/2/1 2802/2/1 2808/2/1
f 2810/2/1 2804/2/1 2803/2/1
f 2811/2/1 2804/2/1 2810/2/1
f 2814/2/1 2813/2/1 2812/2/1
f 2815/2/1 2814/2/1 2812/2/1
f 2816/2/1 2814/2/1 2815/2/1
f 2819/2/1 2818/2/1 2817/2/1
f 2820/2/1 2818/2/1 2819/2/1
f 2823/2/1 2822/2/1 2821/2/1
f 2824/2/1 2822/2/1 2823/2/1
f 2830/2/1 2826/2/1 2825/2/1
f 2831/2/1 2826/2/1 2830/2/1
f 2832/2/1 2826/2/1 2831/2/1
f 2836/2/1 2828/2/1 2827/2/1
f 2837/2/1 2828/2/1 2836/2/1
f 2840/2/1 2830/2/1 2829/2/1
f 2840/2/1 2831/2/1 2830/2/1
f 2841/2/1 2831/2/1 2840/2/1
f 2842/2/1 2834/2/1 2833/2/1
f 2843/2/1 2836/2/1 2835/2/1
f 2844/2/1 2836/2/1 2843/2/1
f 2845/2/1 2839/2/1 2838/2/1
f 2846/2/1 2839/2/1 2845/2/1
f 2848/2/1 2842/2/1 2833/2/1
f 2849/2/1 2842/2/1 2848/2/1
f 2850/2/1 2848/2/1 2847/2/1
f 2851/2/1 2848/2/1 2850/2/1
f 2854/2/1 2853/2/1 2852/2/1
f 2855/2/1 2853/2/1 2854/2/1
f 2859/2/1 2857/2/1 2856/2/1
f 2860/2/1 2857/2/1 2859/2/1
f 2861/2/1 2859/2/1 2858/2/1
f 2862/2/1 2859/2/1 2861/2/1
f 2872/2/1 2865/2/1 2864/2/1
f 2873/2/1 2865/2/1 2872/2/1
f 2876/2/1 2867/2/1 2866/2/1
f 2877/2/1 2867/2/1 2876/2/1
f 2878/2/1 2863/2/1 2862/2/1
f 2879/2/1 2863/2/1 2878/2/1
f 2881/2/1 2875/2/1 2874/2/1
f 2882/2/1 2875/2/1 2881/2/1
f 2884/2/1 2869/2/1 2868/2/1
f 2885/2/1 2869/2/1 2884/2/1
f 2887/2/1 2871/2/1 2870/2/1
f 2888/2/1 2871/2/1 2887/2/1
f 2889/2/1 2880/2/1 2879/2/1
f 2890/2/1 2880/2/1 2889/2/1
f 2892/2/1 2884/2/1 2883/2/1
f 2893/2/1 2884/2/1 2892/2/1
f 2897/2/1 2887/2/1 2886/2/1
f 2898/2/1 2892/2/1 2891/2/1
f 2899/2/1 2892/2/1 2898/2/1
f 2900/2/1 2895/2/1 2894/2/1
f 2901/2/1 2895/2/1 2900/2/1
f 2904/2/1 2897/2/1 2896/2/1
f 2905/2/1 2897/2/1 2904/2/1
f 2906/2/1 2887/2/1 2897/2/1
f 2906/2/1 2897/2/1 2905/2/1
f 2907/2/1 2903/2/1 2902/2/1
f 2908/2/1 2903/2/1 2907/2/1
f 2909/2/1 2905/2/1 2904/2/1
f 2910/2/1 2905/2/1 2909/2/1
f 2913/2/1 2912/2/1 2911/2/1
f 2914/2/1 2913/2/1 2911/2/1
f 2915/2/1 2913/2/1 2914/2/1
f 2918/2/1 2917/2/1 2916/2/1
f 2919/2/1 2917/2/1 2918/2/1
f 2926/2/1 2921/2/1 2920/2/1
f 2927/2/1 2921/2/1 2926/2/1
f 2928/2/1 2923/2/1 2922/2/1
f 2929/2/1 2923/2/1 2928/2/1
f 2930/2/1 2925/2/1 2924/2/1
f 2931/2/1 2925/2/1 2930/2/1
f 2938/2/1 2933/2/1 2932/2/1
f 2939/2/1 2933/2/1 2938/2/1
f 2940/2/1 2935/2/1 2934/2/1
f 2941/2/1 2935/2/1 2940/2/1
f 2944/2/1 2943/2/1 2942/2/1
f 2945/2/1 2943/2/1 2944/2/1
f 2950/2/1 2937/2/1 2936/2/1
f 2951/2/1 2937/2/1 2950/2/1
f 2952/2/1 2947/2/1 2946/2/1
f 2953/2/1 2947/2/1 2952/2/1
f 2954/2/1 2949/2/1 2948/2/1
f 2955/2/1 2949/2/1 2954/2/1
f 2958/2/1 2957/2/1 2956/2/1
f 2959/2/1 2957/2/1 2958/2/1
f 2960/2/1 2957/2/1 2959/2/1
f 2963/2/1 2961/2/1 2960/2/1
f 2964/2/1 2961/2/1 2963/2/1
f 2967/2/1 2963/2/1 2962/2/1
f 2968/2/1 2963/2/1 2967/2/1
f 2969/2/1 2966/2/1 2965/2/1
f 2970/2/1 2966/2/1 2969/2/1
f 2975/2/1 2974/2/1 2973/2/1
f 2976/2/1 2974/2/1 2975/2/1
f 2977/2/1 2972/2/1 2971/2/1
f 2978/2/1 2972/2/1 2977/2/1
f 2985/2/1 2980/2/1 2979/2/1
f 2986/2/1 2980/2/1 2985/2/1
f 2991/2/1 2982/2/1 2981/2/1
f 2992/2/1 2982/2/1 2991/2/1
f 2994/2/1 2984/2/1 2983/2/1
f 2995/2/1 2984/2/1 2994/2/1
f 2996/2/1 2988/2/1 2987/2/1
f 2997/2/1 2988/2/1 2996/2/1
f 2998/2/1 2990/2/1 2989/2/1
f 2999/2/1 2990/2/1 2998/2/1
f 3000/2/1 2982/2/1 2992/2/1
f 3001/2/1 2982/2/1 3000/2/1
f 3004/2/1 2994/2/1 2993/2/1
f 3005/2/1 2994/2/1 3004/2/1
f 3008/2/1 3003/2/1 3002/2/1
f 3009/2/1 3003/2/1 3008/2/1
f 3010/2/1 3007/2/1 3006/2/1
f 3011/2/1 3007/2/1 3010/2/1
f 3014/2/1 3013/2/1 3012/2/1
f 3018/2/1 3014/2/1 3012/2/1
f 3018/2/1 3015/2/1 3014/2/1
f 3019/2/1 3015/2/1 3018/2/1
f 3020/2/1 3017/2/1 3016/2/1
f 3021/2/1 3017/2/1 3020/2/1
f 3022/2/1 3018/2/1 3012/2/1
f 3023/2/1 3018/2/1 3022/2/1
f 3032/2/1 3025/2/1 3024/2/1
f 3033/2/1 3025/2/1 3032/2/1
f 3034/2/1 3027/2/1 3026/2/1
f 3035/2/1 3027/2/1 3034/2/1
f 3036/2/1 3029/2/1 3028/2/1
f 3037/2/1 3029/2/1 3036/2/1
f 3040/2/1 3031/2/1 3030/2/1
f 3041/2/1 3031/2/1 3040/2/1
f 3045/2/1 3039/2/1 3038/2/1
f 3046/2/1 3039/2/1 3045/2/1
f 3048/2/1 3043/2/1 3042/2/1
f 3049/2/1 3043/2/1 3048/2/1
f 3050/2/1 3045/2/1 3044/2/1
f 3051/2/1 3045/2/1 3050/2/1
f 3052/2/1 3047/2/1 3046/2/1
f 3053/2/1 3047/2/1 3052/2/1
f 3058/2/1 3050/2/1 3049/2/1
f 3059/2/1 3050/2/1 3058/2/1
f 3060/2/1 3055/2/1 3054/2/1
f 3061/2/1 3055/2/1 3060/2/1
f 3064/2/1 3057/2/1 3056/2/1
f 3065/2/1 3063/2/1 3062/2/1
f 3066/2/1 3063/2/1 3065/2/1
f 3067/2/1 3064/2/1 3056/2/1
f 3068/2/1 3064/2/1 3067/2/1
f 3071/2/1 3070/2/1 3069/2/1
f 3072/2/1 3070/2/1 3071/2/1
f 3073/2/1 3070/2/1 3072/2/1
f 3075/2/1 3074/2/1 3073/2/1
f 3076/2/1 3074/2/1 3075/2/1
f 3079/2/1 3078/2/1 3077/2/1
f 3080/2/1 3078/2/1 3079/2/1
f 3085/2/1 3084/2/1 3083/2/1
f 3086/2/1 3084/2/1 3085/2/1
f 3087/2/1 3082/2/1 3081/2/1
f 3088/2/1 3082/2/1 3087/2/1
f 3089/2/1 3088/2/1 3087/2/1
f 3090/2/1 3088/2/1 3089/2/1
f 3097/2/1 3092/2/1 3091/2/1
f 3097/2/1 3093/2/1 3092/2/1
f 3098/2/1 3093/2/1 3097/2/1
f 3100/2/1 3095/2/1 3094/2/1
f 3101/2/1 3095/2/1 3100/2/1
f 3102/2/1 3097/2/1 3096/2/1
f 3103/2/1 3097/2/1 3102/2/1
f 3106/2/1 3105/2/1 3104/2/1
f 3107/2/1 3105/2/1 3106/2/1
f 3110/2/1 3100/2/1 3099/2/1
f 3111/2/1 3100/2/1 3110/2/1
f 3112/2/1 3109/2/1 3108/2/1
f 3113/2/1 3109/2/1 3112/2/1
f 3116/2/1 3115/2/1 3114/2/1
f 3117/2/1 3115/2/1 3116/2/1
f 3121/2/1 3118/2/1 3117/2/1
f 3122/2/1 3118/2/1 3121/2/1
f 3123/2/1 3120/2/1 3119/2/1
f 3124/2/1 3120/2/1 3123/2/1
f 3127/2/1 3126/2/1 3125/2/1
f 3133/2/1 3130/2/1 3129/2/1
f 3134/2/1 3130/2/1 3133/2/1
f 3135/2/1 3127/2/1 3125/2/1
f 3135/2/1 3128/2/1 3127/2/1
f 3136/2/1 3128/2/1 3135/2/1
f 3137/2/1 3135/2/1 3134/2/1
f 3138/2/1 3135/2/1 3137/2/1
f 3139/2/1 3135/2/1 3138/2/1
f 3140/2/1 3128/2/1 3136/2/1
f 3141/2/1 3128/2/1 3140/2/1
f 3143/2/1 3132/2/1 3131/2/1
f 3144/2/1 3132/2/1 3143/2/1
f 3147/2/1 3140/2/1 3139/2/1
f 3148/2/1 3140/2/1 3147/2/1
f 3151/2/1 3143/2/1 3142/2/1
f 3152/2/1 3143/2/1 3151/2/1
f 3153/2/1 3145/2/1 3144/2/1
f 3154/2/1 3145/2/1 3153/2/1
f 3155/2/1 3147/2/1 3146/2/1
f 3156/2/1 3147/2/1 3155/2/1
f 3157/2/1 3150/2/1 3149/2/1
f 3158/2/1 3150/2/1 3157/2/1
f 3163/2/1 3160/2/1 3159/2/1
f 3164/2/1 3160/2/1 3163/2/1
f 3165/2/1 3162/2/1 3161/2/1
f 3166/2/1 3162/2/1 3165/2/1
f 3167/2/1 3162/2/1 3166/2/1
f 3175/2/1 3170/2/1 3169/2/1
f 3176/2/1 3170/2/1 3175/2/1
f 3179/2/1 3172/2/1 3171/2/1
f 3180/2/1 3172/2/1 3179/2/1
f 3181/2/1 3174/2/1 3173/2/1
f 3182/2/1 3174/2/1 3181/2/1
f 3183/2/1 3167/2/1 3166/2/1
f 3183/2/1 3168/2/1 3167/2/1
f 3184/2/1 3168/2/1 3183/2/1
f 3185/2/1 3178/2/1 3177/2/1
f 3186/2/1 3178/2/1 3185/2/1
f 3187/2/1 3181/2/1 3180/2/1
f 3188/2/1 3181/2/1 3187/2/1
f 3191/2/1 3190/2/1 3189/2/1
f 3192/2/1 3190/2/1 3191/2/1
f 3198/2/1 3194/2/1 3193/2/1
f 3199/2/1 3198/2/1 3197/2/1
f 3200/2/1 3194/2/1 3198/2/1
f 3200/2/1 3198/2/1 3199/2/1
f 3201/2/1 3194/2/1 3200/2/1
f 3202/2/1 3196/2/1 3195/2/1
f 3203/2/1 3196/2/1 3202/2/1
f 3208/2/1 3207/2/1 3206/2/1
f 3209/2/1 3207/2/1 3208/2/1
f 3210/2/1 3205/2/1 3204/2/1
f 3211/2/1 3205/2/1 3210/2/1
f 3214/2/1 3213/2/1 3212/2/1
f 3217/2/1 3214/2/1 3212/2/1
f 3217/2/1 3215/2/1 3214/2/1
f 3218/2/1 3215/2/1 3217/2/1
f 3220/2/1 3217/2/1 3216/2/1
f 3220/2/1 3219/2/1 3218/2/1
f 3220/2/1 3218/2/1 3217/2/1
f 3221/2/1 3219/2/1 3220/2/1
f 3222/2/1 3219/2/1 3221/2/1
f 3226/2/1 3223/2/1 3222/2/1
f 3227/2/1 3223/2/1 3226/2/1
f 3228/2/1 3225/2/1 3224/2/1
f 3229/2/1 3225/2/1 3228/2/1
f 3232/2/1 3231/2/1 3230/2/1
f 3233/2/1 3231/2/1 3232/2/1
f 3236/2/1 3235/2/1 3234/2/1
f 3237/2/1 3235/2/1 3236/2/1
f 3240/2/1 3236/2/1 3234/2/1
f 3241/2/1 3236/2/1 3240/2/1
f 3242/2/1 3239/2/1 3238/2/1
f 3243/2/1 3239/2/1 3242/2/1
f 3248/2/1 3245/2/1 3244/2/1
f 3249/2/1 3245/2/1 3248/2/1
f 3250/2/1 3247/2/1 3246/2/1
f 3251/2/1 3247/2/1 3250/2/1
f 3254/2/1 3253/2/1 3252/2/1
f 3255/2/1 3253/2/1 3254/2/1
f 3258/2/1 3257/2/1 3256/2/1
f 3259/2/1 3257/2/1 3258/2/1
f 3261/2/1 3260/2/1 3259/2/1
f 3262/2/1 3260/2/1 3261/2/1
f 3267/2/1 3264/2/1 3263/2/1
f 3268/2/1 3264/2/1 3267/2/1
f 3269/2/1 3266/2/1 3265/2/1
f 3270/2/1 3266/2/1 3269/2/1
f 3277/2/1 3272/2/1 3271/2/1
f 3278/2/1 3272/2/1 3277/2/1
f 3279/2/1 3274/2/1 3273/2/1
f 3280/2/1 3274/2/1 3279/2/1
f 3281/2/1 3276/2/1 3275/2/1
f 3282/2/1 3276/2/1 3281/2/1
f 3285/2/1 3284/2/1 3283/2/1
f 3286/2/1 3284/2/1 3285/2/1
f 3287/2/1 3285/2/1 3283/2/1
f 3288/2/1 3285/2/1 3287/2/1
f 3289/2/1 3287/2/1 3283/2/1
f 3290/2/1 3287/2/1 3289/2/1
f 3293/2/1 3292/2/1 3291/2/1
f 3294/2/1 3292/2/1 3293/2/1
f 3297/2/1 3296/2/1 3295/2/1
f 3298/2/1 3296/2/1 3297/2/1
f 3301/2/1 3300/2/1 3299/2/1
f 3302/2/1 3300/2/1 3301/2/1
f 3304/2/1 3303/2/1 3302/2/1
f 3305/2/1 3303/2/1 3304/2/1
f 3308/2/1 3307/2/1 3306/2/1
f 3309/2/1 3307/2/1 3308/2/1
f 3310/2/1 3307/2/1 3309/2/1
f 3315/2/1 3311/2/1 3310/2/1
f 3315/2/1 3310/2/1 3309/2/1
f 3316/2/1 3311/2/1 3315/2/1
f 3317/2/1 3311/2/1 3316/2/1
f 3318/2/1 3313/2/1 3312/2/1
f 3319/2/1 3313/2/1 3318/2/1
f 3320/2/1 3315/2/1 3314/2/1
f 3320/2/1 3316/2/1 3315/2/1
f 3321/2/1 3316/2/1 3320/2/1
f 3324/2/1 3323/2/1 3322/2/1
f 3325/2/1 3323/2/1 3324/2/1
f 3328/2/1 3327/2/1 3326/2/1
f 3329/2/1 3327/2/1 3328/2/1
f 3332/2/1 3330/2/1 3329/2/1
f 3333/2/1 3330/2/1 3332/2/1
f 3334/2/1 3332/2/1 3331/2/1
f 3335/2/1 3332/2/1 3334/2/1
f 3338/2/1 3337/2/1 3336/2/1
f 3339/2/1 3337/2/1 3338/2/1
f 3344/2/1 3337/2/1 3339/2/1
f 3345/2/1 3337/2/1 3344/2/1
f 3346/2/1 3341/2/1 3340/2/1
f 3347/2/1 3341/2/1 3346/2/1
f 3348/2/1 3343/2/1 3342/2/1
f 3349/2/1 3343/2/1 3348/2/1
f 3352/2/1 3351/2/1 3350/2/1
f 3353/2/1 3351/2/1 3352/2/1
f 3357/2/1 3355/2/1 3354/2/1
f 3358/2/1 3355/2/1 3357/2/1
f 3359/2/1 3357/2/1 3356/2/1
f 3360/2/1 3357/2/1 3359/2/1
f 3366/2/1 3362/2/1 3361/2/1
f 3367/2/1 3362/2/1 3366/2/1
f 3368/2/1 3366/2/1 3365/2/1
f 3369/2/1 3366/2/1 3368/2/1
f 3370/2/1 3364/2/1 3363/2/1
f 3371/2/1 3364/2/1 3370/2/1
f 3374/2/1 3373/2/1 3372/2/1
f 3375/2/1 3373/2/1 3374/2/1
f 3378/2/1 3377/2/1 3376/2/1
f 3379/2/1 3377/2/1 3378/2/1
f 3380/2/1 3377/2/1 3379/2/1
f 3383/2/1 3382/2/1 3381/2/1
f 3384/2/1 3382/2/1 3383/2/1
f 3387/2/1 3386/2/1 3385/2/1
f 3388/2/1 3386/2/1 3387/2/1
f 3391/2/1 3390/2/1 3389/2/1
f 3392/2/1 3390/2/1 3391/2/1
f 3399/2/1 3394/2/1 3393/2/1
f 3400/2/1 3394/2/1 3399/2/1
f 3401/2/1 3396/2/1 3395/2/1
f 3402/2/1 3396/2/1 3401/2/1
f 3403/2/1 3398/2/1 3397/2/1
f 3404/2/1 3398/2/1 3403/2/1
f 3407/2/1 3406/2/1 3405/2/1
f 3408/2/1 3406/2/1 3407/2/1
f 3413/2/1 3410/2/1 3409/2/1
f 3414/2/1 3410/2/1 3413/2/1
f 3417/2/1 3412/2/1 3411/2/1
f 3418/2/1 3412/2/1 3417/2/1
f 3420/2/1 3416/2/1 3415/2/1
f 3421/2/1 3416/2/1 3420/2/1
f 3424/2/1 3420/2/1 3419/2/1
f 3425/2/1 3420/2/1 3424/2/1
f 3428/2/1 3423/2/1 3422/2/1
f 3429/2/1 3423/2/1 3428/2/1
f 3430/2/1 3427/2/1 3426/2/1
f 3431/2/1 3427/2/1 3430/2/1
f 3434/2/1 3433/2/1 3432/2/1
f 3435/2/1 3433/2/1 3434/2/1
f 3438/2/1 3435/2/1 3434/2/1
f 3439/2/1 3435/2/1 3438/2/1
f 3440/2/1 3435/2/1 3439/2/1
f 3442/2/1 3437/2/1 3436/2/1
f 3443/2/1 3437/2/1 3442/2/1
f 3444/2/1 3442/2/1 3441/2/1
f 3445/2/1 3442/2/1 3444/2/1
f 3452/2/1 3447/2/1 3446/2/1
f 3453/2/1 3447/2/1 3452/2/1
f 3454/2/1 3449/2/1 3448/2/1
f 3455/2/1 3449/2/1 3454/2/1
f 3456/2/1 3451/2/1 3450/2/1
f 3457/2/1 3451/2/1 3456/2/1
f 3462/2/1 3459/2/1 3458/2/1
f 3463/2/1 3459/2/1 3462/2/1
f 3466/2/1 3461/2/1 3460/2/1
f 3467/2/1 3461/2/1 3466/2/1
f 3470/2/1 3465/2/1 3464/2/1
f 3471/2/1 3465/2/1 3470/2/1
f 3472/2/1 3469/2/1 3468/2/1
f 3473/2/1 3469/2/1 3472/2/1
f 3476/2/1 3475/2/1 3474/2/1
f 3477/2/1 3475/2/1 3476/2/1
f 3480/2/1 3479/2/1 3478/2/1
f 3481/2/1 3479/2/1 3480/2/1
f 3492/2/1 3483/2/1 3482/2/1
f 3493/2/1 3483/2/1 3492/2/1
f 3494/2/1 3485/2/1 3484/2/1
f 3495/2/1 3485/2/1 3494/2/1
f 3497/2/1 3487/2/1 3486/2/1
f 3498/2/1 3487/2/1 3497/2/1
f 3499/2/1 3489/2/1 3488/2/1
f 3500/2/1 3489/2/1 3499/2/1
f 3501/2/1 3491/2/1 3490/2/1
f 3502/2/1 3491/2/1 3501/2/1
f 3503/2/1 3497/2/1 3496/2/1
f 3504/2/1 3497/2/1 3503/2/1
f 3507/2/1 3506/2/1 3505/2/1
f 3508/2/1 3506/2/1 3507/2/1
f 3515/2/1 3510/2/1 3509/2/1
f 3516/2/1 3510/2/1 3515/2/1
f 3517/2/1 3512/2/1 3511/2/1
f 3518/2/1 3512/2/1 3517/2/1
f 3519/2/1 3514/2/1 3513/2/1
f 3520/2/1 3514/2/1 3519/2/1
f 3525/2/1 3522/2/1 3521/2/1
f 3530/2/1 3524/2/1 3523/2/1
f 3531/2/1 3524/2/1 3530/2/1
f 3532/2/1 3525/2/1 3521/2/1
f 3532/2/1 3526/2/1 3525/2/1
f 3533/2/1 3526/2/1 3532/2/1
f 3537/2/1 3528/2/1 3527/2/1
f 3538/2/1 3528/2/1 3537/2/1
f 3539/2/1 3531/2/1 3530/2/1
f 3539/2/1 3530/2/1 3529/2/1
f 3540/2/1 3531/2/1 3539/2/1
f 3541/2/1 3535/2/1 3534/2/1
f 3542/2/1 3535/2/1 3541/2/1
f 3543/2/1 3537/2/1 3536/2/1
f 3544/2/1 3537/2/1 3543/2/1
f 3545/2/1 3528/2/1 3538/2/1
f 3546/2/1 3528/2/1 3545/2/1
f 3551/2/1 3548/2/1 3547/2/1
f 3553/2/1 3550/2/1 3549/2/1
f 3554/2/1 3548/2/1 3551/2/1
f 3555/2/1 3548/2/1 3554/2/1
f 3559/2/1 3553/2/1 3552/2/1
f 3560/2/1 3553/2/1 3559/2/1
f 3561/2/1 3550/2/1 3553/2/1
f 3561/2/1 3553/2/1 3560/2/1
f 3562/2/1 3557/2/1 3556/2/1
f 3563/2/1 3560/2/1 3559/2/1
f 3563/2/1 3559/2/1 3558/2/1
f 3564/2/1 3560/2/1 3563/2/1
f 3567/2/1 3557/2/1 3562/2/1
f 3568/2/1 3557/2/1 3567/2/1
f 3569/2/1 3566/2/1 3565/2/1
f 3570/2/1 3566/2/1 3569/2/1
f 3571/2/1 3566/2/1 3570/2/1
f 3572/2/1 3566/2/1 3571/2/1
f 3573/2/1 3571/2/1 3570/2/1
f 3574/2/1 3571/2/1 3573/2/1
f 3579/2/1 3576/2/1 3575/2/1
f 3580/2/1 3576/2/1 3579/2/1
f 3581/2/1 3578/2/1 3577/2/1
f 3582/2/1 3578/2/1 3581/2/1
f 3585/2/1 3584/2/1 3583/2/1
f 3586/2/1 3584/2/1 3585/2/1
f 3589/2/1 3588/2/1 3587/2/1
f 3590/2/1 3588/2/1 3589/2/1
f 3595/2/1 3592/2/1 3591/2/1
f 3596/2/1 3592/2/1 3595/2/1
f 3598/2/1 3594/2/1 3593/2/1
f 3599/2/1 3598/2/1 3597/2/1
f 3600/2/1 3594/2/1 3598/2/1
f 3600/2/1 3598/2/1 3599/2/1
f 3606/2/1 3602/2/1 3601/2/1
f 3607/2/1 3602/2/1 3606/2/1
f 3608/2/1 3604/2/1 3603/2/1
f 3609/2/1 3604/2/1 3608/2/1
f 3610/2/1 3606/2/1 3605/2/1
f 3611/2/1 3606/2/1 3610/2/1
f 3614/2/1 3613/2/1 3612/2/1
f 3615/2/1 3613/2/1 3614/2/1
f 3619/2/1 3617/2/1 3616/2/1
f 3620/2/1 3617/2/1 3619/2/1
f 3622/2/1 3619/2/1 3618/2/1
f 3623/2/1 3619/2/1 3622/2/1
f 3624/2/1 3621/2/1 3620/2/1
f 3625/2/1 3621/2/1 3624/2/1
f 3628/2/1 3627/2/1 3626/2/1
f 3629/2/1 3627/2/1 3628/2/1
f 3636/2/1 3631/2/1 3630/2/1
f 3637/2/1 3631/2/1 3636/2/1
f 3638/2/1 3633/2/1 3632/2/1
f 3639/2/1 3633/2/1 3638/2/1
f 3640/2/1 3635/2/1 3634/2/1
f 3641/2/1 3635/2/1 3640/2/1
f 3642/2/1 3637/2/1 3636/2/1
f 3642/2/1 3638/2/1 3637/2/1
f 3643/2/1 3638/2/1 3642/2/1
f 3646/2/1 3645/2/1 3644/2/1
f 3647/2/1 3645/2/1 3646/2/1
f 3648/2/1 3645/2/1 3647/2/1
f 3653/2/1 3650/2/1 3649/2/1
f 3654/2/1 3650/2/1 3653/2/1
f 3655/2/1 3652/2/1 3651/2/1
f 3656/2/1 3652/2/1 3655/2/1
f 3659/2/1 3658/2/1 3657/2/1
f 3660/2/1 3658/2/1 3659/2/1
f 3665/2/1 3662/2/1 3661/2/1
f 3666/2/1 3664/2/1 3663/2/1
f 3667/2/1 3665/2/1 3661/2/1
f 3667/2/1 3666/2/1 3665/2/1
f 3668/2/1 3664/2/1 3666/2/1
f 3668/2/1 3666/2/1 3667/2/1
f 3673/2/1 3670/2/1 3669/2/1
f 3674/2/1 3670/2/1 3673/2/1
f 3677/2/1 3672/2/1 3671/2/1
f 3678/2/1 3672/2/1 3677/2/1
f 3679/2/1 3676/2/1 3675/2/1
f 3680/2/1 3676/2/1 3679/2/1
f 3683/2/1 3682/2/1 3681/2/1
f 3684/2/1 3682/2/1 3683/2/1
f 3687/2/1 3686/2/1 3685/2/1
f 3688/2/1 3686/2/1 3687/2/1
f 3691/2/1 3690/2/1 3689/2/1
f 3692/2/1 3690/2/1 3691/2/1
f 3693/2/2 3694/2/2 3695/2/2
f 3695/2/2 3694/2/2 3696/2/2
f 3697/2/2 3698/2/2 3699/2/2
f 3699/2/2 3698/2/2 3700/2/2
f 3701/2/2 3702/2/2 3704/2/2
f 3704/2/2 3702/2/2 3705/2/2
f 3705/2/2 3702/2/2 3706/2/2
f 3703/2/2 3704/2/2 3707/2/2
f 3704/2/2 3705/2/2 3707/2/2
f 3707/2/2 3705/2/2 3708/2/2
f 3708/2/2 3705/2/2 3709/2/2
f 3709/2/2 3705/2/2 3710/2/2
f 3708/2/2 3709/2/2 3711/2/2
f 3711/2/2 3709/2/2 3712/2/2
f 3713/2/2 3714/2/2 3717/2/2
f 3717/2/2 3714/2/2 3718/2/2
f 3715/2/2 3716/2/2 3719/2/2
f 3719/2/2 3716/2/2 3720/2/2
f 3721/2/2 3722/2/2 3723/2/2
f 3723/2/2 3722/2/2 3724/2/2
f 3725/2/2 3726/2/2 3727/2/2
f 3727/2/2 3726/2/2 3728/2/2
f 3729/2/2 3730/2/2 3731/2/2
f 3731/2/2 3730/2/2 3732/2/2
f 3733/2/2 3734/2/2 3735/2/2
f 3735/2/2 3734/2/2 3736/2/2
f 3736/2/2 3734/2/2 3737/2/2
f 3738/2/2 3739/2/2 3741/2/2
f 3741/2/2 3739/2/2 3742/2/2
f 3740/2/2 3741/2/2 3743/2/2
f 3743/2/2 3741/2/2 3744/2/2
f 3745/2/2 3746/2/2 3747/2/2
f 3747/2/2 3746/2/2 3748/2/2
f 3748/2/2 3749/2/2 3750/2/2
f 3750/2/2 3749/2/2 3751/2/2
f 3752/2/2 3753/2/2 3757/2/2
f 3757/2/2 3753/2/2 3758/2/2
f 3754/2/2 3755/2/2 3759/2/2
f 3759/2/2 3755/2/2 3760/2/2
f 3760/2/2 3755/2/2 3761/2/2
f 3756/2/2 3757/2/2 3762/2/2
f 3757/2/2 3758/2/2 3762/2/2
f 3762/2/2 3758/2/2 3763/2/2
f 3760/2/2 3761/2/2 3764/2/2
f 3760/2/2 3764/2/2 3766/2/2
f 3764/2/2 3765/2/2 3766/2/2
f 3766/2/2 3765/2/2 3767/2/2
f 3768/2/2 3769/2/2 3775/2/2
f 3775/2/2 3769/2/2 3776/2/2
f 3770/2/2 3771/2/2 3777/2/2
f 3777/2/2 3771/2/2 3778/2/2
f 3772/2/2 3773/2/2 3780/2/2
f 3780/2/2 3773/2/2 3781/2/2
f 3774/2/2 3775/2/2 3783/2/2
f 3783/2/2 3775/2/2 3784/2/2
f 3779/2/2 3780/2/2 3786/2/2
f 3786/2/2 3780/2/2 3787/2/2
f 3781/2/2 3782/2/2 3788/2/2
f 3788/2/2 3782/2/2 3789/2/2
f 3784/2/2 3785/2/2 3791/2/2
f 3791/2/2 3785/2/2 3792/2/2
f 3789/2/2 3790/2/2 3793/2/2
f 3793/2/2 3790/2/2 3794/2/2
f 3795/2/2 3796/2/2 3799/2/2
f 3799/2/2 3796/2/2 3800/2/2
f 3797/2/2 3798/2/2 3801/2/2
f 3801/2/2 3798/2/2 3802/2/2
f 3803/2/2 3804/2/2 3807/2/2
f 3807/2/2 3804/2/2 3808/2/2
f 3805/2/2 3806/2/2 3809/2/2
f 3809/2/2 3806/2/2 3810/2/2
f 3810/2/2 3806/2/2 3811/2/2
f 3809/2/2 3810/2/2 3815/2/2
f 3811/2/2 3812/2/2 3816/2/2
f 3816/2/2 3812/2/2 3817/2/2
f 3813/2/2 3814/2/2 3821/2/2
f 3821/2/2 3814/2/2 3822/2/2
f 3817/2/2 3818/2/2 3823/2/2
f 3819/2/2 3820/2/2 3824/2/2
f 3824/2/2 3820/2/2 3825/2/2
f 3809/2/2 3815/2/2 3827/2/2
f 3815/2/2 3816/2/2 3827/2/2
f 3827/2/2 3816/2/2 3828/2/2
f 3825/2/2 3826/2/2 3829/2/2
f 3817/2/2 3823/2/2 3829/2/2
f 3824/2/2 3825/2/2 3829/2/2
f 3823/2/2 3824/2/2 3829/2/2
f 3829/2/2 3826/2/2 3830/2/2
f 3830/2/2 3826/2/2 3831/2/2
f 3831/2/2 3826/2/2 3832/2/2
f 3830/2/2 3831/2/2 3833/2/2
f 3833/2/2 3831/2/2 3834/2/2
f 3835/2/2 3836/2/2 3839/2/2
f 3839/2/2 3836/2/2 3840/2/2
f 3837/2/2 3838/2/2 3841/2/2
f 3841/2/2 3838/2/2 3842/2/2
f 3843/2/2 3844/2/2 3845/2/2
f 3845/2/2 3844/2/2 3846/2/2
f 3846/2/2 3844/2/2 3847/2/2
f 3847/2/2 3844/2/2 3850/2/2
f 3850/2/2 3844/2/2 3851/2/2
f 3848/2/2 3849/2/2 3852/2/2
f 3852/2/2 3849/2/2 3853/2/2
f 3854/2/2 3855/2/2 3858/2/2
f 3858/2/2 3855/2/2 3859/2/2
f 3856/2/2 3857/2/2 3860/2/2
f 3860/2/2 3857/2/2 3861/2/2
f 3862/2/2 3863/2/2 3866/2/2
f 3866/2/2 3863/2/2 3867/2/2
f 3864/2/2 3865/2/2 3868/2/2
f 3868/2/2 3865/2/2 3869/2/2
f 3870/2/2 3871/2/2 3872/2/2
f 3872/2/2 3871/2/2 3873/2/2
f 3874/2/2 3875/2/2 3876/2/2
f 3874/2/2 3876/2/2 3878/2/2
f 3876/2/2 3877/2/2 3878/2/2
f 3878/2/2 3877/2/2 3879/2/2
f 3879/2/2 3877/2/2 3880/2/2
f 3881/2/2 3882/2/2 3883/2/2
f 3883/2/2 3882/2/2 3884/2/2
f 3885/2/2 3886/2/2 3891/2/2
f 3891/2/2 3886/2/2 3892/2/2
f 3887/2/2 3888/2/2 3893/2/2
f 3893/2/2 3888/2/2 3894/2/2
f 3889/2/2 3890/2/2 3895/2/2
f 3895/2/2 3890/2/2 3896/2/2
f 3897/2/2 3898/2/2 3899/2/2
f 3899/2/2 3898/2/2 3900/2/2
f 3901/2/2 3902/2/2 3905/2/2
f 3905/2/2 3902/2/2 3906/2/2
f 3903/2/2 3904/2/2 3907/2/2
f 3907/2/2 3904/2/2 3908/2/2
f 3909/2/2 3910/2/2 3915/2/2
f 3911/2/2 3912/2/2 3917/2/2
f 3917/2/2 3912/2/2 3918/2/2
f 3913/2/2 3914/2/2 3919/2/2
f 3919/2/2 3914/2/2 3920/2/2
f 3915/2/2 3916/2/2 3922/2/2
f 3909/2/2 3915/2/2 3922/2/2
f 3922/2/2 3916/2/2 3923/2/2
f 3923/2/2 3916/2/2 3924/2/2
f 3921/2/2 3922/2/2 3927/2/2
f 3927/2/2 3922/2/2 3928/2/2
f 3925/2/2 3926/2/2 3932/2/2
f 3932/2/2 3926/2/2 3933/2/2
f 3929/2/2 3930/2/2 3934/2/2
f 3934/2/2 3930/2/2 3935/2/2
f 3931/2/2 3932/2/2 3936/2/2
f 3936/2/2 3932/2/2 3937/2/2
f 3938/2/2 3939/2/2 3940/2/2
f 3940/2/2 3939/2/2 3941/2/2
f 3942/2/2 3943/2/2 3948/2/2
f 3948/2/2 3943/2/2 3949/2/2
f 3946/2/2 3947/2/2 3953/2/2
f 3953/2/2 3947/2/2 3954/2/2
f 3950/2/2 3951/2/2 3955/2/2
f 3955/2/2 3951/2/2 3956/2/2
f 3944/2/2 3945/2/2 3957/2/2
f 3957/2/2 3945/2/2 3958/2/2
f 3952/2/2 3953/2/2 3960/2/2
f 3960/2/2 3953/2/2 3961/2/2
f 3961/2/2 3953/2/2 3962/2/2
f 3959/2/2 3960/2/2 3963/2/2
f 3960/2/2 3961/2/2 3963/2/2
f 3963/2/2 3961/2/2 3964/2/2
f 3965/2/2 3966/2/2 3968/2/2
f 3968/2/2 3966/2/2 3969/2/2
f 3967/2/2 3968/2/2 3970/2/2
f 3970/2/2 3968/2/2 3971/2/2
f 3969/2/2 3966/2/2 3972/2/2
f 3972/2/2 3966/2/2 3973/2/2
f 3967/2/2 3970/2/2 3976/2/2
f 3976/2/2 3970/2/2 3977/2/2
f 3974/2/2 3975/2/2 3980/2/2
f 3980/2/2 3975/2/2 3981/2/2
f 3978/2/2 3979/2/2 3982/2/2
f 3982/2/2 3979/2/2 3983/2/2
f 3983/2/2 3984/2/2 3987/2/2
f 3987/2/2 3984/2/2 3988/2/2
f 3985/2/2 3986/2/2 3989/2/2
f 3989/2/2 3986/2/2 3990/2/2
f 3993/2/2 3994/2/2 3995/2/2
f 3995/2/2 3994/2/2 3996/2/2
f 3991/2/2 3992/2/2 3999/2/2
f 3999/2/2 3992/2/2 4000/2/2
f 3993/2/2 3995/2/2 4001/2/2
f 4001/2/2 3995/2/2 4002/2/2
f 3996/2/2 3994/2/2 4003/2/2
f 3997/2/2 3998/2/2 4008/2/2
f 4008/2/2 3998/2/2 4009/2/2
f 4009/2/2 3998/2/2 4010/2/2
f 4010/2/2 3998/2/2 4011/2/2
f 3996/2/2 4003/2/2 4012/2/2
f 4003/2/2 4004/2/2 4012/2/2
f 4012/2/2 4004/2/2 4013/2/2
f 4005/2/2 4006/2/2 4015/2/2
f 4007/2/2 4008/2/2 4016/2/2
f 4016/2/2 4008/2/2 4017/2/2
f 4009/2/2 4010/2/2 4018/2/2
f 4018/2/2 4010/2/2 4019/2/2
f 4014/2/2 4015/2/2 4023/2/2
f 4015/2/2 4006/2/2 4024/2/2
f 4023/2/2 4015/2/2 4024/2/2
f 4022/2/2 4023/2/2 4026/2/2
f 4026/2/2 4023/2/2 4027/2/2
f 4020/2/2 4021/2/2 4030/2/2
f 4030/2/2 4021/2/2 4031/2/2
f 4025/2/2 4026/2/2 4032/2/2
f 4032/2/2 4026/2/2 4033/2/2
f 4028/2/2 4029/2/2 4034/2/2
f 4034/2/2 4029/2/2 4035/2/2
f 4036/2/2 4037/2/2 4038/2/2
f 4038/2/2 4037/2/2 4039/2/2
f 4040/2/2 4041/2/2 4042/2/2
f 4042/2/2 4041/2/2 4043/2/2
f 4044/2/2 4045/2/2 4048/2/2
f 4048/2/2 4045/2/2 4049/2/2
f 4046/2/2 4047/2/2 4054/2/2
f 4054/2/2 4047/2/2 4055/2/2
f 4050/2/2 4051/2/2 4058/2/2
f 4058/2/2 4051/2/2 4059/2/2
f 4052/2/2 4053/2/2 4060/2/2
f 4060/2/2 4053/2/2 4061/2/2
f 4062/2/2 4063/2/2 4064/2/2
f 4064/2/2 4063/2/2 4065/2/2
f 4056/2/2 4057/2/2 4068/2/2
f 4068/2/2 4057/2/2 4069/2/2
f 4066/2/2 4067/2/2 4070/2/2
f 4070/2/2 4067/2/2 4071/2/2
f 4071/2/2 4072/2/2 4077/2/2
f 4077/2/2 4072/2/2 4078/2/2
f 4073/2/2 4074/2/2 4079/2/2
f 4079/2/2 4074/2/2 4080/2/2
f 4075/2/2 4076/2/2 4081/2/2
f 4081/2/2 4076/2/2 4082/2/2
f 4083/2/2 4084/2/2 4087/2/2
f 4087/2/2 4084/2/2 4088/2/2
f 4085/2/2 4086/2/2 4093/2/2
f 4093/2/2 4086/2/2 4094/2/2
f 4089/2/2 4090/2/2 4095/2/2
f 4095/2/2 4090/2/2 4096/2/2
f 4097/2/2 4098/2/2 4099/2/2
f 4099/2/2 4098/2/2 4100/2/2
f 4091/2/2 4092/2/2 4107/2/2
f 4107/2/2 4092/2/2 4108/2/2
f 4103/2/2 4104/2/2 4109/2/2
f 4109/2/2 4104/2/2 4110/2/2
f 4105/2/2 4106/2/2 4111/2/2
f 4111/2/2 4106/2/2 4112/2/2
f 4101/2/2 4102/2/2 4113/2/2
f 4113/2/2 4102/2/2 4114/2/2
f 4114/2/2 4115/2/2 4116/2/2
f 4116/2/2 4115/2/2 4117/2/2
f 4118/2/2 4119/2/2 4120/2/2
f 4120/2/2 4119/2/2 4121/2/2
f 4124/2/2 4125/2/2 4127/2/2
f 4127/2/2 4125/2/2 4128/2/2
f 4122/2/2 4123/2/2 4129/2/2
f 4129/2/2 4123/2/2 4130/2/2
f 4126/2/2 4127/2/2 4135/2/2
f 4135/2/2 4127/2/2 4136/2/2
f 4130/2/2 4123/2/2 4137/2/2
f 4137/2/2 4123/2/2 4138/2/2
f 4131/2/2 4132/2/2 4139/2/2
f 4139/2/2 4132/2/2 4140/2/2
f 4133/2/2 4134/2/2 4144/2/2
f 4144/2/2 4134/2/2 4145/2/2
f 4145/2/2 4134/2/2 4146/2/2
f 4141/2/2 4142/2/2 4147/2/2
f 4147/2/2 4142/2/2 4148/2/2
f 4143/2/2 4144/2/2 4149/2/2
f 4144/2/2 4145/2/2 4149/2/2
f 4149/2/2 4145/2/2 4150/2/2
f 4151/2/2 4152/2/2 4153/2/2
f 4153/2/2 4152/2/2 4154/2/2
f 4155/2/2 4156/2/2 4159/2/2
f 4159/2/2 4156/2/2 4160/2/2
f 4157/2/2 4158/2/2 4167/2/2
f 4167/2/2 4158/2/2 4168/2/2
f 4165/2/2 4166/2/2 4169/2/2
f 4169/2/2 4166/2/2 4170/2/2
f 4161/2/2 4162/2/2 4173/2/2
f 4173/2/2 4162/2/2 4174/2/2
f 4163/2/2 4164/2/2 4175/2/2
f 4175/2/2 4164/2/2 4176/2/2
f 4171/2/2 4172/2/2 4179/2/2
f 4179/2/2 4172/2/2 4180/2/2
f 4177/2/2 4178/2/2 4181/2/2
f 4181/2/2 4178/2/2 4182/2/2
f 4183/2/2 4184/2/2 4187/2/2
f 4187/2/2 4184/2/2 4188/2/2
f 4185/2/2 4186/2/2 4189/2/2
f 4189/2/2 4186/2/2 4190/2/2
f 4191/2/2 4192/2/2 4199/2/2
f 4199/2/2 4192/2/2 4200/2/2
f 4193/2/2 4194/2/2 4201/2/2
f 4201/2/2 4194/2/2 4202/2/2
f 4195/2/2 4196/2/2 4203/2/2
f 4203/2/2 4196/2/2 4204/2/2
f 4204/2/2 4196/2/2 4205/2/2
f 4204/2/2 4205/2/2 4210/2/2
f 4210/2/2 4205/2/2 4211/2/2
f 4206/2/2 4207/2/2 4212/2/2
f 4212/2/2 4207/2/2 4213/2/2
f 4208/2/2 4209/2/2 4214/2/2
f 4214/2/2 4209/2/2 4215/2/2
f 4197/2/2 4198/2/2 4217/2/2
f 4217/2/2 4198/2/2 4218/2/2
f 4216/2/2 4217/2/2 4223/2/2
f 4223/2/2 4217/2/2 4224/2/2
f 4219/2/2 4220/2/2 4225/2/2
f 4225/2/2 4220/2/2 4226/2/2
f 4221/2/2 4222/2/2 4230/2/2
f 4230/2/2 4222/2/2 4231/2/2
f 4227/2/2 4228/2/2 4232/2/2
f 4232/2/2 4228/2/2 4233/2/2
f 4229/2/2 4230/2/2 4234/2/2
f 4234/2/2 4230/2/2 4235/2/2
f 4236/2/2 4237/2/2 4238/2/2
f 4238/2/2 4237/2/2 4239/2/2
f 4240/2/2 4241/2/2 4242/2/2
f 4242/2/2 4241/2/2 4243/2/2
f 4244/2/2 4245/2/2 4254/2/2
f 4254/2/2 4245/2/2 4255/2/2
f 4252/2/2 4253/2/2 4256/2/2
f 4256/2/2 4253/2/2 4257/2/2
f 4246/2/2 4247/2/2 4258/2/2
f 4258/2/2 4247/2/2 4259/2/2
f 4248/2/2 4249/2/2 4261/2/2
f 4261/2/2 4249/2/2 4262/2/2
f 4262/2/2 4249/2/2 4263/2/2
f 4250/2/2 4251/2/2 4264/2/2
f 4264/2/2 4251/2/2 4265/2/2
f 4265/2/2 4251/2/2 4266/2/2
f 4252/2/2 4256/2/2 4267/2/2
f 4267/2/2 4256/2/2 4268/2/2
f 4259/2/2 4260/2/2 4275/2/2
f 4275/2/2 4260/2/2 4276/2/2
f 4271/2/2 4272/2/2 4279/2/2
f 4279/2/2 4272/2/2 4280/2/2
f 4273/2/2 4274/2/2 4282/2/2
f 4282/2/2 4274/2/2 4283/2/2
f 4277/2/2 4278/2/2 4284/2/2
f 4284/2/2 4278/2/2 4285/2/2
f 4269/2/2 4270/2/2 4288/2/2
f 4288/2/2 4270/2/2 4289/2/2
f 4286/2/2 4287/2/2 4290/2/2
f 4290/2/2 4287/2/2 4291/2/2
f 4280/2/2 4281/2/2 4292/2/2
f 4292/2/2 4281/2/2 4293/2/2
f 4293/2/2 4281/2/2 4294/2/2
f 4294/2/2 4295/2/2 4296/2/2
f 4293/2/2 4294/2/2 4296/2/2
f 4296/2/2 4295/2/2 4297/2/2
f 4302/2/2 4303/2/2 4305/2/2
f 4305/2/2 4303/2/2 4306/2/2
f 4298/2/2 4299/2/2 4309/2/2
f 4309/2/2 4299/2/2 4310/2/2
f 4300/2/2 4301/2/2 4311/2/2
f 4311/2/2 4301/2/2 4312/2/2
f 4304/2/2 4305/2/2 4314/2/2
f 4314/2/2 4305/2/2 4315/2/2
f 4307/2/2 4308/2/2 4316/2/2
f 4316/2/2 4308/2/2 4317/2/2
f 4312/2/2 4313/2/2 4322/2/2
f 4322/2/2 4313/2/2 4323/2/2
f 4318/2/2 4319/2/2 4328/2/2
f 4328/2/2 4319/2/2 4329/2/2
f 4320/2/2 4321/2/2 4330/2/2
f 4330/2/2 4321/2/2 4331/2/2
f 4332/2/2 4333/2/2 4334/2/2
f 4334/2/2 4333/2/2 4335/2/2
f 4324/2/2 4325/2/2 4336/2/2
f 4336/2/2 4325/2/2 4337/2/2
f 4326/2/2 4327/2/2 4338/2/2
f 4338/2/2 4327/2/2 4339/2/2
f 4340/2/2 4341/2/2 4342/2/2
f 4342/2/2 4341/2/2 4343/2/2
f 4344/2/2 4345/2/2 4346/2/2
f 4344/2/2 4346/2/2 4352/2/2
f 4352/2/2 4346/2/2 4353/2/2
f 4349/2/2 4350/2/2 4354/2/2
f 4354/2/2 4350/2/2 4355/2/2
f 4351/2/2 4352/2/2 4356/2/2
f 4356/2/2 4352/2/2 4357/2/2
f 4347/2/2 4348/2/2 4360/2/2
f 4360/2/2 4348/2/2 4361/2/2
f 4358/2/2 4359/2/2 4372/2/2
f 4372/2/2 4359/2/2 4373/2/2
f 4362/2/2 4363/2/2 4380/2/2
f 4380/2/2 4363/2/2 4381/2/2
f 4364/2/2 4365/2/2 4385/2/2
f 4385/2/2 4365/2/2 4386/2/2
f 4374/2/2 4375/2/2 4387/2/2
f 4387/2/2 4375/2/2 4388/2/2
f 4376/2/2 4377/2/2 4389/2/2
f 4389/2/2 4377/2/2 4390/2/2
f 4378/2/2 4379/2/2 4391/2/2
f 4391/2/2 4379/2/2 4392/2/2
f 4381/2/2 4382/2/2 4393/2/2
f 4393/2/2 4382/2/2 4394/2/2
f 4383/2/2 4384/2/2 4395/2/2
f 4395/2/2 4384/2/2 4396/2/2
f 4386/2/2 4365/2/2 4397/2/2
f 4397/2/2 4365/2/2 4398/2/2
f 4366/2/2 4367/2/2 4399/2/2
f 4399/2/2 4367/2/2 4400/2/2
f 4368/2/2 4369/2/2 4401/2/2
f 4401/2/2 4369/2/2 4402/2/2
f 4370/2/2 4371/2/2 4403/2/2
f 4403/2/2 4371/2/2 4404/2/2
f 4404/2/2 4371/2/2 4405/2/2
f 4403/2/2 4404/2/2 4406/2/2
f 4402/2/2 4403/2/2 4406/2/2
f 4406/2/2 4404/2/2 4407/2/2
f 4408/2/2 4409/2/2 4410/2/2
f 4410/2/2 4409/2/2 4411/2/2
f 4412/2/2 4413/2/2 4414/2/2
f 4414/2/2 4413/2/2 4415/2/2
f 4416/2/2 4417/2/2 4427/2/2
f 4427/2/2 4417/2/2 4428/2/2
f 4418/2/2 4419/2/2 4432/2/2
f 4432/2/2 4419/2/2 4433/2/2
f 4420/2/2 4421/2/2 4435/2/2
f 4435/2/2 4421/2/2 4436/2/2
f 4422/2/2 4423/2/2 4437/2/2
f 4437/2/2 4423/2/2 4438/2/2
f 4424/2/2 4425/2/2 4439/2/2
f 4439/2/2 4425/2/2 4440/2/2
f 4426/2/2 4427/2/2 4443/2/2
f 4427/2/2 4428/2/2 4443/2/2
f 4443/2/2 4428/2/2 4444/2/2
f 4429/2/2 4430/2/2 4446/2/2
f 4446/2/2 4430/2/2 4447/2/2
f 4441/2/2 4442/2/2 4449/2/2
f 4449/2/2 4442/2/2 4450/2/2
f 4447/2/2 4448/2/2 4451/2/2
f 4446/2/2 4447/2/2 4451/2/2
f 4445/2/2 4446/2/2 4451/2/2
f 4451/2/2 4448/2/2 4452/2/2
f 4433/2/2 4434/2/2 4453/2/2
f 4431/2/2 4432/2/2 4453/2/2
f 4432/2/2 4433/2/2 4453/2/2
f 4453/2/2 4434/2/2 4454/2/2
f 4435/2/2 4436/2/2 4455/2/2
f 4455/2/2 4436/2/2 4456/2/2
f 4452/2/2 4448/2/2 4461/2/2
f 4461/2/2 4448/2/2 4462/2/2
f 4457/2/2 4458/2/2 4463/2/2
f 4463/2/2 4458/2/2 4464/2/2
f 4459/2/2 4460/2/2 4465/2/2
f 4465/2/2 4460/2/2 4466/2/2
f 4467/2/2 4468/2/2 4469/2/2
f 4469/2/2 4468/2/2 4470/2/2
f 4471/2/2 4472/2/2 4475/2/2
f 4475/2/2 4472/2/2 4476/2/2
f 4473/2/2 4474/2/2 4477/2/2
f 4473/2/2 4477/2/2 4486/2/2
f 4477/2/2 4478/2/2 4486/2/2
f 4486/2/2 4478/2/2 4487/2/2
f 4485/2/2 4486/2/2 4492/2/2
f 4492/2/2 4486/2/2 4493/2/2
f 4487/2/2 4478/2/2 4494/2/2
f 4494/2/2 4478/2/2 4495/2/2
f 4495/2/2 4478/2/2 4496/2/2
f 4479/2/2 4480/2/2 4497/2/2
f 4497/2/2 4480/2/2 4498/2/2
f 4481/2/2 4482/2/2 4500/2/2
f 4500/2/2 4482/2/2 4501/2/2
f 4483/2/2 4484/2/2 4502/2/2
f 4502/2/2 4484/2/2 4503/2/2
f 4488/2/2 4489/2/2 4504/2/2
f 4504/2/2 4489/2/2 4505/2/2
f 4490/2/2 4491/2/2 4506/2/2
f 4506/2/2 4491/2/2 4507/2/2
f 4495/2/2 4496/2/2 4508/2/2
f 4496/2/2 4497/2/2 4508/2/2
f 4508/2/2 4497/2/2 4509/2/2
f 4499/2/2 4500/2/2 4510/2/2
f 4510/2/2 4500/2/2 4511/2/2
f 4513/2/2 4514/2/2 4515/2/2
f 4512/2/2 4513/2/2 4515/2/2
f 4515/2/2 4514/2/2 4516/2/2
f 4517/2/2 4518/2/2 4522/2/2
f 4522/2/2 4518/2/2 4523/2/2
f 4523/2/2 4518/2/2 4524/2/2
f 4524/2/2 4518/2/2 4525/2/2
f 4519/2/2 4520/2/2 4526/2/2
f 4526/2/2 4520/2/2 4527/2/2
f 4521/2/2 4522/2/2 4528/2/2
f 4528/2/2 4522/2/2 4529/2/2
f 4523/2/2 4524/2/2 4530/2/2
f 4530/2/2 4524/2/2 4531/2/2
f 4532/2/2 4533/2/2 4536/2/2
f 4536/2/2 4533/2/2 4537/2/2
f 4534/2/2 4535/2/2 4542/2/2
f 4542/2/2 4535/2/2 4543/2/2
f 4544/2/2 4545/2/2 4549/2/2
f 4545/2/2 4546/2/2 4549/2/2
f 4549/2/2 4546/2/2 4550/2/2
f 4547/2/2 4548/2/2 4551/2/2
f 4551/2/2 4548/2/2 4552/2/2
f 4538/2/2 4539/2/2 4553/2/2
f 4553/2/2 4539/2/2 4554/2/2
f 4540/2/2 4541/2/2 4555/2/2
f 4555/2/2 4541/2/2 4556/2/2
f 4544/2/2 4549/2/2 4559/2/2
f 4559/2/2 4549/2/2 4560/2/2
f 4557/2/2 4558/2/2 4563/2/2
f 4563/2/2 4558/2/2 4564/2/2
f 4561/2/2 4562/2/2 4565/2/2
f 4565/2/2 4562/2/2 4566/2/2
f 4567/2/2 4568/2/2 4575/2/2
f 4575/2/2 4568/2/2 4576/2/2
f 4570/2/2 4571/2/2 4577/2/2
f 4569/2/2 4570/2/2 4577/2/2
f 4577/2/2 4571/2/2 4578/2/2
f 4572/2/2 4573/2/2 4579/2/2
f 4579/2/2 4573/2/2 4580/2/2
f 4574/2/2 4575/2/2 4581/2/2
f 4581/2/2 4575/2/2 4582/2/2
f 4583/2/2 4584/2/2 4587/2/2
f 4587/2/2 4584/2/2 4588/2/2
f 4585/2/2 4586/2/2 4590/2/2
f 4590/2/2 4586/2/2 4591/2/2
f 4588/2/2 4589/2/2 4592/2/2
f 4592/2/2 4593/2/2 4598/2/2
f 4588/2/2 4592/2/2 4598/2/2
f 4598/2/2 4593/2/2 4599/2/2
f 4594/2/2 4595/2/2 4602/2/2
f 4602/2/2 4595/2/2 4603/2/2
f 4596/2/2 4597/2/2 4605/2/2
f 4605/2/2 4597/2/2 4606/2/2
f 4604/2/2 4605/2/2 4611/2/2
f 4611/2/2 4605/2/2 4612/2/2
f 4606/2/2 4607/2/2 4613/2/2
f 4613/2/2 4607/2/2 4614/2/2
f 4600/2/2 4601/2/2 4615/2/2
f 4615/2/2 4601/2/2 4616/2/2
f 4608/2/2 4609/2/2 4617/2/2
f 4617/2/2 4609/2/2 4618/2/2
f 4610/2/2 4611/2/2 4619/2/2
f 4619/2/2 4611/2/2 4620/2/2
f 4621/2/2 4622/2/2 4629/2/2
f 4629/2/2 4622/2/2 4630/2/2
f 4623/2/2 4624/2/2 4631/2/2
f 4631/2/2 4624/2/2 4632/2/2
f 4625/2/2 4626/2/2 4633/2/2
f 4633/2/2 4626/2/2 4634/2/2
f 4627/2/2 4628/2/2 4636/2/2
f 4636/2/2 4628/2/2 4637/2/2
f 4635/2/2 4636/2/2 4638/2/2
f 4638/2/2 4636/2/2 4639/2/2
f 4640/2/2 4641/2/2 4642/2/2
f 4642/2/2 4641/2/2 4643/2/2
f 4643/2/2 4644/2/2 4649/2/2
f 4649/2/2 4644/2/2 4650/2/2
f 4650/2/2 4644/2/2 4651/2/2
f 4645/2/2 4646/2/2 4653/2/2
f 4653/2/2 4646/2/2 4654/2/2
f 4647/2/2 4648/2/2 4659/2/2
f 4659/2/2 4648/2/2 4660/2/2
f 4651/2/2 4652/2/2 4661/2/2
f 4650/2/2 4651/2/2 4661/2/2
f 4661/2/2 4652/2/2 4662/2/2
f 4662/2/2 4652/2/2 4663/2/2
f 4663/2/2 4652/2/2 4664/2/2
f 4655/2/2 4656/2/2 4666/2/2
f 4666/2/2 4656/2/2 4667/2/2
f 4657/2/2 4658/2/2 4668/2/2
f 4668/2/2 4658/2/2 4669/2/2
f 4665/2/2 4666/2/2 4671/2/2
f 4671/2/2 4666/2/2 4672/2/2
f 4669/2/2 4670/2/2 4673/2/2
f 4673/2/2 4670/2/2 4674/2/2
f 4662/2/2 4663/2/2 4675/2/2
f 4675/2/2 4663/2/2 4676/2/2
f 4677/2/2 4678/2/2 4679/2/2
f 4679/2/2 4678/2/2 4680/2/2
f 4681/2/2 4682/2/2 4690/2/2
f 4690/2/2 4682/2/2 4691/2/2
f 4684/2/2 4685/2/2 4692/2/2
f 4683/2/2 4684/2/2 4692/2/2
f 4692/2/2 4685/2/2 4693/2/2
f 4686/2/2 4687/2/2 4694/2/2
f 4694/2/2 4687/2/2 4695/2/2
f 4688/2/2 4689/2/2 4696/2/2
f 4696/2/2 4689/2/2 4697/2/2
f 4698/2/2 4699/2/2 4700/2/2
f 4700/2/2 4699/2/2 4701/2/2
f 4702/2/2 4703/2/2 4708/2/2
f 4704/2/2 4705/2/2 4709/2/2
f 4709/2/2 4705/2/2 4710/2/2
f 4706/2/2 4707/2/2 4716/2/2
f 4716/2/2 4707/2/2 4717/2/2
f 4708/2/2 4703/2/2 4718/2/2
f 4718/2/2 4703/2/2 4719/2/2
f 4715/2/2 4716/2/2 4720/2/2
f 4720/2/2 4716/2/2 4721/2/2
f 4711/2/2 4712/2/2 4722/2/2
f 4722/2/2 4712/2/2 4723/2/2
f 4713/2/2 4714/2/2 4724/2/2
f 4724/2/2 4714/2/2 4725/2/2
f 4726/2/2 4727/2/2 4732/2/2
f 4732/2/2 4727/2/2 4733/2/2
f 4728/2/2 4729/2/2 4734/2/2
f 4734/2/2 4729/2/2 4735/2/2
f 4730/2/2 4731/2/2 4737/2/2
f 4737/2/2 4731/2/2 4738/2/2
f 4736/2/2 4737/2/2 4739/2/2
f 4739/2/2 4737/2/2 4740/2/2
f 4741/2/2 4742/2/2 4743/2/2
f 4743/2/2 4742/2/2 4744/2/2
f 4745/2/2 4746/2/2 4749/2/2
f 4747/2/2 4748/2/2 4750/2/2
f 4750/2/2 4748/2/2 4751/2/2
f 4751/2/2 4748/2/2 4752/2/2
f 4745/2/2 4749/2/2 4759/2/2
f 4749/2/2 4750/2/2 4759/2/2
f 4750/2/2 4751/2/2 4759/2/2
f 4759/2/2 4751/2/2 4760/2/2
f 4753/2/2 4754/2/2 4762/2/2
f 4762/2/2 4754/2/2 4763/2/2
f 4755/2/2 4756/2/2 4764/2/2
f 4764/2/2 4756/2/2 4765/2/2
f 4757/2/2 4758/2/2 4766/2/2
f 4766/2/2 4758/2/2 4767/2/2
f 4761/2/2 4762/2/2 4768/2/2
f 4768/2/2 4762/2/2 4769/2/2
f 4770/2/2 4771/2/2 4774/2/2
f 4772/2/2 4773/2/2 4775/2/2
f 4775/2/2 4773/2/2 4776/2/2
f 4770/2/2 4774/2/2 4777/2/2
f 4777/2/2 4774/2/2 4778/2/2
f 4779/1/2 4780/1/2 4781/1/2
f 4781/1/2 4780/1/2 4782/1/2
f 4783/2/2 4784/2/2 4785/2/2
f 4785/2/2 4784/2/2 4786/2/2
f 4787/2/2 4788/2/2 4791/2/2
f 4791/2/2 4788/2/2 4792/2/2
f 4793/2/2 4794/2/2 4795/2/2
f 4789/2/2 4790/2/2 4796/2/2
f 4796/2/2 4790/2/2 4797/2/2
f 4795/2/2 4794/2/2 4803/2/2
f 4803/2/2 4794/2/2 4804/2/2
f 4798/2/2 4799/2/2 4805/2/2
f 4805/2/2 4799/2/2 4806/2/2
f 4802/2/2 4803/2/2 4809/2/2
f 4809/2/2 4803/2/2 4810/2/2
f 4800/2/2 4801/2/2 4814/2/2
f 4814/2/2 4801/2/2 4815/2/2
f 4807/2/2 4808/2/2 4819/2/2
f 4819/2/2 4808/2/2 4820/2/2
f 4811/2/2 4812/2/2 4823/2/2
f 4823/2/2 4812/2/2 4824/2/2
f 4815/2/2 4816/2/2 4825/2/2
f 4813/2/2 4814/2/2 4825/2/2
f 4814/2/2 4815/2/2 4825/2/2
f 4825/2/2 4816/2/2 4826/2/2
f 4826/2/2 4816/2/2 4827/2/2
f 4821/2/2 4822/2/2 4828/2/2
f 4828/2/2 4822/2/2 4829/2/2
f 4825/2/2 4826/2/2 4830/2/2
f 4830/2/2 4826/2/2 4831/2/2
f 4817/2/2 4818/2/2 4836/2/2
f 4836/2/2 4818/2/2 4837/2/2
f 4832/2/2 4833/2/2 4838/2/2
f 4838/2/2 4833/2/2 4839/2/2
f 4834/2/2 4835/2/2 4840/2/2
f 4840/2/2 4835/2/2 4841/2/2
f 4839/2/2 4833/2/2 4842/2/2
f 4842/2/2 4833/2/2 4843/2/2
f 4844/2/2 4845/2/2 4846/2/2
f 4846/2/2 4845/2/2 4847/2/2
f 4848/2/2 4849/2/2 4850/2/2
f 4850/2/2 4849/2/2 4851/2/2
f 4852/2/2 4853/2/2 4856/2/2
f 4856/2/2 4853/2/2 4857/2/2
f 4854/2/2 4855/2/2 4858/2/2
f 4858/2/2 4855/2/2 4859/2/2
f 4860/2/2 4861/2/2 4864/2/2
f 4864/2/2 4861/2/2 4865/2/2
f 4862/2/2 4863/2/2 4875/2/2
f 4868/2/2 4869/2/2 4876/2/2
f 4870/2/2 4871/2/2 4877/2/2
f 4877/2/2 4871/2/2 4878/2/2
f 4872/2/2 4873/2/2 4879/2/2
f 4879/2/2 4873/2/2 4880/2/2
f 4874/2/2 4875/2/2 4881/2/2
f 4875/2/2 4863/2/2 4882/2/2
f 4881/2/2 4875/2/2 4882/2/2
f 4866/2/2 4867/2/2 4883/2/2
f 4868/2/2 4876/2/2 4884/2/2
f 4884/2/2 4876/2/2 4885/2/2
f 4866/2/2 4883/2/2 4886/2/2
f 4883/2/2 4884/2/2 4886/2/2
f 4886/2/2 4884/2/2 4887/2/2
f 4888/1/2 4889/1/2 4890/1/2
f 4890/1/2 4889/1/2 4891/1/2
f 4892/2/2 4893/2/2 4894/2/2
f 4892/2/2 4894/2/2 4895/2/2
f 4895/2/2 4894/2/2 4896/2/2
f 4896/2/2 4897/2/2 4898/2/2
f 4898/2/2 4897/2/2 4899/2/2
f 4900/2/2 4901/2/2 4906/2/2
f 4906/2/2 4901/2/2 4907/2/2
f 4902/2/2 4903/2/2 4908/2/2
f 4908/2/2 4903/2/2 4909/2/2
f 4904/2/2 4905/2/2 4912/2/2
f 4912/2/2 4905/2/2 4913/2/2
f 4910/2/2 4911/2/2 4916/2/2
f 4916/2/2 4911/2/2 4917/2/2
f 4915/2/2 4916/2/2 4921/2/2
f 4916/2/2 4917/2/2 4921/2/2
f 4917/2/2 4918/2/2 4921/2/2
f 4921/2/2 4918/2/2 4922/2/2
f 4913/2/2 4914/2/2 4924/2/2
f 4924/2/2 4914/2/2 4925/2/2
f 4919/2/2 4920/2/2 4928/2/2
f 4928/2/2 4920/2/2 4929/2/2
f 4922/2/2 4923/2/2 4930/2/2
f 4926/2/2 4927/2/2 4931/2/2
f 4931/2/2 4927/2/2 4932/2/2
f 4922/2/2 4930/2/2 4933/2/2
f 4933/2/2 4930/2/2 4934/2/2
f 4935/1/2 4936/1/2 4939/1/2
f 4939/1/2 4936/1/2 4940/1/2
f 4937/1/2 4938/1/2 4941/1/2
f 4941/1/2 4938/1/2 4942/1/2
f 4943/1/2 4944/1/2 4945/1/2
f 4945/1/2 4944/1/2 4946/1/2
f 4947/2/2 4948/2/2 4949/2/2
f 4949/2/2 4948/2/2 4950/2/2
f 4950/2/2 4951/2/2 4954/2/2
f 4952/1/2 4953/1/2 4956/1/2
f 4956/1/2 4953/1/2 4957/1/2
f 4954/2/2 4955/2/2 4958/2/2
f 4950/2/2 4954/2/2 4958/2/2
f 4958/2/2 4955/2/2 4959/2/2
f 4959/2/2 4955/2/2 4960/2/2
f 4960/2/2 4955/2/2 4961/2/2
f 4962/2/2 4963/2/2 4966/2/2
f 4966/2/2 4963/2/2 4967/2/2
f 4968/2/2 4969/2/2 4972/2/2
f 4972/2/2 4969/2/2 4973/2/2
f 4964/2/2 4965/2/2 4978/2/2
f 4978/2/2 4965/2/2 4979/2/2
f 4974/2/2 4975/2/2 4983/2/2
f 4983/2/2 4975/2/2 4984/2/2
f 4976/2/2 4977/2/2 4985/2/2
f 4985/2/2 4977/2/2 4986/2/2
f 4980/2/2 4981/2/2 4987/2/2
f 4970/2/2 4971/2/2 4988/2/2
f 4988/2/2 4971/2/2 4989/2/2
f 4987/2/2 4981/2/2 4996/2/2
f 4996/2/2 4981/2/2 4997/2/2
f 4982/2/2 4983/2/2 4998/2/2
f 4998/2/2 4983/2/2 4999/2/2
f 4990/2/2 4991/2/2 5006/2/2
f 5006/2/2 4991/2/2 5007/2/2
f 4992/2/2 4993/2/2 5008/2/2
f 5008/2/2 4993/2/2 5009/2/2
f 4994/2/2 4995/2/2 5010/2/2
f 5010/2/2 4995/2/2 5011/2/2
f 5000/2/2 5001/2/2 5013/2/2
f 5013/2/2 5001/2/2 5014/2/2
f 5002/2/2 5003/2/2 5017/2/2
f 5017/2/2 5003/2/2 5018/2/2
f 5004/2/2 5005/2/2 5021/2/2
f 5021/2/2 5005/2/2 5022/2/2
f 5012/2/2 5013/2/2 5025/2/2
f 5025/2/2 5013/2/2 5026/2/2
f 5015/2/2 5016/2/2 5027/2/2
f 5027/2/2 5016/2/2 5028/2/2
f 5019/2/2 5020/2/2 5029/2/2
f 5029/2/2 5020/2/2 5030/2/2
f 5023/2/2 5024/2/2 5031/2/2
f 5031/2/2 5024/2/2 5032/2/2
f 5032/2/2 5024/2/2 5033/2/2
f 5033/2/2 5034/2/2 5035/2/2
f 5032/2/2 5033/2/2 5035/2/2
f 5035/2/2 5034/2/2 5036/2/2
f 5037/1/2 5038/1/2 5041/1/2
f 5041/1/2 5038/1/2 5042/1/2
f 5039/1/2 5040/1/2 5044/1/2
f 5044/1/2 5040/1/2 5045/1/2
f 5043/1/2 5044/1/2 5046/1/2
f 5046/1/2 5044/1/2 5047/1/2
f 5048/1/2 5049/1/2 5050/1/2
f 5050/1/2 5049/1/2 5051/1/2
f 5052/1/2 5053/1/2 5054/1/2
f 5054/1/2 5053/1/2 5055/1/2
f 5056/1/2 5057/1/2 5058/1/2
f 5058/1/2 5057/1/2 5059/1/2
f 5062/2/2 5063/2/2 5064/2/2
f 5064/2/2 5063/2/2 5065/2/2
f 5060/2/2 5061/2/2 5066/2/2
f 5066/2/2 5061/2/2 5067/2/2
f 5068/2/2 5069/2/2 5074/2/2
f 5074/2/2 5069/2/2 5075/2/2
f 5070/2/2 5071/2/2 5078/2/2
f 5078/2/2 5071/2/2 5079/2/2
f 5072/2/2 5073/2/2 5081/2/2
f 5081/2/2 5073/2/2 5082/2/2
f 5076/2/2 5077/2/2 5083/2/2
f 5083/2/2 5077/2/2 5084/2/2
f 5084/2/2 5077/2/2 5089/2/2
f 5089/2/2 5077/2/2 5090/2/2
f 5080/2/2 5081/2/2 5093/2/2
f 5093/2/2 5081/2/2 5094/2/2
f 5097/2/2 5098/2/2 5101/2/2
f 5101/2/2 5098/2/2 5102/2/2
f 5085/2/2 5086/2/2 5103/2/2
f 5103/2/2 5086/2/2 5104/2/2
f 5087/2/2 5088/2/2 5106/2/2
f 5106/2/2 5088/2/2 5107/2/2
f 5095/2/2 5096/2/2 5108/2/2
f 5108/2/2 5096/2/2 5109/2/2
f 5099/2/2 5100/2/2 5110/2/2
f 5110/2/2 5100/2/2 5111/2/2
f 5091/2/2 5092/2/2 5115/2/2
f 5115/2/2 5092/2/2 5116/2/2
f 5104/2/2 5105/2/2 5117/2/2
f 5117/2/2 5105/2/2 5118/2/2
f 5112/2/2 5113/2/2 5123/2/2
f 5123/2/2 5113/2/2 5124/2/2
f 5114/2/2 5115/2/2 5126/2/2
f 5126/2/2 5115/2/2 5127/2/2
f 5119/2/2 5120/2/2 5128/2/2
f 5128/2/2 5120/2/2 5129/2/2
f 5121/2/2 5122/2/2 5130/2/2
f 5130/2/2 5122/2/2 5131/2/2
f 5124/2/2 5125/2/2 5132/2/2
f 5132/2/2 5125/2/2 5133/2/2
f 5134/2/2 5135/2/2 5136/2/2
f 5136/2/2 5135/2/2 5137/2/2
f 5138/1/2 5139/1/2 5141/1/2
f 5141/1/2 5139/1/2 5142/1/2
f 5140/1/2 5141/1/2 5143/1/2
f 5143/1/2 5141/1/2 5144/1/2
f 5145/1/2 5146/1/2 5147/1/2
f 5147/1/2 5146/1/2 5148/1/2
f 5149/1/2 5150/1/2 5151/1/2
f 5151/1/2 5150/1/2 5152/1/2
f 5153/1/2 5154/1/2 5155/1/2
f 5155/1/2 5154/1/2 5156/1/2
f 5157/1/2 5158/1/2 5159/1/2
f 5159/1/2 5158/1/2 5160/1/2
f 5161/1/2 5162/1/2 5165/1/2
f 5165/1/2 5162/1/2 5166/1/2
f 5163/2/2 5164/2/2 5167/2/2
f 5163/2/2 5167/2/2 5169/2/2
f 5167/2/2 5168/2/2 5169/2/2
f 5169/2/2 5168/2/2 5170/2/2
f 5170/2/2 5168/2/2 5173/2/2
f 5173/2/2 5168/2/2 5174/2/2
f 5171/2/2 5172/2/2 5176/2/2
f 5176/2/2 5172/2/2 5177/2/2
f 5174/2/2 5175/2/2 5180/2/2
f 5180/2/2 5175/2/2 5181/2/2
f 5178/2/2 5179/2/2 5187/2/2
f 5187/2/2 5179/2/2 5188/2/2
f 5182/2/2 5183/2/2 5189/2/2
f 5189/2/2 5183/2/2 5190/2/2
f 5174/2/2 5180/2/2 5191/2/2
f 5191/2/2 5180/2/2 5192/2/2
f 5184/2/2 5185/2/2 5197/2/2
f 5197/2/2 5185/2/2 5198/2/2
f 5186/2/2 5187/2/2 5199/2/2
f 5199/2/2 5187/2/2 5200/2/2
f 5195/2/2 5196/2/2 5202/2/2
f 5202/2/2 5196/2/2 5203/2/2
f 5203/2/2 5204/2/2 5207/2/2
f 5193/2/2 5194/2/2 5209/2/2
f 5209/2/2 5194/2/2 5210/2/2
f 5201/2/2 5202/2/2 5211/2/2
f 5211/2/2 5202/2/2 5212/2/2
f 5207/2/2 5208/2/2 5213/2/2
f 5203/2/2 5207/2/2 5213/2/2
f 5213/2/2 5208/2/2 5214/2/2
f 5205/2/2 5206/2/2 5215/2/2
f 5215/2/2 5206/2/2 5216/2/2
f 5217/2/2 5218/2/2 5219/2/2
f 5219/2/2 5218/2/2 5220/2/2
f 5221/2/2 5222/2/2 5225/2/2
f 5225/2/2 5222/2/2 5226/2/2
f 5223/2/2 5224/2/2 5231/2/2
f 5231/2/2 5224/2/2 5232/2/2
f 5227/2/2 5228/2/2 5235/2/2
f 5235/2/2 5228/2/2 5236/2/2
f 5229/2/2 5230/2/2 5237/2/2
f 5237/2/2 5230/2/2 5238/2/2
f 5233/2/2 5234/2/2 5239/2/2
f 5239/2/2 5234/2/2 5240/2/2
f 5241/1/2 5242/1/2 5243/1/2
f 5243/1/2 5242/1/2 5244/1/2
f 5245/1/2 5246/1/2 5247/1/2
f 5247/1/2 5246/1/2 5248/1/2
f 5249/1/2 5250/1/2 5253/1/2
f 5253/1/2 5250/1/2 5254/1/2
f 5251/1/2 5252/1/2 5255/1/2
f 5255/1/2 5252/1/2 5256/1/2
f 5257/1/2 5258/1/2 5260/1/2
f 5260/1/2 5258/1/2 5261/1/2
f 5259/1/2 5260/1/2 5262/1/2
f 5262/1/2 5260/1/2 5263/1/2
f 5264/1/2 5265/1/2 5266/1/2
f 5264/1/2 5266/1/2 5268/1/2
f 5266/1/2 5267/1/2 5268/1/2
f 5268/1/2 5267/1/2 5269/1/2
f 5270/1/2 5271/1/2 5272/1/2
f 5272/1/2 5271/1/2 5273/1/2
f 5269/1/2 5267/1/2 5274/1/2
f 5274/1/2 5267/1/2 5275/1/2
f 5275/1/2 5267/1/2 5276/1/2
f 5277/1/2 5278/1/2 5279/1/2
f 5279/1/2 5278/1/2 5280/1/2
f 5281/1/2 5282/1/2 5283/1/2
f 5283/1/2 5282/1/2 5284/1/2
f 5285/1/2 5286/1/2 5287/1/2
f 5287/1/2 5286/1/2 5288/1/2
f 5289/1/2 5290/1/2 5291/1/2
f 5291/1/2 5290/1/2 5292/1/2
f 5293/1/2 5294/1/2 5295/1/2
f 5295/1/2 5294/1/2 5296/1/2
f 5297/1/2 5298/1/2 5300/1/2
f 5300/1/2 5298/1/2 5301/1/2
f 5299/1/2 5300/1/2 5302/1/2
f 5302/1/2 5300/1/2 5303/1/2
f 5304/2/2 5305/2/2 5310/2/2
f 5310/2/2 5305/2/2 5311/2/2
f 5306/2/2 5307/2/2 5313/2/2
f 5313/2/2 5307/2/2 5314/2/2
f 5308/2/2 5309/2/2 5319/2/2
f 5319/2/2 5309/2/2 5320/2/2
f 5311/2/2 5312/2/2 5321/2/2
f 5321/2/2 5312/2/2 5322/2/2
f 5315/2/2 5316/2/2 5327/2/2
f 5327/2/2 5316/2/2 5328/2/2
f 5317/2/2 5318/2/2 5331/2/2
f 5331/2/2 5318/2/2 5332/2/2
f 5323/2/2 5324/2/2 5336/2/2
f 5336/2/2 5324/2/2 5337/2/2
f 5325/2/2 5326/2/2 5338/2/2
f 5338/2/2 5326/2/2 5339/2/2
f 5334/2/2 5335/2/2 5340/2/2
f 5329/2/2 5330/2/2 5342/2/2
f 5342/2/2 5330/2/2 5343/2/2
f 5332/2/2 5333/2/2 5344/2/2
f 5344/2/2 5333/2/2 5345/2/2
f 5340/2/2 5341/2/2 5348/2/2
f 5334/2/2 5340/2/2 5348/2/2
f 5348/2/2 5341/2/2 5349/2/2
f 5349/2/2 5341/2/2 5350/2/2
f 5346/2/2 5347/2/2 5353/2/2
f 5353/2/2 5347/2/2 5354/2/2
f 5349/2/2 5350/2/2 5356/2/2
f 5356/2/2 5350/2/2 5357/2/2
f 5357/2/2 5358/2/2 5363/2/2
f 5363/2/2 5358/2/2 5364/2/2
f 5355/2/2 5356/2/2 5370/2/2
f 5370/2/2 5356/2/2 5371/2/2
f 5364/2/2 5365/2/2 5372/2/2
f 5372/2/2 5365/2/2 5373/2/2
f 5359/2/2 5360/2/2 5374/2/2
f 5374/2/2 5360/2/2 5375/2/2
f 5361/2/2 5362/2/2 5376/2/2
f 5376/2/2 5362/2/2 5377/2/2
f 5351/2/2 5352/2/2 5380/2/2
f 5380/2/2 5352/2/2 5381/2/2
f 5366/2/2 5367/2/2 5384/2/2
f 5384/2/2 5367/2/2 5385/2/2
f 5368/2/2 5369/2/2 5388/2/2
f 5388/2/2 5369/2/2 5389/2/2
f 5378/2/2 5379/2/2 5394/2/2
f 5394/2/2 5379/2/2 5395/2/2
f 5382/2/2 5383/2/2 5398/2/2
f 5398/2/2 5383/2/2 5399/2/2
f 5386/2/2 5387/2/2 5401/2/2
f 5401/2/2 5387/2/2 5402/2/2
f 5392/2/2 5393/2/2 5403/2/2
f 5403/2/2 5393/2/2 5404/2/2
f 5396/2/2 5397/2/2 5408/2/2
f 5408/2/2 5397/2/2 5409/2/2
f 5390/2/2 5391/2/2 5410/2/2
f 5410/2/2 5391/2/2 5411/2/2
f 5400/2/2 5401/2/2 5413/2/2
f 5413/2/2 5401/2/2 5414/2/2
f 5414/2/2 5401/2/2 5415/2/2
f 5404/2/2 5405/2/2 5416/2/2
f 5416/2/2 5405/2/2 5417/2/2
f 5406/2/2 5407/2/2 5418/2/2
f 5418/2/2 5407/2/2 5419/2/2
f 5413/2/2 5414/2/2 5420/2/2
f 5412/2/2 5413/2/2 5420/2/2
f 5420/2/2 5414/2/2 5421/2/2
f 5422/1/2 5423/1/2 5424/1/2
f 5424/1/2 5423/1/2 5425/1/2
f 5426/1/2 5427/1/2 5429/1/2
f 5429/1/2 5427/1/2 5430/1/2
f 5428/1/2 5429/1/2 5431/1/2
f 5431/1/2 5429/1/2 5432/1/2
f 5433/1/2 5434/1/2 5435/1/2
f 5435/1/2 5434/1/2 5436/1/2
f 5436/1/2 5434/1/2 5437/1/2
f 5437/1/2 5434/1/2 5438/1/2
f 5438/1/2 5434/1/2 5439/1/2
f 5438/1/2 5439/1/2 5442/1/2
f 5439/1/2 5440/1/2 5442/1/2
f 5442/1/2 5440/1/2 5443/1/2
f 5443/1/2 5440/1/2 5444/1/2
f 5444/1/2 5440/1/2 5445/1/2
f 5441/1/2 5442/1/2 5446/1/2
f 5446/1/2 5447/1/2 5450/1/2
f 5441/1/2 5446/1/2 5450/1/2
f 5450/1/2 5447/1/2 5451/1/2
f 5451/1/2 5447/1/2 5452/1/2
f 5452/1/2 5447/1/2 5453/1/2
f 5448/1/2 5449/1/2 5454/1/2
f 5454/1/2 5449/1/2 5455/1/2
f 5456/1/2 5457/1/2 5458/1/2
f 5458/1/2 5457/1/2 5459/1/2
f 5460/1/2 5461/1/2 5462/1/2
f 5462/1/2 5461/1/2 5463/1/2
f 5464/1/2 5465/1/2 5466/1/2
f 5466/1/2 5465/1/2 5467/1/2
f 5468/1/2 5469/1/2 5470/1/2
f 5470/1/2 5469/1/2 5471/1/2
f 5472/2/2 5473/2/2 5474/2/2
f 5474/2/2 5473/2/2 5476/2/2
f 5476/2/2 5473/2/2 5477/2/2
f 5475/2/2 5476/2/2 5483/2/2
f 5483/2/2 5476/2/2 5484/2/2
f 5480/1/2 5481/1/2 5485/1/2
f 5485/1/2 5481/1/2 5486/1/2
f 5478/1/2 5479/1/2 5488/1/2
f 5488/1/2 5479/1/2 5489/1/2
f 5482/2/2 5483/2/2 5493/2/2
f 5493/2/2 5483/2/2 5494/2/2
f 5490/1/2 5491/1/2 5495/1/2
f 5495/1/2 5491/1/2 5496/1/2
f 5487/2/2 5488/2/2 5497/2/2
f 5497/2/2 5488/2/2 5498/2/2
f 5492/2/2 5493/2/2 5501/2/2
f 5501/2/2 5493/2/2 5502/2/2
f 5499/2/2 5500/2/2 5509/2/2
f 5509/2/2 5500/2/2 5510/2/2
f 5503/2/2 5504/2/2 5513/2/2
f 5513/2/2 5504/2/2 5514/2/2
f 5505/2/2 5506/2/2 5516/2/2
f 5516/2/2 5506/2/2 5517/2/2
f 5511/1/2 5512/1/2 5518/1/2
f 5518/1/2 5512/1/2 5519/1/2
f 5507/2/2 5508/2/2 5520/2/2
f 5520/2/2 5508/2/2 5521/2/2
f 5514/2/2 5515/2/2 5526/2/2
f 5524/2/2 5525/2/2 5532/2/2
f 5532/2/2 5525/2/2 5533/2/2
f 5522/2/2 5523/2/2 5536/2/2
f 5536/2/2 5523/2/2 5537/2/2
f 5514/2/2 5526/2/2 5540/2/2
f 5526/2/2 5527/2/2 5540/2/2
f 5540/2/2 5527/2/2 5541/2/2
f 5528/2/2 5529/2/2 5543/2/2
f 5543/2/2 5529/2/2 5544/2/2
f 5530/2/2 5531/2/2 5547/2/2
f 5547/2/2 5531/2/2 5548/2/2
f 5538/2/2 5539/2/2 5549/2/2
f 5549/2/2 5539/2/2 5550/2/2
f 5534/2/2 5535/2/2 5551/2/2
f 5551/2/2 5535/2/2 5552/2/2
f 5542/2/2 5543/2/2 5553/2/2
f 5553/2/2 5543/2/2 5554/2/2
f 5545/2/2 5546/2/2 5558/2/2
f 5558/2/2 5546/2/2 5559/2/2
f 5560/2/2 5561/2/2 5566/2/2
f 5566/2/2 5561/2/2 5567/2/2
f 5562/2/2 5563/2/2 5568/2/2
f 5568/2/2 5563/2/2 5569/2/2
f 5554/2/2 5555/2/2 5570/2/2
f 5570/2/2 5555/2/2 5571/2/2
f 5556/2/2 5557/2/2 5572/2/2
f 5572/2/2 5557/2/2 5573/2/2
f 5564/2/2 5565/2/2 5574/2/2
f 5574/2/2 5565/2/2 5575/2/2
f 5576/2/2 5577/2/2 5580/2/2
f 5580/2/2 5577/2/2 5581/2/2
f 5578/2/2 5579/2/2 5582/2/2
f 5582/2/2 5579/2/2 5583/2/2
f 5584/1/2 5585/1/2 5586/1/2
f 5586/1/2 5585/1/2 5587/1/2
f 5590/1/2 5591/1/2 5594/1/2
f 5594/1/2 5591/1/2 5595/1/2
f 5588/1/2 5589/1/2 5596/1/2
f 5596/1/2 5589/1/2 5597/1/2
f 5597/1/2 5598/1/2 5599/1/2
f 5599/1/2 5598/1/2 5600/1/2
f 5592/1/2 5593/1/2 5604/1/2
f 5604/1/2 5593/1/2 5605/1/2
f 5601/1/2 5602/1/2 5606/1/2
f 5606/1/2 5602/1/2 5607/1/2
f 5603/1/2 5604/1/2 5608/1/2
f 5608/1/2 5604/1/2 5609/1/2
f 5610/1/2 5611/1/2 5614/1/2
f 5614/1/2 5611/1/2 5615/1/2
f 5612/1/2 5613/1/2 5617/1/2
f 5616/1/2 5617/1/2 5618/1/2
f 5618/1/2 5617/1/2 5619/1/2
f 5619/1/2 5617/1/2 5620/1/2
f 5617/1/2 5613/1/2 5621/1/2
f 5620/1/2 5617/1/2 5621/1/2
f 5622/1/2 5623/1/2 5624/1/2
f 5622/1/2 5624/1/2 5626/1/2
f 5624/1/2 5625/1/2 5626/1/2
f 5626/1/2 5625/1/2 5627/1/2
f 5627/1/2 5625/1/2 5628/1/2
f 5628/1/2 5625/1/2 5629/1/2
f 5629/1/2 5625/1/2 5630/1/2
f 5627/1/2 5628/1/2 5632/1/2
f 5632/1/2 5628/1/2 5633/1/2
f 5629/1/2 5630/1/2 5634/1/2
f 5630/1/2 5631/1/2 5634/1/2
f 5634/1/2 5631/1/2 5635/1/2
f 5635/1/2 5636/1/2 5639/1/2
f 5639/1/2 5636/1/2 5640/1/2
f 5637/1/2 5638/1/2 5643/1/2
f 5643/1/2 5638/1/2 5644/1/2
f 5641/1/2 5642/1/2 5645/1/2
f 5645/1/2 5642/1/2 5646/1/2
f 5647/1/2 5648/1/2 5649/1/2
f 5649/1/2 5648/1/2 5650/1/2
f 5651/1/2 5652/1/2 5655/1/2
f 5655/1/2 5652/1/2 5656/1/2
f 5653/1/2 5654/1/2 5657/1/2
f 5657/1/2 5654/1/2 5658/1/2
f 5659/1/2 5660/1/2 5661/1/2
f 5661/1/2 5660/1/2 5662/1/2
f 5663/1/2 5664/1/2 5665/1/2
f 5665/1/2 5664/1/2 5666/1/2
f 5667/1/2 5668/1/2 5669/1/2
f 5669/1/2 5668/1/2 5670/1/2
f 5671/1/2 5672/1/2 5676/1/2
f 5673/2/2 5674/2/2 5678/2/2
f 5678/2/2 5674/2/2 5679/2/2
f 5675/1/2 5676/1/2 5680/1/2
f 5676/1/2 5672/1/2 5681/1/2
f 5680/1/2 5676/1/2 5681/1/2
f 5681/1/2 5672/1/2 5686/1/2
f 5686/1/2 5672/1/2 5687/1/2
f 5677/2/2 5678/2/2 5688/2/2
f 5688/2/2 5678/2/2 5689/2/2
f 5684/1/2 5685/1/2 5690/1/2
f 5690/1/2 5685/1/2 5691/1/2
f 5682/1/2 5683/1/2 5695/1/2
f 5695/1/2 5683/1/2 5696/1/2
f 5677/2/2 5688/2/2 5698/2/2
f 5698/2/2 5688/2/2 5699/2/2
f 5691/1/2 5692/1/2 5700/1/2
f 5700/1/2 5692/1/2 5701/1/2
f 5693/2/2 5694/2/2 5704/2/2
f 5704/2/2 5694/2/2 5705/2/2
f 5682/1/2 5695/1/2 5706/1/2
f 5706/1/2 5695/1/2 5707/1/2
f 5701/1/2 5702/1/2 5708/1/2
f 5708/1/2 5702/1/2 5709/1/2
f 5697/2/2 5698/2/2 5711/2/2
f 5711/2/2 5698/2/2 5712/2/2
f 5704/2/2 5705/2/2 5714/2/2
f 5703/2/2 5704/2/2 5714/2/2
f 5705/2/2 5706/2/2 5714/2/2
f 5714/2/2 5706/2/2 5715/2/2
f 5715/2/2 5706/2/2 5716/2/2
f 5709/2/2 5710/2/2 5720/2/2
f 5720/2/2 5710/2/2 5721/2/2
f 5721/2/2 5710/2/2 5722/2/2
f 5716/1/2 5717/1/2 5726/1/2
f 5726/1/2 5717/1/2 5727/1/2
f 5713/2/2 5714/2/2 5730/2/2
f 5714/2/2 5715/2/2 5730/2/2
f 5730/2/2 5715/2/2 5731/2/2
f 5731/2/2 5715/2/2 5732/2/2
f 5732/2/2 5715/2/2 5733/2/2
f 5718/2/2 5719/2/2 5734/2/2
f 5734/2/2 5719/2/2 5735/2/2
f 5709/2/2 5720/2/2 5736/2/2
f 5736/2/2 5720/2/2 5737/2/2
f 5722/2/2 5723/2/2 5739/2/2
f 5721/2/2 5722/2/2 5739/2/2
f 5739/2/2 5723/2/2 5740/2/2
f 5724/2/2 5725/2/2 5741/2/2
f 5741/2/2 5725/2/2 5742/2/2
f 5731/2/2 5732/2/2 5743/2/2
f 5739/2/2 5740/2/2 5745/2/2
f 5738/2/2 5739/2/2 5745/2/2
f 5745/2/2 5740/2/2 5746/2/2
f 5728/2/2 5729/2/2 5749/2/2
f 5749/2/2 5729/2/2 5750/2/2
f 5743/2/2 5744/2/2 5755/2/2
f 5731/2/2 5743/2/2 5755/2/2
f 5755/2/2 5744/2/2 5756/2/2
f 5756/2/2 5744/2/2 5757/2/2
f 5757/2/2 5744/2/2 5758/2/2
f 5758/2/2 5744/2/2 5759/2/2
f 5747/2/2 5748/2/2 5762/2/2
f 5750/2/2 5729/2/2 5766/2/2
f 5766/2/2 5729/2/2 5767/2/2
f 5751/2/2 5752/2/2 5770/2/2
f 5770/2/2 5752/2/2 5771/2/2
f 5753/2/2 5754/2/2 5772/2/2
f 5772/2/2 5754/2/2 5773/2/2
f 5757/2/2 5758/2/2 5774/2/2
f 5774/2/2 5758/2/2 5775/2/2
f 5760/2/2 5761/2/2 5776/2/2
f 5776/2/2 5761/2/2 5777/2/2
f 5747/2/2 5762/2/2 5778/2/2
f 5762/2/2 5763/2/2 5778/2/2
f 5778/2/2 5763/2/2 5779/2/2
f 5764/2/2 5765/2/2 5782/2/2
f 5782/2/2 5765/2/2 5783/2/2
f 5770/2/2 5771/2/2 5784/2/2
f 5768/2/2 5769/2/2 5784/2/2
f 5769/2/2 5770/2/2 5784/2/2
f 5767/2/2 5768/2/2 5784/2/2
f 5784/2/2 5771/2/2 5785/2/2
f 5785/2/2 5771/2/2 5786/2/2
f 5786/2/2 5771/2/2 5787/2/2
f 5780/2/2 5781/2/2 5791/2/2
f 5791/2/2 5781/2/2 5792/2/2
f 5785/2/2 5786/2/2 5793/2/2
f 5793/2/2 5786/2/2 5794/2/2
f 5788/2/2 5789/2/2 5795/2/2
f 5795/2/2 5789/2/2 5796/2/2
f 5796/2/2 5789/2/2 5797/2/2
f 5790/2/2 5791/2/2 5799/2/2
f 5799/2/2 5791/2/2 5800/2/2
f 5797/2/2 5798/2/2 5801/2/2
f 5796/2/2 5797/2/2 5801/2/2
f 5801/2/2 5798/2/2 5802/2/2
f 5803/1/2 5804/1/2 5807/1/2
f 5807/1/2 5804/1/2 5808/1/2
f 5805/1/2 5806/1/2 5812/1/2
f 5812/1/2 5806/1/2 5813/1/2
f 5809/1/2 5810/1/2 5814/1/2
f 5811/1/2 5812/1/2 5818/1/2
f 5818/1/2 5812/1/2 5819/1/2
f 5809/1/2 5814/1/2 5820/1/2
f 5814/1/2 5815/1/2 5820/1/2
f 5820/1/2 5815/1/2 5821/1/2
f 5821/1/2 5815/1/2 5822/1/2
f 5822/1/2 5815/1/2 5823/1/2
f 5816/1/2 5817/1/2 5827/1/2
f 5826/1/2 5827/1/2 5828/1/2
f 5827/1/2 5817/1/2 5828/1/2
f 5828/1/2 5817/1/2 5829/1/2
f 5824/1/2 5825/1/2 5830/1/2
f 5826/1/2 5828/1/2 5833/1/2
f 5830/1/2 5831/1/2 5834/1/2
f 5824/1/2 5830/1/2 5834/1/2
f 5834/1/2 5831/1/2 5835/1/2
f 5835/1/2 5831/1/2 5836/1/2
f 5832/1/2 5833/1/2 5837/1/2
f 5833/1/2 5828/1/2 5838/1/2
f 5837/1/2 5833/1/2 5838/1/2
f 5838/1/2 5828/1/2 5839/1/2
f 5835/1/2 5836/1/2 5840/1/2
f 5836/1/2 5837/1/2 5840/1/2
f 5837/1/2 5838/1/2 5840/1/2
f 5840/1/2 5838/1/2 5841/1/2
f 5842/1/2 5843/1/2 5844/1/2
f 5842/1/2 5844/1/2 5846/1/2
f 5844/1/2 5845/1/2 5846/1/2
f 5846/1/2 5845/1/2 5847/1/2
f 5847/1/2 5845/1/2 5848/1/2
f 5848/1/2 5845/1/2 5849/1/2
f 5849/1/2 5845/1/2 5850/1/2
f 5847/1/2 5848/1/2 5853/1/2
f 5852/1/2 5853/1/2 5854/1/2
f 5853/1/2 5848/1/2 5855/1/2
f 5854/1/2 5853/1/2 5855/1/2
f 5849/1/2 5850/1/2 5856/1/2
f 5850/1/2 5851/1/2 5856/1/2
f 5856/1/2 5851/1/2 5857/1/2
f 5857/1/2 5851/1/2 5858/1/2
f 5857/1/2 5858/1/2 5860/1/2
f 5858/1/2 5859/1/2 5860/1/2
f 5860/1/2 5859/1/2 5861/1/2
f 5861/1/2 5859/1/2 5862/1/2
f 5862/1/2 5859/1/2 5863/1/2
f 5852/1/2 5854/1/2 5864/1/2
f 5864/1/2 5854/1/2 5865/1/2
f 5866/1/2 5867/1/2 5870/1/2
f 5870/1/2 5867/1/2 5871/1/2
f 5868/1/2 5869/1/2 5872/1/2
f 5872/1/2 5869/1/2 5873/1/2
f 5874/1/2 5875/1/2 5876/1/2
f 5874/1/2 5876/1/2 5880/1/2
f 5876/1/2 5877/1/2 5880/1/2
f 5880/1/2 5877/1/2 5881/1/2
f 5874/1/2 5880/1/2 5882/1/2
f 5882/1/2 5880/1/2 5883/1/2
f 5878/1/2 5879/1/2 5884/1/2
f 5884/1/2 5879/1/2 5885/1/2
f 5888/1/2 5889/1/2 5890/1/2
f 5890/1/2 5889/1/2 5891/1/2
f 5886/1/2 5887/1/2 5896/1/2
f 5896/1/2 5887/1/2 5897/1/2
f 5894/1/2 5895/1/2 5900/1/2
f 5900/1/2 5895/1/2 5901/1/2
f 5892/2/2 5893/2/2 5903/2/2
f 5898/1/2 5899/1/2 5904/1/2
f 5898/1/2 5904/1/2 5907/1/2
f 5904/1/2 5905/1/2 5907/1/2
f 5902/2/2 5903/2/2 5908/2/2
f 5903/2/2 5893/2/2 5908/2/2
f 5908/2/2 5893/2/2 5909/2/2
f 5906/1/2 5907/1/2 5910/1/2
f 5907/1/2 5905/1/2 5910/1/2
f 5906/1/2 5910/1/2 5913/1/2
f 5910/1/2 5911/1/2 5913/1/2
f 5913/1/2 5911/1/2 5914/1/2
f 5914/1/2 5911/1/2 5915/1/2
f 5915/1/2 5911/1/2 5916/1/2
f 5916/1/2 5911/1/2 5917/1/2
f 5902/2/2 5908/2/2 5920/2/2
f 5920/2/2 5908/2/2 5921/2/2
f 5912/1/2 5913/1/2 5922/1/2
f 5913/1/2 5914/1/2 5922/1/2
f 5922/1/2 5914/1/2 5923/1/2
f 5916/1/2 5917/1/2 5924/1/2
f 5917/2/2 5918/2/2 5925/2/2
f 5924/1/2 5917/1/2 5925/1/2
f 5919/2/2 5920/2/2 5926/2/2
f 5926/2/2 5920/2/2 5927/2/2
f 5927/2/2 5920/2/2 5928/2/2
f 5923/1/2 5914/1/2 5931/1/2
f 5914/2/2 5915/2/2 5932/2/2
f 5931/1/2 5914/1/2 5932/1/2
f 5932/2/2 5915/2/2 5933/2/2
f 5925/2/2 5918/2/2 5934/2/2
f 5934/2/2 5918/2/2 5935/2/2
f 5934/2/2 5935/2/2 5941/2/2
f 5935/2/2 5936/2/2 5941/2/2
f 5941/2/2 5936/2/2 5942/2/2
f 5937/2/2 5938/2/2 5944/2/2
f 5929/2/2 5930/2/2 5947/2/2
f 5947/2/2 5930/2/2 5948/2/2
f 5948/2/2 5930/2/2 5949/2/2
f 5949/2/2 5930/2/2 5950/2/2
f 5950/2/2 5930/2/2 5951/2/2
f 5934/2/2 5941/2/2 5956/2/2
f 5956/2/2 5941/2/2 5957/2/2
f 5942/2/2 5943/2/2 5958/2/2
f 5958/2/2 5943/2/2 5959/2/2
f 5944/2/2 5938/2/2 5960/2/2
f 5960/2/2 5938/2/2 5961/2/2
f 5939/2/2 5940/2/2 5964/2/2
f 5964/2/2 5940/2/2 5965/2/2
f 5945/2/2 5946/2/2 5968/2/2
f 5968/2/2 5946/2/2 5969/2/2
f 5952/2/2 5953/2/2 5972/2/2
f 5972/2/2 5953/2/2 5973/2/2
f 5954/2/2 5955/2/2 5974/2/2
f 5974/2/2 5955/2/2 5975/2/2
f 5962/2/2 5963/2/2 5976/2/2
f 5976/2/2 5963/2/2 5977/2/2
f 5977/2/2 5963/2/2 5978/2/2
f 5966/2/2 5967/2/2 5982/2/2
f 5982/2/2 5967/2/2 5983/2/2
f 5970/2/2 5971/2/2 5984/2/2
f 5984/2/2 5971/2/2 5985/2/2
f 5978/2/2 5979/2/2 5986/2/2
f 5977/2/2 5978/2/2 5986/2/2
f 5986/2/2 5979/2/2 5987/2/2
f 5980/2/2 5981/2/2 5988/2/2
f 5988/2/2 5981/2/2 5989/2/2
f 5992/2/2 5993/2/2 5996/2/2
f 5996/2/2 5993/2/2 5997/2/2
f 5990/2/2 5991/2/2 5998/2/2
f 5998/2/2 5991/2/2 5999/2/2
f 5994/2/2 5995/2/2 6000/2/2
f 6000/2/2 5995/2/2 6001/2/2
f 6002/1/2 6003/1/2 6006/1/2
f 6006/1/2 6003/1/2 6007/1/2
f 6004/1/2 6005/1/2 6012/1/2
f 6012/1/2 6005/1/2 6013/1/2
f 6008/1/2 6009/1/2 6014/1/2
f 6014/1/2 6009/1/2 6015/1/2
f 6010/1/2 6011/1/2 6016/1/2
f 6016/1/2 6011/1/2 6017/1/2
f 6018/1/2 6019/1/2 6020/1/2
f 6010/1/2 6016/1/2 6023/1/2
f 6020/1/2 6021/1/2 6024/1/2
f 6018/1/2 6020/1/2 6024/1/2
f 6024/1/2 6021/1/2 6025/1/2
f 6022/1/2 6023/1/2 6026/1/2
f 6023/1/2 6016/1/2 6026/1/2
f 6026/1/2 6016/1/2 6027/1/2
f 6025/1/2 6021/1/2 6028/1/2
f 6022/1/2 6026/1/2 6031/1/2
f 6028/1/2 6029/1/2 6032/1/2
f 6025/1/2 6028/1/2 6032/1/2
f 6032/1/2 6029/1/2 6033/1/2
f 6030/1/2 6031/1/2 6035/1/2
f 6031/1/2 6026/1/2 6036/1/2
f 6035/1/2 6031/1/2 6036/1/2
f 6036/1/2 6026/1/2 6037/1/2
f 6034/1/2 6035/1/2 6038/1/2
f 6035/1/2 6036/1/2 6038/1/2
f 6038/1/2 6036/1/2 6039/1/2
f 6040/1/2 6041/1/2 6043/1/2
f 6043/1/2 6041/1/2 6044/1/2
f 6042/1/2 6043/1/2 6044/1/2
f 6044/1/2 6045/1/2 6046/1/2
f 6042/1/2 6044/1/2 6049/1/2
f 6046/1/2 6047/1/2 6049/1/2
f 6044/1/2 6046/1/2 6049/1/2
f 6049/1/2 6047/1/2 6050/1/2
f 6050/1/2 6047/1/2 6051/1/2
f 6048/1/2 6049/1/2 6052/1/2
f 6049/1/2 6050/1/2 6052/1/2
f 6052/1/2 6050/1/2 6053/1/2
f 6051/1/2 6047/1/2 6054/1/2
f 6054/1/2 6047/1/2 6055/1/2
f 6051/1/2 6054/1/2 6058/1/2
f 6058/1/2 6054/1/2 6059/1/2
f 6056/1/2 6057/1/2 6060/1/2
f 6060/1/2 6057/1/2 6061/1/2
f 6062/1/2 6063/1/2 6067/1/2
f 6066/1/2 6067/1/2 6069/1/2
f 6068/1/2 6069/1/2 6070/1/2
f 6067/1/2 6063/1/2 6071/1/2
f 6070/1/2 6069/1/2 6071/1/2
f 6069/1/2 6067/1/2 6071/1/2
f 6071/1/2 6063/1/2 6072/1/2
f 6064/1/2 6065/1/2 6073/1/2
f 6070/1/2 6071/1/2 6075/1/2
f 6075/1/2 6071/1/2 6076/1/2
f 6073/1/2 6074/1/2 6077/1/2
f 6064/1/2 6073/1/2 6080/1/2
f 6077/1/2 6078/1/2 6080/1/2
f 6073/1/2 6077/1/2 6080/1/2
f 6080/1/2 6078/1/2 6081/1/2
f 6079/1/2 6080/1/2 6081/1/2
f 6081/1/2 6078/1/2 6082/1/2
f 6079/1/2 6081/1/2 6083/1/2
f 6083/1/2 6081/1/2 6084/1/2
f 6085/2/2 6086/2/2 6094/2/2
f 6094/2/2 6086/2/2 6095/2/2
f 6087/2/2 6088/2/2 6096/2/2
f 6096/2/2 6088/2/2 6097/2/2
f 6089/2/2 6090/2/2 6102/2/2
f 6098/2/2 6099/2/2 6109/2/2
f 6109/2/2 6099/2/2 6110/2/2
f 6100/2/2 6101/2/2 6111/2/2
f 6111/2/2 6101/2/2 6112/2/2
f 6102/2/2 6090/2/2 6113/2/2
f 6113/2/2 6090/2/2 6114/2/2
f 6114/2/2 6090/2/2 6115/2/2
f 6091/2/2 6092/2/2 6117/2/2
f 6117/2/2 6092/2/2 6118/2/2
f 6093/2/2 6094/2/2 6121/2/2
f 6121/2/2 6094/2/2 6122/2/2
f 6103/2/2 6104/2/2 6123/2/2
f 6123/2/2 6104/2/2 6124/2/2
f 6105/2/2 6106/2/2 6125/2/2
f 6125/2/2 6106/2/2 6126/2/2
f 6107/2/2 6108/2/2 6127/2/2
f 6127/2/2 6108/2/2 6128/2/2
f 6115/2/2 6116/2/2 6129/2/2
f 6129/2/2 6116/2/2 6130/2/2
f 6119/2/2 6120/2/2 6132/2/2
f 6132/2/2 6120/2/2 6133/2/2
f 6131/2/2 6132/2/2 6134/2/2
f 6134/2/2 6132/2/2 6135/2/2
f 6136/2/2 6137/2/2 6142/2/2
f 6142/2/2 6137/2/2 6143/2/2
f 6138/2/2 6139/2/2 6144/2/2
f 6144/2/2 6139/2/2 6145/2/2
f 6140/2/2 6141/2/2 6146/2/2
f 6146/2/2 6141/2/2 6147/2/2
f 6148/1/2 6149/1/2 6152/1/2
f 6152/1/2 6149/1/2 6153/1/2
f 6150/1/2 6151/1/2 6154/1/2
f 6154/1/2 6151/1/2 6155/1/2
f 6156/1/2 6157/1/2 6160/1/2
f 6158/1/2 6159/1/2 6163/1/2
f 6160/1/2 6161/1/2 6164/1/2
f 6162/1/2 6163/1/2 6165/1/2
f 6160/1/2 6164/1/2 6166/1/2
f 6164/1/2 6165/1/2 6166/1/2
f 6156/1/2 6160/1/2 6166/1/2
f 6166/1/2 6165/1/2 6167/1/2
f 6167/1/2 6165/1/2 6168/1/2
f 6165/1/2 6163/1/2 6169/1/2
f 6168/1/2 6165/1/2 6169/1/2
f 6163/1/2 6159/1/2 6169/1/2
f 6167/1/2 6168/1/2 6170/1/2
f 6170/1/2 6168/1/2 6171/1/2
f 6172/1/2 6173/1/2 6175/1/2
f 6175/1/2 6173/1/2 6176/1/2
f 6174/1/2 6175/1/2 6176/1/2
f 6174/1/2 6176/1/2 6178/1/2
f 6176/1/2 6177/1/2 6178/1/2
f 6178/1/2 6177/1/2 6179/1/2
f 6179/1/2 6177/1/2 6180/1/2
f 6180/1/2 6177/1/2 6181/1/2
f 6179/1/2 6180/1/2 6182/1/2
f 6182/1/2 6180/1/2 6183/1/2
f 6179/1/2 6182/1/2 6184/1/2
f 6184/1/2 6182/1/2 6185/1/2
f 6179/1/2 6184/1/2 6186/1/2
f 6186/1/2 6184/1/2 6187/1/2
f 6188/2/2 6189/2/2 6194/2/2
f 6194/2/2 6189/2/2 6195/2/2
f 6190/2/2 6191/2/2 6198/2/2
f 6198/2/2 6191/2/2 6199/2/2
f 6199/2/2 6191/2/2 6200/2/2
f 6192/2/2 6193/2/2 6202/2/2
f 6202/2/2 6193/2/2 6203/2/2
f 6195/2/2 6196/2/2 6204/2/2
f 6204/2/2 6196/2/2 6205/2/2
f 6197/2/2 6198/2/2 6206/2/2
f 6198/2/2 6199/2/2 6206/2/2
f 6206/2/2 6199/2/2 6207/2/2
f 6207/2/2 6199/2/2 6208/2/2
f 6208/2/2 6199/2/2 6209/2/2
f 6207/2/2 6208/2/2 6216/2/2
f 6216/2/2 6208/2/2 6217/2/2
f 6210/2/2 6211/2/2 6220/2/2
f 6220/2/2 6211/2/2 6221/2/2
f 6221/2/2 6211/2/2 6222/2/2
f 6212/2/2 6213/2/2 6223/2/2
f 6223/2/2 6213/2/2 6224/2/2
f 6201/2/2 6202/2/2 6229/2/2
f 6229/2/2 6202/2/2 6230/2/2
f 6214/2/2 6215/2/2 6233/2/2
f 6233/2/2 6215/2/2 6234/2/2
f 6226/2/2 6227/2/2 6235/2/2
f 6235/2/2 6227/2/2 6236/2/2
f 6228/2/2 6229/2/2 6239/2/2
f 6239/2/2 6229/2/2 6240/2/2
f 6240/2/2 6229/2/2 6241/2/2
f 6231/2/2 6232/2/2 6244/2/2
f 6244/2/2 6232/2/2 6245/2/2
f 6218/2/2 6219/2/2 6248/2/2
f 6221/2/2 6222/2/2 6249/2/2
f 6222/2/2 6223/2/2 6249/2/2
f 6223/2/2 6224/2/2 6249/2/2
f 6224/2/2 6225/2/2 6249/2/2
f 6249/2/2 6225/2/2 6250/2/2
f 6236/2/2 6237/2/2 6251/2/2
f 6251/2/2 6237/2/2 6252/2/2
f 6239/2/2 6240/2/2 6254/2/2
f 6238/2/2 6239/2/2 6254/2/2
f 6254/2/2 6240/2/2 6255/2/2
f 6255/2/2 6240/2/2 6256/2/2
f 6242/2/2 6243/2/2 6257/2/2
f 6257/2/2 6243/2/2 6258/2/2
f 6246/2/2 6247/2/2 6259/2/2
f 6259/2/2 6247/2/2 6260/2/2
f 6248/2/2 6219/2/2 6261/2/2
f 6261/2/2 6219/2/2 6262/2/2
f 6263/2/2 6264/2/2 6265/2/2
f 6265/2/2 6264/2/2 6266/2/2
f 6252/2/2 6253/2/2 6267/2/2
f 6267/2/2 6253/2/2 6268/2/2
f 6254/2/2 6255/2/2 6269/2/2
f 6269/2/2 6255/2/2 6270/2/2
f 6271/2/2 6272/2/2 6273/2/2
f 6273/2/2 6272/2/2 6274/2/2
f 6275/1/2 6276/1/2 6277/1/2
f 6277/1/2 6276/1/2 6278/1/2
f 6279/1/2 6280/1/2 6283/1/2
f 6281/1/2 6282/1/2 6286/1/2
f 6283/1/2 6284/1/2 6287/1/2
f 6285/1/2 6286/1/2 6288/1/2
f 6283/1/2 6287/1/2 6289/1/2
f 6287/1/2 6288/1/2 6289/1/2
f 6279/1/2 6283/1/2 6289/1/2
f 6289/1/2 6288/1/2 6290/1/2
f 6288/1/2 6286/1/2 6291/1/2
f 6290/1/2 6288/1/2 6291/1/2
f 6286/1/2 6282/1/2 6292/1/2
f 6291/1/2 6286/1/2 6292/1/2
f 6290/1/2 6291/1/2 6293/1/2
f 6293/1/2 6291/1/2 6294/1/2
f 6294/1/2 6291/1/2 6295/1/2
f 6295/1/2 6291/1/2 6296/1/2
f 6294/1/2 6295/1/2 6297/1/2
f 6297/1/2 6295/1/2 6298/1/2
f 6299/2/2 6300/2/2 6301/2/2
f 6301/2/2 6300/2/2 6302/2/2
f 6303/2/2 6304/2/2 6309/2/2
f 6309/2/2 6304/2/2 6310/2/2
f 6305/2/2 6306/2/2 6311/2/2
f 6311/2/2 6306/2/2 6312/2/2
f 6307/2/2 6308/2/2 6316/2/2
f 6316/2/2 6308/2/2 6317/2/2
f 6312/2/2 6313/2/2 6322/2/2
f 6322/2/2 6313/2/2 6323/2/2
f 6314/2/2 6315/2/2 6324/2/2
f 6324/2/2 6315/2/2 6325/2/2
f 6318/2/2 6319/2/2 6326/2/2
f 6326/2/2 6319/2/2 6327/2/2
f 6320/2/2 6321/2/2 6328/2/2
f 6328/2/2 6321/2/2 6329/2/2
f 6330/2/2 6331/2/2 6332/2/2
f 6332/2/2 6331/2/2 6333/2/2
f 6334/2/2 6335/2/2 6336/2/2
f 6336/2/2 6335/2/2 6337/2/2
f 6338/1/2 6339/1/2 6342/1/2
f 6342/1/2 6339/1/2 6343/1/2
f 6340/1/2 6341/1/2 6348/1/2
f 6348/1/2 6341/1/2 6349/1/2
f 6344/1/2 6345/1/2 6350/1/2
f 6350/1/2 6345/1/2 6351/1/2
f 6351/1/2 6345/1/2 6352/1/2
f 6346/1/2 6347/1/2 6354/1/2
f 6354/1/2 6347/1/2 6355/1/2
f 6352/1/2 6353/1/2 6356/1/2
f 6351/1/2 6352/1/2 6356/1/2
f 6356/1/2 6353/1/2 6357/1/2
f 6358/2/2 6359/2/2 6360/2/2
f 6360/2/2 6359/2/2 6361/2/2
f 6362/2/2 6363/2/2 6365/2/2
f 6365/2/2 6363/2/2 6366/2/2
f 6364/2/2 6365/2/2 6369/2/2
f 6369/2/2 6365/2/2 6370/2/2
f 6367/2/2 6368/2/2 6374/2/2
f 6374/2/2 6368/2/2 6375/2/2
f 6372/2/2 6373/2/2 6378/2/2
f 6378/2/2 6373/2/2 6379/2/2
f 6370/2/2 6371/2/2 6380/2/2
f 6380/2/2 6371/2/2 6381/2/2
f 6376/2/2 6377/2/2 6390/2/2
f 6390/2/2 6377/2/2 6391/2/2
f 6382/2/2 6383/2/2 6394/2/2
f 6394/2/2 6383/2/2 6395/2/2
f 6384/2/2 6385/2/2 6396/2/2
f 6396/2/2 6385/2/2 6397/2/2
f 6386/2/2 6387/2/2 6398/2/2
f 6388/2/2 6389/2/2 6399/2/2
f 6399/2/2 6389/2/2 6400/2/2
f 6392/2/2 6393/2/2 6401/2/2
f 6401/2/2 6393/2/2 6402/2/2
f 6386/2/2 6398/2/2 6407/2/2
f 6398/2/2 6399/2/2 6407/2/2
f 6407/2/2 6399/2/2 6408/2/2
f 6403/2/2 6404/2/2 6409/2/2
f 6409/2/2 6404/2/2 6410/2/2
f 6405/2/2 6406/2/2 6411/2/2
f 6411/2/2 6406/2/2 6412/2/2
f 6413/1/2 6414/1/2 6417/1/2
f 6417/1/2 6414/1/2 6418/1/2
f 6415/1/2 6416/1/2 6421/1/2
f 6421/1/2 6416/1/2 6422/1/2
f 6419/1/2 6420/1/2 6423/1/2
f 6423/1/2 6420/1/2 6424/1/2
f 6425/2/2 6426/2/2 6427/2/2
f 6427/2/2 6426/2/2 6428/2/2
f 6429/2/2 6430/2/2 6435/2/2
f 6435/2/2 6430/2/2 6436/2/2
f 6437/2/2 6438/2/2 6439/2/2
f 6439/2/2 6438/2/2 6440/2/2
f 6431/2/2 6432/2/2 6442/2/2
f 6442/2/2 6432/2/2 6443/2/2
f 6433/2/2 6434/2/2 6447/2/2
f 6447/2/2 6434/2/2 6448/2/2
f 6440/2/2 6441/2/2 6451/2/2
f 6451/2/2 6441/2/2 6452/2/2
f 6444/2/2 6445/2/2 6453/2/2
f 6453/2/2 6445/2/2 6454/2/2
f 6446/2/2 6447/2/2 6455/2/2
f 6455/2/2 6447/2/2 6456/2/2
f 6449/2/2 6450/2/2 6457/2/2
f 6457/2/2 6450/2/2 6458/2/2
f 6443/2/2 6432/2/2 6461/2/2
f 6461/2/2 6432/2/2 6462/2/2
f 6459/2/2 6460/2/2 6463/2/2
f 6463/2/2 6460/2/2 6464/2/2
f 6465/1/2 6466/1/2 6467/1/2
f 6467/1/2 6466/1/2 6468/1/2
f 6469/2/2 6470/2/2 6472/2/2
f 6472/2/2 6470/2/2 6473/2/2
f 6471/2/2 6472/2/2 6474/2/2
f 6474/2/2 6472/2/2 6475/2/2
f 6476/2/2 6477/2/2 6478/2/2
f 6478/2/2 6477/2/2 6479/2/2
f 6480/2/2 6481/2/2 6485/2/2
f 6485/2/2 6481/2/2 6486/2/2
f 6482/2/2 6483/2/2 6488/2/2
f 6487/2/2 6488/2/2 6491/2/2
f 6488/2/2 6483/2/2 6492/2/2
f 6491/2/2 6488/2/2 6492/2/2
f 6484/2/2 6485/2/2 6494/2/2
f 6494/2/2 6485/2/2 6495/2/2
f 6489/2/2 6490/2/2 6500/2/2
f 6500/2/2 6490/2/2 6501/2/2
f 6492/2/2 6493/2/2 6507/2/2
f 6496/2/2 6497/2/2 6510/2/2
f 6510/2/2 6497/2/2 6511/2/2
f 6498/2/2 6499/2/2 6513/2/2
f 6513/2/2 6499/2/2 6514/2/2
f 6502/2/2 6503/2/2 6515/2/2
f 6515/2/2 6503/2/2 6516/2/2
f 6504/2/2 6505/2/2 6517/2/2
f 6517/2/2 6505/2/2 6518/2/2
f 6506/2/2 6507/2/2 6519/2/2
f 6507/2/2 6493/2/2 6520/2/2
f 6519/2/2 6507/2/2 6520/2/2
f 6520/2/2 6493/2/2 6521/2/2
f 6508/2/2 6509/2/2 6522/2/2
f 6522/2/2 6509/2/2 6523/2/2
f 6512/2/2 6513/2/2 6524/2/2
f 6524/2/2 6513/2/2 6525/2/2
f 6519/2/2 6520/2/2 6526/2/2
f 6526/2/2 6520/2/2 6527/2/2
f 6528/2/2 6529/2/2 6530/2/2
f 6530/2/2 6529/2/2 6531/2/2
f 6532/2/2 6533/2/2 6536/2/2
f 6536/2/2 6533/2/2 6537/2/2
f 6534/2/2 6535/2/2 6538/2/2
f 6538/2/2 6535/2/2 6539/2/2
f 6540/2/2 6541/2/2 6545/2/2
f 6545/2/2 6541/2/2 6546/2/2
f 6547/2/2 6548/2/2 6551/2/2
f 6551/2/2 6548/2/2 6552/2/2
f 6549/2/2 6550/2/2 6554/2/2
f 6554/2/2 6550/2/2 6555/2/2
f 6542/2/2 6543/2/2 6556/2/2
f 6556/2/2 6543/2/2 6557/2/2
f 6557/2/2 6543/2/2 6558/2/2
f 6544/2/2 6545/2/2 6559/2/2
f 6545/2/2 6546/2/2 6559/2/2
f 6559/2/2 6546/2/2 6560/2/2
f 6554/2/2 6555/2/2 6561/2/2
f 6553/2/2 6554/2/2 6561/2/2
f 6561/2/2 6555/2/2 6562/2/2
f 6562/2/2 6555/2/2 6563/2/2
f 6563/2/2 6555/2/2 6564/2/2
f 6564/2/2 6555/2/2 6565/2/2
f 6557/2/2 6558/2/2 6566/2/2
f 6561/2/2 6562/2/2 6574/2/2
f 6574/2/2 6562/2/2 6575/2/2
f 6563/2/2 6564/2/2 6576/2/2
f 6576/2/2 6564/2/2 6577/2/2
f 6565/2/2 6555/2/2 6578/2/2
f 6578/2/2 6555/2/2 6579/2/2
f 6566/2/2 6567/2/2 6580/2/2
f 6557/2/2 6566/2/2 6580/2/2
f 6580/2/2 6567/2/2 6581/2/2
f 6568/2/2 6569/2/2 6582/2/2
f 6582/2/2 6569/2/2 6583/2/2
f 6570/2/2 6571/2/2 6584/2/2
f 6584/2/2 6571/2/2 6585/2/2
f 6572/2/2 6573/2/2 6586/2/2
f 6586/2/2 6573/2/2 6587/2/2
f 6590/2/2 6591/2/2 6592/2/2
f 6592/2/2 6591/2/2 6593/2/2
f 6588/2/2 6589/2/2 6594/2/2
f 6594/2/2 6589/2/2 6595/2/2
f 6596/2/2 6597/2/2 6598/2/2
f 6598/2/2 6597/2/2 6599/2/2
f 6600/2/2 6601/2/2 6604/2/2
f 6600/2/2 6604/2/2 6607/2/2
f 6607/2/2 6604/2/2 6608/2/2
f 6602/2/2 6603/2/2 6615/2/2
f 6615/2/2 6603/2/2 6616/2/2
f 6605/2/2 6606/2/2 6617/2/2
f 6617/2/2 6606/2/2 6618/2/2
f 6609/2/2 6610/2/2 6619/2/2
f 6611/2/2 6612/2/2 6620/2/2
f 6620/2/2 6612/2/2 6621/2/2
f 6613/2/2 6614/2/2 6622/2/2
f 6622/2/2 6614/2/2 6623/2/2
f 6609/2/2 6619/2/2 6626/2/2
f 6626/2/2 6619/2/2 6627/2/2
f 6624/2/2 6625/2/2 6628/2/2
f 6628/2/2 6625/2/2 6629/2/2
f 6629/2/2 6630/2/2 6631/2/2
f 6631/2/2 6630/2/2 6632/2/2
f 6633/2/2 6634/2/2 6635/2/2
f 6635/2/2 6634/2/2 6636/2/2
f 6637/2/2 6638/2/2 6639/2/2
f 6639/2/2 6638/2/2 6640/2/2
f 6641/2/2 6642/2/2 6644/2/2
f 6644/2/2 6642/2/2 6645/2/2
f 6643/2/2 6644/2/2 6646/2/2
f 6646/2/2 6644/2/2 6647/2/2
f 6650/2/2 6651/2/2 6658/2/2
f 6658/2/2 6651/2/2 6659/2/2
f 6652/2/2 6653/2/2 6660/2/2
f 6660/2/2 6653/2/2 6661/2/2
f 6656/2/2 6657/2/2 6662/2/2
f 6648/2/2 6649/2/2 6663/2/2
f 6663/2/2 6649/2/2 6664/2/2
f 6654/2/2 6655/2/2 6668/2/2
f 6668/2/2 6655/2/2 6669/2/2
f 6656/2/2 6662/2/2 6672/2/2
f 6672/2/2 6662/2/2 6673/2/2
f 6665/2/2 6666/2/2 6676/2/2
f 6676/2/2 6666/2/2 6677/2/2
f 6667/2/2 6668/2/2 6678/2/2
f 6678/2/2 6668/2/2 6679/2/2
f 6670/2/2 6671/2/2 6682/2/2
f 6682/2/2 6671/2/2 6683/2/2
f 6674/2/2 6675/2/2 6684/2/2
f 6684/2/2 6675/2/2 6685/2/2
f 6680/2/2 6681/2/2 6686/2/2
f 6686/2/2 6681/2/2 6687/2/2
f 6688/2/2 6689/2/2 6692/2/2
f 6692/2/2 6689/2/2 6693/2/2
f 6690/2/2 6691/2/2 6694/2/2
f 6694/2/2 6691/2/2 6695/2/2
f 6696/2/2 6697/2/2 6699/2/2
f 6699/2/2 6697/2/2 6700/2/2
f 6698/2/2 6699/2/2 6701/2/2
f 6701/2/2 6699/2/2 6702/2/2
f 6702/2/2 6703/2/2 6704/2/2
f 6704/2/2 6703/2/2 6705/2/2
f 6706/2/2 6707/2/2 6708/2/2
f 6708/2/2 6707/2/2 6709/2/2
f 6709/2/2 6710/2/2 6711/2/2
f 6711/2/2 6710/2/2 6712/2/2
f 6715/2/2 6716/2/2 6717/2/2
f 6717/2/2 6716/2/2 6718/2/2
f 6713/2/2 6714/2/2 6721/2/2
f 6721/2/2 6714/2/2 6722/2/2
f 6718/2/2 6716/2/2 6725/2/2
f 6725/2/2 6716/2/2 6726/2/2
f 6719/2/2 6720/2/2 6728/2/2
f 6728/2/2 6720/2/2 6729/2/2
f 6722/2/2 6723/2/2 6731/2/2
f 6731/2/2 6723/2/2 6732/2/2
f 6730/2/2 6731/2/2 6736/2/2
f 6736/2/2 6731/2/2 6737/2/2
f 6732/2/2 6733/2/2 6738/2/2
f 6726/2/2 6727/2/2 6742/2/2
f 6724/2/2 6725/2/2 6742/2/2
f 6725/2/2 6726/2/2 6742/2/2
f 6742/2/2 6727/2/2 6743/2/2
f 6734/2/2 6735/2/2 6744/2/2
f 6738/2/2 6739/2/2 6745/2/2
f 6732/2/2 6738/2/2 6745/2/2
f 6745/2/2 6739/2/2 6746/2/2
f 6744/2/2 6735/2/2 6747/2/2
f 6747/2/2 6735/2/2 6748/2/2
f 6740/2/2 6741/2/2 6749/2/2
f 6749/2/2 6741/2/2 6750/2/2
f 6751/2/2 6752/2/2 6755/2/2
f 6755/2/2 6752/2/2 6756/2/2
f 6753/2/2 6754/2/2 6757/2/2
f 6757/2/2 6754/2/2 6758/2/2
f 6759/2/2 6760/2/2 6761/2/2
f 6761/2/2 6760/2/2 6762/2/2
f 6762/2/2 6763/2/2 6764/2/2
f 6764/2/2 6763/2/2 6765/2/2
f 6766/2/2 6767/2/2 6768/2/2
f 6768/2/2 6767/2/2 6769/2/2
f 6770/2/2 6771/2/2 6772/2/2
f 6772/2/2 6771/2/2 6773/2/2
f 6774/2/2 6775/2/2 6777/2/2
f 6777/2/2 6775/2/2 6778/2/2
f 6776/2/2 6777/2/2 6781/2/2
f 6779/2/2 6780/2/2 6782/2/2
f 6778/2/2 6779/2/2 6782/2/2
f 6782/2/2 6780/2/2 6783/2/2
f 6778/2/2 6782/2/2 6784/2/2
f 6784/2/2 6782/2/2 6785/2/2
f 6781/2/2 6777/2/2 6788/2/2
f 6788/2/2 6777/2/2 6789/2/2
f 6786/2/2 6787/2/2 6790/2/2
f 6790/2/2 6787/2/2 6791/2/2
f 6792/2/2 6793/2/2 6796/2/2
f 6796/2/2 6793/2/2 6797/2/2
f 6794/2/2 6795/2/2 6798/2/2
f 6798/2/2 6795/2/2 6799/2/2
f 6800/2/2 6801/2/2 6802/2/2
f 6802/2/2 6801/2/2 6803/2/2
f 6804/2/2 6805/2/2 6806/2/2
f 6806/2/2 6805/2/2 6807/2/2
f 6808/2/2 6809/2/2 6812/2/2
f 6812/2/2 6809/2/2 6813/2/2
f 6810/2/2 6811/2/2 6814/2/2
f 6814/2/2 6811/2/2 6815/2/2
f 6814/2/2 6815/2/2 6819/2/2
f 6815/2/2 6816/2/2 6819/2/2
f 6819/2/2 6816/2/2 6820/2/2
f 6817/2/2 6818/2/2 6821/2/2
f 6821/2/2 6818/2/2 6822/2/2
f 6814/2/2 6819/2/2 6823/2/2
f 6823/2/2 6819/2/2 6824/2/2
f 6825/2/2 6826/2/2 6830/2/2
f 6830/2/2 6826/2/2 6831/2/2
f 6827/2/2 6828/2/2 6832/2/2
f 6832/2/2 6828/2/2 6833/2/2
f 6829/2/2 6830/2/2 6834/2/2
f 6834/2/2 6830/2/2 6835/2/2
f 6836/2/2 6837/2/2 6841/2/2
f 6841/2/2 6837/2/2 6842/2/2
f 6838/2/2 6839/2/2 6843/2/2
f 6843/2/2 6839/2/2 6844/2/2
f 6840/2/2 6841/2/2 6845/2/2
f 6845/2/2 6841/2/2 6846/2/2
f 6847/2/2 6848/2/2 6849/2/2
f 6849/2/2 6848/2/2 6850/2/2
f 6851/2/2 6852/2/2 6856/2/2
f 6856/2/2 6852/2/2 6857/2/2
f 6854/2/2 6855/2/2 6858/2/2
f 6853/2/2 6854/2/2 6858/2/2
f 6858/2/2 6855/2/2 6859/2/2
f 6859/2/2 6855/2/2 6860/2/2
f 6858/2/2 6859/2/2 6861/2/2
f 6863/2/2 6864/2/2 6865/2/2
f 6861/2/2 6862/2/2 6867/2/2
f 6865/2/2 6866/2/2 6868/2/2
f 6863/2/2 6865/2/2 6868/2/2
f 6868/2/2 6866/2/2 6869/2/2
f 6861/2/2 6867/2/2 6870/2/2
f 6858/2/2 6861/2/2 6870/2/2
f 6867/2/2 6868/2/2 6870/2/2
f 6870/2/2 6868/2/2 6871/2/2
f 6869/2/2 6866/2/2 6872/2/2
f 6872/2/2 6866/2/2 6873/2/2
f 6874/2/2 6875/2/2 6876/2/2
f 6876/2/2 6875/2/2 6877/2/2
f 6878/2/2 6879/2/2 6880/2/2
f 6880/2/2 6879/2/2 6881/2/2
f 6882/2/2 6883/2/2 6885/2/2
f 6883/2/2 6884/2/2 6885/2/2
f 6885/2/2 6884/2/2 6886/2/2
f 6886/2/2 6884/2/2 6887/2/2
f 6887/2/2 6884/2/2 6888/2/2
f 6886/2/2 6887/2/2 6889/2/2
f 6889/2/2 6887/2/2 6890/2/2
f 6890/2/2 6891/2/2 6894/2/2
f 6894/2/2 6891/2/2 6895/2/2
f 6892/2/2 6893/2/2 6896/2/2
f 6896/2/2 6893/2/2 6897/2/2
f 6898/2/2 6899/2/2 6900/2/2
f 6900/2/2 6899/2/2 6901/2/2
f 6902/2/2 6903/2/2 6906/2/2
f 6906/2/2 6903/2/2 6907/2/2
f 6904/2/2 6905/2/2 6910/2/2
f 6910/2/2 6905/2/2 6911/2/2
f 6908/2/2 6909/2/2 6914/2/2
f 6914/2/2 6909/2/2 6915/2/2
f 6912/2/2 6913/2/2 6918/2/2
f 6918/2/2 6913/2/2 6919/2/2
f 6916/2/2 6917/2/2 6920/2/2
f 6920/2/2 6917/2/2 6921/2/2
f 6922/2/2 6923/2/2 6924/2/2
f 6924/2/2 6923/2/2 6925/2/2
f 6925/2/2 6923/2/2 6926/2/2
f 6925/2/2 6926/2/2 6929/2/2
f 6929/2/2 6926/2/2 6930/2/2
f 6927/2/2 6928/2/2 6931/2/2
f 6931/2/2 6928/2/2 6932/2/2
f 6933/2/2 6934/2/2 6935/2/2
f 6935/2/2 6934/2/2 6936/2/2
f 6936/2/2 6934/2/2 6937/2/2
f 6937/2/2 6938/2/2 6939/2/2
f 6936/2/2 6937/2/2 6939/2/2
f 6939/2/2 6938/2/2 6940/2/2
f 6941/2/2 6942/2/2 6945/2/2
f 6945/2/2 6942/2/2 6946/2/2
f 6943/2/2 6944/2/2 6947/2/2
f 6947/2/2 6944/2/2 6948/2/2
f 6949/2/2 6950/2/2 6953/2/2
f 6953/2/2 6950/2/2 6954/2/2
f 6951/2/2 6952/2/2 6955/2/2
f 6955/2/2 6952/2/2 6956/2/2
f 6957/2/2 6958/2/2 6959/2/2
f 6959/2/2 6958/2/2 6960/2/2
f 6961/2/2 6962/2/2 6963/2/2
f 6963/2/2 6962/2/2 6964/2/2
f 6965/2/2 6966/2/2 6969/2/2
f 6969/2/2 6966/2/2 6970/2/2
f 6967/2/2 6968/2/2 6973/2/2
f 6973/2/2 6968/2/2 6974/2/2
f 6971/2/2 6972/2/2 6978/2/2
f 6978/2/2 6972/2/2 6979/2/2
f 6974/2/2 6975/2/2 6980/2/2
f 6980/2/2 6975/2/2 6981/2/2
f 6976/2/2 6977/2/2 6982/2/2
f 6982/2/2 6977/2/2 6983/2/2
f 6983/2/2 6977/2/2 6984/2/2
f 6983/2/2 6984/2/2 6985/2/2
f 6985/2/2 6984/2/2 6986/2/2
f 6987/2/2 6988/2/2 6989/2/2
f 6989/2/2 6988/2/2 6990/2/2
f 6991/2/2 6992/2/2 6997/2/2
f 6997/2/2 6992/2/2 6998/2/2
f 6993/2/2 6994/2/2 6999/2/2
f 6999/2/2 6994/2/2 7000/2/2
f 6995/2/2 6996/2/2 7001/2/2
f 7001/2/2 6996/2/2 7002/2/2
f 7003/2/2 7004/2/2 7008/2/2
f 7008/2/2 7004/2/2 7009/2/2
f 7005/2/2 7006/2/2 7014/2/2
f 7014/2/2 7006/2/2 7015/2/2
f 7007/2/2 7008/2/2 7016/2/2
f 7016/2/2 7008/2/2 7017/2/2
f 7010/2/2 7011/2/2 7018/2/2
f 7018/2/2 7011/2/2 7019/2/2
f 7012/2/2 7013/2/2 7020/2/2
f 7020/2/2 7013/2/2 7021/2/2
f 7022/2/2 7023/2/2 7029/2/2
f 7023/2/2 7024/2/2 7029/2/2
f 7029/2/2 7024/2/2 7030/2/2
f 7025/2/2 7026/2/2 7031/2/2
f 7031/2/2 7026/2/2 7032/2/2
f 7027/2/2 7028/2/2 7033/2/2
f 7033/2/2 7028/2/2 7034/2/2
f 7022/2/2 7029/2/2 7035/2/2
f 7035/2/2 7029/2/2 7036/2/2
f 7037/2/2 7038/2/2 7041/2/2
f 7041/2/2 7038/2/2 7042/2/2
f 7039/2/2 7040/2/2 7044/2/2
f 7044/2/2 7040/2/2 7045/2/2
f 7043/2/2 7044/2/2 7048/2/2
f 7048/2/2 7044/2/2 7049/2/2
f 7046/2/2 7047/2/2 7052/2/2
f 7052/2/2 7047/2/2 7053/2/2
f 7050/2/2 7051/2/2 7056/2/2
f 7056/2/2 7051/2/2 7057/2/2
f 7054/2/2 7055/2/2 7058/2/2
f 7058/2/2 7055/2/2 7059/2/2
f 7060/2/2 7061/2/2 7064/2/2
f 7064/2/2 7061/2/2 7065/2/2
f 7062/2/2 7063/2/2 7066/2/2
f 7066/2/2 7063/2/2 7067/2/2
f 7068/2/2 7069/2/2 7071/2/2
f 7071/2/2 7069/2/2 7072/2/2
f 7072/2/2 7069/2/2 7073/2/2
f 7070/2/2 7071/2/2 7076/2/2
f 7071/2/2 7072/2/2 7076/2/2
f 7076/2/2 7072/2/2 7077/2/2
f 7074/2/2 7075/2/2 7081/2/2
f 7081/2/2 7075/2/2 7082/2/2
f 7078/2/2 7079/2/2 7083/2/2
f 7083/2/2 7079/2/2 7084/2/2
f 7080/2/2 7081/2/2 7085/2/2
f 7085/2/2 7081/2/2 7086/2/2
f 7087/2/2 7088/2/2 7089/2/2
f 7089/2/2 7088/2/2 7090/2/2
f 7091/2/2 7092/2/2 7096/2/2
f 7096/2/2 7092/2/2 7097/2/2
f 7093/2/2 7094/2/2 7099/2/2
f 7099/2/2 7094/2/2 7100/2/2
f 7100/2/2 7094/2/2 7101/2/2
f 7101/2/2 7094/2/2 7102/2/2
f 7097/2/2 7098/2/2 7103/2/2
f 7095/2/2 7096/2/2 7103/2/2
f 7096/2/2 7097/2/2 7103/2/2
f 7103/2/2 7098/2/2 7104/2/2
f 7100/2/2 7101/2/2 7105/2/2
f 7105/2/2 7101/2/2 7106/2/2
f 7107/2/2 7108/2/2 7111/2/2
f 7111/2/2 7108/2/2 7112/2/2
f 7109/2/2 7110/2/2 7114/2/2
f 7114/2/2 7110/2/2 7115/2/2
f 7112/2/2 7113/2/2 7116/2/2
f 7116/2/2 7113/2/2 7117/2/2
f 7117/2/2 7113/2/2 7118/2/2
f 7118/2/2 7119/2/2 7120/2/2
f 7117/2/2 7118/2/2 7120/2/2
f 7120/2/2 7119/2/2 7121/2/2
f 7122/2/2 7123/2/2 7124/2/2
f 7124/2/2 7123/2/2 7125/2/2
f 7126/2/2 7127/2/2 7130/2/2
f 7130/2/2 7127/2/2 7131/2/2
f 7128/2/2 7129/2/2 7133/2/2
f 7133/2/2 7129/2/2 7134/2/2
f 7131/2/2 7132/2/2 7135/2/2
f 7135/2/2 7132/2/2 7136/2/2
f 7137/2/2 7138/2/2 7139/2/2
f 7139/2/2 7138/2/2 7140/2/2
f 7141/2/2 7142/2/2 7143/2/2
f 7143/2/2 7142/2/2 7144/2/2
f 7145/2/2 7146/2/2 7151/2/2
f 7147/2/2 7148/2/2 7152/2/2
f 7152/2/2 7148/2/2 7153/2/2
f 7149/2/2 7150/2/2 7156/2/2
f 7156/2/2 7150/2/2 7157/2/2
f 7151/2/2 7146/2/2 7158/2/2
f 7158/2/2 7146/2/2 7159/2/2
f 7154/2/2 7155/2/2 7162/2/2
f 7162/2/2 7155/2/2 7163/2/2
f 7160/2/2 7161/2/2 7164/2/2
f 7164/2/2 7161/2/2 7165/2/2
f 7166/2/2 7167/2/2 7172/2/2
f 7172/2/2 7167/2/2 7173/2/2
f 7168/2/2 7169/2/2 7174/2/2
f 7174/2/2 7169/2/2 7175/2/2
f 7170/2/2 7171/2/2 7176/2/2
f 7176/2/2 7171/2/2 7177/2/2
f 7178/2/2 7179/2/2 7183/2/2
f 7181/2/2 7182/2/2 7184/2/2
f 7180/2/2 7181/2/2 7184/2/2
f 7184/2/2 7182/2/2 7185/2/2
f 7178/2/2 7183/2/2 7187/2/2
f 7183/2/2 7184/2/2 7187/2/2
f 7184/2/2 7185/2/2 7187/2/2
f 7187/2/2 7185/2/2 7188/2/2
f 7186/2/2 7187/2/2 7188/2/2
f 7188/2/2 7185/2/2 7189/2/2
f 7186/2/2 7188/2/2 7191/2/2
f 7191/2/2 7188/2/2 7192/2/2
f 7190/2/2 7191/2/2 7195/2/2
f 7195/2/2 7191/2/2 7196/2/2
f 7193/2/2 7194/2/2 7200/2/2
f 7197/2/2 7198/2/2 7201/2/2
f 7201/2/2 7198/2/2 7202/2/2
f 7199/2/2 7200/2/2 7205/2/2
f 7200/2/2 7194/2/2 7206/2/2
f 7205/2/2 7200/2/2 7206/2/2
f 7203/2/2 7204/2/2 7207/2/2
f 7207/2/2 7204/2/2 7208/2/2
f 7209/2/2 7210/2/2 7215/2/2
f 7215/2/2 7210/2/2 7216/2/2
f 7211/2/2 7212/2/2 7217/2/2
f 7216/2/2 7217/2/2 7218/2/2
f 7217/2/2 7212/2/2 7218/2/2
f 7218/2/2 7212/2/2 7219/2/2
f 7213/2/2 7214/2/2 7220/2/2
f 7220/2/2 7214/2/2 7221/2/2
f 7216/2/2 7218/2/2 7222/2/2
f 7222/2/2 7218/2/2 7223/2/2
f 7224/2/2 7225/2/2 7226/2/2
f 7226/2/2 7225/2/2 7227/2/2
f 7228/2/2 7229/2/2 7232/2/2
f 7232/2/2 7229/2/2 7233/2/2
f 7233/2/2 7229/2/2 7234/2/2
f 7230/2/2 7231/2/2 7235/2/2
f 7235/2/2 7231/2/2 7236/2/2
f 7233/2/2 7234/2/2 7237/2/2
f 7234/2/2 7235/2/2 7237/2/2
f 7237/2/2 7235/2/2 7238/2/2
f 7239/2/2 7240/2/2 7243/2/2
f 7243/2/2 7240/2/2 7244/2/2
f 7241/2/2 7242/2/2 7245/2/2
f 7245/2/2 7242/2/2 7246/2/2
f 7247/2/2 7248/2/2 7251/2/2
f 7251/2/2 7248/2/2 7252/2/2
f 7249/2/2 7250/2/2 7257/2/2
f 7257/2/2 7250/2/2 7258/2/2
f 7253/2/2 7254/2/2 7259/2/2
f 7259/2/2 7254/2/2 7260/2/2
f 7255/2/2 7256/2/2 7261/2/2
f 7261/2/2 7256/2/2 7262/2/2
f 7263/2/2 7264/2/2 7267/2/2
f 7267/2/2 7264/2/2 7268/2/2
f 7265/2/2 7266/2/2 7269/2/2
f 7269/2/2 7266/2/2 7270/2/2
f 7271/2/2 7272/2/2 7276/2/2
f 7272/2/2 7273/2/2 7276/2/2
f 7276/2/2 7273/2/2 7277/2/2
f 7274/2/2 7275/2/2 7278/2/2
f 7278/2/2 7275/2/2 7279/2/2
f 7280/2/2 7281/2/2 7284/2/2
f 7284/2/2 7281/2/2 7285/2/2
f 7285/2/2 7281/2/2 7286/2/2
f 7282/2/2 7283/2/2 7287/2/2
f 7285/2/2 7286/2/2 7288/2/2
f 7286/2/2 7287/2/2 7288/2/2
f 7288/2/2 7287/2/2 7289/2/2
f 7289/2/2 7287/2/2 7290/2/2
f 7287/2/2 7283/2/2 7291/2/2
f 7290/2/2 7287/2/2 7291/2/2
f 7289/2/2 7290/2/2 7292/2/2
f 7292/2/2 7290/2/2 7293/2/2
f 7294/2/2 7295/2/2 7298/2/2
f 7298/2/2 7295/2/2 7299/2/2
f 7296/2/2 7297/2/2 7302/2/2
f 7302/2/2 7297/2/2 7303/2/2
f 7300/2/2 7301/2/2 7304/2/2
f 7304/2/2 7301/2/2 7305/2/2
f 7296/2/2 7302/2/2 7306/2/2
f 7306/2/2 7302/2/2 7307/2/2
f 7308/2/2 7309/2/2 7312/2/2
f 7312/2/2 7309/2/2 7313/2/2
f 7310/2/2 7311/2/2 7315/2/2
f 7315/2/2 7311/2/2 7316/2/2
f 7313/2/2 7314/2/2 7317/2/2
f 7317/2/2 7314/2/2 7318/2/2
f 7319/2/2 7320/2/2 7321/2/2
f 7321/2/2 7320/2/2 7322/2/2
f 7325/2/2 7326/2/2 7327/2/2
f 7327/2/2 7326/2/2 7328/2/2
f 7323/2/2 7324/2/2 7330/2/2
f 7330/2/2 7324/2/2 7331/2/2
f 7328/2/2 7329/2/2 7332/2/2
f 7332/2/2 7329/2/2 7333/2/2
f 7334/2/2 7335/2/2 7338/2/2
f 7338/2/2 7335/2/2 7339/2/2
f 7336/2/2 7337/2/2 7340/2/2
f 7339/2/2 7340/2/2 7341/2/2
f 7340/2/2 7337/2/2 7342/2/2
f 7341/2/2 7340/2/2 7342/2/2
f 7342/2/2 7337/2/2 7343/2/2
f 7343/2/2 7337/2/2 7344/2/2
f 7345/2/2 7346/2/2 7349/2/2
f 7349/2/2 7346/2/2 7350/2/2
f 7347/2/2 7348/2/2 7351/2/2
f 7351/2/2 7348/2/2 7352/2/2
f 7350/2/2 7351/2/2 7353/2/2
f 7353/2/2 7351/2/2 7354/2/2
f 7355/2/2 7356/2/2 7357/2/2
f 7357/2/2 7356/2/2 7358/2/2
f 7361/2/3 7360/2/3 7359/2/3
f 7362/2/3 7360/2/3 7361/2/3
f 7365/2/3 7364/2/3 7363/2/3
f 7366/2/3 7364/2/3 7365/2/3
f 7369/2/3 7367/2/3 7366/2/3
f 7370/2/3 7367/2/3 7369/2/3
f 7371/2/3 7369/2/3 7368/2/3
f 7372/2/3 7369/2/3 7371/2/3
f 7375/2/3 7374/2/3 7373/2/3
f 7376/2/3 7374/2/3 7375/2/3
f 7379/2/3 7377/2/3 7376/2/3
f 7380/2/3 7377/2/3 7379/2/3
f 7382/2/3 7379/2/3 7378/2/3
f 7382/2/3 7381/2/3 7380/2/3
f 7382/2/3 7380/2/3 7379/2/3
f 7383/2/3 7381/2/3 7382/2/3
f 7386/2/3 7385/2/3 7384/2/3
f 7387/2/3 7385/2/3 7386/2/3
f 7389/2/3 7388/2/3 7387/2/3
f 7390/2/3 7388/2/3 7389/2/3
f 7393/2/3 7392/2/3 7391/2/3
f 7394/2/3 7392/2/3 7393/2/3
f 7397/2/3 7396/2/3 7395/2/3
f 7398/2/3 7396/2/3 7397/2/3
f 7400/2/3 7399/2/3 7398/2/3
f 7401/2/3 7399/2/3 7400/2/3
f 7404/2/3 7403/2/3 7402/2/3
f 7405/2/3 7403/2/3 7404/2/3
f 7408/2/3 7407/2/3 7406/2/3
f 7409/2/3 7407/2/3 7408/2/3
f 7412/2/3 7411/2/3 7410/2/3
f 7413/2/3 7411/2/3 7412/2/3
f 7416/2/3 7415/2/3 7414/2/3
f 7417/2/3 7415/2/3 7416/2/3
f 7420/2/3 7419/2/3 7418/2/3
f 7421/2/3 7419/2/3 7420/2/3
f 7422/2/3 7420/2/3 7418/2/3
f 7423/2/3 7420/2/3 7422/2/3
f 7426/2/3 7425/2/3 7424/2/3
f 7428/2/3 7426/2/3 7424/2/3
f 7428/2/3 7427/2/3 7426/2/3
f 7429/2/3 7427/2/3 7428/2/3
f 7430/2/3 7427/2/3 7429/2/3
f 7432/2/3 7430/2/3 7429/2/3
f 7432/2/3 7431/2/3 7430/2/3
f 7433/2/3 7431/2/3 7432/2/3
f 7435/2/3 7432/2/3 7429/2/3
f 7436/2/3 7435/2/3 7434/2/3
f 7437/2/3 7432/2/3 7435/2/3
f 7437/2/3 7435/2/3 7436/2/3
f 7440/2/3 7439/2/3 7438/2/3
f 7441/2/3 7439/2/3 7440/2/3
f 7442/2/3 7439/2/3 7441/2/3
f 7445/2/3 7444/2/3 7443/2/3
f 7446/2/3 7444/2/3 7445/2/3
f 7449/2/3 7448/2/3 7447/2/3
f 7450/2/3 7448/2/3 7449/2/3
f 7453/2/3 7452/2/3 7451/2/3
f 7454/2/3 7452/2/3 7453/2/3
f 7457/2/3 7456/2/3 7455/2/3
f 7458/2/3 7456/2/3 7457/2/3
f 7461/2/3 7460/2/3 7459/2/3
f 7462/2/3 7460/2/3 7461/2/3
f 7465/2/3 7464/2/3 7463/2/3
f 7467/2/3 7465/2/3 7463/2/3
f 7467/2/3 7466/2/3 7465/2/3
f 7468/2/3 7466/2/3 7467/2/3
f 7470/2/3 7466/2/3 7468/2/3
f 7471/2/3 7466/2/3 7470/2/3
f 7474/2/3 7470/2/3 7469/2/3
f 7475/2/3 7470/2/3 7474/2/3
f 7476/2/3 7473/2/3 7472/2/3
f 7477/2/3 7473/2/3 7476/2/3
f 7480/2/3 7479/2/3 7478/2/3
f 7481/2/3 7479/2/3 7480/2/3
f 7484/2/3 7483/2/3 7482/2/3
f 7485/2/3 7483/2/3 7484/2/3
f 7489/2/3 7487/2/3 7486/2/3
f 7490/2/3 7489/2/3 7488/2/3
f 7491/2/3 7487/2/3 7489/2/3
f 7491/2/3 7489/2/3 7490/2/3
f 7494/2/3 7493/2/3 7492/2/3
f 7495/2/3 7493/2/3 7494/2/3
f 7498/2/3 7497/2/3 7496/2/3
f 7499/2/3 7497/2/3 7498/2/3
f 7502/2/3 7501/2/3 7500/2/3
f 7503/2/3 7501/2/3 7502/2/3
f 7506/2/3 7505/2/3 7504/2/3
f 7507/2/3 7505/2/3 7506/2/3
f 7510/2/3 7509/2/3 7508/2/3
f 7511/2/3 7509/2/3 7510/2/3
f 7514/2/3 7513/2/3 7512/2/3
f 7515/2/3 7513/2/3 7514/2/3
f 7518/2/3 7517/2/3 7516/2/3
f 7519/2/3 7517/2/3 7518/2/3
f 7522/2/3 7521/2/3 7520/2/3
f 7523/2/3 7521/2/3 7522/2/3
f 7525/2/3 7524/2/3 7523/2/3
f 7527/2/3 7525/2/3 7523/2/3
f 7527/2/3 7526/2/3 7525/2/3
f 7528/2/3 7526/2/3 7527/2/3
f 7529/2/3 7526/2/3 7528/2/3
f 7530/2/3 7526/2/3 7529/2/3
f 7533/2/3 7532/2/3 7531/2/3
f 7534/2/3 7532/2/3 7533/2/3
f 7537/2/3 7536/2/3 7535/2/3
f 7538/2/3 7536/2/3 7537/2/3
f 7541/2/3 7540/2/3 7539/2/3
f 7542/2/3 7540/2/3 7541/2/3
f 7547/2/3 7544/2/3 7543/2/3
f 7548/2/3 7544/2/3 7547/2/3
f 7549/2/3 7546/2/3 7545/2/3
f 7550/2/3 7546/2/3 7549/2/3
f 7553/2/3 7552/2/3 7551/2/3
f 7554/2/3 7552/2/3 7553/2/3
f 7556/2/3 7555/2/3 7554/2/3
f 7557/2/3 7555/2/3 7556/2/3
f 7560/2/3 7559/2/3 7558/2/3
f 7561/2/3 7559/2/3 7560/2/3
f 7564/2/3 7563/2/3 7562/2/3
f 7565/2/3 7563/2/3 7564/2/3
f 7569/2/3 7567/2/3 7566/2/3
f 7570/2/3 7567/2/3 7569/2/3
f 7571/2/3 7569/2/3 7568/2/3
f 7572/2/3 7569/2/3 7571/2/3
f 7577/2/3 7574/2/3 7573/2/3
f 7578/2/3 7576/2/3 7575/2/3
f 7579/2/3 7576/2/3 7578/2/3
f 7580/2/3 7574/2/3 7577/2/3
f 7581/2/3 7574/2/3 7580/2/3
f 7582/2/3 7580/2/3 7579/2/3
f 7583/2/3 7580/2/3 7582/2/3
f 7587/2/3 7585/2/3 7584/2/3
f 7588/2/3 7585/2/3 7587/2/3
f 7589/2/3 7587/2/3 7586/2/3
f 7590/2/3 7587/2/3 7589/2/3
f 7591/2/3 7585/2/3 7588/2/3
f 7592/2/3 7585/2/3 7591/2/3
f 7593/2/3 7590/2/3 7589/2/3
f 7594/2/3 7590/2/3 7593/2/3
f 7597/2/3 7596/2/3 7595/2/3
f 7598/2/3 7596/2/3 7597/2/3
f 7599/2/3 7596/2/3 7598/2/3
f 7601/2/3 7600/2/3 7599/2/3
f 7601/2/3 7599/2/3 7598/2/3
f 7602/2/3 7600/2/3 7601/2/3
f 7603/2/3 7600/2/3 7602/2/3
f 7605/2/3 7602/2/3 7601/2/3
f 7606/2/3 7602/2/3 7605/2/3
f 7607/2/3 7604/2/3 7603/2/3
f 7608/2/3 7604/2/3 7607/2/3
f 7609/2/3 7607/2/3 7606/2/3
f 7610/2/3 7607/2/3 7609/2/3
f 7613/2/3 7612/2/3 7611/2/3
f 7614/2/3 7612/2/3 7613/2/3
f 7617/2/3 7616/2/3 7615/2/3
f 7618/2/3 7616/2/3 7617/2/3
f 7621/2/3 7620/2/3 7619/2/3
f 7622/2/3 7620/2/3 7621/2/3
f 7625/2/3 7624/2/3 7623/2/3
f 7626/2/3 7624/2/3 7625/2/3
f 7628/2/3 7625/2/3 7623/2/3
f 7629/2/3 7625/2/3 7628/2/3
f 7630/2/3 7627/2/3 7626/2/3
f 7631/2/3 7627/2/3 7630/2/3
f 7637/2/3 7633/2/3 7632/2/3
f 7638/2/3 7633/2/3 7637/2/3
f 7639/2/3 7636/2/3 7635/2/3
f 7639/2/3 7635/2/3 7634/2/3
f 7640/2/3 7636/2/3 7639/2/3
f 7643/2/3 7642/2/3 7641/2/3
f 7644/2/3 7642/2/3 7643/2/3
f 7647/2/3 7646/2/3 7645/2/3
f 7648/2/3 7646/2/3 7647/2/3
f 7651/2/3 7650/2/3 7649/2/3
f 7652/2/3 7650/2/3 7651/2/3
f 7657/2/3 7654/2/3 7653/2/3
f 7658/2/3 7654/2/3 7657/2/3
f 7659/2/3 7656/2/3 7655/2/3
f 7660/2/3 7656/2/3 7659/2/3
f 7663/2/3 7662/2/3 7661/2/3
f 7664/2/3 7662/2/3 7663/2/3
f 7667/2/3 7666/2/3 7665/2/3
f 7668/2/3 7666/2/3 7667/2/3
f 7671/2/3 7670/2/3 7669/2/3
f 7672/2/3 7670/2/3 7671/2/3
f 7673/2/3 7670/2/3 7672/2/3
f 7674/2/3 7670/2/3 7673/2/3
f 7678/2/3 7676/2/3 7675/2/3
f 7678/2/3 7677/2/3 7676/2/3
f 7679/2/3 7677/2/3 7678/2/3
f 7680/2/3 7677/2/3 7679/2/3
f 7683/2/3 7682/2/3 7681/2/3
f 7684/2/3 7682/2/3 7683/2/3
f 7686/2/3 7683/2/3 7681/2/3
f 7687/2/3 7683/2/3 7686/2/3
f 7688/2/3 7686/2/3 7685/2/3
f 7689/2/3 7686/2/3 7688/2/3
f 7692/2/3 7691/2/3 7690/2/3
f 7693/2/3 7691/2/3 7692/2/3
f 7695/2/3 7694/2/3 7693/2/3
f 7696/2/3 7694/2/3 7695/2/3
f 7700/2/3 7698/2/3 7697/2/3
f 7700/2/3 7699/2/3 7698/2/3
f 7701/2/3 7699/2/3 7700/2/3
f 7703/2/3 7702/2/3 7701/2/3
f 7704/2/3 7702/2/3 7703/2/3
f 7705/2/3 7702/2/3 7704/2/3
f 7706/2/3 7704/2/3 7703/2/3
f 7707/2/3 7704/2/3 7706/2/3
f 7710/2/3 7709/2/3 7708/2/3
f 7711/2/3 7709/2/3 7710/2/3
f 7714/2/3 7713/2/3 7712/2/3
f 7715/2/3 7713/2/3 7714/2/3
f 7718/2/3 7717/2/3 7716/2/3
f 7719/2/3 7717/2/3 7718/2/3
f 7723/2/3 7721/2/3 7720/2/3
f 7723/2/3 7722/2/3 7721/2/3
f 7724/2/3 7722/2/3 7723/2/3
f 7725/2/3 7722/2/3 7724/2/3
f 7726/2/3 7722/2/3 7725/2/3
f 7728/2/3 7725/2/3 7724/2/3
f 7729/2/3 7725/2/3 7728/2/3
f 7730/2/3 7728/2/3 7727/2/3
f 7731/2/3 7728/2/3 7730/2/3
f 7735/2/3 7733/2/3 7732/2/3
f 7736/2/3 7735/2/3 7734/2/3
f 7737/2/3 7733/2/3 7735/2/3
f 7737/2/3 7735/2/3 7736/2/3
f 7740/2/3 7739/2/3 7738/2/3
f 7741/2/3 7739/2/3 7740/2/3
f 7746/2/3 7743/2/3 7742/2/3
f 7748/2/3 7745/2/3 7744/2/3
f 7749/2/3 7745/2/3 7748/2/3
f 7750/2/3 7747/2/3 7746/2/3
f 7750/2/3 7746/2/3 7742/2/3
f 7751/2/3 7747/2/3 7750/2/3
f 7753/2/3 7752/2/3 7751/2/3
f 7754/2/3 7752/2/3 7753/2/3
f 7757/2/3 7756/2/3 7755/2/3
f 7758/2/3 7756/2/3 7757/2/3
f 7762/2/3 7760/2/3 7759/2/3
f 7762/2/3 7761/2/3 7760/2/3
f 7763/2/3 7761/2/3 7762/2/3
f 7766/2/3 7765/2/3 7764/2/3
f 7767/2/3 7765/2/3 7766/2/3
f 7770/2/3 7769/2/3 7768/2/3
f 7771/2/3 7769/2/3 7770/2/3
f 7774/2/3 7769/2/3 7771/2/3
f 7776/2/3 7773/2/3 7772/2/3
f 7777/2/3 7773/2/3 7776/2/3
f 7778/2/3 7775/2/3 7774/2/3
f 7778/2/3 7774/2/3 7771/2/3
f 7779/2/3 7775/2/3 7778/2/3
f 7780/2/3 7778/2/3 7771/2/3
f 7781/2/3 7778/2/3 7780/2/3
f 7784/2/3 7782/2/3 7781/2/3
f 7786/2/3 7784/2/3 7783/2/3
f 7787/2/3 7782/2/3 7784/2/3
f 7787/2/3 7784/2/3 7786/2/3
f 7788/2/3 7782/2/3 7787/2/3
f 7790/2/3 7786/2/3 7785/2/3
f 7790/2/3 7787/2/3 7786/2/3
f 7791/2/3 7790/2/3 7789/2/3
f 7792/2/3 7787/2/3 7790/2/3
f 7792/2/3 7790/2/3 7791/2/3
f 7795/2/3 7794/2/3 7793/2/3
f 7796/2/3 7794/2/3 7795/2/3
f 7798/2/3 7797/2/3 7796/2/3
f 7799/2/3 7797/2/3 7798/2/3
f 7801/2/3 7800/2/3 7799/2/3
f 7802/2/3 7800/2/3 7801/2/3
f 7806/2/3 7804/2/3 7803/2/3
f 7807/2/3 7804/2/3 7806/2/3
f 7808/2/3 7806/2/3 7805/2/3
f 7809/2/3 7806/2/3 7808/2/3
f 7811/2/3 7810/2/3 7809/2/3
f 7812/2/3 7810/2/3 7811/2/3
f 7813/2/3 7810/2/3 7812/2/3
f 7816/2/3 7815/2/3 7814/2/3
f 7817/2/3 7815/2/3 7816/2/3
f 7820/2/3 7819/2/3 7818/2/3
f 7821/2/3 7819/2/3 7820/2/3
f 7824/2/3 7823/2/3 7822/2/3
f 7825/2/3 7823/2/3 7824/2/3
f 7828/2/3 7827/2/3 7826/2/3
f 7829/2/3 7827/2/3 7828/2/3
f 7831/2/3 7827/2/3 7829/2/3
f 7832/2/3 7831/2/3 7830/2/3
f 7833/2/3 7827/2/3 7831/2/3
f 7833/2/3 7831/2/3 7832/2/3
f 7834/2/3 7827/2/3 7833/2/3
f 7835/2/3 7827/2/3 7834/2/3
f 7837/2/3 7836/2/3 7835/2/3
f 7838/2/3 7836/2/3 7837/2/3
f 7841/2/3 7840/2/3 7839/2/3
f 7842/2/3 7840/2/3 7841/2/3
f 7847/2/3 7844/2/3 7843/2/3
f 7848/2/3 7844/2/3 7847/2/3
f 7849/2/3 7846/2/3 7845/2/3
f 7850/2/3 7846/2/3 7849/2/3
f 7854/2/3 7851/2/3 7850/2/3
f 7855/2/3 7851/2/3 7854/2/3
f 7856/2/3 7853/2/3 7852/2/3
f 7857/2/3 7853/2/3 7856/2/3
f 7860/2/3 7859/2/3 7858/2/3
f 7861/2/3 7859/2/3 7860/2/3
f 7864/2/3 7863/2/3 7862/2/3
f 7865/2/3 7863/2/3 7864/2/3
f 7867/2/3 7866/2/3 7865/2/3
f 7868/2/3 7866/2/3 7867/2/3
f 7872/2/3 7870/2/3 7869/2/3
f 7872/2/3 7871/2/3 7870/2/3
f 7873/2/3 7871/2/3 7872/2/3
f 7874/2/3 7871/2/3 7873/2/3
f 7875/2/3 7871/2/3 7874/2/3
f 7878/2/3 7877/2/3 7876/2/3
f 7879/2/3 7877/2/3 7878/2/3
f 7880/2/3 7877/2/3 7879/2/3
f 7882/2/3 7881/2/3 7880/2/3
f 7882/2/3 7880/2/3 7879/2/3
f 7884/2/3 7882/2/3 7879/2/3
f 7884/2/3 7883/2/3 7882/2/3
f 7885/2/3 7883/2/3 7884/2/3
f 7886/2/3 7883/2/3 7885/2/3
f 7891/2/3 7890/2/3 7889/2/3
f 7892/2/3 7890/2/3 7891/2/3
f 7893/2/3 7888/2/3 7887/2/3
f 7894/2/3 7888/2/3 7893/2/3
f 7895/2/3 7893/2/3 7892/2/3
f 7896/2/3 7893/2/3 7895/2/3
f 7897/2/3 7888/2/3 7894/2/3
f 7898/2/3 7897/2/3 7896/2/3
f 7899/2/3 7888/2/3 7897/2/3
f 7899/2/3 7897/2/3 7898/2/3
f 7902/2/3 7901/2/3 7900/2/3
f 7903/2/3 7901/2/3 7902/2/3
f 7907/2/3 7905/2/3 7904/2/3
f 7907/2/3 7906/2/3 7905/2/3
f 7908/2/3 7906/2/3 7907/2/3
f 7909/2/3 7906/2/3 7908/2/3
f 7910/2/3 7906/2/3 7909/2/3
f 7911/2/3 7906/2/3 7910/2/3
f 7916/2/3 7913/2/3 7912/2/3
f 7917/2/3 7913/2/3 7916/2/3
f 7918/2/3 7915/2/3 7914/2/3
f 7919/2/3 7915/2/3 7918/2/3
f 7922/2/3 7921/2/3 7920/2/3
f 7923/2/3 7921/2/3 7922/2/3
f 7926/2/3 7925/2/3 7924/2/3
f 7927/2/3 7925/2/3 7926/2/3
f 7928/2/3 7925/2/3 7927/2/3
f 7931/2/3 7929/2/3 7928/2/3
f 7932/2/3 7929/2/3 7931/2/3
f 7934/2/3 7931/2/3 7930/2/3
f 7935/2/3 7933/2/3 7932/2/3
f 7936/2/3 7934/2/3 7930/2/3
f 7936/2/3 7935/2/3 7934/2/3
f 7937/2/3 7935/2/3 7936/2/3
f 7938/2/3 7933/2/3 7935/2/3
f 7938/2/3 7935/2/3 7937/2/3
f 7939/2/3 7933/2/3 7938/2/3
f 7940/2/3 7938/2/3 7937/2/3
f 7941/2/3 7938/2/3 7940/2/3
f 7944/2/3 7943/2/3 7942/2/3
f 7945/2/3 7943/2/3 7944/2/3
f 7948/2/3 7947/2/3 7946/2/3
f 7949/2/3 7947/2/3 7948/2/3
f 7952/2/3 7951/2/3 7950/2/3
f 7953/2/3 7951/2/3 7952/2/3
f 7956/2/3 7955/2/3 7954/2/3
f 7957/2/3 7955/2/3 7956/2/3
f 7961/2/3 7959/2/3 7958/2/3
f 7961/2/3 7960/2/3 7959/2/3
f 7962/2/3 7960/2/3 7961/2/3
f 7965/2/3 7964/2/3 7963/2/3
f 7966/2/3 7964/2/3 7965/2/3
f 7970/2/3 7968/2/3 7967/2/3
f 7970/2/3 7969/2/3 7968/2/3
f 7971/2/3 7969/2/3 7970/2/3
f 7976/2/3 7975/2/3 7974/2/3
f 7977/2/3 7975/2/3 7976/2/3
f 7980/1/3 7973/1/3 7972/1/3
f 7981/1/3 7973/1/3 7980/1/3
f 7983/2/3 7979/2/3 7978/2/3
f 7984/2/3 7979/2/3 7983/2/3
f 7985/2/3 7983/2/3 7982/2/3
f 7986/2/3 7983/2/3 7985/2/3
f 7991/2/3 7988/2/3 7987/2/3
f 7992/2/3 7988/2/3 7991/2/3
f 7993/2/3 7990/2/3 7989/2/3
f 7994/2/3 7990/2/3 7993/2/3
f 7995/2/3 7993/2/3 7989/2/3
f 7996/2/3 7993/2/3 7995/2/3
f 7999/2/3 7997/2/3 7996/2/3
f 8000/2/3 7997/2/3 7999/2/3
f 8001/2/3 7999/2/3 7998/2/3
f 8002/2/3 7999/2/3 8001/2/3
f 8006/2/3 8004/2/3 8003/2/3
f 8007/2/3 8006/2/3 8005/2/3
f 8008/2/3 8004/2/3 8006/2/3
f 8008/2/3 8006/2/3 8007/2/3
f 8011/2/3 8010/2/3 8009/2/3
f 8012/2/3 8010/2/3 8011/2/3
f 8015/2/3 8014/2/3 8013/2/3
f 8016/2/3 8014/2/3 8015/2/3
f 8019/2/3 8018/2/3 8017/2/3
f 8020/2/3 8018/2/3 8019/2/3
f 8023/2/3 8022/2/3 8021/2/3
f 8024/2/3 8022/2/3 8023/2/3
f 8027/2/3 8025/2/3 8024/2/3
f 8028/2/3 8025/2/3 8027/2/3
f 8029/2/3 8027/2/3 8026/2/3
f 8030/2/3 8027/2/3 8029/2/3
f 8033/2/3 8032/2/3 8031/2/3
f 8034/2/3 8032/2/3 8033/2/3
f 8037/1/3 8036/1/3 8035/1/3
f 8038/1/3 8036/1/3 8037/1/3
f 8043/2/3 8042/2/3 8041/2/3
f 8044/2/3 8042/2/3 8043/2/3
f 8045/1/3 8040/1/3 8039/1/3
f 8046/1/3 8040/1/3 8045/1/3
f 8050/2/3 8048/2/3 8047/2/3
f 8051/2/3 8048/2/3 8050/2/3
f 8054/2/3 8050/2/3 8049/2/3
f 8055/2/3 8050/2/3 8054/2/3
f 8056/1/3 8053/1/3 8052/1/3
f 8057/1/3 8053/1/3 8056/1/3
f 8060/2/3 8059/2/3 8058/2/3
f 8061/2/3 8059/2/3 8060/2/3
f 8065/2/3 8063/2/3 8062/2/3
f 8065/2/3 8064/2/3 8063/2/3
f 8066/2/3 8064/2/3 8065/2/3
f 8067/2/3 8064/2/3 8066/2/3
f 8068/2/3 8064/2/3 8067/2/3
f 8071/2/3 8070/2/3 8069/2/3
f 8072/2/3 8070/2/3 8071/2/3
f 8075/2/3 8074/2/3 8073/2/3
f 8076/2/3 8074/2/3 8075/2/3
f 8079/2/3 8078/2/3 8077/2/3
f 8080/2/3 8078/2/3 8079/2/3
f 8083/2/3 8082/2/3 8081/2/3
f 8086/2/3 8082/2/3 8083/2/3
f 8087/2/3 8082/2/3 8086/2/3
f 8088/2/3 8085/2/3 8084/2/3
f 8089/2/3 8085/2/3 8088/2/3
f 8093/2/3 8091/2/3 8090/2/3
f 8094/2/3 8091/2/3 8093/2/3
f 8095/2/3 8093/2/3 8092/2/3
f 8096/2/3 8093/2/3 8095/2/3
f 8099/2/3 8098/2/3 8097/2/3
f 8100/2/3 8098/2/3 8099/2/3
f 8105/1/3 8102/1/3 8101/1/3
f 8106/1/3 8102/1/3 8105/1/3
f 8107/2/3 8104/2/3 8103/2/3
f 8108/2/3 8104/2/3 8107/2/3
f 8111/1/3 8110/1/3 8109/1/3
f 8112/1/3 8110/1/3 8111/1/3
f 8115/2/3 8114/2/3 8113/2/3
f 8116/2/3 8114/2/3 8115/2/3
f 8119/2/3 8118/2/3 8117/2/3
f 8120/2/3 8118/2/3 8119/2/3
f 8122/1/3 8110/1/3 8112/1/3
f 8123/1/3 8122/1/3 8121/1/3
f 8124/1/3 8110/1/3 8122/1/3
f 8124/1/3 8122/1/3 8123/1/3
f 8129/2/3 8126/2/3 8125/2/3
f 8130/2/3 8126/2/3 8129/2/3
f 8131/1/3 8128/1/3 8127/1/3
f 8132/1/3 8128/1/3 8131/1/3
f 8135/2/3 8134/2/3 8133/2/3
f 8136/2/3 8134/2/3 8135/2/3
f 8139/2/3 8138/2/3 8137/2/3
f 8140/2/3 8138/2/3 8139/2/3
f 8143/2/3 8142/2/3 8141/2/3
f 8144/2/3 8142/2/3 8143/2/3
f 8148/2/3 8146/2/3 8145/2/3
f 8150/2/3 8148/2/3 8147/2/3
f 8151/2/3 8148/2/3 8150/2/3
f 8152/2/3 8146/2/3 8148/2/3
f 8152/2/3 8148/2/3 8151/2/3
f 8153/2/3 8151/2/3 8150/2/3
f 8153/2/3 8150/2/3 8149/2/3
f 8154/2/3 8151/2/3 8153/2/3
f 8159/1/3 8156/1/3 8155/1/3
f 8160/1/3 8156/1/3 8159/1/3
f 8163/2/3 8158/2/3 8157/2/3
f 8164/2/3 8158/2/3 8163/2/3
f 8165/1/3 8162/1/3 8161/1/3
f 8166/1/3 8162/1/3 8165/1/3
f 8171/2/3 8170/2/3 8169/2/3
f 8172/2/3 8170/2/3 8171/2/3
f 8175/2/3 8174/2/3 8173/2/3
f 8176/2/3 8174/2/3 8175/2/3
f 8178/1/3 8168/1/3 8167/1/3
f 8179/1/3 8168/1/3 8178/1/3
f 8184/1/3 8178/1/3 8177/1/3
f 8185/1/3 8178/1/3 8184/1/3
f 8186/2/3 8181/2/3 8180/2/3
f 8187/2/3 8181/2/3 8186/2/3
f 8188/2/3 8183/2/3 8182/2/3
f 8191/2/3 8183/2/3 8188/2/3
f 8192/2/3 8183/2/3 8191/2/3
f 8193/1/3 8190/1/3 8189/1/3
f 8194/1/3 8190/1/3 8193/1/3
f 8197/2/3 8196/2/3 8195/2/3
f 8198/2/3 8196/2/3 8197/2/3
f 8201/2/3 8200/2/3 8199/2/3
f 8202/2/3 8200/2/3 8201/2/3
f 8205/2/3 8204/2/3 8203/2/3
f 8206/2/3 8204/2/3 8205/2/3
f 8209/2/3 8207/2/3 8206/2/3
f 8210/2/3 8207/2/3 8209/2/3
f 8212/2/3 8209/2/3 8208/2/3
f 8212/2/3 8210/2/3 8209/2/3
f 8213/2/3 8210/2/3 8212/2/3
f 8214/2/3 8212/2/3 8211/2/3
f 8215/2/3 8212/2/3 8214/2/3
f 8218/2/3 8217/2/3 8216/2/3
f 8219/2/3 8217/2/3 8218/2/3
f 8222/2/3 8221/2/3 8220/2/3
f 8223/2/3 8221/2/3 8222/2/3
f 8226/2/3 8225/2/3 8224/2/3
f 8227/2/3 8225/2/3 8226/2/3
f 8234/2/3 8229/2/3 8228/2/3
f 8235/2/3 8229/2/3 8234/2/3
f 8236/1/3 8231/1/3 8230/1/3
f 8237/1/3 8231/1/3 8236/1/3
f 8239/2/3 8233/2/3 8232/2/3
f 8240/2/3 8233/2/3 8239/2/3
f 8243/1/3 8242/1/3 8241/1/3
f 8244/1/3 8242/1/3 8243/1/3
f 8246/2/3 8239/2/3 8238/2/3
f 8248/1/3 8245/1/3 8244/1/3
f 8249/1/3 8245/1/3 8248/1/3
f 8250/2/3 8247/2/3 8246/2/3
f 8250/2/3 8246/2/3 8238/2/3
f 8251/2/3 8247/2/3 8250/2/3
f 8252/1/3 8245/1/3 8249/1/3
f 8253/1/3 8245/1/3 8252/1/3
f 8256/2/3 8255/2/3 8254/2/3
f 8257/2/3 8255/2/3 8256/2/3
f 8260/2/3 8259/2/3 8258/2/3
f 8261/2/3 8259/2/3 8260/2/3
f 8267/1/3 8245/1/3 8253/1/3
f 8268/2/3 8263/2/3 8262/2/3
f 8269/2/3 8263/2/3 8268/2/3
f 8270/2/3 8265/2/3 8264/2/3
f 8271/2/3 8265/2/3 8270/2/3
f 8274/1/3 8267/1/3 8266/1/3
f 8275/1/3 8245/1/3 8267/1/3
f 8275/1/3 8267/1/3 8274/1/3
f 8276/2/3 8270/2/3 8269/2/3
f 8277/2/3 8270/2/3 8276/2/3
f 8278/1/3 8273/1/3 8272/1/3
f 8279/1/3 8273/1/3 8278/1/3
f 8282/2/3 8281/2/3 8280/2/3
f 8283/2/3 8281/2/3 8282/2/3
f 8286/1/3 8285/1/3 8284/1/3
f 8287/1/3 8285/1/3 8286/1/3
f 8290/2/3 8289/2/3 8288/2/3
f 8291/2/3 8289/2/3 8290/2/3
f 8295/2/3 8293/2/3 8292/2/3
f 8296/2/3 8293/2/3 8295/2/3
f 8297/2/3 8293/2/3 8296/2/3
f 8298/2/3 8293/2/3 8297/2/3
f 8299/2/3 8295/2/3 8294/2/3
f 8300/2/3 8295/2/3 8299/2/3
f 8303/2/3 8302/2/3 8301/2/3
f 8304/2/3 8302/2/3 8303/2/3
f 8307/2/3 8306/2/3 8305/2/3
f 8308/2/3 8306/2/3 8307/2/3
f 8311/2/3 8310/2/3 8309/2/3
f 8312/2/3 8310/2/3 8311/2/3
f 8315/1/3 8314/1/3 8313/1/3
f 8316/1/3 8314/1/3 8315/1/3
f 8321/2/3 8318/2/3 8317/2/3
f 8322/2/3 8318/2/3 8321/2/3
f 8323/1/3 8320/1/3 8319/1/3
f 8324/1/3 8320/1/3 8323/1/3
f 8325/1/3 8320/1/3 8324/1/3
f 8327/1/3 8326/1/3 8325/1/3
f 8327/1/3 8325/1/3 8324/1/3
f 8328/1/3 8326/1/3 8327/1/3
f 8333/2/3 8332/2/3 8331/2/3
f 8334/2/3 8332/2/3 8333/2/3
f 8337/1/3 8330/1/3 8329/1/3
f 8339/2/3 8336/2/3 8335/2/3
f 8341/2/3 8339/2/3 8335/2/3
f 8341/2/3 8340/2/3 8339/2/3
f 8342/2/3 8340/2/3 8341/2/3
f 8343/2/3 8340/2/3 8342/2/3
f 8344/2/3 8340/2/3 8343/2/3
f 8345/2/3 8340/2/3 8344/2/3
f 8346/1/3 8338/1/3 8337/1/3
f 8346/1/3 8337/1/3 8329/1/3
f 8347/1/3 8338/1/3 8346/1/3
f 8354/2/3 8349/2/3 8348/2/3
f 8355/2/3 8351/2/3 8350/2/3
f 8355/2/3 8352/2/3 8351/2/3
f 8356/2/3 8352/2/3 8355/2/3
f 8357/2/3 8352/2/3 8356/2/3
f 8358/1/3 8346/1/3 8329/1/3
f 8359/1/3 8346/1/3 8358/1/3
f 8360/2/3 8354/2/3 8353/2/3
f 8361/2/3 8349/2/3 8354/2/3
f 8361/2/3 8354/2/3 8360/2/3
f 8362/2/3 8349/2/3 8361/2/3
f 8364/2/3 8357/2/3 8356/2/3
f 8365/2/3 8357/2/3 8364/2/3
f 8368/2/3 8363/2/3 8362/2/3
f 8370/1/3 8367/1/3 8366/1/3
f 8371/1/3 8367/1/3 8370/1/3
f 8372/1/3 8367/1/3 8371/1/3
f 8373/2/3 8363/2/3 8368/2/3
f 8374/2/3 8363/2/3 8373/2/3
f 8377/1/3 8371/1/3 8370/1/3
f 8377/1/3 8370/1/3 8369/1/3
f 8378/1/3 8371/1/3 8377/1/3
f 8379/2/3 8376/2/3 8375/2/3
f 8380/2/3 8376/2/3 8379/2/3
f 8385/2/3 8382/2/3 8381/2/3
f 8386/2/3 8382/2/3 8385/2/3
f 8387/2/3 8384/2/3 8383/2/3
f 8388/2/3 8384/2/3 8387/2/3
f 8391/2/3 8390/2/3 8389/2/3
f 8392/2/3 8390/2/3 8391/2/3
f 8395/2/3 8394/2/3 8393/2/3
f 8396/2/3 8394/2/3 8395/2/3
f 8399/2/3 8398/2/3 8397/2/3
f 8400/2/3 8398/2/3 8399/2/3
f 8402/2/3 8401/2/3 8400/2/3
f 8403/2/3 8401/2/3 8402/2/3
f 8406/1/3 8405/1/3 8404/1/3
f 8407/1/3 8405/1/3 8406/1/3
f 8410/1/3 8409/1/3 8408/1/3
f 8411/1/3 8409/1/3 8410/1/3
f 8412/1/3 8409/1/3 8411/1/3
f 8413/1/3 8409/1/3 8412/1/3
f 8414/1/3 8409/1/3 8413/1/3
f 8416/1/3 8415/1/3 8414/1/3
f 8416/1/3 8414/1/3 8413/1/3
f 8417/1/3 8415/1/3 8416/1/3
f 8422/2/3 8419/2/3 8418/2/3
f 8423/2/3 8419/2/3 8422/2/3
f 8424/2/3 8421/2/3 8420/2/3
f 8425/2/3 8421/2/3 8424/2/3
f 8426/1/3 8415/1/3 8417/1/3
f 8427/1/3 8415/1/3 8426/1/3
f 8431/1/3 8415/1/3 8427/1/3
f 8433/2/3 8429/2/3 8428/2/3
f 8434/2/3 8429/2/3 8433/2/3
f 8435/2/3 8433/2/3 8432/2/3
f 8436/2/3 8433/2/3 8435/2/3
f 8438/1/3 8431/1/3 8430/1/3
f 8441/1/3 8438/1/3 8437/1/3
f 8442/1/3 8431/1/3 8438/1/3
f 8442/1/3 8438/1/3 8441/1/3
f 8442/1/3 8415/1/3 8431/1/3
f 8443/2/3 8440/2/3 8439/2/3
f 8444/2/3 8440/2/3 8443/2/3
f 8448/1/3 8446/1/3 8445/1/3
f 8449/1/3 8448/1/3 8447/1/3
f 8450/1/3 8446/1/3 8448/1/3
f 8450/1/3 8448/1/3 8449/1/3
f 8455/1/3 8452/1/3 8451/1/3
f 8456/1/3 8452/1/3 8455/1/3
f 8457/2/3 8454/2/3 8453/2/3
f 8458/2/3 8454/2/3 8457/2/3
f 8462/2/3 8460/2/3 8459/2/3
f 8462/2/3 8461/2/3 8460/2/3
f 8463/2/3 8461/2/3 8462/2/3
f 8466/2/3 8465/2/3 8464/2/3
f 8467/2/3 8465/2/3 8466/2/3
f 8470/1/3 8469/1/3 8468/1/3
f 8471/1/3 8469/1/3 8470/1/3
f 8476/2/3 8473/2/3 8472/2/3
f 8477/2/3 8473/2/3 8476/2/3
f 8479/2/3 8475/2/3 8474/2/3
f 8480/2/3 8475/2/3 8479/2/3
f 8481/2/3 8479/2/3 8478/2/3
f 8482/2/3 8479/2/3 8481/2/3
f 8487/2/3 8486/2/3 8485/2/3
f 8488/2/3 8486/2/3 8487/2/3
f 8489/2/3 8486/2/3 8488/2/3
f 8493/2/3 8490/2/3 8489/2/3
f 8494/2/3 8490/2/3 8493/2/3
f 8495/2/3 8492/2/3 8491/2/3
f 8495/2/3 8493/2/3 8492/2/3
f 8495/2/3 8494/2/3 8493/2/3
f 8496/2/3 8494/2/3 8495/2/3
f 8497/2/3 8494/2/3 8496/2/3
f 8498/2/3 8494/2/3 8497/2/3
f 8499/2/3 8494/2/3 8498/2/3
f 8500/2/3 8498/2/3 8497/2/3
f 8501/2/3 8498/2/3 8500/2/3
f 8504/2/3 8503/2/3 8502/2/3
f 8505/2/3 8503/2/3 8504/2/3
f 8506/1/3 8484/1/3 8483/1/3
f 8507/1/3 8484/1/3 8506/1/3
f 8512/1/3 8509/1/3 8508/1/3
f 8513/1/3 8509/1/3 8512/1/3
f 8514/2/3 8511/2/3 8510/2/3
f 8515/2/3 8511/2/3 8514/2/3
f 8518/2/3 8517/2/3 8516/2/3
f 8519/2/3 8517/2/3 8518/2/3
f 8522/2/3 8521/2/3 8520/2/3
f 8523/2/3 8521/2/3 8522/2/3
f 8526/1/3 8525/1/3 8524/1/3
f 8527/1/3 8525/1/3 8526/1/3
f 8528/1/3 8525/1/3 8527/1/3
f 8529/1/3 8525/1/3 8528/1/3
f 8532/2/3 8531/2/3 8530/2/3
f 8533/2/3 8531/2/3 8532/2/3
f 8537/2/3 8535/2/3 8534/2/3
f 8538/2/3 8535/2/3 8537/2/3
f 8540/2/3 8537/2/3 8536/2/3
f 8541/2/3 8537/2/3 8540/2/3
f 8542/2/3 8539/2/3 8538/2/3
f 8543/2/3 8539/2/3 8542/2/3
f 8546/2/3 8545/2/3 8544/2/3
f 8547/2/3 8545/2/3 8546/2/3
f 8550/2/3 8549/2/3 8548/2/3
f 8551/2/3 8549/2/3 8550/2/3
f 8554/2/3 8553/2/3 8552/2/3
f 8555/2/3 8553/2/3 8554/2/3
f 8560/2/3 8557/2/3 8556/2/3
f 8561/2/3 8557/2/3 8560/2/3
f 8562/1/3 8559/1/3 8558/1/3
f 8563/1/3 8559/1/3 8562/1/3
f 8568/1/3 8567/1/3 8566/1/3
f 8569/1/3 8567/1/3 8568/1/3
f 8572/2/3 8565/2/3 8564/2/3
f 8573/2/3 8565/2/3 8572/2/3
f 8574/1/3 8571/1/3 8570/1/3
f 8575/1/3 8571/1/3 8574/1/3
f 8578/2/3 8577/2/3 8576/2/3
f 8579/2/3 8577/2/3 8578/2/3
f 8582/2/3 8581/2/3 8580/2/3
f 8583/2/3 8581/2/3 8582/2/3
f 8588/1/3 8585/1/3 8584/1/3
f 8589/1/3 8585/1/3 8588/1/3
f 8590/2/3 8587/2/3 8586/2/3
f 8591/2/3 8587/2/3 8590/2/3
f 8594/2/3 8593/2/3 8592/2/3
f 8595/2/3 8593/2/3 8594/2/3
f 8601/2/3 8599/2/3 8598/2/3
f 8602/2/3 8599/2/3 8601/2/3
f 8602/2/3 8601/2/3 8600/2/3
f 8603/2/3 8599/2/3 8602/2/3
f 8605/2/3 8602/2/3 8600/2/3
f 8606/2/3 8605/2/3 8604/2/3
f 8607/2/3 8602/2/3 8605/2/3
f 8607/2/3 8605/2/3 8606/2/3
f 8612/2/3 8611/2/3 8610/2/3
f 8613/2/3 8611/2/3 8612/2/3
f 8614/1/3 8597/1/3 8596/1/3
f 8615/1/3 8597/1/3 8614/1/3
f 8616/2/3 8609/2/3 8608/2/3
f 8617/2/3 8609/2/3 8616/2/3
f 8622/2/3 8619/2/3 8618/2/3
f 8623/2/3 8619/2/3 8622/2/3
f 8624/1/3 8621/1/3 8620/1/3
f 8625/1/3 8621/1/3 8624/1/3
f 8628/1/3 8627/1/3 8626/1/3
f 8629/1/3 8627/1/3 8628/1/3
f 8633/2/3 8632/2/3 8631/2/3
f 8633/2/3 8631/2/3 8630/2/3
f 8634/2/3 8632/2/3 8633/2/3
f 8639/2/3 8638/2/3 8637/2/3
f 8640/2/3 8638/2/3 8639/2/3
f 8643/2/3 8642/2/3 8641/2/3
f 8646/2/3 8643/2/3 8641/2/3
f 8646/2/3 8644/2/3 8643/2/3
f 8647/2/3 8644/2/3 8646/2/3
f 8648/2/3 8644/2/3 8647/2/3
f 8649/2/3 8646/2/3 8645/2/3
f 8649/2/3 8647/2/3 8646/2/3
f 8650/2/3 8647/2/3 8649/2/3
f 8654/1/3 8636/1/3 8635/1/3
f 8655/1/3 8636/1/3 8654/1/3
f 8656/2/3 8649/2/3 8645/2/3
f 8657/2/3 8649/2/3 8656/2/3
f 8660/2/3 8653/2/3 8652/2/3
f 8660/2/3 8652/2/3 8651/2/3
f 8661/2/3 8653/2/3 8660/2/3
f 8662/2/3 8659/2/3 8658/2/3
f 8663/2/3 8659/2/3 8662/2/3
f 8664/2/3 8653/2/3 8661/2/3
f 8665/2/3 8653/2/3 8664/2/3
f 8668/1/3 8667/1/3 8666/1/3
f 8669/1/3 8667/1/3 8668/1/3
f 8676/1/3 8671/1/3 8670/1/3
f 8677/1/3 8671/1/3 8676/1/3
f 8678/2/3 8673/2/3 8672/2/3
f 8679/2/3 8673/2/3 8678/2/3
f 8680/2/3 8675/2/3 8674/2/3
f 8681/2/3 8675/2/3 8680/2/3
f 8684/2/3 8683/2/3 8682/2/3
f 8685/2/3 8683/2/3 8684/2/3
f 8688/2/3 8687/2/3 8686/2/3
f 8689/2/3 8687/2/3 8688/2/3
f 8690/2/3 8687/2/3 8689/2/3
f 8696/2/3 8693/2/3 8692/2/3
f 8696/2/3 8692/2/3 8691/2/3
f 8697/2/3 8693/2/3 8696/2/3
f 8698/2/3 8693/2/3 8697/2/3
f 8699/2/3 8695/2/3 8694/2/3
f 8700/2/3 8695/2/3 8699/2/3
f 8703/2/3 8699/2/3 8698/2/3
f 8704/2/3 8699/2/3 8703/2/3
f 8705/1/3 8702/1/3 8701/1/3
f 8709/2/3 8708/2/3 8707/2/3
f 8710/2/3 8708/2/3 8709/2/3
f 8711/1/3 8706/1/3 8705/1/3
f 8717/2/3 8714/2/3 8713/2/3
f 8718/2/3 8714/2/3 8717/2/3
f 8719/2/3 8714/2/3 8718/2/3
f 8720/1/3 8712/1/3 8711/1/3
f 8721/1/3 8712/1/3 8720/1/3
f 8722/2/3 8716/2/3 8715/2/3
f 8723/2/3 8716/2/3 8722/2/3
f 8725/1/3 8705/1/3 8701/1/3
f 8725/1/3 8711/1/3 8705/1/3
f 8725/1/3 8720/1/3 8711/1/3
f 8726/1/3 8720/1/3 8725/1/3
f 8727/2/3 8724/2/3 8723/2/3
f 8728/2/3 8724/2/3 8727/2/3
f 8729/1/3 8725/1/3 8701/1/3
f 8730/1/3 8725/1/3 8729/1/3
f 8735/2/3 8732/2/3 8731/2/3
f 8736/2/3 8732/2/3 8735/2/3
f 8737/2/3 8734/2/3 8733/2/3
f 8738/2/3 8734/2/3 8737/2/3
f 8743/1/3 8740/1/3 8739/1/3
f 8744/1/3 8740/1/3 8743/1/3
f 8745/2/3 8742/2/3 8741/2/3
f 8746/2/3 8742/2/3 8745/2/3
f 8749/2/3 8748/2/3 8747/2/3
f 8750/2/3 8748/2/3 8749/2/3
f 8752/2/3 8751/2/3 8750/2/3
f 8753/2/3 8751/2/3 8752/2/3
f 8755/2/3 8754/2/3 8753/2/3
f 8756/2/3 8754/2/3 8755/2/3
f 8761/2/3 8758/2/3 8757/2/3
f 8761/2/3 8759/2/3 8758/2/3
f 8762/2/3 8759/2/3 8761/2/3
f 8763/2/3 8759/2/3 8762/2/3
f 8764/2/3 8761/2/3 8760/2/3
f 8764/2/3 8762/2/3 8761/2/3
f 8765/2/3 8762/2/3 8764/2/3
f 8767/2/3 8764/2/3 8760/2/3
f 8768/2/3 8764/2/3 8767/2/3
f 8770/2/3 8767/2/3 8766/2/3
f 8771/2/3 8767/2/3 8770/2/3
f 8772/2/3 8770/2/3 8769/2/3
f 8773/2/3 8770/2/3 8772/2/3
f 8776/2/3 8775/2/3 8774/2/3
f 8777/2/3 8775/2/3 8776/2/3
f 8782/2/3 8779/2/3 8778/2/3
f 8783/2/3 8779/2/3 8782/2/3
f 8785/2/3 8781/2/3 8780/2/3
f 8786/2/3 8785/2/3 8784/2/3
f 8787/2/3 8781/2/3 8785/2/3
f 8787/2/3 8785/2/3 8786/2/3
f 8788/2/3 8781/2/3 8787/2/3
f 8789/2/3 8781/2/3 8788/2/3
f 8794/2/3 8791/2/3 8790/2/3
f 8795/2/3 8791/2/3 8794/2/3
f 8796/1/3 8793/1/3 8792/1/3
f 8797/1/3 8793/1/3 8796/1/3
f 8798/1/3 8793/1/3 8797/1/3
f 8803/2/3 8801/2/3 8800/2/3
f 8804/2/3 8801/2/3 8803/2/3
f 8805/2/3 8801/2/3 8804/2/3
f 8806/2/3 8801/2/3 8805/2/3
f 8807/1/3 8799/1/3 8798/1/3
f 8807/1/3 8798/1/3 8797/1/3
f 8808/1/3 8799/1/3 8807/1/3
f 8810/2/3 8803/2/3 8802/2/3
f 8811/2/3 8810/2/3 8809/2/3
f 8812/2/3 8803/2/3 8810/2/3
f 8812/2/3 8810/2/3 8811/2/3
f 8817/2/3 8814/2/3 8813/2/3
f 8818/2/3 8814/2/3 8817/2/3
f 8821/1/3 8816/1/3 8815/1/3
f 8822/1/3 8816/1/3 8821/1/3
f 8823/1/3 8820/1/3 8819/1/3
f 8824/1/3 8820/1/3 8823/1/3
f 8827/1/3 8826/1/3 8825/1/3
f 8828/1/3 8826/1/3 8827/1/3
f 8833/1/3 8832/1/3 8831/1/3
f 8834/1/3 8832/1/3 8833/1/3
f 8835/2/3 8830/2/3 8829/2/3
f 8836/2/3 8830/2/3 8835/2/3
f 8841/1/3 8838/1/3 8837/1/3
f 8842/1/3 8838/1/3 8841/1/3
f 8843/2/3 8840/2/3 8839/2/3
f 8845/2/3 8844/2/3 8843/2/3
f 8846/2/3 8843/2/3 8839/2/3
f 8846/2/3 8845/2/3 8843/2/3
f 8847/2/3 8845/2/3 8846/2/3
f 8850/2/3 8849/2/3 8848/2/3
f 8851/2/3 8849/2/3 8850/2/3
f 8855/2/3 8853/2/3 8852/2/3
f 8856/2/3 8853/2/3 8855/2/3
f 8857/2/3 8855/2/3 8854/2/3
f 8858/2/3 8855/2/3 8857/2/3
f 8862/2/3 8860/2/3 8859/2/3
f 8863/2/3 8860/2/3 8862/2/3
f 8864/2/3 8862/2/3 8861/2/3
f 8865/2/3 8862/2/3 8864/2/3
f 8868/2/3 8867/2/3 8866/2/3
f 8869/2/3 8867/2/3 8868/2/3
f 8872/2/3 8871/2/3 8870/2/3
f 8873/2/3 8871/2/3 8872/2/3
f 8876/2/3 8875/2/3 8874/2/3
f 8877/2/3 8875/2/3 8876/2/3
f 8880/2/3 8879/2/3 8878/2/3
f 8881/2/3 8879/2/3 8880/2/3
f 8887/2/3 8883/2/3 8882/2/3
f 8888/2/3 8883/2/3 8887/2/3
f 8889/1/3 8885/1/3 8884/1/3
f 8890/1/3 8885/1/3 8889/1/3
f 8893/2/3 8887/2/3 8886/2/3
f 8894/2/3 8887/2/3 8893/2/3
f 8897/2/3 8892/2/3 8891/2/3
f 8898/2/3 8892/2/3 8897/2/3
f 8899/1/3 8896/1/3 8895/1/3
f 8907/1/3 8902/1/3 8901/1/3
f 8908/1/3 8902/1/3 8907/1/3
f 8910/2/3 8904/2/3 8903/2/3
f 8911/2/3 8904/2/3 8910/2/3
f 8913/1/3 8906/1/3 8905/1/3
f 8914/1/3 8906/1/3 8913/1/3
f 8915/1/3 8906/1/3 8914/1/3
f 8917/2/3 8912/2/3 8911/2/3
f 8917/2/3 8911/2/3 8910/2/3
f 8917/2/3 8910/2/3 8909/2/3
f 8918/2/3 8912/2/3 8917/2/3
f 8919/1/3 8900/1/3 8899/1/3
f 8920/1/3 8900/1/3 8919/1/3
f 8921/1/3 8916/1/3 8915/1/3
f 8921/1/3 8915/1/3 8914/1/3
f 8922/1/3 8916/1/3 8921/1/3
f 8923/1/3 8916/1/3 8922/1/3
f 8927/1/3 8899/1/3 8895/1/3
f 8927/1/3 8919/1/3 8899/1/3
f 8928/1/3 8924/1/3 8923/1/3
f 8928/1/3 8923/1/3 8922/1/3
f 8929/1/3 8924/1/3 8928/1/3
f 8930/2/3 8926/2/3 8925/2/3
f 8931/2/3 8926/2/3 8930/2/3
f 8932/1/3 8919/1/3 8927/1/3
f 8933/1/3 8919/1/3 8932/1/3
f 8934/1/3 8924/1/3 8929/1/3
f 8935/1/3 8924/1/3 8934/1/3
f 8940/2/3 8939/2/3 8938/2/3
f 8941/2/3 8939/2/3 8940/2/3
f 8942/2/3 8937/2/3 8936/2/3
f 8943/2/3 8937/2/3 8942/2/3
f 8946/2/3 8945/2/3 8944/2/3
f 8948/2/3 8946/2/3 8944/2/3
f 8948/2/3 8947/2/3 8946/2/3
f 8949/2/3 8947/2/3 8948/2/3
f 8952/2/3 8951/2/3 8950/2/3
f 8953/2/3 8951/2/3 8952/2/3
f 8954/2/3 8947/2/3 8949/2/3
f 8955/2/3 8947/2/3 8954/2/3
f 8958/2/3 8957/2/3 8956/2/3
f 8959/2/3 8957/2/3 8958/2/3
f 8962/2/3 8961/2/3 8960/2/3
f 8963/2/3 8961/2/3 8962/2/3
f 8966/2/3 8965/2/3 8964/2/3
f 8967/2/3 8965/2/3 8966/2/3
f 8970/2/3 8969/2/3 8968/2/3
f 8972/2/3 8970/2/3 8968/2/3
f 8973/2/3 8970/2/3 8972/2/3
f 8975/2/3 8972/2/3 8971/2/3
f 8976/2/3 8972/2/3 8975/2/3
f 8977/2/3 8972/2/3 8976/2/3
f 8978/2/3 8975/2/3 8974/2/3
f 8978/2/3 8976/2/3 8975/2/3
f 8979/2/3 8976/2/3 8978/2/3
f 8982/2/3 8981/2/3 8980/2/3
f 8983/2/3 8981/2/3 8982/2/3
f 8985/2/3 8984/2/3 8983/2/3
f 8986/2/3 8984/2/3 8985/2/3
f 8988/2/3 8987/2/3 8986/2/3
f 8989/2/3 8987/2/3 8988/2/3
f 8994/2/3 8991/2/3 8990/2/3
f 8994/2/3 8992/2/3 8991/2/3
f 8995/2/3 8992/2/3 8994/2/3
f 8996/2/3 8992/2/3 8995/2/3
f 8997/2/3 8994/2/3 8993/2/3
f 8997/2/3 8995/2/3 8994/2/3
f 8998/2/3 8995/2/3 8997/2/3
f 8999/2/3 8995/2/3 8998/2/3
f 9002/2/3 8998/2/3 8997/2/3
f 9003/2/3 9001/2/3 9000/2/3
f 9004/2/3 9001/2/3 9003/2/3
f 9007/2/3 8998/2/3 9002/2/3
f 9008/2/3 8998/2/3 9007/2/3
f 9009/2/3 9006/2/3 9005/2/3
f 9009/2/3 9007/2/3 9006/2/3
f 9010/2/3 9007/2/3 9009/2/3
f 9013/2/3 9007/2/3 9010/2/3
f 9014/2/3 9007/2/3 9013/2/3
f 9015/2/3 9012/2/3 9011/2/3
f 9016/2/3 9012/2/3 9015/2/3
f 9022/2/3 9018/2/3 9017/2/3
f 9023/2/3 9018/2/3 9022/2/3
f 9024/1/3 9020/1/3 9019/1/3
f 9025/1/3 9020/1/3 9024/1/3
f 9028/1/3 9027/1/3 9026/1/3
f 9029/1/3 9027/1/3 9028/1/3
f 9032/2/3 9022/2/3 9021/2/3
f 9033/2/3 9022/2/3 9032/2/3
f 9040/1/3 9031/1/3 9030/1/3
f 9041/2/3 9035/2/3 9034/2/3
f 9042/2/3 9035/2/3 9041/2/3
f 9044/1/3 9037/1/3 9036/1/3
f 9045/1/3 9037/1/3 9044/1/3
f 9046/1/3 9039/1/3 9038/1/3
f 9047/1/3 9039/1/3 9046/1/3
f 9048/1/3 9040/1/3 9030/1/3
f 9049/1/3 9040/1/3 9048/1/3
f 9050/1/3 9040/1/3 9049/1/3
f 9054/1/3 9045/1/3 9044/1/3
f 9054/1/3 9048/1/3 9047/1/3
f 9054/1/3 9047/1/3 9046/1/3
f 9054/1/3 9046/1/3 9045/1/3
f 9054/1/3 9049/1/3 9048/1/3
f 9054/1/3 9044/1/3 9043/1/3
f 9055/1/3 9049/1/3 9054/1/3
f 9056/1/3 9049/1/3 9055/1/3
f 9057/1/3 9049/1/3 9056/1/3
f 9061/2/3 9052/2/3 9051/2/3
f 9062/2/3 9052/2/3 9061/2/3
f 9064/1/3 9054/1/3 9053/1/3
f 9064/1/3 9055/1/3 9054/1/3
f 9065/1/3 9055/1/3 9064/1/3
f 9067/1/3 9058/1/3 9057/1/3
f 9067/1/3 9057/1/3 9056/1/3
f 9068/1/3 9058/1/3 9067/1/3
f 9069/1/3 9060/1/3 9059/1/3
f 9070/1/3 9060/1/3 9069/1/3
f 9074/1/3 9066/1/3 9065/1/3
f 9074/1/3 9065/1/3 9064/1/3
f 9074/1/3 9064/1/3 9063/1/3
f 9075/1/3 9066/1/3 9074/1/3
f 9076/1/3 9066/1/3 9075/1/3
f 9077/1/3 9066/1/3 9076/1/3
f 9079/1/3 9058/1/3 9068/1/3
f 9080/1/3 9058/1/3 9079/1/3
f 9091/1/3 9074/1/3 9073/1/3
f 9091/1/3 9075/1/3 9074/1/3
f 9092/1/3 9075/1/3 9091/1/3
f 9093/1/3 9075/1/3 9092/1/3
f 9094/1/3 9078/1/3 9077/1/3
f 9094/1/3 9077/1/3 9076/1/3
f 9095/1/3 9078/1/3 9094/1/3
f 9099/1/3 9082/1/3 9081/1/3
f 9101/2/3 9084/2/3 9083/2/3
f 9102/2/3 9084/2/3 9101/2/3
f 9103/2/3 9086/2/3 9085/2/3
f 9103/2/3 9087/2/3 9086/2/3
f 9104/2/3 9087/2/3 9103/2/3
f 9105/1/3 9089/1/3 9088/1/3
f 9106/1/3 9089/1/3 9105/1/3
f 9108/1/3 9072/1/3 9071/1/3
f 9109/1/3 9072/1/3 9108/1/3
f 9110/1/3 9092/1/3 9091/1/3
f 9110/1/3 9091/1/3 9090/1/3
f 9111/1/3 9092/1/3 9110/1/3
f 9113/1/3 9096/1/3 9095/1/3
f 9114/1/3 9096/1/3 9113/1/3
f 9115/1/3 9098/1/3 9097/1/3
f 9116/1/3 9100/1/3 9099/1/3
f 9116/1/3 9099/1/3 9081/1/3
f 9117/2/3 9101/2/3 9100/2/3
f 9117/1/3 9100/1/3 9116/1/3
f 9118/1/3 9107/1/3 9106/1/3
f 9119/1/3 9107/1/3 9118/1/3
f 9121/1/3 9115/1/3 9114/1/3
f 9121/1/3 9114/1/3 9113/1/3
f 9121/1/3 9113/1/3 9112/1/3
f 9122/1/3 9115/1/3 9121/1/3
f 9123/1/3 9098/1/3 9115/1/3
f 9123/1/3 9115/1/3 9122/1/3
f 9124/1/3 9116/1/3 9081/1/3
f 9125/1/3 9116/1/3 9124/1/3
f 9126/1/3 9122/1/3 9121/1/3
f 9126/1/3 9121/1/3 9120/1/3
f 9127/1/3 9122/1/3 9126/1/3
f 9128/1/3 9124/1/3 9123/1/3
f 9129/1/3 9124/1/3 9128/1/3
f 9130/2/3 9101/2/3 9117/2/3
f 9132/2/3 9130/2/3 9117/2/3
f 9132/2/3 9131/2/3 9130/2/3
f 9133/2/3 9131/2/3 9132/2/3
f 9134/2/3 9131/2/3 9133/2/3
f 9136/2/3 9135/2/3 9134/2/3
f 9136/2/3 9134/2/3 9133/2/3
f 9137/2/3 9135/2/3 9136/2/3
f 9138/2/3 9135/2/3 9137/2/3
f 9141/2/3 9140/2/3 9139/2/3
f 9142/2/3 9140/2/3 9141/2/3
f 9145/2/3 9144/2/3 9143/2/3
f 9147/2/3 9145/2/3 9143/2/3
f 9147/2/3 9146/2/3 9145/2/3
f 9148/2/3 9146/2/3 9147/2/3
f 9149/2/3 9146/2/3 9148/2/3
f 9150/2/3 9146/2/3 9149/2/3
f 9154/2/3 9152/2/3 9151/2/3
f 9155/2/3 9152/2/3 9154/2/3
f 9156/2/3 9154/2/3 9153/2/3
f 9157/2/3 9154/2/3 9156/2/3
f 9160/2/3 9159/2/3 9158/2/3
f 9161/2/3 9159/2/3 9160/2/3
f 9164/2/3 9163/2/3 9162/2/3
f 9165/2/3 9163/2/3 9164/2/3
f 9169/2/3 9167/2/3 9166/2/3
f 9170/2/3 9167/2/3 9169/2/3
f 9171/2/3 9169/2/3 9168/2/3
f 9172/2/3 9169/2/3 9171/2/3
f 9174/2/3 9171/2/3 9168/2/3
f 9175/2/3 9171/2/3 9174/2/3
f 9176/2/3 9174/2/3 9173/2/3
f 9177/2/3 9174/2/3 9176/2/3
f 9180/2/3 9179/2/3 9178/2/3
f 9181/2/3 9179/2/3 9180/2/3
f 9183/2/3 9182/2/3 9181/2/3
f 9184/2/3 9182/2/3 9183/2/3
f 9187/2/3 9186/2/3 9185/2/3
f 9188/2/3 9186/2/3 9187/2/3
f 9192/2/3 9190/2/3 9189/2/3
f 9193/2/3 9190/2/3 9192/2/3
f 9194/2/3 9192/2/3 9191/2/3
f 9195/2/3 9192/2/3 9194/2/3
f 9199/2/3 9197/2/3 9196/2/3
f 9200/2/3 9197/2/3 9199/2/3
f 9201/2/3 9199/2/3 9198/2/3
f 9202/2/3 9199/2/3 9201/2/3
f 9206/2/3 9204/2/3 9203/2/3
f 9206/2/3 9205/2/3 9204/2/3
f 9207/2/3 9205/2/3 9206/2/3
f 9210/2/3 9206/2/3 9203/2/3
f 9211/2/3 9206/2/3 9210/2/3
f 9212/1/3 9209/1/3 9208/1/3
f 9213/1/3 9209/1/3 9212/1/3
f 9225/1/3 9217/1/3 9216/1/3
f 9226/1/3 9217/1/3 9225/1/3
f 9228/1/3 9219/1/3 9218/1/3
f 9229/1/3 9219/1/3 9228/1/3
f 9230/1/3 9219/1/3 9229/1/3
f 9232/2/3 9221/2/3 9220/2/3
f 9233/2/3 9221/2/3 9232/2/3
f 9235/1/3 9227/1/3 9226/1/3
f 9235/1/3 9225/1/3 9224/1/3
f 9235/1/3 9226/1/3 9225/1/3
f 9236/1/3 9227/1/3 9235/1/3
f 9237/1/3 9227/1/3 9236/1/3
f 9238/1/3 9229/1/3 9228/1/3
f 9239/1/3 9229/1/3 9238/1/3
f 9240/1/3 9231/1/3 9230/1/3
f 9241/1/3 9231/1/3 9240/1/3
f 9242/2/3 9223/2/3 9222/2/3
f 9244/1/3 9235/1/3 9234/1/3
f 9244/1/3 9236/1/3 9235/1/3
f 9245/1/3 9236/1/3 9244/1/3
f 9246/1/3 9236/1/3 9245/1/3
f 9247/2/3 9242/2/3 9222/2/3
f 9248/2/3 9242/2/3 9247/2/3
f 9249/1/3 9244/1/3 9243/1/3
f 9249/1/3 9245/1/3 9244/1/3
f 9250/1/3 9245/1/3 9249/1/3
f 9251/1/3 9249/1/3 9243/1/3
f 9252/1/3 9249/1/3 9251/1/3
f 9257/1/3 9251/1/3 9243/1/3
f 9258/1/3 9251/1/3 9257/1/3
f 9260/1/3 9254/1/3 9253/1/3
f 9261/1/3 9254/1/3 9260/1/3
f 9262/1/3 9254/1/3 9261/1/3
f 9263/1/3 9254/1/3 9262/1/3
f 9266/2/3 9256/2/3 9255/2/3
f 9267/2/3 9256/2/3 9266/2/3
f 9269/1/3 9215/1/3 9214/1/3
f 9270/1/3 9215/1/3 9269/1/3
f 9271/1/3 9215/1/3 9270/1/3
f 9272/1/3 9257/1/3 9243/1/3
f 9273/1/3 9260/1/3 9259/1/3
f 9273/1/3 9261/1/3 9260/1/3
f 9274/1/3 9264/1/3 9263/1/3
f 9274/1/3 9263/1/3 9262/1/3
f 9275/1/3 9264/1/3 9274/1/3
f 9276/1/3 9264/1/3 9275/1/3
f 9277/1/3 9264/1/3 9276/1/3
f 9280/2/3 9266/2/3 9265/2/3
f 9284/1/3 9270/1/3 9269/1/3
f 9284/1/3 9269/1/3 9268/1/3
f 9285/1/3 9270/1/3 9284/1/3
f 9286/1/3 9273/1/3 9272/1/3
f 9286/1/3 9272/1/3 9243/1/3
f 9287/1/3 9273/1/3 9286/1/3
f 9288/1/3 9261/1/3 9273/1/3
f 9288/1/3 9273/1/3 9287/1/3
f 9289/1/3 9261/1/3 9288/1/3
f 9291/1/3 9276/1/3 9275/1/3
f 9292/1/3 9276/1/3 9291/1/3
f 9293/1/3 9276/1/3 9292/1/3
f 9297/1/3 9279/1/3 9278/1/3
f 9298/2/3 9283/2/3 9282/2/3
f 9299/2/3 9283/2/3 9298/2/3
f 9300/1/3 9288/1/3 9287/1/3
f 9301/1/3 9288/1/3 9300/1/3
f 9302/1/3 9291/1/3 9290/1/3
f 9302/1/3 9292/1/3 9291/1/3
f 9303/1/3 9292/1/3 9302/1/3
f 9304/1/3 9292/1/3 9303/1/3
f 9306/1/3 9295/1/3 9294/1/3
f 9307/1/3 9295/1/3 9306/1/3
f 9308/1/3 9297/1/3 9296/1/3
f 9309/1/3 9279/1/3 9297/1/3
f 9309/1/3 9297/1/3 9308/1/3
f 9310/1/3 9300/1/3 9287/1/3
f 9311/1/3 9300/1/3 9310/1/3
f 9312/1/3 9305/1/3 9304/1/3
f 9312/1/3 9304/1/3 9303/1/3
f 9313/1/3 9305/1/3 9312/1/3
f 9314/2/3 9281/2/3 9280/2/3
f 9314/2/3 9280/2/3 9265/2/3
f 9315/2/3 9281/2/3 9314/2/3
f 9318/2/3 9317/2/3 9316/2/3
f 9319/2/3 9317/2/3 9318/2/3
f 9322/2/3 9321/2/3 9320/2/3
f 9323/2/3 9321/2/3 9322/2/3
f 9328/2/3 9327/2/3 9326/2/3
f 9329/2/3 9327/2/3 9328/2/3
f 9330/2/3 9325/2/3 9324/2/3
f 9331/2/3 9325/2/3 9330/2/3
f 9334/2/3 9333/2/3 9332/2/3
f 9335/2/3 9333/2/3 9334/2/3
f 9338/2/3 9337/2/3 9336/2/3
f 9339/2/3 9337/2/3 9338/2/3
f 9343/2/3 9341/2/3 9340/2/3
f 9344/2/3 9341/2/3 9343/2/3
f 9346/2/3 9343/2/3 9342/2/3
f 9347/2/3 9343/2/3 9346/2/3
f 9350/2/3 9346/2/3 9345/2/3
f 9351/2/3 9346/2/3 9350/2/3
f 9352/2/3 9349/2/3 9348/2/3
f 9352/2/3 9350/2/3 9349/2/3
f 9353/2/3 9350/2/3 9352/2/3
f 9356/2/3 9355/2/3 9354/2/3
f 9357/2/3 9355/2/3 9356/2/3
f 9360/2/3 9359/2/3 9358/2/3
f 9362/2/3 9360/2/3 9358/2/3
f 9362/2/3 9361/2/3 9360/2/3
f 9363/2/3 9361/2/3 9362/2/3
f 9366/2/3 9365/2/3 9364/2/3
f 9367/2/3 9365/2/3 9366/2/3
f 9368/2/3 9361/2/3 9363/2/3
f 9369/2/3 9361/2/3 9368/2/3
f 9372/2/3 9371/2/3 9370/2/3
f 9373/2/3 9371/2/3 9372/2/3
f 9376/2/3 9375/2/3 9374/2/3
f 9377/2/3 9375/2/3 9376/2/3
f 9380/2/3 9379/2/3 9378/2/3
f 9381/2/3 9379/2/3 9380/2/3
f 9385/2/3 9383/2/3 9382/2/3
f 9386/2/3 9383/2/3 9385/2/3
f 9389/2/3 9385/2/3 9384/2/3
f 9390/2/3 9385/2/3 9389/2/3
f 9394/2/3 9388/2/3 9387/2/3
f 9398/1/3 9392/1/3 9391/1/3
f 9399/1/3 9392/1/3 9398/1/3
f 9407/1/3 9394/1/3 9393/1/3
f 9408/2/3 9388/2/3 9394/2/3
f 9408/1/3 9394/1/3 9407/1/3
f 9409/2/3 9388/2/3 9408/2/3
f 9412/2/3 9397/2/3 9396/2/3
f 9412/2/3 9396/2/3 9395/2/3
f 9413/2/3 9397/2/3 9412/2/3
f 9417/1/3 9401/1/3 9400/1/3
f 9418/1/3 9401/1/3 9417/1/3
f 9419/1/3 9401/1/3 9418/1/3
f 9420/1/3 9403/1/3 9402/1/3
f 9421/1/3 9403/1/3 9420/1/3
f 9422/1/3 9405/1/3 9404/1/3
f 9423/1/3 9405/1/3 9422/1/3
f 9424/1/3 9407/1/3 9406/1/3
f 9425/1/3 9407/1/3 9424/1/3
f 9426/1/3 9411/1/3 9410/1/3
f 9427/1/3 9411/1/3 9426/1/3
f 9428/1/3 9415/1/3 9414/1/3
f 9429/1/3 9417/1/3 9416/1/3
f 9429/1/3 9418/1/3 9417/1/3
f 9430/1/3 9418/1/3 9429/1/3
f 9431/1/3 9418/1/3 9430/1/3
f 9432/2/3 9397/2/3 9413/2/3
f 9433/2/3 9397/2/3 9432/2/3
f 9434/1/3 9430/1/3 9429/1/3
f 9434/1/3 9429/1/3 9428/1/3
f 9435/1/3 9430/1/3 9434/1/3
f 9441/1/3 9428/1/3 9414/1/3
f 9441/1/3 9434/1/3 9428/1/3
f 9442/1/3 9437/1/3 9436/1/3
f 9444/2/3 9439/2/3 9438/2/3
f 9445/2/3 9439/2/3 9444/2/3
f 9447/1/3 9441/1/3 9440/1/3
f 9448/1/3 9441/1/3 9447/1/3
f 9449/1/3 9434/1/3 9441/1/3
f 9449/1/3 9441/1/3 9448/1/3
f 9450/1/3 9434/1/3 9449/1/3
f 9453/1/3 9443/1/3 9442/1/3
f 9453/1/3 9442/1/3 9436/1/3
f 9454/1/3 9443/1/3 9453/1/3
f 9455/1/3 9443/1/3 9454/1/3
f 9460/1/3 9448/1/3 9447/1/3
f 9460/1/3 9447/1/3 9446/1/3
f 9461/1/3 9448/1/3 9460/1/3
f 9462/1/3 9451/1/3 9450/1/3
f 9462/1/3 9450/1/3 9449/1/3
f 9463/1/3 9451/1/3 9462/1/3
f 9465/1/3 9454/1/3 9453/1/3
f 9465/1/3 9453/1/3 9452/1/3
f 9466/1/3 9454/1/3 9465/1/3
f 9468/1/3 9457/1/3 9456/1/3
f 9469/1/3 9457/1/3 9468/1/3
f 9470/2/3 9459/2/3 9458/2/3
f 9471/2/3 9459/2/3 9470/2/3
f 9472/1/3 9451/1/3 9463/1/3
f 9473/1/3 9451/1/3 9472/1/3
f 9474/1/3 9451/1/3 9473/1/3
f 9475/1/3 9467/1/3 9466/1/3
f 9475/1/3 9466/1/3 9465/1/3
f 9475/1/3 9465/1/3 9464/1/3
f 9476/1/3 9467/1/3 9475/1/3
f 9477/1/3 9467/1/3 9476/1/3
f 9478/1/3 9474/1/3 9473/1/3
f 9478/1/3 9476/1/3 9475/1/3
f 9478/1/3 9475/1/3 9474/1/3
f 9479/1/3 9476/1/3 9478/1/3
f 9482/2/3 9481/2/3 9480/2/3
f 9483/2/3 9481/2/3 9482/2/3
f 9485/2/3 9484/2/3 9483/2/3
f 9486/2/3 9484/2/3 9485/2/3
f 9489/2/3 9488/2/3 9487/2/3
f 9490/2/3 9488/2/3 9489/2/3
f 9493/2/3 9492/2/3 9491/2/3
f 9494/2/3 9492/2/3 9493/2/3
f 9497/2/3 9496/2/3 9495/2/3
f 9498/2/3 9496/2/3 9497/2/3
f 9503/2/3 9500/2/3 9499/2/3
f 9504/2/3 9500/2/3 9503/2/3
f 9507/2/3 9502/2/3 9501/2/3
f 9508/2/3 9502/2/3 9507/2/3
f 9509/2/3 9506/2/3 9505/2/3
f 9510/2/3 9506/2/3 9509/2/3
f 9513/2/3 9512/2/3 9511/2/3
f 9514/2/3 9512/2/3 9513/2/3
f 9517/2/3 9516/2/3 9515/2/3
f 9518/2/3 9516/2/3 9517/2/3
f 9521/2/3 9520/2/3 9519/2/3
f 9523/2/3 9521/2/3 9519/2/3
f 9523/2/3 9522/2/3 9521/2/3
f 9524/2/3 9522/2/3 9523/2/3
f 9525/2/3 9522/2/3 9524/2/3
f 9527/2/3 9526/2/3 9525/2/3
f 9527/2/3 9525/2/3 9524/2/3
f 9528/2/3 9526/2/3 9527/2/3
f 9529/2/3 9526/2/3 9528/2/3
f 9530/2/3 9526/2/3 9529/2/3
f 9531/2/3 9526/2/3 9530/2/3
f 9534/2/3 9533/2/3 9532/2/3
f 9536/2/3 9534/2/3 9532/2/3
f 9536/2/3 9535/2/3 9534/2/3
f 9537/2/3 9535/2/3 9536/2/3
f 9538/2/3 9535/2/3 9537/2/3
f 9539/2/3 9535/2/3 9538/2/3
f 9543/2/3 9541/2/3 9540/2/3
f 9544/2/3 9541/2/3 9543/2/3
f 9545/2/3 9543/2/3 9542/2/3
f 9546/2/3 9543/2/3 9545/2/3
f 9549/2/3 9548/2/3 9547/2/3
f 9550/2/3 9548/2/3 9549/2/3
f 9553/2/3 9552/2/3 9551/2/3
f 9554/2/3 9552/2/3 9553/2/3
f 9560/1/3 9556/1/3 9555/1/3
f 9561/1/3 9556/1/3 9560/1/3
f 9562/2/3 9559/2/3 9558/2/3
f 9562/2/3 9558/2/3 9557/2/3
f 9563/2/3 9559/2/3 9562/2/3
f 9570/1/3 9565/1/3 9564/1/3
f 9571/1/3 9565/1/3 9570/1/3
f 9572/1/3 9565/1/3 9571/1/3
f 9573/1/3 9567/1/3 9566/1/3
f 9574/1/3 9567/1/3 9573/1/3
f 9575/1/3 9569/1/3 9568/1/3
f 9576/1/3 9569/1/3 9575/1/3
f 9577/1/3 9572/1/3 9571/1/3
f 9577/1/3 9573/1/3 9572/1/3
f 9578/1/3 9573/1/3 9577/1/3
f 9581/2/3 9580/2/3 9579/2/3
f 9582/2/3 9580/2/3 9581/2/3
f 9585/2/3 9584/2/3 9583/2/3
f 9586/2/3 9584/2/3 9585/2/3
f 9593/1/3 9588/1/3 9587/1/3
f 9594/1/3 9588/1/3 9593/1/3
f 9597/2/3 9592/2/3 9591/2/3
f 9598/2/3 9592/2/3 9597/2/3
f 9599/1/3 9596/1/3 9595/1/3
f 9600/1/3 9596/1/3 9599/1/3
f 9601/2/3 9590/2/3 9589/2/3
f 9602/2/3 9590/2/3 9601/2/3
f 9607/2/3 9604/2/3 9603/2/3
f 9608/2/3 9604/2/3 9607/2/3
f 9609/2/3 9606/2/3 9605/2/3
f 9610/2/3 9606/2/3 9609/2/3
f 9613/2/3 9612/2/3 9611/2/3
f 9614/2/3 9612/2/3 9613/2/3
f 9618/2/3 9616/2/3 9615/2/3
f 9619/2/3 9616/2/3 9618/2/3
f 9620/2/3 9618/2/3 9617/2/3
f 9621/2/3 9618/2/3 9620/2/3
f 9624/2/3 9623/2/3 9622/2/3
f 9625/2/3 9623/2/3 9624/2/3
f 9627/2/3 9626/2/3 9625/2/3
f 9628/2/3 9626/2/3 9627/2/3
f 9631/2/3 9630/2/3 9629/2/3
f 9632/2/3 9630/2/3 9631/2/3
f 9635/2/3 9634/2/3 9633/2/3
f 9636/2/3 9634/2/3 9635/2/3
f 9641/2/3 9640/2/3 9639/2/3
f 9642/2/3 9640/2/3 9641/2/3
f 9643/2/3 9638/2/3 9637/2/3
f 9644/2/3 9638/2/3 9643/2/3
f 9647/2/3 9646/2/3 9645/2/3
f 9648/2/3 9646/2/3 9647/2/3
f 9651/2/3 9650/2/3 9649/2/3
f 9652/2/3 9650/2/3 9651/2/3
f 9655/1/3 9654/1/3 9653/1/3
f 9656/1/3 9654/1/3 9655/1/3
f 9659/2/3 9658/2/3 9657/2/3
f 9660/2/3 9658/2/3 9659/2/3
f 9663/2/3 9662/2/3 9661/2/3
f 9664/2/3 9662/2/3 9663/2/3
f 9669/2/3 9666/2/3 9665/2/3
f 9670/2/3 9666/2/3 9669/2/3
f 9671/1/3 9668/1/3 9667/1/3
f 9672/1/3 9668/1/3 9671/1/3
f 9675/2/3 9674/2/3 9673/2/3
f 9676/2/3 9674/2/3 9675/2/3
f 9679/2/3 9678/2/3 9677/2/3
f 9680/2/3 9678/2/3 9679/2/3
f 9682/2/3 9681/2/3 9680/2/3
f 9683/2/3 9681/2/3 9682/2/3
f 9687/2/3 9685/2/3 9684/2/3
f 9688/2/3 9685/2/3 9687/2/3
f 9689/2/3 9687/2/3 9686/2/3
f 9690/2/3 9687/2/3 9689/2/3
f 9694/2/3 9692/2/3 9691/2/3
f 9695/2/3 9692/2/3 9694/2/3
f 9696/2/3 9694/2/3 9693/2/3
f 9697/2/3 9694/2/3 9696/2/3
f 9700/2/3 9699/2/3 9698/2/3
f 9701/2/3 9699/2/3 9700/2/3
f 9705/2/3 9703/2/3 9702/2/3
f 9706/2/3 9705/2/3 9704/2/3
f 9707/2/3 9703/2/3 9705/2/3
f 9707/2/3 9705/2/3 9706/2/3
f 9710/2/3 9709/2/3 9708/2/3
f 9711/2/3 9709/2/3 9710/2/3
f 9713/2/3 9712/2/3 9711/2/3
f 9714/2/3 9712/2/3 9713/2/3
f 9717/2/3 9716/2/3 9715/2/3
f 9718/2/3 9716/2/3 9717/2/3
f 9721/2/3 9720/2/3 9719/2/3
f 9722/2/3 9720/2/3 9721/2/3
f 9725/2/3 9724/2/3 9723/2/3
f 9726/2/3 9724/2/3 9725/2/3
f 9731/2/3 9728/2/3 9727/2/3
f 9732/2/3 9728/2/3 9731/2/3
f 9735/2/3 9730/2/3 9729/2/3
f 9736/2/3 9730/2/3 9735/2/3
f 9737/2/3 9734/2/3 9733/2/3
f 9738/2/3 9734/2/3 9737/2/3
f 9741/1/3 9740/1/3 9739/1/3
f 9742/1/3 9740/1/3 9741/1/3
f 9745/1/3 9744/1/3 9743/1/3
f 9746/1/3 9744/1/3 9745/1/3
f 9750/2/3 9748/2/3 9747/2/3
f 9751/2/3 9748/2/3 9750/2/3
f 9752/2/3 9750/2/3 9749/2/3
f 9753/2/3 9750/2/3 9752/2/3
f 9756/2/3 9755/2/3 9754/2/3
f 9757/2/3 9755/2/3 9756/2/3
f 9760/2/3 9759/2/3 9758/2/3
f 9761/2/3 9759/2/3 9760/2/3
f 9766/2/3 9763/2/3 9762/2/3
f 9767/2/3 9763/2/3 9766/2/3
f 9768/2/3 9765/2/3 9764/2/3
f 9769/2/3 9765/2/3 9768/2/3
f 9772/2/3 9771/2/3 9770/2/3
f 9774/2/3 9772/2/3 9770/2/3
f 9774/2/3 9773/2/3 9772/2/3
f 9775/2/3 9773/2/3 9774/2/3
f 9776/2/3 9773/2/3 9775/2/3
f 9777/2/3 9773/2/3 9776/2/3
f 9778/2/3 9776/2/3 9775/2/3
f 9779/2/3 9776/2/3 9778/2/3
f 9782/2/3 9781/2/3 9780/2/3
f 9783/2/3 9781/2/3 9782/2/3
f 9788/2/3 9785/2/3 9784/2/3
f 9789/2/3 9785/2/3 9788/2/3
f 9790/2/3 9787/2/3 9786/2/3
f 9791/2/3 9787/2/3 9790/2/3
f 9794/2/3 9793/2/3 9792/2/3
f 9795/2/3 9793/2/3 9794/2/3
f 9799/2/3 9797/2/3 9796/2/3
f 9800/2/3 9797/2/3 9799/2/3
f 9801/2/3 9799/2/3 9798/2/3
f 9802/2/3 9799/2/3 9801/2/3
f 9805/2/3 9804/2/3 9803/2/3
f 9806/2/3 9804/2/3 9805/2/3
f 9809/2/3 9808/2/3 9807/2/3
f 9810/2/3 9808/2/3 9809/2/3
f 9811/2/3 9808/2/3 9810/2/3
f 9814/2/3 9813/2/3 9812/2/3
f 9815/2/3 9813/2/3 9814/2/3
f 9817/2/3 9816/2/3 9815/2/3
f 9818/2/3 9816/2/3 9817/2/3
f 9821/2/3 9820/2/3 9819/2/3
f 9822/2/3 9820/2/3 9821/2/3
f 9825/2/3 9824/2/3 9823/2/3
f 9826/2/3 9824/2/3 9825/2/3
f 9828/2/3 9827/2/3 9826/2/3
f 9829/2/3 9827/2/3 9828/2/3
f 9832/2/3 9831/2/3 9830/2/3
f 9833/2/3 9831/2/3 9832/2/3
f 9836/2/3 9835/2/3 9834/2/3
f 9837/2/3 9835/2/3 9836/2/3
f 9840/2/3 9839/2/3 9838/2/3
f 9841/2/3 9839/2/3 9840/2/3
f 9843/2/3 9842/2/3 9841/2/3
f 9844/2/3 9842/2/3 9843/2/3
f 9848/2/3 9846/2/3 9845/2/3
f 9849/2/3 9846/2/3 9848/2/3
f 9850/2/3 9848/2/3 9847/2/3
f 9851/2/3 9848/2/3 9850/2/3
f 9855/2/3 9853/2/3 9852/2/3
f 9856/2/3 9853/2/3 9855/2/3
f 9857/2/3 9855/2/3 9854/2/3
f 9858/2/3 9855/2/3 9857/2/3
f 9861/2/3 9860/2/3 9859/2/3
f 9862/2/3 9860/2/3 9861/2/3
f 9867/2/3 9864/2/3 9863/2/3
f 9868/2/3 9864/2/3 9867/2/3
f 9869/2/3 9866/2/3 9865/2/3
f 9870/2/3 9866/2/3 9869/2/3
f 9873/2/3 9872/2/3 9871/2/3
f 9874/2/3 9872/2/3 9873/2/3
f 9877/2/3 9876/2/3 9875/2/3
f 9878/2/3 9876/2/3 9877/2/3
f 9881/2/3 9880/2/3 9879/2/3
f 9882/2/3 9880/2/3 9881/2/3
f 9883/2/3 9880/2/3 9882/2/3
f 9884/2/3 9880/2/3 9883/2/3
f 9889/2/3 9886/2/3 9885/2/3
f 9890/2/3 9886/2/3 9889/2/3
f 9892/2/3 9888/2/3 9887/2/3
f 9893/2/3 9888/2/3 9892/2/3
f 9894/2/3 9891/2/3 9890/2/3
f 9895/2/3 9891/2/3 9894/2/3
f 9898/2/3 9897/2/3 9896/2/3
f 9899/2/3 9897/2/3 9898/2/3
f 9903/2/3 9901/2/3 9900/2/3
f 9904/2/3 9901/2/3 9903/2/3
f 9905/2/3 9903/2/3 9902/2/3
f 9906/2/3 9903/2/3 9905/2/3
f 9909/2/3 9908/2/3 9907/2/3
f 9910/2/3 9908/2/3 9909/2/3
f 9913/2/3 9912/2/3 9911/2/3
f 9914/2/3 9912/2/3 9913/2/3
f 9919/2/3 9916/2/3 9915/2/3
f 9920/2/3 9916/2/3 9919/2/3
f 9921/2/3 9918/2/3 9917/2/3
f 9922/2/3 9918/2/3 9921/2/3
f 9925/2/3 9924/2/3 9923/2/3
f 9926/2/3 9924/2/3 9925/2/3
f 9929/2/3 9928/2/3 9927/2/3
f 9930/2/3 9928/2/3 9929/2/3
f 9931/2/3 9928/2/3 9930/2/3
f 9934/2/3 9933/2/3 9932/2/3
f 9935/2/3 9933/2/3 9934/2/3
f 9938/2/3 9937/2/3 9936/2/3
f 9939/2/3 9937/2/3 9938/2/3
f 9942/2/3 9941/2/3 9940/2/3
f 9943/2/3 9941/2/3 9942/2/3
f 9946/2/3 9945/2/3 9944/2/3
f 9947/2/3 9945/2/3 9946/2/3
f 9950/2/3 9949/2/3 9948/2/3
f 9951/2/3 9949/2/3 9950/2/3
f 9954/2/3 9953/2/3 9952/2/3
f 9955/2/3 9953/2/3 9954/2/3
f 9958/2/3 9957/2/3 9956/2/3
f 9959/2/3 9957/2/3 9958/2/3
f 9961/2/3 9960/2/3 9959/2/3
f 9962/2/3 9960/2/3 9961/2/3
f 9965/2/3 9964/2/3 9963/2/3
f 9966/2/3 9964/2/3 9965/2/3
f 9969/2/3 9968/2/3 9967/2/3
f 9970/2/3 9968/2/3 9969/2/3
f 9973/2/3 9972/2/3 9971/2/3
f 9974/2/3 9972/2/3 9973/2/3
f 9977/2/3 9976/2/3 9975/2/3
f 9978/2/3 9976/2/3 9977/2/3
f 9981/2/3 9980/2/3 9979/2/3
f 9982/2/3 9980/2/3 9981/2/3
f 9988/2/3 9984/2/3 9983/2/3
f 9989/2/3 9984/2/3 9988/2/3
f 9992/1/3 9986/1/3 9985/1/3
f 9993/1/3 9986/1/3 9992/1/3
f 9994/2/3 9988/2/3 9987/2/3
f 9995/2/3 9988/2/3 9994/2/3
f 9996/2/3 9991/2/3 9990/2/3
f 9997/2/3 9991/2/3 9996/2/3
f 10001/2/3 9999/2/3 9998/2/3
f 10001/2/3 10000/2/3 9999/2/3
f 10002/2/3 10000/2/3 10001/2/3
f 10005/2/3 10004/2/3 10003/2/3
f 10006/2/3 10004/2/3 10005/2/3
f 10009/2/3 10008/2/3 10007/2/3
f 10010/2/3 10008/2/3 10009/2/3
f 10013/2/3 10012/2/3 10011/2/3
f 10014/2/3 10012/2/3 10013/2/3
f 10017/2/3 10016/2/3 10015/2/3
f 10018/2/3 10016/2/3 10017/2/3
f 10021/2/3 10020/2/3 10019/2/3
f 10022/2/3 10020/2/3 10021/2/3
f 10026/2/3 10024/2/3 10023/2/3
f 10026/2/3 10025/2/3 10024/2/3
f 10027/2/3 10025/2/3 10026/2/3
f 10028/2/3 10025/2/3 10027/2/3
f 10031/2/3 10030/2/3 10029/2/3
f 10032/2/3 10030/2/3 10031/2/3
f 10035/2/3 10034/2/3 10033/2/3
f 10036/2/3 10034/2/3 10035/2/3
f 10037/2/3 10034/2/3 10036/2/3
f 10038/2/3 10034/2/3 10037/2/3
f 10041/2/3 10040/2/3 10039/2/3
f 10042/2/3 10040/2/3 10041/2/3
f 10045/2/3 10044/2/3 10043/2/3
f 10046/2/3 10044/2/3 10045/2/3
f 10049/2/3 10048/2/3 10047/2/3
f 10050/2/3 10048/2/3 10049/2/3
f 10054/2/3 10052/2/3 10051/2/3
f 10055/2/3 10052/2/3 10054/2/3
f 10056/2/3 10054/2/3 10053/2/3
f 10057/2/3 10054/2/3 10056/2/3
f 10060/2/3 10059/2/3 10058/2/3
f 10061/2/3 10059/2/3 10060/2/3
f 10064/2/3 10063/2/3 10062/2/3
f 10065/2/3 10063/2/3 10064/2/3
f 10068/2/3 10067/2/3 10066/2/3
f 10069/2/3 10067/2/3 10068/2/3
f 10072/2/3 10071/2/3 10070/2/3
f 10073/2/3 10071/2/3 10072/2/3
f 10077/2/3 10075/2/3 10074/2/3
f 10080/2/3 10077/2/3 10076/2/3
f 10081/2/3 10075/2/3 10077/2/3
f 10081/2/3 10077/2/3 10080/2/3
f 10084/2/3 10079/2/3 10078/2/3
f 10085/2/3 10079/2/3 10084/2/3
f 10086/2/3 10083/2/3 10082/2/3
f 10087/2/3 10083/2/3 10086/2/3
f 10090/2/3 10089/2/3 10088/2/3
f 10091/2/3 10089/2/3 10090/2/3
f 10094/2/3 10093/2/3 10092/2/3
f 10095/2/3 10093/2/3 10094/2/3
f 10098/2/3 10097/2/3 10096/2/3
f 10099/2/3 10097/2/3 10098/2/3
f 10103/2/3 10101/2/3 10100/2/3
f 10103/2/3 10102/2/3 10101/2/3
f 10104/2/3 10102/2/3 10103/2/3
f 10105/2/3 10102/2/3 10104/2/3
f 10106/2/3 10102/2/3 10105/2/3
f 10109/2/3 10108/2/3 10107/2/3
f 10110/2/3 10108/2/3 10109/2/3
f 10111/2/3 10108/2/3 10110/2/3
f 10113/2/3 10112/2/3 10111/2/3
f 10114/2/3 10112/2/3 10113/2/3
f 10117/2/3 10116/2/3 10115/2/3
f 10118/2/3 10116/2/3 10117/2/3
f 10121/2/3 10120/2/3 10119/2/3
f 10122/2/3 10120/2/3 10121/2/3
f 10125/2/3 10124/2/3 10123/2/3
f 10126/2/3 10124/2/3 10125/2/3
f 10130/2/3 10128/2/3 10127/2/3
f 10130/2/3 10129/2/3 10128/2/3
f 10131/2/3 10129/2/3 10130/2/3
f 10132/2/3 10129/2/3 10131/2/3
f 10135/2/3 10134/2/3 10133/2/3
f 10136/2/3 10134/2/3 10135/2/3
f 10141/2/3 10138/2/3 10137/2/3
f 10142/2/3 10138/2/3 10141/2/3
f 10143/2/3 10140/2/3 10139/2/3
f 10144/2/3 10140/2/3 10143/2/3
f 10147/2/3 10146/2/3 10145/2/3
f 10148/2/3 10146/2/3 10147/2/3
f 10152/2/3 10150/2/3 10149/2/3
f 10153/2/3 10150/2/3 10152/2/3
f 10153/2/3 10152/2/3 10151/2/3
f 10154/2/3 10150/2/3 10153/2/3
f 10155/2/3 10153/2/3 10151/2/3
f 10156/2/3 10153/2/3 10155/2/3
f 10159/2/3 10158/2/3 10157/2/3
f 10160/2/3 10158/2/3 10159/2/3
f 10163/2/3 10162/2/3 10161/2/3
f 10164/2/3 10162/2/3 10163/2/3
f 10167/2/3 10166/2/3 10165/2/3
f 10168/2/3 10166/2/3 10167/2/3
f 10170/2/3 10169/2/3 10168/2/3
f 10171/2/3 10169/2/3 10170/2/3
f 10175/2/3 10173/2/3 10172/2/3
f 10175/2/3 10174/2/3 10173/2/3
f 10176/2/3 10174/2/3 10175/2/3
f 10177/2/3 10174/2/3 10176/2/3
f 10180/2/3 10179/2/3 10178/2/3
f 10181/2/3 10179/2/3 10180/2/3
f 10184/2/3 10183/2/3 10182/2/3
f 10185/2/3 10183/2/3 10184/2/3
f 10188/2/3 10187/2/3 10186/2/3
f 10189/2/3 10187/2/3 10188/2/3
f 10192/2/3 10191/2/3 10190/2/3
f 10193/2/3 10191/2/3 10192/2/3
f 10197/2/3 10195/2/3 10194/2/3
f 10198/2/3 10195/2/3 10197/2/3
f 10199/2/3 10197/2/3 10196/2/3
f 10200/2/3 10197/2/3 10199/2/3
f 10203/2/3 10202/2/3 10201/2/3
f 10204/2/3 10202/2/3 10203/2/3
f 10207/2/3 10206/2/3 10205/2/3
f 10208/2/3 10206/2/3 10207/2/3
f 10211/2/3 10210/2/3 10209/2/3
f 10212/2/3 10210/2/3 10211/2/3
f 10213/2/3 10210/2/3 10212/2/3
f 10214/2/3 10210/2/3 10213/2/3
f 10217/2/3 10216/2/3 10215/2/3
f 10218/2/3 10216/2/3 10217/2/3
f 10221/2/3 10220/2/3 10219/2/3
f 10222/2/3 10220/2/3 10221/2/3
f 10225/2/3 10224/2/3 10223/2/3
f 10226/2/3 10224/2/3 10225/2/3
f 10230/2/3 10228/2/3 10227/2/3
f 10231/2/3 10228/2/3 10230/2/3
f 10233/2/3 10230/2/3 10229/2/3
f 10234/2/3 10230/2/3 10233/2/3
f 10234/2/3 10233/2/3 10232/2/3
f 10236/2/3 10234/2/3 10232/2/3
f 10236/2/3 10235/2/3 10234/2/3
f 10237/2/3 10235/2/3 10236/2/3
f 10238/2/3 10235/2/3 10237/2/3
f 10239/2/3 10235/2/3 10238/2/3
f 10242/2/3 10241/2/3 10240/2/3
f 10243/2/3 10241/2/3 10242/2/3
f 10247/2/3 10245/2/3 10244/2/3
f 10248/2/3 10245/2/3 10247/2/3
f 10249/2/3 10247/2/3 10246/2/3
f 10252/2/3 10247/2/3 10249/2/3
f 10253/2/3 10247/2/3 10252/2/3
f 10254/2/3 10251/2/3 10250/2/3
f 10255/2/3 10251/2/3 10254/2/3
f 10259/2/3 10257/2/3 10256/2/3
f 10260/2/3 10259/2/3 10258/2/3
f 10261/2/3 10257/2/3 10259/2/3
f 10261/2/3 10259/2/3 10260/2/3
f 10264/2/3 10257/2/3 10261/2/3
f 10265/2/3 10257/2/3 10264/2/3
f 10267/2/3 10263/2/3 10262/2/3
f 10268/2/3 10263/2/3 10267/2/3
f 10269/2/3 10267/2/3 10266/2/3
f 10271/2/3 10269/2/3 10266/2/3
f 10271/2/3 10270/2/3 10269/2/3
f 10272/2/3 10270/2/3 10271/2/3
f 10273/2/3 10270/2/3 10272/2/3
f 10275/2/3 10273/2/3 10272/2/3
f 10275/2/3 10274/2/3 10273/2/3
f 10276/2/3 10274/2/3 10275/2/3
f 10279/2/3 10278/2/3 10277/2/3
f 10280/2/3 10278/2/3 10279/2/3
f 10282/2/3 10281/2/3 10280/2/3
f 10283/2/3 10281/2/3 10282/2/3
f 10286/2/3 10285/2/3 10284/2/3
f 10287/2/3 10285/2/3 10286/2/3
f 10289/2/3 10288/2/3 10287/2/3
f 10290/2/3 10288/2/3 10289/2/3
f 10293/2/3 10292/2/3 10291/2/3
f 10294/2/3 10292/2/3 10293/2/3
f 10295/2/3 10293/2/3 10291/2/3
f 10296/2/3 10293/2/3 10295/2/3
f 10297/2/3 10292/2/3 10294/2/3
f 10298/2/3 10292/2/3 10297/2/3
f 10300/2/3 10299/2/3 10298/2/3
f 10301/2/3 10299/2/3 10300/2/3
f 10303/2/3 10302/2/3 10301/2/3
f 10304/2/3 10302/2/3 10303/2/3
f 10309/2/3 10306/2/3 10305/2/3
f 10310/2/3 10306/2/3 10309/2/3
f 10311/2/3 10308/2/3 10307/2/3
f 10312/2/3 10308/2/3 10311/2/3
f 10315/2/3 10314/2/3 10313/2/3
f 10316/2/3 10314/2/3 10315/2/3
f 10319/2/3 10318/2/3 10317/2/3
f 10320/2/3 10319/2/3 10317/2/3
f 10321/2/3 10319/2/3 10320/2/3
f 10324/2/3 10323/2/3 10322/2/3
f 10325/2/3 10323/2/3 10324/2/3
f 10326/2/3 10323/2/3 10325/2/3
f 10327/2/3 10323/2/3 10326/2/3
f 10331/2/3 10329/2/3 10328/2/3
f 10331/2/3 10330/2/3 10329/2/3
f 10332/2/3 10330/2/3 10331/2/3
f 10333/2/3 10330/2/3 10332/2/3
f 10334/2/3 10330/2/3 10333/2/3
f 10337/2/3 10336/2/3 10335/2/3
f 10338/2/3 10336/2/3 10337/2/3
f 10341/2/3 10340/2/3 10339/2/3
f 10342/2/3 10340/2/3 10341/2/3
f 10345/2/3 10344/2/3 10343/2/3
f 10346/2/3 10344/2/3 10345/2/3
f 10347/2/3 10344/2/3 10346/2/3
f 10350/2/3 10349/2/3 10348/2/3
f 10351/2/3 10349/2/3 10350/2/3
f 10353/2/3 10352/2/3 10351/2/3
f 10354/2/3 10352/2/3 10353/2/3
f 10357/2/3 10356/2/3 10355/2/3
f 10358/2/3 10356/2/3 10357/2/3
f 10361/2/3 10360/2/3 10359/2/3
f 10362/2/3 10360/2/3 10361/2/3
f 10365/2/3 10364/2/3 10363/2/3
f 10366/2/3 10364/2/3 10365/2/3
f 10369/2/3 10367/2/3 10366/2/3
f 10370/2/3 10367/2/3 10369/2/3
f 10371/2/3 10369/2/3 10368/2/3
f 10372/2/3 10369/2/3 10371/2/3
f 10375/2/3 10374/2/3 10373/2/3
f 10376/2/3 10374/2/3 10375/2/3
f 10378/2/3 10377/2/3 10376/2/3
f 10379/2/3 10377/2/3 10378/2/3
f 10382/2/3 10381/2/3 10380/2/3
f 10383/2/3 10381/2/3 10382/2/3
f 10386/2/3 10385/2/3 10384/2/3
f 10387/2/3 10385/2/3 10386/2/3
f 10390/2/3 10389/2/3 10388/2/3
f 10391/2/3 10389/2/3 10390/2/3
f 10394/2/3 10393/2/3 10392/2/3
f 10395/2/3 10393/2/3 10394/2/3
f 10398/2/3 10397/2/3 10396/2/3
f 10399/2/3 10397/2/3 10398/2/3
f 10402/2/3 10401/2/3 10400/2/3
f 10403/2/3 10401/2/3 10402/2/3
f 10406/2/3 10405/2/3 10404/2/3
f 10407/2/3 10405/2/3 10406/2/3
f 10410/2/3 10409/2/3 10408/2/3
f 10411/2/3 10409/2/3 10410/2/3
f 10414/2/3 10413/2/3 10412/2/3
f 10415/2/3 10413/2/3 10414/2/3
f 10418/2/3 10417/2/3 10416/2/3
f 10419/2/3 10417/2/3 10418/2/3
f 10422/2/3 10421/2/3 10420/2/3
f 10423/2/3 10421/2/3 10422/2/3
f 10425/2/3 10424/2/3 10423/2/3
f 10426/2/3 10424/2/3 10425/2/3
f 10429/2/3 10428/2/3 10427/2/3
f 10430/2/3 10428/2/3 10429/2/3
f 10433/2/3 10432/2/3 10431/2/3
f 10434/2/3 10432/2/3 10433/2/3
f 10437/2/3 10436/2/3 10435/2/3
f 10438/2/3 10436/2/3 10437/2/3
f 10443/2/3 10440/2/3 10439/2/3
f 10444/2/3 10440/2/3 10443/2/3
f 10445/2/3 10442/2/3 10441/2/3
f 10446/2/3 10442/2/3 10445/2/3
f 10449/2/3 10448/2/3 10447/2/3
f 10450/2/3 10448/2/3 10449/2/3
f 10452/2/3 10451/2/3 10450/2/3
f 10453/2/3 10451/2/3 10452/2/3
f 10456/2/3 10454/2/3 10453/2/3
f 10457/2/3 10454/2/3 10456/2/3
f 10458/2/3 10456/2/3 10455/2/3
f 10459/2/3 10456/2/3 10458/2/3
f 10462/2/3 10461/2/3 10460/2/3
f 10463/2/3 10461/2/3 10462/2/3
f 10469/2/3 10465/2/3 10464/2/3
f 10470/2/3 10465/2/3 10469/2/3
f 10471/2/3 10467/2/3 10466/2/3
f 10472/2/3 10467/2/3 10471/2/3
f 10473/2/3 10469/2/3 10468/2/3
f 10474/2/3 10469/2/3 10473/2/3
f 10479/2/3 10476/2/3 10475/2/3
f 10480/2/3 10476/2/3 10479/2/3
f 10481/2/3 10478/2/3 10477/2/3
f 10482/2/3 10478/2/3 10481/2/3
f 10486/2/3 10484/2/3 10483/2/3
f 10486/2/3 10485/2/3 10484/2/3
f 10487/2/3 10485/2/3 10486/2/3
f 10488/2/3 10485/2/3 10487/2/3
f 10489/2/3 10485/2/3 10488/2/3
f 10492/2/3 10491/2/3 10490/2/3
f 10493/2/3 10491/2/3 10492/2/3
f 10496/2/3 10495/2/3 10494/2/3
f 10497/2/3 10495/2/3 10496/2/3
f 10498/2/3 10496/2/3 10494/2/3
f 10499/2/3 10496/2/3 10498/2/3
f 10502/2/3 10501/2/3 10500/2/3
f 10503/2/3 10501/2/3 10502/2/3
f 10506/2/3 10505/2/3 10504/2/3
f 10507/2/3 10505/2/3 10506/2/3
f 10510/2/3 10509/2/3 10508/2/3
f 10511/2/3 10509/2/3 10510/2/3
f 10514/2/3 10513/2/3 10512/2/3
f 10515/2/3 10513/2/3 10514/2/3
f 10518/2/3 10517/2/3 10516/2/3
f 10519/2/3 10517/2/3 10518/2/3
f 10522/2/3 10521/2/3 10520/2/3
f 10523/2/3 10521/2/3 10522/2/3
f 10526/2/3 10525/2/3 10524/2/3
f 10527/2/3 10525/2/3 10526/2/3
f 10530/2/3 10529/2/3 10528/2/3
f 10531/2/3 10529/2/3 10530/2/3
f 10533/2/3 10532/2/3 10531/2/3
f 10534/2/3 10532/2/3 10533/2/3
f 10537/2/3 10536/2/3 10535/2/3
f 10538/2/3 10536/2/3 10537/2/3
f 10542/2/3 10540/2/3 10539/2/3
f 10543/2/3 10542/2/3 10541/2/3
f 10544/2/3 10540/2/3 10542/2/3
f 10544/2/3 10542/2/3 10543/2/3
f 10547/2/3 10546/2/3 10545/2/3
f 10548/2/3 10546/2/3 10547/2/3
f 10551/2/3 10549/2/3 10548/2/3
f 10552/2/3 10549/2/3 10551/2/3
f 10553/2/3 10551/2/3 10550/2/3
f 10554/2/3 10551/2/3 10553/2/3
f 10557/2/3 10556/2/3 10555/2/3
f 10558/2/3 10556/2/3 10557/2/3
f 10561/2/3 10560/2/3 10559/2/3
f 10562/2/3 10560/2/3 10561/2/3
f 10565/2/3 10564/2/3 10563/2/3
f 10566/2/3 10564/2/3 10565/2/3
f 10570/2/3 10568/2/3 10567/2/3
f 10571/2/3 10568/2/3 10570/2/3
f 10572/2/3 10570/2/3 10569/2/3
f 10573/2/3 10570/2/3 10572/2/3
f 10576/2/3 10575/2/3 10574/2/3
f 10577/2/3 10575/2/3 10576/2/3
f 10581/2/3 10579/2/3 10578/2/3
f 10582/2/3 10581/2/3 10580/2/3
f 10583/2/3 10579/2/3 10581/2/3
f 10583/2/3 10581/2/3 10582/2/3
f 10587/2/3 10585/2/3 10584/2/3
f 10588/2/3 10585/2/3 10587/2/3
f 10590/2/3 10589/2/3 10588/2/3
f 10591/2/3 10589/2/3 10590/2/3
f 10592/2/3 10587/2/3 10586/2/3
f 10593/2/3 10587/2/3 10592/2/3
f 10596/2/3 10595/2/3 10594/2/3
f 10597/2/3 10595/2/3 10596/2/3
f 10600/2/3 10599/2/3 10598/2/3
f 10601/2/3 10599/2/3 10600/2/3
f 10604/2/3 10603/2/3 10602/2/3
f 10605/2/3 10603/2/3 10604/2/3
f 10610/2/3 10607/2/3 10606/2/3
f 10611/2/3 10607/2/3 10610/2/3
f 10612/2/3 10609/2/3 10608/2/3
f 10613/2/3 10609/2/3 10612/2/3
f 10616/2/3 10615/2/3 10614/2/3
f 10617/2/3 10616/2/3 10614/2/3
f 10618/2/3 10616/2/3 10617/2/3
f 10619/2/3 10616/2/3 10618/2/3
f 10622/2/3 10621/2/3 10620/2/3
f 10623/2/3 10621/2/3 10622/2/3
f 10626/2/3 10625/2/3 10624/2/3
f 10627/2/3 10625/2/3 10626/2/3
f 10630/2/3 10629/2/3 10628/2/3
f 10631/2/3 10629/2/3 10630/2/3
f 10634/2/3 10633/2/3 10632/2/3
f 10635/2/3 10633/2/3 10634/2/3
f 10638/2/3 10637/2/3 10636/2/3
f 10639/2/3 10637/2/3 10638/2/3
f 10642/2/3 10641/2/3 10640/2/3
f 10643/2/3 10641/2/3 10642/2/3
f 10646/2/3 10645/2/3 10644/2/3
f 10647/2/3 10645/2/3 10646/2/3
f 10650/2/3 10649/2/3 10648/2/3
f 10651/2/3 10649/2/3 10650/2/3
f 10654/2/3 10653/2/3 10652/2/3
f 10655/2/3 10653/2/3 10654/2/3
f 10659/2/3 10657/2/3 10656/2/3
f 10660/2/3 10659/2/3 10658/2/3
f 10661/2/3 10657/2/3 10659/2/3
f 10661/2/3 10659/2/3 10660/2/3
f 10664/2/3 10663/2/3 10662/2/3
f 10665/2/3 10663/2/3 10664/2/3
f 10668/2/3 10667/2/3 10666/2/3
f 10669/2/3 10667/2/3 10668/2/3
f 10672/2/3 10671/2/3 10670/2/3
f 10673/2/3 10671/2/3 10672/2/3
f 10676/2/3 10675/2/3 10674/2/3
f 10677/2/3 10675/2/3 10676/2/3
f 10681/2/3 10679/2/3 10678/2/3
f 10681/2/3 10680/2/3 10679/2/3
f 10682/2/3 10680/2/3 10681/2/3
f 10685/2/3 10681/2/3 10678/2/3
f 10686/2/3 10681/2/3 10685/2/3
f 10687/2/3 10684/2/3 10683/2/3
f 10688/2/3 10684/2/3 10687/2/3
f 10691/2/3 10690/2/3 10689/2/3
f 10692/2/3 10690/2/3 10691/2/3
f 10695/2/3 10694/2/3 10693/2/3
f 10696/2/3 10694/2/3 10695/2/3
f 10699/2/3 10698/2/3 10697/2/3
f 10700/2/3 10698/2/3 10699/2/3
f 10703/2/3 10702/2/3 10701/2/3
f 10704/2/3 10702/2/3 10703/2/3
f 10707/2/3 10706/2/3 10705/2/3
f 10708/2/3 10706/2/3 10707/2/3
f 10711/2/3 10710/2/3 10709/2/3
f 10712/2/3 10710/2/3 10711/2/3
f 10715/2/3 10714/2/3 10713/2/3
f 10716/2/3 10714/2/3 10715/2/3
f 10721/2/3 10718/2/3 10717/2/3
f 10722/2/3 10718/2/3 10721/2/3
f 10723/2/3 10720/2/3 10719/2/3
f 10725/2/3 10723/2/3 10719/2/3
f 10726/2/3 10723/2/3 10725/2/3
f 10727/2/3 10725/2/3 10724/2/3
f 10728/2/3 10725/2/3 10727/2/3
f 10731/2/3 10730/2/3 10729/2/3
f 10732/2/3 10731/2/3 10729/2/3
f 10733/2/3 10731/2/3 10732/2/3
f 10738/2/3 10735/2/3 10734/2/3
f 10739/2/3 10735/2/3 10738/2/3
f 10740/2/3 10737/2/3 10736/2/3
f 10741/2/3 10737/2/3 10740/2/3
f 10744/2/3 10743/2/3 10742/2/3
f 10745/2/3 10743/2/3 10744/2/3
f 10748/2/3 10747/2/3 10746/2/3
f 10749/2/3 10747/2/3 10748/2/3
f 10752/2/3 10751/2/3 10750/2/3
f 10753/2/3 10751/2/3 10752/2/3
f 10757/2/3 10755/2/3 10754/2/3
f 10758/2/3 10755/2/3 10757/2/3
f 10760/2/3 10757/2/3 10756/2/3
f 10761/2/3 10760/2/3 10759/2/3
f 10762/2/3 10757/2/3 10760/2/3
f 10762/2/3 10760/2/3 10761/2/3
f 10766/2/3 10764/2/3 10763/2/3
f 10767/2/3 10764/2/3 10766/2/3
f 10768/2/3 10766/2/3 10765/2/3
f 10769/2/3 10766/2/3 10768/2/3
f 10771/2/3 10770/2/3 10769/2/3
f 10772/2/3 10770/2/3 10771/2/3
f 10775/2/3 10774/2/3 10773/2/3
f 10776/2/3 10774/2/3 10775/2/3
f 10779/2/3 10778/2/3 10777/2/3
f 10780/2/3 10778/2/3 10779/2/3
f 10783/2/3 10782/2/3 10781/2/3
f 10784/2/3 10782/2/3 10783/2/3
f 10787/2/3 10786/2/3 10785/2/3
f 10788/2/3 10786/2/3 10787/2/3
f 10791/2/3 10790/2/3 10789/2/3
f 10792/2/3 10790/2/3 10791/2/3
f 10795/2/3 10794/2/3 10793/2/3
f 10796/2/3 10794/2/3 10795/2/3
f 10799/2/3 10798/2/3 10797/2/3
f 10800/2/3 10798/2/3 10799/2/3
f 10803/2/3 10802/2/3 10801/2/3
f 10804/2/3 10802/2/3 10803/2/3
f 10806/2/3 10805/2/3 10804/2/3
f 10807/2/3 10805/2/3 10806/2/3
f 10810/2/3 10809/2/3 10808/2/3
f 10811/2/3 10809/2/3 10810/2/3
f 10815/2/3 10813/2/3 10812/2/3
f 10815/2/3 10814/2/3 10813/2/3
f 10816/2/3 10814/2/3 10815/2/3
f 10819/2/3 10818/2/3 10817/2/3
f 10820/2/3 10818/2/3 10819/2/3
f 10823/2/3 10822/2/3 10821/2/3
f 10824/2/3 10822/2/3 10823/2/3
f 10827/2/3 10826/2/3 10825/2/3
f 10828/2/3 10826/2/3 10827/2/3
f 10831/2/3 10830/2/3 10829/2/3
f 10832/2/3 10830/2/3 10831/2/3
f 10835/2/3 10834/2/3 10833/2/3
f 10836/2/3 10834/2/3 10835/2/3
f 10839/2/3 10838/2/3 10837/2/3
f 10840/2/3 10838/2/3 10839/2/3
f 10843/2/3 10842/2/3 10841/2/3
f 10844/2/3 10842/2/3 10843/2/3
f 10847/2/3 10846/2/3 10845/2/3
f 10848/2/3 10846/2/3 10847/2/3
f 10851/2/3 10850/2/3 10849/2/3
f 10852/2/3 10850/2/3 10851/2/3
f 10855/2/3 10854/2/3 10853/2/3
f 10856/2/3 10854/2/3 10855/2/3
f 10859/2/3 10858/2/3 10857/2/3
f 10860/2/3 10858/2/3 10859/2/3
f 10863/2/3 10862/2/3 10861/2/3
f 10864/2/3 10862/2/3 10863/2/3
f 10867/2/3 10866/2/3 10865/2/3
f 10868/2/3 10866/2/3 10867/2/3
f 10871/2/3 10870/2/3 10869/2/3
f 10872/2/3 10870/2/3 10871/2/3
f 10874/2/3 10873/2/3 10872/2/3
f 10875/2/3 10873/2/3 10874/2/3
f 10878/2/3 10877/2/3 10876/2/3
f 10880/2/3 10878/2/3 10876/2/3
f 10880/2/3 10879/2/3 10878/2/3
f 10881/2/3 10879/2/3 10880/2/3
f 10884/2/3 10883/2/3 10882/2/3
f 10885/2/3 10883/2/3 10884/2/3
f 10887/2/3 10886/2/3 10885/2/3
f 10888/2/3 10886/2/3 10887/2/3
f 10891/2/3 10890/2/3 10889/2/3
f 10892/2/3 10890/2/3 10891/2/3
f 10895/2/3 10894/2/3 10893/2/3
f 10896/2/3 10894/2/3 10895/2/3
f 10899/2/3 10898/2/3 10897/2/3
f 10900/2/3 10898/2/3 10899/2/3
f 10903/2/3 10902/2/3 10901/2/3
f 10904/2/3 10902/2/3 10903/2/3
f 10905/2/3 10902/2/3 10904/2/3
f 10907/2/3 10906/2/3 10905/2/3
f 10908/2/3 10906/2/3 10907/2/3
f 10911/2/3 10910/2/3 10909/2/3
f 10912/2/3 10910/2/3 10911/2/3
f 10915/2/3 10914/2/3 10913/2/3
f 10916/2/3 10914/2/3 10915/2/3
f 10919/2/3 10918/2/3 10917/2/3
f 10920/2/3 10918/2/3 10919/2/3
f 10921/2/3 10919/2/3 10917/2/3
f 10922/2/3 10919/2/3 10921/2/3
f 10924/2/3 10923/2/3 10922/2/3
f 10925/2/3 10923/2/3 10924/2/3
f 10928/2/3 10927/2/3 10926/2/3
f 10929/2/3 10927/2/3 10928/2/3
f 10934/2/3 10931/2/3 10930/2/3
f 10935/2/3 10931/2/3 10934/2/3
f 10936/2/3 10933/2/3 10932/2/3
f 10937/2/3 10933/2/3 10936/2/3
f 10939/2/3 10938/2/3 10937/2/3
f 10941/2/3 10939/2/3 10937/2/3
f 10941/2/3 10940/2/3 10939/2/3
f 10942/2/3 10940/2/3 10941/2/3
f 10945/2/3 10944/2/3 10943/2/3
f 10947/2/3 10945/2/3 10943/2/3
f 10947/2/3 10946/2/3 10945/2/3
f 10948/2/3 10946/2/3 10947/2/3
f 10949/2/3 10947/2/3 10943/2/3
f 10950/2/3 10947/2/3 10949/2/3
f 10955/2/3 10952/2/3 10951/2/3
f 10956/2/3 10952/2/3 10955/2/3
f 10957/2/3 10954/2/3 10953/2/3
f 10958/2/3 10954/2/3 10957/2/3
f 10961/2/3 10960/2/3 10959/2/3
f 10962/2/3 10960/2/3 10961/2/3
f 10965/2/3 10964/2/3 10963/2/3
f 10966/2/3 10964/2/3 10965/2/3
f 10969/2/3 10968/2/3 10967/2/3
f 10970/2/3 10968/2/3 10969/2/3
f 10972/2/3 10971/2/3 10970/2/3
f 10973/2/3 10971/2/3 10972/2/3
f 10977/2/3 10975/2/3 10974/2/3
f 10978/2/3 10975/2/3 10977/2/3
f 10979/2/3 10977/2/3 10976/2/3
f 10980/2/3 10977/2/3 10979/2/3
f 10982/2/3 10981/2/3 10980/2/3
f 10983/2/3 10981/2/3 10982/2/3
f 10986/2/3 10985/2/3 10984/2/3
f 10987/2/3 10985/2/3 10986/2/3
f 10990/2/3 10988/2/3 10987/2/3
f 10991/2/3 10990/2/3 10989/2/3
f 10992/2/3 10988/2/3 10990/2/3
f 10992/2/3 10990/2/3 10991/2/3
f 10993/2/3 10988/2/3 10992/2/3
f 10996/2/3 10995/2/3 10994/2/3
f 10997/2/3 10995/2/3 10996/2/3
f 11000/2/3 10999/2/3 10998/2/3
f 11001/2/3 10999/2/3 11000/2/3
f 11004/2/3 11003/2/3 11002/2/3
f 11005/2/3 11003/2/3 11004/2/3
f 11008/2/3 11007/2/3 11006/2/3
f 11009/2/3 11007/2/3 11008/2/3
f 11012/2/3 11011/2/3 11010/2/3
f 11013/2/3 11011/2/3 11012/2/3
f 11015/2/3 11011/2/3 11013/2/3
f 11016/2/3 11015/2/3 11014/2/3
f 11017/2/3 11011/2/3 11015/2/3
f 11017/2/3 11015/2/3 11016/2/3
f 11020/2/3 11019/2/3 11018/2/3
f 11021/2/3 11019/2/3 11020/2/3
f 11024/2/3 11023/2/3 11022/2/3
f 11025/2/3 11023/2/3 11024/2/3
f 11028/2/3 11027/2/3 11026/2/3
f 11029/2/3 11027/2/3 11028/2/3
f 11032/2/3 11031/2/3 11030/2/3
f 11033/2/3 11031/2/3 11032/2/3
f 11036/2/3 11035/2/3 11034/2/3
f 11037/2/3 11035/2/3 11036/2/3
f 11040/2/3 11039/2/3 11038/2/3
f 11041/2/3 11039/2/3 11040/2/3
f 11042/2/4 11043/2/4 11044/2/4
f 11044/2/4 11043/2/4 11045/2/4
f 11046/2/4 11047/2/4 11048/2/4
f 11048/2/4 11047/2/4 11049/2/4
f 11050/2/4 11051/2/4 11052/2/4
f 11052/2/4 11051/2/4 11053/2/4
f 11054/2/4 11055/2/4 11056/2/4
f 11056/2/4 11055/2/4 11057/2/4
f 11058/2/4 11059/2/4 11060/2/4
f 11060/2/4 11059/2/4 11061/2/4
f 11062/2/4 11063/2/4 11064/2/4
f 11064/2/4 11063/2/4 11065/2/4
f 11066/2/4 11067/2/4 11068/2/4
f 11068/2/4 11067/2/4 11069/2/4
f 11069/2/4 11067/2/4 11071/2/4
f 11070/2/4 11071/2/4 11072/2/4
f 11071/2/4 11067/2/4 11073/2/4
f 11072/2/4 11071/2/4 11073/2/4
f 11074/2/4 11075/2/4 11076/2/4
f 11076/2/4 11075/2/4 11077/2/4
f 11078/2/4 11079/2/4 11080/2/4
f 11080/2/4 11079/2/4 11081/2/4
f 11082/2/4 11083/2/4 11084/2/4
f 11084/2/4 11083/2/4 11085/2/4
f 11086/2/4 11087/2/4 11088/2/4
f 11088/2/4 11087/2/4 11089/2/4
f 11090/2/4 11091/2/4 11093/2/4
f 11091/2/4 11092/2/4 11093/2/4
f 11093/2/4 11092/2/4 11094/2/4
f 11094/2/4 11092/2/4 11096/2/4
f 11096/2/4 11092/2/4 11097/2/4
f 11095/2/4 11096/2/4 11098/2/4
f 11098/2/4 11096/2/4 11099/2/4
f 11100/2/4 11101/2/4 11103/2/4
f 11103/2/4 11101/2/4 11104/2/4
f 11102/2/4 11103/2/4 11105/2/4
f 11105/2/4 11103/2/4 11106/2/4
f 11106/2/4 11107/2/4 11108/2/4
f 11108/2/4 11107/2/4 11109/2/4
f 11110/2/4 11111/2/4 11113/2/4
f 11113/2/4 11111/2/4 11114/2/4
f 11112/2/4 11113/2/4 11115/2/4
f 11115/2/4 11113/2/4 11116/2/4
f 11117/2/4 11118/2/4 11119/2/4
f 11119/2/4 11118/2/4 11120/2/4
f 11121/2/4 11122/2/4 11125/2/4
f 11125/2/4 11122/2/4 11126/2/4
f 11123/2/4 11124/2/4 11127/2/4
f 11127/2/4 11124/2/4 11128/2/4
f 11129/2/4 11130/2/4 11131/2/4
f 11129/2/4 11131/2/4 11133/2/4
f 11131/2/4 11132/2/4 11133/2/4
f 11133/2/4 11132/2/4 11134/2/4
f 11129/2/4 11133/2/4 11135/2/4
f 11135/2/4 11133/2/4 11136/2/4
f 11137/2/4 11138/2/4 11139/2/4
f 11139/2/4 11138/2/4 11140/2/4
f 11141/2/4 11142/2/4 11144/2/4
f 11144/2/4 11142/2/4 11145/2/4
f 11143/2/4 11144/2/4 11146/2/4
f 11143/2/4 11146/2/4 11148/2/4
f 11146/2/4 11147/2/4 11148/2/4
f 11148/2/4 11147/2/4 11149/2/4
f 11150/2/4 11151/2/4 11152/2/4
f 11152/2/4 11151/2/4 11153/2/4
f 11154/2/4 11155/2/4 11156/2/4
f 11156/2/4 11155/2/4 11157/2/4
f 11158/2/4 11159/2/4 11160/2/4
f 11160/2/4 11159/2/4 11161/2/4
f 11162/2/4 11163/2/4 11164/2/4
f 11164/2/4 11163/2/4 11165/2/4
f 11166/2/4 11167/2/4 11168/2/4
f 11168/2/4 11167/2/4 11169/2/4
f 11169/2/4 11167/2/4 11170/2/4
f 11171/2/4 11172/2/4 11173/2/4
f 11173/2/4 11172/2/4 11174/2/4
f 11175/2/4 11176/2/4 11178/2/4
f 11178/2/4 11176/2/4 11179/2/4
f 11177/2/4 11178/2/4 11180/2/4
f 11180/2/4 11178/2/4 11181/2/4
f 11182/2/4 11183/2/4 11184/2/4
f 11184/2/4 11183/2/4 11185/2/4
f 11186/2/4 11187/2/4 11188/2/4
f 11188/2/4 11187/2/4 11189/2/4
f 11190/2/4 11191/2/4 11192/2/4
f 11192/2/4 11191/2/4 11193/2/4
f 11194/2/4 11195/2/4 11196/2/4
f 11196/2/4 11195/2/4 11197/2/4
f 11198/2/4 11199/2/4 11200/2/4
f 11200/2/4 11199/2/4 11201/2/4
f 11202/2/4 11203/2/4 11206/2/4
f 11206/2/4 11203/2/4 11207/2/4
f 11204/2/4 11205/2/4 11208/2/4
f 11208/2/4 11205/2/4 11209/2/4
f 11210/2/4 11211/2/4 11212/2/4
f 11212/2/4 11211/2/4 11213/2/4
f 11214/2/4 11215/2/4 11216/2/4
f 11216/2/4 11215/2/4 11217/2/4
f 11218/2/4 11219/2/4 11220/2/4
f 11220/2/4 11219/2/4 11221/2/4
f 11222/2/4 11223/2/4 11224/2/4
f 11224/2/4 11223/2/4 11225/2/4
f 11226/2/4 11227/2/4 11229/2/4
f 11229/2/4 11227/2/4 11230/2/4
f 11228/2/4 11229/2/4 11231/2/4
f 11231/2/4 11229/2/4 11232/2/4
f 11233/2/4 11234/2/4 11235/2/4
f 11233/2/4 11235/2/4 11238/2/4
f 11235/2/4 11236/2/4 11238/2/4
f 11238/2/4 11236/2/4 11239/2/4
f 11239/2/4 11236/2/4 11240/2/4
f 11237/2/4 11238/2/4 11241/2/4
f 11241/2/4 11238/2/4 11242/2/4
f 11243/2/4 11244/2/4 11245/2/4
f 11245/2/4 11244/2/4 11246/2/4
f 11247/2/4 11248/2/4 11249/2/4
f 11249/2/4 11248/2/4 11250/2/4
f 11250/2/4 11248/2/4 11251/2/4
f 11251/2/4 11248/2/4 11252/2/4
f 11253/2/4 11254/2/4 11255/2/4
f 11255/2/4 11254/2/4 11256/2/4
f 11257/2/4 11258/2/4 11259/2/4
f 11259/2/4 11258/2/4 11260/2/4
f 11261/2/4 11262/2/4 11263/2/4
f 11263/2/4 11262/2/4 11264/2/4
f 11264/2/4 11265/2/4 11268/2/4
f 11268/2/4 11265/2/4 11269/2/4
f 11266/2/4 11267/2/4 11270/2/4
f 11270/2/4 11267/2/4 11271/2/4
f 11272/2/4 11273/2/4 11274/2/4
f 11274/2/4 11273/2/4 11275/2/4
f 11276/2/4 11277/2/4 11278/2/4
f 11278/2/4 11277/2/4 11279/2/4
f 11280/2/4 11281/2/4 11284/2/4
f 11284/2/4 11281/2/4 11285/2/4
f 11282/2/4 11283/2/4 11287/2/4
f 11287/2/4 11283/2/4 11288/2/4
f 11285/2/4 11286/2/4 11289/2/4
f 11289/2/4 11286/2/4 11290/2/4
f 11291/2/4 11292/2/4 11293/2/4
f 11293/2/4 11292/2/4 11294/2/4
f 11295/2/4 11296/2/4 11297/2/4
f 11297/2/4 11296/2/4 11298/2/4
f 11299/2/4 11300/2/4 11301/2/4
f 11301/2/4 11300/2/4 11302/2/4
f 11303/2/4 11304/2/4 11306/2/4
f 11306/2/4 11304/2/4 11307/2/4
f 11305/2/4 11306/2/4 11308/2/4
f 11308/2/4 11306/2/4 11309/2/4
f 11309/2/4 11306/2/4 11310/2/4
f 11310/2/4 11311/2/4 11313/2/4
f 11309/2/4 11310/2/4 11313/2/4
f 11313/2/4 11311/2/4 11314/2/4
f 11312/2/4 11313/2/4 11316/2/4
f 11316/2/4 11313/2/4 11317/2/4
f 11315/2/4 11316/2/4 11318/2/4
f 11315/2/4 11318/2/4 11321/2/4
f 11318/2/4 11319/2/4 11321/2/4
f 11320/2/4 11321/2/4 11322/2/4
f 11322/2/4 11321/2/4 11323/2/4
f 11321/2/4 11319/2/4 11324/2/4
f 11323/2/4 11321/2/4 11324/2/4
f 11324/2/4 11319/2/4 11325/2/4
f 11323/2/4 11324/2/4 11326/2/4
f 11326/2/4 11324/2/4 11327/2/4
f 11325/2/4 11319/2/4 11328/2/4
f 11328/2/4 11319/2/4 11329/2/4
f 11330/2/4 11331/2/4 11333/2/4
f 11332/2/4 11333/2/4 11334/2/4
f 11333/2/4 11331/2/4 11335/2/4
f 11334/2/4 11333/2/4 11335/2/4
f 11336/2/4 11337/2/4 11338/2/4
f 11338/2/4 11337/2/4 11339/2/4
f 11340/2/4 11341/2/4 11342/2/4
f 11342/2/4 11341/2/4 11343/2/4
f 11344/2/4 11345/2/4 11348/2/4
f 11348/2/4 11345/2/4 11349/2/4
f 11346/2/4 11347/2/4 11350/2/4
f 11350/2/4 11347/2/4 11351/2/4
f 11352/2/4 11353/2/4 11354/2/4
f 11354/2/4 11353/2/4 11355/2/4
f 11356/2/4 11357/2/4 11360/2/4
f 11360/2/4 11357/2/4 11361/2/4
f 11358/2/4 11359/2/4 11362/2/4
f 11362/2/4 11359/2/4 11363/2/4
f 11364/2/4 11365/2/4 11366/2/4
f 11366/2/4 11365/2/4 11367/2/4
f 11368/2/4 11369/2/4 11370/2/4
f 11368/2/4 11370/2/4 11372/2/4
f 11370/2/4 11371/2/4 11372/2/4
f 11372/2/4 11371/2/4 11373/2/4
f 11374/2/4 11375/2/4 11378/2/4
f 11378/2/4 11375/2/4 11379/2/4
f 11376/2/4 11377/2/4 11382/2/4
f 11382/2/4 11377/2/4 11383/2/4
f 11383/2/4 11384/2/4 11385/2/4
f 11385/2/4 11384/2/4 11386/2/4
f 11380/2/4 11381/2/4 11387/2/4
f 11387/2/4 11381/2/4 11388/2/4
f 11389/2/4 11390/2/4 11392/2/4
f 11392/2/4 11390/2/4 11393/2/4
f 11391/2/4 11392/2/4 11395/2/4
f 11393/2/4 11394/2/4 11396/2/4
f 11396/2/4 11394/2/4 11397/2/4
f 11391/2/4 11395/2/4 11398/2/4
f 11398/2/4 11395/2/4 11399/2/4
f 11400/2/4 11401/2/4 11403/2/4
f 11402/2/4 11403/2/4 11406/2/4
f 11403/2/4 11401/2/4 11407/2/4
f 11406/2/4 11403/2/4 11407/2/4
f 11404/2/4 11405/2/4 11408/2/4
f 11408/2/4 11405/2/4 11409/2/4
f 11410/2/4 11411/2/4 11412/2/4
f 11412/2/4 11411/2/4 11413/2/4
f 11413/2/4 11414/2/4 11415/2/4
f 11415/2/4 11414/2/4 11416/2/4
f 11416/2/4 11417/2/4 11418/2/4
f 11418/2/4 11417/2/4 11419/2/4
f 11420/2/4 11421/2/4 11423/2/4
f 11422/2/4 11423/2/4 11424/2/4
f 11424/2/4 11423/2/4 11425/2/4
f 11423/2/4 11421/2/4 11426/2/4
f 11425/2/4 11423/2/4 11426/2/4
f 11426/2/4 11421/2/4 11427/2/4
f 11425/2/4 11426/2/4 11428/2/4
f 11428/2/4 11426/2/4 11429/2/4
f 11430/2/4 11431/2/4 11433/2/4
f 11431/2/4 11432/2/4 11433/2/4
f 11433/2/4 11432/2/4 11434/2/4
f 11434/2/4 11432/2/4 11435/2/4
f 11435/2/4 11432/2/4 11436/2/4
f 11434/2/4 11435/2/4 11437/2/4
f 11434/2/4 11437/2/4 11439/2/4
f 11437/2/4 11438/2/4 11439/2/4
f 11439/2/4 11438/2/4 11440/2/4
f 11441/2/4 11442/2/4 11445/2/4
f 11445/2/4 11442/2/4 11446/2/4
f 11446/2/4 11447/2/4 11448/2/4
f 11448/2/4 11447/2/4 11449/2/4
f 11443/2/4 11444/2/4 11450/2/4
f 11450/2/4 11444/2/4 11451/2/4
f 11452/2/4 11453/2/4 11454/2/4
f 11454/2/4 11453/2/4 11455/2/4
f 11456/2/4 11457/2/4 11458/2/4
f 11458/2/4 11457/2/4 11459/2/4
f 11460/2/4 11461/2/4 11464/2/4
f 11464/2/4 11461/2/4 11465/2/4
f 11462/2/4 11463/2/4 11467/2/4
f 11467/2/4 11463/2/4 11468/2/4
f 11465/2/4 11466/2/4 11469/2/4
f 11469/2/4 11466/2/4 11470/2/4
f 11470/2/4 11471/2/4 11472/2/4
f 11472/2/4 11471/2/4 11473/2/4
f 11474/2/4 11475/2/4 11477/2/4
f 11477/2/4 11475/2/4 11478/2/4
f 11476/2/4 11477/2/4 11479/2/4
f 11479/2/4 11477/2/4 11480/2/4
f 11481/2/4 11482/2/4 11483/2/4
f 11481/2/4 11483/2/4 11486/2/4
f 11483/2/4 11484/2/4 11486/2/4
f 11486/2/4 11484/2/4 11487/2/4
f 11485/2/4 11486/2/4 11488/2/4
f 11488/2/4 11486/2/4 11489/2/4
f 11490/2/4 11491/2/4 11492/2/4
f 11492/2/4 11491/2/4 11493/2/4
f 11494/2/4 11495/2/4 11496/2/4
f 11496/2/4 11495/2/4 11497/2/4
f 11498/2/4 11499/2/4 11500/2/4
f 11500/2/4 11499/2/4 11501/2/4
f 11502/2/4 11503/2/4 11504/2/4
f 11504/2/4 11503/2/4 11505/2/4
f 11506/2/4 11507/2/4 11508/2/4
f 11508/2/4 11507/2/4 11509/2/4
f 11510/2/4 11511/2/4 11512/2/4
f 11512/2/4 11511/2/4 11513/2/4
f 11514/2/4 11515/2/4 11517/2/4
f 11515/2/4 11516/2/4 11517/2/4
f 11517/2/4 11516/2/4 11518/2/4
f 11514/2/4 11517/2/4 11519/2/4
f 11519/2/4 11517/2/4 11520/2/4
f 11518/2/4 11516/2/4 11521/2/4
f 11521/2/4 11516/2/4 11522/2/4
f 11523/2/4 11524/2/4 11525/2/4
f 11525/2/4 11524/2/4 11526/2/4
f 11527/2/4 11528/2/4 11529/2/4
f 11529/2/4 11528/2/4 11530/2/4
f 11531/2/4 11532/2/4 11534/2/4
f 11534/2/4 11532/2/4 11535/2/4
f 11533/2/4 11534/2/4 11536/2/4
f 11536/2/4 11534/2/4 11537/2/4
f 11538/2/4 11539/2/4 11540/2/4
f 11540/2/4 11539/2/4 11541/2/4
f 11538/2/4 11540/2/4 11542/2/4
f 11542/2/4 11540/2/4 11543/2/4
f 11544/2/4 11545/2/4 11546/2/4
f 11546/2/4 11545/2/4 11547/2/4
f 11550/2/4 11551/2/4 11552/2/4
f 11552/2/4 11551/2/4 11553/2/4
f 11548/2/4 11549/2/4 11554/2/4
f 11554/2/4 11549/2/4 11555/2/4
f 11556/2/4 11557/2/4 11559/2/4
f 11559/2/4 11557/2/4 11560/2/4
f 11560/2/4 11557/2/4 11561/2/4
f 11558/2/4 11559/2/4 11562/2/4
f 11559/2/4 11560/2/4 11562/2/4
f 11562/2/4 11560/2/4 11563/2/4
f 11564/2/4 11565/2/4 11566/2/4
f 11566/2/4 11565/2/4 11567/2/4
f 11568/2/4 11569/2/4 11570/2/4
f 11570/2/4 11569/2/4 11571/2/4
f 11571/2/4 11569/2/4 11572/2/4
f 11573/2/4 11574/2/4 11575/2/4
f 11575/2/4 11574/2/4 11576/2/4
f 11577/2/4 11578/2/4 11579/2/4
f 11579/2/4 11578/2/4 11580/2/4
f 11581/2/4 11582/2/4 11583/2/4
f 11583/2/4 11582/2/4 11584/2/4
f 11587/2/4 11588/2/4 11589/2/4
f 11589/2/4 11588/2/4 11590/2/4
f 11585/2/4 11586/2/4 11591/2/4
f 11591/2/4 11586/2/4 11592/2/4
f 11593/2/4 11594/2/4 11595/2/4
f 11595/2/4 11594/2/4 11596/2/4
f 11597/2/4 11598/2/4 11599/2/4
f 11599/2/4 11598/2/4 11600/2/4
f 11600/2/4 11601/2/4 11602/2/4
f 11602/2/4 11601/2/4 11603/2/4
f 11604/2/4 11605/2/4 11607/2/4
f 11605/2/4 11606/2/4 11607/2/4
f 11607/2/4 11606/2/4 11608/2/4
f 11609/2/4 11610/2/4 11611/2/4
f 11611/2/4 11610/2/4 11612/2/4
f 11613/2/4 11614/2/4 11615/2/4
f 11615/2/4 11614/2/4 11616/2/4
f 11617/2/4 11618/2/4 11621/2/4
f 11621/2/4 11618/2/4 11622/2/4
f 11619/2/4 11620/2/4 11623/2/4
f 11623/2/4 11620/2/4 11624/2/4
f 11625/2/4 11626/2/4 11627/2/4
f 11627/2/4 11626/2/4 11628/2/4
f 11628/2/4 11629/2/4 11630/2/4
f 11630/2/4 11629/2/4 11631/2/4
f 11632/2/4 11633/2/4 11638/2/4
f 11634/2/4 11635/2/4 11639/2/4
f 11639/2/4 11635/2/4 11640/2/4
f 11636/2/4 11637/2/4 11642/2/4
f 11642/2/4 11637/2/4 11643/2/4
f 11638/2/4 11633/2/4 11644/2/4
f 11644/2/4 11633/2/4 11645/2/4
f 11641/2/4 11642/2/4 11647/2/4
f 11647/2/4 11642/2/4 11648/2/4
f 11645/2/4 11646/2/4 11649/2/4
f 11644/2/4 11645/2/4 11649/2/4
f 11643/2/4 11644/2/4 11649/2/4
f 11649/2/4 11646/2/4 11650/2/4
f 11648/2/4 11649/2/4 11651/2/4
f 11651/2/4 11649/2/4 11652/2/4
f 11653/2/4 11654/2/4 11655/2/4
f 11655/2/4 11654/2/4 11656/2/4
f 11657/2/4 11658/2/4 11659/2/4
f 11659/2/4 11658/2/4 11660/2/4
f 11661/2/4 11662/2/4 11663/2/4
f 11663/2/4 11662/2/4 11664/2/4
f 11665/2/4 11666/2/4 11667/2/4
f 11667/2/4 11666/2/4 11668/2/4
f 11669/2/4 11670/2/4 11671/2/4
f 11671/2/4 11670/2/4 11672/2/4
f 11673/2/4 11674/2/4 11675/2/4
f 11675/2/4 11674/2/4 11676/2/4
f 11677/2/4 11678/2/4 11679/2/4
f 11679/2/4 11678/2/4 11680/2/4
f 11681/2/4 11682/2/4 11683/2/4
f 11683/2/4 11682/2/4 11684/2/4
f 11685/2/4 11686/2/4 11689/2/4
f 11689/2/4 11686/2/4 11690/2/4
f 11687/2/4 11688/2/4 11692/2/4
f 11692/2/4 11688/2/4 11693/2/4
f 11691/2/4 11692/2/4 11694/2/4
f 11691/2/4 11694/2/4 11695/2/4
f 11695/2/4 11694/2/4 11696/2/4
f 11697/2/4 11698/2/4 11699/2/4
f 11699/2/4 11698/2/4 11700/2/4
f 11700/2/4 11701/2/4 11702/2/4
f 11702/2/4 11701/2/4 11703/2/4
f 11704/2/4 11705/2/4 11706/2/4
f 11706/2/4 11705/2/4 11707/2/4
f 11708/2/4 11709/2/4 11710/2/4
f 11710/2/4 11709/2/4 11711/2/4
f 11712/2/4 11713/2/4 11714/2/4
f 11714/2/4 11713/2/4 11715/2/4
f 11716/2/4 11717/2/4 11718/2/4
f 11718/2/4 11717/2/4 11719/2/4
f 11719/2/4 11720/2/4 11722/2/4
f 11722/2/4 11720/2/4 11723/2/4
f 11721/2/4 11722/2/4 11724/2/4
f 11724/2/4 11722/2/4 11725/2/4
f 11726/2/4 11727/2/4 11728/2/4
f 11728/2/4 11727/2/4 11729/2/4
f 11730/2/4 11731/2/4 11734/2/4
f 11734/2/4 11731/2/4 11735/2/4
f 11732/2/4 11733/2/4 11736/2/4
f 11736/2/4 11733/2/4 11737/2/4
f 11738/2/4 11739/2/4 11740/2/4
f 11740/2/4 11739/2/4 11741/2/4
f 11742/2/4 11743/2/4 11746/2/4
f 11746/2/4 11743/2/4 11747/2/4
f 11744/2/4 11745/2/4 11748/2/4
f 11748/2/4 11745/2/4 11749/2/4
f 11750/2/4 11751/2/4 11752/2/4
f 11752/2/4 11751/2/4 11753/2/4
f 11753/2/4 11751/2/4 11754/2/4
f 11755/2/4 11756/2/4 11757/2/4
f 11757/2/4 11756/2/4 11758/2/4
f 11759/2/4 11760/2/4 11761/2/4
f 11761/2/4 11760/2/4 11762/2/4
f 11763/2/4 11764/2/4 11765/2/4
f 11765/2/4 11764/2/4 11766/2/4
f 11767/2/4 11768/2/4 11769/2/4
f 11769/2/4 11768/2/4 11770/2/4
f 11771/2/4 11772/2/4 11773/2/4
f 11773/2/4 11772/2/4 11774/2/4
f 11775/2/4 11776/2/4 11777/2/4
f 11777/2/4 11776/2/4 11778/2/4
f 11779/2/4 11780/2/4 11781/2/4
f 11781/2/4 11780/2/4 11782/2/4
f 11783/2/4 11784/2/4 11788/2/4
f 11788/2/4 11784/2/4 11789/2/4
f 11785/2/4 11786/2/4 11790/2/4
f 11790/2/4 11786/2/4 11791/2/4
f 11789/2/4 11784/2/4 11792/2/4
f 11787/2/4 11788/2/4 11793/2/4
f 11793/2/4 11788/2/4 11794/2/4
f 11789/2/4 11792/2/4 11795/2/4
f 11795/2/4 11792/2/4 11796/2/4
f 11794/2/4 11795/2/4 11797/2/4
f 11797/2/4 11795/2/4 11798/2/4
f 11799/2/4 11800/2/4 11801/2/4
f 11801/2/4 11800/2/4 11802/2/4
f 11802/2/4 11803/2/4 11804/2/4
f 11804/2/4 11803/2/4 11805/2/4
f 11806/2/4 11807/2/4 11808/2/4
f 11808/2/4 11807/2/4 11809/2/4
f 11810/2/4 11811/2/4 11812/2/4
f 11812/2/4 11811/2/4 11813/2/4
f 11814/2/4 11815/2/4 11816/2/4
f 11816/2/4 11815/2/4 11817/2/4
f 11817/2/4 11818/2/4 11819/2/4
f 11819/2/4 11818/2/4 11820/2/4
f 11821/2/4 11822/2/4 11823/2/4
f 11823/2/4 11822/2/4 11824/2/4
f 11825/2/4 11826/2/4 11827/2/4
f 11827/2/4 11826/2/4 11828/2/4
f 11829/2/4 11830/2/4 11831/2/4
f 11831/2/4 11830/2/4 11832/2/4
f 11833/2/4 11834/2/4 11835/2/4
f 11835/2/4 11834/2/4 11836/2/4
f 11837/2/4 11838/2/4 11839/2/4
f 11837/2/4 11839/2/4 11840/2/4
f 11840/2/4 11839/2/4 11841/2/4
f 11842/2/4 11843/2/4 11846/2/4
f 11846/2/4 11843/2/4 11847/2/4
f 11844/2/4 11845/2/4 11848/2/4
f 11848/2/4 11845/2/4 11849/2/4
f 11847/2/4 11848/2/4 11850/2/4
f 11850/2/4 11848/2/4 11851/2/4
f 11852/2/4 11853/2/4 11854/2/4
f 11854/2/4 11853/2/4 11855/2/4
f 11856/2/4 11857/2/4 11858/2/4
f 11858/2/4 11857/2/4 11859/2/4
f 11860/2/4 11861/2/4 11862/2/4
f 11862/2/4 11861/2/4 11863/2/4
f 11863/2/4 11864/2/4 11865/2/4
f 11865/2/4 11864/2/4 11866/2/4
f 11867/2/4 11868/2/4 11869/2/4
f 11869/2/4 11868/2/4 11870/2/4
f 11871/2/4 11872/2/4 11873/2/4
f 11873/2/4 11872/2/4 11874/2/4
f 11875/2/4 11876/2/4 11877/2/4
f 11877/2/4 11876/2/4 11878/2/4
f 11879/2/4 11880/2/4 11881/2/4
f 11881/2/4 11880/2/4 11882/2/4
f 11883/2/4 11884/2/4 11887/2/4
f 11887/2/4 11884/2/4 11888/2/4
f 11885/2/4 11886/2/4 11890/2/4
f 11888/2/4 11889/2/4 11891/2/4
f 11891/2/4 11889/2/4 11892/2/4
f 11892/2/4 11893/2/4 11894/2/4
f 11894/2/4 11893/2/4 11895/2/4
f 11890/2/4 11886/2/4 11896/2/4
f 11896/2/4 11886/2/4 11897/2/4
f 11898/2/4 11899/2/4 11900/2/4
f 11900/2/4 11899/2/4 11901/2/4
f 11902/2/4 11903/2/4 11904/2/4
f 11904/2/4 11903/2/4 11905/2/4
f 11906/2/4 11907/2/4 11910/2/4
f 11910/2/4 11907/2/4 11911/2/4
f 11908/2/4 11909/2/4 11912/2/4
f 11912/2/4 11909/2/4 11913/2/4
f 11914/2/4 11915/2/4 11916/2/4
f 11916/2/4 11915/2/4 11917/2/4
f 11918/2/4 11919/2/4 11920/2/4
f 11920/2/4 11919/2/4 11921/2/4
f 11922/2/4 11923/2/4 11924/2/4
f 11924/2/4 11923/2/4 11925/2/4
f 11926/2/4 11927/2/4 11928/2/4
f 11928/2/4 11927/2/4 11929/2/4
f 11930/2/4 11931/2/4 11932/2/4
f 11932/2/4 11931/2/4 11933/2/4
f 11934/2/4 11935/2/4 11939/2/4
f 11939/2/4 11935/2/4 11940/2/4
f 11936/2/4 11937/2/4 11941/2/4
f 11941/2/4 11937/2/4 11942/2/4
f 11938/2/4 11939/2/4 11943/2/4
f 11943/2/4 11939/2/4 11944/2/4
f 11945/2/4 11946/2/4 11947/2/4
f 11947/2/4 11946/2/4 11948/2/4
f 11948/2/4 11949/2/4 11952/2/4
f 11952/2/4 11949/2/4 11953/2/4
f 11950/2/4 11951/2/4 11954/2/4
f 11954/2/4 11951/2/4 11955/2/4
f 11956/2/4 11957/2/4 11958/2/4
f 11958/2/4 11957/2/4 11959/2/4
f 11960/2/4 11961/2/4 11963/2/4
f 11961/2/4 11962/2/4 11963/2/4
f 11963/2/4 11962/2/4 11964/2/4
f 11960/2/4 11963/2/4 11965/2/4
f 11965/2/4 11963/2/4 11966/2/4
f 11967/2/4 11968/2/4 11969/2/4
f 11969/2/4 11968/2/4 11970/2/4
f 11971/2/4 11972/2/4 11973/2/4
f 11973/2/4 11972/2/4 11974/2/4
f 11975/2/4 11976/2/4 11978/2/4
f 11976/2/4 11977/2/4 11978/2/4
f 11978/2/4 11977/2/4 11979/2/4
f 11980/2/4 11981/2/4 11982/2/4
f 11982/2/4 11981/2/4 11983/2/4
f 11984/2/4 11985/2/4 11987/2/4
f 11985/2/4 11986/2/4 11987/2/4
f 11987/2/4 11986/2/4 11988/2/4
f 11988/2/4 11986/2/4 11989/2/4
f 11989/2/4 11986/2/4 11990/2/4
f 11991/2/4 11992/2/4 11994/2/4
f 11994/2/4 11992/2/4 11995/2/4
f 11993/2/4 11994/2/4 11997/2/4
f 11997/2/4 11994/2/4 11998/2/4
f 11996/2/4 11997/2/4 11999/2/4
f 11999/2/4 11997/2/4 12000/2/4
f 12001/2/4 12002/2/4 12003/2/4
f 12003/2/4 12002/2/4 12004/2/4
f 12005/2/4 12006/2/4 12007/2/4
f 12007/2/4 12006/2/4 12008/2/4
f 12009/2/4 12010/2/4 12011/2/4
f 12011/2/4 12010/2/4 12012/2/4
f 12013/2/4 12014/2/4 12015/2/4
f 12015/2/4 12014/2/4 12016/2/4
f 12017/2/4 12018/2/4 12021/2/4
f 12021/2/4 12018/2/4 12022/2/4
f 12019/2/4 12020/2/4 12023/2/4
f 12023/2/4 12020/2/4 12024/2/4
f 12025/2/4 12026/2/4 12027/2/4
f 12027/2/4 12026/2/4 12028/2/4
f 12029/2/4 12030/2/4 12031/2/4
f 12031/2/4 12030/2/4 12032/2/4
f 12032/2/4 12030/2/4 12033/2/4
f 12033/2/4 12030/2/4 12034/2/4
f 12035/2/4 12036/2/4 12037/2/4
f 12037/2/4 12036/2/4 12038/2/4
f 12039/2/4 12040/2/4 12042/2/4
f 12040/2/4 12041/2/4 12042/2/4
f 12042/2/4 12041/2/4 12043/2/4
f 12044/2/4 12045/2/4 12046/2/4
f 12046/2/4 12045/2/4 12047/2/4
f 12048/2/4 12049/2/4 12050/2/4
f 12050/2/4 12049/2/4 12051/2/4
f 12052/2/4 12053/2/4 12055/2/4
f 12055/2/4 12053/2/4 12056/2/4
f 12054/2/4 12055/2/4 12057/2/4
f 12057/2/4 12055/2/4 12058/2/4
f 12059/2/4 12060/2/4 12061/2/4
f 12061/2/4 12060/2/4 12062/2/4
f 12063/2/4 12064/2/4 12065/2/4
f 12065/2/4 12064/2/4 12066/2/4
f 12066/2/4 12064/2/4 12067/2/4
f 12067/2/4 12064/2/4 12068/2/4
f 12063/2/4 12065/2/4 12069/2/4
f 12069/2/4 12070/2/4 12073/2/4
f 12063/2/4 12069/2/4 12073/2/4
f 12073/2/4 12070/2/4 12074/2/4
f 12071/2/4 12072/2/4 12075/2/4
f 12075/2/4 12072/2/4 12076/2/4
f 12074/2/4 12070/2/4 12079/2/4
f 12079/2/4 12070/2/4 12080/2/4
f 12077/2/4 12078/2/4 12081/2/4
f 12081/2/4 12078/2/4 12082/2/4
f 12083/2/4 12084/2/4 12085/2/4
f 12085/2/4 12084/2/4 12086/2/4
f 12086/2/4 12087/2/4 12088/2/4
f 12088/2/4 12087/2/4 12089/2/4
f 12086/2/4 12088/2/4 12090/2/4
f 12090/2/4 12088/2/4 12091/2/4
f 12092/2/4 12093/2/4 12094/2/4
f 12094/2/4 12093/2/4 12095/2/4
f 12096/2/4 12097/2/4 12099/2/4
f 12099/2/4 12097/2/4 12100/2/4
f 12098/2/4 12099/2/4 12102/2/4
f 12102/2/4 12099/2/4 12103/2/4
f 12100/2/4 12101/2/4 12104/2/4
f 12104/2/4 12101/2/4 12105/2/4
f 12106/2/4 12107/2/4 12109/2/4
f 12109/2/4 12107/2/4 12110/2/4
f 12110/2/4 12107/2/4 12111/2/4
f 12108/2/4 12109/2/4 12112/2/4
f 12109/2/4 12110/2/4 12112/2/4
f 12112/2/4 12110/2/4 12113/2/4
f 12113/2/4 12110/2/4 12114/2/4
f 12114/2/4 12110/2/4 12115/2/4
f 12116/2/4 12117/2/4 12118/2/4
f 12118/2/4 12117/2/4 12119/2/4
f 12120/2/4 12121/2/4 12123/2/4
f 12123/2/4 12121/2/4 12124/2/4
f 12122/2/4 12123/2/4 12125/2/4
f 12125/2/4 12123/2/4 12126/2/4
f 12127/2/4 12128/2/4 12131/2/4
f 12131/2/4 12128/2/4 12132/2/4
f 12129/2/4 12130/2/4 12133/2/4
f 12133/2/4 12130/2/4 12134/2/4
f 12135/2/4 12136/2/4 12140/2/4
f 12140/2/4 12136/2/4 12141/2/4
f 12138/2/4 12139/2/4 12143/2/4
f 12137/2/4 12138/2/4 12143/2/4
f 12143/2/4 12139/2/4 12144/2/4
f 12141/2/4 12142/2/4 12146/2/4
f 12146/2/4 12142/2/4 12147/2/4
f 12144/2/4 12145/2/4 12148/2/4
f 12148/2/4 12145/2/4 12149/2/4
f 12149/2/4 12150/2/4 12151/2/4
f 12151/2/4 12150/2/4 12152/2/4
f 12153/2/4 12154/2/4 12155/2/4
f 12155/2/4 12154/2/4 12156/2/4
f 12155/2/4 12156/2/4 12158/2/4
f 12156/2/4 12157/2/4 12158/2/4
f 12158/2/4 12157/2/4 12159/2/4
f 12155/2/4 12158/2/4 12160/2/4
f 12160/2/4 12158/2/4 12161/2/4
f 12162/2/4 12163/2/4 12164/2/4
f 12164/2/4 12163/2/4 12165/2/4
f 12166/2/4 12167/2/4 12169/2/4
f 12169/2/4 12167/2/4 12170/2/4
f 12168/2/4 12169/2/4 12171/2/4
f 12171/2/4 12169/2/4 12172/2/4
f 12173/2/4 12174/2/4 12176/2/4
f 12175/2/4 12176/2/4 12177/2/4
f 12176/2/4 12174/2/4 12178/2/4
f 12177/2/4 12176/2/4 12178/2/4
f 12179/2/4 12180/2/4 12181/2/4
f 12181/2/4 12180/2/4 12182/2/4
f 12183/2/4 12184/2/4 12185/2/4
f 12185/2/4 12184/2/4 12186/2/4
f 12187/2/4 12188/2/4 12189/2/4
f 12189/2/4 12188/2/4 12190/2/4
f 12191/2/4 12192/2/4 12194/2/4
f 12192/2/4 12193/2/4 12194/2/4
f 12194/2/4 12193/2/4 12195/2/4
f 12196/2/4 12197/2/4 12199/2/4
f 12198/2/4 12199/2/4 12200/2/4
f 12199/2/4 12197/2/4 12201/2/4
f 12200/2/4 12199/2/4 12201/2/4
f 12202/2/4 12203/2/4 12207/2/4
f 12207/2/4 12203/2/4 12208/2/4
f 12204/2/4 12205/2/4 12209/2/4
f 12209/2/4 12205/2/4 12210/2/4
f 12206/2/4 12207/2/4 12211/2/4
f 12211/2/4 12207/2/4 12212/2/4
f 12210/2/4 12211/2/4 12213/2/4
f 12213/2/4 12211/2/4 12214/2/4
f 12214/2/4 12215/2/4 12217/2/4
f 12217/2/4 12215/2/4 12218/2/4
f 12216/2/4 12217/2/4 12219/2/4
f 12219/2/4 12217/2/4 12220/2/4
f 12220/2/4 12217/2/4 12221/2/4
f 12220/2/4 12221/2/4 12222/2/4
f 12222/2/4 12221/2/4 12223/2/4
f 12224/2/4 12225/2/4 12226/2/4
f 12226/2/4 12225/2/4 12227/2/4
f 12228/2/4 12229/2/4 12230/2/4
f 12230/2/4 12229/2/4 12231/2/4
f 12232/2/4 12233/2/4 12241/2/4
f 12241/2/4 12233/2/4 12242/2/4
f 12234/2/4 12235/2/4 12243/2/4
f 12243/2/4 12235/2/4 12244/2/4
f 12236/2/4 12237/2/4 12245/2/4
f 12237/2/4 12238/2/4 12245/2/4
f 12245/2/4 12238/2/4 12246/2/4
f 12239/2/4 12240/2/4 12247/2/4
f 12247/2/4 12240/2/4 12248/2/4
f 12249/2/4 12250/2/4 12251/2/4
f 12251/2/4 12250/2/4 12252/2/4
f 12253/2/4 12254/2/4 12257/2/4
f 12257/2/4 12254/2/4 12258/2/4
f 12255/1/4 12256/1/4 12259/1/4
f 12259/1/4 12256/1/4 12260/1/4
f 12261/2/4 12262/2/4 12263/2/4
f 12263/2/4 12262/2/4 12264/2/4
f 12265/2/4 12266/2/4 12267/2/4
f 12267/2/4 12266/2/4 12268/2/4
f 12269/2/4 12270/2/4 12271/2/4
f 12271/2/4 12270/2/4 12272/2/4
f 12273/2/4 12274/2/4 12275/2/4
f 12275/2/4 12274/2/4 12276/2/4
f 12277/2/4 12278/2/4 12279/2/4
f 12279/2/4 12278/2/4 12280/2/4
f 12280/2/4 12278/2/4 12281/2/4
f 12281/2/4 12282/2/4 12283/2/4
f 12280/2/4 12281/2/4 12283/2/4
f 12283/2/4 12282/2/4 12284/2/4
f 12284/2/4 12282/2/4 12285/2/4
f 12283/2/4 12284/2/4 12288/2/4
f 12288/2/4 12284/2/4 12289/2/4
f 12289/2/4 12284/2/4 12290/2/4
f 12286/2/4 12287/2/4 12293/2/4
f 12293/2/4 12287/2/4 12294/2/4
f 12291/2/4 12292/2/4 12295/2/4
f 12295/2/4 12292/2/4 12296/2/4
f 12297/2/4 12298/2/4 12300/2/4
f 12299/2/4 12300/2/4 12302/2/4
f 12300/2/4 12298/2/4 12303/2/4
f 12302/2/4 12300/2/4 12303/2/4
f 12303/2/4 12298/2/4 12304/2/4
f 12301/2/4 12302/2/4 12305/2/4
f 12302/2/4 12303/2/4 12305/2/4
f 12305/2/4 12303/2/4 12306/2/4
f 12307/2/4 12308/2/4 12310/2/4
f 12310/2/4 12308/2/4 12311/2/4
f 12311/2/4 12308/2/4 12312/2/4
f 12309/2/4 12310/2/4 12313/2/4
f 12310/2/4 12311/2/4 12313/2/4
f 12313/2/4 12311/2/4 12314/2/4
f 12314/2/4 12311/2/4 12315/2/4
f 12315/2/4 12316/2/4 12317/2/4
f 12314/2/4 12315/2/4 12317/2/4
f 12317/2/4 12316/2/4 12318/2/4
f 12318/2/4 12316/2/4 12319/2/4
f 12319/2/4 12316/2/4 12320/2/4
f 12321/2/4 12322/2/4 12324/2/4
f 12324/2/4 12322/2/4 12325/2/4
f 12324/2/4 12325/2/4 12327/2/4
f 12325/2/4 12326/2/4 12327/2/4
f 12323/2/4 12324/2/4 12327/2/4
f 12327/2/4 12326/2/4 12328/2/4
f 12328/2/4 12326/2/4 12329/2/4
f 12329/2/4 12326/2/4 12330/2/4
f 12330/2/4 12326/2/4 12331/2/4
f 12332/2/4 12333/2/4 12334/2/4
f 12334/2/4 12333/2/4 12335/2/4
f 12336/2/4 12337/2/4 12338/2/4
f 12338/2/4 12337/2/4 12339/2/4
f 12340/2/4 12341/2/4 12342/2/4
f 12342/2/4 12341/2/4 12343/2/4
f 12344/2/4 12345/2/4 12346/2/4
f 12346/2/4 12345/2/4 12347/2/4
f 12348/2/4 12349/2/4 12351/2/4
f 12351/2/4 12349/2/4 12352/2/4
f 12350/2/4 12351/2/4 12353/2/4
f 12353/2/4 12351/2/4 12354/2/4
f 12355/2/4 12356/2/4 12358/2/4
f 12358/2/4 12356/2/4 12359/2/4
f 12359/2/4 12356/2/4 12360/2/4
f 12357/2/4 12358/2/4 12361/2/4
f 12358/2/4 12359/2/4 12361/2/4
f 12361/2/4 12359/2/4 12362/2/4
f 12363/2/4 12364/2/4 12365/2/4
f 12365/2/4 12364/2/4 12366/2/4
f 12367/2/4 12368/2/4 12369/2/4
f 12369/2/4 12368/2/4 12370/2/4
f 12371/2/4 12372/2/4 12373/2/4
f 12373/2/4 12372/2/4 12374/2/4
f 12374/2/4 12375/2/4 12376/2/4
f 12376/2/4 12375/2/4 12377/2/4
f 12378/1/4 12379/1/4 12380/1/4
f 12380/1/4 12379/1/4 12381/1/4
f 12382/2/4 12383/2/4 12384/2/4
f 12384/2/4 12383/2/4 12385/2/4
f 12385/2/4 12383/2/4 12386/2/4
f 12386/2/4 12383/2/4 12387/2/4
f 12388/2/4 12389/2/4 12390/2/4
f 12390/2/4 12389/2/4 12391/2/4
f 12392/2/4 12393/2/4 12394/2/4
f 12394/2/4 12393/2/4 12395/2/4
f 12396/2/4 12397/2/4 12398/2/4
f 12398/2/4 12397/2/4 12399/2/4
f 12400/2/4 12401/2/4 12402/2/4
f 12402/2/4 12401/2/4 12403/2/4
f 12404/2/4 12405/2/4 12406/2/4
f 12406/2/4 12405/2/4 12407/2/4
f 12407/2/4 12405/2/4 12408/2/4
f 12408/2/4 12405/2/4 12409/2/4
f 12410/2/4 12411/2/4 12413/2/4
f 12412/2/4 12413/2/4 12414/2/4
f 12413/2/4 12411/2/4 12415/2/4
f 12414/2/4 12413/2/4 12415/2/4
f 12416/2/4 12417/2/4 12419/2/4
f 12417/2/4 12418/2/4 12419/2/4
f 12419/2/4 12418/2/4 12420/2/4
f 12421/2/4 12422/2/4 12423/2/4
f 12423/2/4 12422/2/4 12424/2/4
f 12425/2/4 12426/2/4 12427/2/4
f 12427/2/4 12426/2/4 12428/2/4
f 12429/2/4 12430/2/4 12431/2/4
f 12429/2/4 12431/2/4 12436/2/4
f 12431/2/4 12432/2/4 12436/2/4
f 12436/2/4 12432/2/4 12437/2/4
f 12433/1/4 12434/1/4 12438/1/4
f 12438/1/4 12434/1/4 12439/1/4
f 12435/2/4 12436/2/4 12440/2/4
f 12440/2/4 12436/2/4 12441/2/4
f 12442/2/4 12443/2/4 12446/2/4
f 12446/2/4 12443/2/4 12447/2/4
f 12444/2/4 12445/2/4 12448/2/4
f 12445/2/4 12446/2/4 12448/2/4
f 12448/2/4 12446/2/4 12449/2/4
f 12450/2/4 12451/2/4 12453/2/4
f 12453/2/4 12451/2/4 12454/2/4
f 12452/2/4 12453/2/4 12456/2/4
f 12454/2/4 12455/2/4 12456/2/4
f 12453/2/4 12454/2/4 12456/2/4
f 12456/2/4 12455/2/4 12457/2/4
f 12457/2/4 12455/2/4 12458/2/4
f 12458/2/4 12455/2/4 12459/2/4
f 12459/2/4 12455/2/4 12460/2/4
f 12461/2/4 12462/2/4 12463/2/4
f 12463/2/4 12462/2/4 12464/2/4
f 12465/2/4 12466/2/4 12467/2/4
f 12467/2/4 12466/2/4 12468/2/4
f 12469/2/4 12470/2/4 12471/2/4
f 12471/2/4 12470/2/4 12472/2/4
f 12473/2/4 12474/2/4 12475/2/4
f 12475/2/4 12474/2/4 12476/2/4
f 12477/2/4 12478/2/4 12479/2/4
f 12479/2/4 12478/2/4 12480/2/4
f 12481/2/4 12482/2/4 12485/2/4
f 12485/2/4 12482/2/4 12486/2/4
f 12483/2/4 12484/2/4 12488/2/4
f 12487/2/4 12488/2/4 12489/2/4
f 12488/2/4 12484/2/4 12489/2/4
f 12489/2/4 12484/2/4 12490/2/4
f 12487/2/4 12489/2/4 12491/2/4
f 12491/2/4 12489/2/4 12492/2/4
f 12493/2/4 12494/2/4 12495/2/4
f 12495/2/4 12494/2/4 12496/2/4
f 12497/2/4 12498/2/4 12499/2/4
f 12499/2/4 12498/2/4 12500/2/4
f 12501/2/4 12502/2/4 12503/2/4
f 12503/2/4 12502/2/4 12504/2/4
f 12501/2/4 12503/2/4 12506/2/4
f 12505/2/4 12506/2/4 12508/2/4
f 12506/2/4 12503/2/4 12509/2/4
f 12508/2/4 12506/2/4 12509/2/4
f 12507/2/4 12508/2/4 12510/2/4
f 12510/2/4 12508/2/4 12511/2/4
f 12512/2/4 12513/2/4 12514/2/4
f 12514/2/4 12513/2/4 12515/2/4
f 12515/2/4 12513/2/4 12516/2/4
f 12516/2/4 12513/2/4 12517/2/4
f 12518/2/4 12519/2/4 12520/2/4
f 12520/2/4 12519/2/4 12521/2/4
f 12522/2/4 12523/2/4 12524/2/4
f 12524/2/4 12523/2/4 12525/2/4
f 12526/2/4 12527/2/4 12528/2/4
f 12528/2/4 12527/2/4 12529/2/4
f 12530/2/4 12531/2/4 12532/2/4
f 12532/2/4 12531/2/4 12533/2/4
f 12534/2/4 12535/2/4 12537/2/4
f 12536/2/4 12537/2/4 12538/2/4
f 12537/2/4 12535/2/4 12539/2/4
f 12538/2/4 12537/2/4 12539/2/4
f 12539/2/4 12535/2/4 12540/2/4
f 12540/2/4 12535/2/4 12541/2/4
f 12542/1/4 12543/1/4 12546/1/4
f 12546/1/4 12543/1/4 12547/1/4
f 12544/2/4 12545/2/4 12548/2/4
f 12548/2/4 12545/2/4 12549/2/4
f 12551/1/4 12552/1/4 12553/1/4
f 12553/1/4 12552/1/4 12554/1/4
f 12549/2/4 12550/2/4 12555/2/4
f 12555/2/4 12550/2/4 12556/2/4
f 12557/2/4 12558/2/4 12559/2/4
f 12559/2/4 12558/2/4 12560/2/4
f 12561/2/4 12562/2/4 12563/2/4
f 12563/2/4 12562/2/4 12564/2/4
f 12565/2/4 12566/2/4 12567/2/4
f 12567/2/4 12566/2/4 12568/2/4
f 12569/2/4 12570/2/4 12572/2/4
f 12572/2/4 12570/2/4 12573/2/4
f 12571/2/4 12572/2/4 12574/2/4
f 12574/2/4 12572/2/4 12575/2/4
f 12576/2/4 12577/2/4 12578/2/4
f 12578/2/4 12577/2/4 12579/2/4
f 12580/2/4 12581/2/4 12582/2/4
f 12582/2/4 12581/2/4 12583/2/4
f 12584/2/4 12585/2/4 12586/2/4
f 12586/2/4 12585/2/4 12587/2/4
f 12588/1/4 12589/1/4 12590/1/4
f 12590/1/4 12589/1/4 12591/1/4
f 12594/1/4 12595/1/4 12596/1/4
f 12596/1/4 12595/1/4 12597/1/4
f 12592/2/4 12593/2/4 12598/2/4
f 12598/2/4 12593/2/4 12599/2/4
f 12599/2/4 12600/2/4 12601/2/4
f 12601/2/4 12600/2/4 12602/2/4
f 12599/2/4 12601/2/4 12604/2/4
f 12603/2/4 12604/2/4 12605/2/4
f 12604/2/4 12601/2/4 12606/2/4
f 12605/2/4 12604/2/4 12606/2/4
f 12607/2/4 12608/2/4 12609/2/4
f 12609/2/4 12608/2/4 12610/2/4
f 12610/2/4 12611/2/4 12612/2/4
f 12612/2/4 12611/2/4 12613/2/4
f 12614/2/4 12615/2/4 12616/2/4
f 12616/2/4 12615/2/4 12617/2/4
f 12618/2/4 12619/2/4 12620/2/4
f 12620/2/4 12619/2/4 12621/2/4
f 12622/2/4 12623/2/4 12626/2/4
f 12626/2/4 12623/2/4 12627/2/4
f 12624/2/4 12625/2/4 12628/2/4
f 12624/2/4 12628/2/4 12631/2/4
f 12628/2/4 12629/2/4 12631/2/4
f 12631/2/4 12629/2/4 12632/2/4
f 12630/2/4 12631/2/4 12634/2/4
f 12634/2/4 12631/2/4 12635/2/4
f 12635/2/4 12631/2/4 12636/2/4
f 12633/2/4 12634/2/4 12637/2/4
f 12634/2/4 12635/2/4 12637/2/4
f 12637/2/4 12635/2/4 12638/2/4
f 12639/2/4 12640/2/4 12641/2/4
f 12641/2/4 12640/2/4 12642/2/4
f 12643/1/4 12644/1/4 12645/1/4
f 12645/1/4 12644/1/4 12646/1/4
f 12647/2/4 12648/2/4 12651/2/4
f 12651/2/4 12648/2/4 12652/2/4
f 12649/2/4 12650/2/4 12654/2/4
f 12653/2/4 12654/2/4 12655/2/4
f 12654/2/4 12650/2/4 12655/2/4
f 12655/2/4 12650/2/4 12656/2/4
f 12653/2/4 12655/2/4 12657/2/4
f 12657/2/4 12655/2/4 12658/2/4
f 12659/2/4 12660/2/4 12661/2/4
f 12661/2/4 12660/2/4 12662/2/4
f 12663/2/4 12664/2/4 12665/2/4
f 12665/2/4 12664/2/4 12666/2/4
f 12667/1/4 12668/1/4 12669/1/4
f 12669/1/4 12668/1/4 12670/1/4
f 12670/1/4 12668/1/4 12671/1/4
f 12672/2/4 12673/2/4 12674/2/4
f 12674/2/4 12673/2/4 12675/2/4
f 12676/1/4 12677/1/4 12680/1/4
f 12680/1/4 12677/1/4 12681/1/4
f 12678/1/4 12679/1/4 12684/1/4
f 12684/1/4 12679/1/4 12685/1/4
f 12682/1/4 12683/1/4 12686/1/4
f 12686/1/4 12683/1/4 12687/1/4
f 12688/2/4 12689/2/4 12692/2/4
f 12692/2/4 12689/2/4 12693/2/4
f 12690/1/4 12691/1/4 12695/1/4
f 12695/1/4 12691/1/4 12696/1/4
f 12697/1/4 12698/1/4 12699/1/4
f 12699/1/4 12698/1/4 12700/1/4
f 12693/2/4 12694/2/4 12701/2/4
f 12701/2/4 12694/2/4 12702/2/4
f 12702/2/4 12703/2/4 12704/2/4
f 12704/2/4 12703/2/4 12705/2/4
f 12705/2/4 12706/2/4 12707/2/4
f 12705/2/4 12707/2/4 12709/2/4
f 12707/2/4 12708/2/4 12709/2/4
f 12709/2/4 12708/2/4 12710/2/4
f 12710/2/4 12708/2/4 12711/2/4
f 12711/2/4 12708/2/4 12712/2/4
f 12713/2/4 12714/2/4 12715/2/4
f 12715/2/4 12714/2/4 12716/2/4
f 12719/2/4 12720/2/4 12721/2/4
f 12721/2/4 12720/2/4 12722/2/4
f 12717/2/4 12718/2/4 12724/2/4
f 12724/2/4 12718/2/4 12725/2/4
f 12723/2/4 12724/2/4 12726/2/4
f 12726/2/4 12724/2/4 12727/2/4
f 12728/2/4 12729/2/4 12730/2/4
f 12730/2/4 12729/2/4 12731/2/4
f 12732/2/4 12733/2/4 12734/2/4
f 12734/2/4 12733/2/4 12735/2/4
f 12735/2/4 12736/2/4 12737/2/4
f 12737/2/4 12736/2/4 12738/2/4
f 12739/2/4 12740/2/4 12741/2/4
f 12741/2/4 12740/2/4 12742/2/4
f 12743/2/4 12744/2/4 12747/2/4
f 12747/2/4 12744/2/4 12748/2/4
f 12745/1/4 12746/1/4 12749/1/4
f 12749/1/4 12746/1/4 12750/1/4
f 12751/2/4 12752/2/4 12753/2/4
f 12753/2/4 12752/2/4 12754/2/4
f 12755/2/4 12756/2/4 12758/2/4
f 12758/2/4 12756/2/4 12759/2/4
f 12757/2/4 12758/2/4 12760/2/4
f 12760/2/4 12758/2/4 12761/2/4
f 12762/1/4 12763/1/4 12764/1/4
f 12764/1/4 12763/1/4 12765/1/4
f 12766/1/4 12767/1/4 12772/1/4
f 12772/1/4 12767/1/4 12773/1/4
f 12768/1/4 12769/1/4 12774/1/4
f 12774/1/4 12769/1/4 12775/1/4
f 12770/1/4 12771/1/4 12776/1/4
f 12776/1/4 12771/1/4 12777/1/4
f 12778/2/4 12779/2/4 12784/2/4
f 12784/2/4 12779/2/4 12785/2/4
f 12780/1/4 12781/1/4 12788/1/4
f 12788/1/4 12781/1/4 12789/1/4
f 12782/1/4 12783/1/4 12790/1/4
f 12790/1/4 12783/1/4 12791/1/4
f 12786/1/4 12787/1/4 12797/1/4
f 12797/1/4 12787/1/4 12798/1/4
f 12791/1/4 12792/1/4 12799/1/4
f 12799/1/4 12792/1/4 12800/1/4
f 12793/2/4 12794/2/4 12802/2/4
f 12795/1/4 12796/1/4 12805/1/4
f 12805/1/4 12796/1/4 12806/1/4
f 12801/2/4 12802/2/4 12807/2/4
f 12802/2/4 12794/2/4 12808/2/4
f 12807/2/4 12802/2/4 12808/2/4
f 12803/1/4 12804/1/4 12809/1/4
f 12809/1/4 12804/1/4 12810/1/4
f 12811/2/4 12812/2/4 12813/2/4
f 12813/2/4 12812/2/4 12814/2/4
f 12815/2/4 12816/2/4 12817/2/4
f 12817/2/4 12816/2/4 12818/2/4
f 12821/2/4 12822/2/4 12823/2/4
f 12823/2/4 12822/2/4 12824/2/4
f 12819/2/4 12820/2/4 12825/2/4
f 12825/2/4 12820/2/4 12826/2/4
f 12824/2/4 12825/2/4 12827/2/4
f 12827/2/4 12825/2/4 12828/2/4
f 12829/2/4 12830/2/4 12832/2/4
f 12831/2/4 12832/2/4 12834/2/4
f 12832/2/4 12830/2/4 12835/2/4
f 12834/2/4 12832/2/4 12835/2/4
f 12833/2/4 12834/2/4 12836/2/4
f 12836/2/4 12834/2/4 12837/2/4
f 12838/2/4 12839/2/4 12840/2/4
f 12840/2/4 12841/2/4 12842/2/4
f 12838/2/4 12840/2/4 12844/2/4
f 12842/2/4 12843/2/4 12844/2/4
f 12840/2/4 12842/2/4 12844/2/4
f 12844/2/4 12843/2/4 12845/2/4
f 12845/2/4 12843/2/4 12846/2/4
f 12847/2/4 12848/2/4 12849/2/4
f 12849/2/4 12848/2/4 12850/2/4
f 12851/2/4 12852/2/4 12853/2/4
f 12853/2/4 12852/2/4 12854/2/4
f 12854/2/4 12855/2/4 12856/2/4
f 12856/2/4 12855/2/4 12857/2/4
f 12858/2/4 12859/2/4 12860/2/4
f 12860/2/4 12859/2/4 12861/2/4
f 12862/2/4 12863/2/4 12864/2/4
f 12864/2/4 12863/2/4 12865/2/4
f 12866/1/4 12867/1/4 12868/1/4
f 12868/1/4 12867/1/4 12869/1/4
f 12870/1/4 12871/1/4 12874/1/4
f 12874/1/4 12871/1/4 12875/1/4
f 12875/1/4 12871/1/4 12876/1/4
f 12872/2/4 12873/2/4 12880/2/4
f 12880/2/4 12873/2/4 12881/2/4
f 12875/1/4 12876/1/4 12882/1/4
f 12876/1/4 12877/1/4 12882/1/4
f 12878/2/4 12879/2/4 12884/2/4
f 12884/2/4 12879/2/4 12885/2/4
f 12882/1/4 12883/1/4 12886/1/4
f 12875/1/4 12882/1/4 12886/1/4
f 12886/1/4 12883/1/4 12887/1/4
f 12887/1/4 12883/1/4 12888/1/4
f 12888/1/4 12889/1/4 12890/1/4
f 12887/1/4 12888/1/4 12890/1/4
f 12890/1/4 12889/1/4 12891/1/4
f 12891/1/4 12889/1/4 12892/1/4
f 12891/1/4 12892/1/4 12896/1/4
f 12892/1/4 12893/1/4 12896/1/4
f 12896/1/4 12893/1/4 12897/1/4
f 12894/2/4 12895/2/4 12903/2/4
f 12898/1/4 12899/1/4 12904/1/4
f 12904/1/4 12899/1/4 12905/1/4
f 12900/1/4 12901/1/4 12906/1/4
f 12906/1/4 12901/1/4 12907/1/4
f 12902/2/4 12903/2/4 12910/2/4
f 12903/2/4 12895/2/4 12911/2/4
f 12910/2/4 12903/2/4 12911/2/4
f 12911/2/4 12895/2/4 12912/2/4
f 12908/1/4 12909/1/4 12915/1/4
f 12915/1/4 12909/1/4 12916/1/4
f 12910/1/4 12911/1/4 12922/1/4
f 12913/1/4 12914/1/4 12923/1/4
f 12923/1/4 12914/1/4 12924/1/4
f 12917/1/4 12918/1/4 12925/1/4
f 12925/1/4 12918/1/4 12926/1/4
f 12919/1/4 12920/1/4 12927/1/4
f 12927/1/4 12920/1/4 12928/1/4
f 12921/1/4 12922/1/4 12930/1/4
f 12922/1/4 12911/1/4 12931/1/4
f 12930/1/4 12922/1/4 12931/1/4
f 12929/1/4 12930/1/4 12932/1/4
f 12932/1/4 12930/1/4 12933/1/4
f 12913/1/4 12923/1/4 12934/1/4
f 12936/1/4 12937/1/4 12940/1/4
f 12940/1/4 12937/1/4 12941/1/4
f 12938/2/4 12939/2/4 12942/2/4
f 12942/2/4 12939/2/4 12943/2/4
f 12934/1/4 12935/1/4 12944/1/4
f 12913/1/4 12934/1/4 12947/1/4
f 12944/1/4 12945/1/4 12947/1/4
f 12934/1/4 12944/1/4 12947/1/4
f 12947/1/4 12945/1/4 12948/1/4
f 12946/1/4 12947/1/4 12953/1/4
f 12947/1/4 12948/1/4 12953/1/4
f 12948/1/4 12949/1/4 12953/1/4
f 12953/1/4 12949/1/4 12954/1/4
f 12954/1/4 12949/1/4 12955/1/4
f 12950/1/4 12951/1/4 12956/1/4
f 12956/1/4 12951/1/4 12957/1/4
f 12957/1/4 12951/1/4 12958/1/4
f 12952/1/4 12953/1/4 12961/1/4
f 12953/1/4 12954/1/4 12961/1/4
f 12961/1/4 12954/1/4 12962/1/4
f 12962/1/4 12954/1/4 12963/1/4
f 12958/1/4 12959/1/4 12968/1/4
f 12957/1/4 12958/1/4 12968/1/4
f 12968/1/4 12959/1/4 12969/1/4
f 12960/1/4 12961/1/4 12973/1/4
f 12961/1/4 12962/1/4 12973/1/4
f 12973/1/4 12962/1/4 12974/1/4
f 12964/1/4 12965/1/4 12975/1/4
f 12975/1/4 12965/1/4 12976/1/4
f 12966/1/4 12967/1/4 12979/1/4
f 12969/1/4 12970/1/4 12981/1/4
f 12981/1/4 12970/1/4 12982/1/4
f 12971/1/4 12972/1/4 12985/1/4
f 12985/1/4 12972/1/4 12986/1/4
f 12977/1/4 12978/1/4 12987/1/4
f 12987/1/4 12978/1/4 12988/1/4
f 12966/1/4 12979/1/4 12989/1/4
f 12979/1/4 12980/1/4 12989/1/4
f 12989/1/4 12980/1/4 12990/1/4
f 12983/2/4 12984/2/4 12992/2/4
f 12977/1/4 12987/1/4 12993/1/4
f 12993/1/4 12987/1/4 12994/1/4
f 12991/2/4 12992/2/4 12995/2/4
f 12992/2/4 12984/2/4 12996/2/4
f 12995/2/4 12992/2/4 12996/2/4
f 12996/2/4 12984/2/4 12997/2/4
f 12997/2/4 12984/2/4 12998/2/4
f 12999/1/4 13000/1/4 13001/1/4
f 13001/1/4 13000/1/4 13002/1/4
f 12998/2/4 12984/2/4 13003/2/4
f 13003/2/4 13004/2/4 13005/2/4
f 12998/2/4 13003/2/4 13005/2/4
f 13005/2/4 13004/2/4 13006/2/4
f 12998/2/4 13005/2/4 13009/2/4
f 13009/2/4 13005/2/4 13010/2/4
f 13007/2/4 13008/2/4 13011/2/4
f 13011/2/4 13008/2/4 13012/2/4
f 13013/2/4 13014/2/4 13015/2/4
f 13013/2/4 13015/2/4 13017/2/4
f 13015/2/4 13016/2/4 13017/2/4
f 13017/2/4 13016/2/4 13018/2/4
f 13018/2/4 13016/2/4 13019/2/4
f 13018/2/4 13019/2/4 13021/2/4
f 13019/2/4 13020/2/4 13021/2/4
f 13021/2/4 13020/2/4 13022/2/4
f 13022/2/4 13020/2/4 13023/2/4
f 13021/2/4 13022/2/4 13024/2/4
f 13024/2/4 13022/2/4 13026/2/4
f 13026/2/4 13022/2/4 13027/2/4
f 13025/2/4 13026/2/4 13028/2/4
f 13028/2/4 13026/2/4 13029/2/4
f 13025/2/4 13028/2/4 13030/2/4
f 13030/2/4 13028/2/4 13031/2/4
f 13032/2/4 13033/2/4 13034/2/4
f 13034/2/4 13033/2/4 13035/2/4
f 13032/2/4 13034/2/4 13036/2/4
f 13036/2/4 13034/2/4 13037/2/4
f 13038/2/4 13039/2/4 13040/2/4
f 13040/2/4 13039/2/4 13041/2/4
f 13042/2/4 13043/2/4 13044/2/4
f 13044/2/4 13043/2/4 13045/2/4
f 13045/2/4 13046/2/4 13047/2/4
f 13047/2/4 13046/2/4 13048/2/4
f 13048/2/4 13049/2/4 13050/2/4
f 13050/2/4 13049/2/4 13051/2/4
f 13051/2/4 13052/2/4 13053/2/4
f 13051/2/4 13053/2/4 13055/2/4
f 13053/2/4 13054/2/4 13055/2/4
f 13055/2/4 13054/2/4 13056/2/4
f 13056/2/4 13054/2/4 13057/2/4
f 13057/2/4 13054/2/4 13058/2/4
f 13059/2/4 13060/2/4 13061/2/4
f 13061/2/4 13060/2/4 13062/2/4
f 13063/1/4 13064/1/4 13069/1/4
f 13069/1/4 13064/1/4 13070/1/4
f 13067/2/4 13068/2/4 13071/2/4
f 13071/2/4 13068/2/4 13072/2/4
f 13070/1/4 13064/1/4 13073/1/4
f 13073/1/4 13064/1/4 13074/1/4
f 13065/2/4 13066/2/4 13077/2/4
f 13077/2/4 13066/2/4 13078/2/4
f 13074/1/4 13075/1/4 13079/1/4
f 13076/2/4 13077/2/4 13081/2/4
f 13081/2/4 13077/2/4 13082/2/4
f 13079/1/4 13080/1/4 13085/1/4
f 13074/1/4 13079/1/4 13085/1/4
f 13085/1/4 13080/1/4 13086/1/4
f 13083/2/4 13084/2/4 13089/2/4
f 13089/2/4 13084/2/4 13090/2/4
f 13086/1/4 13087/1/4 13091/1/4
f 13091/1/4 13087/1/4 13092/1/4
f 13092/1/4 13093/1/4 13094/1/4
f 13088/2/4 13089/2/4 13098/2/4
f 13098/2/4 13089/2/4 13099/2/4
f 13094/1/4 13095/1/4 13100/1/4
f 13096/1/4 13097/1/4 13101/1/4
f 13101/1/4 13097/1/4 13102/1/4
f 13102/1/4 13097/1/4 13103/1/4
f 13094/1/4 13100/1/4 13108/1/4
f 13092/1/4 13094/1/4 13108/1/4
f 13100/1/4 13101/1/4 13108/1/4
f 13101/1/4 13102/1/4 13108/1/4
f 13108/1/4 13102/1/4 13109/1/4
f 13109/1/4 13102/1/4 13110/1/4
f 13110/1/4 13102/1/4 13111/1/4
f 13104/1/4 13105/1/4 13112/1/4
f 13112/1/4 13105/1/4 13113/1/4
f 13109/1/4 13110/1/4 13121/1/4
f 13114/1/4 13115/1/4 13122/1/4
f 13122/1/4 13115/1/4 13123/1/4
f 13116/1/4 13117/1/4 13124/1/4
f 13124/1/4 13117/1/4 13125/1/4
f 13118/1/4 13119/1/4 13127/1/4
f 13127/1/4 13119/1/4 13128/1/4
f 13106/1/4 13107/1/4 13131/1/4
f 13128/1/4 13129/1/4 13132/1/4
f 13126/1/4 13127/1/4 13132/1/4
f 13127/1/4 13128/1/4 13132/1/4
f 13132/1/4 13129/1/4 13133/1/4
f 13133/1/4 13129/1/4 13134/1/4
f 13134/1/4 13129/1/4 13135/1/4
f 13130/1/4 13131/1/4 13136/1/4
f 13136/1/4 13131/1/4 13137/1/4
f 13131/1/4 13107/1/4 13138/1/4
f 13137/1/4 13131/1/4 13138/1/4
f 13120/1/4 13121/1/4 13141/1/4
f 13121/1/4 13110/1/4 13142/1/4
f 13141/1/4 13121/1/4 13142/1/4
f 13133/1/4 13134/1/4 13143/1/4
f 13143/1/4 13134/1/4 13144/1/4
f 13136/1/4 13137/1/4 13145/1/4
f 13145/1/4 13137/1/4 13146/1/4
f 13139/2/4 13140/2/4 13147/2/4
f 13147/2/4 13140/2/4 13148/2/4
f 13148/2/4 13140/2/4 13149/2/4
f 13142/1/4 13110/1/4 13153/1/4
f 13153/1/4 13110/1/4 13154/1/4
f 13151/2/4 13152/2/4 13155/2/4
f 13150/2/4 13151/2/4 13155/2/4
f 13155/2/4 13152/2/4 13156/2/4
f 13092/1/4 13108/1/4 13158/1/4
f 13158/1/4 13108/1/4 13159/1/4
f 13154/1/4 13110/1/4 13160/1/4
f 13160/1/4 13110/1/4 13161/1/4
f 13161/1/4 13110/1/4 13162/1/4
f 13145/2/4 13146/2/4 13164/2/4
f 13164/2/4 13146/2/4 13165/2/4
f 13157/1/4 13158/1/4 13168/1/4
f 13168/1/4 13158/1/4 13169/1/4
f 13162/1/4 13163/1/4 13170/1/4
f 13161/1/4 13162/1/4 13170/1/4
f 13170/1/4 13163/1/4 13171/1/4
f 13171/1/4 13163/1/4 13172/1/4
f 13165/1/4 13166/1/4 13174/1/4
f 13174/1/4 13166/1/4 13175/1/4
f 13167/1/4 13168/1/4 13177/1/4
f 13177/1/4 13168/1/4 13178/1/4
f 13172/1/4 13173/1/4 13179/1/4
f 13171/1/4 13172/1/4 13179/1/4
f 13179/1/4 13173/1/4 13180/1/4
f 13175/1/4 13166/1/4 13187/1/4
f 13187/1/4 13166/1/4 13188/1/4
f 13176/1/4 13177/1/4 13190/1/4
f 13190/1/4 13177/1/4 13191/1/4
f 13181/1/4 13182/1/4 13194/1/4
f 13194/1/4 13182/1/4 13195/1/4
f 13195/1/4 13182/1/4 13196/1/4
f 13183/1/4 13184/1/4 13197/1/4
f 13185/1/4 13186/1/4 13198/1/4
f 13198/1/4 13186/1/4 13199/1/4
f 13188/2/4 13189/2/4 13200/2/4
f 13200/2/4 13189/2/4 13201/2/4
f 13192/1/4 13193/1/4 13202/1/4
f 13202/1/4 13193/1/4 13203/1/4
f 13196/1/4 13197/1/4 13208/1/4
f 13195/1/4 13196/1/4 13208/1/4
f 13197/1/4 13184/1/4 13209/1/4
f 13208/1/4 13197/1/4 13209/1/4
f 13204/1/4 13205/1/4 13212/1/4
f 13212/1/4 13205/1/4 13213/1/4
f 13206/1/4 13207/1/4 13214/1/4
f 13214/1/4 13207/1/4 13215/1/4
f 13210/1/4 13211/1/4 13216/1/4
f 13216/1/4 13211/1/4 13217/1/4
f 13218/2/4 13219/2/4 13220/2/4
f 13220/2/4 13219/2/4 13221/2/4
f 13222/2/4 13223/2/4 13224/2/4
f 13222/2/4 13224/2/4 13225/2/4
f 13225/2/4 13224/2/4 13226/2/4
f 13227/2/4 13228/2/4 13229/2/4
f 13229/2/4 13228/2/4 13230/2/4
f 13231/2/4 13232/2/4 13235/2/4
f 13235/2/4 13232/2/4 13236/2/4
f 13233/2/4 13234/2/4 13237/2/4
f 13237/2/4 13234/2/4 13238/2/4
f 13239/2/4 13240/2/4 13241/2/4
f 13241/2/4 13240/2/4 13242/2/4
f 13243/2/4 13244/2/4 13245/2/4
f 13245/2/4 13244/2/4 13246/2/4
f 13249/2/4 13250/2/4 13251/2/4
f 13251/2/4 13250/2/4 13252/2/4
f 13247/2/4 13248/2/4 13253/2/4
f 13253/2/4 13248/2/4 13254/2/4
f 13252/2/4 13253/2/4 13255/2/4
f 13255/2/4 13253/2/4 13256/2/4
f 13259/1/4 13260/1/4 13261/1/4
f 13261/1/4 13260/1/4 13262/1/4
f 13257/2/4 13258/2/4 13263/2/4
f 13263/2/4 13258/2/4 13264/2/4
f 13265/2/4 13266/2/4 13269/2/4
f 13269/2/4 13266/2/4 13270/2/4
f 13271/2/4 13272/2/4 13277/2/4
f 13277/2/4 13272/2/4 13278/2/4
f 13273/1/4 13274/1/4 13280/1/4
f 13280/1/4 13274/1/4 13281/1/4
f 13275/1/4 13276/1/4 13283/1/4
f 13283/1/4 13276/1/4 13284/1/4
f 13281/1/4 13282/1/4 13289/1/4
f 13279/1/4 13280/1/4 13289/1/4
f 13280/1/4 13281/1/4 13289/1/4
f 13289/1/4 13282/1/4 13290/1/4
f 13285/1/4 13286/1/4 13291/1/4
f 13291/1/4 13286/1/4 13292/1/4
f 13287/2/4 13288/2/4 13295/2/4
f 13295/2/4 13288/2/4 13296/2/4
f 13293/1/4 13294/1/4 13297/1/4
f 13297/1/4 13294/1/4 13298/1/4
f 13298/1/4 13294/1/4 13299/1/4
f 13298/1/4 13299/1/4 13303/1/4
f 13299/1/4 13300/1/4 13303/1/4
f 13301/1/4 13302/1/4 13304/1/4
f 13305/2/4 13306/2/4 13307/2/4
f 13307/2/4 13306/2/4 13308/2/4
f 13267/1/4 13268/1/4 13311/1/4
f 13311/1/4 13268/1/4 13312/1/4
f 13279/1/4 13289/1/4 13313/1/4
f 13313/1/4 13289/1/4 13314/1/4
f 13314/1/4 13289/1/4 13315/1/4
f 13309/2/4 13310/2/4 13317/2/4
f 13317/2/4 13310/2/4 13318/2/4
f 13315/1/4 13316/1/4 13319/1/4
f 13314/1/4 13315/1/4 13319/1/4
f 13319/1/4 13316/1/4 13320/1/4
f 13320/1/4 13316/1/4 13323/1/4
f 13323/1/4 13316/1/4 13324/1/4
f 13303/1/4 13304/1/4 13326/1/4
f 13298/1/4 13303/1/4 13326/1/4
f 13326/1/4 13304/1/4 13327/1/4
f 13327/1/4 13304/1/4 13328/1/4
f 13304/1/4 13302/1/4 13329/1/4
f 13328/1/4 13304/1/4 13329/1/4
f 13321/2/4 13322/2/4 13330/2/4
f 13330/2/4 13322/2/4 13331/2/4
f 13324/1/4 13325/1/4 13334/1/4
f 13334/1/4 13325/1/4 13335/1/4
f 13298/1/4 13326/1/4 13336/1/4
f 13336/1/4 13326/1/4 13337/1/4
f 13327/1/4 13328/1/4 13338/1/4
f 13338/1/4 13328/1/4 13339/1/4
f 13332/1/4 13333/1/4 13342/1/4
f 13342/1/4 13333/1/4 13343/1/4
f 13340/2/4 13341/2/4 13346/2/4
f 13346/2/4 13341/2/4 13347/2/4
f 13344/1/4 13345/1/4 13348/1/4
f 13348/1/4 13345/1/4 13349/1/4
f 13350/2/4 13351/2/4 13352/2/4
f 13350/2/4 13352/2/4 13354/2/4
f 13352/2/4 13353/2/4 13354/2/4
f 13354/2/4 13353/2/4 13355/2/4
f 13356/2/4 13357/2/4 13359/2/4
f 13358/2/4 13359/2/4 13360/2/4
f 13359/2/4 13357/2/4 13361/2/4
f 13360/2/4 13359/2/4 13361/2/4
f 13361/2/4 13357/2/4 13362/2/4
f 13362/2/4 13363/2/4 13364/2/4
f 13361/2/4 13362/2/4 13364/2/4
f 13364/2/4 13363/2/4 13365/2/4
f 13365/2/4 13363/2/4 13366/2/4
f 13366/2/4 13367/2/4 13368/2/4
f 13365/2/4 13366/2/4 13368/2/4
f 13368/2/4 13367/2/4 13369/2/4
f 13365/2/4 13368/2/4 13371/2/4
f 13371/2/4 13368/2/4 13372/2/4
f 13369/2/4 13370/2/4 13373/2/4
f 13369/2/4 13373/2/4 13375/2/4
f 13373/2/4 13374/2/4 13375/2/4
f 13375/2/4 13374/2/4 13376/2/4
f 13376/2/4 13374/2/4 13377/2/4
f 13377/2/4 13378/2/4 13379/2/4
f 13376/2/4 13377/2/4 13379/2/4
f 13379/2/4 13378/2/4 13380/2/4
f 13380/2/4 13378/2/4 13381/2/4
f 13379/2/4 13380/2/4 13382/2/4
f 13382/2/4 13380/2/4 13384/2/4
f 13384/2/4 13380/2/4 13385/2/4
f 13383/2/4 13384/2/4 13386/2/4
f 13386/2/4 13384/2/4 13387/2/4
f 13387/2/4 13384/2/4 13388/2/4
f 13389/1/4 13390/1/4 13391/1/4
f 13391/1/4 13390/1/4 13392/1/4
f 13392/1/4 13390/1/4 13393/1/4
f 13393/1/4 13390/1/4 13394/1/4
f 13394/1/4 13390/1/4 13397/1/4
f 13397/1/4 13390/1/4 13398/1/4
f 13398/1/4 13390/1/4 13399/1/4
f 13399/1/4 13400/1/4 13401/1/4
f 13398/1/4 13399/1/4 13401/1/4
f 13401/1/4 13400/1/4 13402/1/4
f 13395/2/4 13396/2/4 13404/2/4
f 13404/2/4 13396/2/4 13405/2/4
f 13403/2/4 13404/2/4 13407/2/4
f 13407/2/4 13404/2/4 13408/2/4
f 13406/2/4 13407/2/4 13416/2/4
f 13407/2/4 13408/2/4 13416/2/4
f 13408/2/4 13409/2/4 13416/2/4
f 13416/2/4 13409/2/4 13417/2/4
f 13410/1/4 13411/1/4 13419/1/4
f 13419/1/4 13411/1/4 13420/1/4
f 13420/1/4 13411/1/4 13421/1/4
f 13421/1/4 13411/1/4 13422/1/4
f 13412/1/4 13413/1/4 13424/1/4
f 13424/1/4 13413/1/4 13425/1/4
f 13414/1/4 13415/1/4 13426/1/4
f 13426/1/4 13415/1/4 13427/1/4
f 13427/1/4 13415/1/4 13428/1/4
f 13418/1/4 13419/1/4 13432/1/4
f 13419/1/4 13420/1/4 13432/1/4
f 13432/1/4 13420/1/4 13433/1/4
f 13422/1/4 13423/1/4 13434/1/4
f 13421/1/4 13422/1/4 13434/1/4
f 13434/1/4 13423/1/4 13435/1/4
f 13428/1/4 13429/1/4 13436/1/4
f 13427/1/4 13428/1/4 13436/1/4
f 13436/1/4 13429/1/4 13437/1/4
f 13437/1/4 13429/1/4 13438/1/4
f 13430/2/4 13431/2/4 13440/2/4
f 13440/2/4 13431/2/4 13441/2/4
f 13438/1/4 13439/1/4 13444/1/4
f 13437/1/4 13438/1/4 13444/1/4
f 13444/1/4 13439/1/4 13445/1/4
f 13442/2/4 13443/2/4 13447/2/4
f 13447/2/4 13443/2/4 13448/2/4
f 13418/1/4 13432/1/4 13449/1/4
f 13446/2/4 13447/2/4 13451/2/4
f 13451/2/4 13447/2/4 13452/2/4
f 13402/1/4 13400/1/4 13454/1/4
f 13449/1/4 13450/1/4 13455/1/4
f 13418/1/4 13449/1/4 13455/1/4
f 13455/1/4 13450/1/4 13456/1/4
f 13456/1/4 13450/1/4 13457/1/4
f 13453/1/4 13454/1/4 13460/1/4
f 13460/1/4 13454/1/4 13461/1/4
f 13454/1/4 13400/1/4 13462/1/4
f 13461/1/4 13454/1/4 13462/1/4
f 13460/1/4 13461/1/4 13463/1/4
f 13459/1/4 13460/1/4 13463/1/4
f 13463/1/4 13461/1/4 13464/1/4
f 13456/1/4 13457/1/4 13465/1/4
f 13457/1/4 13458/1/4 13465/1/4
f 13465/1/4 13458/1/4 13466/1/4
f 13469/2/4 13470/2/4 13475/2/4
f 13475/2/4 13470/2/4 13476/2/4
f 13471/1/4 13472/1/4 13480/1/4
f 13480/1/4 13472/1/4 13481/1/4
f 13473/1/4 13474/1/4 13482/1/4
f 13482/1/4 13474/1/4 13483/1/4
f 13483/1/4 13474/1/4 13484/1/4
f 13467/1/4 13468/1/4 13486/1/4
f 13486/1/4 13468/1/4 13487/1/4
f 13476/2/4 13477/2/4 13488/2/4
f 13488/2/4 13477/2/4 13489/2/4
f 13478/1/4 13479/1/4 13490/1/4
f 13490/1/4 13479/1/4 13491/1/4
f 13484/1/4 13485/1/4 13492/1/4
f 13483/1/4 13484/1/4 13492/1/4
f 13492/1/4 13485/1/4 13493/1/4
f 13494/2/4 13495/2/4 13496/2/4
f 13496/2/4 13495/2/4 13497/2/4
f 13497/2/4 13495/2/4 13498/2/4
f 13498/2/4 13495/2/4 13499/2/4
f 13500/2/4 13501/2/4 13502/2/4
f 13502/2/4 13501/2/4 13503/2/4
f 13504/2/4 13505/2/4 13506/2/4
f 13506/2/4 13505/2/4 13507/2/4
f 13508/2/4 13509/2/4 13510/2/4
f 13510/2/4 13509/2/4 13511/2/4
f 13512/2/4 13513/2/4 13514/2/4
f 13514/2/4 13513/2/4 13515/2/4
f 13516/2/4 13517/2/4 13519/2/4
f 13519/2/4 13517/2/4 13520/2/4
f 13518/2/4 13519/2/4 13523/2/4
f 13521/1/4 13522/1/4 13525/1/4
f 13525/1/4 13522/1/4 13526/1/4
f 13523/2/4 13524/2/4 13527/2/4
f 13518/2/4 13523/2/4 13527/2/4
f 13527/2/4 13524/2/4 13528/2/4
f 13528/2/4 13524/2/4 13529/2/4
f 13530/1/4 13531/1/4 13532/1/4
f 13532/1/4 13531/1/4 13533/1/4
f 13536/2/4 13537/2/4 13538/2/4
f 13538/2/4 13537/2/4 13539/2/4
f 13540/1/4 13541/1/4 13548/1/4
f 13548/1/4 13541/1/4 13549/1/4
f 13549/1/4 13541/1/4 13550/1/4
f 13542/2/4 13543/2/4 13552/2/4
f 13552/2/4 13543/2/4 13553/2/4
f 13544/1/4 13545/1/4 13555/1/4
f 13555/1/4 13545/1/4 13556/1/4
f 13546/1/4 13547/1/4 13557/1/4
f 13557/1/4 13547/1/4 13558/1/4
f 13558/1/4 13547/1/4 13559/1/4
f 13550/1/4 13551/1/4 13560/1/4
f 13549/1/4 13550/1/4 13560/1/4
f 13560/1/4 13551/1/4 13561/1/4
f 13561/1/4 13551/1/4 13562/1/4
f 13555/1/4 13556/1/4 13566/1/4
f 13557/1/4 13558/1/4 13566/1/4
f 13554/1/4 13555/1/4 13566/1/4
f 13556/1/4 13557/1/4 13566/1/4
f 13566/1/4 13558/1/4 13567/1/4
f 13562/1/4 13563/1/4 13568/1/4
f 13561/1/4 13562/1/4 13568/1/4
f 13564/2/4 13565/2/4 13570/2/4
f 13570/2/4 13565/2/4 13571/2/4
f 13554/1/4 13566/1/4 13572/1/4
f 13572/1/4 13566/1/4 13573/1/4
f 13534/1/4 13535/1/4 13575/1/4
f 13574/1/4 13575/1/4 13581/1/4
f 13581/1/4 13575/1/4 13582/1/4
f 13575/1/4 13535/1/4 13583/1/4
f 13582/1/4 13575/1/4 13583/1/4
f 13573/1/4 13566/1/4 13584/1/4
f 13584/1/4 13566/1/4 13585/1/4
f 13576/2/4 13577/2/4 13586/2/4
f 13586/2/4 13577/2/4 13587/2/4
f 13578/2/4 13579/2/4 13588/2/4
f 13588/2/4 13579/2/4 13589/2/4
f 13581/1/4 13582/1/4 13590/1/4
f 13580/1/4 13581/1/4 13590/1/4
f 13590/1/4 13582/1/4 13591/1/4
f 13592/1/4 13593/1/4 13597/1/4
f 13597/1/4 13593/1/4 13598/1/4
f 13568/1/4 13569/1/4 13601/1/4
f 13561/1/4 13568/1/4 13601/1/4
f 13601/1/4 13569/1/4 13602/1/4
f 13602/1/4 13569/1/4 13603/1/4
f 13594/1/4 13595/1/4 13607/1/4
f 13607/1/4 13595/1/4 13608/1/4
f 13598/1/4 13599/1/4 13609/1/4
f 13597/1/4 13598/1/4 13609/1/4
f 13596/1/4 13597/1/4 13609/1/4
f 13609/1/4 13599/1/4 13610/1/4
f 13600/1/4 13601/1/4 13612/1/4
f 13601/1/4 13602/1/4 13612/1/4
f 13612/1/4 13602/1/4 13613/1/4
f 13613/1/4 13602/1/4 13614/1/4
f 13606/1/4 13607/1/4 13615/1/4
f 13615/1/4 13607/1/4 13616/1/4
f 13612/1/4 13613/1/4 13617/1/4
f 13611/1/4 13612/1/4 13617/1/4
f 13617/1/4 13613/1/4 13618/1/4
f 13614/1/4 13602/1/4 13619/1/4
f 13619/1/4 13602/1/4 13620/1/4
f 13604/2/4 13605/2/4 13621/2/4
f 13604/2/4 13621/2/4 13623/2/4
f 13621/2/4 13622/2/4 13623/2/4
f 13623/2/4 13622/2/4 13624/2/4
f 13624/2/4 13625/2/4 13628/2/4
f 13628/2/4 13625/2/4 13629/2/4
f 13626/2/4 13627/2/4 13630/2/4
f 13626/2/4 13630/2/4 13632/2/4
f 13630/2/4 13631/2/4 13632/2/4
f 13632/2/4 13631/2/4 13633/2/4
f 13634/2/4 13635/2/4 13636/2/4
f 13636/2/4 13635/2/4 13637/2/4
f 13637/2/4 13635/2/4 13638/2/4
f 13639/2/4 13640/2/4 13641/2/4
f 13641/2/4 13640/2/4 13642/2/4
f 13643/2/4 13644/2/4 13645/2/4
f 13645/2/4 13644/2/4 13646/2/4
f 13647/1/4 13648/1/4 13651/1/4
f 13651/1/4 13648/1/4 13652/1/4
f 13649/2/4 13650/2/4 13653/2/4
f 13653/2/4 13650/2/4 13654/2/4
f 13652/1/4 13648/1/4 13655/1/4
f 13655/1/4 13648/1/4 13656/1/4
f 13656/1/4 13648/1/4 13657/1/4
f 13657/1/4 13658/1/4 13659/1/4
f 13656/1/4 13657/1/4 13659/1/4
f 13659/1/4 13658/1/4 13660/1/4
f 13661/2/4 13662/2/4 13667/2/4
f 13667/2/4 13662/2/4 13668/2/4
f 13663/2/4 13664/2/4 13669/2/4
f 13669/2/4 13664/2/4 13670/2/4
f 13665/1/4 13666/1/4 13672/1/4
f 13672/1/4 13666/1/4 13673/1/4
f 13671/1/4 13672/1/4 13676/1/4
f 13673/1/4 13674/1/4 13676/1/4
f 13672/1/4 13673/1/4 13676/1/4
f 13660/1/4 13658/1/4 13678/1/4
f 13677/1/4 13678/1/4 13680/1/4
f 13680/1/4 13678/1/4 13681/1/4
f 13678/1/4 13658/1/4 13682/1/4
f 13681/1/4 13678/1/4 13682/1/4
f 13680/1/4 13681/1/4 13685/1/4
f 13679/1/4 13680/1/4 13685/1/4
f 13685/1/4 13681/1/4 13686/1/4
f 13683/2/4 13684/2/4 13687/2/4
f 13675/1/4 13676/1/4 13689/1/4
f 13676/1/4 13674/1/4 13689/1/4
f 13689/1/4 13674/1/4 13690/1/4
f 13687/2/4 13688/2/4 13691/2/4
f 13683/2/4 13687/2/4 13691/2/4
f 13691/2/4 13688/2/4 13692/2/4
f 13692/2/4 13688/2/4 13693/2/4
f 13679/1/4 13685/1/4 13695/1/4
f 13695/1/4 13685/1/4 13696/1/4
f 13675/1/4 13689/1/4 13697/1/4
f 13697/1/4 13689/1/4 13698/1/4
f 13690/1/4 13674/1/4 13699/1/4
f 13699/1/4 13674/1/4 13700/1/4
f 13700/1/4 13674/1/4 13701/1/4
f 13701/1/4 13674/1/4 13702/1/4
f 13692/2/4 13693/2/4 13703/2/4
f 13693/2/4 13694/2/4 13703/2/4
f 13703/2/4 13694/2/4 13704/2/4
f 13700/1/4 13701/1/4 13705/1/4
f 13705/1/4 13701/1/4 13706/1/4
f 13707/2/4 13708/2/4 13709/2/4
f 13709/2/4 13708/2/4 13710/2/4
f 13711/2/4 13712/2/4 13713/2/4
f 13713/2/4 13712/2/4 13714/2/4
f 13715/2/4 13716/2/4 13717/2/4
f 13717/2/4 13716/2/4 13718/2/4
f 13719/2/4 13720/2/4 13722/2/4
f 13721/2/4 13722/2/4 13725/2/4
f 13722/2/4 13720/2/4 13726/2/4
f 13725/2/4 13722/2/4 13726/2/4
f 13723/1/4 13724/1/4 13727/1/4
f 13727/1/4 13724/1/4 13728/1/4
f 13728/1/4 13729/1/4 13730/1/4
f 13730/1/4 13729/1/4 13731/1/4
f 13731/1/4 13729/1/4 13732/1/4
f 13732/1/4 13733/1/4 13734/1/4
f 13731/1/4 13732/1/4 13734/1/4
f 13734/1/4 13733/1/4 13735/1/4
f 13738/2/4 13739/2/4 13742/2/4
f 13742/2/4 13739/2/4 13743/2/4
f 13740/2/4 13741/2/4 13744/2/4
f 13744/2/4 13741/2/4 13745/2/4
f 13735/1/4 13733/1/4 13747/1/4
f 13746/1/4 13747/1/4 13749/1/4
f 13747/1/4 13733/1/4 13750/1/4
f 13749/1/4 13747/1/4 13750/1/4
f 13736/2/4 13737/2/4 13751/2/4
f 13748/1/4 13749/1/4 13754/1/4
f 13754/1/4 13749/1/4 13755/1/4
f 13751/2/4 13752/2/4 13756/2/4
f 13736/2/4 13751/2/4 13756/2/4
f 13756/2/4 13752/2/4 13757/2/4
f 13757/2/4 13752/2/4 13758/2/4
f 13758/2/4 13759/2/4 13760/2/4
f 13757/2/4 13758/2/4 13760/2/4
f 13760/2/4 13759/2/4 13761/2/4
f 13757/2/4 13760/2/4 13762/2/4
f 13762/2/4 13760/2/4 13763/2/4
f 13753/1/4 13754/1/4 13767/1/4
f 13767/1/4 13754/1/4 13768/1/4
f 13765/2/4 13766/2/4 13769/2/4
f 13764/2/4 13765/2/4 13769/2/4
f 13769/2/4 13766/2/4 13770/2/4
f 13771/2/4 13772/2/4 13773/2/4
f 13773/2/4 13772/2/4 13774/2/4
f 13775/2/4 13776/2/4 13777/2/4
f 13777/2/4 13776/2/4 13778/2/4
f 13779/2/4 13780/2/4 13781/2/4
f 13781/2/4 13780/2/4 13782/2/4
f 13783/2/4 13784/2/4 13785/2/4
f 13785/2/4 13784/2/4 13786/2/4
f 13787/2/4 13788/2/4 13789/2/4
f 13789/2/4 13788/2/4 13790/2/4
f 13790/2/4 13791/2/4 13792/2/4
f 13792/2/4 13791/2/4 13793/2/4
f 13794/2/4 13795/2/4 13796/2/4
f 13794/2/4 13796/2/4 13797/2/4
f 13797/2/4 13796/2/4 13798/2/4
f 13799/2/4 13800/2/4 13801/2/4
f 13801/2/4 13800/2/4 13802/2/4
f 13805/2/4 13806/2/4 13808/2/4
f 13808/2/4 13806/2/4 13809/2/4
f 13807/2/4 13808/2/4 13812/2/4
f 13812/2/4 13808/2/4 13813/2/4
f 13813/2/4 13808/2/4 13814/2/4
f 13810/1/4 13811/1/4 13815/1/4
f 13815/1/4 13811/1/4 13816/1/4
f 13803/2/4 13804/2/4 13817/2/4
f 13817/2/4 13804/2/4 13818/2/4
f 13819/2/4 13820/2/4 13821/2/4
f 13821/2/4 13820/2/4 13822/2/4
f 13823/2/4 13824/2/4 13825/2/4
f 13825/2/4 13824/2/4 13826/2/4
f 13827/2/4 13828/2/4 13829/2/4
f 13829/2/4 13828/2/4 13830/2/4
f 13831/2/4 13832/2/4 13833/2/4
f 13833/2/4 13832/2/4 13834/2/4
f 13835/2/4 13836/2/4 13837/2/4
f 13837/2/4 13836/2/4 13838/2/4
f 13839/2/4 13840/2/4 13841/2/4
f 13841/2/4 13840/2/4 13842/2/4
f 13843/2/4 13844/2/4 13845/2/4
f 13845/2/4 13844/2/4 13846/2/4
f 13846/2/4 13847/2/4 13848/2/4
f 13848/2/4 13847/2/4 13849/2/4
f 13850/2/4 13851/2/4 13852/2/4
f 13852/2/4 13851/2/4 13853/2/4
f 13854/1/4 13855/1/4 13856/1/4
f 13856/1/4 13855/1/4 13857/1/4
f 13860/1/4 13861/1/4 13862/1/4
f 13862/1/4 13861/1/4 13863/1/4
f 13858/2/4 13859/2/4 13864/2/4
f 13864/2/4 13859/2/4 13865/2/4
f 13866/2/4 13867/2/4 13869/2/4
f 13869/2/4 13867/2/4 13870/2/4
f 13868/2/4 13869/2/4 13872/2/4
f 13872/2/4 13869/2/4 13873/2/4
f 13870/2/4 13871/2/4 13874/2/4
f 13874/2/4 13871/2/4 13875/2/4
f 13876/2/4 13877/2/4 13878/2/4
f 13876/2/4 13878/2/4 13880/2/4
f 13878/2/4 13879/2/4 13880/2/4
f 13880/2/4 13879/2/4 13881/2/4
f 13882/2/4 13883/2/4 13884/2/4
f 13884/2/4 13883/2/4 13885/2/4
f 13886/2/4 13887/2/4 13891/2/4
f 13891/2/4 13887/2/4 13892/2/4
f 13890/2/4 13891/2/4 13893/2/4
f 13893/2/4 13891/2/4 13894/2/4
f 13894/2/4 13895/2/4 13896/2/4
f 13896/2/4 13895/2/4 13897/2/4
f 13888/1/4 13889/1/4 13898/1/4
f 13898/1/4 13889/1/4 13899/1/4
f 13900/1/4 13901/1/4 13902/1/4
f 13902/1/4 13901/1/4 13903/1/4
f 13904/2/4 13905/2/4 13906/2/4
f 13906/2/4 13905/2/4 13907/2/4
f 13907/2/4 13908/2/4 13909/2/4
f 13909/2/4 13908/2/4 13910/2/4
f 13911/2/4 13912/2/4 13913/2/4
f 13913/2/4 13912/2/4 13914/2/4
f 13915/2/4 13916/2/4 13917/2/4
f 13917/2/4 13916/2/4 13918/2/4
f 13919/2/4 13920/2/4 13922/2/4
f 13922/2/4 13920/2/4 13923/2/4
f 13921/2/4 13922/2/4 13924/2/4
f 13924/2/4 13922/2/4 13925/2/4
f 13926/2/4 13927/2/4 13928/2/4
f 13928/2/4 13927/2/4 13929/2/4
f 13930/2/4 13931/2/4 13932/2/4
f 13932/2/4 13931/2/4 13933/2/4
f 13936/2/4 13937/2/4 13939/2/4
f 13939/2/4 13937/2/4 13940/2/4
f 13938/2/4 13939/2/4 13943/2/4
f 13943/2/4 13939/2/4 13944/2/4
f 13941/2/4 13942/2/4 13945/2/4
f 13945/2/4 13942/2/4 13946/2/4
f 13946/2/4 13942/2/4 13947/2/4
f 13946/2/4 13947/2/4 13950/2/4
f 13950/2/4 13947/2/4 13951/2/4
f 13948/2/4 13949/2/4 13952/2/4
f 13952/2/4 13949/2/4 13953/2/4
f 13934/1/4 13935/1/4 13955/1/4
f 13955/1/4 13935/1/4 13956/1/4
f 13953/2/4 13954/2/4 13957/2/4
f 13957/2/4 13954/2/4 13958/2/4
f 13959/2/4 13960/2/4 13961/2/4
f 13961/2/4 13960/2/4 13962/2/4
f 13962/2/4 13963/2/4 13964/2/4
f 13964/2/4 13963/2/4 13965/2/4
f 13966/2/4 13967/2/4 13968/2/4
f 13968/2/4 13967/2/4 13969/2/4
f 13970/2/4 13971/2/4 13972/2/4
f 13972/2/4 13971/2/4 13973/2/4
f 13974/2/4 13975/2/4 13976/2/4
f 13976/2/4 13975/2/4 13977/2/4
f 13978/2/4 13979/2/4 13980/2/4
f 13980/2/4 13979/2/4 13981/2/4
f 13982/2/4 13983/2/4 13985/2/4
f 13985/2/4 13983/2/4 13986/2/4
f 13984/2/4 13985/2/4 13987/2/4
f 13987/2/4 13985/2/4 13988/2/4
f 13989/2/4 13990/2/4 13992/2/4
f 13990/2/4 13991/2/4 13992/2/4
f 13992/2/4 13991/2/4 13993/2/4
f 13993/2/4 13991/2/4 13994/2/4
f 13994/2/4 13991/2/4 13995/2/4
f 13996/2/4 13997/2/4 14000/2/4
f 13998/2/4 13999/2/4 14001/2/4
f 13999/2/4 14000/2/4 14001/2/4
f 14000/2/4 13997/2/4 14002/2/4
f 14001/2/4 14000/2/4 14002/2/4
f 13998/2/4 14001/2/4 14003/2/4
f 14003/2/4 14001/2/4 14004/2/4
f 14005/2/4 14006/2/4 14007/2/4
f 14007/2/4 14006/2/4 14008/2/4
f 14008/2/4 14006/2/4 14009/2/4
f 14009/2/4 14010/2/4 14011/2/4
f 14008/2/4 14009/2/4 14011/2/4
f 14011/2/4 14010/2/4 14012/2/4
f 14013/2/4 14014/2/4 14015/2/4
f 14015/2/4 14014/2/4 14016/2/4
f 14017/2/4 14018/2/4 14020/2/4
f 14019/2/4 14020/2/4 14021/2/4
f 14020/2/4 14018/2/4 14022/2/4
f 14021/2/4 14020/2/4 14022/2/4
f 14022/2/4 14018/2/4 14023/2/4
f 14023/2/4 14018/2/4 14024/2/4
f 14025/2/4 14026/2/4 14028/2/4
f 14028/2/4 14026/2/4 14029/2/4
f 14027/2/4 14028/2/4 14032/2/4
f 14032/2/4 14028/2/4 14033/2/4
f 14030/2/4 14031/2/4 14036/2/4
f 14036/2/4 14031/2/4 14037/2/4
f 14034/2/4 14035/2/4 14038/2/4
f 14038/2/4 14035/2/4 14039/2/4
f 14040/2/4 14041/2/4 14042/2/4
f 14042/2/4 14041/2/4 14043/2/4
f 14044/2/4 14045/2/4 14046/2/4
f 14046/2/4 14045/2/4 14047/2/4
f 14048/2/4 14049/2/4 14050/2/4
f 14050/2/4 14049/2/4 14051/2/4
f 14052/2/4 14053/2/4 14054/2/4
f 14054/2/4 14053/2/4 14055/2/4
f 14056/2/4 14057/2/4 14058/2/4
f 14058/2/4 14057/2/4 14059/2/4
f 14060/2/4 14061/2/4 14062/2/4
f 14062/2/4 14061/2/4 14063/2/4
f 14064/2/4 14065/2/4 14066/2/4
f 14066/2/4 14065/2/4 14067/2/4
f 14068/2/4 14069/2/4 14070/2/4
f 14070/2/4 14069/2/4 14071/2/4
f 14072/2/4 14073/2/4 14074/2/4
f 14074/2/4 14073/2/4 14075/2/4
f 14076/2/4 14077/2/4 14078/2/4
f 14078/2/4 14077/2/4 14079/2/4
f 14080/2/4 14081/2/4 14083/2/4
f 14083/2/4 14081/2/4 14084/2/4
f 14082/2/4 14083/2/4 14087/2/4
f 14087/2/4 14083/2/4 14088/2/4
f 14085/2/4 14086/2/4 14089/2/4
f 14089/2/4 14086/2/4 14090/2/4
f 14090/2/4 14091/2/4 14092/2/4
f 14092/2/4 14091/2/4 14093/2/4
f 14094/2/4 14095/2/4 14096/2/4
f 14096/2/4 14095/2/4 14097/2/4
f 14098/2/4 14099/2/4 14100/2/4
f 14100/2/4 14099/2/4 14101/2/4
f 14102/2/4 14103/2/4 14104/2/4
f 14104/2/4 14103/2/4 14105/2/4
f 14106/2/4 14107/2/4 14108/2/4
f 14108/2/4 14107/2/4 14109/2/4
f 14110/2/4 14111/2/4 14112/2/4
f 14112/2/4 14111/2/4 14113/2/4
f 14114/2/4 14115/2/4 14116/2/4
f 14116/2/4 14115/2/4 14117/2/4
f 14118/2/4 14119/2/4 14120/2/4
f 14120/2/4 14119/2/4 14121/2/4
f 14122/2/4 14123/2/4 14124/2/4
f 14124/2/4 14123/2/4 14125/2/4
f 14126/2/4 14127/2/4 14128/2/4
f 14128/2/4 14127/2/4 14129/2/4
f 14130/2/4 14131/2/4 14132/2/4
f 14132/2/4 14131/2/4 14133/2/4
f 14134/2/4 14135/2/4 14136/2/4
f 14136/2/4 14135/2/4 14137/2/4
f 14138/2/4 14139/2/4 14140/2/4
f 14140/2/4 14139/2/4 14141/2/4
f 14141/2/4 14142/2/4 14143/2/4
f 14143/2/4 14142/2/4 14144/2/4
f 14145/2/4 14146/2/4 14147/2/4
f 14147/2/4 14146/2/4 14148/2/4
f 14149/2/4 14150/2/4 14151/2/4
f 14151/2/4 14150/2/4 14152/2/4
f 14153/2/4 14154/2/4 14155/2/4
f 14155/2/4 14154/2/4 14156/2/4
f 14157/2/4 14158/2/4 14160/2/4
f 14159/2/4 14160/2/4 14161/2/4
f 14160/2/4 14158/2/4 14162/2/4
f 14161/2/4 14160/2/4 14162/2/4
f 14163/2/4 14164/2/4 14165/2/4
f 14165/2/4 14164/2/4 14166/2/4
f 14166/2/4 14167/2/4 14168/2/4
f 14168/2/4 14167/2/4 14169/2/4
f 14170/2/4 14171/2/4 14172/2/4
f 14172/2/4 14171/2/4 14173/2/4
f 14174/2/4 14175/2/4 14176/2/4
f 14176/2/4 14175/2/4 14177/2/4
f 14178/2/4 14179/2/4 14180/2/4
f 14180/2/4 14179/2/4 14181/2/4
f 14182/2/4 14183/2/4 14184/2/4
f 14184/2/4 14183/2/4 14185/2/4
f 14186/2/4 14187/2/4 14188/2/4
f 14188/2/4 14187/2/4 14189/2/4
f 14190/2/4 14191/2/4 14194/2/4
f 14194/2/4 14191/2/4 14195/2/4
f 14192/2/4 14193/2/4 14196/2/4
f 14196/2/4 14193/2/4 14197/2/4
f 14195/2/4 14196/2/4 14200/2/4
f 14200/2/4 14196/2/4 14201/2/4
f 14198/2/4 14199/2/4 14202/2/4
f 14202/2/4 14199/2/4 14203/2/4
f 14204/2/4 14205/2/4 14207/2/4
f 14206/2/4 14207/2/4 14208/2/4
f 14207/2/4 14205/2/4 14209/2/4
f 14208/2/4 14207/2/4 14209/2/4
f 14209/2/4 14205/2/4 14210/2/4
f 14210/2/4 14205/2/4 14211/2/4
f 14212/2/4 14213/2/4 14214/2/4
f 14214/2/4 14213/2/4 14215/2/4
f 14216/2/4 14217/2/4 14218/2/4
f 14218/2/4 14217/2/4 14219/2/4
f 14220/2/4 14221/2/4 14222/2/4
f 14222/2/4 14221/2/4 14223/2/4
f 14223/2/4 14224/2/4 14225/2/4
f 14225/2/4 14224/2/4 14226/2/4
f 14227/2/4 14228/2/4 14231/2/4
f 14231/2/4 14228/2/4 14232/2/4
f 14229/2/4 14230/2/4 14233/2/4
f 14233/2/4 14230/2/4 14234/2/4
f 14235/2/4 14236/2/4 14237/2/4
f 14237/2/4 14236/2/4 14238/2/4
f 14239/2/4 14240/2/4 14241/2/4
f 14241/2/4 14240/2/4 14242/2/4
f 14242/2/4 14243/2/4 14244/2/4
f 14244/2/4 14243/2/4 14245/2/4
f 14246/2/4 14247/2/4 14248/2/4
f 14248/2/4 14247/2/4 14249/2/4
f 14250/2/4 14251/2/4 14253/2/4
f 14253/2/4 14251/2/4 14254/2/4
f 14252/2/4 14253/2/4 14255/2/4
f 14255/2/4 14253/2/4 14256/2/4
f 14257/2/4 14258/2/4 14259/2/4
f 14259/2/4 14258/2/4 14260/2/4
f 14260/2/4 14258/2/4 14261/2/4
f 14259/2/4 14260/2/4 14264/2/4
f 14264/2/4 14260/2/4 14265/2/4
f 14262/2/4 14263/2/4 14266/2/4
f 14266/2/4 14263/2/4 14267/2/4
f 14268/2/4 14269/2/4 14270/2/4
f 14270/2/4 14269/2/4 14271/2/4
f 14272/2/4 14273/2/4 14274/2/4
f 14274/2/4 14273/2/4 14275/2/4
f 14276/2/4 14277/2/4 14278/2/4
f 14278/2/4 14277/2/4 14279/2/4
f 14280/2/4 14281/2/4 14282/2/4
f 14282/2/4 14281/2/4 14283/2/4
f 14284/2/4 14285/2/4 14286/2/4
f 14286/2/4 14285/2/4 14287/2/4
f 14288/2/4 14289/2/4 14291/2/4
f 14291/2/4 14289/2/4 14292/2/4
f 14292/2/4 14289/2/4 14293/2/4
f 14290/2/4 14291/2/4 14294/2/4
f 14291/2/4 14292/2/4 14294/2/4
f 14294/2/4 14292/2/4 14295/2/4
f 14290/2/4 14294/2/4 14296/2/4
f 14296/2/4 14294/2/4 14297/2/4
f 14298/2/4 14299/2/4 14300/2/4
f 14300/2/4 14299/2/4 14301/2/4
f 14302/2/4 14303/2/4 14304/2/4
f 14304/2/4 14303/2/4 14305/2/4
f 14306/2/4 14307/2/4 14308/2/4
f 14308/2/4 14307/2/4 14309/2/4
f 14310/2/4 14311/2/4 14313/2/4
f 14312/2/4 14313/2/4 14315/2/4
f 14313/2/4 14311/2/4 14316/2/4
f 14315/2/4 14313/2/4 14316/2/4
f 14314/2/4 14315/2/4 14317/2/4
f 14317/2/4 14315/2/4 14318/2/4
f 14318/2/4 14315/2/4 14319/2/4
f 14320/2/4 14321/2/4 14322/2/4
f 14322/2/4 14321/2/4 14323/2/4
f 14323/2/4 14321/2/4 14326/2/4
f 14326/2/4 14321/2/4 14327/2/4
f 14324/2/4 14325/2/4 14329/2/4
f 14328/2/4 14329/2/4 14330/2/4
f 14329/2/4 14325/2/4 14331/2/4
f 14330/2/4 14329/2/4 14331/2/4
f 14332/2/4 14333/2/4 14334/2/4
f 14334/2/4 14333/2/4 14335/2/4
f 14336/2/4 14337/2/4 14338/2/4
f 14338/2/4 14337/2/4 14339/2/4
f 14336/2/4 14338/2/4 14342/2/4
f 14342/2/4 14338/2/4 14343/2/4
f 14340/2/4 14341/2/4 14344/2/4
f 14344/2/4 14341/2/4 14345/2/4
f 14346/2/4 14347/2/4 14348/2/4
f 14348/2/4 14347/2/4 14349/2/4
f 14350/2/4 14351/2/4 14352/2/4
f 14352/2/4 14351/2/4 14353/2/4
f 14354/2/4 14355/2/4 14356/2/4
f 14356/2/4 14355/2/4 14357/2/4
f 14358/2/4 14359/2/4 14360/2/4
f 14360/2/4 14359/2/4 14361/2/4
f 14362/2/4 14363/2/4 14365/2/4
f 14365/2/4 14363/2/4 14366/2/4
f 14364/2/4 14365/2/4 14367/2/4
f 14367/2/4 14365/2/4 14368/2/4
f 14369/2/4 14370/2/4 14371/2/4
f 14371/2/4 14370/2/4 14372/2/4
f 14373/2/4 14374/2/4 14375/2/4
f 14375/2/4 14374/2/4 14376/2/4
f 14377/2/4 14378/2/4 14379/2/4
f 14379/2/4 14378/2/4 14380/2/4
f 14381/2/4 14382/2/4 14384/2/4
f 14382/2/4 14383/2/4 14384/2/4
f 14384/2/4 14383/2/4 14385/2/4
f 14386/2/4 14387/2/4 14388/2/4
f 14388/2/4 14387/2/4 14389/2/4
f 14390/2/4 14391/2/4 14392/2/4
f 14392/2/4 14391/2/4 14393/2/4
f 14394/2/4 14395/2/4 14396/2/4
f 14396/2/4 14395/2/4 14397/2/4
f 14398/2/4 14399/2/4 14400/2/4
f 14400/2/4 14399/2/4 14401/2/4
f 14401/2/4 14402/2/4 14403/2/4
f 14403/2/4 14402/2/4 14404/2/4
f 14405/2/4 14406/2/4 14407/2/4
f 14407/2/4 14406/2/4 14408/2/4
f 14409/2/4 14410/2/4 14411/2/4
f 14411/2/4 14410/2/4 14412/2/4
f 14413/2/4 14414/2/4 14415/2/4
f 14412/2/4 14413/2/4 14415/2/4
f 14415/2/4 14414/2/4 14416/2/4
f 14417/2/4 14418/2/4 14419/2/4
f 14419/2/4 14418/2/4 14420/2/4
f 14421/2/4 14422/2/4 14423/2/4
f 14423/2/4 14422/2/4 14424/2/4
f 14425/2/4 14426/2/4 14427/2/4
f 14427/2/4 14426/2/4 14428/2/4
f 14429/2/4 14430/2/4 14431/2/4
f 14429/2/4 14431/2/4 14433/2/4
f 14431/2/4 14432/2/4 14433/2/4
f 14433/2/4 14432/2/4 14434/2/4
f 14434/2/4 14432/2/4 14435/2/4
f 14435/2/4 14432/2/4 14436/2/4
f 14437/2/4 14438/2/4 14439/2/4
f 14439/2/4 14438/2/4 14440/2/4
f 14441/2/4 14442/2/4 14443/2/4
f 14443/2/4 14442/2/4 14444/2/4
f 14444/2/4 14445/2/4 14446/2/4
f 14446/2/4 14445/2/4 14447/2/4
f 14447/2/4 14448/2/4 14449/2/4
f 14449/2/4 14448/2/4 14450/2/4
f 14451/2/4 14452/2/4 14454/2/4
f 14454/2/4 14452/2/4 14455/2/4
f 14453/2/4 14454/2/4 14456/2/4
f 14456/2/4 14454/2/4 14457/2/4
f 14458/2/4 14459/2/4 14460/2/4
f 14460/2/4 14459/2/4 14461/2/4
f 14462/2/4 14463/2/4 14464/2/4
f 14464/2/4 14463/2/4 14465/2/4
f 14466/2/4 14467/2/4 14468/2/4
f 14468/2/4 14467/2/4 14469/2/4
f 14470/2/4 14471/2/4 14472/2/4
f 14472/2/4 14471/2/4 14473/2/4
f 14474/2/4 14475/2/4 14476/2/4
f 14476/2/4 14475/2/4 14477/2/4
f 14477/2/4 14478/2/4 14479/2/4
f 14479/2/4 14478/2/4 14480/2/4
f 14481/2/4 14482/2/4 14484/2/4
f 14484/2/4 14482/2/4 14485/2/4
f 14483/2/4 14484/2/4 14486/2/4
f 14486/2/4 14484/2/4 14487/2/4
f 14488/2/4 14489/2/4 14490/2/4
f 14490/2/4 14489/2/4 14491/2/4
f 14491/2/4 14489/2/4 14492/2/4
f 14493/2/4 14494/2/4 14495/2/4
f 14495/2/4 14494/2/4 14496/2/4
f 14496/2/4 14497/2/4 14498/2/4
f 14498/2/4 14497/2/4 14499/2/4
f 14500/2/4 14501/2/4 14502/2/4
f 14502/2/4 14501/2/4 14503/2/4
f 14504/2/4 14505/2/4 14506/2/4
f 14506/2/4 14505/2/4 14507/2/4
f 14507/2/4 14505/2/4 14508/2/4
f 14509/2/4 14510/2/4 14511/2/4
f 14509/2/4 14511/2/4 14513/2/4
f 14511/2/4 14512/2/4 14513/2/4
f 14513/2/4 14512/2/4 14514/2/4
f 14514/2/4 14512/2/4 14515/2/4
f 14513/2/4 14514/2/4 14516/2/4
f 14516/2/4 14514/2/4 14517/2/4
f 14517/2/4 14518/2/4 14519/2/4
f 14519/2/4 14518/2/4 14520/2/4
f 14521/2/4 14522/2/4 14523/2/4
f 14523/2/4 14522/2/4 14524/2/4
f 14525/2/4 14526/2/4 14528/2/4
f 14528/2/4 14526/2/4 14529/2/4
f 14527/2/4 14528/2/4 14529/2/4
f 14529/2/4 14526/2/4 14530/2/4
f 14527/2/4 14529/2/4 14532/2/4
f 14532/2/4 14529/2/4 14533/2/4
f 14531/2/4 14532/2/4 14534/2/4
f 14534/2/4 14532/2/4 14535/2/4
f 14536/2/4 14537/2/4 14538/2/4
f 14538/2/4 14537/2/4 14539/2/4
f 14539/2/4 14537/2/4 14540/2/4
f 14540/2/4 14541/2/4 14542/2/4
f 14539/2/4 14540/2/4 14542/2/4
f 14539/2/4 14542/2/4 14545/2/4
f 14542/2/4 14543/2/4 14545/2/4
f 14544/2/4 14545/2/4 14546/2/4
f 14545/2/4 14543/2/4 14547/2/4
f 14546/2/4 14545/2/4 14547/2/4
f 14548/2/4 14549/2/4 14550/2/4
f 14550/2/4 14549/2/4 14551/2/4
f 14552/2/4 14553/2/4 14554/2/4
f 14554/2/4 14553/2/4 14555/2/4
f 14556/2/4 14557/2/4 14559/2/4
f 14557/2/4 14558/2/4 14559/2/4
f 14559/2/4 14558/2/4 14560/2/4
f 14560/2/4 14558/2/4 14561/2/4
f 14562/2/4 14563/2/4 14564/2/4
f 14564/2/4 14563/2/4 14565/2/4
f 14566/2/4 14567/2/4 14568/2/4
f 14568/2/4 14567/2/4 14569/2/4
f 14570/2/4 14571/2/4 14572/2/4
f 14572/2/4 14571/2/4 14573/2/4
f 14574/2/4 14575/2/4 14576/2/4
f 14576/2/4 14575/2/4 14577/2/4
f 14578/2/4 14579/2/4 14580/2/4
f 14580/2/4 14579/2/4 14581/2/4
f 14582/2/4 14583/2/4 14584/2/4
f 14584/2/4 14583/2/4 14585/2/4
f 14582/2/4 14584/2/4 14586/2/4
f 14586/2/4 14584/2/4 14587/2/4
f 14588/2/4 14589/2/4 14590/2/4
f 14590/2/4 14589/2/4 14591/2/4
f 14591/2/4 14589/2/4 14592/2/4
f 14592/2/4 14589/2/4 14593/2/4
f 14594/2/4 14595/2/4 14596/2/4
f 14596/2/4 14595/2/4 14597/2/4
f 14598/2/4 14599/2/4 14600/2/4
f 14600/2/4 14599/2/4 14601/2/4
f 14602/2/4 14603/2/4 14604/2/4
f 14604/2/4 14603/2/4 14605/2/4
f 14606/2/4 14607/2/4 14608/2/4
f 14608/2/4 14607/2/4 14609/2/4
f 14609/2/4 14610/2/4 14612/2/4
f 14612/2/4 14610/2/4 14613/2/4
f 14611/2/4 14612/2/4 14613/2/4
f 14613/2/4 14610/2/4 14614/2/4
f 14611/2/4 14613/2/4 14615/2/4
f 14615/2/4 14613/2/4 14616/2/4
f 14617/2/4 14618/2/4 14619/2/4
f 14619/2/4 14618/2/4 14620/2/4
f 14621/2/4 14622/2/4 14623/2/4
f 14623/2/4 14622/2/4 14624/2/4
f 14625/2/4 14626/2/4 14627/2/4
f 14627/2/4 14626/2/4 14628/2/4
f 14629/2/4 14630/2/4 14631/2/4
f 14631/2/4 14630/2/4 14632/2/4
f 14633/2/4 14634/2/4 14635/2/4
f 14635/2/4 14634/2/4 14636/2/4
f 14637/2/4 14638/2/4 14639/2/4
f 14639/2/4 14638/2/4 14640/2/4
f 14640/2/4 14638/2/4 14641/2/4
f 14642/2/4 14643/2/4 14644/2/4
f 14644/2/4 14643/2/4 14645/2/4
f 14645/2/4 14643/2/4 14646/2/4
f 14645/2/4 14646/2/4 14648/2/4
f 14646/2/4 14647/2/4 14648/2/4
f 14648/2/4 14647/2/4 14649/2/4
f 14645/2/4 14648/2/4 14651/2/4
f 14651/2/4 14648/2/4 14652/2/4
f 14650/2/4 14651/2/4 14652/2/4
f 14652/2/4 14648/2/4 14653/2/4
f 14650/2/4 14652/2/4 14654/2/4
f 14654/2/4 14652/2/4 14655/2/4
f 14656/2/4 14657/2/4 14658/2/4
f 14656/2/4 14658/2/4 14660/2/4
f 14658/2/4 14659/2/4 14660/2/4
f 14660/2/4 14659/2/4 14661/2/4
f 14662/2/4 14663/2/4 14664/2/4
f 14664/2/4 14663/2/4 14665/2/4
f 14666/2/4 14667/2/4 14668/2/4
f 14668/2/4 14667/2/4 14669/2/4
f 14670/2/4 14671/2/4 14672/2/4
f 14672/2/4 14671/2/4 14673/2/4
f 14674/2/4 14675/2/4 14676/2/4
f 14676/2/4 14675/2/4 14677/2/4
f 14678/2/4 14679/2/4 14681/2/4
f 14681/2/4 14679/2/4 14682/2/4
f 14680/2/4 14681/2/4 14683/2/4
f 14683/2/4 14681/2/4 14684/2/4
f 14685/2/4 14686/2/4 14687/2/4
f 14687/2/4 14686/2/4 14688/2/4
f 14689/2/4 14690/2/4 14692/2/4
f 14692/2/4 14690/2/4 14693/2/4
f 14691/2/4 14692/2/4 14694/2/4
f 14694/2/4 14692/2/4 14695/2/4
f 14696/2/4 14697/2/4 14698/2/4
f 14698/2/4 14697/2/4 14699/2/4
f 14699/2/4 14697/2/4 14700/2/4
f 14700/2/4 14697/2/4 14701/2/4
f 14699/2/4 14700/2/4 14703/2/4
f 14703/2/4 14700/2/4 14704/2/4
f 14702/2/4 14703/2/4 14705/2/4
f 14705/2/4 14703/2/4 14706/2/4
f 14707/2/4 14708/2/4 14709/2/4
f 14709/2/4 14708/2/4 14710/2/4
f 14710/2/4 14711/2/4 14713/2/4
f 14713/2/4 14711/2/4 14714/2/4
f 14712/2/4 14713/2/4 14715/2/4
f 14715/2/4 14713/2/4 14716/2/4
f 14717/2/4 14718/2/4 14719/2/4
f 14719/2/4 14718/2/4 14720/2/4
f 14724/1/5 14722/1/5 14721/1/5
f 14725/1/5 14722/1/5 14724/1/5
f 14728/1/5 14724/1/5 14723/1/5
f 14728/1/5 14726/1/5 14725/1/5
f 14728/1/5 14725/1/5 14724/1/5
f 14729/1/5 14726/1/5 14728/1/5
f 14732/1/5 14728/1/5 14727/1/5
f 14732/1/5 14730/1/5 14729/1/5
f 14732/1/5 14729/1/5 14728/1/5
f 14733/1/5 14730/1/5 14732/1/5
f 14736/1/5 14732/1/5 14731/1/5
f 14736/1/5 14734/1/5 14733/1/5
f 14736/1/5 14733/1/5 14732/1/5
f 14737/1/5 14734/1/5 14736/1/5
f 14740/1/5 14736/1/5 14735/1/5
f 14740/1/5 14738/1/5 14737/1/5
f 14740/1/5 14737/1/5 14736/1/5
f 14741/1/5 14738/1/5 14740/1/5
f 14741/1/5 14740/1/5 14739/1/5
f 14744/1/5 14741/1/5 14739/1/5
f 14744/1/5 14742/1/5 14741/1/5
f 14746/1/5 14744/1/5 14743/1/5
f 14747/1/5 14742/1/5 14744/1/5
f 14747/1/5 14746/1/5 14745/1/5
f 14747/1/5 14744/1/5 14746/1/5
f 14749/1/5 14747/1/5 14745/1/5
f 14749/1/5 14748/1/5 14747/1/5
f 14750/1/5 14748/1/5 14749/1/5
f 14751/1/5 14748/1/5 14750/1/5
f 14752/1/5 14748/1/5 14751/1/5
f 14753/1/5 14751/1/5 14750/1/5
f 14754/1/5 14751/1/5 14753/1/5
f 14755/1/5 14751/1/5 14754/1/5
f 14756/1/5 14751/1/5 14755/1/5
f 14757/1/5 14751/1/5 14756/1/5
f 14758/1/5 14751/1/5 14757/1/5
f 14759/1/5 14757/1/5 14756/1/5
f 14760/1/5 14757/1/5 14759/1/5
f 14761/1/5 14757/1/5 14760/1/5
f 14762/1/5 14757/1/5 14761/1/5
f 14763/1/5 14761/1/5 14760/1/5
f 14764/1/5 14761/1/5 14763/1/5
f 14765/1/5 14761/1/5 14764/1/5
f 14766/1/5 14761/1/5 14765/1/5
f 14767/1/5 14761/1/5 14766/1/5
f 14768/1/5 14761/1/5 14767/1/5
f 14769/1/5 14767/1/5 14766/1/5
f 14770/1/5 14767/1/5 14769/1/5
f 14771/1/5 14767/1/5 14770/1/5
f 14772/1/5 14767/1/5 14771/1/5
f 14773/1/5 14771/1/5 14770/1/5
f 14774/1/5 14771/1/5 14773/1/5
f 14775/1/5 14771/1/5 14774/1/5
f 14776/1/5 14771/1/5 14775/1/5
f 14777/1/5 14771/1/5 14776/1/5
f 14778/1/5 14771/1/5 14777/1/5
f 14779/1/5 14777/1/5 14776/1/5
f 14780/1/5 14777/1/5 14779/1/5
f 14781/1/5 14779/1/5 14776/1/5
f 14782/1/5 14779/1/5 14781/1/5
f 14785/1/5 14784/1/5 14783/1/5
f 14786/1/5 14784/1/5 14785/1/5
f 14791/1/5 14788/1/5 14787/1/5
f 14792/1/5 14788/1/5 14791/1/5
f 14793/1/5 14790/1/5 14789/1/5
f 14794/1/5 14790/1/5 14793/1/5
f 14797/1/5 14796/1/5 14795/1/5
f 14798/1/5 14796/1/5 14797/1/5
f 14801/1/5 14800/1/5 14799/1/5
f 14802/1/5 14800/1/5 14801/1/5
f 14805/1/5 14804/1/5 14803/1/5
f 14806/1/5 14804/1/5 14805/1/5
f 14808/1/5 14807/1/5 14806/1/5
f 14809/1/5 14807/1/5 14808/1/5
f 14812/1/5 14811/1/5 14810/1/5
f 14813/1/5 14811/1/5 14812/1/5
f 14818/1/5 14817/1/5 14816/1/5
f 14819/1/5 14817/1/5 14818/1/5
f 14820/1/5 14815/1/5 14814/1/5
f 14821/1/5 14815/1/5 14820/1/5
f 14824/1/5 14823/1/5 14822/1/5
f 14825/1/5 14823/1/5 14824/1/5
f 14828/1/5 14827/1/5 14826/1/5
f 14829/1/5 14827/1/5 14828/1/5
f 14832/1/5 14831/1/5 14830/1/5
f 14833/1/5 14831/1/5 14832/1/5
f 14838/1/5 14835/1/5 14834/1/5
f 14839/1/5 14835/1/5 14838/1/5
f 14840/1/5 14837/1/5 14836/1/5
f 14841/1/5 14837/1/5 14840/1/5
f 14844/1/5 14843/1/5 14842/1/5
f 14845/1/5 14843/1/5 14844/1/5
f 14848/1/5 14847/1/5 14846/1/5
f 14849/1/5 14847/1/5 14848/1/5
f 14852/1/5 14851/1/5 14850/1/5
f 14853/1/5 14851/1/5 14852/1/5
f 14858/1/5 14857/1/5 14856/1/5
f 14859/1/5 14857/1/5 14858/1/5
f 14861/1/5 14855/1/5 14854/1/5
f 14862/1/5 14855/1/5 14861/1/5
f 14863/1/5 14861/1/5 14860/1/5
f 14864/1/5 14861/1/5 14863/1/5
f 14867/1/5 14866/1/5 14865/1/5
f 14868/1/5 14866/1/5 14867/1/5
f 14871/1/5 14870/1/5 14869/1/5
f 14872/1/5 14870/1/5 14871/1/5
f 14878/1/5 14874/1/5 14873/1/5
f 14879/1/5 14876/1/5 14875/1/5
f 14880/1/5 14876/1/5 14879/1/5
f 14882/1/5 14878/1/5 14877/1/5
f 14883/1/5 14874/1/5 14878/1/5
f 14883/1/5 14878/1/5 14882/1/5
f 14884/1/5 14874/1/5 14883/1/5
f 14885/1/5 14882/1/5 14881/1/5
f 14885/1/5 14883/1/5 14882/1/5
f 14886/1/5 14883/1/5 14885/1/5
f 14889/1/5 14888/1/5 14887/1/5
f 14890/1/5 14888/1/5 14889/1/5
f 14893/1/5 14892/1/5 14891/1/5
f 14894/1/5 14892/1/5 14893/1/5
f 14897/1/5 14896/1/5 14895/1/5
f 14898/1/5 14896/1/5 14897/1/5
f 14901/1/5 14900/1/5 14899/1/5
f 14902/1/5 14900/1/5 14901/1/5
f 14905/1/5 14904/1/5 14903/1/5
f 14906/1/5 14904/1/5 14905/1/5
f 14911/1/5 14908/1/5 14907/1/5
f 14912/1/5 14908/1/5 14911/1/5
f 14913/1/5 14910/1/5 14909/1/5
f 14914/1/5 14910/1/5 14913/1/5
f 14917/1/5 14916/1/5 14915/1/5
f 14918/1/5 14916/1/5 14917/1/5
f 14921/1/5 14920/1/5 14919/1/5
f 14922/1/5 14920/1/5 14921/1/5
f 14925/1/5 14924/1/5 14923/1/5
f 14926/1/5 14924/1/5 14925/1/5
f 14931/1/5 14928/1/5 14927/1/5
f 14932/1/5 14928/1/5 14931/1/5
f 14936/1/5 14930/1/5 14929/1/5
f 14937/1/5 14930/1/5 14936/1/5
f 14938/1/5 14934/1/5 14933/1/5
f 14939/1/5 14934/1/5 14938/1/5
f 14940/1/5 14936/1/5 14935/1/5
f 14941/1/5 14936/1/5 14940/1/5
f 14944/1/5 14943/1/5 14942/1/5
f 14945/1/5 14943/1/5 14944/1/5
f 14948/1/5 14947/1/5 14946/1/5
f 14949/1/5 14947/1/5 14948/1/5
f 14952/1/5 14951/1/5 14950/1/5
f 14953/1/5 14951/1/5 14952/1/5
f 14956/1/5 14955/1/5 14954/1/5
f 14957/1/5 14955/1/5 14956/1/5
f 14962/1/5 14959/1/5 14958/1/5
f 14963/1/5 14959/1/5 14962/1/5
f 14964/1/5 14961/1/5 14960/1/5
f 14965/1/5 14961/1/5 14964/1/5
f 14968/1/5 14967/1/5 14966/1/5
f 14969/1/5 14967/1/5 14968/1/5
f 14974/1/5 14971/1/5 14970/1/5
f 14975/1/5 14971/1/5 14974/1/5
f 14976/1/5 14973/1/5 14972/1/5
f 14977/1/5 14973/1/5 14976/1/5
f 14980/1/5 14979/1/5 14978/1/5
f 14981/1/5 14979/1/5 14980/1/5
f 14984/1/5 14983/1/5 14982/1/5
f 14985/1/5 14983/1/5 14984/1/5
f 14988/1/5 14987/1/5 14986/1/5
f 14989/1/5 14987/1/5 14988/1/5
f 14992/1/5 14991/1/5 14990/1/5
f 14993/1/5 14991/1/5 14992/1/5
f 14996/2/5 14995/2/5 14994/2/5
f 14997/2/5 14995/2/5 14996/2/5
f 15000/1/5 14999/1/5 14998/1/5
f 15001/1/5 14999/1/5 15000/1/5
f 15004/2/5 15003/2/5 15002/2/5
f 15007/2/5 15004/2/5 15002/2/5
f 15007/2/5 15006/2/5 15005/2/5
f 15007/2/5 15005/2/5 15004/2/5
f 15008/2/5 15006/2/5 15007/2/5
f 15009/2/5 15006/2/5 15008/2/5
f 15010/2/5 15006/2/5 15009/2/5
f 15011/2/5 15009/2/5 15008/2/5
f 15012/2/5 15009/2/5 15011/2/5
f 15017/2/5 15014/2/5 15013/2/5
f 15018/2/5 15016/2/5 15015/2/5
f 15019/2/5 15016/2/5 15018/2/5
f 15020/2/5 15017/2/5 15013/2/5
f 15020/2/5 15018/2/5 15017/2/5
f 15021/2/5 15018/2/5 15020/2/5
f 15022/2/5 15018/2/5 15021/2/5
f 15024/2/5 15023/2/5 15022/2/5
f 15024/2/5 15022/2/5 15021/2/5
f 15025/2/5 15023/2/5 15024/2/5
f 15028/1/5 15027/1/5 15026/1/5
f 15029/1/5 15027/1/5 15028/1/5
f 15032/1/5 15031/1/5 15030/1/5
f 15033/1/5 15031/1/5 15032/1/5
f 15036/1/5 15035/1/5 15034/1/5
f 15037/1/5 15035/1/5 15036/1/5
f 15040/1/5 15039/1/5 15038/1/5
f 15041/1/5 15039/1/5 15040/1/5
f 15045/2/5 15043/2/5 15042/2/5
f 15046/2/5 15043/2/5 15045/2/5
f 15048/2/5 15045/2/5 15044/2/5
f 15048/2/5 15047/2/5 15046/2/5
f 15048/2/5 15046/2/5 15045/2/5
f 15050/2/5 15048/2/5 15044/2/5
f 15050/2/5 15049/2/5 15048/2/5
f 15051/2/5 15049/2/5 15050/2/5
f 15052/2/5 15049/2/5 15051/2/5
f 15054/2/5 15053/2/5 15052/2/5
f 15054/2/5 15052/2/5 15051/2/5
f 15055/2/5 15053/2/5 15054/2/5
f 15056/2/5 15053/2/5 15055/2/5
f 15057/2/5 15053/2/5 15056/2/5
f 15058/2/5 15056/2/5 15055/2/5
f 15059/2/5 15056/2/5 15058/2/5
f 15062/1/5 15061/1/5 15060/1/5
f 15063/1/5 15061/1/5 15062/1/5
f 15068/1/5 15065/1/5 15064/1/5
f 15069/1/5 15065/1/5 15068/1/5
f 15070/1/5 15067/1/5 15066/1/5
f 15071/1/5 15067/1/5 15070/1/5
f 15074/1/5 15073/1/5 15072/1/5
f 15075/1/5 15073/1/5 15074/1/5
f 15080/1/5 15077/1/5 15076/1/5
f 15081/1/5 15077/1/5 15080/1/5
f 15082/1/5 15079/1/5 15078/1/5
f 15083/1/5 15079/1/5 15082/1/5
f 15086/2/5 15085/2/5 15084/2/5
f 15087/2/5 15085/2/5 15086/2/5
f 15092/2/5 15089/2/5 15088/2/5
f 15093/2/5 15089/2/5 15092/2/5
f 15095/2/5 15094/2/5 15093/2/5
f 15096/2/5 15094/2/5 15095/2/5
f 15097/2/5 15091/2/5 15090/2/5
f 15098/2/5 15091/2/5 15097/2/5
f 15101/2/5 15100/2/5 15099/2/5
f 15102/2/5 15100/2/5 15101/2/5
f 15103/2/5 15100/2/5 15102/2/5
f 15106/1/5 15105/1/5 15104/1/5
f 15107/1/5 15105/1/5 15106/1/5
f 15110/1/5 15109/1/5 15108/1/5
f 15111/1/5 15109/1/5 15110/1/5
f 15114/1/5 15113/1/5 15112/1/5
f 15115/1/5 15113/1/5 15114/1/5
f 15118/1/5 15117/1/5 15116/1/5
f 15119/1/5 15117/1/5 15118/1/5
f 15122/1/5 15121/1/5 15120/1/5
f 15123/1/5 15121/1/5 15122/1/5
f 15126/2/5 15125/2/5 15124/2/5
f 15127/2/5 15125/2/5 15126/2/5
f 15130/1/5 15129/1/5 15128/1/5
f 15131/1/5 15129/1/5 15130/1/5
f 15136/2/5 15133/2/5 15132/2/5
f 15136/2/5 15135/2/5 15134/2/5
f 15136/2/5 15134/2/5 15133/2/5
f 15137/2/5 15135/2/5 15136/2/5
f 15142/2/5 15141/2/5 15140/2/5
f 15143/2/5 15141/2/5 15142/2/5
f 15144/2/5 15139/2/5 15138/2/5
f 15145/2/5 15139/2/5 15144/2/5
f 15146/2/5 15139/2/5 15145/2/5
f 15147/2/5 15145/2/5 15144/2/5
f 15148/2/5 15145/2/5 15147/2/5
f 15152/2/5 15150/2/5 15149/2/5
f 15153/2/5 15150/2/5 15152/2/5
f 15155/2/5 15152/2/5 15151/2/5
f 15155/2/5 15154/2/5 15153/2/5
f 15155/2/5 15153/2/5 15152/2/5
f 15156/2/5 15154/2/5 15155/2/5
f 15157/2/5 15154/2/5 15156/2/5
f 15158/2/5 15154/2/5 15157/2/5
f 15159/2/5 15157/2/5 15156/2/5
f 15160/2/5 15157/2/5 15159/2/5
f 15163/2/5 15162/2/5 15161/2/5
f 15164/2/5 15162/2/5 15163/2/5
f 15165/2/5 15162/2/5 15164/2/5
f 15166/2/5 15162/2/5 15165/2/5
f 15169/2/5 15168/2/5 15167/2/5
f 15172/2/5 15169/2/5 15167/2/5
f 15172/2/5 15170/2/5 15169/2/5
f 15173/2/5 15170/2/5 15172/2/5
f 15175/2/5 15172/2/5 15171/2/5
f 15176/2/5 15172/2/5 15175/2/5
f 15177/2/5 15174/2/5 15173/2/5
f 15178/2/5 15174/2/5 15177/2/5
f 15182/2/5 15180/2/5 15179/2/5
f 15183/2/5 15180/2/5 15182/2/5
f 15188/2/5 15184/2/5 15183/2/5
f 15188/2/5 15182/2/5 15181/2/5
f 15188/2/5 15183/2/5 15182/2/5
f 15189/2/5 15184/2/5 15188/2/5
f 15190/2/5 15184/2/5 15189/2/5
f 15191/2/5 15186/2/5 15185/2/5
f 15192/2/5 15186/2/5 15191/2/5
f 15194/2/5 15188/2/5 15187/2/5
f 15194/2/5 15189/2/5 15188/2/5
f 15195/2/5 15189/2/5 15194/2/5
f 15196/2/5 15189/2/5 15195/2/5
f 15198/2/5 15193/2/5 15192/2/5
f 15199/2/5 15193/2/5 15198/2/5
f 15200/2/5 15193/2/5 15199/2/5
f 15202/2/5 15201/2/5 15200/2/5
f 15202/2/5 15200/2/5 15199/2/5
f 15203/2/5 15201/2/5 15202/2/5
f 15206/2/5 15197/2/5 15196/2/5
f 15206/2/5 15196/2/5 15195/2/5
f 15207/2/5 15197/2/5 15206/2/5
f 15208/2/5 15197/2/5 15207/2/5
f 15209/2/5 15197/2/5 15208/2/5
f 15210/2/5 15205/2/5 15204/2/5
f 15211/2/5 15205/2/5 15210/2/5
f 15213/2/5 15208/2/5 15207/2/5
f 15214/2/5 15208/2/5 15213/2/5
f 15215/2/5 15212/2/5 15211/2/5
f 15216/2/5 15212/2/5 15215/2/5
f 15217/2/5 15213/2/5 15207/2/5
f 15218/2/5 15213/2/5 15217/2/5
f 15223/1/5 15220/1/5 15219/1/5
f 15224/1/5 15220/1/5 15223/1/5
f 15226/1/5 15222/1/5 15221/1/5
f 15227/1/5 15222/1/5 15226/1/5
f 15228/1/5 15225/1/5 15224/1/5
f 15229/1/5 15225/1/5 15228/1/5
f 15232/2/5 15231/2/5 15230/2/5
f 15233/2/5 15231/2/5 15232/2/5
f 15236/1/5 15235/1/5 15234/1/5
f 15237/1/5 15235/1/5 15236/1/5
f 15240/2/5 15239/2/5 15238/2/5
f 15241/2/5 15239/2/5 15240/2/5
f 15246/2/5 15243/2/5 15242/2/5
f 15247/2/5 15243/2/5 15246/2/5
f 15248/2/5 15245/2/5 15244/2/5
f 15249/2/5 15245/2/5 15248/2/5
f 15250/2/5 15248/2/5 15247/2/5
f 15251/2/5 15248/2/5 15250/2/5
f 15252/2/5 15248/2/5 15251/2/5
f 15253/2/5 15248/2/5 15252/2/5
f 15256/2/5 15255/2/5 15254/2/5
f 15257/2/5 15255/2/5 15256/2/5
f 15260/2/5 15259/2/5 15258/2/5
f 15261/2/5 15259/2/5 15260/2/5
f 15264/2/5 15263/2/5 15262/2/5
f 15265/2/5 15263/2/5 15264/2/5
f 15268/1/5 15267/1/5 15266/1/5
f 15269/1/5 15267/1/5 15268/1/5
f 15273/2/5 15271/2/5 15270/2/5
f 15274/2/5 15271/2/5 15273/2/5
f 15275/2/5 15271/2/5 15274/2/5
f 15276/2/5 15271/2/5 15275/2/5
f 15278/2/5 15273/2/5 15272/2/5
f 15278/2/5 15274/2/5 15273/2/5
f 15279/2/5 15274/2/5 15278/2/5
f 15280/2/5 15277/2/5 15276/2/5
f 15280/2/5 15276/2/5 15275/2/5
f 15281/2/5 15277/2/5 15280/2/5
f 15287/2/5 15285/2/5 15284/2/5
f 15288/2/5 15285/2/5 15287/2/5
f 15290/2/5 15283/2/5 15282/2/5
f 15292/2/5 15289/2/5 15288/2/5
f 15292/2/5 15287/2/5 15286/2/5
f 15292/2/5 15288/2/5 15287/2/5
f 15293/2/5 15289/2/5 15292/2/5
f 15294/2/5 15289/2/5 15293/2/5
f 15295/2/5 15289/2/5 15294/2/5
f 15296/2/5 15291/2/5 15290/2/5
f 15296/2/5 15290/2/5 15282/2/5
f 15297/2/5 15291/2/5 15296/2/5
f 15298/2/5 15294/2/5 15293/2/5
f 15299/2/5 15294/2/5 15298/2/5
f 15300/2/5 15291/2/5 15297/2/5
f 15301/2/5 15291/2/5 15300/2/5
f 15306/1/5 15303/1/5 15302/1/5
f 15307/1/5 15303/1/5 15306/1/5
f 15310/1/5 15305/1/5 15304/1/5
f 15311/1/5 15305/1/5 15310/1/5
f 15312/2/5 15309/2/5 15308/2/5
f 15314/1/5 15310/1/5 15304/1/5
f 15315/1/5 15310/1/5 15314/1/5
f 15316/2/5 15312/2/5 15308/2/5
f 15317/2/5 15316/2/5 15308/2/5
f 15318/2/5 15316/2/5 15317/2/5
f 15319/1/5 15314/1/5 15313/1/5
f 15321/1/5 15319/1/5 15313/1/5
f 15321/1/5 15320/1/5 15319/1/5
f 15322/1/5 15320/1/5 15321/1/5
f 15323/1/5 15320/1/5 15322/1/5
f 15324/1/5 15320/1/5 15323/1/5
f 15326/1/5 15325/1/5 15324/1/5
f 15327/1/5 15325/1/5 15326/1/5
f 15330/2/5 15329/2/5 15328/2/5
f 15332/2/5 15330/2/5 15328/2/5
f 15332/2/5 15331/2/5 15330/2/5
f 15333/2/5 15331/2/5 15332/2/5
f 15334/2/5 15332/2/5 15328/2/5
f 15335/2/5 15332/2/5 15334/2/5
f 15340/2/5 15337/2/5 15336/2/5
f 15341/2/5 15337/2/5 15340/2/5
f 15342/2/5 15337/2/5 15341/2/5
f 15343/2/5 15339/2/5 15338/2/5
f 15344/2/5 15339/2/5 15343/2/5
f 15345/2/5 15339/2/5 15344/2/5
f 15346/2/5 15342/2/5 15341/2/5
f 15346/2/5 15344/2/5 15343/2/5
f 15346/2/5 15343/2/5 15342/2/5
f 15347/2/5 15344/2/5 15346/2/5
f 15350/1/5 15349/1/5 15348/1/5
f 15351/1/5 15349/1/5 15350/1/5
f 15354/1/5 15353/1/5 15352/1/5
f 15355/1/5 15353/1/5 15354/1/5
f 15359/1/5 15357/1/5 15356/1/5
f 15360/1/5 15357/1/5 15359/1/5
f 15361/1/5 15359/1/5 15358/1/5
f 15362/1/5 15359/1/5 15361/1/5
f 15365/2/5 15364/2/5 15363/2/5
f 15366/2/5 15364/2/5 15365/2/5
f 15369/2/5 15368/2/5 15367/2/5
f 15370/2/5 15368/2/5 15369/2/5
f 15373/2/5 15372/2/5 15371/2/5
f 15374/2/5 15372/2/5 15373/2/5
f 15376/2/5 15375/2/5 15374/2/5
f 15377/2/5 15375/2/5 15376/2/5
f 15379/2/5 15375/2/5 15377/2/5
f 15382/2/5 15379/2/5 15378/2/5
f 15383/2/5 15375/2/5 15379/2/5
f 15383/2/5 15379/2/5 15382/2/5
f 15384/2/5 15375/2/5 15383/2/5
f 15385/2/5 15381/2/5 15380/2/5
f 15386/2/5 15381/2/5 15385/2/5
f 15387/2/5 15381/2/5 15386/2/5
f 15391/2/5 15389/2/5 15388/2/5
f 15392/2/5 15389/2/5 15391/2/5
f 15396/2/5 15391/2/5 15390/2/5
f 15396/2/5 15392/2/5 15391/2/5
f 15396/2/5 15393/2/5 15392/2/5
f 15397/2/5 15393/2/5 15396/2/5
f 15398/2/5 15393/2/5 15397/2/5
f 15403/2/5 15395/2/5 15394/2/5
f 15404/2/5 15395/2/5 15403/2/5
f 15405/2/5 15399/2/5 15398/2/5
f 15405/2/5 15398/2/5 15397/2/5
f 15406/2/5 15399/2/5 15405/2/5
f 15407/2/5 15399/2/5 15406/2/5
f 15409/2/5 15401/2/5 15400/2/5
f 15410/2/5 15401/2/5 15409/2/5
f 15411/2/5 15401/2/5 15410/2/5
f 15412/2/5 15403/2/5 15402/2/5
f 15413/2/5 15403/2/5 15412/2/5
f 15414/2/5 15408/2/5 15407/2/5
f 15414/2/5 15407/2/5 15406/2/5
f 15415/2/5 15408/2/5 15414/2/5
f 15416/2/5 15408/2/5 15415/2/5
f 15417/2/5 15408/2/5 15416/2/5
f 15418/2/5 15412/2/5 15411/2/5
f 15418/2/5 15411/2/5 15410/2/5
f 15419/2/5 15412/2/5 15418/2/5
f 15420/2/5 15416/2/5 15415/2/5
f 15421/2/5 15416/2/5 15420/2/5
f 15424/2/5 15423/2/5 15422/2/5
f 15425/2/5 15423/2/5 15424/2/5
f 15427/2/5 15424/2/5 15422/2/5
f 15428/2/5 15427/2/5 15426/2/5
f 15429/2/5 15424/2/5 15427/2/5
f 15429/2/5 15427/2/5 15428/2/5
f 15430/2/5 15424/2/5 15429/2/5
f 15431/2/5 15424/2/5 15430/2/5
f 15434/2/5 15428/2/5 15426/2/5
f 15435/2/5 15428/2/5 15434/2/5
f 15436/2/5 15430/2/5 15429/2/5
f 15437/2/5 15430/2/5 15436/2/5
f 15438/2/5 15433/2/5 15432/2/5
f 15439/2/5 15433/2/5 15438/2/5
f 15445/1/5 15442/1/5 15441/1/5
f 15446/1/5 15442/1/5 15445/1/5
f 15447/2/5 15444/2/5 15443/2/5
f 15448/2/5 15444/2/5 15447/2/5
f 15449/2/5 15440/2/5 15439/2/5
f 15450/2/5 15440/2/5 15449/2/5
f 15452/2/5 15449/2/5 15439/2/5
f 15453/2/5 15449/2/5 15452/2/5
f 15454/2/5 15452/2/5 15451/2/5
f 15455/2/5 15452/2/5 15454/2/5
f 15459/2/5 15457/2/5 15456/2/5
f 15460/1/5 15458/1/5 15457/1/5
f 15460/2/5 15457/2/5 15459/2/5
f 15461/1/5 15458/1/5 15460/1/5
f 15466/1/5 15463/1/5 15462/1/5
f 15467/1/5 15463/1/5 15466/1/5
f 15469/2/5 15465/2/5 15464/2/5
f 15469/2/5 15466/2/5 15465/2/5
f 15470/2/5 15466/2/5 15469/2/5
f 15470/2/5 15469/2/5 15468/2/5
f 15471/2/5 15466/2/5 15470/2/5
f 15473/2/5 15470/2/5 15468/2/5
f 15474/2/5 15473/2/5 15472/2/5
f 15475/2/5 15470/2/5 15473/2/5
f 15475/2/5 15473/2/5 15474/2/5
f 15479/2/5 15477/2/5 15476/2/5
f 15481/2/5 15479/2/5 15478/2/5
f 15482/2/5 15477/2/5 15479/2/5
f 15482/2/5 15479/2/5 15481/2/5
f 15483/2/5 15481/2/5 15480/2/5
f 15484/2/5 15481/2/5 15483/2/5
f 15485/2/5 15477/2/5 15482/2/5
f 15486/2/5 15477/2/5 15485/2/5
f 15489/2/5 15488/2/5 15487/2/5
f 15491/2/5 15489/2/5 15487/2/5
f 15491/2/5 15490/2/5 15489/2/5
f 15492/2/5 15490/2/5 15491/2/5
f 15493/2/5 15490/2/5 15492/2/5
f 15496/2/5 15495/2/5 15494/2/5
f 15497/2/5 15495/2/5 15496/2/5
f 15500/2/5 15499/2/5 15498/2/5
f 15501/2/5 15499/2/5 15500/2/5
f 15508/2/5 15503/2/5 15502/2/5
f 15508/2/5 15504/2/5 15503/2/5
f 15509/2/5 15504/2/5 15508/2/5
f 15510/2/5 15504/2/5 15509/2/5
f 15512/2/5 15506/2/5 15505/2/5
f 15513/2/5 15506/2/5 15512/2/5
f 15515/2/5 15508/2/5 15507/2/5
f 15515/2/5 15509/2/5 15508/2/5
f 15516/2/5 15509/2/5 15515/2/5
f 15517/2/5 15511/2/5 15510/2/5
f 15518/2/5 15511/2/5 15517/2/5
f 15520/2/5 15514/2/5 15513/2/5
f 15521/2/5 15514/2/5 15520/2/5
f 15525/2/5 15520/2/5 15519/2/5
f 15526/2/5 15520/2/5 15525/2/5
f 15527/2/5 15523/2/5 15522/2/5
f 15528/2/5 15523/2/5 15527/2/5
f 15529/2/5 15523/2/5 15528/2/5
f 15532/2/5 15525/2/5 15524/2/5
f 15533/2/5 15525/2/5 15532/2/5
f 15535/2/5 15530/2/5 15529/2/5
f 15535/2/5 15529/2/5 15528/2/5
f 15536/2/5 15530/2/5 15535/2/5
f 15537/2/5 15530/2/5 15536/2/5
f 15539/2/5 15534/2/5 15533/2/5
f 15539/2/5 15533/2/5 15532/2/5
f 15539/2/5 15532/2/5 15531/2/5
f 15540/2/5 15534/2/5 15539/2/5
f 15541/2/5 15538/2/5 15537/2/5
f 15541/2/5 15537/2/5 15536/2/5
f 15542/2/5 15538/2/5 15541/2/5
f 15543/2/5 15534/2/5 15540/2/5
f 15544/2/5 15534/2/5 15543/2/5
f 15545/2/5 15538/2/5 15542/2/5
f 15546/2/5 15538/2/5 15545/2/5
f 15552/2/5 15548/2/5 15547/2/5
f 15553/2/5 15550/2/5 15549/2/5
f 15556/2/5 15552/2/5 15551/2/5
f 15557/2/5 15548/2/5 15552/2/5
f 15557/2/5 15552/2/5 15556/2/5
f 15558/2/5 15548/2/5 15557/2/5
f 15559/2/5 15554/2/5 15553/2/5
f 15559/2/5 15553/2/5 15549/2/5
f 15560/2/5 15554/2/5 15559/2/5
f 15561/2/5 15556/2/5 15555/2/5
f 15561/2/5 15557/2/5 15556/2/5
f 15562/2/5 15557/2/5 15561/2/5
f 15563/2/5 15557/2/5 15562/2/5
f 15564/2/5 15557/2/5 15563/2/5
f 15566/2/5 15554/2/5 15560/2/5
f 15567/2/5 15563/2/5 15562/2/5
f 15568/2/5 15567/2/5 15562/2/5
f 15569/2/5 15567/2/5 15568/2/5
f 15570/2/5 15566/2/5 15565/2/5
f 15570/2/5 15554/2/5 15566/2/5
f 15571/2/5 15554/2/5 15570/2/5
f 15574/2/5 15570/2/5 15565/2/5
f 15575/2/5 15570/2/5 15574/2/5
f 15578/2/5 15573/2/5 15572/2/5
f 15581/2/5 15577/2/5 15576/2/5
f 15582/2/5 15579/2/5 15578/2/5
f 15582/2/5 15578/2/5 15572/2/5
f 15583/2/5 15579/2/5 15582/2/5
f 15586/2/5 15581/2/5 15580/2/5
f 15587/2/5 15577/2/5 15581/2/5
f 15587/2/5 15581/2/5 15586/2/5
f 15588/2/5 15582/2/5 15572/2/5
f 15589/2/5 15582/2/5 15588/2/5
f 15591/1/5 15585/1/5 15584/1/5
f 15592/1/5 15585/1/5 15591/1/5
f 15593/1/5 15591/1/5 15590/1/5
f 15594/1/5 15591/1/5 15593/1/5
f 15598/2/5 15596/2/5 15595/2/5
f 15599/2/5 15596/2/5 15598/2/5
f 15601/2/5 15598/2/5 15597/2/5
f 15601/2/5 15600/2/5 15599/2/5
f 15601/2/5 15599/2/5 15598/2/5
f 15602/2/5 15600/2/5 15601/2/5
f 15604/2/5 15601/2/5 15597/2/5
f 15605/2/5 15601/2/5 15604/2/5
f 15606/2/5 15601/2/5 15605/2/5
f 15608/2/5 15604/2/5 15603/2/5
f 15608/2/5 15605/2/5 15604/2/5
f 15609/2/5 15605/2/5 15608/2/5
f 15610/2/5 15605/2/5 15609/2/5
f 15611/2/5 15608/2/5 15607/2/5
f 15611/2/5 15609/2/5 15608/2/5
f 15612/2/5 15609/2/5 15611/2/5
f 15613/2/5 15609/2/5 15612/2/5
f 15616/2/5 15615/2/5 15614/2/5
f 15617/2/5 15615/2/5 15616/2/5
f 15618/2/5 15615/2/5 15617/2/5
f 15620/2/5 15619/2/5 15618/2/5
f 15621/2/5 15619/2/5 15620/2/5
f 15624/1/5 15623/1/5 15622/1/5
f 15625/1/5 15623/1/5 15624/1/5
f 15628/2/5 15627/2/5 15626/2/5
f 15629/2/5 15627/2/5 15628/2/5
f 15630/2/5 15628/2/5 15626/2/5
f 15631/2/5 15628/2/5 15630/2/5
f 15632/2/5 15627/2/5 15629/2/5
f 15633/2/5 15627/2/5 15632/2/5
f 15634/2/5 15630/2/5 15626/2/5
f 15635/2/5 15630/2/5 15634/2/5
f 15636/2/5 15627/2/5 15633/2/5
f 15637/2/5 15627/2/5 15636/2/5
f 15638/2/5 15627/2/5 15637/2/5
f 15640/2/5 15639/2/5 15638/2/5
f 15640/2/5 15638/2/5 15637/2/5
f 15641/2/5 15639/2/5 15640/2/5
f 15644/2/5 15643/2/5 15642/2/5
f 15645/2/5 15643/2/5 15644/2/5
f 15649/2/5 15647/2/5 15646/2/5
f 15649/2/5 15648/2/5 15647/2/5
f 15650/2/5 15648/2/5 15649/2/5
f 15653/2/5 15649/2/5 15646/2/5
f 15654/2/5 15649/2/5 15653/2/5
f 15655/2/5 15652/2/5 15651/2/5
f 15656/2/5 15652/2/5 15655/2/5
f 15661/2/5 15658/2/5 15657/2/5
f 15662/2/5 15658/2/5 15661/2/5
f 15663/2/5 15660/2/5 15659/2/5
f 15664/2/5 15660/2/5 15663/2/5
f 15669/2/5 15666/2/5 15665/2/5
f 15670/2/5 15666/2/5 15669/2/5
f 15674/2/5 15668/2/5 15667/2/5
f 15675/2/5 15668/2/5 15674/2/5
f 15677/2/5 15674/2/5 15673/2/5
f 15679/2/5 15672/2/5 15671/2/5
f 15681/2/5 15677/2/5 15676/2/5
f 15682/2/5 15674/2/5 15677/2/5
f 15682/2/5 15677/2/5 15681/2/5
f 15683/2/5 15679/2/5 15678/2/5
f 15684/2/5 15672/2/5 15679/2/5
f 15684/2/5 15679/2/5 15683/2/5
f 15686/2/5 15681/2/5 15680/2/5
f 15687/2/5 15681/2/5 15686/2/5
f 15688/1/5 15685/1/5 15684/1/5
f 15689/1/5 15685/1/5 15688/1/5
f 15692/2/5 15691/2/5 15690/2/5
f 15693/2/5 15691/2/5 15692/2/5
f 15700/2/5 15697/2/5 15696/2/5
f 15701/2/5 15697/2/5 15700/2/5
f 15703/2/5 15699/2/5 15698/2/5
f 15704/2/5 15699/2/5 15703/2/5
f 15708/2/5 15695/2/5 15694/2/5
f 15709/2/5 15695/2/5 15708/2/5
f 15710/2/5 15705/2/5 15704/2/5
f 15710/2/5 15703/2/5 15702/2/5
f 15710/2/5 15704/2/5 15703/2/5
f 15711/2/5 15707/2/5 15706/2/5
f 15715/2/5 15695/2/5 15709/2/5
f 15716/2/5 15695/2/5 15715/2/5
f 15717/2/5 15705/2/5 15710/2/5
f 15718/2/5 15705/2/5 15717/2/5
f 15719/2/5 15711/2/5 15706/2/5
f 15719/2/5 15712/2/5 15711/2/5
f 15720/2/5 15712/2/5 15719/2/5
f 15721/2/5 15712/2/5 15720/2/5
f 15724/2/5 15714/2/5 15713/2/5
f 15725/2/5 15714/2/5 15724/2/5
f 15726/2/5 15705/2/5 15718/2/5
f 15727/2/5 15705/2/5 15726/2/5
f 15728/2/5 15722/2/5 15721/2/5
f 15728/2/5 15721/2/5 15720/2/5
f 15729/2/5 15722/2/5 15728/2/5
f 15730/2/5 15705/2/5 15727/2/5
f 15731/2/5 15705/2/5 15730/2/5
f 15732/2/5 15722/2/5 15729/2/5
f 15733/2/5 15722/2/5 15732/2/5
f 15734/2/5 15722/2/5 15733/2/5
f 15735/2/5 15722/2/5 15734/2/5
f 15737/2/5 15724/2/5 15723/2/5
f 15738/2/5 15734/2/5 15733/2/5
f 15739/2/5 15734/2/5 15738/2/5
f 15742/2/5 15737/2/5 15736/2/5
f 15743/2/5 15724/2/5 15737/2/5
f 15743/2/5 15737/2/5 15742/2/5
f 15744/2/5 15741/2/5 15740/2/5
f 15745/2/5 15741/2/5 15744/2/5
f 15748/2/5 15747/2/5 15746/2/5
f 15749/2/5 15747/2/5 15748/2/5
f 15752/2/5 15751/2/5 15750/2/5
f 15753/2/5 15751/2/5 15752/2/5
f 15756/2/5 15755/2/5 15754/2/5
f 15757/2/5 15755/2/5 15756/2/5
f 15760/2/5 15759/2/5 15758/2/5
f 15761/2/5 15759/2/5 15760/2/5
f 15762/2/5 15759/2/5 15761/2/5
f 15766/2/5 15762/2/5 15761/2/5
f 15766/2/5 15763/2/5 15762/2/5
f 15769/2/5 15765/2/5 15764/2/5
f 15770/2/5 15767/2/5 15766/2/5
f 15771/2/5 15769/2/5 15768/2/5
f 15772/2/5 15770/2/5 15766/2/5
f 15772/2/5 15771/2/5 15770/2/5
f 15772/2/5 15766/2/5 15761/2/5
f 15773/2/5 15769/2/5 15771/2/5
f 15773/2/5 15771/2/5 15772/2/5
f 15773/2/5 15765/2/5 15769/2/5
f 15781/2/5 15775/2/5 15774/2/5
f 15783/2/5 15777/2/5 15776/2/5
f 15784/2/5 15777/2/5 15783/2/5
f 15786/2/5 15779/2/5 15778/2/5
f 15788/2/5 15781/2/5 15780/2/5
f 15789/2/5 15775/2/5 15781/2/5
f 15789/2/5 15781/2/5 15788/2/5
f 15790/2/5 15775/2/5 15789/2/5
f 15791/2/5 15785/2/5 15784/2/5
f 15791/2/5 15783/2/5 15782/2/5
f 15791/2/5 15784/2/5 15783/2/5
f 15792/2/5 15785/2/5 15791/2/5
f 15794/2/5 15787/2/5 15786/2/5
f 15794/2/5 15786/2/5 15778/2/5
f 15795/2/5 15787/2/5 15794/2/5
f 15796/2/5 15793/2/5 15792/2/5
f 15797/2/5 15793/2/5 15796/2/5
f 15798/2/5 15787/2/5 15795/2/5
f 15799/2/5 15787/2/5 15798/2/5
f 15800/2/5 15790/2/5 15789/2/5
f 15801/2/5 15790/2/5 15800/2/5
f 15802/2/5 15798/2/5 15797/2/5
f 15803/2/5 15798/2/5 15802/2/5
f 15804/2/5 15798/2/5 15803/2/5
f 15805/2/5 15798/2/5 15804/2/5
f 15809/2/5 15807/2/5 15806/2/5
f 15814/2/5 15809/2/5 15808/2/5
f 15815/2/5 15809/2/5 15814/2/5
f 15816/2/5 15807/2/5 15809/2/5
f 15816/2/5 15809/2/5 15815/2/5
f 15817/2/5 15807/2/5 15816/2/5
f 15819/2/5 15811/2/5 15810/2/5
f 15820/2/5 15811/2/5 15819/2/5
f 15821/2/5 15813/2/5 15812/2/5
f 15822/2/5 15813/2/5 15821/2/5
f 15825/2/5 15816/2/5 15815/2/5
f 15826/2/5 15816/2/5 15825/2/5
f 15827/2/5 15816/2/5 15826/2/5
f 15828/2/5 15820/2/5 15819/2/5
f 15828/2/5 15823/2/5 15822/2/5
f 15828/2/5 15822/2/5 15821/2/5
f 15828/2/5 15821/2/5 15820/2/5
f 15828/2/5 15819/2/5 15818/2/5
f 15829/2/5 15823/2/5 15828/2/5
f 15830/2/5 15823/2/5 15829/2/5
f 15831/2/5 15823/2/5 15830/2/5
f 15832/2/5 15826/2/5 15825/2/5
f 15832/2/5 15825/2/5 15824/2/5
f 15833/2/5 15826/2/5 15832/2/5
f 15834/2/5 15830/2/5 15829/2/5
f 15835/2/5 15830/2/5 15834/2/5
f 15836/2/5 15832/2/5 15824/2/5
f 15837/2/5 15832/2/5 15836/2/5
f 15840/2/5 15839/2/5 15838/2/5
f 15841/2/5 15839/2/5 15840/2/5
f 15843/2/5 15836/2/5 15824/2/5
f 15844/2/5 15836/2/5 15843/2/5
f 15845/2/5 15842/2/5 15841/2/5
f 15846/2/5 15842/2/5 15845/2/5
f 15850/2/5 15847/2/5 15846/2/5
f 15851/2/5 15847/2/5 15850/2/5
f 15852/2/5 15849/2/5 15848/2/5
f 15853/2/5 15849/2/5 15852/2/5
f 15857/2/5 15853/2/5 15852/2/5
f 15857/2/5 15854/2/5 15853/2/5
f 15858/2/5 15854/2/5 15857/2/5
f 15861/2/5 15856/2/5 15855/2/5
f 15862/2/5 15859/2/5 15858/2/5
f 15863/2/5 15859/2/5 15862/2/5
f 15865/2/5 15864/2/5 15863/2/5
f 15866/2/5 15864/2/5 15865/2/5
f 15868/2/5 15861/2/5 15860/2/5
f 15871/2/5 15868/2/5 15867/2/5
f 15872/2/5 15856/2/5 15861/2/5
f 15872/2/5 15868/2/5 15871/2/5
f 15872/2/5 15861/2/5 15868/2/5
f 15873/2/5 15870/2/5 15869/2/5
f 15874/2/5 15870/2/5 15873/2/5
f 15875/2/5 15871/2/5 15867/2/5
f 15876/2/5 15871/2/5 15875/2/5
f 15880/2/5 15878/2/5 15877/2/5
f 15881/2/5 15878/2/5 15880/2/5
f 15883/2/5 15880/2/5 15879/2/5
f 15883/2/5 15882/2/5 15881/2/5
f 15883/2/5 15881/2/5 15880/2/5
f 15884/2/5 15882/2/5 15883/2/5
f 15885/2/5 15882/2/5 15884/2/5
f 15886/2/5 15882/2/5 15885/2/5
f 15887/2/5 15882/2/5 15886/2/5
f 15888/2/5 15887/2/5 15886/2/5
f 15889/2/5 15887/2/5 15888/2/5
f 15892/2/5 15891/2/5 15890/2/5
f 15893/2/5 15891/2/5 15892/2/5
f 15899/2/5 15895/2/5 15894/2/5
f 15900/2/5 15897/2/5 15896/2/5
f 15901/2/5 15897/2/5 15900/2/5
f 15902/2/5 15899/2/5 15898/2/5
f 15903/2/5 15895/2/5 15899/2/5
f 15903/2/5 15899/2/5 15902/2/5
f 15904/2/5 15902/2/5 15898/2/5
f 15905/2/5 15902/2/5 15904/2/5
f 15906/2/5 15904/2/5 15898/2/5
f 15907/2/5 15904/2/5 15906/2/5
f 15910/2/5 15909/2/5 15908/2/5
f 15911/2/5 15909/2/5 15910/2/5
f 15914/2/5 15913/2/5 15912/2/5
f 15919/2/5 15914/2/5 15912/2/5
f 15919/2/5 15915/2/5 15914/2/5
f 15920/2/5 15915/2/5 15919/2/5
f 15922/2/5 15919/2/5 15918/2/5
f 15924/2/5 15921/2/5 15920/2/5
f 15925/2/5 15921/2/5 15924/2/5
f 15927/2/5 15917/2/5 15916/2/5
f 15928/2/5 15917/2/5 15927/2/5
f 15930/2/5 15923/2/5 15922/2/5
f 15930/2/5 15922/2/5 15918/2/5
f 15931/2/5 15923/2/5 15930/2/5
f 15932/2/5 15926/2/5 15925/2/5
f 15933/2/5 15926/2/5 15932/2/5
f 15934/2/5 15926/2/5 15933/2/5
f 15935/2/5 15926/2/5 15934/2/5
f 15936/2/5 15929/2/5 15928/2/5
f 15936/2/5 15928/2/5 15927/2/5
f 15937/2/5 15929/2/5 15936/2/5
f 15938/2/5 15923/2/5 15931/2/5
f 15939/2/5 15923/2/5 15938/2/5
f 15940/2/5 15934/2/5 15933/2/5
f 15941/2/5 15934/2/5 15940/2/5
f 15942/2/5 15936/2/5 15927/2/5
f 15943/2/5 15936/2/5 15942/2/5
f 15946/2/5 15945/2/5 15944/2/5
f 15947/2/5 15945/2/5 15946/2/5
f 15948/2/5 15945/2/5 15947/2/5
f 15949/2/5 15945/2/5 15948/2/5
f 15951/2/5 15950/2/5 15949/2/5
f 15952/2/5 15950/2/5 15951/2/5
f 15957/2/5 15954/2/5 15953/2/5
f 15958/2/5 15954/2/5 15957/2/5
f 15959/2/5 15956/2/5 15955/2/5
f 15960/2/5 15956/2/5 15959/2/5
f 15963/2/5 15962/2/5 15961/2/5
f 15964/2/5 15962/2/5 15963/2/5
f 15967/2/5 15966/2/5 15965/2/5
f 15968/2/5 15966/2/5 15967/2/5
f 15973/2/5 15972/2/5 15971/2/5
f 15977/2/5 15970/2/5 15969/2/5
f 15978/2/5 15970/2/5 15977/2/5
f 15979/2/5 15973/2/5 15971/2/5
f 15979/2/5 15974/2/5 15973/2/5
f 15980/2/5 15974/2/5 15979/2/5
f 15982/2/5 15976/2/5 15975/2/5
f 15984/2/5 15981/2/5 15980/2/5
f 15984/2/5 15979/2/5 15978/2/5
f 15984/2/5 15980/2/5 15979/2/5
f 15985/2/5 15983/2/5 15982/2/5
f 15985/2/5 15982/2/5 15975/2/5
f 15986/2/5 15984/2/5 15978/2/5
f 15986/2/5 15985/2/5 15984/2/5
f 15987/2/5 15985/2/5 15986/2/5
f 15988/2/5 15985/2/5 15987/2/5
f 15989/2/5 15983/2/5 15985/2/5
f 15989/2/5 15985/2/5 15988/2/5
f 15992/2/5 15991/2/5 15990/2/5
f 15993/2/5 15991/2/5 15992/2/5
f 15998/2/5 15995/2/5 15994/2/5
f 15999/2/5 15995/2/5 15998/2/5
f 16001/2/5 15997/2/5 15996/2/5
f 16004/2/5 16001/2/5 16000/2/5
f 16005/2/5 15997/2/5 16001/2/5
f 16005/2/5 16001/2/5 16004/2/5
f 16010/2/5 16003/2/5 16002/2/5
f 16011/2/5 16003/2/5 16010/2/5
f 16012/2/5 15997/2/5 16005/2/5
f 16013/2/5 15997/2/5 16012/2/5
f 16016/2/5 16009/2/5 16008/2/5
f 16017/2/5 16009/2/5 16016/2/5
f 16019/2/5 16015/2/5 16014/2/5
f 16022/2/5 16019/2/5 16018/2/5
f 16023/2/5 16015/2/5 16019/2/5
f 16023/2/5 16019/2/5 16022/2/5
f 16025/2/5 16021/2/5 16020/2/5
f 16026/2/5 16021/2/5 16025/2/5
f 16029/2/5 16027/2/5 16026/2/5
f 16029/2/5 16026/2/5 16025/2/5
f 16029/2/5 16025/2/5 16024/2/5
f 16030/2/5 16027/2/5 16029/2/5
f 16031/2/5 16027/2/5 16030/2/5
f 16036/2/5 16007/2/5 16006/2/5
f 16037/2/5 16029/2/5 16028/2/5
f 16038/2/5 16029/2/5 16037/2/5
f 16039/2/5 16031/2/5 16030/2/5
f 16040/2/5 16031/2/5 16039/2/5
f 16041/2/5 16033/2/5 16032/2/5
f 16042/2/5 16035/2/5 16034/2/5
f 16043/2/5 16035/2/5 16042/2/5
f 16044/2/5 16007/2/5 16036/2/5
f 16045/2/5 16007/2/5 16044/2/5
f 16046/2/5 16039/2/5 16038/2/5
f 16047/2/5 16039/2/5 16046/2/5
f 16048/2/5 16041/2/5 16032/2/5
f 16048/2/5 16042/2/5 16041/2/5
f 16049/2/5 16042/2/5 16048/2/5
f 16050/2/5 16042/2/5 16049/2/5
f 16051/2/5 16042/2/5 16050/2/5
f 16054/2/5 16050/2/5 16049/2/5
f 16055/2/5 16050/2/5 16054/2/5
f 16056/2/5 16053/2/5 16052/2/5
f 16058/2/5 16050/2/5 16055/2/5
f 16059/2/5 16050/2/5 16058/2/5
f 16064/2/5 16057/2/5 16056/2/5
f 16067/2/5 16061/2/5 16060/2/5
f 16071/2/5 16063/2/5 16062/2/5
f 16072/2/5 16063/2/5 16071/2/5
f 16073/2/5 16056/2/5 16052/2/5
f 16073/2/5 16065/2/5 16064/2/5
f 16073/2/5 16064/2/5 16056/2/5
f 16074/2/5 16065/2/5 16073/2/5
f 16075/2/5 16065/2/5 16074/2/5
f 16076/2/5 16067/2/5 16066/2/5
f 16077/2/5 16061/2/5 16067/2/5
f 16077/2/5 16067/2/5 16076/2/5
f 16078/2/5 16069/2/5 16068/2/5
f 16079/2/5 16069/2/5 16078/2/5
f 16080/2/5 16069/2/5 16079/2/5
f 16081/2/5 16072/2/5 16071/2/5
f 16081/2/5 16071/2/5 16070/2/5
f 16081/2/5 16073/2/5 16072/2/5
f 16081/2/5 16074/2/5 16073/2/5
f 16082/2/5 16074/2/5 16081/2/5
f 16083/2/5 16074/2/5 16082/2/5
f 16084/2/5 16074/2/5 16083/2/5
f 16087/2/5 16061/2/5 16077/2/5
f 16088/2/5 16061/2/5 16087/2/5
f 16092/2/5 16083/2/5 16082/2/5
f 16093/2/5 16083/2/5 16092/2/5
f 16096/2/5 16086/2/5 16085/2/5
f 16097/2/5 16086/2/5 16096/2/5
f 16098/2/5 16091/2/5 16090/2/5
f 16098/2/5 16090/2/5 16089/2/5
f 16099/2/5 16091/2/5 16098/2/5
f 16100/2/5 16091/2/5 16099/2/5
f 16101/2/5 16091/2/5 16100/2/5
f 16103/2/5 16092/2/5 16082/2/5
f 16104/2/5 16092/2/5 16103/2/5
f 16105/2/5 16095/2/5 16094/2/5
f 16106/2/5 16095/2/5 16105/2/5
f 16107/2/5 16086/2/5 16097/2/5
f 16108/2/5 16086/2/5 16107/2/5
f 16109/2/5 16100/2/5 16099/2/5
f 16110/2/5 16100/2/5 16109/2/5
f 16111/2/5 16102/2/5 16101/2/5
f 16113/2/5 16095/2/5 16106/2/5
f 16115/2/5 16086/2/5 16108/2/5
f 16118/2/5 16112/2/5 16111/2/5
f 16118/2/5 16111/2/5 16101/2/5
f 16119/2/5 16112/2/5 16118/2/5
f 16120/2/5 16095/2/5 16113/2/5
f 16121/2/5 16095/2/5 16120/2/5
f 16123/2/5 16115/2/5 16114/2/5
f 16125/2/5 16117/2/5 16116/2/5
f 16126/2/5 16112/2/5 16119/2/5
f 16127/2/5 16112/2/5 16126/2/5
f 16131/2/5 16123/2/5 16122/2/5
f 16132/2/5 16125/2/5 16124/2/5
f 16133/2/5 16117/2/5 16125/2/5
f 16133/2/5 16125/2/5 16132/2/5
f 16135/2/5 16112/2/5 16127/2/5
f 16136/2/5 16131/2/5 16130/2/5
f 16136/2/5 16123/2/5 16131/2/5
f 16137/2/5 16086/2/5 16115/2/5
f 16137/2/5 16123/2/5 16136/2/5
f 16137/2/5 16115/2/5 16123/2/5
f 16138/2/5 16117/2/5 16133/2/5
f 16139/2/5 16117/2/5 16138/2/5
f 16141/2/5 16135/2/5 16134/2/5
f 16142/2/5 16136/2/5 16130/2/5
f 16143/2/5 16136/2/5 16142/2/5
f 16147/2/5 16141/2/5 16140/2/5
f 16148/2/5 16112/2/5 16135/2/5
f 16148/2/5 16135/2/5 16141/2/5
f 16148/2/5 16141/2/5 16147/2/5
f 16149/2/5 16112/2/5 16148/2/5
f 16152/2/5 16147/2/5 16146/2/5
f 16152/2/5 16148/2/5 16147/2/5
f 16153/2/5 16148/2/5 16152/2/5
f 16156/2/5 16151/2/5 16150/2/5
f 16157/2/5 16151/2/5 16156/2/5
f 16158/2/5 16151/2/5 16157/2/5
f 16159/2/5 16129/2/5 16128/2/5
f 16160/2/5 16129/2/5 16159/2/5
f 16163/2/5 16152/2/5 16146/2/5
f 16164/2/5 16152/2/5 16163/2/5
f 16165/2/5 16148/2/5 16153/2/5
f 16166/2/5 16148/2/5 16165/2/5
f 16169/2/5 16155/2/5 16154/2/5
f 16170/2/5 16155/2/5 16169/2/5
f 16174/2/5 16162/2/5 16161/2/5
f 16176/2/5 16167/2/5 16166/2/5
f 16177/2/5 16167/2/5 16176/2/5
f 16178/2/5 16167/2/5 16177/2/5
f 16182/2/5 16171/2/5 16170/2/5
f 16182/2/5 16170/2/5 16169/2/5
f 16182/2/5 16169/2/5 16168/2/5
f 16183/2/5 16171/2/5 16182/2/5
f 16185/2/5 16173/2/5 16172/2/5
f 16186/2/5 16175/2/5 16174/2/5
f 16186/2/5 16174/2/5 16161/2/5
f 16187/2/5 16175/2/5 16186/2/5
f 16188/2/5 16145/2/5 16144/2/5
f 16189/2/5 16145/2/5 16188/2/5
f 16190/2/5 16179/2/5 16178/2/5
f 16190/2/5 16178/2/5 16177/2/5
f 16191/2/5 16179/2/5 16190/2/5
f 16192/2/5 16181/2/5 16180/2/5
f 16193/2/5 16181/2/5 16192/2/5
f 16194/2/5 16171/2/5 16183/2/5
f 16195/2/5 16171/2/5 16194/2/5
f 16196/2/5 16185/2/5 16184/2/5
f 16196/2/5 16173/2/5 16185/2/5
f 16197/2/5 16173/2/5 16196/2/5
f 16198/2/5 16196/2/5 16184/2/5
f 16199/2/5 16196/2/5 16198/2/5
f 16202/2/5 16201/2/5 16200/2/5
f 16206/2/5 16203/2/5 16202/2/5
f 16206/2/5 16204/2/5 16203/2/5
f 16206/2/5 16202/2/5 16200/2/5
f 16207/2/5 16204/2/5 16206/2/5
f 16212/2/5 16207/2/5 16206/2/5
f 16212/2/5 16206/2/5 16205/2/5
f 16212/2/5 16208/2/5 16207/2/5
f 16213/2/5 16208/2/5 16212/2/5
f 16216/2/5 16210/2/5 16209/2/5
f 16217/2/5 16212/2/5 16211/2/5
f 16218/2/5 16212/2/5 16217/2/5
f 16219/2/5 16208/2/5 16213/2/5
f 16220/2/5 16208/2/5 16219/2/5
f 16222/2/5 16215/2/5 16214/2/5
f 16223/2/5 16215/2/5 16222/2/5
f 16227/2/5 16222/2/5 16221/2/5
f 16227/2/5 16223/2/5 16222/2/5
f 16227/2/5 16224/2/5 16223/2/5
f 16228/2/5 16224/2/5 16227/2/5
f 16229/2/5 16226/2/5 16225/2/5
f 16230/2/5 16226/2/5 16229/2/5
f 16231/2/5 16224/2/5 16228/2/5
f 16232/2/5 16224/2/5 16231/2/5
f 16233/2/5 16229/2/5 16225/2/5
f 16234/2/5 16229/2/5 16233/2/5
f 16237/2/5 16216/2/5 16209/2/5
f 16238/2/5 16216/2/5 16237/2/5
f 16239/2/5 16236/2/5 16235/2/5
f 16240/2/5 16236/2/5 16239/2/5
f 16241/2/5 16239/2/5 16235/2/5
f 16242/2/5 16239/2/5 16241/2/5
f 16243/2/5 16236/2/5 16240/2/5
f 16244/2/5 16236/2/5 16243/2/5
f 16247/2/5 16243/2/5 16240/2/5
f 16248/2/5 16243/2/5 16247/2/5
f 16249/2/5 16246/2/5 16245/2/5
f 16250/2/5 16246/2/5 16249/2/5
f 16252/2/5 16246/2/5 16250/2/5
f 16254/2/5 16252/2/5 16251/2/5
f 16255/2/5 16254/2/5 16253/2/5
f 16256/2/5 16252/2/5 16254/2/5
f 16256/2/5 16254/2/5 16255/2/5
f 16257/2/5 16252/2/5 16256/2/5
f 16258/2/5 16246/2/5 16252/2/5
f 16258/2/5 16252/2/5 16257/2/5
f 16259/2/5 16246/2/5 16258/2/5
f 16261/2/5 16260/2/5 16259/2/5
f 16261/2/5 16259/2/5 16258/2/5
f 16262/2/5 16260/2/5 16261/2/5
f 16263/2/5 16260/2/5 16262/2/5
f 16264/2/5 16260/2/5 16263/2/5
f 16267/2/5 16263/2/5 16262/2/5
f 16268/2/5 16263/2/5 16267/2/5
f 16269/2/5 16263/2/5 16268/2/5
f 16270/2/5 16266/2/5 16265/2/5
f 16272/2/5 16271/2/5 16270/2/5
f 16272/2/5 16270/2/5 16265/2/5
f 16273/2/5 16271/2/5 16272/2/5
f 16274/2/5 16272/2/5 16265/2/5
f 16275/2/5 16272/2/5 16274/2/5
f 16276/2/5 16271/2/5 16273/2/5
f 16277/2/5 16271/2/5 16276/2/5
f 16278/2/5 16271/2/5 16277/2/5
f 16279/2/5 16271/2/5 16278/2/5
f 16281/2/5 16272/2/5 16275/2/5
f 16282/2/5 16272/2/5 16281/2/5
f 16283/2/5 16278/2/5 16277/2/5
f 16284/2/5 16278/2/5 16283/2/5
f 16285/2/5 16278/2/5 16284/2/5
f 16286/2/5 16278/2/5 16285/2/5
f 16287/2/5 16280/2/5 16279/2/5
f 16288/2/5 16280/2/5 16287/2/5
f 16294/2/5 16290/2/5 16289/2/5
f 16295/2/5 16290/2/5 16294/2/5
f 16297/2/5 16292/2/5 16291/2/5
f 16298/2/5 16292/2/5 16297/2/5
f 16304/2/5 16294/2/5 16293/2/5
f 16305/2/5 16296/2/5 16295/2/5
f 16306/2/5 16296/2/5 16305/2/5
f 16307/2/5 16300/2/5 16299/2/5
f 16307/2/5 16301/2/5 16300/2/5
f 16308/2/5 16301/2/5 16307/2/5
f 16309/2/5 16301/2/5 16308/2/5
f 16310/2/5 16303/2/5 16302/2/5
f 16311/2/5 16303/2/5 16310/2/5
f 16312/2/5 16304/2/5 16293/2/5
f 16312/2/5 16305/2/5 16304/2/5
f 16313/2/5 16305/2/5 16312/2/5
f 16318/2/5 16311/2/5 16310/2/5
f 16318/2/5 16309/2/5 16308/2/5
f 16318/2/5 16310/2/5 16309/2/5
f 16319/2/5 16311/2/5 16318/2/5
f 16320/2/5 16311/2/5 16319/2/5
f 16321/2/5 16305/2/5 16313/2/5
f 16322/2/5 16305/2/5 16321/2/5
f 16323/2/5 16317/2/5 16316/2/5
f 16324/2/5 16317/2/5 16323/2/5
f 16325/2/5 16319/2/5 16318/2/5
f 16326/2/5 16319/2/5 16325/2/5
f 16327/2/5 16305/2/5 16322/2/5
f 16328/2/5 16305/2/5 16327/2/5
f 16330/2/5 16315/2/5 16314/2/5
f 16331/2/5 16330/2/5 16329/2/5
f 16332/2/5 16315/2/5 16330/2/5
f 16332/2/5 16330/2/5 16331/2/5
f 16333/2/5 16315/2/5 16332/2/5
f 16335/2/5 16334/2/5 16333/2/5
f 16335/2/5 16333/2/5 16332/2/5
f 16336/2/5 16334/2/5 16335/2/5
f 16337/2/5 16334/2/5 16336/2/5
f 16338/2/5 16334/2/5 16337/2/5
f 16341/2/5 16334/2/5 16338/2/5
f 16342/2/5 16334/2/5 16341/2/5
f 16347/2/5 16340/2/5 16339/2/5
f 16348/2/5 16340/2/5 16347/2/5
f 16350/2/5 16344/2/5 16343/2/5
f 16351/2/5 16346/2/5 16345/2/5
f 16352/2/5 16346/2/5 16351/2/5
f 16358/2/5 16350/2/5 16349/2/5
f 16359/2/5 16354/2/5 16353/2/5
f 16359/2/5 16353/2/5 16352/2/5
f 16360/2/5 16354/2/5 16359/2/5
f 16363/2/5 16356/2/5 16355/2/5
f 16364/2/5 16356/2/5 16363/2/5
f 16366/2/5 16358/2/5 16357/2/5
f 16371/2/5 16362/2/5 16361/2/5
f 16372/2/5 16362/2/5 16371/2/5
f 16373/2/5 16366/2/5 16365/2/5
f 16374/2/5 16344/2/5 16350/2/5
f 16374/2/5 16366/2/5 16373/2/5
f 16374/2/5 16350/2/5 16358/2/5
f 16374/2/5 16358/2/5 16366/2/5
f 16375/2/5 16368/2/5 16367/2/5
f 16376/2/5 16370/2/5 16369/2/5
f 16377/2/5 16370/2/5 16376/2/5
f 16379/2/5 16362/2/5 16372/2/5
f 16380/2/5 16362/2/5 16379/2/5
f 16383/2/5 16374/2/5 16373/2/5
f 16384/2/5 16374/2/5 16383/2/5
f 16385/2/5 16368/2/5 16375/2/5
f 16386/2/5 16368/2/5 16385/2/5
f 16388/2/5 16382/2/5 16381/2/5
f 16389/2/5 16382/2/5 16388/2/5
f 16391/2/5 16383/2/5 16373/2/5
f 16395/2/5 16378/2/5 16377/2/5
f 16396/2/5 16378/2/5 16395/2/5
f 16397/2/5 16390/2/5 16389/2/5
f 16397/2/5 16389/2/5 16388/2/5
f 16397/2/5 16388/2/5 16387/2/5
f 16398/2/5 16390/2/5 16397/2/5
f 16399/2/5 16390/2/5 16398/2/5
f 16400/2/5 16392/2/5 16391/2/5
f 16400/2/5 16391/2/5 16373/2/5
f 16401/2/5 16392/2/5 16400/2/5
f 16402/2/5 16392/2/5 16401/2/5
f 16409/2/5 16394/2/5 16393/2/5
f 16410/2/5 16394/2/5 16409/2/5
f 16411/2/5 16406/2/5 16405/2/5
f 16413/2/5 16408/2/5 16407/2/5
f 16414/2/5 16408/2/5 16413/2/5
f 16415/2/5 16404/2/5 16403/2/5
f 16416/2/5 16404/2/5 16415/2/5
f 16417/2/5 16412/2/5 16411/2/5
f 16417/2/5 16411/2/5 16405/2/5
f 16418/2/5 16412/2/5 16417/2/5
f 16426/2/5 16417/2/5 16405/2/5
f 16427/2/5 16417/2/5 16426/2/5
f 16428/2/5 16422/2/5 16421/2/5
f 16430/2/5 16424/2/5 16423/2/5
f 16431/2/5 16424/2/5 16430/2/5
f 16433/2/5 16426/2/5 16425/2/5
f 16434/2/5 16426/2/5 16433/2/5
f 16435/2/5 16420/2/5 16419/2/5
f 16436/2/5 16420/2/5 16435/2/5
f 16437/2/5 16429/2/5 16428/2/5
f 16437/2/5 16428/2/5 16421/2/5
f 16438/2/5 16429/2/5 16437/2/5
f 16440/2/5 16433/2/5 16432/2/5
f 16446/2/5 16437/2/5 16421/2/5
f 16447/2/5 16437/2/5 16446/2/5
f 16448/2/5 16424/2/5 16431/2/5
f 16450/2/5 16440/2/5 16439/2/5
f 16451/2/5 16433/2/5 16440/2/5
f 16451/2/5 16440/2/5 16450/2/5
f 16452/2/5 16442/2/5 16441/2/5
f 16453/2/5 16442/2/5 16452/2/5
f 16454/2/5 16442/2/5 16453/2/5
f 16455/2/5 16444/2/5 16443/2/5
f 16456/2/5 16444/2/5 16455/2/5
f 16458/2/5 16446/2/5 16445/2/5
f 16459/2/5 16446/2/5 16458/2/5
f 16460/2/5 16449/2/5 16448/2/5
f 16462/2/5 16453/2/5 16452/2/5
f 16462/2/5 16452/2/5 16451/2/5
f 16463/2/5 16453/2/5 16462/2/5
f 16465/2/5 16458/2/5 16457/2/5
f 16468/2/5 16461/2/5 16460/2/5
f 16468/2/5 16460/2/5 16448/2/5
f 16468/2/5 16448/2/5 16431/2/5
f 16469/2/5 16461/2/5 16468/2/5
f 16470/2/5 16444/2/5 16456/2/5
f 16472/2/5 16465/2/5 16464/2/5
f 16473/2/5 16458/2/5 16465/2/5
f 16473/2/5 16465/2/5 16472/2/5
f 16474/2/5 16467/2/5 16466/2/5
f 16475/2/5 16467/2/5 16474/2/5
f 16479/2/5 16471/2/5 16470/2/5
f 16481/2/5 16476/2/5 16475/2/5
f 16481/2/5 16474/2/5 16473/2/5
f 16481/2/5 16475/2/5 16474/2/5
f 16483/2/5 16480/2/5 16479/2/5
f 16483/2/5 16470/2/5 16456/2/5
f 16483/2/5 16479/2/5 16470/2/5
f 16484/2/5 16480/2/5 16483/2/5
f 16485/2/5 16482/2/5 16481/2/5
f 16485/2/5 16481/2/5 16473/2/5
f 16486/2/5 16482/2/5 16485/2/5
f 16489/2/5 16478/2/5 16477/2/5
f 16490/2/5 16478/2/5 16489/2/5
f 16491/2/5 16485/2/5 16473/2/5
f 16492/2/5 16485/2/5 16491/2/5
f 16493/2/5 16487/2/5 16486/2/5
f 16494/2/5 16487/2/5 16493/2/5
f 16497/2/5 16489/2/5 16488/2/5
f 16499/2/5 16496/2/5 16495/2/5
f 16500/2/5 16496/2/5 16499/2/5
f 16503/2/5 16498/2/5 16497/2/5
f 16504/2/5 16498/2/5 16503/2/5
f 16505/2/5 16502/2/5 16501/2/5
f 16506/2/5 16502/2/5 16505/2/5
f 16507/2/5 16497/2/5 16488/2/5
f 16507/2/5 16503/2/5 16497/2/5
f 16508/2/5 16503/2/5 16507/2/5
f 16509/2/5 16503/2/5 16508/2/5
f 16511/2/5 16510/2/5 16509/2/5
f 16512/2/5 16510/2/5 16511/2/5
f 16515/2/5 16514/2/5 16513/2/5
f 16516/2/5 16514/2/5 16515/2/5
f 16519/2/5 16518/2/5 16517/2/5
f 16521/2/5 16519/2/5 16517/2/5
f 16521/2/5 16520/2/5 16519/2/5
f 16522/2/5 16520/2/5 16521/2/5
f 16528/2/5 16524/2/5 16523/2/5
f 16529/2/5 16526/2/5 16525/2/5
f 16530/2/5 16526/2/5 16529/2/5
f 16531/2/5 16528/2/5 16527/2/5
f 16532/2/5 16524/2/5 16528/2/5
f 16532/2/5 16528/2/5 16531/2/5
f 16539/2/5 16534/2/5 16533/2/5
f 16541/2/5 16536/2/5 16535/2/5
f 16542/2/5 16536/2/5 16541/2/5
f 16544/2/5 16538/2/5 16537/2/5
f 16544/2/5 16539/2/5 16538/2/5
f 16545/2/5 16534/2/5 16539/2/5
f 16545/2/5 16539/2/5 16544/2/5
f 16546/2/5 16541/2/5 16540/2/5
f 16548/2/5 16546/2/5 16540/2/5
f 16548/2/5 16547/2/5 16546/2/5
f 16549/2/5 16547/2/5 16548/2/5
f 16550/2/5 16543/2/5 16542/2/5
f 16551/2/5 16543/2/5 16550/2/5
f 16552/2/5 16548/2/5 16540/2/5
f 16553/2/5 16548/2/5 16552/2/5
f 16556/2/5 16555/2/5 16554/2/5
f 16560/2/5 16556/2/5 16554/2/5
f 16560/2/5 16557/2/5 16556/2/5
f 16561/2/5 16557/2/5 16560/2/5
f 16562/2/5 16559/2/5 16558/2/5
f 16563/2/5 16559/2/5 16562/2/5
f 16565/2/5 16562/2/5 16561/2/5
f 16566/2/5 16562/2/5 16565/2/5
f 16568/2/5 16565/2/5 16564/2/5
f 16568/2/5 16567/2/5 16566/2/5
f 16568/2/5 16566/2/5 16565/2/5
f 16569/2/5 16567/2/5 16568/2/5
f 16572/2/5 16571/2/5 16570/2/5
f 16573/2/5 16571/2/5 16572/2/5
f 16576/2/5 16575/2/5 16574/2/5
f 16580/2/5 16579/2/5 16578/2/5
f 16581/2/5 16579/2/5 16580/2/5
f 16582/2/5 16579/2/5 16581/2/5
f 16583/2/5 16579/2/5 16582/2/5
f 16585/2/5 16576/2/5 16574/2/5
f 16585/2/5 16577/2/5 16576/2/5
f 16586/2/5 16577/2/5 16585/2/5
f 16587/2/5 16577/2/5 16586/2/5
f 16588/2/5 16577/2/5 16587/2/5
f 16589/2/5 16582/2/5 16581/2/5
f 16590/2/5 16582/2/5 16589/2/5
f 16591/2/5 16587/2/5 16586/2/5
f 16592/2/5 16587/2/5 16591/2/5
f 16593/2/5 16584/2/5 16583/2/5
f 16594/2/5 16584/2/5 16593/2/5
f 16595/2/5 16584/2/5 16594/2/5
f 16596/2/5 16584/2/5 16595/2/5
f 16597/2/5 16595/2/5 16594/2/5
f 16598/2/5 16595/2/5 16597/2/5
f 16604/2/5 16602/2/5 16601/2/5
f 16604/2/5 16603/2/5 16602/2/5
f 16607/2/5 16600/2/5 16599/2/5
f 16608/2/5 16600/2/5 16607/2/5
f 16610/2/5 16604/2/5 16601/2/5
f 16611/2/5 16604/2/5 16610/2/5
f 16612/2/5 16604/2/5 16611/2/5
f 16613/2/5 16610/2/5 16609/2/5
f 16613/2/5 16611/2/5 16610/2/5
f 16614/2/5 16611/2/5 16613/2/5
f 16616/2/5 16606/2/5 16605/2/5
f 16617/2/5 16606/2/5 16616/2/5
f 16624/2/5 16615/2/5 16614/2/5
f 16625/2/5 16615/2/5 16624/2/5
f 16626/2/5 16619/2/5 16618/2/5
f 16627/2/5 16619/2/5 16626/2/5
f 16629/2/5 16621/2/5 16620/2/5
f 16630/2/5 16621/2/5 16629/2/5
f 16635/2/5 16623/2/5 16622/2/5
f 16636/2/5 16623/2/5 16635/2/5
f 16640/2/5 16626/2/5 16618/2/5
f 16641/2/5 16626/2/5 16640/2/5
f 16642/2/5 16629/2/5 16628/2/5
f 16644/2/5 16633/2/5 16632/2/5
f 16644/2/5 16632/2/5 16631/2/5
f 16645/2/5 16637/2/5 16636/2/5
f 16645/2/5 16636/2/5 16635/2/5
f 16645/2/5 16635/2/5 16634/2/5
f 16646/2/5 16637/2/5 16645/2/5
f 16647/2/5 16637/2/5 16646/2/5
f 16649/2/5 16640/2/5 16618/2/5
f 16652/2/5 16643/2/5 16642/2/5
f 16652/2/5 16642/2/5 16628/2/5
f 16653/2/5 16645/2/5 16644/2/5
f 16654/2/5 16648/2/5 16647/2/5
f 16654/2/5 16647/2/5 16646/2/5
f 16655/2/5 16648/2/5 16654/2/5
f 16656/2/5 16648/2/5 16655/2/5
f 16657/2/5 16648/2/5 16656/2/5
f 16658/2/5 16639/2/5 16638/2/5
f 16659/2/5 16639/2/5 16658/2/5
f 16660/2/5 16650/2/5 16649/2/5
f 16660/2/5 16649/2/5 16618/2/5
f 16661/2/5 16650/2/5 16660/2/5
f 16662/2/5 16650/2/5 16661/2/5
f 16665/2/5 16652/2/5 16651/2/5
f 16666/2/5 16644/2/5 16631/2/5
f 16666/2/5 16653/2/5 16644/2/5
f 16666/2/5 16654/2/5 16653/2/5
f 16667/2/5 16654/2/5 16666/2/5
f 16668/2/5 16654/2/5 16667/2/5
f 16670/2/5 16656/2/5 16655/2/5
f 16671/2/5 16656/2/5 16670/2/5
f 16672/2/5 16656/2/5 16671/2/5
f 16675/2/5 16663/2/5 16662/2/5
f 16675/2/5 16662/2/5 16661/2/5
f 16676/2/5 16663/2/5 16675/2/5
f 16677/2/5 16665/2/5 16664/2/5
f 16678/2/5 16652/2/5 16665/2/5
f 16678/2/5 16665/2/5 16677/2/5
f 16678/2/5 16643/2/5 16652/2/5
f 16679/2/5 16643/2/5 16678/2/5
f 16681/2/5 16669/2/5 16668/2/5
f 16681/2/5 16668/2/5 16667/2/5
f 16682/2/5 16669/2/5 16681/2/5
f 16683/2/5 16669/2/5 16682/2/5
f 16688/2/5 16674/2/5 16673/2/5
f 16692/2/5 16678/2/5 16677/2/5
f 16693/2/5 16678/2/5 16692/2/5
f 16695/2/5 16681/2/5 16680/2/5
f 16696/2/5 16685/2/5 16684/2/5
f 16696/2/5 16684/2/5 16683/2/5
f 16696/2/5 16683/2/5 16682/2/5
f 16697/2/5 16685/2/5 16696/2/5
f 16698/2/5 16685/2/5 16697/2/5
f 16699/2/5 16687/2/5 16686/2/5
f 16700/2/5 16687/2/5 16699/2/5
f 16701/2/5 16688/2/5 16673/2/5
f 16701/2/5 16689/2/5 16688/2/5
f 16702/2/5 16691/2/5 16690/2/5
f 16703/2/5 16691/2/5 16702/2/5
f 16706/2/5 16695/2/5 16694/2/5
f 16707/2/5 16681/2/5 16695/2/5
f 16707/2/5 16695/2/5 16706/2/5
f 16708/2/5 16698/2/5 16697/2/5
f 16709/2/5 16698/2/5 16708/2/5
f 16710/2/5 16698/2/5 16709/2/5
f 16712/2/5 16701/2/5 16700/2/5
f 16713/2/5 16689/2/5 16701/2/5
f 16713/2/5 16701/2/5 16712/2/5
f 16716/2/5 16703/2/5 16702/2/5
f 16717/2/5 16705/2/5 16704/2/5
f 16718/2/5 16705/2/5 16717/2/5
f 16719/2/5 16710/2/5 16709/2/5
f 16719/2/5 16711/2/5 16710/2/5
f 16720/2/5 16711/2/5 16719/2/5
f 16721/2/5 16711/2/5 16720/2/5
f 16722/2/5 16711/2/5 16721/2/5
f 16723/2/5 16689/2/5 16713/2/5
f 16724/2/5 16689/2/5 16723/2/5
f 16725/2/5 16689/2/5 16724/2/5
f 16726/2/5 16715/2/5 16714/2/5
f 16728/2/5 16721/2/5 16720/2/5
f 16729/2/5 16721/2/5 16728/2/5
f 16730/2/5 16727/2/5 16726/2/5
f 16731/2/5 16716/2/5 16702/2/5
f 16731/2/5 16717/2/5 16716/2/5
f 16732/2/5 16717/2/5 16731/2/5
f 16739/2/5 16730/2/5 16726/2/5
f 16739/2/5 16726/2/5 16714/2/5
f 16740/2/5 16730/2/5 16739/2/5
f 16741/2/5 16730/2/5 16740/2/5
f 16742/2/5 16730/2/5 16741/2/5
f 16743/2/5 16731/2/5 16702/2/5
f 16744/2/5 16731/2/5 16743/2/5
f 16745/2/5 16734/2/5 16733/2/5
f 16746/2/5 16734/2/5 16745/2/5
f 16747/2/5 16734/2/5 16746/2/5
f 16748/2/5 16736/2/5 16735/2/5
f 16749/2/5 16736/2/5 16748/2/5
f 16751/2/5 16738/2/5 16737/2/5
f 16752/2/5 16738/2/5 16751/2/5
f 16755/2/5 16741/2/5 16740/2/5
f 16756/2/5 16741/2/5 16755/2/5
f 16759/2/5 16750/2/5 16749/2/5
f 16759/2/5 16747/2/5 16746/2/5
f 16759/2/5 16749/2/5 16748/2/5
f 16759/2/5 16748/2/5 16747/2/5
f 16766/2/5 16754/2/5 16753/2/5
f 16767/2/5 16754/2/5 16766/2/5
f 16768/2/5 16755/2/5 16740/2/5
f 16769/2/5 16755/2/5 16768/2/5
f 16770/2/5 16758/2/5 16757/2/5
f 16771/2/5 16758/2/5 16770/2/5
f 16773/2/5 16759/2/5 16746/2/5
f 16773/2/5 16760/2/5 16759/2/5
f 16774/2/5 16760/2/5 16773/2/5
f 16775/2/5 16760/2/5 16774/2/5
f 16776/2/5 16762/2/5 16761/2/5
f 16777/2/5 16764/2/5 16763/2/5
f 16779/2/5 16766/2/5 16765/2/5
f 16784/2/5 16770/2/5 16757/2/5
f 16785/2/5 16770/2/5 16784/2/5
f 16786/2/5 16773/2/5 16772/2/5
f 16786/2/5 16774/2/5 16773/2/5
f 16787/2/5 16774/2/5 16786/2/5
f 16788/2/5 16776/2/5 16775/2/5
f 16789/2/5 16778/2/5 16777/2/5
f 16789/2/5 16777/2/5 16763/2/5
f 16790/2/5 16778/2/5 16789/2/5
f 16796/2/5 16783/2/5 16782/2/5
f 16796/2/5 16782/2/5 16781/2/5
f 16797/2/5 16783/2/5 16796/2/5
f 16798/2/5 16786/2/5 16772/2/5
f 16799/2/5 16786/2/5 16798/2/5
f 16800/2/5 16786/2/5 16799/2/5
f 16801/2/5 16786/2/5 16800/2/5
f 16803/2/5 16792/2/5 16791/2/5
f 16804/2/5 16794/2/5 16793/2/5
f 16806/2/5 16796/2/5 16795/2/5
f 16810/2/5 16800/2/5 16799/2/5
f 16811/2/5 16800/2/5 16810/2/5
f 16813/2/5 16776/2/5 16788/2/5
f 16814/2/5 16803/2/5 16802/2/5
f 16815/2/5 16805/2/5 16804/2/5
f 16815/2/5 16804/2/5 16793/2/5
f 16816/2/5 16805/2/5 16815/2/5
f 16817/2/5 16809/2/5 16808/2/5
f 16818/2/5 16809/2/5 16817/2/5
f 16822/2/5 16813/2/5 16812/2/5
f 16823/2/5 16762/2/5 16776/2/5
f 16823/2/5 16813/2/5 16822/2/5
f 16823/2/5 16776/2/5 16813/2/5
f 16824/2/5 16780/2/5 16779/2/5
f 16825/2/5 16780/2/5 16824/2/5
f 16826/2/5 16819/2/5 16818/2/5
f 16827/2/5 16819/2/5 16826/2/5
f 16828/2/5 16821/2/5 16820/2/5
f 16829/2/5 16821/2/5 16828/2/5
f 16830/2/5 16762/2/5 16823/2/5
f 16831/2/5 16762/2/5 16830/2/5
f 16833/2/5 16779/2/5 16765/2/5
f 16833/2/5 16824/2/5 16779/2/5
f 16834/2/5 16824/2/5 16833/2/5
f 16835/2/5 16824/2/5 16834/2/5
f 16837/2/5 16803/2/5 16814/2/5
f 16838/2/5 16834/2/5 16833/2/5
f 16838/2/5 16833/2/5 16832/2/5
f 16839/2/5 16834/2/5 16838/2/5
f 16840/2/5 16837/2/5 16836/2/5
f 16841/2/5 16803/2/5 16837/2/5
f 16841/2/5 16837/2/5 16840/2/5
f 16841/2/5 16792/2/5 16803/2/5
f 16842/2/5 16807/2/5 16806/2/5
f 16843/2/5 16807/2/5 16842/2/5
f 16844/2/5 16830/2/5 16823/2/5
f 16845/2/5 16830/2/5 16844/2/5
f 16847/2/5 16838/2/5 16832/2/5
f 16849/2/5 16792/2/5 16841/2/5
f 16850/2/5 16792/2/5 16849/2/5
f 16852/2/5 16806/2/5 16795/2/5
f 16852/2/5 16842/2/5 16806/2/5
f 16853/2/5 16842/2/5 16852/2/5
f 16854/2/5 16842/2/5 16853/2/5
f 16855/2/5 16846/2/5 16845/2/5
f 16856/2/5 16846/2/5 16855/2/5
f 16857/2/5 16848/2/5 16847/2/5
f 16858/2/5 16848/2/5 16857/2/5
f 16859/2/5 16852/2/5 16851/2/5
f 16859/2/5 16853/2/5 16852/2/5
f 16860/2/5 16853/2/5 16859/2/5
f 16866/2/5 16847/2/5 16832/2/5
f 16866/2/5 16857/2/5 16847/2/5
f 16867/2/5 16857/2/5 16866/2/5
f 16868/2/5 16849/2/5 16841/2/5
f 16869/2/5 16849/2/5 16868/2/5
f 16871/2/5 16859/2/5 16851/2/5
f 16873/2/5 16862/2/5 16861/2/5
f 16874/2/5 16862/2/5 16873/2/5
f 16875/2/5 16865/2/5 16864/2/5
f 16875/2/5 16864/2/5 16863/2/5
f 16876/2/5 16865/2/5 16875/2/5
f 16877/2/5 16865/2/5 16876/2/5
f 16878/2/5 16865/2/5 16877/2/5
f 16879/2/5 16870/2/5 16869/2/5
f 16880/2/5 16870/2/5 16879/2/5
f 16884/2/5 16872/2/5 16871/2/5
f 16884/2/5 16871/2/5 16851/2/5
f 16885/2/5 16872/2/5 16884/2/5
f 16891/2/5 16862/2/5 16874/2/5
f 16892/2/5 16877/2/5 16876/2/5
f 16893/2/5 16877/2/5 16892/2/5
f 16894/2/5 16883/2/5 16882/2/5
f 16894/2/5 16882/2/5 16881/2/5
f 16895/2/5 16883/2/5 16894/2/5
f 16897/2/5 16872/2/5 16885/2/5
f 16898/2/5 16872/2/5 16897/2/5
f 16899/2/5 16872/2/5 16898/2/5
f 16901/2/5 16887/2/5 16886/2/5
f 16902/2/5 16887/2/5 16901/2/5
f 16903/2/5 16889/2/5 16888/2/5
f 16904/2/5 16891/2/5 16890/2/5
f 16905/2/5 16862/2/5 16891/2/5
f 16905/2/5 16891/2/5 16904/2/5
f 16906/2/5 16862/2/5 16905/2/5
f 16907/2/5 16862/2/5 16906/2/5
f 16909/2/5 16897/2/5 16896/2/5
f 16909/2/5 16898/2/5 16897/2/5
f 16910/2/5 16898/2/5 16909/2/5
f 16911/2/5 16898/2/5 16910/2/5
f 16912/2/5 16900/2/5 16899/2/5
f 16913/2/5 16900/2/5 16912/2/5
f 16914/2/5 16902/2/5 16901/2/5
f 16914/2/5 16903/2/5 16902/2/5
f 16915/2/5 16903/2/5 16914/2/5
f 16916/2/5 16889/2/5 16903/2/5
f 16916/2/5 16903/2/5 16915/2/5
f 16918/2/5 16906/2/5 16905/2/5
f 16919/2/5 16906/2/5 16918/2/5
f 16920/2/5 16909/2/5 16908/2/5
f 16920/2/5 16910/2/5 16909/2/5
f 16921/2/5 16910/2/5 16920/2/5
f 16922/2/5 16916/2/5 16915/2/5
f 16922/2/5 16917/2/5 16916/2/5
f 16926/2/5 16920/2/5 16908/2/5
f 16927/2/5 16920/2/5 16926/2/5
f 16928/2/5 16923/2/5 16922/2/5
f 16928/2/5 16922/2/5 16915/2/5
f 16929/2/5 16923/2/5 16928/2/5
f 16930/2/5 16923/2/5 16929/2/5
f 16931/2/5 16923/2/5 16930/2/5
f 16933/2/5 16925/2/5 16924/2/5
f 16934/2/5 16925/2/5 16933/2/5
f 16935/2/5 16930/2/5 16929/2/5
f 16936/2/5 16930/2/5 16935/2/5
f 16937/2/5 16933/2/5 16932/2/5
f 16938/2/5 16933/2/5 16937/2/5
f 16944/2/5 16930/2/5 16936/2/5
f 16945/2/5 16930/2/5 16944/2/5
f 16946/2/5 16939/2/5 16938/2/5
f 16947/2/5 16939/2/5 16946/2/5
f 16950/2/5 16941/2/5 16940/2/5
f 16951/2/5 16943/2/5 16942/2/5
f 16952/2/5 16943/2/5 16951/2/5
f 16953/2/5 16930/2/5 16945/2/5
f 16954/2/5 16930/2/5 16953/2/5
f 16957/2/5 16948/2/5 16947/2/5
f 16958/2/5 16948/2/5 16957/2/5
f 16961/2/5 16950/2/5 16949/2/5
f 16962/2/5 16941/2/5 16950/2/5
f 16962/2/5 16950/2/5 16961/2/5
f 16968/2/5 16956/2/5 16955/2/5
f 16969/2/5 16956/2/5 16968/2/5
f 16972/2/5 16959/2/5 16958/2/5
f 16975/2/5 16961/2/5 16960/2/5
f 16975/2/5 16964/2/5 16963/2/5
f 16975/2/5 16963/2/5 16962/2/5
f 16975/2/5 16962/2/5 16961/2/5
f 16976/2/5 16966/2/5 16965/2/5
f 16977/2/5 16966/2/5 16976/2/5
f 16978/2/5 16969/2/5 16968/2/5
f 16978/2/5 16968/2/5 16967/2/5
f 16979/2/5 16969/2/5 16978/2/5
f 16980/2/5 16971/2/5 16970/2/5
f 16981/2/5 16971/2/5 16980/2/5
f 16982/2/5 16971/2/5 16981/2/5
f 16984/2/5 16973/2/5 16972/2/5
f 16984/2/5 16972/2/5 16958/2/5
f 16985/2/5 16973/2/5 16984/2/5
f 16987/2/5 16975/2/5 16974/2/5
f 16988/2/5 16964/2/5 16975/2/5
f 16988/2/5 16975/2/5 16987/2/5
f 16989/2/5 16964/2/5 16988/2/5
f 16990/2/5 16978/2/5 16967/2/5
f 16991/2/5 16978/2/5 16990/2/5
f 16992/2/5 16983/2/5 16982/2/5
f 16992/2/5 16982/2/5 16981/2/5
f 16993/2/5 16983/2/5 16992/2/5
f 16997/2/5 16983/2/5 16993/2/5
f 16999/2/5 16988/2/5 16987/2/5
f 16999/2/5 16987/2/5 16986/2/5
f 17000/2/5 16988/2/5 16999/2/5
f 17001/2/5 16988/2/5 17000/2/5
f 17002/2/5 16988/2/5 17001/2/5
f 17003/2/5 16988/2/5 17002/2/5
f 17005/2/5 16995/2/5 16994/2/5
f 17006/2/5 16995/2/5 17005/2/5
f 17008/2/5 16990/2/5 16967/2/5
f 17009/2/5 16990/2/5 17008/2/5
f 17011/2/5 16997/2/5 16996/2/5
f 17012/2/5 16999/2/5 16998/2/5
f 17012/2/5 17000/2/5 16999/2/5
f 17013/2/5 17002/2/5 17001/2/5
f 17014/2/5 17002/2/5 17013/2/5
f 17015/2/5 17007/2/5 17006/2/5
f 17015/2/5 17005/2/5 17004/2/5
f 17015/2/5 17006/2/5 17005/2/5
f 17016/2/5 17007/2/5 17015/2/5
f 17017/2/5 17007/2/5 17016/2/5
f 17019/2/5 17008/2/5 16967/2/5
f 17020/2/5 17008/2/5 17019/2/5
f 17021/2/5 17011/2/5 17010/2/5
f 17022/2/5 16983/2/5 16997/2/5
f 17022/2/5 17011/2/5 17021/2/5
f 17022/2/5 16997/2/5 17011/2/5
f 17023/2/5 17012/2/5 16998/2/5
f 17023/2/5 17013/2/5 17012/2/5
f 17024/2/5 17013/2/5 17023/2/5
f 17025/2/5 17013/2/5 17024/2/5
f 17026/2/5 17013/2/5 17025/2/5
f 17027/2/5 17017/2/5 17016/2/5
f 17027/2/5 17018/2/5 17017/2/5
f 17028/2/5 17018/2/5 17027/2/5
f 17029/2/5 17025/2/5 17024/2/5
f 17030/2/5 17025/2/5 17029/2/5
f 17031/2/5 17018/2/5 17028/2/5
f 17032/2/5 17018/2/5 17031/2/5
f 17033/2/5 17018/2/5 17032/2/5
f 17037/2/5 17033/2/5 17032/2/5
f 17037/2/5 17034/2/5 17033/2/5
f 17040/2/5 17037/2/5 17032/2/5
f 17040/2/5 17038/2/5 17037/2/5
f 17041/2/5 17038/2/5 17040/2/5
f 17043/2/5 17040/2/5 17039/2/5
f 17043/2/5 17042/2/5 17041/2/5
f 17043/2/5 17041/2/5 17040/2/5
f 17044/2/5 17042/2/5 17043/2/5
f 17045/2/5 17042/2/5 17044/2/5
f 17046/2/5 17042/2/5 17045/2/5
f 17047/2/5 17036/2/5 17035/2/5
f 17048/2/5 17036/2/5 17047/2/5
f 17051/2/5 17045/2/5 17044/2/5
f 17052/2/5 17045/2/5 17051/2/5
f 17053/2/5 17045/2/5 17052/2/5
f 17054/2/5 17045/2/5 17053/2/5
f 17056/2/5 17050/2/5 17049/2/5
f 17057/2/5 17050/2/5 17056/2/5
f 17061/2/5 17053/2/5 17052/2/5
f 17062/2/5 17053/2/5 17061/2/5
f 17063/2/5 17045/2/5 17054/2/5
f 17067/2/5 17060/2/5 17059/2/5
f 17068/2/5 17060/2/5 17067/2/5
f 17070/2/5 17063/2/5 17062/2/5
f 17071/2/5 17045/2/5 17063/2/5
f 17071/2/5 17063/2/5 17070/2/5
f 17072/2/5 17045/2/5 17071/2/5
f 17073/2/5 17058/2/5 17057/2/5
f 17073/2/5 17057/2/5 17056/2/5
f 17073/2/5 17056/2/5 17055/2/5
f 17074/2/5 17058/2/5 17073/2/5
f 17075/2/5 17065/2/5 17064/2/5
f 17076/2/5 17065/2/5 17075/2/5
f 17078/2/5 17077/2/5 17076/2/5
f 17078/2/5 17076/2/5 17075/2/5
f 17078/2/5 17075/2/5 17074/2/5
f 17079/2/5 17077/2/5 17078/2/5
f 17080/2/5 17069/2/5 17068/2/5
f 17080/2/5 17067/2/5 17066/2/5
f 17080/2/5 17068/2/5 17067/2/5
f 17081/2/5 17069/2/5 17080/2/5
f 17082/2/5 17069/2/5 17081/2/5
f 17083/2/5 17069/2/5 17082/2/5
f 17086/2/5 17085/2/5 17084/2/5
f 17095/2/5 17086/2/5 17084/2/5
f 17095/2/5 17087/2/5 17086/2/5
f 17096/2/5 17087/2/5 17095/2/5
f 17097/2/5 17089/2/5 17088/2/5
f 17098/2/5 17093/2/5 17092/2/5
f 17099/2/5 17093/2/5 17098/2/5
f 17100/2/5 17097/2/5 17096/2/5
f 17100/2/5 17096/2/5 17095/2/5
f 17100/2/5 17095/2/5 17094/2/5
f 17101/2/5 17089/2/5 17097/2/5
f 17101/2/5 17097/2/5 17100/2/5
f 17104/2/5 17091/2/5 17090/2/5
f 17105/2/5 17102/2/5 17101/2/5
f 17105/2/5 17100/2/5 17099/2/5
f 17105/2/5 17101/2/5 17100/2/5
f 17106/2/5 17102/2/5 17105/2/5
f 17107/2/5 17102/2/5 17106/2/5
f 17108/2/5 17104/2/5 17103/2/5
f 17109/2/5 17091/2/5 17104/2/5
f 17109/2/5 17104/2/5 17108/2/5
f 17111/2/5 17107/2/5 17106/2/5
f 17111/2/5 17109/2/5 17108/2/5
f 17111/2/5 17108/2/5 17107/2/5
f 17112/2/5 17109/2/5 17111/2/5
f 17112/2/5 17111/2/5 17110/2/5
f 17113/2/5 17109/2/5 17112/2/5
f 17114/2/5 17109/2/5 17113/2/5
f 17118/2/5 17116/2/5 17115/2/5
f 17119/2/5 17116/2/5 17118/2/5
f 17124/2/5 17112/2/5 17110/2/5
f 17125/2/5 17112/2/5 17124/2/5
f 17126/2/5 17112/2/5 17125/2/5
f 17127/2/5 17114/2/5 17113/2/5
f 17128/2/5 17114/2/5 17127/2/5
f 17130/2/5 17118/2/5 17117/2/5
f 17130/2/5 17119/2/5 17118/2/5
f 17130/2/5 17120/2/5 17119/2/5
f 17132/2/5 17123/2/5 17122/2/5
f 17132/2/5 17122/2/5 17121/2/5
f 17133/2/5 17127/2/5 17113/2/5
f 17134/2/5 17127/2/5 17133/2/5
f 17135/2/5 17130/2/5 17129/2/5
f 17136/2/5 17120/2/5 17130/2/5
f 17136/2/5 17130/2/5 17135/2/5
f 17137/2/5 17132/2/5 17131/2/5
f 17137/2/5 17123/2/5 17132/2/5
f 17138/2/5 17123/2/5 17137/2/5
f 17140/2/5 17133/2/5 17113/2/5
f 17143/2/5 17137/2/5 17131/2/5
f 17144/2/5 17137/2/5 17143/2/5
f 17145/2/5 17137/2/5 17144/2/5
f 17149/2/5 17140/2/5 17139/2/5
f 17149/2/5 17133/2/5 17140/2/5
f 17150/2/5 17133/2/5 17149/2/5
f 17153/2/5 17142/2/5 17141/2/5
f 17154/2/5 17142/2/5 17153/2/5
f 17157/2/5 17146/2/5 17145/2/5
f 17157/2/5 17145/2/5 17144/2/5
f 17160/2/5 17148/2/5 17147/2/5
f 17161/2/5 17148/2/5 17160/2/5
f 17162/2/5 17149/2/5 17139/2/5
f 17163/2/5 17149/2/5 17162/2/5
f 17164/2/5 17152/2/5 17151/2/5
f 17166/2/5 17155/2/5 17154/2/5
f 17167/2/5 17155/2/5 17166/2/5
f 17168/2/5 17155/2/5 17167/2/5
f 17170/2/5 17120/2/5 17136/2/5
f 17171/2/5 17120/2/5 17170/2/5
f 17173/2/5 17157/2/5 17156/2/5
f 17174/2/5 17159/2/5 17158/2/5
f 17175/2/5 17159/2/5 17174/2/5
f 17176/2/5 17159/2/5 17175/2/5
f 17178/2/5 17165/2/5 17164/2/5
f 17178/2/5 17164/2/5 17151/2/5
f 17179/2/5 17165/2/5 17178/2/5
f 17181/2/5 17169/2/5 17168/2/5
f 17181/2/5 17168/2/5 17167/2/5
f 17182/2/5 17169/2/5 17181/2/5
f 17183/2/5 17120/2/5 17171/2/5
f 17184/2/5 17120/2/5 17183/2/5
f 17185/2/5 17173/2/5 17172/2/5
f 17186/2/5 17177/2/5 17176/2/5
f 17186/2/5 17176/2/5 17175/2/5
f 17189/2/5 17180/2/5 17179/2/5
f 17192/2/5 17186/2/5 17175/2/5
f 17193/2/5 17186/2/5 17192/2/5
f 17194/2/5 17186/2/5 17193/2/5
f 17195/2/5 17186/2/5 17194/2/5
f 17196/2/5 17188/2/5 17187/2/5
f 17197/2/5 17188/2/5 17196/2/5
f 17198/2/5 17190/2/5 17189/2/5
f 17198/2/5 17189/2/5 17179/2/5
f 17199/2/5 17190/2/5 17198/2/5
f 17201/2/5 17185/2/5 17184/2/5
f 17201/2/5 17173/2/5 17185/2/5
f 17201/2/5 17157/2/5 17173/2/5
f 17202/2/5 17146/2/5 17157/2/5
f 17202/2/5 17157/2/5 17201/2/5
f 17203/2/5 17146/2/5 17202/2/5
f 17204/2/5 17192/2/5 17191/2/5
f 17205/2/5 17192/2/5 17204/2/5
f 17206/2/5 17194/2/5 17193/2/5
f 17207/2/5 17194/2/5 17206/2/5
f 17208/2/5 17200/2/5 17199/2/5
f 17208/2/5 17199/2/5 17198/2/5
f 17208/2/5 17198/2/5 17197/2/5
f 17209/2/5 17200/2/5 17208/2/5
f 17210/2/5 17200/2/5 17209/2/5
f 17211/2/5 17200/2/5 17210/2/5
f 17212/2/5 17200/2/5 17211/2/5
f 17213/2/5 17206/2/5 17205/2/5
f 17213/2/5 17205/2/5 17204/2/5
f 17213/2/5 17203/2/5 17202/2/5
f 17213/2/5 17204/2/5 17203/2/5
f 17214/2/5 17206/2/5 17213/2/5
f 17215/2/5 17206/2/5 17214/2/5
f 17216/2/5 17206/2/5 17215/2/5
f 17217/2/5 17210/2/5 17209/2/5
f 17218/2/5 17212/2/5 17211/2/5
f 17219/2/5 17212/2/5 17218/2/5
f 17220/2/5 17212/2/5 17219/2/5
f 17221/2/5 17201/2/5 17184/2/5
f 17222/2/5 17215/2/5 17214/2/5
f 17223/2/5 17215/2/5 17222/2/5
f 17224/2/5 17217/2/5 17209/2/5
f 17224/2/5 17219/2/5 17218/2/5
f 17224/2/5 17218/2/5 17217/2/5
f 17225/2/5 17219/2/5 17224/2/5
f 17226/2/5 17212/2/5 17220/2/5
f 17227/2/5 17212/2/5 17226/2/5
f 17228/2/5 17201/2/5 17221/2/5
f 17229/2/5 17201/2/5 17228/2/5
f 17231/2/5 17219/2/5 17225/2/5
f 17232/2/5 17219/2/5 17231/2/5
f 17233/2/5 17219/2/5 17232/2/5
f 17234/2/5 17226/2/5 17220/2/5
f 17235/2/5 17226/2/5 17234/2/5
f 17236/2/5 17230/2/5 17229/2/5
f 17237/2/5 17230/2/5 17236/2/5
f 17238/2/5 17233/2/5 17232/2/5
f 17238/2/5 17235/2/5 17234/2/5
f 17238/2/5 17234/2/5 17233/2/5
f 17239/2/5 17235/2/5 17238/2/5
f 17240/2/5 17235/2/5 17239/2/5
f 17241/2/5 17235/2/5 17240/2/5
f 17245/2/5 17240/2/5 17239/2/5
f 17246/2/5 17240/2/5 17245/2/5
f 17247/2/5 17243/2/5 17242/2/5
f 17248/2/5 17243/2/5 17247/2/5
f 17249/2/5 17245/2/5 17244/2/5
f 17250/2/5 17245/2/5 17249/2/5
f 17256/2/5 17252/2/5 17251/2/5
f 17257/2/5 17254/2/5 17253/2/5
f 17258/2/5 17254/2/5 17257/2/5
f 17259/2/5 17256/2/5 17255/2/5
f 17259/2/5 17252/2/5 17256/2/5
f 17260/2/5 17252/2/5 17259/2/5
f 17262/2/5 17259/2/5 17255/2/5
f 17264/2/5 17262/2/5 17261/2/5
f 17268/2/5 17264/2/5 17263/2/5
f 17269/2/5 17259/2/5 17262/2/5
f 17269/2/5 17264/2/5 17268/2/5
f 17269/2/5 17262/2/5 17264/2/5
f 17270/2/5 17266/2/5 17265/2/5
f 17270/2/5 17267/2/5 17266/2/5
f 17271/2/5 17269/2/5 17268/2/5
f 17271/2/5 17270/2/5 17269/2/5
f 17271/2/5 17267/2/5 17270/2/5
f 17272/2/5 17267/2/5 17271/2/5
f 17273/2/5 17271/2/5 17268/2/5
f 17274/2/5 17271/2/5 17273/2/5
f 17275/2/5 17271/2/5 17274/2/5
f 17276/2/5 17271/2/5 17275/2/5
f 17278/2/5 17274/2/5 17273/2/5
f 17279/2/5 17274/2/5 17278/2/5
f 17280/2/5 17277/2/5 17276/2/5
f 17280/2/5 17276/2/5 17275/2/5
f 17281/2/5 17277/2/5 17280/2/5
f 17282/2/5 17277/2/5 17281/2/5
f 17283/2/5 17277/2/5 17282/2/5
f 17285/2/5 17282/2/5 17281/2/5
f 17286/2/5 17282/2/5 17285/2/5
f 17287/2/5 17282/2/5 17286/2/5
f 17288/2/5 17282/2/5 17287/2/5
f 17289/2/5 17284/2/5 17283/2/5
f 17290/2/5 17284/2/5 17289/2/5
f 17291/2/5 17278/2/5 17273/2/5
f 17292/2/5 17278/2/5 17291/2/5
f 17293/2/5 17285/2/5 17281/2/5
f 17294/2/5 17285/2/5 17293/2/5
f 17295/2/5 17287/2/5 17286/2/5
f 17296/2/5 17287/2/5 17295/2/5
f 17297/2/5 17287/2/5 17296/2/5
f 17298/2/5 17287/2/5 17297/2/5
f 17302/2/5 17300/2/5 17299/2/5
f 17302/2/5 17301/2/5 17300/2/5
f 17304/2/5 17302/2/5 17299/2/5
f 17304/2/5 17303/2/5 17302/2/5
f 17305/2/5 17303/2/5 17304/2/5
f 17306/2/5 17303/2/5 17305/2/5
f 17307/2/5 17303/2/5 17306/2/5
f 17315/2/5 17309/2/5 17308/2/5
f 17316/2/5 17311/2/5 17310/2/5
f 17317/2/5 17311/2/5 17316/2/5
f 17318/2/5 17313/2/5 17312/2/5
f 17320/2/5 17315/2/5 17314/2/5
f 17320/2/5 17309/2/5 17315/2/5
f 17321/2/5 17309/2/5 17320/2/5
f 17322/2/5 17319/2/5 17318/2/5
f 17326/2/5 17320/2/5 17314/2/5
f 17327/2/5 17320/2/5 17326/2/5
f 17328/2/5 17322/2/5 17318/2/5
f 17328/2/5 17323/2/5 17322/2/5
f 17329/2/5 17323/2/5 17328/2/5
f 17331/2/5 17325/2/5 17324/2/5
f 17332/2/5 17325/2/5 17331/2/5
f 17333/2/5 17320/2/5 17327/2/5
f 17335/2/5 17318/2/5 17312/2/5
f 17335/2/5 17328/2/5 17318/2/5
f 17336/2/5 17328/2/5 17335/2/5
f 17337/2/5 17331/2/5 17330/2/5
f 17339/2/5 17334/2/5 17333/2/5
f 17339/2/5 17333/2/5 17327/2/5
f 17340/2/5 17334/2/5 17339/2/5
f 17341/2/5 17335/2/5 17312/2/5
f 17342/2/5 17335/2/5 17341/2/5
f 17345/2/5 17338/2/5 17337/2/5
f 17345/2/5 17337/2/5 17330/2/5
f 17346/2/5 17338/2/5 17345/2/5
f 17348/2/5 17344/2/5 17343/2/5
f 17349/2/5 17344/2/5 17348/2/5
f 17350/2/5 17345/2/5 17330/2/5
f 17351/2/5 17345/2/5 17350/2/5
f 17352/2/5 17347/2/5 17346/2/5
f 17353/2/5 17347/2/5 17352/2/5
f 17359/2/5 17355/2/5 17354/2/5
f 17360/2/5 17355/2/5 17359/2/5
f 17363/2/5 17362/2/5 17361/2/5
f 17364/2/5 17362/2/5 17363/2/5
f 17366/2/5 17358/2/5 17357/2/5
f 17366/2/5 17357/2/5 17356/2/5
f 17367/2/5 17358/2/5 17366/2/5
f 17368/2/5 17358/2/5 17367/2/5
f 17372/2/5 17366/2/5 17365/2/5
f 17373/2/5 17366/2/5 17372/2/5
f 17374/2/5 17369/2/5 17368/2/5
f 17374/2/5 17368/2/5 17367/2/5
f 17375/2/5 17369/2/5 17374/2/5
f 17376/2/5 17369/2/5 17375/2/5
f 17378/2/5 17371/2/5 17370/2/5
f 17379/2/5 17371/2/5 17378/2/5
f 17380/2/5 17371/2/5 17379/2/5
f 17381/2/5 17369/2/5 17376/2/5
f 17382/2/5 17369/2/5 17381/2/5
f 17383/2/5 17379/2/5 17378/2/5
f 17383/2/5 17378/2/5 17377/2/5
f 17384/2/5 17379/2/5 17383/2/5
f 17391/2/5 17375/2/5 17374/2/5
f 17392/2/5 17375/2/5 17391/2/5
f 17393/2/5 17369/2/5 17382/2/5
f 17394/2/5 17369/2/5 17393/2/5
f 17395/2/5 17379/2/5 17384/2/5
f 17396/2/5 17379/2/5 17395/2/5
f 17398/2/5 17386/2/5 17385/2/5
f 17399/2/5 17386/2/5 17398/2/5
f 17400/2/5 17386/2/5 17399/2/5
f 17402/2/5 17390/2/5 17389/2/5
f 17402/2/5 17388/2/5 17387/2/5
f 17402/2/5 17389/2/5 17388/2/5
f 17403/2/5 17390/2/5 17402/2/5
f 17404/2/5 17390/2/5 17403/2/5
f 17405/2/5 17391/2/5 17374/2/5
f 17406/2/5 17391/2/5 17405/2/5
f 17409/2/5 17386/2/5 17400/2/5
f 17410/2/5 17386/2/5 17409/2/5
f 17411/2/5 17403/2/5 17402/2/5
f 17411/2/5 17402/2/5 17401/2/5
f 17412/2/5 17403/2/5 17411/2/5
f 17414/2/5 17408/2/5 17407/2/5
f 17415/2/5 17399/2/5 17398/2/5
f 17415/2/5 17398/2/5 17397/2/5
f 17416/2/5 17399/2/5 17415/2/5
f 17417/2/5 17386/2/5 17410/2/5
f 17418/2/5 17386/2/5 17417/2/5
f 17419/2/5 17403/2/5 17412/2/5
f 17420/2/5 17403/2/5 17419/2/5
f 17421/2/5 17414/2/5 17413/2/5
f 17422/2/5 17408/2/5 17414/2/5
f 17422/2/5 17414/2/5 17421/2/5
f 17423/2/5 17415/2/5 17397/2/5
f 17424/2/5 17415/2/5 17423/2/5
f 17431/2/5 17408/2/5 17422/2/5
f 17432/2/5 17408/2/5 17431/2/5
f 17434/2/5 17426/2/5 17425/2/5
f 17435/2/5 17429/2/5 17428/2/5
f 17435/2/5 17428/2/5 17427/2/5
f 17438/2/5 17431/2/5 17430/2/5
f 17439/2/5 17434/2/5 17433/2/5
f 17440/2/5 17426/2/5 17434/2/5
f 17440/2/5 17434/2/5 17439/2/5
f 17441/2/5 17436/2/5 17435/2/5
f 17441/2/5 17435/2/5 17427/2/5
f 17442/2/5 17436/2/5 17441/2/5
f 17443/2/5 17436/2/5 17442/2/5
f 17445/2/5 17438/2/5 17437/2/5
f 17446/2/5 17431/2/5 17438/2/5
f 17446/2/5 17438/2/5 17445/2/5
f 17451/2/5 17426/2/5 17440/2/5
f 17452/2/5 17426/2/5 17451/2/5
f 17453/2/5 17444/2/5 17443/2/5
f 17453/2/5 17443/2/5 17442/2/5
f 17455/2/5 17431/2/5 17446/2/5
f 17456/2/5 17431/2/5 17455/2/5
f 17457/2/5 17449/2/5 17448/2/5
f 17457/2/5 17448/2/5 17447/2/5
f 17460/2/5 17451/2/5 17450/2/5
f 17463/2/5 17454/2/5 17453/2/5
f 17463/2/5 17453/2/5 17442/2/5
f 17464/2/5 17454/2/5 17463/2/5
f 17467/2/5 17458/2/5 17457/2/5
f 17467/2/5 17457/2/5 17447/2/5
f 17468/2/5 17458/2/5 17467/2/5
f 17469/2/5 17458/2/5 17468/2/5
f 17471/2/5 17460/2/5 17459/2/5
f 17472/2/5 17451/2/5 17460/2/5
f 17472/2/5 17460/2/5 17471/2/5
f 17473/2/5 17462/2/5 17461/2/5
f 17477/2/5 17466/2/5 17465/2/5
f 17478/2/5 17466/2/5 17477/2/5
f 17479/2/5 17470/2/5 17469/2/5
f 17479/2/5 17469/2/5 17468/2/5
f 17481/2/5 17451/2/5 17472/2/5
f 17482/2/5 17451/2/5 17481/2/5
f 17483/2/5 17474/2/5 17473/2/5
f 17483/2/5 17473/2/5 17461/2/5
f 17484/2/5 17474/2/5 17483/2/5
f 17485/2/5 17480/2/5 17479/2/5
f 17485/2/5 17479/2/5 17468/2/5
f 17486/2/5 17480/2/5 17485/2/5
f 17489/2/5 17483/2/5 17461/2/5
f 17490/2/5 17483/2/5 17489/2/5
f 17492/2/5 17476/2/5 17475/2/5
f 17493/2/5 17476/2/5 17492/2/5
f 17494/2/5 17476/2/5 17493/2/5
f 17495/2/5 17488/2/5 17487/2/5
f 17496/2/5 17488/2/5 17495/2/5
f 17503/2/5 17493/2/5 17492/2/5
f 17503/2/5 17492/2/5 17491/2/5
f 17504/2/5 17493/2/5 17503/2/5
f 17506/2/5 17498/2/5 17497/2/5
f 17507/2/5 17498/2/5 17506/2/5
f 17508/2/5 17500/2/5 17499/2/5
f 17509/2/5 17500/2/5 17508/2/5
f 17512/2/5 17502/2/5 17501/2/5
f 17513/2/5 17502/2/5 17512/2/5
f 17516/2/5 17510/2/5 17509/2/5
f 17516/2/5 17507/2/5 17506/2/5
f 17516/2/5 17506/2/5 17505/2/5
f 17516/2/5 17508/2/5 17507/2/5
f 17516/2/5 17509/2/5 17508/2/5
f 17517/2/5 17510/2/5 17516/2/5
f 17518/2/5 17510/2/5 17517/2/5
f 17519/2/5 17514/2/5 17513/2/5
f 17519/2/5 17513/2/5 17512/2/5
f 17519/2/5 17512/2/5 17511/2/5
f 17520/2/5 17514/2/5 17519/2/5
f 17524/2/5 17517/2/5 17516/2/5
f 17524/2/5 17516/2/5 17515/2/5
f 17525/2/5 17517/2/5 17524/2/5
f 17526/2/5 17517/2/5 17525/2/5
f 17527/2/5 17517/2/5 17526/2/5
f 17528/2/5 17522/2/5 17521/2/5
f 17529/2/5 17522/2/5 17528/2/5
f 17530/2/5 17522/2/5 17529/2/5
f 17532/2/5 17524/2/5 17523/2/5
f 17533/2/5 17524/2/5 17532/2/5
f 17534/2/5 17526/2/5 17525/2/5
f 17535/2/5 17526/2/5 17534/2/5
f 17538/2/5 17519/2/5 17511/2/5
f 17540/2/5 17531/2/5 17530/2/5
f 17540/2/5 17530/2/5 17529/2/5
f 17541/2/5 17531/2/5 17540/2/5
f 17545/2/5 17537/2/5 17536/2/5
f 17546/2/5 17537/2/5 17545/2/5
f 17548/2/5 17539/2/5 17538/2/5
f 17548/2/5 17538/2/5 17511/2/5
f 17549/2/5 17539/2/5 17548/2/5
f 17550/2/5 17539/2/5 17549/2/5
f 17551/2/5 17539/2/5 17550/2/5
f 17552/2/5 17540/2/5 17529/2/5
f 17553/2/5 17540/2/5 17552/2/5
f 17555/2/5 17544/2/5 17543/2/5
f 17556/2/5 17544/2/5 17555/2/5
f 17558/2/5 17547/2/5 17546/2/5
f 17559/2/5 17547/2/5 17558/2/5
f 17561/2/5 17550/2/5 17549/2/5
f 17562/2/5 17550/2/5 17561/2/5
f 17564/2/5 17552/2/5 17529/2/5
f 17565/2/5 17552/2/5 17564/2/5
f 17566/2/5 17542/2/5 17541/2/5
f 17567/2/5 17542/2/5 17566/2/5
f 17568/2/5 17555/2/5 17554/2/5
f 17569/2/5 17555/2/5 17568/2/5
f 17570/2/5 17560/2/5 17559/2/5
f 17570/2/5 17558/2/5 17557/2/5
f 17570/2/5 17559/2/5 17558/2/5
f 17571/2/5 17560/2/5 17570/2/5
f 17574/2/5 17550/2/5 17562/2/5
f 17575/2/5 17550/2/5 17574/2/5
f 17577/2/5 17564/2/5 17563/2/5
f 17578/2/5 17564/2/5 17577/2/5
f 17579/2/5 17564/2/5 17578/2/5
f 17582/2/5 17560/2/5 17571/2/5
f 17583/2/5 17560/2/5 17582/2/5
f 17584/2/5 17560/2/5 17583/2/5
f 17585/2/5 17573/2/5 17572/2/5
f 17586/2/5 17573/2/5 17585/2/5
f 17590/2/5 17578/2/5 17577/2/5
f 17590/2/5 17577/2/5 17576/2/5
f 17591/2/5 17578/2/5 17590/2/5
f 17594/2/5 17581/2/5 17580/2/5
f 17594/2/5 17582/2/5 17581/2/5
f 17594/2/5 17583/2/5 17582/2/5
f 17595/2/5 17583/2/5 17594/2/5
f 17596/2/5 17583/2/5 17595/2/5
f 17597/2/5 17583/2/5 17596/2/5
f 17598/2/5 17573/2/5 17586/2/5
f 17600/2/5 17588/2/5 17587/2/5
f 17601/2/5 17588/2/5 17600/2/5
f 17602/2/5 17593/2/5 17592/2/5
f 17603/2/5 17596/2/5 17595/2/5
f 17604/2/5 17596/2/5 17603/2/5
f 17606/2/5 17599/2/5 17598/2/5
f 17606/2/5 17598/2/5 17586/2/5
f 17607/2/5 17588/2/5 17601/2/5
f 17608/2/5 17588/2/5 17607/2/5
f 17609/2/5 17590/2/5 17589/2/5
f 17610/2/5 17590/2/5 17609/2/5
f 17611/2/5 17593/2/5 17602/2/5
f 17612/2/5 17593/2/5 17611/2/5
f 17613/2/5 17593/2/5 17612/2/5
f 17614/2/5 17593/2/5 17613/2/5
f 17615/2/5 17596/2/5 17604/2/5
f 17616/2/5 17596/2/5 17615/2/5
f 17617/2/5 17609/2/5 17589/2/5
f 17618/2/5 17609/2/5 17617/2/5
f 17619/2/5 17613/2/5 17612/2/5
f 17620/2/5 17613/2/5 17619/2/5
f 17623/2/5 17606/2/5 17605/2/5
f 17623/2/5 17599/2/5 17606/2/5
f 17624/2/5 17599/2/5 17623/2/5
f 17626/2/5 17622/2/5 17621/2/5
f 17627/2/5 17626/2/5 17625/2/5
f 17628/2/5 17622/2/5 17626/2/5
f 17628/2/5 17626/2/5 17627/2/5
f 17631/2/5 17623/2/5 17605/2/5
f 17632/2/5 17623/2/5 17631/2/5
f 17633/2/5 17622/2/5 17628/2/5
f 17634/2/5 17622/2/5 17633/2/5
f 17635/2/5 17630/2/5 17629/2/5
f 17636/2/5 17630/2/5 17635/2/5
f 17637/2/5 17630/2/5 17636/2/5
f 17640/2/5 17635/2/5 17634/2/5
f 17640/2/5 17636/2/5 17635/2/5
f 17641/2/5 17636/2/5 17640/2/5
f 17642/2/5 17639/2/5 17638/2/5
f 17645/2/5 17636/2/5 17641/2/5
f 17646/2/5 17636/2/5 17645/2/5
f 17647/2/5 17642/2/5 17638/2/5
f 17647/2/5 17643/2/5 17642/2/5
f 17648/2/5 17643/2/5 17647/2/5
f 17649/2/5 17643/2/5 17648/2/5
f 17650/2/5 17643/2/5 17649/2/5
f 17651/2/5 17643/2/5 17650/2/5
f 17652/2/5 17645/2/5 17644/2/5
f 17653/2/5 17645/2/5 17652/2/5
f 17657/2/5 17655/2/5 17654/2/5
f 17658/2/5 17655/2/5 17657/2/5
f 17660/2/5 17657/2/5 17656/2/5
f 17660/2/5 17659/2/5 17658/2/5
f 17660/2/5 17658/2/5 17657/2/5
f 17661/2/5 17659/2/5 17660/2/5
f 17662/2/5 17659/2/5 17661/2/5
f 17663/2/5 17659/2/5 17662/2/5
f 17666/2/5 17662/2/5 17661/2/5
f 17667/2/5 17662/2/5 17666/2/5
f 17669/2/5 17665/2/5 17664/2/5
f 17670/2/5 17665/2/5 17669/2/5
f 17671/2/5 17669/2/5 17668/2/5
f 17672/2/5 17669/2/5 17671/2/5
f 17678/2/5 17676/2/5 17675/2/5
f 17679/2/5 17676/2/5 17678/2/5
f 17680/2/5 17674/2/5 17673/2/5
f 17681/2/5 17678/2/5 17677/2/5
f 17682/2/5 17678/2/5 17681/2/5
f 17690/2/5 17680/2/5 17673/2/5
f 17690/2/5 17681/2/5 17680/2/5
f 17690/2/5 17682/2/5 17681/2/5
f 17690/2/5 17683/2/5 17682/2/5
f 17691/2/5 17683/2/5 17690/2/5
f 17694/2/5 17687/2/5 17686/2/5
f 17695/2/5 17687/2/5 17694/2/5
f 17696/2/5 17689/2/5 17688/2/5
f 17697/2/5 17689/2/5 17696/2/5
f 17698/2/5 17691/2/5 17690/2/5
f 17698/2/5 17692/2/5 17691/2/5
f 17699/2/5 17692/2/5 17698/2/5
f 17700/2/5 17692/2/5 17699/2/5
f 17701/2/5 17692/2/5 17700/2/5
f 17702/2/5 17685/2/5 17684/2/5
f 17703/2/5 17694/2/5 17693/2/5
f 17704/2/5 17694/2/5 17703/2/5
f 17706/2/5 17700/2/5 17699/2/5
f 17707/2/5 17700/2/5 17706/2/5
f 17710/2/5 17705/2/5 17704/2/5
f 17710/2/5 17702/2/5 17684/2/5
f 17710/2/5 17703/2/5 17702/2/5
f 17710/2/5 17704/2/5 17703/2/5
f 17711/2/5 17705/2/5 17710/2/5
f 17713/2/5 17706/2/5 17699/2/5
f 17715/2/5 17709/2/5 17708/2/5
f 17716/2/5 17709/2/5 17715/2/5
f 17717/2/5 17712/2/5 17711/2/5
f 17717/2/5 17711/2/5 17710/2/5
f 17718/2/5 17712/2/5 17717/2/5
f 17719/2/5 17712/2/5 17718/2/5
f 17720/2/5 17712/2/5 17719/2/5
f 17723/2/5 17714/2/5 17713/2/5
f 17723/2/5 17713/2/5 17699/2/5
f 17724/2/5 17714/2/5 17723/2/5
f 17725/2/5 17719/2/5 17718/2/5
f 17726/2/5 17719/2/5 17725/2/5
f 17727/2/5 17722/2/5 17721/2/5
f 17728/2/5 17722/2/5 17727/2/5
f 17729/2/5 17722/2/5 17728/2/5
f 17730/2/5 17723/2/5 17699/2/5
f 17731/2/5 17723/2/5 17730/2/5
f 17732/2/5 17723/2/5 17731/2/5
f 17733/2/5 17725/2/5 17718/2/5
f 17735/2/5 17729/2/5 17728/2/5
f 17735/2/5 17731/2/5 17730/2/5
f 17735/2/5 17730/2/5 17729/2/5
f 17736/2/5 17731/2/5 17735/2/5
f 17737/2/5 17731/2/5 17736/2/5
f 17741/2/5 17734/2/5 17733/2/5
f 17741/2/5 17733/2/5 17718/2/5
f 17742/2/5 17734/2/5 17741/2/5
f 17743/2/5 17737/2/5 17736/2/5
f 17743/2/5 17738/2/5 17737/2/5
f 17744/2/5 17738/2/5 17743/2/5
f 17745/2/5 17738/2/5 17744/2/5
f 17747/2/5 17740/2/5 17739/2/5
f 17748/2/5 17740/2/5 17747/2/5
f 17749/2/5 17740/2/5 17748/2/5
f 17750/2/5 17741/2/5 17718/2/5
f 17751/2/5 17741/2/5 17750/2/5
f 17752/2/5 17741/2/5 17751/2/5
f 17753/2/5 17745/2/5 17744/2/5
f 17753/2/5 17746/2/5 17745/2/5
f 17754/2/5 17746/2/5 17753/2/5
f 17755/2/5 17746/2/5 17754/2/5
f 17756/2/5 17746/2/5 17755/2/5
f 17757/2/5 17751/2/5 17750/2/5
f 17757/2/5 17749/2/5 17748/2/5
f 17757/2/5 17750/2/5 17749/2/5
f 17758/2/5 17751/2/5 17757/2/5
f 17759/2/5 17751/2/5 17758/2/5
f 17761/2/5 17760/2/5 17759/2/5
f 17761/2/5 17759/2/5 17758/2/5
f 17762/2/5 17760/2/5 17761/2/5
f 17763/2/5 17760/2/5 17762/2/5
f 17767/2/5 17763/2/5 17762/2/5
f 17767/2/5 17764/2/5 17763/2/5
f 17768/2/5 17764/2/5 17767/2/5
f 17769/2/5 17764/2/5 17768/2/5
f 17770/2/5 17764/2/5 17769/2/5
f 17771/2/5 17766/2/5 17765/2/5
f 17772/2/5 17766/2/5 17771/2/5
f 17776/2/5 17775/2/5 17774/2/5
f 17776/2/5 17774/2/5 17773/2/5
f 17777/2/5 17775/2/5 17776/2/5
f 17784/2/5 17778/2/5 17777/2/5
f 17785/2/5 17780/2/5 17779/2/5
f 17786/2/5 17780/2/5 17785/2/5
f 17793/2/5 17785/2/5 17784/2/5
f 17795/2/5 17788/2/5 17787/2/5
f 17796/2/5 17788/2/5 17795/2/5
f 17799/2/5 17790/2/5 17789/2/5
f 17800/2/5 17790/2/5 17799/2/5
f 17801/2/5 17792/2/5 17791/2/5
f 17802/2/5 17792/2/5 17801/2/5
f 17803/2/5 17783/2/5 17782/2/5
f 17803/2/5 17782/2/5 17781/2/5
f 17804/2/5 17783/2/5 17803/2/5
f 17807/2/5 17801/2/5 17800/2/5
f 17807/2/5 17800/2/5 17799/2/5
f 17807/2/5 17798/2/5 17797/2/5
f 17807/2/5 17799/2/5 17798/2/5
f 17808/2/5 17801/2/5 17807/2/5
f 17809/2/5 17801/2/5 17808/2/5
f 17813/2/5 17805/2/5 17804/2/5
f 17814/2/5 17805/2/5 17813/2/5
f 17815/2/5 17777/2/5 17776/2/5
f 17815/2/5 17784/2/5 17777/2/5
f 17815/2/5 17794/2/5 17793/2/5
f 17815/2/5 17793/2/5 17784/2/5
f 17817/2/5 17807/2/5 17806/2/5
f 17817/2/5 17808/2/5 17807/2/5
f 17818/2/5 17808/2/5 17817/2/5
f 17819/2/5 17808/2/5 17818/2/5
f 17820/2/5 17811/2/5 17810/2/5
f 17821/2/5 17811/2/5 17820/2/5
f 17822/2/5 17814/2/5 17813/2/5
f 17822/2/5 17813/2/5 17812/2/5
f 17822/2/5 17815/2/5 17814/2/5
f 17822/2/5 17794/2/5 17815/2/5
f 17823/2/5 17794/2/5 17822/2/5
f 17824/2/5 17818/2/5 17817/2/5
f 17824/2/5 17817/2/5 17816/2/5
f 17825/2/5 17818/2/5 17824/2/5
f 17827/2/5 17822/2/5 17812/2/5
f 17828/2/5 17822/2/5 17827/2/5
f 17829/2/5 17822/2/5 17828/2/5
f 17830/2/5 17822/2/5 17829/2/5
f 17832/2/5 17826/2/5 17825/2/5
f 17832/2/5 17825/2/5 17824/2/5
f 17833/2/5 17826/2/5 17832/2/5
f 17837/2/5 17829/2/5 17828/2/5
f 17838/2/5 17829/2/5 17837/2/5
f 17839/2/5 17829/2/5 17838/2/5
f 17840/2/5 17829/2/5 17839/2/5
f 17842/2/5 17832/2/5 17831/2/5
f 17842/2/5 17833/2/5 17832/2/5
f 17842/2/5 17834/2/5 17833/2/5
f 17843/2/5 17834/2/5 17842/2/5
f 17844/2/5 17834/2/5 17843/2/5
f 17845/2/5 17836/2/5 17835/2/5
f 17846/2/5 17836/2/5 17845/2/5
f 17848/2/5 17842/2/5 17841/2/5
f 17849/2/5 17842/2/5 17848/2/5
f 17850/2/5 17844/2/5 17843/2/5
f 17850/2/5 17847/2/5 17846/2/5
f 17850/2/5 17846/2/5 17845/2/5
f 17850/2/5 17845/2/5 17844/2/5
f 17852/2/5 17839/2/5 17838/2/5
f 17853/2/5 17839/2/5 17852/2/5
f 17855/2/5 17851/2/5 17850/2/5
f 17855/2/5 17850/2/5 17843/2/5
f 17856/2/5 17851/2/5 17855/2/5
f 17859/2/5 17856/2/5 17855/2/5
f 17859/2/5 17855/2/5 17854/2/5
f 17860/2/5 17856/2/5 17859/2/5
f 17861/2/5 17856/2/5 17860/2/5
f 17862/2/5 17856/2/5 17861/2/5
f 17863/2/5 17856/2/5 17862/2/5
f 17864/2/5 17856/2/5 17863/2/5
f 17865/2/5 17858/2/5 17857/2/5
f 17866/2/5 17858/2/5 17865/2/5
f 17867/2/5 17859/2/5 17854/2/5
f 17868/2/5 17859/2/5 17867/2/5
f 17869/2/5 17863/2/5 17862/2/5
f 17870/2/5 17863/2/5 17869/2/5
f 17871/2/5 17861/2/5 17860/2/5
f 17872/2/5 17861/2/5 17871/2/5
f 17873/2/5 17871/2/5 17860/2/5
f 17874/2/5 17871/2/5 17873/2/5
f 17877/2/5 17876/2/5 17875/2/5
f 17878/2/5 17876/2/5 17877/2/5
f 17882/2/5 17880/2/5 17879/2/5
f 17883/2/5 17880/2/5 17882/2/5
f 17884/2/5 17882/2/5 17881/2/5
f 17884/2/5 17883/2/5 17882/2/5
f 17885/2/5 17883/2/5 17884/2/5
f 17888/2/5 17884/2/5 17881/2/5
f 17889/2/5 17884/2/5 17888/2/5
f 17891/2/5 17887/2/5 17886/2/5
f 17892/2/5 17887/2/5 17891/2/5
f 17895/2/5 17891/2/5 17890/2/5
f 17895/2/5 17892/2/5 17891/2/5
f 17896/2/5 17892/2/5 17895/2/5
f 17898/2/5 17894/2/5 17893/2/5
f 17899/2/5 17894/2/5 17898/2/5
f 17901/2/5 17895/2/5 17890/2/5
f 17902/2/5 17895/2/5 17901/2/5
f 17906/2/5 17904/2/5 17903/2/5
f 17907/2/5 17904/2/5 17906/2/5
f 17909/2/5 17900/2/5 17899/2/5
f 17909/2/5 17899/2/5 17898/2/5
f 17909/2/5 17898/2/5 17897/2/5
f 17910/2/5 17900/2/5 17909/2/5
f 17911/2/5 17909/2/5 17897/2/5
f 17912/2/5 17909/2/5 17911/2/5
f 17913/2/5 17900/2/5 17910/2/5
f 17914/2/5 17900/2/5 17913/2/5
f 17915/2/5 17908/2/5 17907/2/5
f 17915/2/5 17907/2/5 17906/2/5
f 17915/2/5 17906/2/5 17905/2/5
f 17916/2/5 17908/2/5 17915/2/5
f 17917/2/5 17915/2/5 17905/2/5
f 17918/2/5 17915/2/5 17917/2/5
f 17919/2/5 17908/2/5 17916/2/5
f 17920/2/5 17908/2/5 17919/2/5
f 17924/2/5 17922/2/5 17921/2/5
f 17930/2/5 17924/2/5 17923/2/5
f 17931/2/5 17922/2/5 17924/2/5
f 17931/2/5 17924/2/5 17930/2/5
f 17933/2/5 17926/2/5 17925/2/5
f 17934/2/5 17928/2/5 17927/2/5
f 17935/2/5 17933/2/5 17925/2/5
f 17935/2/5 17934/2/5 17933/2/5
f 17936/2/5 17934/2/5 17935/2/5
f 17937/2/5 17934/2/5 17936/2/5
f 17938/2/5 17928/2/5 17934/2/5
f 17938/2/5 17934/2/5 17937/2/5
f 17941/2/5 17932/2/5 17931/2/5
f 17941/2/5 17930/2/5 17929/2/5
f 17941/2/5 17931/2/5 17930/2/5
f 17942/2/5 17932/2/5 17941/2/5
f 17943/2/5 17937/2/5 17936/2/5
f 17944/2/5 17937/2/5 17943/2/5
f 17945/2/5 17928/2/5 17938/2/5
f 17946/2/5 17928/2/5 17945/2/5
f 17947/2/5 17940/2/5 17939/2/5
f 17950/2/5 17947/2/5 17939/2/5
f 17950/2/5 17948/2/5 17947/2/5
f 17951/2/5 17932/2/5 17942/2/5
f 17952/2/5 17932/2/5 17951/2/5
f 17954/2/5 17950/2/5 17949/2/5
f 17955/2/5 17932/2/5 17952/2/5
f 17956/2/5 17932/2/5 17955/2/5
f 17958/2/5 17954/2/5 17953/2/5
f 17959/2/5 17958/2/5 17957/2/5
f 17960/2/5 17954/2/5 17958/2/5
f 17960/2/5 17958/2/5 17959/2/5
f 17961/2/5 17948/2/5 17950/2/5
f 17961/2/5 17954/2/5 17960/2/5
f 17961/2/5 17950/2/5 17954/2/5
f 17962/2/5 17948/2/5 17961/2/5
f 17963/2/5 17961/2/5 17960/2/5
f 17964/2/5 17961/2/5 17963/2/5
f 17965/2/5 17961/2/5 17964/2/5
f 17966/2/5 17961/2/5 17965/2/5
f 17967/2/5 17965/2/5 17964/2/5
f 17968/2/5 17965/2/5 17967/2/5
f 17971/2/5 17970/2/5 17969/2/5
f 17972/2/5 17971/2/5 17969/2/5
f 17973/2/5 17971/2/5 17972/2/5
f 17974/2/5 17971/2/5 17973/2/5
f 17975/2/5 17971/2/5 17974/2/5
f 17976/1/6 17977/1/6 17979/1/6
f 17979/1/6 17977/1/6 17980/1/6
f 17980/1/6 17977/1/6 17981/1/6
f 17981/1/6 17977/1/6 17982/1/6
f 17978/1/6 17979/1/6 17985/1/6
f 17979/1/6 17980/1/6 17985/1/6
f 17985/1/6 17980/1/6 17986/1/6
f 17986/1/6 17980/1/6 17987/1/6
f 17981/1/6 17982/1/6 17988/1/6
f 17982/1/6 17983/1/6 17988/1/6
f 17988/1/6 17983/1/6 17989/1/6
f 17989/1/6 17983/1/6 17990/1/6
f 17985/1/6 17986/1/6 17993/1/6
f 17984/1/6 17985/1/6 17993/1/6
f 17993/1/6 17986/1/6 17994/1/6
f 17994/1/6 17986/1/6 17995/1/6
f 17990/1/6 17991/1/6 17996/1/6
f 17989/1/6 17990/1/6 17996/1/6
f 17996/1/6 17991/1/6 17997/1/6
f 17997/1/6 17991/1/6 17998/1/6
f 17993/1/6 17994/1/6 18001/1/6
f 17992/1/6 17993/1/6 18001/1/6
f 18001/1/6 17994/1/6 18002/1/6
f 18002/1/6 17994/1/6 18003/1/6
f 17998/1/6 17999/1/6 18004/1/6
f 17997/1/6 17998/1/6 18004/1/6
f 18004/1/6 17999/1/6 18005/1/6
f 18005/1/6 17999/1/6 18006/1/6
f 18001/1/6 18002/1/6 18009/1/6
f 18000/1/6 18001/1/6 18009/1/6
f 18009/1/6 18002/1/6 18010/1/6
f 18010/1/6 18002/1/6 18011/1/6
f 18006/1/6 18007/1/6 18012/1/6
f 18005/1/6 18006/1/6 18012/1/6
f 18012/1/6 18007/1/6 18013/1/6
f 18009/1/6 18010/1/6 18014/1/6
f 18008/1/6 18009/1/6 18014/1/6
f 18014/1/6 18010/1/6 18015/1/6
f 18013/1/6 18007/1/6 18016/1/6
f 18016/1/6 18007/1/6 18017/1/6
f 18017/1/6 18007/1/6 18018/1/6
f 18008/1/6 18014/1/6 18020/1/6
f 18020/1/6 18014/1/6 18021/1/6
f 18018/1/6 18019/1/6 18022/1/6
f 18017/1/6 18018/1/6 18022/1/6
f 18022/1/6 18019/1/6 18023/1/6
f 18023/1/6 18019/1/6 18026/1/6
f 18023/1/6 18026/1/6 18028/1/6
f 18026/1/6 18027/1/6 18028/1/6
f 18028/1/6 18027/1/6 18029/1/6
f 18029/1/6 18027/1/6 18031/1/6
f 18024/1/6 18025/1/6 18032/1/6
f 18032/1/6 18025/1/6 18033/1/6
f 18030/1/6 18031/1/6 18035/1/6
f 18031/1/6 18027/1/6 18036/1/6
f 18035/1/6 18031/1/6 18036/1/6
f 18036/1/6 18027/1/6 18037/1/6
f 18034/1/6 18035/1/6 18039/1/6
f 18035/1/6 18036/1/6 18039/1/6
f 18039/1/6 18036/1/6 18040/1/6
f 18038/1/6 18039/1/6 18040/1/6
f 18040/1/6 18036/1/6 18041/1/6
f 18038/1/6 18040/1/6 18042/1/6
f 18042/1/6 18040/1/6 18043/1/6
f 18038/1/6 18042/1/6 18045/1/6
f 18045/1/6 18042/1/6 18046/1/6
f 18044/1/6 18045/1/6 18046/1/6
f 18046/1/6 18042/1/6 18047/1/6
f 18044/1/6 18046/1/6 18049/1/6
f 18049/1/6 18046/1/6 18050/1/6
f 18048/1/6 18049/1/6 18054/1/6
f 18051/1/6 18052/1/6 18055/1/6
f 18055/1/6 18052/1/6 18056/1/6
f 18053/1/6 18054/1/6 18059/1/6
f 18054/1/6 18049/1/6 18060/1/6
f 18059/1/6 18054/1/6 18060/1/6
f 18058/1/6 18059/1/6 18062/1/6
f 18056/1/6 18057/1/6 18063/1/6
f 18061/1/6 18062/1/6 18064/1/6
f 18062/1/6 18059/1/6 18065/1/6
f 18064/1/6 18062/1/6 18065/1/6
f 18065/1/6 18059/1/6 18066/1/6
f 18056/1/6 18063/1/6 18067/1/6
f 18063/1/6 18064/1/6 18067/1/6
f 18064/1/6 18065/1/6 18067/1/6
f 18067/1/6 18065/1/6 18068/1/6
f 18069/1/6 18070/1/6 18071/1/6
f 18071/1/6 18070/1/6 18072/1/6
f 18073/1/6 18074/1/6 18076/1/6
f 18076/1/6 18074/1/6 18077/1/6
f 18075/1/6 18076/1/6 18080/1/6
f 18080/1/6 18076/1/6 18081/1/6
f 18078/1/6 18079/1/6 18082/1/6
f 18082/1/6 18079/1/6 18083/1/6
f 18084/1/6 18085/1/6 18086/1/6
f 18086/1/6 18085/1/6 18087/1/6
f 18088/1/6 18089/1/6 18092/1/6
f 18092/1/6 18089/1/6 18093/1/6
f 18090/1/6 18091/1/6 18094/1/6
f 18094/1/6 18091/1/6 18095/1/6
f 18096/1/6 18097/1/6 18099/1/6
f 18099/1/6 18097/1/6 18100/1/6
f 18098/1/6 18099/1/6 18100/1/6
f 18100/1/6 18097/1/6 18101/1/6
f 18088/1/6 18092/1/6 18102/1/6
f 18098/1/6 18100/1/6 18104/1/6
f 18104/1/6 18100/1/6 18105/1/6
f 18102/1/6 18103/1/6 18106/1/6
f 18088/1/6 18102/1/6 18106/1/6
f 18106/1/6 18103/1/6 18107/1/6
f 18108/1/6 18109/1/6 18111/1/6
f 18111/1/6 18109/1/6 18112/1/6
f 18110/1/6 18111/1/6 18112/1/6
f 18112/1/6 18109/1/6 18113/1/6
f 18110/1/6 18112/1/6 18117/1/6
f 18114/1/6 18115/1/6 18118/1/6
f 18118/1/6 18115/1/6 18119/1/6
f 18116/1/6 18117/1/6 18121/1/6
f 18117/1/6 18112/1/6 18122/1/6
f 18121/1/6 18117/1/6 18122/1/6
f 18122/1/6 18112/1/6 18123/1/6
f 18120/1/6 18121/1/6 18126/1/6
f 18121/1/6 18122/1/6 18126/1/6
f 18126/1/6 18122/1/6 18127/1/6
f 18124/1/6 18125/1/6 18131/1/6
f 18131/1/6 18125/1/6 18132/1/6
f 18130/1/6 18131/1/6 18134/1/6
f 18128/1/6 18129/1/6 18135/1/6
f 18133/1/6 18134/1/6 18136/1/6
f 18134/1/6 18131/1/6 18137/1/6
f 18136/1/6 18134/1/6 18137/1/6
f 18137/1/6 18131/1/6 18138/1/6
f 18128/1/6 18135/1/6 18139/1/6
f 18135/1/6 18136/1/6 18139/1/6
f 18136/1/6 18137/1/6 18139/1/6
f 18139/1/6 18137/1/6 18140/1/6
f 18141/1/6 18142/1/6 18143/1/6
f 18143/1/6 18142/1/6 18144/1/6
f 18141/1/6 18143/1/6 18146/1/6
f 18146/1/6 18143/1/6 18147/1/6
f 18144/1/6 18145/1/6 18148/1/6
f 18148/1/6 18145/1/6 18149/1/6
f 18150/1/6 18151/1/6 18154/1/6
f 18154/1/6 18151/1/6 18155/1/6
f 18152/1/6 18153/1/6 18156/1/6
f 18156/1/6 18153/1/6 18157/1/6
f 18160/1/6 18161/1/6 18162/1/6
f 18162/1/6 18161/1/6 18163/1/6
f 18158/1/6 18159/1/6 18164/1/6
f 18164/1/6 18159/1/6 18165/1/6
f 18166/1/6 18167/1/6 18170/1/6
f 18170/1/6 18167/1/6 18171/1/6
f 18168/1/6 18169/1/6 18172/1/6
f 18172/1/6 18169/1/6 18173/1/6
f 18174/1/6 18175/1/6 18176/1/6
f 18176/1/6 18175/1/6 18177/1/6
f 18174/1/6 18176/1/6 18178/1/6
f 18178/1/6 18176/1/6 18179/1/6
f 18180/1/6 18181/1/6 18182/1/6
f 18182/1/6 18181/1/6 18183/1/6
f 18184/1/6 18185/1/6 18186/1/6
f 18186/1/6 18185/1/6 18187/1/6
f 18188/1/6 18189/1/6 18192/1/6
f 18192/1/6 18189/1/6 18193/1/6
f 18193/1/6 18189/1/6 18194/1/6
f 18194/1/6 18189/1/6 18195/1/6
f 18196/1/6 18197/1/6 18199/1/6
f 18198/1/6 18199/1/6 18200/1/6
f 18199/1/6 18197/1/6 18201/1/6
f 18200/1/6 18199/1/6 18201/1/6
f 18190/1/6 18191/1/6 18202/1/6
f 18202/1/6 18191/1/6 18203/1/6
f 18204/1/6 18205/1/6 18206/1/6
f 18206/1/6 18205/1/6 18207/1/6
f 18208/1/6 18209/1/6 18212/1/6
f 18210/1/6 18211/1/6 18214/1/6
f 18214/1/6 18211/1/6 18215/1/6
f 18212/1/6 18213/1/6 18216/1/6
f 18208/1/6 18212/1/6 18216/1/6
f 18216/1/6 18213/1/6 18217/1/6
f 18218/1/6 18219/1/6 18220/1/6
f 18220/1/6 18219/1/6 18221/1/6
f 18221/1/6 18219/1/6 18222/1/6
f 18218/1/6 18220/1/6 18224/1/6
f 18224/1/6 18220/1/6 18225/1/6
f 18222/1/6 18223/1/6 18226/1/6
f 18221/1/6 18222/1/6 18226/1/6
f 18226/1/6 18223/1/6 18227/1/6
f 18227/1/6 18223/1/6 18228/1/6
f 18228/1/6 18223/1/6 18229/1/6
f 18230/1/6 18231/1/6 18232/1/6
f 18232/1/6 18231/1/6 18233/1/6
f 18234/1/6 18235/1/6 18236/1/6
f 18236/1/6 18235/1/6 18237/1/6
f 18238/1/6 18239/1/6 18240/1/6
f 18240/1/6 18239/1/6 18241/1/6
f 18242/1/6 18243/1/6 18244/1/6
f 18244/1/6 18243/1/6 18245/1/6
f 18246/1/6 18247/1/6 18248/1/6
f 18248/1/6 18247/1/6 18249/1/6
f 18252/1/6 18253/1/6 18254/1/6
f 18254/1/6 18253/1/6 18255/1/6
f 18250/1/6 18251/1/6 18258/1/6
f 18258/1/6 18251/1/6 18259/1/6
f 18256/1/6 18257/1/6 18262/1/6
f 18262/1/6 18257/1/6 18263/1/6
f 18259/1/6 18260/1/6 18264/1/6
f 18264/1/6 18260/1/6 18265/1/6
f 18261/1/6 18262/1/6 18266/1/6
f 18266/1/6 18262/1/6 18267/1/6
f 18268/1/6 18269/1/6 18270/1/6
f 18270/1/6 18269/1/6 18271/1/6
f 18272/1/6 18273/1/6 18276/1/6
f 18276/1/6 18273/1/6 18277/1/6
f 18274/1/6 18275/1/6 18278/1/6
f 18278/1/6 18275/1/6 18279/1/6
f 18280/1/6 18281/1/6 18282/1/6
f 18282/1/6 18281/1/6 18283/1/6
f 18284/1/6 18285/1/6 18286/1/6
f 18286/1/6 18285/1/6 18287/1/6
f 18288/1/6 18289/1/6 18290/1/6
f 18290/1/6 18289/1/6 18291/1/6
f 18292/1/6 18293/1/6 18294/1/6
f 18294/1/6 18293/1/6 18295/1/6
f 18296/1/6 18297/1/6 18298/1/6
f 18298/1/6 18297/1/6 18299/1/6
f 18300/1/6 18301/1/6 18302/1/6
f 18300/1/6 18302/1/6 18304/1/6
f 18302/1/6 18303/1/6 18304/1/6
f 18304/1/6 18303/1/6 18305/1/6
f 18305/1/6 18303/1/6 18306/1/6
f 18306/1/6 18303/1/6 18307/1/6
f 18308/1/6 18309/1/6 18310/1/6
f 18310/1/6 18309/1/6 18311/1/6
f 18312/1/6 18313/1/6 18316/1/6
f 18316/1/6 18313/1/6 18317/1/6
f 18314/1/6 18315/1/6 18320/1/6
f 18320/1/6 18315/1/6 18321/1/6
f 18317/1/6 18318/1/6 18322/1/6
f 18319/1/6 18320/1/6 18323/1/6
f 18317/1/6 18322/1/6 18324/1/6
f 18322/1/6 18323/1/6 18324/1/6
f 18323/1/6 18320/1/6 18325/1/6
f 18324/1/6 18323/1/6 18325/1/6
f 18326/1/6 18327/1/6 18328/1/6
f 18328/1/6 18327/1/6 18329/1/6
f 18329/1/6 18327/1/6 18330/1/6
f 18330/1/6 18327/1/6 18331/1/6
f 18332/1/6 18333/1/6 18334/1/6
f 18334/1/6 18333/1/6 18335/1/6
f 18326/1/6 18328/1/6 18338/1/6
f 18338/1/6 18328/1/6 18339/1/6
f 18336/1/6 18337/1/6 18344/1/6
f 18344/1/6 18337/1/6 18345/1/6
f 18340/1/6 18341/1/6 18346/1/6
f 18346/1/6 18341/1/6 18347/1/6
f 18342/1/6 18343/1/6 18348/1/6
f 18348/1/6 18343/1/6 18349/1/6
f 18347/1/6 18348/1/6 18350/1/6
f 18350/1/6 18348/1/6 18351/1/6
f 18352/1/6 18353/1/6 18354/1/6
f 18352/1/6 18354/1/6 18356/1/6
f 18354/1/6 18355/1/6 18356/1/6
f 18356/1/6 18355/1/6 18357/1/6
f 18357/1/6 18355/1/6 18358/1/6
f 18358/1/6 18355/1/6 18359/1/6
f 18352/1/6 18356/1/6 18360/1/6
f 18360/1/6 18356/1/6 18361/1/6
f 18362/1/6 18363/1/6 18366/1/6
f 18366/1/6 18363/1/6 18367/1/6
f 18364/1/6 18365/1/6 18368/1/6
f 18368/1/6 18365/1/6 18369/1/6
f 18370/1/6 18371/1/6 18372/1/6
f 18372/1/6 18371/1/6 18373/1/6
f 18370/1/6 18372/1/6 18374/1/6
f 18374/1/6 18372/1/6 18375/1/6
f 18376/1/6 18377/1/6 18378/1/6
f 18378/1/6 18377/1/6 18379/1/6
f 18376/1/6 18378/1/6 18380/1/6
f 18380/1/6 18378/1/6 18381/1/6
f 18379/1/6 18377/1/6 18382/1/6
f 18382/1/6 18377/1/6 18383/1/6
f 18384/1/6 18385/1/6 18388/1/6
f 18388/1/6 18385/1/6 18389/1/6
f 18386/1/6 18387/1/6 18390/1/6
f 18390/1/6 18387/1/6 18391/1/6
f 18392/1/6 18393/1/6 18394/1/6
f 18394/1/6 18393/1/6 18395/1/6
f 18396/1/6 18397/1/6 18398/1/6
f 18398/1/6 18397/1/6 18399/1/6
f 18400/1/6 18401/1/6 18402/1/6
f 18402/1/6 18401/1/6 18403/1/6
f 18404/1/6 18405/1/6 18408/1/6
f 18408/1/6 18405/1/6 18409/1/6
f 18406/1/6 18407/1/6 18410/1/6
f 18410/1/6 18407/1/6 18411/1/6
f 18412/1/6 18413/1/6 18414/1/6
f 18414/1/6 18413/1/6 18415/1/6
f 18416/1/6 18417/1/6 18419/1/6
f 18419/1/6 18417/1/6 18420/1/6
f 18418/1/6 18419/1/6 18423/1/6
f 18420/1/6 18421/1/6 18423/1/6
f 18419/1/6 18420/1/6 18423/1/6
f 18423/1/6 18421/1/6 18424/1/6
f 18424/1/6 18421/1/6 18425/1/6
f 18422/1/6 18423/1/6 18426/1/6
f 18423/1/6 18424/1/6 18426/1/6
f 18426/1/6 18424/1/6 18427/1/6
f 18422/1/6 18426/1/6 18428/1/6
f 18428/1/6 18426/1/6 18429/1/6
f 18430/1/6 18431/1/6 18432/1/6
f 18432/1/6 18431/1/6 18433/1/6
f 18434/1/6 18435/1/6 18436/1/6
f 18436/1/6 18435/1/6 18437/1/6
f 18438/1/6 18439/1/6 18440/1/6
f 18440/1/6 18439/1/6 18441/1/6
f 18442/1/6 18443/1/6 18444/1/6
f 18444/1/6 18443/1/6 18445/1/6
f 18446/1/6 18447/1/6 18448/1/6
f 18448/1/6 18447/1/6 18449/1/6
f 18450/1/6 18451/1/6 18452/1/6
f 18452/1/6 18451/1/6 18453/1/6
f 18454/1/6 18455/1/6 18457/1/6
f 18457/1/6 18455/1/6 18458/1/6
f 18456/1/6 18457/1/6 18461/1/6
f 18458/1/6 18459/1/6 18461/1/6
f 18457/1/6 18458/1/6 18461/1/6
f 18461/1/6 18459/1/6 18462/1/6
f 18462/1/6 18459/1/6 18463/1/6
f 18460/1/6 18461/1/6 18464/1/6
f 18461/1/6 18462/1/6 18464/1/6
f 18464/1/6 18462/1/6 18465/1/6
f 18460/1/6 18464/1/6 18466/1/6
f 18466/1/6 18464/1/6 18467/1/6
f 18468/1/6 18469/1/6 18470/1/6
f 18470/1/6 18469/1/6 18471/1/6
f 18472/1/6 18473/1/6 18474/1/6
f 18474/1/6 18473/1/6 18475/1/6
f 18476/1/6 18477/1/6 18478/1/6
f 18478/1/6 18477/1/6 18479/1/6
f 18480/1/6 18481/1/6 18482/1/6
f 18482/1/6 18481/1/6 18483/1/6
f 18484/1/6 18485/1/6 18486/1/6
f 18486/1/6 18485/1/6 18487/1/6
f 18488/1/6 18489/1/6 18491/1/6
f 18491/1/6 18489/1/6 18492/1/6
f 18492/1/6 18489/1/6 18493/1/6
f 18490/1/6 18491/1/6 18494/1/6
f 18491/1/6 18492/1/6 18494/1/6
f 18494/1/6 18492/1/6 18495/1/6
f 18490/1/6 18494/1/6 18496/1/6
f 18496/1/6 18494/1/6 18497/1/6
f 18498/1/6 18499/1/6 18500/1/6
f 18500/1/6 18499/1/6 18501/1/6
f 18502/1/6 18503/1/6 18504/1/6
f 18504/1/6 18503/1/6 18505/1/6
f 18506/1/6 18507/1/6 18508/1/6
f 18508/1/6 18507/1/6 18509/1/6
f 18510/1/6 18511/1/6 18512/1/6
f 18512/1/6 18511/1/6 18513/1/6
f 18514/1/6 18515/1/6 18516/1/6
f 18516/1/6 18515/1/6 18517/1/6
f 18518/1/6 18519/1/6 18520/1/6
f 18520/1/6 18519/1/6 18521/1/6
f 18522/1/6 18523/1/6 18524/1/6
f 18524/1/6 18523/1/6 18525/1/6
f 18526/1/6 18527/1/6 18528/1/6
f 18528/1/6 18527/1/6 18529/1/6
f 18530/1/6 18531/1/6 18532/1/6
f 18532/1/6 18531/1/6 18533/1/6
f 18534/1/6 18535/1/6 18536/1/6
f 18536/1/6 18535/1/6 18537/1/6
f 18538/1/6 18539/1/6 18540/1/6
f 18540/1/6 18539/1/6 18541/1/6
f 18542/1/6 18543/1/6 18544/1/6
f 18544/1/6 18543/1/6 18545/1/6
f 18546/1/6 18547/1/6 18550/1/6
f 18550/1/6 18547/1/6 18551/1/6
f 18548/1/6 18549/1/6 18554/1/6
f 18554/1/6 18549/1/6 18555/1/6
f 18552/1/6 18553/1/6 18556/1/6
f 18556/1/6 18553/1/6 18557/1/6
f 18558/1/6 18559/1/6 18560/1/6
f 18560/1/6 18559/1/6 18561/1/6
f 18562/1/6 18563/1/6 18564/1/6
f 18564/1/6 18563/1/6 18565/1/6
f 18566/1/6 18567/1/6 18570/1/6
f 18570/1/6 18567/1/6 18571/1/6
f 18568/1/6 18569/1/6 18572/1/6
f 18572/1/6 18569/1/6 18573/1/6
f 18574/1/6 18575/1/6 18576/1/6
f 18576/1/6 18575/1/6 18577/1/6
f 18578/1/6 18579/1/6 18582/1/6
f 18582/1/6 18579/1/6 18583/1/6
f 18580/1/6 18581/1/6 18584/1/6
f 18584/1/6 18581/1/6 18585/1/6
f 18585/1/6 18581/1/6 18586/1/6
f 18587/1/6 18588/1/6 18589/1/6
f 18589/1/6 18588/1/6 18590/1/6
f 18591/1/6 18592/1/6 18593/1/6
f 18593/1/6 18592/1/6 18594/1/6
f 18595/2/6 18596/2/6 18597/2/6
f 18597/2/6 18596/2/6 18598/2/6
f 18599/1/6 18600/1/6 18601/1/6
f 18601/1/6 18600/1/6 18602/1/6
f 18603/1/6 18604/1/6 18606/1/6
f 18605/1/6 18606/1/6 18607/1/6
f 18607/1/6 18606/1/6 18608/1/6
f 18608/1/6 18606/1/6 18609/1/6
f 18606/1/6 18604/1/6 18610/1/6
f 18609/1/6 18606/1/6 18610/1/6
f 18608/1/6 18609/1/6 18611/1/6
f 18611/1/6 18609/1/6 18612/1/6
f 18613/2/6 18614/2/6 18615/2/6
f 18613/2/6 18615/2/6 18617/2/6
f 18615/2/6 18616/2/6 18617/2/6
f 18617/2/6 18616/2/6 18618/2/6
f 18613/2/6 18617/2/6 18619/2/6
f 18619/2/6 18617/2/6 18620/2/6
f 18621/1/6 18622/1/6 18623/1/6
f 18623/1/6 18622/1/6 18624/1/6
f 18625/1/6 18626/1/6 18627/1/6
f 18627/1/6 18626/1/6 18628/1/6
f 18629/1/6 18630/1/6 18631/1/6
f 18631/1/6 18630/1/6 18632/1/6
f 18633/1/6 18634/1/6 18635/1/6
f 18635/1/6 18634/1/6 18636/1/6
f 18637/1/6 18638/1/6 18639/1/6
f 18639/1/6 18638/1/6 18640/1/6
f 18641/1/6 18642/1/6 18643/1/6
f 18643/1/6 18642/1/6 18644/1/6
f 18645/2/6 18646/2/6 18647/2/6
f 18647/2/6 18646/2/6 18648/2/6
f 18649/1/6 18650/1/6 18651/1/6
f 18651/1/6 18650/1/6 18652/1/6
f 18653/2/6 18654/2/6 18659/2/6
f 18659/2/6 18654/2/6 18660/2/6
f 18655/2/6 18656/2/6 18661/2/6
f 18661/2/6 18656/2/6 18662/2/6
f 18657/2/6 18658/2/6 18664/2/6
f 18664/2/6 18658/2/6 18665/2/6
f 18662/2/6 18663/2/6 18666/2/6
f 18661/2/6 18662/2/6 18666/2/6
f 18660/2/6 18661/2/6 18666/2/6
f 18666/2/6 18663/2/6 18667/2/6
f 18667/2/6 18663/2/6 18668/2/6
f 18668/2/6 18663/2/6 18669/2/6
f 18669/2/6 18670/2/6 18671/2/6
f 18671/2/6 18670/2/6 18672/2/6
f 18673/1/6 18674/1/6 18675/1/6
f 18675/1/6 18674/1/6 18676/1/6
f 18677/2/6 18678/2/6 18680/2/6
f 18680/2/6 18678/2/6 18681/2/6
f 18679/2/6 18680/2/6 18683/2/6
f 18683/2/6 18680/2/6 18684/2/6
f 18681/2/6 18682/2/6 18685/2/6
f 18685/2/6 18682/2/6 18686/2/6
f 18687/2/6 18688/2/6 18691/2/6
f 18691/2/6 18688/2/6 18692/2/6
f 18689/2/6 18690/2/6 18694/2/6
f 18694/2/6 18690/2/6 18695/2/6
f 18695/2/6 18690/2/6 18696/2/6
f 18693/2/6 18694/2/6 18697/2/6
f 18697/2/6 18694/2/6 18698/2/6
f 18695/2/6 18696/2/6 18699/2/6
f 18699/2/6 18696/2/6 18700/2/6
f 18701/2/6 18702/2/6 18703/2/6
f 18703/2/6 18702/2/6 18704/2/6
f 18705/2/6 18706/2/6 18707/2/6
f 18707/2/6 18706/2/6 18708/2/6
f 18709/1/6 18710/1/6 18713/1/6
f 18713/1/6 18710/1/6 18714/1/6
f 18711/1/6 18712/1/6 18715/1/6
f 18715/1/6 18712/1/6 18716/1/6
f 18717/2/6 18718/2/6 18721/2/6
f 18721/2/6 18718/2/6 18722/2/6
f 18719/2/6 18720/2/6 18723/2/6
f 18723/2/6 18720/2/6 18724/2/6
f 18722/2/6 18723/2/6 18725/2/6
f 18725/2/6 18723/2/6 18726/2/6
f 18727/1/6 18728/1/6 18730/1/6
f 18730/1/6 18728/1/6 18731/1/6
f 18729/1/6 18730/1/6 18732/1/6
f 18732/1/6 18730/1/6 18733/1/6
f 18734/1/6 18735/1/6 18736/1/6
f 18736/1/6 18735/1/6 18737/1/6
f 18738/1/6 18739/1/6 18740/1/6
f 18740/1/6 18739/1/6 18741/1/6
f 18742/2/6 18743/2/6 18745/2/6
f 18745/2/6 18743/2/6 18746/2/6
f 18744/2/6 18745/2/6 18747/2/6
f 18747/2/6 18745/2/6 18748/2/6
f 18749/2/6 18750/2/6 18755/2/6
f 18755/2/6 18750/2/6 18756/2/6
f 18751/2/6 18752/2/6 18757/2/6
f 18757/2/6 18752/2/6 18758/2/6
f 18753/2/6 18754/2/6 18759/2/6
f 18759/2/6 18754/2/6 18760/2/6
f 18757/2/6 18758/2/6 18762/2/6
f 18762/2/6 18758/2/6 18763/2/6
f 18760/2/6 18761/2/6 18764/2/6
f 18759/2/6 18760/2/6 18764/2/6
f 18764/2/6 18761/2/6 18765/2/6
f 18765/2/6 18761/2/6 18766/2/6
f 18766/2/6 18767/2/6 18770/2/6
f 18765/2/6 18766/2/6 18770/2/6
f 18770/2/6 18767/2/6 18771/2/6
f 18768/2/6 18769/2/6 18772/2/6
f 18772/2/6 18769/2/6 18773/2/6
f 18771/2/6 18767/2/6 18775/2/6
f 18775/2/6 18767/2/6 18776/2/6
f 18776/2/6 18767/2/6 18777/2/6
f 18774/2/6 18775/2/6 18778/2/6
f 18778/2/6 18775/2/6 18779/2/6
f 18779/2/6 18780/2/6 18781/2/6
f 18781/2/6 18780/2/6 18782/2/6
f 18783/1/6 18784/1/6 18785/1/6
f 18785/1/6 18784/1/6 18786/1/6
f 18787/1/6 18788/1/6 18789/1/6
f 18787/1/6 18789/1/6 18791/1/6
f 18789/1/6 18790/1/6 18791/1/6
f 18791/1/6 18790/1/6 18792/1/6
f 18792/1/6 18790/1/6 18794/1/6
f 18793/1/6 18794/1/6 18796/1/6
f 18795/1/6 18796/1/6 18798/1/6
f 18794/1/6 18790/1/6 18799/1/6
f 18796/1/6 18794/1/6 18799/1/6
f 18798/1/6 18796/1/6 18799/1/6
f 18799/1/6 18790/1/6 18800/1/6
f 18797/1/6 18798/1/6 18803/1/6
f 18798/1/6 18799/1/6 18803/1/6
f 18803/1/6 18799/1/6 18804/1/6
f 18804/1/6 18799/1/6 18805/1/6
f 18801/1/6 18802/1/6 18806/1/6
f 18802/1/6 18803/1/6 18806/1/6
f 18803/1/6 18804/1/6 18806/1/6
f 18806/1/6 18804/1/6 18807/1/6
f 18808/2/6 18809/2/6 18811/2/6
f 18811/2/6 18809/2/6 18812/2/6
f 18810/2/6 18811/2/6 18813/2/6
f 18813/2/6 18811/2/6 18814/2/6
f 18815/1/6 18816/1/6 18817/1/6
f 18817/1/6 18816/1/6 18818/1/6
f 18819/2/6 18820/2/6 18822/2/6
f 18822/2/6 18820/2/6 18823/2/6
f 18821/2/6 18822/2/6 18827/2/6
f 18827/2/6 18822/2/6 18828/2/6
f 18824/2/6 18825/2/6 18829/2/6
f 18826/2/6 18827/2/6 18831/2/6
f 18831/2/6 18827/2/6 18832/2/6
f 18829/2/6 18830/2/6 18833/2/6
f 18824/2/6 18829/2/6 18833/2/6
f 18833/2/6 18830/2/6 18834/2/6
f 18835/2/6 18836/2/6 18837/2/6
f 18837/2/6 18836/2/6 18838/2/6
f 18839/2/6 18840/2/6 18845/2/6
f 18845/2/6 18840/2/6 18846/2/6
f 18841/2/6 18842/2/6 18847/2/6
f 18847/2/6 18842/2/6 18848/2/6
f 18843/2/6 18844/2/6 18849/2/6
f 18849/2/6 18844/2/6 18850/2/6
f 18851/1/6 18852/1/6 18855/1/6
f 18855/1/6 18852/1/6 18856/1/6
f 18853/1/6 18854/1/6 18859/1/6
f 18859/1/6 18854/1/6 18860/1/6
f 18857/2/6 18858/2/6 18861/2/6
f 18861/2/6 18858/2/6 18862/2/6
f 18862/2/6 18863/2/6 18865/2/6
f 18865/2/6 18863/2/6 18866/2/6
f 18864/2/6 18865/2/6 18867/2/6
f 18867/2/6 18865/2/6 18868/2/6
f 18869/2/6 18870/2/6 18871/2/6
f 18871/2/6 18870/2/6 18872/2/6
f 18873/2/6 18874/2/6 18875/2/6
f 18875/2/6 18874/2/6 18876/2/6
f 18876/2/6 18877/2/6 18878/2/6
f 18878/2/6 18877/2/6 18879/2/6
f 18880/2/6 18881/2/6 18882/2/6
f 18882/2/6 18881/2/6 18883/2/6
f 18884/2/6 18885/2/6 18888/2/6
f 18888/2/6 18885/2/6 18889/2/6
f 18886/2/6 18887/2/6 18891/2/6
f 18891/2/6 18887/2/6 18892/2/6
f 18889/2/6 18885/2/6 18893/2/6
f 18893/2/6 18885/2/6 18894/2/6
f 18890/2/6 18891/2/6 18896/2/6
f 18896/2/6 18891/2/6 18897/2/6
f 18895/2/6 18896/2/6 18898/2/6
f 18898/2/6 18896/2/6 18899/2/6
f 18900/2/6 18901/2/6 18903/2/6
f 18903/2/6 18901/2/6 18904/2/6
f 18902/2/6 18903/2/6 18906/2/6
f 18906/2/6 18903/2/6 18907/2/6
f 18904/2/6 18905/2/6 18908/2/6
f 18908/2/6 18905/2/6 18909/2/6
f 18909/2/6 18905/2/6 18910/2/6
f 18902/2/6 18906/2/6 18913/2/6
f 18913/2/6 18906/2/6 18914/2/6
f 18909/2/6 18910/2/6 18915/2/6
f 18915/2/6 18910/2/6 18916/2/6
f 18911/2/6 18912/2/6 18917/2/6
f 18917/2/6 18912/2/6 18918/2/6
f 18918/2/6 18919/2/6 18922/2/6
f 18922/2/6 18919/2/6 18923/2/6
f 18920/2/6 18921/2/6 18924/2/6
f 18924/2/6 18921/2/6 18925/2/6
f 18925/2/6 18926/2/6 18927/2/6
f 18927/2/6 18926/2/6 18928/2/6
f 18929/2/6 18930/2/6 18931/2/6
f 18931/2/6 18930/2/6 18932/2/6
f 18932/2/6 18933/2/6 18934/2/6
f 18934/2/6 18933/2/6 18935/2/6
f 18936/2/6 18937/2/6 18938/2/6
f 18938/2/6 18937/2/6 18939/2/6
f 18939/2/6 18940/2/6 18941/2/6
f 18941/2/6 18940/2/6 18942/2/6
f 18943/2/6 18944/2/6 18945/2/6
f 18943/2/6 18945/2/6 18946/2/6
f 18946/2/6 18945/2/6 18947/2/6
f 18948/2/6 18949/2/6 18951/2/6
f 18951/2/6 18949/2/6 18952/2/6
f 18950/2/6 18951/2/6 18953/2/6
f 18953/2/6 18951/2/6 18954/2/6
f 18955/2/6 18956/2/6 18957/2/6
f 18957/2/6 18956/2/6 18958/2/6
f 18959/2/6 18960/2/6 18961/2/6
f 18961/2/6 18960/2/6 18962/2/6
f 18963/2/6 18964/2/6 18966/2/6
f 18965/2/6 18966/2/6 18968/2/6
f 18966/2/6 18964/2/6 18969/2/6
f 18968/2/6 18966/2/6 18969/2/6
f 18969/2/6 18964/2/6 18970/2/6
f 18967/2/6 18968/2/6 18972/2/6
f 18968/2/6 18969/2/6 18972/2/6
f 18972/2/6 18969/2/6 18973/2/6
f 18973/2/6 18969/2/6 18974/2/6
f 18971/2/6 18972/2/6 18977/2/6
f 18972/2/6 18973/2/6 18977/2/6
f 18977/2/6 18973/2/6 18978/2/6
f 18975/2/6 18976/2/6 18979/2/6
f 18979/2/6 18976/2/6 18980/2/6
f 18981/2/6 18982/2/6 18983/2/6
f 18983/2/6 18984/2/6 18988/2/6
f 18981/2/6 18983/2/6 18988/2/6
f 18988/2/6 18984/2/6 18989/2/6
f 18985/2/6 18986/2/6 18991/2/6
f 18991/2/6 18986/2/6 18992/2/6
f 18988/2/6 18989/2/6 18995/2/6
f 18987/2/6 18988/2/6 18995/2/6
f 18995/2/6 18989/2/6 18996/2/6
f 18991/2/6 18992/2/6 18997/2/6
f 18990/2/6 18991/2/6 18997/2/6
f 18997/2/6 18992/2/6 18998/2/6
f 18993/2/6 18994/2/6 18999/2/6
f 18999/2/6 18994/2/6 19000/2/6
f 18987/2/6 18995/2/6 19001/2/6
f 19001/2/6 18995/2/6 19002/2/6
f 18987/2/6 19001/2/6 19003/2/6
f 19003/2/6 19001/2/6 19004/2/6
f 19005/2/6 19006/2/6 19011/2/6
f 19011/2/6 19006/2/6 19012/2/6
f 19008/2/6 19009/2/6 19013/2/6
f 19007/2/6 19008/2/6 19013/2/6
f 19013/2/6 19009/2/6 19014/2/6
f 19014/2/6 19009/2/6 19015/2/6
f 19010/2/6 19011/2/6 19016/2/6
f 19016/2/6 19011/2/6 19017/2/6
f 19018/2/6 19019/2/6 19020/2/6
f 19020/2/6 19019/2/6 19021/2/6
f 19021/2/6 19022/2/6 19025/2/6
f 19025/2/6 19022/2/6 19026/2/6
f 19023/2/6 19024/2/6 19028/2/6
f 19028/2/6 19024/2/6 19029/2/6
f 19026/2/6 19027/2/6 19030/2/6
f 19030/2/6 19027/2/6 19031/2/6
f 19032/2/6 19033/2/6 19034/2/6
f 19034/2/6 19033/2/6 19035/2/6
f 19032/2/6 19034/2/6 19036/2/6
f 19036/2/6 19034/2/6 19037/2/6
f 19038/2/6 19039/2/6 19041/2/6
f 19041/2/6 19039/2/6 19042/2/6
f 19040/2/6 19041/2/6 19043/2/6
f 19043/2/6 19041/2/6 19044/2/6
f 19045/2/6 19046/2/6 19047/2/6
f 19047/2/6 19046/2/6 19048/2/6
f 19049/2/6 19050/2/6 19052/2/6
f 19050/2/6 19051/2/6 19052/2/6
f 19052/2/6 19051/2/6 19053/2/6
f 19053/2/6 19051/2/6 19054/2/6
f 19052/2/6 19053/2/6 19055/2/6
f 19055/2/6 19053/2/6 19056/2/6
f 19057/2/6 19058/2/6 19060/2/6
f 19060/2/6 19058/2/6 19061/2/6
f 19059/2/6 19060/2/6 19062/2/6
f 19062/2/6 19060/2/6 19063/2/6
f 19064/2/6 19065/2/6 19066/2/6
f 19066/2/6 19065/2/6 19067/2/6
f 19068/2/6 19069/2/6 19072/2/6
f 19072/2/6 19069/2/6 19073/2/6
f 19070/2/6 19071/2/6 19075/2/6
f 19075/2/6 19071/2/6 19076/2/6
f 19076/2/6 19071/2/6 19077/2/6
f 19074/2/6 19075/2/6 19079/2/6
f 19075/2/6 19076/2/6 19079/2/6
f 19079/2/6 19076/2/6 19080/2/6
f 19080/2/6 19076/2/6 19081/2/6
f 19078/2/6 19079/2/6 19082/2/6
f 19079/2/6 19080/2/6 19082/2/6
f 19082/2/6 19080/2/6 19083/2/6
f 19078/2/6 19082/2/6 19084/2/6
f 19084/2/6 19082/2/6 19085/2/6
f 19086/2/6 19087/2/6 19089/2/6
f 19089/2/6 19087/2/6 19090/2/6
f 19088/2/6 19089/2/6 19091/2/6
f 19091/2/6 19089/2/6 19092/2/6
f 19093/1/6 19094/1/6 19095/1/6
f 19095/1/6 19094/1/6 19096/1/6
f 19097/2/6 19098/2/6 19100/2/6
f 19100/2/6 19098/2/6 19101/2/6
f 19099/2/6 19100/2/6 19105/2/6
f 19100/2/6 19101/2/6 19105/2/6
f 19101/2/6 19102/2/6 19105/2/6
f 19105/2/6 19102/2/6 19106/2/6
f 19103/2/6 19104/2/6 19107/2/6
f 19107/2/6 19104/2/6 19108/2/6
f 19109/2/6 19110/2/6 19112/2/6
f 19112/2/6 19110/2/6 19113/2/6
f 19111/2/6 19112/2/6 19117/2/6
f 19117/2/6 19112/2/6 19118/2/6
f 19114/2/6 19115/2/6 19122/2/6
f 19122/2/6 19115/2/6 19123/2/6
f 19116/2/6 19117/2/6 19127/2/6
f 19127/2/6 19117/2/6 19128/2/6
f 19119/2/6 19120/2/6 19130/2/6
f 19130/2/6 19120/2/6 19131/2/6
f 19131/2/6 19120/2/6 19132/2/6
f 19121/2/6 19122/2/6 19133/2/6
f 19133/2/6 19122/2/6 19134/2/6
f 19124/2/6 19125/2/6 19135/2/6
f 19126/2/6 19127/2/6 19137/2/6
f 19137/2/6 19127/2/6 19138/2/6
f 19129/2/6 19130/2/6 19139/2/6
f 19130/2/6 19131/2/6 19139/2/6
f 19139/2/6 19131/2/6 19140/2/6
f 19134/2/6 19122/2/6 19141/2/6
f 19141/2/6 19122/2/6 19142/2/6
f 19135/2/6 19136/2/6 19143/2/6
f 19124/2/6 19135/2/6 19143/2/6
f 19143/2/6 19136/2/6 19144/2/6
f 19144/2/6 19136/2/6 19145/2/6
f 19146/2/6 19147/2/6 19149/2/6
f 19148/2/6 19149/2/6 19150/2/6
f 19149/2/6 19147/2/6 19151/2/6
f 19150/2/6 19149/2/6 19151/2/6
f 19151/2/6 19147/2/6 19152/2/6
f 19155/2/6 19156/2/6 19157/2/6
f 19153/2/6 19154/2/6 19159/2/6
f 19158/2/6 19159/2/6 19163/2/6
f 19157/2/6 19156/2/6 19164/2/6
f 19164/2/6 19156/2/6 19165/2/6
f 19160/2/6 19161/2/6 19166/2/6
f 19166/2/6 19161/2/6 19167/2/6
f 19162/2/6 19163/2/6 19168/2/6
f 19159/2/6 19154/2/6 19169/2/6
f 19168/2/6 19163/2/6 19169/2/6
f 19163/2/6 19159/2/6 19169/2/6
f 19169/1/6 19170/1/6 19171/1/6
f 19171/1/6 19170/1/6 19172/1/6
f 19173/1/6 19174/1/6 19175/1/6
f 19175/1/6 19174/1/6 19176/1/6
f 19177/2/6 19178/2/6 19181/2/6
f 19181/2/6 19178/2/6 19182/2/6
f 19179/2/6 19180/2/6 19187/2/6
f 19187/2/6 19180/2/6 19188/2/6
f 19185/2/6 19186/2/6 19189/2/6
f 19189/2/6 19186/2/6 19190/2/6
f 19183/2/6 19184/2/6 19193/2/6
f 19193/2/6 19184/2/6 19194/2/6
f 19191/2/6 19192/2/6 19195/2/6
f 19195/2/6 19192/2/6 19196/2/6
f 19197/2/6 19198/2/6 19199/2/6
f 19199/2/6 19198/2/6 19200/2/6
f 19201/2/6 19202/2/6 19205/2/6
f 19205/2/6 19202/2/6 19206/2/6
f 19203/2/6 19204/2/6 19207/2/6
f 19207/2/6 19204/2/6 19208/2/6
f 19208/2/6 19204/2/6 19209/2/6
f 19209/2/6 19204/2/6 19210/2/6
f 19208/2/6 19209/2/6 19211/2/6
f 19211/2/6 19209/2/6 19212/2/6
f 19213/1/6 19214/1/6 19215/1/6
f 19215/1/6 19214/1/6 19216/1/6
f 19217/2/6 19218/2/6 19219/2/6
f 19219/2/6 19218/2/6 19220/2/6
f 19221/1/6 19222/1/6 19223/1/6
f 19223/1/6 19222/1/6 19224/1/6
f 19223/2/6 19224/2/6 19227/2/6
f 19227/2/6 19224/2/6 19228/2/6
f 19225/2/6 19226/2/6 19229/2/6
f 19229/2/6 19226/2/6 19230/2/6
f 19231/2/6 19232/2/6 19233/2/6
f 19233/2/6 19232/2/6 19234/2/6
f 19235/2/6 19236/2/6 19237/2/6
f 19237/2/6 19236/2/6 19238/2/6
f 19239/2/6 19240/2/6 19244/2/6
f 19241/2/6 19242/2/6 19245/2/6
f 19243/2/6 19244/2/6 19248/2/6
f 19244/2/6 19240/2/6 19249/2/6
f 19248/2/6 19244/2/6 19249/2/6
f 19249/2/6 19240/2/6 19250/2/6
f 19245/2/6 19246/2/6 19251/2/6
f 19241/2/6 19245/2/6 19251/2/6
f 19251/2/6 19246/2/6 19252/2/6
f 19252/2/6 19246/2/6 19253/2/6
f 19247/2/6 19248/2/6 19255/2/6
f 19248/2/6 19249/2/6 19255/2/6
f 19255/2/6 19249/2/6 19256/2/6
f 19253/2/6 19254/2/6 19257/2/6
f 19252/2/6 19253/2/6 19257/2/6
f 19257/2/6 19254/2/6 19258/2/6
f 19258/2/6 19254/2/6 19259/2/6
f 19259/2/6 19254/2/6 19260/2/6
f 19261/2/6 19262/2/6 19265/2/6
f 19265/2/6 19262/2/6 19266/2/6
f 19263/2/6 19264/2/6 19267/2/6
f 19267/2/6 19264/2/6 19274/2/6
f 19274/2/6 19264/2/6 19275/2/6
f 19268/2/6 19269/2/6 19276/2/6
f 19269/2/6 19270/2/6 19276/2/6
f 19276/2/6 19270/2/6 19277/2/6
f 19271/2/6 19272/2/6 19278/2/6
f 19273/2/6 19274/2/6 19279/2/6
f 19279/2/6 19274/2/6 19280/2/6
f 19275/2/6 19264/2/6 19281/2/6
f 19281/2/6 19264/2/6 19282/2/6
f 19271/2/6 19278/2/6 19283/2/6
f 19283/2/6 19278/2/6 19284/2/6
f 19273/2/6 19279/2/6 19285/2/6
f 19285/2/6 19279/2/6 19286/2/6
f 19280/2/6 19281/2/6 19287/2/6
f 19287/2/6 19281/2/6 19288/2/6
f 19268/2/6 19276/2/6 19290/2/6
f 19290/2/6 19276/2/6 19291/2/6
f 19291/2/6 19292/2/6 19295/2/6
f 19290/2/6 19291/2/6 19295/2/6
f 19289/2/6 19290/2/6 19295/2/6
f 19295/2/6 19292/2/6 19296/2/6
f 19293/2/6 19294/2/6 19298/2/6
f 19298/2/6 19294/2/6 19299/2/6
f 19296/2/6 19292/2/6 19300/2/6
f 19300/2/6 19292/2/6 19301/2/6
f 19297/2/6 19298/2/6 19302/2/6
f 19302/2/6 19298/2/6 19303/2/6
f 19303/2/6 19304/2/6 19307/2/6
f 19307/2/6 19304/2/6 19308/2/6
f 19305/2/6 19306/2/6 19309/2/6
f 19309/2/6 19306/2/6 19310/2/6
f 19311/2/6 19312/2/6 19315/2/6
f 19313/2/6 19314/2/6 19316/2/6
f 19316/2/6 19314/2/6 19317/2/6
f 19317/2/6 19314/2/6 19318/2/6
f 19311/2/6 19315/2/6 19319/2/6
f 19315/2/6 19316/2/6 19319/2/6
f 19316/2/6 19317/2/6 19319/2/6
f 19319/2/6 19317/2/6 19320/2/6
f 19320/2/6 19317/2/6 19321/2/6
f 19321/2/6 19317/2/6 19322/2/6
f 19320/2/6 19321/2/6 19324/2/6
f 19324/2/6 19321/2/6 19325/2/6
f 19325/2/6 19321/2/6 19326/2/6
f 19322/2/6 19317/2/6 19328/2/6
f 19328/2/6 19317/2/6 19329/2/6
f 19326/2/6 19327/2/6 19330/2/6
f 19325/2/6 19326/2/6 19330/2/6
f 19330/2/6 19327/2/6 19331/2/6
f 19322/2/6 19328/2/6 19332/2/6
f 19332/2/6 19328/2/6 19333/2/6
f 19323/2/6 19324/2/6 19336/2/6
f 19325/2/6 19330/2/6 19337/2/6
f 19334/2/6 19335/2/6 19338/2/6
f 19336/2/6 19337/2/6 19342/2/6
f 19323/2/6 19336/2/6 19342/2/6
f 19337/2/6 19330/2/6 19343/2/6
f 19342/2/6 19337/2/6 19343/2/6
f 19338/2/6 19339/2/6 19344/2/6
f 19334/2/6 19338/2/6 19344/2/6
f 19344/2/6 19339/2/6 19345/2/6
f 19345/2/6 19339/2/6 19346/2/6
f 19340/2/6 19341/2/6 19348/2/6
f 19348/2/6 19341/2/6 19349/2/6
f 19323/2/6 19342/2/6 19351/2/6
f 19351/2/6 19342/2/6 19352/2/6
f 19346/2/6 19347/2/6 19353/2/6
f 19345/2/6 19346/2/6 19353/2/6
f 19353/2/6 19347/2/6 19354/2/6
f 19354/2/6 19347/2/6 19355/2/6
f 19349/2/6 19350/2/6 19357/2/6
f 19355/2/6 19356/2/6 19358/2/6
f 19354/2/6 19355/2/6 19358/2/6
f 19358/2/6 19356/2/6 19359/2/6
f 19349/2/6 19357/2/6 19360/2/6
f 19360/2/6 19357/2/6 19361/2/6
f 19362/2/6 19363/2/6 19364/2/6
f 19364/2/6 19363/2/6 19365/2/6
f 19366/2/6 19367/2/6 19368/2/6
f 19368/2/6 19367/2/6 19369/2/6
f 19370/2/6 19371/2/6 19373/2/6
f 19372/2/6 19373/2/6 19374/2/6
f 19373/2/6 19371/2/6 19375/2/6
f 19374/2/6 19373/2/6 19375/2/6
f 19375/2/6 19371/2/6 19376/2/6
f 19376/2/6 19377/2/6 19381/2/6
f 19375/2/6 19376/2/6 19381/2/6
f 19381/2/6 19377/2/6 19382/2/6
f 19379/2/6 19380/2/6 19383/2/6
f 19378/2/6 19379/2/6 19383/2/6
f 19383/2/6 19380/2/6 19384/2/6
f 19385/2/6 19386/2/6 19388/2/6
f 19387/2/6 19388/2/6 19389/2/6
f 19388/2/6 19386/2/6 19390/2/6
f 19389/2/6 19388/2/6 19390/2/6
f 19390/2/6 19386/2/6 19393/2/6
f 19393/2/6 19386/2/6 19394/2/6
f 19391/2/6 19392/2/6 19395/2/6
f 19395/2/6 19392/2/6 19396/2/6
f 19397/2/6 19398/2/6 19399/2/6
f 19399/2/6 19398/2/6 19400/2/6
f 19399/2/6 19400/2/6 19402/2/6
f 19400/2/6 19401/2/6 19402/2/6
f 19402/2/6 19401/2/6 19403/2/6
f 19404/2/6 19405/2/6 19406/2/6
f 19404/2/6 19406/2/6 19410/2/6
f 19406/2/6 19407/2/6 19410/2/6
f 19410/2/6 19407/2/6 19411/2/6
f 19411/2/6 19407/2/6 19412/2/6
f 19408/2/6 19409/2/6 19415/2/6
f 19415/2/6 19409/2/6 19416/2/6
f 19416/2/6 19409/2/6 19417/2/6
f 19412/2/6 19413/2/6 19418/2/6
f 19411/2/6 19412/2/6 19418/2/6
f 19418/2/6 19413/2/6 19419/2/6
f 19415/2/6 19416/2/6 19420/2/6
f 19414/2/6 19415/2/6 19420/2/6
f 19420/2/6 19416/2/6 19421/2/6
f 19419/2/6 19413/2/6 19422/2/6
f 19422/2/6 19413/2/6 19423/2/6
f 19414/2/6 19420/2/6 19424/2/6
f 19424/2/6 19420/2/6 19425/2/6
f 19426/2/6 19427/2/6 19428/2/6
f 19428/2/6 19427/2/6 19429/2/6
f 19429/2/6 19427/2/6 19430/2/6
f 19429/2/6 19430/2/6 19433/2/6
f 19433/2/6 19430/2/6 19434/2/6
f 19431/2/6 19432/2/6 19437/2/6
f 19437/2/6 19432/2/6 19438/2/6
f 19435/2/6 19436/2/6 19441/2/6
f 19441/2/6 19436/2/6 19442/2/6
f 19442/2/6 19436/2/6 19443/2/6
f 19439/2/6 19440/2/6 19446/2/6
f 19446/2/6 19440/2/6 19447/2/6
f 19441/2/6 19442/2/6 19448/2/6
f 19448/2/6 19442/2/6 19449/2/6
f 19444/2/6 19445/2/6 19452/2/6
f 19452/2/6 19445/2/6 19453/2/6
f 19450/2/6 19451/2/6 19454/2/6
f 19454/2/6 19451/2/6 19455/2/6
f 19455/2/6 19451/2/6 19456/2/6
f 19457/2/6 19458/2/6 19462/2/6
f 19462/2/6 19458/2/6 19463/2/6
f 19459/2/6 19460/2/6 19464/2/6
f 19464/2/6 19460/2/6 19465/2/6
f 19461/2/6 19462/2/6 19467/2/6
f 19467/2/6 19462/2/6 19468/2/6
f 19465/2/6 19466/2/6 19471/2/6
f 19469/2/6 19470/2/6 19474/2/6
f 19474/2/6 19470/2/6 19475/2/6
f 19471/2/6 19472/2/6 19476/2/6
f 19465/2/6 19471/2/6 19476/2/6
f 19476/2/6 19472/2/6 19477/2/6
f 19473/2/6 19474/2/6 19479/2/6
f 19479/2/6 19474/2/6 19480/2/6
f 19480/2/6 19474/2/6 19481/2/6
f 19477/2/6 19478/2/6 19482/2/6
f 19482/2/6 19478/2/6 19483/2/6
f 19483/2/6 19484/2/6 19485/2/6
f 19485/2/6 19484/2/6 19486/2/6
f 19487/2/6 19488/2/6 19489/2/6
f 19489/2/6 19488/2/6 19490/2/6
f 19491/2/6 19492/2/6 19502/2/6
f 19502/2/6 19492/2/6 19503/2/6
f 19493/2/6 19494/2/6 19504/2/6
f 19504/2/6 19494/2/6 19505/2/6
f 19495/2/6 19496/2/6 19507/2/6
f 19497/2/6 19498/2/6 19508/2/6
f 19508/2/6 19498/2/6 19509/2/6
f 19499/2/6 19500/2/6 19511/2/6
f 19511/2/6 19500/2/6 19512/2/6
f 19502/2/6 19503/2/6 19513/2/6
f 19501/2/6 19502/2/6 19513/2/6
f 19503/2/6 19504/2/6 19513/2/6
f 19513/2/6 19504/2/6 19514/2/6
f 19514/2/6 19504/2/6 19515/2/6
f 19506/2/6 19507/2/6 19516/2/6
f 19507/2/6 19496/2/6 19517/2/6
f 19516/2/6 19507/2/6 19517/2/6
f 19509/2/6 19510/2/6 19520/2/6
f 19520/2/6 19510/2/6 19521/2/6
f 19517/2/6 19496/2/6 19526/2/6
f 19526/2/6 19496/2/6 19527/2/6
f 19518/2/6 19519/2/6 19528/2/6
f 19528/2/6 19519/2/6 19529/2/6
f 19522/2/6 19523/2/6 19532/2/6
f 19524/2/6 19525/2/6 19536/2/6
f 19536/2/6 19525/2/6 19537/2/6
f 19530/1/6 19531/1/6 19540/1/6
f 19540/1/6 19531/1/6 19541/1/6
f 19532/2/6 19533/2/6 19545/2/6
f 19522/2/6 19532/2/6 19545/2/6
f 19545/2/6 19533/2/6 19546/2/6
f 19534/2/6 19535/2/6 19548/2/6
f 19548/2/6 19535/2/6 19549/2/6
f 19538/2/6 19539/2/6 19551/2/6
f 19541/2/6 19542/2/6 19552/2/6
f 19552/2/6 19542/2/6 19553/2/6
f 19543/2/6 19544/2/6 19554/2/6
f 19554/2/6 19544/2/6 19555/2/6
f 19522/2/6 19545/2/6 19556/2/6
f 19556/2/6 19545/2/6 19557/2/6
f 19550/2/6 19551/2/6 19558/2/6
f 19551/2/6 19539/2/6 19558/2/6
f 19553/2/6 19554/2/6 19561/2/6
f 19547/2/6 19548/2/6 19563/2/6
f 19563/2/6 19548/2/6 19564/2/6
f 19558/2/6 19559/2/6 19566/2/6
f 19560/2/6 19561/2/6 19568/2/6
f 19561/2/6 19554/2/6 19568/2/6
f 19568/2/6 19554/2/6 19569/2/6
f 19564/2/6 19565/2/6 19570/2/6
f 19562/2/6 19563/2/6 19570/2/6
f 19563/2/6 19564/2/6 19570/2/6
f 19570/2/6 19565/2/6 19571/2/6
f 19566/2/6 19567/2/6 19572/2/6
f 19550/2/6 19558/2/6 19572/2/6
f 19558/2/6 19566/2/6 19572/2/6
f 19572/2/6 19567/2/6 19573/2/6
f 19573/2/6 19567/2/6 19574/2/6
f 19574/2/6 19567/2/6 19575/2/6
f 19560/2/6 19568/2/6 19576/2/6
f 19576/2/6 19568/2/6 19577/2/6
f 19562/2/6 19570/2/6 19579/2/6
f 19579/2/6 19570/2/6 19580/2/6
f 19580/2/6 19570/2/6 19581/2/6
f 19573/2/6 19574/2/6 19583/2/6
f 19583/2/6 19574/2/6 19584/2/6
f 19575/2/6 19567/2/6 19585/2/6
f 19585/2/6 19567/2/6 19586/2/6
f 19560/2/6 19576/2/6 19587/2/6
f 19577/2/6 19578/2/6 19588/2/6
f 19588/2/6 19578/2/6 19589/2/6
f 19581/2/6 19582/2/6 19590/2/6
f 19580/2/6 19581/2/6 19590/2/6
f 19590/2/6 19582/2/6 19591/2/6
f 19591/2/6 19582/2/6 19592/2/6
f 19575/2/6 19585/2/6 19594/2/6
f 19594/2/6 19585/2/6 19595/2/6
f 19586/2/6 19587/2/6 19596/2/6
f 19587/2/6 19576/2/6 19597/2/6
f 19596/2/6 19587/2/6 19597/2/6
f 19592/2/6 19593/2/6 19598/2/6
f 19591/2/6 19592/2/6 19598/2/6
f 19597/2/6 19576/2/6 19601/2/6
f 19601/2/6 19576/2/6 19602/2/6
f 19598/2/6 19599/2/6 19604/2/6
f 19591/2/6 19598/2/6 19604/2/6
f 19604/2/6 19599/2/6 19605/2/6
f 19602/2/6 19603/2/6 19607/2/6
f 19601/2/6 19602/2/6 19607/2/6
f 19600/2/6 19601/2/6 19607/2/6
f 19607/2/6 19603/2/6 19608/2/6
f 19608/2/6 19603/2/6 19609/2/6
f 19606/2/6 19607/2/6 19610/2/6
f 19610/2/6 19607/2/6 19611/2/6
f 19612/2/6 19613/2/6 19616/2/6
f 19616/2/6 19613/2/6 19617/2/6
f 19614/2/6 19615/2/6 19620/2/6
f 19620/2/6 19615/2/6 19621/2/6
f 19618/2/6 19619/2/6 19622/2/6
f 19622/2/6 19619/2/6 19623/2/6
f 19624/2/6 19625/2/6 19626/2/6
f 19626/2/6 19625/2/6 19627/2/6
f 19627/2/6 19625/2/6 19628/2/6
f 19629/2/6 19630/2/6 19631/2/6
f 19629/2/6 19631/2/6 19633/2/6
f 19631/2/6 19632/2/6 19633/2/6
f 19633/2/6 19632/2/6 19634/2/6
f 19635/2/6 19636/2/6 19637/2/6
f 19637/2/6 19636/2/6 19638/2/6
f 19638/2/6 19639/2/6 19641/2/6
f 19641/2/6 19639/2/6 19642/2/6
f 19640/2/6 19641/2/6 19646/2/6
f 19646/2/6 19641/2/6 19647/2/6
f 19642/2/6 19643/2/6 19648/2/6
f 19648/2/6 19643/2/6 19649/2/6
f 19644/2/6 19645/2/6 19650/2/6
f 19650/2/6 19645/2/6 19651/2/6
f 19652/2/6 19653/2/6 19654/2/6
f 19654/2/6 19653/2/6 19655/2/6
f 19656/2/6 19657/2/6 19658/2/6
f 19658/2/6 19657/2/6 19659/2/6
f 19659/2/6 19660/2/6 19664/2/6
f 19664/2/6 19660/2/6 19665/2/6
f 19662/2/6 19663/2/6 19666/2/6
f 19661/2/6 19662/2/6 19666/2/6
f 19666/2/6 19663/2/6 19667/2/6
f 19661/2/6 19666/2/6 19668/2/6
f 19668/2/6 19666/2/6 19669/2/6
f 19661/2/6 19668/2/6 19670/2/6
f 19670/2/6 19668/2/6 19671/2/6
f 19671/2/6 19672/2/6 19673/2/6
f 19673/2/6 19672/2/6 19674/2/6
f 19674/2/6 19672/2/6 19675/2/6
f 19675/2/6 19672/2/6 19676/2/6
f 19677/2/6 19678/2/6 19681/2/6
f 19681/2/6 19678/2/6 19682/2/6
f 19679/2/6 19680/2/6 19683/2/6
f 19683/2/6 19680/2/6 19684/2/6
f 19685/2/6 19686/2/6 19688/2/6
f 19688/2/6 19686/2/6 19689/2/6
f 19687/2/6 19688/2/6 19693/2/6
f 19688/2/6 19689/2/6 19693/2/6
f 19689/2/6 19690/2/6 19693/2/6
f 19693/2/6 19690/2/6 19694/2/6
f 19691/2/6 19692/2/6 19696/2/6
f 19696/2/6 19692/2/6 19697/2/6
f 19694/2/6 19695/2/6 19698/2/6
f 19698/2/6 19695/2/6 19699/2/6
f 19691/2/6 19696/2/6 19700/2/6
f 19700/2/6 19696/2/6 19701/2/6
f 19702/2/6 19703/2/6 19704/2/6
f 19704/2/6 19703/2/6 19705/2/6
f 19706/2/6 19707/2/6 19709/2/6
f 19709/2/6 19707/2/6 19710/2/6
f 19708/2/6 19709/2/6 19714/2/6
f 19709/2/6 19710/2/6 19714/2/6
f 19710/2/6 19711/2/6 19714/2/6
f 19714/2/6 19711/2/6 19715/2/6
f 19712/2/6 19713/2/6 19716/2/6
f 19716/2/6 19713/2/6 19717/2/6
f 19708/2/6 19714/2/6 19720/2/6
f 19720/2/6 19714/2/6 19721/2/6
f 19721/2/6 19714/2/6 19722/2/6
f 19722/2/6 19714/2/6 19723/2/6
f 19715/2/6 19716/2/6 19724/2/6
f 19724/2/6 19716/2/6 19725/2/6
f 19718/2/6 19719/2/6 19728/2/6
f 19728/2/6 19719/2/6 19729/2/6
f 19721/2/6 19722/2/6 19730/2/6
f 19730/2/6 19722/2/6 19731/2/6
f 19726/2/6 19727/2/6 19734/2/6
f 19734/2/6 19727/2/6 19735/2/6
f 19731/2/6 19732/2/6 19738/2/6
f 19738/2/6 19732/2/6 19739/2/6
f 19733/2/6 19734/2/6 19742/2/6
f 19742/2/6 19734/2/6 19743/2/6
f 19735/2/6 19736/2/6 19744/2/6
f 19744/2/6 19736/2/6 19745/2/6
f 19737/2/6 19738/2/6 19747/2/6
f 19740/2/6 19741/2/6 19748/2/6
f 19746/2/6 19747/2/6 19750/2/6
f 19747/2/6 19738/2/6 19751/2/6
f 19750/2/6 19747/2/6 19751/2/6
f 19740/2/6 19748/2/6 19752/2/6
f 19752/2/6 19748/2/6 19753/2/6
f 19749/2/6 19750/2/6 19759/2/6
f 19759/2/6 19750/2/6 19760/2/6
f 19754/2/6 19755/2/6 19761/2/6
f 19757/2/6 19758/2/6 19763/2/6
f 19756/2/6 19757/2/6 19763/2/6
f 19763/2/6 19758/2/6 19764/2/6
f 19764/2/6 19758/2/6 19765/2/6
f 19754/2/6 19761/2/6 19768/2/6
f 19768/2/6 19761/2/6 19769/2/6
f 19762/2/6 19763/2/6 19770/2/6
f 19763/2/6 19764/2/6 19770/2/6
f 19770/2/6 19764/2/6 19771/2/6
f 19771/2/6 19764/2/6 19772/2/6
f 19766/2/6 19767/2/6 19775/2/6
f 19775/2/6 19767/2/6 19776/2/6
f 19773/2/6 19774/2/6 19778/2/6
f 19778/2/6 19774/2/6 19779/2/6
f 19776/2/6 19777/2/6 19782/2/6
f 19779/2/6 19780/2/6 19783/2/6
f 19783/2/6 19780/2/6 19784/2/6
f 19781/2/6 19782/2/6 19786/2/6
f 19782/2/6 19777/2/6 19787/2/6
f 19786/2/6 19782/2/6 19787/2/6
f 19787/2/6 19777/2/6 19788/2/6
f 19785/2/6 19786/2/6 19790/2/6
f 19786/2/6 19787/2/6 19790/2/6
f 19789/2/6 19790/2/6 19793/2/6
f 19790/2/6 19787/2/6 19794/2/6
f 19793/2/6 19790/2/6 19794/2/6
f 19791/2/6 19792/2/6 19795/2/6
f 19795/2/6 19792/2/6 19798/2/6
f 19798/2/6 19792/2/6 19799/2/6
f 19796/2/6 19797/2/6 19800/2/6
f 19794/2/6 19787/2/6 19804/2/6
f 19804/2/6 19787/2/6 19805/2/6
f 19805/2/6 19787/2/6 19806/2/6
f 19802/2/6 19803/2/6 19808/2/6
f 19808/2/6 19803/2/6 19809/2/6
f 19800/2/6 19801/2/6 19811/2/6
f 19809/2/6 19810/2/6 19813/2/6
f 19808/2/6 19809/2/6 19813/2/6
f 19807/2/6 19808/2/6 19813/2/6
f 19813/2/6 19810/2/6 19814/2/6
f 19811/2/6 19812/2/6 19817/2/6
f 19800/2/6 19811/2/6 19817/2/6
f 19796/2/6 19800/2/6 19817/2/6
f 19817/2/6 19812/2/6 19818/2/6
f 19815/2/6 19816/2/6 19819/2/6
f 19819/2/6 19816/2/6 19820/2/6
f 19818/2/6 19812/2/6 19822/2/6
f 19822/2/6 19812/2/6 19823/2/6
f 19807/2/6 19813/2/6 19826/2/6
f 19820/2/6 19821/2/6 19830/2/6
f 19830/2/6 19821/2/6 19831/2/6
f 19824/2/6 19825/2/6 19835/2/6
f 19807/2/6 19826/2/6 19836/2/6
f 19826/2/6 19827/2/6 19836/2/6
f 19836/2/6 19827/2/6 19837/2/6
f 19828/2/6 19829/2/6 19839/2/6
f 19839/2/6 19829/2/6 19840/2/6
f 19831/2/6 19821/2/6 19843/2/6
f 19832/2/6 19833/2/6 19845/2/6
f 19837/2/6 19827/2/6 19846/2/6
f 19846/2/6 19827/2/6 19847/2/6
f 19840/2/6 19841/2/6 19848/2/6
f 19838/2/6 19839/2/6 19848/2/6
f 19839/2/6 19840/2/6 19848/2/6
f 19848/2/6 19841/2/6 19849/2/6
f 19844/2/6 19845/2/6 19851/2/6
f 19845/2/6 19833/2/6 19852/2/6
f 19851/2/6 19845/2/6 19852/2/6
f 19852/2/6 19833/2/6 19853/2/6
f 19834/2/6 19835/2/6 19854/2/6
f 19854/2/6 19835/2/6 19855/2/6
f 19842/2/6 19843/2/6 19859/2/6
f 19843/2/6 19821/2/6 19860/2/6
f 19859/2/6 19843/2/6 19860/2/6
f 19860/2/6 19821/2/6 19861/2/6
f 19851/2/6 19852/2/6 19863/2/6
f 19850/2/6 19851/2/6 19863/2/6
f 19863/2/6 19852/2/6 19864/2/6
f 19855/2/6 19835/2/6 19866/2/6
f 19856/2/6 19857/2/6 19868/2/6
f 19868/2/6 19857/2/6 19869/2/6
f 19858/2/6 19859/2/6 19874/2/6
f 19859/2/6 19860/2/6 19874/2/6
f 19874/2/6 19860/2/6 19875/2/6
f 19861/2/6 19862/2/6 19876/2/6
f 19876/2/6 19862/2/6 19877/2/6
f 19850/2/6 19863/2/6 19878/2/6
f 19878/2/6 19863/2/6 19879/2/6
f 19865/2/6 19866/2/6 19880/2/6
f 19866/2/6 19835/2/6 19881/2/6
f 19880/2/6 19866/2/6 19881/2/6
f 19869/2/6 19870/2/6 19883/2/6
f 19867/2/6 19868/2/6 19883/2/6
f 19868/2/6 19869/2/6 19883/2/6
f 19883/2/6 19870/2/6 19884/2/6
f 19871/2/6 19872/2/6 19885/2/6
f 19873/2/6 19874/2/6 19888/2/6
f 19875/2/6 19860/2/6 19889/2/6
f 19889/2/6 19860/2/6 19890/2/6
f 19890/2/6 19860/2/6 19891/2/6
f 19881/2/6 19835/2/6 19892/2/6
f 19892/2/6 19835/2/6 19893/2/6
f 19835/2/6 19825/2/6 19894/2/6
f 19893/2/6 19835/2/6 19894/2/6
f 19883/2/6 19884/2/6 19896/2/6
f 19882/2/6 19883/2/6 19896/2/6
f 19884/2/6 19885/2/6 19896/2/6
f 19896/2/6 19885/2/6 19897/2/6
f 19897/2/6 19885/2/6 19898/2/6
f 19898/2/6 19885/2/6 19899/2/6
f 19885/2/6 19872/2/6 19900/2/6
f 19899/2/6 19885/2/6 19900/2/6
f 19886/2/6 19887/2/6 19901/2/6
f 19901/2/6 19887/2/6 19902/2/6
f 19889/2/6 19890/2/6 19904/2/6
f 19888/2/6 19889/2/6 19904/2/6
f 19904/2/6 19890/2/6 19905/2/6
f 19894/2/6 19895/2/6 19906/2/6
f 19893/2/6 19894/2/6 19906/2/6
f 19906/2/6 19895/2/6 19907/2/6
f 19882/2/6 19896/2/6 19908/2/6
f 19908/2/6 19896/2/6 19909/2/6
f 19897/2/6 19898/2/6 19910/2/6
f 19910/2/6 19898/2/6 19911/2/6
f 19902/2/6 19903/2/6 19912/2/6
f 19899/2/6 19900/2/6 19912/2/6
f 19900/2/6 19901/2/6 19912/2/6
f 19901/2/6 19902/2/6 19912/2/6
f 19912/2/6 19903/2/6 19913/2/6
f 19913/2/6 19903/2/6 19914/2/6
f 19914/2/6 19903/2/6 19915/2/6
f 19873/2/6 19888/2/6 19916/2/6
f 19888/2/6 19904/2/6 19916/2/6
f 19916/2/6 19904/2/6 19917/2/6
f 19917/2/6 19904/2/6 19918/2/6
f 19918/2/6 19904/2/6 19919/2/6
f 19907/2/6 19895/2/6 19920/2/6
f 19920/2/6 19895/2/6 19921/2/6
f 19913/2/6 19914/2/6 19922/2/6
f 19922/2/6 19914/2/6 19923/2/6
f 19923/2/6 19914/2/6 19924/2/6
f 19924/2/6 19914/2/6 19925/2/6
f 19917/2/6 19918/2/6 19927/2/6
f 19923/2/6 19924/2/6 19928/2/6
f 19928/2/6 19924/2/6 19929/2/6
f 19926/2/6 19927/2/6 19930/2/6
f 19927/2/6 19918/2/6 19931/2/6
f 19930/2/6 19927/2/6 19931/2/6
f 19931/2/6 19918/2/6 19932/2/6
f 19932/2/6 19918/2/6 19933/2/6
f 19929/2/6 19924/2/6 19934/2/6
f 19934/2/6 19924/2/6 19935/2/6
f 19935/2/6 19936/2/6 19938/2/6
f 19938/2/6 19936/2/6 19939/2/6
f 19940/2/6 19941/2/6 19942/2/6
f 19940/2/6 19942/2/6 19944/2/6
f 19942/2/6 19943/2/6 19944/2/6
f 19944/2/6 19943/2/6 19945/2/6
f 19945/2/6 19943/2/6 19946/2/6
f 19937/2/6 19938/2/6 19949/2/6
f 19949/2/6 19938/2/6 19950/2/6
f 19945/2/6 19946/2/6 19953/2/6
f 19953/2/6 19946/2/6 19954/2/6
f 19951/2/6 19952/2/6 19955/2/6
f 19955/2/6 19956/2/6 19958/2/6
f 19951/2/6 19955/2/6 19958/2/6
f 19958/2/6 19956/2/6 19959/2/6
f 19959/2/6 19956/2/6 19960/2/6
f 19957/2/6 19958/2/6 19961/2/6
f 19958/2/6 19959/2/6 19961/2/6
f 19957/2/6 19961/2/6 19963/2/6
f 19961/2/6 19962/2/6 19963/2/6
f 19963/2/6 19962/2/6 19964/2/6
f 19957/2/6 19963/2/6 19967/2/6
f 19967/2/6 19963/2/6 19968/2/6
f 19947/2/6 19948/2/6 19969/2/6
f 19969/2/6 19948/2/6 19970/2/6
f 19965/2/6 19966/2/6 19972/2/6
f 19972/2/6 19966/2/6 19973/2/6
f 19973/2/6 19974/2/6 19978/2/6
f 19971/2/6 19972/2/6 19978/2/6
f 19972/2/6 19973/2/6 19978/2/6
f 19978/2/6 19974/2/6 19979/2/6
f 19979/2/6 19974/2/6 19980/2/6
f 19975/2/6 19976/2/6 19982/2/6
f 19977/2/6 19978/2/6 19983/2/6
f 19978/2/6 19979/2/6 19983/2/6
f 19983/2/6 19979/2/6 19984/2/6
f 19981/2/6 19982/2/6 19985/2/6
f 19982/2/6 19976/2/6 19985/2/6
f 19981/2/6 19985/2/6 19987/2/6
f 19985/2/6 19986/2/6 19987/2/6
f 19987/2/6 19986/2/6 19988/2/6
f 19988/2/6 19986/2/6 19989/2/6
f 19989/2/6 19986/2/6 19990/2/6
f 19988/2/6 19989/2/6 19992/2/6
f 19992/2/6 19989/2/6 19993/2/6
f 19990/2/6 19991/2/6 19994/2/6
f 19994/2/6 19991/2/6 19995/2/6
f 19995/2/6 19996/2/6 19997/2/6
f 19994/2/6 19995/2/6 19997/2/6
f 19993/2/6 19994/2/6 19997/2/6
f 19997/2/6 19996/2/6 19998/2/6
f 19998/2/6 19996/2/6 19999/2/6
f 19999/2/6 19996/2/6 20000/2/6
f 20000/2/6 19996/2/6 20001/2/6
f 19998/2/6 19999/2/6 20003/2/6
f 20003/2/6 19999/2/6 20004/2/6
f 20001/2/6 20002/2/6 20005/2/6
f 20000/2/6 20001/2/6 20005/2/6
f 20005/2/6 20002/2/6 20006/2/6
f 20007/2/6 20008/2/6 20009/2/6
f 20009/2/6 20008/2/6 20010/2/6
f 20011/2/6 20012/2/6 20016/2/6
f 20013/2/6 20014/2/6 20017/2/6
f 20017/2/6 20014/2/6 20018/2/6
f 20015/2/6 20016/2/6 20020/2/6
f 20016/2/6 20012/2/6 20021/2/6
f 20020/2/6 20016/2/6 20021/2/6
f 20018/2/6 20019/2/6 20022/2/6
f 20022/2/6 20019/2/6 20023/2/6
f 20023/2/6 20019/2/6 20024/2/6
f 20024/2/6 20019/2/6 20025/2/6
f 20023/2/6 20024/2/6 20026/2/6
f 20026/2/6 20024/2/6 20027/2/6
f 20028/2/6 20029/2/6 20030/2/6
f 20030/2/6 20029/2/6 20031/2/6
f 20032/2/6 20033/2/6 20034/2/6
f 20034/2/6 20033/2/6 20035/2/6
f 20036/2/6 20037/2/6 20039/2/6
f 20039/2/6 20037/2/6 20040/2/6
f 20040/2/6 20037/2/6 20041/2/6
f 20041/2/6 20037/2/6 20042/2/6
f 20038/2/6 20039/2/6 20045/2/6
f 20039/2/6 20040/2/6 20045/2/6
f 20045/2/6 20040/2/6 20046/2/6
f 20046/2/6 20040/2/6 20047/2/6
f 20041/2/6 20042/2/6 20048/2/6
f 20042/2/6 20043/2/6 20048/2/6
f 20048/2/6 20043/2/6 20049/2/6
f 20049/2/6 20043/2/6 20050/2/6
f 20050/2/6 20043/2/6 20051/2/6
f 20049/2/6 20050/2/6 20052/2/6
f 20051/2/6 20043/2/6 20053/2/6
f 20053/2/6 20043/2/6 20054/2/6
f 20045/2/6 20046/2/6 20056/2/6
f 20044/2/6 20045/2/6 20056/2/6
f 20056/2/6 20046/2/6 20057/2/6
f 20049/2/6 20052/2/6 20058/2/6
f 20054/2/6 20055/2/6 20058/2/6
f 20053/2/6 20054/2/6 20058/2/6
f 20052/2/6 20053/2/6 20058/2/6
f 20058/2/6 20055/2/6 20059/2/6
f 20059/2/6 20055/2/6 20060/2/6
f 20060/2/6 20055/2/6 20061/2/6
f 20064/2/6 20065/2/6 20071/2/6
f 20071/2/6 20065/2/6 20072/2/6
f 20066/2/6 20067/2/6 20073/2/6
f 20073/2/6 20067/2/6 20074/2/6
f 20074/2/6 20067/2/6 20075/2/6
f 20062/2/6 20063/2/6 20077/2/6
f 20077/2/6 20063/2/6 20078/2/6
f 20068/2/6 20069/2/6 20081/2/6
f 20071/2/6 20072/2/6 20082/2/6
f 20070/2/6 20071/2/6 20082/2/6
f 20072/2/6 20073/2/6 20082/2/6
f 20082/2/6 20073/2/6 20083/2/6
f 20075/2/6 20076/2/6 20084/2/6
f 20074/2/6 20075/2/6 20084/2/6
f 20084/2/6 20076/2/6 20085/2/6
f 20085/2/6 20076/2/6 20086/2/6
f 20086/2/6 20076/2/6 20087/2/6
f 20079/2/6 20080/2/6 20088/2/6
f 20088/2/6 20080/2/6 20089/2/6
f 20068/2/6 20081/2/6 20090/2/6
f 20090/2/6 20081/2/6 20091/2/6
f 20085/2/6 20086/2/6 20092/2/6
f 20092/2/6 20086/2/6 20093/2/6
f 20089/2/6 20080/2/6 20096/2/6
f 20096/2/6 20080/2/6 20097/2/6
f 20097/2/6 20080/2/6 20098/2/6
f 20098/2/6 20080/2/6 20099/2/6
f 20099/2/6 20080/2/6 20100/2/6
f 20068/2/6 20090/2/6 20102/2/6
f 20102/2/6 20090/2/6 20103/2/6
f 20100/2/6 20101/2/6 20108/2/6
f 20099/2/6 20100/2/6 20108/2/6
f 20108/2/6 20101/2/6 20109/2/6
f 20109/2/6 20101/2/6 20110/2/6
f 20106/2/6 20107/2/6 20111/2/6
f 20105/2/6 20106/2/6 20111/2/6
f 20111/2/6 20107/2/6 20112/2/6
f 20103/2/6 20104/2/6 20113/2/6
f 20094/2/6 20095/2/6 20115/2/6
f 20115/2/6 20095/2/6 20116/2/6
f 20105/2/6 20111/2/6 20120/2/6
f 20120/2/6 20111/2/6 20121/2/6
f 20113/2/6 20114/2/6 20122/2/6
f 20103/2/6 20113/2/6 20122/2/6
f 20122/2/6 20114/2/6 20123/2/6
f 20116/2/6 20095/2/6 20124/2/6
f 20124/2/6 20095/2/6 20125/2/6
f 20117/2/6 20118/2/6 20126/2/6
f 20126/2/6 20118/2/6 20127/2/6
f 20119/2/6 20120/2/6 20128/2/6
f 20128/2/6 20120/2/6 20129/2/6
f 20131/2/6 20132/2/6 20137/2/6
f 20130/2/6 20131/2/6 20137/2/6
f 20123/2/6 20114/2/6 20139/2/6
f 20139/2/6 20114/2/6 20140/2/6
f 20133/2/6 20134/2/6 20141/2/6
f 20141/2/6 20134/2/6 20142/2/6
f 20135/2/6 20136/2/6 20144/2/6
f 20144/2/6 20136/2/6 20145/2/6
f 20145/2/6 20136/2/6 20146/2/6
f 20143/2/6 20144/2/6 20151/2/6
f 20151/2/6 20144/2/6 20152/2/6
f 20137/2/6 20138/2/6 20153/2/6
f 20130/2/6 20137/2/6 20153/2/6
f 20153/2/6 20138/2/6 20154/2/6
f 20154/2/6 20138/2/6 20155/2/6
f 20155/2/6 20138/2/6 20156/2/6
f 20150/2/6 20151/2/6 20158/2/6
f 20158/2/6 20151/2/6 20159/2/6
f 20146/2/6 20147/2/6 20160/2/6
f 20145/2/6 20146/2/6 20160/2/6
f 20148/2/6 20149/2/6 20161/2/6
f 20154/2/6 20155/2/6 20162/2/6
f 20162/2/6 20155/2/6 20163/2/6
f 20157/2/6 20158/2/6 20165/2/6
f 20165/2/6 20158/2/6 20166/2/6
f 20145/2/6 20160/2/6 20167/2/6
f 20160/2/6 20161/2/6 20167/2/6
f 20161/2/6 20149/2/6 20168/2/6
f 20167/2/6 20161/2/6 20168/2/6
f 20164/2/6 20165/2/6 20172/2/6
f 20172/2/6 20165/2/6 20173/2/6
f 20169/2/6 20170/2/6 20178/2/6
f 20175/2/6 20176/2/6 20181/2/6
f 20168/2/6 20149/2/6 20182/2/6
f 20177/2/6 20178/2/6 20183/2/6
f 20178/2/6 20170/2/6 20184/2/6
f 20183/2/6 20178/2/6 20184/2/6
f 20179/2/6 20180/2/6 20186/2/6
f 20186/2/6 20180/2/6 20187/2/6
f 20171/2/6 20172/2/6 20188/2/6
f 20188/2/6 20172/2/6 20189/2/6
f 20173/2/6 20174/2/6 20190/2/6
f 20190/2/6 20174/2/6 20191/2/6
f 20181/2/6 20182/2/6 20193/2/6
f 20182/2/6 20149/2/6 20193/2/6
f 20184/2/6 20170/2/6 20194/2/6
f 20194/2/6 20170/2/6 20195/2/6
f 20185/2/6 20186/2/6 20196/2/6
f 20196/2/6 20186/2/6 20197/2/6
f 20187/2/6 20188/2/6 20198/2/6
f 20198/2/6 20188/2/6 20199/2/6
f 20191/2/6 20192/2/6 20200/2/6
f 20200/2/6 20192/2/6 20201/2/6
f 20181/2/6 20193/2/6 20202/2/6
f 20181/2/6 20202/2/6 20207/2/6
f 20203/2/6 20204/2/6 20208/2/6
f 20208/2/6 20204/2/6 20209/2/6
f 20205/2/6 20206/2/6 20210/2/6
f 20210/2/6 20206/2/6 20211/2/6
f 20175/2/6 20181/2/6 20213/2/6
f 20208/2/6 20209/2/6 20213/2/6
f 20209/2/6 20210/2/6 20213/2/6
f 20181/2/6 20207/2/6 20213/2/6
f 20207/2/6 20208/2/6 20213/2/6
f 20213/2/6 20210/2/6 20214/2/6
f 20214/2/6 20210/2/6 20215/2/6
f 20211/2/6 20212/2/6 20216/2/6
f 20216/2/6 20212/2/6 20217/2/6
f 20214/2/6 20215/2/6 20219/2/6
f 20215/2/6 20216/2/6 20219/2/6
f 20219/2/6 20216/2/6 20220/2/6
f 20220/2/6 20216/2/6 20221/2/6
f 20218/2/6 20219/2/6 20224/2/6
f 20224/2/6 20219/2/6 20225/2/6
f 20220/2/6 20221/2/6 20226/2/6
f 20221/2/6 20222/2/6 20226/2/6
f 20226/2/6 20222/2/6 20227/2/6
f 20223/2/6 20224/2/6 20228/2/6
f 20228/2/6 20224/2/6 20229/2/6
f 20230/2/6 20231/2/6 20233/2/6
f 20233/2/6 20231/2/6 20234/2/6
f 20232/2/6 20233/2/6 20235/2/6
f 20235/2/6 20233/2/6 20236/2/6
f 20234/2/6 20231/2/6 20237/2/6
f 20237/2/6 20231/2/6 20238/2/6
f 20238/2/6 20231/2/6 20239/2/6
f 20232/2/6 20235/2/6 20243/2/6
f 20243/2/6 20235/2/6 20244/2/6
f 20239/2/6 20240/2/6 20245/2/6
f 20238/2/6 20239/2/6 20245/2/6
f 20245/2/6 20240/2/6 20246/2/6
f 20241/2/6 20242/2/6 20251/2/6
f 20242/2/6 20243/2/6 20251/2/6
f 20251/2/6 20243/2/6 20252/2/6
f 20247/2/6 20248/2/6 20253/2/6
f 20253/2/6 20248/2/6 20254/2/6
f 20249/2/6 20250/2/6 20255/2/6
f 20241/2/6 20251/2/6 20257/2/6
f 20257/2/6 20251/2/6 20258/2/6
f 20249/2/6 20255/2/6 20259/2/6
f 20255/2/6 20256/2/6 20259/2/6
f 20259/2/6 20256/2/6 20260/2/6
f 20261/2/6 20262/2/6 20263/2/6
f 20263/2/6 20262/2/6 20264/2/6
f 20265/2/6 20266/2/6 20267/2/6
f 20265/2/6 20267/2/6 20271/2/6
f 20267/2/6 20268/2/6 20271/2/6
f 20271/2/6 20268/2/6 20272/2/6
f 20272/2/6 20268/2/6 20273/2/6
f 20273/2/6 20268/2/6 20274/2/6
f 20272/2/6 20273/2/6 20275/2/6
f 20274/2/6 20268/2/6 20276/2/6
f 20276/2/6 20268/2/6 20277/2/6
f 20269/2/6 20270/2/6 20280/2/6
f 20280/2/6 20270/2/6 20281/2/6
f 20281/2/6 20270/2/6 20282/2/6
f 20277/2/6 20278/2/6 20283/2/6
f 20272/2/6 20275/2/6 20283/2/6
f 20275/2/6 20276/2/6 20283/2/6
f 20276/2/6 20277/2/6 20283/2/6
f 20283/2/6 20278/2/6 20284/2/6
f 20284/2/6 20278/2/6 20285/2/6
f 20280/2/6 20281/2/6 20286/2/6
f 20279/2/6 20280/2/6 20286/2/6
f 20286/2/6 20281/2/6 20287/2/6
f 20287/2/6 20281/2/6 20288/2/6
f 20284/2/6 20285/2/6 20289/2/6
f 20286/2/6 20287/2/6 20289/2/6
f 20285/2/6 20286/2/6 20289/2/6
f 20289/2/6 20287/2/6 20290/2/6
f 20291/2/6 20292/2/6 20294/2/6
f 20294/2/6 20292/2/6 20295/2/6
f 20293/2/6 20294/2/6 20299/2/6
f 20294/2/6 20295/2/6 20299/2/6
f 20295/2/6 20296/2/6 20299/2/6
f 20299/2/6 20296/2/6 20300/2/6
f 20297/2/6 20298/2/6 20301/2/6
f 20301/2/6 20298/2/6 20302/2/6
f 20293/2/6 20299/2/6 20304/2/6
f 20304/2/6 20299/2/6 20305/2/6
f 20300/2/6 20296/2/6 20306/2/6
f 20303/2/6 20304/2/6 20308/2/6
f 20308/2/6 20304/2/6 20309/2/6
f 20306/2/6 20307/2/6 20310/2/6
f 20300/2/6 20306/2/6 20310/2/6
f 20310/2/6 20307/2/6 20311/2/6
f 20303/2/6 20308/2/6 20313/2/6
f 20313/2/6 20308/2/6 20314/2/6
f 20311/2/6 20312/2/6 20315/2/6
f 20315/2/6 20312/2/6 20316/2/6
f 20319/2/6 20320/2/6 20321/2/6
f 20321/2/6 20320/2/6 20322/2/6
f 20321/2/6 20322/2/6 20330/2/6
f 20322/2/6 20323/2/6 20330/2/6
f 20330/2/6 20323/2/6 20331/2/6
f 20331/2/6 20323/2/6 20332/2/6
f 20324/2/6 20325/2/6 20333/2/6
f 20333/2/6 20325/2/6 20334/2/6
f 20317/2/6 20318/2/6 20335/2/6
f 20335/2/6 20318/2/6 20336/2/6
f 20326/2/6 20327/2/6 20340/2/6
f 20340/2/6 20327/2/6 20341/2/6
f 20328/2/6 20329/2/6 20342/2/6
f 20342/2/6 20329/2/6 20343/2/6
f 20331/2/6 20332/2/6 20344/2/6
f 20333/2/6 20334/2/6 20344/2/6
f 20332/2/6 20333/2/6 20344/2/6
f 20344/2/6 20334/2/6 20345/2/6
f 20337/2/6 20338/2/6 20347/2/6
f 20339/2/6 20340/2/6 20348/2/6
f 20348/2/6 20340/2/6 20349/2/6
f 20345/2/6 20334/2/6 20350/2/6
f 20350/2/6 20334/2/6 20351/2/6
f 20351/2/6 20334/2/6 20352/2/6
f 20346/2/6 20347/2/6 20353/2/6
f 20347/2/6 20338/2/6 20353/2/6
f 20353/2/6 20338/2/6 20354/2/6
f 20351/2/6 20352/2/6 20358/2/6
f 20358/2/6 20352/2/6 20359/2/6
f 20356/2/6 20357/2/6 20363/2/6
f 20355/2/6 20356/2/6 20363/2/6
f 20363/2/6 20357/2/6 20364/2/6
f 20364/2/6 20357/2/6 20365/2/6
f 20336/2/6 20318/2/6 20366/2/6
f 20346/2/6 20353/2/6 20369/2/6
f 20369/2/6 20353/2/6 20370/2/6
f 20360/2/6 20361/2/6 20371/2/6
f 20371/2/6 20361/2/6 20372/2/6
f 20363/2/6 20364/2/6 20373/2/6
f 20362/2/6 20363/2/6 20373/2/6
f 20373/2/6 20364/2/6 20374/2/6
f 20366/2/6 20367/2/6 20375/2/6
f 20368/2/6 20369/2/6 20377/2/6
f 20370/2/6 20371/2/6 20378/2/6
f 20378/2/6 20371/2/6 20379/2/6
f 20362/2/6 20373/2/6 20380/2/6
f 20380/2/6 20373/2/6 20381/2/6
f 20336/2/6 20366/2/6 20384/2/6
f 20375/2/6 20376/2/6 20384/2/6
f 20366/2/6 20375/2/6 20384/2/6
f 20384/2/6 20376/2/6 20385/2/6
f 20368/2/6 20377/2/6 20386/2/6
f 20382/2/6 20383/2/6 20388/2/6
f 20388/2/6 20383/2/6 20389/2/6
f 20385/2/6 20386/2/6 20392/2/6
f 20392/2/6 20386/2/6 20393/2/6
f 20393/2/6 20386/2/6 20394/2/6
f 20386/2/6 20377/2/6 20395/2/6
f 20394/2/6 20386/2/6 20395/2/6
f 20395/2/6 20377/2/6 20396/2/6
f 20390/2/6 20391/2/6 20398/2/6
f 20387/2/6 20388/2/6 20398/2/6
f 20388/2/6 20389/2/6 20398/2/6
f 20389/2/6 20390/2/6 20398/2/6
f 20398/2/6 20391/2/6 20399/2/6
f 20399/2/6 20391/2/6 20400/2/6
f 20400/2/6 20391/2/6 20401/2/6
f 20401/2/6 20391/2/6 20402/2/6
f 20402/2/6 20391/2/6 20403/2/6
f 20396/2/6 20397/2/6 20404/2/6
f 20395/2/6 20396/2/6 20404/2/6
f 20399/2/6 20400/2/6 20408/2/6
f 20401/2/6 20402/2/6 20409/2/6
f 20409/2/6 20402/2/6 20410/2/6
f 20393/2/6 20394/2/6 20411/2/6
f 20411/2/6 20394/2/6 20412/2/6
f 20404/2/6 20405/2/6 20413/2/6
f 20395/2/6 20404/2/6 20413/2/6
f 20413/2/6 20405/2/6 20414/2/6
f 20406/2/6 20407/2/6 20415/2/6
f 20415/2/6 20407/2/6 20416/2/6
f 20399/2/6 20408/2/6 20419/2/6
f 20408/2/6 20409/2/6 20419/2/6
f 20419/2/6 20409/2/6 20420/2/6
f 20420/2/6 20409/2/6 20421/2/6
f 20414/2/6 20405/2/6 20424/2/6
f 20424/2/6 20405/2/6 20425/2/6
f 20416/2/6 20417/2/6 20426/2/6
f 20415/2/6 20416/2/6 20426/2/6
f 20426/2/6 20417/2/6 20427/2/6
f 20418/2/6 20419/2/6 20432/2/6
f 20419/2/6 20420/2/6 20432/2/6
f 20432/2/6 20420/2/6 20433/2/6
f 20433/2/6 20420/2/6 20434/2/6
f 20427/2/6 20428/2/6 20438/2/6
f 20438/2/6 20428/2/6 20439/2/6
f 20429/2/6 20430/2/6 20440/2/6
f 20440/2/6 20430/2/6 20441/2/6
f 20432/2/6 20433/2/6 20442/2/6
f 20431/2/6 20432/2/6 20442/2/6
f 20442/2/6 20433/2/6 20443/2/6
f 20443/2/6 20433/2/6 20444/2/6
f 20444/2/6 20433/2/6 20445/2/6
f 20443/2/6 20444/2/6 20452/2/6
f 20452/2/6 20444/2/6 20453/2/6
f 20445/2/6 20433/2/6 20454/2/6
f 20454/2/6 20433/2/6 20455/2/6
f 20434/2/6 20435/2/6 20456/2/6
f 20422/2/6 20423/2/6 20458/2/6
f 20458/2/6 20423/2/6 20459/2/6
f 20446/2/6 20447/2/6 20462/2/6
f 20462/2/6 20447/2/6 20463/2/6
f 20449/2/6 20450/2/6 20464/2/6
f 20448/2/6 20449/2/6 20464/2/6
f 20464/2/6 20450/2/6 20465/2/6
f 20436/2/6 20437/2/6 20466/2/6
f 20466/2/6 20437/2/6 20467/2/6
f 20451/2/6 20452/2/6 20468/2/6
f 20468/2/6 20452/2/6 20469/2/6
f 20456/2/6 20457/2/6 20472/2/6
f 20434/2/6 20456/2/6 20472/2/6
f 20472/2/6 20457/2/6 20473/2/6
f 20460/2/6 20461/2/6 20474/2/6
f 20474/2/6 20461/2/6 20475/2/6
f 20463/2/6 20464/2/6 20478/2/6
f 20478/2/6 20464/2/6 20479/2/6
f 20467/2/6 20437/2/6 20480/2/6
f 20480/2/6 20437/2/6 20481/2/6
f 20476/2/6 20477/2/6 20484/2/6
f 20484/2/6 20477/2/6 20485/2/6
f 20482/2/6 20483/2/6 20489/2/6
f 20489/2/6 20483/2/6 20490/2/6
f 20490/2/6 20483/2/6 20491/2/6
f 20470/2/6 20471/2/6 20492/2/6
f 20492/2/6 20471/2/6 20493/2/6
f 20485/2/6 20477/2/6 20494/2/6
f 20494/2/6 20477/2/6 20495/2/6
f 20486/2/6 20487/2/6 20496/2/6
f 20488/2/6 20489/2/6 20498/2/6
f 20489/2/6 20490/2/6 20498/2/6
f 20498/2/6 20490/2/6 20499/2/6
f 20493/2/6 20471/2/6 20500/2/6
f 20500/2/6 20471/2/6 20501/2/6
f 20496/2/6 20497/2/6 20502/2/6
f 20486/2/6 20496/2/6 20502/2/6
f 20502/2/6 20497/2/6 20503/2/6
f 20486/2/6 20502/2/6 20509/2/6
f 20509/2/6 20502/2/6 20510/2/6
f 20504/2/6 20505/2/6 20511/2/6
f 20508/2/6 20509/2/6 20513/2/6
f 20513/2/6 20509/2/6 20514/2/6
f 20511/2/6 20512/2/6 20515/2/6
f 20504/2/6 20511/2/6 20515/2/6
f 20515/2/6 20512/2/6 20516/2/6
f 20506/2/6 20507/2/6 20517/2/6
f 20517/2/6 20507/2/6 20518/2/6
f 20504/2/6 20515/2/6 20523/2/6
f 20523/2/6 20515/2/6 20524/2/6
f 20518/2/6 20519/2/6 20525/2/6
f 20525/2/6 20519/2/6 20526/2/6
f 20526/2/6 20519/2/6 20527/2/6
f 20527/2/6 20519/2/6 20528/2/6
f 20522/2/6 20523/2/6 20531/2/6
f 20531/2/6 20523/2/6 20532/2/6
f 20529/2/6 20530/2/6 20535/2/6
f 20535/2/6 20530/2/6 20536/2/6
f 20520/2/6 20521/2/6 20537/2/6
f 20537/2/6 20521/2/6 20538/2/6
f 20526/2/6 20527/2/6 20546/2/6
f 20546/2/6 20527/2/6 20547/2/6
f 20533/2/6 20534/2/6 20548/2/6
f 20548/2/6 20534/2/6 20549/2/6
f 20549/2/6 20534/2/6 20550/2/6
f 20540/2/6 20541/2/6 20553/2/6
f 20553/2/6 20541/2/6 20554/2/6
f 20542/2/6 20543/2/6 20555/2/6
f 20555/2/6 20543/2/6 20556/2/6
f 20544/2/6 20545/2/6 20559/2/6
f 20538/2/6 20539/2/6 20560/2/6
f 20560/2/6 20539/2/6 20561/2/6
f 20551/2/6 20552/2/6 20563/2/6
f 20553/2/6 20554/2/6 20563/2/6
f 20552/2/6 20553/2/6 20563/2/6
f 20563/2/6 20554/2/6 20564/2/6
f 20564/2/6 20554/2/6 20565/2/6
f 20565/2/6 20554/2/6 20566/2/6
f 20566/2/6 20554/2/6 20567/2/6
f 20556/2/6 20557/2/6 20568/2/6
f 20555/2/6 20556/2/6 20568/2/6
f 20568/2/6 20557/2/6 20569/2/6
f 20558/2/6 20559/2/6 20570/2/6
f 20559/2/6 20545/2/6 20570/2/6
f 20570/2/6 20545/2/6 20571/2/6
f 20561/2/6 20562/2/6 20572/2/6
f 20572/2/6 20562/2/6 20573/2/6
f 20563/2/6 20564/2/6 20575/2/6
f 20575/2/6 20564/2/6 20576/2/6
f 20576/2/6 20564/2/6 20577/2/6
f 20565/2/6 20566/2/6 20578/2/6
f 20578/2/6 20566/2/6 20579/2/6
f 20558/2/6 20570/2/6 20580/2/6
f 20575/2/6 20576/2/6 20583/2/6
f 20574/2/6 20575/2/6 20583/2/6
f 20583/2/6 20576/2/6 20584/2/6
f 20584/2/6 20576/2/6 20585/2/6
f 20558/2/6 20580/2/6 20586/2/6
f 20580/2/6 20581/2/6 20586/2/6
f 20586/2/6 20581/2/6 20587/2/6
f 20583/2/6 20584/2/6 20588/2/6
f 20582/2/6 20583/2/6 20588/2/6
f 20588/2/6 20584/2/6 20589/2/6
f 20587/2/6 20581/2/6 20592/2/6
f 20592/2/6 20581/2/6 20593/2/6
f 20593/2/6 20581/2/6 20594/2/6
f 20594/2/6 20581/2/6 20595/2/6
f 20582/2/6 20588/2/6 20596/2/6
f 20596/2/6 20588/2/6 20597/2/6
f 20590/2/6 20591/2/6 20599/2/6
f 20599/2/6 20591/2/6 20600/2/6
f 20593/2/6 20594/2/6 20603/2/6
f 20603/2/6 20594/2/6 20604/2/6
f 20598/2/6 20599/2/6 20609/2/6
f 20601/2/6 20602/2/6 20611/2/6
f 20611/2/6 20602/2/6 20612/2/6
f 20604/2/6 20605/2/6 20614/2/6
f 20614/2/6 20605/2/6 20615/2/6
f 20608/2/6 20609/2/6 20617/2/6
f 20609/2/6 20599/2/6 20618/2/6
f 20617/2/6 20609/2/6 20618/2/6
f 20618/2/6 20599/2/6 20619/2/6
f 20612/2/6 20613/2/6 20621/2/6
f 20610/2/6 20611/2/6 20621/2/6
f 20611/2/6 20612/2/6 20621/2/6
f 20621/2/6 20613/2/6 20622/2/6
f 20615/2/6 20616/2/6 20624/2/6
f 20624/2/6 20616/2/6 20625/2/6
f 20622/2/6 20623/2/6 20627/2/6
f 20627/2/6 20623/2/6 20628/2/6
f 20625/2/6 20626/2/6 20629/2/6
f 20620/2/6 20621/2/6 20632/2/6
f 20632/2/6 20621/2/6 20633/2/6
f 20628/2/6 20623/2/6 20634/2/6
f 20634/2/6 20623/2/6 20635/2/6
f 20625/2/6 20629/2/6 20636/2/6
f 20629/2/6 20630/2/6 20636/2/6
f 20636/2/6 20630/2/6 20637/2/6
f 20606/2/6 20607/2/6 20638/2/6
f 20638/2/6 20607/2/6 20639/2/6
f 20631/2/6 20632/2/6 20641/2/6
f 20641/2/6 20632/2/6 20646/2/6
f 20640/2/6 20641/2/6 20646/2/6
f 20646/2/6 20632/2/6 20647/2/6
f 20642/2/6 20643/2/6 20651/2/6
f 20651/2/6 20643/2/6 20652/2/6
f 20644/2/6 20645/2/6 20654/2/6
f 20654/2/6 20645/2/6 20655/2/6
f 20640/2/6 20646/2/6 20656/2/6
f 20656/2/6 20646/2/6 20657/2/6
f 20635/2/6 20623/2/6 20658/2/6
f 20648/2/6 20649/2/6 20660/2/6
f 20660/2/6 20649/2/6 20661/2/6
f 20652/2/6 20653/2/6 20662/2/6
f 20651/2/6 20652/2/6 20662/2/6
f 20650/2/6 20651/2/6 20662/2/6
f 20662/2/6 20653/2/6 20663/2/6
f 20658/2/6 20659/2/6 20666/2/6
f 20635/2/6 20658/2/6 20666/2/6
f 20666/2/6 20659/2/6 20667/2/6
f 20664/2/6 20665/2/6 20670/2/6
f 20670/2/6 20665/2/6 20671/2/6
f 20671/2/6 20672/2/6 20674/2/6
f 20674/2/6 20672/2/6 20675/2/6
f 20673/2/6 20674/2/6 20678/2/6
f 20678/2/6 20674/2/6 20679/2/6
f 20676/2/6 20677/2/6 20680/2/6
f 20680/2/6 20677/2/6 20681/2/6
f 20681/2/6 20677/2/6 20682/2/6
f 20681/2/6 20682/2/6 20685/2/6
f 20685/2/6 20682/2/6 20686/2/6
f 20668/2/6 20669/2/6 20687/2/6
f 20687/2/6 20669/2/6 20688/2/6
f 20683/2/6 20684/2/6 20691/2/6
f 20688/2/6 20689/2/6 20692/2/6
f 20692/2/6 20689/2/6 20693/2/6
f 20690/2/6 20691/2/6 20695/2/6
f 20691/2/6 20684/2/6 20696/2/6
f 20695/2/6 20691/2/6 20696/2/6
f 20693/2/6 20689/2/6 20699/2/6
f 20694/2/6 20695/2/6 20700/2/6
f 20697/2/6 20698/2/6 20701/2/6
f 20701/2/6 20698/2/6 20702/2/6
f 20699/2/6 20700/2/6 20703/2/6
f 20693/2/6 20699/2/6 20703/2/6
f 20703/2/6 20700/2/6 20704/2/6
f 20700/2/6 20695/2/6 20705/2/6
f 20704/2/6 20700/2/6 20705/2/6
f 20705/2/6 20695/2/6 20706/2/6
f 20704/2/6 20705/2/6 20707/2/6
f 20707/2/6 20705/2/6 20708/2/6
f 20709/2/6 20710/2/6 20714/2/6
f 20714/2/6 20710/2/6 20715/2/6
f 20711/2/6 20712/2/6 20721/2/6
f 20721/2/6 20712/2/6 20722/2/6
f 20713/2/6 20714/2/6 20724/2/6
f 20714/2/6 20715/2/6 20724/2/6
f 20724/2/6 20715/2/6 20725/2/6
f 20716/2/6 20717/2/6 20726/2/6
f 20718/2/6 20719/2/6 20728/2/6
f 20728/2/6 20719/2/6 20729/2/6
f 20722/2/6 20723/2/6 20730/2/6
f 20721/2/6 20722/2/6 20730/2/6
f 20720/2/6 20721/2/6 20730/2/6
f 20730/2/6 20723/2/6 20731/2/6
f 20731/2/6 20723/2/6 20732/2/6
f 20713/2/6 20724/2/6 20734/2/6
f 20734/2/6 20724/2/6 20735/2/6
f 20735/2/6 20724/2/6 20736/2/6
f 20736/2/6 20724/2/6 20737/2/6
f 20716/2/6 20726/2/6 20738/2/6
f 20738/2/6 20726/2/6 20739/2/6
f 20732/2/6 20733/2/6 20740/2/6
f 20731/2/6 20732/2/6 20740/2/6
f 20740/2/6 20733/2/6 20741/2/6
f 20741/2/6 20733/2/6 20742/2/6
f 20742/2/6 20733/2/6 20743/2/6
f 20728/2/6 20729/2/6 20744/2/6
f 20727/2/6 20728/2/6 20744/2/6
f 20744/2/6 20729/2/6 20745/2/6
f 20741/2/6 20742/2/6 20746/2/6
f 20746/2/6 20742/2/6 20747/2/6
f 20747/2/6 20742/2/6 20748/2/6
f 20735/2/6 20736/2/6 20749/2/6
f 20749/2/6 20736/2/6 20750/2/6
f 20745/2/6 20729/2/6 20753/2/6
f 20753/2/6 20729/2/6 20754/2/6
f 20751/2/6 20752/2/6 20760/2/6
f 20760/2/6 20752/2/6 20761/2/6
f 20755/2/6 20756/2/6 20765/2/6
f 20765/2/6 20756/2/6 20766/2/6
f 20757/2/6 20758/2/6 20767/2/6
f 20759/2/6 20760/2/6 20769/2/6
f 20760/2/6 20761/2/6 20769/2/6
f 20761/2/6 20762/2/6 20769/2/6
f 20769/2/6 20762/2/6 20770/2/6
f 20767/2/6 20768/2/6 20774/2/6
f 20759/2/6 20769/2/6 20776/2/6
f 20776/2/6 20769/2/6 20777/2/6
f 20777/2/6 20769/2/6 20778/2/6
f 20770/2/6 20771/2/6 20779/2/6
f 20779/2/6 20771/2/6 20780/2/6
f 20763/2/6 20764/2/6 20781/2/6
f 20781/2/6 20764/2/6 20782/2/6
f 20772/2/6 20773/2/6 20784/2/6
f 20784/2/6 20773/2/6 20785/2/6
f 20757/2/6 20767/2/6 20786/2/6
f 20774/2/6 20775/2/6 20786/2/6
f 20767/2/6 20774/2/6 20786/2/6
f 20786/2/6 20775/2/6 20787/2/6
f 20782/2/6 20783/2/6 20793/2/6
f 20793/2/6 20783/2/6 20794/2/6
f 20787/2/6 20775/2/6 20796/2/6
f 20796/2/6 20775/2/6 20797/2/6
f 20797/2/6 20775/2/6 20798/2/6
f 20791/2/6 20792/2/6 20801/2/6
f 20801/2/6 20792/2/6 20802/2/6
f 20797/2/6 20798/2/6 20805/2/6
f 20805/2/6 20798/2/6 20806/2/6
f 20799/2/6 20800/2/6 20808/2/6
f 20808/2/6 20800/2/6 20809/2/6
f 20788/2/6 20789/2/6 20810/2/6
f 20789/2/6 20790/2/6 20810/2/6
f 20810/2/6 20790/2/6 20811/2/6
f 20811/2/6 20790/2/6 20812/2/6
f 20803/2/6 20804/2/6 20813/2/6
f 20813/2/6 20804/2/6 20814/2/6
f 20814/2/6 20804/2/6 20815/2/6
f 20794/2/6 20795/2/6 20816/2/6
f 20816/2/6 20795/2/6 20817/2/6
f 20808/2/6 20809/2/6 20821/2/6
f 20807/2/6 20808/2/6 20821/2/6
f 20809/2/6 20810/2/6 20821/2/6
f 20810/2/6 20811/2/6 20821/2/6
f 20821/2/6 20811/2/6 20822/2/6
f 20817/2/6 20818/2/6 20823/2/6
f 20823/2/6 20818/2/6 20824/2/6
f 20819/2/6 20820/2/6 20826/2/6
f 20826/2/6 20820/2/6 20827/2/6
f 20814/2/6 20815/2/6 20834/2/6
f 20824/2/6 20825/2/6 20836/2/6
f 20836/2/6 20825/2/6 20837/2/6
f 20837/2/6 20825/2/6 20838/2/6
f 20832/2/6 20833/2/6 20839/2/6
f 20839/2/6 20833/2/6 20840/2/6
f 20834/2/6 20835/2/6 20841/2/6
f 20814/2/6 20834/2/6 20841/2/6
f 20841/2/6 20835/2/6 20842/2/6
f 20842/2/6 20835/2/6 20843/2/6
f 20824/2/6 20836/2/6 20844/2/6
f 20844/2/6 20836/2/6 20845/2/6
f 20837/2/6 20838/2/6 20846/2/6
f 20846/2/6 20838/2/6 20847/2/6
f 20827/2/6 20828/2/6 20849/2/6
f 20828/2/6 20829/2/6 20849/2/6
f 20849/2/6 20829/2/6 20850/2/6
f 20830/2/6 20831/2/6 20851/2/6
f 20814/2/6 20841/2/6 20858/2/6
f 20858/2/6 20841/2/6 20859/2/6
f 20845/2/6 20846/2/6 20860/2/6
f 20842/2/6 20843/2/6 20860/2/6
f 20844/2/6 20845/2/6 20860/2/6
f 20843/2/6 20844/2/6 20860/2/6
f 20860/2/6 20846/2/6 20861/2/6
f 20861/2/6 20846/2/6 20862/2/6
f 20847/2/6 20848/2/6 20863/2/6
f 20851/2/6 20852/2/6 20864/2/6
f 20830/2/6 20851/2/6 20864/2/6
f 20864/2/6 20852/2/6 20865/2/6
f 20865/2/6 20852/2/6 20866/2/6
f 20853/2/6 20854/2/6 20869/2/6
f 20857/2/6 20858/2/6 20870/2/6
f 20870/2/6 20858/2/6 20871/2/6
f 20868/2/6 20869/2/6 20874/2/6
f 20869/2/6 20854/2/6 20875/2/6
f 20874/2/6 20869/2/6 20875/2/6
f 20855/2/6 20856/2/6 20876/2/6
f 20861/2/6 20862/2/6 20878/2/6
f 20862/2/6 20863/2/6 20878/2/6
f 20863/2/6 20848/2/6 20878/2/6
f 20878/2/6 20848/2/6 20879/2/6
f 20866/2/6 20867/2/6 20880/2/6
f 20865/2/6 20866/2/6 20880/2/6
f 20880/2/6 20867/2/6 20881/2/6
f 20872/2/6 20873/2/6 20883/2/6
f 20876/2/6 20877/2/6 20884/2/6
f 20855/2/6 20876/2/6 20884/2/6
f 20884/2/6 20877/2/6 20885/2/6
f 20885/2/6 20877/2/6 20886/2/6
f 20861/2/6 20878/2/6 20888/2/6
f 20888/2/6 20878/2/6 20889/2/6
f 20881/2/6 20867/2/6 20891/2/6
f 20861/2/6 20888/2/6 20892/2/6
f 20892/2/6 20888/2/6 20893/2/6
f 20890/2/6 20891/2/6 20898/2/6
f 20891/2/6 20867/2/6 20899/2/6
f 20898/2/6 20891/2/6 20899/2/6
f 20899/2/6 20867/2/6 20900/2/6
f 20882/2/6 20883/2/6 20901/2/6
f 20883/2/6 20873/2/6 20901/2/6
f 20901/2/6 20873/2/6 20902/2/6
f 20886/2/6 20887/2/6 20903/2/6
f 20885/2/6 20886/2/6 20903/2/6
f 20903/2/6 20887/2/6 20904/2/6
f 20893/2/6 20894/2/6 20905/2/6
f 20895/2/6 20896/2/6 20907/2/6
f 20907/2/6 20896/2/6 20908/2/6
f 20898/2/6 20899/2/6 20909/2/6
f 20897/2/6 20898/2/6 20909/2/6
f 20909/2/6 20899/2/6 20910/2/6
f 20882/2/6 20901/2/6 20911/2/6
f 20911/2/6 20901/2/6 20912/2/6
f 20904/2/6 20887/2/6 20914/2/6
f 20905/2/6 20906/2/6 20917/2/6
f 20893/2/6 20905/2/6 20917/2/6
f 20917/2/6 20906/2/6 20918/2/6
f 20897/2/6 20909/2/6 20920/2/6
f 20910/2/6 20899/2/6 20921/2/6
f 20882/2/6 20911/2/6 20922/2/6
f 20922/2/6 20911/2/6 20923/2/6
f 20913/2/6 20914/2/6 20928/2/6
f 20914/2/6 20887/2/6 20929/2/6
f 20928/2/6 20914/2/6 20929/2/6
f 20929/2/6 20887/2/6 20930/2/6
f 20915/2/6 20916/2/6 20931/2/6
f 20918/2/6 20919/2/6 20934/2/6
f 20934/2/6 20919/2/6 20935/2/6
f 20935/2/6 20919/2/6 20936/2/6
f 20897/2/6 20920/2/6 20939/2/6
f 20920/2/6 20921/2/6 20939/2/6
f 20939/2/6 20921/2/6 20940/2/6
f 20921/2/6 20899/2/6 20941/2/6
f 20940/2/6 20921/2/6 20941/2/6
f 20923/2/6 20924/2/6 20942/2/6
f 20925/2/6 20926/2/6 20944/2/6
f 20944/2/6 20926/2/6 20945/2/6
f 20927/2/6 20928/2/6 20946/2/6
f 20928/2/6 20929/2/6 20946/2/6
f 20946/2/6 20929/2/6 20947/2/6
f 20931/2/6 20932/2/6 20949/2/6
f 20915/2/6 20931/2/6 20949/2/6
f 20933/2/6 20934/2/6 20950/2/6
f 20950/2/6 20934/2/6 20951/2/6
f 20936/2/6 20937/2/6 20952/2/6
f 20935/2/6 20936/2/6 20952/2/6
f 20952/2/6 20937/2/6 20953/2/6
f 20953/2/6 20937/2/6 20954/2/6
f 20939/2/6 20940/2/6 20957/2/6
f 20938/2/6 20939/2/6 20957/2/6
f 20957/2/6 20940/2/6 20958/2/6
f 20942/2/6 20943/2/6 20959/2/6
f 20923/2/6 20942/2/6 20959/2/6
f 20959/2/6 20943/2/6 20960/2/6
f 20927/2/6 20946/2/6 20962/2/6
f 20947/2/6 20929/2/6 20963/2/6
f 20948/2/6 20949/2/6 20964/2/6
f 20949/2/6 20932/2/6 20965/2/6
f 20964/2/6 20949/2/6 20965/2/6
f 20965/2/6 20932/2/6 20966/2/6
f 20952/2/6 20953/2/6 20967/2/6
f 20951/2/6 20952/2/6 20967/2/6
f 20967/2/6 20953/2/6 20968/2/6
f 20968/2/6 20953/2/6 20969/2/6
f 20955/2/6 20956/2/6 20971/2/6
f 20971/2/6 20956/2/6 20972/2/6
f 20960/2/6 20961/2/6 20973/2/6
f 20927/2/6 20962/2/6 20976/2/6
f 20962/2/6 20963/2/6 20976/2/6
f 20976/2/6 20963/2/6 20977/2/6
f 20963/2/6 20929/2/6 20978/2/6
f 20977/2/6 20963/2/6 20978/2/6
f 20965/2/6 20966/2/6 20982/2/6
f 20982/2/6 20966/2/6 20983/2/6
f 20983/2/6 20966/2/6 20984/2/6
f 20984/2/6 20966/2/6 20985/2/6
f 20969/2/6 20970/2/6 20986/2/6
f 20968/2/6 20969/2/6 20986/2/6
f 20986/2/6 20970/2/6 20987/2/6
f 20973/2/6 20974/2/6 20988/2/6
f 20960/2/6 20973/2/6 20988/2/6
f 20988/2/6 20974/2/6 20989/2/6
f 20976/2/6 20977/2/6 20992/2/6
f 20975/2/6 20976/2/6 20992/2/6
f 20992/2/6 20977/2/6 20993/2/6
f 20979/2/6 20980/2/6 20997/2/6
f 20997/2/6 20980/2/6 20998/2/6
f 20981/2/6 20982/2/6 21001/2/6
f 20983/2/6 20984/2/6 21002/2/6
f 21002/2/6 20984/2/6 21003/2/6
f 20987/2/6 20970/2/6 21004/2/6
f 21004/2/6 20970/2/6 21005/2/6
f 20990/2/6 20991/2/6 21006/2/6
f 21006/2/6 20991/2/6 21007/2/6
f 20994/2/6 20995/2/6 21009/2/6
f 21009/2/6 20995/2/6 21010/2/6
f 20998/2/6 20999/2/6 21011/2/6
f 20996/2/6 20997/2/6 21011/2/6
f 20997/2/6 20998/2/6 21011/2/6
f 21011/2/6 20999/2/6 21012/2/6
f 21012/2/6 20999/2/6 21013/2/6
f 21013/2/6 20999/2/6 21014/2/6
f 21000/2/6 21001/2/6 21016/2/6
f 21001/2/6 20982/2/6 21017/2/6
f 21016/2/6 21001/2/6 21017/2/6
f 21009/2/6 21010/2/6 21019/2/6
f 21008/2/6 21009/2/6 21019/2/6
f 21019/2/6 21010/2/6 21020/2/6
f 21011/2/6 21012/2/6 21021/2/6
f 21021/2/6 21012/2/6 21022/2/6
f 21018/2/6 21019/2/6 21025/2/6
f 21025/2/6 21019/2/6 21026/2/6
f 21023/2/6 21024/2/6 21032/2/6
f 21032/2/6 21024/2/6 21033/2/6
f 21027/2/6 21028/2/6 21034/2/6
f 21034/2/6 21028/2/6 21035/2/6
f 21013/2/6 21014/2/6 21036/2/6
f 21014/2/6 21015/2/6 21036/2/6
f 21036/2/6 21015/2/6 21037/2/6
f 21013/2/6 21036/2/6 21040/2/6
f 21040/2/6 21036/2/6 21041/2/6
f 21030/2/6 21031/2/6 21042/2/6
f 21029/2/6 21030/2/6 21042/2/6
f 21042/2/6 21031/2/6 21043/2/6
f 21038/2/6 21039/2/6 21044/2/6
f 21043/2/6 21031/2/6 21048/2/6
f 21048/2/6 21031/2/6 21049/2/6
f 21044/2/6 21045/2/6 21051/2/6
f 21038/2/6 21044/2/6 21051/2/6
f 21046/2/6 21047/2/6 21053/2/6
f 21053/2/6 21047/2/6 21054/2/6
f 21050/2/6 21051/2/6 21058/2/6
f 21051/2/6 21045/2/6 21059/2/6
f 21058/2/6 21051/2/6 21059/2/6
f 21052/2/6 21053/2/6 21060/2/6
f 21060/2/6 21053/2/6 21061/2/6
f 21056/2/6 21057/2/6 21063/2/6
f 21055/2/6 21056/2/6 21063/2/6
f 21063/2/6 21057/2/6 21064/2/6
f 21064/2/6 21057/2/6 21065/2/6
f 21059/2/6 21045/2/6 21069/2/6
f 21062/2/6 21063/2/6 21071/2/6
f 21063/2/6 21064/2/6 21071/2/6
f 21071/2/6 21064/2/6 21072/2/6
f 21072/2/6 21064/2/6 21073/2/6
f 21066/2/6 21067/2/6 21074/2/6
f 21074/2/6 21067/2/6 21075/2/6
f 21070/2/6 21071/2/6 21080/2/6
f 21071/2/6 21072/2/6 21080/2/6
f 21080/2/6 21072/2/6 21081/2/6
f 21075/2/6 21067/2/6 21082/2/6
f 21082/2/6 21067/2/6 21083/2/6
f 21076/2/6 21077/2/6 21084/2/6
f 21068/2/6 21069/2/6 21085/2/6
f 21069/2/6 21045/2/6 21086/2/6
f 21085/2/6 21069/2/6 21086/2/6
f 21086/2/6 21045/2/6 21087/2/6
f 21078/2/6 21079/2/6 21088/2/6
f 21081/2/6 21072/2/6 21090/2/6
f 21090/2/6 21072/2/6 21091/2/6
f 21084/2/6 21085/2/6 21093/2/6
f 21076/2/6 21084/2/6 21093/2/6
f 21085/2/6 21086/2/6 21093/2/6
f 21093/2/6 21086/2/6 21094/2/6
f 21094/2/6 21086/2/6 21095/2/6
f 21088/2/6 21089/2/6 21096/2/6
f 21093/2/6 21094/2/6 21098/2/6
f 21092/2/6 21093/2/6 21098/2/6
f 21098/2/6 21094/2/6 21099/2/6
f 21099/2/6 21094/2/6 21100/2/6
f 21100/2/6 21094/2/6 21101/2/6
f 21099/2/6 21100/2/6 21102/2/6
f 21102/2/6 21100/2/6 21103/2/6
f 21078/2/6 21088/2/6 21104/2/6
f 21096/2/6 21097/2/6 21104/2/6
f 21088/2/6 21096/2/6 21104/2/6
f 21104/2/6 21097/2/6 21105/2/6
f 21105/2/6 21097/2/6 21106/2/6
f 21106/2/6 21097/2/6 21107/2/6
f 21105/2/6 21106/2/6 21108/2/6
f 21105/2/6 21108/2/6 21112/2/6
f 21108/2/6 21109/2/6 21112/2/6
f 21112/2/6 21109/2/6 21113/2/6
f 21113/2/6 21109/2/6 21114/2/6
f 21110/2/6 21111/2/6 21115/2/6
f 21115/2/6 21111/2/6 21116/2/6
f 21113/2/6 21114/2/6 21117/2/6
f 21115/2/6 21116/2/6 21117/2/6
f 21114/2/6 21115/2/6 21117/2/6
f 21117/2/6 21116/2/6 21118/2/6
f 21118/2/6 21116/2/6 21119/2/6
f 21119/2/6 21116/2/6 21120/2/6
f 21121/2/6 21122/2/6 21125/2/6
f 21125/2/6 21122/2/6 21126/2/6
f 21123/2/6 21124/2/6 21128/2/6
f 21127/2/6 21128/2/6 21132/2/6
f 21128/2/6 21124/2/6 21133/2/6
f 21132/2/6 21128/2/6 21133/2/6
f 21133/2/6 21124/2/6 21134/2/6
f 21129/2/6 21130/2/6 21135/2/6
f 21135/2/6 21130/2/6 21136/2/6
f 21131/2/6 21132/2/6 21138/2/6
f 21132/2/6 21133/2/6 21138/2/6
f 21136/2/6 21130/2/6 21139/2/6
f 21139/2/6 21130/2/6 21140/2/6
f 21137/2/6 21138/2/6 21141/2/6
f 21138/2/6 21133/2/6 21142/2/6
f 21141/2/6 21138/2/6 21142/2/6
f 21140/2/6 21130/2/6 21143/2/6
f 21142/2/6 21133/2/6 21145/2/6
f 21145/2/6 21133/2/6 21146/2/6
f 21143/2/6 21144/2/6 21147/2/6
f 21140/2/6 21143/2/6 21147/2/6
f 21147/2/6 21144/2/6 21148/2/6
f 21148/2/6 21144/2/6 21153/2/6
f 21153/2/6 21144/2/6 21154/2/6
f 21151/2/6 21152/2/6 21156/2/6
f 21156/2/6 21152/2/6 21157/2/6
f 21148/2/6 21153/2/6 21159/2/6
f 21159/2/6 21153/2/6 21160/2/6
f 21155/2/6 21156/2/6 21164/2/6
f 21157/2/6 21158/2/6 21165/2/6
f 21165/2/6 21158/2/6 21166/2/6
f 21149/2/6 21150/2/6 21168/2/6
f 21161/2/6 21162/2/6 21172/2/6
f 21166/2/6 21167/2/6 21174/2/6
f 21174/2/6 21167/2/6 21175/2/6
f 21168/2/6 21169/2/6 21176/2/6
f 21170/2/6 21171/2/6 21177/2/6
f 21172/2/6 21173/2/6 21180/2/6
f 21168/2/6 21176/2/6 21182/2/6
f 21149/2/6 21168/2/6 21182/2/6
f 21176/2/6 21177/2/6 21182/2/6
f 21182/2/6 21177/2/6 21183/2/6
f 21177/2/6 21171/2/6 21184/2/6
f 21183/2/6 21177/2/6 21184/2/6
f 21184/2/6 21171/2/6 21185/2/6
f 21178/2/6 21179/2/6 21187/2/6
f 21187/2/6 21179/2/6 21188/2/6
f 21180/2/6 21181/2/6 21189/2/6
f 21161/2/6 21172/2/6 21189/2/6
f 21172/2/6 21180/2/6 21189/2/6
f 21189/2/6 21181/2/6 21190/2/6
f 21190/2/6 21181/2/6 21191/2/6
f 21163/2/6 21164/2/6 21192/2/6
f 21192/2/6 21164/2/6 21193/2/6
f 21183/2/6 21184/2/6 21194/2/6
f 21194/2/6 21184/2/6 21195/2/6
f 21187/2/6 21188/2/6 21196/2/6
f 21189/2/6 21190/2/6 21196/2/6
f 21186/2/6 21187/2/6 21196/2/6
f 21188/2/6 21189/2/6 21196/2/6
f 21196/2/6 21190/2/6 21197/2/6
f 21197/2/6 21190/2/6 21198/2/6
f 21193/2/6 21164/2/6 21200/2/6
f 21164/2/6 21156/2/6 21201/2/6
f 21200/2/6 21164/2/6 21201/2/6
f 21195/2/6 21184/2/6 21202/2/6
f 21202/2/6 21184/2/6 21203/2/6
f 21186/2/6 21196/2/6 21204/2/6
f 21204/2/6 21196/2/6 21205/2/6
f 21198/2/6 21199/2/6 21206/2/6
f 21197/2/6 21198/2/6 21206/2/6
f 21206/2/6 21199/2/6 21207/2/6
f 21207/2/6 21199/2/6 21208/2/6
f 21208/2/6 21199/2/6 21209/2/6
f 21201/2/6 21156/2/6 21210/2/6
f 21210/2/6 21156/2/6 21211/2/6
f 21186/2/6 21204/2/6 21214/2/6
f 21214/2/6 21204/2/6 21215/2/6
f 21205/2/6 21196/2/6 21216/2/6
f 21216/2/6 21196/2/6 21217/2/6
f 21207/2/6 21208/2/6 21218/2/6
f 21212/2/6 21213/2/6 21221/2/6
f 21221/2/6 21213/2/6 21222/2/6
f 21215/2/6 21216/2/6 21224/2/6
f 21224/2/6 21216/2/6 21225/2/6
f 21218/2/6 21219/2/6 21227/2/6
f 21207/2/6 21218/2/6 21227/2/6
f 21227/2/6 21219/2/6 21228/2/6
f 21222/2/6 21223/2/6 21230/2/6
f 21220/2/6 21221/2/6 21230/2/6
f 21221/2/6 21222/2/6 21230/2/6
f 21230/2/6 21223/2/6 21231/2/6
f 21231/2/6 21223/2/6 21232/2/6
f 21231/2/6 21232/2/6 21236/2/6
f 21232/2/6 21233/2/6 21236/2/6
f 21236/2/6 21233/2/6 21237/2/6
f 21237/2/6 21233/2/6 21238/2/6
f 21234/2/6 21235/2/6 21240/2/6
f 21240/2/6 21235/2/6 21241/2/6
f 21227/2/6 21228/2/6 21242/2/6
f 21226/2/6 21227/2/6 21242/2/6
f 21228/2/6 21229/2/6 21242/2/6
f 21242/2/6 21229/2/6 21243/2/6
f 21243/2/6 21229/2/6 21244/2/6
f 21244/2/6 21229/2/6 21245/2/6
f 21237/2/6 21238/2/6 21246/2/6
f 21246/2/6 21238/2/6 21247/2/6
f 21247/2/6 21238/2/6 21248/2/6
f 21248/2/6 21238/2/6 21249/2/6
f 21239/2/6 21240/2/6 21250/2/6
f 21242/2/6 21243/2/6 21251/2/6
f 21241/2/6 21242/2/6 21251/2/6
f 21251/2/6 21243/2/6 21252/2/6
f 21245/2/6 21229/2/6 21254/2/6
f 21254/2/6 21229/2/6 21255/2/6
f 21247/2/6 21248/2/6 21260/2/6
f 21260/2/6 21248/2/6 21261/2/6
f 21239/2/6 21250/2/6 21262/2/6
f 21250/2/6 21251/2/6 21262/2/6
f 21262/2/6 21251/2/6 21263/2/6
f 21252/2/6 21253/2/6 21264/2/6
f 21264/2/6 21253/2/6 21265/2/6
f 21263/2/6 21251/2/6 21266/2/6
f 21266/2/6 21251/2/6 21267/2/6
f 21256/2/6 21257/2/6 21269/2/6
f 21258/2/6 21259/2/6 21270/2/6
f 21270/2/6 21259/2/6 21271/2/6
f 21268/2/6 21269/2/6 21276/2/6
f 21269/2/6 21257/2/6 21277/2/6
f 21276/2/6 21269/2/6 21277/2/6
f 21271/2/6 21259/2/6 21278/2/6
f 21278/2/6 21259/2/6 21279/2/6
f 21268/2/6 21276/2/6 21281/2/6
f 21281/2/6 21276/2/6 21282/2/6
f 21272/2/6 21273/2/6 21284/2/6
f 21274/2/6 21275/2/6 21285/2/6
f 21285/2/6 21275/2/6 21286/2/6
f 21268/2/6 21281/2/6 21288/2/6
f 21288/2/6 21281/2/6 21289/2/6
f 21279/2/6 21280/2/6 21290/2/6
f 21290/2/6 21280/2/6 21291/2/6
f 21291/2/6 21280/2/6 21292/2/6
f 21283/2/6 21284/2/6 21294/2/6
f 21284/2/6 21273/2/6 21295/2/6
f 21294/2/6 21284/2/6 21295/2/6
f 21286/2/6 21275/2/6 21296/2/6
f 21296/2/6 21275/2/6 21297/2/6
f 21287/2/6 21288/2/6 21300/2/6
f 21292/2/6 21293/2/6 21302/2/6
f 21291/2/6 21292/2/6 21302/2/6
f 21302/2/6 21293/2/6 21303/2/6
f 21303/2/6 21293/2/6 21304/2/6
f 21283/2/6 21294/2/6 21305/2/6
f 21305/2/6 21294/2/6 21306/2/6
f 21299/2/6 21300/2/6 21307/2/6
f 21300/2/6 21288/2/6 21308/2/6
f 21307/2/6 21300/2/6 21308/2/6
f 21302/2/6 21303/2/6 21309/2/6
f 21301/2/6 21302/2/6 21309/2/6
f 21309/2/6 21303/2/6 21310/2/6
f 21283/2/6 21305/2/6 21312/2/6
f 21312/2/6 21305/2/6 21313/2/6
f 21297/2/6 21298/2/6 21314/2/6
f 21314/2/6 21298/2/6 21315/2/6
f 21315/2/6 21298/2/6 21316/2/6
f 21308/2/6 21288/2/6 21318/2/6
f 21318/2/6 21288/2/6 21319/2/6
f 21311/2/6 21312/2/6 21324/2/6
f 21316/2/6 21317/2/6 21326/2/6
f 21315/2/6 21316/2/6 21326/2/6
f 21326/2/6 21317/2/6 21327/2/6
f 21327/2/6 21317/2/6 21328/2/6
f 21319/2/6 21320/2/6 21329/2/6
f 21329/2/6 21320/2/6 21330/2/6
f 21321/2/6 21322/2/6 21332/2/6
f 21332/2/6 21322/2/6 21333/2/6
f 21323/2/6 21324/2/6 21334/2/6
f 21324/2/6 21312/2/6 21335/2/6
f 21334/2/6 21324/2/6 21335/2/6
f 21325/2/6 21326/2/6 21336/2/6
f 21326/2/6 21327/2/6 21336/2/6
f 21336/2/6 21327/2/6 21337/2/6
f 21330/2/6 21331/2/6 21340/2/6
f 21340/2/6 21331/2/6 21341/2/6
f 21341/2/6 21331/2/6 21342/2/6
f 21301/2/6 21309/2/6 21345/2/6
f 21345/2/6 21309/2/6 21346/2/6
f 21335/2/6 21312/2/6 21347/2/6
f 21347/2/6 21312/2/6 21348/2/6
f 21338/2/6 21339/2/6 21353/2/6
f 21353/2/6 21339/2/6 21354/2/6
f 21342/2/6 21343/2/6 21355/2/6
f 21341/2/6 21342/2/6 21355/2/6
f 21355/2/6 21343/2/6 21356/2/6
f 21344/2/6 21345/2/6 21357/2/6
f 21357/2/6 21345/2/6 21358/2/6
f 21348/2/6 21349/2/6 21359/2/6
f 21359/2/6 21349/2/6 21360/2/6
f 21350/2/6 21351/2/6 21362/2/6
f 21362/2/6 21351/2/6 21363/2/6
f 21352/2/6 21353/2/6 21367/2/6
f 21367/2/6 21353/2/6 21368/2/6
f 21360/2/6 21361/2/6 21370/2/6
f 21370/2/6 21361/2/6 21371/2/6
f 21371/2/6 21361/2/6 21372/2/6
f 21325/2/6 21336/2/6 21375/2/6
f 21375/2/6 21336/2/6 21376/2/6
f 21364/2/6 21365/2/6 21377/2/6
f 21377/2/6 21365/2/6 21378/2/6
f 21368/2/6 21369/2/6 21381/2/6
f 21367/2/6 21368/2/6 21381/2/6
f 21366/2/6 21367/2/6 21381/2/6
f 21381/2/6 21369/2/6 21382/2/6
f 21382/2/6 21369/2/6 21383/2/6
f 21372/2/6 21373/2/6 21385/2/6
f 21371/2/6 21372/2/6 21385/2/6
f 21385/2/6 21373/2/6 21386/2/6
f 21374/2/6 21375/2/6 21387/2/6
f 21387/2/6 21375/2/6 21388/2/6
f 21378/2/6 21379/2/6 21389/2/6
f 21381/2/6 21382/2/6 21390/2/6
f 21380/2/6 21381/2/6 21390/2/6
f 21390/2/6 21382/2/6 21391/2/6
f 21383/2/6 21384/2/6 21392/2/6
f 21378/2/6 21389/2/6 21398/2/6
f 21398/2/6 21389/2/6 21399/2/6
f 21392/2/6 21393/2/6 21401/2/6
f 21383/2/6 21392/2/6 21401/2/6
f 21401/2/6 21393/2/6 21402/2/6
f 21394/2/6 21395/2/6 21404/2/6
f 21404/2/6 21395/2/6 21405/2/6
f 21396/2/6 21397/2/6 21406/2/6
f 21399/2/6 21400/2/6 21407/2/6
f 21402/2/6 21393/2/6 21409/2/6
f 21409/2/6 21393/2/6 21410/2/6
f 21404/2/6 21405/2/6 21412/2/6
f 21403/2/6 21404/2/6 21412/2/6
f 21412/2/6 21405/2/6 21413/2/6
f 21413/2/6 21405/2/6 21414/2/6
f 21406/2/6 21397/2/6 21415/2/6
f 21415/2/6 21397/2/6 21416/2/6
f 21407/2/6 21408/2/6 21417/2/6
f 21399/2/6 21407/2/6 21417/2/6
f 21417/2/6 21408/2/6 21418/2/6
f 21418/2/6 21408/2/6 21419/2/6
f 21410/2/6 21393/2/6 21420/2/6
f 21420/2/6 21393/2/6 21421/2/6
f 21411/2/6 21412/2/6 21425/2/6
f 21412/2/6 21413/2/6 21425/2/6
f 21425/2/6 21413/2/6 21426/2/6
f 21426/2/6 21413/2/6 21427/2/6
f 21427/2/6 21413/2/6 21428/2/6
f 21422/2/6 21423/2/6 21431/2/6
f 21424/2/6 21425/2/6 21433/2/6
f 21433/2/6 21425/2/6 21434/2/6
f 21426/2/6 21427/2/6 21435/2/6
f 21435/2/6 21427/2/6 21436/2/6
f 21416/2/6 21397/2/6 21437/2/6
f 21429/2/6 21430/2/6 21439/2/6
f 21431/2/6 21432/2/6 21441/2/6
f 21422/2/6 21431/2/6 21441/2/6
f 21441/2/6 21432/2/6 21442/2/6
f 21437/2/6 21438/2/6 21443/2/6
f 21416/2/6 21437/2/6 21443/2/6
f 21443/2/6 21438/2/6 21444/2/6
f 21444/2/6 21438/2/6 21445/2/6
f 21445/2/6 21438/2/6 21446/2/6
f 21439/2/6 21440/2/6 21447/2/6
f 21447/2/6 21440/2/6 21448/2/6
f 21442/2/6 21432/2/6 21450/2/6
f 21450/2/6 21432/2/6 21451/2/6
f 21444/2/6 21445/2/6 21455/2/6
f 21455/2/6 21445/2/6 21456/2/6
f 21429/2/6 21439/2/6 21459/2/6
f 21439/2/6 21447/2/6 21459/2/6
f 21459/2/6 21447/2/6 21460/2/6
f 21449/2/6 21450/2/6 21461/2/6
f 21454/2/6 21455/2/6 21464/2/6
f 21457/2/6 21458/2/6 21465/2/6
f 21460/2/6 21447/2/6 21467/2/6
f 21467/2/6 21447/2/6 21468/2/6
f 21449/2/6 21461/2/6 21471/2/6
f 21461/2/6 21462/2/6 21471/2/6
f 21471/2/6 21462/2/6 21472/2/6
f 21452/2/6 21453/2/6 21474/2/6
f 21474/2/6 21453/2/6 21475/2/6
f 21463/2/6 21464/2/6 21477/2/6
f 21464/2/6 21455/2/6 21478/2/6
f 21477/2/6 21464/2/6 21478/2/6
f 21478/2/6 21455/2/6 21479/2/6
f 21465/2/6 21466/2/6 21481/2/6
f 21457/2/6 21465/2/6 21481/2/6
f 21481/2/6 21466/2/6 21482/2/6
f 21469/2/6 21470/2/6 21485/2/6
f 21485/2/6 21470/2/6 21486/2/6
f 21472/2/6 21462/2/6 21487/2/6
f 21487/2/6 21462/2/6 21488/2/6
f 21488/2/6 21462/2/6 21489/2/6
f 21473/2/6 21474/2/6 21491/2/6
f 21491/2/6 21474/2/6 21492/2/6
f 21476/2/6 21477/2/6 21494/2/6
f 21477/2/6 21478/2/6 21494/2/6
f 21494/2/6 21478/2/6 21495/2/6
f 21495/2/6 21478/2/6 21496/2/6
f 21482/2/6 21483/2/6 21497/2/6
f 21480/2/6 21481/2/6 21497/2/6
f 21481/2/6 21482/2/6 21497/2/6
f 21497/2/6 21483/2/6 21498/2/6
f 21487/2/6 21488/2/6 21501/2/6
f 21485/2/6 21486/2/6 21501/2/6
f 21486/2/6 21487/2/6 21501/2/6
f 21484/2/6 21485/2/6 21501/2/6
f 21501/2/6 21488/2/6 21502/2/6
f 21494/2/6 21495/2/6 21503/2/6
f 21493/2/6 21494/2/6 21503/2/6
f 21480/2/6 21497/2/6 21505/2/6
f 21505/2/6 21497/2/6 21506/2/6
f 21498/2/6 21483/2/6 21507/2/6
f 21507/2/6 21483/2/6 21508/2/6
f 21499/2/6 21500/2/6 21509/2/6
f 21509/2/6 21500/2/6 21510/2/6
f 21484/2/6 21501/2/6 21512/2/6
f 21502/2/6 21488/2/6 21513/2/6
f 21513/2/6 21488/2/6 21514/2/6
f 21490/2/6 21491/2/6 21515/2/6
f 21515/2/6 21491/2/6 21516/2/6
f 21511/2/6 21512/2/6 21521/2/6
f 21512/2/6 21501/2/6 21522/2/6
f 21521/2/6 21512/2/6 21522/2/6
f 21516/2/6 21517/2/6 21523/2/6
f 21523/2/6 21517/2/6 21524/2/6
f 21503/2/6 21504/2/6 21526/2/6
f 21493/2/6 21503/2/6 21526/2/6
f 21526/2/6 21504/2/6 21527/2/6
f 21527/2/6 21504/2/6 21528/2/6
f 21528/2/6 21504/2/6 21529/2/6
f 21518/2/6 21519/2/6 21531/2/6
f 21520/2/6 21521/2/6 21532/2/6
f 21532/2/6 21521/2/6 21533/2/6
f 21527/2/6 21528/2/6 21534/2/6
f 21534/2/6 21528/2/6 21535/2/6
f 21524/2/6 21525/2/6 21537/2/6
f 21537/2/6 21525/2/6 21538/2/6
f 21508/2/6 21483/2/6 21540/2/6
f 21540/2/6 21483/2/6 21541/2/6
f 21538/2/6 21539/2/6 21542/2/6
f 21537/2/6 21538/2/6 21542/2/6
f 21536/2/6 21537/2/6 21542/2/6
f 21530/2/6 21531/2/6 21544/2/6
f 21531/2/6 21519/2/6 21544/2/6
f 21542/2/6 21543/2/6 21548/2/6
f 21536/2/6 21542/2/6 21548/2/6
f 21548/2/6 21543/2/6 21549/2/6
f 21549/2/6 21543/2/6 21550/2/6
f 21550/2/6 21543/2/6 21551/2/6
f 21551/2/6 21543/2/6 21552/2/6
f 21544/2/6 21545/2/6 21553/2/6
f 21530/2/6 21544/2/6 21553/2/6
f 21553/2/6 21545/2/6 21554/2/6
f 21546/2/6 21547/2/6 21555/2/6
f 21549/2/6 21550/2/6 21557/2/6
f 21557/2/6 21550/2/6 21558/2/6
f 21551/2/6 21552/2/6 21559/2/6
f 21559/2/6 21552/2/6 21560/2/6
f 21554/2/6 21545/2/6 21561/2/6
f 21555/2/6 21556/2/6 21563/2/6
f 21546/2/6 21555/2/6 21563/2/6
f 21563/2/6 21556/2/6 21564/2/6
f 21561/2/6 21562/2/6 21565/2/6
f 21546/2/6 21563/2/6 21568/2/6
f 21568/2/6 21563/2/6 21569/2/6
f 21569/2/6 21563/2/6 21570/2/6
f 21554/2/6 21561/2/6 21571/2/6
f 21565/2/6 21566/2/6 21571/2/6
f 21561/2/6 21565/2/6 21571/2/6
f 21571/2/6 21566/2/6 21572/2/6
f 21568/2/6 21569/2/6 21573/2/6
f 21567/2/6 21568/2/6 21573/2/6
f 21573/2/6 21569/2/6 21574/2/6
f 21567/2/6 21573/2/6 21577/2/6
f 21577/2/6 21573/2/6 21578/2/6
f 21575/2/6 21576/2/6 21579/2/6
f 21579/2/6 21576/2/6 21580/2/6
f 21581/2/6 21582/2/6 21584/2/6
f 21584/2/6 21582/2/6 21585/2/6
f 21583/2/6 21584/2/6 21587/2/6
f 21585/2/6 21586/2/6 21587/2/6
f 21584/2/6 21585/2/6 21587/2/6
f 21587/2/6 21588/2/6 21589/2/6
f 21583/2/6 21587/2/6 21591/2/6
f 21589/2/6 21590/2/6 21591/2/6
f 21587/2/6 21589/2/6 21591/2/6
f 21591/2/6 21590/2/6 21592/2/6
f 21593/2/6 21594/2/6 21597/2/6
f 21595/2/6 21596/2/6 21600/2/6
f 21600/2/6 21596/2/6 21601/2/6
f 21592/2/6 21590/2/6 21603/2/6
f 21603/2/6 21590/2/6 21604/2/6
f 21604/2/6 21590/2/6 21605/2/6
f 21605/2/6 21590/2/6 21606/2/6
f 21597/2/6 21598/2/6 21607/2/6
f 21601/2/6 21602/2/6 21608/2/6
f 21599/2/6 21600/2/6 21608/2/6
f 21600/2/6 21601/2/6 21608/2/6
f 21604/2/6 21605/2/6 21609/2/6
f 21609/2/6 21605/2/6 21610/2/6
f 21607/2/6 21608/2/6 21611/2/6
f 21608/2/6 21602/2/6 21611/2/6
f 21611/2/6 21602/2/6 21612/2/6
f 21612/2/6 21602/2/6 21613/2/6
f 21613/2/6 21602/2/6 21614/2/6
f 21614/2/6 21602/2/6 21615/2/6
f 21615/2/6 21602/2/6 21616/2/6
f 21617/2/6 21618/2/6 21621/2/6
f 21597/2/6 21607/2/6 21623/2/6
f 21593/2/6 21597/2/6 21623/2/6
f 21607/2/6 21611/2/6 21623/2/6
f 21623/2/6 21611/2/6 21624/2/6
f 21614/2/6 21615/2/6 21625/2/6
f 21625/2/6 21615/2/6 21626/2/6
f 21619/2/6 21620/2/6 21628/2/6
f 21628/2/6 21620/2/6 21629/2/6
f 21621/2/6 21622/2/6 21630/2/6
f 21617/2/6 21621/2/6 21630/2/6
f 21593/2/6 21623/2/6 21631/2/6
f 21631/2/6 21623/2/6 21632/2/6
f 21624/2/6 21611/2/6 21633/2/6
f 21633/2/6 21611/2/6 21634/2/6
f 21634/2/6 21611/2/6 21635/2/6
f 21626/2/6 21627/2/6 21637/2/6
f 21637/2/6 21627/2/6 21638/2/6
f 21629/2/6 21630/2/6 21639/2/6
f 21630/2/6 21622/2/6 21640/2/6
f 21639/2/6 21630/2/6 21640/2/6
f 21640/2/6 21622/2/6 21641/2/6
f 21641/2/6 21622/2/6 21642/2/6
f 21635/2/6 21636/2/6 21643/2/6
f 21634/2/6 21635/2/6 21643/2/6
f 21643/2/6 21636/2/6 21644/2/6
f 21644/2/6 21636/2/6 21645/2/6
f 21640/2/6 21641/2/6 21649/2/6
f 21644/2/6 21645/2/6 21650/2/6
f 21650/2/6 21645/2/6 21651/2/6
f 21646/2/6 21647/2/6 21652/2/6
f 21652/2/6 21647/2/6 21653/2/6
f 21648/2/6 21649/2/6 21654/2/6
f 21649/2/6 21641/2/6 21655/2/6
f 21654/2/6 21649/2/6 21655/2/6
f 21656/2/6 21657/2/6 21658/2/6
f 21658/2/6 21657/2/6 21659/2/6
f 21660/2/6 21661/2/6 21663/2/6
f 21663/2/6 21661/2/6 21664/2/6
f 21662/2/6 21663/2/6 21666/2/6
f 21664/2/6 21665/2/6 21666/2/6
f 21663/2/6 21664/2/6 21666/2/6
f 21662/2/6 21666/2/6 21668/2/6
f 21666/2/6 21667/2/6 21668/2/6
f 21668/2/6 21667/2/6 21669/2/6
f 21669/2/6 21667/2/6 21670/2/6
f 21670/2/6 21667/2/6 21671/2/6
f 21671/2/6 21667/2/6 21672/2/6
f 21672/2/6 21667/2/6 21673/2/6
f 21673/2/6 21667/2/6 21674/2/6
f 21674/2/6 21667/2/6 21675/2/6
f 21673/2/6 21674/2/6 21676/2/6
f 21676/2/6 21674/2/6 21677/2/6
f 21678/2/6 21679/2/6 21680/2/6
f 21680/2/6 21681/2/6 21682/2/6
f 21678/2/6 21680/2/6 21684/2/6
f 21682/2/6 21683/2/6 21684/2/6
f 21680/2/6 21682/2/6 21684/2/6
f 21684/2/6 21683/2/6 21685/2/6
f 21685/2/6 21683/2/6 21688/2/6
f 21688/2/6 21683/2/6 21689/2/6
f 21686/2/6 21687/2/6 21690/2/6
f 21690/2/6 21687/2/6 21691/2/6
f 21691/2/6 21687/2/6 21692/2/6
f 21692/2/6 21687/2/6 21693/2/6
f 21691/2/6 21692/2/6 21694/2/6
f 21694/2/6 21692/2/6 21695/2/6
f 21696/2/6 21697/2/6 21699/2/6
f 21699/2/6 21697/2/6 21700/2/6
f 21698/2/6 21699/2/6 21704/2/6
f 21699/2/6 21700/2/6 21704/2/6
f 21700/2/6 21701/2/6 21704/2/6
f 21702/2/6 21703/2/6 21707/2/6
f 21707/2/6 21703/2/6 21708/2/6
f 21704/2/6 21705/2/6 21712/2/6
f 21698/2/6 21704/2/6 21712/2/6
f 21712/2/6 21705/2/6 21713/2/6
f 21713/2/6 21705/2/6 21714/2/6
f 21710/2/6 21711/2/6 21717/2/6
f 21717/2/6 21711/2/6 21718/2/6
f 21718/2/6 21711/2/6 21719/2/6
f 21713/2/6 21714/2/6 21720/2/6
f 21714/2/6 21715/2/6 21720/2/6
f 21720/2/6 21715/2/6 21721/2/6
f 21708/2/6 21709/2/6 21722/2/6
f 21706/2/6 21707/2/6 21722/2/6
f 21707/2/6 21708/2/6 21722/2/6
f 21716/2/6 21717/2/6 21725/2/6
f 21717/2/6 21718/2/6 21725/2/6
f 21722/2/6 21723/2/6 21730/2/6
f 21706/2/6 21722/2/6 21730/2/6
f 21730/2/6 21723/2/6 21731/2/6
f 21731/2/6 21723/2/6 21732/2/6
f 21724/2/6 21725/2/6 21734/2/6
f 21725/2/6 21718/2/6 21734/2/6
f 21734/2/6 21718/2/6 21735/2/6
f 21726/2/6 21727/2/6 21738/2/6
f 21738/2/6 21727/2/6 21739/2/6
f 21728/2/6 21729/2/6 21741/2/6
f 21741/2/6 21729/2/6 21742/2/6
f 21742/2/6 21729/2/6 21743/2/6
f 21732/2/6 21733/2/6 21744/2/6
f 21731/2/6 21732/2/6 21744/2/6
f 21744/2/6 21733/2/6 21745/2/6
f 21736/2/6 21737/2/6 21747/2/6
f 21741/2/6 21742/2/6 21749/2/6
f 21740/2/6 21741/2/6 21749/2/6
f 21724/2/6 21734/2/6 21752/2/6
f 21752/2/6 21734/2/6 21753/2/6
f 21753/2/6 21734/2/6 21754/2/6
f 21746/2/6 21747/2/6 21757/2/6
f 21749/2/6 21742/2/6 21758/2/6
f 21748/2/6 21749/2/6 21758/2/6
f 21758/2/6 21742/2/6 21759/2/6
f 21750/2/6 21751/2/6 21762/2/6
f 21762/2/6 21751/2/6 21763/2/6
f 21754/2/6 21755/2/6 21764/2/6
f 21753/2/6 21754/2/6 21764/2/6
f 21764/2/6 21755/2/6 21765/2/6
f 21756/2/6 21757/2/6 21767/2/6
f 21760/2/6 21761/2/6 21769/2/6
f 21766/2/6 21767/2/6 21770/2/6
f 21770/2/6 21767/2/6 21771/2/6
f 21767/2/6 21757/2/6 21772/2/6
f 21771/2/6 21767/2/6 21772/2/6
f 21747/2/6 21737/2/6 21773/2/6
f 21772/2/6 21757/2/6 21773/2/6
f 21757/2/6 21747/2/6 21773/2/6
f 21748/2/6 21758/2/6 21774/2/6
f 21774/2/6 21758/2/6 21775/2/6
f 21775/2/6 21758/2/6 21776/2/6
f 21768/2/6 21769/2/6 21779/2/6
f 21771/2/6 21772/2/6 21780/2/6
f 21780/2/6 21772/2/6 21781/2/6
f 21776/2/6 21777/2/6 21782/2/6
f 21775/2/6 21776/2/6 21782/2/6
f 21782/2/6 21777/2/6 21783/2/6
f 21778/2/6 21779/2/6 21785/2/6
f 21784/2/6 21785/2/6 21786/2/6
f 21786/2/6 21785/2/6 21787/2/6
f 21785/2/6 21779/2/6 21788/2/6
f 21787/2/6 21785/2/6 21788/2/6
f 21769/2/6 21761/2/6 21789/2/6
f 21788/2/6 21779/2/6 21789/2/6
f 21779/2/6 21769/2/6 21789/2/6
f 21787/2/6 21788/2/6 21792/2/6
f 21792/2/6 21788/2/6 21793/2/6
f 21790/2/6 21791/2/6 21795/2/6
f 21794/2/6 21795/2/6 21800/2/6
f 21800/2/6 21795/2/6 21801/2/6
f 21795/2/6 21791/2/6 21802/2/6
f 21801/2/6 21795/2/6 21802/2/6
f 21802/2/6 21791/2/6 21803/2/6
f 21796/2/6 21797/2/6 21806/2/6
f 21798/2/6 21799/2/6 21807/2/6
f 21801/2/6 21802/2/6 21810/2/6
f 21810/2/6 21802/2/6 21811/2/6
f 21804/2/6 21805/2/6 21812/2/6
f 21812/2/6 21805/2/6 21813/2/6
f 21808/2/6 21809/2/6 21816/2/6
f 21816/2/6 21809/2/6 21817/2/6
f 21811/2/6 21802/2/6 21820/2/6
f 21820/2/6 21802/2/6 21821/2/6
f 21821/2/6 21802/2/6 21822/2/6
f 21813/2/6 21814/2/6 21823/2/6
f 21823/2/6 21814/2/6 21824/2/6
f 21796/2/6 21806/2/6 21825/2/6
f 21806/2/6 21807/2/6 21825/2/6
f 21825/2/6 21807/2/6 21826/2/6
f 21807/2/6 21799/2/6 21827/2/6
f 21826/2/6 21807/2/6 21827/2/6
f 21827/2/6 21799/2/6 21828/2/6
f 21817/2/6 21818/2/6 21833/2/6
f 21815/2/6 21816/2/6 21833/2/6
f 21816/2/6 21817/2/6 21833/2/6
f 21833/2/6 21818/2/6 21834/2/6
f 21820/2/6 21821/2/6 21835/2/6
f 21819/2/6 21820/2/6 21835/2/6
f 21835/2/6 21821/2/6 21836/2/6
f 21828/2/6 21829/2/6 21837/2/6
f 21837/2/6 21829/2/6 21838/2/6
f 21830/2/6 21831/2/6 21840/2/6
f 21840/2/6 21831/2/6 21841/2/6
f 21832/2/6 21833/2/6 21842/2/6
f 21842/2/6 21833/2/6 21843/2/6
f 21834/2/6 21818/2/6 21844/2/6
f 21844/2/6 21818/2/6 21845/2/6
f 21836/2/6 21821/2/6 21846/2/6
f 21846/2/6 21821/2/6 21847/2/6
f 21826/2/6 21827/2/6 21848/2/6
f 21848/2/6 21827/2/6 21849/2/6
f 21849/2/6 21827/2/6 21850/2/6
f 21840/2/6 21841/2/6 21853/2/6
f 21839/2/6 21840/2/6 21853/2/6
f 21853/2/6 21841/2/6 21854/2/6
f 21854/2/6 21841/2/6 21855/2/6
f 21845/2/6 21818/2/6 21856/2/6
f 21850/2/6 21851/2/6 21861/2/6
f 21849/2/6 21850/2/6 21861/2/6
f 21861/2/6 21851/2/6 21862/2/6
f 21852/2/6 21853/2/6 21863/2/6
f 21853/2/6 21854/2/6 21863/2/6
f 21863/2/6 21854/2/6 21864/2/6
f 21856/2/6 21857/2/6 21865/2/6
f 21845/2/6 21856/2/6 21865/2/6
f 21865/2/6 21857/2/6 21866/2/6
f 21866/2/6 21857/2/6 21867/2/6
f 21867/2/6 21857/2/6 21868/2/6
f 21859/2/6 21860/2/6 21869/2/6
f 21858/2/6 21859/2/6 21869/2/6
f 21849/2/6 21861/2/6 21873/2/6
f 21873/2/6 21861/2/6 21874/2/6
f 21866/2/6 21867/2/6 21876/2/6
f 21876/2/6 21867/2/6 21877/2/6
f 21858/2/6 21869/2/6 21878/2/6
f 21869/2/6 21870/2/6 21878/2/6
f 21878/2/6 21870/2/6 21879/2/6
f 21879/2/6 21870/2/6 21880/2/6
f 21871/2/6 21872/2/6 21881/2/6
f 21881/2/6 21872/2/6 21882/2/6
f 21852/2/6 21863/2/6 21888/2/6
f 21875/2/6 21876/2/6 21890/2/6
f 21890/2/6 21876/2/6 21891/2/6
f 21879/2/6 21880/2/6 21892/2/6
f 21881/2/6 21882/2/6 21892/2/6
f 21882/2/6 21883/2/6 21892/2/6
f 21880/2/6 21881/2/6 21892/2/6
f 21892/2/6 21883/2/6 21893/2/6
f 21893/2/6 21883/2/6 21894/2/6
f 21894/2/6 21883/2/6 21895/2/6
f 21884/2/6 21885/2/6 21896/2/6
f 21885/2/6 21886/2/6 21896/2/6
f 21896/2/6 21886/2/6 21897/2/6
f 21887/2/6 21888/2/6 21899/2/6
f 21889/2/6 21890/2/6 21901/2/6
f 21901/2/6 21890/2/6 21902/2/6
f 21893/2/6 21894/2/6 21903/2/6
f 21903/2/6 21894/2/6 21904/2/6
f 21898/2/6 21899/2/6 21905/2/6
f 21888/2/6 21863/2/6 21905/2/6
f 21899/2/6 21888/2/6 21905/2/6
f 21905/2/6 21863/2/6 21906/2/6
f 21900/2/6 21901/2/6 21907/2/6
f 21907/2/6 21901/2/6 21908/2/6
f 21904/2/6 21894/2/6 21909/2/6
f 21909/2/6 21894/2/6 21910/2/6
f 21898/2/6 21905/2/6 21911/2/6
f 21911/2/6 21905/2/6 21912/2/6
f 21904/2/6 21909/2/6 21915/2/6
f 21915/2/6 21909/2/6 21916/2/6
f 21912/2/6 21905/2/6 21917/2/6
f 21917/2/6 21905/2/6 21918/2/6
f 21913/2/6 21914/2/6 21920/2/6
f 21920/2/6 21914/2/6 21921/2/6
f 21918/2/6 21905/2/6 21923/2/6
f 21923/2/6 21905/2/6 21924/2/6
f 21921/2/6 21922/2/6 21926/2/6
f 21920/2/6 21921/2/6 21926/2/6
f 21919/2/6 21920/2/6 21926/2/6
f 21925/2/6 21926/2/6 21928/2/6
f 21927/2/6 21928/2/6 21929/2/6
f 21926/2/6 21922/2/6 21930/2/6
f 21929/2/6 21928/2/6 21930/2/6
f 21928/2/6 21926/2/6 21930/2/6
f 21930/2/6 21922/2/6 21931/2/6
f 21931/2/6 21922/2/6 21932/2/6
f 21930/2/6 21931/2/6 21933/2/6
f 21933/2/6 21931/2/6 21934/2/6
f 21932/2/6 21922/2/6 21935/2/6
f 21935/2/6 21922/2/6 21936/2/6
f 21937/2/6 21938/2/6 21940/2/6
f 21940/2/6 21938/2/6 21941/2/6
f 21939/2/6 21940/2/6 21946/2/6
f 21940/2/6 21941/2/6 21946/2/6
f 21941/2/6 21942/2/6 21946/2/6
f 21946/2/6 21942/2/6 21947/2/6
f 21947/2/6 21942/2/6 21948/2/6
f 21943/2/6 21944/2/6 21950/2/6
f 21950/2/6 21944/2/6 21951/2/6
f 21945/2/6 21946/2/6 21953/2/6
f 21946/2/6 21947/2/6 21953/2/6
f 21953/2/6 21947/2/6 21954/2/6
f 21945/2/6 21953/2/6 21955/2/6
f 21955/2/6 21953/2/6 21956/2/6
f 21956/2/6 21953/2/6 21957/2/6
f 21957/2/6 21953/2/6 21958/2/6
f 21951/2/6 21952/2/6 21960/2/6
f 21950/2/6 21951/2/6 21960/2/6
f 21949/2/6 21950/2/6 21960/2/6
f 21960/2/6 21952/2/6 21961/2/6
f 21961/2/6 21952/2/6 21962/2/6
f 21956/2/6 21957/2/6 21963/2/6
f 21963/2/6 21957/2/6 21964/2/6
f 21959/2/6 21960/2/6 21965/2/6
f 21960/2/6 21961/2/6 21965/2/6
f 21965/2/6 21961/2/6 21966/2/6
f 21959/2/6 21965/2/6 21967/2/6
f 21967/2/6 21965/2/6 21968/2/6
f 21968/2/6 21965/2/6 21969/2/6
f 21969/2/6 21965/2/6 21970/2/6
f 21968/2/6 21969/2/6 21971/2/6
f 21971/2/6 21969/2/6 21972/2/6
f 21973/2/6 21974/2/6 21975/2/6
f 21973/2/6 21975/2/6 21978/2/6
f 21975/2/6 21976/2/6 21978/2/6
f 21978/2/6 21976/2/6 21979/2/6
f 21981/2/6 21982/2/6 21984/2/6
f 21984/2/6 21982/2/6 21985/2/6
f 21977/2/6 21978/2/6 21987/2/6
f 21978/2/6 21979/2/6 21987/2/6
f 21979/2/6 21980/2/6 21987/2/6
f 21987/2/6 21980/2/6 21988/2/6
f 21988/2/6 21980/2/6 21989/2/6
f 21985/2/6 21986/2/6 21992/2/6
f 21984/2/6 21985/2/6 21992/2/6
f 21983/2/6 21984/2/6 21992/2/6
f 21988/2/6 21989/2/6 21993/2/6
f 21989/2/6 21990/2/6 21993/2/6
f 21993/2/6 21990/2/6 21994/2/6
f 21991/2/6 21992/2/6 21996/2/6
f 21992/2/6 21986/2/6 21997/2/6
f 21996/2/6 21992/2/6 21997/2/6
f 21994/2/6 21990/2/6 21999/2/6
f 21999/2/6 21990/2/6 22000/2/6
f 22000/2/6 21990/2/6 22001/2/6
f 22001/2/6 21990/2/6 22002/2/6
f 22002/2/6 21990/2/6 22003/2/6
f 21997/2/6 21998/2/6 22005/2/6
f 21995/2/6 21996/2/6 22005/2/6
f 21996/2/6 21997/2/6 22005/2/6
f 22005/2/6 21998/2/6 22006/2/6
f 22000/2/6 22001/2/6 22007/2/6
f 22007/2/6 22001/2/6 22008/2/6
f 22002/2/6 22003/2/6 22009/2/6
f 22003/2/6 22004/2/6 22009/2/6
f 22009/2/6 22004/2/6 22010/2/6
f 21995/2/6 22005/2/6 22011/2/6
f 22011/2/6 22005/2/6 22012/2/6
f 21995/2/6 22011/2/6 22013/2/6
f 22013/2/6 22011/2/6 22014/2/6
f 21995/2/6 22013/2/6 22016/2/6
f 22016/2/6 22013/2/6 22017/2/6
f 22015/2/6 22016/2/6 22019/2/6
f 22017/2/6 22018/2/6 22019/2/6
f 22016/2/6 22017/2/6 22019/2/6
f 22019/2/6 22018/2/6 22020/2/6
f 22015/2/6 22019/2/6 22021/2/6
f 22021/2/6 22019/2/6 22022/2/6
f 22015/2/6 22021/2/6 22024/2/6
f 22024/2/6 22021/2/6 22025/2/6
f 22025/2/6 22021/2/6 22026/2/6
f 22023/2/6 22024/2/6 22027/2/6
f 22024/2/6 22025/2/6 22027/2/6
f 22027/2/6 22025/2/6 22028/2/6
f 22028/2/6 22025/2/6 22029/2/6
f 22029/2/6 22025/2/6 22030/2/6
f 22028/2/6 22029/2/6 22031/2/6
f 22031/2/6 22029/2/6 22032/2/6
